"Time (s)","w","x","y","z","Direct (°)","Yaw (°)","Pitch (°)","Roll (°)"
3.948166675E-3,6.625220905E-1,1.798676503E-1,-1.517575147E-1,-7.111129919E-1,9.701498684E1,2.705513696E1,3.137195425E0,-9.329691389E1
1.399316668E-2,6.626543499E-1,1.782196967E-1,-1.513211802E-1,-7.114977057E-1,9.699475167E1,2.688250405E1,3.041458263E0,-9.334432441E1
2.403716667E-2,6.627865172E-1,1.771293024E-1,-1.510934529E-1,-7.116952111E-1,9.697452745E1,2.677374426E1,2.971473212E0,-9.336850310E1
3.408116667E-2,6.629392573E-1,1.763997655E-1,-1.511282622E-1,-7.117267370E-1,9.695115122E1,2.671721158E1,2.907240197E0,-9.337467604E1
4.412516666E-2,6.631355695E-1,1.757825828E-1,-1.514047719E-1,-7.116377307E-1,9.692110029E1,2.669070746E1,2.830603527E0,-9.336950380E1
5.417016667E-2,6.633927969E-1,1.750725770E-1,-1.518112150E-1,-7.114864604E-1,9.688171404E1,2.666787084E1,2.734195465E0,-9.335865085E1
6.421416666E-2,6.637144380E-1,1.741058712E-1,-1.522346690E-1,-7.113332382E-1,9.683244798E1,2.662561478E1,2.614390557E0,-9.334806586E1
7.425816666E-2,6.641116905E-1,1.727978774E-1,-1.525901863E-1,-7.112051355E-1,9.677157450E1,2.654981158E1,2.471109217E0,-9.333920797E1
8.430316666E-2,6.646114915E-1,1.711477558E-1,-1.527866841E-1,-7.110950242E-1,9.669494603E1,2.643275504E1,2.310623821E0,-9.332771930E1
9.434716665E-2,6.652521447E-1,1.692433248E-1,-1.527674908E-1,-7.109560028E-1,9.659665570E1,2.627694893E1,2.142863983E0,-9.330395770E1
1.043911666E-1,6.660578713E-1,1.672767469E-1,-1.525027092E-1,-7.107237263E-1,9.647293269E1,2.609560734E1,1.984196833E0,-9.325641951E1
1.144351666E-1,6.669577973E-1,1.652940294E-1,-1.521539684E-1,-7.104183236E-1,9.633460375E1,2.590603331E1,1.827773969E0,-9.319408371E1
1.244801666E-1,6.678313514E-1,1.633088681E-1,-1.518928713E-1,-7.101127405E-1,9.620018538E1,2.572364868E1,1.665122122E0,-9.313485151E1
1.345241666E-1,6.685997345E-1,1.613996037E-1,-1.518041011E-1,-7.098450619E-1,9.608183316E1,2.556188655E1,1.498172303E0,-9.308786993E1
1.445681666E-1,6.692326630E-1,1.595772157E-1,-1.519146316E-1,-7.096369737E-1,9.598426209E1,2.542391342E1,1.326591339E0,-9.305758957E1
1.546121667E-1,6.697045628E-1,1.577947498E-1,-1.522578669E-1,-7.095168315E-1,9.591146618E1,2.530876152E1,1.144873670E0,-9.304979355E1
1.646571667E-1,6.699925509E-1,1.561047366E-1,-1.527749123E-1,-7.095076869E-1,9.586702024E1,2.521575531E1,9.625521911E-1,-9.306622660E1
1.747011667E-1,6.701062604E-1,1.545824744E-1,-1.533660662E-1,-7.096060603E-1,9.584946687E1,2.514262828E1,7.931249161E-1,-9.310288002E1
1.847451667E-1,6.702732410E-1,1.532308392E-1,-1.539612498E-1,-7.096126405E-1,9.582368565E1,2.508388885E1,6.346708284E-1,-9.312483764E1
1.947901667E-1,6.701874234E-1,1.519090704E-1,-1.546243898E-1,-7.098335809E-1,9.583693624E1,2.503331799E1,4.816154284E-1,-9.318423573E1
2.048341667E-1,6.700418772E-1,1.505609199E-1,-1.552573715E-1,-7.101200662E-1,9.585940603E1,2.497824004E1,3.308723290E-1,-9.325337869E1
2.148781667E-1,6.698825120E-1,1.491598856E-1,-1.557600880E-1,-7.104559423E-1,9.588400465E1,2.490802128E1,1.868496660E-1,-9.332605452E1
2.249221667E-1,6.697634274E-1,1.477101090E-1,-1.560707616E-1,-7.108027885E-1,9.590238271E1,2.481772562E1,5.297215369E-2,-9.339374517E1
2.349671667E-1,6.696675881E-1,1.461463684E-1,-1.562394837E-1,-7.111791572E-1,9.591717144E1,2.470635891E1,-7.932798774E-2,-9.346123422E1
2.450111667E-1,6.695078555E-1,1.443506032E-1,-1.563668870E-1,-7.116680567E-1,9.594181557E1,2.457308067E1,-2.245021634E-1,-9.354569349E1
2.550551667E-1,6.692034723E-1,1.422995195E-1,-1.565255982E-1,-7.123323740E-1,9.598876371E1,2.442241214E1,-3.876569482E-1,-9.366006805E1
2.651001667E-1,6.687646288E-1,1.402430095E-1,-1.566648902E-1,-7.131212893E-1,9.605642056E1,2.427017657E1,-5.456544536E-1,-9.379430468E1
2.751441667E-1,6.682720638E-1,1.385605113E-1,-1.566280078E-1,-7.139195031E-1,9.613231692E1,2.413316944E1,-6.588094878E-1,-9.392389162E1
2.851881667E-1,6.678112908E-1,1.374868901E-1,-1.563317510E-1,-7.146228735E-1,9.620327379E1,2.402265735E1,-7.046220020E-1,-9.402870524E1
2.952321667E-1,6.674400930E-1,1.370486603E-1,-1.557651578E-1,-7.151773258E-1,9.626040785E1,2.393949418E1,-6.818148934E-1,-9.409944856E1
3.052771667E-1,6.671916320E-1,1.372147986E-1,-1.549834437E-1,-7.155470011E-1,9.629863622E1,2.388580551E1,-5.981809918E-1,-9.413224004E1
3.153211667E-1,6.670612586E-1,1.377963698E-1,-1.541417632E-1,-7.157386560E-1,9.631869099E1,2.385991846E1,-4.808100602E-1,-9.413378294E1
3.253651666E-1,6.670093337E-1,1.384539509E-1,-1.535087116E-1,-7.157961443E-1,9.632667749E1,2.385796793E1,-3.766582100E-1,-9.412080596E1
3.354091666E-1,6.669698527E-1,1.388722985E-1,-1.533329402E-1,-7.157895167E-1,9.633274969E1,2.387622267E1,-3.283195731E-1,-9.411349829E1
3.454541666E-1,6.668829459E-1,1.388630848E-1,-1.537363534E-1,-7.157857235E-1,9.634611498E1,2.391013831E1,-3.584376973E-1,-9.412711972E1
3.554981666E-1,6.667107918E-1,1.384524362E-1,-1.546738376E-1,-7.158237663E-1,9.637258620E1,2.395800671E1,-4.601098071E-1,-9.416664894E1
3.655421667E-1,6.664442736E-1,1.377530613E-1,-1.560032657E-1,-7.159184096E-1,9.641355652E1,2.401676752E1,-6.127935441E-1,-9.422978226E1
3.755871666E-1,6.660937224E-1,1.369358168E-1,-1.575484285E-1,-7.160631156E-1,9.646742481E1,2.408504131E1,-7.892550239E-1,-9.430943316E1
3.856311667E-1,6.656957271E-1,1.362030675E-1,-1.591103749E-1,-7.162274488E-1,9.652855633E1,2.416183326E1,-9.588003697E-1,-9.439353185E1
3.956751667E-1,6.652966438E-1,1.356574410E-1,-1.605472597E-1,-7.163811531E-1,9.658982575E1,2.424297723E1,-1.103483986E0,-9.447184610E1
4.057191667E-1,6.649275560E-1,1.352537966E-1,-1.617712714E-1,-7.165248396E-1,9.664646415E1,2.431718512E1,-1.220890259E0,-9.454106300E1
4.157641667E-1,6.646020506E-1,1.347703301E-1,-1.627622491E-1,-7.166935587E-1,9.669639391E1,2.436507867E1,-1.327443899E0,-9.460603719E1
4.258081667E-1,6.643139901E-1,1.339884929E-1,-1.635358466E-1,-7.169309587E-1,9.674056383E1,2.437073861E1,-1.441559442E0,-9.467443116E1
4.358521667E-1,6.640553902E-1,1.328699748E-1,-1.640834224E-1,-7.172534532E-1,9.678020349E1,2.433044661E1,-1.565404613E0,-9.474853220E1
4.458961667E-1,6.637699796E-1,1.313400772E-1,-1.645300829E-1,-7.176969987E-1,9.682393872E1,2.424933504E1,-1.713141291E0,-9.483899173E1
4.559411667E-1,6.634094555E-1,1.294805490E-1,-1.649304029E-1,-7.182760964E-1,9.687916289E1,2.413881606E1,-1.881198615E0,-9.495030639E1
4.659851667E-1,6.629613555E-1,1.274718789E-1,-1.652904779E-1,-7.189660351E-1,9.694776885E1,2.401376966E1,-2.055439684E0,-9.507865159E1
4.760291667E-1,6.624632324E-1,1.254244377E-1,-1.656033234E-1,-7.197129931E-1,9.702399088E1,2.388222209E1,-2.227821930E0,-9.521487913E1
4.860741667E-1,6.619822657E-1,1.235536115E-1,-1.657924482E-1,-7.204352927E-1,9.709754514E1,2.375413327E1,-2.377228213E0,-9.534245690E1
4.961181667E-1,6.615889408E-1,1.219873925E-1,-1.658484613E-1,-7.210501414E-1,9.715766536E1,2.363828036E1,-2.494814112E0,-9.544717733E1
5.061621667E-1,6.613218193E-1,1.207043489E-1,-1.658011396E-1,-7.215219280E-1,9.719847935E1,2.353528288E1,-2.585728218E0,-9.552418078E1
5.162061666E-1,6.611993880E-1,1.196641225E-1,-1.656451752E-1,-7.218431238E-1,9.721718159E1,2.344133067E1,-2.653257424E0,-9.557195424E1
5.262506250E-1,6.612102724E-1,1.187824921E-1,-1.653898733E-1,-7.220372417E-1,9.721551902E1,2.335064406E1,-2.704459691E0,-9.559475389E1
5.362946250E-1,6.613574782E-1,1.179703935E-1,-1.650274236E-1,-7.221186404E-1,9.719303171E1,2.325557815E1,-2.745920008E0,-9.559469145E1
5.463386250E-1,6.616148954E-1,1.171674987E-1,-1.646284800E-1,-7.221045792E-1,9.715369903E1,2.315766752E1,-2.787217286E0,-9.557738609E1
5.563836250E-1,6.619347715E-1,1.163282838E-1,-1.643034092E-1,-7.220211469E-1,9.710480617E1,2.306314824E1,-2.839211874E0,-9.555142040E1
5.664276250E-1,6.622479331E-1,1.154395832E-1,-1.641408620E-1,-7.219134933E-1,9.705692177E1,2.297894958E1,-2.907811857E0,-9.552768210E1
5.764716250E-1,6.625016361E-1,1.145808649E-1,-1.641631551E-1,-7.218124462E-1,9.701811600E1,2.291337081E1,-2.986745020E0,-9.551210127E1
5.865156250E-1,6.626660430E-1,1.137855881E-1,-1.643752881E-1,-7.217391607E-1,9.699296252E1,2.286956815E1,-3.072802389E0,-9.550837825E1
5.965606250E-1,6.627343683E-1,1.130619399E-1,-1.647306782E-1,-7.217091048E-1,9.698250764E1,2.284417130E1,-3.161449080E0,-9.551732733E1
6.066046250E-1,6.627288155E-1,1.124452446E-1,-1.651102764E-1,-7.217238456E-1,9.698335734E1,2.282949260E1,-3.241108306E0,-9.553464866E1
6.166486250E-1,6.626704105E-1,1.119435469E-1,-1.653854558E-1,-7.217923659E-1,9.699229425E1,2.281487266E1,-3.301611176E0,-9.555687908E1
6.266926250E-1,6.625989031E-1,1.115100929E-1,-1.655009329E-1,-7.218986866E-1,9.700323520E1,2.279170794E1,-3.343587489E0,-9.557922513E1
6.367376250E-1,6.625573832E-1,1.111163228E-1,-1.654349652E-1,-7.220126148E-1,9.700958751E1,2.275569413E1,-3.368958473E0,-9.559582595E1
6.467816250E-1,6.625650539E-1,1.107306397E-1,-1.651976126E-1,-7.221191620E-1,9.700841395E1,2.270517263E1,-3.381663223E0,-9.560459523E1
6.568256250E-1,6.626306871E-1,1.103534148E-1,-1.648276792E-1,-7.222012114E-1,9.699837222E1,2.264351121E1,-3.384999075E0,-9.560420147E1
6.668706250E-1,6.627318395E-1,1.100305568E-1,-1.643546361E-1,-7.222654432E-1,9.698289460E1,2.257692413E1,-3.376880230E0,-9.559689536E1
6.769146250E-1,6.628235853E-1,1.098038805E-1,-1.638140922E-1,-7.223385758E-1,9.696885472E1,2.251194463E1,-3.355355321E0,-9.558849652E1
6.869586250E-1,6.628806126E-1,1.097028466E-1,-1.632406290E-1,-7.224314227E-1,9.696012704E1,2.245397230E1,-3.320001078E0,-9.558213467E1
6.970026250E-1,6.628993733E-1,1.097530751E-1,-1.626682222E-1,-7.225355623E-1,9.695725572E1,2.240795918E1,-3.271322064E0,-9.557770155E1
7.070476250E-1,6.628711612E-1,1.098981709E-1,-1.621431093E-1,-7.226575090E-1,9.696157356E1,2.237360791E1,-3.217273133E0,-9.557805579E1
7.170916250E-1,6.627892304E-1,1.100305726E-1,-1.616891904E-1,-7.228142083E-1,9.697411224E1,2.234469221E1,-3.168259594E0,-9.558695737E1
7.271356250E-1,6.626460839E-1,1.099999318E-1,-1.613624680E-1,-7.230231882E-1,9.699601644E1,2.231447772E1,-3.140660025E0,-9.560947881E1
7.371806250E-1,6.624542051E-1,1.097872167E-1,-1.611644832E-1,-7.232754213E-1,9.702537181E1,2.228157444E1,-3.136527166E0,-9.564416210E1
7.472246250E-1,6.622127379E-1,1.094162296E-1,-1.610542586E-1,-7.235771585E-1,9.706230423E1,2.224428021E1,-3.150689405E0,-9.569049272E1
7.572686250E-1,6.619052871E-1,1.089249870E-1,-1.609840209E-1,-7.239481666E-1,9.710931360E1,2.220146967E1,-3.175827026E0,-9.574996559E1
7.673126250E-1,6.615308545E-1,1.083992209E-1,-1.609078668E-1,-7.243860724E-1,9.716654156E1,2.215578756E1,-3.201363508E0,-9.582044562E1
7.773576250E-1,6.610617680E-1,1.078825795E-1,-1.608278984E-1,-7.249089383E-1,9.723820078E1,2.211090906E1,-3.223112312E0,-9.590503306E1
7.874016250E-1,6.604798096E-1,1.074605737E-1,-1.607099400E-1,-7.255281545E-1,9.732704786E1,2.207051999E1,-3.230902008E0,-9.600434175E1
7.974456250E-1,6.597933639E-1,1.072524657E-1,-1.605299808E-1,-7.262229453E-1,9.743176910E1,2.204162558E1,-3.213389446E0,-9.611398334E1
8.074896250E-1,6.590298210E-1,1.072296458E-1,-1.603767322E-1,-7.269531079E-1,9.754815332E1,2.202960303E1,-3.180646702E0,-9.623059591E1
8.175346250E-1,6.582461821E-1,1.073015009E-1,-1.603225999E-1,-7.276640857E-1,9.766749313E1,2.203355166E1,-3.147383447E0,-9.634779918E1
8.275786250E-1,6.574926702E-1,1.072683524E-1,-1.604545827E-1,-7.283208284E-1,9.778214250E1,2.204557539E1,-3.138161692E0,-9.646305932E1
8.376226250E-1,6.568232281E-1,1.069128332E-1,-1.608032109E-1,-7.288999920E-1,9.788391647E1,2.205155805E1,-3.174724206E0,-9.657371623E1
8.476676250E-1,6.562549963E-1,1.060497158E-1,-1.613635454E-1,-7.294138542E-1,9.797024188E1,2.203696636E1,-3.272393896E0,-9.668180073E1
8.577116250E-1,6.557519158E-1,1.045672347E-1,-1.621748380E-1,-7.299002447E-1,9.804662239E1,2.199706395E1,-3.442431381E0,-9.679536259E1
8.677556250E-1,6.553142760E-1,1.026211909E-1,-1.631849267E-1,-7.303442064E-1,9.811303135E1,2.193941813E1,-3.668131063E0,-9.691001976E1
8.777996250E-1,6.549343169E-1,1.005982475E-1,-1.642865610E-1,-7.307195294E-1,9.817066059E1,2.188423710E1,-3.909206712E0,-9.701715052E1
8.878446250E-1,6.546310993E-1,9.898632549E-2,-1.652870798E-1,-7.309856577E-1,9.821663226E1,2.185146509E1,-4.111001099E0,-9.710209806E1
8.978886250E-1,6.544374609E-1,9.827861668E-2,-1.659692055E-1,-7.311000601E-1,9.824598197E1,2.185892197E1,-4.216760006E0,-9.714859057E1
9.079326250E-1,6.543707187E-1,9.870031697E-2,-1.662582486E-1,-7.310371585E-1,9.825609655E1,2.191673094E1,-4.202508478E0,-9.714893072E1
9.179766250E-1,6.544060431E-1,1.001351011E-1,-1.662445087E-1,-7.308136064E-1,9.825074335E1,2.202418024E1,-4.084214258E0,-9.710948951E1
9.280216250E-1,6.544983104E-1,1.023059245E-1,-1.660252107E-1,-7.304800062E-1,9.823675973E1,2.216927171E1,-3.891172347E0,-9.704295818E1
9.380656250E-1,6.546389913E-1,1.048922106E-1,-1.656661117E-1,-7.300685739E-1,9.821543593E1,2.233375509E1,-3.654853711E0,-9.695773496E1
9.481096250E-1,6.548177467E-1,1.076019395E-1,-1.652016086E-1,-7.296190672E-1,9.818833603E1,2.249867421E1,-3.401759972E0,-9.686218714E1
9.581546250E-1,6.550282307E-1,1.102640424E-1,-1.646575534E-1,-7.291555336E-1,9.815641883E1,2.265337330E1,-3.147775768E0,-9.676154156E1
9.681986250E-1,6.552393679E-1,1.127742877E-1,-1.640863372E-1,-7.287105656E-1,9.812439482E1,2.279461297E1,-2.904537098E0,-9.666337683E1
9.782426250E-1,6.554305197E-1,1.150346100E-1,-1.635739922E-1,-7.283004188E-1,9.809539539E1,2.292241616E1,-2.686051031E0,-9.657372955E1
9.882866250E-1,6.556159184E-1,1.170358477E-1,-1.631760206E-1,-7.279037801E-1,9.806726267E1,2.304075881E1,-2.497736606E0,-9.649105302E1
9.983316250E-1,6.558419045E-1,1.188223657E-1,-1.628951144E-1,-7.274736346E-1,9.803296304E1,2.315303408E1,-2.337548892E0,-9.640745702E1
1.008375625E0,6.561431544E-1,1.204119314E-1,-1.627293535E-1,-7.269774977E-1,9.798722617E1,2.326026599E1,-2.204940503E0,-9.631737467E1
1.018419625E0,6.565667987E-1,1.218122631E-1,-1.626555307E-1,-7.263781010E-1,9.792288006E1,2.336084590E1,-2.098922844E0,-9.621366943E1
1.028463625E0,6.571317904E-1,1.230121378E-1,-1.626689373E-1,-7.256614650E-1,9.783701613E1,2.345339661E1,-2.020640737E0,-9.609385970E1
1.038508625E0,6.578430738E-1,1.239217405E-1,-1.628354279E-1,-7.248244997E-1,9.772883987E1,2.353663767E1,-1.982674349E0,-9.595999370E1
1.048552625E0,6.586684303E-1,1.244931623E-1,-1.632087489E-1,-7.238925117E-1,9.760320277E1,2.361148299E1,-1.992092300E0,-9.581842279E1
1.058596625E0,6.595383412E-1,1.247004997E-1,-1.638200929E-1,-7.229260002E-1,9.747065286E1,2.367864482E1,-2.051214379E0,-9.568052181E1
1.068641625E0,6.603672802E-1,1.245001046E-1,-1.646926459E-1,-7.220050125E-1,9.734422064E1,2.373681995E1,-2.162619560E0,-9.556061816E1
1.078685625E0,6.610707400E-1,1.238548693E-1,-1.658029717E-1,-7.212175118E-1,9.723683056E1,2.378123065E1,-2.324691242E0,-9.547256705E1
1.088729625E0,6.615813333E-1,1.228067101E-1,-1.670664802E-1,-7.206368705E-1,9.715882790E1,2.380804486E1,-2.525157302E0,-9.542537523E1
1.098773625E0,6.618796144E-1,1.214330442E-1,-1.683766098E-1,-7.202907948E-1,9.711323820E1,2.381425432E1,-2.748723969E0,-9.541953113E1
1.108818625E0,6.619912483E-1,1.197987317E-1,-1.696053642E-1,-7.201735976E-1,9.709617182E1,2.379390224E1,-2.980883597E0,-9.544904366E1
1.118862625E0,6.619688130E-1,1.180415663E-1,-1.706371612E-1,-7.202405400E-1,9.709960187E1,2.374760479E1,-3.203145302E0,-9.550178373E1
1.128906625E0,6.618834788E-1,1.163550760E-1,-1.713841773E-1,-7.204160684E-1,9.711264747E1,2.368248758E1,-3.395305212E0,-9.556148085E1
1.138950625E0,6.617843415E-1,1.149332600E-1,-1.718032144E-1,-7.206354085E-1,9.712780159E1,2.360951213E1,-3.539887862E0,-9.561538743E1
1.148995625E0,6.616984515E-1,1.139701650E-1,-1.718863253E-1,-7.208474862E-1,9.714092931E1,2.354273777E1,-3.621419416E0,-9.565445583E1
1.159039625E0,6.616285536E-1,1.135739345E-1,-1.716721640E-1,-7.210251958E-1,9.715161176E1,2.349375446E1,-3.634248301E0,-9.567561250E1
1.169083625E0,6.615940142E-1,1.137627814E-1,-1.712169912E-1,-7.211353465E-1,9.715689006E1,2.346874670E1,-3.581917930E0,-9.567560542E1
1.179128625E0,6.616127064E-1,1.144343335E-1,-1.706172152E-1,-7.211541651E-1,9.715403355E1,2.346818278E1,-3.480879483E0,-9.565446347E1
1.189172625E0,6.616943527E-1,1.154028602E-1,-1.699774340E-1,-7.210758062E-1,9.714155574E1,2.348687768E1,-3.354739191E0,-9.561554943E1
1.199216625E0,6.618525140E-1,1.165121705E-1,-1.693717785E-1,-7.208947170E-1,9.711738093E1,2.351925054E1,-3.222423735E0,-9.556098723E1
1.209260625E0,6.621071653E-1,1.176603086E-1,-1.688519445E-1,-7.205964016E-1,9.707844825E1,2.356189186E1,-3.096910780E0,-9.549046148E1
1.219305625E0,6.624570948E-1,1.187378665E-1,-1.684910938E-1,-7.201824089E-1,9.702492977E1,2.361271854E1,-2.992796047E0,-9.540714259E1
1.229349625E0,6.628699416E-1,1.196619151E-1,-1.683343286E-1,-7.196860271E-1,9.696176022E1,2.366931264E1,-2.919309304E0,-9.531833030E1
1.239393625E0,6.632837262E-1,1.203570457E-1,-1.684270068E-1,-7.191670439E-1,9.689841624E1,2.372991359E1,-2.884120518E0,-9.523571682E1
1.249437625E0,6.636566994E-1,1.207233703E-1,-1.688252893E-1,-7.186680516E-1,9.684129323E1,2.379168212E1,-2.898340299E0,-9.516859611E1
1.259482625E0,6.639800527E-1,1.207883107E-1,-1.694828723E-1,-7.182034221E-1,9.679174936E1,2.385268181E1,-2.955787055E0,-9.511757821E1
1.269526625E0,6.642380599E-1,1.205738702E-1,-1.703601563E-1,-7.177932648E-1,9.675220410E1,2.391123043E1,-3.051019634E0,-9.508451673E1
1.279570625E0,6.644231083E-1,1.200419322E-1,-1.714551552E-1,-7.174503343E-1,9.672383391E1,2.396424243E1,-3.186674114E0,-9.507158984E1
1.289614625E0,6.645610075E-1,1.192444032E-1,-1.727035922E-1,-7.171560703E-1,9.670268821E1,2.401014066E1,-3.354317684E0,-9.507330560E1
1.299659625E0,6.647182574E-1,1.182948241E-1,-1.739740142E-1,-7.168604944E-1,9.667857100E1,2.404610543E1,-3.536571801E0,-9.507618912E1
1.309703625E0,6.649667236E-1,1.173300327E-1,-1.751328707E-1,-7.165063239E-1,9.664045486E1,2.407081544E1,-3.714200874E0,-9.506530436E1
1.319747625E0,6.653420176E-1,1.164299894E-1,-1.761073243E-1,-7.160658709E-1,9.658286120E1,2.408389662E1,-3.876157679E0,-9.503296672E1
1.329792625E0,6.658609638E-1,1.156512790E-1,-1.768363858E-1,-7.155298131E-1,9.650317974E1,2.408425378E1,-4.013586110E0,-9.497498028E1
1.339836625E0,6.664997546E-1,1.149907325E-1,-1.773040683E-1,-7.149254984E-1,9.640502882E1,2.407030900E1,-4.124653575E0,-9.489508291E1
1.349880625E0,6.672032356E-1,1.143572258E-1,-1.775939095E-1,-7.142987247E-1,9.629685114E1,2.404252481E1,-4.221476499E0,-9.480424958E1
1.359924625E0,6.679167396E-1,1.136231278E-1,-1.778570586E-1,-7.136833385E-1,9.618703866E1,2.400441375E1,-4.324524423E0,-9.471434739E1
1.369969625E0,6.686015284E-1,1.127133855E-1,-1.782213786E-1,-7.130952346E-1,9.608155672E1,2.396145134E1,-4.448754344E0,-9.463332830E1
1.380013625E0,6.692319293E-1,1.116032059E-1,-1.787883064E-1,-7.125364833E-1,9.598437522E1,2.392066249E1,-4.603451768E0,-9.456579151E1
1.390057625E0,6.697810540E-1,1.102819970E-1,-1.796262174E-1,-7.120152598E-1,9.589966260E1,2.388733598E1,-4.794118131E0,-9.451603414E1
1.400101625E0,6.702325785E-1,1.088280967E-1,-1.807721928E-1,-7.115237801E-1,9.582996428E1,2.387095713E1,-5.016997271E0,-9.448447199E1
1.410146625E0,6.706005969E-1,1.073725711E-1,-1.821925258E-1,-7.110358118E-1,9.577312781E1,2.387880235E1,-5.259420514E0,-9.446556203E1
1.420190625E0,6.709079976E-1,1.060295143E-1,-1.838405782E-1,-7.105229031E-1,9.572563356E1,2.391560879E1,-5.509306456E0,-9.445286568E1
1.430234625E0,6.711755418E-1,1.048026196E-1,-1.856732075E-1,-7.099755038E-1,9.568428273E1,2.397783134E1,-5.763589448E0,-9.444322226E1
1.440279625E0,6.714410195E-1,1.037003372E-1,-1.876145493E-1,-7.093758016E-1,9.564323793E1,2.405927688E1,-6.016749358E0,-9.443063072E1
1.450323625E0,6.717615608E-1,1.027310677E-1,-1.895658614E-1,-7.086943147E-1,9.559366216E1,2.415153231E1,-6.262069371E0,-9.440603599E1
1.460367625E0,6.721632321E-1,1.018737850E-1,-1.914160396E-1,-7.079395371E-1,9.553151112E1,2.424300182E1,-6.493165046E0,-9.436588094E1
1.470411625E0,6.726284187E-1,1.011200676E-1,-1.931001276E-1,-7.071478809E-1,9.545949402E1,2.432742845E1,-6.704894812E0,-9.431305427E1
1.480456625E0,6.731086149E-1,1.005154342E-1,-1.945160668E-1,-7.063886726E-1,9.538511006E1,2.439980801E1,-6.883731537E0,-9.425397227E1
1.490500625E0,6.735470593E-1,1.001570965E-1,-1.955729464E-1,-7.057295473E-1,9.531715519E1,2.446024132E1,-7.012594715E0,-9.419511533E1
1.500544625E0,6.739004409E-1,1.001145018E-1,-1.962250688E-1,-7.052170192E-1,9.526235754E1,2.451055505E1,-7.080712442E0,-9.414158931E1
1.510588625E0,6.740855380E-1,1.002911814E-1,-1.965007302E-1,-7.049381032E-1,9.523364564E1,2.454656526E1,-7.095206218E0,-9.410871791E1
1.520634417E0,6.739581465E-1,1.002592709E-1,-1.965635975E-1,-7.050469501E-1,9.525340706E1,2.455074516E1,-7.098545719E0,-9.412937685E1
1.530678417E0,6.734299846E-1,9.940659806E-2,-1.965982633E-1,-7.056625246E-1,9.533530429E1,2.449262674E1,-7.151611456E0,-9.423199219E1
1.540722417E0,6.725897780E-1,9.728669060E-2,-1.966999268E-1,-7.067301556E-1,9.546547769E1,2.434550933E1,-7.301226654E0,-9.441273259E1
1.550766417E0,6.716959039E-1,9.397259434E-2,-1.967999465E-1,-7.079997267E-1,9.560381841E1,2.410734398E1,-7.545546918E0,-9.462801755E1
1.560811417E0,6.710330999E-1,9.004916529E-2,-1.966972347E-1,-7.091656798E-1,9.570629979E1,2.380331139E1,-7.831552702E0,-9.481823298E1
1.570855417E0,6.707235577E-1,8.619429335E-2,-1.963220803E-1,-7.100409170E-1,9.575413216E1,2.347794049E1,-8.102980834E0,-9.494860667E1
1.580899417E0,6.707480661E-1,8.295636171E-2,-1.957762365E-1,-7.105540338E-1,9.575034564E1,2.318182012E1,-8.322403491E0,-9.501120701E1
1.590944417E0,6.710802438E-1,8.083790306E-2,-1.951419791E-1,-7.106589189E-1,9.569901324E1,2.296040540E1,-8.454009815E0,-9.500141074E1
1.600988417E0,6.716930340E-1,8.021847609E-2,-1.944794253E-1,-7.103317158E-1,9.560426234E1,2.284811293E1,-8.470344761E0,-9.491753401E1
1.611032417E0,6.725035482E-1,8.114522207E-2,-1.938781584E-1,-7.096236184E-1,9.547882969E1,2.285755887E1,-8.372162457E0,-9.477226356E1
1.621076417E0,6.733883198E-1,8.338527965E-2,-1.933424351E-1,-7.086704846E-1,9.534176260E1,2.297316474E1,-8.175385111E0,-9.458875766E1
1.631121417E0,6.742275479E-1,8.643778096E-2,-1.928500387E-1,-7.076402470E-1,9.521161289E1,2.315633055E1,-7.915697401E0,-9.439441119E1
1.641165417E0,6.749124882E-1,8.962001027E-2,-1.924478577E-1,-7.067001497E-1,9.510529045E1,2.335987995E1,-7.648880624E0,-9.421947783E1
1.651209417E0,6.753292481E-1,9.228227918E-2,-1.922586394E-1,-7.060106154E-1,9.504055315E1,2.354518715E1,-7.433259471E0,-9.409606959E1
1.661253417E0,6.753832382E-1,9.395633093E-2,-1.923335133E-1,-7.057178213E-1,9.503216415E1,2.368081309E1,-7.306916662E0,-9.405035938E1
1.671298417E0,6.750889913E-1,9.446668185E-2,-1.925704260E-1,-7.058664929E-1,9.507787746E1,2.374374762E1,-7.275624827E0,-9.408494236E1
1.681342417E0,6.745655208E-1,9.390011230E-2,-1.927963858E-1,-7.063806911E-1,9.515916103E1,2.372453760E1,-7.322212408E0,-9.417957142E1
1.691386417E0,6.739458067E-1,9.251461895E-2,-1.928919748E-1,-7.071285316E-1,9.525532109E1,2.363170699E1,-7.420940342E0,-9.430726857E1
1.701431417E0,6.732967347E-1,9.071665546E-2,-1.927756706E-1,-7.080110128E-1,9.535595771E1,2.348911658E1,-7.535108067E0,-9.444797200E1
1.711475417E0,6.726408586E-1,8.894566069E-2,-1.923905169E-1,-7.089632656E-1,9.545756759E1,2.332550855E1,-7.625702690E0,-9.458819169E1
1.721519417E0,6.719924886E-1,8.761952064E-2,-1.916916695E-1,-7.099319516E-1,9.555793418E1,2.316887240E1,-7.655873043E0,-9.471682276E1
1.731563417E0,6.713688747E-1,8.698561097E-2,-1.906972989E-1,-7.108669465E-1,9.565439337E1,2.303942169E1,-7.607496048E0,-9.482629127E1
1.741608417E0,6.707640885E-1,8.706774464E-2,-1.895242994E-1,-7.117409668E-1,9.574787013E1,2.294909037E1,-7.487669722E0,-9.491744496E1
1.751652417E0,6.701590112E-1,8.777241887E-2,-1.883169608E-1,-7.125444714E-1,9.584132291E1,2.290340442E1,-7.314816952E0,-9.499532473E1
1.761696417E0,6.695430205E-1,8.890959353E-2,-1.872105322E-1,-7.132738371E-1,9.593639060E1,2.289966319E1,-7.114767432E0,-9.506550151E1
1.771740417E0,6.689095138E-1,9.019496704E-2,-1.863375024E-1,-7.139350764E-1,9.603408749E1,2.292767910E1,-6.920911094E0,-9.513496258E1
1.781785417E0,6.682694692E-1,9.142269420E-2,-1.857603751E-1,-7.145285067E-1,9.613271659E1,2.297703478E1,-6.755211953E0,-9.520651253E1
1.791829417E0,6.676654179E-1,9.251241151E-2,-1.854488572E-1,-7.150335971E-1,9.622572931E1,2.303856979E1,-6.623040729E0,-9.527535198E1
1.801873417E0,6.671253956E-1,9.342112917E-2,-1.853647215E-1,-7.154412783E-1,9.630882547E1,2.310546597E1,-6.525670795E0,-9.533825383E1
1.811917417E0,6.666697329E-1,9.413394828E-2,-1.854411022E-1,-7.157527146E-1,9.637889881E1,2.317061267E1,-6.459604429E0,-9.539246096E1
1.821962417E0,6.663120167E-1,9.470439007E-2,-1.855873254E-1,-7.159726105E-1,9.643388274E1,2.323010782E1,-6.413704750E0,-9.543472322E1
1.832006417E0,6.660560484E-1,9.522464023E-2,-1.856904903E-1,-7.161150352E-1,9.647321274E1,2.328111891E1,-6.371635810E0,-9.546233575E1
1.842050417E0,6.658901584E-1,9.579092002E-2,-1.856586747E-1,-7.162019420E-1,9.649869559E1,2.332306693E1,-6.317925928E0,-9.547481400E1
1.852095417E0,6.657943375E-1,9.645683496E-2,-1.854561855E-1,-7.162541830E-1,9.651341262E1,2.335711502E1,-6.244769829E0,-9.547400529E1
1.862139417E0,6.657497567E-1,9.724977260E-2,-1.850911648E-1,-7.162828324E-1,9.652025916E1,2.338625223E1,-6.150020539E0,-9.546211078E1
1.872183417E0,6.657371364E-1,9.815070890E-2,-1.846097161E-1,-7.162958742E-1,9.652219728E1,2.341325087E1,-6.038297275E0,-9.544253003E1
1.882227417E0,6.657373208E-1,9.908009432E-2,-1.840885861E-1,-7.163019275E-1,9.652216896E1,2.343891448E1,-5.921555962E0,-9.542013262E1
1.892272417E0,6.657421308E-1,9.995217057E-2,-1.835946303E-1,-7.163030181E-1,9.652143029E1,2.346258071E1,-5.811805084E0,-9.539823085E1
1.902316417E0,6.657541189E-1,1.006707190E-1,-1.831557262E-1,-7.163036740E-1,9.651958925E1,2.347927337E1,-5.719116848E0,-9.537883459E1
1.912360417E0,6.657634492E-1,1.011238372E-1,-1.828119370E-1,-7.163189575E-1,9.651815637E1,2.348394292E1,-5.655400950E0,-9.536621810E1
1.922404417E0,6.657700399E-1,1.013034776E-1,-1.825374240E-1,-7.163573796E-1,9.651714420E1,2.347368467E1,-5.619229391E0,-9.536065053E1
1.932449417E0,6.657615605E-1,1.012543501E-1,-1.822935887E-1,-7.164343055E-1,9.651844643E1,2.344863648E1,-5.603514596E0,-9.536296423E1
1.942493417E0,6.657143850E-1,1.009715790E-1,-1.820443612E-1,-7.165813690E-1,9.652569116E1,2.340543316E1,-5.605037184E0,-9.537684975E1
1.952537417E0,6.656071133E-1,1.004667493E-1,-1.817514986E-1,-7.168263766E-1,9.654216332E1,2.334178644E1,-5.619162614E0,-9.540527527E1
1.962581417E0,6.654460860E-1,9.978665463E-2,-1.813451740E-1,-7.171736929E-1,9.656688600E1,2.325514937E1,-5.636802871E0,-9.544598287E1
1.972626417E0,6.652602132E-1,9.903722044E-2,-1.807568040E-1,-7.175984541E-1,9.659541733E1,2.314746183E1,-5.644895670E0,-9.549191136E1
1.982670417E0,6.651074440E-1,9.836418269E-2,-1.799341133E-1,-7.180391706E-1,9.661886254E1,2.302490974E1,-5.629330872E0,-9.553063021E1
1.992714417E0,6.650160881E-1,9.791661740E-2,-1.789370110E-1,-7.184340681E-1,9.663288072E1,2.290396823E1,-5.583639538E0,-9.555442192E1
2.002759417E0,6.650191990E-1,9.790222425E-2,-1.777982875E-1,-7.187158698E-1,9.663240338E1,2.280321766E1,-5.494533618E0,-9.555343866E1
2.012803417E0,6.651151569E-1,9.844367428E-2,-1.765990095E-1,-7.188487694E-1,9.661767896E1,2.273924604E1,-5.358381220E0,-9.552512651E1
2.022847417E0,6.652525082E-1,9.957014100E-2,-1.754018414E-1,-7.188596907E-1,9.659659990E1,2.272026251E1,-5.176212354E0,-9.547660535E1
2.032891417E0,6.653659096E-1,1.012045299E-1,-1.742248722E-1,-7.188127127E-1,9.657919380E1,2.274249959E1,-4.953796260E0,-9.541936610E1
2.042936417E0,6.654536593E-1,1.031823208E-1,-1.730651516E-1,-7.187304421E-1,9.656572337E1,2.279316176E1,-4.704289740E0,-9.535719391E1
2.052980417E0,6.655635177E-1,1.053682803E-1,-1.718751854E-1,-7.185970658E-1,9.654885707E1,2.285749316E1,-4.436434011E0,-9.528567605E1
2.063024417E0,6.657545641E-1,1.075468588E-1,-1.706935063E-1,-7.183789611E-1,9.651952088E1,2.292197442E1,-4.172594688E0,-9.520097221E1
2.073068417E0,6.660603263E-1,1.095527959E-1,-1.695775210E-1,-7.180565930E-1,9.647255553E1,2.297869662E1,-3.931713481E0,-9.510222176E1
2.083113417E0,6.664802670E-1,1.112792283E-1,-1.685744128E-1,-7.176374953E-1,9.640802423E1,2.302347330E1,-3.726092133E0,-9.499252549E1
2.093157417E0,6.670026877E-1,1.126906025E-1,-1.676962806E-1,-7.171375810E-1,9.632769968E1,2.305457718E1,-3.559119238E0,-9.487490925E1
2.103201417E0,6.675964103E-1,1.138170639E-1,-1.669559264E-1,-7.165796832E-1,9.623635089E1,2.307549098E1,-3.428353842E0,-9.475353848E1
2.113245417E0,6.682046868E-1,1.146899409E-1,-1.663861063E-1,-7.160058828E-1,9.614269512E1,2.309162181E1,-3.332057970E0,-9.463651551E1
2.123290417E0,6.687720572E-1,1.154525645E-1,-1.659707517E-1,-7.154497235E-1,9.605527562E1,2.311288205E1,-3.255704616E0,-9.452859548E1
2.133334417E0,6.692759043E-1,1.163347481E-1,-1.656015585E-1,-7.149210097E-1,9.597759335E1,2.314791851E1,-3.171563105E0,-9.442706993E1
2.143378417E0,6.696906767E-1,1.174251950E-1,-1.652508309E-1,-7.144354306E-1,9.591360886E1,2.320140508E1,-3.069567883E0,-9.433340181E1
2.153423417E0,6.699788795E-1,1.185549940E-1,-1.649463937E-1,-7.140488571E-1,9.586913053E1,2.326264960E1,-2.964263660E0,-9.425787191E1
2.163467417E0,6.700594774E-1,1.192085704E-1,-1.647966406E-1,-7.138988854E-1,9.585668907E1,2.330074731E1,-2.902778431E0,-9.422731755E1
2.173511417E0,6.698682229E-1,1.187633206E-1,-1.649396344E-1,-7.141195584E-1,9.588621000E1,2.327883739E1,-2.943617499E0,-9.426915453E1
2.183555417E0,6.694504502E-1,1.171121151E-1,-1.652966366E-1,-7.147012824E-1,9.595067111E1,2.318177420E1,-3.090626771E0,-9.437895798E1
2.193600417E0,6.689268494E-1,1.147230894E-1,-1.656182750E-1,-7.155041483E-1,9.603141507E1,2.302475337E1,-3.290777435E0,-9.452426333E1
2.203644417E0,6.683596950E-1,1.121514468E-1,-1.657660735E-1,-7.164070444E-1,9.611881766E1,2.283926203E1,-3.490931085E0,-9.467975040E1
2.213688417E0,6.677475542E-1,1.098574360E-1,-1.657675275E-1,-7.173324206E-1,9.621308582E1,2.266356144E1,-3.656411998E0,-9.483352264E1
2.223732417E0,6.671217183E-1,1.082986717E-1,-1.657011937E-1,-7.181664619E-1,9.630939113E1,2.253966063E1,-3.757444548E0,-9.496953969E1
2.233777417E0,6.665541082E-1,1.078101370E-1,-1.656265832E-1,-7.187839739E-1,9.639667385E1,2.249802994E1,-3.773578299E0,-9.506907623E1
2.243821417E0,6.661312858E-1,1.085094033E-1,-1.655831430E-1,-7.190807772E-1,9.646165363E1,2.255052732E1,-3.700795981E0,-9.511619483E1
2.253865417E0,6.659124225E-1,1.102341103E-1,-1.655983633E-1,-7.190175938E-1,9.649527584E1,2.268667431E1,-3.556195953E0,-9.510548150E1
2.263909417E0,6.658963039E-1,1.125982271E-1,-1.656946109E-1,-7.186438540E-1,9.649775165E1,2.287872003E1,-3.372934143E0,-9.504624449E1
2.273954417E0,6.660661505E-1,1.151890255E-1,-1.658655479E-1,-7.180362703E-1,9.647166076E1,2.309440654E1,-3.183562270E0,-9.495125099E1
2.283998417E0,6.663629486E-1,1.176738377E-1,-1.660909256E-1,-7.173054440E-1,9.642605554E1,2.330647113E1,-3.011564030E0,-9.483825003E1
2.294042417E0,6.667208359E-1,1.198521818E-1,-1.663460984E-1,-7.165527250E-1,9.637104192E1,2.349737956E1,-2.868967365E0,-9.472313147E1
2.304087417E0,6.670956426E-1,1.216974999E-1,-1.665928866E-1,-7.158350959E-1,9.631340216E1,2.366179487E1,-2.753325041E0,-9.461380057E1
2.314131417E0,6.674476109E-1,1.232451941E-1,-1.668347898E-1,-7.151855708E-1,9.625925096E1,2.380280997E1,-2.660660312E0,-9.451576390E1
2.324175417E0,6.677812427E-1,1.245857286E-1,-1.670722965E-1,-7.145862452E-1,9.620789969E1,2.392744620E1,-2.583826470E0,-9.442601688E1
2.334219417E0,6.681231327E-1,1.258101722E-1,-1.672685177E-1,-7.140059727E-1,9.615525593E1,2.403952276E1,-2.513426705E0,-9.433795807E1
2.344264417E0,6.685127645E-1,1.268975978E-1,-1.674554443E-1,-7.134047637E-1,9.609523445E1,2.414000329E1,-2.454929981E0,-9.424625577E1
2.354308417E0,6.689813755E-1,1.277596273E-1,-1.677180402E-1,-7.127496107E-1,9.602300904E1,2.422911731E1,-2.423144360E0,-9.414882483E1
2.364352417E0,6.695378680E-1,1.283173460E-1,-1.681521001E-1,-7.120243622E-1,9.593718550E1,2.430879693E1,-2.432262746E0,-9.404679636E1
2.374396417E0,6.701614491E-1,1.284458228E-1,-1.688769284E-1,-7.112423933E-1,9.584094651E1,2.437939767E1,-2.501032190E0,-9.394712786E1
2.384441417E0,6.708087035E-1,1.280932973E-1,-1.699559391E-1,-7.104383526E-1,9.574097670E1,2.444231282E1,-2.637170831E0,-9.385815425E1
2.394485417E0,6.714638170E-1,1.273917117E-1,-1.713364683E-1,-7.096136402E-1,9.563971265E1,2.450341367E1,-2.825522545E0,-9.377827275E1
2.404529417E0,6.721166967E-1,1.265420562E-1,-1.729245787E-1,-7.087617430E-1,9.553871316E1,2.457051173E1,-3.042383321E0,-9.370292617E1
2.414573417E0,6.727507421E-1,1.257316224E-1,-1.746038909E-1,-7.078923497E-1,9.544054990E1,2.464846637E1,-3.263090283E0,-9.362918125E1
2.424618417E0,6.733609981E-1,1.251567077E-1,-1.762214764E-1,-7.070125224E-1,9.534599745E1,2.473964418E1,-3.459708639E0,-9.355199740E1
2.434662417E0,6.739685608E-1,1.249828098E-1,-1.775721565E-1,-7.061258633E-1,9.525179168E1,2.483938732E1,-3.603352289E0,-9.346338372E1
2.444706417E0,6.746057368E-1,1.252566985E-1,-1.785082195E-1,-7.052323501E-1,9.515291823E1,2.493858032E1,-3.679495913E0,-9.335695545E1
2.454751417E0,6.752959718E-1,1.258663790E-1,-1.789969281E-1,-7.043387145E-1,9.504572333E1,2.502555516E1,-3.695083731E0,-9.323222586E1
2.464795417E0,6.760755700E-1,1.267369248E-1,-1.790553410E-1,-7.034192731E-1,9.492453963E1,2.509585023E1,-3.658614989E0,-9.308564794E1
2.474839417E0,6.769393130E-1,1.277917761E-1,-1.787637691E-1,-7.024713206E-1,9.479013867E1,2.515052826E1,-3.582422146E0,-9.292016492E1
2.484883417E0,6.778427425E-1,1.289216963E-1,-1.782681590E-1,-7.015189164E-1,9.464940707E1,2.519381436E1,-3.485362315E0,-9.274582042E1
2.494928417E0,6.787190289E-1,1.300506417E-1,-1.777284686E-1,-7.005996403E-1,9.451275129E1,2.523374061E1,-3.384052313E0,-9.257533152E1
2.504972417E0,6.795311295E-1,1.311691006E-1,-1.772625062E-1,-6.997215378E-1,9.438597059E1,2.527976428E1,-3.287550011E0,-9.241480304E1
2.515016417E0,6.802557497E-1,1.322915159E-1,-1.769568968E-1,-6.988830367E-1,9.427273708E1,2.534046363E1,-3.201021184E0,-9.226745389E1
2.525060292E0,6.808937239E-1,1.333836791E-1,-1.768614855E-1,-6.980778238E-1,9.417295736E1,2.541725576E1,-3.131247246E0,-9.213423773E1
2.535105292E0,6.814502948E-1,1.343971316E-1,-1.769708461E-1,-6.973120360E-1,9.408584318E1,2.550567163E1,-3.081717965E0,-9.201587438E1
2.545149292E0,6.819529954E-1,1.352032454E-1,-1.772280973E-1,-6.965991912E-1,9.400710772E1,2.559034126E1,-3.058613241E0,-9.191220028E1
2.555193292E0,6.824442782E-1,1.356845177E-1,-1.775337067E-1,-6.959464017E-1,9.393011181E1,2.565308414E1,-3.064230526E0,-9.182028572E1
2.565237292E0,6.829753634E-1,1.357542839E-1,-1.777832239E-1,-6.953477973E-1,9.384682352E1,2.567776789E1,-3.098360457E0,-9.173490189E1
2.575282292E0,6.835717992E-1,1.353693027E-1,-1.779432042E-1,-6.947955313E-1,9.375321898E1,2.565790409E1,-3.162380880E0,-9.165339433E1
2.585326292E0,6.842271613E-1,1.345658099E-1,-1.780329822E-1,-6.942833842E-1,9.365028392E1,2.559803308E1,-3.254797924E0,-9.157552732E1
2.595370292E0,6.848928872E-1,1.334874038E-1,-1.780676849E-1,-6.938261166E-1,9.354563216E1,2.551118735E1,-3.364076815E0,-9.150423271E1
2.605415292E0,6.855234709E-1,1.322933072E-1,-1.781066207E-1,-6.934219458E-1,9.344642182E1,2.541542951E1,-3.481277279E0,-9.144161958E1
2.615459292E0,6.860789522E-1,1.311316557E-1,-1.782446094E-1,-6.930576426E-1,9.335896037E1,2.533093094E1,-3.601471848E0,-9.138944215E1
2.625503292E0,6.865463489E-1,1.301452272E-1,-1.785053536E-1,-6.927136518E-1,9.328531919E1,2.527129220E1,-3.715234638E0,-9.134554764E1
2.635547292E0,6.869213713E-1,1.294081973E-1,-1.788605540E-1,-6.923882785E-1,9.322619983E1,2.524013547E1,-3.814409358E0,-9.130851081E1
2.645592292E0,6.872086193E-1,1.288152649E-1,-1.793060146E-1,-6.920985016E-1,9.318089789E1,2.522862549E1,-3.906907739E0,-9.128089160E1
2.655636292E0,6.874423722E-1,1.282398788E-1,-1.797555503E-1,-6.918565723E-1,9.314402019E1,2.521912404E1,-3.996524233E0,-9.126110553E1
2.665680292E0,6.876911774E-1,1.275904775E-1,-1.800796411E-1,-6.916450249E-1,9.310475542E1,2.519294614E1,-4.081979163E0,-9.124100769E1
2.675724292E0,6.879807190E-1,1.268027318E-1,-1.802252795E-1,-6.914639693E-1,9.305904586E1,2.514028764E1,-4.164714799E0,-9.121838877E1
2.685769292E0,6.883058707E-1,1.258737205E-1,-1.801803404E-1,-6.913218192E-1,9.300769396E1,2.505991410E1,-4.243759580E0,-9.119405947E1
2.695813292E0,6.886414006E-1,1.248449212E-1,-1.799827929E-1,-6.912255991E-1,9.295468011E1,2.495852041E1,-4.318183653E0,-9.117070702E1
2.705857292E0,6.889544257E-1,1.237647132E-1,-1.797252177E-1,-6.911749803E-1,9.290520103E1,2.484803214E1,-4.390793777E0,-9.115212555E1
2.715901292E0,6.892547682E-1,1.227424335E-1,-1.794783083E-1,-6.911221241E-1,9.285770755E1,2.474317491E1,-4.459393102E0,-9.113363652E1
2.725946292E0,6.895813920E-1,1.219039720E-1,-1.793008832E-1,-6.909908088E-1,9.280603691E1,2.465880870E1,-4.520515897E0,-9.110554635E1
2.735990292E0,6.899610065E-1,1.213775605E-1,-1.792054601E-1,-6.907291211E-1,9.274595545E1,2.460612732E1,-4.566236702E0,-9.106011005E1
2.746034292E0,6.903875633E-1,1.212105484E-1,-1.791938118E-1,-6.903351017E-1,9.267840861E1,2.458912726E1,-4.592851784E0,-9.099710174E1
2.756078292E0,6.908148414E-1,1.213538371E-1,-1.792683169E-1,-6.898629794E-1,9.261070944E1,2.460435828E1,-4.602785771E0,-9.092526384E1
2.766123292E0,6.911590583E-1,1.215956994E-1,-1.794447410E-1,-6.894295797E-1,9.255614290E1,2.463663184E1,-4.610774774E0,-9.086381880E1
2.776167292E0,6.913027634E-1,1.214358970E-1,-1.798599322E-1,-6.892055428E-1,9.253335490E1,2.465790471E1,-4.662531971E0,-9.084552061E1
2.786211292E0,6.911109102E-1,1.202168890E-1,-1.807461066E-1,-6.893797786E-1,9.256377702E1,2.463574280E1,-4.823182465E0,-9.091009651E1
2.796256292E0,6.904971444E-1,1.174526774E-1,-1.821784777E-1,-6.900939382E-1,9.266104991E1,2.453871317E1,-5.133731470E0,-9.108370829E1
2.806300292E0,6.895136381E-1,1.131260979E-1,-1.839087692E-1,-6.913400193E-1,9.281675713E1,2.434580846E1,-5.577842200E0,-9.135568380E1
2.816344292E0,6.883411435E-1,1.077627244E-1,-1.855339490E-1,-6.929292620E-1,9.300212194E1,2.406542740E1,-6.089244362E0,-9.167975179E1
2.826388292E0,6.871966376E-1,1.023493305E-1,-1.865990315E-1,-6.945979061E-1,9.318278787E1,2.373630021E1,-6.561936399E0,-9.199423090E1
2.836433292E0,6.862233869E-1,9.790530624E-2,-1.867979831E-1,-6.961455341E-1,9.333620859E1,2.341079730E1,-6.895427185E0,-9.225279157E1
2.846477292E0,6.855606491E-1,9.529445122E-2,-1.859473596E-1,-6.973873695E-1,9.344057003E1,2.313832401E1,-7.009972186E0,-9.241666890E1
2.856521292E0,6.853362336E-1,9.500732055E-2,-1.839811933E-1,-6.981682077E-1,9.347588849E1,2.294942044E1,-6.864157395E0,-9.245778135E1
2.866565292E0,6.855364278E-1,9.682924188E-2,-1.812016323E-1,-6.984482347E-1,9.344438246E1,2.285344844E1,-6.498673650E0,-9.238391743E1
2.876610292E0,6.860188446E-1,9.993451894E-2,-1.781400826E-1,-6.983247405E-1,9.336842746E1,2.283332771E1,-6.018029782E0,-9.223496337E1
2.886654292E0,6.866694247E-1,1.033166692E-1,-1.753518025E-1,-6.978986345E-1,9.326592043E1,2.285879705E1,-5.543895487E0,-9.205099214E1
2.896698292E0,6.874043452E-1,1.061034952E-1,-1.732889329E-1,-6.972720314E-1,9.315002023E1,2.289974296E1,-5.179320345E0,-9.186631900E1
2.906742292E0,6.880611373E-1,1.077137498E-1,-1.722801560E-1,-6.966269561E-1,9.304634726E1,2.293802694E1,-4.991385176E0,-9.172217542E1
2.916787292E0,6.884481800E-1,1.079423385E-1,-1.724735416E-1,-6.961611831E-1,9.298521188E1,2.297007431E1,-5.001835681E0,-9.165522047E1
2.926831292E0,6.884152044E-1,1.069587549E-1,-1.738013596E-1,-6.960152875E-1,9.299042175E1,2.300436036E1,-5.186914917E0,-9.168524409E1
2.936875292E0,6.879352934E-1,1.052571549E-1,-1.759180639E-1,-6.962175350E-1,9.306621828E1,2.305181983E1,-5.478759499E0,-9.180373030E1
2.946920292E0,6.871046274E-1,1.034155088E-1,-1.783473845E-1,-6.966956005E-1,9.319730043E1,2.311821378E1,-5.796087837E0,-9.198063909E1
2.956964292E0,6.860264528E-1,1.018487182E-1,-1.806883285E-1,-6.973853498E-1,9.336722920E1,2.320201717E1,-6.076621340E0,-9.218945237E1
2.967008292E0,6.848145116E-1,1.007974335E-1,-1.826601635E-1,-6.982150191E-1,9.355795744E1,2.329728521E1,-6.281887816E0,-9.240655859E1
2.977052292E0,6.836437590E-1,1.004393750E-1,-1.840116865E-1,-6.990585435E-1,9.374192078E1,2.339455327E1,-6.382815821E0,-9.260025964E1
2.987097292E0,6.826636400E-1,1.008153802E-1,-1.845656937E-1,-6.998157057E-1,9.389571689E1,2.347988439E1,-6.366519141E0,-9.274600578E1
2.997141292E0,6.819354156E-1,1.017535664E-1,-1.843061139E-1,-7.004581191E-1,9.400986201E1,2.353740967E1,-6.247385208E0,-9.283814340E1
3.007185292E0,6.814197581E-1,1.029609709E-1,-1.833747502E-1,-7.010276403E-1,9.409062437E1,2.355651443E1,-6.059050245E0,-9.288971933E1
3.017229292E0,6.810360479E-1,1.042118287E-1,-1.819980207E-1,-7.015743745E-1,9.415068675E1,2.353966500E1,-5.835328984E0,-9.291897193E1
3.027274292E0,6.807019400E-1,1.053485740E-1,-1.804343700E-1,-7.021325351E-1,9.420296102E1,2.349739362E1,-5.607128945E0,-9.294279915E1
3.037318292E0,6.803433783E-1,1.062581346E-1,-1.789193700E-1,-7.027303222E-1,9.425903667E1,2.344157991E1,-5.400188623E0,-9.297582008E1
3.047362292E0,6.799292618E-1,1.069006818E-1,-1.776068565E-1,-7.033663840E-1,9.432376888E1,2.338245843E1,-5.229165398E0,-9.302412846E1
3.057406292E0,6.794583788E-1,1.073449333E-1,-1.765779018E-1,-7.040125980E-1,9.439733333E1,2.333234850E1,-5.095168169E0,-9.308628127E1
3.067451292E0,6.789613581E-1,1.076882799E-1,-1.758801423E-1,-7.046139742E-1,9.447493376E1,2.330278200E1,-4.995316252E0,-9.315506241E1
3.077495292E0,6.784755314E-1,1.079822147E-1,-1.755250735E-1,-7.051252576E-1,9.455073952E1,2.329858075E1,-4.927605610E0,-9.322339533E1
3.087539292E0,6.780567116E-1,1.082653019E-1,-1.754793995E-1,-7.054961143E-1,9.461605274E1,2.331960716E1,-4.888012785E0,-9.328161959E1
3.097584292E0,6.777630613E-1,1.086248830E-1,-1.756533764E-1,-7.056796770E-1,9.466182581E1,2.336468780E1,-4.864178916E0,-9.331838081E1
3.107628292E0,6.776214979E-1,1.090894862E-1,-1.759867395E-1,-7.056608295E-1,9.468388613E1,2.343074668E1,-4.849828997E0,-9.332875002E1
3.117672292E0,6.776188361E-1,1.096147702E-1,-1.764307276E-1,-7.054711331E-1,9.468430090E1,2.351021186E1,-4.844137204E0,-9.331590994E1
3.127716292E0,6.777086260E-1,1.101135018E-1,-1.769472293E-1,-7.051778582E-1,9.467030912E1,2.359324776E1,-4.849465534E0,-9.328930424E1
3.137761292E0,6.778354709E-1,1.104881425E-1,-1.774822230E-1,-7.048627855E-1,9.465054044E1,2.366788377E1,-4.867372467E0,-9.326005792E1
3.147805292E0,6.779275064E-1,1.106662103E-1,-1.779643434E-1,-7.046247533E-1,9.463619481E1,2.372273549E1,-4.895435296E0,-9.324128654E1
3.157849292E0,6.779223342E-1,1.105890473E-1,-1.783373773E-1,-7.045474863E-1,9.463700105E1,2.374875390E1,-4.931651361E0,-9.324423136E1
3.167893292E0,6.777874248E-1,1.102507451E-1,-1.785445607E-1,-7.046777595E-1,9.465802876E1,2.374082334E1,-4.970799152E0,-9.327409341E1
3.177938292E0,6.775270600E-1,1.096965430E-1,-1.785725804E-1,-7.050074980E-1,9.469860056E1,2.370136077E1,-5.008397041E0,-9.332899229E1
3.187982292E0,6.771680663E-1,1.090143410E-1,-1.784410743E-1,-7.054913307E-1,9.475451970E1,2.363881018E1,-5.040037562E0,-9.340238568E1
3.198026292E0,6.767332860E-1,1.083459841E-1,-1.781621175E-1,-7.060817171E-1,9.482221023E1,2.356520402E1,-5.056279966E0,-9.348705082E1
3.208070292E0,6.762657655E-1,1.078030142E-1,-1.777762552E-1,-7.067097328E-1,9.489495707E1,2.349247390E1,-5.052994369E0,-9.357346602E1
3.218115292E0,6.758190577E-1,1.074711842E-1,-1.773326043E-1,-7.072988971E-1,9.496442585E1,2.343117922E1,-5.029060741E0,-9.365119864E1
3.228159292E0,6.754339764E-1,1.074349142E-1,-1.768600354E-1,-7.077904413E-1,9.502427993E1,2.339011179E1,-4.981365558E0,-9.371181405E1
3.238203292E0,6.751432237E-1,1.077231090E-1,-1.763570602E-1,-7.081494718E-1,9.506945333E1,2.337117704E1,-4.908482160E0,-9.374952126E1
3.248248292E0,6.749763723E-1,1.083124115E-1,-1.758414725E-1,-7.083468376E-1,9.509536920E1,2.337391398E1,-4.814623291E0,-9.376028957E1
3.258292292E0,6.749326317E-1,1.091482283E-1,-1.753354759E-1,-7.083856048E-1,9.510216222E1,2.339602687E1,-4.705903711E0,-9.374554832E1
3.268336292E0,6.749792264E-1,1.101384000E-1,-1.748927918E-1,-7.082973691E-1,9.509492593E1,2.343519940E1,-4.592964383E0,-9.371268493E1
3.278380292E0,6.750535524E-1,1.111414397E-1,-1.745893265E-1,-7.081446500E-1,9.508338202E1,2.348728985E1,-4.491193047E0,-9.367502847E1
3.288425292E0,6.750794964E-1,1.120017122E-1,-1.744678251E-1,-7.080143503E-1,9.507935228E1,2.354419552E1,-4.413943233E0,-9.364850626E1
3.298469292E0,6.750200733E-1,1.126524253E-1,-1.744919462E-1,-7.079617471E-1,9.508858194E1,2.359770157E1,-4.362354894E0,-9.364064610E1
3.308513292E0,6.748749261E-1,1.130953703E-1,-1.745890710E-1,-7.080055733E-1,9.511112350E1,2.364166696E1,-4.330369264E0,-9.365154148E1
3.318557292E0,6.746614997E-1,1.134175566E-1,-1.746550150E-1,-7.081411966E-1,9.514426154E1,2.367384131E1,-4.303218403E0,-9.367617866E1
3.328602292E0,6.743845409E-1,1.137427432E-1,-1.745493713E-1,-7.083787902E-1,9.518725101E1,2.369181214E1,-4.259905751E0,-9.371047656E1
3.338646292E0,6.740690955E-1,1.141567464E-1,-1.741334083E-1,-7.087147190E-1,9.523619644E1,2.369021103E1,-4.183257390E0,-9.374822193E1
3.348690292E0,6.737433372E-1,1.146546877E-1,-1.733389639E-1,-7.091387637E-1,9.528672201E1,2.366261033E1,-4.069115482E0,-9.378512087E1
3.358734292E0,6.734215882E-1,1.150976643E-1,-1.722014284E-1,-7.096495835E-1,9.533660582E1,2.360107313E1,-3.931874090E0,-9.382266748E1
3.368779292E0,6.730542613E-1,1.151544914E-1,-1.708954951E-1,-7.103042677E-1,9.539353182E1,2.349489200E1,-3.810366380E0,-9.387754795E1
3.378823292E0,6.725326874E-1,1.143835360E-1,-1.696549922E-1,-7.112196616E-1,9.547431786E1,2.333007423E1,-3.755184171E0,-9.397845803E1
3.388867292E0,6.718297439E-1,1.126408033E-1,-1.685705564E-1,-7.124189265E-1,9.558311427E1,2.310343927E1,-3.784648167E0,-9.413292996E1
3.398912292E0,6.710248602E-1,1.102838936E-1,-1.675616398E-1,-7.137830145E-1,9.570757328E1,2.283603514E1,-3.866876955E0,-9.431832248E1
3.408956292E0,6.702183210E-1,1.079058788E-1,-1.665278672E-1,-7.151448806E-1,9.583216568E1,2.256526574E1,-3.949854870E0,-9.450315286E1
3.419000292E0,6.694505292E-1,1.060882038E-1,-1.653973913E-1,-7.163972769E-1,9.595065892E1,2.232993070E1,-3.982290923E0,-9.466669346E1
3.429044292E0,6.687653506E-1,1.051457371E-1,-1.642321363E-1,-7.174434012E-1,9.605630932E1,2.215934641E1,-3.944680964E0,-9.479509286E1
3.439089292E0,6.682390734E-1,1.051352135E-1,-1.631710341E-1,-7.181770408E-1,9.613739860E1,2.206932486E1,-3.845320250E0,-9.487587857E1
3.449133292E0,6.680012782E-1,1.060035650E-1,-1.623249361E-1,-7.184623776E-1,9.617402140E1,2.206468555E1,-3.700865514E0,-9.489056921E1
3.459177292E0,6.681342779E-1,1.076040837E-1,-1.618071278E-1,-7.182176045E-1,9.615353944E1,2.214367529E1,-3.534611285E0,-9.482981058E1
3.469221292E0,6.686009726E-1,1.096509480E-1,-1.617661163E-1,-7.174826030E-1,9.608164237E1,2.229741701E1,-3.380617093E0,-9.470594257E1
3.479266292E0,6.693001414E-1,1.118709121E-1,-1.622440141E-1,-7.163791616E-1,9.597385533E1,2.250890580E1,-3.261656456E0,-9.454101392E1
3.489310292E0,6.700978996E-1,1.140842460E-1,-1.631579764E-1,-7.150755570E-1,9.585075763E1,2.275752932E1,-3.181890416E0,-9.436008176E1
3.499354292E0,6.708531658E-1,1.161133770E-1,-1.643887145E-1,-7.137577989E-1,9.573410652E1,2.301955495E1,-3.141825459E0,-9.418961844E1
3.509398292E0,6.714361344E-1,1.177953471E-1,-1.658102065E-1,-7.126042462E-1,9.564399332E1,2.327167743E1,-3.140177270E0,-9.405429879E1
3.519443292E0,6.718081528E-1,1.190988516E-1,-1.672651078E-1,-7.116963728E-1,9.558645449E1,2.349789381E1,-3.165235438E0,-9.396138107E1
3.529486625E0,6.720171814E-1,1.200837945E-1,-1.685521119E-1,-7.110295451E-1,9.555411324E1,2.368531623E1,-3.197249740E0,-9.390208407E1
3.539530625E0,6.721399447E-1,1.208416633E-1,-1.695273636E-1,-7.105531698E-1,9.553511525E1,2.382842074E1,-3.219618297E0,-9.386219456E1
3.549574625E0,6.722698557E-1,1.215205226E-1,-1.700611956E-1,-7.101866463E-1,9.551500799E1,2.392729778E1,-3.213085126E0,-9.382312360E1
3.559619625E0,6.724849891E-1,1.221798416E-1,-1.701319233E-1,-7.098529118E-1,9.548170323E1,2.398446509E1,-3.173682969E0,-9.377123382E1
3.569663625E0,6.728027447E-1,1.227549301E-1,-1.698274386E-1,-7.095255467E-1,9.543249544E1,2.400235550E1,-3.114138632E0,-9.370567508E1
3.579707625E0,6.732278747E-1,1.230836913E-1,-1.693096909E-1,-7.091888408E-1,9.536662952E1,2.398211852E1,-3.060410612E0,-9.363036742E1
3.589752625E0,6.737753161E-1,1.230224546E-1,-1.687731800E-1,-7.088073736E-1,9.528176293E1,2.392905120E1,-3.039933513E0,-9.354724861E1
3.599796625E0,6.744271488E-1,1.224734102E-1,-1.684216516E-1,-7.083661066E-1,9.518063839E1,2.385289904E1,-3.076212348E0,-9.346184233E1
3.609840625E0,6.751317848E-1,1.214710580E-1,-1.683787408E-1,-7.078774310E-1,9.507123023E1,2.376707908E1,-3.174804370E0,-9.338093610E1
3.619884625E0,6.758244538E-1,1.201774316E-1,-1.686719696E-1,-7.073673422E-1,9.496358692E1,2.368695440E1,-3.323075769E0,-9.330979239E1
3.629929625E0,6.764681784E-1,1.187876261E-1,-1.692739030E-1,-7.068428089E-1,9.486346655E1,2.362573930E1,-3.502291491E0,-9.324849991E1
3.639973625E0,6.770510298E-1,1.175296981E-1,-1.701205620E-1,-7.062914833E-1,9.477274462E1,2.359605875E1,-3.688967432E0,-9.319260992E1
3.650017625E0,6.775846445E-1,1.166628297E-1,-1.710586798E-1,-7.056967557E-1,9.468962850E1,2.360524895E1,-3.850671161E0,-9.313342677E1
3.660061625E0,6.780815914E-1,1.163726960E-1,-1.719200718E-1,-7.050576054E-1,9.461217379E1,2.365353971E1,-3.959582880E0,-9.306409556E1
3.670106625E0,6.785636209E-1,1.167816153E-1,-1.725010345E-1,-7.043841448E-1,9.453699795E1,2.373312936E1,-3.990301638E0,-9.297803949E1
3.680150625E0,6.790480002E-1,1.178301788E-1,-1.726792393E-1,-7.036986408E-1,9.446140973E1,2.382891444E1,-3.938238104E0,-9.287391133E1
3.690194625E0,6.795185039E-1,1.192877512E-1,-1.724616904E-1,-7.030520476E-1,9.438794263E1,2.392354631E1,-3.821644002E0,-9.276028960E1
3.700238625E0,6.799571406E-1,1.208217832E-1,-1.719209332E-1,-7.024980128E-1,9.431941210E1,2.399709943E1,-3.671941442E0,-9.264889156E1
3.710283625E0,6.803650556E-1,1.221780187E-1,-1.711767120E-1,-7.020502269E-1,9.425564727E1,2.403964048E1,-3.518745392E0,-9.254681919E1
3.720327625E0,6.807549798E-1,1.231958045E-1,-1.703535182E-1,-7.016944416E-1,9.419466393E1,2.404886186E1,-3.385077839E0,-9.245677148E1
3.730371625E0,6.811287828E-1,1.237971927E-1,-1.695958917E-1,-7.014093155E-1,9.413617358E1,2.403073334E1,-3.288765862E0,-9.238098167E1
3.740416625E0,6.814849151E-1,1.239516556E-1,-1.690575764E-1,-7.011660525E-1,9.408042239E1,2.399576564E1,-3.244617157E0,-9.232074152E1
3.750460625E0,6.818142895E-1,1.237311854E-1,-1.688321750E-1,-7.009390107E-1,9.402883757E1,2.395758937E1,-3.254336364E0,-9.227544852E1
3.760504625E0,6.821001755E-1,1.232316741E-1,-1.689692656E-1,-7.007159235E-1,9.398404610E1,2.392809476E1,-3.313952509E0,-9.224498397E1
3.770548625E0,6.823133635E-1,1.225231777E-1,-1.694315612E-1,-7.005207744E-1,9.395063403E1,2.390982505E1,-3.414027912E0,-9.223177284E1
3.780593625E0,6.824319015E-1,1.216754887E-1,-1.701379529E-1,-7.003819216E-1,9.393205213E1,2.390161961E1,-3.541788413E0,-9.223728580E1
3.790637625E0,6.824665225E-1,1.207646874E-1,-1.709819093E-1,-7.003003490E-1,9.392662444E1,2.390051642E1,-3.682973287E0,-9.225758729E1
3.800681625E0,6.824527602E-1,1.198330471E-1,-1.718558927E-1,-7.002599104E-1,9.392878204E1,2.390063081E1,-3.826678604E0,-9.228588864E1
3.810725625E0,6.824371494E-1,1.188695702E-1,-1.727189548E-1,-7.002267994E-1,9.393122940E1,2.389738960E1,-3.971964465E0,-9.231514170E1
3.820770625E0,6.824826548E-1,1.178757238E-1,-1.735492925E-1,-7.001453006E-1,9.392409522E1,2.388872909E1,-4.119016737E0,-9.233549870E1
3.830814625E0,6.826464737E-1,1.169182211E-1,-1.742722900E-1,-6.999665617E-1,9.389840883E1,2.387323575E1,-4.258419772E0,-9.233605531E1
3.840858625E0,6.829850110E-1,1.160576088E-1,-1.748429320E-1,-6.996370439E-1,9.384530998E1,2.385148582E1,-4.383609449E0,-9.230630873E1
3.850902625E0,6.835209787E-1,1.153629655E-1,-1.752310624E-1,-6.991312534E-1,9.376119754E1,2.382618375E1,-4.487437061E0,-9.224087823E1
3.860947625E0,6.842370187E-1,1.148490848E-1,-1.754744868E-1,-6.984541570E-1,9.364873499E1,2.380176752E1,-4.571243651E0,-9.214209515E1
3.870991625E0,6.850725714E-1,1.144809084E-1,-1.756369866E-1,-6.976542605E-1,9.351737050E1,2.378122030E1,-4.640988120E0,-9.202039428E1
3.881035625E0,6.859292746E-1,1.141220596E-1,-1.758554442E-1,-6.968155962E-1,9.338253355E1,2.376591562E1,-4.715305144E0,-9.189489572E1
3.891080625E0,6.867072594E-1,1.135621018E-1,-1.763227421E-1,-6.960223543E-1,9.325995644E1,2.375605813E1,-4.823163105E0,-9.178700573E1
3.901124625E0,6.873401789E-1,1.126719235E-1,-1.771342955E-1,-6.953358240E-1,9.316014395E1,2.374983463E1,-4.980309839E0,-9.171051187E1
3.911168625E0,6.877846299E-1,1.114095358E-1,-1.782856895E-1,-6.948053934E-1,9.309000407E1,2.374387979E1,-5.188254317E0,-9.167329037E1
3.921212625E0,6.880147945E-1,1.097938601E-1,-1.797004933E-1,-6.944701145E-1,9.305366526E1,2.373359376E1,-5.438432380E0,-9.167865559E1
3.931257625E0,6.880476579E-1,1.079177379E-1,-1.812519162E-1,-6.943283437E-1,9.304847584E1,2.371578692E1,-5.713789229E0,-9.172127809E1
3.941301625E0,6.879409668E-1,1.060215617E-1,-1.827330723E-1,-6.943379285E-1,9.306532252E1,2.369182140E1,-5.980475074E0,-9.178577900E1
3.951345625E0,6.877729539E-1,1.043949199E-1,-1.839207758E-1,-6.944374105E-1,9.309184721E1,2.366514745E1,-6.200036831E0,-9.185266287E1
3.961389625E0,6.875779474E-1,1.031895701E-1,-1.846861546E-1,-6.946075504E-1,9.312262620E1,2.363640073E1,-6.351042386E0,-9.191300984E1
3.971434625E0,6.872960811E-1,1.022235538E-1,-1.850635270E-1,-6.949287819E-1,9.316710091E1,2.359443491E1,-6.448534180E0,-9.198098051E1
3.981478625E0,6.868160259E-1,1.009871918E-1,-1.852493788E-1,-6.955343504E-1,9.324280962E1,2.351657918E1,-6.545048115E0,-9.208648681E1
3.991522625E0,6.860967919E-1,9.903321913E-2,-1.853861058E-1,-6.964881738E-1,9.335615045E1,2.338017438E1,-6.686382864E0,-9.224623454E1
4.001566625E0,6.852212043E-1,9.632368253E-2,-1.853972326E-1,-6.977260557E-1,9.349398781E1,2.317536810E1,-6.872546635E0,-9.244694851E1
4.011611625E0,6.842880757E-1,9.319060698E-2,-1.851747025E-1,-6.991249070E-1,9.364071194E1,2.291852895E1,-7.072312672E0,-9.266431355E1
4.021655625E0,6.833255378E-1,8.993571651E-2,-1.847482554E-1,-7.006039123E-1,9.379187587E1,2.263577480E1,-7.265525679E0,-9.288662927E1
4.031699625E0,6.823685614E-1,8.703868966E-2,-1.840805861E-1,-7.020767662E-1,9.394198161E1,2.236102484E1,-7.412152362E0,-9.309814680E1
4.041743625E0,6.814915895E-1,8.500220662E-2,-1.831371394E-1,-7.034234226E-1,9.407937730E1,2.212945579E1,-7.471196132E0,-9.327754912E1
4.051788625E0,6.807522343E-1,8.417962658E-2,-1.819673326E-1,-7.045410878E-1,9.419509342E1,2.197182032E1,-7.419513370E0,-9.340987979E1
4.061832625E0,6.801978386E-1,8.468128998E-2,-1.806854256E-1,-7.053459201E-1,9.428179043E1,2.190577044E1,-7.258403690E0,-9.348616132E1
4.071876625E0,6.798685769E-1,8.644968218E-2,-1.793580581E-1,-7.057873767E-1,9.433325193E1,2.193221027E1,-6.998861826E0,-9.350096177E1
4.081921625E0,6.797316510E-1,8.915008345E-2,-1.781302466E-1,-7.058942941E-1,9.435464627E1,2.203820523E1,-6.678639431E0,-9.346532418E1
4.091965625E0,6.796982589E-1,9.216903586E-2,-1.772632491E-1,-7.057569072E-1,9.435986315E1,2.219953674E1,-6.365652781E0,-9.340516450E1
4.102009625E0,6.796590280E-1,9.486905518E-2,-1.769851141E-1,-7.055066734E-1,9.436599193E1,2.238699614E1,-6.126131475E0,-9.335145909E1
4.112053625E0,6.795383129E-1,9.678595443E-2,-1.773745325E-1,-7.052647571E-1,9.438484858E1,2.257143122E1,-6.001018145E0,-9.332721682E1
4.122098625E0,6.792651236E-1,9.763831649E-2,-1.783710052E-1,-7.051592148E-1,9.442751227E1,2.272599875E1,-6.005347823E0,-9.335097672E1
4.132142625E0,6.787945343E-1,9.736759938E-2,-1.798203589E-1,-7.052815869E-1,9.450096927E1,2.283332743E1,-6.129672269E0,-9.343161486E1
4.142186625E0,6.781234155E-1,9.611469475E-2,-1.815165431E-1,-7.056644212E-1,9.460565283E1,2.288718128E1,-6.345972143E0,-9.356622601E1
4.152230625E0,6.772289633E-1,9.418631047E-2,-1.832380706E-1,-7.063381926E-1,9.474503577E1,2.289318797E1,-6.611324059E0,-9.375066288E1
4.162275625E0,6.760830800E-1,9.188728418E-2,-1.848022455E-1,-7.073305770E-1,9.492337167E1,2.286005726E1,-6.885983397E0,-9.398169142E1
4.172319625E0,6.746907654E-1,8.958427501E-2,-1.860206477E-1,-7.086348889E-1,9.513971806E1,2.280014362E1,-7.125767349E0,-9.424988853E1
4.182363625E0,6.731253380E-1,8.775323152E-2,-1.866585771E-1,-7.101832891E-1,9.538251881E1,2.272897959E1,-7.275905546E0,-9.453338108E1
4.192407625E0,6.714737347E-1,8.675255997E-2,-1.865417671E-1,-7.118983655E-1,9.563817901E1,2.265744963E1,-7.296139891E0,-9.481124070E1
4.202452625E0,6.698233326E-1,8.671255207E-2,-1.856413524E-1,-7.136910554E-1,9.589313801E1,2.259126497E1,-7.176244072E0,-9.506737784E1
4.212496625E0,6.682458380E-1,8.754526843E-2,-1.840307316E-1,-7.154831618E-1,9.613635664E1,2.252866426E1,-6.931418764E0,-9.529254777E1
4.222540625E0,6.667822307E-1,8.896672885E-2,-1.819174939E-1,-7.172115355E-1,9.636160208E1,2.246530792E1,-6.602631618E0,-9.548624806E1
4.232585625E0,6.654655605E-1,9.064352015E-2,-1.795746560E-1,-7.188130341E-1,9.656389631E1,2.239929515E1,-6.239805940E0,-9.565060094E1
4.242629625E0,6.643323029E-1,9.228390447E-2,-1.772766333E-1,-7.202215950E-1,9.673775628E1,2.233225702E1,-5.889570279E0,-9.578665172E1
4.252673625E0,6.634116550E-1,9.370266485E-2,-1.752635181E-1,-7.213789395E-1,9.687882604E1,2.227113190E1,-5.586791361E0,-9.589452968E1
4.262717625E0,6.627072521E-1,9.481199361E-2,-1.736878976E-1,-7.222619608E-1,9.698665696E1,2.222281806E1,-5.350620354E0,-9.597608237E1
4.272762625E0,6.622035999E-1,9.560463095E-2,-1.726507243E-1,-7.228677769E-1,9.706370167E1,2.219592525E1,-5.188969265E0,-9.603425369E1
4.282806625E0,6.618953695E-1,9.616471252E-2,-1.721524300E-1,-7.231945520E-1,9.711082974E1,2.219709940E1,-5.094702295E0,-9.606814796E1
4.292850625E0,6.617810698E-1,9.669799923E-2,-1.720911037E-1,-7.232426811E-1,9.712830166E1,2.223322933E1,-5.042866278E0,-9.607327007E1
4.302894625E0,6.618364297E-1,9.733362639E-2,-1.723364721E-1,-7.230484052E-1,9.711983960E1,2.230297034E1,-5.011935630E0,-9.605025259E1
4.312939625E0,6.620025621E-1,9.806567763E-2,-1.727777470E-1,-7.226918534E-1,9.709444206E1,2.239655755E1,-4.991967955E0,-9.600805936E1
4.322983625E0,6.622337586E-1,9.883420961E-2,-1.732841993E-1,-7.222540530E-1,9.705908952E1,2.249826436E1,-4.976231561E0,-9.595502107E1
4.333027625E0,6.624997658E-1,9.954751341E-2,-1.737572239E-1,-7.217982164E-1,9.701840211E1,2.259261961E1,-4.963540317E0,-9.589776990E1
4.343071625E0,6.627883321E-1,1.001083036E-1,-1.741323467E-1,-7.213653393E-1,9.697424970E1,2.266660437E1,-4.956331264E0,-9.584055952E1
4.353116625E0,6.630946317E-1,1.004516898E-1,-1.743666884E-1,-7.209793821E-1,9.692736751E1,2.271149815E1,-4.956307175E0,-9.578564002E1
4.363160625E0,6.633956550E-1,1.005611293E-1,-1.744469097E-1,-7.206678221E-1,9.688127634E1,2.272499951E1,-4.962993882E0,-9.573700706E1
4.373204625E0,6.636640172E-1,1.004716041E-1,-1.743514945E-1,-7.204562739E-1,9.684017222E1,2.270807201E1,-4.970960848E0,-9.569798705E1
4.383249625E0,6.638870530E-1,1.002517793E-1,-1.740506582E-1,-7.203541152E-1,9.680600063E1,2.266346670E1,-4.971855858E0,-9.566886534E1
4.393293625E0,6.640661166E-1,9.996225684E-2,-1.735505384E-1,-7.203497925E-1,9.677855954E1,2.259637307E1,-4.961278805E0,-9.564796215E1
4.403337625E0,6.642055831E-1,9.959389075E-2,-1.729200664E-1,-7.204239262E-1,9.675718255E1,2.251210303E1,-4.945568137E0,-9.563492463E1
4.413381625E0,6.643393888E-1,9.918976042E-2,-1.721865479E-1,-7.205320434E-1,9.673666991E1,2.241613701E1,-4.924433994E0,-9.562349300E1
4.423426625E0,6.645080368E-1,9.882390471E-2,-1.713707535E-1,-7.206212498E-1,9.671081124E1,2.231572778E1,-4.894729678E0,-9.560570942E1
4.433470625E0,6.647369732E-1,9.858449217E-2,-1.704745403E-1,-7.206554783E-1,9.667570028E1,2.221767165E1,-4.850180306E0,-9.557563560E1
4.443514625E0,6.650371826E-1,9.853316784E-2,-1.694965332E-1,-7.206162422E-1,9.662964399E1,2.212655342E1,-4.785967789E0,-9.553015890E1
4.453558625E0,6.654191542E-1,9.867198376E-2,-1.684930536E-1,-7.204799025E-1,9.657102040E1,2.204743005E1,-4.706676776E0,-9.546764925E1
4.463603625E0,6.659262730E-1,9.899590073E-2,-1.675279566E-1,-7.201919473E-1,9.649314836E1,2.198528173E1,-4.619055769E0,-9.538160737E1
4.473647625E0,6.666026720E-1,9.948208570E-2,-1.666525244E-1,-7.197021746E-1,9.638920842E1,2.194262370E1,-4.530345983E0,-9.526574692E1
4.483691625E0,6.674730175E-1,1.000594027E-1,-1.659394103E-1,-7.189797644E-1,9.625534119E1,2.192020115E1,-4.452855917E0,-9.511786427E1
4.493735625E0,6.685229087E-1,1.006482916E-1,-1.654712721E-1,-7.180294241E-1,9.609367139E1,2.191913833E1,-4.399239986E0,-9.494203150E1
4.503780625E0,6.696807590E-1,1.012279083E-1,-1.652871825E-1,-7.169105175E-1,9.591513917E1,2.194154453E1,-4.372276997E0,-9.474964679E1
4.513824625E0,6.708496703E-1,1.017710099E-1,-1.654225398E-1,-7.157086474E-1,9.573464665E1,2.198880470E1,-4.374227368E0,-9.455628290E1
4.523868500E0,6.719205255E-1,1.023387227E-1,-1.658134992E-1,-7.145317507E-1,9.556906903E1,2.206065231E1,-4.391921913E0,-9.437727621E1
4.533912500E0,6.728361711E-1,1.030940812E-1,-1.663175518E-1,-7.134434716E-1,9.542731789E1,2.215777674E1,-4.399212903E0,-9.421750544E1
4.543957500E0,6.735693300E-1,1.041970773E-1,-1.667450973E-1,-7.124910648E-1,9.531370246E1,2.227654546E1,-4.367289586E0,-9.407724649E1
4.554001500E0,6.741362841E-1,1.057581729E-1,-1.668805389E-1,-7.116926402E-1,9.522577285E1,2.240707127E1,-4.270530571E0,-9.395094461E1
4.564045500E0,6.745787049E-1,1.077132019E-1,-1.665858428E-1,-7.110490104E-1,9.515711448E1,2.253242464E1,-4.104270807E0,-9.383334105E1
4.574090500E0,6.749399244E-1,1.097228716E-1,-1.658833998E-1,-7.105630361E-1,9.510102967E1,2.262786574E1,-3.898698340E0,-9.372597107E1
4.584134500E0,6.752139435E-1,1.112714311E-1,-1.649372873E-1,-7.102820207E-1,9.505846730E1,2.266700203E1,-3.707774673E0,-9.364318390E1
4.594178500E0,6.753270907E-1,1.117899981E-1,-1.639993171E-1,-7.103102341E-1,9.504088835E1,2.262681041E1,-3.594528040E0,-9.361183875E1
4.604222500E0,6.752087937E-1,1.109751414E-1,-1.632680377E-1,-7.107188385E-1,9.505926734E1,2.250052869E1,-3.596857590E0,-9.365111572E1
4.614267500E0,6.748412718E-1,1.089603087E-1,-1.627925606E-1,-7.114881884E-1,9.511634947E1,2.230310033E1,-3.707924733E0,-9.375963808E1
4.624311500E0,6.742125963E-1,1.061581254E-1,-1.625356624E-1,-7.125657279E-1,9.521393280E1,2.206432913E1,-3.892109748E0,-9.392746298E1
4.634355500E0,6.733043251E-1,1.031065250E-1,-1.625125870E-1,-7.138767544E-1,9.535478131E1,2.182834846E1,-4.107623168E0,-9.414301765E1
4.644399500E0,6.721621100E-1,1.004030997E-1,-1.627027536E-1,-7.152938513E-1,9.553168479E1,2.164015047E1,-4.306382737E0,-9.438458545E1
4.654444500E0,6.709242544E-1,9.867182044E-2,-1.629664796E-1,-7.166354724E-1,9.572312133E1,2.153532213E1,-4.430678181E0,-9.461670228E1
4.664488500E0,6.697946925E-1,9.826486891E-2,-1.631868681E-1,-7.176970936E-1,9.589755790E1,2.152932319E1,-4.448016354E0,-9.480071112E1
4.674532500E0,6.689581908E-1,9.919147001E-2,-1.632966580E-1,-7.183245469E-1,9.602658338E1,2.161540732E1,-4.357184534E0,-9.490818140E1
4.684576500E0,6.685449015E-1,1.012083416E-1,-1.633205158E-1,-7.184225778E-1,9.609028260E1,2.177603615E1,-4.183643206E0,-9.492420971E1
4.694621500E0,6.685408501E-1,1.038040606E-1,-1.633922708E-1,-7.180396368E-1,9.609090687E1,2.198360555E1,-3.979408499E0,-9.486223850E1
4.704665500E0,6.688216535E-1,1.063613259E-1,-1.636971979E-1,-7.173340775E-1,9.604763105E1,2.220726420E1,-3.805819947E0,-9.475600992E1
4.714709500E0,6.692593564E-1,1.083975429E-1,-1.643514250E-1,-7.164708600E-1,9.598014543E1,2.242019853E1,-3.707337040E0,-9.463759590E1
4.724753500E0,6.697642915E-1,1.096260814E-1,-1.653814519E-1,-7.155744650E-1,9.590224938E1,2.260256118E1,-3.706294164E0,-9.452883675E1
4.734798500E0,6.702619562E-1,1.099878015E-1,-1.667268899E-1,-7.147402999E-1,9.582542815E1,2.274460917E1,-3.800117943E0,-9.444335400E1
4.744842500E0,6.707022801E-1,1.096049421E-1,-1.682600000E-1,-7.140265272E-1,9.575741944E1,2.284496917E1,-3.967066182E0,-9.438591051E1
4.754886500E0,6.710510479E-1,1.087481968E-1,-1.698075532E-1,-7.134632319E-1,9.570352581E1,2.291000741E1,-4.170425039E0,-9.435464954E1
4.764931500E0,6.713033060E-1,1.077082602E-1,-1.712019448E-1,-7.130502257E-1,9.566453111E1,2.294804140E1,-4.373281285E0,-9.434270421E1
4.774975500E0,6.714834114E-1,1.067405606E-1,-1.723316568E-1,-7.127540480E-1,9.563668262E1,2.296927187E1,-4.546960861E0,-9.433979010E1
4.785019500E0,6.716190043E-1,1.059900886E-1,-1.731607328E-1,-7.125372801E-1,9.561571272E1,2.298171799E1,-4.677797512E0,-9.433799502E1
4.795063500E0,6.717413329E-1,1.055062638E-1,-1.736934689E-1,-7.123641224E-1,9.559679123E1,2.298938741E1,-4.763120260E0,-9.433138516E1
4.805108500E0,6.718857662E-1,1.052527584E-1,-1.739669309E-1,-7.121986157E-1,9.557444698E1,2.299241416E1,-4.809902753E0,-9.431545568E1
4.815152500E0,6.720816648E-1,1.051604252E-1,-1.740644060E-1,-7.120036444E-1,9.554413459E1,2.299243518E1,-4.831275650E0,-9.428748028E1
4.825196500E0,6.723335726E-1,1.052200051E-1,-1.740608815E-1,-7.117578058E-1,9.550514491E1,2.299519251E1,-4.834141988E0,-9.424699323E1
4.835240500E0,6.726425406E-1,1.054454591E-1,-1.740268795E-1,-7.114408299E-1,9.545730713E1,2.300788830E1,-4.823086271E0,-9.419353941E1
4.845285500E0,6.729705932E-1,1.058678654E-1,-1.740388387E-1,-7.110648141E-1,9.540649458E1,2.303981144E1,-4.800596228E0,-9.413220896E1
4.855329500E0,6.732754045E-1,1.064852666E-1,-1.741720306E-1,-7.106513483E-1,9.535926353E1,2.309760152E1,-4.771588163E0,-9.406961202E1
4.865373500E0,6.735140584E-1,1.072844209E-1,-1.744653015E-1,-7.102328959E-1,9.532227131E1,2.318385767E1,-4.738938914E0,-9.401266797E1
4.875417500E0,6.737019780E-1,1.082560164E-1,-1.748665553E-1,-7.098083639E-1,9.529313543E1,2.329327044E1,-4.699731412E0,-9.395911400E1
4.885462500E0,6.738786984E-1,1.093457732E-1,-1.753074667E-1,-7.093646853E-1,9.526572976E1,2.341547494E1,-4.654088779E0,-9.390408556E1
4.895506500E0,6.740622400E-1,1.104248853E-1,-1.757494344E-1,-7.089137641E-1,9.523725993E1,2.353696622E1,-4.609757354E0,-9.384802648E1
4.905550500E0,6.742812087E-1,1.113763768E-1,-1.761729206E-1,-7.084513552E-1,9.520328644E1,2.364671756E1,-4.575385091E0,-9.378950059E1
4.915595500E0,6.745382452E-1,1.121357629E-1,-1.765740901E-1,-7.079868719E-1,9.516339489E1,2.373931421E1,-4.555840688E0,-9.372990637E1
4.925639500E0,6.748185007E-1,1.126549805E-1,-1.769697331E-1,-7.075384505E-1,9.511988534E1,2.381249018E1,-4.555770653E0,-9.367289888E1
4.935683500E0,6.750841009E-1,1.129310529E-1,-1.773789263E-1,-7.071384862E-1,9.507863707E1,2.386784642E1,-4.575667252E0,-9.362452567E1
4.945727500E0,6.753028457E-1,1.130273610E-1,-1.777771061E-1,-7.068140371E-1,9.504465534E1,2.390840930E1,-4.607426357E0,-9.358813323E1
4.955772500E0,6.754686474E-1,1.130653433E-1,-1.781550922E-1,-7.065544164E-1,9.501889210E1,2.394296297E1,-4.640456159E0,-9.356152919E1
4.965816500E0,6.755758163E-1,1.131582692E-1,-1.784831079E-1,-7.063542716E-1,9.500223675E1,2.397787154E1,-4.663183832E0,-9.354254479E1
4.975860500E0,6.756357663E-1,1.133999049E-1,-1.787093232E-1,-7.062009242E-1,9.499291883E1,2.401597460E1,-4.664362104E0,-9.352690690E1
4.985904500E0,6.756622464E-1,1.137828670E-1,-1.788067088E-1,-7.060893918E-1,9.498880285E1,2.405429134E1,-4.642836657E0,-9.351266535E1
4.995949500E0,6.756892888E-1,1.142601353E-1,-1.787585165E-1,-7.059986233E-1,9.498459932E1,2.408748543E1,-4.602098576E0,-9.349571586E1
5.005993500E0,6.757725065E-1,1.147871816E-1,-1.785395636E-1,-7.058888532E-1,9.497166293E1,2.410957469E1,-4.545472707E0,-9.346858094E1
5.016037500E0,6.759637820E-1,1.153134983E-1,-1.781479904E-1,-7.057188196E-1,9.494192359E1,2.411615512E1,-4.478521020E0,-9.342453924E1
5.026081500E0,6.762788837E-1,1.157793026E-1,-1.776439378E-1,-7.054676968E-1,9.489291644E1,2.410765028E1,-4.411351974E0,-9.336277758E1
5.036126500E0,6.766995369E-1,1.161064228E-1,-1.771467552E-1,-7.051354677E-1,9.482746306E1,2.408829355E1,-4.359184359E0,-9.328828716E1
5.046170500E0,6.771945306E-1,1.162289200E-1,-1.767823561E-1,-7.047315112E-1,9.475039831E1,2.406386217E1,-4.336371347E0,-9.320778632E1
5.056214500E0,6.777021156E-1,1.161117543E-1,-1.766713176E-1,-7.042906025E-1,9.467132367E1,2.404222047E1,-4.353408052E0,-9.313183614E1
5.066258500E0,6.781353062E-1,1.157623675E-1,-1.769123028E-1,-7.038704775E-1,9.460379885E1,2.403284073E1,-4.414855079E0,-9.307380738E1
5.076303500E0,6.784335900E-1,1.151930769E-1,-1.775631476E-1,-7.035124295E-1,9.455728166E1,2.404198339E1,-4.522471633E0,-9.304280994E1
5.086347500E0,6.785412186E-1,1.144724369E-1,-1.786054102E-1,-7.032625131E-1,9.454049276E1,2.407388127E1,-4.667542954E0,-9.304569103E1
5.096391500E0,6.784407010E-1,1.136439615E-1,-1.799478242E-1,-7.031514536E-1,9.455617249E1,2.412439778E1,-4.838649671E0,-9.308389306E1
5.106436500E0,6.781160635E-1,1.126845201E-1,-1.814520557E-1,-7.032324822E-1,9.460679913E1,2.418015714E1,-5.025797848E0,-9.316052031E1
5.116480500E0,6.775759345E-1,1.115208219E-1,-1.829675115E-1,-7.035459454E-1,9.469098561E1,2.422262220E1,-5.222791409E0,-9.327596709E1
5.126524500E0,6.768859709E-1,1.100851054E-1,-1.843384063E-1,-7.040781956E-1,9.479844306E1,2.423282960E1,-5.424563590E0,-9.342148993E1
5.136568500E0,6.761311235E-1,1.084300961E-1,-1.853958575E-1,-7.047822139E-1,9.491589970E1,2.419987606E1,-5.616218582E0,-9.358212209E1
5.146613500E0,6.753860185E-1,1.067506706E-1,-1.859606464E-1,-7.056037732E-1,9.503173212E1,2.412293768E1,-5.770444814E0,-9.374101900E1
5.156657500E0,6.747066113E-1,1.052935645E-1,-1.859378291E-1,-7.064781517E-1,9.513725793E1,2.401240760E1,-5.861939939E0,-9.388319360E1
5.166701500E0,6.741226694E-1,1.042499005E-1,-1.853069145E-1,-7.073556886E-1,9.522788510E1,2.388088135E1,-5.874836268E0,-9.399949951E1
5.176745500E0,6.735795019E-1,1.034609352E-1,-1.842541890E-1,-7.082633421E-1,9.531212543E1,2.373234173E1,-5.835028670E0,-9.410266377E1
5.186790500E0,6.729625840E-1,1.025015228E-1,-1.830856281E-1,-7.092915289E-1,9.540773538E1,2.356105618E1,-5.797485247E0,-9.422113768E1
5.196834500E0,6.722040013E-1,1.008699129E-1,-1.820139391E-1,-7.105194589E-1,9.552520115E1,2.334709323E1,-5.817543936E0,-9.437747597E1
5.206878500E0,6.713524953E-1,9.831329037E-2,-1.810596027E-1,-7.119253645E-1,9.565692590E1,2.307259277E1,-5.919218600E0,-9.456933110E1
5.216922500E0,6.705484204E-1,9.497159582E-2,-1.800889371E-1,-7.133816198E-1,9.578118746E1,2.273617369E1,-6.085632226E0,-9.477018847E1
5.226967500E0,6.699226556E-1,9.122187501E-2,-1.790099146E-1,-7.147291072E-1,9.587780879E1,2.235818918E1,-6.283480965E0,-9.494979655E1
5.237011500E0,6.695128434E-1,8.758320586E-2,-1.778304613E-1,-7.158617379E-1,9.594104610E1,2.197893459E1,-6.472402157E0,-9.509048813E1
5.247055500E0,6.693218286E-1,8.468397157E-2,-1.766015804E-1,-7.166929633E-1,9.597051047E1,2.165078957E1,-6.604880848E0,-9.517931205E1
5.257100500E0,6.693665806E-1,8.312776241E-2,-1.753367324E-1,-7.171437739E-1,9.596360800E1,2.142071513E1,-6.632464166E0,-9.520291361E1
5.267144500E0,6.696680965E-1,8.327786841E-2,-1.740354274E-1,-7.171618997E-1,9.591709300E1,2.131623772E1,-6.525449110E0,-9.515214790E1
5.277188500E0,6.702219825E-1,8.509607819E-2,-1.727467085E-1,-7.167425465E-1,9.583160034E1,2.133912875E1,-6.290720120E0,-9.502844833E1
5.287232500E0,6.709542972E-1,8.806668027E-2,-1.716372691E-1,-7.159644603E-1,9.571847859E1,2.146559673E1,-5.982016143E0,-9.485242295E1
5.297277500E0,6.717449576E-1,9.130546011E-2,-1.709535366E-1,-7.149804302E-1,9.559623053E1,2.165034291E1,-5.687987011E0,-9.466008953E1
5.307321500E0,6.725308817E-1,9.416060090E-2,-1.708198389E-1,-7.139024284E-1,9.547459746E1,2.185408793E1,-5.469753607E0,-9.447519343E1
5.317365500E0,6.732136923E-1,9.609759103E-2,-1.713675740E-1,-7.128687032E-1,9.536882738E1,2.204692751E1,-5.377886413E0,-9.432588845E1
5.327409500E0,6.736656158E-1,9.678220863E-2,-1.726525419E-1,-7.120386381E-1,9.529877371E1,2.220801586E1,-5.439510445E0,-9.424082769E1
5.337454500E0,6.737709829E-1,9.621103717E-2,-1.746049920E-1,-7.115400409E-1,9.528243491E1,2.233171499E1,-5.645404416E0,-9.423863908E1
5.347498500E0,6.734979925E-1,9.466878916E-2,-1.770088270E-1,-7.114113719E-1,9.532476192E1,2.242218991E1,-5.954189905E0,-9.431746396E1
5.357542500E0,6.728511293E-1,9.259641808E-2,-1.795836728E-1,-7.116508437E-1,9.542500089E1,2.249017011E1,-6.308024373E0,-9.446590660E1
5.367586500E0,6.718458466E-1,9.041724425E-2,-1.820551561E-1,-7.122526967E-1,9.558062306E1,2.254519074E1,-6.651278329E0,-9.467157851E1
5.377631500E0,6.705157658E-1,8.845761073E-2,-1.842043240E-1,-7.131989883E-1,9.578623132E1,2.259339094E1,-6.941048454E0,-9.492184826E1
5.387675500E0,6.689237463E-1,8.696261459E-2,-1.858749039E-1,-7.144431277E-1,9.603189344E1,2.263923819E1,-7.146834834E0,-9.520165336E1
5.397719500E0,6.671292784E-1,8.602518966E-2,-1.869631302E-1,-7.159490583E-1,9.630822820E1,2.267966439E1,-7.254555946E0,-9.549988544E1
5.407763500E0,6.651755164E-1,8.559684597E-2,-1.874388470E-1,-7.176917488E-1,9.660841611E1,2.270715852E1,-7.267107789E0,-9.581074032E1
5.417808500E0,6.630824855E-1,8.553718184E-2,-1.873460870E-1,-7.196572434E-1,9.692922693E1,2.271398999E1,-7.200212498E0,-9.613392558E1
5.427852500E0,6.608804049E-1,8.569324635E-2,-1.867672686E-1,-7.218114452E-1,9.726589584E1,2.269493502E1,-7.074101964E0,-9.646781284E1
5.437896500E0,6.586163868E-1,8.596473527E-2,-1.857910843E-1,-7.240968739E-1,9.761112847E1,2.264937600E1,-6.905752618E0,-9.680722057E1
5.447941500E0,6.563632374E-1,8.629399172E-2,-1.845072650E-1,-7.264280793E-1,9.795380233E1,2.257997358E1,-6.709465661E0,-9.714223186E1
5.457985500E0,6.541826384E-1,8.663484909E-2,-1.830332474E-1,-7.287237391E-1,9.828459541E1,2.249301693E1,-6.500310786E0,-9.746462878E1
5.468029500E0,6.521273342E-1,8.696531726E-2,-1.814826912E-1,-7.309111316E-1,9.859562712E1,2.239653668E1,-6.290632911E0,-9.776716816E1
5.478073500E0,6.502304942E-1,8.731918220E-2,-1.799474501E-1,-7.329356765E-1,9.888203519E1,2.230107685E1,-6.085702996E0,-9.804438614E1
5.488118500E0,6.485148567E-1,8.771410344E-2,-1.785210691E-1,-7.347550796E-1,9.914055640E1,2.221626796E1,-5.891810833E0,-9.829277887E1
5.498162500E0,6.469784803E-1,8.817173392E-2,-1.773116231E-1,-7.363459097E-1,9.937164458E1,2.215356216E1,-5.715205358E0,-9.851250176E1
5.508206500E0,6.456028124E-1,8.870418296E-2,-1.763635851E-1,-7.377156770E-1,9.957822534E1,2.211813618E1,-5.557504148E0,-9.870624631E1
5.518250500E0,6.443475897E-1,8.930367183E-2,-1.756966612E-1,-7.388989972E-1,9.976644481E1,2.211160842E1,-5.419472179E0,-9.888038447E1
5.528295625E0,6.431604341E-1,8.994751763E-2,-1.752947383E-1,-7.399498499E-1,9.994421830E1,2.213132036E1,-5.300079883E0,-9.904325554E1
5.538339625E0,6.420105838E-1,9.064302755E-2,-1.750824842E-1,-7.409131582E-1,1.001161849E2,2.217134727E1,-5.191934673E0,-9.919925181E1
5.548383625E0,6.408698741E-1,9.137542388E-2,-1.749930591E-1,-7.418314169E-1,1.002865711E2,2.222482693E1,-5.090275282E0,-9.935283402E1
5.558427625E0,6.396952836E-1,9.207223246E-2,-1.749825487E-1,-7.427609656E-1,1.004617974E2,2.228275377E1,-4.996546769E0,-9.951195773E1
5.568472625E0,6.384398817E-1,9.262614478E-2,-1.750229913E-1,-7.437620534E-1,1.006488329E2,2.233501185E1,-4.916261113E0,-9.968603014E1
5.578516625E0,6.376016705E-1,9.310045224E-2,-1.750283149E-1,-7.444202976E-1,1.007735726E2,2.237553120E1,-4.852158836E0,-9.979961788E1
5.588560625E0,6.366703568E-1,9.336337218E-2,-1.750306883E-1,-7.451834453E-1,1.009120358E2,2.240068558E1,-4.802885202E0,-9.993168465E1
5.598604625E0,6.351699922E-1,9.329949600E-2,-1.750820048E-1,-7.464586614E-1,1.011348128E2,2.240954643E1,-4.768227318E0,-1.001554081E2
5.608649625E0,6.336199523E-1,9.309504954E-2,-1.750839145E-1,-7.477998216E-1,1.013645922E2,2.240387453E1,-4.740352287E0,-1.003892600E2
5.618693625E0,6.320586012E-1,9.282740388E-2,-1.750248378E-1,-7.491670443E-1,1.015956675E2,2.238809488E1,-4.713046476E0,-1.006257687E2
5.628737625E0,6.305174596E-1,9.258021788E-2,-1.749200766E-1,-7.505195366E-1,1.018233798E2,2.236951197E1,-4.681333054E0,-1.008583547E2
5.638782625E0,6.290262672E-1,9.239899961E-2,-1.747959831E-1,-7.518209839E-1,1.020433624E2,2.235363360E1,-4.644180737E0,-1.010816636E2
5.648826625E0,6.275757781E-1,9.227178461E-2,-1.747221576E-1,-7.530648691E-1,1.022570131E2,2.234594617E1,-4.607506182E0,-1.012974295E2
5.658870625E0,6.261299305E-1,9.214591568E-2,-1.747549452E-1,-7.542752002E-1,1.024696610E2,2.234798227E1,-4.578900274E0,-1.015122674E2
5.668914625E0,6.246579992E-1,9.193835299E-2,-1.749199185E-1,-7.554817749E-1,1.026858202E2,2.235629759E1,-4.566422046E0,-1.017326261E2
5.678959625E0,6.231293330E-1,9.155085487E-2,-1.751893422E-1,-7.567278043E-1,1.029099664E2,2.236154793E1,-4.575522561E0,-1.019651830E2
5.689003625E0,6.215218048E-1,9.094789415E-2,-1.755087600E-1,-7.580473852E-1,1.031452998E2,2.235646604E1,-4.604626746E0,-1.022138554E2
5.699047625E0,6.198260580E-1,9.025329038E-2,-1.758001238E-1,-7.594500429E-1,1.033931332E2,2.234296578E1,-4.637153237E0,-1.024769764E2
5.709091625E0,6.180062835E-1,8.971239880E-2,-1.759533487E-1,-7.609602066E-1,1.036586231E2,2.232868613E1,-4.642910516E0,-1.027539361E2
5.719136625E0,6.159843833E-1,8.952820126E-2,-1.758919355E-1,-7.626335524E-1,1.039530356E2,2.232127498E1,-4.596552654E0,-1.030512275E2
5.729180625E0,6.136774492E-1,8.979345245E-2,-1.755632533E-1,-7.645355396E-1,1.042882317E2,2.232250836E1,-4.483836022E0,-1.033784659E2
5.739224625E0,6.110663044E-1,9.052938911E-2,-1.749343485E-1,-7.666814675E-1,1.046667126E2,2.233035361E1,-4.299990528E0,-1.037374675E2
5.749268625E0,6.082484399E-1,9.169750746E-2,-1.739904725E-1,-7.689946656E-1,1.050740775E2,2.233953319E1,-4.050120209E0,-1.041144698E2
5.759313625E0,6.053827281E-1,9.327465570E-2,-1.727169502E-1,-7.713498105E-1,1.054872245E2,2.234568089E1,-3.739768719E0,-1.044867442E2
5.769357625E0,6.026387101E-1,9.521422996E-2,-1.711177117E-1,-7.736147031E-1,1.058817680E2,2.234474164E1,-3.378171326E0,-1.048308739E2
5.779401625E0,6.000783945E-1,9.729495138E-2,-1.693106287E-1,-7.757406533E-1,1.062489751E2,2.233185272E1,-2.994953698E0,-1.051434206E2
5.789446625E0,5.976587808E-1,9.909842293E-2,-1.675037643E-1,-7.777699872E-1,1.065951929E2,2.229749545E1,-2.640472780E0,-1.054412383E2
5.799490625E0,5.952708562E-1,1.001301699E-1,-1.659360359E-1,-7.798024452E-1,1.069361135E2,2.223015360E1,-2.372165411E0,-1.057527039E2
5.809534625E0,5.927855409E-1,1.000323760E-1,-1.647890015E-1,-7.819485627E-1,1.072901424E2,2.212286584E1,-2.231015640E0,-1.061055767E2
5.819578625E0,5.900582183E-1,9.873511710E-2,-1.641262845E-1,-7.843119894E-1,1.076777207E2,2.197817070E1,-2.224199412E0,-1.065217735E2
5.829623625E0,5.870579317E-1,9.658787215E-2,-1.638428153E-1,-7.868859185E-1,1.081029862E2,2.181181864E1,-2.313268021E0,-1.069960625E2
5.839667625E0,5.838550978E-1,9.438122648E-2,-1.637360837E-1,-7.895542460E-1,1.085557019E2,2.165982081E1,-2.416197173E0,-1.074983384E2
5.849711625E0,5.805799084E-1,9.308504493E-2,-1.636077017E-1,-7.921455607E-1,1.090173187E2,2.156897382E1,-2.435854678E0,-1.079871202E2
5.859755625E0,5.773435889E-1,9.335721611E-2,-1.633831565E-1,-7.945216631E-1,1.094721582E2,2.157508088E1,-2.310091199E0,-1.084317284E2
5.869800625E0,5.742510322E-1,9.540607451E-2,-1.630912106E-1,-7.965768172E-1,1.099056032E2,2.169304591E1,-2.023767245E0,-1.088122388E2
5.879844625E0,5.713558282E-1,9.899821880E-2,-1.627880588E-1,-7.982806141E-1,1.103103480E2,2.191146570E1,-1.602376171E0,-1.091251038E2
5.889888625E0,5.686532564E-1,1.034851960E-1,-1.626170875E-1,-7.996749477E-1,1.106872670E2,2.220040833E1,-1.113695839E0,-1.093848281E2
5.899932625E0,5.660982934E-1,1.080713395E-1,-1.626951882E-1,-8.008642686E-1,1.110428129E2,2.251809126E1,-6.361101428E-1,-1.096167705E2
5.909977625E0,5.636123247E-1,1.119783286E-1,-1.631217170E-1,-8.019932773E-1,1.113880319E2,2.282223450E1,-2.442576174E-1,-1.098529291E2
5.920021625E0,5.610465300E-1,1.145751593E-1,-1.639723721E-1,-8.032511710E-1,1.117435936E2,2.307813007E1,4.182648058E-3,-1.101328915E2
5.930065625E0,5.581816190E-1,1.154839375E-1,-1.652496455E-1,-8.048535310E-1,1.121397247E2,2.326135539E1,8.116983767E-2,-1.104991629E2
5.940109625E0,5.548192593E-1,1.146632567E-1,-1.668860786E-1,-8.069553627E-1,1.126034666E2,2.336417674E1,-7.274338245E-3,-1.109808469E2
5.950154625E0,5.508998869E-1,1.124689996E-1,-1.686976844E-1,-8.095684357E-1,1.131424582E2,2.339487397E1,-2.159120032E-1,-1.115752308E2
5.960198625E0,5.465170045E-1,1.095151430E-1,-1.703925725E-1,-8.125835686E-1,1.137432170E2,2.336790450E1,-4.735243711E-1,-1.122509681E2
5.970242625E0,5.417765904E-1,1.063621267E-1,-1.717229694E-1,-8.158900626E-1,1.143906777E2,2.329679337E1,-7.168671313E-1,-1.129769773E2
5.980287625E0,5.367946960E-1,1.033819336E-1,-1.725637674E-1,-8.193810544E-1,1.150685894E2,2.319303343E1,-9.078457617E-1,-1.137269030E2
5.990331625E0,5.317414574E-1,1.008874750E-1,-1.728478978E-1,-8.229193667E-1,1.157536125E2,2.306865119E1,-1.018559015E0,-1.144696294E2
6.000375625E0,5.267841345E-1,9.910715524E-2,-1.725797121E-1,-8.263731428E-1,1.164231437E2,2.293645267E1,-1.032842493E0,-1.151773603E2
6.010419625E0,5.220366292E-1,9.808295257E-2,-1.718183003E-1,-8.296601756E-1,1.170620721E2,2.280282554E1,-9.534373730E-1,-1.158346426E2
6.020464625E0,5.175253359E-1,9.770084924E-2,-1.706921155E-1,-8.327582850E-1,1.176671963E2,2.267189044E1,-7.994513469E-1,-1.164417413E2
6.030508625E0,5.131788263E-1,9.776523382E-2,-1.693665286E-1,-8.357059408E-1,1.182483946E2,2.254718573E1,-5.972997989E-1,-1.170137021E2
6.040552625E0,5.088890252E-1,9.807080901E-2,-1.680323385E-1,-8.385578600E-1,1.188202869E2,2.243481919E1,-3.749193514E-1,-1.175704010E2
6.050596625E0,5.045257411E-1,9.845496173E-2,-1.668807338E-1,-8.413745233E-1,1.194002499E2,2.234396093E1,-1.556303572E-1,-1.181331620E2
6.060641625E0,4.999784966E-1,9.876050004E-2,-1.660753128E-1,-8.442078241E-1,1.200028453E2,2.228169164E1,3.899569887E-2,-1.187204041E2
6.070685625E0,4.951831756E-1,9.887736798E-2,-1.656735532E-1,-8.470945672E-1,1.206363403E2,2.224757165E1,1.970663602E-1,-1.193429958E2
6.080729625E0,4.901192739E-1,9.876891097E-2,-1.656393432E-1,-8.500538238E-1,1.213031572E2,2.223632084E1,3.180912824E-1,-1.200041963E2
6.090773625E0,4.848178326E-1,9.842536411E-2,-1.658850250E-1,-8.530805155E-1,1.219989240E2,2.223911617E1,4.057425421E-1,-1.206998820E2
6.100818625E0,4.793125902E-1,9.787425718E-2,-1.662988597E-1,-8.561686361E-1,1.227189684E2,2.224681187E1,4.684248133E-1,-1.214246992E2
6.110862625E0,4.736487281E-1,9.720481771E-2,-1.667315814E-1,-8.593071434E-1,1.234571895E2,2.224976837E1,5.221542983E-1,-1.221703574E2
6.120906625E0,4.678950511E-1,9.647839834E-2,-1.670464789E-1,-8.624740997E-1,1.242045074E2,2.223766529E1,5.786856340E-1,-1.229263109E2
6.130950625E0,4.621177929E-1,9.571670469E-2,-1.671708490E-1,-8.656439010E-1,1.249523011E2,2.220424440E1,6.421797133E-1,-1.236835640E2
6.140995625E0,4.563462667E-1,9.491347532E-2,-1.670771091E-1,-8.688065372E-1,1.256968222E2,2.214620526E1,7.123690829E-1,-1.244386028E2
6.151039625E0,4.505638666E-1,9.404244747E-2,-1.667563506E-1,-8.719750741E-1,1.264402664E2,2.206105872E1,7.870721284E-1,-1.251942852E2
6.161083625E0,4.447290779E-1,9.307776143E-2,-1.662213674E-1,-8.751702899E-1,1.271879869E2,2.194863471E1,8.635277566E-1,-1.259565694E2
6.171127625E0,4.387905659E-1,9.199659467E-2,-1.654990916E-1,-8.784130052E-1,1.279465202E2,2.181046724E1,9.387262150E-1,-1.267324460E2
6.181172625E0,4.327017371E-1,9.077472065E-2,-1.646523351E-1,-8.817135671E-1,1.287217165E2,2.165187417E1,1.007535335E0,-1.275282516E2
6.191216625E0,4.263925646E-1,8.938601887E-2,-1.637164064E-1,-8.850969053E-1,1.295223198E2,2.147531122E1,1.066660398E0,-1.283531414E2
6.201260625E0,4.198310168E-1,8.785870928E-2,-1.627149472E-1,-8.885643687E-1,1.303521613E2,2.128492789E1,1.117950189E0,-1.292100993E2
6.211305625E0,4.130377035E-1,8.619549190E-2,-1.616651509E-1,-8.920956003E-1,1.312083961E2,2.108295314E1,1.159839346E0,-1.300961578E2
6.221349625E0,4.060654768E-1,8.441145532E-2,-1.605958880E-1,-8.956530893E-1,1.320841747E2,2.087353882E1,1.190799157E0,-1.310040771E2
6.231393625E0,3.990125389E-1,8.255529494E-2,-1.595108516E-1,-8.991829722E-1,1.329670760E2,2.065984442E1,1.213097930E0,-1.319203654E2
6.241437625E0,3.919595377E-1,8.063346977E-2,-1.584516723E-1,-9.026400042E-1,1.338470347E2,2.044691521E1,1.223512722E0,-1.328348051E2
6.251482625E0,3.849907038E-1,7.864482077E-2,-1.574485062E-1,-9.059840405E-1,1.347136737E2,2.023826982E1,1.218743486E0,-1.337371213E2
6.261526625E0,3.781764014E-1,7.656656757E-2,-1.565249555E-1,-9.091865266E-1,1.355584592E2,2.003575555E1,1.194044214E0,-1.346193023E2
6.271570625E0,3.715639191E-1,7.434399303E-2,-1.557273711E-1,-9.122291709E-1,1.363757988E2,1.984230228E1,1.140958913E0,-1.354768906E2
6.281614625E0,3.651530673E-1,7.196328878E-2,-1.550841022E-1,-9.151139330E-1,1.371659939E2,1.966084213E1,1.057186897E0,-1.363103703E2
6.291659625E0,3.588855359E-1,6.933848052E-2,-1.546317902E-1,-9.178683560E-1,1.379364625E2,1.949209029E1,9.337888503E-1,-1.371287177E2
6.301703625E0,3.526621323E-1,6.641473783E-2,-1.544151290E-1,-9.205294237E-1,1.386995405E2,1.933924801E1,7.655346921E-1,-1.379450924E2
6.311747625E0,3.463824415E-1,6.317350030E-2,-1.544218699E-1,-9.231371967E-1,1.394675840E2,1.920110518E1,5.533464508E-1,-1.387718988E2
6.321791625E0,3.399668482E-1,5.961459407E-2,-1.546292376E-1,-9.257204614E-1,1.402502914E2,1.907619999E1,2.999602422E-1,-1.396185126E2
6.331836625E0,3.334087564E-1,5.587286535E-2,-1.549679455E-1,-9.282789015E-1,1.410483915E2,1.896339273E1,2.268134500E-2,-1.404828074E2
6.341880625E0,3.267782353E-1,5.222473951E-2,-1.553652428E-1,-9.307793687E-1,1.418533126E2,1.886602521E1,-2.475494538E-1,-1.413507975E2
6.351924625E0,3.201582509E-1,4.886830674E-2,-1.557702793E-1,-9.331914117E-1,1.426550090E2,1.878572836E1,-4.890432917E-1,-1.422088765E2
6.361968625E0,3.136337080E-1,4.593165131E-2,-1.561474198E-1,-9.354903959E-1,1.434432966E2,1.872240690E1,-6.880787590E-1,-1.430448211E2
6.372013625E0,3.072842220E-1,4.352847489E-2,-1.564883509E-1,-9.376530139E-1,1.442087178E2,1.867796247E1,-8.333157621E-1,-1.438474169E2
6.382057625E0,3.011427097E-1,4.163589173E-2,-1.568086038E-1,-9.396757676E-1,1.449475003E2,1.865186573E1,-9.279490760E-1,-1.446136664E2
6.392101625E0,2.951479527E-1,4.001343826E-2,-1.571676422E-1,-9.415864107E-1,1.456671811E2,1.864128325E1,-9.983261252E-1,-1.453558048E2
6.402146625E0,2.891377278E-1,3.832661602E-2,-1.575721677E-1,-9.434518302E-1,1.463873198E2,1.863530947E1,-1.077309217E0,-1.460995142E2
6.412190625E0,2.829364302E-1,3.627895880E-2,-1.579822723E-1,-9.453425167E-1,1.471289230E2,1.862018060E1,-1.192170317E0,-1.468710763E2
6.422234625E0,2.763462647E-1,3.350305672E-2,-1.582922255E-1,-9.473403617E-1,1.479154824E2,1.857356149E1,-1.375765748E0,-1.477002529E2
6.432278625E0,2.691902988E-1,2.956336425E-2,-1.583142841E-1,-9.495256968E-1,1.487678188E2,1.846331125E1,-1.667026182E0,-1.486149194E2
6.442323625E0,2.614420643E-1,2.430779448E-2,-1.578019944E-1,-9.519220402E-1,1.496887073E2,1.826101137E1,-2.076504529E0,-1.496189280E2
6.452367625E0,2.532438911E-1,1.804343990E-2,-1.566316555E-1,-9.544676466E-1,1.506608953E2,1.796580834E1,-2.572772378E0,-1.506875436E2
6.462411625E0,2.448424226E-1,1.153727304E-2,-1.548722458E-1,-9.570443364E-1,1.516549568E2,1.760939869E1,-3.081432944E0,-1.517768184E2
6.472455625E0,2.364508165E-1,5.821291106E-3,-1.527398629E-1,-9.595454989E-1,1.526456822E2,1.724316759E1,-3.500620164E0,-1.528449136E2
6.482500625E0,2.282066822E-1,1.779650678E-3,-1.506235432E-1,-9.618894116E-1,1.536169708E2,1.692984729E1,-3.745395869E0,-1.538644682E2
6.492544625E0,2.202308548E-1,-7.727624674E-5,-1.489484167E-1,-9.640086816E-1,1.545548149E2,1.672412984E1,-3.770207888E0,-1.548172553E2
6.502588625E0,2.126150035E-1,3.488231233E-4,-1.480199374E-1,-9.658596026E-1,1.554487154E2,1.665675647E1,-3.570042788E0,-1.556936999E2
6.512632625E0,2.053465688E-1,2.545274523E-3,-1.479295219E-1,-9.674415846E-1,1.563004248E2,1.672152941E1,-3.200420385E0,-1.565032878E2
6.522677625E0,1.983522571E-1,5.551272053E-3,-1.485759071E-1,-9.687883028E-1,1.571187599E2,1.688290801E1,-2.761850421E0,-1.572680073E2
6.532722625E0,1.915889523E-1,8.353062833E-3,-1.497600912E-1,-9.699463296E-1,1.579089436E2,1.709569917E1,-2.360148432E0,-1.580077281E2
6.542766625E0,1.850020321E-1,1.005826637E-2,-1.512719461E-1,-9.709736591E-1,1.586774983E2,1.731839826E1,-2.088240940E0,-1.587432362E2
6.552811625E0,1.784682591E-1,1.006047381E-2,-1.528795902E-1,-9.719443010E-1,1.594388941E2,1.751505340E1,-2.006442353E0,-1.594996443E2
6.562855625E0,1.718528054E-1,8.197398716E-3,-1.543751554E-1,-9.729171345E-1,1.602088748E2,1.766282842E1,-2.126667496E0,-1.602960454E2
6.572899625E0,1.651023133E-1,4.712876406E-3,-1.556057064E-1,-9.739127274E-1,1.609936438E2,1.775338828E1,-2.418706982E0,-1.611346517E2
6.582943625E0,1.582837961E-1,1.970417851E-4,-1.565141395E-1,-9.749100904E-1,1.617854087E2,1.779464726E1,-2.817974569E0,-1.619973940E2
6.592988625E0,1.514684400E-1,-4.521166197E-3,-1.570883429E-1,-9.758893724E-1,1.625759312E2,1.780141981E1,-3.233895944E0,-1.628615465E2
6.603032625E0,1.447243542E-1,-8.709957078E-3,-1.573700050E-1,-9.768386038E-1,1.633573650E2,1.778991481E1,-3.587167430E0,-1.637067889E2
6.613076625E0,1.381419437E-1,-1.177283178E-2,-1.574322243E-1,-9.777491443E-1,1.641193145E2,1.777512602E1,-3.814001838E0,-1.645129347E2
6.623120625E0,1.318626954E-1,-1.332869850E-2,-1.573768592E-1,-9.786046831E-1,1.648455127E2,1.777033613E1,-3.875652655E0,-1.652578424E2
6.633165625E0,1.259807234E-1,-1.333287104E-2,-1.572666768E-1,-9.793969175E-1,1.655252103E2,1.777947487E1,-3.769428171E0,-1.659302738E2
6.643209625E0,1.204704444E-1,-1.212024825E-2,-1.571117502E-1,-9.801306098E-1,1.661614919E2,1.779670188E1,-3.532430752E0,-1.665387734E2
6.653253625E0,1.152407370E-1,-1.024948136E-2,-1.568882402E-1,-9.808162969E-1,1.667649788E2,1.781107444E1,-3.225481929E0,-1.671030917E2
6.663297625E0,1.102466727E-1,-8.270133640E-3,-1.565704899E-1,-9.814596264E-1,1.673409293E2,1.781268004E1,-2.909375067E0,-1.676377651E2
6.673342625E0,1.055002632E-1,-6.580729901E-3,-1.561665018E-1,-9.820582802E-1,1.678880208E2,1.779802597E1,-2.629454715E0,-1.681485099E2
6.683386625E0,1.009955237E-1,-5.411165392E-3,-1.557279322E-1,-9.826085495E-1,1.684069999E2,1.777119911E1,-2.412278377E0,-1.686403300E2
6.693430625E0,9.665102656E-2,-4.891173380E-3,-1.553458131E-1,-9.831085797E-1,1.689072920E2,1.774238479E1,-2.272130988E0,-1.691250834E2
6.703474625E0,9.239567000E-2,-5.031222089E-3,-1.551255695E-1,-9.835515852E-1,1.693971134E2,1.772476046E1,-2.210033370E0,-1.696113078E2
6.713519625E0,8.825297197E-2,-5.645470259E-3,-1.551760087E-1,-9.839206230E-1,1.698737804E2,1.773356545E1,-2.206368437E0,-1.700933547E2
6.723563625E0,8.430773192E-2,-6.421067102E-3,-1.555537182E-1,-9.842022061E-1,1.703275641E2,1.777866026E1,-2.227534561E0,-1.705563183E2
6.733607625E0,8.064997553E-2,-7.142052166E-3,-1.562373190E-1,-9.843954915E-1,1.707481454E2,1.785945092E1,-2.250141289E0,-1.709862183E2
6.743652625E0,7.731995303E-2,-7.749872942E-3,-1.571347519E-1,-9.845151886E-1,1.711309339E2,1.796561032E1,-2.267157530E0,-1.713772941E2
6.753696625E0,7.432466080E-2,-8.267652244E-3,-1.581301919E-1,-9.845823707E-1,1.714751602E2,1.808340960E1,-2.280189776E0,-1.717289245E2
6.763740625E0,7.163510181E-2,-8.711916906E-3,-1.591271282E-1,-9.846172683E-1,1.717841851E2,1.820150611E1,-2.289804128E0,-1.720444854E2
6.773784625E0,6.917153422E-2,-9.136409428E-3,-1.600682674E-1,-9.846369930E-1,1.720671914E2,1.831297799E1,-2.300265846E0,-1.723338735E2
6.783829625E0,6.680949839E-2,-9.612384325E-3,-1.609312030E-1,-9.846549054E-1,1.723384887E2,1.841499307E1,-2.317285047E0,-1.726124637E2
6.793873625E0,6.441049977E-2,-1.012297232E-2,-1.616974749E-1,-9.846840710E-1,1.726139873E2,1.850586040E1,-2.336360839E0,-1.728956346E2
6.803917625E0,6.188636716E-2,-1.060920471E-2,-1.623636427E-1,-9.847312333E-1,1.729038101E2,1.858576610E1,-2.349247861E0,-1.731923008E2
6.813961625E0,5.920928363E-2,-1.102478844E-2,-1.629230736E-1,-9.847988369E-1,1.732111453E2,1.865424193E1,-2.350216524E0,-1.735047269E2
6.824006625E0,5.638228377E-2,-1.133027933E-2,-1.633480192E-1,-9.848908435E-1,1.735356381E2,1.870820008E1,-2.334764167E0,-1.738317491E2
6.834050625E0,5.343676697E-2,-1.152802708E-2,-1.636030129E-1,-9.850104984E-1,1.738736796E2,1.874331705E1,-2.303640934E0,-1.741697464E2
6.844094625E0,5.043999960E-2,-1.163486407E-2,-1.636689253E-1,-9.851562843E-1,1.742175481E2,1.875701164E1,-2.260058856E0,-1.745113574E2
6.854138625E0,4.745507549E-2,-1.171095494E-2,-1.635738051E-1,-9.853194769E-1,1.745600058E2,1.875203150E1,-2.212331712E0,-1.748506307E2
6.864183625E0,4.454154815E-2,-1.180573266E-2,-1.634204012E-1,-9.854798035E-1,1.748942253E2,1.873994302E1,-2.167822721E0,-1.751819878E2
6.874227625E0,4.174721209E-2,-1.191241160E-2,-1.633071262E-1,-9.856196468E-1,1.752147312E2,1.873212935E1,-2.127161759E0,-1.755001182E2
6.884271625E0,3.907910585E-2,-1.202535989E-2,-1.633395319E-1,-9.857222743E-1,1.755207237E2,1.874087973E1,-2.090250175E0,-1.758043465E2
6.894315625E0,3.651855836E-2,-1.212172339E-2,-1.635697959E-1,-9.857810692E-1,1.758143508E2,1.877239075E1,-2.054230044E0,-1.760964636E2
6.904360625E0,3.406354658E-2,-1.213757587E-2,-1.640183069E-1,-9.857942612E-1,1.760958498E2,1.882923268E1,-2.011747049E0,-1.763755334E2
6.914404625E0,3.172279491E-2,-1.201580836E-2,-1.646663726E-1,-9.857658542E-1,1.763642255E2,1.890933183E1,-1.956280506E0,-1.766394260E2
6.924448625E0,2.952083281E-2,-1.172954697E-2,-1.654533175E-1,-9.857059635E-1,1.766166702E2,1.900558537E1,-1.884936163E0,-1.768846842E2
6.934492625E0,2.746457236E-2,-1.129598234E-2,-1.663135558E-1,-9.856256316E-1,1.768523960E2,1.911024087E1,-1.799536922E0,-1.771106623E2
6.944537625E0,2.554760725E-2,-1.075510656E-2,-1.671760331E-1,-9.855373340E-1,1.770721413E2,1.921491647E1,-1.704285855E0,-1.773186709E2
6.954581625E0,2.376239319E-2,-1.014110073E-2,-1.679716707E-1,-9.854532510E-1,1.772767740E2,1.931150407E1,-1.602770784E0,-1.775100809E2
6.964625625E0,2.209805629E-2,-9.453000749E-3,-1.686593282E-1,-9.853813063E-1,1.774675431E2,1.939523575E1,-1.494655848E0,-1.776860488E2
6.974670625E0,2.055771542E-2,-8.697781907E-3,-1.692558852E-1,-9.853193083E-1,1.776440934E2,1.946806250E1,-1.380916914E0,-1.778464068E2
6.984714625E0,1.915013712E-2,-7.838054686E-3,-1.698330389E-1,-9.852556244E-1,1.778054218E2,1.953838404E1,-1.257721989E0,-1.779895549E2
6.994758625E0,1.785214062E-2,-6.831398283E-3,-1.704930585E-1,-9.851734802E-1,1.779541867E2,1.961819537E1,-1.120063852E0,-1.781173933E2
7.004802625E0,1.662048327E-2,-5.782094537E-3,-1.712611374E-1,-9.850684924E-1,1.780953452E2,1.971032570E1,-9.789118710E-1,-1.782368094E2
7.014847625E0,1.538604422E-2,-4.971526347E-3,-1.720632973E-1,-9.849531365E-1,1.782368196E2,1.980586053E1,-8.645222935E-1,-1.783610317E2
7.024891625E0,1.407013532E-2,-4.832120377E-3,-1.727287381E-1,-9.848570417E-1,1.783876281E2,1.988451511E1,-8.238574164E-1,-1.785074166E2
7.034935625E0,1.260456296E-2,-5.763376068E-3,-1.730624147E-1,-9.848133354E-1,1.785555852E2,1.992349712E1,-9.004088048E-1,-1.786915798E2
7.044979625E0,1.098768341E-2,-7.791909155E-3,-1.729870509E-1,-9.848320065E-1,1.787408789E2,1.991450560E1,-1.097218039E0,-1.789141961E2
7.055024625E0,9.298311278E-3,-1.052878325E-2,-1.725644181E-1,-9.848980506E-1,1.789344767E2,1.986580933E1,-1.372289003E0,-1.791585123E2
7.065068625E0,7.609739939E-3,-1.335787465E-2,-1.720220461E-1,-9.849730720E-1,1.791279796E2,1.980455419E1,-1.657934610E0,-1.794041455E2
7.075112625E0,5.947552528E-3,-1.565612650E-2,-1.716646988E-1,-9.850130272E-1,1.793184567E2,1.976606550E1,-1.884508419E0,-1.796364525E2
7.085156625E0,4.329450720E-3,-1.705788326E-2,-1.717634541E-1,-9.849809956E-1,1.795038799E2,1.978114049E1,-2.010959821E0,-1.798469825E2
7.095201625E0,2.835850702E-3,-1.742908636E-2,-1.725070141E-1,-9.848500032E-1,1.796750350E2,1.987079108E1,-2.023447457E0,1.799754905E2
7.105245625E0,1.605373460E-3,-1.683516878E-2,-1.739683559E-1,-9.846060151E-1,1.798160377E2,2.004275836E1,-1.931840269E0,1.798454281E2
7.115289625E0,7.310792343E-4,-1.541798627E-2,-1.760826473E-1,-9.842543418E-1,1.799162245E2,2.028927869E1,-1.753977463E0,1.797712509E2
7.125333625E0,2.275086883E-4,-1.344486575E-2,-1.786646423E-1,-9.838181219E-1,1.799739294E2,2.058917212E1,-1.520573602E0,1.797502970E2
7.135378625E0,5.900558792E-7,1.125377227E-2,1.814579721E-1,9.833342760E-1,1.799999324E2,2.091331790E1,-1.268186682E0,1.797658696E2
7.145422625E0,7.877245987E-5,9.184936255E-3,1.842421244E-1,9.828379126E-1,1.799909733E2,2.123663290E1,-1.032845637E0,1.797971770E2
7.155466625E0,1.139650784E-4,7.455672134E-3,1.868808332E-1,9.823542775E-1,1.799869406E2,2.154348338E1,-8.368705430E-1,1.798274894E2
7.165511625E0,1.913045454E-4,6.167569614E-3,1.893283113E-1,9.818944976E-1,1.799780781E2,2.182853236E1,-6.898215594E-1,1.798446555E2
7.175555625E0,4.193611427E-4,5.474717571E-3,1.915842424E-1,9.814608486E-1,1.799519448E2,2.209173022E1,-6.065304660E-1,1.798326345E2
7.185599625E0,8.807426933E-4,5.464370520E-3,1.936687623E-1,9.810513920E-1,1.798990743E2,2.233542430E1,-5.947702038E-1,1.797797046E2
7.195643625E0,1.583204217E-3,6.099481380E-3,1.955791104E-1,9.806676449E-1,1.798185781E2,2.255934884E1,-6.499683673E-1,1.796853638E2
7.205688625E0,2.478023958E-3,7.305534523E-3,1.973024739E-1,9.803123049E-1,1.797160391E2,2.276216470E1,-7.646675506E-1,1.795564137E2
7.215732625E0,3.453934235E-3,8.964845413E-3,1.987802162E-1,9.799970043E-1,1.796042075E2,2.293714592E1,-9.281116491E-1,1.794078310E2
7.225776625E0,4.415598878E-3,1.096797976E-2,1.999298769E-1,9.797388548E-1,1.794940080E2,2.307472142E1,-1.130283643E0,1.792528155E2
7.235820625E0,5.273961595E-3,1.324718649E-2,2.006984563E-1,9.795492783E-1,1.793956457E2,2.316868932E1,-1.365808174E0,1.791030530E2
7.245865625E0,6.038210399E-3,1.577257297E-2,2.010707499E-1,9.794311407E-1,1.793080679E2,2.321734628E1,-1.631321420E0,1.789584088E2
7.255909625E0,6.783914589E-3,1.851687018E-2,2.010541757E-1,9.793816182E-1,1.792226147E2,2.322173971E1,-1.922192541E0,1.788112827E2
7.265953625E0,7.577961215E-3,2.135392207E-2,2.007259992E-1,9.793854114E-1,1.791316213E2,2.319091536E1,-2.222788763E0,1.786572255E2
7.275997625E0,8.426503716E-3,2.399024959E-2,2.002333658E-1,9.794182438E-1,1.790343824E2,2.314146971E1,-2.499945774E0,1.785022143E2
7.286042625E0,9.331438701E-3,2.606983832E-2,1.997614054E-1,9.794532678E-1,1.789306804E2,2.309396511E1,-2.713410906E0,1.783538309E2
7.296086625E0,1.029057453E-2,2.731392899E-2,1.994858282E-1,9.794659540E-1,1.788207662E2,2.306777361E1,-2.831591483E0,1.782181592E2
7.306130625E0,1.128051971E-2,2.758916372E-2,1.995265263E-1,9.794390643E-1,1.787073202E2,2.307600639E1,-2.839726220E0,1.781004460E2
7.316174625E0,1.223038324E-2,2.691129488E-2,1.998828146E-1,9.793737788E-1,1.785984664E2,2.311808829E1,-2.741109966E0,1.780083292E2
7.326219625E0,1.307441602E-2,2.549141497E-2,2.004616753E-1,9.792825731E-1,1.785017396E2,2.318349060E1,-2.561100840E0,1.779447595E2
7.336263625E0,1.375584627E-2,2.372910772E-2,2.010982613E-1,9.791870683E-1,1.784236464E2,2.325408921E1,-2.346225540E0,1.779074678E2
7.346307625E0,1.421988307E-2,2.201334112E-2,2.016484989E-1,9.791073265E-1,1.783704665E2,2.331422875E1,-2.141757253E0,1.778939537E2
7.356352625E0,1.444713888E-2,2.062211580E-2,2.020382730E-1,9.790539686E-1,1.783444222E2,2.335613742E1,-1.979537764E0,1.778999931E2
7.366396625E0,1.446699005E-2,1.975586109E-2,2.022724725E-1,9.790231592E-1,1.783421472E2,2.338105470E1,-1.881378187E0,1.779174843E2
7.376440625E0,1.436756563E-2,1.950133627E-2,2.024034438E-1,9.790026337E-1,1.783535416E2,2.339547673E1,-1.854852543E0,1.779343303E2
7.386484625E0,1.425764665E-2,1.987412514E-2,2.024969887E-1,9.789773456E-1,1.783661387E2,2.340730116E1,-1.899036738E0,1.779377951E2
7.396529625E0,1.423256927E-2,2.079722542E-2,2.025910816E-1,9.789391184E-1,1.783690126E2,2.342095544E1,-2.002990093E0,1.779188755E2
7.406573625E0,1.432828477E-2,2.212059432E-2,2.027190815E-1,9.788822623E-1,1.783580433E2,2.344008585E1,-2.148962685E0,1.778769356E2
7.416617625E0,1.451141282E-2,2.360714527E-2,2.028758573E-1,9.788122564E-1,1.783370562E2,2.346343721E1,-2.311130298E0,1.778212345E2
7.426661625E0,1.472876412E-2,2.500997152E-2,2.030316215E-1,9.787419133E-1,1.783121469E2,2.348669170E1,-2.463090835E0,1.777635790E2
7.436706625E0,1.494118424E-2,2.616824067E-2,2.031255141E-1,9.786888926E-1,1.782878027E2,2.350205955E1,-2.587856515E0,1.777123091E2
7.446750625E0,1.512271071E-2,2.700122572E-2,2.031023597E-1,9.786682827E-1,1.782669989E2,2.350265599E1,-2.677120631E0,1.776724299E2
7.456794625E0,1.524704392E-2,2.751470077E-2,2.029276610E-1,9.786882603E-1,1.782527498E2,2.348430771E1,-2.732241298E0,1.776468954E2
7.466838625E0,1.531384667E-2,2.781218377E-2,2.025858817E-1,9.787496683E-1,1.782450938E2,2.344550924E1,-2.764883453E0,1.776333765E2
7.476883625E0,1.538043869E-2,2.805291603E-2,2.020908564E-1,9.788440772E-1,1.782374621E2,2.338857465E1,-2.791544512E0,1.776216668E2
7.486927625E0,1.552007120E-2,2.837599269E-2,2.015004844E-1,9.789542913E-1,1.782214594E2,2.332097894E1,-2.825999272E0,1.776001318E2
7.496971625E0,1.575402836E-2,2.885827908E-2,2.008909356E-1,9.790617236E-1,1.781946466E2,2.325199387E1,-2.876217818E0,1.775643908E2
7.507015625E0,1.608842145E-2,2.953869254E-2,2.003654540E-1,9.791436570E-1,1.781563232E2,2.319390646E1,-2.946193466E0,1.775125713E2
7.517060625E0,1.651486327E-2,3.043319091E-2,2.000122265E-1,9.791813363E-1,1.781074500E2,2.315714032E1,-3.037691032E0,1.774449785E2
7.527104417E0,1.702913911E-2,3.156572941E-2,1.998605716E-1,9.791676808E-1,1.780485101E2,2.314530166E1,-3.153396890E0,1.773614011E2
7.537148417E0,1.763963621E-2,3.296096395E-2,1.998697965E-1,9.791090545E-1,1.779785417E2,2.315387793E1,-3.295952141E0,1.772603833E2
7.547193417E0,1.834846191E-2,3.464830249E-2,1.999634995E-1,9.790186073E-1,1.778973031E2,2.317422796E1,-3.468778012E0,1.771411790E2
7.557237417E0,1.911224710E-2,3.651777338E-2,2.000816740E-1,9.789118915E-1,1.778097645E2,2.319890019E1,-3.660673360E0,1.770113653E2
7.567281417E0,1.988867634E-2,3.841259032E-2,2.001828897E-1,9.788032370E-1,1.777207753E2,2.322229141E1,-3.855132063E0,1.768794781E2
7.577325417E0,2.065912073E-2,4.016294367E-2,2.002571366E-1,9.787018316E-1,1.776324707E2,2.324233782E1,-4.033563039E0,1.767516279E2
7.587370417E0,2.144073404E-2,4.157560066E-2,2.003124543E-1,9.786147141E-1,1.775428846E2,2.325896290E1,-4.173866396E0,1.766304105E2
7.597414417E0,2.228101576E-2,4.252443686E-2,2.003956259E-1,9.785381333E-1,1.774465724E2,2.327698861E1,-4.260631303E0,1.765132831E2
7.607458417E0,2.325178412E-2,4.306327905E-2,2.005272768E-1,9.784650085E-1,1.773353017E2,2.329921121E1,-4.298153471E0,1.763908515E2
7.617502417E0,2.447071313E-2,4.352038796E-2,2.005781007E-1,9.784046964E-1,1.771955829E2,2.331262964E1,-4.321018180E0,1.762427591E2
7.627547417E0,2.604793249E-2,4.432777933E-2,2.003674244E-1,9.783708946E-1,1.770147892E2,2.329900783E1,-4.375903866E0,1.760472559E2
7.637591417E0,2.807620743E-2,4.589165922E-2,1.997000290E-1,9.783790711E-1,1.767822808E2,2.323864789E1,-4.507249860E0,1.757852600E2
7.647635417E0,3.060438614E-2,4.841827323E-2,1.984161148E-1,9.784426707E-1,1.764924480E2,2.311531006E1,-4.738271181E0,1.754473884E2
7.657679417E0,3.361257530E-2,5.176189862E-2,1.964715752E-1,9.785652337E-1,1.761475569E2,2.292430440E1,-5.054135880E0,1.750400242E2
7.667724417E0,3.704606832E-2,5.551776761E-2,1.940054419E-1,9.787274569E-1,1.757538617E2,2.268028315E1,-5.410988694E0,1.745786962E2
7.677768417E0,4.085011642E-2,5.920080685E-2,1.912908951E-1,9.788944849E-1,1.753176186E2,2.241209639E1,-5.754958962E0,1.740797028E2
7.687812417E0,4.490767782E-2,6.215939971E-2,1.886793394E-1,9.790402287E-1,1.748522279E2,2.215462819E1,-6.013731303E0,1.735690581E2
7.697856417E0,4.900591093E-2,6.368564773E-2,1.865497381E-1,9.791536459E-1,1.743820861E2,2.194313517E1,-6.109675824E0,1.730840245E2
7.707901417E0,5.284763832E-2,6.325711965E-2,1.851949909E-1,9.792387403E-1,1.739412843E2,2.180275295E1,-5.987610540E0,1.726675142E2
7.717945417E0,5.616438456E-2,6.074133211E-2,1.847555679E-1,9.792963551E-1,1.735606472E2,2.174491750E1,-5.636343400E0,1.723517406E2
7.727989417E0,5.886212004E-2,5.645735258E-2,1.851533972E-1,9.793191144E-1,1.732509968E2,2.176243670E1,-5.093568282E0,1.721409758E2
7.738033417E0,6.103929980E-2,5.112085033E-2,1.861545904E-1,9.792892323E-1,1.730010608E2,2.183623253E1,-4.439058747E0,1.720100170E2
7.748078417E0,6.285292083E-2,4.559370208E-2,1.874828799E-1,9.791940225E-1,1.727928352E2,2.194420963E1,-3.768336207E0,1.719237857E2
7.758122417E0,6.442697919E-2,4.069575886E-2,1.888695059E-1,9.790410716E-1,1.726120950E2,2.206397614E1,-3.172888709E0,1.718512842E2
7.768166417E0,6.590384690E-2,3.710663861E-2,1.900890882E-1,9.788493456E-1,1.724424979E2,2.217617426E1,-2.727645439E0,1.717617702E2
7.778211417E0,6.751086409E-2,3.532465931E-2,1.909524348E-1,9.786376420E-1,1.722579362E2,2.226385141E1,-2.484972425E0,1.716184146E2
7.788255417E0,6.946125165E-2,3.553910775E-2,1.913591888E-1,9.784139265E-1,1.720339122E2,2.231787285E1,-2.462174021E0,1.713925830E2
7.798299417E0,7.185068294E-2,3.750669122E-2,1.913149557E-1,9.781765133E-1,1.717594175E2,2.233799743E1,-2.629889119E0,1.710785741E2
7.808343417E0,7.464624125E-2,4.064673681E-2,1.908968589E-1,9.779234215E-1,1.714382071E2,2.232920271E1,-2.923314290E0,1.706929224E2
7.818388417E0,7.779001683E-2,4.433221002E-2,1.901887445E-1,9.776562526E-1,1.710769059E2,2.229618123E1,-3.273010921E0,1.702562040E2
7.828432417E0,8.126072551E-2,4.803805597E-2,1.892768763E-1,9.773757232E-1,1.706779281E2,2.224400763E1,-3.620115628E0,1.697826097E2
7.838476417E0,8.505212956E-2,5.141292799E-2,1.882370451E-1,9.770822547E-1,1.702419549E2,2.217749246E1,-3.924930511E0,1.692806938E2
7.848520417E0,8.906606897E-2,5.405743200E-2,1.871467482E-1,9.767913150E-1,1.697802380E2,2.209972036E1,-4.144310615E0,1.687704398E2
7.858565417E0,9.318655562E-2,5.570282916E-2,1.860510935E-1,9.765237246E-1,1.693060919E2,2.201064712E1,-4.250393964E0,1.682709383E2
7.868609417E0,9.727543213E-2,5.626515768E-2,1.849592320E-1,9.763000513E-1,1.688354016E2,2.190801128E1,-4.236836537E0,1.677996320E2
7.878653417E0,1.012096297E-1,5.583603427E-2,1.838779809E-1,9.761290616E-1,1.683823388E2,2.179194727E1,-4.116570258E0,1.673681620E2
7.888697417E0,1.049130733E-1,5.467538382E-2,1.828003176E-1,9.760061614E-1,1.679556833E2,2.166410804E1,-3.920413078E0,1.669790019E2
7.898742417E0,1.083415930E-1,5.314292968E-2,1.817110270E-1,9.759195496E-1,1.675605510E2,2.152742095E1,-3.689689133E0,1.666288504E2
7.908786417E0,1.114852421E-1,5.158400204E-2,1.806018484E-1,9.758550649E-1,1.671981193E2,2.138605117E1,-3.463239832E0,1.663110135E2
7.918830417E0,1.143333997E-1,5.026199238E-2,1.794935654E-1,9.757989674E-1,1.668696439E2,2.124659585E1,-3.270326710E0,1.660207990E2
7.928874417E0,1.169108481E-1,4.929837318E-2,1.784501939E-1,9.757341456E-1,1.665722957E2,2.111874371E1,-3.122944808E0,1.657526849E2
7.938919417E0,1.192752863E-1,4.864366404E-2,1.775816105E-1,9.756393152E-1,1.662994417E2,2.101490283E1,-3.012576028E0,1.655010832E2
7.948963417E0,1.215223455E-1,4.825445370E-2,1.769501085E-1,9.754959737E-1,1.660400608E2,2.094207104E1,-2.931228011E0,1.652560755E2
7.959007417E0,1.237407027E-1,4.811410469E-2,1.765340137E-1,9.752994851E-1,1.657839225E2,2.089788252E1,-2.875302644E0,1.650081489E2
7.969052417E0,1.259980879E-1,4.817706681E-2,1.762606967E-1,9.750567193E-1,1.655232045E2,2.087351797E1,-2.839235185E0,1.647508510E2
7.979096417E0,1.282951755E-1,4.836869800E-2,1.760182153E-1,9.747914470E-1,1.652578238E2,2.085493026E1,-2.816316850E0,1.644860669E2
7.989140417E0,1.306349999E-1,4.865659258E-2,1.756846757E-1,9.745265119E-1,1.649874239E2,2.082759737E1,-2.804782693E0,1.642144918E2
7.999184417E0,1.330374967E-1,4.901615788E-2,1.751951717E-1,9.742716499E-1,1.647096938E2,2.078374694E1,-2.802597576E0,1.639345630E2
8.009229417E0,1.355267317E-1,4.937784106E-2,1.745250368E-1,9.740304435E-1,1.644218413E2,2.071945338E1,-2.802045347E0,1.636450939E2
8.019273417E0,1.381540398E-1,4.967422824E-2,1.736888117E-1,9.737957277E-1,1.641179149E2,2.063536304E1,-2.794476446E0,1.633416462E2
8.029317417E0,1.409789745E-1,4.986716071E-2,1.727175534E-1,9.735537205E-1,1.637910015E2,2.053448797E1,-2.774063767E0,1.630181151E2
8.039361417E0,1.440255594E-1,4.993771453E-2,1.716323985E-1,9.732959926E-1,1.634382889E2,2.041889681E1,-2.738029902E0,1.626720294E2
8.049406417E0,1.472825836E-1,4.988847121E-2,1.704795715E-1,9.730136930E-1,1.630610380E2,2.029381738E1,-2.686264611E0,1.623043994E2
8.059450417E0,1.506927694E-1,4.972886636E-2,1.692956824E-1,9.727063581E-1,1.626658486E2,2.016336084E1,-2.620470700E0,1.619213678E2
8.069494417E0,1.541861952E-1,4.943401228E-2,1.681514745E-1,9.723723444E-1,1.622607974E2,2.003486240E1,-2.538073932E0,1.615311911E2
8.079538417E0,1.576708967E-1,4.898855170E-2,1.671521832E-1,9.720082799E-1,1.618565350E2,1.991970691E1,-2.437208528E0,1.611443922E2
8.089583417E0,1.610785958E-1,4.841724063E-2,1.664121162E-1,9.716050610E-1,1.614609854E2,1.983116568E1,-2.319623680E0,1.607680056E2
8.099627417E0,1.643968593E-1,4.773140604E-2,1.660107307E-1,9.711518559E-1,1.610756028E2,1.977839208E1,-2.184965614E0,1.604031204E2
8.109671417E0,1.676553165E-1,4.699498996E-2,1.659531212E-1,9.706404461E-1,1.606969558E2,1.976320919E1,-2.039279643E0,1.600451199E2
8.119715417E0,1.709107812E-1,4.624715735E-2,1.661989216E-1,9.700662795E-1,1.603184440E2,1.978183456E1,-1.886245075E0,1.596868953E2
8.129760417E0,1.742034616E-1,4.542410316E-2,1.666607141E-1,9.694400617E-1,1.599353843E2,1.982289822E1,-1.719483511E0,1.593254426E2
8.139804417E0,1.776104021E-1,4.454460906E-2,1.672037710E-1,9.687689574E-1,1.595387934E2,1.987138691E1,-1.542165225E0,1.589518132E2
8.149848417E0,1.811684812E-1,4.364492663E-2,1.677504946E-1,9.680562963E-1,1.591243442E2,1.991915365E1,-1.359142525E0,1.585611359E2
8.159893417E0,1.849026498E-1,4.270464098E-2,1.682683424E-1,9.673019942E-1,1.586890865E2,1.996194776E1,-1.168344430E0,1.581509592E2
8.169937417E0,1.888339393E-1,4.171953742E-2,1.687824128E-1,9.664955564E-1,1.582305159E2,2.000242315E1,-9.683332708E-1,1.577188614E2
8.179981417E0,1.929684187E-1,4.061567985E-2,1.693595401E-1,9.656245918E-1,1.577478627E2,2.004632965E1,-7.492732946E-1,1.572655608E2
8.190025417E0,1.972913366E-1,3.929740545E-2,1.700657790E-1,9.646810081E-1,1.572427834E2,2.009865058E1,-4.992766812E-1,1.567946534E2
8.200070417E0,2.017658147E-1,3.762127797E-2,1.709951908E-1,9.636575141E-1,1.567195238E2,2.016623628E1,-2.008843678E-1,1.563133197E2
8.210114417E0,2.063606641E-1,3.547053483E-2,1.721847329E-1,9.625536881E-1,1.561816747E2,2.024986713E1,1.592666262E-1,1.558276423E2
8.220158417E0,2.110705744E-1,3.290492972E-2,1.735544423E-1,9.613767795E-1,1.556298040E2,2.034122080E1,5.727611229E-1,1.553370718E2
8.230202417E0,2.159150596E-1,3.025931935E-2,1.748692448E-1,9.601488311E-1,1.550615653E2,2.042131780E1,9.973926575E-1,1.548323408E2
8.240247417E0,2.210157977E-1,2.815863086E-2,1.757677155E-1,9.588872494E-1,1.544625947E2,2.046456334E1,1.357634771E0,1.542860115E2
8.250291417E0,2.266619159E-1,2.742576565E-2,1.757281555E-1,9.575969237E-1,1.537987519E2,2.043318167E1,1.554975062E0,1.536467686E2
8.260335417E0,2.331898306E-1,2.868060377E-2,1.742090145E-1,9.562694244E-1,1.530301131E2,2.028428162E1,1.512484704E0,1.528619297E2
8.270379417E0,2.406321632E-1,3.170992958E-2,1.711678875E-1,9.548781148E-1,1.521522917E2,2.001287340E1,1.250222217E0,1.519321899E2
8.280424417E0,2.487219136E-1,3.544571033E-2,1.672843610E-1,9.533609125E-1,1.511962110E2,1.967218139E1,8.955387448E-1,1.509113788E2
8.290468417E0,2.571998786E-1,3.873273251E-2,1.635951947E-1,9.516221443E-1,1.501920450E2,1.934792790E1,5.979196129E-1,1.498533857E2
8.300512417E0,2.658989039E-1,4.068332554E-2,1.611440446E-1,9.495658838E-1,1.491592547E2,1.912806538E1,4.831841126E-1,1.487946348E2
8.310556417E0,2.745562880E-1,4.059284152E-2,1.607444451E-1,9.471707627E-1,1.481288528E2,1.907563558E1,6.514722630E-1,1.477789023E2
8.320601417E0,2.828738211E-1,3.824543592E-2,1.626544928E-1,9.444909607E-1,1.471364031E2,1.920523897E1,1.133181495E0,1.468459415E2
8.330645417E0,2.907032093E-1,3.410132069E-2,1.664905778E-1,9.415994973E-1,1.461998784E2,1.948369980E1,1.866976313E0,1.460061508E2
8.340689417E0,2.980384890E-1,2.915139461E-2,1.714239612E-1,9.385824994E-1,1.453203435E2,1.984946969E1,2.720273779E0,1.452424999E2
8.350733417E0,3.049563673E-1,2.445051952E-2,1.765456937E-1,9.355401924E-1,1.444889222E2,2.023722158E1,3.550518160E0,1.445251869E2
8.360778417E0,3.116144525E-1,2.086094619E-2,1.810736666E-1,9.325628758E-1,1.436868963E2,2.059065917E1,4.240437731E0,1.438166557E2
8.370822417E0,3.183044007E-1,1.901523032E-2,1.843851656E-1,9.296895776E-1,1.428791736E2,2.086377676E1,4.704954871E0,1.430666376E2
8.380866417E0,3.254225608E-1,1.916918222E-2,1.861181913E-1,9.268725033E-1,1.420176447E2,2.102705811E1,4.910490196E0,1.422197541E2
8.390911417E0,3.332879214E-1,2.127701988E-2,1.861971429E-1,9.240114067E-1,1.410630782E2,2.107405610E1,4.864184884E0,1.412368810E2
8.400955417E0,3.419583079E-1,2.502457540E-2,1.848703759E-1,9.210110357E-1,1.400075405E2,2.102712483E1,4.608115048E0,1.401171492E2
8.410999417E0,3.512417413E-1,2.976169151E-2,1.826546318E-1,9.178130172E-1,1.388734312E2,2.092609884E1,4.225412241E0,1.388975365E2
8.421043417E0,3.609161289E-1,3.473445065E-2,1.800949061E-1,9.143843710E-1,1.376870614E2,2.080632302E1,3.811664485E0,1.376208005E2
8.431088417E0,3.708424282E-1,3.946780516E-2,1.775562645E-1,9.107095452E-1,1.364648372E2,2.068986734E1,3.428526935E0,1.363135559E2
8.441132417E0,3.808433275E-1,4.365676463E-2,1.752988319E-1,9.068201918E-1,1.352281398E2,2.059142510E1,3.115280137E0,1.350035009E2
8.451176417E0,3.906800015E-1,4.704894846E-2,1.735276158E-1,9.027976755E-1,1.340063646E2,2.051988860E1,2.902480405E0,1.337249930E2
8.461220417E0,4.001206638E-1,4.954526942E-2,1.723009897E-1,8.987553502E-1,1.328285561E2,2.047374902E1,2.798534404E0,1.325087949E2
8.471265417E0,4.090247545E-1,5.117533566E-2,1.715499803E-1,8.947907858E-1,1.317128278E2,2.044340523E1,2.794502781E0,1.313720413E2
8.481309417E0,4.173646043E-1,5.204247019E-2,1.711580726E-1,8.909564342E-1,1.306633692E2,2.041814568E1,2.873757031E0,1.303165823E2
8.491353417E0,4.252408177E-1,5.232171941E-2,1.709830525E-1,8.872415477E-1,1.296681853E2,2.038868872E1,3.013654236E0,1.293267354E2
8.501397417E0,4.327847243E-1,5.224591303E-2,1.708811467E-1,8.836104703E-1,1.287111680E2,2.034943431E1,3.186108464E0,1.283815445E2
8.511442417E0,4.401002792E-1,5.203139084E-2,1.707655537E-1,8.800247428E-1,1.277794410E2,2.030104526E1,3.366925050E0,1.274637103E2
8.521486417E0,4.472857690E-1,5.181802769E-2,1.705889742E-1,8.764415442E-1,1.268606508E2,2.024519140E1,3.541592566E0,1.265581451E2
8.531529917E0,4.544213358E-1,5.174875934E-2,1.702872660E-1,8.728262508E-1,1.259445837E2,2.018244899E1,3.694067529E0,1.256517934E2
8.541573917E0,4.615841295E-1,5.199080869E-2,1.697672582E-1,8.691468098E-1,1.250212484E2,2.011217839E1,3.804280980E0,1.247313681E2
8.551618917E0,4.688301632E-1,5.267886127E-2,1.689250746E-1,8.653828644E-1,1.240832267E2,2.003166145E1,3.854304144E0,1.237868022E2
8.561662917E0,4.761709219E-1,5.384774089E-2,1.676811525E-1,8.615362480E-1,1.231287679E2,1.993612084E1,3.836309646E0,1.228156432E2
8.571706917E0,4.835678624E-1,5.539201722E-2,1.660290435E-1,8.576294038E-1,1.221626296E2,1.982106984E1,3.759063285E0,1.218247034E2
8.581751917E0,4.909387983E-1,5.712573310E-2,1.640831603E-1,8.536933517E-1,1.211953905E2,1.968966560E1,3.644972073E0,1.208283619E2
8.591795917E0,4.982030079E-1,5.881001073E-2,1.620131758E-1,8.497569730E-1,1.202376340E2,1.954671188E1,3.524909154E0,1.198421192E2
8.601839917E0,5.052961750E-1,6.023633384E-2,1.599933829E-1,8.458425213E-1,1.192979698E2,1.939792156E1,3.427597372E0,1.188788237E2
8.611883917E0,5.122027580E-1,6.133946438E-2,1.581000411E-1,8.419561814E-1,1.183786679E2,1.924637277E1,3.363375688E0,1.179420802E2
8.621928917E0,5.188891447E-1,6.213036580E-2,1.563391300E-1,8.381240635E-1,1.174844660E2,1.909244190E1,3.330728659E0,1.170363429E2
8.631972917E0,5.253371806E-1,6.267146812E-2,1.546932956E-1,8.343639008E-1,1.166181103E2,1.893732695E1,3.322189385E0,1.161630596E2
8.642016917E0,5.315575286E-1,6.305085297E-2,1.531350634E-1,8.306748926E-1,1.157784974E2,1.878296334E1,3.327929332E0,1.153193699E2
8.652060917E0,5.376046952E-1,6.338474821E-2,1.516130274E-1,8.270290848E-1,1.149585431E2,1.863085590E1,3.334989764E0,1.144959795E2
8.662105917E0,5.435686639E-1,6.378868887E-2,1.500263829E-1,8.233810011E-1,1.141461894E2,1.847793067E1,3.328148654E0,1.136785954E2
8.672149917E0,5.495115592E-1,6.437765947E-2,1.482807764E-1,8.196983570E-1,1.133329793E2,1.832231947E1,3.291933787E0,1.128566019E2
8.682193917E0,5.554413047E-1,6.514217433E-2,1.463770533E-1,8.159749990E-1,1.125177677E2,1.816410864E1,3.227398765E0,1.120291201E2
8.692237917E0,5.613059543E-1,6.603063253E-2,1.443602397E-1,8.122411254E-1,1.117076772E2,1.800510961E1,3.141091621E0,1.112042961E2
8.702282917E0,5.670549320E-1,6.702286417E-2,1.422692186E-1,8.085271662E-1,1.109097770E2,1.784834767E1,3.036338977E0,1.103896356E2
8.712326917E0,5.726409594E-1,6.808257029E-2,1.401172558E-1,8.048691042E-1,1.101308121E2,1.769316785E1,2.916390789E0,1.095925171E2
8.722370917E0,5.779731574E-1,6.915747034E-2,1.379653563E-1,8.013300018E-1,1.093837775E2,1.754235321E1,2.788232566E0,1.088269233E2
8.732414917E0,5.829642083E-1,7.016337600E-2,1.359133448E-1,7.979707083E-1,1.086813990E2,1.739986393E1,2.664560542E0,1.081071752E2
8.742459917E0,5.875579092E-1,7.107536268E-2,1.340626213E-1,7.948277862E-1,1.080321983E2,1.727330663E1,2.553587749E0,1.074423265E2
8.752503917E0,5.917534805E-1,7.192636287E-2,1.324359505E-1,7.919060613E-1,1.074369210E2,1.716651650E1,2.454214358E0,1.068324875E2
8.762547917E0,5.955956820E-1,7.277605914E-2,1.310106126E-1,7.891804140E-1,1.068897828E2,1.708089027E1,2.360785911E0,1.062707560E2
8.772591917E0,5.991842543E-1,7.372373630E-2,1.296696000E-1,7.865931665E-1,1.063770070E2,1.701187777E1,2.258656932E0,1.057414492E2
8.782636917E0,6.026105929E-1,7.485732584E-2,1.282889878E-1,7.840910240E-1,1.058858054E2,1.695390467E1,2.133425257E0,1.052300760E2
8.792680917E0,6.059147847E-1,7.614390054E-2,1.268404638E-1,7.816526971E-1,1.054106043E2,1.690218173E1,1.987006476E0,1.047316230E2
8.802724917E0,6.090975514E-1,7.752593258E-2,1.253539919E-1,7.792794028E-1,1.049514428E2,1.685559932E1,1.826720953E0,1.042471487E2
8.812769917E0,6.121337208E-1,7.896958068E-2,1.239073935E-1,7.769834164E-1,1.045121094E2,1.681900901E1,1.660645763E0,1.037810673E2
8.822813917E0,6.149991480E-1,8.046957253E-2,1.225785179E-1,7.747743841E-1,1.040962832E2,1.679912231E1,1.494434266E0,1.033371154E2
8.832857917E0,6.176951818E-1,8.207123970E-2,1.213592490E-1,7.726506202E-1,1.037039618E2,1.679832092E1,1.323722357E0,1.029143193E2
8.842901917E0,6.202269535E-1,8.380229243E-2,1.201933013E-1,7.706161813E-1,1.033345806E2,1.681342928E1,1.142292531E0,1.025114376E2
8.852946917E0,6.225979456E-1,8.565645215E-2,1.190137229E-1,7.686810720E-1,1.029878012E2,1.683794522E1,9.460198998E-1,1.021281146E2
8.862990917E0,6.247860203E-1,8.757826283E-2,1.178124548E-1,7.668720660E-1,1.026670327E2,1.686715350E1,7.387064620E-1,1.017687432E2
8.873034917E0,6.267827378E-1,8.946740839E-2,1.166387941E-1,7.652022395E-1,1.023736888E2,1.689809241E1,5.324597995E-1,1.014367873E2
8.883078917E0,6.286250503E-1,9.127255264E-2,1.154971677E-1,7.636493916E-1,1.021024921E2,1.692717790E1,3.327967922E-1,1.011281000E2
8.893123917E0,6.303830796E-1,9.302589117E-2,1.142932976E-1,7.621681827E-1,1.018432178E2,1.694814517E1,1.314580060E-1,1.008318369E2
8.903167917E0,6.321384485E-1,9.473642892E-2,1.129177852E-1,7.607073361E-1,1.015838596E2,1.695186088E1,-7.872705660E-2,1.005359430E2
8.913211917E0,6.339554412E-1,9.637859921E-2,1.112378091E-1,7.592351045E-1,1.013148910E2,1.692471370E1,-3.041505124E-1,1.002315152E2
8.923255917E0,6.358825269E-1,9.794515082E-2,1.090522046E-1,7.577385911E-1,1.010290588E2,1.684856350E1,-5.583480888E-1,9.991159681E1
8.933300917E0,6.379187781E-1,9.945794313E-2,1.062572841E-1,7.562256351E-1,1.007263950E2,1.671629381E1,-8.513468426E-1,9.957589972E1
8.943344917E0,6.400194350E-1,1.009033304E-1,1.029875915E-1,7.547100608E-1,1.004134625E2,1.653920867E1,-1.173350436E0,9.923133705E1
8.953388917E0,6.421048979E-1,1.022202356E-1,9.972076248E-2,7.531985536E-1,1.001020878E2,1.635488003E1,-1.485381110E0,9.889107704E1
8.963432917E0,6.440960257E-1,1.033170472E-1,9.713819013E-2,7.516847811E-1,9.980413526E1,1.621569195E1,-1.730083191E0,9.856895686E1
8.973477917E0,6.459522466E-1,1.041601172E-1,9.580722822E-2,7.501449144E-1,9.952578150E1,1.616775327E1,-1.862244502E0,9.827178004E1
8.983521917E0,6.476212618E-1,1.047449232E-1,9.608548435E-2,7.485871669E-1,9.927501125E1,1.624070948E1,-1.854839684E0,9.800753489E1
8.993565917E0,6.490694697E-1,1.050731536E-1,9.804346756E-2,7.470314002E-1,9.905703887E1,1.643978978E1,-1.702614014E0,9.778155680E1
9.003609917E0,6.503214787E-1,1.053055057E-1,1.012867342E-1,7.454754281E-1,9.886831125E1,1.674246782E1,-1.447872700E0,9.758676387E1
9.013654917E0,6.514549813E-1,1.056649380E-1,1.051307968E-1,7.439011538E-1,9.869721747E1,1.710633205E1,-1.159320316E0,9.740656358E1
9.023698917E0,6.525552617E-1,1.063399700E-1,1.088915942E-1,7.422978929E-1,9.853092829E1,1.748659845E1,-9.028071822E-1,9.722364649E1
9.033742917E0,6.537225924E-1,1.074278674E-1,1.120292766E-1,7.406453677E-1,9.835427806E1,1.784412851E1,-7.253705651E-1,9.702035912E1
9.043787917E0,6.550940798E-1,1.089686228E-1,1.141557817E-1,7.388816617E-1,9.814643206E1,1.814875205E1,-6.568692892E-1,9.677455885E1
9.053831917E0,6.568062165E-1,1.109239253E-1,1.150808370E-1,7.369246518E-1,9.788650167E1,1.838174898E1,-7.055312286E-1,9.646588560E1
9.063875917E0,6.589296880E-1,1.131538112E-1,1.148823238E-1,7.347176453E-1,9.756340857E1,1.854008998E1,-8.522176748E-1,9.608637718E1
9.073919917E0,6.614577798E-1,1.155009066E-1,1.138074732E-1,7.322438386E-1,9.717770730E1,1.863406929E1,-1.065303210E0,9.564032638E1
9.083964917E0,6.643441382E-1,1.177576991E-1,1.122803058E-1,7.295019596E-1,9.673594175E1,1.868485935E1,-1.296336991E0,9.513961104E1
9.094008917E0,6.675185124E-1,1.196885378E-1,1.107762251E-1,7.265137902E-1,9.624833980E1,1.871483183E1,-1.491026494E0,9.460089421E1
9.104052917E0,6.709131065E-1,1.211296086E-1,1.096755743E-1,7.233080139E-1,9.572484405E1,1.874276399E1,-1.608072360E0,9.403892481E1
9.114096917E0,6.744582703E-1,1.220214406E-1,1.091496824E-1,7.199327863E-1,9.517580820E1,1.877714167E1,-1.630895891E0,9.346611499E1
9.124141917E0,6.780903619E-1,1.224224039E-1,1.091351213E-1,7.164465228E-1,9.461080638E1,1.881581952E1,-1.570746452E0,9.289071803E1
9.134185917E0,6.817631699E-1,1.224581155E-1,1.094110014E-1,7.129041171E-1,9.403684505E1,1.884919279E1,-1.456444081E0,9.231647776E1
9.144229917E0,6.854368118E-1,1.222574010E-1,1.096948927E-1,7.093634907E-1,9.346006079E1,1.886337652E1,-1.322047738E0,9.174591056E1
9.154273917E0,6.890670568E-1,1.219569407E-1,1.098004449E-1,7.058731732E-1,9.288739274E1,1.885375271E1,-1.194848377E0,9.118213219E1
9.164318917E0,6.926232696E-1,1.216490126E-1,1.096590244E-1,7.024595854E-1,9.232375241E1,1.882230474E1,-1.088814018E0,9.062746540E1
9.174362917E0,6.960477899E-1,1.214050021E-1,1.093525971E-1,6.991568694E-1,9.177845712E1,1.878186781E1,-1.004619256E0,9.008920248E1
9.184406917E0,6.992846804E-1,1.212764516E-1,1.090159518E-1,6.959945789E-1,9.126071611E1,1.874794551E1,-9.367782089E-1,8.957514056E1
9.194450917E0,7.022809542E-1,1.212823093E-1,1.087878958E-1,6.930060601E-1,9.077941410E1,1.873354152E1,-8.766261728E-1,8.909368977E1
9.204495917E0,7.050013215E-1,1.214425865E-1,1.087430799E-1,6.902172463E-1,9.034069837E1,1.874640183E1,-8.202460495E-1,8.865041046E1
9.214539917E0,7.074325928E-1,1.217524943E-1,1.088655777E-1,6.876509365E-1,8.994718780E1,1.878485037E1,-7.687214369E-1,8.824809762E1
9.224583917E0,7.096018878E-1,1.221768189E-1,1.090434262E-1,6.853083337E-1,8.959493390E1,1.883697841E1,-7.278330848E-1,8.788375661E1
9.234627917E0,7.115758051E-1,1.226878000E-1,1.091105313E-1,6.831563037E-1,8.927345555E1,1.888726445E1,-7.075669854E-1,8.754768104E1
9.244672917E0,7.134143534E-1,1.232437492E-1,1.089420802E-1,6.811626551E-1,8.897320013E1,1.892240987E1,-7.137171178E-1,8.723142954E1
9.254716917E0,7.151612244E-1,1.238191123E-1,1.084970352E-1,6.792949912E-1,8.868717272E1,1.893721205E1,-7.467948902E-1,8.692873812E1
9.264760917E0,7.168541342E-1,1.243733006E-1,1.078295351E-1,6.775133201E-1,8.840928203E1,1.893276651E1,-7.983301938E-1,8.663464953E1
9.274805917E0,7.185087497E-1,1.248807710E-1,1.070352975E-1,6.757909325E-1,8.813700619E1,1.891464130E1,-8.580357879E-1,8.634736888E1
9.284849917E0,7.201296463E-1,1.253133880E-1,1.062406391E-1,6.741088386E-1,8.786962937E1,1.889049058E1,-9.130845499E-1,8.606704544E1
9.294893917E0,7.217184798E-1,1.256486866E-1,1.055424772E-1,6.724549305E-1,8.760691165E1,1.886599489E1,-9.535744339E-1,8.579412492E1
9.304937917E0,7.232502701E-1,1.258799437E-1,1.049664588E-1,6.708542722E-1,8.735303020E1,1.884243973E1,-9.775223934E-1,8.553302285E1
9.314982917E0,7.246954250E-1,1.260026227E-1,1.044839723E-1,6.693452227E-1,8.711296664E1,1.881700753E1,-9.878507357E-1,8.528885625E1
9.325026917E0,7.260253820E-1,1.260244837E-1,1.040156918E-1,6.679713487E-1,8.689157102E1,1.878399724E1,-9.927233395E-1,8.506630003E1
9.335070917E0,7.272252211E-1,1.260076566E-1,1.034492487E-1,6.667561681E-1,8.669144772E1,1.873988806E1,-1.006793603E0,8.486614945E1
9.345114917E0,7.282917155E-1,1.260431850E-1,1.026945264E-1,6.657012220E-1,8.651325387E1,1.868550830E1,-1.044620611E0,8.468640622E1
9.355159917E0,7.292230423E-1,1.261951745E-1,1.017547281E-1,6.647966163E-1,8.635740312E1,1.862672009E1,-1.110717614E0,8.452561177E1
9.365203917E0,7.300166490E-1,1.264872798E-1,1.007183094E-1,6.640275390E-1,8.622442037E1,1.857252993E1,-1.199287596E0,8.438359044E1
9.375247917E0,7.306481905E-1,1.269207694E-1,9.973832273E-2,6.633978519E-1,8.611847658E1,1.853493341E1,-1.297899448E0,8.426447204E1
9.385291917E0,7.310748247E-1,1.274701654E-1,9.904451053E-2,6.629262893E-1,8.604684754E1,1.852943827E1,-1.386048535E0,8.417631710E1
9.395336917E0,7.312475714E-1,1.280968548E-1,9.888758991E-2,6.626382287E-1,8.601783085E1,1.857193902E1,-1.440632203E0,8.412860138E1
9.405380917E0,7.311592790E-1,1.287520789E-1,9.939688321E-2,6.625324770E-1,8.603266252E1,1.866812433E1,-1.447156517E0,8.412407273E1
9.415424917E0,7.308565777E-1,1.293940979E-1,1.005307217E-1,6.625703275E-1,8.608349574E1,1.881123624E1,-1.404935968E0,8.415608093E1
9.425468917E0,7.304237401E-1,1.299979885E-1,1.020679121E-1,6.626943130E-1,8.615614109E1,1.898219878E1,-1.328934511E0,8.421107935E1
9.435513917E0,7.299413510E-1,1.305405462E-1,1.036890893E-1,6.628675972E-1,8.623704494E1,1.915442400E1,-1.242744837E0,8.427616439E1
9.445557917E0,7.294836573E-1,1.309945599E-1,1.051156258E-1,6.630571526E-1,8.631375065E1,1.930401910E1,-1.166250042E0,8.433958454E1
9.455601917E0,7.291090272E-1,1.313386152E-1,1.062050480E-1,6.632274549E-1,8.637649485E1,1.941808028E1,-1.108434935E0,8.439222506E1
9.465645917E0,7.288538675E-1,1.315856576E-1,1.069915938E-1,6.633324874E-1,8.641920882E1,1.950038708E1,-1.066199010E0,8.442765982E1
9.475690917E0,7.287496410E-1,1.316655075E-1,1.076913132E-1,6.633179441E-1,8.643665157E1,1.956171841E1,-1.014885990E0,8.444282704E1
9.485734917E0,7.288167546E-1,1.314685026E-1,1.085405406E-1,6.631448734E-1,8.642542015E1,1.961102826E1,-9.255388588E-1,8.443768434E1
9.495778917E0,7.290252260E-1,1.309613219E-1,1.096764047E-1,6.628290960E-1,8.639052511E1,1.965606260E1,-7.847600046E-1,8.441821633E1
9.505823917E0,7.293028948E-1,1.301257836E-1,1.111066771E-1,6.624498534E-1,8.634402988E1,1.969575188E1,-5.926076403E-1,8.439693007E1
9.515867917E0,7.296055434E-1,1.289969251E-1,1.126343081E-1,6.620793484E-1,8.629332890E1,1.971772353E1,-3.698565136E-1,8.437996290E1
9.525911917E0,7.299606806E-1,1.277583846E-1,1.137495269E-1,6.617372766E-1,8.623380425E1,1.969805730E1,-1.730109945E-1,8.435698204E1
9.535955875E0,7.304163460E-1,1.266431356E-1,1.139438884E-1,6.614153011E-1,8.615738166E1,1.961712294E1,-6.156192340E-2,8.431304223E1
9.546000875E0,7.309846699E-1,1.258324469E-1,1.130438576E-1,6.610965708E-1,8.606198792E1,1.947704653E1,-6.349200851E-2,8.424096923E1
9.556044875E0,7.316224439E-1,1.254016830E-1,1.112756307E-1,6.607728751E-1,8.595483551E1,1.930219796E1,-1.661902807E-1,8.414597677E1
9.566088875E0,7.322745953E-1,1.253531134E-1,1.091413307E-1,6.604154988E-1,8.584515625E1,1.913217121E1,-3.281593726E-1,8.403731228E1
9.576132875E0,7.329028599E-1,1.256695499E-1,1.071855503E-1,6.599785808E-1,8.573938741E1,1.900798927E1,-5.022170972E-1,8.392194973E1
9.586177875E0,7.334462882E-1,1.262857830E-1,1.058865173E-1,6.594667627E-1,8.564781595E1,1.896106006E1,-6.439268305E-1,8.381206082E1
9.596221875E0,7.337795091E-1,1.270741483E-1,1.056736250E-1,6.589786943E-1,8.559162683E1,1.901327274E1,-7.102584673E-1,8.373260216E1
9.606265875E0,7.337710824E-1,1.278904801E-1,1.067184770E-1,6.586617473E-1,8.559304815E1,1.916504943E1,-6.795020149E-1,8.371008057E1
9.616309875E0,7.333575085E-1,1.286315863E-1,1.088761467E-1,6.586247714E-1,8.566278134E1,1.939620882E1,-5.586208652E-1,8.375823702E1
9.626354875E0,7.325676160E-1,1.292620340E-1,1.117896378E-1,6.588922959E-1,8.579583906E1,1.967644938E1,-3.754378536E-1,8.387313237E1
9.636398875E0,7.315080864E-1,1.298303593E-1,1.149979653E-1,6.594054338E-1,8.597405663E1,1.997475020E1,-1.706159523E-1,8.403503376E1
9.646442875E0,7.303220319E-1,1.304185120E-1,1.180993898E-1,6.600555489E-1,8.617320416E1,2.026724125E1,1.915098448E-2,8.421715502E1
9.656486875E0,7.291615237E-1,1.310844513E-1,1.207834717E-1,6.607206630E-1,8.636770478E1,2.053461731E1,1.673560221E-1,8.439213438E1
9.666531875E0,7.281555390E-1,1.319037639E-1,1.228182383E-1,6.612916080E-1,8.653602313E1,2.076486848E1,2.525524017E-1,8.453606928E1
9.676575875E0,7.273837696E-1,1.329088207E-1,1.240812720E-1,6.617038647E-1,8.666497543E1,2.095075162E1,2.645267314E-1,8.463474013E1
9.686619875E0,7.268938731E-1,1.340799252E-1,1.245652110E-1,6.619150020E-1,8.674675080E1,2.108970918E1,2.058268985E-1,8.468077615E1
9.696663875E0,7.266830546E-1,1.353560350E-1,1.243447322E-1,6.619280675E-1,8.678192242E1,2.118231830E1,8.746217488E-2,8.467647812E1
9.706708875E0,7.267188530E-1,1.366493664E-1,1.235720198E-1,6.617676830E-1,8.677595083E1,2.123312782E1,-7.196558598E-2,8.462999767E1
9.716752875E0,7.269344789E-1,1.378436197E-1,1.224665067E-1,6.614886682E-1,8.673997507E1,2.124952718E1,-2.471594278E-1,8.455614608E1
9.726796875E0,7.272724782E-1,1.388630782E-1,1.212228691E-1,6.611328829E-1,8.668355803E1,2.124035052E1,-4.176774217E-1,8.446698949E1
9.736841875E0,7.276982483E-1,1.397449819E-1,1.199035232E-1,6.607190825E-1,8.661244885E1,2.121373861E1,-5.819738312E-1,8.436723885E1
9.746885875E0,7.281799499E-1,1.405305037E-1,1.185640022E-1,6.602634277E-1,8.653194188E1,2.117759765E1,-7.392761992E-1,8.426095139E1
9.756929875E0,7.286408731E-1,1.412066715E-1,1.173790376E-1,6.598222292E-1,8.645485131E1,2.114433783E1,-8.759876233E-1,8.416146129E1
9.766973875E0,7.289962870E-1,1.417466346E-1,1.165700302E-1,6.594572059E-1,8.639536976E1,2.112866277E1,-9.736993022E-1,8.408401074E1
9.777018875E0,7.291712491E-1,1.421208564E-1,1.163432802E-1,6.592232382E-1,8.636607627E1,2.114379641E1,-1.014783800E0,8.404230039E1
9.787062875E0,7.291414592E-1,1.423143394E-1,1.168453466E-1,6.591256603E-1,8.637106449E1,2.119969902E1,-9.862519013E-1,8.404101982E1
9.797106875E0,7.289037720E-1,1.423529894E-1,1.180389440E-1,6.591675332E-1,8.641085610E1,2.129575992E1,-8.933275113E-1,8.407984329E1
9.807150875E0,7.284872347E-1,1.423115604E-1,1.197264393E-1,6.593326224E-1,8.648055385E1,2.142329722E1,-7.576409200E-1,8.415134866E1
9.817195875E0,7.279305749E-1,1.423237566E-1,1.215932971E-1,6.596030208E-1,8.657362751E1,2.156961406E1,-6.148758626E-1,8.424449717E1
9.827239875E0,7.272829227E-1,1.424795524E-1,1.233605144E-1,6.599556451E-1,8.668181422E1,2.172083404E1,-4.941466381E-1,8.434805694E1
9.837283875E0,7.266081728E-1,1.428438678E-1,1.248027816E-1,6.603487698E-1,8.679441247E1,2.186492159E1,-4.175812189E-1,8.444909400E1
9.847327875E0,7.259828769E-1,1.434574798E-1,1.257543349E-1,6.607227862E-1,8.689865376E1,2.199229978E1,-3.999429084E-1,8.453343798E1
9.857372875E0,7.254541078E-1,1.443137207E-1,1.262000523E-1,6.610320545E-1,8.698672528E1,2.210107466E1,-4.404540632E-1,8.459339222E1
9.867416875E0,7.250622211E-1,1.453555427E-1,1.261731475E-1,6.612388322E-1,8.705195172E1,2.218887459E1,-5.307208373E-1,8.462400985E1
9.877460875E0,7.248325287E-1,1.464980892E-1,1.257650731E-1,6.613162902E-1,8.709016405E1,2.225559246E1,-6.558168688E-1,8.462384599E1
9.887504875E0,7.247399479E-1,1.476307864E-1,1.251288026E-1,6.612864766E-1,8.710556228E1,2.230373024E1,-7.953368773E-1,8.460076421E1
9.897549875E0,7.247355356E-1,1.486604339E-1,1.244179960E-1,6.611949626E-1,8.710629608E1,2.233729157E1,-9.309125442E-1,8.456621991E1
9.907593875E0,7.247591905E-1,1.494756685E-1,1.237599691E-1,6.611085932E-1,8.710236198E1,2.235651742E1,-1.045531122E0,8.453408044E1
9.917637875E0,7.247602547E-1,1.500399476E-1,1.232133706E-1,6.610817351E-1,8.710218498E1,2.236271261E1,-1.133214241E0,8.451428907E1
9.927681875E0,7.246832920E-1,1.503824224E-1,1.227671513E-1,6.611712576E-1,8.711498434E1,2.235739297E1,-1.198856357E0,8.451515189E1
9.937726875E0,7.245082377E-1,1.505684783E-1,1.223935841E-1,6.613899761E-1,8.714409127E1,2.234399564E1,-1.250215469E0,8.453780859E1
9.947770875E0,7.242582594E-1,1.506873140E-1,1.220481880E-1,6.617003929E-1,8.718564262E1,2.232680905E1,-1.296765383E0,8.457527721E1
9.957814875E0,7.239827349E-1,1.508411474E-1,1.216835361E-1,6.620340800E-1,8.723142193E1,2.231108668E1,-1.348317163E0,8.461578895E1
9.967858875E0,7.237297432E-1,1.511445823E-1,1.212563791E-1,6.623197777E-1,8.727344046E1,2.230348447E1,-1.415257766E0,8.464725072E1
9.977903875E0,7.235284209E-1,1.517173922E-1,1.207397509E-1,6.625030612E-1,8.730686585E1,2.231237726E1,-1.507579550E0,8.466059172E1
9.987947875E0,7.233914199E-1,1.526177477E-1,1.201341495E-1,6.625560213E-1,8.732960617E1,2.234294841E1,-1.629000353E0,8.465156564E1
9.997991875E0,7.233019316E-1,1.538919839E-1,1.194134278E-1,6.624893134E-1,8.734445748E1,2.239724959E1,-1.785606235E0,8.462107001E1
1.000803687E1,7.232122958E-1,1.554817354E-1,1.186178705E-1,6.623587741E-1,8.735933124E1,2.247336999E1,-1.971224918E0,8.457876835E1
1.001808087E1,7.230677848E-1,1.572685852E-1,1.178326405E-1,6.622348939E-1,8.738330650E1,2.256759568E1,-2.171773207E0,8.453779044E1
1.002812487E1,7.228515030E-1,1.591534239E-1,1.170968724E-1,6.621511745E-1,8.741917916E1,2.267428927E1,-2.377308286E0,8.450431899E1
1.003816887E1,7.225745244E-1,1.610145879E-1,1.164328053E-1,6.621206496E-1,8.746510187E1,2.278453868E1,-2.576853015E0,8.448095890E1
1.004821387E1,7.222580438E-1,1.627209373E-1,1.158518821E-1,6.621506160E-1,8.751755046E1,2.288773566E1,-2.759378797E0,8.446915719E1
1.005825787E1,7.219227103E-1,1.641311998E-1,1.153877953E-1,6.622493371E-1,8.757309608E1,2.297408922E1,-2.911271778E0,8.447113021E1
1.006830187E1,7.215841947E-1,1.651329382E-1,1.151190117E-1,6.624159779E-1,8.762914032E1,2.303980540E1,-3.017288115E0,8.448890443E1
1.007834588E1,7.212755691E-1,1.656783843E-1,1.151238559E-1,6.626150216E-1,8.768021111E1,2.308688186E1,-3.066210181E0,8.451918753E1
1.008839088E1,7.210596956E-1,1.658604850E-1,1.153485144E-1,6.627654833E-1,8.771591938E1,2.311956104E1,-3.067183118E0,8.454814154E1
1.009843488E1,7.210334039E-1,1.658540919E-1,1.155373613E-1,6.627626094E-1,8.772026758E1,2.313365762E1,-3.051364588E0,8.455280813E1
1.010847888E1,7.213170390E-1,1.658948031E-1,1.152283643E-1,6.624975189E-1,8.767335013E1,2.311428000E1,-3.071230922E0,8.450398643E1
1.011852288E1,7.220310777E-1,1.662582038E-1,1.138284883E-1,6.618703026E-1,8.755514885E1,2.304004096E1,-3.193447662E0,8.437058120E1
1.012856788E1,7.232239152E-1,1.670535148E-1,1.109788767E-1,6.608509416E-1,8.735740329E1,2.289368266E1,-3.455298604E0,8.413959790E1
1.013861188E1,7.248181224E-1,1.681075469E-1,1.069244315E-1,6.595041364E-1,8.709256028E1,2.268028294E1,-3.826403816E0,8.382978600E1
1.014865588E1,7.266483176E-1,1.690553768E-1,1.024070796E-1,6.579628999E-1,8.678771661E1,2.242559831E1,-4.222881008E0,8.348269012E1
1.015869987E1,7.285662732E-1,1.695142744E-1,9.837111584E-2,6.563376964E-1,8.646733208E1,2.216769466E1,-4.541287811E0,8.313889059E1
1.016874488E1,7.304273858E-1,1.692452036E-1,9.572377219E-2,6.547280318E-1,8.615552942E1,2.195269604E1,-4.690923688E0,8.283343768E1
1.017878887E1,7.320364919E-1,1.681651458E-1,9.516815292E-2,6.532886932E-1,8.588521370E1,2.182381434E1,-4.610848506E0,8.260376562E1
1.018883287E1,7.332339208E-1,1.663211264E-1,9.692766794E-2,6.521581936E-1,8.568361074E1,2.180008012E1,-4.289389732E0,8.247514642E1
1.019887687E1,7.339816875E-1,1.639036701E-1,1.005922706E-1,6.513735905E-1,8.555752014E1,2.186738267E1,-3.776191707E0,8.244529587E1
1.020892187E1,7.343693411E-1,1.613049455E-1,1.052525451E-1,6.508489597E-1,8.549209384E1,2.199320237E1,-3.174769307E0,8.248210398E1
1.021896587E1,7.345284138E-1,1.589608247E-1,1.098871574E-1,6.504800799E-1,8.546523460E1,2.213990031E1,-2.600472196E0,8.254574667E1
1.022900987E1,7.346023973E-1,1.572431009E-1,1.136203646E-1,6.501725186E-1,8.545274026E1,2.227393040E1,-2.151314620E0,8.259841560E1
1.023905387E1,7.347605639E-1,1.564586493E-1,1.157543794E-1,6.498064837E-1,8.542602412E1,2.236870842E1,-1.904414491E0,8.260112934E1
1.024909887E1,7.351577716E-1,1.567805801E-1,1.159407185E-1,6.492463363E-1,8.535890144E1,2.241262739E1,-1.897352372E0,8.252201566E1
1.025914287E1,7.358901284E-1,1.581475499E-1,1.143108999E-1,6.483733776E-1,8.523503120E1,2.241110029E1,-2.111070595E0,8.234658799E1
1.026918688E1,7.369609113E-1,1.602401185E-1,1.114178993E-1,6.471458085E-1,8.505365743E1,2.237975774E1,-2.474581501E0,8.208492626E1
1.027923088E1,7.383228551E-1,1.625711659E-1,1.080346559E-1,6.455837515E-1,8.482251229E1,2.233575197E1,-2.887651624E0,8.176218137E1
1.028927588E1,7.399216009E-1,1.647128290E-1,1.047908948E-1,6.437426612E-1,8.455052480E1,2.228923712E1,-3.267128699E0,8.140370281E1
1.029931988E1,7.416336850E-1,1.663318475E-1,1.021682756E-1,6.417747458E-1,8.425846595E1,2.224574301E1,-3.551879231E0,8.104418904E1
1.030936388E1,7.432807258E-1,1.671119119E-1,1.006207803E-1,6.399084571E-1,8.397672384E1,2.220863601E1,-3.686299053E0,8.072817023E1
1.031940888E1,7.446980980E-1,1.668757289E-1,1.003184741E-1,6.383677632E-1,8.373365123E1,2.217206262E1,-3.648896520E0,8.049228164E1
1.032945288E1,7.457952595E-1,1.656785318E-1,1.010631615E-1,6.372802955E-1,8.354509752E1,2.212470829E1,-3.464062738E0,8.035015776E1
1.033949688E1,7.465810137E-1,1.637350168E-1,1.024482307E-1,6.366412966E-1,8.340984729E1,2.205567794E1,-3.182074948E0,8.029098683E1
1.034954088E1,7.471237071E-1,1.614232701E-1,1.039578597E-1,6.363500513E-1,8.331632995E1,2.196148341E1,-2.871987472E0,8.028690427E1
1.035958588E1,7.474767712E-1,1.591313614E-1,1.052052221E-1,6.363077780E-1,8.325544358E1,2.184893918E1,-2.592723895E0,8.031328722E1
1.036962988E1,7.476588983E-1,1.571558385E-1,1.059922249E-1,6.364542278E-1,8.322402129E1,2.173017828E1,-2.381493495E0,8.035587699E1
1.037967387E1,7.477159704E-1,1.557303082E-1,1.062275492E-1,6.366981685E-1,8.321417268E1,2.161948143E1,-2.260924355E0,8.039864009E1
1.038971787E1,7.476996174E-1,1.549976775E-1,1.059145799E-1,6.369482679E-1,8.321699472E1,2.152996523E1,-2.238910887E0,8.042811192E1
1.039976287E1,7.476062622E-1,1.549355557E-1,1.052298806E-1,6.371864397E-1,8.323310358E1,2.147271988E1,-2.298442722E0,8.044619376E1
1.040980687E1,7.474183241E-1,1.553963919E-1,1.044501613E-1,6.374229310E-1,8.326552538E1,2.145512386E1,-2.405440119E0,8.046149709E1
1.041985087E1,7.471156676E-1,1.561566368E-1,1.038610326E-1,6.376881611E-1,8.331771595E1,2.147837892E1,-2.519882392E0,8.048573126E1
1.042989487E1,7.467058632E-1,1.570086959E-1,1.036493527E-1,6.379932726E-1,8.338834072E1,2.153779214E1,-2.610716024E0,8.052520854E1
1.043993987E1,7.462469789E-1,1.577627425E-1,1.038195443E-1,6.383164441E-1,8.346736587E1,2.161679700E1,-2.662637333E0,8.057688318E1
1.044998387E1,7.458037784E-1,1.582918356E-1,1.042573210E-1,6.386319396E-1,8.354363213E1,2.169564996E1,-2.674933343E0,8.063422336E1
1.046002787E1,7.454313320E-1,1.584992482E-1,1.047790911E-1,6.389298704E-1,8.360767907E1,2.175210225E1,-2.655382194E0,8.069130282E1
1.047007188E1,7.451565767E-1,1.583362321E-1,1.052129218E-1,6.392193772E-1,8.365490111E1,2.176897522E1,-2.614911537E0,8.074520649E1
1.048011688E1,7.450054276E-1,1.578266082E-1,1.054272859E-1,6.394863458E-1,8.368086977E1,2.173864229E1,-2.565881988E0,8.079048839E1
1.049016088E1,7.449833690E-1,1.570680861E-1,1.053686649E-1,6.397084334E-1,8.368465906E1,2.166589115E1,-2.519520219E0,8.082239669E1
1.050020488E1,7.450740110E-1,1.561882417E-1,1.050554585E-1,6.398697452E-1,8.366908738E1,2.156351629E1,-2.483522754E0,8.083897478E1
1.051024888E1,7.452564120E-1,1.553250874E-1,1.045688600E-1,6.399471373E-1,8.363774498E1,2.144995339E1,-2.460949332E0,8.083878862E1
1.052029388E1,7.454804278E-1,1.545855208E-1,1.040213671E-1,6.399545078E-1,8.359923870E1,2.134308789E1,-2.450922067E0,8.082668581E1
1.053033800E1,7.456938489E-1,1.540330731E-1,1.035295213E-1,6.399188621E-1,8.356254009E1,2.125720442E1,-2.449262871E0,8.080953653E1
1.054038200E1,7.458403461E-1,1.536654367E-1,1.031742971E-1,6.398939164E-1,8.353734169E1,2.119797595E1,-2.450488169E0,8.079728746E1
1.055042700E1,7.458683316E-1,1.534519655E-1,1.030380759E-1,6.399344617E-1,8.353252731E1,2.116865089E1,-2.446856723E0,8.080007792E1
1.056047100E1,7.457164344E-1,1.533167453E-1,1.032584328E-1,6.401084438E-1,8.355865566E1,2.117254131E1,-2.422939319E0,8.083139971E1
1.057051500E1,7.453491246E-1,1.531908026E-1,1.039417254E-1,6.404556074E-1,8.362181029E1,2.121138089E1,-2.365731283E0,8.089987249E1
1.058055900E1,7.447917378E-1,1.530876929E-1,1.050492576E-1,6.409478352E-1,8.371757220E1,2.128369961E1,-2.278842111E0,8.100056330E1
1.059060400E1,7.441066302E-1,1.530231582E-1,1.064354543E-1,6.415300202E-1,8.383515497E1,2.138029975E1,-2.174280437E0,8.112191091E1
1.060064800E1,7.433593824E-1,1.529824760E-1,1.079503701E-1,6.421525133E-1,8.396324964E1,2.148886301E1,-2.062194987E0,8.125296549E1
1.061069200E1,7.425967510E-1,1.529077615E-1,1.094747044E-1,6.427942676E-1,8.409381753E1,2.159538445E1,-1.947591896E0,8.138766794E1
1.062073600E1,7.418587702E-1,1.527374605E-1,1.109293462E-1,6.434371651E-1,8.422000820E1,2.168849890E1,-1.831834704E0,8.152128690E1
1.063078100E1,7.411752958E-1,1.524450312E-1,1.123152123E-1,6.440534574E-1,8.433674159E1,2.176598199E1,-1.711964839E0,8.164965006E1
1.064082500E1,7.405843180E-1,1.519749279E-1,1.137252747E-1,6.445967250E-1,8.443757138E1,2.183005292E1,-1.574615845E0,8.176825352E1
1.065086900E1,7.401062199E-1,1.512916353E-1,1.152505138E-1,6.450355421E-1,8.451907067E1,2.188456087E1,-1.408570677E0,8.187485771E1
1.066091300E1,7.397263978E-1,1.503593812E-1,1.169594921E-1,6.453816468E-1,8.458377185E1,2.193159211E1,-1.205725265E0,8.197316294E1
1.067095800E1,7.394064347E-1,1.491746202E-1,1.188163690E-1,6.456839925E-1,8.463824512E1,2.196811937E1,-9.701872721E-1,8.206963461E1
1.068100200E1,7.391651756E-1,1.479009305E-1,1.203824313E-1,6.459630995E-1,8.467930036E1,2.197511248E1,-7.512886644E-1,8.215514176E1
1.069104600E1,7.390935681E-1,1.468215050E-1,1.209333775E-1,6.461882901E-1,8.469148275E1,2.192197762E1,-6.294934034E-1,8.220438167E1
1.070109000E1,7.392754845E-1,1.460755874E-1,1.199630122E-1,6.463301458E-1,8.466053103E1,2.178199021E1,-6.563193738E-1,8.219851039E1
1.071113500E1,7.396810583E-1,1.456486912E-1,1.175918213E-1,6.463982182E-1,8.459149256E1,2.156319363E1,-8.212613261E-1,8.214323680E1
1.072117900E1,7.401920994E-1,1.453926807E-1,1.145939265E-1,6.464092923E-1,8.450443587E1,2.131205193E1,-1.049907753E0,8.206383748E1
1.073122300E1,7.407281441E-1,1.451783693E-1,1.118681370E-1,6.463209315E-1,8.441304147E1,2.108591247E1,-1.256934314E0,8.197859151E1
1.074126700E1,7.412122059E-1,1.449352254E-1,1.102295716E-1,6.461018890E-1,8.433044092E1,2.094039164E1,-1.368286691E0,8.190332689E1
1.075131200E1,7.414932675E-1,1.445773855E-1,1.103240991E-1,6.458434182E-1,8.428245026E1,2.091644334E1,-1.325917029E0,8.186721991E1
1.076135600E1,7.413912194E-1,1.440295937E-1,1.123584524E-1,6.457322032E-1,8.429987732E1,2.102277697E1,-1.111949043E0,8.190368686E1
1.077140000E1,7.408083074E-1,1.433062708E-1,1.160309588E-1,6.459126971E-1,8.439936690E1,2.123833705E1,-7.570873971E-1,8.202856909E1
1.078144400E1,7.397893652E-1,1.426033279E-1,1.205281718E-1,6.464123901E-1,8.457304838E1,2.151971332E1,-3.455069087E-1,8.222689937E1
1.079148900E1,7.384529940E-1,1.421169769E-1,1.250127624E-1,6.471953732E-1,8.480039879E1,2.182104575E1,3.880056503E-2,8.247146559E1
1.080153300E1,7.369256554E-1,1.419814221E-1,1.288738036E-1,6.482078459E-1,8.505963420E1,2.210715839E1,3.365505146E-1,8.273616841E1
1.081157700E1,7.353744986E-1,1.423468728E-1,1.316397162E-1,6.493324766E-1,8.532225955E1,2.235393682E1,5.012347820E-1,8.298776355E1
1.082162100E1,7.339818772E-1,1.433426165E-1,1.330366702E-1,6.504034333E-1,8.555748814E1,2.255013752E1,5.060400435E-1,8.319111936E1
1.083166600E1,7.328711971E-1,1.449608026E-1,1.330875836E-1,6.512864361E-1,8.574472039E1,2.269583639E1,3.581069381E-1,8.332544837E1
1.084171000E1,7.320514725E-1,1.470208668E-1,1.321320830E-1,6.519406921E-1,8.588269388E1,2.280144553E1,1.006802216E-1,8.339469847E1
1.085175400E1,7.314358256E-1,1.491908790E-1,1.307287220E-1,6.524214691E-1,8.598620038E1,2.288170848E1,-1.966007406E-1,8.342445641E1
1.086179900E1,7.309462926E-1,1.511974858E-1,1.293101058E-1,6.527907993E-1,8.606843227E1,2.294659793E1,-4.791799517E-1,8.343731774E1
1.087184300E1,7.305183019E-1,1.528831148E-1,1.281454330E-1,6.531069323E-1,8.614027452E1,2.300326371E1,-7.146616852E-1,8.345006931E1
1.088188700E1,7.300924685E-1,1.541330138E-1,1.273533751E-1,6.534440887E-1,8.621170684E1,2.305074337E1,-8.866952248E-1,8.347726361E1
1.089193100E1,7.296242118E-1,1.549287239E-1,1.269178520E-1,6.538635394E-1,8.629020070E1,2.308602597E1,-9.969861076E-1,8.352753463E1
1.090197600E1,7.290679577E-1,1.552997703E-1,1.267499113E-1,6.544282229E-1,8.638337107E1,2.310468839E1,-1.056966970E0,8.360770616E1
1.091202000E1,7.284023826E-1,1.553425111E-1,1.267482636E-1,6.551591256E-1,8.649474635E1,2.310730463E1,-1.082992140E0,8.371798240E1
1.092206400E1,7.276015002E-1,1.551550867E-1,1.268855965E-1,6.560663023E-1,8.662861116E1,2.310038218E1,-1.085232475E0,8.385913159E1
1.093210800E1,7.266751863E-1,1.548533548E-1,1.271784144E-1,6.571067499E-1,8.678323489E1,2.309545696E1,-1.070093752E0,8.402520847E1
1.094215300E1,7.256465555E-1,1.545681155E-1,1.276390689E-1,6.582203487E-1,8.695467953E1,2.310504931E1,-1.045021595E0,8.420754592E1
1.095219700E1,7.245431142E-1,1.543685199E-1,1.282816068E-1,6.593569175E-1,8.713829284E1,2.313640101E1,-1.012858390E0,8.439902634E1
1.096224100E1,7.233788760E-1,1.542551527E-1,1.291198154E-1,6.604971320E-1,8.733168807E1,2.319072067E1,-9.720740050E-1,8.459721117E1
1.097228500E1,7.221756282E-1,1.542074122E-1,1.300896026E-1,6.616336191E-1,8.753120461E1,2.326126961E1,-9.260853972E-1,8.479916197E1
1.098233000E1,7.209497081E-1,1.541825219E-1,1.310819527E-1,6.627795445E-1,8.773410828E1,2.333580413E1,-8.807310957E-1,8.500367254E1
1.099237400E1,7.197226421E-1,1.541186068E-1,1.320290761E-1,6.639390069E-1,8.793682799E1,2.340363787E1,-8.366672113E-1,8.520933153E1
1.100241800E1,7.185185040E-1,1.539760484E-1,1.328462159E-1,6.651123778E-1,8.813539908E1,2.345465436E1,-7.974582527E-1,8.541358652E1
1.101246200E1,7.173675263E-1,1.537737923E-1,1.334499207E-1,6.662797086E-1,8.832487192E1,2.348385419E1,-7.705045483E-1,8.561075604E1
1.102250700E1,7.162952288E-1,1.535612832E-1,1.337623599E-1,6.674187666E-1,8.850110267E1,2.348924859E1,-7.650751806E-1,8.579494581E1
1.103255100E1,7.153268259E-1,1.533964799E-1,1.337273030E-1,6.685013875E-1,8.866001973E1,2.347124612E1,-7.892207410E-1,8.596002299E1
1.104259500E1,7.144609795E-1,1.532856738E-1,1.333619339E-1,6.695249474E-1,8.880191624E1,2.343163007E1,-8.418983552E-1,8.610609225E1
1.105263900E1,7.136579451E-1,1.532240887E-1,1.327392017E-1,6.705185699E-1,8.893335883E1,2.337567850E1,-9.178272170E-1,8.623991836E1
1.106268400E1,7.128766097E-1,1.532029297E-1,1.319316062E-1,6.715130840E-1,8.906110239E1,2.330831782E1,-1.011531112E0,8.636855012E1
1.107272800E1,7.120986012E-1,1.531934697E-1,1.310034463E-1,6.725216357E-1,8.918815834E1,2.323216555E1,-1.116026417E0,8.649606489E1
1.108277200E1,7.113136096E-1,1.531386577E-1,1.300536250E-1,6.735484660E-1,8.931621007E1,2.315021070E1,-1.219047600E0,8.662617348E1
1.109281600E1,7.105366377E-1,1.529821375E-1,1.291250956E-1,6.745820279E-1,8.944281113E1,2.306109830E1,-1.312289981E0,8.675839955E1
1.110286100E1,7.097782118E-1,1.526810325E-1,1.282440658E-1,6.756160099E-1,8.956625421E1,2.296331224E1,-1.390006623E0,8.689253688E1
1.111290500E1,7.090272866E-1,1.522399144E-1,1.274371736E-1,6.766558096E-1,8.968834458E1,2.285940714E1,-1.450607832E0,8.703017784E1
1.112294900E1,7.082567198E-1,1.517457030E-1,1.266828056E-1,6.777147452E-1,8.981349262E1,2.275506872E1,-1.503195676E0,8.717271840E1
1.113299300E1,7.074375154E-1,1.513027067E-1,1.259614320E-1,6.788029307E-1,8.994638968E1,2.265757386E1,-1.558050308E0,8.732114112E1
1.114303800E1,7.065607213E-1,1.509956880E-1,1.252361058E-1,6.799176859E-1,9.008845865E1,2.257112882E1,-1.624865459E0,8.747395950E1
1.115308200E1,7.056160880E-1,1.508911638E-1,1.244776522E-1,6.810602409E-1,9.024132325E1,2.249896352E1,-1.711397324E0,8.763054707E1
1.116312600E1,7.045982363E-1,1.510770565E-1,1.236513382E-1,6.822224033E-1,9.040580939E1,2.244564751E1,-1.827316060E0,8.778866479E1
1.117317100E1,7.035448503E-1,1.516080383E-1,1.226956637E-1,6.833633705E-1,9.057579144E1,2.241084305E1,-1.980705961E0,8.794022986E1
1.118321500E1,7.025045027E-1,1.524418162E-1,1.215932207E-1,6.844442634E-1,9.074342485E1,2.238959279E1,-2.168376914E0,8.807872525E1
1.119325900E1,7.015184239E-1,1.534752464E-1,1.203472229E-1,6.854441664E-1,9.090209068E1,2.237349738E1,-2.381086401E0,8.820103013E1
1.120330300E1,7.006297892E-1,1.545778764E-1,1.189735043E-1,6.863445179E-1,9.104489213E1,2.235293506E1,-2.606401134E0,8.830473592E1
1.121334800E1,6.998442476E-1,1.555876859E-1,1.175567248E-1,6.871614167E-1,9.117098139E1,2.232109236E1,-2.824962001E0,8.839474881E1
1.122339200E1,6.991271098E-1,1.563738564E-1,1.162615047E-1,6.879330082E-1,9.128597243E1,2.228012739E1,-3.014365444E0,8.848151038E1
1.123343600E1,6.984417609E-1,1.568064964E-1,1.152804078E-1,6.886954016E-1,9.139576087E1,2.223450563E1,-3.150019748E0,8.857572688E1
1.124348000E1,6.977721736E-1,1.568305939E-1,1.147245224E-1,6.894609994E-1,9.150292534E1,2.218857221E1,-3.219080330E0,8.868208550E1
1.125352500E1,6.971463673E-1,1.565571319E-1,1.144727082E-1,6.901977362E-1,9.160299467E1,2.214217647E1,-3.239067815E0,8.879212459E1
1.126356900E1,6.966357154E-1,1.562236002E-1,1.141686002E-1,6.908388747E-1,9.168458736E1,2.208692212E1,-3.255166995E0,8.888577121E1
1.127361300E1,6.963468083E-1,1.560461093E-1,1.133409731E-1,6.913063159E-1,9.173072437E1,2.200327955E1,-3.319400921E0,8.893825454E1
1.128365700E1,6.963779074E-1,1.561232354E-1,1.116014067E-1,6.915407419E-1,9.172575886E1,2.186850065E1,-3.468377786E0,8.893038345E1
1.129370200E1,6.967170695E-1,1.563883286E-1,1.089466716E-1,6.915624411E-1,9.167159226E1,2.167693538E1,-3.697833647E0,8.886631655E1
1.130374600E1,6.972430400E-1,1.566149969E-1,1.059329796E-1,6.914493412E-1,9.158754181E1,2.145437522E1,-3.948546910E0,8.877361472E1
1.131379000E1,6.978205117E-1,1.564790391E-1,1.035328983E-1,6.912610535E-1,9.149519230E1,2.125145158E1,-4.119733353E0,8.868566528E1
1.132383400E1,6.983550951E-1,1.557912131E-1,1.026419245E-1,6.910093597E-1,9.140963685E1,2.112366627E1,-4.125729418E0,8.862456277E1
1.133387900E1,6.987915824E-1,1.545050414E-1,1.037795496E-1,6.906868376E-1,9.133973458E1,2.110849611E1,-3.921441584E0,8.860068828E1
1.134392300E1,6.991167506E-1,1.527431978E-1,1.068021108E-1,6.902887553E-1,9.128763268E1,2.120493106E1,-3.528184928E0,8.861127663E1
1.135396700E1,6.993236182E-1,1.507879897E-1,1.109858968E-1,6.898490685E-1,9.125447410E1,2.137896559E1,-3.027301059E0,8.864690678E1
1.136401100E1,6.994225111E-1,1.490117990E-1,1.153525171E-1,6.894182270E-1,9.123861934E1,2.158336483E1,-2.527713070E0,8.869269439E1
1.137405600E1,6.994565961E-1,1.477619289E-1,1.189344776E-1,6.890438484E-1,9.123315426E1,2.176901349E1,-2.134755162E0,8.873012349E1
1.138410000E1,6.995784140E-1,1.473358243E-1,1.209282343E-1,6.886643446E-1,9.121362025E1,2.189557200E1,-1.933084742E0,8.872516536E1
1.139414400E1,6.999840448E-1,1.478931268E-1,1.209072083E-1,6.881362351E-1,9.114855215E1,2.194191651E1,-1.964197870E0,8.864116798E1
1.140418800E1,7.008038445E-1,1.493658957E-1,1.189704868E-1,6.873207344E-1,9.101693563E1,2.191136988E1,-2.210710561E0,8.845898867E1
1.141423300E1,7.020517593E-1,1.514170577E-1,1.157248621E-1,6.861514656E-1,9.081630079E1,2.182645339E1,-2.596409477E0,8.818683998E1
1.142427700E1,7.036791084E-1,1.535924173E-1,1.119645914E-1,6.846231616E-1,9.055414046E1,2.171447053E1,-3.022698051E0,8.784732783E1
1.143432100E1,7.056039102E-1,1.556182793E-1,1.082967724E-1,6.827721168E-1,9.024329258E1,2.160155894E1,-3.421123300E0,8.746285953E1
1.144436500E1,7.076393725E-1,1.571787426E-1,1.054148157E-1,6.807562949E-1,8.991365735E1,2.151509616E1,-3.715914596E0,8.707524516E1
1.145441000E1,7.095525035E-1,1.580724955E-1,1.038378624E-1,6.787975610E-1,8.960296511E1,2.147651793E1,-3.855570125E0,8.673052080E1
1.146445400E1,7.111347515E-1,1.582065726E-1,1.037179678E-1,6.771268046E-1,8.934536602E1,2.148695717E1,-3.826587899E0,8.646713165E1
1.147449800E1,7.122991294E-1,1.575404996E-1,1.048818161E-1,6.758778802E-1,8.915542393E1,2.152751852E1,-3.643132779E0,8.630138756E1
1.148454300E1,7.130979939E-1,1.561914843E-1,1.068340371E-1,6.750420950E-1,8.902492213E1,2.156917749E1,-3.354026535E0,8.622019260E1
1.149458700E1,7.136497304E-1,1.544341688E-1,1.089315830E-1,6.745280378E-1,8.893470263E1,2.158573197E1,-3.030202758E0,8.619364968E1
1.150463100E1,7.140487715E-1,1.525573605E-1,1.106950374E-1,6.742455749E-1,8.886940664E1,2.156493049E1,-2.730543650E0,8.619537917E1
1.151467500E1,7.143744481E-1,1.508274180E-1,1.118381482E-1,6.741012983E-1,8.881608731E1,2.150749519E1,-2.496438461E0,8.620296988E1
1.152472000E1,7.147186732E-1,1.495018562E-1,1.122058597E-1,6.739705891E-1,8.875970368E1,2.142355309E1,-2.357152139E0,8.619257761E1
1.153476450E1,7.151562379E-1,1.487499116E-1,1.117787883E-1,6.737437587E-1,8.868799023E1,2.132628676E1,-2.324557552E0,8.614653301E1
1.154480850E1,7.157197913E-1,1.486585070E-1,1.106612528E-1,6.733498885E-1,8.859556047E1,2.123165222E1,-2.395287707E0,8.605676572E1
1.155485250E1,7.163945992E-1,1.491297496E-1,1.090820117E-1,6.727854210E-1,8.848478297E1,2.114960830E1,-2.543227249E0,8.592905038E1
1.156489750E1,7.171243258E-1,1.499162717E-1,1.073827153E-1,6.721061864E-1,8.836486606E1,2.108598430E1,-2.722906253E0,8.578108034E1
1.157494150E1,7.178496494E-1,1.507489459E-1,1.058192990E-1,6.713932540E-1,8.824554460E1,2.103762291E1,-2.894608288E0,8.563189833E1
1.158498550E1,7.185337691E-1,1.513650195E-1,1.045657543E-1,6.707189123E-1,8.813288399E1,2.099519076E1,-3.025403115E0,8.549686074E1
1.159502950E1,7.191181694E-1,1.515349161E-1,1.037288627E-1,6.701839081E-1,8.803655443E1,2.094662108E1,-3.091226205E0,8.539392802E1
1.160507450E1,7.195584802E-1,1.511430927E-1,1.032940390E-1,6.698669190E-1,8.796392047E1,2.088025574E1,-3.086257598E0,8.533467860E1
1.161511850E1,7.198370945E-1,1.502369381E-1,1.031494726E-1,6.697936441E-1,8.791793540E1,2.079125261E1,-3.023977191E0,8.532021145E1
1.162516250E1,7.199667936E-1,1.489797081E-1,1.031510848E-1,6.699347807E-1,8.789652216E1,2.068261579E1,-2.928095482E0,8.534242572E1
1.163520650E1,7.199757708E-1,1.476238229E-1,1.031624644E-1,6.702236131E-1,8.789503986E1,2.056579179E1,-2.827720145E0,8.538766388E1
1.164525150E1,7.199075456E-1,1.464367042E-1,1.030616597E-1,6.705727049E-1,8.790630448E1,2.045461502E1,-2.751437044E0,8.543944118E1
1.165529550E1,7.197651973E-1,1.456048018E-1,1.028466976E-1,6.709394431E-1,8.792980381E1,2.036505960E1,-2.712998379E0,8.549111074E1
1.166533950E1,7.195320514E-1,1.452373656E-1,1.025592350E-1,6.713131908E-1,8.796828151E1,2.030973000E1,-2.717423314E0,8.554202813E1
1.167538350E1,7.191772540E-1,1.453142652E-1,1.023120833E-1,6.717143497E-1,8.802681056E1,2.029557428E1,-2.754599257E0,8.559805819E1
1.168542850E1,7.186926680E-1,1.457710817E-1,1.021817994E-1,6.721536700E-1,8.810670019E1,2.032297035E1,-2.813580792E0,8.566270427E1
1.169547250E1,7.180913589E-1,1.464661465E-1,1.021997119E-1,6.726424471E-1,8.820575301E1,2.038215207E1,-2.880970453E0,8.573850165E1
1.170551650E1,7.174017996E-1,1.472489609E-1,1.023568985E-1,6.731830594E-1,8.831923454E1,2.045949081E1,-2.945668316E0,8.582566532E1
1.171556050E1,7.166486170E-1,1.479754751E-1,1.026261247E-1,6.737847663E-1,8.844305454E1,2.054048352E1,-2.998711657E0,8.592505657E1
1.172560550E1,7.158737208E-1,1.485259736E-1,1.029959027E-1,6.744306931E-1,8.857030084E1,2.061406428E1,-3.031032777E0,8.603386038E1
1.173564950E1,7.151508102E-1,1.488325972E-1,1.034190939E-1,6.750650110E-1,8.868888007E1,2.067099790E1,-3.039411414E0,8.614233618E1
1.174569350E1,7.145451547E-1,1.488906018E-1,1.038234192E-1,6.756312171E-1,8.878812934E1,2.070547977E1,-3.027613417E0,8.623996804E1
1.175573750E1,7.140933365E-1,1.486875198E-1,1.042140757E-1,6.760934033E-1,8.886211201E1,2.071703901E1,-2.993126126E0,8.632127301E1
1.176578250E1,7.138041275E-1,1.482493493E-1,1.045915126E-1,6.764366446E-1,8.890944279E1,2.070801440E1,-2.937516558E0,8.638389603E1
1.177582650E1,7.136846398E-1,1.476544755E-1,1.049235165E-1,6.766413532E-1,8.892899183E1,2.068263739E1,-2.869061418E0,8.642395484E1
1.178587050E1,7.137266207E-1,1.470051296E-1,1.051897897E-1,6.766971530E-1,8.892212384E1,2.064804059E1,-2.797282612E0,8.643928888E1
1.179591450E1,7.139111489E-1,1.463974708E-1,1.054074848E-1,6.766002903E-1,8.889193042E1,2.061374226E1,-2.728423932E0,8.642969776E1
1.180595950E1,7.142004316E-1,1.458626378E-1,1.056383968E-1,6.763744807E-1,8.884458019E1,2.058714530E1,-2.660715363E0,8.640038218E1
1.181600350E1,7.145333022E-1,1.453648164E-1,1.060104732E-1,6.760717030E-1,8.879007074E1,2.057506814E1,-2.582510506E0,8.636259253E1
1.182604750E1,7.148325237E-1,1.447577490E-1,1.067068919E-1,6.757761061E-1,8.874104889E1,2.057918377E1,-2.469785584E0,8.633400819E1
1.183609150E1,7.150335260E-1,1.439174949E-1,1.077948851E-1,6.755701305E-1,8.870810639E1,2.059398694E1,-2.309577031E0,8.632926840E1
1.184613650E1,7.151209188E-1,1.428157328E-1,1.092155513E-1,6.754833277E-1,8.869378045E1,2.061246071E1,-2.105213609E0,8.635172336E1
1.185618050E1,7.151074753E-1,1.415286761E-1,1.107934424E-1,6.755115226E-1,8.869598431E1,2.062743967E1,-1.876776110E0,8.639648751E1
1.186622450E1,7.150589656E-1,1.401888989E-1,1.123446493E-1,6.755859948E-1,8.870393637E1,2.063597513E1,-1.647665013E0,8.644824642E1
1.187626950E1,7.150360153E-1,1.389341345E-1,1.137019569E-1,6.756423254E-1,8.870769835E1,2.063668449E1,-1.440428684E0,8.649257057E1
1.188631350E1,7.150849228E-1,1.378920089E-1,1.146783967E-1,6.756391051E-1,8.869968135E1,2.062555873E1,-1.278998562E0,8.651791393E1
1.189635750E1,7.152709076E-1,1.372709092E-1,1.147983282E-1,6.755482879E-1,8.866918916E1,2.058243902E1,-1.217194095E0,8.650706501E1
1.190640150E1,7.156132546E-1,1.373463942E-1,1.134217699E-1,6.754029352E-1,8.861303967E1,2.047989810E1,-1.329156227E0,8.644828525E1
1.191644650E1,7.159908811E-1,1.381878969E-1,1.104921017E-1,6.753166277E-1,8.855107115E1,2.031963920E1,-1.628479047E0,8.635906464E1
1.192649050E1,7.161587836E-1,1.394490518E-1,1.070702675E-1,6.754306033E-1,8.852350731E1,2.015638739E1,-2.006776076E0,8.629045241E1
1.193653450E1,7.159462358E-1,1.406935112E-1,1.046368876E-1,6.757791169E-1,8.855839925E1,2.006951399E1,-2.311176535E0,8.628462291E1
1.194657850E1,7.153104071E-1,1.416080847E-1,1.044387263E-1,6.762919611E-1,8.866271215E1,2.013022832E1,-2.414276337E0,8.635927819E1
1.195662350E1,7.142900846E-1,1.419928564E-1,1.071722102E-1,6.768618181E-1,8.882990162E1,2.037702626E1,-2.241695816E0,8.651478857E1
1.196666750E1,7.130027552E-1,1.419050290E-1,1.124877220E-1,6.773747413E-1,8.904048817E1,2.078915229E1,-1.824471469E0,8.672956516E1
1.197671150E1,7.116020258E-1,1.416041953E-1,1.191965836E-1,6.777631877E-1,8.926917904E1,2.129661307E1,-1.278212197E0,8.696926559E1
1.198675550E1,7.101816480E-1,1.414117574E-1,1.258614287E-1,6.780881689E-1,8.950060674E1,2.181295805E1,-7.454577757E-1,8.720774250E1
1.199680050E1,7.087904042E-1,1.416348433E-1,1.312817005E-1,6.784694899E-1,8.972683135E1,2.226724142E1,-3.487856685E-1,8.742716430E1
1.200684450E1,7.075442958E-1,1.425847470E-1,1.345527194E-1,6.789301497E-1,8.992907577E1,2.261120257E1,-1.836991286E-1,8.759865811E1
1.201688850E1,7.066152146E-1,1.445075373E-1,1.352429494E-1,6.793540587E-1,9.007963411E1,2.282907958E1,-2.987479938E-1,8.768603325E1
1.202693250E1,7.061476875E-1,1.474011532E-1,1.335839201E-1,6.795467041E-1,9.015532257E1,2.293916486E1,-6.687705621E-1,8.766477966E1
1.203697750E1,7.061725133E-1,1.509366488E-1,1.303142235E-1,6.793797591E-1,9.015130474E1,2.297482918E1,-1.205475410E0,8.753941054E1
1.204702150E1,7.066148142E-1,1.545794385E-1,1.264085218E-1,6.788384131E-1,9.007969895E1,2.297120487E1,-1.789331681E0,8.733930359E1
1.205706550E1,7.073672355E-1,1.578514011E-1,1.227574062E-1,6.779713523E-1,8.995778379E1,2.295996275E1,-2.313563108E0,8.709889595E1
1.206710950E1,7.082572281E-1,1.604318406E-1,1.200905657E-1,6.769132781E-1,8.981341009E1,2.297122003E1,-2.698876510E0,8.685895522E1
1.207715450E1,7.090460077E-1,1.620534182E-1,1.189632442E-1,6.758996029E-1,8.968530237E1,2.302404569E1,-2.886800286E0,8.666989049E1
1.208719850E1,7.094922322E-1,1.626202156E-1,1.195122846E-1,6.751979685E-1,8.961276609E1,2.311861069E1,-2.866879104E0,8.657604191E1
1.209724250E1,7.094849658E-1,1.621524685E-1,1.214936725E-1,6.749644921E-1,8.961394765E1,2.323629267E1,-2.665125853E0,8.659527619E1
1.210728650E1,7.091015863E-1,1.609806215E-1,1.242345834E-1,6.751488543E-1,8.967627029E1,2.335289114E1,-2.360215599E0,8.670204538E1
1.211733150E1,7.084975376E-1,1.595696938E-1,1.269832521E-1,6.756063162E-1,8.977439605E1,2.344972348E1,-2.044629500E0,8.685301283E1
1.212737550E1,7.077796240E-1,1.583065739E-1,1.293208849E-1,6.762124563E-1,8.989090921E1,2.352701504E1,-1.778539184E0,8.701636553E1
1.213741950E1,7.070026258E-1,1.574503277E-1,1.311734404E-1,6.768679031E-1,9.001687786E1,2.360087502E1,-1.585359514E0,8.717385040E1
1.214746350E1,7.062612733E-1,1.571470759E-1,1.326085458E-1,6.774324917E-1,9.013693864E1,2.368901051E1,-1.466961415E0,8.730519995E1
1.215750850E1,7.056939912E-1,1.574763942E-1,1.336940972E-1,6.777337429E-1,9.022872431E1,2.380355258E1,-1.418782192E0,8.738527558E1
1.216755250E1,7.053951344E-1,1.583814333E-1,1.345308610E-1,6.776683665E-1,9.027704958E1,2.394773279E1,-1.424826165E0,8.740085456E1
1.217759650E1,7.053578648E-1,1.596646533E-1,1.352306923E-1,6.772667189E-1,9.028307468E1,2.411370342E1,-1.461146149E0,8.736002947E1
1.218764050E1,7.055025668E-1,1.610517746E-1,1.358421113E-1,6.766648079E-1,9.025968006E1,2.428187916E1,-1.506033690E0,8.728547471E1
1.219768550E1,7.057468776E-1,1.622829117E-1,1.363330944E-1,6.760169832E-1,9.022017044E1,2.442733221E1,-1.545953072E0,8.720019171E1
1.220772950E1,7.060531297E-1,1.631413614E-1,1.366465801E-1,6.754270827E-1,9.017062456E1,2.452678712E1,-1.571287130E0,8.711847899E1
1.221777350E1,7.063932179E-1,1.635125249E-1,1.367607585E-1,6.749582781E-1,9.011557961E1,2.456852869E1,-1.576664848E0,8.704938838E1
1.222781850E1,7.067784730E-1,1.633504703E-1,1.367143970E-1,6.746035373E-1,9.005319227E1,2.455170756E1,-1.555199832E0,8.699300879E1
1.223786250E1,7.072202379E-1,1.626968333E-1,1.366046492E-1,6.743207504E-1,8.998161208E1,2.448770580E1,-1.501353105E0,8.694585306E1
1.224790650E1,7.077318018E-1,1.616796639E-1,1.365419953E-1,6.740413312E-1,8.989866625E1,2.439641594E1,-1.414623364E0,8.690075758E1
1.225795050E1,7.083100329E-1,1.604194191E-1,1.366558036E-1,6.737118509E-1,8.980483843E1,2.429855670E1,-1.292907281E0,8.685350819E1
1.226799550E1,7.089208935E-1,1.590100726E-1,1.370291385E-1,6.733274874E-1,8.970563210E1,2.420878376E1,-1.137170524E0,8.680598571E1
1.227803950E1,7.095113748E-1,1.575325226E-1,1.376356606E-1,6.729291115E-1,8.960965333E1,2.413182225E1,-9.573600471E-1,8.676372932E1
1.228808350E1,7.100152022E-1,1.560254323E-1,1.383852034E-1,6.725950516E-1,8.952769553E1,2.406367947E1,-7.662204496E-1,8.673604526E1
1.229812750E1,7.103828188E-1,1.545093904E-1,1.391292836E-1,6.724032716E-1,8.946785788E1,2.399421524E1,-5.795643614E-1,8.673026433E1
1.230817250E1,7.105959673E-1,1.530261019E-1,1.397092388E-1,6.723970641E-1,8.943314885E1,2.391432986E1,-4.145362887E-1,8.674794979E1
1.231821650E1,7.106371882E-1,1.516629293E-1,1.400156003E-1,6.725986091E-1,8.942643522E1,2.382273420E1,-2.873948628E-1,8.678894300E1
1.232826050E1,7.105069189E-1,1.505006124E-1,1.400285726E-1,6.729944878E-1,8.944765075E1,2.372472995E1,-2.056708450E-1,8.685051613E1
1.233830450E1,7.102235999E-1,1.496446859E-1,1.397736345E-1,6.735371785E-1,8.949377811E1,2.363130838E1,-1.742625917E-1,8.692619751E1
1.234834950E1,7.098063237E-1,1.491968536E-1,1.392971022E-1,6.741748828E-1,8.956168104E1,2.355475557E1,-1.960444557E-1,8.700955681E1
1.235839350E1,7.092365536E-1,1.491677377E-1,1.387256255E-1,6.748982359E-1,8.965433372E1,2.350605285E1,-2.617003579E-1,8.710328529E1
1.236843750E1,7.085015324E-1,1.494824449E-1,1.382097303E-1,6.757060870E-1,8.977374739E1,2.349087281E1,-3.534475571E-1,8.721205438E1
1.237848150E1,7.076211545E-1,1.500451528E-1,1.378547432E-1,6.765759281E-1,8.991661189E1,2.350950554E1,-4.547047633E-1,8.733572453E1
1.238852650E1,7.066173206E-1,1.507645033E-1,1.377018252E-1,6.774955526E-1,9.007929305E1,2.355749340E1,-5.546072527E-1,8.747369627E1
1.239857050E1,7.055500966E-1,1.515890432E-1,1.376636402E-1,6.784309413E-1,9.025199467E1,2.362344971E1,-6.548021868E-1,8.761792508E1
1.240861450E1,7.044828080E-1,1.525013065E-1,1.375457607E-1,6.793588081E-1,9.042444796E1,2.369019484E1,-7.683000795E-1,8.775864392E1
1.241865850E1,7.034734212E-1,1.534482046E-1,1.371720597E-1,6.802667053E-1,9.058730871E1,2.373898659E1,-9.040281330E-1,8.788836435E1
1.242870350E1,7.025748050E-1,1.543605995E-1,1.364602627E-1,6.811315197E-1,9.073210453E1,2.375732435E1,-1.061903686E0,8.800095227E1
1.243874750E1,7.018559049E-1,1.551743241E-1,1.354161845E-1,6.818956856E-1,9.084781239E1,2.374037113E1,-1.234252671E0,8.808773053E1
1.244879150E1,7.013914571E-1,1.558465822E-1,1.341385923E-1,6.824724968E-1,9.092250464E1,2.369274818E1,-1.407021326E0,8.813835872E1
1.245883550E1,7.012385701E-1,1.563680401E-1,1.327577812E-1,6.827802314E-1,9.094708138E1,2.362452158E1,-1.566676720E0,8.814414243E1
1.246888050E1,7.014128440E-1,1.567228692E-1,1.314253771E-1,6.827776637E-1,9.091906626E1,2.354686830E1,-1.698888531E0,8.810324272E1
1.247892450E1,7.018828137E-1,1.569129712E-1,1.301927728E-1,6.824871553E-1,9.084348346E1,2.346416594E1,-1.800646403E0,8.802065001E1
1.248896850E1,7.026576789E-1,1.570515658E-1,1.288616752E-1,6.819102960E-1,9.071875846E1,2.337007643E1,-1.896771900E0,8.789068361E1
1.249901250E1,7.037236115E-1,1.573023712E-1,1.270971236E-1,6.810840104E-1,9.054696283E1,2.325161224E1,-2.028107722E0,8.770945998E1
1.250905750E1,7.049941072E-1,1.577232259E-1,1.246930068E-1,6.801163819E-1,9.034186404E1,2.309729288E1,-2.219312750E0,8.748851811E1
1.251910150E1,7.063282933E-1,1.582071020E-1,1.217535078E-1,6.791516551E-1,9.012609001E1,2.290652079E1,-2.458590722E0,8.725434858E1
1.252914550E1,7.075596306E-1,1.585396394E-1,1.186749768E-1,6.783367286E-1,8.992658909E1,2.269246424E1,-2.702341666E0,8.704173886E1
1.253918888E1,7.085444484E-1,1.585231613E-1,1.160611755E-1,6.777646971E-1,8.976677857E1,2.248565223E1,-2.889723008E0,8.688163849E1
1.254923388E1,7.091552853E-1,1.580142367E-1,1.145278745E-1,6.775054492E-1,8.966754296E1,2.232174186E1,-2.962073972E0,8.680042866E1
1.255927787E1,7.094105714E-1,1.570820894E-1,1.143594201E-1,6.774834881E-1,8.962604397E1,2.222897503E1,-2.899572053E0,8.679275734E1
1.256932187E1,7.094677712E-1,1.559794699E-1,1.153419211E-1,6.775117620E-1,8.961674356E1,2.221270172E1,-2.733650328E0,8.682354749E1
1.257936587E1,7.095130185E-1,1.550892138E-1,1.167881362E-1,6.774209119E-1,8.960938604E1,2.225184725E1,-2.544536753E0,8.684845594E1
1.258941087E1,7.096972635E-1,1.548125830E-1,1.177818114E-1,6.771191615E-1,8.957942162E1,2.230812319E1,-2.434328981E0,8.682854356E1
1.259945487E1,7.101149704E-1,1.553638717E-1,1.175781288E-1,6.765901869E-1,8.951145920E1,2.234064953E1,-2.478664444E0,8.674066829E1
1.260949887E1,7.108589571E-1,1.567450107E-1,1.158222411E-1,6.757927580E-1,8.939030905E1,2.232215867E1,-2.704662218E0,8.656906264E1
1.261954287E1,7.119701587E-1,1.586983236E-1,1.127211431E-1,6.746904915E-1,8.920912045E1,2.224858295E1,-3.074610143E0,8.631529704E1
1.262958787E1,7.134350054E-1,1.607502613E-1,1.090307255E-1,6.732623126E-1,8.896982289E1,2.214064261E1,-3.490412241E0,8.599808709E1
1.263963187E1,7.151860080E-1,1.625587299E-1,1.055756850E-1,6.715186435E-1,8.868310946E1,2.203434854E1,-3.859492992E0,8.564101036E1
1.264967587E1,7.170658075E-1,1.639025611E-1,1.030044111E-1,6.695838845E-1,8.837448720E1,2.196019960E1,-4.115722263E0,8.527879861E1
1.265971988E1,7.188404138E-1,1.646060262E-1,1.018070692E-1,6.676890755E-1,8.808234869E1,2.193848338E1,-4.211893538E0,8.495773339E1
1.266976488E1,7.203104142E-1,1.646246525E-1,1.020862947E-1,6.660556296E-1,8.783977049E1,2.197050524E1,-4.142121980E0,8.471342745E1
1.267980888E1,7.213736949E-1,1.640439322E-1,1.036108516E-1,6.648116232E-1,8.766397601E1,2.204423747E1,-3.935437132E0,8.455995360E1
1.268985288E1,7.220482842E-1,1.630781845E-1,1.059163000E-1,6.639530208E-1,8.755229894E1,2.214244795E1,-3.646423399E0,8.448589630E1
1.269989788E1,7.224267181E-1,1.619606635E-1,1.085086868E-1,6.633959685E-1,8.748960012E1,2.224808255E1,-3.331274341E0,8.446658533E1
1.270994188E1,7.226073542E-1,1.608760618E-1,1.110398316E-1,6.630442162E-1,8.745965974E1,2.235107313E1,-3.030037667E0,8.447848252E1
1.271998588E1,7.226939976E-1,1.599982298E-1,1.132559945E-1,6.627872995E-1,8.744529573E1,2.244746254E1,-2.773668072E0,8.449777062E1
1.273002988E1,7.227773772E-1,1.594555655E-1,1.150022043E-1,6.625264816E-1,8.743147101E1,2.253667953E1,-2.581766928E0,8.450473408E1
1.274007488E1,7.229253206E-1,1.593221891E-1,1.162709325E-1,6.621756434E-1,8.740693704E1,2.262472050E1,-2.458063589E0,8.448551547E1
1.275011888E1,7.231739448E-1,1.596092592E-1,1.171186241E-1,6.616853491E-1,8.736569442E1,2.271700608E1,-2.397263919E0,8.443376720E1
1.276016287E1,7.235801035E-1,1.603349384E-1,1.175163481E-1,6.609951207E-1,8.729828601E1,2.281309329E1,-2.401180612E0,8.433929360E1
1.277020687E1,7.242019591E-1,1.614569770E-1,1.173604627E-1,6.600680375E-1,8.719499866E1,2.290157745E1,-2.473644246E0,8.419358572E1
1.278025187E1,7.250602455E-1,1.628550249E-1,1.165857036E-1,6.589186851E-1,8.705228045E1,2.296728466E1,-2.610905028E0,8.399723699E1
1.279029587E1,7.261202730E-1,1.643947573E-1,1.151835806E-1,6.576141216E-1,8.687575743E1,2.299816512E1,-2.805311481E0,8.376059370E1
1.280033987E1,7.273079869E-1,1.658930883E-1,1.132463956E-1,6.562604333E-1,8.667762940E1,2.298549023E1,-3.038565909E0,8.350283290E1
1.281038387E1,7.285332037E-1,1.671901233E-1,1.109932172E-1,6.549558961E-1,8.647286423E1,2.293198668E1,-3.283689564E0,8.324525240E1
1.282042887E1,7.297454130E-1,1.681728008E-1,1.086325906E-1,6.537496718E-1,8.626988926E1,2.284345673E1,-3.516590584E0,8.300111236E1
1.283047287E1,7.309282142E-1,1.687721263E-1,1.062740977E-1,6.526606051E-1,8.607146787E1,2.272185333E1,-3.723658639E0,8.277619921E1
1.284051687E1,7.320581370E-1,1.689611312E-1,1.039955996E-1,6.517115766E-1,8.588157286E1,2.257028931E1,-3.897180824E0,8.257590292E1
1.285056088E1,7.331273103E-1,1.687051181E-1,1.018748466E-1,6.509105415E-1,8.570157551E1,2.239121287E1,-4.028312913E0,8.240322705E1
1.286060587E1,7.341587333E-1,1.680964096E-1,9.988560226E-2,6.502134274E-1,8.552764422E1,2.219074599E1,-4.125037777E0,8.225063020E1
1.287064988E1,7.351793034E-1,1.672467739E-1,9.806129436E-2,6.495566688E-1,8.535526164E1,2.198145886E1,-4.191327926E0,8.210908973E1
1.288069388E1,7.362303615E-1,1.662724626E-1,9.645590246E-2,6.488563568E-1,8.517743493E1,2.177804202E1,-4.229194579E0,8.196697323E1
1.289073788E1,7.373365345E-1,1.652715935E-1,9.508835050E-2,6.480573500E-1,8.498995858E1,2.159081608E1,-4.243003423E0,8.181615206E1
1.290078288E1,7.384871540E-1,1.642558939E-1,9.399653902E-2,6.471641635E-1,8.479459346E1,2.142354509E1,-4.230586215E0,8.165798998E1
1.291082688E1,7.395892362E-1,1.632626271E-1,9.319451874E-2,6.462723098E-1,8.460712692E1,2.127997262E1,-4.196248934E0,8.150693635E1
1.292087088E1,7.405195172E-1,1.623334445E-1,9.269559752E-2,6.455123020E-1,8.444862143E1,2.116402366E1,-4.145566548E0,8.138264534E1
1.293091488E1,7.411628678E-1,1.615334894E-1,9.254478292E-2,6.449960664E-1,8.433886301E1,2.108424006E1,-4.082650899E0,8.130266692E1
1.294095988E1,7.414381078E-1,1.609425168E-1,9.279474534E-2,6.447915488E-1,8.429187041E1,2.105132679E1,-4.010864309E0,8.127817286E1
1.295100388E1,7.413233208E-1,1.606054263E-1,9.347238237E-2,6.449096232E-1,8.431147094E1,2.107131530E1,-3.931595919E0,8.131137842E1
1.296104787E1,7.408997661E-1,1.604948567E-1,9.453260479E-2,6.452693676E-1,8.438376333E1,2.113893221E1,-3.844363070E0,8.138936063E1
1.297109187E1,7.402812558E-1,1.605755337E-1,9.585196183E-2,6.457643876E-1,8.448924048E1,2.124244169E1,-3.754017696E0,8.149365771E1
1.298113687E1,7.395991512E-1,1.608218477E-1,9.724322140E-2,6.462763875E-1,8.460543882E1,2.136616969E1,-3.671086582E0,8.160244325E1
1.299118087E1,7.389849873E-1,1.611882461E-1,9.856280234E-2,6.466876565E-1,8.470995260E1,2.149582739E1,-3.600775954E0,8.169479748E1
1.300122487E1,7.385470236E-1,1.615754861E-1,9.975834512E-2,6.469080581E-1,8.478441815E1,2.161901009E1,-3.537196099E0,8.175596300E1
1.301126887E1,7.383375959E-1,1.618592029E-1,1.008352761E-1,6.469091118E-1,8.482000773E1,2.172513889E1,-3.469398815E0,8.178177969E1
1.302131387E1,7.383638323E-1,1.619198601E-1,1.018343803E-1,6.467074602E-1,8.481554984E1,2.180653976E1,-3.385165490E0,8.177573815E1
1.303135787E1,7.385548261E-1,1.616065483E-1,1.028823538E-1,6.464019114E-1,8.478309199E1,2.185887431E1,-3.265165373E0,8.175580549E1
1.304140187E1,7.388335695E-1,1.608066591E-1,1.040655265E-1,6.460933279E-1,8.473570368E1,2.187820801E1,-3.096511159E0,8.173930654E1
1.305144588E1,7.391572152E-1,1.596110373E-1,1.052082119E-1,6.458345884E-1,8.468065472E1,2.185920669E1,-2.902346364E0,8.172975359E1
1.306149087E1,7.395582951E-1,1.583176690E-1,1.057673609E-1,6.456022645E-1,8.461239465E1,2.178748549E1,-2.750005994E0,8.170973819E1
1.307153488E1,7.400525038E-1,1.572416468E-1,1.051185234E-1,6.454047696E-1,8.452822344E1,2.164387396E1,-2.715837861E0,8.166455058E1
1.308157888E1,7.405245116E-1,1.565622791E-1,1.030773752E-1,6.453579392E-1,8.444776981E1,2.143013114E1,-2.832411488E0,8.160743454E1
1.309162288E1,7.407792472E-1,1.562538063E-1,1.001147889E-1,6.456066899E-1,8.440432432E1,2.117912020E1,-3.062834440E0,8.157310489E1
1.310166788E1,7.407248092E-1,1.562496101E-1,9.691925965E-2,6.461575334E-1,8.441361031E1,2.093660828E1,-3.344691231E0,8.158027437E1
1.311171188E1,7.403765130E-1,1.565624741E-1,9.403594369E-2,6.469064776E-1,8.447300284E1,2.074479240E1,-3.630314188E0,8.162619459E1
1.312175588E1,7.397180527E-1,1.570919755E-1,9.206816002E-2,6.478137728E-1,8.458519295E1,2.063989430E1,-3.860285487E0,8.171782377E1
1.313179988E1,7.386765725E-1,1.576156580E-1,9.156272711E-2,6.489457002E-1,8.476239690E1,2.064274911E1,-3.973640338E0,8.187627353E1
1.314184488E1,7.371861467E-1,1.579442927E-1,9.270651355E-2,6.503965923E-1,8.501546626E1,2.075051557E1,-3.943282533E0,8.211969117E1
1.315188887E1,7.352390808E-1,1.580366075E-1,9.521478577E-2,6.522132558E-1,8.534515604E1,2.093891914E1,-3.792074482E0,8.244998011E1
1.316193287E1,7.329095112E-1,1.580531633E-1,9.845373684E-2,6.543468426E-1,8.573826710E1,2.117575142E1,-3.584918587E0,8.284709053E1
1.317197787E1,7.302935538E-1,1.582142064E-1,1.018152430E-1,6.567139650E-1,8.617798130E1,2.143535576E1,-3.387748885E0,8.328532109E1
1.318202187E1,7.275355852E-1,1.587045086E-1,1.048474059E-1,6.591751355E-1,8.663962125E1,2.169995997E1,-3.248559951E0,8.373277334E1
1.319206587E1,7.248317516E-1,1.597190544E-1,1.071861476E-1,6.615284759E-1,8.709029330E1,2.195866911E1,-3.206430264E0,8.414898964E1
1.320210987E1,7.223752620E-1,1.613814815E-1,1.086073526E-1,6.635769839E-1,8.749812745E1,2.220458445E1,-3.282984708E0,8.449702473E1
1.321215487E1,7.202903813E-1,1.635989457E-1,1.091874275E-1,6.652031384E-1,8.784307989E1,2.243511774E1,-3.460462735E0,8.475974138E1
1.322219887E1,7.186019206E-1,1.661409275E-1,1.092070258E-1,6.663949407E-1,8.812165456E1,2.265179932E1,-3.696892788E0,8.494185324E1
1.323224287E1,7.172306070E-1,1.686979900E-1,1.090544832E-1,6.672542543E-1,8.834738996E1,2.285761960E1,-3.939005726E0,8.506872134E1
1.324228687E1,7.160663846E-1,1.709666864E-1,1.090903554E-1,6.679210596E-1,8.853867691E1,2.305379018E1,-4.137636455E0,8.517107378E1
1.325233187E1,7.150425191E-1,1.727889686E-1,1.094385516E-1,6.684917622E-1,8.870663227E1,2.323586044E1,-4.273043829E0,8.526695456E1
1.326237588E1,7.141155255E-1,1.741611409E-1,1.100100866E-1,6.690326906E-1,8.885847982E1,2.339632630E1,-4.354037555E0,8.536433804E1
1.327241988E1,7.132656277E-1,1.750774239E-1,1.106574727E-1,6.695932082E-1,8.899751843E1,2.352300168E1,-4.393445343E0,8.546707593E1
1.328246388E1,7.125250391E-1,1.755806731E-1,1.112187265E-1,6.701566957E-1,8.911853482E1,2.360713970E1,-4.407001840E0,8.556838103E1
1.329250888E1,7.119229701E-1,1.757966415E-1,1.115116813E-1,6.706909926E-1,8.921682077E1,2.364564581E1,-4.418157198E0,8.565841667E1
1.330255288E1,7.114692974E-1,1.758389464E-1,1.115107014E-1,6.711613554E-1,8.929082502E1,2.364654657E1,-4.436818958E0,8.573103001E1
1.331259688E1,7.111585039E-1,1.758213843E-1,1.112784170E-1,6.715336833E-1,8.934149454E1,2.362475465E1,-4.465958577E0,8.578251486E1
1.332264088E1,7.109852396E-1,1.758591136E-1,1.109306765E-1,6.717647732E-1,8.936973247E1,2.359953033E1,-4.504176698E0,8.580916613E1
1.333268588E1,7.109363900E-1,1.759902878E-1,1.105973661E-1,6.718371406E-1,8.937769250E1,2.358443197E1,-4.543631521E0,8.581163430E1
1.334272988E1,7.109885481E-1,1.761869107E-1,1.103995419E-1,6.717628976E-1,8.936919332E1,2.358643567E1,-4.572818647E0,8.579492620E1
1.335277387E1,7.110889208E-1,1.763268093E-1,1.104820733E-1,6.716063853E-1,8.935283576E1,2.360590559E1,-4.572429293E0,8.577279410E1
1.336281787E1,7.111973594E-1,1.763146183E-1,1.108888010E-1,6.714276458E-1,8.933516107E1,2.363763796E1,-4.533236080E0,8.575573275E1
1.337286287E1,7.112675089E-1,1.760971669E-1,1.115888549E-1,6.712945289E-1,8.932372575E1,2.367422914E1,-4.455631086E0,8.575353604E1
1.338290687E1,7.112793258E-1,1.756840962E-1,1.124403160E-1,6.712481516E-1,8.932179931E1,2.370523223E1,-4.353068381E0,8.576892930E1
1.339295087E1,7.112464591E-1,1.751528167E-1,1.132310515E-1,6.712888575E-1,8.932715726E1,2.372083047E1,-4.248702087E0,8.579636684E1
1.340299487E1,7.111855490E-1,1.745841767E-1,1.137930534E-1,6.714064973E-1,8.933708620E1,2.371496641E1,-4.162069730E0,8.582973016E1
1.341303987E1,7.111489103E-1,1.740183500E-1,1.140234965E-1,6.715530551E-1,8.934305826E1,2.368331239E1,-4.103003932E0,8.585876003E1
1.342308387E1,7.111932237E-1,1.734693610E-1,1.139199681E-1,6.716656122E-1,8.933583520E1,2.362718982E1,-4.070770543E0,8.587362218E1
1.343312787E1,7.113652513E-1,1.729129119E-1,1.135637693E-1,6.716872915E-1,8.930779046E1,2.355114256E1,-4.055122819E0,8.586772413E1
1.344317188E1,7.117274508E-1,1.723347178E-1,1.130143666E-1,6.715449299E-1,8.924872031E1,2.345896837E1,-4.047884622E0,8.583139840E1
1.345321687E1,7.122947606E-1,1.717164656E-1,1.123251392E-1,6.712174358E-1,8.915613720E1,2.335338054E1,-4.042760925E0,8.576288225E1
1.346326088E1,7.129965530E-1,1.710260713E-1,1.116520620E-1,6.707606008E-1,8.904150180E1,2.324350906E1,-4.026625108E0,8.567497682E1
1.347330488E1,7.137526069E-1,1.701846016E-1,1.112414120E-1,6.702386305E-1,8.891787234E1,2.314140087E1,-3.975556833E0,8.558406500E1
1.348334888E1,7.144624125E-1,1.694700360E-1,1.110037328E-1,6.697026385E-1,8.880168155E1,2.306378849E1,-3.920547137E0,8.549552958E1
1.349339388E1,7.149392066E-1,1.689660940E-1,1.109627160E-1,6.693278398E-1,8.872356571E1,2.301887317E1,-3.871799411E0,8.543692001E1
1.350343788E1,7.151052863E-1,1.686135699E-1,1.111619942E-1,6.692062672E-1,8.869634316E1,2.300450646E1,-3.823862373E0,8.542352875E1
1.351348188E1,7.149845935E-1,1.684926558E-1,1.114306751E-1,6.693209751E-1,8.871612688E1,2.301442939E1,-3.796267870E0,8.544825514E1
1.352352588E1,7.146575867E-1,1.686158748E-1,1.116359908E-1,6.696049079E-1,8.876971165E1,2.303971131E1,-3.798571260E0,8.549731543E1
1.353357042E1,7.141872160E-1,1.689842646E-1,1.117246415E-1,6.699989928E-1,8.884674379E1,2.307654250E1,-3.833308429E0,8.556022967E1
1.354361442E1,7.136372365E-1,1.696815605E-1,1.116223958E-1,6.704256506E-1,8.893674642E1,2.312670125E1,-3.910719394E0,8.562307498E1
1.355365842E1,7.130709106E-1,1.707647081E-1,1.113372566E-1,6.708005455E-1,8.902934891E1,2.319612851E1,-4.032102993E0,8.567303449E1
1.356370242E1,7.125934500E-1,1.723106677E-1,1.109262906E-1,6.709806179E-1,8.910736153E1,2.329672761E1,-4.194561981E0,8.568946591E1
1.357374742E1,7.121617201E-1,1.743356473E-1,1.104062907E-1,6.710016689E-1,8.917785578E1,2.343119372E1,-4.399179667E0,8.567829767E1
1.358379142E1,7.117535345E-1,1.765746881E-1,1.099767616E-1,6.709199396E-1,8.924446521E1,2.359203175E1,-4.610538416E0,8.565348114E1
1.359383542E1,7.114078750E-1,1.789052033E-1,1.096825924E-1,6.707171000E-1,8.930084069E1,2.377233477E1,-4.814581217E0,8.561336294E1
1.360387942E1,7.111153153E-1,1.810980538E-1,1.096140906E-1,6.704500338E-1,8.934853391E1,2.395896593E1,-4.987469559E0,8.556916996E1
1.361392442E1,7.109063301E-1,1.828232903E-1,1.099138416E-1,6.701542683E-1,8.938259048E1,2.413404762E1,-5.092431575E0,8.553029173E1
1.362396842E1,7.108662537E-1,1.841315970E-1,1.102648775E-1,6.697808841E-1,8.938912023E1,2.427753144E1,-5.157191857E0,8.548101638E1
1.363401242E1,7.111238329E-1,1.852333999E-1,1.100970909E-1,6.692309744E-1,8.934714565E1,2.436406101E1,-5.240846380E0,8.539114463E1
1.364405742E1,7.117911202E-1,1.863619608E-1,1.088167802E-1,6.684171847E-1,8.923833344E1,2.436872854E1,-5.406740729E0,8.523181039E1
1.365410142E1,7.128794691E-1,1.875397597E-1,1.062238166E-1,6.673441773E-1,8.906063516E1,2.427874874E1,-5.673388509E0,8.499955626E1
1.366414542E1,7.143053075E-1,1.886332597E-1,1.026956828E-1,6.660623968E-1,8.882740903E1,2.411231878E1,-6.002444819E0,8.471360871E1
1.367418942E1,7.159903385E-1,1.896826188E-1,9.859512371E-2,6.645731800E-1,8.855116022E1,2.390176752E1,-6.368908597E0,8.438480405E1
1.368423442E1,7.178201360E-1,1.904706595E-1,9.463074899E-2,6.629481319E-1,8.825040228E1,2.368210920E1,-6.701031748E0,8.404204192E1
1.369427842E1,7.196593982E-1,1.907843110E-1,9.157405407E-2,6.612911127E-1,8.794726625E1,2.349189975E1,-6.922326674E0,8.371845856E1
1.370432242E1,7.213493709E-1,1.905392429E-1,8.997597728E-2,6.597380330E-1,8.766800069E1,2.336297914E1,-6.984668096E0,8.344555991E1
1.371436642E1,7.227019186E-1,1.896908743E-1,9.016169210E-2,6.584757638E-1,8.744398247E1,2.331301248E1,-6.862879492E0,8.325779734E1
1.372441142E1,7.235423557E-1,1.883081468E-1,9.210139017E-2,6.576805924E-1,8.730455260E1,2.334374141E1,-6.569867780E0,8.318137041E1
1.373445542E1,7.238023043E-1,1.866525080E-1,9.531372287E-2,6.574088427E-1,8.726139070E1,2.344208235E1,-6.167615829E0,8.321513686E1
1.374449942E1,7.235514410E-1,1.851124964E-1,9.901702683E-2,6.575730521E-1,8.730304436E1,2.358510468E1,-5.748508072E0,8.332883890E1
1.375454342E1,7.229488385E-1,1.839905894E-1,1.024612041E-1,6.580229987E-1,8.740303647E1,2.374443532E1,-5.393286602E0,8.348188164E1
1.376458842E1,7.222172377E-1,1.834824591E-1,1.050662033E-1,6.585572679E-1,8.752431120E1,2.389444690E1,-5.158209011E0,8.362840488E1
1.377463242E1,7.215744061E-1,1.837474442E-1,1.064365580E-1,6.589677861E-1,8.763076048E1,2.401971260E1,-5.080971728E0,8.372532877E1
1.378467642E1,7.211779833E-1,1.848148000E-1,1.064974313E-1,6.590933732E-1,8.769635449E1,2.411760731E1,-5.164367310E0,8.374516696E1
1.379472042E1,7.211507091E-1,1.865829130E-1,1.054252470E-1,6.587973812E-1,8.770086599E1,2.419370919E1,-5.381432671E0,8.367148921E1
1.380476542E1,7.215697831E-1,1.888577233E-1,1.035079685E-1,6.579938436E-1,8.763152565E1,2.425432962E1,-5.690686087E0,8.349912545E1
1.381480942E1,7.224369598E-1,1.913773962E-1,1.010622632E-1,6.566932287E-1,8.748790279E1,2.430156705E1,-6.046194121E0,8.323855469E1
1.382485342E1,7.236185598E-1,1.937431937E-1,9.859040326E-2,6.550723742E-1,8.729190142E1,2.433767364E1,-6.381493296E0,8.292994336E1
1.383489742E1,7.249491332E-1,1.955089095E-1,9.669801503E-2,6.533564101E-1,8.707076704E1,2.436668178E1,-6.619297349E0,8.262252451E1
1.384494242E1,7.262687879E-1,1.964933809E-1,9.573630297E-2,6.517351525E-1,8.685100278E1,2.439615471E1,-6.722613330E0,8.235316553E1
1.385498642E1,7.274425197E-1,1.966498511E-1,9.587465000E-2,6.503570928E-1,8.665516449E1,2.443213381E1,-6.678535255E0,8.214801547E1
1.386503042E1,7.283604517E-1,1.959679941E-1,9.701550724E-2,6.493654881E-1,8.650175907E1,2.446447429E1,-6.498960455E0,8.202642807E1
1.387507442E1,7.289994058E-1,1.945400062E-1,9.887002126E-2,6.487979307E-1,8.639484764E1,2.447957462E1,-6.216286016E0,8.198736229E1
1.388511942E1,7.294016185E-1,1.926106025E-1,1.009975994E-1,6.485938083E-1,8.632749389E1,2.446743417E1,-5.884098149E0,8.201097729E1
1.389516342E1,7.296313188E-1,1.904830506E-1,1.030074141E-1,6.486477562E-1,8.628900978E1,2.442726864E1,-5.554810958E0,8.207140529E1
1.390520742E1,7.297593425E-1,1.883916344E-1,1.046914599E-1,6.488449376E-1,8.626755464E1,2.436546383E1,-5.259962988E0,8.214564969E1
1.391525142E1,7.298370639E-1,1.865685304E-1,1.059322210E-1,6.490828118E-1,8.625452743E1,2.429453252E1,-5.023845291E0,8.221477292E1
1.392529642E1,7.298739029E-1,1.851623350E-1,1.067070776E-1,6.493169771E-1,8.624835214E1,2.422607193E1,-4.858352598E0,8.227114038E1
1.393534042E1,7.298867340E-1,1.842539756E-1,1.070702043E-1,6.495012247E-1,8.624620119E1,2.417142057E1,-4.763793607E0,8.230899720E1
1.394538442E1,7.298413234E-1,1.837337228E-1,1.072652099E-1,6.496673438E-1,8.625381343E1,2.413882210E1,-4.712643418E0,8.233945716E1
1.395542842E1,7.296724331E-1,1.834050485E-1,1.075766040E-1,6.498985272E-1,8.628212002E1,2.413171081E1,-4.668926024E0,8.238255297E1
1.396547342E1,7.293346366E-1,1.831095833E-1,1.081255192E-1,6.502697039E-1,8.633871348E1,2.414471584E1,-4.612814462E0,8.245286323E1
1.397551742E1,7.288174737E-1,1.826981247E-1,1.089626821E-1,6.508253048E-1,8.642529980E1,2.416824801E1,-4.530013928E0,8.255862376E1
1.398556142E1,7.281510583E-1,1.821198014E-1,1.100818126E-1,6.515445724E-1,8.653677225E1,2.419760896E1,-4.416488738E0,8.269675376E1
1.399560542E1,7.273926126E-1,1.813969566E-1,1.114264920E-1,6.523642996E-1,8.666349877E1,2.423107714E1,-4.276641350E0,8.285642249E1
1.400565042E1,7.266233825E-1,1.805976311E-1,1.129022955E-1,6.531891635E-1,8.679187565E1,2.426819804E1,-4.120478105E0,8.302085564E1
1.401569442E1,7.259061959E-1,1.798764485E-1,1.143476875E-1,6.539337455E-1,8.691143012E1,2.431082866E1,-3.970518559E0,8.317277133E1
1.402573842E1,7.252776494E-1,1.792655747E-1,1.156999665E-1,6.545606904E-1,8.701610021E1,2.435710587E1,-3.833150192E0,8.330474683E1
1.403578242E1,7.247566881E-1,1.787460121E-1,1.168966182E-1,6.550669847E-1,8.710277818E1,2.440044818E1,-3.711810570E0,8.341451841E1
1.404582742E1,7.243758254E-1,1.783189934E-1,1.178180616E-1,6.554394179E-1,8.716610278E1,2.443171605E1,-3.615785543E0,8.349663222E1
1.405587142E1,7.241398347E-1,1.779095420E-1,1.184740088E-1,6.556931947E-1,8.720532164E1,2.444484171E1,-3.538811679E0,8.355353694E1
1.406591542E1,7.239930109E-1,1.773788658E-1,1.190500983E-1,6.558948094E-1,8.722971490E1,2.444148782E1,-3.457082992E0,8.360045901E1
1.407595942E1,7.238959783E-1,1.766755218E-1,1.196415845E-1,6.560841436E-1,8.724583287E1,2.442426938E1,-3.360139856E0,8.364610544E1
1.408600442E1,7.237896075E-1,1.757510886E-1,1.204218122E-1,6.563068396E-1,8.726349926E1,2.440210761E1,-3.231657963E0,8.370230721E1
1.409604842E1,7.236040481E-1,1.745654240E-1,1.215985206E-1,6.566109159E-1,8.729431072E1,2.438742050E1,-3.053291007E0,8.378235242E1
1.410609242E1,7.232813798E-1,1.731755237E-1,1.232528714E-1,6.570259702E-1,8.734786794E1,2.439163455E1,-2.824027234E0,8.389329745E1
1.411613742E1,7.227806462E-1,1.716797320E-1,1.253589283E-1,6.575707893E-1,8.743092895E1,2.442169047E1,-2.554469761E0,8.403765642E1
1.412618142E1,7.220770388E-1,1.702145311E-1,1.277981429E-1,6.582548406E-1,8.754753613E1,2.448074239E1,-2.265427580E0,8.421388534E1
1.413622542E1,7.211990857E-1,1.688978886E-1,1.304013180E-1,6.590453811E-1,8.769286377E1,2.456635087E1,-1.978938400E0,8.441240398E1
1.414626942E1,7.202053395E-1,1.677886678E-1,1.329940235E-1,6.598969240E-1,8.785712751E1,2.467027306E1,-1.712277952E0,8.462124689E1
1.415631442E1,7.191764374E-1,1.668585870E-1,1.354599356E-1,6.607526867E-1,8.802694524E1,2.478097490E1,-1.470676665E0,8.482818482E1
1.416635842E1,7.181783316E-1,1.661127985E-1,1.376843408E-1,6.615658522E-1,8.819143159E1,2.488976910E1,-1.262058202E0,8.502228066E1
1.417640242E1,7.172440413E-1,1.655711799E-1,1.396257617E-1,6.623078686E-1,8.834518073E1,2.499485391E1,-1.090215355E0,8.519751680E1
1.418644642E1,7.163759769E-1,1.651444312E-1,1.414045813E-1,6.629763255E-1,8.848784152E1,2.509773735E1,-9.383179830E-1,8.535710666E1
1.419649142E1,7.155684854E-1,1.647331227E-1,1.431716063E-1,6.635711440E-1,8.862038401E1,2.520161958E1,-7.864731197E-1,8.550581969E1
1.420653542E1,7.147862847E-1,1.642149944E-1,1.451052155E-1,6.641222957E-1,8.874862569E1,2.531007614E1,-6.118871456E-1,8.565416454E1
1.421657942E1,7.139552358E-1,1.634227614E-1,1.474436056E-1,6.646964174E-1,8.888471550E1,2.542779032E1,-3.848460158E-1,8.582059230E1
1.422662342E1,7.130320538E-1,1.622274247E-1,1.502819950E-1,6.653441275E-1,8.903569976E1,2.555172329E1,-8.951722127E-2,8.601673411E1
1.423666842E1,7.120617860E-1,1.606186528E-1,1.533727133E-1,6.660678363E-1,8.919416708E1,2.566180954E1,2.553027687E-1,8.623516140E1
1.424671242E1,7.111664815E-1,1.587884693E-1,1.561488196E-1,6.668179027E-1,8.934019421E1,2.572924055E1,5.918544473E-1,8.644847261E1
1.425675642E1,7.104370671E-1,1.570007341E-1,1.580372858E-1,6.675734482E-1,8.945902511E1,2.572992624E1,8.555751689E-1,8.663214266E1
1.426680042E1,7.099297494E-1,1.554567811E-1,1.587614404E-1,6.683022054E-1,8.954160032E1,2.565780379E1,1.010447401E0,8.677009116E1
1.427684542E1,7.097090343E-1,1.542054721E-1,1.583412897E-1,6.689259287E-1,8.957750702E1,2.551786677E1,1.057076015E0,8.685049115E1
1.428688942E1,7.098041360E-1,1.532189241E-1,1.569671928E-1,6.693754486E-1,8.956203694E1,2.532281909E1,1.014758628E0,8.686985443E1
1.429693342E1,7.101166312E-1,1.524032065E-1,1.550936464E-1,6.696667492E-1,8.951118889E1,2.510165316E1,9.253920393E-1,8.684760104E1
1.430697742E1,7.104311349E-1,1.515924430E-1,1.534013296E-1,6.699068979E-1,8.945999103E1,2.489569528E1,8.512469174E-1,8.682466535E1
1.431702242E1,7.105871336E-1,1.506857296E-1,1.524223299E-1,6.701695861E-1,8.943458754E1,2.473949342E1,8.393391028E-1,8.683071556E1
1.432706642E1,7.105189334E-1,1.496474222E-1,1.524339611E-1,6.704717856E-1,8.944569425E1,2.465245435E1,9.136590105E-1,8.687756112E1
1.433711042E1,7.102024922E-1,1.484661274E-1,1.534881199E-1,6.708290249E-1,8.949721392E1,2.463804680E1,1.078629014E0,8.696941631E1
1.434715442E1,7.096327353E-1,1.471834908E-1,1.554668328E-1,6.712588543E-1,8.958991696E1,2.469075198E1,1.320914496E0,8.710552416E1
1.435719942E1,7.088257536E-1,1.458785246E-1,1.581482519E-1,6.717698808E-1,8.972108890E1,2.479988433E1,1.616271006E0,8.728043249E1
1.436724342E1,7.078469984E-1,1.446363516E-1,1.612410508E-1,6.723350069E-1,8.987997979E1,2.494939024E1,1.935809553E0,8.748052249E1
1.437728742E1,7.067988774E-1,1.435732849E-1,1.644012393E-1,6.728998721E-1,9.004988709E1,2.512103963E1,2.245213090E0,8.768536606E1
1.438733142E1,7.058247373E-1,1.428151112E-1,1.672305303E-1,6.733862889E-1,9.020757622E1,2.529222020E1,2.506424828E0,8.786780067E1
1.439737642E1,7.050153005E-1,1.423644968E-1,1.694894973E-1,6.737649006E-1,9.033843967E1,2.544269448E1,2.702209770E0,8.801333581E1
1.440742042E1,7.043949647E-1,1.421986516E-1,1.710613403E-1,6.740514333E-1,9.043863026E1,2.556030002E1,2.825315920E0,8.811891291E1
1.441746442E1,7.039330511E-1,1.422272324E-1,1.719488212E-1,6.743021070E-1,9.051317761E1,2.563743658E1,2.881626592E0,8.819256712E1
1.442750842E1,7.035828687E-1,1.423045100E-1,1.722890925E-1,6.745643710E-1,9.056966086E1,2.567322377E1,2.891926066E0,8.824660603E1
1.443755342E1,7.032975016E-1,1.422749229E-1,1.722933915E-1,6.748671026E-1,9.061566924E1,2.567222129E1,2.883979948E0,8.829368168E1
1.444759742E1,7.030771131E-1,1.420218034E-1,1.721379183E-1,6.751894865E-1,9.065118892E1,2.563922534E1,2.881427673E0,8.833749751E1
1.445764142E1,7.029374529E-1,1.415049263E-1,1.719140646E-1,6.755004314E-1,9.067369211E1,2.557838595E1,2.895608489E0,8.837684507E1
1.446768542E1,7.029097572E-1,1.407719307E-1,1.715995845E-1,6.757622951E-1,9.067815416E1,2.549171964E1,2.922281204E0,8.840502314E1
1.447773042E1,7.030156169E-1,1.399817721E-1,1.710644987E-1,6.759518848E-1,9.066109823E1,2.538162801E1,2.939424988E0,8.841336839E1
1.448777442E1,7.032846099E-1,1.393103426E-1,1.701416816E-1,6.760437530E-1,9.061774727E1,2.524882687E1,2.920844655E0,8.839150930E1
1.449781842E1,7.037325019E-1,1.388494641E-1,1.687479301E-1,6.760217972E-1,9.054552890E1,2.509409220E1,2.853149644E0,8.833398368E1
1.450786242E1,7.043224919E-1,1.385899225E-1,1.669342682E-1,6.759110168E-1,9.045032969E1,2.492118233E1,2.739908954E0,8.824707952E1
1.451790742E1,7.049268777E-1,1.383717783E-1,1.650054730E-1,6.757992434E-1,9.035272617E1,2.474248948E1,2.614196054E0,8.815644054E1
1.452795142E1,7.054257489E-1,1.380271475E-1,1.633077308E-1,6.757615430E-1,9.027210015E1,2.457286149E1,2.513574490E0,8.808676962E1
1.453799587E1,7.057578581E-1,1.374484924E-1,1.621133102E-1,6.758203036E-1,9.021839436E1,2.442570160E1,2.467031642E0,8.805134448E1
1.454803987E1,7.058948328E-1,1.365722436E-1,1.616315453E-1,6.759703490E-1,9.019623672E1,2.431281507E1,2.496145124E0,8.805667985E1
1.455808487E1,7.058586497E-1,1.353842108E-1,1.618951080E-1,6.761839703E-1,9.020209027E1,2.423564343E1,2.605613337E0,8.809945361E1
1.456812887E1,7.056942612E-1,1.339719016E-1,1.626941807E-1,6.764450437E-1,9.022868064E1,2.418431864E1,2.772790828E0,8.816950065E1
1.457817287E1,7.054674295E-1,1.323844445E-1,1.637945256E-1,6.767285208E-1,9.026536131E1,2.414369558E1,2.976522128E0,8.825445369E1
1.458821787E1,7.052505102E-1,1.306988287E-1,1.649752221E-1,6.769953420E-1,9.030042812E1,2.410188240E1,3.194905218E0,8.834013899E1
1.459826187E1,7.051228829E-1,1.290289113E-1,1.660698561E-1,6.771808790E-1,9.032105514E1,2.405428578E1,3.408099570E0,8.841025135E1
1.460830587E1,7.051315823E-1,1.274218440E-1,1.670598513E-1,6.772327868E-1,9.031964927E1,2.400293652E1,3.612591849E0,8.845586024E1
1.461834987E1,7.052540044E-1,1.258857824E-1,1.680915206E-1,6.771372543E-1,9.029986333E1,2.396051016E1,3.819330164E0,8.848035747E1
1.462839487E1,7.054085187E-1,1.243155199E-1,1.694671278E-1,6.769235659E-1,9.027488578E1,2.394358699E1,4.058955703E0,8.850003083E1
1.463843887E1,7.054918114E-1,1.226205290E-1,1.713436030E-1,6.766734559E-1,9.026141909E1,2.395829671E1,4.348046149E0,8.853407458E1
1.464848288E1,7.054070014E-1,1.207840749E-1,1.737564785E-1,6.764768093E-1,9.027513108E1,2.400705900E1,4.687600462E0,8.859855259E1
1.465852688E1,7.050880973E-1,1.188979165E-1,1.766913769E-1,6.763832643E-1,9.032667653E1,2.409713901E1,5.067244346E0,8.870155307E1
1.466857188E1,7.045944932E-1,1.170812530E-1,1.800149167E-1,6.763381475E-1,9.040641386E1,2.422740802E1,5.468702143E0,8.883019089E1
1.467861588E1,7.041373065E-1,1.146085238E-1,1.830206771E-1,6.764310167E-1,9.048021915E1,2.427872346E1,5.894315741E0,8.896953111E1
1.468865988E1,7.040620889E-1,1.113683399E-1,1.835839461E-1,6.768977786E-1,9.049235728E1,2.406224665E1,6.184996855E0,8.906560266E1
1.469870388E1,7.047244846E-1,1.091729027E-1,1.814667281E-1,6.771369040E-1,9.038542025E1,2.370182274E1,6.195316458E0,8.901381073E1
1.470874888E1,7.059601116E-1,1.085009081E-1,1.788568109E-1,6.766522495E-1,9.018567541E1,2.342003642E1,6.067312587E0,8.883003508E1
1.471879288E1,7.074523116E-1,1.095805338E-1,1.768713439E-1,6.754405790E-1,8.994399071E1,2.333166319E1,5.867356631E0,8.856030786E1
1.472883688E1,7.088783502E-1,1.119314508E-1,1.754733883E-1,6.739229131E-1,8.971254410E1,2.339767996E1,5.618960215E0,8.826830426E1
1.473888087E1,7.100296427E-1,1.149273647E-1,1.737756395E-1,6.726452643E-1,8.952534561E1,2.349563009E1,5.287940959E0,8.800289134E1
1.474892587E1,7.109228767E-1,1.179613556E-1,1.708247411E-1,6.719320817E-1,8.937989439E1,2.349752428E1,4.839361053E0,8.777690154E1
1.475896987E1,7.116626408E-1,1.206797167E-1,1.660285193E-1,6.718684373E-1,8.925929226E1,2.332555983E1,4.252431067E0,8.758307654E1
1.476901387E1,7.123657135E-1,1.229566423E-1,1.594762174E-1,6.722975976E-1,8.914455257E1,2.297685972E1,3.547951488E0,8.740629179E1