"Time (s)","X (µT)","Y (µT)","Z (µT)"
1.198166667E-2,-3.430986023E1,-1.631710815E1,-1.615826416E1
2.202666667E-2,-3.411278534E1,-1.622467041E1,-1.622747803E1
3.207166668E-2,-3.403491211E1,-1.615353394E1,-1.643035889E1
4.211666668E-2,-3.382274628E1,-1.614343262E1,-1.691925049E1
5.216166668E-2,-3.344264984E1,-1.604083252E1,-1.735705566E1
6.220666668E-2,-3.322809601E1,-1.593615723E1,-1.795361328E1
7.225166669E-2,-3.278748322E1,-1.589306641E1,-1.849328613E1
8.229666669E-2,-3.270401001E1,-1.585635376E1,-1.912408447E1
9.234166663E-2,-3.249810028E1,-1.585733032E1,-1.939276123E1
1.023866666E-1,-3.216799927E1,-1.584219360E1,-1.978637695E1
1.124306666E-1,-3.205811310E1,-1.587405396E1,-2.015191650E1
1.224756666E-1,-3.178895569E1,-1.600872803E1,-2.046514893E1
1.325206666E-1,-3.168228912E1,-1.614648438E1,-2.070599365E1
1.425656666E-1,-3.151724243E1,-1.613052368E1,-2.100952148E1
1.526106666E-1,-3.126755524E1,-1.620321655E1,-2.133422852E1
1.626556666E-1,-3.107099152E1,-1.602410889E1,-2.175592041E1
1.727006666E-1,-3.075624084E1,-1.588095093E1,-2.199060059E1
1.827456667E-1,-3.043265533E1,-1.572286987E1,-2.247351074E1
1.927906667E-1,-3.024683380E1,-1.560699463E1,-2.306365967E1
2.028346666E-1,-2.988442230E1,-1.531811523E1,-2.351324463E1
2.128796667E-1,-2.963410950E1,-1.509490967E1,-2.401782227E1
2.229246667E-1,-2.945455170E1,-1.500381470E1,-2.408154297E1
2.329696667E-1,-2.944822693E1,-1.492962646E1,-2.430426025E1
2.430146667E-1,-2.957089996E1,-1.471060181E1,-2.441491699E1
2.530596667E-1,-2.956954956E1,-1.476989746E1,-2.445050049E1
2.631046667E-1,-2.963687134E1,-1.481121826E1,-2.465844727E1
2.731496667E-1,-2.971186066E1,-1.494808960E1,-2.448718262E1
2.831946667E-1,-2.966572571E1,-1.490939331E1,-2.443414307E1
2.932386667E-1,-2.976820374E1,-1.487911987E1,-2.409918213E1
3.032836667E-1,-2.966947937E1,-1.499276733E1,-2.386132812E1
3.133286667E-1,-2.943197632E1,-1.514123535E1,-2.394042969E1
3.233736667E-1,-2.941816711E1,-1.505740356E1,-2.412628174E1
3.334186667E-1,-2.937826538E1,-1.495144653E1,-2.433715820E1
3.434636667E-1,-2.926149750E1,-1.491442871E1,-2.432318115E1
3.535086667E-1,-2.911673737E1,-1.484103394E1,-2.444384766E1
3.635536667E-1,-2.911673737E1,-1.484103394E1,-2.444384766E1
3.735986667E-1,-2.891438293E1,-1.480236816E1,-2.479461670E1
3.836426667E-1,-2.886550903E1,-1.474649048E1,-2.514050293E1
3.936876667E-1,-2.886034393E1,-1.466610718E1,-2.499761963E1
4.037326667E-1,-2.880190277E1,-1.450704956E1,-2.506567383E1
4.137776666E-1,-2.877771759E1,-1.438888550E1,-2.517919922E1
4.238226666E-1,-2.866497040E1,-1.414575195E1,-2.520214844E1
4.338676666E-1,-2.874617004E1,-1.409338379E1,-2.530993652E1
4.439126666E-1,-2.877333069E1,-1.398895264E1,-2.519116211E1
4.539576666E-1,-2.873360443E1,-1.385665894E1,-2.542309570E1
4.640026666E-1,-2.851691437E1,-1.378347778E1,-2.556518555E1
4.740466666E-1,-2.848134613E1,-1.378460693E1,-2.570471191E1
4.840916666E-1,-2.865206909E1,-1.361740112E1,-2.577148438E1
4.941366666E-1,-2.848119354E1,-1.346969604E1,-2.586865234E1
5.041816666E-1,-2.851367188E1,-1.336340332E1,-2.595733643E1
5.142266667E-1,-2.846982574E1,-1.320553589E1,-2.611773682E1
5.242716667E-1,-2.840579224E1,-1.304025269E1,-2.602447510E1
5.343166667E-1,-2.834436035E1,-1.296267700E1,-2.588201904E1
5.443616667E-1,-2.854290771E1,-1.278894043E1,-2.610437012E1
5.544066667E-1,-2.861131287E1,-1.267736816E1,-2.621765137E1
5.644506667E-1,-2.870696259E1,-1.249325562E1,-2.631072998E1
5.744956667E-1,-2.859323883E1,-1.236990356E1,-2.628094482E1
5.845406667E-1,-2.878473663E1,-1.226489258E1,-2.620971680E1
5.945856667E-1,-2.870154572E1,-1.198727417E1,-2.640118408E1
6.046306667E-1,-2.855290985E1,-1.183636475E1,-2.642358398E1
6.146756667E-1,-2.845323944E1,-1.178063965E1,-2.648779297E1
6.247206667E-1,-2.836729431E1,-1.161651611E1,-2.637591553E1
6.347656667E-1,-2.852190399E1,-1.151193237E1,-2.632122803E1
6.448106667E-1,-2.855828857E1,-1.149670410E1,-2.649066162E1
6.548546667E-1,-2.852080536E1,-1.142861938E1,-2.645147705E1
6.648996667E-1,-2.863412476E1,-1.132244873E1,-2.631176758E1
6.749446667E-1,-2.860278320E1,-1.127359009E1,-2.626617432E1
6.849896667E-1,-2.869011688E1,-1.112435913E1,-2.645861816E1
6.950346667E-1,-2.868207550E1,-1.121267700E1,-2.661688232E1
7.050798333E-1,-2.856984711E1,-1.102603149E1,-2.655718994E1
7.151248333E-1,-2.860292053E1,-1.098287964E1,-2.629296875E1
7.251698333E-1,-2.854723358E1,-1.102066040E1,-2.635827637E1
7.352138333E-1,-2.851822662E1,-1.082022095E1,-2.632672119E1
7.452588333E-1,-2.865201569E1,-1.093179321E1,-2.632818604E1
7.553038333E-1,-2.872079468E1,-1.088034058E1,-2.620745850E1
7.653488333E-1,-2.870455933E1,-1.099227905E1,-2.611364746E1
7.753938333E-1,-2.883728027E1,-1.087258911E1,-2.609545898E1
7.854388334E-1,-2.885075378E1,-1.087002563E1,-2.608508301E1
7.954838334E-1,-2.888177490E1,-1.088555908E1,-2.612322998E1
8.055288333E-1,-2.898338318E1,-1.088903809E1,-2.620660400E1
8.155738333E-1,-2.893207550E1,-1.079049683E1,-2.626055908E1
8.256178334E-1,-2.904577637E1,-1.062738037E1,-2.612774658E1
8.356628333E-1,-2.903721619E1,-1.057852173E1,-2.613287354E1
8.457078333E-1,-2.895155334E1,-1.048089600E1,-2.610040283E1
8.557528333E-1,-2.878863525E1,-1.061206055E1,-2.591009521E1
8.657978333E-1,-2.894157410E1,-1.061254883E1,-2.589801025E1
8.758428333E-1,-2.892091370E1,-1.060806274E1,-2.574127197E1
8.858878333E-1,-2.892702484E1,-1.061331177E1,-2.565930176E1
8.959328333E-1,-2.891442871E1,-1.055529785E1,-2.592285156E1
9.059768333E-1,-2.889072418E1,-1.054507446E1,-2.597711182E1
9.160218333E-1,-2.896849060E1,-1.053082275E1,-2.575335693E1
9.260668333E-1,-2.886334991E1,-1.064038086E1,-2.578118896E1
9.361118333E-1,-2.879531097E1,-1.070538330E1,-2.575500488E1
9.461568333E-1,-2.879800415E1,-1.058923340E1,-2.564398193E1
9.562018333E-1,-2.898921204E1,-1.060192871E1,-2.543109131E1
9.662468333E-1,-2.895546722E1,-1.050494385E1,-2.546051025E1
9.762918333E-1,-2.899786377E1,-1.036486816E1,-2.541229248E1
9.863368333E-1,-2.905111694E1,-1.018661499E1,-2.527600098E1
9.963808333E-1,-2.906452942E1,-9.997497559E0,-2.535314941E1
1.006425833E0,-2.925630188E1,-9.785491943E0,-2.537670898E1
1.016470833E0,-2.908124542E1,-9.526000977E0,-2.529107666E1
1.026515833E0,-2.896404266E1,-9.369781494E0,-2.530834961E1
1.036560833E0,-2.887253571E1,-9.277862549E0,-2.559722900E1
1.046605833E0,-2.878098297E1,-9.207305908E0,-2.565850830E1
1.056650833E0,-2.858438873E1,-9.214202881E0,-2.584527588E1
1.066695833E0,-2.842501831E1,-9.349029541E0,-2.577380371E1
1.076739833E0,-2.839051056E1,-9.524414062E0,-2.616217041E1
1.086784833E0,-2.839051056E1,-9.524414062E0,-2.616217041E1
1.096829833E0,-2.840607452E1,-9.739135742E0,-2.611492920E1
1.106874833E0,-2.854747009E1,-9.777679443E0,-2.583819580E1
1.116919833E0,-2.846728516E1,-9.945800781E0,-2.579632568E1
1.126964833E0,-2.839789581E1,-1.009350586E1,-2.570806885E1
1.137009833E0,-2.845964813E1,-1.027536011E1,-2.572808838E1
1.147054833E0,-2.856954956E1,-1.046957397E1,-2.567620850E1
1.157099833E0,-2.856549072E1,-1.057821655E1,-2.566381836E1
1.167143833E0,-2.867923737E1,-1.068518066E1,-2.547613525E1
1.177188833E0,-2.857059479E1,-1.081372070E1,-2.563177490E1
1.187233833E0,-2.839275360E1,-1.096026611E1,-2.567706299E1
1.197278833E0,-2.840058899E1,-1.105889893E1,-2.553869629E1
1.207323833E0,-2.839017487E1,-1.096646118E1,-2.554656982E1
1.217368833E0,-2.830590820E1,-1.091571045E1,-2.571948242E1
1.227413833E0,-2.829746246E1,-1.094042969E1,-2.540374756E1
1.237458833E0,-2.819254303E1,-1.091992188E1,-2.559680176E1
1.247502833E0,-2.805417633E1,-1.098034668E1,-2.561157227E1
1.257547833E0,-2.806036377E1,-1.087197876E1,-2.588983154E1
1.267592833E0,-2.794496155E1,-1.083081055E1,-2.587854004E1
1.277637833E0,-2.791239166E1,-1.080645752E1,-2.588482666E1
1.287682833E0,-2.783955383E1,-1.079711914E1,-2.580065918E1
1.297727833E0,-2.783948517E1,-1.078079224E1,-2.569238281E1
1.307772833E0,-2.783865356E1,-1.069161987E1,-2.625457764E1
1.317817833E0,-2.778253174E1,-1.073455811E1,-2.625280762E1
1.327861833E0,-2.774105072E1,-1.062005615E1,-2.623968506E1
1.337906833E0,-2.767466736E1,-1.067144775E1,-2.608367920E1
1.347951833E0,-2.767621613E1,-1.075155640E1,-2.613409424E1
1.357996833E0,-2.771063995E1,-1.080911255E1,-2.609857178E1
1.368041833E0,-2.780902863E1,-1.056518555E1,-2.607159424E1
1.378086833E0,-2.788924408E1,-1.043267822E1,-2.606347656E1
1.388131833E0,-2.778733826E1,-1.047897339E1,-2.591235352E1
1.398176833E0,-2.807624054E1,-1.031088257E1,-2.599072266E1
1.408220833E0,-2.797808075E1,-1.029211426E1,-2.600292969E1
1.418265833E0,-2.805122375E1,-1.009619141E1,-2.604577637E1
1.428310833E0,-2.806277466E1,-1.007427979E1,-2.584466553E1
1.438355833E0,-2.796289062E1,-1.012191772E1,-2.591638184E1
1.448400833E0,-2.810737610E1,-9.996856689E0,-2.586663818E1
1.458445833E0,-2.811680603E1,-1.002850342E1,-2.591113281E1
1.468490833E0,-2.809352112E1,-1.002944946E1,-2.595520020E1
1.478535833E0,-2.819091034E1,-1.004421997E1,-2.607531738E1
1.488579833E0,-2.816616058E1,-1.013607788E1,-2.608166504E1
1.498624833E0,-2.799422455E1,-1.018902588E1,-2.609588623E1
1.508669833E0,-2.785063171E1,-1.038989258E1,-2.599530029E1
1.518714833E0,-2.783029175E1,-1.048733521E1,-2.603027344E1
1.528759833E0,-2.801426697E1,-1.043823242E1,-2.560070801E1
1.538804833E0,-2.802419281E1,-1.054333496E1,-2.565081787E1
1.548849833E0,-2.823196411E1,-1.072058105E1,-2.573461914E1
1.558894833E0,-2.830633545E1,-1.071679688E1,-2.544848633E1
1.568938833E0,-2.829622650E1,-1.079476929E1,-2.540130615E1
1.578983833E0,-2.842802429E1,-1.073730469E1,-2.507769775E1
1.589028833E0,-2.864728546E1,-1.078421021E1,-2.507574463E1
1.599073833E0,-2.876411438E1,-1.050527954E1,-2.529736328E1
1.609118833E0,-2.888181305E1,-1.032199097E1,-2.481280518E1
1.619163833E0,-2.890350342E1,-1.009780884E1,-2.515136719E1
1.629208833E0,-2.892272949E1,-9.831054688E0,-2.504241943E1
1.639253833E0,-2.886502075E1,-9.625091553E0,-2.482928467E1
1.649297833E0,-2.877077484E1,-9.675689697E0,-2.496649170E1
1.659342833E0,-2.872222137E1,-9.684783936E0,-2.506616211E1
1.669387833E0,-2.864044952E1,-9.661041260E0,-2.532415771E1
1.679432833E0,-2.860266876E1,-9.715148926E0,-2.541931152E1
1.689477833E0,-2.859719849E1,-1.001889038E1,-2.536798096E1
1.699521917E0,-2.840392303E1,-1.013790894E1,-2.532305908E1
1.709566917E0,-2.837799835E1,-1.033142090E1,-2.553350830E1
1.719610917E0,-2.829551697E1,-1.044064331E1,-2.540777588E1
1.729655917E0,-2.848990631E1,-1.033773804E1,-2.554638672E1
1.739700917E0,-2.840370178E1,-1.041564941E1,-2.545294189E1
1.749745917E0,-2.839739990E1,-1.043276978E1,-2.557592773E1
1.759790917E0,-2.837716675E1,-1.041201782E1,-2.573541260E1
1.769835917E0,-2.829842377E1,-1.023071289E1,-2.597259521E1
1.779880917E0,-2.825016785E1,-9.905273438E0,-2.588299561E1
1.789925917E0,-2.822846222E1,-9.767791748E0,-2.579974365E1
1.799969917E0,-2.812626648E1,-9.619781494E0,-2.622082520E1
1.810014917E0,-2.812626648E1,-9.619781494E0,-2.622082520E1
1.820059917E0,-2.796353912E1,-9.408935547E0,-2.636077881E1
1.830104917E0,-2.792829895E1,-9.177093506E0,-2.656811523E1
1.840149917E0,-2.786960602E1,-9.118347168E0,-2.666607666E1
1.850194917E0,-2.780496979E1,-8.943756104E0,-2.666033936E1
1.860239917E0,-2.773502350E1,-8.938598633E0,-2.637628174E1
1.870284917E0,-2.766607666E1,-8.689880371E0,-2.655261230E1
1.880328917E0,-2.767997742E1,-8.634063721E0,-2.677301025E1
1.890373917E0,-2.775181580E1,-8.690216064E0,-2.681005859E1
1.900418917E0,-2.758845520E1,-8.513275146E0,-2.690936279E1
1.910463917E0,-2.758388519E1,-8.431701660E0,-2.670178223E1
1.920508917E0,-2.764433289E1,-8.376831055E0,-2.669158936E1
1.930553917E0,-2.761590576E1,-8.402160645E0,-2.673248291E1
1.940598917E0,-2.761850739E1,-8.212280273E0,-2.677612305E1
1.950643917E0,-2.767748260E1,-8.152587891E0,-2.692163086E1
1.960687917E0,-2.769214630E1,-7.981689453E0,-2.697546387E1
1.970732917E0,-2.780576324E1,-7.780670166E0,-2.685070801E1
1.980777917E0,-2.782130432E1,-7.542510986E0,-2.703582764E1
1.990822917E0,-2.786714172E1,-7.316497803E0,-2.704467773E1
2.000867917E0,-2.787313080E1,-7.132812500E0,-2.711834717E1
2.010912917E0,-2.794985199E1,-7.173370361E0,-2.714392090E1
2.020957917E0,-2.793104553E1,-7.029266357E0,-2.724890137E1
2.031001917E0,-2.805067444E1,-7.084442139E0,-2.706884766E1
2.041046917E0,-2.813487244E1,-6.919586182E0,-2.700378418E1
2.051091917E0,-2.807289886E1,-6.807250977E0,-2.703057861E1
2.061136917E0,-2.825363159E1,-6.814422607E0,-2.685552979E1
2.071181917E0,-2.828442383E1,-6.910400391E0,-2.649584961E1
2.081226917E0,-2.831647491E1,-7.004241943E0,-2.653619385E1
2.091271917E0,-2.847776794E1,-7.107177734E0,-2.657556152E1
2.101316917E0,-2.858593750E1,-7.108520508E0,-2.649011230E1
2.111360917E0,-2.859737396E1,-7.021179199E0,-2.643200684E1
2.121405917E0,-2.874920654E1,-7.196136475E0,-2.654364014E1
2.131450917E0,-2.864269257E1,-7.273315430E0,-2.628472900E1
2.141495917E0,-2.892376709E1,-7.384033203E0,-2.633465576E1
2.151540917E0,-2.892546082E1,-7.341583252E0,-2.600457764E1
2.161585917E0,-2.904247284E1,-7.264373779E0,-2.600939941E1
2.171630917E0,-2.919909668E1,-7.024963379E0,-2.590350342E1
2.181674917E0,-2.945304871E1,-6.807678223E0,-2.551385498E1
2.191719917E0,-2.962421417E1,-6.619415283E0,-2.563061523E1
2.201764917E0,-2.990687561E1,-6.411621094E0,-2.522564697E1
2.211809917E0,-3.021604156E1,-6.239868164E0,-2.492095947E1
2.221854917E0,-3.030229187E1,-6.313323975E0,-2.492681885E1
2.231899917E0,-3.047143555E1,-6.310089111E0,-2.465490723E1
2.241944917E0,-3.048937988E1,-6.474243164E0,-2.463177490E1
2.251989917E0,-3.058027649E1,-6.734344482E0,-2.452307129E1
2.262033917E0,-3.070681763E1,-6.894866943E0,-2.440130615E1
2.272078917E0,-3.083815002E1,-7.210723877E0,-2.389044189E1
2.282123917E0,-3.091609192E1,-7.401092529E0,-2.384313965E1
2.292168917E0,-3.112874603E1,-7.594360352E0,-2.379199219E1
2.302213917E0,-3.108898163E1,-7.743652344E0,-2.348425293E1
2.312258917E0,-3.112587738E1,-7.735992432E0,-2.347650146E1
2.322303917E0,-3.106083679E1,-7.784881592E0,-2.353198242E1
2.332347917E0,-3.107176208E1,-7.868530273E0,-2.367584229E1
2.342392917E0,-3.098487854E1,-7.959625244E0,-2.377978516E1
2.352437917E0,-3.085417175E1,-8.110961914E0,-2.410827637E1
2.362482917E0,-3.076274109E1,-8.252746582E0,-2.417828369E1
2.372527917E0,-3.061974335E1,-8.332122803E0,-2.420782471E1
2.382572917E0,-3.059284973E1,-8.565673828E0,-2.407080078E1
2.392617917E0,-3.054798126E1,-8.494079590E0,-2.418811035E1
2.402662917E0,-3.025253296E1,-8.853485107E0,-2.450811768E1
2.412706917E0,-3.024158478E1,-8.903259277E0,-2.491925049E1
2.422751917E0,-3.013255310E1,-9.051483154E0,-2.490948486E1
2.432796917E0,-2.980484772E1,-9.205932617E0,-2.505255127E1
2.442841917E0,-2.968634033E1,-9.494232178E0,-2.536224365E1
2.452886917E0,-2.949349976E1,-9.608459473E0,-2.543975830E1
2.462931917E0,-2.942809296E1,-9.722595215E0,-2.562133789E1
2.472976917E0,-2.923284912E1,-9.826599121E0,-2.581860352E1
2.483020917E0,-2.915380859E1,-9.970275879E0,-2.579602051E1
2.493065917E0,-2.911412811E1,-9.992553711E0,-2.604107666E1
2.503110917E0,-2.890930939E1,-1.022909546E1,-2.609313965E1
2.513155917E0,-2.883076477E1,-1.023052979E1,-2.591070557E1
2.523200917E0,-2.887250519E1,-1.024649048E1,-2.603717041E1
2.533245917E0,-2.888214111E1,-1.026293945E1,-2.596484375E1
2.543290917E0,-2.888214111E1,-1.026293945E1,-2.596484375E1
2.553335917E0,-2.892236328E1,-1.028781128E1,-2.612884521E1
2.563379917E0,-2.891993713E1,-1.028604126E1,-2.599914551E1
2.573424917E0,-2.883535004E1,-1.021679688E1,-2.606378174E1
2.583469917E0,-2.887501526E1,-1.025756836E1,-2.607446289E1
2.593514917E0,-2.879468536E1,-1.022335815E1,-2.601531982E1
2.603559917E0,-2.886210632E1,-1.030117798E1,-2.609417725E1
2.613604917E0,-2.888069916E1,-1.033651733E1,-2.617053223E1
2.623649917E0,-2.883940887E1,-1.030401611E1,-2.608380127E1
2.633693917E0,-2.896099854E1,-1.030169678E1,-2.608575439E1
2.643738917E0,-2.882870483E1,-1.049612427E1,-2.617755127E1
2.653783917E0,-2.898936462E1,-1.055560303E1,-2.614916992E1
2.663828917E0,-2.891446686E1,-1.052841187E1,-2.592675781E1
2.673873917E0,-2.901897430E1,-1.072152710E1,-2.605242920E1
2.683918917E0,-2.894434357E1,-1.067153931E1,-2.619165039E1
2.693963917E0,-2.896939850E1,-1.054364014E1,-2.615856934E1
2.704008042E0,-2.897227478E1,-1.048580933E1,-2.621368408E1
2.714053042E0,-2.883026886E1,-1.056433105E1,-2.613995361E1
2.724098042E0,-2.902568054E1,-1.040838623E1,-2.617736816E1
2.734143042E0,-2.916989136E1,-1.028298950E1,-2.594549561E1
2.744188042E0,-2.915071106E1,-1.021148682E1,-2.616333008E1
2.754233042E0,-2.924056244E1,-9.942077637E0,-2.596502686E1
2.764278042E0,-2.930394745E1,-9.931457520E0,-2.600103760E1
2.774322042E0,-2.922746277E1,-9.858673096E0,-2.602569580E1
2.784367042E0,-2.910678864E1,-9.573730469E0,-2.623730469E1
2.794412042E0,-2.912641907E1,-9.597656250E0,-2.629553223E1
2.804457042E0,-2.892707825E1,-9.828674316E0,-2.617871094E1
2.814502042E0,-2.869029236E1,-9.964263916E0,-2.626129150E1
2.824547042E0,-2.872917175E1,-9.984558105E0,-2.629632568E1
2.834592042E0,-2.851010132E1,-1.023101807E1,-2.657019043E1
2.844636042E0,-2.848694611E1,-1.057540894E1,-2.660577393E1
2.854681042E0,-2.852391052E1,-1.054983521E1,-2.667645264E1
2.864726042E0,-2.856151581E1,-1.072579956E1,-2.654406738E1
2.874771042E0,-2.857501984E1,-1.089721680E1,-2.650579834E1
2.884816042E0,-2.861511230E1,-1.073342896E1,-2.652935791E1
2.894861042E0,-2.851451874E1,-1.080191040E1,-2.657257080E1
2.904906042E0,-2.855376434E1,-1.095166016E1,-2.656970215E1
2.914950042E0,-2.852351379E1,-1.089318848E1,-2.681536865E1
2.924995042E0,-2.851004028E1,-1.096331787E1,-2.677673340E1
2.935040042E0,-2.854721832E1,-1.096527100E1,-2.670843506E1
2.945085042E0,-2.847307587E1,-1.098986816E1,-2.676385498E1
2.955130042E0,-2.842122650E1,-1.101034546E1,-2.678387451E1
2.965175042E0,-2.843877411E1,-1.102584839E1,-2.691461182E1
2.975220042E0,-2.836383820E1,-1.108428955E1,-2.687329102E1
2.985264042E0,-2.824269104E1,-1.119641113E1,-2.669683838E1
2.995309042E0,-2.818900299E1,-1.129852295E1,-2.683435059E1
3.005354042E0,-2.830049896E1,-1.141357422E1,-2.692517090E1
3.015399042E0,-2.823820496E1,-1.157818604E1,-2.691943359E1
3.025444042E0,-2.840132904E1,-1.156918335E1,-2.672167969E1
3.035489042E0,-2.817393494E1,-1.165167236E1,-2.668096924E1
3.045534042E0,-2.826244354E1,-1.179470825E1,-2.691644287E1
3.055579042E0,-2.815175629E1,-1.171081543E1,-2.680035400E1
3.065623042E0,-2.838561249E1,-1.170880127E1,-2.667846680E1
3.075668042E0,-2.835253906E1,-1.169052124E1,-2.684570312E1
3.085713042E0,-2.851908112E1,-1.177999878E1,-2.671258545E1
3.095758042E0,-2.855912018E1,-1.166482544E1,-2.676599121E1
3.105803042E0,-2.856205750E1,-1.172601318E1,-2.678906250E1
3.115848042E0,-2.864196777E1,-1.151165771E1,-2.673071289E1
3.125893042E0,-2.862149811E1,-1.146307373E1,-2.680230713E1
3.135937042E0,-2.849190521E1,-1.135964966E1,-2.686065674E1
3.145982042E0,-2.859637451E1,-1.125445557E1,-2.692999268E1
3.156027042E0,-2.872588348E1,-1.131634521E1,-2.685614014E1
3.166072042E0,-2.884796906E1,-1.119137573E1,-2.665997314E1
3.176117042E0,-2.899172974E1,-1.105477905E1,-2.680010986E1
3.186162042E0,-2.880219269E1,-1.111419678E1,-2.657006836E1
3.196206042E0,-2.884494781E1,-1.115795898E1,-2.669976807E1
3.206251042E0,-2.884993744E1,-1.129772949E1,-2.664428711E1
3.216296042E0,-2.899819946E1,-1.122650146E1,-2.663287354E1
3.226341042E0,-2.898387146E1,-1.117666626E1,-2.687829590E1
3.236386042E0,-2.905273438E1,-1.119381714E1,-2.652447510E1
3.246431042E0,-2.900992584E1,-1.116967773E1,-2.662390137E1
3.256476042E0,-2.913351440E1,-1.106524658E1,-2.651092529E1
3.266520042E0,-2.913351440E1,-1.106524658E1,-2.651092529E1
3.276565042E0,-2.919506073E1,-1.108493042E1,-2.626574707E1
3.286610042E0,-2.917886353E1,-1.104446411E1,-2.621533203E1
3.296655042E0,-2.913687897E1,-1.120626831E1,-2.608306885E1
3.306700042E0,-2.927236938E1,-1.116159058E1,-2.634503174E1
3.316745042E0,-2.947470093E1,-1.111380005E1,-2.609698486E1
3.326790042E0,-2.949756622E1,-1.102957153E1,-2.610455322E1
3.336834042E0,-2.964843750E1,-1.086538696E1,-2.593005371E1
3.346879042E0,-2.991907501E1,-1.048095703E1,-2.587792969E1
3.356924042E0,-2.995439911E1,-1.034967041E1,-2.587261963E1
3.366969042E0,-3.002249908E1,-1.017700195E1,-2.600000000E1
3.377014042E0,-2.996567535E1,-9.941284180E0,-2.607098389E1
3.387059042E0,-2.988990021E1,-9.935455322E0,-2.614459229E1
3.397104042E0,-2.979987335E1,-1.004525757E1,-2.602526855E1
3.407148042E0,-2.974269104E1,-1.019583130E1,-2.600262451E1
3.417193042E0,-2.970829773E1,-1.065277100E1,-2.595727539E1
3.427238042E0,-2.968038177E1,-1.084725952E1,-2.586645508E1
3.437283042E0,-2.971718597E1,-1.107403564E1,-2.573748779E1
3.447328042E0,-3.004846954E1,-1.123480225E1,-2.571075439E1
3.457373042E0,-2.994801331E1,-1.134207153E1,-2.563409424E1
3.467418042E0,-2.994048309E1,-1.137930298E1,-2.571704102E1
3.477462042E0,-2.989178467E1,-1.135626221E1,-2.577032471E1
3.487507042E0,-3.002416992E1,-1.139205933E1,-2.582745361E1
3.497552042E0,-3.003562927E1,-1.129739380E1,-2.571643066E1
3.507597042E0,-3.001902008E1,-1.123870850E1,-2.569622803E1
3.517642042E0,-3.008480072E1,-1.129550171E1,-2.568432617E1
3.527687042E0,-2.994406128E1,-1.135208130E1,-2.592156982E1
3.537732042E0,-3.001136017E1,-1.140420532E1,-2.581408691E1
3.547776042E0,-2.988336945E1,-1.152380371E1,-2.584930420E1
3.557821042E0,-2.962161255E1,-1.167446899E1,-2.581475830E1
3.567866042E0,-2.957704926E1,-1.147927856E1,-2.595751953E1
3.577911042E0,-2.943555450E1,-1.166482544E1,-2.600872803E1
3.587956042E0,-2.934841156E1,-1.176312256E1,-2.616711426E1
3.598001042E0,-2.912397766E1,-1.175863647E1,-2.628656006E1
3.608046042E0,-2.909656525E1,-1.168933105E1,-2.653503418E1
3.618090042E0,-2.899161530E1,-1.179055786E1,-2.656719971E1
3.628135042E0,-2.898626709E1,-1.179028320E1,-2.665258789E1
3.638180042E0,-2.895561218E1,-1.176855469E1,-2.679675293E1
3.648225042E0,-2.896031189E1,-1.178512573E1,-2.697467041E1
3.658270042E0,-2.889917755E1,-1.172674561E1,-2.693890381E1
3.668315042E0,-2.895352936E1,-1.159020996E1,-2.691198730E1
3.678359042E0,-2.899523163E1,-1.142526245E1,-2.725543213E1
3.688404042E0,-2.897979736E1,-1.130062866E1,-2.721582031E1
3.698449042E0,-2.899676514E1,-1.106286621E1,-2.731414795E1
3.708494208E0,-2.895635223E1,-1.097985840E1,-2.778411865E1
3.718539208E0,-2.877375793E1,-1.072573853E1,-2.768292236E1
3.728584208E0,-2.890992737E1,-1.077526855E1,-2.778717041E1
3.738629208E0,-2.900017548E1,-1.056002808E1,-2.773742676E1
3.748673208E0,-2.890869141E1,-1.016992188E1,-2.787573242E1
3.758718208E0,-2.904807281E1,-1.017886353E1,-2.777520752E1
3.768763208E0,-2.888637543E1,-1.024484253E1,-2.793774414E1
3.778808208E0,-2.894328308E1,-1.023391724E1,-2.798059082E1
3.788853208E0,-2.885336304E1,-1.029217529E1,-2.790856934E1
3.798898208E0,-2.892724609E1,-1.027734375E1,-2.777551270E1
3.808943208E0,-2.901747131E1,-1.024691772E1,-2.787896729E1
3.818987208E0,-2.909020233E1,-1.030502319E1,-2.774401855E1
3.829032208E0,-2.907884979E1,-1.041390991E1,-2.778198242E1
3.839077208E0,-2.900550842E1,-1.041949463E1,-2.767736816E1
3.849122208E0,-2.907500458E1,-1.039019775E1,-2.775787354E1
3.859167208E0,-2.911628723E1,-1.040017700E1,-2.819915771E1
3.869212208E0,-2.903199005E1,-1.037509155E1,-2.825134277E1
3.879256208E0,-2.913013458E1,-1.047100830E1,-2.781158447E1
3.889301208E0,-2.916325378E1,-1.052203369E1,-2.821697998E1
3.899346208E0,-2.903045654E1,-1.055130005E1,-2.789166260E1
3.909391208E0,-2.914756775E1,-1.040411377E1,-2.795385742E1
3.919436208E0,-2.915876007E1,-1.012521362E1,-2.768249512E1
3.929481208E0,-2.909786987E1,-1.018829346E1,-2.791711426E1
3.939526208E0,-2.901780701E1,-9.962860107E0,-2.805505371E1
3.949570208E0,-2.884259033E1,-9.815368652E0,-2.827941895E1
3.959615208E0,-2.874449921E1,-9.786651611E0,-2.860217285E1
3.969660208E0,-2.847926331E1,-9.957824707E0,-2.868969727E1
3.979705208E0,-2.835220337E1,-9.965759277E0,-2.889611816E1
3.989750208E0,-2.830252075E1,-1.019515991E1,-2.850762939E1
3.999795208E0,-2.830252075E1,-1.019515991E1,-2.850762939E1
4.009839208E0,-2.819564819E1,-1.055123901E1,-2.851086426E1
4.019884208E0,-2.819773865E1,-1.072772217E1,-2.865417480E1
4.029929208E0,-2.807236481E1,-1.103149414E1,-2.872497559E1
4.039974208E0,-2.814438629E1,-1.115057373E1,-2.833404541E1
4.050019208E0,-2.817178345E1,-1.116867065E1,-2.843682861E1
4.060064208E0,-2.798494720E1,-1.134304810E1,-2.826446533E1
4.070109208E0,-2.796486664E1,-1.146139526E1,-2.840386963E1
4.080153208E0,-2.800403595E1,-1.130950928E1,-2.863958740E1
4.090198208E0,-2.800778198E1,-1.123260498E1,-2.861285400E1
4.100243208E0,-2.797643280E1,-1.115615845E1,-2.873565674E1
4.110288208E0,-2.790719604E1,-1.118414307E1,-2.867236328E1
4.120333208E0,-2.801308441E1,-1.126251221E1,-2.864282227E1
4.130378208E0,-2.795295715E1,-1.126528931E1,-2.872235107E1
4.140422208E0,-2.805481720E1,-1.130416870E1,-2.895361328E1
4.150467208E0,-2.802496338E1,-1.144891357E1,-2.889422607E1
4.160512208E0,-2.807172394E1,-1.140039062E1,-2.873559570E1
4.170557208E0,-2.800239563E1,-1.153933716E1,-2.842303467E1
4.180602208E0,-2.792092133E1,-1.145135498E1,-2.870642090E1
4.190647208E0,-2.785222626E1,-1.155715942E1,-2.862207031E1
4.200692208E0,-2.771574402E1,-1.148928833E1,-2.885211182E1
4.210736208E0,-2.784082794E1,-1.142590332E1,-2.886462402E1
4.220781208E0,-2.787898254E1,-1.147799683E1,-2.903881836E1
4.230826208E0,-2.784535217E1,-1.140164185E1,-2.919952393E1
4.240871208E0,-2.790409851E1,-1.135549927E1,-2.907366943E1
4.250916208E0,-2.786121368E1,-1.146124268E1,-2.906805420E1
4.260961208E0,-2.786052704E1,-1.126376343E1,-2.928674316E1
4.271005208E0,-2.789934540E1,-1.124191284E1,-2.919750977E1
4.281050208E0,-2.807106781E1,-1.107565308E1,-2.914251709E1
4.291095208E0,-2.808830261E1,-1.088153076E1,-2.923089600E1
4.301140208E0,-2.795230865E1,-1.091427612E1,-2.916040039E1
4.311185208E0,-2.807575989E1,-1.076556396E1,-2.921972656E1
4.321230208E0,-2.802851105E1,-1.084997559E1,-2.942480469E1
4.331275208E0,-2.798784637E1,-1.090057373E1,-2.921258545E1
4.341319208E0,-2.798282623E1,-1.088098145E1,-2.923229980E1
4.351364208E0,-2.786451721E1,-1.101367188E1,-2.936578369E1
4.361409208E0,-2.780843353E1,-1.107510376E1,-2.945916748E1
4.371454208E0,-2.784773254E1,-1.094277954E1,-2.950067139E1
4.381499208E0,-2.769816589E1,-1.104461670E1,-2.967071533E1
4.391544208E0,-2.765627289E1,-1.114199829E1,-2.967401123E1
4.401588208E0,-2.743160248E1,-1.122622681E1,-2.978454590E1
4.411633208E0,-2.738224792E1,-1.106256104E1,-2.996337891E1
4.421678208E0,-2.720878601E1,-1.121246338E1,-2.989923096E1
4.431723208E0,-2.730151367E1,-1.130953979E1,-2.991082764E1
4.441768208E0,-2.742780304E1,-1.126049805E1,-2.980200195E1
4.451813208E0,-2.743502045E1,-1.112023926E1,-2.964508057E1
4.461858208E0,-2.771633911E1,-1.105377197E1,-2.946380615E1
4.471902208E0,-2.790639496E1,-1.101354980E1,-2.930926514E1
4.481947208E0,-2.822913361E1,-1.095529175E1,-2.931396484E1
4.491992208E0,-2.831105042E1,-1.069564819E1,-2.902404785E1
4.502037208E0,-2.841697693E1,-1.061239624E1,-2.915216064E1
4.512082208E0,-2.834783173E1,-1.043640137E1,-2.903607178E1
4.522127208E0,-2.823284912E1,-1.053085327E1,-2.895672607E1
4.532171208E0,-2.812122345E1,-1.064590454E1,-2.901947021E1
4.542216208E0,-2.804891968E1,-1.088836670E1,-2.930255127E1
4.552261208E0,-2.792875671E1,-1.129794312E1,-2.938165283E1
4.562306208E0,-2.782530212E1,-1.182015991E1,-2.916619873E1
4.572351208E0,-2.784022522E1,-1.203988647E1,-2.919775391E1
4.582396208E0,-2.765818787E1,-1.237625122E1,-2.915747070E1
4.592440208E0,-2.794593048E1,-1.270697021E1,-2.921051025E1
4.602485208E0,-2.796659088E1,-1.283560181E1,-2.876074219E1
4.612530208E0,-2.798696136E1,-1.282461548E1,-2.871728516E1
4.622575208E0,-2.794068909E1,-1.303884888E1,-2.862377930E1
4.632620208E0,-2.789691162E1,-1.290826416E1,-2.863903809E1
4.642665208E0,-2.787724304E1,-1.279220581E1,-2.894036865E1
4.652709208E0,-2.774678802E1,-1.268969727E1,-2.892340088E1
4.662754208E0,-2.783400726E1,-1.257067871E1,-2.869134521E1
4.672799208E0,-2.788912964E1,-1.259188843E1,-2.897674561E1
4.682844208E0,-2.780668640E1,-1.273931885E1,-2.899615479E1
4.692889208E0,-2.789227295E1,-1.269769287E1,-2.894555664E1
4.702933708E0,-2.786550140E1,-1.270947266E1,-2.893292236E1
4.712978708E0,-2.773781586E1,-1.281848145E1,-2.900726318E1
4.723022708E0,-2.763346100E1,-1.280459595E1,-2.915905762E1
4.733067708E0,-2.763346100E1,-1.280459595E1,-2.915905762E1
4.743112708E0,-2.761894989E1,-1.285443115E1,-2.904949951E1
4.753157708E0,-2.743795013E1,-1.300274658E1,-2.911712646E1
4.763202708E0,-2.737075806E1,-1.296627808E1,-2.909686279E1
4.773247708E0,-2.740116882E1,-1.289859009E1,-2.907824707E1
4.783291708E0,-2.736855316E1,-1.294702148E1,-2.924169922E1
4.793336708E0,-2.728295898E1,-1.302438354E1,-2.928906250E1
4.803381708E0,-2.733441925E1,-1.294586182E1,-2.904559326E1
4.813426708E0,-2.736810303E1,-1.295245361E1,-2.889190674E1
4.823471708E0,-2.755909729E1,-1.290554810E1,-2.890795898E1
4.833516708E0,-2.765493011E1,-1.281515503E1,-2.895513916E1
4.843560708E0,-2.773564911E1,-1.282034302E1,-2.872375488E1
4.853605708E0,-2.789142609E1,-1.284283447E1,-2.879760742E1
4.863650708E0,-2.788964081E1,-1.278106689E1,-2.886932373E1
4.873695708E0,-2.804935455E1,-1.282217407E1,-2.876092529E1
4.883740708E0,-2.810468292E1,-1.258419800E1,-2.862500000E1
4.893785708E0,-2.805075073E1,-1.257757568E1,-2.873046875E1
4.903830708E0,-2.813234711E1,-1.261273193E1,-2.870996094E1
4.913874708E0,-2.816794586E1,-1.263870239E1,-2.846704102E1
4.923919708E0,-2.815617371E1,-1.263107300E1,-2.859942627E1
4.933964708E0,-2.816492462E1,-1.268487549E1,-2.855700684E1
4.944009708E0,-2.820248413E1,-1.279806519E1,-2.854400635E1
4.954054708E0,-2.829794312E1,-1.280200195E1,-2.843719482E1
4.964099708E0,-2.829391479E1,-1.294342041E1,-2.830218506E1
4.974143708E0,-2.824220276E1,-1.307171631E1,-2.814337158E1
4.984188708E0,-2.842434692E1,-1.320092773E1,-2.828247070E1
4.994233708E0,-2.847911072E1,-1.332577515E1,-2.804797363E1
5.004278708E0,-2.864524078E1,-1.324121094E1,-2.791180420E1
5.014323708E0,-2.854107666E1,-1.343167114E1,-2.783227539E1
5.024368708E0,-2.853121185E1,-1.340142822E1,-2.772076416E1
5.034412708E0,-2.872934723E1,-1.330868530E1,-2.789282227E1
5.044457708E0,-2.881097412E1,-1.312963867E1,-2.772094727E1
5.054502708E0,-2.890823364E1,-1.304266357E1,-2.789300537E1
5.064547708E0,-2.882989502E1,-1.270257568E1,-2.786267090E1
5.074592708E0,-2.872008514E1,-1.250024414E1,-2.791906738E1
5.084637708E0,-2.868349457E1,-1.233419800E1,-2.796362305E1
5.094681708E0,-2.854217529E1,-1.231027222E1,-2.804962158E1
5.104726708E0,-2.835961914E1,-1.248977661E1,-2.817346191E1
5.114771708E0,-2.826709747E1,-1.266775513E1,-2.827355957E1
5.124816708E0,-2.821434784E1,-1.294940186E1,-2.840856934E1
5.134861708E0,-2.808750153E1,-1.324313354E1,-2.829821777E1
5.144906708E0,-2.809451294E1,-1.353430176E1,-2.816076660E1
5.154950708E0,-2.804660797E1,-1.376315308E1,-2.777789307E1
5.164995708E0,-2.806312561E1,-1.398522949E1,-2.752050781E1
5.175040708E0,-2.829148102E1,-1.426831055E1,-2.745104980E1
5.185085708E0,-2.835582733E1,-1.442413330E1,-2.729602051E1
5.195130708E0,-2.840668488E1,-1.453469849E1,-2.717413330E1
5.205175708E0,-2.847853851E1,-1.457791138E1,-2.702899170E1
5.215219708E0,-2.865785217E1,-1.448034668E1,-2.693231201E1
5.225264708E0,-2.877512360E1,-1.414593506E1,-2.695916748E1
5.235309708E0,-2.874097443E1,-1.386773682E1,-2.706506348E1
5.245354708E0,-2.860746765E1,-1.360165405E1,-2.734320068E1
5.255399708E0,-2.852613068E1,-1.339260864E1,-2.755419922E1
5.265444708E0,-2.858351898E1,-1.304998779E1,-2.794134521E1
5.275488708E0,-2.855329895E1,-1.291000366E1,-2.813903809E1
5.285533708E0,-2.841741180E1,-1.274093628E1,-2.820556641E1
5.295578708E0,-2.828225708E1,-1.271215820E1,-2.828417969E1
5.305623708E0,-2.834515381E1,-1.280899048E1,-2.817132568E1
5.315668708E0,-2.831520844E1,-1.265173340E1,-2.810363770E1
5.325713708E0,-2.826332855E1,-1.265093994E1,-2.807684326E1
5.335757708E0,-2.825401306E1,-1.257754517E1,-2.806903076E1
5.345802708E0,-2.836935425E1,-1.274502563E1,-2.806085205E1
5.355847708E0,-2.854354095E1,-1.272665405E1,-2.807177734E1
5.365892708E0,-2.849692535E1,-1.277587891E1,-2.775823975E1
5.375937708E0,-2.856031799E1,-1.276947021E1,-2.786529541E1
5.385982708E0,-2.850241852E1,-1.267330933E1,-2.803765869E1
5.396026708E0,-2.851609802E1,-1.255776978E1,-2.808453369E1
5.406071708E0,-2.865979767E1,-1.248974609E1,-2.785205078E1
5.416116708E0,-2.865517426E1,-1.243432617E1,-2.772473145E1
5.426161708E0,-2.865517426E1,-1.243432617E1,-2.772473145E1
5.436206708E0,-2.876310730E1,-1.248620605E1,-2.765222168E1
5.446251708E0,-2.883223724E1,-1.254220581E1,-2.758978271E1
5.456295708E0,-2.883223724E1,-1.254220581E1,-2.758978271E1
5.466340708E0,-2.884891510E1,-1.266384888E1,-2.775164795E1
5.476385708E0,-2.874416351E1,-1.269256592E1,-2.754833984E1
5.486430708E0,-2.881568146E1,-1.281350708E1,-2.754400635E1
5.496475708E0,-2.872773743E1,-1.281546021E1,-2.750439453E1
5.506520708E0,-2.874886322E1,-1.298324585E1,-2.752014160E1
5.516564708E0,-2.872927094E1,-1.329440308E1,-2.732739258E1
5.526609708E0,-2.885310364E1,-1.338262939E1,-2.729974365E1
5.536654708E0,-2.895818329E1,-1.350598145E1,-2.722943115E1
5.546699708E0,-2.908662415E1,-1.369149780E1,-2.660241699E1
5.556744708E0,-2.911545563E1,-1.407849121E1,-2.640814209E1
5.566789708E0,-2.925271606E1,-1.435006714E1,-2.618206787E1
5.576833708E0,-2.919275665E1,-1.456250000E1,-2.606567383E1
5.586878708E0,-2.905623627E1,-1.493801880E1,-2.586566162E1
5.596923708E0,-2.909345245E1,-1.534881592E1,-2.589733887E1
5.606968708E0,-2.897970581E1,-1.563275146E1,-2.562377930E1
5.617013708E0,-2.897106171E1,-1.601095581E1,-2.535388184E1
5.627058708E0,-2.901433563E1,-1.636178589E1,-2.512463379E1
5.637102708E0,-2.886795044E1,-1.657516479E1,-2.503485107E1
5.647147708E0,-2.879427338E1,-1.669573975E1,-2.497717285E1
5.657192708E0,-2.867986298E1,-1.676962280E1,-2.488104248E1
5.667237708E0,-2.867608643E1,-1.685556030E1,-2.519744873E1
5.677282708E0,-2.829880524E1,-1.716955566E1,-2.526452637E1
5.687327708E0,-2.815535736E1,-1.742706299E1,-2.525061035E1
5.697371708E0,-2.786405182E1,-1.770831299E1,-2.507269287E1
5.707417708E0,-2.763730621E1,-1.811578369E1,-2.526055908E1
5.717462708E0,-2.733796692E1,-1.878579712E1,-2.515826416E1
5.727507708E0,-2.710855103E1,-1.915887451E1,-2.507299805E1
5.737552708E0,-2.702912903E1,-1.981594849E1,-2.464160156E1
5.747597708E0,-2.677218628E1,-2.038186646E1,-2.424291992E1
5.757641708E0,-2.659954834E1,-2.114196777E1,-2.408068848E1
5.767686708E0,-2.636962891E1,-2.187792969E1,-2.397698975E1
5.777731708E0,-2.613588715E1,-2.262289429E1,-2.355938721E1
5.787776708E0,-2.590155792E1,-2.304101562E1,-2.324340820E1
5.797821708E0,-2.546282196E1,-2.380139160E1,-2.285565186E1
5.807866708E0,-2.517028046E1,-2.440158081E1,-2.246331787E1
5.817910708E0,-2.488771057E1,-2.496911621E1,-2.210626221E1
5.827955708E0,-2.456875610E1,-2.549029541E1,-2.198608398E1
5.838000708E0,-2.423948669E1,-2.607305908E1,-2.171087646E1
5.848045708E0,-2.376256561E1,-2.654769897E1,-2.158599854E1
5.858090708E0,-2.341771698E1,-2.712481689E1,-2.113140869E1
5.868134708E0,-2.310082245E1,-2.771487427E1,-2.093634033E1
5.878179708E0,-2.267910004E1,-2.808517456E1,-2.075518799E1
5.888224708E0,-2.246521759E1,-2.854910278E1,-2.034271240E1
5.898269708E0,-2.202648163E1,-2.908734131E1,-2.009936523E1
5.908314708E0,-2.171482086E1,-2.960629272E1,-1.981927490E1
5.918359708E0,-2.120558167E1,-2.996743774E1,-1.964465332E1
5.928403708E0,-2.096952057E1,-3.043878174E1,-1.927960205E1
5.938448708E0,-2.047984314E1,-3.089263916E1,-1.910363770E1
5.948493708E0,-2.039330292E1,-3.117172241E1,-1.878881836E1
5.958538708E0,-1.991233826E1,-3.145541382E1,-1.851092529E1
5.968583708E0,-1.965146637E1,-3.179824829E1,-1.828674316E1
5.978628708E0,-1.938990021E1,-3.209225464E1,-1.804669189E1
5.988672708E0,-1.884985352E1,-3.241821289E1,-1.805853271E1
5.998717708E0,-1.847284698E1,-3.268045044E1,-1.769787598E1
6.008762708E0,-1.808279419E1,-3.301855469E1,-1.751263428E1
6.018807708E0,-1.777085876E1,-3.317098999E1,-1.738073730E1
6.028852708E0,-1.744960022E1,-3.346319580E1,-1.737194824E1
6.038897708E0,-1.709648132E1,-3.370004272E1,-1.711627197E1
6.048941708E0,-1.666542816E1,-3.411779785E1,-1.713079834E1
6.058986708E0,-1.624541473E1,-3.432888794E1,-1.699914551E1
6.069031708E0,-1.582530212E1,-3.458020020E1,-1.693493652E1
6.079076708E0,-1.549773407E1,-3.472341919E1,-1.699243164E1
6.089121708E0,-1.492179871E1,-3.496469116E1,-1.688037109E1
6.099166708E0,-1.438748169E1,-3.531228638E1,-1.683776855E1
6.109210708E0,-1.395858002E1,-3.547372437E1,-1.657165527E1
6.119255708E0,-1.345126343E1,-3.573025513E1,-1.639093018E1
6.129300708E0,-1.300894165E1,-3.597781372E1,-1.629077148E1
6.139345708E0,-1.266055298E1,-3.613491821E1,-1.623138428E1
6.149390708E0,-1.206608582E1,-3.639208984E1,-1.602911377E1
6.159434708E0,-1.158772278E1,-3.651058960E1,-1.614947510E1
6.169479708E0,-1.101224518E1,-3.665853882E1,-1.594384766E1
6.179524708E0,-1.046994781E1,-3.677282715E1,-1.634069824E1
6.189569708E0,-1.046994781E1,-3.677282715E1,-1.634069824E1
6.199614708E0,-1.006340027E1,-3.680990601E1,-1.640277100E1
6.209659708E0,-9.623130798E0,-3.675439453E1,-1.670574951E1
6.219703708E0,-9.246520996E0,-3.667245483E1,-1.712451172E1
6.229748708E0,-8.681427002E0,-3.669427490E1,-1.720745850E1
6.239793708E0,-8.371032715E0,-3.671942139E1,-1.733892822E1
6.249838708E0,-7.937561035E0,-3.669766235E1,-1.727136230E1
6.259883708E0,-7.640144348E0,-3.695529175E1,-1.747064209E1
6.269928708E0,-7.408164978E0,-3.701504517E1,-1.735394287E1
6.279972708E0,-7.058509827E0,-3.715960693E1,-1.677502441E1
6.290017708E0,-6.770027161E0,-3.729202271E1,-1.612994385E1
6.300062708E0,-6.570327759E0,-3.760571289E1,-1.578479004E1
6.310107708E0,-6.266532898E0,-3.787512207E1,-1.516326904E1
6.320152708E0,-5.985061646E0,-3.803125000E1,-1.510522461E1
6.330197708E0,-5.752830505E0,-3.814028931E1,-1.497985840E1
6.340241708E0,-5.391792297E0,-3.816741943E1,-1.507000732E1
6.350286708E0,-5.032394409E0,-3.830950928E1,-1.509338379E1
6.360331708E0,-4.640419006E0,-3.815515137E1,-1.518200684E1
6.370376708E0,-4.396293640E0,-3.804876709E1,-1.521759033E1
6.380421708E0,-3.961219788E0,-3.789099121E1,-1.551293945E1
6.390465708E0,-3.746437073E0,-3.777313232E1,-1.598950195E1
6.400510708E0,-3.275741577E0,-3.776339722E1,-1.637719727E1
6.410555708E0,-3.015205383E0,-3.770941162E1,-1.671838379E1
6.420600708E0,-2.871330261E0,-3.744982910E1,-1.691198730E1
6.430645708E0,-2.652336121E0,-3.738720703E1,-1.708941650E1
6.440690708E0,-2.402816772E0,-3.728121948E1,-1.703186035E1
6.450734708E0,-2.303184509E0,-3.729983521E1,-1.712261963E1
6.460779708E0,-1.977027893E0,-3.726449585E1,-1.707330322E1
6.470824708E0,-1.825134277E0,-3.734082031E1,-1.701232910E1
6.480869708E0,-1.739669800E0,-3.752291870E1,-1.697900391E1
6.490914708E0,-1.489074707E0,-3.746206665E1,-1.700659180E1
6.500958708E0,-1.270790100E0,-3.769134521E1,-1.682330322E1
6.511003708E0,-1.169242859E0,-3.766775513E1,-1.676831055E1
6.521048708E0,-1.034111023E0,-3.764801025E1,-1.694299316E1
6.531093708E0,-1.056137085E0,-3.760372925E1,-1.668957520E1
6.541138708E0,-8.021850586E-1,-3.762048340E1,-1.650000000E1
6.551183708E0,-7.103958130E-1,-3.758154297E1,-1.653594971E1
6.561227708E0,-7.577514648E-1,-3.760961914E1,-1.661175537E1
6.571272708E0,-6.688690186E-1,-3.761437988E1,-1.650885010E1
6.581317708E0,-5.811538696E-1,-3.761434937E1,-1.655291748E1
6.591362708E0,-5.748214722E-1,-3.750781250E1,-1.660620117E1
6.601407708E0,-4.096832275E-1,-3.732431030E1,-1.682080078E1
6.611452708E0,-4.293670654E-1,-3.737628174E1,-1.703948975E1
6.621496708E0,-3.477401733E-1,-3.737780762E1,-1.708837891E1
6.631541708E0,-2.391357422E-1,-3.716458130E1,-1.726208496E1
6.641586708E0,-1.800384521E-1,-3.726058960E1,-1.733007812E1
6.651631708E0,-1.297760010E-1,-3.714569092E1,-1.740960693E1
6.661676708E0,-1.966629028E-1,-3.713214111E1,-1.739758301E1
6.671720708E0,-1.749191284E-1,-3.716036987E1,-1.723455811E1
6.681765708E0,-2.034606934E-1,-3.716180420E1,-1.737695312E1
6.691810708E0,-1.403732300E-1,-3.726611328E1,-1.722082520E1
6.701855708E0,-8.444213867E-2,-3.730947876E1,-1.707409668E1
6.711900542E0,-1.674880981E-1,-3.746475220E1,-1.685302734E1
6.721945542E0,-1.071548462E-1,-3.740505981E1,-1.687274170E1
6.731989542E0,-2.624435425E-1,-3.729345703E1,-1.685925293E1
6.742034542E0,-2.952575684E-1,-3.737472534E1,-1.683758545E1
6.752079542E0,-4.178314209E-1,-3.732708740E1,-1.655596924E1
6.762124542E0,-5.046768188E-1,-3.739138794E1,-1.638555908E1
6.772169542E0,-4.340438843E-1,-3.748513794E1,-1.637152100E1
6.782213542E0,-4.412841797E-1,-3.752423096E1,-1.611456299E1
6.792258542E0,-5.871963501E-1,-3.734942627E1,-1.595098877E1
6.802303542E0,-7.629394531E-1,-3.746975708E1,-1.591082764E1
6.812348542E0,-8.885803223E-1,-3.740750122E1,-1.589202881E1
6.822393542E0,-1.013053894E0,-3.748291016E1,-1.600512695E1
6.832438542E0,-1.219390869E0,-3.742910767E1,-1.627764893E1
6.842482542E0,-1.291175842E0,-3.710995483E1,-1.636071777E1
6.852527542E0,-1.406990051E0,-3.703665161E1,-1.659375000E1
6.862572542E0,-1.483177185E0,-3.683663940E1,-1.684582520E1
6.872617542E0,-1.444618225E0,-3.674932861E1,-1.694622803E1
6.882662542E0,-1.180763245E0,-3.673156738E1,-1.709881592E1
6.892706542E0,-1.187713623E0,-3.664108276E1,-1.708819580E1
6.902751542E0,-1.078826904E0,-3.681570435E1,-1.689324951E1
6.912796542E0,-1.078826904E0,-3.681570435E1,-1.689324951E1
6.922841542E0,-1.150993347E0,-3.684182739E1,-1.643829346E1
6.932886542E0,-1.035003662E0,-3.711465454E1,-1.593566895E1
6.942931542E0,-9.334487915E-1,-3.733807373E1,-1.537994385E1
6.952975542E0,-1.043228149E0,-3.757580566E1,-1.507940674E1
6.963020542E0,-8.343200684E-1,-3.778643799E1,-1.471862793E1
6.973065542E0,-9.201049805E-1,-3.779199219E1,-1.438702393E1
6.983110542E0,-7.457580566E-1,-3.796453857E1,-1.433746338E1
6.993155542E0,-6.569213867E-1,-3.793426514E1,-1.443609619E1
7.003199542E0,-5.737457275E-1,-3.776419067E1,-1.433972168E1
7.013244542E0,-5.697097778E-1,-3.769158936E1,-1.454931641E1
7.023289542E0,-5.128936768E-1,-3.770758057E1,-1.468786621E1
7.033334542E0,-3.923416138E-1,-3.748184204E1,-1.483294678E1
7.043379542E0,-3.610229492E-1,-3.731619263E1,-1.521228027E1
7.053424542E0,-3.632888794E-1,-3.737271118E1,-1.527508545E1
7.063468542E0,-3.833007812E-1,-3.735650635E1,-1.545208740E1
7.073513542E0,-3.482131958E-1,-3.725549316E1,-1.554003906E1
7.083558542E0,-3.481369019E-1,-3.712396240E1,-1.550299072E1
7.093603542E0,-2.096557617E-1,-3.720919800E1,-1.530541992E1
7.103648542E0,-1.751480103E-1,-3.717102051E1,-1.532849121E1
7.113692542E0,-1.584472656E-1,-3.711108398E1,-1.534143066E1
7.123737542E0,-1.541748047E-1,-3.707330322E1,-1.539019775E1
7.133782542E0,-2.617645264E-2,-3.713140869E1,-1.516979980E1
7.143827542E0,-1.236343384E-1,-3.715966797E1,-1.530200195E1
7.153872542E0,-2.786560059E-1,-3.701519775E1,-1.511096191E1
7.163916542E0,-3.706512451E-1,-3.701077271E1,-1.524786377E1
7.173961542E0,-3.510284424E-1,-3.696066284E1,-1.515313721E1
7.184006542E0,-4.354705811E-1,-3.712902832E1,-1.511364746E1
7.194051542E0,-5.356826782E-1,-3.713504028E1,-1.506726074E1
7.204096542E0,-4.056854248E-1,-3.707989502E1,-1.515844727E1
7.214141542E0,-4.305114746E-1,-3.698309326E1,-1.509899902E1
7.224185542E0,-3.532867432E-1,-3.701428223E1,-1.515447998E1
7.234230542E0,-4.188003540E-1,-3.692663574E1,-1.536700439E1
7.244275542E0,-4.363784790E-1,-3.698266602E1,-1.515332031E1
7.254320542E0,-4.359817505E-1,-3.685153198E1,-1.505505371E1
7.264365542E0,-4.951934814E-1,-3.677612305E1,-1.513964844E1
7.274409542E0,-6.148910522E-1,-3.672409058E1,-1.509478760E1
7.284454542E0,-5.819931030E-1,-3.672772217E1,-1.524835205E1
7.294499542E0,-4.236450195E-1,-3.674554443E1,-1.525775146E1
7.304544542E0,-5.229949951E-1,-3.679168701E1,-1.517486572E1
7.314589542E0,-4.080352783E-1,-3.680584717E1,-1.529431152E1
7.324634542E0,-4.027786255E-1,-3.680679321E1,-1.511651611E1
7.334678542E0,-4.543457031E-1,-3.682156372E1,-1.506860352E1
7.344723542E0,-4.138107300E-1,-3.678277588E1,-1.522998047E1
7.354768542E0,-3.789596558E-1,-3.672827148E1,-1.513330078E1
7.364813542E0,-3.630218506E-1,-3.682818604E1,-1.516772461E1
7.374858542E0,-3.427810669E-1,-3.674713135E1,-1.501422119E1
7.384902542E0,-2.680206299E-1,-3.682571411E1,-1.496020508E1
7.394947542E0,-3.736190796E-1,-3.669094849E1,-1.515612793E1
7.404992542E0,-3.123168945E-1,-3.675503540E1,-1.508074951E1
7.415037542E0,-4.913787842E-1,-3.672836304E1,-1.496319580E1
7.425082542E0,-5.478973389E-1,-3.665213013E1,-1.502404785E1
7.435126542E0,-3.507690430E-1,-3.658135986E1,-1.498577881E1
7.445171542E0,-5.043411255E-1,-3.658361816E1,-1.522747803E1
7.455216542E0,-5.531539917E-1,-3.645111084E1,-1.539746094E1
7.465261542E0,-3.986663818E-1,-3.630950928E1,-1.561785889E1
7.475306542E0,-4.726715088E-1,-3.627371216E1,-1.567193604E1
7.485351542E0,-3.446426392E-1,-3.586032104E1,-1.576727295E1
7.495395542E0,-2.108154297E-1,-3.599075317E1,-1.610198975E1
7.505440542E0,-7.778930664E-2,-3.602880859E1,-1.635858154E1
7.515485542E0,-6.142425537E-2,-3.604324341E1,-1.615905762E1
7.525530542E0,1.895751953E-1,-3.607211304E1,-1.617694092E1
7.535575542E0,1.918182373E-1,-3.613818359E1,-1.594335938E1
7.545619542E0,1.527099609E-1,-3.638314819E1,-1.552166748E1
7.555664542E0,1.202850342E-1,-3.649984741E1,-1.482769775E1
7.565709542E0,-3.321075439E-2,-3.669894409E1,-1.405303955E1
7.575754542E0,-6.401824951E-2,-3.681127930E1,-1.361944580E1
7.585799542E0,1.173400879E-2,-3.699572754E1,-1.334442139E1
7.595843542E0,-2.241516113E-1,-3.699188232E1,-1.338275146E1
7.605888542E0,-3.217926025E-1,-3.702575684E1,-1.320086670E1
7.615933542E0,-4.015121460E-1,-3.697009277E1,-1.333978271E1
7.625978542E0,-5.631942749E-1,-3.681018066E1,-1.368426514E1
7.636023542E0,-4.710769653E-1,-3.663323975E1,-1.394763184E1
7.646068542E0,-4.710769653E-1,-3.663323975E1,-1.394763184E1
7.656112542E0,-5.808181763E-1,-3.650512695E1,-1.416510010E1
7.666157542E0,-6.377410889E-1,-3.636917114E1,-1.452661133E1
7.676202542E0,-5.092468262E-1,-3.621963501E1,-1.501647949E1
7.686247542E0,-5.114822388E-1,-3.618981934E1,-1.493414307E1
7.696292542E0,-6.604156494E-1,-3.611740112E1,-1.481274414E1
7.706336292E0,-7.251358032E-1,-3.621981812E1,-1.486450195E1
7.716381292E0,-8.499221802E-1,-3.609643555E1,-1.488995361E1
7.726426292E0,-7.924423218E-1,-3.608428955E1,-1.476806641E1
7.736471292E0,-8.686752319E-1,-3.621130371E1,-1.469329834E1
7.746516292E0,-8.770217896E-1,-3.606533813E1,-1.470867920E1
7.756560292E0,-8.961715698E-1,-3.606213379E1,-1.469146729E1
7.766605292E0,-9.349517822E-1,-3.611041260E1,-1.429376221E1
7.776650292E0,-8.675155640E-1,-3.626232910E1,-1.441107178E1
7.786695292E0,-9.522705078E-1,-3.629116821E1,-1.424981689E1
7.796740292E0,-1.018287659E0,-3.630401611E1,-1.408496094E1
7.806784292E0,-1.050308228E0,-3.639160156E1,-1.406378174E1
7.816829292E0,-1.074272156E0,-3.636108398E1,-1.407830811E1
7.826874292E0,-1.052009583E0,-3.641796875E1,-1.396826172E1
7.836919292E0,-9.983444214E-1,-3.638586426E1,-1.429791260E1
7.846964292E0,-9.173965454E-1,-3.645346069E1,-1.436627197E1
7.857009292E0,-8.506622314E-1,-3.633483887E1,-1.425421143E1
7.867053292E0,-7.854537964E-1,-3.632733154E1,-1.437469482E1
7.877098292E0,-6.763229370E-1,-3.623348999E1,-1.442572021E1
7.887143292E0,-5.900802612E-1,-3.615661621E1,-1.460620117E1
7.897188292E0,-3.955154419E-1,-3.620019531E1,-1.479687500E1
7.907233292E0,-2.052001953E-1,-3.607089233E1,-1.506378174E1
7.917277292E0,-6.824493408E-2,-3.603729248E1,-1.496246338E1
7.927322292E0,9.282684326E-2,-3.623718262E1,-1.491741943E1
7.937367292E0,1.173171997E-1,-3.625149536E1,-1.493945312E1
7.947412292E0,2.345962524E-1,-3.621740723E1,-1.496112061E1
7.957457292E0,3.160018921E-1,-3.618386841E1,-1.471752930E1
7.967501292E0,5.394897461E-1,-3.621148682E1,-1.472900391E1
7.977546292E0,7.210845947E-1,-3.614376831E1,-1.491082764E1
7.987591292E0,6.676483154E-1,-3.610229492E1,-1.492425537E1
7.997636292E0,8.568954468E-1,-3.624856567E1,-1.495007324E1
8.007681292E0,1.127952576E0,-3.624838257E1,-1.487622070E1
8.017725292E0,1.081626892E0,-3.616781616E1,-1.480371094E1
8.027770292E0,1.340660095E0,-3.621942139E1,-1.469091797E1
8.037815292E0,1.570175171E0,-3.623364258E1,-1.438623047E1
8.047860292E0,1.733535767E0,-3.627105713E1,-1.466784668E1
8.057905292E0,1.803352356E0,-3.622689819E1,-1.466076660E1
8.067949292E0,1.962539673E0,-3.611581421E1,-1.508471680E1
8.077994292E0,2.067581177E0,-3.601086426E1,-1.518603516E1
8.088039292E0,2.230857849E0,-3.573919678E1,-1.518029785E1
8.098084292E0,2.428291321E0,-3.560388184E1,-1.587451172E1
8.108129292E0,2.900924683E0,-3.559851074E1,-1.588580322E1
8.118174292E0,3.185340881E0,-3.551763916E1,-1.584783936E1
8.128218292E0,3.549026489E0,-3.560311890E1,-1.607312012E1
8.138263292E0,3.846588135E0,-3.560830688E1,-1.584942627E1
8.148308292E0,4.188064575E0,-3.566638184E1,-1.567565918E1
8.158353292E0,4.655418396E0,-3.574359131E1,-1.564404297E1
8.168398292E0,4.882118225E0,-3.586227417E1,-1.534527588E1
8.178442292E0,5.249717712E0,-3.589724731E1,-1.518298340E1
8.188487292E0,5.658821106E0,-3.598135376E1,-1.521801758E1
8.198532292E0,6.035408020E0,-3.592883301E1,-1.510717773E1
8.208577292E0,6.555671692E0,-3.581436157E1,-1.485797119E1
8.218622292E0,6.825332642E0,-3.580154419E1,-1.490814209E1
8.228666292E0,7.253959656E0,-3.568286133E1,-1.522479248E1
8.238711292E0,7.682884216E0,-3.554199219E1,-1.501824951E1
8.248756292E0,8.132713318E0,-3.513769531E1,-1.540960693E1
8.258801292E0,8.653442383E0,-3.497863770E1,-1.562457275E1
8.268846292E0,9.083030701E0,-3.473449707E1,-1.588085938E1
8.278890292E0,9.589179993E0,-3.431674194E1,-1.628076172E1
8.288935292E0,1.019741821E1,-3.388735962E1,-1.651141357E1
8.298980292E0,1.063148499E1,-3.376461792E1,-1.690136719E1
8.309025292E0,1.111640930E1,-3.337249756E1,-1.710321045E1
8.319070292E0,1.166522980E1,-3.325094604E1,-1.703717041E1
8.329114292E0,1.201994324E1,-3.302447510E1,-1.739056396E1
8.339159292E0,1.235288239E1,-3.283065796E1,-1.762402344E1
8.349204292E0,1.275032043E1,-3.280197144E1,-1.766668701E1
8.359249292E0,1.304399109E1,-3.252142334E1,-1.779766846E1
8.369294292E0,1.353282928E1,-3.231561279E1,-1.772265625E1
8.379338292E0,1.353439331E1,-3.231716919E1,-1.772192383E1
8.389383292E0,1.383622742E1,-3.221356201E1,-1.757904053E1
8.399428292E0,1.418384552E1,-3.205703735E1,-1.763018799E1
8.409473292E0,1.462565613E1,-3.190856934E1,-1.750189209E1
8.419518292E0,1.491333008E1,-3.165209961E1,-1.787500000E1
8.429563292E0,1.530940247E1,-3.149710083E1,-1.799029541E1
8.439607292E0,1.553688049E1,-3.123742676E1,-1.817388916E1
8.449652292E0,1.580353546E1,-3.093209839E1,-1.813421631E1
8.459697292E0,1.619869232E1,-3.059848022E1,-1.822644043E1
8.469742292E0,1.655828857E1,-3.029791260E1,-1.841522217E1
8.479787292E0,1.683734131E1,-3.001635742E1,-1.836950684E1
8.489831292E0,1.729972458E1,-2.983712769E1,-1.862298584E1
8.499876292E0,1.753958893E1,-2.952243042E1,-1.852069092E1
8.509921292E0,1.793229294E1,-2.925909424E1,-1.872418213E1
8.519966292E0,1.808776855E1,-2.894067383E1,-1.875006104E1
8.530011292E0,1.845038223E1,-2.857748413E1,-1.877148438E1
8.540055292E0,1.880050659E1,-2.842553711E1,-1.866864014E1
8.550100292E0,1.900244141E1,-2.819131470E1,-1.891326904E1
8.560145292E0,1.951937866E1,-2.796960449E1,-1.896936035E1
8.570190292E0,1.960898972E1,-2.753598022E1,-1.909558105E1
8.580235292E0,1.979940796E1,-2.735488892E1,-1.936505127E1
8.590279292E0,2.008892059E1,-2.689797974E1,-1.933489990E1
8.600324292E0,2.027112579E1,-2.673501587E1,-1.959240723E1
8.610369292E0,2.063836670E1,-2.660073853E1,-1.957855225E1
8.620414292E0,2.080163956E1,-2.648522949E1,-1.946844482E1
8.630459292E0,2.127400970E1,-2.627777100E1,-1.941345215E1
8.640503292E0,2.153122330E1,-2.606097412E1,-1.912725830E1
8.650548292E0,2.179943085E1,-2.582550049E1,-1.915216064E1
8.660593292E0,2.200555801E1,-2.574346924E1,-1.938818359E1
8.670638292E0,2.236982346E1,-2.537457275E1,-1.946337891E1
8.680683292E0,2.258916092E1,-2.508035278E1,-1.980535889E1
8.690727292E0,2.300789642E1,-2.485034180E1,-1.997479248E1
8.700772292E0,2.312540054E1,-2.432391357E1,-2.011877441E1
8.710817083E0,2.351180649E1,-2.397589111E1,-2.002441406E1
8.720862083E0,2.378068161E1,-2.356304932E1,-2.023419189E1
8.730907083E0,2.411282349E1,-2.322094727E1,-2.013330078E1
8.740951083E0,2.433542252E1,-2.299783325E1,-2.014501953E1
8.750996083E0,2.458074951E1,-2.269766235E1,-2.020379639E1
8.761041083E0,2.467023849E1,-2.262194824E1,-2.015875244E1
8.771086083E0,2.475976181E1,-2.241006470E1,-2.009100342E1
8.781131083E0,2.485031128E1,-2.218231201E1,-1.992761230E1
8.791175083E0,2.508890533E1,-2.202764893E1,-1.977423096E1
8.801220083E0,2.521220779E1,-2.188534546E1,-1.984057617E1
8.811265083E0,2.530051422E1,-2.182250977E1,-1.974328613E1
8.821310083E0,2.544866180E1,-2.176901245E1,-1.977734375E1
8.831355083E0,2.539794922E1,-2.166943359E1,-1.967572021E1
8.841399083E0,2.540864563E1,-2.169464111E1,-1.942388916E1
8.851444083E0,2.549734879E1,-2.157254028E1,-1.972924805E1
8.861489083E0,2.560450745E1,-2.143029785E1,-1.959759521E1
8.871534083E0,2.561885071E1,-2.120654297E1,-1.990649414E1
8.881579083E0,2.577377701E1,-2.086083984E1,-2.027319336E1
8.891623083E0,2.578901672E1,-2.042410278E1,-2.054174805E1
8.901668083E0,2.577247238E1,-1.996691895E1,-2.113311768E1
8.911713083E0,2.582926559E1,-1.941830444E1,-2.145080566E1
8.921758083E0,2.591141510E1,-1.901058960E1,-2.177996826E1
8.931803083E0,2.627915573E1,-1.846145630E1,-2.202404785E1
8.941847083E0,2.631770706E1,-1.809039307E1,-2.203967285E1
8.951892083E0,2.634893036E1,-1.766207886E1,-2.214495850E1
8.961937083E0,2.645687866E1,-1.744778442E1,-2.202014160E1
8.971982083E0,2.638069916E1,-1.701730347E1,-2.210339355E1
8.982027083E0,2.638831329E1,-1.705358887E1,-2.239611816E1
8.992071083E0,2.656568146E1,-1.694338989E1,-2.222338867E1
9.002116083E0,2.654931259E1,-1.686636353E1,-2.244848633E1
9.012161083E0,2.649808884E1,-1.663891602E1,-2.265991211E1
9.022206083E0,2.643403625E1,-1.645996094E1,-2.246520996E1
9.032251083E0,2.646301651E1,-1.645443726E1,-2.258813477E1
9.042295083E0,2.631718826E1,-1.612231445E1,-2.299475098E1
9.052340083E0,2.627159882E1,-1.605484009E1,-2.297344971E1
9.062385083E0,2.639321899E1,-1.573339844E1,-2.312860107E1
9.072430083E0,2.626200485E1,-1.564624023E1,-2.335858154E1
9.082475083E0,2.613063812E1,-1.558682251E1,-2.342401123E1
9.092519083E0,2.613944626E1,-1.524932861E1,-2.368444824E1
9.102564083E0,2.613944626E1,-1.524932861E1,-2.368444824E1
9.112609083E0,2.609834671E1,-1.522348022E1,-2.377722168E1
9.122654083E0,2.609796906E1,-1.502337646E1,-2.391821289E1
9.132699083E0,2.596906662E1,-1.477755737E1,-2.421679688E1
9.142743083E0,2.589297485E1,-1.452465820E1,-2.435388184E1
9.152788083E0,2.596547699E1,-1.440798950E1,-2.461291504E1
9.162833083E0,2.581692505E1,-1.424670410E1,-2.462042236E1
9.172878083E0,2.597060013E1,-1.395092773E1,-2.481719971E1
9.182923083E0,2.600927353E1,-1.381338501E1,-2.477233887E1
9.192967083E0,2.607516479E1,-1.366799927E1,-2.472961426E1
9.203012083E0,2.606118774E1,-1.353756714E1,-2.462646484E1
9.213057083E0,2.592133713E1,-1.354656982E1,-2.485705566E1
9.223102083E0,2.576400375E1,-1.355511475E1,-2.495135498E1
9.233147083E0,2.576792908E1,-1.345571899E1,-2.491827393E1
9.243191083E0,2.580109787E1,-1.345855713E1,-2.485345459E1
9.253236083E0,2.580105209E1,-1.330908203E1,-2.491369629E1
9.263281083E0,2.577334595E1,-1.346636963E1,-2.494000244E1
9.273326083E0,2.587490463E1,-1.329589844E1,-2.511004639E1
9.283371083E0,2.578615570E1,-1.340359497E1,-2.485528564E1
9.293415083E0,2.583241272E1,-1.357067871E1,-2.489355469E1
9.303460083E0,2.576622391E1,-1.369329834E1,-2.483831787E1
9.313505083E0,2.582755280E1,-1.376031494E1,-2.495458984E1
9.323550083E0,2.575837708E1,-1.378091431E1,-2.498504639E1
9.333595083E0,2.573606873E1,-1.387472534E1,-2.485748291E1
9.343639083E0,2.579180145E1,-1.404327393E1,-2.468377686E1
9.353684083E0,2.553647614E1,-1.409716797E1,-2.479486084E1
9.363729083E0,2.544542694E1,-1.418096924E1,-2.477850342E1
9.373774083E0,2.522774124E1,-1.421853638E1,-2.467413330E1
9.383819083E0,2.520691681E1,-1.438027954E1,-2.494543457E1
9.393863083E0,2.513068008E1,-1.434570312E1,-2.505920410E1
9.403908083E0,2.501598740E1,-1.431756592E1,-2.541717529E1
9.413953083E0,2.502499008E1,-1.404858398E1,-2.563610840E1
9.423998083E0,2.504335022E1,-1.390121460E1,-2.550244141E1
9.434043083E0,2.503291321E1,-1.363546753E1,-2.568127441E1
9.444087083E0,2.516360855E1,-1.349313354E1,-2.576806641E1
9.454132083E0,2.530973816E1,-1.353335571E1,-2.581872559E1
9.464177083E0,2.528777695E1,-1.366082764E1,-2.563964844E1
9.474222083E0,2.524590683E1,-1.359805298E1,-2.523315430E1
9.484267083E0,2.529843903E1,-1.372711182E1,-2.506970215E1
9.494311083E0,2.526755142E1,-1.393191528E1,-2.530541992E1
9.504356083E0,2.548344421E1,-1.415933228E1,-2.519427490E1
9.514401083E0,2.536159897E1,-1.439233398E1,-2.504797363E1
9.524446083E0,2.533419037E1,-1.449847412E1,-2.450830078E1
9.534491083E0,2.528605652E1,-1.459106445E1,-2.466320801E1
9.544535083E0,2.528823471E1,-1.464407349E1,-2.467779541E1
9.554580083E0,2.532441330E1,-1.472042847E1,-2.461645508E1
9.564625083E0,2.532598877E1,-1.477758789E1,-2.475109863E1
9.574670083E0,2.538855743E1,-1.474304199E1,-2.457769775E1
9.584715083E0,2.542161560E1,-1.469674683E1,-2.473486328E1
9.594759083E0,2.538564682E1,-1.455288696E1,-2.481036377E1
9.604804083E0,2.541051483E1,-1.440075684E1,-2.474072266E1
9.614849083E0,2.538803482E1,-1.418298340E1,-2.481799316E1
9.624894083E0,2.531799698E1,-1.401760864E1,-2.479925537E1
9.634939083E0,2.535566711E1,-1.371688843E1,-2.493145752E1
9.644983083E0,2.551149368E1,-1.357086182E1,-2.475451660E1
9.655028083E0,2.554046249E1,-1.346722412E1,-2.481793213E1
9.665073083E0,2.563494873E1,-1.347296143E1,-2.485375977E1
9.675118083E0,2.577938843E1,-1.337408447E1,-2.470025635E1
9.685163083E0,2.591439819E1,-1.333123779E1,-2.471765137E1
9.695207083E0,2.587639999E1,-1.336901855E1,-2.485748291E1
9.705252083E0,2.580133438E1,-1.334136963E1,-2.462762451E1
9.715296667E0,2.563189316E1,-1.338742065E1,-2.473937988E1
9.725341667E0,2.561808777E1,-1.340441895E1,-2.461383057E1
9.735385667E0,2.555128098E1,-1.348181152E1,-2.472052002E1
9.745430667E0,2.572323227E1,-1.352868652E1,-2.469866943E1
9.755475667E0,2.565726852E1,-1.355480957E1,-2.477423096E1
9.765520667E0,2.556752014E1,-1.360900879E1,-2.469927979E1
9.775565667E0,2.555274963E1,-1.357690430E1,-2.464288330E1
9.785610667E0,2.574238205E1,-1.351953125E1,-2.464331055E1
9.795654667E0,2.553249359E1,-1.361077881E1,-2.465521240E1
9.805699667E0,2.551094055E1,-1.345819092E1,-2.474261475E1
9.815744667E0,2.553151703E1,-1.348730469E1,-2.478735352E1
9.825789667E0,2.542739487E1,-1.346011353E1,-2.465881348E1
9.835833667E0,2.542739487E1,-1.346011353E1,-2.465881348E1
9.845878667E0,2.538389587E1,-1.353289795E1,-2.450042725E1
9.855923667E0,2.547026443E1,-1.337338257E1,-2.452947998E1
9.865968667E0,2.541601944E1,-1.355078125E1,-2.489129639E1
9.876013667E0,2.547427368E1,-1.346740723E1,-2.471026611E1
9.886057667E0,2.536722183E1,-1.350610352E1,-2.455767822E1
9.896102667E0,2.542646027E1,-1.368991089E1,-2.446527100E1
9.906147667E0,2.539906693E1,-1.376986694E1,-2.423510742E1
9.916192667E0,2.547093582E1,-1.383441162E1,-2.456677246E1
9.926237667E0,2.542570877E1,-1.376049805E1,-2.436041260E1
9.936281667E0,2.541760635E1,-1.371380615E1,-2.445495605E1
9.946326667E0,2.555821228E1,-1.381671143E1,-2.433428955E1
9.956371667E0,2.552172089E1,-1.376425171E1,-2.410296631E1
9.966416667E0,2.554530334E1,-1.391134644E1,-2.389135742E1
9.976461667E0,2.543736649E1,-1.383389282E1,-2.379034424E1
9.986505667E0,2.556676102E1,-1.383511353E1,-2.365191650E1
9.996550667E0,2.557091904E1,-1.365164185E1,-2.371801758E1
1.000659567E1,2.560377884E1,-1.357437134E1,-2.392199707E1
1.001664067E1,2.573476791E1,-1.355825806E1,-2.408013916E1
1.002668567E1,2.576857758E1,-1.349487305E1,-2.415753174E1
1.003672967E1,2.567148590E1,-1.344848633E1,-2.403967285E1
1.004677467E1,2.574360275E1,-1.350067139E1,-2.408007812E1
1.005681967E1,2.584738541E1,-1.352984619E1,-2.407702637E1
1.006686467E1,2.591409302E1,-1.344909668E1,-2.377032471E1
1.007690967E1,2.595391846E1,-1.362103271E1,-2.384100342E1
1.008695367E1,2.598466492E1,-1.379528809E1,-2.363854980E1
1.009699867E1,2.592680359E1,-1.410809326E1,-2.330004883E1
1.010704367E1,2.597541809E1,-1.426232910E1,-2.327911377E1
1.011708867E1,2.595484543E1,-1.448150635E1,-2.305993652E1
1.012713267E1,2.601214981E1,-1.465466309E1,-2.287988281E1
1.013717767E1,2.613699722E1,-1.489562988E1,-2.313171387E1
1.014722267E1,2.609322739E1,-1.502178955E1,-2.314471436E1
1.015726767E1,2.598723984E1,-1.506317139E1,-2.285083008E1
1.016731267E1,2.605986023E1,-1.498556519E1,-2.281427002E1
1.017735667E1,2.606455994E1,-1.478970337E1,-2.248114014E1
1.018740167E1,2.598439789E1,-1.471139526E1,-2.268206787E1
1.019744667E1,2.614212418E1,-1.486721802E1,-2.277966309E1
1.020749167E1,2.607043076E1,-1.484582520E1,-2.245178223E1
1.021753667E1,2.598052216E1,-1.473599243E1,-2.276898193E1
1.022758067E1,2.603487396E1,-1.476635742E1,-2.278283691E1
1.023762567E1,2.604605103E1,-1.466766357E1,-2.266363525E1
1.024767067E1,2.609898758E1,-1.469226074E1,-2.274157715E1
1.025771567E1,2.611647797E1,-1.469253540E1,-2.265124512E1
1.026776067E1,2.603935623E1,-1.480728149E1,-2.281591797E1
1.027780467E1,2.601654434E1,-1.488836670E1,-2.272680664E1
1.028784967E1,2.602796555E1,-1.496279907E1,-2.258233643E1
1.029789467E1,2.592937088E1,-1.486123657E1,-2.263800049E1
1.030793967E1,2.597819138E1,-1.489883423E1,-2.245373535E1
1.031798467E1,2.587515259E1,-1.508425903E1,-2.271923828E1
1.032802867E1,2.576038742E1,-1.503656006E1,-2.273986816E1
1.033807367E1,2.576400757E1,-1.491293335E1,-2.274053955E1
1.034811867E1,2.580268860E1,-1.505963135E1,-2.277703857E1
1.035816367E1,2.585942459E1,-1.497137451E1,-2.299029541E1
1.036820767E1,2.580409241E1,-1.498391724E1,-2.289758301E1
1.037825267E1,2.567321396E1,-1.492251587E1,-2.308471680E1
1.038829767E1,2.571565247E1,-1.488455200E1,-2.304400635E1
1.039834267E1,2.569927216E1,-1.474517822E1,-2.302679443E1
1.040838767E1,2.560560226E1,-1.463598633E1,-2.301141357E1
1.041843167E1,2.563304138E1,-1.454013062E1,-2.306805420E1
1.042847667E1,2.571046448E1,-1.452798462E1,-2.294317627E1
1.043852167E1,2.572108078E1,-1.441336060E1,-2.282971191E1
1.044856667E1,2.579303741E1,-1.456729126E1,-2.278759766E1
1.045861167E1,2.575447083E1,-1.447903442E1,-2.284704590E1
1.046865567E1,2.579846954E1,-1.441134644E1,-2.280480957E1
1.047870067E1,2.553777313E1,-1.420538330E1,-2.294006348E1
1.048874567E1,2.557695007E1,-1.430975342E1,-2.302996826E1
1.049879067E1,2.563035583E1,-1.415875244E1,-2.295520020E1
1.050883567E1,2.555271530E1,-1.408306885E1,-2.284252930E1
1.051887967E1,2.564929581E1,-1.412304688E1,-2.299157715E1
1.052892467E1,2.550717926E1,-1.406671143E1,-2.306896973E1
1.053896967E1,2.549158478E1,-1.406597900E1,-2.320159912E1
1.054901467E1,2.532128906E1,-1.398486328E1,-2.352307129E1
1.055905967E1,2.532128906E1,-1.398486328E1,-2.352307129E1
1.056910367E1,2.526798630E1,-1.412655640E1,-2.349908447E1
1.057914867E1,2.514870834E1,-1.416452026E1,-2.362603760E1
1.058919367E1,2.504128647E1,-1.389599609E1,-2.371618652E1
1.059923867E1,2.507559967E1,-1.387484741E1,-2.395983887E1
1.060928267E1,2.495152283E1,-1.369128418E1,-2.388232422E1
1.061932767E1,2.496575546E1,-1.349618530E1,-2.397473145E1
1.062937267E1,2.505305481E1,-1.331112671E1,-2.390667725E1
1.063941767E1,2.490485764E1,-1.333523560E1,-2.410559082E1
1.064946267E1,2.487276840E1,-1.350662231E1,-2.381054688E1
1.065950667E1,2.504425049E1,-1.360223389E1,-2.384234619E1
1.066955167E1,2.503635788E1,-1.401275635E1,-2.381994629E1
1.067959667E1,2.493645859E1,-1.440829468E1,-2.371679688E1
1.068964167E1,2.500609589E1,-1.462896729E1,-2.355572510E1
1.069968667E1,2.477468109E1,-1.469458008E1,-2.347686768E1
1.070973129E1,2.480292130E1,-1.489025879E1,-2.330450439E1
1.071977629E1,2.484238434E1,-1.497463989E1,-2.343499756E1
1.072982129E1,2.489291382E1,-1.496224976E1,-2.353784180E1
1.073986629E1,2.482457352E1,-1.488946533E1,-2.366491699E1
1.074991129E1,2.485174561E1,-1.494302368E1,-2.369305420E1
1.075995529E1,2.481336975E1,-1.477685547E1,-2.369000244E1
1.077000029E1,2.483787155E1,-1.447543335E1,-2.382556152E1
1.078004529E1,2.502208710E1,-1.436285400E1,-2.388623047E1
1.079009029E1,2.508063126E1,-1.442831421E1,-2.409710693E1
1.080013429E1,2.495386505E1,-1.439144897E1,-2.394171143E1
1.081017929E1,2.510105515E1,-1.418255615E1,-2.361730957E1
1.082022429E1,2.506615448E1,-1.416891479E1,-2.379779053E1
1.083026929E1,2.506568527E1,-1.393850708E1,-2.367913818E1
1.084031429E1,2.527686310E1,-1.407241821E1,-2.346502686E1
1.085035829E1,2.531266785E1,-1.407757568E1,-2.336035156E1
1.086040329E1,2.544377518E1,-1.403375244E1,-2.329479980E1
1.087044829E1,2.529837799E1,-1.401187134E1,-2.324304199E1
1.088049329E1,2.535026169E1,-1.402838135E1,-2.314410400E1
1.089053829E1,2.540890121E1,-1.394418335E1,-2.317120361E1
1.090058229E1,2.545822906E1,-1.397418213E1,-2.306817627E1
1.091062729E1,2.536008453E1,-1.391555786E1,-2.332586670E1
1.092067229E1,2.539298630E1,-1.391729736E1,-2.354278564E1
1.093071729E1,2.544154739E1,-1.386779785E1,-2.349896240E1
1.094076229E1,2.552184677E1,-1.384490967E1,-2.325946045E1
1.095080629E1,2.571947861E1,-1.381973267E1,-2.331469727E1
1.096085129E1,2.566709137E1,-1.387704468E1,-2.331835938E1
1.097089629E1,2.558008957E1,-1.356954956E1,-2.333166504E1
1.098094129E1,2.553178406E1,-1.349993896E1,-2.337524414E1
1.099098529E1,2.550627899E1,-1.347558594E1,-2.327301025E1
1.100103029E1,2.541593933E1,-1.346081543E1,-2.341174316E1
1.101107529E1,2.540299988E1,-1.348123169E1,-2.337744141E1
1.102112029E1,2.546802139E1,-1.343838501E1,-2.323754883E1
1.103116529E1,2.540647888E1,-1.356265259E1,-2.347473145E1
1.104120929E1,2.538596344E1,-1.359893799E1,-2.354229736E1
1.105125429E1,2.538415146E1,-1.366253662E1,-2.354046631E1
1.106129929E1,2.542536926E1,-1.374539185E1,-2.341796875E1
1.107134429E1,2.550801849E1,-1.368417358E1,-2.336096191E1
1.108138929E1,2.550629425E1,-1.372686768E1,-2.336981201E1
1.109143329E1,2.541617203E1,-1.361340332E1,-2.341021729E1
1.110147829E1,2.552287674E1,-1.361791992E1,-2.334869385E1
1.111152329E1,2.547300339E1,-1.363125610E1,-2.316845703E1
1.112156829E1,2.560878372E1,-1.365563965E1,-2.326983643E1
1.113161329E1,2.574633789E1,-1.364794922E1,-2.320452881E1
1.114165729E1,2.576117706E1,-1.377325439E1,-2.319702148E1
1.115170229E1,2.570952225E1,-1.372552490E1,-2.309979248E1
1.116174729E1,2.569083786E1,-1.370217896E1,-2.325219727E1
1.117179229E1,2.563806534E1,-1.361038208E1,-2.312341309E1
1.118183629E1,2.561583328E1,-1.341006470E1,-2.330957031E1
1.119188129E1,2.571752930E1,-1.320468140E1,-2.327441406E1
1.120192629E1,2.577777100E1,-1.311279297E1,-2.332879639E1
1.121197129E1,2.586414337E1,-1.317489624E1,-2.329913330E1
1.122201629E1,2.583743286E1,-1.318713379E1,-2.305499268E1
1.123206029E1,2.593471146E1,-1.316656494E1,-2.310614014E1
1.124210529E1,2.592510986E1,-1.347241211E1,-2.304052734E1
1.125215029E1,2.586301422E1,-1.365298462E1,-2.262145996E1
1.126219529E1,2.587627792E1,-1.400119019E1,-2.265765381E1
1.127224029E1,2.604898834E1,-1.435424805E1,-2.248571777E1
1.128228429E1,2.598477936E1,-1.442883301E1,-2.232855225E1
1.129232929E1,2.598621368E1,-1.443173218E1,-2.232928467E1
1.130237429E1,2.610500336E1,-1.443801880E1,-2.207556152E1
1.131241929E1,2.621315765E1,-1.461352539E1,-2.200213623E1
1.132246329E1,2.609529877E1,-1.447235107E1,-2.208007812E1
1.133250829E1,2.615708160E1,-1.426766968E1,-2.218188477E1
1.134255329E1,2.624864578E1,-1.424670410E1,-2.220538330E1
1.135259829E1,2.625679016E1,-1.403753662E1,-2.214117432E1
1.136264329E1,2.627117157E1,-1.394616699E1,-2.195007324E1
1.137268729E1,2.625986099E1,-1.391787720E1,-2.213140869E1
1.138273229E1,2.626312637E1,-1.389791870E1,-2.206072998E1
1.139277729E1,2.624755096E1,-1.370925903E1,-2.204821777E1
1.140282229E1,2.625810623E1,-1.366757202E1,-2.240100098E1
1.141286729E1,2.614883041E1,-1.383224487E1,-2.237420654E1
1.142291129E1,2.604589081E1,-1.380642700E1,-2.227288818E1
1.143295629E1,2.600031662E1,-1.389758301E1,-2.212298584E1
1.144300129E1,2.615493774E1,-1.400006104E1,-2.215179443E1
1.145304629E1,2.616541290E1,-1.402340698E1,-2.223132324E1
1.146309029E1,2.617457199E1,-1.423873901E1,-2.207177734E1
1.147313529E1,2.599674606E1,-1.425634766E1,-2.187927246E1
1.148318029E1,2.589112091E1,-1.408630371E1,-2.190478516E1
1.149322529E1,2.587834930E1,-1.422763062E1,-2.196343994E1
1.150327029E1,2.599580383E1,-1.398339844E1,-2.200817871E1
1.151331429E1,2.605284500E1,-1.400384521E1,-2.203845215E1
1.152335929E1,2.611155319E1,-1.392410278E1,-2.210864258E1
1.153340429E1,2.614514923E1,-1.391714478E1,-2.212573242E1
1.154344929E1,2.615264893E1,-1.390551758E1,-2.220129395E1
1.155349429E1,2.617649460E1,-1.391015625E1,-2.230480957E1
1.156353829E1,2.605649185E1,-1.374163818E1,-2.226684570E1
1.157358329E1,2.617875290E1,-1.353610229E1,-2.224957275E1
1.158362829E1,2.609616089E1,-1.344467163E1,-2.224029541E1
1.159367329E1,2.620890808E1,-1.346084595E1,-2.205120850E1
1.160371729E1,2.622541809E1,-1.336657715E1,-2.204364014E1
1.161376229E1,2.617359543E1,-1.333062744E1,-2.192437744E1
1.162380729E1,2.630954361E1,-1.323403931E1,-2.209918213E1
1.163385229E1,2.629330826E1,-1.322817993E1,-2.231689453E1
1.164389729E1,2.609255981E1,-1.324816895E1,-2.213165283E1
1.165394129E1,2.605052185E1,-1.325753784E1,-2.211047363E1
1.166398629E1,2.619295502E1,-1.324075317E1,-2.211663818E1
1.167403129E1,2.627571487E1,-1.325305176E1,-2.208923340E1
1.168407629E1,2.608123398E1,-1.322363281E1,-2.230230713E1
1.169412129E1,2.593223190E1,-1.315396118E1,-2.216760254E1
1.170416529E1,2.588891983E1,-1.333575439E1,-2.226818848E1
1.171421083E1,2.572927094E1,-1.354895020E1,-2.238995361E1
1.172425583E1,2.561420059E1,-1.358700562E1,-2.243365479E1
1.173430083E1,2.549143600E1,-1.368746948E1,-2.244732666E1
1.174434483E1,2.540647888E1,-1.386508179E1,-2.250982666E1
1.175438983E1,2.513471603E1,-1.404010010E1,-2.234393311E1
1.176443483E1,2.510363770E1,-1.420281982E1,-2.248767090E1
1.177447983E1,2.486552048E1,-1.464282227E1,-2.234869385E1
1.178452483E1,2.456750107E1,-1.481881714E1,-2.260504150E1
1.179456883E1,2.433182144E1,-1.496121216E1,-2.272314453E1
1.180461383E1,2.417485809E1,-1.489089966E1,-2.301666260E1
1.181465883E1,2.404336929E1,-1.465402222E1,-2.309619141E1
1.182470383E1,2.415755844E1,-1.426547241E1,-2.367987061E1
1.183474883E1,2.415709305E1,-1.370199585E1,-2.390557861E1
1.184479283E1,2.422664261E1,-1.325430298E1,-2.412762451E1
1.185483783E1,2.418520355E1,-1.297961426E1,-2.436242676E1
1.186488283E1,2.420370102E1,-1.285592651E1,-2.431909180E1
1.187492783E1,2.438623047E1,-1.305886841E1,-2.402716064E1
1.188497183E1,2.433066940E1,-1.335140991E1,-2.394152832E1
1.189501683E1,2.441373062E1,-1.353906250E1,-2.363580322E1
1.190506183E1,2.434001160E1,-1.397128296E1,-2.349383545E1
1.191510683E1,2.433495712E1,-1.430410767E1,-2.357250977E1
1.192515183E1,2.426551437E1,-1.460671997E1,-2.358575439E1
1.193519583E1,2.425377274E1,-1.476730347E1,-2.350830078E1
1.194524083E1,2.423544312E1,-1.468762207E1,-2.336163330E1
1.195528583E1,2.416741562E1,-1.465429688E1,-2.350854492E1
1.196533083E1,2.415956879E1,-1.449176025E1,-2.365808105E1
1.197537483E1,2.431393814E1,-1.463888550E1,-2.378540039E1
1.198541983E1,2.428186417E1,-1.461236572E1,-2.365820312E1
1.199546483E1,2.447338104E1,-1.458276367E1,-2.346118164E1
1.200550983E1,2.452797699E1,-1.470214844E1,-2.345642090E1
1.201555483E1,2.459159088E1,-1.469696045E1,-2.330047607E1
1.202559883E1,2.464395905E1,-1.483843994E1,-2.308441162E1
1.203564383E1,2.464395905E1,-1.483843994E1,-2.308441162E1
1.204568883E1,2.484130478E1,-1.502044678E1,-2.293048096E1
1.205573383E1,2.485442734E1,-1.491455078E1,-2.286096191E1
1.206577783E1,2.476897430E1,-1.484786987E1,-2.283227539E1
1.207582283E1,2.486014938E1,-1.478121948E1,-2.276037598E1
1.208586783E1,2.486941910E1,-1.482049561E1,-2.268139648E1
1.209591283E1,2.508072662E1,-1.477664185E1,-2.275811768E1
1.210595783E1,2.517345428E1,-1.455392456E1,-2.280108643E1
1.211600183E1,2.522801971E1,-1.458038330E1,-2.292535400E1
1.212604683E1,2.519665146E1,-1.438787842E1,-2.281829834E1
1.213609183E1,2.523910522E1,-1.422726440E1,-2.293206787E1
1.214613683E1,2.512536240E1,-1.427478027E1,-2.279992676E1
1.215618183E1,2.511721039E1,-1.421691895E1,-2.264746094E1
1.216622583E1,2.527355576E1,-1.421911621E1,-2.266003418E1
1.217627083E1,2.520404434E1,-1.398788452E1,-2.277746582E1
1.218631583E1,2.527333450E1,-1.382843018E1,-2.293963623E1
1.219636083E1,2.521246338E1,-1.374392700E1,-2.261480713E1
1.220640483E1,2.525769043E1,-1.362866211E1,-2.253082275E1
1.221644983E1,2.538034821E1,-1.368673706E1,-2.276251221E1
1.222649483E1,2.542187119E1,-1.365100098E1,-2.281225586E1
1.223653983E1,2.530183792E1,-1.358737183E1,-2.281793213E1
1.224658483E1,2.534053802E1,-1.361514282E1,-2.295861816E1
1.225662883E1,2.522615051E1,-1.363604736E1,-2.311029053E1
1.226667383E1,2.516810608E1,-1.381509399E1,-2.305767822E1
1.227671883E1,2.515893173E1,-1.389053345E1,-2.289428711E1
1.228676383E1,2.504964828E1,-1.379400635E1,-2.314324951E1
1.229680783E1,2.503495407E1,-1.399884033E1,-2.313220215E1
1.230685283E1,2.505469894E1,-1.409179688E1,-2.311602783E1
1.231689783E1,2.490415192E1,-1.419894409E1,-2.263452148E1
1.232694283E1,2.491108322E1,-1.426281738E1,-2.256524658E1
1.233698783E1,2.492094803E1,-1.443038940E1,-2.252313232E1
1.234703183E1,2.481269836E1,-1.465179443E1,-2.243023682E1
1.235707683E1,2.477075195E1,-1.490222168E1,-2.236944580E1
1.236712183E1,2.470053101E1,-1.520709229E1,-2.263769531E1
1.237716683E1,2.457019424E1,-1.526446533E1,-2.267425537E1
1.238721083E1,2.431097031E1,-1.526644897E1,-2.254394531E1
1.239725583E1,2.414977646E1,-1.528216553E1,-2.270581055E1
1.240730083E1,2.407703400E1,-1.502807617E1,-2.310125732E1
1.241734583E1,2.396783447E1,-1.466302490E1,-2.358276367E1
1.242739083E1,2.398196030E1,-1.423348999E1,-2.385424805E1
1.243743483E1,2.420030975E1,-1.381103516E1,-2.392114258E1
1.244747983E1,2.448762894E1,-1.337976074E1,-2.369805908E1
1.245752483E1,2.474889374E1,-1.311773682E1,-2.339935303E1
1.246756983E1,2.502284241E1,-1.306402588E1,-2.315814209E1
1.247761483E1,2.528369904E1,-1.330758667E1,-2.281042480E1
1.248765883E1,2.543115234E1,-1.357681274E1,-2.227648926E1
1.249770383E1,2.538297272E1,-1.398400879E1,-2.219073486E1
1.250774883E1,2.533783340E1,-1.440927124E1,-2.214538574E1
1.251779383E1,2.513820648E1,-1.471981812E1,-2.231335449E1
1.252783783E1,2.496418381E1,-1.468066406E1,-2.233929443E1
1.253788283E1,2.491267776E1,-1.476788330E1,-2.230114746E1
1.254792783E1,2.491305161E1,-1.485559082E1,-2.248333740E1
1.255797283E1,2.498587036E1,-1.493368530E1,-2.256250000E1
1.256801783E1,2.490192032E1,-1.490127563E1,-2.273864746E1
1.257806183E1,2.484784698E1,-1.473373413E1,-2.284155273E1
1.258810683E1,2.486186218E1,-1.465542603E1,-2.302679443E1
1.259815183E1,2.486242294E1,-1.464196777E1,-2.282745361E1
1.260819683E1,2.491819000E1,-1.462350464E1,-2.277282715E1
1.261824083E1,2.500305176E1,-1.463754272E1,-2.291760254E1
1.262828583E1,2.496923828E1,-1.466021729E1,-2.282501221E1
1.263833083E1,2.490608215E1,-1.476242065E1,-2.287066650E1
1.264837583E1,2.495767593E1,-1.480523682E1,-2.280523682E1
1.265842083E1,2.478735733E1,-1.484323120E1,-2.280841064E1
1.266846483E1,2.480779648E1,-1.479592896E1,-2.275524902E1
1.267850983E1,2.479893112E1,-1.498205566E1,-2.273077393E1
1.268855483E1,2.497039795E1,-1.497537231E1,-2.291308594E1
1.269859983E1,2.489630508E1,-1.477801514E1,-2.275531006E1
1.270864329E1,2.491315079E1,-1.456088257E1,-2.274841309E1
1.271868829E1,2.496020126E1,-1.458706665E1,-2.271459961E1
1.272873329E1,2.505990601E1,-1.446377563E1,-2.292401123E1
1.273877829E1,2.502058029E1,-1.435745239E1,-2.301361084E1
1.274882329E1,2.502907944E1,-1.427557373E1,-2.299298096E1
1.275886729E1,2.502907944E1,-1.427557373E1,-2.299298096E1
1.276891229E1,2.491271210E1,-1.423272705E1,-2.317840576E1
1.277895729E1,2.488113403E1,-1.423733521E1,-2.331372070E1
1.278900229E1,2.477494812E1,-1.409890747E1,-2.357379150E1
1.279904629E1,2.492249298E1,-1.407254028E1,-2.375573730E1
1.280909129E1,2.488186264E1,-1.392465210E1,-2.370373535E1
1.281913629E1,2.489745712E1,-1.387408447E1,-2.370416260E1
1.282918129E1,2.476400757E1,-1.373703003E1,-2.373199463E1
1.283922629E1,2.490239334E1,-1.370062256E1,-2.395831299E1
1.284927029E1,2.484269714E1,-1.359179688E1,-2.374835205E1
1.285931529E1,2.494523621E1,-1.346679688E1,-2.394409180E1
1.286936029E1,2.481181717E1,-1.344128418E1,-2.399414062E1
1.287940529E1,2.471804047E1,-1.328900146E1,-2.383282471E1
1.288944929E1,2.468536758E1,-1.324017334E1,-2.372174072E1
1.289949429E1,2.474896622E1,-1.319656372E1,-2.389898682E1
1.290953929E1,2.464428329E1,-1.297845459E1,-2.368475342E1
1.291958429E1,2.461404800E1,-1.285003662E1,-2.367871094E1
1.292962929E1,2.466757202E1,-1.278814697E1,-2.355633545E1
1.293967329E1,2.473009491E1,-1.273986816E1,-2.382141113E1
1.294971829E1,2.464964294E1,-1.281970215E1,-2.374005127E1
1.295976329E1,2.471175003E1,-1.266748047E1,-2.387097168E1
1.296980829E1,2.454303360E1,-1.269097900E1,-2.391448975E1
1.297985229E1,2.452396774E1,-1.248184204E1,-2.422784424E1
1.298989729E1,2.461942673E1,-1.246328735E1,-2.482489014E1
1.299994229E1,2.456026840E1,-1.234530640E1,-2.479516602E1
1.300998729E1,2.471965027E1,-1.216842651E1,-2.477227783E1
1.302003229E1,2.484297180E1,-1.213973999E1,-2.459625244E1
1.303007629E1,2.493315506E1,-1.215597534E1,-2.437982178E1
1.304012129E1,2.501054001E1,-1.234512329E1,-2.419348145E1
1.305016629E1,2.514480209E1,-1.252374268E1,-2.415826416E1
1.306021129E1,2.515130615E1,-1.302612305E1,-2.404449463E1
1.307025529E1,2.517251968E1,-1.321844482E1,-2.405010986E1
1.308030029E1,2.505498886E1,-1.322570801E1,-2.426208496E1
1.309034529E1,2.509992981E1,-1.318701172E1,-2.433349609E1
1.310039029E1,2.497755432E1,-1.290023804E1,-2.443450928E1
1.311043429E1,2.493077469E1,-1.293426514E1,-2.439288330E1
1.312047929E1,2.498584747E1,-1.291174316E1,-2.439593506E1
1.313052429E1,2.491689301E1,-1.266400146E1,-2.445776367E1
1.314056929E1,2.493917084E1,-1.253768921E1,-2.464587402E1
1.315061429E1,2.489848709E1,-1.237438965E1,-2.469573975E1
1.316065829E1,2.484264374E1,-1.211322021E1,-2.474456787E1
1.317070329E1,2.487439728E1,-1.221697998E1,-2.470446777E1
1.318074829E1,2.500469971E1,-1.231250000E1,-2.497875977E1
1.319079329E1,2.512808990E1,-1.230932617E1,-2.487176514E1
1.320083729E1,2.500942230E1,-1.224057007E1,-2.470385742E1
1.321088229E1,2.504035950E1,-1.233715820E1,-2.472045898E1
1.322092729E1,2.509663773E1,-1.215847778E1,-2.472778320E1
1.323097229E1,2.520337677E1,-1.222650146E1,-2.450817871E1
1.324101729E1,2.529749298E1,-1.216491699E1,-2.442785645E1
1.325106129E1,2.529629135E1,-1.201840210E1,-2.439739990E1
1.326110629E1,2.548370361E1,-1.214331055E1,-2.432623291E1
1.327115129E1,2.534386444E1,-1.220465088E1,-2.459515381E1
1.328119629E1,2.541332245E1,-1.215982056E1,-2.455645752E1
1.329124029E1,2.517010498E1,-1.205395508E1,-2.460345459E1
1.330128529E1,2.521667862E1,-1.204833984E1,-2.466204834E1
1.331133029E1,2.525767136E1,-1.214923096E1,-2.482617188E1
1.332137529E1,2.523847961E1,-1.220962524E1,-2.481994629E1
1.333142029E1,2.511922836E1,-1.211169434E1,-2.487872314E1
1.334146429E1,2.517517090E1,-1.219607544E1,-2.503143311E1
1.335150929E1,2.517678070E1,-1.209967041E1,-2.476214600E1
1.336155429E1,2.507582855E1,-1.210287476E1,-2.476763916E1
1.337159929E1,2.516841888E1,-1.217913818E1,-2.485662842E1
1.338164329E1,2.518391037E1,-1.224819946E1,-2.468377686E1
1.339168829E1,2.518650436E1,-1.229174805E1,-2.473760986E1
1.340173329E1,2.525860214E1,-1.232543945E1,-2.492370605E1
1.341177829E1,2.526359940E1,-1.241171265E1,-2.487579346E1
1.342182229E1,2.522521210E1,-1.232809448E1,-2.483233643E1
1.343186729E1,2.521369553E1,-1.251177979E1,-2.477368164E1
1.344191229E1,2.531433868E1,-1.272039795E1,-2.471990967E1
1.345195729E1,2.549018478E1,-1.261535645E1,-2.467340088E1
1.346200229E1,2.524818420E1,-1.261480713E1,-2.483044434E1
1.347204629E1,2.520419693E1,-1.261376953E1,-2.471813965E1
1.348209129E1,2.527704239E1,-1.253494263E1,-2.451104736E1
1.349213629E1,2.527698898E1,-1.253402710E1,-2.451428223E1
1.350218129E1,2.524358749E1,-1.252319336E1,-2.461407471E1
1.351222529E1,2.529678345E1,-1.244070435E1,-2.474578857E1
1.352227029E1,2.525977707E1,-1.253509521E1,-2.494976807E1
1.353231529E1,2.520727539E1,-1.239190674E1,-2.478778076E1
1.354236029E1,2.519137192E1,-1.230209351E1,-2.487518311E1
1.355240529E1,2.506549072E1,-1.215466309E1,-2.494110107E1
1.356244929E1,2.512861633E1,-1.211175537E1,-2.506719971E1
1.357249429E1,2.517667007E1,-1.192932129E1,-2.518078613E1
1.358253929E1,2.528211594E1,-1.188949585E1,-2.532171631E1
1.359258429E1,2.534368515E1,-1.186529541E1,-2.561779785E1
1.360262829E1,2.547522736E1,-1.164874268E1,-2.574383545E1
1.361267329E1,2.571729279E1,-1.168847656E1,-2.553552246E1
1.362271829E1,2.590386963E1,-1.158569336E1,-2.533569336E1
1.363276329E1,2.610526276E1,-1.173693848E1,-2.511462402E1
1.364280829E1,2.624380875E1,-1.184991455E1,-2.453619385E1
1.365285229E1,2.646408081E1,-1.218814087E1,-2.416418457E1
1.366289729E1,2.645612717E1,-1.233209229E1,-2.405157471E1
1.367294229E1,2.633173752E1,-1.270471191E1,-2.405120850E1
1.368298729E1,2.627641296E1,-1.313131714E1,-2.386242676E1
1.369303129E1,2.626964951E1,-1.350061035E1,-2.366766357E1
1.370307629E1,2.631923676E1,-1.359591675E1,-2.397393799E1
1.371312071E1,2.610240173E1,-1.374636841E1,-2.392260742E1
1.372316571E1,2.613423920E1,-1.377545166E1,-2.412231445E1
1.373320971E1,2.613687134E1,-1.347235107E1,-2.419879150E1
1.374325471E1,2.609532928E1,-1.334780884E1,-2.440783691E1
1.375329971E1,2.615414429E1,-1.314065552E1,-2.449029541E1
1.376334471E1,2.628539276E1,-1.292474365E1,-2.445037842E1
1.377338971E1,2.653606796E1,-1.275195312E1,-2.455102539E1
1.378343371E1,2.670616913E1,-1.250692749E1,-2.456707764E1
1.379347871E1,2.669795990E1,-1.224655151E1,-2.456805420E1
1.380352371E1,2.656714249E1,-1.229418945E1,-2.485028076E1
1.381356871E1,2.667253876E1,-1.216668701E1,-2.485351562E1
1.382361271E1,2.670445633E1,-1.222384644E1,-2.471942139E1
1.383365771E1,2.661140060E1,-1.239999390E1,-2.482843018E1
1.384370271E1,2.658017731E1,-1.239840698E1,-2.479119873E1
1.385374771E1,2.644028854E1,-1.247467041E1,-2.480694580E1
1.386379171E1,2.631671524E1,-1.253338623E1,-2.479180908E1
1.387383671E1,2.624885178E1,-1.252786255E1,-2.483593750E1
1.388388171E1,2.610163498E1,-1.257022095E1,-2.478558350E1
1.389392671E1,2.617485809E1,-1.259271240E1,-2.492114258E1
1.390397171E1,2.610030365E1,-1.267974854E1,-2.480096436E1
1.391401571E1,2.617173767E1,-1.269519043E1,-2.485064697E1
1.392406071E1,2.621821213E1,-1.258032227E1,-2.496813965E1
1.393410571E1,2.612399292E1,-1.239941406E1,-2.504260254E1
1.394415071E1,2.598751450E1,-1.220959473E1,-2.542828369E1
1.395419471E1,2.605002594E1,-1.199822998E1,-2.534228516E1
1.396423971E1,2.601111984E1,-1.176013184E1,-2.542169189E1
1.397428471E1,2.588240814E1,-1.153775024E1,-2.560369873E1
1.398432971E1,2.592337418E1,-1.115234375E1,-2.602020264E1
1.399437471E1,2.601749039E1,-1.090145874E1,-2.590576172E1
1.400441871E1,2.607200241E1,-1.062149048E1,-2.586175537E1
1.401446371E1,2.602581787E1,-1.020571899E1,-2.609637451E1
1.402450871E1,2.603984451E1,-9.970458984E0,-2.621539307E1
1.403455371E1,2.615266037E1,-9.785888672E0,-2.629058838E1
1.404459771E1,2.613830948E1,-9.622711182E0,-2.645117188E1
1.405464271E1,2.616588211E1,-9.215393066E0,-2.636322021E1
1.406468771E1,2.616929626E1,-9.077392578E0,-2.642565918E1
1.407473271E1,2.625290298E1,-8.814971924E0,-2.643664551E1
1.408477671E1,2.603577423E1,-8.531494141E0,-2.640600586E1
1.409482171E1,2.604631805E1,-8.287567139E0,-2.676983643E1
1.410486671E1,2.589889908E1,-7.907653809E0,-2.692608643E1
1.411491171E1,2.578499222E1,-7.603759766E0,-2.694256592E1
1.412495671E1,2.583411026E1,-7.440734863E0,-2.717840576E1
1.413500071E1,2.582550430E1,-7.240722656E0,-2.751861572E1
1.414504571E1,2.582387543E1,-7.034271240E0,-2.758435059E1
1.415509071E1,2.586435699E1,-6.895996094E0,-2.755255127E1
1.416513571E1,2.590709686E1,-6.654632568E0,-2.766503906E1
1.417517971E1,2.600058746E1,-6.373229980E0,-2.786401367E1
1.418522471E1,2.596657944E1,-6.132324219E0,-2.778338623E1
1.419526971E1,2.583541489E1,-5.653381348E0,-2.792633057E1
1.420531471E1,2.588299942E1,-5.185791016E0,-2.820733643E1
1.421535871E1,2.588299942E1,-5.185791016E0,-2.820733643E1
1.422540371E1,2.573071289E1,-4.589080811E0,-2.852050781E1
1.423544871E1,2.565742111E1,-3.815002441E0,-2.890100098E1
1.424549371E1,2.559163666E1,-2.987823486E0,-2.886712646E1
1.425553871E1,2.561099625E1,-2.242553711E0,-2.893176270E1
1.426558271E1,2.551115799E1,-1.499389648E0,-2.910681152E1
1.427562771E1,2.554777908E1,-8.460693359E-1,-2.946697998E1
1.428567271E1,2.537120056E1,-2.019348145E-1,-2.954351807E1
1.429571771E1,2.530277252E1,1.770324707E-1,-2.974346924E1
1.430576171E1,2.513526535E1,4.944152832E-1,-2.980615234E1
1.431580671E1,2.478469086E1,7.822875977E-1,-2.989605713E1
1.432585171E1,2.464872742E1,9.874877930E-1,-2.990820312E1
1.433589671E1,2.448345566E1,1.188110352E0,-3.022442627E1
1.434594071E1,2.426082230E1,1.514953613E0,-3.038104248E1
1.435598571E1,2.398252106E1,1.779632568E0,-3.068353271E1
1.436603071E1,2.348891449E1,2.166259766E0,-3.099627686E1
1.437607571E1,2.312284088E1,2.433044434E0,-3.080505371E1
1.438612071E1,2.266316605E1,2.838043213E0,-3.115771484E1
1.439616471E1,2.225822830E1,3.336883545E0,-3.111517334E1
1.440620971E1,2.193499374E1,3.802703857E0,-3.151965332E1
1.441625471E1,2.169462585E1,4.237670898E0,-3.173822021E1
1.442629971E1,2.124117661E1,4.765350342E0,-3.187969971E1
1.443634371E1,2.052598953E1,5.371002197E0,-3.217541504E1
1.444638871E1,2.004760361E1,5.854858398E0,-3.232464600E1
1.445643371E1,1.931859970E1,6.397155762E0,-3.270288086E1
1.446647871E1,1.864509964E1,7.016265869E0,-3.308398438E1
1.447652271E1,1.824248123E1,7.718383789E0,-3.320208740E1
1.448656771E1,1.730165100E1,8.235443115E0,-3.337890625E1
1.449661271E1,1.663317108E1,8.764190674E0,-3.375054932E1
1.450665771E1,1.605792236E1,9.236633301E0,-3.379296875E1
1.451670171E1,1.542697906E1,9.648681641E0,-3.403332520E1
1.452674671E1,1.480957794E1,1.023123169E1,-3.425231934E1
1.453679171E1,1.413763428E1,1.074649048E1,-3.408905029E1
1.454683671E1,1.366488647E1,1.123971558E1,-3.417895508E1
1.455688171E1,1.322105408E1,1.163232422E1,-3.427038574E1
1.456692571E1,1.276731110E1,1.208779907E1,-3.449920654E1
1.457697071E1,1.229950714E1,1.239889526E1,-3.478961182E1
1.458701571E1,1.150663757E1,1.280978394E1,-3.474383545E1
1.459706071E1,1.099423218E1,1.295721436E1,-3.457189941E1
1.460710471E1,1.061049652E1,1.315716553E1,-3.461926270E1
1.461714971E1,1.020838928E1,1.327783203E1,-3.490869141E1
1.462719471E1,9.692192078E0,1.336474609E1,-3.490386963E1
1.463723971E1,9.161376953E0,1.362835693E1,-3.505364990E1
1.464728371E1,8.689239502E0,1.379806519E1,-3.487054443E1
1.465732871E1,8.177177429E0,1.378527832E1,-3.503955078E1
1.466737371E1,7.678009033E0,1.395620728E1,-3.507891846E1
1.467741871E1,7.228279114E0,1.409725952E1,-3.517736816E1
1.468746371E1,6.856231689E0,1.427044678E1,-3.521160889E1
1.469750771E1,6.447654724E0,1.423980713E1,-3.529998779E1
1.470755271E1,6.119255066E0,1.437670898E1,-3.535852051E1
1.471759871E1,5.656402588E0,1.438592529E1,-3.540014648E1
1.472764371E1,5.371215820E0,1.452230835E1,-3.558483887E1
1.473768771E1,4.953170776E0,1.459753418E1,-3.543682861E1
1.474773271E1,4.509544373E0,1.482638550E1,-3.544641113E1
1.475777771E1,4.216468811E0,1.496960449E1,-3.526617432E1
1.476782271E1,3.785781860E0,1.514480591E1,-3.521191406E1
1.477786671E1,3.375350952E0,1.522674561E1,-3.514410400E1
1.478791171E1,3.306594849E0,1.530740356E1,-3.521032715E1
1.479795671E1,2.965576172E0,1.534826660E1,-3.526257324E1
1.480800171E1,2.669830322E0,1.523968506E1,-3.521801758E1
1.481804571E1,2.391113281E0,1.512173462E1,-3.547296143E1
1.482809071E1,2.264793396E0,1.517993164E1,-3.539428711E1
1.483813571E1,2.060165405E0,1.495709229E1,-3.508978271E1
1.484818071E1,1.758155823E0,1.488442993E1,-3.548681641E1
1.485822571E1,1.480842590E0,1.485107422E1,-3.561102295E1
1.486826971E1,1.284477234E0,1.477969360E1,-3.569549561E1
1.487831471E1,1.161445618E0,1.483233643E1,-3.585583496E1
1.488835971E1,8.489685059E-1,1.492132568E1,-3.548272705E1
1.489840471E1,8.245620728E-1,1.487234497E1,-3.546984863E1
1.490844871E1,6.972732544E-1,1.495776367E1,-3.558654785E1
1.491849371E1,6.469726562E-1,1.500485229E1,-3.563671875E1
1.492853871E1,4.665985107E-1,1.494064331E1,-3.546423340E1
1.493858371E1,4.665985107E-1,1.494064331E1,-3.546423340E1
1.494862771E1,3.524246216E-1,1.505136108E1,-3.557379150E1
1.495867271E1,1.310577393E-1,1.504067993E1,-3.543133545E1
1.496871771E1,1.151809692E-1,1.503964233E1,-3.551672363E1
1.497876271E1,1.040496826E-1,1.517782593E1,-3.533685303E1
1.498880671E1,-7.926940918E-2,1.525021362E1,-3.502789307E1
1.499885171E1,-2.001953125E-2,1.571847534E1,-3.482238770E1
1.500889671E1,-1.739730835E-1,1.607159424E1,-3.495935059E1
1.501894171E1,7.672882080E-2,1.642312622E1,-3.470806885E1
1.502898671E1,1.939926147E-1,1.675701904E1,-3.455371094E1
1.503903071E1,2.443313599E-1,1.683502197E1,-3.436950684E1
1.504907571E1,2.756576538E-1,1.702520752E1,-3.448754883E1
1.505912071E1,2.424697876E-1,1.699002075E1,-3.442254639E1
1.506916571E1,2.446899414E-1,1.699029541E1,-3.445928955E1
1.507920971E1,3.218994141E-1,1.684695435E1,-3.458972168E1
1.508925471E1,2.204971313E-1,1.667724609E1,-3.488385010E1
1.509929971E1,3.067474365E-1,1.659072876E1,-3.490600586E1
1.510934471E1,2.794113159E-1,1.655343628E1,-3.485882568E1
1.511938871E1,2.852783203E-1,1.660140991E1,-3.484704590E1
1.512943371E1,3.931274414E-1,1.657403564E1,-3.473211670E1
1.513947871E1,5.632095337E-1,1.655920410E1,-3.474401855E1
1.514952371E1,4.691925049E-1,1.659835815E1,-3.463623047E1
1.515956771E1,5.815200806E-1,1.668728638E1,-3.461669922E1
1.516961271E1,6.277847290E-1,1.668972778E1,-3.476562500E1
1.517965771E1,7.235488892E-1,1.676577759E1,-3.492419434E1
1.518970271E1,7.658004761E-1,1.677618408E1,-3.464825439E1
1.519974771E1,5.481872559E-1,1.689636230E1,-3.470971680E1
1.520979171E1,7.001495361E-1,1.702978516E1,-3.472906494E1
1.521983671E1,5.986328125E-1,1.700335693E1,-3.487249756E1
1.522988171E1,5.388031006E-1,1.720587158E1,-3.472167969E1
1.523992671E1,4.887008667E-1,1.732266235E1,-3.472436523E1
1.524997071E1,3.182754517E-1,1.742129517E1,-3.452374268E1
1.526001571E1,4.094085693E-1,1.729092407E1,-3.462274170E1
1.527006071E1,2.834243774E-1,1.736276245E1,-3.498773193E1
1.528010571E1,1.731643677E-1,1.734591675E1,-3.500378418E1
1.529014971E1,1.727905273E-1,1.719927979E1,-3.494000244E1
1.530019471E1,-5.864715576E-2,1.711041260E1,-3.482098389E1
1.531023971E1,-4.799652100E-2,1.685662842E1,-3.462927246E1
1.532028471E1,-1.158447266E-1,1.679766846E1,-3.507287598E1
1.533032871E1,-2.812652588E-1,1.658270264E1,-3.511950684E1
1.534037371E1,-3.417968750E-1,1.639038086E1,-3.513250732E1
1.535041871E1,-5.712432861E-1,1.634259033E1,-3.541241455E1
1.536046371E1,-6.583404541E-1,1.622290039E1,-3.539074707E1
1.537050871E1,-6.870956421E-1,1.628088379E1,-3.535583496E1
1.538055271E1,-7.660140991E-1,1.649362183E1,-3.551293945E1
1.539059771E1,-9.287033081E-1,1.683529663E1,-3.530566406E1
1.540064271E1,-8.566741943E-1,1.699359131E1,-3.516870117E1
1.541068771E1,-1.013832092E0,1.732745361E1,-3.502246094E1
1.542073171E1,-9.262237549E-1,1.760671997E1,-3.501989746E1
1.543077671E1,-1.005172729E0,1.764364624E1,-3.476782227E1
1.544082171E1,-8.413467407E-1,1.752963257E1,-3.478631592E1
1.545086671E1,-8.795547485E-1,1.731250000E1,-3.513055420E1
1.546091071E1,-1.102638245E0,1.701763916E1,-3.540832520E1
1.547095571E1,-1.218276978E0,1.681027222E1,-3.562463379E1
1.548100071E1,-1.288520813E0,1.653662109E1,-3.559893799E1
1.549104571E1,-1.316200256E0,1.617129517E1,-3.578955078E1
1.550108971E1,-1.385551453E0,1.566656494E1,-3.615612793E1
1.551113471E1,-1.536437988E0,1.512750244E1,-3.641479492E1
1.552117971E1,-1.639068604E0,1.466058350E1,-3.661444092E1
1.553122471E1,-1.901649475E0,1.453457642E1,-3.676257324E1
1.554126871E1,-1.931259155E0,1.419540405E1,-3.684857178E1
1.555131371E1,-2.066162109E0,1.406024170E1,-3.700146484E1
1.556135871E1,-2.076103210E0,1.389285278E1,-3.706365967E1
1.557140371E1,-2.073554993E0,1.387203979E1,-3.717407227E1
1.558144871E1,-2.158401489E0,1.386492920E1,-3.721569824E1
1.559149271E1,-2.214782715E0,1.405090332E1,-3.720928955E1
1.560153771E1,-2.123939514E0,1.420483398E1,-3.695239258E1
1.561158271E1,-2.236434937E0,1.424484253E1,-3.710900879E1
1.562162771E1,-2.257347107E0,1.440985107E1,-3.694946289E1
1.563167171E1,-2.449569702E0,1.443676758E1,-3.695971680E1
1.564171671E1,-2.518569946E0,1.456362915E1,-3.694122314E1
1.565176171E1,-2.544494629E0,1.463876343E1,-3.677587891E1
1.566180671E1,-2.544494629E0,1.463876343E1,-3.677587891E1
1.567185071E1,-2.670791626E0,1.459771729E1,-3.701666260E1
1.568189571E1,-2.528327942E0,1.453643799E1,-3.685760498E1
1.569194071E1,-2.553169250E0,1.464404297E1,-3.702160645E1
1.570198571E1,-2.574935913E0,1.467767334E1,-3.696429443E1
1.571202929E1,-2.745895386E0,1.478210449E1,-3.688940430E1
1.572207429E1,-2.757949829E0,1.473263550E1,-3.710992432E1
1.573211929E1,-2.809471130E0,1.481384277E1,-3.702868652E1
1.574216429E1,-2.886123657E0,1.491320801E1,-3.704010010E1
1.575220829E1,-2.944953918E0,1.486035156E1,-3.689825439E1
1.576225329E1,-2.989425659E0,1.491320801E1,-3.696301270E1
1.577229829E1,-2.989616394E0,1.485882568E1,-3.691955566E1
1.578234329E1,-3.017135620E0,1.515551758E1,-3.693084717E1
1.579238729E1,-2.857307434E0,1.539642334E1,-3.693023682E1
1.580243229E1,-3.095512390E0,1.554412842E1,-3.670220947E1
1.581247729E1,-3.033348083E0,1.564712524E1,-3.680249023E1
1.582252229E1,-3.172920227E0,1.585571289E1,-3.677447510E1
1.583256729E1,-3.177658081E0,1.599835205E1,-3.664996338E1
1.584261129E1,-3.196121216E0,1.611361694E1,-3.653344727E1
1.585265629E1,-3.369567871E0,1.622888184E1,-3.656976318E1
1.586270129E1,-3.406578064E0,1.617901611E1,-3.681964111E1
1.587274629E1,-3.438713074E0,1.618841553E1,-3.674676514E1
1.588279029E1,-3.599342346E0,1.608743286E1,-3.681341553E1
1.589283529E1,-3.535148621E0,1.602020264E1,-3.675579834E1
1.590288029E1,-3.801338196E0,1.610015869E1,-3.656408691E1
1.591292529E1,-3.875915527E0,1.617727661E1,-3.667468262E1
1.592296929E1,-3.797019958E0,1.609570312E1,-3.670056152E1
1.593301429E1,-3.790916443E0,1.599118042E1,-3.675079346E1
1.594305929E1,-3.845756531E0,1.604714966E1,-3.646435547E1
1.595310429E1,-3.845985413E0,1.610797119E1,-3.679229736E1
1.596314829E1,-3.842384338E0,1.624139404E1,-3.681976318E1
1.597319329E1,-3.888359070E0,1.626702881E1,-3.667077637E1
1.598323829E1,-3.895866394E0,1.628521729E1,-3.668432617E1
1.599328329E1,-3.745239258E0,1.649935913E1,-3.641473389E1
1.600332729E1,-3.624130249E0,1.674014282E1,-3.640911865E1
1.601337229E1,-3.687011719E0,1.690594482E1,-3.633782959E1
1.602341729E1,-3.712333679E0,1.720223999E1,-3.627801514E1
1.603346229E1,-3.751304626E0,1.739968872E1,-3.627319336E1
1.604350629E1,-3.697067261E0,1.760549927E1,-3.609722900E1
1.605355129E1,-3.764259338E0,1.782937622E1,-3.619152832E1
1.606359629E1,-3.862991333E0,1.779629517E1,-3.642053223E1
1.607364129E1,-3.650688171E0,1.768685913E1,-3.636383057E1
1.608368629E1,-3.544723511E0,1.748132324E1,-3.654571533E1
1.609373029E1,-3.509391785E0,1.696701050E1,-3.677764893E1
1.610377529E1,-3.295692444E0,1.639132690E1,-3.699908447E1
1.611382029E1,-3.284469604E0,1.578738403E1,-3.706982422E1
1.612386529E1,-3.240653992E0,1.522851562E1,-3.728149414E1
1.613390929E1,-3.409652710E0,1.466696167E1,-3.770391846E1
1.614395429E1,-3.654838562E0,1.408850098E1,-3.791052246E1
1.615399929E1,-3.791900635E0,1.368966675E1,-3.798065186E1
1.616404429E1,-4.008865356E0,1.354333496E1,-3.819641113E1
1.617408829E1,-3.883956909E0,1.351394653E1,-3.832507324E1
1.618413329E1,-3.755264282E0,1.346304321E1,-3.832086182E1
1.619417829E1,-3.740379333E0,1.359378052E1,-3.830456543E1
1.620422329E1,-3.689071655E0,1.385571289E1,-3.827093506E1
1.621426729E1,-3.574424744E0,1.434649658E1,-3.801666260E1
1.622431229E1,-3.494102478E0,1.478875732E1,-3.796905518E1
1.623435729E1,-3.417648315E0,1.520379639E1,-3.762451172E1
1.624440229E1,-3.323738098E0,1.556747437E1,-3.744805908E1
1.625444629E1,-3.361083984E0,1.586096191E1,-3.717352295E1
1.626449129E1,-3.295318604E0,1.591091919E1,-3.723974609E1
1.627453629E1,-3.451782227E0,1.587091064E1,-3.717590332E1
1.628458129E1,-3.532508850E0,1.584115601E1,-3.729779053E1
1.629462529E1,-3.550506592E0,1.564093018E1,-3.736968994E1
1.630467029E1,-3.464004517E0,1.543362427E1,-3.744659424E1
1.631471529E1,-3.534866333E0,1.542282104E1,-3.749359131E1
1.632476029E1,-3.568862915E0,1.534826660E1,-3.745721436E1
1.633480529E1,-3.595283508E0,1.522698975E1,-3.753753662E1
1.634484929E1,-3.572479248E0,1.510696411E1,-3.771179199E1
1.635489429E1,-3.626747131E0,1.505682373E1,-3.751611328E1
1.636493929E1,-3.640052795E0,1.504919434E1,-3.755340576E1
1.637498429E1,-3.773193359E0,1.498989868E1,-3.758142090E1
1.638502829E1,-3.728454590E0,1.498480225E1,-3.765704346E1
1.639507329E1,-3.728454590E0,1.498480225E1,-3.765704346E1
1.640511829E1,-3.874755859E0,1.503112793E1,-3.774078369E1
1.641516329E1,-4.014236450E0,1.499859619E1,-3.751354980E1
1.642520729E1,-3.989677429E0,1.503817749E1,-3.765789795E1
1.643525229E1,-4.060165405E0,1.521084595E1,-3.758166504E1
1.644529729E1,-4.004219055E0,1.524810791E1,-3.751861572E1
1.645534229E1,-4.104965210E0,1.534158325E1,-3.752978516E1
1.646538629E1,-4.261604309E0,1.535281372E1,-3.765484619E1
1.647543129E1,-4.441398621E0,1.547695923E1,-3.740417480E1
1.648547629E1,-4.708663940E0,1.529757690E1,-3.769976807E1
1.649552129E1,-4.719223022E0,1.525726318E1,-3.756762695E1
1.650556529E1,-4.844367981E0,1.516012573E1,-3.749713135E1
1.651561029E1,-5.124687195E0,1.509204102E1,-3.741162109E1
1.652565529E1,-5.211585999E0,1.511828613E1,-3.772021484E1
1.653570029E1,-5.506195068E0,1.497903442E1,-3.769201660E1
1.654574429E1,-5.462944031E0,1.503997803E1,-3.777319336E1
1.655578929E1,-5.582496643E0,1.499139404E1,-3.746380615E1
1.656583429E1,-5.705604553E0,1.492346191E1,-3.754107666E1
1.657587929E1,-5.653297424E0,1.501498413E1,-3.771160889E1
1.658592329E1,-5.761955261E0,1.494329834E1,-3.789550781E1
1.659596829E1,-5.973190308E0,1.481350708E1,-3.790356445E1
1.660601329E1,-6.149620056E0,1.480270386E1,-3.787298584E1
1.661605829E1,-6.385635376E0,1.471353149E1,-3.787084961E1
1.662610229E1,-6.697082520E0,1.498779297E1,-3.772888184E1
1.663614729E1,-7.000953674E0,1.516809082E1,-3.758935547E1
1.664619229E1,-7.273956299E0,1.553485107E1,-3.739099121E1
1.665623729E1,-7.485984802E0,1.589788818E1,-3.719146729E1
1.666628229E1,-7.603263855E0,1.645297241E1,-3.691754150E1
1.667632629E1,-7.592071533E0,1.674475098E1,-3.676208496E1
1.668637129E1,-7.679458618E0,1.686288452E1,-3.678411865E1
1.669641629E1,-7.688163757E0,1.698294067E1,-3.661578369E1
1.670646129E1,-7.802162170E0,1.674688721E1,-3.672430420E1
1.671650567E1,-8.067001343E0,1.651705933E1,-3.676788330E1
1.672655067E1,-8.209152222E0,1.627346802E1,-3.668737793E1
1.673659567E1,-8.316261292E0,1.618389893E1,-3.677526855E1
1.674664067E1,-8.319511414E0,1.589950562E1,-3.666931152E1
1.675668467E1,-8.580551147E0,1.591012573E1,-3.685607910E1
1.676672967E1,-8.754768372E0,1.577169800E1,-3.661791992E1
1.677677467E1,-8.854225159E0,1.572341919E1,-3.655657959E1
1.678681967E1,-9.045089722E0,1.571542358E1,-3.671179199E1
1.679686367E1,-9.268096924E0,1.601382446E1,-3.653741455E1
1.680690867E1,-9.419357300E0,1.627795410E1,-3.622540283E1
1.681695367E1,-9.607185364E0,1.652584839E1,-3.641870117E1
1.682699867E1,-9.682670593E0,1.650762939E1,-3.619738770E1
1.683704267E1,-1.006233978E1,1.665716553E1,-3.611633301E1
1.684708767E1,-1.025411224E1,1.657647705E1,-3.619586182E1
1.685713267E1,-1.036567688E1,1.667025757E1,-3.621331787E1
1.686717767E1,-1.047911835E1,1.658868408E1,-3.607739258E1
1.687722167E1,-1.069815063E1,1.650329590E1,-3.599005127E1
1.688726667E1,-1.071471405E1,1.642984009E1,-3.607714844E1
1.689731167E1,-1.080059052E1,1.638702393E1,-3.596630859E1
1.690735667E1,-1.082940674E1,1.651306152E1,-3.597375488E1
1.691740067E1,-1.081851959E1,1.665805054E1,-3.589794922E1
1.692744567E1,-1.087358856E1,1.684979248E1,-3.582135010E1
1.693749067E1,-1.082096100E1,1.680380249E1,-3.589752197E1
1.694753567E1,-1.082048035E1,1.689733887E1,-3.585968018E1
1.695757967E1,-1.085394287E1,1.687506104E1,-3.599664307E1
1.696762467E1,-1.087951660E1,1.692581177E1,-3.615551758E1
1.697766967E1,-1.097249603E1,1.685089111E1,-3.597668457E1
1.698771467E1,-1.088226318E1,1.685311890E1,-3.579022217E1
1.699775867E1,-1.085009003E1,1.686135864E1,-3.578137207E1
1.700780367E1,-1.086258698E1,1.686715698E1,-3.577868652E1
1.701784867E1,-1.088438416E1,1.695779419E1,-3.568975830E1
1.702789367E1,-1.080726624E1,1.708166504E1,-3.565704346E1
1.703793767E1,-1.066227722E1,1.717984009E1,-3.573333740E1
1.704798267E1,-1.054132080E1,1.725540161E1,-3.563336182E1
1.705802767E1,-1.036357117E1,1.711581421E1,-3.588220215E1
1.706807267E1,-1.027929688E1,1.711352539E1,-3.579327393E1
1.707811667E1,-1.020438385E1,1.700213623E1,-3.607928467E1
1.708816167E1,-1.001872253E1,1.716955566E1,-3.597052002E1
1.709820667E1,-9.948287964E0,1.703799438E1,-3.624731445E1
1.710825167E1,-9.885765076E0,1.701034546E1,-3.617901611E1
1.711829567E1,-9.885765076E0,1.701034546E1,-3.617901611E1
1.712834067E1,-9.732048035E0,1.719747925E1,-3.634002686E1
1.713838567E1,-9.674919128E0,1.726522827E1,-3.628338623E1
1.714843067E1,-9.454048157E0,1.732595825E1,-3.608038330E1
1.715847567E1,-9.462036133E0,1.721536255E1,-3.594714355E1
1.716851967E1,-9.437423706E0,1.723190308E1,-3.617150879E1
1.717856467E1,-9.338066101E0,1.715676880E1,-3.621392822E1
1.718860967E1,-9.226387024E0,1.718005371E1,-3.627142334E1
1.719865467E1,-8.928596497E0,1.704574585E1,-3.652478027E1
1.720869867E1,-9.106414795E0,1.697094727E1,-3.639410400E1
1.721874367E1,-9.037414551E0,1.692852783E1,-3.645892334E1
1.722878867E1,-8.886413574E0,1.672827148E1,-3.651788330E1
1.723883367E1,-8.896606445E0,1.667404175E1,-3.661401367E1
1.724887767E1,-8.869903564E0,1.638143921E1,-3.662329102E1
1.725892267E1,-8.866424561E0,1.650054932E1,-3.658209229E1
1.726896767E1,-8.769729614E0,1.646343994E1,-3.665270996E1
1.727901267E1,-8.771652222E0,1.648571777E1,-3.664526367E1
1.728905667E1,-8.585838318E0,1.657025146E1,-3.645861816E1
1.729910167E1,-8.467155457E0,1.647647095E1,-3.656542969E1
1.730914667E1,-8.365554810E0,1.657659912E1,-3.658361816E1
1.731919167E1,-8.630058289E0,1.635620117E1,-3.673223877E1
1.732923567E1,-8.506111145E0,1.640640259E1,-3.682739258E1
1.733928067E1,-8.554267883E0,1.638681030E1,-3.661871338E1