"Time (s)","w","x","y","z","Direct (°)","Yaw (°)","Pitch (°)","Roll (°)"
1.198166667E-2,6.324658636E-1,9.248849844E-2,-2.974376646E-1,-7.091992326E-1,1.015354306E2,3.376748819E1,-1.418495374E1,-1.008720509E2
2.202666667E-2,6.333525148E-1,9.362569417E-2,-2.935174703E-1,-7.098918239E-1,1.014041992E2,3.345532186E1,-1.381996421E1,-1.006943569E2
3.207166668E-2,6.343187576E-1,9.526137121E-2,-2.885266512E-1,-7.108568339E-1,1.012610474E2,3.307686600E1,-1.333247775E1,-1.004883911E2
4.211666668E-2,6.353040245E-1,9.731268994E-2,-2.825925962E-1,-7.120818321E-1,1.011149259E2,3.264124326E1,-1.273694708E1,-1.002663203E2
5.216166668E-2,6.362251544E-1,9.968057891E-2,-2.760550352E-1,-7.134949632E-1,1.009781776E2,3.217652511E1,-1.206511149E1,-1.000446506E2
6.220666668E-2,6.370170515E-1,1.022130566E-1,-2.693809975E-1,-7.149794174E-1,1.008605071E2,3.171763146E1,-1.136392609E1,-9.983859796E1
7.225166669E-2,6.377051910E-1,1.047662811E-1,-2.630249893E-1,-7.163616154E-1,1.007581731E2,3.129632749E1,-1.068233865E1,-9.964929668E1
8.229666669E-2,6.380255018E-1,1.071102464E-1,-2.573865312E-1,-7.177764060E-1,1.007105136E2,3.093554497E1,-1.005979956E1,-9.952309567E1
9.234166663E-2,6.380734992E-1,1.092246221E-1,-2.526099077E-1,-7.191109096E-1,1.007033705E2,3.064423083E1,-9.513392605E0,-9.944621509E1
1.023866666E-1,6.379008525E-1,1.111891868E-1,-2.485090457E-1,-7.203907540E-1,1.007290623E2,3.040889225E1,-9.024044479E0,-9.940792289E1
1.124306666E-1,6.375371674E-1,1.131116837E-1,-2.447475554E-1,-7.216998772E-1,1.007831671E2,3.020501715E1,-8.557735950E0,-9.939980054E1
1.224756666E-1,6.370172675E-1,1.149537960E-1,-2.412248375E-1,-7.230526831E-1,1.008604750E2,3.001961596E1,-8.111125711E0,-9.941743014E1
1.325206666E-1,6.364652018E-1,1.166177378E-1,-2.379202453E-1,-7.243660895E-1,1.009425187E2,2.984204304E1,-7.695482142E0,-9.944510145E1
1.425656666E-1,6.360319585E-1,1.181457876E-1,-2.344554214E-1,-7.256277712E-1,1.010068700E2,2.963904922E1,-7.283707619E0,-9.945866946E1
1.526106666E-1,6.359953066E-1,1.199610629E-1,-2.296790771E-1,-7.268885362E-1,1.010123127E2,2.933399520E1,-6.762438765E0,-9.940287351E1
1.626556666E-1,6.363268284E-1,1.218611008E-1,-2.235633218E-1,-7.281878446E-1,1.009630751E2,2.891142337E1,-6.144893084E0,-9.928837237E1
1.727006666E-1,6.370189271E-1,1.235586968E-1,-2.166050825E-1,-7.293985918E-1,1.008602283E2,2.839744003E1,-5.492531140E0,-9.912613019E1
1.827456667E-1,6.379725785E-1,1.249444404E-1,-2.092586155E-1,-7.304728781E-1,1.007183892E2,2.782716076E1,-4.845287850E0,-9.893504442E1
1.927906667E-1,6.389873587E-1,1.260022420E-1,-2.020258370E-1,-7.314398427E-1,1.005672985E2,2.724636849E1,-4.235596568E0,-9.874589867E1
2.028346666E-1,6.398419546E-1,1.267097111E-1,-1.955074555E-1,-7.323412532E-1,1.004399291E2,2.670798251E1,-3.703785948E0,-9.859249434E1
2.128796667E-1,6.404627829E-1,1.271157433E-1,-1.901712324E-1,-7.331329343E-1,1.003473266E2,2.625659686E1,-3.279666067E0,-9.848437187E1
2.229246667E-1,6.409450746E-1,1.271975108E-1,-1.862653128E-1,-7.336998463E-1,1.002753450E2,2.591089699E1,-2.987729119E0,-9.840788735E1
2.329696667E-1,6.413586300E-1,1.269247970E-1,-1.838411130E-1,-7.339970553E-1,1.002135922E2,2.567190455E1,-2.836802303E0,-9.835329031E1
2.430146667E-1,6.416987814E-1,1.263325548E-1,-1.828912652E-1,-7.340392601E-1,1.001627794E2,2.554100700E1,-2.823308723E0,-9.831998406E1
2.530596667E-1,6.418810191E-1,1.256575993E-1,-1.831941694E-1,-7.339202427E-1,1.001355484E2,2.551637137E1,-2.908001237E0,-9.831320301E1
2.631046667E-1,6.418283566E-1,1.252177127E-1,-1.842831807E-1,-7.337687458E-1,1.001434181E2,2.558065289E1,-3.026317837E0,-9.833472470E1
2.731496667E-1,6.415806543E-1,1.251180670E-1,-1.857358878E-1,-7.336361150E-1,1.001804277E2,2.570401578E1,-3.138331897E0,-9.837538323E1
2.831946667E-1,6.412724344E-1,1.253816771E-1,-1.870521523E-1,-7.335261539E-1,1.002264654E2,2.584295863E1,-3.208022170E0,-9.841416234E1
2.932386667E-1,6.410182731E-1,1.259080148E-1,-1.877911261E-1,-7.334693557E-1,1.002644169E2,2.594988230E1,-3.213442054E0,-9.843667821E1
3.032836667E-1,6.408493011E-1,1.265361741E-1,-1.877475015E-1,-7.335199793E-1,1.002896421E2,2.599404799E1,-3.152978543E0,-9.844289638E1
3.133286667E-1,6.407543970E-1,1.272043939E-1,-1.869224111E-1,-7.336979971E-1,1.003038080E2,2.597095930E1,-3.031415195E0,-9.843635979E1
3.233736667E-1,6.407338293E-1,1.279070241E-1,-1.853581308E-1,-7.339907491E-1,1.003068778E2,2.588408683E1,-2.852520195E0,-9.841728530E1
3.334186667E-1,6.407992465E-1,1.285785972E-1,-1.831304960E-1,-7.343752917E-1,1.002971137E2,2.573540496E1,-2.627925797E0,-9.838598695E1
3.434636667E-1,6.409462705E-1,1.291577871E-1,-1.804052518E-1,-7.348198408E-1,1.002751665E2,2.553532485E1,-2.375288869E0,-9.834522368E1
3.535086667E-1,6.411599498E-1,1.295628710E-1,-1.774436244E-1,-7.352830400E-1,1.002432630E2,2.530117475E1,-2.120928221E0,-9.829985326E1
3.635536667E-1,6.413843712E-1,1.296316599E-1,-1.745473298E-1,-7.357682029E-1,1.002097476E2,2.504771242E1,-1.899482534E0,-9.826329321E1
3.735986667E-1,6.415436125E-1,1.292394387E-1,-1.719697155E-1,-7.363052275E-1,1.001859613E2,2.478805341E1,-1.738207833E0,-9.825065717E1
3.836426667E-1,6.416093247E-1,1.284115969E-1,-1.698323369E-1,-7.368887453E-1,1.001761445E2,2.453481324E1,-1.643577271E0,-9.826520313E1
3.936876667E-1,6.416159787E-1,1.272669649E-1,-1.681165676E-1,-7.374746761E-1,1.001751505E2,2.429520019E1,-1.605650774E0,-9.829795132E1
4.037326667E-1,6.416529678E-1,1.259888196E-1,-1.666187529E-1,-7.380016961E-1,1.001696243E2,2.406484898E1,-1.596633759E0,-9.832991724E1
4.137776666E-1,6.418238469E-1,1.248239571E-1,-1.650813913E-1,-7.383965120E-1,1.001440920E2,2.383941569E1,-1.579684237E0,-9.833830061E1
4.238226666E-1,6.422122617E-1,1.239634370E-1,-1.633617024E-1,-7.385860990E-1,1.000860384E2,2.362057041E1,-1.530577182E0,-9.830511158E1
4.338676666E-1,6.428420147E-1,1.234242971E-1,-1.614191937E-1,-7.385556743E-1,9.999186139E1,2.340607202E1,-1.445304636E0,-9.822650528E1
4.439126666E-1,6.437028272E-1,1.231894825E-1,-1.592864512E-1,-7.383081827E-1,9.986302512E1,2.319773001E1,-1.327242048E0,-9.810456414E1
4.539576666E-1,6.447280862E-1,1.231796873E-1,-1.570847802E-1,-7.378868038E-1,9.970941727E1,2.300059308E1,-1.190039138E0,-9.795150830E1
4.640026666E-1,6.458263487E-1,1.232871513E-1,-1.550312909E-1,-7.373425194E-1,9.954467887E1,2.282591095E1,-1.056414560E0,-9.778408639E1
4.740466666E-1,6.469243163E-1,1.234641627E-1,-1.533039919E-1,-7.367112860E-1,9.937978422E1,2.268581310E1,-9.418289577E-1,-9.761461080E1
4.840916666E-1,6.480130036E-1,1.237413942E-1,-1.519440501E-1,-7.359893606E-1,9.921608430E1,2.258616673E1,-8.467903334E-1,-9.744351982E1
4.941366666E-1,6.490587591E-1,1.240596595E-1,-1.509850473E-1,-7.352112375E-1,9.905865224E1,2.252528610E1,-7.778841894E-1,-9.727753877E1
5.041816666E-1,6.500027748E-1,1.243606104E-1,-1.504129657E-1,-7.344432271E-1,9.891637784E1,2.249735120E1,-7.371920812E-1,-9.712717311E1
5.142266667E-1,6.508727358E-1,1.244929621E-1,-1.500369210E-1,-7.337268492E-1,9.878513046E1,2.247379459E1,-7.232194162E-1,-9.699265103E1
5.242716667E-1,6.517130017E-1,1.242839598E-1,-1.496212437E-1,-7.331011108E-1,9.865824058E1,2.242050092E1,-7.331081458E-1,-9.687232438E1
5.343166667E-1,6.525337589E-1,1.236617590E-1,-1.490082257E-1,-7.326008382E-1,9.853418008E1,2.231804414E1,-7.607028104E-1,-9.676660910E1
5.443616667E-1,6.533382711E-1,1.226280127E-1,-1.481024373E-1,-7.322412282E-1,9.841246271E1,2.215819819E1,-7.984658687E-1,-9.667482692E1
5.544066667E-1,6.541097086E-1,1.212968058E-1,-1.468727173E-1,-7.320219144E-1,9.829564446E1,2.194710939E1,-8.341357297E-1,-9.659598363E1
5.644506667E-1,6.548407009E-1,1.197980929E-1,-1.453234967E-1,-7.319243049E-1,9.818485569E1,2.169528572E1,-8.572461189E-1,-9.652731844E1
5.744956667E-1,6.555304683E-1,1.182669466E-1,-1.434856346E-1,-7.319184966E-1,9.808022976E1,2.141594054E1,-8.591754780E-1,-9.646511655E1
5.845406667E-1,6.561776779E-1,1.168397332E-1,-1.414340893E-1,-7.319671314E-1,9.798198367E1,2.112621874E1,-8.346053408E-1,-9.640587231E1
5.945856667E-1,6.567884306E-1,1.156376945E-1,-1.392891203E-1,-7.320214560E-1,9.788920451E1,2.084600726E1,-7.831670764E-1,-9.634552669E1
6.046306667E-1,6.573516363E-1,1.147269630E-1,-1.372521434E-1,-7.320440072E-1,9.780359016E1,2.059797159E1,-7.148103534E-1,-9.628428436E1
6.146756667E-1,6.578482447E-1,1.141216355E-1,-1.355551571E-1,-7.320088225E-1,9.772805313E1,2.040334260E1,-6.459294214E-1,-9.622488342E1
6.247206667E-1,6.582513925E-1,1.137680023E-1,-1.343694609E-1,-7.319199217E-1,9.766670000E1,2.027276870E1,-5.935739681E-1,-9.617292850E1
6.347656667E-1,6.585609663E-1,1.135879721E-1,-1.337587109E-1,-7.317812111E-1,9.761956793E1,2.020563363E1,-5.691537953E-1,-9.613062561E1
6.448106667E-1,6.588289860E-1,1.135045971E-1,-1.336113952E-1,-7.315798677E-1,9.757874871E1,2.018620507E1,-5.717505419E-1,-9.609213028E1
6.548546667E-1,6.590721312E-1,1.134164798E-1,-1.337250745E-1,-7.313537499E-1,9.754170684E1,2.018903086E1,-5.943858467E-1,-9.605753448E1
6.648996667E-1,6.592944506E-1,1.133690442E-1,-1.338880135E-1,-7.311308405E-1,9.750782848E1,2.019928537E1,-6.169751375E-1,-9.602501728E1
6.749446667E-1,6.595136247E-1,1.134086498E-1,-1.339571469E-1,-7.309143637E-1,9.747442082E1,2.020817246E1,-6.250580630E-1,-9.599068939E1
6.849896667E-1,6.597432908E-1,1.135071720E-1,-1.338651153E-1,-7.307087213E-1,9.743940474E1,2.020767844E1,-6.160482055E-1,-9.595320536E1
6.950346667E-1,6.599807830E-1,1.136464620E-1,-1.336198680E-1,-7.305173378E-1,9.740318558E1,2.019709709E1,-5.919715311E-1,-9.591340168E1
7.050798333E-1,6.602062054E-1,1.138405601E-1,-1.332526939E-1,-7.303504152E-1,9.736879783E1,2.018026431E1,-5.535723659E-1,-9.587398044E1
7.151248333E-1,6.604046749E-1,1.140258423E-1,-1.328783410E-1,-7.302103612E-1,9.733851418E1,2.016217645E1,-5.145947655E-1,-9.583890093E1
7.251698333E-1,6.605680335E-1,1.141137665E-1,-1.326300901E-1,-7.300939542E-1,9.731358269E1,2.014745568E1,-4.924548973E-1,-9.581170762E1
7.352138333E-1,6.607086380E-1,1.140981123E-1,-1.325891622E-1,-7.299766148E-1,9.729212006E1,2.014261115E1,-4.943370506E-1,-9.579072471E1
7.452588333E-1,6.608401230E-1,1.139568545E-1,-1.328177483E-1,-7.298380491E-1,9.727204628E1,2.015127716E1,-5.272717134E-1,-9.577444367E1
7.553038333E-1,6.609719030E-1,1.136244153E-1,-1.332973643E-1,-7.296830883E-1,9.725192435E1,2.016674152E1,-5.954282635E-1,-9.576316181E1
7.653488333E-1,6.610922955E-1,1.131212787E-1,-1.339490896E-1,-7.295327716E-1,9.723353850E1,2.018379698E1,-6.906636193E-1,-9.575806713E1
7.753938333E-1,6.611974598E-1,1.125313703E-1,-1.346701379E-1,-7.293959971E-1,9.721747611E1,2.020011744E1,-7.979980982E-1,-9.575753260E1
7.854388334E-1,6.612984595E-1,1.119257531E-1,-1.353161318E-1,-7.292780545E-1,9.720204795E1,2.020874924E1,-9.006527281E-1,-9.575795895E1
7.954838334E-1,6.613880189E-1,1.113849326E-1,-1.357729958E-1,-7.291947328E-1,9.718836580E1,2.020609629E1,-9.829374322E-1,-9.575836345E1
8.055288333E-1,6.614307268E-1,1.109746857E-1,-1.360006625E-1,-7.291761328E-1,9.718184072E1,2.019384441E1,-1.035382477E0,-9.576245920E1
8.155738333E-1,6.613728197E-1,1.107305303E-1,-1.360394363E-1,-7.292584851E-1,9.719068791E1,2.017830568E1,-1.056778210E0,-9.577754970E1
8.256178334E-1,6.612158990E-1,1.105811040E-1,-1.359581930E-1,-7.294385865E-1,9.721465957E1,2.015988702E1,-1.058381376E0,-9.580527135E1
8.356628333E-1,6.609755751E-1,1.104524705E-1,-1.358088469E-1,-7.297037771E-1,9.725136361E1,2.013730816E1,-1.050719769E0,-9.584515893E1
8.457078333E-1,6.606616548E-1,1.103161070E-1,-1.356610774E-1,-7.300360734E-1,9.729929222E1,2.011436041E1,-1.041847590E0,-9.589640757E1
8.557528333E-1,6.603028587E-1,1.101448037E-1,-1.355607864E-1,-7.304049848E-1,9.735405078E1,2.009286953E1,-1.038355034E0,-9.595534849E1
8.657978333E-1,6.599208318E-1,1.098945199E-1,-1.355319105E-1,-7.307933338E-1,9.741232950E1,2.007148108E1,-1.046296106E0,-9.601985331E1
8.758428333E-1,6.595272355E-1,1.095651858E-1,-1.355746250E-1,-7.311899646E-1,9.747234591E1,2.005020423E1,-1.066014339E0,-9.608805954E1
8.858878333E-1,6.591314134E-1,1.092024621E-1,-1.356882187E-1,-7.315800547E-1,9.753267392E1,2.003252800E1,-1.093960257E0,-9.615744128E1
8.959328333E-1,6.587264638E-1,1.088597266E-1,-1.358568456E-1,-7.319644366E-1,9.759436427E1,2.002122595E1,-1.124335795E0,-9.622763951E1
9.059768333E-1,6.582856842E-1,1.086501132E-1,-1.360939598E-1,-7.323479809E-1,9.766147998E1,2.002625197E1,-1.148171331E0,-9.629988359E1
9.160218333E-1,6.577690876E-1,1.087161467E-1,-1.363535106E-1,-7.327539841E-1,9.774009629E1,2.005465422E1,-1.149079099E0,-9.637663627E1
9.260668333E-1,6.571569969E-1,1.090334954E-1,-1.365792663E-1,-7.332137561E-1,9.783318411E1,2.009965152E1,-1.124119256E0,-9.646142662E1
9.361118333E-1,6.564819835E-1,1.093483337E-1,-1.367094355E-1,-7.337470718E-1,9.793576493E1,2.013620506E1,-1.090205279E0,-9.655570532E1
9.461568333E-1,6.558130945E-1,1.091543423E-1,-1.366820506E-1,-7.343791244E-1,9.803733625E1,2.011981069E1,-1.086073111E0,-9.666189424E1
9.562018333E-1,6.552210446E-1,1.078305190E-1,-1.364679143E-1,-7.351424592E-1,9.812717430E1,2.000016133E1,-1.162709313E0,-9.678477940E1
9.662468333E-1,6.547554483E-1,1.050684015E-1,-1.359866421E-1,-7.360458769E-1,9.819778129E1,1.974688753E1,-1.341168130E0,-9.692354714E1
9.762918333E-1,6.543992021E-1,1.012284246E-1,-1.351043808E-1,-7.370625642E-1,9.825178007E1,1.937653192E1,-1.581623598E0,-9.706964540E1
9.863368333E-1,6.540765943E-1,9.693180624E-2,-1.337444495E-1,-7.381738238E-1,9.830066104E1,1.893041391E1,-1.825361770E0,-9.721772104E1
9.963808333E-1,6.537139444E-1,9.272812698E-2,-1.318424413E-1,-7.393762918E-1,9.835558761E1,1.844500976E1,-2.020239616E0,-9.736553882E1
1.006425833E0,6.533961598E-1,8.923256351E-2,-1.293063271E-1,-7.405342317E-1,9.840370023E1,1.795855650E1,-2.109934382E0,-9.748753451E1
1.016470833E0,6.532104397E-1,8.696598371E-2,-1.262324376E-1,-7.414974769E-1,9.843181020E1,1.751832059E1,-2.059801635E0,-9.756155629E1
1.026515833E0,6.531555276E-1,8.611661803E-2,-1.230533864E-1,-7.421789440E-1,9.844012037E1,1.717615116E1,-1.886410009E0,-9.758604681E1
1.036560833E0,6.531929488E-1,8.655457120E-2,-1.203668146E-1,-7.425355116E-1,9.843445727E1,1.697457117E1,-1.644948498E0,-9.757065028E1
1.046605833E0,6.532967301E-1,8.798894040E-2,-1.185957763E-1,-7.425606996E-1,9.841875032E1,1.692865936E1,-1.391404763E0,-9.752514644E1
1.056650833E0,6.534310205E-1,9.013232365E-2,-1.179588268E-1,-7.422869032E-1,9.839842317E1,1.703583467E1,-1.165925038E0,-9.746006545E1
1.066695833E0,6.535414953E-1,9.279210458E-2,-1.185337111E-1,-7.417701327E-1,9.838169859E1,1.728835677E1,-9.896948175E-1,-9.738670684E1
1.076739833E0,6.535950719E-1,9.578477712E-2,-1.202137543E-1,-7.410718780E-1,9.837358697E1,1.766300747E1,-8.695212081E-1,-9.731315785E1
1.086784833E0,6.535722599E-1,9.890879636E-2,-1.228298830E-1,-7.402521745E-1,9.837704082E1,1.812971165E1,-8.091295437E-1,-9.724621784E1
1.096829833E0,6.535131911E-1,1.020404152E-1,-1.260916460E-1,-7.393303175E-1,9.838598372E1,1.865368828E1,-7.976954784E-1,-9.718242692E1
1.106874833E0,6.534363257E-1,1.050640670E-1,-1.296930152E-1,-7.383510671E-1,9.839762007E1,1.919942319E1,-8.218744164E-1,-9.712173455E1
1.116919833E0,6.533783238E-1,1.079302753E-1,-1.333453017E-1,-7.373376962E-1,9.840640009E1,1.973790805E1,-8.644965333E-1,-9.706005854E1
1.126964833E0,6.533488658E-1,1.105512561E-1,-1.368303877E-1,-7.363362423E-1,9.841085906E1,2.024331930E1,-9.162079746E-1,-9.699846889E1
1.137009833E0,6.533498668E-1,1.128247453E-1,-1.400151893E-1,-7.353911519E-1,9.841070755E1,2.069609607E1,-9.750591825E-1,-9.693979381E1
1.147054833E0,6.533382527E-1,1.147129505E-1,-1.428162004E-1,-7.345702814E-1,9.841246550E1,2.108598765E1,-1.036257827E0,-9.689207778E1
1.157099833E0,6.532892701E-1,1.162429074E-1,-1.451656501E-1,-7.339125456E-1,9.841987942E1,2.140908958E1,-1.091325243E0,-9.685880617E1
1.167143833E0,6.531922586E-1,1.174608117E-1,-1.470037084E-1,-7.334389731E-1,9.843456171E1,2.166366351E1,-1.131246561E0,-9.684067469E1
1.177188833E0,6.530376877E-1,1.184506305E-1,-1.483061936E-1,-7.331552168E-1,9.845795203E1,2.185401104E1,-1.146775508E0,-9.683707270E1
1.187233833E0,6.528263502E-1,1.192809458E-1,-1.490670904E-1,-7.330544990E-1,9.848992584E1,2.198483140E1,-1.131721452E0,-9.684610963E1
1.197278833E0,6.525706110E-1,1.200524794E-1,-1.493067650E-1,-7.331075118E-1,9.852860702E1,2.206560290E1,-1.079726370E0,-9.686321635E1
1.207323833E0,6.522775377E-1,1.208665800E-1,-1.491005273E-1,-7.332763363E-1,9.857292127E1,2.211067693E1,-9.885527123E-1,-9.688449400E1
1.217368833E0,6.519669233E-1,1.217225377E-1,-1.485209054E-1,-7.335287037E-1,9.861987172E1,2.212631117E1,-8.644820039E-1,-9.690706872E1
1.227413833E0,6.516464861E-1,1.225910039E-1,-1.476621120E-1,-7.338420603E-1,9.866828961E1,2.211846576E1,-7.174835585E-1,-9.693054105E1
1.237458833E0,6.513096274E-1,1.234542200E-1,-1.466656275E-1,-7.341961992E-1,9.871916982E1,2.209815894E1,-5.598019714E-1,-9.695648594E1
1.247502833E0,6.509661411E-1,1.242750378E-1,-1.456294393E-1,-7.345685139E-1,9.877103113E1,2.207107996E1,-4.023691403E-1,-9.698449045E1
1.257547833E0,6.506297961E-1,1.250585484E-1,-1.445851873E-1,-7.349397565E-1,9.882179471E1,2.204037977E1,-2.476253144E-1,-9.701237825E1
1.267592833E0,6.503436242E-1,1.258040675E-1,-1.435296570E-1,-7.352725428E-1,9.886497064E1,2.200571735E1,-9.663747723E-2,-9.703370079E1
1.277637833E0,6.501200141E-1,1.264848241E-1,-1.424564500E-1,-7.355622391E-1,9.889869793E1,2.196449307E1,4.854913855E-2,-9.704745230E1
1.287682833E0,6.499548881E-1,1.271045928E-1,-1.414156343E-1,-7.358020494E-1,9.892359857E1,2.192139767E1,1.844969867E-1,-9.705411396E1
1.297727833E0,6.498531140E-1,1.276706118E-1,-1.405042218E-1,-7.359684768E-1,9.893894358E1,2.188549635E1,3.041778053E-1,-9.705279189E1
1.307772833E0,6.498037890E-1,1.281991452E-1,-1.398032025E-1,-7.360536266E-1,9.894637993E1,2.186513427E1,4.029983466E-1,-9.704465109E1
1.317817833E0,6.497870330E-1,1.286978534E-1,-1.393728144E-1,-7.360631334E-1,9.894890601E1,2.186615924E1,4.775197453E-1,-9.703246269E1
1.327861833E0,6.497754795E-1,1.291136323E-1,-1.392344460E-1,-7.360267237E-1,9.895064775E1,2.188629224E1,5.225395878E-1,-9.702187110E1
1.337906833E0,6.497668420E-1,1.293600129E-1,-1.393306982E-1,-7.359728996E-1,9.895194987E1,2.191379881E1,5.354937017E-1,-9.701583339E1
1.347951833E0,6.497626062E-1,1.293585717E-1,-1.395672134E-1,-7.359320382E-1,9.895258842E1,2.193434625E1,5.172230164E-1,-9.701648512E1
1.357996833E0,6.497858239E-1,1.290793413E-1,-1.398126000E-1,-7.359139625E-1,9.894908828E1,2.193415185E1,4.747633106E-1,-9.702128393E1
1.368041833E0,6.498558798E-1,1.285203338E-1,-1.399503708E-1,-7.359237326E-1,9.893852657E1,2.190290583E1,4.163826874E-1,-9.702733883E1
1.378086833E0,6.499819305E-1,1.277498143E-1,-1.399169812E-1,-7.359530352E-1,9.891952095E1,2.184036257E1,3.522972407E-1,-9.703118538E1
1.388131833E0,6.501659305E-1,1.268509801E-1,-1.397383524E-1,-7.359798538E-1,9.889177302E1,2.175523204E1,2.872421233E-1,-9.702993140E1
1.398176833E0,6.503958179E-1,1.259707425E-1,-1.394862516E-1,-7.359756207E-1,9.885709701E1,2.166515188E1,2.280516347E-1,-9.702105312E1
1.408220833E0,6.506476110E-1,1.252649685E-1,-1.392593791E-1,-7.359165229E-1,9.881910644E1,2.159078995E1,1.805711262E-1,-9.700368747E1
1.418265833E0,6.508802406E-1,1.248181289E-1,-1.391904466E-1,-7.357997972E-1,9.878399768E1,2.155024776E1,1.426485991E-1,-9.698162504E1
1.428310833E0,6.510211269E-1,1.246909311E-1,-1.393667667E-1,-7.356632941E-1,9.876273044E1,2.155582750E1,1.145723396E-1,-9.696409961E1
1.438355833E0,6.510492152E-1,1.249034085E-1,-1.398118222E-1,-7.355180376E-1,9.875849003E1,2.161113801E1,9.675345385E-2,-9.695376822E1
1.448400833E0,6.509818408E-1,1.254243765E-1,-1.404823246E-1,-7.353612751E-1,9.876866114E1,2.171000232E1,8.947165127E-2,-9.694884392E1
1.458445833E0,6.508588431E-1,1.262189703E-1,-1.413100261E-1,-7.351754206E-1,9.878722739E1,2.184378603E1,9.398855170E-2,-9.694422148E1
1.468490833E0,6.507276848E-1,1.273060910E-1,-1.422326358E-1,-7.349262458E-1,9.880702264E1,2.200854984E1,1.152647177E-1,-9.693213698E1
1.478535833E0,6.505993819E-1,1.286453018E-1,-1.432506982E-1,-7.346087194E-1,9.882638409E1,2.220123982E1,1.495587411E-1,-9.691183439E1
1.488579833E0,6.504674912E-1,1.301137869E-1,-1.443798287E-1,-7.342458060E-1,9.884628403E1,2.241374432E1,1.857666961E-1,-9.688780348E1
1.498624833E0,6.502810652E-1,1.315947297E-1,-1.456453642E-1,-7.338969671E-1,9.887440733E1,2.263922004E1,2.138914228E-1,-9.687106666E1
1.508669833E0,6.499837613E-1,1.329305445E-1,-1.471175411E-1,-7.336259629E-1,9.891924489E1,2.287156193E1,2.174134749E-1,-9.687491050E1
1.518714833E0,6.495665180E-1,1.339657020E-1,-1.488999215E-1,-7.334475869E-1,9.898214568E1,2.310776039E1,1.760607344E-1,-9.690558815E1
1.528759833E0,6.490483252E-1,1.346139041E-1,-1.510705849E-1,-7.333436922E-1,9.906022392E1,2.334804579E1,7.633488141E-2,-9.696313526E1
1.538804833E0,6.484790661E-1,1.349095906E-1,-1.536220867E-1,-7.332629626E-1,9.914594422E1,2.359463661E1,-7.981318789E-2,-9.703922126E1
1.548849833E0,6.479145196E-1,1.348980107E-1,-1.564463154E-1,-7.331670680E-1,9.923090098E1,2.384177055E1,-2.820178724E-1,-9.712418213E1
1.558894833E0,6.474727653E-1,1.345134978E-1,-1.593515049E-1,-7.330022448E-1,9.929734180E1,2.406763515E1,-5.245001902E-1,-9.720244853E1
1.568938833E0,6.472964967E-1,1.335886537E-1,-1.620637758E-1,-7.327322626E-1,9.932384385E1,2.423512288E1,-8.042984806E-1,-9.725785290E1
1.578983833E0,6.475041252E-1,1.319241903E-1,-1.643030589E-1,-7.323515791E-1,9.929262628E1,2.430392167E1,-1.119862226E0,-9.727852753E1
1.589028833E0,6.481318261E-1,1.294335552E-1,-1.658241057E-1,-7.318977761E-1,9.919820558E1,2.424542243E1,-1.460484245E0,-9.726074766E1
1.599073833E0,6.490533591E-1,1.262247984E-1,-1.664322334E-1,-7.315035003E-1,9.905946566E1,2.405073828E1,-1.798181534E0,-9.721864016E1
1.609118833E0,6.500947893E-1,1.227870065E-1,-1.660313115E-1,-7.312548523E-1,9.890250208E1,2.374921480E1,-2.080006725E0,-9.716240765E1
1.619163833E0,6.511380950E-1,1.197456504E-1,-1.647505715E-1,-7.311206541E-1,9.874507117E1,2.340052042E1,-2.261117942E0,-9.709162624E1
1.629208833E0,6.520815074E-1,1.177378509E-1,-1.629748694E-1,-7.310038257E-1,9.860255386E1,2.308773468E1,-2.316076814E0,-9.700491243E1
1.639253833E0,6.528240954E-1,1.171584990E-1,-1.613462112E-1,-7.307955754E-1,9.849026694E1,2.289804112E1,-2.259389314E0,-9.690843733E1
1.649297833E0,6.533370594E-1,1.181869032E-1,-1.603762015E-1,-7.303847754E-1,9.841264612E1,2.289039816E1,-2.115588901E0,-9.680240448E1
1.659342833E0,6.537054940E-1,1.207497279E-1,-1.602333434E-1,-7.296669434E-1,9.835686723E1,2.307405295E1,-1.906964458E0,-9.667523976E1
1.669387833E0,6.540283494E-1,1.245225320E-1,-1.609643094E-1,-7.285818201E-1,9.830796949E1,2.342836979E1,-1.667584837E0,-9.651884767E1
1.679432833E0,6.543978165E-1,1.289839129E-1,-1.624987391E-1,-7.271319606E-1,9.825199005E1,2.390725320E1,-1.438331808E0,-9.633192909E1
1.689477833E0,6.548554734E-1,1.335944620E-1,-1.647429745E-1,-7.253803113E-1,9.818261582E1,2.446092290E1,-1.257863276E0,-9.612277943E1
1.699521917E0,6.554577360E-1,1.378884765E-1,-1.675108753E-1,-7.233962220E-1,9.809126592E1,2.503672363E1,-1.151527440E0,-9.589724558E1
1.709566917E0,6.561988409E-1,1.415367143E-1,-1.705535129E-1,-7.213057436E-1,9.797876990E1,2.558682167E1,-1.126023079E0,-9.566777143E1
1.719610917E0,6.570341994E-1,1.444541323E-1,-1.735510047E-1,-7.192489695E-1,9.785185142E1,2.607616835E1,-1.160944600E0,-9.544542300E1
1.729655917E0,6.579443553E-1,1.467052113E-1,-1.761267725E-1,-7.173326840E-1,9.771342912E1,2.647656720E1,-1.219939120E0,-9.523231849E1
1.739700917E0,6.589683472E-1,1.483934481E-1,-1.779482091E-1,-7.155938815E-1,9.755751906E1,2.676684222E1,-1.268952433E0,-9.501990307E1
1.749745917E0,6.601841284E-1,1.495966510E-1,-1.787964618E-1,-7.140095683E-1,9.737216604E1,2.693385642E1,-1.286415068E0,-9.479418651E1
1.759790917E0,6.616289619E-1,1.503331501E-1,-1.786608293E-1,-7.125498992E-1,9.715154936E1,2.697814446E1,-1.270616065E0,-9.454911280E1
1.769835917E0,6.632780100E-1,1.506448879E-1,-1.776835927E-1,-7.111940245E-1,9.689929151E1,2.691562392E1,-1.228042923E0,-9.428708609E1
1.779880917E0,6.650614987E-1,1.506930921E-1,-1.760814764E-1,-7.099156237E-1,9.662591285E1,2.677825299E1,-1.160391071E0,-9.401307421E1
1.789925917E0,6.669222215E-1,1.506222775E-1,-1.740280267E-1,-7.086903068E-1,9.634007501E1,2.659290684E1,-1.067895888E0,-9.373068343E1
1.799969917E0,6.688012900E-1,1.505580002E-1,-1.717229556E-1,-7.074943544E-1,9.605076985E1,2.638716346E1,-9.545458961E-1,-9.344454324E1
1.810014917E0,6.706162953E-1,1.505513384E-1,-1.693929540E-1,-7.063385258E-1,9.577070280E1,2.618483722E1,-8.316734148E-1,-9.316559719E1
1.820059917E0,6.722978623E-1,1.505939950E-1,-1.672326923E-1,-7.052449073E-1,9.551067279E1,2.600196801E1,-7.132974232E-1,-9.290489280E1
1.830104917E0,6.737779174E-1,1.506846542E-1,-1.654014314E-1,-7.042441462E-1,9.528135954E1,2.585191540E1,-6.102169061E-1,-9.267310423E1
1.840149917E0,6.750187996E-1,1.508151652E-1,-1.640298011E-1,-7.033481094E-1,9.508877976E1,2.574489554E1,-5.325877727E-1,-9.247655308E1
1.850194917E0,6.760517188E-1,1.509895109E-1,-1.631420989E-1,-7.025245758E-1,9.492824889E1,2.568298889E1,-4.834279102E-1,-9.231043028E1
1.860239917E0,6.769502185E-1,1.511955885E-1,-1.626607391E-1,-7.017262170E-1,9.478844082E1,2.565837542E1,-4.601260939E-1,-9.216386667E1
1.870284917E0,6.777630639E-1,1.514486227E-1,-1.624541718E-1,-7.009345293E-1,9.466182539E1,2.566099446E1,-4.526262548E-1,-9.202882336E1
1.880328917E0,6.785407833E-1,1.517451159E-1,-1.624002969E-1,-7.001299203E-1,9.454056067E1,2.568013624E1,-4.530915823E-1,-9.189755686E1
1.890373917E0,6.793222649E-1,1.520496661E-1,-1.623929242E-1,-6.993073034E-1,9.441858979E1,2.570389610E1,-4.569601236E-1,-9.176529366E1
1.900418917E0,6.801128930E-1,1.523083750E-1,-1.623722818E-1,-6.984868353E-1,9.429506894E1,2.572281092E1,-4.636525321E-1,-9.163304578E1
1.910463917E0,6.808976726E-1,1.524432765E-1,-1.623108422E-1,-6.977066076E-1,9.417233954E1,2.572818185E1,-4.762930853E-1,-9.150588066E1
1.920508917E0,6.816632391E-1,1.523532713E-1,-1.621816628E-1,-6.970084760E-1,9.405249694E1,2.570945293E1,-4.998267797E-1,-9.138946358E1
1.930553917E0,6.824231988E-1,1.519430349E-1,-1.619345348E-1,-6.964115403E-1,9.393341644E1,2.565454798E1,-5.377861087E-1,-9.128494512E1
1.940598917E0,6.831840153E-1,1.512021068E-1,-1.615200913E-1,-6.959229924E-1,9.381408586E1,2.555843855E1,-5.870538761E-1,-9.119162003E1
1.950643917E0,6.839635713E-1,1.501438584E-1,-1.609193344E-1,-6.955255398E-1,9.369169535E1,2.542061462E1,-6.456310430E-1,-9.110603994E1
1.960687917E0,6.847391270E-1,1.488089699E-1,-1.601458057E-1,-6.952277608E-1,9.356981116E1,2.524558694E1,-7.107118962E-1,-9.103012005E1
1.970732917E0,6.854651022E-1,1.472868872E-1,-1.592687002E-1,-6.950379778E-1,9.345560843E1,2.504657306E1,-7.796082636E-1,-9.096778204E1
1.980777917E0,6.861229918E-1,1.457278693E-1,-1.583949176E-1,-6.949171233E-1,9.335202359E1,2.484489758E1,-8.491090417E-1,-9.091672983E1
1.990822917E0,6.866674813E-1,1.442272999E-1,-1.576185035E-1,-6.948688708E-1,9.326622677E1,2.465631994E1,-9.181972670E-1,-9.088093746E1
2.000867917E0,6.870485267E-1,1.428203894E-1,-1.570492748E-1,-6.949116541E-1,9.320614822E1,2.449298979E1,-9.916010714E-1,-9.086724082E1
2.010912917E0,6.872371305E-1,1.414818173E-1,-1.567630015E-1,-6.950635968E-1,9.317640046E1,2.435923804E1,-1.076593121E0,-9.088117501E1
2.020957917E0,6.872389945E-1,1.401871004E-1,-1.567774869E-1,-6.953207673E-1,9.317610642E1,2.425459727E1,-1.176777641E0,-9.092271370E1
2.031001917E0,6.870715849E-1,1.389292382E-1,-1.571144825E-1,-6.956625806E-1,9.320251172E1,2.418037768E1,-1.295112259E0,-9.098938587E1
2.041046917E0,6.867425086E-1,1.377413728E-1,-1.577538278E-1,-6.960788166E-1,9.325439973E1,2.413769017E1,-1.427661500E0,-9.107893323E1
2.051091917E0,6.862660533E-1,1.366346097E-1,-1.586108076E-1,-6.965719620E-1,9.332948683E1,2.412042883E1,-1.567048693E0,-9.118883136E1
2.061136917E0,6.856225937E-1,1.355615490E-1,-1.595803135E-1,-6.971935052E-1,9.343081938E1,2.411605817E1,-1.707579564E0,-9.132362617E1
2.071181917E0,6.848051214E-1,1.345097098E-1,-1.605542232E-1,-6.979766701E-1,9.355943405E1,2.411459588E1,-1.841082948E0,-9.148478904E1
2.081226917E0,6.838143668E-1,1.334915091E-1,-1.614755915E-1,-6.989303354E-1,9.371512997E1,2.411231733E1,-1.961969053E0,-9.167173047E1
2.091271917E0,6.826496486E-1,1.325635501E-1,-1.622703664E-1,-7.000604090E-1,9.389791097E1,2.410756378E1,-2.059804725E0,-9.188271876E1
2.101316917E0,6.813193761E-1,1.317872341E-1,-1.628539449E-1,-7.013662362E-1,9.410634005E1,2.409803951E1,-2.123229432E0,-9.211454195E1
2.111360917E0,6.798574396E-1,1.312305388E-1,-1.631479600E-1,-7.028194062E-1,9.433499225E1,2.408228931E1,-2.141754900E0,-9.235973559E1
2.121405917E0,6.783369315E-1,1.308753331E-1,-1.631725448E-1,-7.043474165E-1,9.457235741E1,2.406010520E1,-2.120916401E0,-9.260741633E1
2.131450917E0,6.768697470E-1,1.303711356E-1,-1.631200877E-1,-7.058629012E-1,9.480096871E1,2.401932312E1,-2.107459225E0,-9.285077266E1
2.141495917E0,6.755903293E-1,1.290104536E-1,-1.632053429E-1,-7.073173969E-1,9.499998108E1,2.392155606E1,-2.178751662E0,-9.309012683E1
2.151540917E0,6.746431421E-1,1.261160859E-1,-1.635230840E-1,-7.086688567E-1,9.514711146E1,2.372124435E1,-2.400843900E0,-9.332235631E1
2.161585917E0,6.740678680E-1,1.215067643E-1,-1.640298946E-1,-7.099033919E-1,9.523638686E1,2.340125849E1,-2.786729693E0,-9.354373160E1
2.171630917E0,6.738501189E-1,1.155986955E-1,-1.646173453E-1,-7.109600318E-1,9.527016226E1,2.298628674E1,-3.295334358E0,-9.374028503E1
2.181674917E0,6.739178910E-1,1.090420683E-1,-1.652656165E-1,-7.117807995E-1,9.525965099E1,2.252651540E1,-3.871717937E0,-9.390168021E1
2.191719917E0,6.741412101E-1,1.024141945E-1,-1.660669625E-1,-7.123670372E-1,9.522500861E1,2.207557809E1,-4.473165090E0,-9.403146002E1
2.201764917E0,6.743680615E-1,9.645740394E-2,-1.671656333E-1,-7.127267855E-1,9.518980848E1,2.170427343E1,-5.046648027E0,-9.413617787E1
2.211809917E0,6.744546865E-1,9.201306091E-2,-1.687585313E-1,-7.128568797E-1,9.517636443E1,2.149544085E1,-5.535108804E0,-9.422262888E1
2.221854917E0,6.742607807E-1,8.968628619E-2,-1.710769399E-1,-7.127843331E-1,9.520645629E1,2.151659715E1,-5.903136144E0,-9.430441990E1
2.231899917E0,6.737799510E-1,8.949384631E-2,-1.741621076E-1,-7.125159604E-1,9.528104418E1,2.177241743E1,-6.151759408E0,-9.438529761E1
2.241944917E0,6.731226419E-1,9.096705516E-2,-1.780134788E-1,-7.119987211E-1,9.538293658E1,2.222562541E1,-6.321826817E0,-9.445836498E1
2.251989917E0,6.724750977E-1,9.326423753E-2,-1.825350032E-1,-7.111680910E-1,9.548323470E1,2.280135278E1,-6.479481244E0,-9.451158201E1
2.262033917E0,6.719188752E-1,9.565359505E-2,-1.874774904E-1,-7.100899430E-1,9.556932437E1,2.342088228E1,-6.666730299E0,-9.454759426E1
2.272078917E0,6.714304960E-1,9.772526017E-2,-1.924672136E-1,-7.089338365E-1,9.564486520E1,2.402033175E1,-6.886055825E0,-9.457922726E1
2.282123917E0,6.709672402E-1,9.928053683E-2,-1.970688118E-1,-7.078913540E-1,9.571647835E1,2.454673367E1,-7.116876677E0,-9.461804718E1
2.292168917E0,6.705048050E-1,1.003482904E-1,-2.008715481E-1,-7.071096985E-1,9.578792429E1,2.496641360E1,-7.322619164E0,-9.466735530E1
2.302213917E0,6.700313932E-1,1.010639860E-1,-2.035977538E-1,-7.066767846E-1,9.586102443E1,2.526523999E1,-7.469281883E0,-9.472580205E1
2.312258917E0,6.695562691E-1,1.016613702E-1,-2.051905306E-1,-7.065806502E-1,9.593434665E1,2.545572607E1,-7.533699106E0,-9.478626670E1
2.322303917E0,6.690815441E-1,1.023574412E-1,-2.058175335E-1,-7.067474503E-1,9.600756508E1,2.556896992E1,-7.512107953E0,-9.484326438E1
2.332347917E0,6.685841757E-1,1.032903459E-1,-2.057586490E-1,-7.070994121E-1,9.608423073E1,2.564025145E1,-7.415326845E0,-9.489709214E1
2.342392917E0,6.680197517E-1,1.045261125E-1,-2.052517067E-1,-7.075985085E-1,9.617117668E1,2.569591052E1,-7.255797544E0,-9.495303927E1
2.352437917E0,6.673775352E-1,1.060683658E-1,-2.045133203E-1,-7.081885472E-1,9.627003411E1,2.575532301E1,-7.050400121E0,-9.501255931E1
2.362482917E0,6.666875057E-1,1.079549062E-1,-2.036715371E-1,-7.087958003E-1,9.637616637E1,2.583235405E1,-6.807535988E0,-9.506985122E1
2.372527917E0,6.659936184E-1,1.102035775E-1,-2.027814273E-1,-7.093570093E-1,9.648280339E1,2.593283969E1,-6.531815534E0,-9.511725873E1
2.382572917E0,6.653455895E-1,1.127879643E-1,-2.018329072E-1,-7.098292015E-1,9.658231292E1,2.605352341E1,-6.226369557E0,-9.514734230E1
2.392617917E0,6.647172037E-1,1.156701002E-1,-2.008743956E-1,-7.102259483E-1,9.667873262E1,2.619608213E1,-5.897291797E0,-9.516471491E1
2.402662917E0,6.640647125E-1,1.187718580E-1,-1.999680250E-1,-7.105801240E-1,9.677877472E1,2.636038196E1,-5.554329644E0,-9.517778039E1
2.412706917E0,6.633487851E-1,1.219712726E-1,-1.991328167E-1,-7.109412593E-1,9.688845391E1,2.653897841E1,-5.207342554E0,-9.519562046E1
2.422751917E0,6.625242163E-1,1.251811371E-1,-1.983614846E-1,-7.113677090E-1,9.701466163E1,2.672472555E1,-4.861012890E0,-9.522748526E1
2.432796917E0,6.615725404E-1,1.282888297E-1,-1.976124983E-1,-7.119079473E-1,9.716017157E1,2.690522601E1,-4.520186756E0,-9.527945050E1
2.442841917E0,6.605285946E-1,1.312326712E-1,-1.968644655E-1,-7.125477049E-1,9.731960223E1,2.707346028E1,-4.189196184E0,-9.534823063E1
2.452886917E0,6.594521114E-1,1.340015426E-1,-1.960783293E-1,-7.132459623E-1,9.748379786E1,2.722470551E1,-3.867905243E0,-9.542532727E1
2.462931917E0,6.583724329E-1,1.364967309E-1,-1.952745783E-1,-7.139903204E-1,9.764827382E1,2.735289382E1,-3.566794607E0,-9.550972292E1
2.472976917E0,6.573261690E-1,1.386241537E-1,-1.944896170E-1,-7.147583308E-1,9.780746271E1,2.745372311E1,-3.297512987E0,-9.559942499E1
2.483020917E0,6.563288561E-1,1.403486051E-1,-1.937841920E-1,-7.155293995E-1,9.795902436E1,2.752973153E1,-3.068234751E0,-9.569376675E1
2.493065917E0,6.554026448E-1,1.416644772E-1,-1.931822033E-1,-7.162815442E-1,9.809962466E1,2.758253709E1,-2.882101677E0,-9.579012515E1
2.503110917E0,6.545702920E-1,1.425632060E-1,-1.926896647E-1,-7.169967289E-1,9.822584951E1,2.761197834E1,-2.741110490E0,-9.588571561E1
2.513155917E0,6.538733385E-1,1.430312125E-1,-1.922417201E-1,-7.176592062E-1,9.833144875E1,2.761122211E1,-2.642738650E0,-9.597496779E1
2.523200917E0,6.533246234E-1,1.431256663E-1,-1.917482200E-1,-7.182719002E-1,9.841452844E1,2.757682237E1,-2.575818897E0,-9.605426775E1
2.533245917E0,6.529230166E-1,1.429545158E-1,-1.911195918E-1,-7.188385540E-1,9.847530187E1,2.750933999E1,-2.524714722E0,-9.612019953E1
2.543290917E0,6.526588902E-1,1.426334727E-1,-1.903375676E-1,-7.193494924E-1,9.851525585E1,2.741622731E1,-2.478493303E0,-9.617034038E1
2.553335917E0,6.524926710E-1,1.422484744E-1,-1.894751667E-1,-7.198040804E-1,9.854039341E1,2.731075425E1,-2.434671700E0,-9.620782401E1
2.563379917E0,6.523796068E-1,1.418990191E-1,-1.886240058E-1,-7.201989384E-1,9.855748955E1,2.720887722E1,-2.390951387E0,-9.623609453E1
2.573424917E0,6.522578445E-1,1.416549362E-1,-1.879410688E-1,-7.205358182E-1,9.857589845E1,2.713005147E1,-2.351916638E0,-9.626224351E1
2.583469917E0,6.520618749E-1,1.415851436E-1,-1.875615338E-1,-7.208256067E-1,9.860552122E1,2.709172146E1,-2.320371693E0,-9.629385256E1
2.593514917E0,6.517709246E-1,1.417744225E-1,-1.875815562E-1,-7.210464246E-1,9.864948910E1,2.710900754E1,-2.296372280E0,-9.633134822E1
2.603559917E0,6.514114305E-1,1.422717579E-1,-1.880046026E-1,-7.211631529E-1,9.870379520E1,2.718594180E1,-2.277212630E0,-9.636902313E1
2.613604917E0,6.510219225E-1,1.430525968E-1,-1.888027743E-1,-7.211518444E-1,9.876261034E1,2.731807916E1,-2.264013180E0,-9.640178947E1
2.623649917E0,6.506060832E-1,1.440009957E-1,-1.899600530E-1,-7.210343574E-1,9.882537290E1,2.749504812E1,-2.264861771E0,-9.643282592E1
2.633693917E0,6.501978067E-1,1.449618122E-1,-1.913469003E-1,-7.208434743E-1,9.888696538E1,2.769332838E1,-2.283102834E0,-9.646217343E1
2.643738917E0,6.498455328E-1,1.458242262E-1,-1.926881342E-1,-7.206298847E-1,9.894008656E1,2.787987133E1,-2.307607196E0,-9.648619946E1
2.653783917E0,6.495890034E-1,1.464847385E-1,-1.937023902E-1,-7.204552518E-1,9.897875669E1,2.802161255E1,-2.325843943E0,-9.650247080E1
2.663828917E0,6.494437443E-1,1.468272817E-1,-1.942484290E-1,-7.203694619E-1,9.900064861E1,2.809694939E1,-2.336428775E0,-9.651270409E1
2.673873917E0,6.493831002E-1,1.468069775E-1,-1.943104376E-1,-7.204115613E-1,9.900978719E1,2.810104080E1,-2.340664554E0,-9.652250666E1
2.683918917E0,6.493547117E-1,1.465072976E-1,-1.939337659E-1,-7.205996021E-1,9.901406490E1,2.804452044E1,-2.333580778E0,-9.653687198E1
2.693963917E0,6.492908855E-1,1.460337725E-1,-1.932301295E-1,-7.209421875E-1,9.902368201E1,2.794567362E1,-2.313160993E0,-9.656233829E1
2.704008042E0,6.491674980E-1,1.453038444E-1,-1.923942811E-1,-7.214240762E-1,9.904227168E1,2.781543288E1,-2.300519078E0,-9.660531136E1
2.714053042E0,6.490270752E-1,1.441129694E-1,-1.915673758E-1,-7.220092325E-1,9.906342476E1,2.765038725E1,-2.324728706E0,-9.666628587E1
2.724098042E0,6.489172827E-1,1.422808617E-1,-1.907067845E-1,-7.226987128E-1,9.907996143E1,2.743279042E1,-2.398727603E0,-9.674368311E1
2.734143042E0,6.488713321E-1,1.397189839E-1,-1.896729882E-1,-7.235113988E-1,9.908688179E1,2.714356573E1,-2.520117899E0,-9.683463972E1
2.744188042E0,6.489157154E-1,1.365664918E-1,-1.882782357E-1,-7.244371517E-1,9.908019748E1,2.677697577E1,-2.664396391E0,-9.692939809E1
2.754233042E0,6.490190305E-1,1.332307216E-1,-1.864255814E-1,-7.254443218E-1,9.906463651E1,2.635603472E1,-2.790522861E0,-9.701867262E1
2.764278042E0,6.491474545E-1,1.303912541E-1,-1.842027066E-1,-7.264125587E-1,9.904529120E1,2.594075283E1,-2.849562477E0,-9.708630047E1
2.774322042E0,6.492842632E-1,1.287277654E-1,-1.819262868E-1,-7.271601595E-1,9.902467980E1,2.561112508E1,-2.810473355E0,-9.711533905E1
2.784367042E0,6.493725898E-1,1.287319459E-1,-1.800523457E-1,-7.275468279E-1,9.901137095E1,2.544524122E1,-2.666653254E0,-9.710108951E1
2.794412042E0,6.493505233E-1,1.305484461E-1,-1.790423676E-1,-7.274921871E-1,9.901469601E1,2.549533241E1,-2.440194886E0,-9.704872500E1
2.804457042E0,6.492427512E-1,1.337968591E-1,-1.790589867E-1,-7.269938876E-1,9.903093427E1,2.574687010E1,-2.175843200E0,-9.696435820E1
2.814502042E0,6.490827907E-1,1.378536513E-1,-1.801777221E-1,-7.261017784E-1,9.905503226E1,2.615890228E1,-1.931746785E0,-9.685998660E1
2.824547042E0,6.489451260E-1,1.420985278E-1,-1.822818468E-1,-7.248803759E-1,9.907576794E1,2.667333658E1,-1.751974785E0,-9.674272752E1
2.834592042E0,6.489057819E-1,1.460748301E-1,-1.850621269E-1,-7.234192079E-1,9.908169353E1,2.722737152E1,-1.652014223E0,-9.661600196E1
2.844636042E0,6.490134039E-1,1.494689658E-1,-1.881028245E-1,-7.218434426E-1,9.906548402E1,2.775966901E1,-1.626050357E0,-9.648405642E1
2.854681042E0,6.492875480E-1,1.521228673E-1,-1.910077763E-1,-7.202779190E-1,9.902418487E1,2.822256499E1,-1.655875520E0,-9.635075162E1
2.864726042E0,6.497038035E-1,1.541150461E-1,-1.934540610E-1,-7.188247667E-1,9.896145271E1,2.859336157E1,-1.708369475E0,-9.621820232E1
2.874771042E0,6.502410362E-1,1.556119678E-1,-1.952292099E-1,-7.175354657E-1,9.888044513E1,2.886608460E1,-1.752256369E0,-9.608436511E1
2.884816042E0,6.508568991E-1,1.567908876E-1,-1.962813757E-1,-7.164324695E-1,9.878752082E1,2.904999224E1,-1.767397249E0,-9.594956799E1
2.894861042E0,6.514917413E-1,1.578286615E-1,-1.966917885E-1,-7.155144005E-1,9.869166516E1,2.916625332E1,-1.743710474E0,-9.581656776E1
2.904906042E0,6.520894178E-1,1.588604875E-1,-1.966376430E-1,-7.147562287E-1,9.860135822E1,2.924131572E1,-1.682308655E0,-9.568898067E1
2.914950042E0,6.525806341E-1,1.599659770E-1,-1.963323957E-1,-7.141448940E-1,9.852709123E1,2.930047384E1,-1.591174665E0,-9.557428039E1
2.924995042E0,6.529065478E-1,1.611672873E-1,-1.960077820E-1,-7.136659872E-1,9.847779345E1,2.936603183E1,-1.484717351E0,-9.548058457E1
2.935040042E0,6.530616324E-1,1.624905561E-1,-1.958505479E-1,-7.132671252E-1,9.845432889E1,2.945645401E1,-1.375609785E0,-9.540769433E1
2.945085042E0,6.530629863E-1,1.639307389E-1,-1.959486829E-1,-7.129092089E-1,9.845412402E1,2.957899507E1,-1.271967495E0,-9.535312812E1
2.955130042E0,6.529508283E-1,1.654408710E-1,-1.963469180E-1,-7.125533684E-1,9.847109415E1,2.973376491E1,-1.182603861E0,-9.531254287E1
2.965175042E0,6.527633117E-1,1.669471441E-1,-1.970421434E-1,-7.121820178E-1,9.849946162E1,2.991455993E1,-1.114487874E0,-9.528299570E1
2.975220042E0,6.525205485E-1,1.684211445E-1,-1.980102578E-1,-7.117887850E-1,9.853617779E1,3.011695627E1,-1.068683283E0,-9.526248570E1
2.985264042E0,6.522575495E-1,1.698744640E-1,-1.991902313E-1,-7.113550966E-1,9.857594305E1,3.033647077E1,-1.040808310E0,-9.524534535E1
2.995309042E0,6.520118887E-1,1.713237835E-1,-2.004759894E-1,-7.108713640E-1,9.861307607E1,3.056506869E1,-1.022618583E0,-9.522527779E1
3.005354042E0,6.518255838E-1,1.727223384E-1,-2.017715453E-1,-7.103370421E-1,9.864123020E1,3.079054339E1,-1.011756289E0,-9.519784122E1
3.015399042E0,6.517304558E-1,1.740101340E-1,-2.030185876E-1,-7.097543646E-1,9.865560353E1,3.100293717E1,-1.009482913E0,-9.516070639E1
3.025444042E0,6.517587152E-1,1.751326824E-1,-2.041517385E-1,-7.091271141E-1,9.865133384E1,3.119209551E1,-1.016061112E0,-9.511139533E1
3.035489042E0,6.519184913E-1,1.760226434E-1,-2.050900657E-1,-7.084887184E-1,9.862719090E1,3.134546439E1,-1.030457024E0,-9.505147222E1
3.045534042E0,6.521934073E-1,1.765981468E-1,-2.058152141E-1,-7.078820224E-1,9.858563951E1,3.145487049E1,-1.056671129E0,-9.498693047E1
3.055579042E0,6.525289647E-1,1.768011326E-1,-2.063491238E-1,-7.073664137E-1,9.853490507E1,3.151761548E1,-1.098495802E0,-9.492836736E1
3.065623042E0,6.528716818E-1,1.766145814E-1,-2.067386120E-1,-7.069829827E-1,9.848306816E1,3.153649960E1,-1.158631913E0,-9.488459291E1
3.075668042E0,6.531630772E-1,1.760605216E-1,-2.070671019E-1,-7.067559877E-1,9.843897788E1,3.152070410E1,-1.239605827E0,-9.486345762E1
3.085713042E0,6.533563152E-1,1.752309293E-1,-2.073864644E-1,-7.066898646E-1,9.840973148E1,3.148224969E1,-1.336640918E0,-9.486811848E1
3.095758042E0,6.534480715E-1,1.742560675E-1,-2.076396036E-1,-7.067717533E-1,9.839584198E1,3.142659310E1,-1.435115089E0,-9.489372388E1
3.105803042E0,6.534704858E-1,1.732015823E-1,-2.077020363E-1,-7.069918520E-1,9.839244884E1,3.134801104E1,-1.521386661E0,-9.493269926E1
3.115848042E0,6.534422131E-1,1.720628179E-1,-2.074777294E-1,-7.073618513E-1,9.839672883E1,3.123766962E1,-1.588904837E0,-9.498235654E1
3.125893042E0,6.533740617E-1,1.708925171E-1,-2.069199251E-1,-7.078716174E-1,9.840704524E1,3.109563218E1,-1.630416668E0,-9.503887991E1
3.135937042E0,6.532914354E-1,1.696960866E-1,-2.060649420E-1,-7.084848725E-1,9.841955170E1,3.092547840E1,-1.649584465E0,-9.509825570E1
3.145982042E0,6.532167617E-1,1.684702337E-1,-2.050238846E-1,-7.091480005E-1,9.843085342E1,3.073668357E1,-1.656618402E0,-9.515721714E1
3.156027042E0,6.531312616E-1,1.672535517E-1,-2.039638782E-1,-7.098201005E-1,9.844379253E1,3.054706631E1,-1.661266309E0,-9.521710539E1
3.166072042E0,6.529944845E-1,1.660642598E-1,-2.030743610E-1,-7.104799199E-1,9.846448898E1,3.037483180E1,-1.675695319E0,-9.528334828E1
3.176117042E0,6.527687276E-1,1.649380367E-1,-2.024911079E-1,-7.111158500E-1,9.849864239E1,3.023483947E1,-1.706498911E0,-9.536028659E1
3.186162042E0,6.524324247E-1,1.639236793E-1,-2.022475505E-1,-7.117280461E-1,9.854950337E1,3.013395456E1,-1.751665010E0,-9.544937165E1
3.196206042E0,6.520129424E-1,1.630298197E-1,-2.022939213E-1,-7.123043147E-1,9.861291682E1,3.006843870E1,-1.807570377E0,-9.554621669E1
3.206251042E0,6.515409899E-1,1.622576618E-1,-2.025601906E-1,-7.128367058E-1,9.868422617E1,3.003216915E1,-1.869669623E0,-9.564623542E1
3.216296042E0,6.510844157E-1,1.616430330E-1,-2.029534641E-1,-7.132815632E-1,9.875317570E1,3.001960976E1,-1.930412763E0,-9.573791080E1
3.226341042E0,6.507203723E-1,1.612164950E-1,-2.033432500E-1,-7.135992451E-1,9.880812620E1,3.002141258E1,-1.980035032E0,-9.580857161E1
3.236386042E0,6.504876743E-1,1.608735053E-1,-2.037041522E-1,-7.137856658E-1,9.884323896E1,3.002696633E1,-2.026153301E0,-9.585633958E1
3.246431042E0,6.503644185E-1,1.604624655E-1,-2.040944136E-1,-7.138791660E-1,9.886183380E1,3.002956098E1,-2.084299563E0,-9.589028498E1
3.256476042E0,6.503140635E-1,1.599299651E-1,-2.045469192E-1,-7.139150224E-1,9.886942980E1,3.002799871E1,-2.159798435E0,-9.591779321E1
3.266520042E0,6.502589855E-1,1.593338164E-1,-2.050738628E-1,-7.139473411E-1,9.887773777E1,3.002810899E1,-2.246015974E0,-9.594834395E1
3.276565042E0,6.501105074E-1,1.588387437E-1,-2.057422012E-1,-7.140003988E-1,9.890013165E1,3.004898222E1,-2.331921975E0,-9.598910038E1
3.286610042E0,6.498515361E-1,1.584088142E-1,-2.066542906E-1,-7.140682763E-1,9.893918147E1,3.009697648E1,-2.427764094E0,-9.604407790E1
3.296655042E0,6.495934973E-1,1.576071970E-1,-2.078638472E-1,-7.141294893E-1,9.897807936E1,3.014248968E1,-2.576319831E0,-9.611268661E1
3.306700042E0,6.495138081E-1,1.558437913E-1,-2.092532418E-1,-7.141832160E-1,9.899008977E1,3.012870805E1,-2.821450418E0,-9.618965552E1
3.316745042E0,6.497525885E-1,1.528507539E-1,-2.104932653E-1,-7.142483987E-1,9.895409860E1,3.000539215E1,-3.163777375E0,-9.626243656E1
3.326790042E0,6.503645502E-1,1.487694638E-1,-2.111221384E-1,-7.143675162E-1,9.886181393E1,2.974248777E1,-3.558094924E0,-9.631526129E1
3.336834042E0,6.513314805E-1,1.439749042E-1,-2.107127424E-1,-7.145898014E-1,9.871586964E1,2.933106574E1,-3.940568544E0,-9.633478581E1
3.346879042E0,6.524946703E-1,1.390682735E-1,-2.091293907E-1,-7.149653930E-1,9.854009108E1,2.880604973E1,-4.246847511E0,-9.632244142E1
3.356924042E0,6.536303093E-1,1.349631467E-1,-2.066228148E-1,-7.154434726E-1,9.836825167E1,2.826116976E1,-4.415736187E0,-9.628243142E1
3.366969042E0,6.545280266E-1,1.326239228E-1,-2.038750194E-1,-7.158485144E-1,9.823225577E1,2.783233469E1,-4.416522786E0,-9.621905027E1
3.377014042E0,6.549670967E-1,1.325757964E-1,-2.018233688E-1,-7.160371795E-1,9.816568981E1,2.764433399E1,-4.273466945E0,-9.615288419E1
3.387059042E0,6.548086140E-1,1.346028754E-1,-2.013004055E-1,-7.159511261E-1,9.818972071E1,2.775503593E1,-4.065010876E0,-9.611265025E1
3.397104042E0,6.541019378E-1,1.378168123E-1,-2.026407938E-1,-7.156074186E-1,9.829682170E1,2.812529791E1,-3.890507908E0,-9.611705756E1
3.407148042E0,6.530302330E-1,1.412857904E-1,-2.056193142E-1,-7.150598415E-1,9.845908001E1,2.866252020E1,-3.812734414E0,-9.616646702E1
3.417193042E0,6.518214376E-1,1.442641080E-1,-2.095681683E-1,-7.144213404E-1,9.864185670E1,2.924920131E1,-3.845791515E0,-9.625067084E1
3.427238042E0,6.506421794E-1,1.463320510E-1,-2.136407261E-1,-7.138692904E-1,9.881992608E1,2.977724026E1,-3.961343629E0,-9.635959391E1
3.437283042E0,6.496235954E-1,1.473366264E-1,-2.170255764E-1,-7.135692681E-1,9.897354282E1,3.016192068E1,-4.111640797E0,-9.647979597E1
3.447328042E0,6.488241329E-1,1.474445039E-1,-2.191686778E-1,-7.136192753E-1,9.909398982E1,3.036599739E1,-4.241777515E0,-9.659724936E1
3.457373042E0,6.482300731E-1,1.469447977E-1,-2.199538024E-1,-7.140205555E-1,9.918342098E1,3.040098200E1,-4.319501326E0,-9.670409108E1
3.467418042E0,6.477648930E-1,1.461543730E-1,-2.196685974E-1,-7.146923394E-1,9.925340881E1,3.031713347E1,-4.340087014E0,-9.680083579E1
3.477462042E0,6.473174911E-1,1.453276468E-1,-2.188602366E-1,-7.155140054E-1,9.932068761E1,3.018354254E1,-4.322837313E0,-9.689566489E1
3.487507042E0,6.467859087E-1,1.445988988E-1,-2.180448927E-1,-7.163906861E-1,9.940058160E1,3.005729754E1,-4.294219368E0,-9.699948804E1
3.497552042E0,6.460941524E-1,1.440711281E-1,-2.174758760E-1,-7.172935981E-1,9.950447818E1,2.996939084E1,-4.263139652E0,-9.712039426E1
3.507597042E0,6.452813452E-1,1.437956457E-1,-2.171122856E-1,-7.181901933E-1,9.962645391E1,2.991983484E1,-4.223760165E0,-9.725078573E1
3.517642042E0,6.444498063E-1,1.438226671E-1,-2.167483845E-1,-7.190408668E-1,9.975112727E1,2.989339469E1,-4.159783758E0,-9.737352335E1
3.527687042E0,6.436965104E-1,1.441676417E-1,-2.162435890E-1,-7.197981245E-1,9.986397098E1,2.987805328E1,-4.062654253E0,-9.747352631E1
3.537732042E0,6.430956070E-1,1.448268316E-1,-2.154939099E-1,-7.204274349E-1,9.995391932E1,2.986378954E1,-3.927373139E0,-9.753979377E1
3.547776042E0,6.426675794E-1,1.457721196E-1,-2.144725468E-1,-7.209233189E-1,1.000179540E2,2.984602544E1,-3.754876892E0,-9.757018686E1
3.557821042E0,6.423840997E-1,1.469876610E-1,-2.132334032E-1,-7.212965714E-1,1.000603472E2,2.982868528E1,-3.549572352E0,-9.756941034E1
3.567866042E0,6.422012166E-1,1.484313118E-1,-2.119166987E-1,-7.215517785E-1,1.000876896E2,2.982152983E1,-3.324135630E0,-9.754542943E1
3.577911042E0,6.420747761E-1,1.499848551E-1,-2.106479416E-1,-7.217145496E-1,1.001065902E2,2.982710160E1,-3.096106366E0,-9.750886856E1
3.587956042E0,6.419974419E-1,1.515626856E-1,-2.095224311E-1,-7.217813471E-1,1.001181491E2,2.984747851E1,-2.879493588E0,-9.746381067E1
3.598001042E0,6.419646174E-1,1.530733999E-1,-2.086394941E-1,-7.217474953E-1,1.001230549E2,2.988456456E1,-2.689171123E0,-9.741423023E1
3.608046042E0,6.419569598E-1,1.544079272E-1,-2.080408930E-1,-7.216427893E-1,1.001241993E2,2.993371254E1,-2.536273261E0,-9.736699245E1
3.618090042E0,6.419896395E-1,1.554583030E-1,-2.076772157E-1,-7.214930258E-1,1.001193152E2,2.998203675E1,-2.426002402E0,-9.732389602E1
3.628135042E0,6.421212930E-1,1.561824096E-1,-2.073847772E-1,-7.213035467E-1,1.000996371E2,3.001137273E1,-2.351076455E0,-9.727785038E1
3.638180042E0,6.424338277E-1,1.565578405E-1,-2.069265277E-1,-7.210754743E-1,1.000529115E2,2.999850494E1,-2.297784977E0,-9.721759365E1
3.648225042E0,6.429647990E-1,1.566154606E-1,-2.060629756E-1,-7.208369179E-1,9.997349192E1,2.992430087E1,-2.246230009E0,-9.713635430E1
3.658270042E0,6.437247435E-1,1.563879044E-1,-2.046699433E-1,-7.206049047E-1,9.985974335E1,2.978024632E1,-2.184325146E0,-9.703129092E1
3.668315042E0,6.446638649E-1,1.558675489E-1,-2.027823650E-1,-7.204118669E-1,9.971904422E1,2.956914883E1,-2.113276030E0,-9.690997647E1
3.678359042E0,6.456958489E-1,1.550547232E-1,-2.005407665E-1,-7.202904234E-1,9.956426420E1,2.930390945E1,-2.040608971E0,-9.678504060E1
3.688404042E0,6.467592508E-1,1.539653326E-1,-1.981385015E-1,-7.202349213E-1,9.940458689E1,2.900319559E1,-1.977864904E0,-9.666497301E1
3.698449042E0,6.478171182E-1,1.526153572E-1,-1.957704294E-1,-7.202190925E-1,9.924555318E1,2.868562218E1,-1.937762157E0,-9.655451266E1
3.708494208E0,6.488302231E-1,1.510648497E-1,-1.936136158E-1,-7.202170905E-1,9.909307267E1,2.837156428E1,-1.928123836E0,-9.645722608E1
3.718539208E0,6.497944429E-1,1.494622197E-1,-1.917222510E-1,-7.201881093E-1,9.894778891E1,2.807726269E1,-1.941453942E0,-9.636837111E1
3.728584208E0,6.507266706E-1,1.479759770E-1,-1.901278752E-1,-7.200758907E-1,9.880717569E1,2.781848367E1,-1.967619644E0,-9.627959312E1
3.738629208E0,6.516260607E-1,1.466930862E-1,-1.889008158E-1,-7.198478999E-1,9.867137528E1,2.760811809E1,-2.005301504E0,-9.618822602E1
3.748673208E0,6.524659789E-1,1.457186787E-1,-1.881229048E-1,-7.194887087E-1,9.854442966E1,2.746154714E1,-2.051724920E0,-9.609495542E1
3.758718208E0,6.531888579E-1,1.451851457E-1,-1.878153342E-1,-7.190208181E-1,9.843507637E1,2.739102714E1,-2.096088327E0,-9.600418291E1
3.768763208E0,6.537292727E-1,1.451425418E-1,-1.879111485E-1,-7.185131092E-1,9.835326646E1,2.739472724E1,-2.126872251E0,-9.592430482E1
3.778808208E0,6.540714182E-1,1.455159523E-1,-1.883159163E-1,-7.180199937E-1,9.830144518E1,2.745856673E1,-2.142065693E0,-9.586025750E1
3.788853208E0,6.542472100E-1,1.461809387E-1,-1.888818497E-1,-7.175760636E-1,9.827481189E1,2.755979846E1,-2.141009034E0,-9.581139749E1
3.798898208E0,6.543042163E-1,1.470089557E-1,-1.894887011E-1,-7.171947795E-1,9.826617403E1,2.767770775E1,-2.126069675E0,-9.577475343E1
3.808943208E0,6.542745344E-1,1.478025400E-1,-1.900784396E-1,-7.169026281E-1,9.827067165E1,2.779168640E1,-2.109356845E0,-9.575220211E1
3.818987208E0,6.541984382E-1,1.484397411E-1,-1.906104974E-1,-7.166991221E-1,9.828220159E1,2.788851179E1,-2.098693150E0,-9.574188277E1
3.829032208E0,6.541451409E-1,1.489254519E-1,-1.910155392E-1,-7.165392406E-1,9.829027649E1,2.796227527E1,-2.090723592E0,-9.573325838E1
3.839077208E0,6.541474801E-1,1.492753577E-1,-1.912630439E-1,-7.163981540E-1,9.828992211E1,2.801141871E1,-2.083005424E0,-9.572083647E1
3.849122208E0,6.541698732E-1,1.496270560E-1,-1.913624222E-1,-7.162778116E-1,9.828652944E1,2.804763275E1,-2.064124842E0,-9.570528124E1
3.859167208E0,6.541557672E-1,1.501133688E-1,-1.914614239E-1,-7.161625268E-1,9.828866658E1,2.809445751E1,-2.033283883E0,-9.569050848E1
3.869212208E0,6.540571752E-1,1.506046100E-1,-1.917707620E-1,-7.160665690E-1,9.830360282E1,2.816038624E1,-2.015636235E0,-9.568827104E1
3.879256208E0,6.538737336E-1,1.507907187E-1,-1.923296200E-1,-7.160451768E-1,9.833138891E1,2.822458566E1,-2.038592223E0,-9.570955630E1
3.889301208E0,6.536708967E-1,1.503213872E-1,-1.928869962E-1,-7.161790616E-1,9.836210606E1,2.823741194E1,-2.112124120E0,-9.575666648E1
3.899346208E0,6.535529830E-1,1.488645669E-1,-1.929824312E-1,-7.165651978E-1,9.837995937E1,2.813221185E1,-2.229721038E0,-9.582512976E1
3.909391208E0,6.534890910E-1,1.462757006E-1,-1.921672650E-1,-7.173751733E-1,9.838963225E1,2.785850781E1,-2.366375924E0,-9.592340174E1
3.919436208E0,6.533519583E-1,1.429180720E-1,-1.901605904E-1,-7.187103723E-1,9.841039097E1,2.742062360E1,-2.467356544E0,-9.605649960E1
3.929481208E0,6.531048302E-1,1.395888186E-1,-1.869443327E-1,-7.204310385E-1,9.844779225E1,2.687930760E1,-2.467934132E0,-9.620224648E1
3.939526208E0,6.526954737E-1,1.371525780E-1,-1.829243927E-1,-7.222993503E-1,9.850972264E1,2.633744076E1,-2.330140279E0,-9.634106684E1
3.949570208E0,6.521004129E-1,1.362467645E-1,-1.788095260E-1,-7.240365907E-1,9.859969633E1,2.590652230E1,-2.057833322E0,-9.645807768E1
3.959615208E0,6.513658724E-1,1.370577437E-1,-1.753621773E-1,-7.253865595E-1,9.871067575E1,2.566764259E1,-1.696786632E0,-9.654162903E1
3.969660208E0,6.506282261E-1,1.393501331E-1,-1.732215586E-1,-7.261258074E-1,9.882203162E1,2.565850804E1,-1.319880032E0,-9.657820076E1
3.979705208E0,6.500506799E-1,1.426393983E-1,-1.726557806E-1,-7.261390915E-1,9.890915393E1,2.586519927E1,-9.922938419E-1,-9.655708866E1
3.989750208E0,6.496991621E-1,1.464204645E-1,-1.736964824E-1,-7.254527011E-1,9.896215236E1,2.625165194E1,-7.596883893E-1,-9.648332804E1
3.999795208E0,6.495486372E-1,1.502603190E-1,-1.760164952E-1,-7.242420513E-1,9.898484061E1,2.675569317E1,-6.310034882E-1,-9.637431632E1
4.009839208E0,6.495762013E-1,1.538100438E-1,-1.790180766E-1,-7.227348800E-1,9.898068624E1,2.729757671E1,-5.869480655E-1,-9.624568848E1
4.019884208E0,6.497800866E-1,1.568176614E-1,-1.820241610E-1,-7.211527927E-1,9.894995320E1,2.779785566E1,-5.943031848E-1,-9.610748707E1
4.029929208E0,6.502038943E-1,1.591872968E-1,-1.845057964E-1,-7.196192585E-1,9.888604722E1,2.820215665E1,-6.201979986E-1,-9.595772374E1
4.039974208E0,6.508653495E-1,1.609647229E-1,-1.861921248E-1,-7.181902249E-1,9.878624533E1,2.848998761E1,-6.397449434E-1,-9.579305472E1
4.050019208E0,6.517428153E-1,1.622217039E-1,-1.870971506E-1,-7.168751905E-1,9.865373616E1,2.866808707E1,-6.470559965E-1,-9.561462934E1
4.060064208E0,6.527614414E-1,1.630430999E-1,-1.874573837E-1,-7.156669036E-1,9.849974452E1,2.876391292E1,-6.509400681E-1,-9.543088138E1
4.070109208E0,6.538102236E-1,1.635703583E-1,-1.875388101E-1,-7.145670394E-1,9.834100748E1,2.881203505E1,-6.569454197E-1,-9.525334436E1
4.080153208E0,6.547831889E-1,1.639607909E-1,-1.875605737E-1,-7.135802500E-1,9.819357554E1,2.884417638E1,-6.660587699E-1,-9.509213044E1
4.090198208E0,6.556199671E-1,1.643520823E-1,-1.877204788E-1,-7.126793242E-1,9.806664824E1,2.888859784E1,-6.810294575E-1,-9.495122674E1
4.100243208E0,6.563250418E-1,1.648795053E-1,-1.881187692E-1,-7.118029648E-1,9.795960368E1,2.896479987E1,-6.996376241E-1,-9.482487939E1
4.110288208E0,6.569348751E-1,1.655939629E-1,-1.887578155E-1,-7.109048471E-1,9.786694847E1,2.907702219E1,-7.196586215E-1,-9.470565644E1
4.120333208E0,6.574908183E-1,1.664489051E-1,-1.895657772E-1,-7.099756513E-1,9.778242414E1,2.921526455E1,-7.406359724E-1,-9.458901988E1
4.130378208E0,6.580463665E-1,1.673572527E-1,-1.904233404E-1,-7.090171793E-1,9.769790551E1,2.936213292E1,-7.618523475E-1,-9.447015046E1
4.140422208E0,6.586164316E-1,1.682359512E-1,-1.912175767E-1,-7.080655166E-1,9.761112165E1,2.950113798E1,-7.811905397E-1,-9.435000164E1
4.150467208E0,6.591827930E-1,1.691063403E-1,-1.918590794E-1,-7.071570071E-1,9.752484462E1,2.962622866E1,-7.890417212E-1,-9.423048865E1
4.160512208E0,6.597171966E-1,1.700236322E-1,-1.923142996E-1,-7.063147629E-1,9.744338367E1,2.973898082E1,-7.772810984E-1,-9.411377568E1
4.170557208E0,6.601984504E-1,1.710216748E-1,-1.926127362E-1,-7.055423587E-1,9.736998099E1,2.984474044E1,-7.448195973E-1,-9.400165344E1
4.180602208E0,6.606658076E-1,1.721135370E-1,-1.927422053E-1,-7.048035758E-1,9.729865830E1,2.994352721E1,-6.912271406E-1,-9.388764821E1
4.190647208E0,6.611135573E-1,1.732185866E-1,-1.927447328E-1,-7.041118801E-1,9.723029122E1,3.003254809E1,-6.257844910E-1,-9.377577852E1
4.200692208E0,6.615069639E-1,1.742265449E-1,-1.927445899E-1,-7.034934937E-1,9.717019213E1,3.011370836E1,-5.654781558E-1,-9.367576896E1
4.210736208E0,6.618478278E-1,1.750148253E-1,-1.927750964E-1,-7.029687009E-1,9.711809728E1,3.017991676E1,-5.222965821E-1,-9.359233881E1
4.220781208E0,6.621394432E-1,1.754702332E-1,-1.928205616E-1,-7.025680095E-1,9.707351257E1,3.022056190E1,-5.035592446E-1,-9.352967720E1
4.230826208E0,6.623968327E-1,1.755316998E-1,-1.928071424E-1,-7.023136545E-1,9.703414787E1,3.022422205E1,-5.083956646E-1,-9.348805927E1
4.240871208E0,6.626495109E-1,1.751761760E-1,-1.926211635E-1,-7.022150652E-1,9.699549207E1,3.017914490E1,-5.304484661E-1,-9.346394436E1
4.250916208E0,6.629104355E-1,1.743692910E-1,-1.921792795E-1,-7.022908096E-1,9.695556261E1,3.007534293E1,-5.660570540E-1,-9.345665650E1
4.260961208E0,6.631553785E-1,1.731616837E-1,-1.914846310E-1,-7.025479199E-1,9.691806760E1,2.991725571E1,-6.107481618E-1,-9.346755567E1
4.271005208E0,6.633406402E-1,1.717013092E-1,-1.905508537E-1,-7.029853357E-1,9.688970116E1,2.971816213E1,-6.527990092E-1,-9.349721194E1
4.281050208E0,6.634092869E-1,1.701247603E-1,-1.893536764E-1,-7.036268634E-1,9.687918871E1,2.948711425E1,-6.777831676E-1,-9.354861881E1
4.291095208E0,6.633057453E-1,1.684726315E-1,-1.879126059E-1,-7.045078458E-1,9.689504459E1,2.922917927E1,-6.822049273E-1,-9.362864021E1
4.301140208E0,6.629780522E-1,1.668461899E-1,-1.863114208E-1,-7.056278153E-1,9.694521316E1,2.895982396E1,-6.633934240E-1,-9.374117797E1
4.311185208E0,6.623883875E-1,1.653604450E-1,-1.847275896E-1,-7.069465362E-1,9.703543965E1,2.870364963E1,-6.257300684E-1,-9.388760221E1
4.321230208E0,6.615742816E-1,1.640999427E-1,-1.833464749E-1,-7.083606447E-1,9.715990550E1,2.848338085E1,-5.793127419E-1,-9.405908083E1
4.331275208E0,6.606277609E-1,1.631708727E-1,-1.822431606E-1,-7.097419523E-1,9.730446602E1,2.831388694E1,-5.254872885E-1,-9.423776452E1
4.341319208E0,6.596561733E-1,1.626706719E-1,-1.813251832E-1,-7.109945751E-1,9.745268824E1,2.819479088E1,-4.531354075E-1,-9.440388344E1
4.351364208E0,6.588055629E-1,1.626490420E-1,-1.803102324E-1,-7.120454672E-1,9.758231654E1,2.810537926E1,-3.410117145E-1,-9.453352809E1
4.361409208E0,6.580978462E-1,1.630703531E-1,-1.791298355E-1,-7.129008665E-1,9.769007085E1,2.803680463E1,-1.870095041E-1,-9.462482095E1
4.371454208E0,6.575565990E-1,1.637647455E-1,-1.778739207E-1,-7.135554887E-1,9.777241940E1,2.798335294E1,-1.225411318E-2,-9.468060432E1
4.381499208E0,6.571214302E-1,1.644980361E-1,-1.766501461E-1,-7.140913885E-1,9.783859112E1,2.793573148E1,1.588280458E-1,-9.471870613E1
4.391544208E0,6.567405491E-1,1.651769715E-1,-1.752938687E-1,-7.146190249E-1,9.789648052E1,2.787223239E1,3.341525645E-1,-9.475056314E1
4.401588208E0,6.563451458E-1,1.657247366E-1,-1.739657968E-1,-7.151798125E-1,9.795655020E1,2.780063807E1,4.974917266E-1,-9.478952625E1
4.411633208E0,6.559369720E-1,1.662067132E-1,-1.728909195E-1,-7.157029628E-1,9.801853125E1,2.774569443E1,6.358920231E-1,-9.483285189E1
4.421678208E0,6.555264986E-1,1.666029627E-1,-1.722276065E-1,-7.161467323E-1,9.808083214E1,2.771954455E1,7.348279149E-1,-9.487970365E1
4.431723208E0,6.551771223E-1,1.665951706E-1,-1.721014769E-1,-7.164983845E-1,9.813383666E1,2.770764413E1,7.572683047E-1,-9.493268179E1
4.441768208E0,6.549273469E-1,1.655729158E-1,-1.725506400E-1,-7.168557187E-1,9.817171752E1,2.766455880E1,6.513247938E-1,-9.500929342E1
4.451813208E0,6.548219376E-1,1.630126169E-1,-1.734258868E-1,-7.173273840E-1,9.818770059E1,2.753596165E1,3.862153015E-1,-9.512174194E1
4.461858208E0,6.549104566E-1,1.589049781E-1,-1.744232357E-1,-7.179261959E-1,9.817427871E1,2.729571558E1,-1.713767935E-2,-9.526043518E1
4.471902208E0,6.551844400E-1,1.538536039E-1,-1.751941338E-1,-7.185884625E-1,9.813272669E1,2.696242973E1,-4.843895356E-1,-9.540113849E1
4.481947208E0,6.554924571E-1,1.486709785E-1,-1.755090300E-1,-7.193213040E-1,9.808599757E1,2.658076852E1,-9.285351640E-1,-9.553569066E1
4.491992208E0,6.557566625E-1,1.443230240E-1,-1.751607509E-1,-7.200505841E-1,9.804590191E1,2.620834623E1,-1.254070022E0,-9.564311678E1
4.502037208E0,6.560711702E-1,1.416531686E-1,-1.741193865E-1,-7.205466446E-1,9.799815652E1,2.590757905E1,-1.394372482E0,-9.568385638E1
4.512082208E0,6.564502363E-1,1.412055652E-1,-1.726564734E-1,-7.206412248E-1,9.794058752E1,2.574407687E1,-1.327298822E0,-9.564096541E1
4.522127208E0,6.567467789E-1,1.429175293E-1,-1.714055325E-1,-7.203321224E-1,9.789553387E1,2.576872428E1,-1.102661646E0,-9.553963611E1
4.532171208E0,6.567824115E-1,1.461723724E-1,-1.709075570E-1,-7.197646810E-1,9.789011919E1,2.598123427E1,-8.066786249E-1,-9.542545120E1
4.542216208E0,6.564205729E-1,1.502210046E-1,-1.714907581E-1,-7.191220759E-1,9.794509344E1,2.635171772E1,-5.205761035E-1,-9.534169271E1
4.552261208E0,6.556585552E-1,1.543480299E-1,-1.732002283E-1,-7.185332870E-1,9.806079204E1,2.682749656E1,-3.043582375E-1,-9.531194236E1
4.562306208E0,6.545684481E-1,1.580019424E-1,-1.758974245E-1,-7.180777850E-1,9.822612901E1,2.735257907E1,-1.924247231E-1,-9.534495032E1
4.572351208E0,6.532538641E-1,1.608344062E-1,-1.792395161E-1,-7.178196171E-1,9.842523816E1,2.786936282E1,-1.877946600E-1,-9.543889415E1
4.582396208E0,6.518634449E-1,1.627054385E-1,-1.827001234E-1,-7.177895190E-1,9.863550918E1,2.832087482E1,-2.643949917E-1,-9.557814534E1
4.592440208E0,6.505416301E-1,1.636331723E-1,-1.856941960E-1,-7.180094465E-1,9.883509816E1,2.865740450E1,-3.794889373E-1,-9.574158786E1
4.602485208E0,6.494239431E-1,1.637393711E-1,-1.876827798E-1,-7.184797579E-1,9.900363255E1,2.884111978E1,-4.861338409E-1,-9.590501936E1
4.612530208E0,6.486078906E-1,1.632433818E-1,-1.883595159E-1,-7.191523426E-1,9.912655033E1,2.886204103E1,-5.471380772E-1,-9.604581090E1
4.622575208E0,6.481112743E-1,1.624100964E-1,-1.877853915E-1,-7.199384235E-1,9.920129810E1,2.874612360E1,-5.478202432E-1,-9.615129795E1
4.632620208E0,6.478654923E-1,1.613939912E-1,-1.864317480E-1,-7.207394480E-1,9.923827641E1,2.854700946E1,-5.110484695E-1,-9.622589345E1
4.642665208E0,6.476664485E-1,1.602055963E-1,-1.848989317E-1,-7.215778595E-1,9.926821545E1,2.831859206E1,-4.757922785E-1,-9.629965015E1
4.652709208E0,6.473992138E-1,1.589809076E-1,-1.835672875E-1,-7.224281537E-1,9.930840093E1,2.810517618E1,-4.571144791E-1,-9.638462779E1
4.662754208E0,6.470502985E-1,1.578866016E-1,-1.825397737E-1,-7.232406844E-1,9.936085113E1,2.792892636E1,-4.494786866E-1,-9.647670067E1
4.672799208E0,6.466181853E-1,1.570741329E-1,-1.817670363E-1,-7.239982555E-1,9.942577972E1,2.779733969E1,-4.368814536E-1,-9.657067871E1
4.682844208E0,6.461113326E-1,1.565755330E-1,-1.811400202E-1,-7.247155896E-1,9.950189882E1,2.770324872E1,-4.083951846E-1,-9.666429006E1
4.692889208E0,6.455578075E-1,1.564051768E-1,-1.804964998E-1,-7.254058391E-1,9.958497830E1,2.763338309E1,-3.510759155E-1,-9.675288682E1
4.702933708E0,6.449981948E-1,1.565772294E-1,-1.797109997E-1,-7.260612094E-1,9.966891976E1,2.757769661E1,-2.553816393E-1,-9.682995136E1
4.712978708E0,6.444598373E-1,1.570253498E-1,-1.787351164E-1,-7.266831020E-1,9.974962401E1,2.752668740E1,-1.237516164E-1,-9.689380067E1
4.723022708E0,6.439271090E-1,1.576520649E-1,-1.776597060E-1,-7.272831809E-1,9.982943725E1,2.748076244E1,2.954106016E-2,-9.695025738E1
4.733067708E0,6.433928503E-1,1.583784876E-1,-1.765864991E-1,-7.278592493E-1,9.990943283E1,2.744274192E1,1.905381667E-1,-9.700318013E1
4.743112708E0,6.428858079E-1,1.591415978E-1,-1.756215055E-1,-7.283741310E-1,9.998530987E1,2.741707950E1,3.449283527E-1,-9.705059716E1
4.753157708E0,6.424541214E-1,1.598843497E-1,-1.748340990E-1,-7.287817095E-1,1.000498770E2,2.740548190E1,4.810498142E-1,-9.708743339E1
4.763202708E0,6.421452509E-1,1.605371636E-1,-1.742620174E-1,-7.290473373E-1,1.000960558E2,2.740589810E1,5.887433737E-1,-9.710921528E1
4.773247708E0,6.419919523E-1,1.610197878E-1,-1.739651344E-1,-7.291468566E-1,1.001189695E2,2.741739071E1,6.558052970E-1,-9.711412550E1
4.783291708E0,6.420249085E-1,1.612288309E-1,-1.739842954E-1,-7.290670331E-1,1.001140439E2,2.743549845E1,6.697311880E-1,-9.710147334E1
4.793336708E0,6.422333562E-1,1.611058516E-1,-1.742605416E-1,-7.288446769E-1,1.000828849E2,2.745041350E1,6.308633302E-1,-9.707509096E1
4.803381708E0,6.425584981E-1,1.606868389E-1,-1.747251151E-1,-7.285392597E-1,1.000342682E2,2.745880922E1,5.495394755E-1,-9.704231126E1
4.813426708E0,6.429623650E-1,1.599910833E-1,-1.753397802E-1,-7.281882450E-1,9.997385608E1,2.745877727E1,4.316414292E-1,-9.700799216E1
4.823471708E0,6.434316886E-1,1.590585171E-1,-1.760663747E-1,-7.278025407E-1,9.990361908E1,2.745006312E1,2.837880838E-1,-9.697252195E1
4.833516708E0,6.439639901E-1,1.579486115E-1,-1.768029857E-1,-7.273949096E-1,9.982391324E1,2.742832334E1,1.187467120E-1,-9.693397826E1
4.843560708E0,6.445519624E-1,1.567066591E-1,-1.774793274E-1,-7.269779692E-1,9.973581709E1,2.739088195E1,-5.412847219E-2,-9.689162936E1
4.853605708E0,6.451879926E-1,1.554140725E-1,-1.780395703E-1,-7.265540220E-1,9.964045606E1,2.733916210E1,-2.237146304E-1,-9.684354495E1
4.863650708E0,6.458787504E-1,1.541083671E-1,-1.784630157E-1,-7.261145436E-1,9.953681365E1,2.727425323E1,-3.856198870E-1,-9.678738937E1
4.873695708E0,6.466240516E-1,1.528832531E-1,-1.787049281E-1,-7.256505305E-1,9.942489846E1,2.719949550E1,-5.288579773E-1,-9.671976044E1
4.883740708E0,6.473901391E-1,1.518681212E-1,-1.787517151E-1,-7.251689343E-1,9.930976533E1,2.712380570E1,-6.408155536E-1,-9.664120636E1
4.893785708E0,6.480850194E-1,1.511596287E-1,-1.787053785E-1,-7.247075475E-1,9.920524867E1,2.706381621E1,-7.184798208E-1,-9.656222864E1
4.903830708E0,6.486344352E-1,1.508977137E-1,-1.786983967E-1,-7.242722654E-1,9.912255382E1,2.704224451E1,-7.584927557E-1,-9.648924699E1
4.913874708E0,6.490007519E-1,1.511112586E-1,-1.788942241E-1,-7.238510735E-1,9.906738970E1,2.707582810E1,-7.701287919E-1,-9.642699516E1
4.923919708E0,6.491489508E-1,1.516960514E-1,-1.794832210E-1,-7.234499092E-1,9.904506580E1,2.717325627E1,-7.754475623E-1,-9.638438962E1
4.933964708E0,6.490846110E-1,1.524869752E-1,-1.806029825E-1,-7.230626034E-1,9.905475807E1,2.733375704E1,-7.986129797E-1,-9.636631676E1
4.944009708E0,6.488442053E-1,1.532583692E-1,-1.822815004E-1,-7.226939028E-1,9.909096702E1,2.754216654E1,-8.610053481E-1,-9.637518907E1
4.954054708E0,6.484634823E-1,1.538985022E-1,-1.844206572E-1,-7.223568649E-1,9.914829009E1,2.778119387E1,-9.649549023E-1,-9.640967064E1
4.964099708E0,6.479725901E-1,1.543993029E-1,-1.867630618E-1,-7.220885239E-1,9.922216462E1,2.802762889E1,-1.091823425E0,-9.646550500E1
4.974143708E0,6.474556195E-1,1.548104283E-1,-1.890179353E-1,-7.218776184E-1,9.929991991E1,2.825967016E1,-1.217803607E0,-9.652840747E1
4.984188708E0,6.470219416E-1,1.551865678E-1,-1.909175148E-1,-7.216856685E-1,9.936511295E1,2.845770203E1,-1.321575492E0,-9.657997105E1
4.994233708E0,6.467304987E-1,1.555258223E-1,-1.923136358E-1,-7.215032121E-1,9.940890669E1,2.860823740E1,-1.393881761E0,-9.661152153E1
5.004278708E0,6.466032600E-1,1.556649675E-1,-1.931665220E-1,-7.213593623E-1,9.942802180E1,2.869485127E1,-1.445350084E0,-9.662565759E1
5.014323708E0,6.467006034E-1,1.552556162E-1,-1.934364094E-1,-7.212880656E-1,9.941339811E1,2.868668284E1,-1.502630256E0,-9.662599922E1
5.024368708E0,6.470931618E-1,1.539151831E-1,-1.930519827E-1,-7.213262481E-1,9.935440886E1,2.854745900E1,-1.592977050E0,-9.661549329E1
5.034412708E0,6.477483056E-1,1.514694594E-1,-1.920067040E-1,-7.215349461E-1,9.925590377E1,2.826320764E1,-1.728475786E0,-9.660424920E1
5.044457708E0,6.485660888E-1,1.482124866E-1,-1.902907069E-1,-7.219311607E-1,9.913284368E1,2.785636960E1,-1.881574854E0,-9.659510167E1
5.054502708E0,6.494412471E-1,1.447511306E-1,-1.879629615E-1,-7.224563737E-1,9.900102493E1,2.737977562E1,-2.005133956E0,-9.658151968E1
5.064547708E0,6.502503296E-1,1.417947531E-1,-1.852588276E-1,-7.230130176E-1,9.887904338E1,2.690964641E1,-2.056805748E0,-9.655811357E1
5.074592708E0,6.508715346E-1,1.399947586E-1,-1.825853555E-1,-7.234847647E-1,9.878531176E1,2.653267377E1,-2.012129752E0,-9.652318702E1
5.084637708E0,6.512288108E-1,1.396896760E-1,-1.803420078E-1,-7.237848107E-1,9.873137373E1,2.631041919E1,-1.872604232E0,-9.647880496E1
5.094681708E0,6.513314937E-1,1.409664674E-1,-1.788390986E-1,-7.238178407E-1,9.871586765E1,2.627695423E1,-1.656020513E0,-9.642128463E1
5.104726708E0,6.512134272E-1,1.437061285E-1,-1.783367187E-1,-7.235092125E-1,9.873369664E1,2.644605518E1,-1.393863964E0,-9.634828163E1
5.114771708E0,6.509258593E-1,1.475587903E-1,-1.789806409E-1,-7.228331349E-1,9.877711177E1,2.680358102E1,-1.127968297E0,-9.626140648E1
5.124816708E0,6.505320918E-1,1.520597893E-1,-1.808445748E-1,-7.217902006E-1,9.883653733E1,2.732004257E1,-9.041573323E-1,-9.616459836E1
5.134861708E0,6.500409783E-1,1.567686617E-1,-1.839424577E-1,-7.204412670E-1,9.891061694E1,2.796244774E1,-7.594803057E-1,-9.607038869E1
5.144906708E0,6.494951002E-1,1.612663969E-1,-1.881385426E-1,-7.188555260E-1,9.899290920E1,2.868605781E1,-7.182581941E-1,-9.598723787E1
5.154950708E0,6.489947802E-1,1.651449317E-1,-1.930693946E-1,-7.171173426E-1,9.906828916E1,2.942669589E1,-7.875821975E-1,-9.591632046E1
5.164995708E0,6.486055620E-1,1.680473559E-1,-1.982398199E-1,-7.153822754E-1,9.912690091E1,3.011237379E1,-9.581847831E-1,-9.586333304E1
5.175040708E0,6.483945485E-1,1.698527280E-1,-2.030726185E-1,-7.137899938E-1,9.915866641E1,3.068225845E1,-1.195506017E0,-9.582505668E1
5.185085708E0,6.484510753E-1,1.706409518E-1,-2.070041253E-1,-7.124200026E-1,9.915015772E1,3.109228588E1,-1.451345034E0,-9.578629192E1
5.195130708E0,6.488354651E-1,1.706096815E-1,-2.095725516E-1,-7.113257756E-1,9.909228326E1,3.131656606E1,-1.675457357E0,-9.573068841E1
5.205175708E0,6.495471990E-1,1.699118785E-1,-2.105652982E-1,-7.105495570E-1,9.898505738E1,3.134791761E1,-1.838511876E0,-9.565208249E1
5.215219708E0,6.505433845E-1,1.686652419E-1,-2.099445766E-1,-7.101186450E-1,9.883483345E1,3.119228803E1,-1.926156714E0,-9.555176981E1
5.225264708E0,6.517711854E-1,1.669808853E-1,-2.078438512E-1,-7.100089157E-1,9.864944969E1,3.087068174E1,-1.937965629E0,-9.543276428E1
5.235309708E0,6.531521216E-1,1.649443601E-1,-2.045479150E-1,-7.101731672E-1,9.844063580E1,3.041575103E1,-1.886729565E0,-9.530293808E1
5.245354708E0,6.545525060E-1,1.626795768E-1,-2.004804293E-1,-7.105659627E-1,9.822854541E1,2.987551528E1,-1.791403449E0,-9.517723478E1
5.255399708E0,6.558307330E-1,1.604607112E-1,-1.961079914E-1,-7.111118513E-1,9.803465884E1,2.931335517E1,-1.662743116E0,-9.506662040E1
5.265444708E0,6.568837694E-1,1.585453858E-1,-1.918697926E-1,-7.117253856E-1,9.787471573E1,2.878843074E1,-1.512254365E0,-9.497748707E1
5.275488708E0,6.576251851E-1,1.570739959E-1,-1.881923128E-1,-7.123486848E-1,9.776198716E1,2.834909645E1,-1.360163416E0,-9.491847200E1
5.285533708E0,6.580468801E-1,1.561259815E-1,-1.854224061E-1,-7.128937542E-1,9.769782733E1,2.803152574E1,-1.227988256E0,-9.488853319E1
5.295578708E0,6.582487346E-1,1.556427600E-1,-1.836765019E-1,-7.132649283E-1,9.766710458E1,2.784068734E1,-1.133419144E0,-9.487513127E1
5.305623708E0,6.583630500E-1,1.555351183E-1,-1.828251131E-1,-7.134016396E-1,9.764970229E1,2.775780314E1,-1.077945106E0,-9.486158239E1
5.315668708E0,6.584870487E-1,1.556248384E-1,-1.826852383E-1,-7.133034348E-1,9.763082331E1,2.775257213E1,-1.064402707E0,-9.483956454E1
5.325713708E0,6.586397335E-1,1.557745150E-1,-1.829961846E-1,-7.130501032E-1,9.760757306E1,2.779133184E1,-1.083358631E0,-9.481111152E1
5.335757708E0,6.588437743E-1,1.558870036E-1,-1.835040343E-1,-7.127063878E-1,9.757649609E1,2.784421047E1,-1.122934787E0,-9.477621942E1
5.345802708E0,6.590843222E-1,1.558632223E-1,-1.840068778E-1,-7.123594613E-1,9.753984933E1,2.788576899E1,-1.174119369E0,-9.474069819E1
5.355847708E0,6.593324459E-1,1.556714054E-1,-1.843692209E-1,-7.120779572E-1,9.750203764E1,2.790171799E1,-1.227419097E0,-9.471002593E1
5.365892708E0,6.595816734E-1,1.553154173E-1,-1.845225037E-1,-7.118852065E-1,9.746404674E1,2.788641192E1,-1.276760351E0,-9.468505162E1
5.375937708E0,6.598131913E-1,1.547666416E-1,-1.844888310E-1,-7.117989266E-1,9.742874548E1,2.783954083E1,-1.325419433E0,-9.466958629E1
5.385982708E0,6.599642694E-1,1.539588960E-1,-1.843687349E-1,-7.118650735E-1,9.740570435E1,2.776472994E1,-1.384265091E0,-9.467543623E1
5.396026708E0,6.599786177E-1,1.528680683E-1,-1.842882383E-1,-7.121078209E-1,9.740351584E1,2.767119939E1,-1.463235402E0,-9.471193906E1
5.406071708E0,6.598530939E-1,1.515269214E-1,-1.842906750E-1,-7.125099123E-1,9.742266028E1,2.756542141E1,-1.563261610E0,-9.477815250E1
5.416116708E0,6.595917202E-1,1.499894109E-1,-1.843242805E-1,-7.130684213E-1,9.746251503E1,2.744729251E1,-1.676261765E0,-9.487144534E1
5.426161708E0,6.591880904E-1,1.483372044E-1,-1.843126137E-1,-7.137898384E-1,9.752403738E1,2.731673151E1,-1.789648582E0,-9.498969544E1
5.436206708E0,6.586135840E-1,1.467019383E-1,-1.842003029E-1,-7.146866838E-1,9.761155529E1,2.717943658E1,-1.887767623E0,-9.513266615E1
5.446251708E0,6.578434399E-1,1.452163199E-1,-1.839772460E-1,-7.157559862E-1,9.772878416E1,2.704502069E1,-1.958610706E0,-9.529953319E1
5.456295708E0,6.568423733E-1,1.439663800E-1,-1.836900481E-1,-7.170005774E-1,9.788100696E1,2.692433494E1,-1.997899545E0,-9.549287120E1
5.466340708E0,6.555896873E-1,1.429987200E-1,-1.834447008E-1,-7.184022103E-1,9.807124340E1,2.683024994E1,-2.009644105E0,-9.571432972E1
5.476385708E0,6.540692213E-1,1.423237118E-1,-1.833847100E-1,-7.199357419E-1,9.830177798E1,2.677608856E1,-2.003740151E0,-9.596600675E1
5.486430708E0,6.522758149E-1,1.419268084E-1,-1.836524123E-1,-7.215710975E-1,9.857318172E1,2.677317950E1,-1.992202545E0,-9.624913725E1
5.496475708E0,6.502327385E-1,1.416975888E-1,-1.843300954E-1,-7.232852599E-1,9.888169668E1,2.682016422E1,-1.990819896E0,-9.656367288E1
5.506520708E0,6.479597300E-1,1.414215375E-1,-1.854476507E-1,-7.250911971E-1,9.922409939E1,2.690322230E1,-2.019417962E0,-9.691350968E1
5.516564708E0,6.454787005E-1,1.409460104E-1,-1.869489267E-1,-7.270086390E-1,9.959684744E1,2.700596580E1,-2.086323397E0,-9.730014720E1
5.526609708E0,6.428360957E-1,1.402489884E-1,-1.887048672E-1,-7.290283976E-1,9.999274685E1,2.711564374E1,-2.184736715E0,-9.771707329E1
5.536654708E0,6.400667395E-1,1.393714199E-1,-1.905340483E-1,-7.311545085E-1,1.004064074E2,2.721956877E1,-2.298459654E0,-9.815748428E1
5.546699708E0,6.371720044E-1,1.384525264E-1,-1.923323569E-1,-7.333833235E-1,1.008374705E2,2.731925669E1,-2.408279940E0,-9.861637815E1
5.556744708E0,6.341442802E-1,1.376790080E-1,-1.940734195E-1,-7.356909266E-1,1.012869076E2,2.742648136E1,-2.496749188E0,-9.908857655E1
5.566789708E0,6.309557341E-1,1.372581006E-1,-1.957890359E-1,-7.380527201E-1,1.017586598E2,2.755955517E1,-2.548267734E0,-9.957129453E1
5.576833708E0,6.276010715E-1,1.372973445E-1,-1.974784660E-1,-7.404516608E-1,1.022532903E2,2.772603876E1,-2.553446635E0,-1.000615650E2
5.586878708E0,6.240742917E-1,1.376292589E-1,-1.991038724E-1,-7.429314286E-1,1.027714497E2,2.790950373E1,-2.522574738E0,-1.005653337E2
5.596923708E0,6.203829706E-1,1.378277679E-1,-2.006270832E-1,-7.455716915E-1,1.033117872E2,2.807451016E1,-2.488008109E0,-1.010951077E2
5.606968708E0,6.165318761E-1,1.374702889E-1,-2.019332246E-1,-7.484739762E-1,1.038733727E2,2.817942355E1,-2.476560243E0,-1.016638531E2
5.617013708E0,6.125456114E-1,1.362390161E-1,-2.028375221E-1,-7.517204795E-1,1.044524086E2,2.818434744E1,-2.502739262E0,-1.022780662E2
5.627058708E0,6.084296977E-1,1.340701946E-1,-2.030220278E-1,-7.553942727E-1,1.050479074E2,2.805596644E1,-2.550363790E0,-1.029381253E2
5.637102708E0,6.041634461E-1,1.312500726E-1,-2.021894089E-1,-7.595257386E-1,1.056626638E2,2.778791320E1,-2.575469316E0,-1.036363062E2
5.647147708E0,5.997231281E-1,1.283770273E-1,-2.002013842E-1,-7.640490859E-1,1.062998585E2,2.740993337E1,-2.519425445E0,-1.043558133E2
5.657192708E0,5.951279731E-1,1.260403217E-1,-1.971686656E-1,-7.688049047E-1,1.069564889E2,2.697282694E1,-2.342923933E0,-1.050754247E2
5.667237708E0,5.903888076E-1,1.245579591E-1,-1.935133274E-1,-7.736142026E-1,1.076307919E2,2.653667604E1,-2.050285317E0,-1.057849115E2
5.677282708E0,5.854202210E-1,1.239705558E-1,-1.899739852E-1,-7.783471883E-1,1.083346355E2,2.617232596E1,-1.687315683E0,-1.064962174E2
5.687327708E0,5.801102344E-1,1.240745637E-1,-1.873802154E-1,-7.829217124E-1,1.090834074E2,2.594313347E1,-1.324855018E0,-1.072315869E2
5.697371708E0,5.744047102E-1,1.245128435E-1,-1.862517388E-1,-7.873157953E-1,1.098840913E2,2.587373393E1,-1.025987060E0,-1.080086922E2
5.707417708E0,5.683004873E-1,1.250666531E-1,-1.866799719E-1,-7.915450735E-1,1.107364032E2,2.595889114E1,-8.129886018E-1,-1.088334601E2
5.717462708E0,5.617691588E-1,1.257684245E-1,-1.885149561E-1,-7.956505137E-1,1.116435293E2,2.618811580E1,-6.685625834E-1,-1.097074854E2
5.727507708E0,5.547754477E-1,1.267103380E-1,-1.914567693E-1,-7.996955470E-1,1.126095009E2,2.654029902E1,-5.598828467E-1,-1.106313740E2
5.737552708E0,5.473533666E-1,1.279008232E-1,-1.951403775E-1,-8.037200863E-1,1.136287367E2,2.698164215E1,-4.600077650E-1,-1.115986913E2
5.747597708E0,5.395404788E-1,1.292422810E-1,-1.992553350E-1,-8.077684176E-1,1.146952745E2,2.747594262E1,-3.562085577E-1,-1.126060273E2
5.757641708E0,5.313829352E-1,1.305774510E-1,-2.035643023E-1,-8.118763234E-1,1.158021162E2,2.798988696E1,-2.472728106E-1,-1.136511523E2
5.767686708E0,5.229645659E-1,1.317231683E-1,-2.078188818E-1,-8.160689654E-1,1.169373607E2,2.848727128E1,-1.359884094E-1,-1.147282875E2
5.777731708E0,5.143518679E-1,1.325370529E-1,-2.117529029E-1,-8.203881639E-1,1.180917145E2,2.893260808E1,-2.104722054E-2,-1.158331625E2
5.787776708E0,5.055310804E-1,1.329015678E-1,-2.151672112E-1,-8.249112373E-1,1.192667740E2,2.929853605E1,9.835215180E-2,-1.169717828E2
5.797821708E0,4.964870938E-1,1.327391866E-1,-2.179517165E-1,-8.296854110E-1,1.204642823E2,2.956910537E1,2.201942112E-1,-1.181489391E2
5.807866708E0,4.872110887E-1,1.320278505E-1,-2.200721903E-1,-8.347227918E-1,1.216851225E2,2.973955732E1,3.420629389E-1,-1.193666539E2
5.817910708E0,4.776988927E-1,1.308440061E-1,-2.215746227E-1,-8.399929918E-1,1.229295588E2,2.981933377E1,4.654870601E-1,-1.206228035E2
5.827955708E0,4.679323299E-1,1.292645793E-1,-2.226184895E-1,-8.454412727E-1,1.241996738E2,2.982958071E1,5.861714844E-1,-1.219168238E2
5.838000708E0,4.578929717E-1,1.273613172E-1,-2.233978427E-1,-8.510032027E-1,1.254975437E2,2.979492912E1,6.981762934E-1,-1.232481935E2
5.848045708E0,4.475968759E-1,1.251328553E-1,-2.241297754E-1,-8.566005992E-1,1.268207875E2,2.973864071E1,7.871646685E-1,-1.246144380E2
5.858090708E0,4.371147229E-1,1.226007674E-1,-2.249438523E-1,-8.621485364E-1,1.281601330E2,2.967667878E1,8.450061591E-1,-1.260055448E2
5.868134708E0,4.265484448E-1,1.197678196E-1,-2.258923724E-1,-8.675739948E-1,1.295025713E2,2.961613141E1,8.655894443E-1,-1.274084804E2
5.878179708E0,4.159870767E-1,1.166485155E-1,-2.269984691E-1,-8.728227526E-1,1.308370144E2,2.956174565E1,8.462950341E-1,-1.288117858E2
5.888224708E0,4.055051976E-1,1.132886425E-1,-2.282468271E-1,-8.778579944E-1,1.321544214E2,2.951567981E1,7.902559854E-1,-1.302049661E2
5.898269708E0,3.951284117E-1,1.097434077E-1,-2.295910271E-1,-8.826765383E-1,1.334520340E2,2.947685457E1,7.047550930E-1,-1.315834394E2
5.908314708E0,3.848330535E-1,1.061615788E-1,-2.309800818E-1,-8.872888154E-1,1.347332472E2,2.944769099E1,6.081730407E-1,-1.329456938E2
5.918359708E0,3.746330104E-1,1.026358422E-1,-2.323784142E-1,-8.916929082E-1,1.359967351E2,2.942879217E1,5.114320976E-1,-1.342875523E2
5.928403708E0,3.645862343E-1,9.914334357E-2,-2.337219082E-1,-8.958914719E-1,1.372357578E2,2.941187607E1,4.136660139E-1,-1.356033479E2
5.938448708E0,3.547763025E-1,9.564481270E-2,-2.349355952E-1,-8.998838742E-1,1.384405298E2,2.938671929E1,3.116496488E-1,-1.368849184E2
5.948493708E0,3.452270067E-1,9.212510304E-2,-2.359754264E-1,-9.036851828E-1,1.396086926E2,2.934756650E1,2.047756052E-1,-1.381305337E2
5.958538708E0,3.359257030E-1,8.859399793E-2,-2.368339999E-1,-9.073118348E-1,1.407423214E2,2.929374487E1,9.439540238E-2,-1.393419112E2
5.968583708E0,3.268860680E-1,8.511572916E-2,-2.374786096E-1,-9.107715643E-1,1.418402379E2,2.922390547E1,-1.231436831E-2,-1.405159583E2
5.978628708E0,3.180911587E-1,8.176652457E-2,-2.378794735E-1,-9.140819042E-1,1.429049491E2,2.913715432E1,-1.061183628E-1,-1.416528356E2
5.988672708E0,3.094701894E-1,7.855196336E-2,-2.380757303E-1,-9.172665200E-1,1.439453909E2,2.903732796E1,-1.861262724E-1,-1.427611573E2
5.998717708E0,3.008964878E-1,7.545257368E-2,-2.381844428E-1,-9.203457899E-1,1.449770876E2,2.893622038E1,-2.551279238E-1,-1.438567043E2
6.008762708E0,2.923019236E-1,7.247207500E-2,-2.382846048E-1,-9.233243709E-1,1.460083616E2,2.884243995E1,-3.135029040E-1,-1.449475918E2
6.018807708E0,2.836621146E-1,6.962933329E-2,-2.383520398E-1,-9.262159397E-1,1.470422133E2,2.875352339E1,-3.574873351E-1,-1.460362619E2
6.028852708E0,2.750099146E-1,6.694756619E-2,-2.383527616E-1,-9.290185787E-1,1.480747900E2,2.866591282E1,-3.843246130E-1,-1.471183759E2
6.038897708E0,2.664141491E-1,6.450789587E-2,-2.382563296E-1,-9.317167356E-1,1.490980026E2,2.857817170E1,-3.863794408E-1,-1.481838095E2
6.048941708E0,2.579150264E-1,6.240387251E-2,-2.380276724E-1,-9.343064488E-1,1.501072339E2,2.848837564E1,-3.536974453E-1,-1.492254898E2
6.058986708E0,2.495295315E-1,6.067584645E-2,-2.376819892E-1,-9.367821968E-1,1.511006519E2,2.839836654E1,-2.828844716E-1,-1.502406181E2
6.069031708E0,2.412158338E-1,5.933927505E-2,-2.373440241E-1,-9.391280693E-1,1.520833781E2,2.832173766E1,-1.746329798E-1,-1.512339038E2
6.079076708E0,2.329196271E-1,5.834546290E-2,-2.371782079E-1,-9.413239412E-1,1.530619528E2,2.827492010E1,-3.683874317E-2,-1.522132363E2
6.089121708E0,2.246535764E-1,5.758230991E-2,-2.372988322E-1,-9.433474535E-1,1.540349839E2,2.826716851E1,1.157483350E-1,-1.531804536E2
6.099166708E0,2.164777200E-1,5.691547301E-2,-2.377294571E-1,-9.451893129E-1,1.549955273E2,2.829723391E1,2.673162603E-1,-1.541325621E2
6.109210708E0,2.084426341E-1,5.626946719E-2,-2.384500839E-1,-9.468511210E-1,1.559377956E2,2.836088097E1,4.097421706E-1,-1.550660042E2
6.119255708E0,2.005311227E-1,5.567357398E-2,-2.394144881E-1,-9.483504109E-1,1.568639613E2,2.845367540E1,5.486728462E-1,-1.559819594E2
6.129300708E0,1.926895330E-1,5.518808443E-2,-2.405053117E-1,-9.497275170E-1,1.577804319E2,2.856350960E1,6.956779477E-1,-1.568848706E2
6.139345708E0,1.848672043E-1,5.476578354E-2,-2.415164252E-1,-9.510492000E-1,1.586932196E2,2.866514838E1,8.521902086E-1,-1.577820299E2
6.149390708E0,1.770085030E-1,5.421437632E-2,-2.421062071E-1,-9.524249575E-1,1.596088764E2,2.871433166E1,1.006196293E0,-1.586858073E2
6.159434708E0,1.690977502E-1,5.337916276E-2,-2.418939029E-1,-9.539621795E-1,1.605292710E2,2.866346988E1,1.148053647E0,-1.596031850E2
6.169479708E0,1.611912543E-1,5.223255775E-2,-2.405703233E-1,-9.557274581E-1,1.614479047E2,2.847639095E1,1.276914357E0,-1.605293556E2
6.179524708E0,1.533872174E-1,5.083258696E-2,-2.379441320E-1,-9.577426253E-1,1.623534558E2,2.813253389E1,1.396659565E0,-1.614521744E2
6.189569708E0,1.457890257E-1,4.923147033E-2,-2.340146549E-1,-9.599785578E-1,1.632340548E2,2.763344291E1,1.506409385E0,-1.623587978E2
6.199614708E0,1.385087477E-1,4.750652626E-2,-2.291132082E-1,-9.623230184E-1,1.640768738E2,2.701988095E1,1.602478532E0,-1.632341069E2
6.209659708E0,1.315375747E-1,4.580421505E-2,-2.239246151E-1,-9.646023200E-1,1.648830962E2,2.637466881E1,1.687988911E0,-1.640740165E2
6.219703708E0,1.248354671E-1,4.424375432E-2,-2.193332797E-1,-9.666185409E-1,1.656574914E2,2.580284184E1,1.763414001E0,-1.648784034E2
6.229748708E0,1.183169512E-1,4.279301238E-2,-2.161369312E-1,-9.682223971E-1,1.664100420E2,2.539646148E1,1.817783244E0,-1.656563453E2
6.239793708E0,1.119209562E-1,4.131538075E-2,-2.148898955E-1,-9.693240735E-1,1.671478757E2,2.521791158E1,1.833469658E0,-1.664170974E2
6.249838708E0,1.056133010E-1,3.966819235E-2,-2.157481792E-1,-9.699097883E-1,1.678749948E2,2.528377446E1,1.798086651E0,-1.671677829E2
6.259883708E0,9.936237548E-2,3.775848703E-2,-2.185073331E-1,-9.700288531E-1,1.685950912E2,2.556993481E1,1.709434161E0,-1.679149795E2
6.269928708E0,9.319241403E-2,3.572174058E-2,-2.225871692E-1,-9.697907235E-1,1.693054176E2,2.601161965E1,1.592933564E0,-1.686540379E2
6.279972708E0,8.708529353E-2,3.360581073E-2,-2.273386047E-1,-9.693317021E-1,1.700081037E2,2.653420936E1,1.464333412E0,-1.693873119E2
6.290017708E0,8.104851613E-2,3.136581110E-2,-2.321473283E-1,-9.687904523E-1,1.707023260E2,2.706560385E1,1.326137757E0,-1.701164064E2
6.300062708E0,7.510378744E-2,2.903685001E-2,-2.364081534E-1,-9.683116641E-1,1.713856286E2,2.753525875E1,1.187433788E0,-1.708388955E2
6.310107708E0,6.925043312E-2,2.681343516E-2,-2.396729326E-1,-9.680093869E-1,1.720581286E2,2.789203369E1,1.072433639E0,-1.715498523E2
6.320152708E0,6.346763262E-2,2.481576938E-2,-2.416329612E-1,-9.679718762E-1,1.727222535E2,2.809980508E1,9.952886116E-1,-1.722481611E2
6.330197708E0,5.779799641E-2,2.305876209E-2,-2.421181452E-1,-9.682491603E-1,1.733731444E2,2.813771099E1,9.548993804E-1,-1.729284500E2
6.340241708E0,5.224257816E-2,2.150590360E-2,-2.410966952E-1,-9.688552742E-1,1.740107150E2,2.800096460E1,9.443454051E-1,-1.735915109E2
6.350286708E0,4.675956820E-2,2.012215935E-2,-2.386786884E-1,-9.697634123E-1,1.746397937E2,2.770183531E1,9.572532076E-1,-1.742429258E2
6.360331708E0,4.131588125E-2,1.888649804E-2,-2.350914015E-1,-9.709110710E-1,1.752642008E2,2.726679346E1,9.882982565E-1,-1.748869326E2
6.370376708E0,3.595425421E-2,1.786340437E-2,-2.306208432E-1,-9.722150523E-1,1.758790578E2,2.672987402E1,1.040006469E0,-1.755170303E2
6.380421708E0,3.076159388E-2,1.711796360E-2,-2.255909645E-1,-9.735858364E-1,1.764744248E2,2.612945789E1,1.114618662E0,-1.761218840E2
6.390465708E0,2.581144652E-2,1.665482241E-2,-2.203987151E-1,-9.749260219E-1,1.770418976E2,2.551202480E1,1.208848443E0,-1.766931865E2
6.400510708E0,2.115725434E-2,1.642255113E-2,-2.154775016E-1,-9.761413684E-1,1.775753763E2,2.492799027E1,1.314689012E0,-1.772260829E2
6.410555708E0,1.680496003E-2,1.627337236E-2,-2.112850703E-1,-9.771445056E-1,1.780742028E2,2.443025358E1,1.415441307E0,-1.777230100E2
6.420600708E0,1.265627714E-2,1.601959565E-2,-2.081905538E-1,-9.778751633E-1,1.785496587E2,2.406123188E1,1.493325425E0,-1.781986990E2
6.430645708E0,8.633824064E-3,1.555147060E-2,-2.063801149E-1,-9.783101610E-1,1.790106243E2,2.384238024E1,1.539414792E0,-1.786637089E2
6.440690708E0,4.708308741E-3,1.483819841E-2,-2.057827044E-1,-9.784739015E-1,1.794604656E2,2.376546564E1,1.552894438E0,-1.791218258E2
6.450734708E0,9.423192390E-4,1.388051665E-2,-2.060867306E-1,-9.784348735E-1,1.798920182E2,2.379438814E1,1.534218482E0,-1.795663878E2
6.460779708E0,2.584781925E-3,-1.276330906E-2,2.069176979E-1,9.782716809E-1,1.797038055E2,2.388578761E1,1.492244868E0,-1.799871229E2
6.470824708E0,5.812092557E-3,-1.169540275E-2,2.079726862E-1,9.780474175E-1,1.793339795E2,2.400450769E1,1.449441591E0,1.796272059E2
6.480869708E0,8.724439789E-3,-1.082091886E-2,2.089996152E-1,9.778169585E-1,1.790002402E2,2.412091812E1,1.421571921E0,1.792813469E2
6.490914708E0,1.136519273E-2,-1.015559925E-2,2.097840208E-1,9.776289836E-1,1.786976168E2,2.420957074E1,1.411067709E0,1.789705478E2
6.500958708E0,1.375542480E-2,-9.690055698E-3,2.102531257E-1,9.775022059E-1,1.784236947E2,2.426168916E1,1.416974168E0,1.786921581E2
6.511003708E0,1.593702997E-2,-9.346337612E-3,2.104375498E-1,9.774327479E-1,1.781736736E2,2.428071042E1,1.431301864E0,1.784396659E2
6.521048708E0,1.795540040E-2,-8.998805236E-3,2.104140635E-1,9.774060689E-1,1.779423521E2,2.427563970E1,1.440975240E0,1.782050660E2
6.531093708E0,1.984488577E-2,-8.534631456E-3,2.102558337E-1,9.774077127E-1,1.777257943E2,2.425518108E1,1.434184929E0,1.779819000E2
6.541138708E0,2.162006888E-2,-7.903271666E-3,2.100257330E-1,9.774248664E-1,1.775223296E2,2.422685434E1,1.405678108E0,1.777674251E2
6.551183708E0,2.327711438E-2,-7.110310321E-3,2.097267959E-1,9.774570666E-1,1.773323982E2,2.419111665E1,1.355957588E0,1.775622331E2
6.561227708E0,2.484404991E-2,-6.197061871E-3,2.093299096E-1,9.775098345E-1,1.771527886E2,2.414453520E1,1.290214230E0,1.773641639E2
6.571272708E0,2.632761898E-2,-5.295930640E-3,2.087790397E-1,9.775941282E-1,1.769827285E2,2.408029180E1,1.223234710E0,1.771755891E2
6.581317708E0,2.771935006E-2,-4.498575486E-3,2.079980797E-1,9.777260899E-1,1.768231895E2,2.398922963E1,1.164782670E0,1.769995799E2
6.591362708E0,2.900895933E-2,-3.851273650E-3,2.069496663E-1,9.779138120E-1,1.766753517E2,2.386679513E1,1.119585876E0,1.768383605E2
6.601407708E0,3.021465423E-2,-3.400881890E-3,2.057002546E-1,9.781425430E-1,1.765371286E2,2.372054496E1,1.093465724E0,1.766910558E2
6.611452708E0,3.132117759E-2,-3.146472976E-3,2.043693730E-1,9.783875004E-1,1.764102703E2,2.356440336E1,1.086342561E0,1.765594287E2
6.621496708E0,3.228718336E-2,-3.037007073E-3,2.030671091E-1,9.786276532E-1,1.762995182E2,2.341138339E1,1.091959117E0,1.764469846E2
6.631541708E0,3.312851875E-2,-2.963028817E-3,2.019428525E-1,9.788323183E-1,1.762030566E2,2.327924457E1,1.099043528E0,1.763495354E2
6.641586708E0,3.386785876E-2,-2.825840826E-3,2.011289969E-1,9.789750275E-1,1.761182869E2,2.318375931E1,1.097652144E0,1.762624200E2
6.651631708E0,3.450216883E-2,-2.582769413E-3,2.007066327E-1,9.790402708E-1,1.760455579E2,2.313455308E1,1.083350055E0,1.761851132E2
6.661676708E0,3.505016216E-2,-2.237439210E-3,2.007181599E-1,9.790192817E-1,1.759827244E2,2.313655843E1,1.057247363E0,1.761156426E2
6.671720708E0,3.555255259E-2,-1.838824854E-3,2.011794045E-1,9.789073397E-1,1.759251188E2,2.319142639E1,1.025933520E0,1.760505421E2
6.681765708E0,3.605085478E-2,-1.436954653E-3,2.020929585E-1,9.787016209E-1,1.758679810E2,2.329925562E1,9.960769964E-1,1.759862529E2
6.691810708E0,3.656196961E-2,-1.051901045E-3,2.034237452E-1,9.784073938E-1,1.758093729E2,2.345587770E1,9.702656650E-1,1.759212665E2
6.701855708E0,3.708783584E-2,-6.108974957E-4,2.050616561E-1,9.780459845E-1,1.757490722E2,2.364872198E1,9.400113896E-1,1.758535306E2
6.711900542E0,3.757505341E-2,-2.044122153E-5,2.068060088E-1,9.776601723E-1,1.756932022E2,2.385475860E1,8.927881843E-1,1.757865835E2
6.721945542E0,3.796002273E-2,7.385181530E-4,2.084545827E-1,9.772948434E-1,1.756490565E2,2.405048253E1,8.240781675E-1,1.757268242E2
6.731989542E0,3.822196539E-2,1.609872636E-3,2.098701795E-1,9.769805543E-1,1.756190182E2,2.421962036E1,7.390027155E-1,1.756777347E2
6.742034542E0,3.832526732E-2,2.561379888E-3,2.110027707E-1,9.767304971E-1,1.756071720E2,2.435617532E1,6.400025526E-1,1.756440435E2
6.752079542E0,3.823659035E-2,3.508777822E-3,2.118942397E-1,9.765380546E-1,1.756173411E2,2.446466685E1,5.357987687E-1,1.756315914E2
6.762124542E0,3.795214127E-2,4.381986766E-3,2.126239597E-1,9.763869581E-1,1.756499603E2,2.455402531E1,4.344230346E-1,1.756426071E2
6.772169542E0,3.749320423E-2,5.183324797E-3,2.133430271E-1,9.762438696E-1,1.757025880E2,2.464189548E1,3.367549757E-1,1.756747609E2
6.782213542E0,3.689788000E-2,5.967551207E-3,2.141601913E-1,9.760831636E-1,1.757708544E2,2.474120342E1,2.380337979E-1,1.757224805E2
6.792258542E0,3.621151857E-2,6.918468403E-3,2.150197763E-1,9.759136069E-1,1.758495582E2,2.484616721E1,1.185296017E-1,1.757761118E2
6.802303542E0,3.546501359E-2,8.293467189E-3,2.156597551E-1,9.757890208E-1,1.759351564E2,2.492713066E1,-5.091281671E-2,1.758257531E2
6.812348542E0,3.465570980E-2,1.036129694E-2,2.155666527E-1,9.758189450E-1,1.760279528E2,2.492503373E1,-3.025385336E-1,1.758651854E2
6.822393542E0,3.378900201E-2,1.314763564E-2,2.142734504E-1,9.761005703E-1,1.761273284E2,2.478532720E1,-6.409616129E-1,1.758940062E2
6.832438542E0,3.290657344E-2,1.624834767E-2,2.116404841E-1,9.766582995E-1,1.762285036E2,2.449009783E1,-1.020459751E0,1.759190468E2
6.842482542E0,3.210354954E-2,1.909099455E-2,2.078441594E-1,9.774485108E-1,1.763205720E2,2.405772938E1,-1.373847111E0,1.759449227E2
6.852527542E0,3.148196782E-2,2.105656552E-2,2.033809451E-1,9.783668063E-1,1.763918360E2,2.354375111E1,-1.627214029E0,1.759748038E2
6.862572542E0,3.117863695E-2,2.165583048E-2,1.990902906E-1,9.792456103E-1,1.764266123E2,2.304432631E1,-1.719018173E0,1.760022445E2
6.872617542E0,3.128463627E-2,2.089598075E-2,1.959004748E-1,9.799018789E-1,1.764144597E2,2.266811719E1,-1.644309268E0,1.760131549E2
6.882662542E0,3.175659668E-2,1.927135145E-2,1.945882274E-1,9.801813968E-1,1.763603501E2,2.250792435E1,-1.456611068E0,1.759988238E2
6.892706542E0,3.246449515E-2,1.726203206E-2,1.955348983E-1,9.800072460E-1,1.762791891E2,2.261009265E1,-1.211205501E0,1.759631948E2
6.902751542E0,3.326010121E-2,1.541156414E-2,1.987727351E-1,9.793598282E-1,1.761879701E2,2.298072441E1,-9.720426588E-1,1.759122454E2
6.912796542E0,3.414101249E-2,1.429511520E-2,2.038835252E-1,9.782952410E-1,1.760869677E2,2.357393557E1,-8.049236819E-1,1.758345828E2
6.922841542E0,3.517778282E-2,1.416649355E-2,2.102468880E-1,9.769125293E-1,1.759680912E2,2.431899732E1,-7.383803408E-1,1.757163390E2
6.932886542E0,3.642962851E-2,1.500505779E-2,2.170826327E-1,9.753578164E-1,1.758245482E2,2.512523172E1,-7.708876350E-1,1.755502040E2
6.942931542E0,3.789292494E-2,1.660658535E-2,2.235278447E-1,9.738191614E-1,1.756567508E2,2.589108026E1,-8.825832437E-1,1.753404198E2
6.952975542E0,3.946007121E-2,1.853507762E-2,2.288454072E-1,9.724860987E-1,1.754770346E2,2.652786629E1,-1.030789404E0,1.751098372E2
6.963020542E0,4.101061162E-2,2.038298512E-2,2.325443621E-1,9.715069853E-1,1.752992118E2,2.697517416E1,-1.176413815E0,1.748833995E2
6.973065542E0,4.245422548E-2,2.188836518E-2,2.344481353E-1,9.709545244E-1,1.751336415E2,2.720994069E1,-1.294913858E0,1.746793596E2
6.983110542E0,4.372861974E-2,2.297576441E-2,2.346498395E-1,9.708240799E-1,1.749874709E2,2.724199199E1,-1.380332897E0,1.745074753E2
6.993155542E0,4.488563502E-2,2.379663750E-2,2.335385325E-1,9.710194727E-1,1.748547564E2,2.711786752E1,-1.446811804E0,1.743578023E2
7.003199542E0,4.602638162E-2,2.455588137E-2,2.315610972E-1,9.714207107E-1,1.747239012E2,2.689163310E1,-1.512345564E0,1.742130655E2
7.013244542E0,4.722453223E-2,2.548200568E-2,2.291695270E-1,9.719063267E-1,1.745864538E2,2.661823451E1,-1.598037367E0,1.740583673E2
7.023289542E0,4.849268876E-2,2.650940887E-2,2.267066653E-1,9.723938393E-1,1.744409670E2,2.633772320E1,-1.694365131E0,1.738936532E2
7.033334542E0,4.982958679E-2,2.747934483E-2,2.244122647E-1,9.728314921E-1,1.742875843E2,2.607720446E1,-1.782232157E0,1.737228524E2
7.043379542E0,5.117128957E-2,2.827934470E-2,2.224823710E-1,9.731821539E-1,1.741336401E2,2.585869079E1,-1.849398453E0,1.735555583E2
7.053424542E0,5.242199730E-2,2.876195773E-2,2.210431299E-1,9.734293452E-1,1.739901269E2,2.569553374E1,-1.880809464E0,1.734058724E2
7.063468542E0,5.350036656E-2,2.885870582E-2,2.201009371E-1,9.735813267E-1,1.738663812E2,2.558758755E1,-1.870560056E0,1.732844744E2
7.073513542E0,5.438422812E-2,2.857800781E-2,2.195843853E-1,9.736572332E-1,1.737649504E2,2.552632266E1,-1.820393400E0,1.731936763E2
7.083558542E0,5.508938705E-2,2.797473889E-2,2.194246698E-1,9.736710995E-1,1.736840238E2,2.550404678E1,-1.736353577E0,1.731304338E2
7.093603542E0,5.564467177E-2,2.716885954E-2,2.195505309E-1,9.736339681E-1,1.736202951E2,2.551338402E1,-1.631512366E0,1.730886360E2
7.103648542E0,5.608645504E-2,2.632512178E-2,2.198675173E-1,9.735602954E-1,1.735695913E2,2.554463196E1,-1.523961366E0,1.730602307E2
7.113692542E0,5.640306217E-2,2.562668528E-2,2.203335561E-1,9.734552655E-1,1.735332533E2,2.559429781E1,-1.434715292E0,1.730419550E2
7.123737542E0,5.657084877E-2,2.525532940E-2,2.209214414E-1,9.733219550E-1,1.735139956E2,2.566059646E1,-1.384842401E0,1.730318478E2
7.133782542E0,5.658193339E-2,2.524818550E-2,2.215553722E-1,9.731773492E-1,1.735127234E2,2.573492903E1,-1.379234698E0,1.730298961E2
7.143827542E0,5.641119651E-2,2.552608075E-2,2.221815057E-1,9.730372952E-1,1.735323197E2,2.581033870E1,-1.410111725E0,1.730409497E2
7.153872542E0,5.607102929E-2,2.596528252E-2,2.227226397E-1,9.729216864E-1,1.735713618E2,2.587680714E1,-1.463940258E0,1.730668665E2
7.163916542E0,5.560505374E-2,2.644755837E-2,2.231189359E-1,9.728446419E-1,1.736248421E2,2.592642298E1,-1.526864004E0,1.731058981E2
7.173961542E0,5.505099127E-2,2.687859419E-2,2.233195971E-1,9.728182580E-1,1.736884304E2,2.595251919E1,-1.587757186E0,1.731563746E2
7.184006542E0,5.447644543E-2,2.715639461E-2,2.232824341E-1,9.728513854E-1,1.737543674E2,2.594944361E1,-1.633781683E0,1.732134946E2
7.194051542E0,5.396946099E-2,2.726499650E-2,2.229809050E-1,9.729457522E-1,1.738125491E2,2.591410566E1,-1.661031417E0,1.732679013E2
7.204096542E0,5.358027699E-2,2.722422996E-2,2.224632258E-1,9.730868599E-1,1.738572110E2,2.585242340E1,-1.670053116E0,1.733133812E2
7.214141542E0,5.329962112E-2,2.706411408E-2,2.218042809E-1,9.732571753E-1,1.738894178E2,2.577343158E1,-1.663903811E0,1.733500465E2
7.224185542E0,5.311004460E-2,2.687620236E-2,2.210851292E-1,9.734363837E-1,1.739111725E2,2.568732396E1,-1.652688973E0,1.733773220E2
7.234230542E0,5.298061163E-2,2.671658171E-2,2.203798123E-1,9.736077949E-1,1.739260253E2,2.560316566E1,-1.642965617E0,1.733970955E2
7.244275542E0,5.288148224E-2,2.661293207E-2,2.197563445E-1,9.737569105E-1,1.739374006E2,2.552909079E1,-1.638135932E0,1.734118895E2
7.254320542E0,5.280540718E-2,2.658589487E-2,2.192802537E-1,9.738690632E-1,1.739461304E2,2.547292257E1,-1.640258139E0,1.734218931E2
7.264365542E0,5.272482240E-2,2.662670355E-2,2.190503953E-1,9.739241070E-1,1.739553776E2,2.544614333E1,-1.648397244E0,1.734302629E2
7.274409542E0,5.263660905E-2,2.671295708E-2,2.191324341E-1,9.739080491E-1,1.739655002E2,2.545627427E1,-1.659698429E0,1.734378034E2
7.284454542E0,5.257385239E-2,2.682501501E-2,2.195396886E-1,9.738166326E-1,1.739727015E2,2.550478692E1,-1.671050419E0,1.734412786E2
7.294499542E0,5.258143882E-2,2.697149638E-2,2.201768225E-1,9.736682757E-1,1.739718310E2,2.558064116E1,-1.682913165E0,1.734355912E2
7.304544542E0,5.270897519E-2,2.713067449E-2,2.209643469E-1,9.734785306E-1,1.739571961E2,2.567444118E1,-1.692112968E0,1.734158736E2
7.314589542E0,5.298904100E-2,2.737272384E-2,2.217780129E-1,9.732714631E-1,1.739250580E2,2.577219646E1,-1.706438848E0,1.733768824E2
7.324634542E0,5.343044494E-2,2.767190325E-2,2.225145712E-1,9.730707176E-1,1.738744051E2,2.586162521E1,-1.723449499E0,1.733184647E2
7.334678542E0,5.400570728E-2,2.795467699E-2,2.231394088E-1,9.728877582E-1,1.738083896E2,2.593806702E1,-1.735864875E0,1.732456630E2
7.344723542E0,5.468207990E-2,2.825259199E-2,2.235775885E-1,9.727407500E-1,1.737307683E2,2.599291261E1,-1.748567323E0,1.731614663E2
7.354768542E0,5.541686806E-2,2.857483626E-2,2.237563859E-1,9.726487013E-1,1.736464399E2,2.601763113E1,-1.764232392E0,1.730705505E2
7.364813542E0,5.615991700E-2,2.889120104E-2,2.236601963E-1,9.726188613E-1,1.735611599E2,2.601007233E1,-1.780969593E0,1.729793498E2
7.374858542E0,5.682423562E-2,2.918581805E-2,2.233368773E-1,9.726457510E-1,1.734849128E2,2.597558642E1,-1.798983648E0,1.728979374E2
7.384902542E0,5.730647986E-2,2.943777191E-2,2.229031019E-1,9.727093927E-1,1.734295615E2,2.592752382E1,-1.817796409E0,1.728382206E2
7.394947542E0,5.759092894E-2,2.963327006E-2,2.224999041E-1,9.727789772E-1,1.733969121E2,2.588228163E1,-1.835227865E0,1.728020601E2
7.404992542E0,5.775538595E-2,2.986494075E-2,2.222456216E-1,9.728203654E-1,1.733780353E2,2.585462758E1,-1.858696371E0,1.727781233E2
7.415037542E0,5.795672144E-2,3.024210236E-2,2.221841399E-1,9.728107137E-1,1.733549253E2,2.585087824E1,-1.896008613E0,1.727459212E2
7.425082542E0,5.829642504E-2,3.084095640E-2,2.221734662E-1,9.727740460E-1,1.733159322E2,2.585522023E1,-1.954091903E0,1.726923788E2
7.435126542E0,5.877466533E-2,3.168847684E-2,2.218762993E-1,9.727858049E-1,1.732610357E2,2.582837422E1,-2.038486196E0,1.726174541E2
7.445171542E0,5.930693788E-2,3.266339666E-2,2.208813598E-1,9.729476910E-1,1.731999352E2,2.572100079E1,-2.141066217E0,1.725347258E2
7.455216542E0,5.980970764E-2,3.353404519E-2,2.189021016E-1,9.733344726E-1,1.731422196E2,2.549741300E1,-2.240534760E0,1.724604003E2
7.465261542E0,6.021899568E-2,3.397980079E-2,2.159887955E-1,9.739445483E-1,1.730952339E2,2.516066047E1,-2.302513544E0,1.724099038E2
7.475306542E0,6.045303713E-2,3.361559934E-2,2.125693269E-1,9.746947200E-1,1.730683658E2,2.475739985E1,-2.282635752E0,1.724007907E2
7.485351542E0,6.047137101E-2,3.223922024E-2,2.093620887E-1,9.754340179E-1,1.730662611E2,2.437004609E1,-2.153317817E0,1.724400285E2
7.495395542E0,6.027399732E-2,2.997758874E-2,2.071810841E-1,9.759838235E-1,1.730889198E2,2.409521372E1,-1.922062022E0,1.725218734E2
7.505440542E0,5.984856703E-2,2.713567943E-2,2.067524401E-1,9.761840211E-1,1.731377586E2,2.402073152E1,-1.617741187E0,1.726391346E2
7.515485542E0,5.926407454E-2,2.411983008E-2,2.082848679E-1,9.759731182E-1,1.732048557E2,2.417483804E1,-1.283131165E0,1.727753886E2
7.525530542E0,5.861054550E-2,2.139169618E-2,2.117673883E-1,9.753265856E-1,1.732798750E2,2.456036192E1,-9.685840566E-1,1.729112539E2
7.535575542E0,5.793046396E-2,1.938281933E-2,2.168351148E-1,9.742951679E-1,1.733579392E2,2.513816199E1,-7.246079176E-1,1.730329715E2
7.545619542E0,5.726635606E-2,1.847889587E-2,2.229277789E-1,9.729760137E-1,1.734341669E2,2.584556175E1,-5.974065162E-1,1.731261920E2
7.555664542E0,5.666083229E-2,1.875665414E-2,2.294232931E-1,9.714950999E-1,1.735036677E2,2.661013067E1,-5.984862534E-1,1.731826680E2
7.565709542E0,5.604961869E-2,1.998784788E-2,2.355857103E-1,9.700300754E-1,1.735738191E2,2.734363727E1,-7.086894394E-1,1.732137101E2
7.575754542E0,5.537434189E-2,2.171939847E-2,2.407281421E-1,9.687682831E-1,1.736513205E2,2.796166675E1,-8.836393008E-1,1.732371139E2
7.585799542E0,5.453241644E-2,2.342350092E-2,2.443747928E-1,9.678628845E-1,1.737479441E2,2.840365608E1,-1.070850468E0,1.732793627E2
7.595843542E0,5.342947556E-2,2.459277040E-2,2.462562176E-1,9.674183616E-1,1.738745163E2,2.863329170E1,-1.218676528E0,1.733666291E2
7.605888542E0,5.204533091E-2,2.481231333E-2,2.462306345E-1,9.674947739E-1,1.740333487E2,2.863032338E1,-1.282458664E0,1.735143387E2
7.615933542E0,5.046377042E-2,2.409060124E-2,2.444939841E-1,9.680370774E-1,1.742148207E2,2.841827152E1,-1.258603810E0,1.737130437E2
7.625978542E0,4.886353888E-2,2.276564130E-2,2.414698529E-1,9.689099386E-1,1.743984203E2,2.805045353E1,-1.175652613E0,1.739321906E2
7.636023542E0,4.739134946E-2,2.127298958E-2,2.376309283E-1,9.699655486E-1,1.745673165E2,2.758637600E1,-1.074062740E0,1.741419568E2
7.646068542E0,4.614645799E-2,1.989868622E-2,2.334857857E-1,9.710608187E-1,1.747101268E2,2.708815433E1,-9.796098941E-1,1.743225234E2
7.656112542E0,4.513855826E-2,1.884352933E-2,2.295517673E-1,9.720666111E-1,1.748257441E2,2.661781393E1,-9.116750412E-1,1.744670202E2
7.666157542E0,4.435648134E-2,1.820849223E-2,2.262878626E-1,9.728796238E-1,1.749154534E2,2.622958729E1,-8.797926709E-1,1.745740675E2
7.676202542E0,4.377455980E-2,1.798085710E-2,2.239705025E-1,9.734462882E-1,1.749822015E2,2.595547846E1,-8.822968767E-1,1.746471050E2
7.686247542E0,4.332270344E-2,1.808435922E-2,2.226617691E-1,9.737647077E-1,1.750340296E2,2.580199760E1,-9.126000389E-1,1.746961567E2
7.696292542E0,4.292757673E-2,1.839420178E-2,2.222479924E-1,9.738709599E-1,1.750793500E2,2.575487564E1,-9.595212565E-1,1.747327815E2
7.706336292E0,4.250716192E-2,1.875996267E-2,2.225182274E-1,9.738206787E-1,1.751275700E2,2.578835560E1,-1.009629238E0,1.747701302E2
7.716381292E0,4.200641521E-2,1.908602122E-2,2.232631835E-1,9.736656204E-1,1.751850026E2,2.587726502E1,-1.054865348E0,1.748169405E2
7.726426292E0,4.143823355E-2,1.935542388E-2,2.242832637E-1,9.734502079E-1,1.752501682E2,2.599809160E1,-1.094145354E0,1.748723709E2
7.736471292E0,4.084699756E-2,1.957733757E-2,2.254329981E-1,9.732050818E-1,1.753179763E2,2.613386117E1,-1.128169879E0,1.749313719E2
7.746516292E0,4.027784651E-2,1.977402638E-2,2.266120878E-1,9.729509363E-1,1.753832499E2,2.627297748E1,-1.158795679E0,1.749884425E2
7.756560292E0,3.975771226E-2,1.999104050E-2,2.277422345E-1,9.727039979E-1,1.754429007E2,2.640652683E1,-1.190789974E0,1.750394811E2
7.766605292E0,3.933451575E-2,2.028400325E-2,2.287640848E-1,9.724753513E-1,1.754914334E2,2.652789055E1,-1.229360228E0,1.750777431E2
7.776650292E0,3.901377823E-2,2.061523533E-2,2.295942513E-1,9.722856062E-1,1.755282154E2,2.662704629E1,-1.270530017E0,1.751037131E2
7.786695292E0,3.884653954E-2,2.098002684E-2,2.301730645E-1,9.721477017E-1,1.755473941E2,2.669700751E1,-1.312676094E0,1.751119232E2
7.796740292E0,3.890761032E-2,2.141722664E-2,2.304755419E-1,9.720640402E-1,1.755403906E2,2.673514834E1,-1.358227779E0,1.750930541E2
7.806784292E0,3.922455462E-2,2.194012151E-2,2.304780075E-1,9.720390049E-1,1.755040437E2,2.673882528E1,-1.408043031E0,1.750437447E2
7.816829292E0,3.982540009E-2,2.256289388E-2,2.301481557E-1,9.720785387E-1,1.754351381E2,2.670441536E1,-1.463168086E0,1.749605813E2
7.826874292E0,4.070083229E-2,2.323212262E-2,2.295057113E-1,9.721783846E-1,1.753347395E2,2.663398811E1,-1.517907682E0,1.748460419E2
7.836919292E0,4.184157889E-2,2.387368194E-2,2.285717161E-1,9.723344122E-1,1.752039081E2,2.652963136E1,-1.564300475E0,1.747031334E2
7.846964292E0,4.324599617E-2,2.443370819E-2,2.274089056E-1,9.725317437E-1,1.750428279E2,2.639842850E1,-1.596241403E0,1.745333668E2
7.857009292E0,4.489140914E-2,2.486652472E-2,2.260971165E-1,9.727520875E-1,1.748540941E2,2.624943491E1,-1.608979053E0,1.743403030E2
7.867053292E0,4.672075095E-2,2.517330109E-2,2.247381230E-1,9.729729370E-1,1.746442467E2,2.609448539E1,-1.603689853E0,1.741300463E2
7.877098292E0,4.869006245E-2,2.539049434E-2,2.234467963E-1,9.731680347E-1,1.744183229E2,2.594718726E1,-1.584955153E0,1.739063016E2
7.887143292E0,5.078286421E-2,2.556443438E-2,2.223948952E-1,9.732974677E-1,1.741782083E2,2.582794482E1,-1.557256035E0,1.736693958E2
7.897188292E0,5.300825996E-2,2.571332866E-2,2.217237172E-1,9.733281084E-1,1.739228526E2,2.575342119E1,-1.521303438E0,1.734176141E2
7.907233292E0,5.536119207E-2,2.590696182E-2,2.215161545E-1,9.732392207E-1,1.736528297E2,2.573379908E1,-1.484157938E0,1.731496221E2
7.917277292E0,5.785346166E-2,2.625489459E-2,2.217631877E-1,9.730286129E-1,1.733667779E2,2.576890145E1,-1.457417510E0,1.728613352E2
7.927322292E0,6.047756660E-2,2.686034461E-2,2.223509993E-1,9.727183700E-1,1.730655498E2,2.584632701E1,-1.453211522E0,1.725511048E2
7.937367292E0,6.321850260E-2,2.779551995E-2,2.230672850E-1,9.723537576E-1,1.727508591E2,2.594200722E1,-1.481272196E0,1.722189851E2
7.947412292E0,6.601435594E-2,2.905896657E-2,2.236622615E-1,9.719942450E-1,1.724298069E2,2.602689408E1,-1.544907553E0,1.718722133E2
7.957457292E0,6.878664920E-2,3.060275295E-2,2.239550451E-1,9.716872052E-1,1.721114013E2,2.607958982E1,-1.642457928E0,1.715210486E2
7.967501292E0,7.149449992E-2,3.229932165E-2,2.239006441E-1,9.714493284E-1,1.718003383E2,2.609383612E1,-1.761491267E0,1.711735078E2
7.977546292E0,7.414199636E-2,3.392153278E-2,2.236568035E-1,9.712517440E-1,1.714961499E2,2.608599824E1,-1.875509580E0,1.708348944E2
7.987591292E0,7.676412039E-2,3.524131919E-2,2.235145789E-1,9.710337605E-1,1.711948175E2,2.608774404E1,-1.955610842E0,1.705067704E2
7.997636292E0,7.946543835E-2,3.619614551E-2,2.236642951E-1,9.707467826E-1,1.708843204E2,2.612053727E1,-1.990134813E0,1.701786828E2
8.007681292E0,8.234107568E-2,3.690464457E-2,2.240984814E-1,9.703802314E-1,1.705537128E2,2.618462292E1,-1.989597855E0,1.698368769E2
8.017725292E0,8.536662934E-2,3.760881304E-2,2.246193111E-1,9.699712384E-1,1.702057844E2,2.625932616E1,-1.983342664E0,1.694781135E2
8.027770292E0,8.848305162E-2,3.854687545E-2,2.249411444E-1,9.695804528E-1,1.698473117E2,2.631393806E1,-2.002415884E0,1.691032402E2
8.037815292E0,9.169767605E-2,3.982458877E-2,2.247762765E-1,9.692683976E-1,1.694774386E2,2.631639827E1,-2.061861559E0,1.687091639E2
8.047860292E0,9.506866528E-2,4.143560991E-2,2.238215450E-1,9.690969442E-1,1.690894561E2,2.623175809E1,-2.163625514E0,1.682902113E2
8.057905292E0,9.860765186E-2,4.324968402E-2,2.218563323E-1,9.691159103E-1,1.686820030E2,2.603314845E1,-2.296711861E0,1.678492796E2
8.067949292E0,1.022421010E-1,4.493678022E-2,2.189041141E-1,9.693339359E-1,1.682634094E2,2.571917744E1,-2.427492290E0,1.674035456E2
8.077994292E0,1.058972022E-1,4.602590747E-2,2.152901588E-1,9.696997284E-1,1.678422787E2,2.532102362E1,-2.502637066E0,1.669730223E2
8.088039292E0,1.095804153E-1,4.608747348E-2,2.115892757E-1,9.701020622E-1,1.674177422E2,2.489882545E1,-2.467175203E0,1.665658904E2
8.098084292E0,1.133850956E-1,4.509387206E-2,2.085000487E-1,9.703803157E-1,1.669790228E2,2.453259562E1,-2.305907565E0,1.661694569E2
8.108129292E0,1.173863067E-1,4.349008965E-2,2.065636855E-1,9.703919904E-1,1.665174344E2,2.429099327E1,-2.057897954E0,1.657621956E2
8.118174292E0,1.216242566E-1,4.184418672E-2,2.059374096E-1,9.700754676E-1,1.660282954E2,2.420020874E1,-1.781616851E0,1.653255591E2
8.128218292E0,1.261134017E-1,4.073570353E-2,2.065710453E-1,9.694145207E-1,1.655098843E2,2.426320784E1,-1.540113272E0,1.648446927E2
8.138263292E0,1.309296907E-1,4.050147242E-2,2.082643161E-1,9.684228896E-1,1.649533623E2,2.446264777E1,-1.370023418E0,1.643037137E2
8.148308292E0,1.361327613E-1,4.113922800E-2,2.107661003E-1,9.671366100E-1,1.643517458E2,2.477040794E1,-1.271507141E0,1.636963105E2
8.158353292E0,1.416905819E-1,4.235514877E-2,2.137641479E-1,9.656266570E-1,1.637086305E2,2.514629999E1,-1.216010197E0,1.630334067E2
8.168398292E0,1.475748720E-1,4.378398489E-2,2.168871082E-1,9.639837728E-1,1.630271742E2,2.554144420E1,-1.168910829E0,1.623275449E2
8.178442292E0,1.537868117E-1,4.520590365E-2,2.197816800E-1,9.622900596E-1,1.623071158E2,2.591096010E1,-1.111799019E0,1.615845249E2
8.188487292E0,1.603596970E-1,4.659066997E-2,2.222188110E-1,9.605899400E-1,1.615444501E2,2.622762093E1,-1.045085719E0,1.608015516E2
8.198532292E0,1.673141799E-1,4.806433453E-2,2.240440435E-1,9.589056676E-1,1.607366073E2,2.647606357E1,-9.859276683E-1,1.599728875E2
8.208577292E0,1.746420417E-1,4.973552556E-2,2.251226814E-1,9.572597910E-1,1.598843443E2,2.664333924E1,-9.504584288E-1,1.590963266E2
8.218622292E0,1.823590032E-1,5.150728951E-2,2.253156350E-1,9.556804222E-1,1.589856094E2,2.671190620E1,-9.323779658E-1,1.581724728E2
8.228666292E0,1.904676354E-1,5.324470905E-2,2.245237167E-1,9.541887609E-1,1.580398478E2,2.666779920E1,-9.214706244E-1,1.572044708E2
8.238711292E0,1.989783485E-1,5.478423333E-2,2.227087417E-1,9.527891484E-1,1.570455560E2,2.650309586E1,-9.034320667E-1,1.561952705E2
8.248756292E0,2.078702378E-1,5.600320448E-2,2.199515371E-1,9.514594153E-1,1.560048563E2,2.622410336E1,-8.667346118E-1,1.551499954E2
8.258801292E0,2.171021256E-1,5.690099030E-2,2.164273704E-1,9.501517250E-1,1.549222326E2,2.585072584E1,-8.110754268E-1,1.540725026E2
8.268846292E0,2.266334247E-1,5.759084992E-2,2.124173506E-1,9.487884009E-1,1.538021040E2,2.541797687E1,-7.449416119E-1,1.529634137E2
8.278890292E0,2.363714962E-1,5.825328247E-2,2.082657069E-1,9.472911341E-1,1.526550369E2,2.497010251E1,-6.823792189E-1,1.518278047E2
8.288935292E0,2.461628413E-1,5.904398369E-2,2.044006038E-1,9.455886965E-1,1.514988711E2,2.456038041E1,-6.320414375E-1,1.506788248E2
8.298980292E0,2.558257439E-1,6.010351332E-2,2.012259135E-1,9.436359698E-1,1.503549603E2,2.423892428E1,-6.001347679E-1,1.495338405E2
8.309025292E0,2.652349435E-1,6.151622827E-2,1.989666159E-1,9.414235974E-1,1.492381727E2,2.403394253E1,-5.890029415E-1,1.484055113E2
8.319070292E0,2.743411705E-1,6.330877061E-2,1.976508387E-1,9.389691546E-1,1.481544878E2,2.394970846E1,-5.983186570E-1,1.472992519E2
8.329114292E0,2.831257117E-1,6.538764811E-2,1.970845273E-1,9.363343444E-1,1.471063082E2,2.396156797E1,-6.216718135E-1,1.462198877E2
8.339159292E0,2.916336853E-1,6.763765235E-2,1.969310548E-1,9.335915539E-1,1.460884246E2,2.402804556E1,-6.548146809E-1,1.451653114E2
8.349204292E0,2.999007053E-1,6.991178566E-2,1.968776600E-1,9.308120535E-1,1.450967213E2,2.410907904E1,-6.911165800E-1,1.441353013E2
8.359249292E0,3.079518703E-1,7.215794927E-2,1.966905175E-1,9.280472835E-1,1.441283121E2,2.417669822E1,-7.328073382E-1,1.431284988E2
8.369294292E0,3.158680389E-1,7.435348397E-2,1.962756450E-1,9.252972227E-1,1.431735511E2,2.421968299E1,-7.794608332E-1,1.421361047E2
8.379338292E0,3.237105769E-1,7.652728671E-2,1.956293916E-1,9.225422307E-1,1.422250520E2,2.423885943E1,-8.333793763E-1,1.411501456E2
8.389383292E0,3.314970175E-1,7.867942597E-2,1.948059949E-1,9.197662075E-1,1.412806729E2,2.424037954E1,-8.925978840E-1,1.401685208E2
8.399428292E0,3.392253376E-1,8.077624222E-2,1.938743072E-1,9.169592063E-1,1.403406310E2,2.423052543E1,-9.513188471E-1,1.391922891E2
8.409473292E0,3.469119956E-1,8.282748719E-2,1.929053933E-1,9.141002170E-1,1.394028903E2,2.421745149E1,-1.007475477E0,1.382191422E2
8.419518292E0,3.545857355E-1,8.483331366E-2,1.919887046E-1,9.111600739E-1,1.384638856E2,2.421086431E1,-1.056625268E0,1.372455210E2
8.429563292E0,3.622471685E-1,8.671223070E-2,1.911346514E-1,9.081440665E-1,1.375234667E2,2.420811897E1,-1.089741072E0,1.362734357E2
8.439607292E0,3.699198759E-1,8.843610530E-2,1.903122136E-1,9.050522158E-1,1.365786482E2,2.420418920E1,-1.104619056E0,1.353007522E2
8.449652292E0,3.775844489E-1,8.998372704E-2,1.895003073E-1,9.018994630E-1,1.356317242E2,2.419534776E1,-1.100594244E0,1.343303922E2
8.459697292E0,3.852009534E-1,9.137110119E-2,1.886959926E-1,8.987021398E-1,1.346875675E2,2.418148738E1,-1.080608364E0,1.333667192E2
8.469742292E0,3.927414882E-1,9.260188927E-2,1.879270497E-1,8.954676642E-1,1.337496186E2,2.416529276E1,-1.044588381E0,1.324130085E2
8.479787292E0,4.001835680E-1,9.364630925E-2,1.872371480E-1,8.922026743E-1,1.328206906E2,2.414951858E1,-9.880869187E-1,1.314728696E2
8.489831292E0,4.075026211E-1,9.447081224E-2,1.866456117E-1,8.889207835E-1,1.319039008E2,2.413398377E1,-9.074303308E-1,1.305502855E2
8.499876292E0,4.147041899E-1,9.511896755E-2,1.861627563E-1,8.856163652E-1,1.309986214E2,2.412134515E1,-8.063431620E-1,1.296435087E2
8.509921292E0,4.217882111E-1,9.566485353E-2,1.857659437E-1,8.822891455E-1,1.301049274E2,2.411246666E1,-6.933161098E-1,1.287506181E2
8.519966292E0,4.287669916E-1,9.616796573E-2,1.853606333E-1,8.789493239E-1,1.292213285E2,2.410018068E1,-5.787255573E-1,1.278685794E2
8.530011292E0,4.356179829E-1,9.663850632E-2,1.848138491E-1,8.756379935E-1,1.283507528E2,2.407102561E1,-4.712185931E-1,1.270000975E2
8.540055292E0,4.422792081E-1,9.707143611E-2,1.839921357E-1,8.724180585E-1,1.275012115E2,2.401089792E1,-3.794128789E-1,1.261531448E2
8.550100292E0,4.487397510E-1,9.748063459E-2,1.828388135E-1,8.693102132E-1,1.266742872E2,2.391494502E1,-3.086959822E-1,1.253288742E2
8.560145292E0,4.550321490E-1,9.794857525E-2,1.814317357E-1,8.662761037E-1,1.258659945E2,2.379614291E1,-2.627865863E-1,1.245210890E2
8.570190292E0,4.611787400E-1,9.851844015E-2,1.800030866E-1,8.632537742E-1,1.250736087E2,2.368132042E1,-2.329444964E-1,1.237259417E2
8.580235292E0,4.671502741E-1,9.920499388E-2,1.788673950E-1,8.601949246E-1,1.243010538E2,2.360390373E1,-2.037075093E-1,1.229468804E2
8.590279292E0,4.729607019E-1,9.996506487E-2,1.783282578E-1,8.570379781E-1,1.235466913E2,2.359247615E1,-1.525902002E-1,1.221834680E2
8.600324292E0,4.786128050E-1,1.007185399E-1,1.785766766E-1,8.537539378E-1,1.228103175E2,2.366145397E1,-5.956080350E-2,1.214377054E2
8.610369292E0,4.841160876E-1,1.014063580E-1,1.796227376E-1,8.503434991E-1,1.220908458E2,2.380764523E1,8.342493865E-2,1.207102882E2
8.620414292E0,4.895108842E-1,1.020567208E-1,1.812123534E-1,8.468326666E-1,1.213831230E2,2.400604754E1,2.613217263E-1,1.199955140E2
8.630459292E0,4.948753772E-1,1.026548873E-1,1.829116327E-1,8.432696142E-1,1.206769342E2,2.421131859E1,4.529526112E-1,1.192838039E2
8.640503292E0,5.002935126E-1,1.031178283E-1,1.842635772E-1,8.397142852E-1,1.199611589E2,2.437215025E1,6.413088727E-1,1.185663559E2
8.650548292E0,5.058375934E-1,1.033140377E-1,1.849528309E-1,8.362099433E-1,1.192260610E2,2.444890031E1,8.209470430E-1,1.178369569E2
8.660593292E0,5.115615779E-1,1.031564269E-1,1.848916153E-1,8.327537121E-1,1.184641965E2,2.442755759E1,9.946530156E-1,1.170904054E2
8.670638292E0,5.174787847E-1,1.025960740E-1,1.842026513E-1,8.293124641E-1,1.176734304E2,2.431745557E1,1.173128391E0,1.163256509E2
8.680683292E0,5.235278480E-1,1.016812450E-1,1.831730354E-1,8.258493629E-1,1.168616171E2,2.415012727E1,1.366381016E0,1.155489267E2
8.690727292E0,5.296398891E-1,1.006129120E-1,1.821081689E-1,8.223108926E-1,1.160377464E2,2.396817662E1,1.572010322E0,1.147635726E2
8.700772292E0,5.357325005E-1,9.968638728E-2,1.812729764E-1,8.186533575E-1,1.152127971E2,2.381621043E1,1.777053292E0,1.139727359E2
8.710817083E0,5.417164679E-1,9.914832217E-2,1.808690595E-1,8.148614477E-1,1.143988743E2,2.372985482E1,1.969942286E0,1.131823213E2
8.720862083E0,5.475112487E-1,9.908547595E-2,1.809291661E-1,8.109735590E-1,1.136071176E2,2.371828250E1,2.143941418E0,1.124014474E2
8.730907083E0,5.530776146E-1,9.946955491E-2,1.813081137E-1,8.070553034E-1,1.128431851E2,2.376602346E1,2.292445897E0,1.116365079E2
8.740951083E0,5.584568695E-1,1.002144636E-1,1.818824857E-1,8.031199995E-1,1.121017059E2,2.385589842E1,2.417371017E0,1.108843731E2
8.750996083E0,5.636548088E-1,1.012854387E-1,1.826460364E-1,7.991713772E-1,1.113821382E2,2.398546526E1,2.522389719E0,1.101453353E2
8.761041083E0,5.686259663E-1,1.026432310E-1,1.836382470E-1,7.952395609E-1,1.106910686E2,2.415644422E1,2.613079676E0,1.094268881E2
8.771086083E0,5.733425253E-1,1.042820296E-1,1.849373788E-1,7.913291868E-1,1.100327187E2,2.437631096E1,2.695161714E0,1.087332510E2
8.781131083E0,5.777825377E-1,1.062613483E-1,1.866351198E-1,7.874283169E-1,1.094105424E2,2.465811652E1,2.769761799E0,1.080661166E2
8.791175083E0,5.819377639E-1,1.086946176E-1,1.887594842E-1,7.835200712E-1,1.088260993E2,2.501251192E1,2.829482479E0,1.074235370E2
8.801220083E0,5.858555348E-1,1.116452737E-1,1.912304091E-1,7.795765065E-1,1.082730947E2,2.543650455E1,2.865681214E0,1.067968150E2
8.811265083E0,5.896041914E-1,1.151112593E-1,1.938564976E-1,7.755875286E-1,1.077421491E2,2.591217763E1,2.868249588E0,1.061755736E2
8.821310083E0,5.933256633E-1,1.189906106E-1,1.964034237E-1,7.715126132E-1,1.072132715E2,2.641055102E1,2.834826340E0,1.055417144E2
8.831355083E0,5.971557634E-1,1.230913620E-1,1.985509426E-1,7.673532619E-1,1.066670707E2,2.688832648E1,2.764021300E0,1.048806123E2
8.841399083E0,6.011744338E-1,1.271315774E-1,1.999440461E-1,7.631836215E-1,1.060918867E2,2.729277027E1,2.656784515E0,1.041887597E2
8.851444083E0,6.054373768E-1,1.307231974E-1,2.002589120E-1,7.591135425E-1,1.054793565E2,2.756641801E1,2.523030642E0,1.034702134E2
8.861489083E0,6.099920550E-1,1.334789981E-1,1.991852342E-1,7.552604407E-1,1.048221430E2,2.765284704E1,2.371576888E0,1.027310551E2
8.871534083E0,6.148096979E-1,1.350558829E-1,1.965011728E-1,7.517687376E-1,1.041238122E2,2.750704669E1,2.209877258E0,1.019871525E2
8.881579083E0,6.198118124E-1,1.352078934E-1,1.921752334E-1,7.487461764E-1,1.033952134E2,2.710864125E1,2.048885265E0,1.012581086E2
8.891623083E0,6.249149528E-1,1.338529882E-1,1.864862413E-1,7.461819621E-1,1.026481090E2,2.647750086E1,1.909374887E0,1.005580145E2
8.901668083E0,6.300475380E-1,1.311404038E-1,1.800510840E-1,7.439247191E-1,1.018927402E2,2.568079038E1,1.820266984E0,9.989082926E1
8.911713083E0,6.351053126E-1,1.274584262E-1,1.738258970E-1,7.417413596E-1,1.011444085E2,2.483319864E1,1.817333135E0,9.925752968E1
8.921758083E0,6.400050734E-1,1.234108272E-1,1.687932524E-1,7.393728542E-1,1.004156044E2,2.406665682E1,1.923427893E0,9.865077355E1
8.931803083E0,6.446839795E-1,1.198256820E-1,1.654171713E-1,7.366556311E-1,9.971602906E1,2.348315604E1,2.105697039E0,9.805614157E1
8.941847083E0,6.490543706E-1,1.174675473E-1,1.636257380E-1,7.335913708E-1,9.905931329E1,2.313318759E1,2.295748101E0,9.746749428E1
8.951892083E0,6.530580104E-1,1.167483851E-1,1.630401813E-1,7.302759891E-1,9.845487696E1,2.301472721E1,2.431922311E0,9.688507329E1
8.961937083E0,6.567128191E-1,1.176062605E-1,1.631180713E-1,7.268353706E-1,9.790069416E1,2.307615988E1,2.480689677E0,9.630939518E1
8.971982083E0,6.600845090E-1,1.195897294E-1,1.633411796E-1,7.233991117E-1,9.738736350E1,2.323846229E1,2.442442662E0,9.574286451E1
8.982027083E0,6.632352310E-1,1.220504060E-1,1.634501542E-1,7.200740705E-1,9.690584171E1,2.342970908E1,2.352144524E0,9.519361037E1
8.992071083E0,6.662219121E-1,1.244068389E-1,1.633156820E-1,7.169373466E-1,9.644772887E1,2.359364452E1,2.248012492E0,9.466932991E1
9.002116083E0,6.690667822E-1,1.263623065E-1,1.628368082E-1,7.140493181E-1,9.600984119E1,2.369816516E1,2.145630296E0,9.417571969E1
9.012161083E0,6.718010405E-1,1.278976898E-1,1.619782611E-1,7.113991005E-1,9.558755477E1,2.373844197E1,2.043699711E0,9.370919281E1
9.022206083E0,6.744039140E-1,1.291281210E-1,1.607942969E-1,7.089784700E-1,9.518424441E1,2.372818084E1,1.935962514E0,9.327010478E1
9.032251083E0,6.768716238E-1,1.300974893E-1,1.593657597E-1,7.067686989E-1,9.480067654E1,2.367772166E1,1.824758181E0,9.285819150E1
9.042295083E0,6.792170643E-1,1.309145376E-1,1.577623356E-1,7.047245241E-1,9.443501611E1,2.360159053E1,1.707229708E0,9.246851204E1
9.052340083E0,6.814893531E-1,1.316296313E-1,1.560112091E-1,7.027848583E-1,9.407972749E1,2.350600809E1,1.583016345E0,9.209210663E1
9.062385083E0,6.837275292E-1,1.322959565E-1,1.540829229E-1,7.009086393E-1,9.372876695E1,2.339272960E1,1.446683911E0,9.172133876E1
9.072430083E0,6.859432272E-1,1.330077766E-1,1.519757471E-1,6.990666995E-1,9.338033631E1,2.326935556E1,1.291032094E0,9.135160345E1
9.082475083E0,6.881411794E-1,1.338138963E-1,1.497210824E-1,6.972368579E-1,9.303370673E1,2.314268252E1,1.114961623E0,9.098063741E1
9.092519083E0,6.903463633E-1,1.346933226E-1,1.473484354E-1,6.953905966E-1,9.268493444E1,2.301364171E1,9.233026137E-1,9.060509234E1
9.102564083E0,6.925798267E-1,1.355203886E-1,1.449159959E-1,6.935176574E-1,9.233065391E1,2.287690660E1,7.311269235E-1,9.022546488E1
9.112609083E0,6.948392939E-1,1.361550296E-1,1.424841711E-1,6.916345615E-1,9.197117521E1,2.272594436E1,5.539530126E-1,8.984645205E1
9.122654083E0,6.971213018E-1,1.364930073E-1,1.401409939E-1,6.897477225E-1,9.160700099E1,2.255920540E1,4.067497249E-1,8.947187464E1
9.132699083E0,6.994133725E-1,1.364964794E-1,1.380037954E-1,6.878550353E-1,9.124008455E1,2.238283721E1,3.015959852E-1,8.910494491E1
9.142743083E0,7.016874999E-1,1.361591320E-1,1.362070793E-1,6.859613253E-1,9.087490073E1,2.220684995E1,2.492266897E-1,8.875030343E1
9.152788083E0,7.039160020E-1,1.355996406E-1,1.347638579E-1,6.840714310E-1,9.051592821E1,2.204168398E1,2.409404490E-1,8.840867989E1
9.162833083E0,7.060576974E-1,1.350162050E-1,1.336071976E-1,6.822039430E-1,9.016988544E1,2.189809125E1,2.550590683E-1,8.808056887E1
9.172878083E0,7.080702239E-1,1.345958170E-1,1.326351170E-1,6.803884952E-1,8.984376086E1,2.178331578E1,2.678623636E-1,8.776723339E1
9.182923083E0,7.099363296E-1,1.344933627E-1,1.317417677E-1,6.786355116E-1,8.954052966E1,2.170183378E1,2.585532382E-1,8.746691093E1
9.192967083E0,7.116478144E-1,1.347898762E-1,1.309275433E-1,6.769395369E-1,8.926171065E1,2.166065590E1,2.211282980E-1,8.717864443E1
9.203012083E0,7.132102204E-1,1.354578177E-1,1.302078666E-1,6.752986534E-1,8.900657680E1,2.165886642E1,1.594084523E-1,8.690248588E1
9.213057083E0,7.146132864E-1,1.363620618E-1,1.295947729E-1,6.737495065E-1,8.877696892E1,2.168611075E1,8.437089261E-2,8.664435026E1
9.223102083E0,7.158699434E-1,1.373947528E-1,1.290716794E-1,6.723045373E-1,8.857092077E1,2.173193062E1,3.142115689E-3,8.640552831E1
9.233147083E0,7.169755817E-1,1.385092242E-1,1.286979390E-1,6.709679343E-1,8.838931985E1,2.179705872E1,-7.585600859E-2,8.618829122E1
9.243191083E0,7.179069928E-1,1.396711598E-1,1.285512999E-1,6.697581854E-1,8.823610570E1,2.188467236E1,-1.441592439E-1,8.599765528E1
9.253236083E0,7.186553443E-1,1.408430167E-1,1.286322580E-1,6.686938168E-1,8.811285104E1,2.199147474E1,-1.992286766E-1,8.583637142E1
9.263281083E0,7.192184657E-1,1.420382466E-1,1.289137061E-1,6.677807923E-1,8.802001367E1,2.211635228E1,-2.444583324E-1,8.570447622E1
9.273326083E0,7.195884913E-1,1.433033607E-1,1.293874868E-1,6.670198968E-1,8.795896807E1,2.226256705E1,-2.842393905E-1,8.560180563E1
9.283371083E0,7.197705104E-1,1.446659834E-1,1.300046490E-1,6.664090757E-1,8.792892679E1,2.242856694E1,-3.246638869E-1,8.552657389E1
9.293415083E0,7.197836918E-1,1.461665449E-1,1.306681807E-1,6.659375051E-1,8.792675095E1,2.261013161E1,-3.764312552E-1,8.547420984E1
9.303460083E0,7.196570880E-1,1.478098538E-1,1.313187350E-1,6.655835506E-1,8.794764752E1,2.280298633E1,-4.440867151E-1,8.543958563E1
9.313505083E0,7.194209181E-1,1.495570146E-1,1.319214929E-1,6.653292155E-1,8.798661792E1,2.300104116E1,-5.268500925E-1,8.541885570E1
9.323550083E0,7.190765968E-1,1.513453666E-1,1.324620704E-1,6.651895224E-1,8.804340981E1,2.319774646E1,-6.214396114E-1,8.541384205E1
9.333595083E0,7.185792693E-1,1.530547051E-1,1.329222409E-1,6.652441394E-1,8.812538698E1,2.338121029E1,-7.223560674E-1,8.543614164E1
9.343639083E0,7.179280688E-1,1.545721701E-1,1.332532313E-1,6.655300952E-1,8.823263631E1,2.353773443E1,-8.257978386E-1,8.548990716E1
9.353684083E0,7.171846537E-1,1.558582134E-1,1.333505740E-1,6.660120313E-1,8.835494651E1,2.365559043E1,-9.358489985E-1,8.556652697E1
9.363729083E0,7.164089199E-1,1.568123298E-1,1.328151866E-1,6.667295182E-1,8.848243087E1,2.369439250E1,-1.077387408E0,8.565987028E1
9.373774083E0,7.157037636E-1,1.572440044E-1,1.310082603E-1,6.677419250E-1,8.859819026E1,2.358697470E1,-1.287579973E0,8.576003752E1
9.383819083E0,7.151990841E-1,1.568427111E-1,1.276051051E-1,6.690349192E-1,8.868096560E1,2.328093136E1,-1.566684323E0,8.585703276E1
9.393863083E0,7.149559047E-1,1.552978908E-1,1.229926712E-1,6.705173845E-1,8.872082898E1,2.278056788E1,-1.856203624E0,8.595180770E1
9.403908083E0,7.149496564E-1,1.524818610E-1,1.179427926E-1,6.720757326E-1,8.872185305E1,2.213654776E1,-2.081004698E0,8.605190020E1
9.413953083E0,7.151128543E-1,1.485937299E-1,1.132638180E-1,6.735761552E-1,8.869510252E1,2.143051895E1,-2.188403600E0,8.615935045E1
9.423998083E0,7.153505757E-1,1.442397932E-1,1.096347413E-1,6.748693759E-1,8.865612504E1,2.076869479E1,-2.168101969E0,8.626684777E1
9.434043083E0,7.155663465E-1,1.403192446E-1,1.076199177E-1,6.757908957E-1,8.862073489E1,2.027293871E1,-2.042141856E0,8.635986807E1
9.444087083E0,7.157142938E-1,1.377179490E-1,1.074310920E-1,6.761992868E-1,8.859646251E1,2.003558576E1,-1.860699325E0,8.641902643E1
9.454132083E0,7.157914344E-1,1.369044042E-1,1.087913025E-1,6.760653322E-1,8.858380465E1,2.007428068E1,-1.682954759E0,8.643234619E1
9.464177083E0,7.158425440E-1,1.377271726E-1,1.111222563E-1,6.754647120E-1,8.857541737E1,2.032999625E1,-1.545317731E0,8.639822842E1
9.474222083E0,7.159453599E-1,1.397288568E-1,1.139295486E-1,6.744762222E-1,8.855854301E1,2.072455709E1,-1.452770954E0,8.631767796E1
9.484267083E0,7.161857379E-1,1.424858916E-1,1.169519004E-1,6.731256119E-1,8.851908171E1,2.120132819E1,-1.392610180E0,8.618885693E1
9.494311083E0,7.165867190E-1,1.456938766E-1,1.200456068E-1,6.714655358E-1,8.845322418E1,2.172306409E1,-1.352916816E0,8.601671047E1
9.504356083E0,7.171204140E-1,1.491697443E-1,1.230171954E-1,6.695919925E-1,8.836550923E1,2.225882017E1,-1.336800211E0,8.581101009E1
9.514401083E0,7.177178588E-1,1.527564372E-1,1.256866543E-1,6.676446685E-1,8.826723471E1,2.278085715E1,-1.349952088E0,8.558797549E1
9.524446083E0,7.183357579E-1,1.562321863E-1,1.279657623E-1,6.657401104E-1,8.816550416E1,2.326308325E1,-1.385277633E0,8.536238044E1
9.534491083E0,7.189511493E-1,1.593557077E-1,1.298379490E-1,6.639708225E-1,8.806409371E1,2.368323943E1,-1.428004231E0,8.514720804E1
9.544535083E0,7.195855727E-1,1.619105496E-1,1.312602313E-1,6.623837961E-1,8.795944971E1,2.401900023E1,-1.466239368E0,8.494765891E1
9.554580083E0,7.202675587E-1,1.637095364E-1,1.321803062E-1,6.610159965E-1,8.784685000E1,2.424975655E1,-1.490939799E0,8.476716309E1
9.564625083E0,7.210551253E-1,1.647309284E-1,1.325304991E-1,6.598324182E-1,8.771667524E1,2.436816417E1,-1.505105329E0,8.459782065E1
9.574670083E0,7.220069882E-1,1.650996396E-1,1.323009568E-1,6.587446739E-1,8.755913869E1,2.438436942E1,-1.516944651E0,8.442562064E1
9.584715083E0,7.231242563E-1,1.650310114E-1,1.315889411E-1,6.576781505E-1,8.737393816E1,2.432485892E1,-1.533662866E0,8.424219898E1
9.594759083E0,7.243784227E-1,1.646315251E-1,1.305250045E-1,6.566092617E-1,8.716567106E1,2.420919979E1,-1.552801109E0,8.404812621E1
9.604804083E0,7.257258048E-1,1.639819882E-1,1.293020413E-1,6.555249602E-1,8.694148047E1,2.405952075E1,-1.565109482E0,8.384745032E1
9.614849083E0,7.270964809E-1,1.631470630E-1,1.281886440E-1,6.544320319E-1,8.671293824E1,2.390227729E1,-1.554413404E0,8.364931814E1
9.624894083E0,7.284279183E-1,1.621629697E-1,1.273782510E-1,6.533534756E-1,8.649047540E1,2.375544979E1,-1.508642206E0,8.346284530E1
9.634939083E0,7.296858805E-1,1.611216462E-1,1.269667937E-1,6.522866071E-1,8.627986645E1,2.363434062E1,-1.426997527E0,8.329026625E1
9.644983083E0,7.308394661E-1,1.601011485E-1,1.269690235E-1,6.512451322E-1,8.608636861E1,2.354677115E1,-1.314608891E0,8.313393963E1
9.655028083E0,7.318681627E-1,1.591633350E-1,1.273711927E-1,6.502404593E-1,8.591352360E1,2.349700697E1,-1.177570672E0,8.299513621E1
9.665073083E0,7.327567289E-1,1.583676960E-1,1.280768693E-1,6.492946577E-1,8.576399807E1,2.348278350E1,-1.028871054E0,8.287436049E1
9.675118083E0,7.335026912E-1,1.578230139E-1,1.288791951E-1,6.484257108E-1,8.563830712E1,2.349774249E1,-8.942244312E-1,8.276820148E1
9.685163083E0,7.340896941E-1,1.576223896E-1,1.295939899E-1,6.476672546E-1,8.553929537E1,2.353593315E1,-7.968092075E-1,8.267615601E1
9.695207083E0,7.345159436E-1,1.578034814E-1,1.300880905E-1,6.470404704E-1,8.546734043E1,2.359050980E1,-7.509929626E-1,8.259728910E1
9.705252083E0,7.347828069E-1,1.583169657E-1,1.303131244E-1,6.465666660E-1,8.542226648E1,2.365349801E1,-7.575443951E-1,8.253321432E1
9.715296667E0,7.348929182E-1,1.590164730E-1,1.302642169E-1,6.462797066E-1,8.540366278E1,2.371166856E1,-8.066216148E-1,8.248877102E1
9.725341667E0,7.348678724E-1,1.597492552E-1,1.299526503E-1,6.461901972E-1,8.540789464E1,2.375243495E1,-8.858710271E-1,8.246587089E1
9.735385667E0,7.347473693E-1,1.603964333E-1,1.294473386E-1,6.462682163E-1,8.542825309E1,2.377061717E1,-9.795792709E-1,8.246217205E1
9.745430667E0,7.345681372E-1,1.608997298E-1,1.288086242E-1,6.464744224E-1,8.545852629E1,2.376571977E1,-1.077092176E0,8.247368847E1
9.755475667E0,7.343675103E-1,1.611867591E-1,1.281469937E-1,6.467622933E-1,8.549240292E1,2.373986435E1,-1.162327959E0,8.249685316E1
9.765520667E0,7.341828386E-1,1.612452879E-1,1.275702273E-1,6.470712981E-1,8.552357586E1,2.370031273E1,-1.223624466E0,8.252585312E1
9.775565667E0,7.340569302E-1,1.611456883E-1,1.270716999E-1,6.473371341E-1,8.554482420E1,2.365287017E1,-1.264933000E0,8.255083928E1
9.785610667E0,7.340114090E-1,1.609765754E-1,1.266057230E-1,6.475220771E-1,8.555250533E1,2.360191458E1,-1.295664414E0,8.256476709E1
9.795654667E0,7.340209341E-1,1.607801210E-1,1.261098943E-1,6.476567785E-1,8.555089812E1,2.354634019E1,-1.325144094E0,8.257036106E1
9.805699667E0,7.340477369E-1,1.605456344E-1,1.255409777E-1,6.477950228E-1,8.554637550E1,2.348180585E1,-1.357761153E0,8.257441313E1
9.815744667E0,7.340680227E-1,1.602692630E-1,1.248821105E-1,6.479679381E-1,8.554295240E1,2.340663213E1,-1.395562946E0,8.258112309E1
9.825789667E0,7.340686655E-1,1.599795153E-1,1.241663609E-1,6.481763437E-1,8.554284394E1,2.332586063E1,-1.438080534E0,8.259160561E1
9.835833667E0,7.340555130E-1,1.597649141E-1,1.235084169E-1,6.483697161E-1,8.554506334E1,2.325617061E1,-1.481226241E0,8.260160607E1
9.845878667E0,7.340571172E-1,1.597638341E-1,1.230436900E-1,6.484566203E-1,8.554479264E1,2.322030472E1,-1.521819560E0,8.260125145E1
9.855923667E0,7.340885535E-1,1.601027830E-1,1.228874266E-1,6.483670213E-1,8.553948785E1,2.323837474E1,-1.558077021E0,8.258325018E1
9.865968667E0,7.341231271E-1,1.607696884E-1,1.231054786E-1,6.481213763E-1,8.553365333E1,2.331434063E1,-1.584280386E0,8.255253921E1
9.876013667E0,7.341336006E-1,1.616829605E-1,1.236466942E-1,6.477792072E-1,8.553188580E1,2.343699558E1,-1.600097193E0,8.251665554E1
9.886057667E0,7.341095031E-1,1.627171876E-1,1.243951524E-1,6.474041740E-1,8.553595250E1,2.358629148E1,-1.607256893E0,8.248193147E1
9.896102667E0,7.340358989E-1,1.637507429E-1,1.252668664E-1,6.470589228E-1,8.554837303E1,2.374494569E1,-1.605179619E0,8.245542699E1
9.906147667E0,7.338983764E-1,1.646285300E-1,1.261444534E-1,6.468215912E-1,8.557157573E1,2.389011454E1,-1.593953963E0,8.244547188E1
9.916192667E0,7.336812437E-1,1.652233274E-1,1.269499850E-1,6.467587002E-1,8.560819985E1,2.400445550E1,-1.572256176E0,8.245971968E1
9.926237667E0,7.333587044E-1,1.654499326E-1,1.277023879E-1,6.469183841E-1,8.566257976E1,2.408180061E1,-1.533526469E0,8.250589839E1
9.936281667E0,7.329216706E-1,1.652671061E-1,1.284966176E-1,6.473029873E-1,8.573621900E1,2.412584220E1,-1.466924860E0,8.258719539E1
9.946326667E0,7.324084142E-1,1.646745583E-1,1.294530403E-1,6.478442292E-1,8.582263654E1,2.414606161E1,-1.360440375E0,8.269706851E1
9.956371667E0,7.318598413E-1,1.637535167E-1,1.305145574E-1,6.484843450E-1,8.591492290E1,2.414553208E1,-1.223154827E0,8.282522324E1
9.966416667E0,7.313265388E-1,1.626046120E-1,1.313770320E-1,6.492005648E-1,8.600456389E1,2.410987004E1,-1.086793742E0,8.295900666E1
9.976461667E0,7.308833304E-1,1.612880696E-1,1.315636596E-1,6.499897988E-1,8.607900408E1,2.400754111E1,-9.944656489E-1,8.308327263E1
9.986505667E0,7.306220674E-1,1.597918249E-1,1.307053706E-1,6.508256920E-1,8.612286093E1,2.380881354E1,-9.741206581E-1,8.318284871E1
9.996550667E0,7.305892561E-1,1.580353352E-1,1.288371470E-1,6.516634238E-1,8.612836752E1,2.350926530E1,-1.015198220E0,8.325273580E1
1.000659567E1,7.307431342E-1,1.559656879E-1,1.264027082E-1,6.524656891E-1,8.610254031E1,2.313867668E1,-1.076576427E0,8.330163732E1
1.001664067E1,7.309874279E-1,1.537213866E-1,1.239795831E-1,6.531892557E-1,8.606152478E1,2.275398402E1,-1.120965061E0,8.334054426E1
1.002668567E1,7.312067417E-1,1.516093172E-1,1.222157652E-1,6.537694676E-1,8.602468983E1,2.243220443E1,-1.117630911E0,8.337794465E1
1.003672967E1,7.312874766E-1,1.500651949E-1,1.216719115E-1,6.541368380E-1,8.601112676E1,2.225477041E1,-1.052700378E0,8.341822117E1
1.004677467E1,7.311701556E-1,1.495699853E-1,1.226492389E-1,6.541988623E-1,8.603083555E1,2.228703862E1,-9.363751634E-1,8.345536210E1
1.005681967E1,7.308332600E-1,1.503566773E-1,1.250843785E-1,6.539339009E-1,8.608741053E1,2.254455411E1,-7.915668765E-1,8.348521908E1
1.006686467E1,7.302674754E-1,1.524291050E-1,1.286394191E-1,6.533962810E-1,8.618235570E1,2.300167680E1,-6.480779589E-1,8.350839522E1
1.007690967E1,7.294796902E-1,1.556029708E-1,1.328369528E-1,6.526879373E-1,8.631441526E1,2.360555927E1,-5.338122020E-1,8.352841328E1
1.008695367E1,7.285261073E-1,1.595438750E-1,1.371382020E-1,6.519114765E-1,8.647405135E1,2.428536319E1,-4.697988724E-1,8.354557485E1
1.009699867E1,7.274829201E-1,1.638367923E-1,1.410929804E-1,6.511673001E-1,8.664841733E1,2.496983200E1,-4.632332070E-1,8.356064473E1
1.010704367E1,7.264474800E-1,1.680025235E-1,1.443318182E-1,6.505516795E-1,8.682121067E1,2.558805345E1,-5.093476534E-1,8.357479421E1
1.011708867E1,7.255205391E-1,1.715463517E-1,1.466287635E-1,6.501475387E-1,8.697566443E1,2.607866633E1,-5.899574295E-1,8.359115849E1
1.012713267E1,7.247619617E-1,1.740611699E-1,1.479917504E-1,6.500163118E-1,8.710190109E1,2.640611218E1,-6.742503331E-1,8.361768589E1
1.013717767E1,7.241700724E-1,1.753376623E-1,1.485541883E-1,6.502046872E-1,8.720029727E1,2.656205180E1,-7.364856301E-1,8.366507623E1
1.014722267E1,7.237365078E-1,1.754499362E-1,1.484889291E-1,6.506718850E-1,8.727231717E1,2.656637517E1,-7.670394152E-1,8.373287122E1
1.015726767E1,7.234423649E-1,1.747457901E-1,1.480329621E-1,6.512919916E-1,8.732115054E1,2.646830002E1,-7.697595773E-1,8.381035388E1
1.016731267E1,7.232709274E-1,1.735950837E-1,1.473382477E-1,6.519473592E-1,8.734960242E1,2.631237745E1,-7.574018282E-1,8.388516799E1
1.017735667E1,7.232010821E-1,1.723236516E-1,1.465010941E-1,6.525505307E-1,8.736119185E1,2.613484671E1,-7.448822178E-1,8.394751842E1
1.018740167E1,7.231916939E-1,1.712201984E-1,1.456256263E-1,6.530472208E-1,8.736274955E1,2.596919622E1,-7.448238598E-1,8.399277659E1
1.019744667E1,7.231993725E-1,1.704339818E-1,1.448180809E-1,6.534238371E-1,8.736147551E1,2.583678426E1,-7.601403282E-1,8.402242645E1
1.020749167E1,7.231589774E-1,1.699757205E-1,1.441552782E-1,6.537343935E-1,8.736817770E1,2.574448030E1,-7.874740294E-1,8.404709390E1
1.021753667E1,7.230440798E-1,1.697513385E-1,1.436754284E-1,6.540253806E-1,8.738723879E1,2.568698076E1,-8.179841508E-1,8.407498219E1
1.022758067E1,7.228601958E-1,1.696464535E-1,1.433765888E-1,6.543213753E-1,8.741773759E1,2.565409445E1,-8.436617566E-1,8.410967899E1
1.023762567E1,7.225920365E-1,1.695791831E-1,1.432489511E-1,6.546627859E-1,8.746219897E1,2.563785028E1,-8.602286601E-1,8.415692470E1
1.024767067E1,7.222382216E-1,1.695153346E-1,1.432798408E-1,6.550629623E-1,8.752083465E1,2.563426533E1,-8.664643734E-1,8.421831245E1
1.025771567E1,7.218134472E-1,1.694909013E-1,1.434168272E-1,6.555073771E-1,8.759118867E1,2.564239700E1,-8.689056631E-1,8.428991962E1
1.026776067E1,7.213366109E-1,1.695725556E-1,1.436209286E-1,6.559662588E-1,8.767011190E1,2.566504305E1,-8.749223312E-1,8.436596716E1
1.027780467E1,7.208391780E-1,1.698094037E-1,1.438616675E-1,6.563989542E-1,8.775238389E1,2.570413370E1,-8.894482958E-1,8.443930597E1
1.028784967E1,7.203496424E-1,1.701803302E-1,1.441300243E-1,6.567813525E-1,8.783328979E1,2.575713349E1,-9.107268016E-1,8.450599145E1
1.029789467E1,7.198888140E-1,1.706639759E-1,1.444027250E-1,6.571010733E-1,8.790939704E1,2.582035818E1,-9.384981638E-1,8.456337009E1
1.030793967E1,7.194602227E-1,1.711950736E-1,1.446400486E-1,6.573801275E-1,8.798013322E1,2.588497180E1,-9.714939356E-1,8.461344282E1
1.031798467E1,7.190697084E-1,1.717056220E-1,1.447401237E-1,6.576520406E-1,8.804454568E1,2.593698244E1,-1.013536609E0,8.465786869E1
1.032802867E1,7.187371988E-1,1.721061989E-1,1.446449429E-1,6.579316138E-1,8.809936118E1,2.596401146E1,-1.062600608E0,8.469695134E1
1.033807367E1,7.184806351E-1,1.723059907E-1,1.443287836E-1,6.582290599E-1,8.814163817E1,2.595611077E1,-1.113828394E0,8.473140719E1
1.034811867E1,7.183185067E-1,1.722365354E-1,1.437591031E-1,6.585487332E-1,8.816834566E1,2.590474969E1,-1.164482573E0,8.476087379E1
1.035816367E1,7.182516908E-1,1.718606342E-1,1.429167075E-1,6.589030749E-1,8.817935041E1,2.580518264E1,-1.213538973E0,8.478671538E1
1.036820767E1,7.183066424E-1,1.711594410E-1,1.418085786E-1,6.592649557E-1,8.817029982E1,2.565639180E1,-1.258015865E0,8.480521594E1
1.037825267E1,7.185110151E-1,1.701791712E-1,1.404818774E-1,6.595800850E-1,8.813663295E1,2.546624709E1,-1.296028276E0,8.480986892E1
1.038829767E1,7.188753904E-1,1.690447624E-1,1.390467193E-1,6.597788759E-1,8.807658305E1,2.525443490E1,-1.326504190E0,8.479381996E1
1.039834267E1,7.193730498E-1,1.679158591E-1,1.377015394E-1,6.598068720E-1,8.799451499E1,2.505055159E1,-1.344656144E0,8.475518421E1
1.040838767E1,7.199558591E-1,1.669379416E-1,1.366351873E-1,6.596408950E-1,8.789832759E1,2.488209657E1,-1.346321412E0,8.469629657E1
1.041843167E1,7.205665063E-1,1.662450684E-1,1.359579085E-1,6.592888608E-1,8.779745585E1,2.476931226E1,-1.333600232E0,8.462161715E1
1.042847667E1,7.211485912E-1,1.659485430E-1,1.356903616E-1,6.587822188E-1,8.770121630E1,2.472339426E1,-1.314599266E0,8.453640449E1
1.043852167E1,7.216684541E-1,1.661031152E-1,1.357378835E-1,6.581638166E-1,8.761519309E1,2.474158917E1,-1.302480967E0,8.444413471E1
1.044856667E1,7.221216118E-1,1.666585712E-1,1.359404597E-1,6.574841618E-1,8.754015284E1,2.480694841E1,-1.307583380E0,8.434747652E1
1.045861167E1,7.225285343E-1,1.674471374E-1,1.361349476E-1,6.567961197E-1,8.747272512E1,2.489206001E1,-1.331358128E0,8.424935137E1
1.046865567E1,7.229364447E-1,1.682855910E-1,1.361619585E-1,6.561271518E-1,8.740509206E1,2.496849667E1,-1.372973031E0,8.414890742E1
1.047870067E1,7.233767028E-1,1.690182968E-1,1.359218861E-1,6.555031334E-1,8.733204874E1,2.501488813E1,-1.429024381E0,8.404691988E1
1.048874567E1,7.238713487E-1,1.695595612E-1,1.353827080E-1,6.549284928E-1,8.724992368E1,2.502126995E1,-1.495558083E0,8.394308471E1
1.049879067E1,7.244173216E-1,1.699074952E-1,1.346184685E-1,6.543919608E-1,8.715920515E1,2.499329522E1,-1.566220324E0,8.383810511E1
1.050883567E1,7.249544358E-1,1.701857698E-1,1.337323942E-1,6.539063500E-1,8.706988488E1,2.494981028E1,-1.642971146E0,8.373719047E1
1.051887967E1,7.254086445E-1,1.705374220E-1,1.328261737E-1,6.534955526E-1,8.699429429E1,2.491120540E1,-1.729700558E0,8.364710015E1
1.052892467E1,7.256927090E-1,1.711170505E-1,1.319514541E-1,6.532057561E-1,8.694699281E1,2.489494435E1,-1.835891489E0,8.357632542E1
1.053896967E1,7.257345134E-1,1.719596082E-1,1.309519626E-1,6.531391694E-1,8.694002995E1,2.489174461E1,-1.980215112E0,8.353542605E1
1.054901467E1,7.255343396E-1,1.728565735E-1,1.294674703E-1,6.534207709E-1,8.697336650E1,2.485506302E1,-2.179481767E0,8.353245303E1
1.055905967E1,7.251615112E-1,1.733669441E-1,1.271531091E-1,6.541534491E-1,8.703542937E1,2.471907341E1,-2.430303937E0,8.357333655E1
1.056910367E1,7.247645458E-1,1.730182290E-1,1.239844169E-1,6.552930419E-1,8.710147131E1,2.444031717E1,-2.695974138E0,8.365239318E1
1.057914867E1,7.244727395E-1,1.715684406E-1,1.203073783E-1,6.566808349E-1,8.714999274E1,2.402470386E1,-2.924074790E0,8.375763579E1
1.058919367E1,7.243990009E-1,1.691118062E-1,1.167287105E-1,6.580438456E-1,8.716225053E1,2.352847049E1,-3.063899064E0,8.386576638E1
1.059923867E1,7.245851346E-1,1.662217573E-1,1.138730481E-1,6.590748286E-1,8.713130629E1,2.305150437E1,-3.100281370E0,8.394627541E1
1.060928267E1,7.249112458E-1,1.637533981E-1,1.121916496E-1,6.596223372E-1,8.707706993E1,2.270408009E1,-3.059491156E0,8.398596124E1
1.061932767E1,7.251980683E-1,1.624874490E-1,1.119441054E-1,6.596621528E-1,8.702934545E1,2.257430827E1,-2.981318289E0,8.398605458E1
1.062937267E1,7.252942843E-1,1.629373192E-1,1.131288164E-1,6.592431763E-1,8.701333136E1,2.270650527E1,-2.907706082E0,8.395346199E1
1.063941767E1,7.251581710E-1,1.652753761E-1,1.153519547E-1,6.584250849E-1,8.703598522E1,2.308523510E1,-2.885838037E0,8.388780548E1
1.064946267E1,7.248786479E-1,1.692615461E-1,1.181297639E-1,6.572266024E-1,8.708249259E1,2.365265204E1,-2.936370083E0,8.378040468E1
1.065950667E1,7.245419894E-1,1.743021195E-1,1.210435863E-1,6.557485019E-1,8.713847985E1,2.432486847E1,-3.049253007E0,8.363616530E1
1.066955167E1,7.242610280E-1,1.796951828E-1,1.238218907E-1,6.540822789E-1,8.718518252E1,2.501962784E1,-3.193723486E0,8.346178472E1
1.067959667E1,7.241351775E-1,1.848218148E-1,1.262282703E-1,6.523309087E-1,8.720609547E1,2.566408938E1,-3.343232168E0,8.326593627E1
1.068964167E1,7.241879980E-1,1.891889738E-1,1.281161883E-1,6.506501240E-1,8.719731861E1,2.620261068E1,-3.476046506E0,8.306730188E1
1.069968667E1,7.243977102E-1,1.924543009E-1,1.294670580E-1,6.491899992E-1,8.716246508E1,2.660226341E1,-3.572272679E0,8.288727697E1
1.070973129E1,7.247518622E-1,1.945261109E-1,1.302474096E-1,6.480199684E-1,8.710358078E1,2.685142908E1,-3.630368963E0,8.273462002E1
1.071977629E1,7.252010739E-1,1.955416524E-1,1.304745679E-1,6.471654726E-1,8.702884524E1,2.696310475E1,-3.661113934E0,8.261309921E1
1.072982129E1,7.257196382E-1,1.957694903E-1,1.301843526E-1,6.465735728E-1,8.694250759E1,2.696399986E1,-3.681154542E0,8.251549606E1
1.073986629E1,7.263174675E-1,1.954946402E-1,1.294858634E-1,6.461256177E-1,8.684288757E1,2.688834416E1,-3.700011094E0,8.242725454E1
1.074991129E1,7.269937532E-1,1.949038230E-1,1.285586565E-1,6.457284284E-1,8.673008345E1,2.676690215E1,-3.714634750E0,8.233996149E1
1.075995529E1,7.277143168E-1,1.941018159E-1,1.275501403E-1,6.453582737E-1,8.660976428E1,2.662035917E1,-3.720554453E0,8.225460068E1
1.077000029E1,7.284621863E-1,1.931651180E-1,1.265632139E-1,6.449897259E-1,8.648474368E1,2.646346743E1,-3.714566061E0,8.217046837E1
1.078004529E1,7.292251101E-1,1.921401672E-1,1.257642809E-1,6.445900236E-1,8.635705684E1,2.631312067E1,-3.685647311E0,8.208760636E1
1.079009029E1,7.299824337E-1,1.911045402E-1,1.253008710E-1,6.441307626E-1,8.623015715E1,2.618749736E1,-3.626824050E0,8.200602175E1
1.080013429E1,7.307023440E-1,1.901775018E-1,1.252549283E-1,6.435975628E-1,8.610938724E1,2.610346112E1,-3.540118236E0,8.192583717E1
1.081017929E1,7.313523538E-1,1.894414677E-1,1.256400689E-1,6.430009952E-1,8.600022647E1,2.606930613E1,-3.431075749E0,8.184898200E1
1.082022429E1,7.319177616E-1,1.889155066E-1,1.264156236E-1,6.423600602E-1,8.590518275E1,2.608354374E1,-3.305041517E0,8.177717820E1
1.083026929E1,7.323879835E-1,1.885942791E-1,1.274982549E-1,6.417042236E-1,8.582607502E1,2.613926772E1,-3.169334136E0,8.171250547E1
1.084031429E1,7.327435817E-1,1.884239584E-1,1.287686084E-1,6.410943956E-1,8.576621197E1,2.622241976E1,-3.031578681E0,8.166062453E1
1.085035829E1,7.329947348E-1,1.883115870E-1,1.300773602E-1,6.405757786E-1,8.572391140E1,2.631325920E1,-2.898319232E0,8.162383708E1
1.086040329E1,7.331561256E-1,1.881932756E-1,1.313059883E-1,6.401750780E-1,8.569672019E1,2.639705718E1,-2.775215497E0,8.160246353E1
1.087044829E1,7.332662500E-1,1.880437175E-1,1.323910589E-1,6.398693079E-1,8.567816238E1,2.646685867E1,-2.664699519E0,8.159103112E1
1.088049329E1,7.333496903E-1,1.878824610E-1,1.332517634E-1,6.396423155E-1,8.566409914E1,2.651836290E1,-2.574298296E0,8.158447624E1
1.089053829E1,7.333981065E-1,1.877138288E-1,1.338151219E-1,6.395187093E-1,8.565593810E1,2.654635114E1,-2.511132311E0,8.158400343E1
1.090058229E1,7.334133952E-1,1.875164209E-1,1.340739799E-1,6.395048536E-1,8.565336089E1,2.654834304E1,-2.474343393E0,8.159022574E1
1.091062729E1,7.333922639E-1,1.872035359E-1,1.340744093E-1,6.396207311E-1,8.565692296E1,2.652001018E1,-2.454170311E0,8.160755311E1
1.092067229E1,7.333280321E-1,1.866526686E-1,1.338669072E-1,6.398988160E-1,8.566774966E1,2.645412345E1,-2.438151645E0,8.164245913E1
1.093071729E1,7.332391127E-1,1.857851469E-1,1.335145938E-1,6.403265116E-1,8.568273577E1,2.634849438E1,-2.414589597E0,8.169515486E1
1.094076229E1,7.331523113E-1,1.846205188E-1,1.330849330E-1,6.408520618E-1,8.569736291E1,2.621020520E1,-2.377645195E0,8.176014128E1
1.095080629E1,7.330905662E-1,1.832715247E-1,1.326222027E-1,6.414056606E-1,8.570776652E1,2.605295219E1,-2.329980007E0,8.182843194E1
1.096085129E1,7.330413334E-1,1.818437659E-1,1.321285288E-1,6.419699279E-1,8.571606116E1,2.588640880E1,-2.278974011E0,8.189747880E1
1.097089629E1,7.329718543E-1,1.804740697E-1,1.315833672E-1,6.425475294E-1,8.572776575E1,2.572121412E1,-2.236967262E0,8.196699857E1
1.098094129E1,7.328853321E-1,1.792884657E-1,1.309463518E-1,6.431080351E-1,8.574233966E1,2.556557275E1,-2.215973065E0,8.203119801E1
1.099098529E1,7.327761981E-1,1.783614985E-1,1.302287912E-1,6.436356030E-1,8.576071949E1,2.542696634E1,-2.220337663E0,8.208807626E1
1.100103029E1,7.326279834E-1,1.777345325E-1,1.295037706E-1,6.441238584E-1,8.578567601E1,2.531460688E1,-2.247139731E0,8.213892321E1
1.101107529E1,7.324523180E-1,1.774137923E-1,1.289147499E-1,6.445299828E-1,8.581524714E1,2.524006030E1,-2.283795804E0,8.218168696E1
1.102112029E1,7.322734942E-1,1.774263205E-1,1.286232939E-1,6.447878741E-1,8.584534152E1,2.521822149E1,-2.317089712E0,8.221130394E1
1.103116529E1,7.320870339E-1,1.777898160E-1,1.287826301E-1,6.448677029E-1,8.587671200E1,2.526243935E1,-2.334969891E0,8.222786924E1
1.104120929E1,7.318752987E-1,1.784571823E-1,1.293963804E-1,6.448009317E-1,8.591232361E1,2.536874038E1,-2.334571510E0,8.223624610E1
1.105125429E1,7.316522180E-1,1.793002932E-1,1.302827234E-1,6.446416561E-1,8.594983053E1,2.551174268E1,-2.322581236E0,8.223918124E1
1.106129929E1,7.314587561E-1,1.801184452E-1,1.312176063E-1,6.444434896E-1,8.598234695E1,2.565637884E1,-2.303440060E0,8.223801572E1
1.107134429E1,7.313181305E-1,1.807309074E-1,1.320315199E-1,6.442653164E-1,8.600597660E1,2.577346653E1,-2.278865582E0,8.223637261E1
1.108138929E1,7.312197124E-1,1.809911273E-1,1.325822686E-1,6.441908482E-1,8.602251094E1,2.583886474E1,-2.251852267E0,8.224228044E1
1.109143329E1,7.311401496E-1,1.808163680E-1,1.328449040E-1,6.442761429E-1,8.603587567E1,2.584314634E1,-2.219899252E0,8.226323758E1
1.110147829E1,7.310592698E-1,1.802646868E-1,1.329022027E-1,6.445106058E-1,8.604945993E1,2.579784227E1,-2.180414681E0,8.230017366E1
1.111152329E1,7.309221214E-1,1.795063728E-1,1.328660064E-1,6.448851253E-1,8.607249092E1,2.572669953E1,-2.137202610E0,8.235515595E1
1.112156829E1,7.306678099E-1,1.787450269E-1,1.328144661E-1,6.453953524E-1,8.611518367E1,2.565382663E1,-2.099552814E0,8.242992078E1
1.113161329E1,7.303496671E-1,1.781409177E-1,1.327107401E-1,6.459435328E-1,8.616856822E1,2.559087319E1,-2.079574736E0,8.250870909E1
1.114165729E1,7.301058502E-1,1.776912134E-1,1.323521310E-1,6.464164599E-1,8.620946284E1,2.552230899E1,-2.089634645E0,8.256835104E1
1.115170229E1,7.300483276E-1,1.772091009E-1,1.315121812E-1,6.467851948E-1,8.621910864E1,2.541425773E1,-2.132580039E0,8.259765812E1
1.116174729E1,7.301842012E-1,1.763459993E-1,1.301406779E-1,6.471448839E-1,8.619632298E1,2.523176333E1,-2.188628731E0,8.260970387E1
1.117179229E1,7.304480088E-1,1.748210288E-1,1.284714230E-1,6.475942852E-1,8.615206926E1,2.496768138E1,-2.220355090E0,8.262691012E1
1.118183629E1,7.307413035E-1,1.727232353E-1,1.269013660E-1,6.481355825E-1,8.610284763E1,2.466038624E1,-2.202534410E0,8.266173609E1
1.119188129E1,7.309948774E-1,1.703946772E-1,1.259082888E-1,6.486595336E-1,8.606027381E1,2.437712456E1,-2.119260243E0,8.271166855E1
1.120192629E1,7.311418460E-1,1.684646387E-1,1.259357975E-1,6.489926176E-1,8.603559073E1,2.420798559E1,-1.977713071E0,8.276307690E1
1.121197129E1,7.311008293E-1,1.677432203E-1,1.272567548E-1,6.489679696E-1,8.604247998E1,2.424574862E1,-1.813422891E0,8.279872125E1
1.122201629E1,7.308286475E-1,1.686593032E-1,1.297687491E-1,6.485395021E-1,8.608818490E1,2.452045167E1,-1.666797550E0,8.280964950E1
1.123206029E1,7.303032950E-1,1.712260265E-1,1.332132833E-1,6.477599882E-1,8.617634726E1,2.501347521E1,-1.561763407E0,8.279793415E1
1.124210529E1,7.295598114E-1,1.749609472E-1,1.372098227E-1,6.467647457E-1,8.630099165E1,2.565311014E1,-1.496254555E0,8.277416674E1
1.125215029E1,7.286862416E-1,1.791730755E-1,1.412687815E-1,6.457216454E-1,8.644726034E1,2.634063860E1,-1.461810099E0,8.274910535E1
1.126219529E1,7.277706513E-1,1.831119290E-1,1.449571378E-1,6.448312432E-1,8.660035194E1,2.697594454E1,-1.441799028E0,8.273837667E1
1.127224029E1,7.269149254E-1,1.860431251E-1,1.479658867E-1,6.442737853E-1,8.674323793E1,2.746946461E1,-1.410087989E0,8.275727827E1
1.128228429E1,7.261993194E-1,1.875364130E-1,1.500643112E-1,6.441624702E-1,8.686258258E1,2.776457146E1,-1.355437280E0,8.281313199E1
1.129232929E1,7.256416850E-1,1.874842220E-1,1.511461707E-1,6.445529502E-1,8.695549068E1,2.784314586E1,-1.279583738E0,8.290912372E1
1.130237429E1,7.252299866E-1,1.860607609E-1,1.512597499E-1,6.454017113E-1,8.702403326E1,2.772450380E1,-1.190213723E0,8.303976939E1
1.131241929E1,7.249474078E-1,1.836646402E-1,1.506300430E-1,6.465517566E-1,8.707105408E1,2.746190602E1,-1.094397197E0,8.318958515E1
1.132246329E1,7.247846551E-1,1.807009146E-1,1.495119938E-1,6.478276918E-1,8.709812675E1,2.711149445E1,-9.968888618E-1,8.334166835E1
1.133250829E1,7.247169752E-1,1.775642026E-1,1.481920981E-1,6.490726175E-1,8.710938281E1,2.673072201E1,-9.001230882E-1,8.348278737E1
1.134255329E1,7.247124576E-1,1.746101708E-1,1.468893825E-1,6.501742176E-1,8.711013410E1,2.636808477E1,-8.107011189E-1,8.360367692E1
1.135259829E1,7.247549311E-1,1.720671182E-1,1.457465878E-1,6.510615879E-1,8.710307039E1,2.605469399E1,-7.329170048E-1,8.369837763E1
1.136264329E1,7.248040954E-1,1.700744297E-1,1.448593611E-1,6.517281614E-1,8.709489337E1,2.581004330E1,-6.701051407E-1,8.376885460E1
1.137268729E1,7.247814783E-1,1.686616568E-1,1.442102048E-1,6.522642114E-1,8.709865512E1,2.563509657E1,-6.292437403E-1,8.382785056E1
1.138273229E1,7.246407816E-1,1.677559500E-1,1.437002200E-1,6.527664437E-1,8.712205341E1,2.551553779E1,-6.158744711E-1,8.388648720E1
1.139277729E1,7.243634264E-1,1.671970973E-1,1.432432494E-1,6.533178378E-1,8.716816371E1,2.543046470E1,-6.271348992E-1,8.395435905E1
1.140282229E1,7.239274383E-1,1.668144948E-1,1.428078448E-1,6.539938943E-1,8.724060735E1,2.536238875E1,-6.546923038E-1,8.404181765E1
1.141286729E1,7.233630156E-1,1.664647997E-1,1.424408959E-1,6.547870901E-1,8.733432032E1,2.530243363E1,-6.832713257E-1,8.414932632E1
1.142291129E1,7.227207266E-1,1.661134517E-1,1.422099430E-1,6.556350557E-1,8.744086413E1,2.525293061E1,-7.026619821E-1,8.426972469E1
1.143295629E1,7.220439878E-1,1.657980629E-1,1.421561465E-1,6.564716153E-1,8.755301056E1,2.522048015E1,-7.103404779E-1,8.439436294E1
1.144300129E1,7.213732655E-1,1.655463211E-1,1.422772963E-1,6.572459346E-1,8.766404705E1,2.520740015E1,-7.070030216E-1,8.451545907E1
1.145304629E1,7.207443002E-1,1.653666978E-1,1.425129749E-1,6.579297751E-1,8.776806905E1,2.520972112E1,-6.972220421E-1,8.462672943E1
1.146309029E1,7.201825512E-1,1.653089804E-1,1.427762847E-1,6.585020608E-1,8.786089149E1,2.522494885E1,-6.911545832E-1,8.472209323E1
1.147313529E1,7.196981996E-1,1.653066886E-1,1.430021022E-1,6.589830407E-1,8.794086229E1,2.524213868E1,-6.893935854E-1,8.480244657E1
1.148318029E1,7.192992217E-1,1.652456284E-1,1.431218941E-1,6.594078124E-1,8.800669369E1,2.524592262E1,-6.894901329E-1,8.487082946E1
1.149322529E1,7.189790558E-1,1.650399992E-1,1.431424354E-1,6.598038426E-1,8.805949280E1,2.522936205E1,-6.850002610E-1,8.493162073E1
1.150327029E1,7.187596024E-1,1.646206137E-1,1.430833699E-1,6.601603576E-1,8.809566870E1,2.518802703E1,-6.684801088E-1,8.498383114E1
1.151331429E1,7.186774424E-1,1.639885966E-1,1.429276623E-1,6.604407764E-1,8.810920937E1,2.512071643E1,-6.401067819E-1,8.502133686E1
1.152335929E1,7.187328234E-1,1.631665494E-1,1.426573898E-1,6.606426598E-1,8.810008230E1,2.502798332E1,-6.030188041E-1,8.504317313E1
1.153340429E1,7.189276551E-1,1.622210151E-1,1.422649934E-1,6.607481665E-1,8.806796703E1,2.491500335E1,-5.625390254E-1,8.504638533E1
1.154344929E1,7.192540587E-1,1.612443995E-1,1.417742453E-1,6.607374428E-1,8.801414312E1,2.479166266E1,-5.235200614E-1,8.502875325E1
1.155349429E1,7.196605941E-1,1.602446368E-1,1.412552253E-1,6.606491161E-1,8.794706888E1,2.466415206E1,-4.823970024E-1,8.499846091E1
1.156353829E1,7.200711465E-1,1.591903169E-1,1.407938603E-1,6.605550865E-1,8.787929052E1,2.453649280E1,-4.322866822E-1,8.496923524E1
1.157358329E1,7.204514007E-1,1.580645206E-1,1.404423042E-1,6.604857075E-1,8.781647701E1,2.441132561E1,-3.687011092E-1,8.494735717E1
1.158362829E1,7.208044174E-1,1.569362461E-1,1.402477155E-1,6.604109443E-1,8.775813076E1,2.429836100E1,-2.923520290E-1,8.492975179E1
1.159367329E1,7.211383653E-1,1.559487132E-1,1.402066546E-1,6.602889950E-1,8.770290773E1,2.420972645E1,-2.134641076E-1,8.490992891E1
1.160371729E1,7.214615052E-1,1.553037775E-1,1.402749792E-1,6.600735825E-1,8.764944559E1,2.415938790E1,-1.499917170E-1,8.487943001E1
1.161376229E1,7.217712766E-1,1.551197591E-1,1.404341310E-1,6.597441706E-1,8.759817078E1,2.415609409E1,-1.120746068E-1,8.483455553E1
1.162380729E1,7.220558153E-1,1.553764038E-1,1.406008935E-1,6.593368161E-1,8.755105154E1,2.419153428E1,-1.058472000E-1,8.477812158E1
1.163385229E1,7.222763381E-1,1.558911393E-1,1.407200677E-1,6.589482959E-1,8.751451932E1,2.424557418E1,-1.243806836E-1,8.472303766E1
1.164389729E1,7.223931718E-1,1.564573526E-1,1.408046018E-1,6.586678481E-1,8.749515950E1,2.430135067E1,-1.532256963E-1,8.468324371E1
1.165394129E1,7.223733022E-1,1.569818820E-1,1.408671991E-1,6.585513305E-1,8.749845222E1,2.435177507E1,-1.858590644E-1,8.466759951E1
1.166398629E1,7.222139687E-1,1.575290817E-1,1.408722916E-1,6.585943387E-1,8.752485279E1,2.439960347E1,-2.300803728E-1,8.467426934E1
1.167403129E1,7.219170731E-1,1.582288360E-1,1.407892511E-1,6.587698514E-1,8.757402959E1,2.445366450E1,-2.977357277E-1,8.469815847E1
1.168407629E1,7.214878891E-1,1.591560607E-1,1.406380763E-1,6.590489083E-1,8.764507933E1,2.452201242E1,-3.922453042E-1,8.473553091E1
1.169412129E1,7.209318853E-1,1.603565801E-1,1.404455198E-1,6.594074120E-1,8.773705540E1,2.461071070E1,-5.143699259E-1,8.478360775E1
1.170416529E1,7.203028383E-1,1.618962888E-1,1.401864432E-1,6.597736313E-1,8.784102202E1,2.472351223E1,-6.690247243E-1,8.483068772E1
1.171421083E1,7.196248404E-1,1.638537234E-1,1.398469628E-1,6.601022318E-1,8.795296951E1,2.486619638E1,-8.620888103E-1,8.486942208E1
1.172425583E1,7.188894569E-1,1.663342420E-1,1.394977472E-1,6.603569726E-1,8.807426420E1,2.505359449E1,-1.095162838E0,8.489654627E1
1.173430083E1,7.180558818E-1,1.693999721E-1,1.391182464E-1,6.605644984E-1,8.821159435E1,2.528959002E1,-1.375796137E0,8.491538328E1
1.174434483E1,7.169944239E-1,1.731124983E-1,1.387763934E-1,6.608269363E-1,8.838622244E1,2.558485947E1,-1.707151344E0,8.494356896E1
1.175438983E1,7.155661911E-1,1.775722961E-1,1.385562103E-1,6.612377443E-1,8.862076039E1,2.595460922E1,-2.094210452E0,8.499792188E1
1.176443483E1,7.137322737E-1,1.827029426E-1,1.386147049E-1,6.618096164E-1,8.892119900E1,2.640446545E1,-2.519623400E0,8.508540013E1
1.177447983E1,7.119031479E-1,1.882084800E-1,1.386502136E-1,6.622291830E-1,8.922005523E1,2.688604283E1,-2.972879034E0,8.514863931E1
1.178452483E1,7.109319580E-1,1.934201565E-1,1.380535749E-1,6.618954221E-1,8.937841466E1,2.729620236E1,-3.425717676E0,8.507655086E1
1.179456883E1,7.112214779E-1,1.972207354E-1,1.363907052E-1,6.608067137E-1,8.933122955E1,2.750446052E1,-3.821112831E0,8.485575389E1
1.180461383E1,7.127543377E-1,1.986842742E-1,1.331901262E-1,6.593680100E-1,8.908108001E1,2.739147968E1,-4.137395223E0,8.453506033E1
1.181465883E1,7.153209148E-1,1.973356804E-1,1.285282001E-1,6.579173128E-1,8.866098906E1,2.691964622E1,-4.346230283E0,8.417199162E1
1.182470383E1,7.183826990E-1,1.931300150E-1,1.229809584E-1,6.568887769E-1,8.815777200E1,2.612689909E1,-4.418162939E0,8.385391708E1
1.183474883E1,7.211831437E-1,1.872561141E-1,1.172923771E-1,6.565611721E-1,8.769550088E1,2.517374087E1,-4.399574113E0,8.364629434E1
1.184479283E1,7.235762286E-1,1.820619522E-1,1.126252301E-1,6.562061402E-1,8.729892930E1,2.436032078E1,-4.356065477E0,8.346865843E1
1.185483783E1,7.254043903E-1,1.797266744E-1,1.103609591E-1,6.552154364E-1,8.699500252E1,2.398684500E1,-4.324592643E0,8.326020488E1
1.186488283E1,7.263588900E-1,1.805095864E-1,1.114384933E-1,6.537587992E-1,8.683598170E1,2.414597491E1,-4.251280645E0,8.306785056E1
1.187492783E1,7.264328050E-1,1.838595259E-1,1.153601496E-1,6.520606289E-1,8.682365764E1,2.474992785E1,-4.138767800E0,8.291512042E1
1.188497183E1,7.258289671E-1,1.891111918E-1,1.205449706E-1,6.502907563E-1,8.692429626E1,2.561955117E1,-4.069384298E0,8.279047885E1
1.189501683E1,7.248878148E-1,1.953944466E-1,1.255636040E-1,6.485310542E-1,8.708096770E1,2.656952662E1,-4.094384158E0,8.266860002E1
1.190506183E1,7.239691373E-1,2.017477495E-1,1.295925872E-1,6.468170710E-1,8.723368073E1,2.745200091E1,-4.206176630E0,8.252942162E1
1.191510683E1,7.232955148E-1,2.073583011E-1,1.324536364E-1,6.452147637E-1,8.734552233E1,2.818042748E1,-4.357247390E0,8.237485359E1
1.192515183E1,7.229415234E-1,2.116094983E-1,1.343326773E-1,6.438413244E-1,8.740424973E1,2.871242841E1,-4.488358533E0,8.222628869E1
1.193519583E1,7.229458698E-1,2.141079187E-1,1.354953218E-1,6.427659423E-1,8.740352886E1,2.903146778E1,-4.550112046E0,8.210147623E1
1.194524083E1,7.232243314E-1,2.148632955E-1,1.361284939E-1,6.420664336E-1,8.735733423E1,2.915137262E1,-4.531670936E0,8.201732796E1
1.195528583E1,7.236333929E-1,2.143445574E-1,1.364383101E-1,6.417130903E-1,8.728943871E1,2.912990590E1,-4.452510863E0,8.197535119E1
1.196533083E1,7.240178591E-1,2.131985424E-1,1.366160644E-1,6.416233149E-1,8.722558701E1,2.904040888E1,-4.344970067E0,8.196877855E1
1.197537483E1,7.242868850E-1,2.120430629E-1,1.368592755E-1,6.416508341E-1,8.718088527E1,2.895445447E1,-4.235979657E0,8.198174905E1
1.198541983E1,7.243755699E-1,2.112886606E-1,1.373053735E-1,6.417042684E-1,8.716614525E1,2.891996072E1,-4.143135537E0,8.200485332E1
1.199546483E1,7.242341620E-1,2.111343558E-1,1.380832832E-1,6.417477271E-1,8.718964726E1,2.896479862E1,-4.070318699E0,8.203690914E1
1.200550983E1,7.238778868E-1,2.117400850E-1,1.391919824E-1,6.417105193E-1,8.724883777E1,2.910364964E1,-4.027524219E0,8.206744987E1
1.201555483E1,7.233852560E-1,2.129200282E-1,1.406308547E-1,6.415620123E-1,8.733062920E1,2.931991953E1,-3.999181891E0,8.209232160E1
1.202559883E1,7.228497750E-1,2.141980102E-1,1.423792904E-1,6.413544443E-1,8.741946572E1,2.956893682E1,-3.951729122E0,8.211928076E1
1.203564383E1,7.223528821E-1,2.151456742E-1,1.443205821E-1,6.411631635E-1,8.750183606E1,2.980290891E1,-3.863872025E0,8.215619823E1
1.204568883E1,7.219955980E-1,2.155412434E-1,1.462745732E-1,6.409898187E-1,8.756102514E1,2.998815473E1,-3.732611485E0,8.219745375E1
1.205573383E1,7.218578278E-1,2.153033244E-1,1.480440665E-1,6.408187368E-1,8.758384015E1,3.010240009E1,-3.566516934E0,8.223384417E1
1.206577783E1,7.219750883E-1,2.144581274E-1,1.494834077E-1,6.406359801E-1,8.756442189E1,3.013693607E1,-3.378546384E0,8.225788107E1
1.207582283E1,7.223145653E-1,2.132138101E-1,1.505355353E-1,6.404222693E-1,8.750818530E1,3.010618536E1,-3.188765163E0,8.226421238E1
1.208586783E1,7.228077862E-1,2.117791525E-1,1.512394509E-1,6.401758604E-1,8.742642863E1,3.003186746E1,-3.010427314E0,8.225358097E1
1.209591283E1,7.233859408E-1,2.103411969E-1,1.516693804E-1,6.398950939E-1,8.733051553E1,2.993643867E1,-2.852307930E0,8.222814540E1
1.210595783E1,7.239635107E-1,2.090378740E-1,1.518897399E-1,6.396167666E-1,8.723461539E1,2.983706534E1,-2.721598828E0,8.219552493E1
1.211600183E1,7.244770305E-1,2.079533355E-1,1.519461482E-1,6.393753468E-1,8.714927937E1,2.974466987E1,-2.622626421E0,8.216238945E1
1.212604683E1,7.249132978E-1,2.070754325E-1,1.518617965E-1,6.391858072E-1,8.707672857E1,2.965989267E1,-2.553147442E0,8.213179375E1
1.213609183E1,7.252806709E-1,2.062930105E-1,1.516554535E-1,6.390709781E-1,8.701559731E1,2.957411900E1,-2.503832533E0,8.210784568E1
1.214613683E1,7.255392865E-1,2.053628585E-1,1.513544117E-1,6.391483571E-1,8.697254276E1,2.946725817E1,-2.458028008E0,8.210901102E1
1.215618183E1,7.256754630E-1,2.040166434E-1,1.509192481E-1,6.395276366E-1,8.694986514E1,2.931192753E1,-2.402071302E0,8.215026176E1
1.216622583E1,7.257122546E-1,2.021380635E-1,1.503141564E-1,6.402245373E-1,8.694373739E1,2.909504700E1,-2.330165253E0,8.223281283E1
1.217627083E1,7.256885075E-1,1.997814251E-1,1.495799135E-1,6.411625339E-1,8.694769259E1,2.882504667E1,-2.240141309E0,8.234691587E1
1.218631583E1,7.256253162E-1,1.971595092E-1,1.487396133E-1,6.422402841E-1,8.695821670E1,2.852322098E1,-2.142737096E0,8.247843092E1
1.219636083E1,7.255331858E-1,1.945445791E-1,1.477803010E-1,6.433622306E-1,8.697355862E1,2.821322249E1,-2.056571877E0,8.261275296E1
1.220640483E1,7.253832958E-1,1.922622746E-1,1.467424243E-1,6.444540184E-1,8.699851427E1,2.792729688E1,-2.001140159E0,8.274021265E1
1.221644983E1,7.250959597E-1,1.906118883E-1,1.457158957E-1,6.454996606E-1,8.704633774E1,2.769882599E1,-1.992220658E0,8.286144225E1
1.222649483E1,7.245953684E-1,1.897793010E-1,1.447655659E-1,6.465200911E-1,8.712960469E1,2.754901553E1,-2.040123281E0,8.298167053E1
1.223653983E1,7.238542397E-1,1.897295361E-1,1.439686849E-1,6.475420021E-1,8.725276528E1,2.748042653E1,-2.137112508E0,8.310742240E1
1.224658483E1,7.229234187E-1,1.902404086E-1,1.433765111E-1,6.485625959E-1,8.740725247E1,2.747717595E1,-2.261773985E0,8.323997344E1
1.225662883E1,7.219234610E-1,1.910118224E-1,1.429669070E-1,6.495394571E-1,8.757297176E1,2.751102217E1,-2.390907721E0,8.337224251E1
1.226667383E1,7.209751938E-1,1.917632269E-1,1.426986107E-1,6.504297303E-1,8.772989392E1,2.755408123E1,-2.504203992E0,8.349645421E1
1.227671883E1,7.201570049E-1,1.923421534E-1,1.425455781E-1,6.511983544E-1,8.786511085E1,2.759102759E1,-2.590387725E0,8.360647098E1
1.228676383E1,7.194281121E-1,1.926995244E-1,1.425800885E-1,6.518902424E-1,8.798543105E1,2.762306109E1,-2.641447773E0,8.371140507E1
1.229680783E1,7.186659100E-1,1.929316087E-1,1.428995800E-1,6.525921744E-1,8.811110988E1,2.766606059E1,-2.660465743E0,8.382749862E1
1.230685283E1,7.177303448E-1,1.932849046E-1,1.435076115E-1,6.533832602E-1,8.826517995E1,2.774187742E1,-2.669729299E0,8.396673558E1
1.231689783E1,7.165144899E-1,1.940404369E-1,1.443460309E-1,6.543083862E-1,8.846509004E1,2.787067462E1,-2.698054036E0,8.413396732E1
1.232694283E1,7.150062043E-1,1.953545335E-1,1.453585457E-1,6.553423511E-1,8.871258474E1,2.806188990E1,-2.761790556E0,8.432362311E1
1.233698783E1,7.132665431E-1,1.971741394E-1,1.464960892E-1,6.564390200E-1,8.899736877E1,2.830709888E1,-2.859333931E0,8.452726050E1
1.234703183E1,7.114045875E-1,1.993904420E-1,1.476139395E-1,6.575386234E-1,8.930137672E1,2.858554198E1,-2.991474757E0,8.473103028E1
1.235707683E1,7.095583132E-1,2.017855578E-1,1.485243799E-1,6.585970045E-1,8.960202033E1,2.886344942E1,-3.153852152E0,8.492181467E1
1.236712183E1,7.078903622E-1,2.041166368E-1,1.489376297E-1,6.595795635E-1,8.987294479E1,2.909681304E1,-3.347938216E0,8.508423799E1
1.237716683E1,7.066209202E-1,2.060190217E-1,1.483107981E-1,6.604899143E-1,9.007871011E1,2.921090876E1,-3.586074230E0,8.520000213E1
1.238721083E1,7.059095183E-1,2.070421128E-1,1.458345469E-1,6.614813399E-1,9.019386087E1,2.910200824E1,-3.900098094E0,8.526538561E1
1.239725583E1,7.059018265E-1,2.065349044E-1,1.410610081E-1,6.626822090E-1,9.019510527E1,2.867760111E1,-4.277295432E0,8.528859248E1
1.240730083E1,7.066171072E-1,2.038405064E-1,1.346219522E-1,6.640920566E-1,9.007932761E1,2.793027261E1,-4.616465556E0,8.529742438E1
1.241734583E1,7.079597675E-1,1.988326574E-1,1.280879078E-1,6.654714084E-1,8.986168413E1,2.697387012E1,-4.776707208E0,8.530988484E1
1.242739083E1,7.095394999E-1,1.917235562E-1,1.234076504E-1,6.667580832E-1,8.960507976E1,2.598017357E1,-4.619677847E0,8.537289311E1
1.243743483E1,7.109857940E-1,1.836488311E-1,1.219229012E-1,6.677627969E-1,8.936964211E1,2.515538763E1,-4.122941166E0,8.548851847E1
1.244747983E1,7.120347106E-1,1.764396390E-1,1.238090307E-1,6.682417036E-1,8.919858593E1,2.467499475E1,-3.410883746E0,8.561925173E1
1.245752483E1,7.124819058E-1,1.716319401E-1,1.284450022E-1,6.681422199E-1,8.912557906E1,2.462361864E1,-2.654868138E0,8.574155932E1
1.246756983E1,7.123437484E-1,1.699990461E-1,1.346405455E-1,6.674869207E-1,8.914813899E1,2.497341044E1,-2.012846782E0,8.583027990E1
1.247761483E1,7.118061390E-1,1.716992012E-1,1.411014954E-1,6.662895130E-1,8.923588318E1,2.563463044E1,-1.600418099E0,8.585243143E1
1.248765883E1,7.109962293E-1,1.761631821E-1,1.468947931E-1,6.647350687E-1,8.936794161E1,2.648336323E1,-1.450907227E0,8.580668313E1
1.249770383E1,7.100706319E-1,1.821111640E-1,1.514465816E-1,6.630980535E-1,8.951867516E1,2.736337228E1,-1.515052721E0,8.571280003E1
1.250774883E1,7.091510509E-1,1.881291649E-1,1.544342452E-1,6.617116118E-1,8.966823118E1,2.812632918E1,-1.715697265E0,8.560626766E1
1.251779383E1,7.083046789E-1,1.930678207E-1,1.558474146E-1,6.608636805E-1,8.980570756E1,2.867061447E1,-1.971828996E0,8.552708952E1
1.252783783E1,7.075302016E-1,1.962692861E-1,1.559175562E-1,6.607336864E-1,8.993136122E1,2.895588875E1,-2.219660708E0,8.550913335E1
1.253788283E1,7.068324289E-1,1.975477436E-1,1.549509643E-1,6.613265977E-1,9.004445207E1,2.898923055E1,-2.420803464E0,8.556410262E1
1.254792783E1,7.061883829E-1,1.971069415E-1,1.532869106E-1,6.625328827E-1,9.014873632E1,2.881518228E1,-2.560873215E0,8.568833779E1
1.255797283E1,7.055440458E-1,1.953456195E-1,1.512997341E-1,6.641959091E-1,9.025297307E1,2.849879272E1,-2.636436985E0,8.587224851E1
1.256801783E1,7.048927019E-1,1.927903245E-1,1.492395487E-1,6.660974129E-1,9.035824750E1,2.810685408E1,-2.661689342E0,8.609185509E1
1.257806183E1,7.042695436E-1,1.900313681E-1,1.474527989E-1,6.679447685E-1,9.045887649E1,2.771949288E1,-2.646165602E0,8.631428767E1
1.258810683E1,7.037239302E-1,1.875188680E-1,1.462614339E-1,6.694901051E-1,9.054691142E1,2.740228348E1,-2.592298588E0,8.651177312E1
1.259815183E1,7.032379349E-1,1.855873425E-1,1.458085647E-1,6.706367101E-1,9.062527058E1,2.719580607E1,-2.513061861E0,8.667335227E1
1.260819683E1,7.027860219E-1,1.844443450E-1,1.459598469E-1,6.713925019E-1,9.069808698E1,2.710704974E1,-2.436493613E0,8.679513971E1
1.261824083E1,7.023295979E-1,1.841155048E-1,1.464566213E-1,6.718520448E-1,9.077158386E1,2.711705634E1,-2.388500045E0,8.688284328E1
1.262828583E1,7.018835117E-1,1.844141850E-1,1.470304229E-1,6.721107461E-1,9.084337116E1,2.718786764E1,-2.378288832E0,8.694214212E1
1.263833083E1,7.014973136E-1,1.850534829E-1,1.475590142E-1,6.722224840E-1,9.090548508E1,2.728481892E1,-2.393925112E0,8.697724485E1
1.264837583E1,7.012358806E-1,1.856632780E-1,1.480404643E-1,6.722211735E-1,9.094751367E1,2.737581240E1,-2.406614817E0,8.699335938E1
1.265842083E1,7.011174071E-1,1.859685805E-1,1.484696759E-1,6.721658334E-1,9.096655476E1,2.743661710E1,-2.396470332E0,8.699945402E1
1.266846483E1,7.011274249E-1,1.858712002E-1,1.488512103E-1,6.720979901E-1,9.096494482E1,2.745901431E1,-2.356666253E0,8.700209487E1
1.267850983E1,7.012434749E-1,1.853995533E-1,1.492279425E-1,6.720234969E-1,9.094629300E1,2.744886596E1,-2.286448881E0,8.700364078E1
1.268855483E1,7.014250686E-1,1.846437707E-1,1.495994722E-1,6.719594929E-1,9.091710087E1,2.741386286E1,-2.193854513E0,8.700670166E1
1.269859983E1,7.016572068E-1,1.837543287E-1,1.498696928E-1,6.719007468E-1,9.087977277E1,2.735925934E1,-2.098356370E0,8.700711575E1
1.270864329E1,7.019603876E-1,1.829057875E-1,1.499522361E-1,6.717971736E-1,9.083100292E1,2.729324995E1,-2.018955124E0,8.699412693E1
1.271868829E1,7.023483230E-1,1.822051001E-1,1.498271614E-1,6.716099415E-1,9.076856952E1,2.722349321E1,-1.964472856E0,8.696104089E1
1.272873329E1,7.028163743E-1,1.816965101E-1,1.494122296E-1,6.713504328E-1,9.069319776E1,2.714715822E1,-1.945298337E0,8.690680210E1
1.273877829E1,7.033460732E-1,1.813956804E-1,1.486367974E-1,6.710492540E-1,9.060783956E1,2.705990238E1,-1.969337516E0,8.683379276E1
1.274882329E1,7.039147080E-1,1.812682784E-1,1.475575351E-1,6.707254925E-1,9.051613698E1,2.696336115E1,-2.030223612E0,8.674707286E1
1.275886729E1,7.045015356E-1,1.812283732E-1,1.463212548E-1,6.703909558E-1,9.042142414E1,2.686196619E1,-2.110143531E0,8.665364628E1
1.276891229E1,7.050891865E-1,1.811830719E-1,1.450475705E-1,6.700621709E-1,9.032650051E1,2.675728276E1,-2.192952540E0,8.656020383E1
1.277895729E1,7.056696474E-1,1.810178089E-1,1.438884531E-1,6.697453807E-1,9.023266147E1,2.665152751E1,-2.257823427E0,8.647280750E1
1.278900229E1,7.062684316E-1,1.806764207E-1,1.429506844E-1,6.694071483E-1,9.013577995E1,2.654840270E1,-2.290668840E0,8.638977268E1
1.279904629E1,7.069311619E-1,1.801940263E-1,1.422768011E-1,6.689811148E-1,9.002845680E1,2.645442873E1,-2.288600465E0,8.630216475E1
1.280909129E1,7.077055983E-1,1.796970689E-1,1.418237686E-1,6.683918715E-1,8.990291639E1,2.637723670E1,-2.262463164E0,8.619687288E1
1.281913629E1,7.086307414E-1,1.793366514E-1,1.414966023E-1,6.675773218E-1,8.975276477E1,2.632245342E1,-2.229625106E0,8.606122441E1
1.282918129E1,7.096890145E-1,1.792113910E-1,1.411981183E-1,6.665493101E-1,8.958076334E1,2.629084812E1,-2.206028650E0,8.589392065E1
1.283922629E1,7.108229979E-1,1.793401127E-1,1.408960888E-1,6.653692181E-1,8.939616759E1,2.628137308E1,-2.197856227E0,8.570341463E1
1.284927029E1,7.119994560E-1,1.796754541E-1,1.405699564E-1,6.640885729E-1,8.920433940E1,2.628824703E1,-2.204676366E0,8.549701564E1
1.285931529E1,7.131724450E-1,1.801640994E-1,1.402265281E-1,6.627689130E-1,8.901275217E1,2.630730421E1,-2.223802802E0,8.528441044E1
1.286936029E1,7.143040194E-1,1.807018432E-1,1.399651834E-1,6.614577087E-1,8.882761994E1,2.633721782E1,-2.240713952E0,8.507609985E1
1.287940529E1,7.153622214E-1,1.811409633E-1,1.399009806E-1,6.602063898E-1,8.865421523E1,2.637396852E1,-2.236311550E0,8.488365701E1
1.288944929E1,7.163222054E-1,1.813840031E-1,1.400211834E-1,6.590724236E-1,8.849667251E1,2.640776366E1,-2.205849301E0,8.471537066E1
1.289949429E1,7.171477779E-1,1.813814769E-1,1.403148179E-1,6.581121498E-1,8.836101001E1,2.643314657E1,-2.148280750E0,8.457937447E1
1.290953929E1,7.177845535E-1,1.811619577E-1,1.408307137E-1,6.573677311E-1,8.825625861E1,2.645626478E1,-2.063542667E0,8.448357509E1
1.291958429E1,7.181910915E-1,1.808979063E-1,1.415066873E-1,6.568510213E-1,8.818933031E1,2.648733275E1,-1.970690968E0,8.442764893E1
1.292962929E1,7.183864316E-1,1.807783344E-1,1.420941735E-1,6.565434863E-1,8.815715714E1,2.652356818E1,-1.903751784E0,8.440053241E1
1.293967329E1,7.184934267E-1,1.809141908E-1,1.420438963E-1,6.563998234E-1,8.813953074E1,2.653187099E1,-1.913397207E0,8.437712436E1
1.294971829E1,7.186656018E-1,1.812432155E-1,1.406324352E-1,6.564245584E-1,8.811116067E1,2.645030140E1,-2.052178158E0,8.433442063E1
1.295976329E1,7.190559738E-1,1.814386241E-1,1.375587340E-1,6.565944023E-1,8.804681041E1,2.622715938E1,-2.317576479E0,8.426056672E1
1.296980829E1,7.196405453E-1,1.809686024E-1,1.335466701E-1,6.569119419E-1,8.795037767E1,2.587278195E1,-2.610707438E0,8.418198096E1
1.297985229E1,7.203358761E-1,1.795896181E-1,1.297504429E-1,6.572889112E-1,8.783556408E1,2.545590615E1,-2.817608745E0,8.412284043E1
1.298989729E1,7.210505734E-1,1.774878944E-1,1.272317130E-1,6.575684581E-1,8.771742805E1,2.507545442E1,-2.862535215E0,8.409034853E1
1.299994229E1,7.216429289E-1,1.750718395E-1,1.267477486E-1,6.576598088E-1,8.761941839E1,2.482595655E1,-2.713522056E0,8.409078023E1
1.300998729E1,7.220009058E-1,1.732009356E-1,1.285962515E-1,6.574034058E-1,8.756014605E1,2.480633634E1,-2.408997404E0,8.410773512E1
1.302003229E1,7.221261399E-1,1.725984951E-1,1.323651847E-1,6.566758932E-1,8.753940275E1,2.504847511E1,-2.035220093E0,8.411240636E1
1.303007629E1,7.220793279E-1,1.736950903E-1,1.371413525E-1,6.554568667E-1,8.754715697E1,2.551917273E1,-1.698805657E0,8.407754065E1
1.304012129E1,7.219604001E-1,1.765353967E-1,1.419448828E-1,6.538042783E-1,8.756685443E1,2.614594160E1,-1.483096498E0,8.398329895E1
1.305016629E1,7.218610099E-1,1.807913077E-1,1.460151870E-1,6.518517913E-1,8.758331325E1,2.684078690E1,-1.426407447E0,8.382468980E1
1.306021129E1,7.219190962E-1,1.857945127E-1,1.488718003E-1,6.497309540E-1,8.757369458E1,2.750800171E1,-1.517719283E0,8.360323377E1
1.307025529E1,7.222574616E-1,1.905249275E-1,1.503438633E-1,6.476428200E-1,8.751764691E1,2.804471538E1,-1.696790277E0,8.334089446E1
1.308030029E1,7.229078191E-1,1.938836085E-1,1.505643980E-1,6.458668044E-1,8.740983966E1,2.836351671E1,-1.877208752E0,8.308264812E1
1.309034529E1,7.237844630E-1,1.952180093E-1,1.498208749E-1,6.446547559E-1,8.726435361E1,2.842745600E1,-1.995464955E0,8.287565522E1
1.310039029E1,7.248018748E-1,1.945691270E-1,1.484876331E-1,6.440158229E-1,8.709526271E1,2.826830911E1,-2.026571074E0,8.273439168E1
1.311043429E1,7.258584093E-1,1.926253065E-1,1.468815089E-1,6.437787073E-1,8.691939144E1,2.797197501E1,-1.993480826E0,8.264440127E1
1.312047929E1,7.268833153E-1,1.903980325E-1,1.451639642E-1,6.436742885E-1,8.674851247E1,2.764166413E1,-1.952680622E0,8.257104351E1
1.313052429E1,7.278157169E-1,1.886619327E-1,1.435100034E-1,6.435027219E-1,8.659282182E1,2.736031418E1,-1.943344805E0,8.249033520E1
1.314056929E1,7.286625709E-1,1.877690307E-1,1.421484916E-1,6.431075978E-1,8.645122095E1,2.717718313E1,-1.968773015E0,8.238643469E1
1.315061429E1,7.294178556E-1,1.876904663E-1,1.412524101E-1,6.424715887E-1,8.632477398E1,2.710301325E1,-2.011926397E0,8.226225354E1
1.316065829E1,7.300701597E-1,1.881502357E-1,1.408626044E-1,6.416812957E-1,8.621544778E1,2.711612861E1,-2.050813526E0,8.213188243E1
1.317070329E1,7.306316242E-1,1.887899380E-1,1.409301474E-1,6.408389646E-1,8.612125700E1,2.718051797E1,-2.064920015E0,8.200894545E1
1.318074829E1,7.311083314E-1,1.893078042E-1,1.413960939E-1,6.400393283E-1,8.604121994E1,2.726438822E1,-2.038851093E0,8.190570004E1
1.319079329E1,7.315163919E-1,1.895348914E-1,1.422001715E-1,6.393273047E-1,8.597266075E1,2.734782171E1,-1.965983352E0,8.182696514E1
1.320083729E1,7.318702779E-1,1.894252174E-1,1.432276564E-1,6.387252580E-1,8.591316790E1,2.741785119E1,-1.852879549E0,8.177234958E1
1.321088229E1,7.321672499E-1,1.890515277E-1,1.443257451E-1,6.382482347E-1,8.586321742E1,2.746930503E1,-1.718124746E0,8.173897067E1
1.322092729E1,7.324013124E-1,1.885728870E-1,1.453235928E-1,6.378947280E-1,8.582383178E1,2.750342791E1,-1.587807438E0,8.172073876E1
1.323097229E1,7.325375995E-1,1.881239717E-1,1.461097883E-1,6.376910903E-1,8.580089207E1,2.752374838E1,-1.482300254E0,8.171760101E1
1.324101729E1,7.325490687E-1,1.877352421E-1,1.466319126E-1,6.376726247E-1,8.579896136E1,2.752894820E1,-1.409452568E0,8.173284539E1
1.325106129E1,7.324429324E-1,1.873910340E-1,1.469464072E-1,6.378233524E-1,8.581682686E1,2.752198326E1,-1.362910952E0,8.176596981E1
1.326110629E1,7.322314079E-1,1.870696656E-1,1.471252560E-1,6.381193391E-1,8.585242301E1,2.750646805E1,-1.334314488E0,8.181589564E1
1.327115129E1,7.319249213E-1,1.867888530E-1,1.471805197E-1,6.385403809E-1,8.590397867E1,2.748493219E1,-1.323321854E0,8.188005747E1
1.328119629E1,7.315466481E-1,1.865731152E-1,1.470598836E-1,6.390645665E-1,8.596757559E1,2.745556604E1,-1.335238804E0,8.195344237E1
1.329124029E1,7.311189893E-1,1.864244672E-1,1.466948879E-1,6.396807060E-1,8.603942985E1,2.741326736E1,-1.375312889E0,8.203209551E1
1.330128529E1,7.306601892E-1,1.863007543E-1,1.460907036E-1,6.403789002E-1,8.611646274E1,2.735464869E1,-1.439468501E0,8.211483698E1
1.331133029E1,7.301682249E-1,1.861032963E-1,1.453361697E-1,6.411686742E-1,8.619900242E1,2.727767383E1,-1.513214291E0,8.220624662E1
1.332137529E1,7.296595045E-1,1.857124633E-1,1.445165030E-1,6.420457580E-1,8.628428658E1,2.717822349E1,-1.580195527E0,8.230872021E1
1.333142029E1,7.291320551E-1,1.850609060E-1,1.436902233E-1,6.430179409E-1,8.637263911E1,2.705481097E1,-1.630667209E0,8.242548592E1
1.334146429E1,7.285914665E-1,1.841705327E-1,1.428688866E-1,6.440685064E-1,8.646311734E1,2.691035519E1,-1.664721109E0,8.255449432E1
1.335150929E1,7.280584906E-1,1.831418046E-1,1.420746582E-1,6.451391918E-1,8.655224708E1,2.675566396E1,-1.686262785E0,8.268781437E1
1.336155429E1,7.275362569E-1,1.821434116E-1,1.413939840E-1,6.461597698E-1,8.663950905E1,2.661255545E1,-1.699010984E0,8.281776826E1
1.337159929E1,7.270270940E-1,1.813607327E-1,1.409165563E-1,6.470566837E-1,8.672451918E1,2.650452852E1,-1.707726635E0,8.293617214E1
1.338164329E1,7.264881570E-1,1.809424081E-1,1.407469324E-1,6.478156273E-1,8.681442773E1,2.645282195E1,-1.715272451E0,8.304413807E1
1.339168829E1,7.258901354E-1,1.809674183E-1,1.409678490E-1,6.484307606E-1,8.691410590E1,2.647080900E1,-1.721157032E0,8.314338473E1
1.340173329E1,7.252375230E-1,1.814681071E-1,1.415701644E-1,6.488897503E-1,8.702277893E1,2.656067288E1,-1.728394437E0,8.323175821E1
1.341177829E1,7.245795817E-1,1.823930250E-1,1.424407655E-1,6.491748605E-1,8.713222956E1,2.670917493E1,-1.741520833E0,8.330297847E1
1.342182229E1,7.240001679E-1,1.835762411E-1,1.434523043E-1,6.492649494E-1,8.722852595E1,2.689187306E1,-1.756978439E0,8.334980507E1
1.343186729E1,7.235594726E-1,1.847942534E-1,1.444592031E-1,6.491874914E-1,8.730171103E1,2.707771304E1,-1.769723222E0,8.337161136E1
1.344191229E1,7.232849939E-1,1.858589974E-1,1.453699030E-1,6.489861322E-1,8.734726821E1,2.724288222E1,-1.773707123E0,8.337189156E1
1.345195729E1,7.231990960E-1,1.866833832E-1,1.460187603E-1,6.486993677E-1,8.736152140E1,2.736671960E1,-1.776540579E0,8.335075128E1
1.346200229E1,7.232974930E-1,1.872108786E-1,1.462767978E-1,6.483794468E-1,8.734519405E1,2.743408376E1,-1.785859956E0,8.331152516E1
1.347204629E1,7.235399349E-1,1.873694654E-1,1.461191383E-1,6.480986513E-1,8.730495447E1,2.743650403E1,-1.800629013E0,8.326412433E1
1.348209129E1,7.238461818E-1,1.871069498E-1,1.456085332E-1,6.479474205E-1,8.725410359E1,2.737403222E1,-1.815122743E0,8.322424440E1
1.349213629E1,7.241643036E-1,1.863879245E-1,1.449270397E-1,6.479519750E-1,8.720125586E1,2.725759598E1,-1.813076298E0,8.320207306E1
1.350218129E1,7.244491083E-1,1.852975461E-1,1.442680079E-1,6.480934435E-1,8.715392118E1,2.710977199E1,-1.785086117E0,8.320134237E1
1.351222529E1,7.246638412E-1,1.841120711E-1,1.436729681E-1,6.483233598E-1,8.711821887E1,2.695835123E1,-1.747740918E0,8.321611127E1
1.352227029E1,7.248373993E-1,1.831334937E-1,1.429584434E-1,6.485644425E-1,8.708935390E1,2.681599673E1,-1.736585358E0,8.322860352E1
1.353231529E1,7.250023067E-1,1.824713746E-1,1.418764416E-1,6.488043133E-1,8.706192055E1,2.667319115E1,-1.779602832E0,8.322879430E1
1.354236029E1,7.251734624E-1,1.819274327E-1,1.403462318E-1,6.490983745E-1,8.703344045E1,2.650606378E1,-1.869714118E0,8.322265653E1
1.355240529E1,7.253782751E-1,1.811544858E-1,1.385388853E-1,6.494740083E-1,8.699935009E1,2.629717022E1,-1.967010410E0,8.322039357E1
1.356244929E1,7.257355091E-1,1.799442246E-1,1.368051471E-1,6.497787327E-1,8.693986410E1,2.605561751E1,-2.021766182E0,8.321075993E1
1.357249429E1,7.262210171E-1,1.781959944E-1,1.355652711E-1,6.499779424E-1,8.685896589E1,2.580508987E1,-1.991213334E0,8.320179061E1
1.358253929E1,7.267622564E-1,1.759801502E-1,1.351935306E-1,6.500541544E-1,8.676871023E1,2.558075401E1,-1.850181361E0,8.320217291E1
1.359258429E1,7.272254871E-1,1.736118542E-1,1.359486981E-1,6.500153424E-1,8.669140330E1,2.543046656E1,-1.602773204E0,8.322087437E1
1.360262829E1,7.274458335E-1,1.715365486E-1,1.379571376E-1,6.498965700E-1,8.665461108E1,2.540341876E1,-1.274898436E0,8.326752871E1
1.361267329E1,7.273157393E-1,1.701602051E-1,1.412127670E-1,6.497048308E-1,8.667633500E1,2.553527586E1,-8.993101400E-1,8.334449385E1
1.362271829E1,7.267957421E-1,1.698160247E-1,1.455418687E-1,6.494213406E-1,8.676312378E1,2.584237198E1,-5.160058865E-1,8.344576843E1
1.363276329E1,7.259493464E-1,1.706591421E-1,1.505826410E-1,6.489975988E-1,8.690424069E1,2.631060866E1,-1.652416749E-1,8.355470971E1
1.364280829E1,7.248903594E-1,1.727133967E-1,1.558704307E-1,6.483890879E-1,8.708054441E1,2.690591925E1,1.149916550E-1,8.365054404E1
1.365285229E1,7.237429931E-1,1.758861660E-1,1.608801770E-1,6.475937373E-1,8.727124023E1,2.757883850E1,2.902755581E-1,8.371458719E1
1.366289729E1,7.225866812E-1,1.799002779E-1,1.651314203E-1,6.467115748E-1,8.746308670E1,2.826695366E1,3.412754944E-1,8.374270423E1
1.367294229E1,7.214488269E-1,1.842963812E-1,1.682467283E-1,6.459406826E-1,8.765154365E1,2.889990384E1,2.677870631E-1,8.374759815E1
1.368298729E1,7.203729469E-1,1.885149719E-1,1.700340003E-1,6.454559491E-1,8.782943957E1,2.941302075E1,9.279442582E-2,8.374519414E1
1.369303129E1,7.194005322E-1,1.919761752E-1,1.705388998E-1,6.453870837E-1,8.798998115E1,2.975842712E1,-1.390190128E-1,8.375475868E1
1.370307629E1,7.185736163E-1,1.941445594E-1,1.699946022E-1,6.458031522E-1,8.812631843E1,2.990681108E1,-3.696213453E-1,8.379520848E1
1.371312071E1,7.179756026E-1,1.946365804E-1,1.686559354E-1,6.466706528E-1,8.822481125E1,2.984405246E1,-5.471735808E-1,8.387203706E1
1.372316571E1,7.176703567E-1,1.933369191E-1,1.667796209E-1,6.478847534E-1,8.827505158E1,2.958030135E1,-6.379732872E-1,8.398053587E1
1.373320971E1,7.177162045E-1,1.904439581E-1,1.645059262E-1,6.492707183E-1,8.826750694E1,2.914473993E1,-6.395621253E-1,8.410089139E1
1.374325471E1,7.181120635E-1,1.863527622E-1,1.619698462E-1,6.506561537E-1,8.820234384E1,2.858363288E1,-5.659850477E-1,8.421305540E1
1.375329971E1,7.187938178E-1,1.815661841E-1,1.593180324E-1,6.519102885E-1,8.809002923E1,2.795340142E1,-4.409580278E-1,8.430318635E1
1.376334471E1,7.196428502E-1,1.766675784E-1,1.566918451E-1,6.529552511E-1,8.794999728E1,2.731658858E1,-2.972354494E-1,8.436473013E1
1.377338971E1,7.205139966E-1,1.722064465E-1,1.543167583E-1,6.537513497E-1,8.780613346E1,2.673891288E1,-1.596047695E-1,8.439951046E1
1.378343371E1,7.212688203E-1,1.686685096E-1,1.523739400E-1,6.542969249E-1,8.768132762E1,2.627669163E1,-5.233571354E-2,8.441309321E1
1.379347871E1,7.217947314E-1,1.663649038E-1,1.509840278E-1,6.546287865E-1,8.759428748E1,2.596612087E1,8.275884019E-3,8.441456189E1
1.380352371E1,7.220348209E-1,1.653814874E-1,1.502105317E-1,6.547911151E-1,8.755452888E1,2.581937066E1,1.912599705E-2,8.441221084E1
1.381356871E1,7.220119799E-1,1.655867531E-1,1.500070994E-1,6.548111744E-1,8.755831194E1,2.582118103E1,-1.388086546E-2,8.440820441E1
1.382361271E1,7.217858199E-1,1.666710598E-1,1.502069861E-1,6.547395247E-1,8.759576292E1,2.593141566E1,-8.122915286E-2,8.440430449E1
1.383365771E1,7.214123067E-1,1.682889884E-1,1.506361089E-1,6.546387174E-1,8.765758696E1,2.610630110E1,-1.716291636E-1,8.440395142E1
1.384370271E1,7.209794612E-1,1.701736269E-1,1.511274568E-1,6.545150559E-1,8.772918824E1,2.630944535E1,-2.774740625E-1,8.440234205E1
1.385374771E1,7.205879064E-1,1.721124583E-1,1.515403353E-1,6.543438659E-1,8.779391914E1,2.651126430E1,-3.922039527E-1,8.439086612E1
1.386379171E1,7.203230003E-1,1.739246786E-1,1.517785381E-1,6.541010711E-1,8.783769124E1,2.668842893E1,-5.081911984E-1,8.436251481E1
1.387383671E1,7.202562291E-1,1.754920949E-1,1.517717985E-1,6.537574162E-1,8.784872152E1,2.682512388E1,-6.204882068E-1,8.431041092E1
1.388388171E1,7.204312861E-1,1.767170443E-1,1.514896741E-1,6.532998068E-1,8.781980060E1,2.691045211E1,-7.232420804E-1,8.423154723E1
1.389392671E1,7.208441566E-1,1.774761934E-1,1.509273298E-1,6.527686723E-1,8.775156077E1,2.693322133E1,-8.085637198E-1,8.413193083E1
1.390397171E1,7.215188881E-1,1.776617791E-1,1.500784791E-1,6.521681192E-1,8.763994910E1,2.688347183E1,-8.687394023E-1,8.401210316E1
1.391401571E1,7.224850098E-1,1.773891074E-1,1.489260394E-1,6.514365026E-1,8.747993918E1,2.677004057E1,-9.122914914E-1,8.386239912E1
1.392406071E1,7.237379487E-1,1.767488336E-1,1.475221489E-1,6.505385244E-1,8.727207790E1,2.660504419E1,-9.413602094E-1,8.367957970E1
1.393410571E1,7.252696705E-1,1.758572908E-1,1.459477007E-1,6.494284397E-1,8.701742827E1,2.640511841E1,-9.574897171E-1,8.345982563E1
1.394415071E1,7.270626528E-1,1.748500351E-1,1.443075864E-1,6.480606348E-1,8.671858444E1,2.619044272E1,-9.617855573E-1,8.320010436E1
1.395419471E1,7.291013485E-1,1.738574307E-1,1.426551178E-1,6.464010921E-1,8.637778051E1,2.597670086E1,-9.593588748E-1,8.289733578E1
1.396423971E1,7.313869405E-1,1.729849686E-1,1.409955026E-1,6.444140684E-1,8.599441495E1,2.577368371E1,-9.570763181E-1,8.254660691E1
1.397428471E1,7.338852608E-1,1.723034619E-1,1.393444552E-1,6.421113095E-1,8.557378831E1,2.558895192E1,-9.597674968E-1,8.215049494E1
1.398432971E1,7.365331102E-1,1.717763682E-1,1.377669039E-1,6.395561832E-1,8.512615769E1,2.542427211E1,-9.615545081E-1,8.172082010E1
1.399437471E1,7.392774917E-1,1.713339382E-1,1.363192795E-1,6.368127289E-1,8.466018946E1,2.527767861E1,-9.545755421E-1,8.126907791E1
1.400441871E1,7.420579457E-1,1.709435293E-1,1.350402939E-1,6.339498357E-1,8.418596544E1,2.514902902E1,-9.353263043E-1,8.080675870E1
1.401446371E1,7.448208402E-1,1.706090677E-1,1.339948676E-1,6.310149821E-1,8.371257447E1,2.504336872E1,-9.001202520E-1,8.034288047E1
1.402450871E1,7.475603959E-1,1.703405910E-1,1.332317160E-1,6.280023148E-1,8.324101707E1,2.496504929E1,-8.452042629E-1,7.987804758E1
1.403455371E1,7.502860378E-1,1.701887306E-1,1.327086367E-1,6.248960868E-1,8.276967711E1,2.491526219E1,-7.770502252E-1,7.940861854E1
1.404459771E1,7.530107315E-1,1.702234069E-1,1.323534336E-1,6.216763362E-1,8.229629171E1,2.489483520E1,-7.059371731E-1,7.892949614E1
1.405464271E1,7.557356517E-1,1.705062926E-1,1.320021225E-1,6.183579884E-1,8.182061806E1,2.489720872E1,-6.503460510E-1,7.843785966E1
1.406468771E1,7.584681741E-1,1.710393620E-1,1.314670090E-1,6.149699139E-1,8.134131806E1,2.490895317E1,-6.268878640E-1,7.793217922E1
1.407473271E1,7.612417528E-1,1.717567172E-1,1.305989578E-1,6.115181924E-1,8.085241860E1,2.491356897E1,-6.434425741E-1,7.740884527E1
1.408477671E1,7.640730622E-1,1.725481613E-1,1.293857502E-1,6.080121962E-1,8.035080425E1,2.490063511E1,-6.934356774E-1,7.686903631E1
1.409482171E1,7.670073890E-1,1.733571819E-1,1.278877340E-1,6.043935732E-1,7.982817934E1,2.486989232E1,-7.660822567E-1,7.630652815E1
1.410486671E1,7.700895933E-1,1.741840714E-1,1.263503539E-1,6.005475837E-1,7.927613012E1,2.483953212E1,-8.370902417E-1,7.571278769E1
1.411491171E1,7.733064252E-1,1.750904157E-1,1.251000281E-1,5.963978735E-1,7.869652288E1,2.483872062E1,-8.804296830E-1,7.508715022E1
1.412495671E1,7.766199788E-1,1.762075443E-1,1.243323180E-1,5.919069055E-1,7.809572565E1,2.489327477E1,-8.869167975E-1,7.443047203E1
1.413500071E1,7.800026849E-1,1.776467854E-1,1.242066256E-1,5.870350670E-1,7.747835754E1,2.502436308E1,-8.483971328E-1,7.374243481E1
1.414504571E1,7.833961068E-1,1.793955661E-1,1.248624701E-1,5.818222500E-1,7.685483973E1,2.523980509E1,-7.516916538E-1,7.303367598E1
1.415509071E1,7.867629656E-1,1.813942619E-1,1.261646944E-1,5.763527691E-1,7.623194741E1,2.552363573E1,-6.056707562E-1,7.231299949E1
1.416513571E1,7.902233483E-1,1.836255055E-1,1.275339296E-1,5.705818962E-1,7.558722272E1,2.583374829E1,-4.575804446E-1,7.155749295E1
1.417517971E1,7.940445081E-1,1.860062519E-1,1.283460388E-1,5.642890767E-1,7.486980008E1,2.611991050E1,-3.493722216E-1,7.071808748E1
1.418522471E1,7.983416638E-1,1.882229338E-1,1.283727072E-1,5.574433853E-1,7.405593314E1,2.633755662E1,-2.794152917E-1,6.978409188E1
1.419526971E1,8.031412204E-1,1.898101235E-1,1.275065868E-1,5.501622222E-1,7.313775495E1,2.643555398E1,-2.315401611E-1,6.876892751E1
1.420531471E1,8.084206717E-1,1.903561201E-1,1.256680728E-1,5.426122360E-1,7.211617494E1,2.636937003E1,-1.944498889E-1,6.769349534E1
1.421535871E1,8.141122453E-1,1.895041242E-1,1.228625020E-1,5.349898309E-1,7.100064588E1,2.610498273E1,-1.557200375E-1,6.658532930E1
1.422540371E1,8.200676793E-1,1.869673212E-1,1.193624012E-1,5.275270570E-1,6.981686144E1,2.563178579E1,-8.537915524E-2,6.548470667E1
1.423544871E1,8.260153583E-1,1.826404994E-1,1.157843076E-1,5.205142429E-1,6.861686305E1,2.497752726E1,6.561915516E-2,6.444875984E1
1.424549371E1,8.317020429E-1,1.770423258E-1,1.127520499E-1,5.140180859E-1,6.745204400E1,2.423074566E1,3.177815340E-1,6.350295515E1
1.425553871E1,8.370605826E-1,1.716072605E-1,1.105376729E-1,5.076042734E-1,6.633797247E1,2.354902423E1,6.208864231E-1,6.259575011E1
1.426558271E1,8.421132417E-1,1.678557353E-1,1.090442125E-1,5.007785807E-1,6.527209974E1,2.307703478E1,8.902997600E-1,6.165903326E1
1.427562771E1,8.468604203E-1,1.666011342E-1,1.080602048E-1,4.933502724E-1,6.425636836E1,2.288398348E1,1.067962980E0,6.066322347E1
1.428567271E1,8.513332336E-1,1.677370287E-1,1.073862187E-1,4.853495994E-1,6.328604669E1,2.294940238E1,1.147179079E0,5.960826568E1
1.429571771E1,8.555806454E-1,1.705168926E-1,1.068791026E-1,4.769513973E-1,6.235211739E1,2.319207538E1,1.159220994E0,5.851365585E1
1.430576171E1,8.596607554E-1,1.740666134E-1,1.065829288E-1,4.683208607E-1,6.144297231E1,2.352742845E1,1.158156616E0,5.740200370E1
1.431580671E1,8.636352243E-1,1.777739424E-1,1.065720470E-1,4.595355819E-1,6.054554162E1,2.389725005E1,1.185639906E0,5.628530739E1
1.432585171E1,8.675739737E-1,1.813255572E-1,1.067955465E-1,4.505897026E-1,5.964413626E1,2.426560571E1,1.254832930E0,5.516156509E1
1.433589671E1,8.715534160E-1,1.846922738E-1,1.071209149E-1,4.413712385E-1,5.872067739E1,2.462108978E1,1.357319769E0,5.401326471E1
1.434594071E1,8.756134219E-1,1.879434106E-1,1.073375997E-1,4.318067699E-1,5.776468553E1,2.495894310E1,1.470486398E0,5.282567714E1
1.435598571E1,8.797640646E-1,1.911227502E-1,1.072366448E-1,4.218857178E-1,5.677216847E1,2.527286347E1,1.571360452E0,5.159185956E1
1.436603071E1,8.840081047E-1,1.941798324E-1,1.066089070E-1,4.116532006E-1,5.574059118E1,2.554764536E1,1.639844400E0,5.031145967E1
1.437607571E1,8.883401685E-1,1.969314025E-1,1.053488295E-1,4.012123725E-1,5.466918278E1,2.576005562E1,1.670326253E0,4.899390438E1
1.438612071E1,8.927602561E-1,1.991573251E-1,1.034160594E-1,3.906669149E-1,5.355564929E1,2.588626438E1,1.664283355E0,4.765035505E1
1.439616471E1,8.972598325E-1,2.007037404E-1,1.008189231E-1,3.801029970E-1,5.239962032E1,2.591170474E1,1.624286693E0,4.629130065E1
1.440620971E1,9.018286563E-1,2.015158312E-1,9.768028422E-2,3.695335579E-1,5.120102637E1,2.583745808E1,1.561390645E0,4.492190523E1
1.441625471E1,9.064444527E-1,2.016874110E-1,9.406052320E-2,3.589334990E-1,4.996293070E1,2.567738198E1,1.474758111E0,4.354123099E1
1.442629971E1,9.110828398E-1,2.014316692E-1,8.997374877E-2,3.482213296E-1,4.868915303E1,2.545637657E1,1.355828888E0,4.214057726E1
1.443634371E1,9.156992473E-1,2.009752504E-1,8.544748280E-2,3.373463679E-1,4.738954920E1,2.520191309E1,1.197101916E0,4.071551387E1
1.444638871E1,9.202310451E-1,2.004563753E-1,8.056395381E-2,3.263457033E-1,4.608023490E1,2.493437140E1,9.992173833E-1,3.927345398E1
1.445643371E1,9.246124629E-1,1.999031874E-1,7.544657829E-2,3.153385480E-1,4.478001985E1,2.466336526E1,7.702693562E-1,3.783222330E1
1.446647871E1,9.288038827E-1,1.993062984E-1,7.022477869E-2,3.044156865E-1,4.350175343E1,2.439375062E1,5.217521422E-1,3.640591820E1
1.447652271E1,9.327874974E-1,1.986639436E-1,6.502648650E-2,2.936183593E-1,4.225282027E1,2.413028117E1,2.663704635E-1,3.500235451E1
1.448656771E1,9.365723687E-1,1.979508874E-1,5.995092592E-2,2.829371678E-1,4.103264990E1,2.387329215E1,1.612501010E-2,3.362238861E1
1.449661271E1,9.401683167E-1,1.971343133E-1,5.513153916E-2,2.723638090E-1,3.984031552E1,2.362277887E1,-2.130635641E-1,3.226771527E1
1.450665771E1,9.435815582E-1,1.961889647E-1,5.066472659E-2,2.619096836E-1,3.867599321E1,2.337765266E1,-4.099534266E-1,3.094127037E1
1.451670171E1,9.468305745E-1,1.951039890E-1,4.658650270E-2,2.515472065E-1,3.753547470E1,2.313616644E1,-5.693389997E-1,2.963995021E1
1.452674671E1,9.499236684E-1,1.939068815E-1,4.297870086E-2,2.412426182E-1,3.641774693E1,2.290209515E1,-6.820786583E-1,2.836101264E1
1.453679171E1,9.528578056E-1,1.926721685E-1,3.987534411E-2,2.309750137E-1,3.532592937E1,2.268294583E1,-7.456595983E-1,2.710206584E1
1.454683671E1,9.556099948E-1,1.915184828E-1,3.722445485E-2,2.207815455E-1,3.427125341E1,2.248895717E1,-7.691256052E-1,2.586548109E1
1.455688171E1,9.581556223E-1,1.905748412E-1,3.492367420E-2,2.107118626E-1,3.326690015E1,2.233073584E1,-7.671062580E-1,2.465403142E1
1.456692571E1,9.604844886E-1,1.899325127E-1,3.283918590E-2,2.007907473E-1,3.232153801E1,2.221449217E1,-7.557718681E-1,2.346706742E1
1.457697071E1,9.625946548E-1,1.896090988E-1,3.087994750E-2,1.910665843E-1,3.144108931E1,2.213966141E1,-7.452202856E-1,2.230777383E1
1.458701571E1,9.644906308E-1,1.896093412E-1,2.892860110E-2,1.815746504E-1,3.062899032E1,2.210408535E1,-7.479471837E-1,2.117729863E1
1.459706071E1,9.661901603E-1,1.898861406E-1,2.690017865E-2,1.723256931E-1,2.988274277E1,2.210082018E1,-7.714047343E-1,2.007475148E1
1.460710471E1,9.677122516E-1,1.903792324E-1,2.480411577E-2,1.633201759E-1,2.919859927E1,2.212351650E1,-8.124267184E-1,1.900017102E1
1.461714971E1,9.690824457E-1,1.910276143E-1,2.268169004E-2,1.545095459E-1,2.856903249E1,2.216622520E1,-8.634986791E-1,1.794871768E1
1.462719471E1,9.703261992E-1,1.917701100E-1,2.060372924E-2,1.458312569E-1,2.798556221E1,2.222325580E1,-9.137617906E-1,1.691466824E1
1.463723971E1,9.714692217E-1,1.925265195E-1,1.864931665E-2,1.372348171E-1,2.743863121E1,2.228649997E1,-9.516240380E-1,1.589394311E1
1.464728371E1,9.725284141E-1,1.932142876E-1,1.686370746E-2,1.287332498E-1,2.692208969E1,2.234664178E1,-9.709427599E-1,1.488898466E1
1.465732871E1,9.735151562E-1,1.937697989E-1,1.522837286E-2,1.203733381E-1,2.643197051E1,2.239544673E1,-9.740368629E-1,1.390465211E1
1.466737371E1,9.744405745E-1,1.941644619E-1,1.366588382E-2,1.121565993E-1,2.596405746E1,2.242808456E1,-9.695176774E-1,1.293930762E1
1.467741871E1,9.753103590E-1,1.944094826E-1,1.209308988E-2,1.040600632E-1,2.551658988E1,2.244462332E1,-9.667112916E-1,1.198837948E1
1.468746371E1,9.761242147E-1,1.945258712E-1,1.047294395E-2,9.608132761E-2,2.509079138E1,2.244708870E1,-9.703400709E-1,1.105064630E1
1.469750771E1,9.768766624E-1,1.945405172E-1,8.871932685E-3,8.824500622E-2,2.469069520E1,2.243934415E1,-9.741261924E-1,1.013023914E1
1.470755271E1,9.775662269E-1,1.944750631E-1,7.355826250E-3,8.055822184E-2,2.431834707E1,2.242442442E1,-9.712968406E-1,9.229306904E0
1.471759871E1,9.781886516E-1,1.943682103E-1,5.977550547E-3,7.302244962E-2,2.397736409E1,2.240702010E1,-9.564336759E-1,8.349056928E0
1.472764371E1,9.787410282E-1,1.942455525E-1,4.804087454E-3,6.566285122E-2,2.367070309E1,2.239021573E1,-9.228181424E-1,7.493696376E0
1.473768771E1,9.792365487E-1,1.940556388E-1,3.870028997E-3,5.850745431E-2,2.339223558E1,2.236770242E1,-8.668067778E-1,6.667107914E0
1.474773271E1,9.796977617E-1,1.936826076E-1,3.198850972E-3,5.166436555E-2,2.313007812E1,2.232546009E1,-7.875646749E-1,5.881982414E0
1.475777771E1,9.801361732E-1,1.931073242E-1,2.680634396E-3,4.511769557E-2,2.287813479E1,2.226016950E1,-6.973264154E-1,5.133974383E0
1.476782271E1,9.805412044E-1,1.924099308E-1,2.202320349E-3,3.889075158E-2,2.264291661E1,2.218042418E1,-6.100398019E-1,4.423032875E0
1.477786671E1,9.808893795E-1,1.917311769E-1,1.704207820E-3,3.304814471E-2,2.243877235E1,2.210240597E1,-5.345453293E-1,3.754959197E0
1.478791171E1,9.811488355E-1,1.912744842E-1,1.133191779E-3,2.756231091E-2,2.228544620E1,2.204983722E1,-4.767220857E-1,3.125364106E0
1.479795671E1,9.812868664E-1,1.912373739E-1,4.798734804E-4,2.245179479E-2,2.220345051E1,2.204594453E1,-4.380567126E-1,2.536059429E0
1.480800171E1,9.812825675E-1,1.917579823E-1,-1.951609820E-4,1.770058056E-2,2.220600878E1,2.210717584E1,-4.108985642E-1,1.986532478E0
1.481804571E1,9.811319346E-1,1.928813538E-1,-8.807110832E-4,1.326656351E-2,2.229546552E1,2.223891934E1,-3.922461315E-1,1.472282811E0
1.482809071E1,9.808618155E-1,1.944854945E-1,-1.582993483E-3,9.108987634E-3,2.245500064E1,2.242702279E1,-3.809353809E-1,9.886280926E-1
1.483813571E1,9.805361889E-1,1.962548297E-1,-2.339265996E-3,5.221025153E-3,2.264584405E1,2.263467531E1,-3.802618588E-1,5.340518958E-1
1.484818071E1,9.802388851E-1,1.977842546E-1,-3.231620146E-3,1.616036612E-3,2.281871225E1,2.281460881E1,-3.996282762E-1,1.082846566E-1
1.485822571E1,9.800391933E-1,1.987509558E-1,-4.281287408E-3,-1.704966463E-3,2.293410173E1,2.292921706E1,-4.419801011E-1,-2.889918502E-1
1.486826971E1,9.799660264E-1,1.990348885E-1,-5.360510148E-3,-4.783287984E-3,2.297623722E1,2.296449138E1,-4.928731561E-1,-6.594432792E-1
1.487831471E1,9.800031156E-1,1.987340549E-1,-6.321510978E-3,-7.655427123E-3,2.295488775E1,2.293171523E1,-5.355750999E-1,-1.003761629E0
1.488835971E1,9.801002219E-1,1.981080899E-1,-7.066330085E-3,-1.033326929E-2,2.289889794E1,2.286095446E1,-5.590561037E-1,-1.321138352E0
1.489840471E1,9.801969911E-1,1.974649500E-1,-7.582123217E-3,-1.280484478E-2,2.284296785E1,2.278796260E1,-5.619048584E-1,-1.610125863E0
1.490844871E1,9.802445327E-1,1.970572530E-1,-7.870376050E-3,-1.507108082E-2,2.281544044E1,2.274206427E1,-5.437482386E-1,-1.871039089E0
1.491849371E1,9.802144399E-1,1.970319755E-1,-7.999039842E-3,-1.714917334E-2,2.283286851E1,2.274042979E1,-5.112958570E-1,-2.107431883E0
1.492853871E1,9.801210846E-1,1.973145912E-1,-8.093870251E-3,-1.908063696E-2,2.288685125E1,2.277458957E1,-4.776328683E-1,-2.326742525E0
1.493858371E1,9.800246948E-1,1.976035605E-1,-8.271361167E-3,-2.087975949E-2,2.294245722E1,2.280962426E1,-4.561048203E-1,-2.533049921E0
1.494862771E1,9.800074989E-1,1.974957699E-1,-8.508521484E-3,-2.254793175E-2,2.295236334E1,2.279841390E1,-4.452263450E-1,-2.725815672E0
1.495867271E1,9.801440125E-1,1.966260170E-1,-8.735429579E-3,-2.407571286E-2,2.287360483E1,2.269810678E1,-4.386685052E-1,-2.902243194E0
1.496871771E1,9.804840111E-1,1.947376485E-1,-8.865136506E-3,-2.549222629E-2,2.267627707E1,2.247851154E1,-4.271816253E-1,-3.063556722E0
1.497876271E1,9.810317516E-1,1.917925848E-1,-8.744838863E-3,-2.675418723E-2,2.235476579E1,2.213474855E1,-3.950815791E-1,-3.201585417E0
1.498880671E1,9.817458456E-1,1.879724682E-1,-8.224251527E-3,-2.781599279E-2,2.192862231E1,2.168761433E1,-3.260702021E-1,-3.308335726E0
1.499885171E1,9.825425054E-1,1.836644545E-1,-7.251960611E-3,-2.872147568E-2,2.144333964E1,2.118222504E1,-2.120229872E-1,-3.388407478E0
1.500889671E1,9.833186817E-1,1.794047304E-1,-5.894816283E-3,-2.938621577E-2,2.095986023E1,2.068137198E1,-6.009833996E-2,-3.434484916E0
1.501894171E1,9.839700613E-1,1.757678947E-1,-4.319772749E-3,-2.983225587E-2,2.054543840E1,2.025256826E1,1.137924438E-1,-3.452829086E0
1.502898671E1,9.844138254E-1,1.732504581E-1,-2.789921174E-3,-3.009908757E-2,2.025830453E1,1.995441440E1,2.828410465E-1,-3.452863134E0
1.503903071E1,9.846114520E-1,1.721202114E-1,-1.548269748E-3,-3.020896440E-2,2.012912773E1,1.981874749E1,4.211425784E-1,-3.441120498E0
1.504907571E1,9.845835508E-1,1.722915857E-1,-7.530377423E-4,-3.017120083E-2,2.014741480E1,1.983604973E1,5.107201950E-1,-3.421100292E0
1.505912071E1,9.844147948E-1,1.732956448E-1,-3.145682722E-4,-2.993357690E-2,2.025767290E1,1.995150473E1,5.589512940E-1,-3.385052533E0
1.506916571E1,9.841941139E-1,1.746082399E-1,-1.014896112E-4,-2.956268463E-2,2.040096679E1,2.010370493E1,5.800727082E-1,-3.338179458E0
1.507920971E1,9.839792071E-1,1.758886454E-1,-2.674744374E-5,-2.912456814E-2,2.053956072E1,2.025268833E1,5.840101691E-1,-3.286472997E0
1.508925471E1,9.838152980E-1,1.768857187E-1,6.675007133E-5,-2.861817375E-2,2.064464736E1,2.036871617E1,5.876147277E-1,-3.226847201E0
1.509929971E1,9.837331117E-1,1.774327742E-1,3.068922774E-4,-2.804961277E-2,2.069714062E1,2.043198520E1,6.049195324E-1,-3.157497055E0
1.510934471E1,9.837385486E-1,1.774970956E-1,7.345300075E-4,-2.743650256E-2,2.069367206E1,2.043857523E1,6.408649380E-1,-3.079600787E0
1.511938871E1,9.838105776E-1,1.771876271E-1,1.391710011E-3,-2.682339236E-2,2.064766593E1,2.040107237E1,7.015415842E-1,-2.997306273E0
1.512943371E1,9.839182206E-1,1.766688784E-1,2.204032564E-3,-2.623434800E-2,2.057872285E1,2.033887889E1,7.796340524E-1,-2.914795947E0
1.513947871E1,9.840325650E-1,1.760977781E-1,3.023019588E-3,-2.569845082E-2,2.050523655E1,2.027067034E1,8.594906778E-1,-2.838281659E0
1.514952371E1,9.841363306E-1,1.755742984E-1,3.704950328E-3,-2.521536365E-2,2.043832280E1,2.020843003E1,9.251775093E-1,-2.770529730E0
1.515956771E1,9.842241646E-1,1.751349386E-1,4.142118515E-3,-2.476624683E-2,2.038151271E1,2.015662976E1,9.642427567E-1,-2.711498685E0
1.516961271E1,9.843058452E-1,1.747309663E-1,4.211529106E-3,-2.435834963E-2,2.032854164E1,2.010982923E1,9.627966855E-1,-2.664464913E0
1.517965771E1,9.843981468E-1,1.742674405E-1,3.904968735E-3,-2.399782549E-2,2.026851784E1,2.005694155E1,9.197609362E-1,-2.630325972E0
1.518970271E1,9.845120697E-1,1.736749296E-1,3.381241458E-3,-2.369651767E-2,2.019419026E1,1.998949049E1,8.530928041E-1,-2.607260892E0
1.519974771E1,9.846506064E-1,1.729268810E-1,2.792918868E-3,-2.348649992E-2,2.010343731E1,1.990401977E1,7.805641406E-1,-2.595828359E0
1.520979171E1,9.848108487E-1,1.720319085E-1,2.245067790E-3,-2.340077323E-2,1.999795701E1,1.980128733E1,7.146856122E-1,-2.597634790E0
1.521983671E1,9.849757272E-1,1.710818605E-1,1.774830133E-3,-2.346921971E-2,1.988884699E1,1.969189254E1,6.604427214E-1,-2.615255569E0
1.522988171E1,9.851256435E-1,1.701919088E-1,1.364572709E-3,-2.367417984E-2,1.978912142E1,1.958929645E1,6.157615082E-1,-2.646990750E0
1.523992671E1,9.852386393E-1,1.694982138E-1,9.356020850E-4,-2.396545671E-2,1.971362568E1,1.950955925E1,5.711215758E-1,-2.688648722E0
1.524997071E1,9.852911964E-1,1.691482738E-1,4.626775662E-4,-2.429011388E-2,1.967841302E1,1.946992542E1,5.230607763E-1,-2.734684953E0
1.526001571E1,9.852572260E-1,1.693002869E-1,-3.840631571E-5,-2.461110428E-2,1.970117989E1,1.948875972E1,4.731340904E-1,-2.780578069E0
1.527006071E1,9.851075626E-1,1.701265548E-1,-5.603107408E-4,-2.489648059E-2,1.980117542E1,1.958609332E1,4.221116949E-1,-2.822580896E0
1.528010571E1,9.848365583E-1,1.716478611E-1,-1.147843077E-3,-2.515028891E-2,1.998098224E1,1.976449337E1,3.651548314E-1,-2.862135295E0
1.529014971E1,9.844630108E-1,1.737379760E-1,-1.900438278E-3,-2.538062144E-2,2.022623128E1,2.000963132E1,2.909110146E-1,-2.902331211E0
1.530019471E1,9.840143576E-1,1.762141244E-1,-2.847751918E-3,-2.561946763E-2,2.051695545E1,2.030041251E1,1.962135943E-1,-2.947665541E0
1.531023971E1,9.835327877E-1,1.788254589E-1,-3.960386572E-3,-2.586636387E-2,2.082454129E1,2.060765211E1,8.369705615E-2,-2.997783593E0
1.532028471E1,9.830625553E-1,1.813241348E-1,-5.226667562E-3,-2.611844417E-2,2.112061061E1,2.090251934E1,-4.609295600E-2,-3.052305599E0
1.533032871E1,9.826415504E-1,1.835131525E-1,-6.604980144E-3,-2.636066211E-2,2.138224610E1,2.116195963E1,-1.893972420E-1,-3.108713066E0
1.534037371E1,9.823009196E-1,1.852437232E-1,-8.041197227E-3,-2.655318891E-2,2.159163930E1,2.136842701E1,-3.414921849E-1,-3.161270323E0
1.535041871E1,9.820722308E-1,1.863697079E-1,-9.488825570E-3,-2.665366700E-2,2.173110062E1,2.150464995E1,-4.986257903E-1,-3.203966659E0
1.536046371E1,9.819996961E-1,1.866752989E-1,-1.098256783E-2,-2.661409111E-2,2.177515013E1,2.154547709E1,-6.665580222E-1,-3.231718292E0
1.537050871E1,9.821377692E-1,1.858670751E-1,-1.264536111E-2,-2.643749581E-2,2.169122393E1,2.145706994E1,-8.601137729E-1,-3.246834075E0
1.538055271E1,9.825164586E-1,1.837685888E-1,-1.438671610E-2,-2.614301578E-2,2.145937739E1,2.121856118E1,-1.069306771E0,-3.248658317E0
1.539059771E1,9.830887707E-1,1.806022541E-1,-1.581520978E-2,-2.586851336E-2,2.110421292E1,2.085465595E1,-1.246378139E0,-3.243986665E0
1.540064271E1,9.837441120E-1,1.769491022E-1,-1.657862618E-2,-2.572399181E-2,2.069012224E1,2.043195523E1,-1.347410226E0,-3.238616019E0
1.541068771E1,9.843370339E-1,1.735999556E-1,-1.665998014E-2,-2.580777975E-2,2.030827926E1,2.004261904E1,-1.365923944E0,-3.245107574E0
1.542073171E1,9.847224247E-1,1.713754186E-1,-1.632898513E-2,-2.618305529E-2,2.005623050E1,1.978310718E1,-1.328508596E0,-3.277858786E0
1.543077671E1,9.848099215E-1,1.708026061E-1,-1.605041027E-2,-2.680033803E-2,1.999856895E1,1.971620993E1,-1.286860897E0,-3.341325471E0
1.544082171E1,9.845868382E-1,1.719378156E-1,-1.622297527E-2,-2.762055785E-2,2.014526098E1,1.984989617E1,-1.286273335E0,-3.438864315E0
1.545086671E1,9.841181653E-1,1.743802834E-1,-1.684694356E-2,-2.862002822E-2,2.045005242E1,2.013775362E1,-1.328076330E0,-3.567433813E0
1.546091071E1,9.834653949E-1,1.777628315E-1,-1.762875706E-2,-2.975478996E-2,2.086722838E1,2.053613959E1,-1.380730080E0,-3.716053388E0
1.547095571E1,9.826693252E-1,1.818309822E-1,-1.834549583E-2,-3.101413780E-2,2.136508292E1,2.101470149E1,-1.419731282E0,-3.878769897E0
1.548100071E1,9.817423896E-1,1.864632054E-1,-1.895121980E-2,-3.246908916E-2,2.193070443E1,2.155930719E1,-1.438381187E0,-4.062367291E0
1.549104571E1,9.806909521E-1,1.915687640E-1,-1.954705506E-2,-3.412634539E-2,2.255533907E1,2.215998309E1,-1.447683571E0,-4.269493127E0
1.550108971E1,9.795463702E-1,1.969598569E-1,-2.021501412E-2,-3.587683045E-2,2.321645223E1,2.279522889E1,-1.459509797E0,-4.489392248E0
1.551113471E1,9.783649940E-1,2.023407609E-1,-2.100845489E-2,-3.766756574E-2,2.387988643E1,2.343084703E1,-1.482092303E0,-4.717016476E0
1.552117971E1,9.772272398E-1,2.073520633E-1,-2.186066417E-2,-3.942352989E-2,2.450208817E1,2.402438840E1,-1.511441573E0,-4.941995134E0
1.553122471E1,9.762248613E-1,2.116403787E-1,-2.259479905E-2,-4.102279206E-2,2.503763946E1,2.453314634E1,-1.532905165E0,-5.145829689E0
1.554126871E1,9.754367574E-1,2.149256097E-1,-2.306754971E-2,-4.240305920E-2,2.545091957E1,2.492300850E1,-1.534270121E0,-5.317335049E0
1.555131371E1,9.749066765E-1,2.170643831E-1,-2.326048744E-2,-4.357882984E-2,2.572521916E1,2.517668246E1,-1.514778091E0,-5.457182808E0
1.556135871E1,9.746368945E-1,2.180731679E-1,-2.320752993E-2,-4.459300945E-2,2.586372414E1,2.529609252E1,-1.477750485E0,-5.570942024E0
1.557140371E1,9.745902380E-1,2.181013852E-1,-2.303753062E-2,-4.555315681E-2,2.588760354E1,2.529961259E1,-1.434486196E0,-5.674181186E0
1.558144871E1,9.747061418E-1,2.173919168E-1,-2.287500183E-2,-4.653366109E-2,2.582824252E1,2.521662536E1,-1.395904874E0,-5.778839043E0
1.559149271E1,9.749360529E-1,2.161368258E-1,-2.279538643E-2,-4.759015614E-2,2.571009317E1,2.507028016E1,-1.368130777E0,-5.893393048E0
1.560153771E1,9.752143485E-1,2.146176110E-1,-2.283554184E-2,-4.873195642E-2,2.556636131E1,2.489391266E1,-1.353545255E0,-6.020211961E0
1.561158271E1,9.754917591E-1,2.130634249E-1,-2.291631628E-2,-4.994671288E-2,2.542229136E1,2.471388005E1,-1.342317673E0,-6.156232196E0
1.562162771E1,9.757303524E-1,2.116479441E-1,-2.296318358E-2,-5.126510845E-2,2.529773528E1,2.455005479E1,-1.324305927E0,-6.303290359E0
1.563167171E1,9.759004149E-1,2.105184507E-1,-2.289650726E-2,-5.268903973E-2,2.520858573E1,2.441907437E1,-1.289572845E0,-6.459869647E0
1.564171671E1,9.759945288E-1,2.097377014E-1,-2.263045528E-2,-5.415360057E-2,2.515911610E1,2.432749002E1,-1.229564265E0,-6.616700159E0
1.565176171E1,9.760283727E-1,2.092664891E-1,-2.214147808E-2,-5.555224374E-2,2.514130312E1,2.427031171E1,-1.144328692E0,-6.761201961E0
1.566180671E1,9.760221772E-1,2.090288125E-1,-2.148958224E-2,-5.679789384E-2,2.514456496E1,2.423892858E1,-1.043059962E0,-6.884932129E0
1.567185071E1,9.759955403E-1,2.089406623E-1,-2.074084347E-2,-5.784735037E-2,2.515858389E1,2.422396508E1,-9.346853953E-1,-6.984504266E0
1.568189571E1,9.759645203E-1,2.089165543E-1,-2.000304182E-2,-5.871051783E-2,2.517490005E1,2.421628537E1,-8.315811806E-1,-7.063520678E0
1.569194071E1,9.759504432E-1,2.088453578E-1,-1.938458950E-2,-5.940181044E-2,2.518230097E1,2.420377810E1,-7.463108197E-1,-7.126113362E0
1.570198571E1,9.759676391E-1,2.086453604E-1,-1.897269889E-2,-5.995258545E-2,2.517326004E1,2.417762051E1,-6.884724942E-1,-7.177852082E0
1.571202929E1,9.760320395E-1,2.082171063E-1,-1.889527512E-2,-6.041493638E-2,2.513937245E1,2.412723707E1,-6.718623485E-1,-7.227599104E0
1.572207429E1,9.761467211E-1,2.075363399E-1,-1.916736464E-2,-6.081866104E-2,2.507891527E1,2.404998776E1,-6.976595706E-1,-7.279003658E0
1.573211929E1,9.763017793E-1,2.066563558E-1,-1.969510641E-2,-6.115638374E-2,2.499694378E1,2.395143512E1,-7.551816175E-1,-7.328933887E0
1.574216429E1,9.764914823E-1,2.056187847E-1,-2.032016524E-2,-6.142026516E-2,2.489629614E1,2.383525298E1,-8.266128844E-1,-7.372666819E0
1.575220829E1,9.767213934E-1,2.044223937E-1,-2.084730641E-2,-6.157979098E-2,2.477377656E1,2.369973757E1,-8.908388026E-1,-7.402073409E0
1.576225329E1,9.769956429E-1,2.030665823E-1,-2.111332678E-2,-6.162543602E-2,2.462684433E1,2.354349751E1,-9.297864812E-1,-7.412235998E0
1.577229829E1,9.773162540E-1,2.015357982E-1,-2.105749275E-2,-6.158552295E-2,2.445397149E1,2.336424027E1,-9.360418095E-1,-7.404988764E0
1.578234329E1,9.776795598E-1,1.998244887E-1,-2.071848457E-2,-6.151100732E-2,2.425661154E1,2.316169721E1,-9.127183475E-1,-7.387112847E0
1.579238729E1,9.780666365E-1,1.979808907E-1,-2.023389064E-2,-6.148125165E-2,2.404458305E1,2.294269376E1,-8.729900283E-1,-7.370919720E0
1.580243229E1,9.784436822E-1,1.961307494E-1,-1.982856440E-2,-6.154295464E-2,2.383626284E1,2.272371928E1,-8.400627441E-1,-7.366998901E0
1.581247729E1,9.787813206E-1,1.943964382E-1,-1.973433458E-2,-6.170711661E-2,2.364818074E1,2.252085875E1,-8.388349509E-1,-7.381875009E0
1.582252229E1,9.790518612E-1,1.929249916E-1,-2.002499506E-2,-6.193837637E-2,2.349640472E1,2.235179334E1,-8.773527557E-1,-7.413169835E0
1.583256729E1,9.792264756E-1,1.918793915E-1,-2.066193931E-2,-6.221641913E-2,2.339792889E1,2.223522037E1,-9.505426961E-1,-7.457745840E0
1.584261129E1,9.792931941E-1,1.913426672E-1,-2.153206626E-2,-6.252413327E-2,2.336019416E1,2.217993543E1,-1.045439160E0,-7.511239747E0
1.585265629E1,9.792580436E-1,1.913065526E-1,-2.245176845E-2,-6.286088659E-2,2.338008210E1,2.218352600E1,-1.141450442E0,-7.569604987E0
1.586270129E1,9.791386416E-1,1.916851947E-1,-2.329776633E-2,-6.325812064E-2,2.344751489E1,2.223502724E1,-1.224629884E0,-7.633675705E0
1.587274629E1,9.789778513E-1,1.922566216E-1,-2.399976424E-2,-6.374875210E-2,2.353802087E1,2.230802628E1,-1.288016526E0,-7.705385802E0
1.588279029E1,9.788245633E-1,1.927588013E-1,-2.453161532E-2,-6.437939539E-2,2.362398572E1,2.237179779E1,-1.329662477E0,-7.789044519E0
1.589283529E1,9.787072264E-1,1.930488612E-1,-2.488977397E-2,-6.515220001E-2,2.368958109E1,2.240962831E1,-1.350270651E0,-7.884572433E0
1.590288029E1,9.786340174E-1,1.930997851E-1,-2.505382004E-2,-6.603117253E-2,2.373041696E1,2.241809509E1,-1.348628293E0,-7.987379350E0
1.591292529E1,9.785975603E-1,1.929509014E-1,-2.504109170E-2,-6.700573411E-2,2.375072680E1,2.240186756E1,-1.326668756E0,-8.096714028E0
1.592296929E1,9.785840733E-1,1.926570904E-1,-2.491718523E-2,-6.808528349E-2,2.375823593E1,2.236787458E1,-1.291149116E0,-8.215203839E0
1.593301429E1,9.786003842E-1,1.922356536E-1,-2.464726627E-2,-6.913174759E-2,2.374915428E1,2.231762075E1,-1.241150873E0,-8.326557834E0
1.594305929E1,9.786596426E-1,1.916617294E-1,-2.409285609E-2,-7.007667994E-2,2.371613111E1,2.224685858E1,-1.162919263E0,-8.419977590E0
1.595310429E1,9.787698988E-1,1.909084757E-1,-2.323226486E-2,-7.087848158E-2,2.365456736E1,2.215219899E1,-1.055188774E0,-8.490357147E0
1.596314829E1,9.789415629E-1,1.899085996E-1,-2.215870560E-2,-7.153416010E-2,2.355839957E1,2.202668335E1,-9.290488873E-1,-8.539505481E0
1.597319329E1,9.791910301E-1,1.885452123E-1,-2.103932746E-2,-7.206255514E-2,2.341795183E1,2.185830572E1,-8.038255321E-1,-8.573291348E0
1.598323829E1,9.795216300E-1,1.867336406E-1,-2.001216134E-2,-7.257674670E-2,2.323053726E1,2.163861564E1,-6.932757679E-1,-8.607561426E0
1.599328329E1,9.799309602E-1,1.844467474E-1,-1.913702945E-2,-7.313333798E-2,2.299640419E1,2.136509155E1,-6.031937590E-1,-8.650055942E0
1.600332729E1,9.804119822E-1,1.816964495E-1,-1.844586855E-2,-7.374686965E-2,2.271822231E1,2.103948042E1,-5.368700169E-1,-8.703103866E0
1.601337229E1,9.809417259E-1,1.785987036E-1,-1.792977512E-2,-7.439310728E-2,2.240792153E1,2.067524284E1,-4.929276347E-1,-8.763758247E0
1.602341729E1,9.814654848E-1,1.754767442E-1,-1.751525560E-2,-7.501051646E-2,2.209689841E1,2.030928630E1,-4.615818107E-1,-8.823577463E0
1.603346229E1,9.819250962E-1,1.727261672E-1,-1.713263597E-2,-7.546658751E-2,2.182036217E1,1.998682224E1,-4.340667575E-1,-8.866226890E0
1.604350629E1,9.822528722E-1,1.707642788E-1,-1.672778915E-2,-7.575685286E-2,2.162101381E1,1.975568790E1,-4.004268004E-1,-8.890209462E0
1.605355129E1,9.823786806E-1,1.700360076E-1,-1.618253010E-2,-7.588164967E-2,2.154401512E1,1.966629989E1,-3.431762472E-1,-8.893309990E0
1.606359629E1,9.822494162E-1,1.708938066E-1,-1.530412129E-2,-7.580970500E-2,2.162312519E1,1.975774891E1,-2.380136708E-1,-8.868091912E0
1.607364129E1,9.818151772E-1,1.735839029E-1,-1.418780932E-2,-7.553967015E-2,2.188681156E1,2.005966852E1,-9.365981974E-2,-8.815765120E0
1.608368629E1,9.810675342E-1,1.780467695E-1,-1.316197610E-2,-7.505013450E-2,2.233360318E1,2.056853676E1,5.152570717E-2,-8.739685506E0
1.609373029E1,9.800259170E-1,1.840045901E-1,-1.254312866E-2,-7.439196931E-2,2.294175295E1,2.125541765E1,1.599554313E-1,-8.651770501E0
1.610377529E1,9.787396795E-1,1.910105290E-1,-1.265383262E-2,-7.364495857E-2,2.367145661E1,2.207160698E1,1.927610598E-1,-8.568594807E0
1.611382029E1,9.772892379E-1,1.985240898E-1,-1.375043040E-2,-7.283439038E-2,2.446858493E1,2.295666074E1,1.170248100E-1,-8.500637966E0
1.612386529E1,9.757775990E-1,2.059527985E-1,-1.584442281E-2,-7.204455844E-2,2.527299886E1,2.384173005E1,-7.137387766E-2,-8.460378915E0
1.613390929E1,9.743418244E-1,2.126750101E-1,-1.863287938E-2,-7.127554704E-2,2.601438191E1,2.465162948E1,-3.433488478E-1,-8.442779715E0
1.614395429E1,9.731201980E-1,2.181741518E-1,-2.166339584E-2,-7.048238550E-2,2.662921110E1,2.532174513E1,-6.536047087E-1,-8.432143263E0
1.615399929E1,9.722300145E-1,2.220951468E-1,-2.442484682E-2,-6.961302245E-2,2.706859027E1,2.580537057E1,-9.495324753E-1,-8.408460111E0
1.616404429E1,9.717556095E-1,2.242345841E-1,-2.648639669E-2,-6.861801966E-2,2.729991297E1,2.607399438E1,-1.186310390E0,-8.352877562E0
1.617408829E1,9.717416168E-1,2.245054408E-1,-2.759414231E-2,-6.748393226E-2,2.730670673E1,2.611451552E1,-1.336701901E0,-8.255234437E0
1.618413329E1,9.721919980E-1,2.228965481E-1,-2.767632867E-2,-6.628586594E-2,2.708719876E1,2.592500264E1,-1.390339988E0,-8.121034563E0
1.619417829E1,9.730190878E-1,2.196855483E-1,-2.697553194E-2,-6.514891255E-2,2.667947497E1,2.554082939E1,-1.367829788E0,-7.971126802E0
1.620422329E1,9.741130514E-1,2.152144315E-1,-2.585279258E-2,-6.417194861E-2,2.613060201E1,2.500603921E1,-1.303340799E0,-7.827118579E0
1.621426729E1,9.753429807E-1,2.099569914E-1,-2.455273089E-2,-6.341355821E-2,2.549965722E1,2.437880117E1,-1.218568414E0,-7.703127999E0
1.622431229E1,9.765726571E-1,2.044883430E-1,-2.325685228E-2,-6.284550299E-2,2.485310598E1,2.372810517E1,-1.130041518E0,-7.601575016E0
1.623435729E1,9.776714255E-1,1.994143682E-1,-2.221302236E-2,-6.244325347E-2,2.426104769E1,2.312665546E1,-1.061746437E0,-7.526206149E0
1.624440229E1,9.785340450E-1,1.952909524E-1,-2.163803397E-2,-6.216436777E-2,2.378606971E1,2.264068281E1,-1.035209353E0,-7.477252806E0
1.625444629E1,9.791075372E-1,1.924766124E-1,-2.161152888E-2,-6.192037966E-2,2.346504985E1,2.231211911E1,-1.059090965E0,-7.446188860E0
1.626449129E1,9.793941779E-1,1.910609366E-1,-2.205121007E-2,-6.161637445E-2,2.330296494E1,2.215033946E1,-1.125859409E0,-7.420165888E0
1.627453629E1,9.794392750E-1,1.908787358E-1,-2.278536602E-2,-6.119490596E-2,2.327736283E1,2.213450758E1,-1.218896479E0,-7.388755318E0
1.628458129E1,9.793160798E-1,1.915903221E-1,-2.357800073E-2,-6.063962123E-2,2.334723655E1,2.222310127E1,-1.314749928E0,-7.344734255E0
1.629462529E1,9.791096445E-1,1.927812498E-1,-2.428231145E-2,-5.991671849E-2,2.346386225E1,2.236661136E1,-1.400932639E0,-7.280689611E0
1.630467029E1,9.788802392E-1,1.941328044E-1,-2.484626789E-2,-5.906370842E-2,2.359279801E1,2.252752435E1,-1.473273196E0,-7.199291950E0
1.631471529E1,9.786548800E-1,1.954655562E-1,-2.536426846E-2,-5.817681229E-2,2.371878685E1,2.268580403E1,-1.541591675E0,-7.113226163E0
1.632476029E1,9.784464639E-1,1.966883627E-1,-2.593856142E-2,-5.730129580E-2,2.383471927E1,2.283167760E1,-1.616986445E0,-7.029759768E0
1.633480529E1,9.782541900E-1,1.977700405E-1,-2.667788036E-2,-5.651593143E-2,2.394118180E1,2.296246008E1,-1.710027552E0,-6.960210437E0
1.634484929E1,9.780667629E-1,1.987732883E-1,-2.762346071E-2,-5.578135400E-2,2.404451349E1,2.308572228E1,-1.825723336E0,-6.901243593E0
1.635489429E1,9.778906734E-1,1.996546158E-1,-2.867094161E-2,-5.518961225E-2,2.414119756E1,2.319574565E1,-1.950517144E0,-6.860742444E0
1.636493929E1,9.777386076E-1,2.003444701E-1,-2.980113569E-2,-5.478356951E-2,2.422438521E1,2.328438265E1,-2.081685398E0,-6.842912922E0
1.637498429E1,9.776275506E-1,2.007824918E-1,-3.087098076E-2,-5.456925279E-2,2.428496157E1,2.334353037E1,-2.203424944E0,-6.844874790E0
1.638502829E1,9.775699359E-1,2.009246795E-1,-3.173673498E-2,-5.458067458E-2,2.431632916E1,2.336701981E1,-2.299125784E0,-6.866853123E0
1.639507329E1,9.775690508E-1,2.007650746E-1,-3.235662556E-2,-5.481893072E-2,2.431681072E1,2.335383913E1,-2.364134182E0,-6.907864885E0
1.640511829E1,9.776181940E-1,2.003326585E-1,-3.276805256E-2,-5.527976436E-2,2.429005836E1,2.330766291E1,-2.402577748E0,-6.968328688E0
1.641516329E1,9.777024034E-1,1.996830807E-1,-3.299485529E-2,-5.600005400E-2,2.424414925E1,2.323525213E1,-2.415949087E0,-7.053088081E0
1.642520729E1,9.778114795E-1,1.988825909E-1,-3.297217501E-2,-5.694953820E-2,2.418455579E1,2.314371808E1,-2.397301601E0,-7.157429012E0
1.643525229E1,9.779215670E-1,1.980480570E-1,-3.270448457E-2,-5.811017812E-2,2.412426265E1,2.304663291E1,-2.346782267E0,-7.279793455E0
1.644529729E1,9.779973892E-1,1.973255757E-1,-3.235565618E-2,-5.947190065E-2,2.408264961E1,2.296231916E1,-2.281940141E0,-7.423272169E0
1.645534229E1,9.779992015E-1,1.968956409E-1,-3.209512017E-2,-6.098897646E-2,2.408165410E1,2.291312974E1,-2.221402581E0,-7.587049314E0
1.646538629E1,9.778986813E-1,1.968926696E-1,-3.208323476E-2,-6.259523500E-2,2.413680901E1,2.291601276E1,-2.183452963E0,-7.767619379E0
1.647543129E1,9.776965450E-1,1.973177364E-1,-3.238132361E-2,-6.423803486E-2,2.424734590E1,2.297163460E1,-2.175906754E0,-7.960437017E0
1.648547629E1,9.774071647E-1,1.981115828E-1,-3.290376541E-2,-6.591269774E-2,2.440473317E1,2.307246441E1,-2.189496010E0,-8.162898457E0
1.649552129E1,9.770672083E-1,1.990831836E-1,-3.360109555E-2,-6.765041231E-2,2.458836020E1,2.319595374E1,-2.219330458E0,-8.377011904E0
1.650556529E1,9.767303285E-1,1.999840145E-1,-3.442143655E-2,-6.942331949E-2,2.476900299E1,2.331267324E1,-2.262270696E0,-8.597935515E0
1.651561029E1,9.764398103E-1,2.006255475E-1,-3.529238537E-2,-7.119749108E-2,2.492375058E1,2.339991294E1,-2.312725179E0,-8.819730077E0
1.652565529E1,9.762333329E-1,2.008651312E-1,-3.615213893E-2,-7.290195178E-2,2.503316055E1,2.344027926E1,-2.366927319E0,-9.032575079E0
1.653570029E1,9.761324333E-1,2.006306631E-1,-3.701025403E-2,-7.445076417E-2,2.508645524E1,2.342524678E1,-2.428900012E0,-9.226773784E0
1.654574429E1,9.761212644E-1,2.000106934E-1,-3.790552685E-2,-7.580321439E-2,2.509234777E1,2.336546164E1,-2.503354271E0,-9.398790045E0
1.655578929E1,9.761556984E-1,1.992551480E-1,-3.871700120E-2,-7.693127479E-2,2.507417663E1,2.328870594E1,-2.575151237E0,-9.543150670E0
1.656583429E1,9.761641699E-1,1.987698533E-1,-3.932997970E-2,-7.776371719E-2,2.506970414E1,2.324079684E1,-2.629129734E0,-9.650166434E0
1.657587929E1,9.760743128E-1,1.989158132E-1,-3.972288842E-2,-7.831668385E-2,2.511710372E1,2.326350060E1,-2.658798115E0,-9.722160946E0
1.658592329E1,9.758719236E-1,1.996264301E-1,-4.015643198E-2,-7.880761034E-2,2.522354293E1,2.335240061E1,-2.688783668E0,-9.789681427E0
1.659596829E1,9.756287785E-1,2.003143931E-1,-4.124584372E-2,-7.950695300E-2,2.535083486E1,2.344661138E1,-2.787306526E0,-9.896338373E0
1.660601329E1,9.754915905E-1,2.000213039E-1,-4.367501948E-2,-8.062279081E-2,2.542237916E1,2.344314390E1,-3.035614066E0,-1.007930706E1
1.661605829E1,9.755909306E-1,1.980091870E-1,-4.747144428E-2,-8.222567761E-2,2.537059255E1,2.325796480E1,-3.443402626E0,-1.034418987E1
1.662610229E1,9.759922107E-1,1.941274201E-1,-5.167042943E-2,-8.416531772E-2,2.516033572E1,2.286341008E1,-3.909590121E0,-1.064834645E1
1.663614729E1,9.766761277E-1,1.887693914E-1,-5.501154182E-2,-8.627674839E-2,2.479794576E1,2.228974170E1,-4.294563038E0,-1.094291413E1
1.664619229E1,9.775526557E-1,1.826126851E-1,-5.662517606E-2,-8.852625214E-2,2.432572937E1,2.160374057E1,-4.495232837E0,-1.120716183E1
1.665623729E1,9.784792963E-1,1.764267079E-1,-5.645203680E-2,-9.091252241E-2,2.381649301E1,2.089286844E1,-4.496345230E0,-1.144587051E1
1.666628229E1,9.792770518E-1,1.711511025E-1,-5.518670412E-2,-9.315701068E-2,2.336932942E1,2.027327402E1,-4.370076633E0,-1.164988107E1
1.667632629E1,9.797815496E-1,1.675799948E-1,-5.390970202E-2,-9.507283782E-2,2.308213714E1,1.985004456E1,-4.230831435E0,-1.182528687E1
1.668637129E1,9.799544360E-1,1.658558357E-1,-5.334003995E-2,-9.662249315E-2,2.298290492E1,1.964885244E1,-4.157063673E0,-1.198238758E1
1.669641629E1,9.797933507E-1,1.660062367E-1,-5.354068002E-2,-9.787905929E-2,2.307537700E1,1.967404066E1,-4.153026724E0,-1.212999648E1
1.670646129E1,9.793580159E-1,1.675895832E-1,-5.473839336E-2,-9.887022673E-2,2.332347445E1,1.987800784E1,-4.248232624E0,-1.227417410E1
1.671650567E1,9.787732705E-1,1.699311304E-1,-5.683598406E-2,-9.947823716E-2,2.365268219E1,2.018132356E1,-4.442017248E0,-1.239760961E1
1.672655067E1,9.781959009E-1,1.722776667E-1,-5.942052364E-2,-9.961112618E-2,2.397336458E1,2.049082102E1,-4.699411995E0,-1.247880561E1
1.673659567E1,9.777182928E-1,1.741639121E-1,-6.221630849E-2,-9.931297937E-2,2.423547712E1,2.074868639E1,-4.994871387E0,-1.251497673E1
1.674664067E1,9.773545233E-1,1.755095345E-1,-6.511613811E-2,-9.866328570E-2,2.443325628E1,2.094408808E1,-5.316101675E0,-1.251216446E1
1.675668467E1,9.771236429E-1,1.761942417E-1,-6.807108527E-2,-9.773057594E-2,2.455797070E1,2.106232031E1,-5.657901827E0,-1.247593961E1
1.676672967E1,9.770527940E-1,1.760935160E-1,-7.102414109E-2,-9.651189982E-2,2.459611619E1,2.108766168E1,-6.015553462E0,-1.240326449E1
1.677677467E1,9.771439577E-1,1.751708055E-1,-7.398513632E-2,-9.503157606E-2,2.454702233E1,2.101571585E1,-6.389957168E0,-1.229599986E1
1.678681967E1,9.773835204E-1,1.734457508E-1,-7.698346839E-2,-9.333541829E-2,2.441754865E1,2.084908365E1,-6.782892620E0,-1.215916513E1
1.679686367E1,9.777281551E-1,1.710152000E-1,-8.016094564E-2,-9.151817262E-2,2.423009287E1,2.060141950E1,-7.206698967E0,-1.200638090E1
1.680690867E1,9.781073503E-1,1.681327428E-1,-8.357900501E-2,-8.973329573E-2,2.402217411E1,2.030400707E1,-7.661731576E0,-1.185740755E1
1.681695367E1,9.784377816E-1,1.653204838E-1,-8.693169198E-2,-8.815624495E-2,2.383953675E1,2.001440603E1,-8.103773672E0,-1.172905842E1
1.682699867E1,9.784653878E-1,1.643514303E-1,-8.910100344E-2,-8.749407582E-2,2.382421569E1,1.992857620E1,-8.372311646E0,-1.169298886E1
1.683704267E1,9.782170164E-1,1.643355093E-1,-9.171896547E-2,-8.759619763E-2,2.396171110E1,1.996690858E1,-8.664699694E0,-1.176207548E1
1.684708767E1,9.779129269E-1,1.647927974E-1,-9.402206421E-2,-8.768921573E-2,2.412900006E1,2.005606636E1,-8.916197825E0,-1.182774247E1
1.685713267E1,9.775444370E-1,1.656422776E-1,-9.602050971E-2,-8.803224893E-2,2.433019895E1,2.018896294E1,-9.123608036E0,-1.191930885E1
1.686717767E1,9.772403475E-1,1.662557540E-1,-9.764163819E-2,-8.846792090E-2,2.449500865E1,2.028973787E1,-9.289449342E0,-1.201132423E1
1.687722167E1,9.770682198E-1,1.663783328E-1,-9.868250203E-2,-8.898202816E-2,2.458781583E1,2.032509949E1,-9.394410147E0,-1.209483902E1
1.688726667E1,9.770387591E-1,1.659548518E-1,-9.905393167E-2,-8.968052788E-2,2.460366576E1,2.028791755E1,-9.427137549E0,-1.217913615E1
1.689731167E1,9.771072056E-1,1.651976258E-1,-9.883362482E-2,-9.057109079E-2,2.456682583E1,2.020413066E1,-9.393720538E0,-1.226884579E1
1.690735667E1,9.772357114E-1,1.643089147E-1,-9.831612738E-2,-9.136206069E-2,2.449751289E1,2.009932549E1,-9.330716736E0,-1.233929685E1
1.691740067E1,9.773827617E-1,1.634400890E-1,-9.789072870E-2,-9.180338034E-2,2.441795973E1,1.999514476E1,-9.284956973E0,-1.237210671E1
1.692744567E1,9.775102981E-1,1.626962366E-1,-9.781729045E-2,-9.184375702E-2,2.434875624E1,1.990757259E1,-9.285237619E0,-1.236812425E1
1.693749067E1,9.776022625E-1,1.621247491E-1,-9.815031114E-2,-9.152006923E-2,2.429873426E1,1.984331398E1,-9.336275637E0,-1.233311757E1
1.694753567E1,9.776635019E-1,1.617218832E-1,-9.878922048E-2,-9.088849870E-2,2.426536815E1,1.980075254E1,-9.425667463E0,-1.227118608E1
1.695757967E1,9.777055223E-1,1.614559945E-1,-9.962428126E-2,-8.999351037E-2,2.424244727E1,1.977476352E1,-9.540599215E0,-1.218468480E1
1.696762467E1,9.777483013E-1,1.612220979E-1,-1.005765709E-1,-8.888180295E-2,2.421909063E1,1.975217594E1,-9.672585130E0,-1.207621065E1
1.697766967E1,9.778176329E-1,1.608875863E-1,-1.015784989E-1,-8.757605144E-2,2.418118956E1,1.971655414E1,-9.815187416E0,-1.194554231E1
1.698771467E1,9.779314294E-1,1.603610879E-1,-1.025259601E-1,-8.615671417E-2,2.411885395E1,1.965626990E1,-9.956145434E0,-1.179861220E1
1.699775867E1,9.781005225E-1,1.596705275E-1,-1.032174476E-1,-8.468081583E-2,2.402593357E1,1.957196267E1,-1.007121042E1,-1.163770878E1
1.700780367E1,9.783184218E-1,1.588833324E-1,-1.035827317E-1,-8.318578281E-2,2.390566847E1,1.947087896E1,-1.015083353E1,-1.146627727E1
1.701784867E1,9.785600496E-1,1.581415347E-1,-1.036351545E-1,-8.167730496E-2,2.377160578E1,1.937002373E1,-1.019467649E1,-1.128680821E1
1.702789367E1,9.787946811E-1,1.576049685E-1,-1.034410630E-1,-8.013409810E-2,2.364070789E1,1.928903999E1,-1.020880935E1,-1.110007593E1
1.703793767E1,9.789905797E-1,1.574284416E-1,-1.030756235E-1,-7.854415039E-2,2.353086882E1,1.924717097E1,-1.020030400E1,-1.090802198E1
1.704798267E1,9.791319402E-1,1.576344871E-1,-1.026686851E-1,-7.688356456E-2,2.345129384E1,1.924881754E1,-1.018420264E1,-1.071097398E1
1.705802767E1,9.792198164E-1,1.581493451E-1,-1.023433826E-1,-7.512102550E-2,2.340169192E1,1.928685913E1,-1.017601098E1,-1.050723300E1
1.706807267E1,9.792716992E-1,1.588314180E-1,-1.021545120E-1,-7.323870510E-2,2.337235783E1,1.934530021E1,-1.018393807E1,-1.029447690E1
1.707811667E1,9.793101371E-1,1.595431045E-1,-1.020832891E-1,-7.125105972E-2,2.335060192E1,1.940785333E1,-1.020712738E1,-1.007255389E1
1.708816167E1,9.793576787E-1,1.601739453E-1,-1.020462763E-1,-6.920617893E-2,2.332366560E1,1.946084436E1,-1.023637620E1,-9.844035368E0
1.709820667E1,9.794294970E-1,1.606378636E-1,-1.020275762E-1,-6.711004756E-2,2.328291630E1,1.949400109E1,-1.027056926E1,-9.608358507E0
1.710825167E1,9.795331782E-1,1.608910344E-1,-1.020215756E-1,-6.496595308E-2,2.322396370E1,1.950211284E1,-1.030931426E1,-9.365299130E0
1.711829567E1,9.796600824E-1,1.609759946E-1,-1.020453964E-1,-6.276643550E-2,2.315160517E1,1.949027066E1,-1.035413972E1,-9.114788010E0
1.712834067E1,9.797949944E-1,1.609675389E-1,-1.021383144E-1,-6.048911484E-2,2.307443525E1,1.946747097E1,-1.040911700E1,-8.855867428E0
1.713838567E1,9.799211400E-1,1.609356416E-1,-1.023342472E-1,-5.815371581E-2,2.300204878E1,1.944246854E1,-1.047700969E1,-8.592238084E0
1.714843067E1,9.800234304E-1,1.609784048E-1,-1.025900101E-1,-5.581376493E-2,2.294318576E1,1.942670108E1,-1.055105476E1,-8.330139450E0
1.715847567E1,9.800906546E-1,1.611818714E-1,-1.028249972E-1,-5.356957169E-2,2.290442030E1,1.943030034E1,-1.061955122E1,-8.080285446E0
1.716851967E1,9.801156898E-1,1.615997811E-1,-1.029663973E-1,-5.154382556E-2,2.288996695E1,1.946004363E1,-1.067156990E1,-7.855802454E0
1.717856467E1,9.801046052E-1,1.622382611E-1,-1.029485718E-1,-4.975279523E-2,2.289636744E1,1.951617044E1,-1.069944660E1,-7.657254918E0
1.718860967E1,9.800584965E-1,1.630735695E-1,-1.028166311E-1,-4.817692457E-2,2.292297259E1,1.959633366E1,-1.070893575E1,-7.483110754E0
1.719865467E1,9.799759730E-1,1.640466928E-1,-1.026974029E-1,-4.678565710E-2,2.297051360E1,1.969479512E1,-1.071546963E1,-7.331926129E0
1.720869867E1,9.798562760E-1,1.651319820E-1,-1.026548478E-1,-4.555201884E-2,2.303929791E1,1.980898481E1,-1.072700952E1,-7.201704845E0
1.721874367E1,9.796970452E-1,1.663673720E-1,-1.026498297E-1,-4.448039307E-2,2.313048766E1,1.994296025E1,-1.073875984E1,-7.092533268E0
1.722878867E1,9.795045184E-1,1.677609576E-1,-1.026210855E-1,-4.354321575E-2,2.324027429E1,2.009671708E1,-1.074427863E1,-7.000018935E0
1.723883367E1,9.792915925E-1,1.692390396E-1,-1.025811593E-1,-4.269842432E-2,2.336110069E1,2.026130630E1,-1.074633856E1,-6.918796874E0
1.724887767E1,9.791045448E-1,1.705462426E-1,-1.025045179E-1,-4.196608068E-2,2.346673613E1,2.040662035E1,-1.074340579E1,-6.847769254E0
1.725892267E1,9.790811111E-1,1.711034450E-1,-1.020264672E-1,-4.140417889E-2,2.347993728E1,2.046111765E1,-1.069702407E1,-6.779087341E0
1.726896767E1,9.791729913E-1,1.711985810E-1,-1.011293189E-1,-4.103783849E-2,2.342813538E1,2.045880521E1,-1.060254178E1,-6.718420098E0
1.727901267E1,9.792860291E-1,1.712902109E-1,-1.000064399E-1,-4.070892448E-2,2.336424941E1,2.045417138E1,-1.048183221E1,-6.657044577E0
1.728905667E1,9.793575102E-1,1.715126040E-1,-9.902904922E-2,-4.044070194E-2,2.332376118E1,2.046722306E1,-1.037543930E1,-6.607240813E0
1.729910167E1,9.793479850E-1,1.719310379E-1,-9.843490510E-2,-4.034620870E-2,2.332916043E1,2.050919860E1,-1.030747187E1,-6.587790241E0
1.730914667E1,9.792896959E-1,1.723553381E-1,-9.822211883E-2,-4.046898247E-2,2.336217416E1,2.055806103E1,-1.027807630E1,-6.601590329E0
1.731919167E1,9.792314911E-1,1.725538419E-1,-9.833432164E-2,-4.075756194E-2,2.339509432E1,2.058545503E1,-1.028347158E1,-6.639114926E0
1.732923567E1,9.792124829E-1,1.724484010E-1,-9.854921789E-2,-4.114029747E-2,2.340583533E1,2.057915036E1,-1.030057515E1,-6.686462156E0
1.733928067E1,"","","","","","","",""