"Time (s)","w","x","y","z","Direct (°)","Yaw (°)","Pitch (°)","Roll (°)"
-1.112124999E-3,9.642004076E-1,2.221618021E-1,5.932326979E-3,1.446600802E-1,3.075465685E1,2.551421350E1,-3.028689177E0,1.637915194E1
8.933874982E-3,9.640179118E-1,2.226571224E-1,5.954506758E-3,1.451131589E-1,3.083342150E1,2.557098084E1,-3.046158586E0,1.642945721E1
1.897887498E-2,9.638357531E-1,2.231574371E-1,5.901707293E-3,1.455561222E-1,3.091184533E1,2.562719456E1,-3.071798024E0,1.647673142E1
2.902487500E-2,9.636738249E-1,2.236077235E-1,5.790471223E-3,1.459410915E-1,3.098139682E1,2.567683047E1,-3.101609296E0,1.651612888E1
3.906987500E-2,9.635413152E-1,2.239850115E-1,5.681827184E-3,1.462411771E-1,3.103819934E1,2.571823772E1,-3.127743473E0,1.654619776E1
4.911587501E-2,9.634416800E-1,2.242613895E-1,5.647013888E-3,1.464759351E-1,3.108084293E1,2.574922249E1,-3.142338115E0,1.657102369E1
5.916087498E-2,9.633695246E-1,2.244284385E-1,5.702921682E-3,1.466924856E-1,3.111168967E1,2.576892771E1,-3.144589371E0,1.659639134E1
6.920687499E-2,9.633130900E-1,2.245086229E-1,5.872035912E-3,1.469329333E-1,3.113579493E1,2.578020529E1,-3.133475298E0,1.662756014E1
7.925187499E-2,9.632604065E-1,2.245434257E-1,6.160520553E-3,1.472135471E-1,3.115828157E1,2.578795956E1,-3.109438108E0,1.666640211E1
8.929787501E-2,9.632034239E-1,2.245673229E-1,6.541401623E-3,1.475322615E-1,3.118258531E1,2.579580234E1,-3.075994661E0,1.671189921E1
9.934287501E-2,9.631381384E-1,2.246164767E-1,6.970572445E-3,1.478642522E-1,3.121040767E1,2.580735180E1,-3.037999169E0,1.676004100E1
1.093878750E-1,9.630696077E-1,2.247019821E-1,7.384528254E-3,1.481602074E-1,3.123958706E1,2.582303354E1,-3.001388396E0,1.680362590E1
1.194338750E-1,9.630057552E-1,2.248147249E-1,7.747475840E-3,1.483857352E-1,3.126675061E1,2.584130803E1,-2.969070615E0,1.683789875E1
1.294788750E-1,9.629486462E-1,2.249314717E-1,8.023116229E-3,1.485641428E-1,3.129102592E1,2.585880695E1,-2.945257484E0,1.686464930E1
1.395248750E-1,9.629046449E-1,2.250225510E-1,8.195749721E-3,1.487023002E-1,3.130971704E1,2.587179647E1,-2.931344173E0,1.688434554E1
1.495698750E-1,9.628847937E-1,2.250436350E-1,8.318512954E-3,1.487922837E-1,3.131814597E1,2.587596979E1,-2.920482926E0,1.689754639E1
1.596158750E-1,9.628849623E-1,2.250117193E-1,8.447872169E-3,1.488319860E-1,3.131807439E1,2.587421216E1,-2.906671140E0,1.690537893E1
1.696608750E-1,9.628921694E-1,2.249614170E-1,8.615953801E-3,1.488515000E-1,3.131501446E1,2.587098946E1,-2.887739098E0,1.691195323E1
1.797068750E-1,9.628946561E-1,2.249144233E-1,8.840933678E-3,1.488936047E-1,3.131395862E1,2.586900964E1,-2.863165111E0,1.692250401E1
1.897518750E-1,9.628866061E-1,2.248834348E-1,9.090474631E-3,1.489776034E-1,3.131737654E1,2.586918314E1,-2.837243081E0,1.693836498E1
1.997978750E-1,9.628742570E-1,2.248290022E-1,9.321186480E-3,1.491244852E-1,3.132261902E1,2.586616261E1,-2.814627267E0,1.696092947E1
2.098428750E-1,9.628661227E-1,2.247370272E-1,9.479922048E-3,1.493060959E-1,3.132607179E1,2.585753260E1,-2.800209662E0,1.698572046E1
2.198888750E-1,9.628729083E-1,2.245910200E-1,9.574973728E-3,1.494759899E-1,3.132319153E1,2.584161680E1,-2.791578650E0,1.700773328E1
2.299338750E-1,9.628975221E-1,2.244012327E-1,9.632525250E-3,1.495981314E-1,3.131274169E1,2.582012196E1,-2.785083725E0,1.702352027E1
2.399798750E-1,9.629437572E-1,2.241666644E-1,9.668033970E-3,1.496500142E-1,3.129310325E1,2.579324351E1,-2.778418232E0,1.703092947E1
2.500248750E-1,9.630071039E-1,2.238963451E-1,9.704101135E-3,1.496451673E-1,3.126617710E1,2.576236175E1,-2.769597654E0,1.703203122E1
2.600708750E-1,9.630806501E-1,2.235940995E-1,9.740062934E-3,1.496216072E-1,3.123488714E1,2.572781058E1,-2.759749044E0,1.703109638E1
2.701158750E-1,9.631602655E-1,2.232468516E-1,9.782315150E-3,1.496245997E-1,3.120098059E1,2.568805431E1,-2.749107368E0,1.703344070E1
2.801618750E-1,9.632403867E-1,2.228658125E-1,9.862236111E-3,1.496710876E-1,3.116682234E1,2.564486681E1,-2.734833646E0,1.704173272E1
2.902066250E-1,9.633169254E-1,2.224798211E-1,9.985863354E-3,1.497449289E-1,3.113415729E1,2.560175302E1,-2.716341643E0,1.705421634E1
3.002526250E-1,9.633876056E-1,2.221062315E-1,1.015154262E-2,1.498339009E-1,3.110396277E1,2.556073719E1,-2.693799159E0,1.706941346E1
3.102976250E-1,9.634587074E-1,2.217371937E-1,1.036777702E-2,1.499080372E-1,3.107355932E1,2.552112084E1,-2.665359634E0,1.708415947E1
3.203426250E-1,9.635338974E-1,2.213695572E-1,1.059512766E-2,1.499527129E-1,3.104137612E1,2.548193841E1,-2.634953312E0,1.709582821E1
3.303886250E-1,9.636154515E-1,2.210146913E-1,1.080199493E-2,1.499374979E-1,3.100643207E1,2.544406418E1,-2.605497646E0,1.710015760E1
3.404336250E-1,9.637005460E-1,2.206972307E-1,1.097468110E-2,1.498447327E-1,3.096993006E1,2.541017402E1,-2.578494109E0,1.709474644E1
3.504796250E-1,9.637842496E-1,2.204342554E-1,1.113317433E-2,1.496816244E-1,3.093398367E1,2.538256340E1,-2.552222644E0,1.708087128E1
3.605246250E-1,9.638709878E-1,2.202025005E-1,1.130145616E-2,1.494516711E-1,3.089669104E1,2.535890127E1,-2.523719442E0,1.705958264E1
3.705706250E-1,9.639569674E-1,2.200083194E-1,1.151384466E-2,1.491668427E-1,3.085968120E1,2.534045154E1,-2.489608375E0,1.703306924E1
3.806156250E-1,9.640415140E-1,2.198163194E-1,1.179783013E-2,1.488807499E-1,3.082324591E1,2.532341348E1,-2.447597348E0,1.700816704E1
3.906616250E-1,9.641322983E-1,2.195634383E-1,1.213818700E-2,1.486382370E-1,3.078407562E1,2.530010320E1,-2.399412476E0,1.698972719E1
4.007066250E-1,9.642369068E-1,2.192271170E-1,1.248928079E-2,1.484276713E-1,3.073888029E1,2.526718866E1,-2.349412295E0,1.697535115E1
4.107526250E-1,9.643574889E-1,2.188176288E-1,1.282564425E-2,1.482194237E-1,3.068670306E1,2.522551222E1,-2.299841793E0,1.696101527E1
4.207976250E-1,9.644953513E-1,2.183518534E-1,1.309577394E-2,1.479856352E-1,3.062694221E1,2.517626232E1,-2.255988228E0,1.694225469E1
4.308436250E-1,9.646449726E-1,2.178647307E-1,1.331147097E-2,1.477085618E-1,3.056195498E1,2.512372670E1,-2.216712750E0,1.691727102E1
4.408886250E-1,9.647924022E-1,2.174127689E-1,1.353558684E-2,1.473909431E-1,3.049778747E1,2.507549392E1,-2.176117426E0,1.688779935E1
4.509346250E-1,9.649300960E-1,2.170282000E-1,1.379350448E-2,1.470318098E-1,3.043773817E1,2.503571826E1,-2.131927164E0,1.685428530E1
4.609796250E-1,9.650591497E-1,2.167022468E-1,1.406978761E-2,1.466386640E-1,3.038135168E1,2.500310585E1,-2.085883944E0,1.681722497E1
4.710256250E-1,9.651832721E-1,2.164020243E-1,1.433717775E-2,1.462390698E-1,3.032702316E1,2.497333417E1,-2.041127071E0,1.677914715E1
4.810706250E-1,9.653065938E-1,2.160852907E-1,1.454987182E-2,1.458714650E-1,3.027295087E1,2.494067172E1,-2.002963123E0,1.674336737E1
4.911156250E-1,9.654405786E-1,2.156978664E-1,1.466829393E-2,1.455466392E-1,3.021409603E1,2.489817425E1,-1.975116943E0,1.671025368E1
5.011616250E-1,9.655859010E-1,2.152361266E-1,1.472120930E-2,1.452607150E-1,3.015013418E1,2.484589836E1,-1.954252238E0,1.668007482E1
5.112066250E-1,9.657384726E-1,2.147242531E-1,1.472681483E-2,1.450032820E-1,3.008283871E1,2.478697733E1,-1.938510683E0,1.665205405E1
5.212526250E-1,9.658901591E-1,2.142005996E-1,1.466726133E-2,1.447729495E-1,3.001578753E1,2.472558657E1,-1.930486928E0,1.662553271E1
5.312976250E-1,9.660279371E-1,2.137100103E-1,1.454743784E-2,1.445907487E-1,2.995475733E1,2.466698510E1,-1.930919162E0,1.660293866E1
5.413436250E-1,9.661195222E-1,2.133568513E-1,1.451394163E-2,1.445036311E-1,2.991412145E1,2.462557417E1,-1.926490940E0,1.659293911E1
5.513886250E-1,9.660861419E-1,2.134727130E-1,1.476922510E-2,1.445298465E-1,2.992893838E1,2.464310322E1,-1.900830735E0,1.660185762E1
5.614346250E-1,9.660086339E-1,2.138239227E-1,1.490812004E-2,1.445148000E-1,2.996331522E1,2.468617506E1,-1.891029398E0,1.660285541E1
5.714796250E-1,9.659100524E-1,2.143173358E-1,1.494042559E-2,1.444386407E-1,3.000698307E1,2.474415832E1,-1.893924257E0,1.659408701E1
5.815256250E-1,9.658223026E-1,2.148247628E-1,1.489014440E-2,1.442771340E-1,3.004580071E1,2.480260329E1,-1.904067759E0,1.657362473E1
5.915706250E-1,9.657634235E-1,2.152281503E-1,1.483659683E-2,1.440755456E-1,3.007181949E1,2.484898561E1,-1.911795869E0,1.654873712E1
6.016166250E-1,9.657396948E-1,2.154574818E-1,1.484779736E-2,1.438903945E-1,3.008229901E1,2.487615331E1,-1.909810514E0,1.652761818E1
6.116616250E-1,9.657444996E-1,2.155029899E-1,1.499399424E-2,1.437749121E-1,3.008017734E1,2.488399675E1,-1.891511771E0,1.651803160E1
6.217076250E-1,9.657748453E-1,2.153783827E-1,1.524946736E-2,1.437310794E-1,3.006677390E1,2.487369362E1,-1.860034877E0,1.651954185E1
6.317526250E-1,9.658207854E-1,2.151324664E-1,1.557365038E-2,1.437562832E-1,3.004647148E1,2.485028208E1,-1.820626346E0,1.653075890E1
6.417986250E-1,9.658686220E-1,2.148483650E-1,1.588921437E-2,1.438246876E-1,3.002531662E1,2.482223104E1,-1.782599459E0,1.654670722E1
6.518436250E-1,9.659115275E-1,2.145772660E-1,1.615725779E-2,1.439116786E-1,3.000633010E1,2.479491110E1,-1.750508609E0,1.656356478E1
6.618896250E-1,9.659545594E-1,2.143313602E-1,1.634116557E-2,1.439678604E-1,2.998727582E1,2.476921725E1,-1.727386099E0,1.657482746E1
6.719346250E-1,9.660099826E-1,2.140905963E-1,1.638358637E-2,1.439493579E-1,2.996271736E1,2.474195956E1,-1.718156383E0,1.657417706E1
6.819796250E-1,9.660803678E-1,2.138374939E-1,1.627359363E-2,1.438659072E-1,2.993150068E1,2.471091030E1,-1.723983682E0,1.656248877E1
6.920256250E-1,9.661681175E-1,2.135389046E-1,1.602872044E-2,1.437479803E-1,2.989253802E1,2.467245881E1,-1.743131742E0,1.654370875E1
7.020706250E-1,9.662694386E-1,2.131951549E-1,1.571171292E-2,1.436119303E-1,2.984748762E1,2.462763722E1,-1.769072799E0,1.652122401E1
7.121166250E-1,9.663744685E-1,2.128325866E-1,1.540026879E-2,1.434763860E-1,2.980071786E1,2.458073345E1,-1.794112169E0,1.649898816E1
7.221616250E-1,9.664701418E-1,2.124804919E-1,1.515027475E-2,1.433803755E-1,2.975805206E1,2.453598095E1,-1.813513049E0,1.648271598E1
7.322076250E-1,9.665473127E-1,2.121342028E-1,1.497887406E-2,1.433911229E-1,2.972359387E1,2.449298965E1,-1.826941541E0,1.648043259E1
7.422526250E-1,9.666143684E-1,2.117494126E-1,1.485634263E-2,1.435208931E-1,2.969362059E1,2.444610912E1,-1.837230187E0,1.649288626E1
7.522986250E-1,9.666803703E-1,2.113291137E-1,1.481827349E-2,1.436990056E-1,2.966408938E1,2.439637658E1,-1.838736562E0,1.651291320E1
7.623436250E-1,9.667502077E-1,2.108973614E-1,1.483047500E-2,1.438624090E-1,2.963281079E1,2.434615625E1,-1.834103340E0,1.653250327E1
7.723896250E-1,9.668172633E-1,2.105080826E-1,1.484350892E-2,1.439811367E-1,2.960274766E1,2.430096563E1,-1.828989332E0,1.654697452E1
7.824346250E-1,9.668727707E-1,2.102008110E-1,1.486612070E-2,1.440543457E-1,2.957783936E1,2.426552936E1,-1.823080357E0,1.655636368E1
7.924806250E-1,9.669091013E-1,2.099931113E-1,1.487766894E-2,1.441125927E-1,2.956152532E1,2.424150565E1,-1.819710261E0,1.656361489E1
8.025256250E-1,9.669239370E-1,2.098573984E-1,1.484869298E-2,1.442139137E-1,2.955486091E1,2.422511116E1,-1.823092635E0,1.657465249E1
8.125716250E-1,9.669338836E-1,2.097085147E-1,1.470800680E-2,1.443773592E-1,2.955039190E1,2.420527342E1,-1.840140117E0,1.659009850E1
8.226166250E-1,9.669491829E-1,2.094758009E-1,1.443030121E-2,1.446406505E-1,2.954351667E1,2.417331615E1,-1.873372701E0,1.661377359E1
8.326626250E-1,9.670000120E-1,2.091086070E-1,1.396861410E-2,1.448771787E-1,2.952066375E1,2.412281643E1,-1.924057662E0,1.663033684E1
8.427076250E-1,9.670880989E-1,2.085984826E-1,1.346373700E-2,1.450722343E-1,2.948101859E1,2.405510428E1,-1.976090950E0,1.664151122E1
8.527526250E-1,9.672111677E-1,2.079560066E-1,1.294226458E-2,1.452219399E-1,2.942554172E1,2.397185713E1,-2.026615824E0,1.664749108E1
8.627986250E-1,9.673403900E-1,2.072564321E-1,1.255196369E-2,1.453949948E-1,2.936718071E1,2.388406144E1,-2.062179558E0,1.665938729E1
8.728436250E-1,9.674521634E-1,2.066155261E-1,1.232000851E-2,1.455836441E-1,2.931660850E1,2.380560464E1,-2.081534797E0,1.667668824E1
8.828896250E-1,9.675222115E-1,2.060999648E-1,1.228698645E-2,1.458512766E-1,2.928487152E1,2.374474616E1,-2.082817732E0,1.670734613E1
8.929346250E-1,9.675540323E-1,2.057205272E-1,1.239078360E-2,1.461664086E-1,2.927044319E1,2.370180325E1,-2.072344896E0,1.674629368E1
9.029806250E-1,9.675679830E-1,2.054404825E-1,1.257542895E-2,1.464518692E-1,2.926411546E1,2.367177113E1,-2.053870186E0,1.678354152E1
9.130256250E-1,9.675891407E-1,2.052029218E-1,1.277503642E-2,1.466285488E-1,2.925451616E1,2.364713738E1,-2.031861478E0,1.680869942E1
9.230716250E-1,9.676373988E-1,2.049636857E-1,1.292517403E-2,1.466317098E-1,2.923260982E1,2.362184376E1,-2.011184749E0,1.681301278E1
9.331166250E-1,9.677175621E-1,2.047159992E-1,1.297609796E-2,1.464433977E-1,2.919618489E1,2.359431571E1,-1.996830790E0,1.679330729E1
9.431626250E-1,9.678218756E-1,2.044669219E-1,1.293754413E-2,1.461051692E-1,2.914871984E1,2.356545353E1,-1.988842066E0,1.675452012E1
9.532076250E-1,9.679377794E-1,2.042104583E-1,1.281007099E-2,1.457062072E-1,2.909589206E1,2.353440487E1,-1.989179590E0,1.670680152E1
9.632536250E-1,9.680635456E-1,2.039044195E-1,1.261620602E-2,1.453162645E-1,2.903846275E1,2.349652956E1,-1.996283951E0,1.665868284E1
9.732986250E-1,9.682052012E-1,2.034838361E-1,1.242239374E-2,1.449779518E-1,2.897364440E1,2.344528868E1,-2.002693994E0,1.661665953E1
9.833446250E-1,9.683629990E-1,2.029294786E-1,1.231508786E-2,1.447106565E-1,2.890127225E1,2.337981358E1,-1.998949048E0,1.658495853E1
9.933896250E-1,9.685418280E-1,2.022269117E-1,1.235615997E-2,1.444933894E-1,2.881903934E1,2.329945447E1,-1.977440041E0,1.656261663E1
1.003434625E0,9.687392017E-1,2.013973985E-1,1.255220603E-2,1.443116944E-1,2.872801139E1,2.320681527E1,-1.937446207E0,1.654806412E1
1.013480625E0,9.689577331E-1,2.004545419E-1,1.288958102E-2,1.441278920E-1,2.862689506E1,2.310333300E1,-1.879825743E0,1.653663749E1
1.023525625E0,9.691995718E-1,1.994153797E-1,1.328364352E-2,1.439073797E-1,2.851458508E1,2.298968742E1,-1.813467034E0,1.652240752E1
1.033571625E0,9.694642118E-1,1.982910493E-1,1.360164149E-2,1.436484716E-1,2.839118760E1,2.286503801E1,-1.753284000E0,1.650214576E1
1.043616625E0,9.697528334E-1,1.970641019E-1,1.373142217E-2,1.433757815E-1,2.825600624E1,2.272551936E1,-1.712038826E0,1.647617903E1
1.053662625E0,9.700642986E-1,1.957353382E-1,1.366413473E-2,1.430952520E-1,2.810941125E1,2.257108757E1,-1.690895868E0,1.644504516E1
1.063707625E0,9.703952778E-1,1.943357046E-1,1.350357631E-2,1.427739666E-1,2.795280626E1,2.240706018E1,-1.678120772E0,1.640731692E1
1.073753625E0,9.707345178E-1,1.929217094E-1,1.334079464E-2,1.423998290E-1,2.779139519E1,2.224145952E1,-1.664292383E0,1.636355318E1
1.083798625E0,9.710642748E-1,1.915785842E-1,1.317569490E-2,1.419796250E-1,2.763361042E1,2.208413388E1,-1.651012577E0,1.631438424E1
1.093844625E0,9.713656669E-1,1.903582011E-1,1.299850955E-2,1.415753945E-1,2.748862122E1,2.194082086E1,-1.641603317E0,1.626657075E1
1.103889625E0,9.716177050E-1,1.893214255E-1,1.281389055E-2,1.412522125E-1,2.736679614E1,2.181852048E1,-1.637950450E0,1.622752338E1
1.113935625E0,9.718149101E-1,1.885082021E-1,1.267699758E-2,1.409957489E-1,2.727110292E1,2.172274087E1,-1.634200925E0,1.619673774E1
1.123980625E0,9.719663859E-1,1.878852506E-1,1.264387016E-2,1.407861948E-1,2.719737544E1,2.165053561E1,-1.623089402E0,1.617319677E1
1.134026625E0,9.721011715E-1,1.873000205E-1,1.282849443E-2,1.406179446E-1,2.713160626E1,2.158607010E1,-1.589262059E0,1.615890956E1
1.144071625E0,9.722331333E-1,1.866914200E-1,1.328538734E-2,1.404727487E-1,2.706706307E1,2.152318049E1,-1.525229135E0,1.615302056E1
1.154116625E0,9.723611755E-1,1.860636322E-1,1.386196677E-2,1.403635041E-1,2.700429231E1,2.145992791E1,-1.448328567E0,1.615371958E1
1.164162625E0,9.724882903E-1,1.853949882E-1,1.435740824E-2,1.403179855E-1,2.694183413E1,2.139060309E1,-1.381172883E0,1.615994114E1
1.174207625E0,9.726374902E-1,1.846185011E-1,1.468020568E-2,1.402744899E-1,2.686834269E1,2.130609743E1,-1.331530259E0,1.616283172E1
1.184253625E0,9.728223463E-1,1.837019810E-1,1.474525408E-2,1.401885103E-1,2.677701343E1,2.120138859E1,-1.307419158E0,1.615560408E1
1.194298625E0,9.730526788E-1,1.825997987E-1,1.452212866E-2,1.400528396E-1,2.666278654E1,2.107074152E1,-1.311365546E0,1.613692918E1
1.204344625E0,9.733265490E-1,1.812805813E-1,1.402960059E-2,1.399144294E-1,2.652633988E1,2.091080449E1,-1.341804895E0,1.611269617E1
1.214389625E0,9.736300485E-1,1.797822608E-1,1.338104488E-2,1.397997478E-1,2.637432173E1,2.072775192E1,-1.387303885E0,1.608833543E1
1.224435625E0,9.739440846E-1,1.781494656E-1,1.272682570E-2,1.397628693E-1,2.621611452E1,2.052905814E1,-1.432940792E0,1.607310196E1
1.234480625E0,9.742478370E-1,1.764540559E-1,1.219713464E-2,1.398437491E-1,2.606219056E1,2.032501308E1,-1.466125762E0,1.607408437E1
1.244526625E0,9.745205271E-1,1.748051606E-1,1.185777348E-2,1.400434409E-1,2.592324215E1,2.012922389E1,-1.481223359E0,1.609248536E1
1.254571625E0,9.747459284E-1,1.733313590E-1,1.172679162E-2,1.403174797E-1,2.580783456E1,1.995685731E1,-1.477337934E0,1.612329960E1
1.264617625E0,9.749084045E-1,1.721462476E-1,1.177151469E-2,1.406442442E-1,2.572432964E1,1.982051842E1,-1.459507729E0,1.616316396E1
1.274662625E0,9.750001161E-1,1.713106284E-1,1.187870993E-2,1.410192669E-1,2.567707642E1,1.972541261E1,-1.441296204E0,1.620923100E1
1.284707625E0,9.750315998E-1,1.707977065E-1,1.191825948E-2,1.414200413E-1,2.566083512E1,1.966639627E1,-1.436388239E0,1.625645685E1
1.294753375E0,9.750148675E-1,1.705628959E-1,1.177665661E-2,1.418297508E-1,2.566946797E1,1.963651272E1,-1.456441120E0,1.630080710E1
1.304798375E0,9.749638276E-1,1.705546403E-1,1.141606398E-2,1.422188083E-1,2.569578379E1,1.962923112E1,-1.504281938E0,1.633825366E1
1.314844375E0,9.748877526E-1,1.707259567E-1,1.089773150E-2,1.425754971E-1,2.573495853E1,1.964012962E1,-1.572080968E0,1.636869913E1
1.324889375E0,9.747970526E-1,1.710153212E-1,1.030217018E-2,1.428924414E-1,2.578158788E1,1.966342128E1,-1.649689953E0,1.639291892E1
1.334935375E0,9.746974174E-1,1.713811190E-1,9.685893697E-3,1.431765955E-1,2.583271545E1,1.969522016E1,-1.730245958E0,1.641284429E1
1.344980375E0,9.745949163E-1,1.717984992E-1,9.083256983E-3,1.434137979E-1,2.588521011E1,1.973324850E1,-1.809217691E0,1.642754859E1
1.355026375E0,9.744994537E-1,1.722095627E-1,8.500065772E-3,1.436054396E-1,2.593400613E1,1.977093632E1,-1.885018300E0,1.643739790E1
1.365071375E0,9.744200490E-1,1.725597609E-1,7.909693792E-3,1.437575898E-1,2.597452544E1,1.980156965E1,-1.959830326E0,1.644267641E1
1.375117375E0,9.743613806E-1,1.728291582E-1,7.322572387E-3,1.438620297E-1,2.600442342E1,1.982303960E1,-2.031987796E0,1.644269986E1
1.385162375E0,9.743212146E-1,1.730519465E-1,6.775000531E-3,1.438932605E-1,2.602487290E1,1.983992801E1,-2.097491938E0,1.643521003E1
1.395208375E0,9.742904474E-1,1.733048750E-1,6.256905127E-3,1.438203464E-1,2.604052656E1,1.986099076E1,-2.158123139E0,1.641632283E1
1.405253375E0,9.742589216E-1,1.736618008E-1,5.719021778E-3,1.436257123E-1,2.605655663E1,1.989401759E1,-2.220250479E0,1.638291328E1
1.415298375E0,9.742230546E-1,1.741395723E-1,5.139908275E-3,1.433119290E-1,2.607478226E1,1.994063598E1,-2.286577982E0,1.633480095E1
1.425344375E0,9.741798541E-1,1.747534148E-1,4.503601498E-3,1.428799659E-1,2.609671780E1,2.000239187E1,-2.359126297E0,1.627172895E1
1.435389375E0,9.741311745E-1,1.755064420E-1,3.805892031E-3,1.423079911E-1,2.612141371E1,2.007967600E1,-2.437929713E0,1.619107991E1
1.445435375E0,9.740682071E-1,1.764444043E-1,3.040584287E-3,1.415955407E-1,2.615332405E1,2.017774013E1,-2.524352415E0,1.609253091E1
1.455480375E0,9.739879595E-1,1.775767584E-1,2.144631850E-3,1.407455231E-1,2.619393622E1,2.029678905E1,-2.625556890E0,1.597509411E1
1.465526375E0,9.738866385E-1,1.789001905E-1,1.121264221E-3,1.397795173E-1,2.624512514E1,2.043656216E1,-2.741456991E0,1.584121916E1
1.475571375E0,9.737411476E-1,1.804706558E-1,1.130378477E-4,1.387750736E-1,2.631845830E1,2.060557184E1,-2.858498571E0,1.570232700E1
1.485617375E0,9.735296125E-1,1.823435986E-1,-6.971510212E-4,1.378053168E-1,2.642472362E1,2.081276523E1,-2.958534737E0,1.557018804E1
1.495662375E0,9.732476501E-1,1.844900849E-1,-1.221826602E-3,1.369345629E-1,2.656571918E1,2.105583749E1,-3.032615646E0,1.545401049E1
1.505708375E0,9.729113183E-1,1.868424585E-1,-1.518276997E-3,1.361297267E-1,2.673294709E1,2.132612946E1,-3.085374600E0,1.534916578E1
1.515753375E0,9.725448936E-1,1.893091450E-1,-1.632263149E-3,1.353359329E-1,2.691397625E1,2.161248826E1,-3.119322513E0,1.524887207E1
1.525799375E0,9.721821778E-1,1.917372039E-1,-1.635255575E-3,1.345210658E-1,2.709200357E1,2.189622771E1,-3.139369305E0,1.514858240E1
1.535844375E0,9.718658657E-1,1.938898858E-1,-1.597123214E-3,1.337193063E-1,2.724632329E1,2.214875757E1,-3.150449947E0,1.505152635E1
1.545890375E0,9.716369240E-1,1.955469523E-1,-1.548359310E-3,1.329684180E-1,2.735748463E1,2.234391604E1,-3.153548770E0,1.496206508E1
1.555935375E0,9.715389326E-1,1.965413019E-1,-1.405228613E-3,1.322183306E-1,2.740492863E1,2.246354858E1,-3.135827447E0,1.487686525E1
1.565980375E0,9.715929648E-1,1.968253716E-1,-1.005929370E-3,1.313994173E-1,2.737877809E1,2.250448823E1,-3.077127136E0,1.479169529E1
1.576026375E0,9.717934574E-1,1.964802627E-1,-3.072294522E-4,1.304329479E-1,2.728152876E1,2.247688142E1,-2.972240927E0,1.469824787E1
1.586071375E0,9.721021831E-1,1.956934548E-1,5.930377687E-4,1.293101137E-1,2.713111209E1,2.240107978E1,-2.834850996E0,1.459267955E1
1.596117375E0,9.724507797E-1,1.947249729E-1,1.569085023E-3,1.281377148E-1,2.696027986E1,2.230518005E1,-2.685376838E0,1.448348688E1
1.606162375E0,9.727764062E-1,1.938040537E-1,2.524311735E-3,1.270420654E-1,2.679973892E1,2.221412917E1,-2.540832111E0,1.438224263E1
1.616208375E0,9.730319847E-1,1.931492708E-1,3.397078137E-3,1.260584422E-1,2.667306883E1,2.215239411E1,-2.412020210E0,1.429111724E1
1.626253375E0,9.731934071E-1,1.928937239E-1,4.060775097E-3,1.251800176E-1,2.659275924E1,2.213374527E1,-2.314751177E0,1.420639478E1
1.636299375E0,9.732583554E-1,1.930726373E-1,4.441824754E-3,1.243844958E-1,2.656037941E1,2.216138919E1,-2.257143629E0,1.412398622E1
1.646344375E0,9.732438569E-1,1.936242026E-1,4.536855361E-3,1.236345348E-1,2.656761098E1,2.222826224E1,-2.237759538E0,1.403974987E1
1.656390375E0,9.731679926E-1,1.944781504E-1,4.357236029E-3,1.228958691E-1,2.660541907E1,2.232653323E1,-2.253478340E0,1.395016547E1
1.666435375E0,9.730686103E-1,1.954524170E-1,3.820833088E-3,1.221526516E-1,2.665486799E1,2.243412175E1,-2.310459442E0,1.385195882E1
1.676481375E0,9.729625688E-1,1.964574086E-1,2.990519099E-3,1.214058937E-1,2.670753114E1,2.254158786E1,-2.400412577E0,1.374672164E1
1.686526375E0,9.728454006E-1,1.975182342E-1,2.066523203E-3,1.206410127E-1,2.676560184E1,2.265459966E1,-2.500997728E0,1.363707733E1
1.696571375E0,9.727195501E-1,1.985967299E-1,1.185738363E-3,1.198938334E-1,2.682783816E1,2.277042869E1,-2.597205481E0,1.353017570E1
1.706617375E0,9.725945426E-1,1.996226053E-1,4.614869178E-4,1.192079356E-1,2.688951764E1,2.288220900E1,-2.676429353E0,1.343367737E1
1.716662375E0,9.724855087E-1,2.005072465E-1,-6.878365677E-5,1.186121056E-1,2.694320244E1,2.297994129E1,-2.733986236E0,1.335197113E1
1.726708375E0,9.724084642E-1,2.011858635E-1,-4.100782993E-4,1.180927721E-1,2.698107345E1,2.305597191E1,-2.769307656E0,1.328365792E1
1.736753375E0,9.723738617E-1,2.016230844E-1,-5.622811060E-4,1.176301262E-1,2.699806528E1,2.310616589E1,-2.781507215E0,1.322665358E1
1.746799375E0,9.723927434E-1,2.017911028E-1,-5.234849319E-4,1.171859827E-1,2.698879455E1,2.312736368E1,-2.769165589E0,1.317679318E1
1.756844375E0,9.724840757E-1,2.016123369E-1,-3.465735353E-4,1.167346321E-1,2.694390731E1,2.310991408E1,-2.736590593E0,1.313018870E1
1.766890375E0,9.726681309E-1,2.009953070E-1,-7.236613889E-5,1.162649055E-1,2.685322552E1,2.304269508E1,-2.686906427E0,1.308487221E1
1.776935375E0,9.729268283E-1,2.000168364E-1,3.456568413E-4,1.157870445E-1,2.672525792E1,2.293519416E1,-2.616239027E0,1.304275891E1
1.786981375E0,9.732131740E-1,1.988872903E-1,9.561434053E-4,1.153218276E-1,2.658290861E1,2.281243601E1,-2.522460976E0,1.300663277E1
1.797026375E0,9.734817337E-1,1.977953181E-1,1.733974031E-3,1.149230341E-1,2.644871750E1,2.269594013E1,-2.412090807E0,1.298147028E1
1.807072375E0,9.737010659E-1,1.968801625E-1,2.626433549E-3,1.146191553E-1,2.633862579E1,2.260120725E1,-2.293460795E0,1.296898274E1
1.817117375E0,9.738464725E-1,1.962572110E-1,3.561967145E-3,1.144268814E-1,2.626539046E1,2.254075406E1,-2.176421283E0,1.296927119E1
1.827162375E0,9.739070376E-1,1.959777353E-1,4.454447736E-3,1.143592357E-1,2.623482711E1,2.251946651E1,-2.071538563E0,1.298190288E1
1.837208375E0,9.738894623E-1,1.960216839E-1,5.252108454E-3,1.144001603E-1,2.624369982E1,2.253441617E1,-1.983969339E0,1.300406378E1
1.847253375E0,9.738106056E-1,1.963282179E-1,5.875818591E-3,1.145152633E-1,2.628347380E1,2.257760920E1,-1.920988101E0,1.303029651E1
1.857299375E0,9.737017403E-1,1.967769449E-1,6.251526136E-3,1.146508497E-1,2.633828661E1,2.263421251E1,-1.888068266E0,1.305312456E1
1.867344375E0,9.735893768E-1,1.972444693E-1,6.418101018E-3,1.147915359E-1,2.639474345E1,2.269037869E1,-1.878882062E0,1.307187071E1
1.877390375E0,9.734872128E-1,1.976700366E-1,6.471511612E-3,1.149233713E-1,2.644597281E1,2.274027216E1,-1.881584737E0,1.308718159E1
1.887435375E0,9.734019497E-1,1.980218047E-1,6.492974894E-3,1.150381371E-1,2.648865284E1,2.278121799E1,-1.886493273E0,1.309998424E1
1.897481375E0,9.733289092E-1,1.983033984E-1,6.517662411E-3,1.151700989E-1,2.652516098E1,2.281402239E1,-1.890507035E0,1.311493776E1
1.907526375E0,9.732673327E-1,1.985128893E-1,6.570936027E-3,1.153265059E-1,2.655590076E1,2.283876361E1,-1.890934436E0,1.313343332E1
1.917572375E0,9.732036488E-1,1.987170486E-1,6.716995931E-3,1.155040705E-1,2.658765584E1,2.286402341E1,-1.881429937E0,1.315641676E1
1.927617375E0,9.731239491E-1,1.989702774E-1,6.969655751E-3,1.157239507E-1,2.662734458E1,2.289626850E1,-1.861671213E0,1.318649668E1
1.937663375E0,9.730211530E-1,1.993019626E-1,7.250743620E-3,1.159998018E-1,2.667844925E1,2.293791261E1,-1.841099723E0,1.322341859E1
1.947708375E0,9.728975784E-1,1.997053079E-1,7.486049476E-3,1.163271142E-1,2.673975687E1,2.298723171E1,-1.827814219E0,1.326501639E1
1.957753375E0,9.727719808E-1,2.001127731E-1,7.651107071E-3,1.166667335E-1,2.680192708E1,2.303612633E1,-1.822739619E0,1.330642606E1
1.967799375E0,9.726700697E-1,2.004237747E-1,7.707899949E-3,1.169777773E-1,2.685226872E1,2.307247061E1,-1.827802907E0,1.334233098E1
1.977844375E0,9.726081138E-1,2.005829739E-1,7.634743557E-3,1.172249264E-1,2.688282821E1,2.308960752E1,-1.843834097E0,1.336833999E1
1.987890375E0,9.725789482E-1,2.006058386E-1,7.459244080E-3,1.174392852E-1,2.689720223E1,2.308962808E1,-1.868666712E0,1.338856941E1
1.997935375E0,9.725651662E-1,2.005423127E-1,7.265084085E-3,1.176729895E-1,2.690399196E1,2.307932003E1,-1.894847036E0,1.341072771E1
2.007981375E0,9.725343147E-1,2.005229146E-1,7.180569118E-3,1.179658258E-1,2.691918490E1,2.307544579E1,-1.910767494E0,1.344198218E1
2.018026375E0,9.724452163E-1,2.007074968E-1,7.331433762E-3,1.183763361E-1,2.696301458E1,2.309811593E1,-1.905963335E0,1.349149504E1
2.028072375E0,9.722739736E-1,2.011854420E-1,7.747317789E-3,1.189440963E-1,2.704705725E1,2.315807644E1,-1.879329728E0,1.356427006E1
2.038117375E0,9.720231577E-1,2.019399233E-1,8.364653216E-3,1.196713402E-1,2.716969246E1,2.325260762E1,-1.837880722E0,1.365921010E1
2.048163375E0,9.717186046E-1,2.028758046E-1,9.019098943E-3,1.205109897E-1,2.731787600E1,2.336863295E1,-1.797633460E0,1.376747739E1
2.058208375E0,9.713945796E-1,2.038849055E-1,9.521152203E-3,1.213792148E-1,2.747467288E1,2.349120319E1,-1.776292589E0,1.387543865E1
2.068254375E0,9.710712712E-1,2.049302633E-1,9.693838378E-3,1.221889822E-1,2.763025317E1,2.361371847E1,-1.790992439E0,1.396915291E1
2.078299375E0,9.707507022E-1,2.060351008E-1,9.402730095E-3,1.228988194E-1,2.778367166E1,2.373704913E1,-1.855993211E0,1.404064150E1
2.088344375E0,9.704207767E-1,2.072236946E-1,8.701480293E-3,1.235560574E-1,2.794070562E1,2.386461801E1,-1.966736726E0,1.409630761E1
2.098390375E0,9.700675018E-1,2.084765412E-1,7.850419518E-3,1.242776114E-1,2.810789975E1,2.399746315E1,-2.096752060E0,1.415537974E1
2.108435375E0,9.696871265E-1,2.097168492E-1,7.218058739E-3,1.251946847E-1,2.828683695E1,2.413136348E1,-2.207141084E0,1.424149118E1
2.118481375E0,9.692963831E-1,2.107810466E-1,6.990960983E-3,1.264402505E-1,2.846950426E1,2.424951184E1,-2.278095405E0,1.437454142E1
2.128526375E0,9.689237206E-1,2.114922115E-1,6.954124637E-3,1.280995719E-1,2.864265590E1,2.432819242E1,-2.333046470E0,1.455962026E1
2.138572375E0,9.685832584E-1,2.118087027E-1,6.819918535E-3,1.301425983E-1,2.879995518E1,2.435860610E1,-2.402505926E0,1.478669621E1
2.148617375E0,9.682830464E-1,2.117769345E-1,6.399830359E-3,1.324294441E-1,2.893796372E1,2.434366490E1,-2.504468839E0,1.503546198E1
2.158663375E0,9.680162990E-1,2.115214403E-1,5.750010249E-3,1.347967062E-1,2.906005025E1,2.429885378E1,-2.630374991E0,1.528860046E1
2.168708375E0,9.677542299E-1,2.112017354E-1,5.097387373E-3,1.371849995E-1,2.917950882E1,2.424606715E1,-2.755922912E0,1.554444688E1
2.178754375E0,9.674576847E-1,2.109755754E-1,4.726347592E-3,1.396156925E-1,2.931410819E1,2.420783231E1,-2.852555442E0,1.581168399E1
2.188799375E0,9.670710295E-1,2.110466877E-1,4.891826656E-3,1.421581590E-1,2.948870510E1,2.421169850E1,-2.897107986E0,1.610350282E1
2.198844375E0,9.665260286E-1,2.116877834E-1,5.754151177E-3,1.448536607E-1,2.973310153E1,2.429213857E1,-2.877711512E0,1.642753564E1
2.208890375E0,9.657763204E-1,2.130692412E-1,7.249700486E-3,1.477325433E-1,3.006612220E1,2.446850885E1,-2.805826727E0,1.678545550E1
2.218935375E0,9.648246446E-1,2.151363334E-1,9.139164778E-3,1.508187042E-1,3.048373669E1,2.473120480E1,-2.708680382E0,1.717489526E1
2.228981375E0,9.637144123E-1,2.176916230E-1,1.112001397E-2,1.540820504E-1,3.096397800E1,2.505280671E1,-2.616559573E0,1.758610119E1
2.239026375E0,9.630063452E-1,2.204631893E-1,1.223426075E-2,1.544835412E-1,3.126649970E1,2.539274087E1,-2.553516993E0,1.765187437E1
2.249072375E0,9.623190987E-1,2.231271019E-1,1.288850627E-2,1.548879824E-1,3.155742102E1,2.571262850E1,-2.539819792E0,1.770725307E1
2.259117375E0,9.617275677E-1,2.254479497E-1,1.292741835E-2,1.551974667E-1,3.180574742E1,2.598256609E1,-2.585638663E0,1.773737597E1
2.269163375E0,9.612842250E-1,2.272234700E-1,1.239560942E-2,1.553975378E-1,3.199063258E1,2.617972746E1,-2.681764260E0,1.774187784E1
2.279208375E0,9.610213130E-1,2.283010806E-1,1.149908273E-2,1.555134416E-1,3.209978365E1,2.628975773E1,-2.803228270E0,1.772918973E1
2.289254375E0,9.609391688E-1,2.286295521E-1,1.049491299E-2,1.556094943E-1,3.213381277E1,2.631084335E1,-2.922429991E0,1.771347513E1
2.299299375E0,9.610144430E-1,2.282541290E-1,9.643694165E-3,1.557504334E-1,3.210263094E1,2.625242110E1,-3.013192983E0,1.770882558E1
2.309344375E0,9.611912491E-1,2.273049715E-1,9.076365974E-3,1.560819183E-1,3.202927405E1,2.613140704E1,-3.067255715E0,1.773480651E1
2.319390375E0,9.614080946E-1,2.259933299E-1,8.759052888E-3,1.566678017E-1,3.193908076E1,2.597165202E1,-3.093739585E0,1.779714250E1
2.329435375E0,9.616012958E-1,2.246091958E-1,8.558170471E-3,1.574817416E-1,3.185851247E1,2.580478916E1,-3.111808018E0,1.788856512E1
2.339481375E0,9.617398325E-1,2.234005401E-1,8.331620624E-3,1.583643388E-1,3.180061783E1,2.565773500E1,-3.137460562E0,1.798668787E1
2.349526375E0,9.618056237E-1,2.225559067E-1,8.039595647E-3,1.591671098E-1,3.177308761E1,2.555214217E1,-3.174785186E0,1.807310954E1
2.359572375E0,9.617837073E-1,2.221740036E-1,7.736507123E-3,1.598467699E-1,3.178226106E1,2.550050775E1,-3.218615697E0,1.814392013E1
2.369617375E0,9.616836928E-1,2.222370764E-1,7.470012600E-3,1.603722989E-1,3.182409100E1,2.550166802E1,-3.262681440E0,1.819676344E1
2.379663375E0,9.615238299E-1,2.226232152E-1,7.262766009E-3,1.608042620E-1,3.189084093E1,2.554167173E1,-3.303836679E0,1.823940472E1
2.389708375E0,9.613332418E-1,2.231784789E-1,7.136494051E-3,1.611791160E-1,3.197024254E1,2.560289681E1,-3.337780893E0,1.827698793E1
2.399754375E0,9.611351095E-1,2.237923372E-1,7.142278706E-3,1.615089151E-1,3.205258411E1,2.567334939E1,-3.357134256E0,1.831251002E1
2.409799375E0,9.609456172E-1,2.243286980E-1,7.336112062E-3,1.618835163E-1,3.213114269E1,2.573790062E1,-3.355498628E0,1.835802918E1
2.419845375E0,9.607985247E-1,2.246579176E-1,7.656691528E-3,1.622854287E-1,3.219199475E1,2.578048690E1,-3.336748684E0,1.841049795E1
2.429890375E0,9.607072347E-1,2.247415369E-1,8.007205794E-3,1.626923986E-1,3.222970513E1,2.579503655E1,-3.310232364E0,1.846510778E1
2.439935375E0,9.606690918E-1,2.246207651E-1,8.268136933E-3,1.630708352E-1,3.224544860E1,2.578437248E1,-3.288996919E0,1.851492448E1
2.449981375E0,9.606722949E-1,2.243679894E-1,8.342273240E-3,1.633961246E-1,3.224412678E1,2.575527428E1,-3.284465045E0,1.855449173E1
2.460026375E0,9.606981731E-1,2.240407718E-1,8.194622293E-3,1.636996662E-1,3.223344597E1,2.571369951E1,-3.302390612E0,1.858632444E1
2.470072375E0,9.607377490E-1,2.236821653E-1,7.872999692E-3,1.639737471E-1,3.221710496E1,2.566551038E1,-3.338119952E0,1.861062821E1
2.480117375E0,9.607804437E-1,2.233319777E-1,7.410680374E-3,1.642216970E-1,3.219946712E1,2.561589910E1,-3.388834413E0,1.862849605E1
2.490163375E0,9.608288283E-1,2.230019258E-1,6.803133552E-3,1.644134652E-1,3.217946734E1,2.556625693E1,-3.454492439E0,1.863639446E1
2.500208375E0,9.608819755E-1,2.226950019E-1,6.052972332E-3,1.645483773E-1,3.215748499E1,2.551699540E1,-3.534860183E0,1.863432117E1
2.510254375E0,9.609419926E-1,2.224188136E-1,5.155096945E-3,1.646020723E-1,3.213264354E1,2.546901968E1,-3.630035626E0,1.861937862E1
2.520299375E0,9.610028527E-1,2.221906832E-1,4.109591684E-3,1.645843707E-1,3.210743409E1,2.542435722E1,-3.740608624E0,1.859264036E1
2.530345375E0,9.610720578E-1,2.219864396E-1,2.903960009E-3,1.644817009E-1,3.207874450E1,2.538008672E1,-3.867168270E0,1.855236632E1
2.540390375E0,9.611519682E-1,2.217826174E-1,1.576144620E-3,1.643070444E-1,3.204558582E1,2.533415408E1,-4.005432859E0,1.850106502E1
2.550435375E0,9.612503811E-1,2.215457416E-1,1.672913785E-4,1.640581673E-1,3.200470362E1,2.528344986E1,-4.150190181E0,1.843964389E1
2.560481375E0,9.613763580E-1,2.212741052E-1,-1.268209208E-3,1.636813323E-1,3.195229655E1,2.522896850E1,-4.294059292E0,1.836333948E1
2.570526375E0,9.615129981E-1,2.209919952E-1,-2.611471417E-3,1.632438480E-1,3.189535875E1,2.517531173E1,-4.426093464E0,1.828256231E1
2.580572375E0,9.616469829E-1,2.207814612E-1,-3.818736283E-3,1.627150315E-1,3.183943108E1,2.513286848E1,-4.542208301E0,1.819447412E1
2.590617375E0,9.617549210E-1,2.207055758E-1,-4.865010724E-3,1.621509802E-1,3.179430610E1,2.510912610E1,-4.642205053E0,1.810570122E1
2.600663375E0,9.618304482E-1,2.207842113E-1,-5.757796879E-3,1.615657291E-1,3.176269381E1,2.510617132E1,-4.727587505E0,1.801750414E1
2.610708375E0,9.618671581E-1,2.210538879E-1,-6.581683474E-3,1.609457068E-1,3.174731761E1,2.512689996E1,-4.807987329E0,1.792609723E1
2.620754375E0,9.618767676E-1,2.215022777E-1,-7.488040914E-3,1.602305591E-1,3.174329141E1,2.516771295E1,-4.898337483E0,1.782102124E1
2.630799375E0,9.618578858E-1,2.220946095E-1,-8.569676561E-3,1.594675325E-1,3.175120206E1,2.522293416E1,-5.009411644E0,1.770554743E1
2.640845375E0,9.618326398E-1,2.227460101E-1,-9.821838357E-3,1.586374503E-1,3.176177603E1,2.528296481E1,-5.138619619E0,1.757798254E1
2.650890375E0,9.618270764E-1,2.233490577E-1,-1.117893527E-2,1.577306187E-1,3.176410573E1,2.533646679E1,-5.276511195E0,1.743931596E1
2.660935375E0,9.618515637E-1,2.238318499E-1,-1.250763574E-2,1.567939893E-1,3.175385029E1,2.537694620E1,-5.408266827E0,1.729848106E1
2.670981375E0,9.619181558E-1,2.241559591E-1,-1.363476891E-2,1.558252862E-1,3.172594482E1,2.540253430E1,-5.514024502E0,1.715963189E1
2.681026375E0,9.620217949E-1,2.243403516E-1,-1.444803450E-2,1.548443183E-1,3.168246709E1,2.541690638E1,-5.582234347E0,1.702766353E1
2.691072375E0,9.621572548E-1,2.243931827E-1,-1.479673645E-2,1.538899450E-1,3.162555235E1,2.542288193E1,-5.597373867E0,1.691058959E1
2.701117375E0,9.623203631E-1,2.242475759E-1,-1.472796333E-2,1.530867104E-1,3.155688818E1,2.541111886E1,-5.566712836E0,1.682181764E1
2.711163375E0,9.625535195E-1,2.237111518E-1,-1.464392252E-2,1.524128666E-1,3.145848206E1,2.535323331E1,-5.530984720E0,1.675027494E1
2.721208375E0,9.629193542E-1,2.225572449E-1,-1.508322965E-2,1.517469464E-1,3.130346997E1,2.521548221E1,-5.542992528E0,1.667052672E1
2.731254375E0,9.634853863E-1,2.205837082E-1,-1.657296270E-2,1.508781312E-1,3.106214378E1,2.496787112E1,-5.652692687E0,1.654756739E1
2.741299375E0,9.642490872E-1,2.178023007E-1,-1.908372422E-2,1.497388176E-1,3.073361360E1,2.461316556E1,-5.856070017E0,1.637538945E1
2.751345375E0,9.651218642E-1,2.144603717E-1,-2.196477742E-2,1.485398241E-1,3.035391335E1,2.418905216E1,-6.091075243E0,1.619285117E1
2.761390375E0,9.659857903E-1,2.109569360E-1,-2.432613890E-2,1.475702780E-1,2.997343960E1,2.375299846E1,-6.272622482E0,1.605102699E1
2.771435375E0,9.666992100E-1,2.078466566E-1,-2.543987991E-2,1.471233106E-1,2.965565470E1,2.337752015E1,-6.335122980E0,1.599511910E1
2.781481375E0,9.671167166E-1,2.057697969E-1,-2.498017369E-2,1.473777933E-1,2.946812743E1,2.314029689E1,-6.255902747E0,1.604718083E1
2.791526375E0,9.671324374E-1,2.052575968E-1,-2.316441370E-2,1.482826440E-1,2.946104349E1,2.310079070E1,-6.066252912E0,1.619278248E1
2.801572375E0,9.667294293E-1,2.064496150E-1,-2.063716223E-2,1.496228295E-1,2.964212035E1,2.326807331E1,-5.835935266E0,1.639341988E1
2.811617375E0,9.659578048E-1,2.091242013E-1,-1.808387453E-2,1.512141259E-1,2.998583834E1,2.360794658E1,-5.634467716E0,1.661569945E1
2.821663375E0,9.649251648E-1,2.128358530E-1,-1.607238458E-2,1.528461783E-1,3.043989069E1,2.406133545E1,-5.513460029E0,1.682610070E1
2.831708375E0,9.637605631E-1,2.169762330E-1,-1.506258823E-2,1.544666404E-1,3.094415994E1,2.455046529E1,-5.512599267E0,1.701094036E1
2.841754375E0,9.626059080E-1,2.209844404E-1,-1.520002911E-2,1.559636964E-1,3.143632962E1,2.500792170E1,-5.635204080E0,1.715578224E1
2.851799375E0,9.612298977E-1,2.244946618E-1,-1.582816466E-2,1.593379731E-1,3.201321691E1,2.538971068E1,-5.852626554E0,1.750457836E1
2.861845375E0,9.603745696E-1,2.272013429E-1,-1.748808668E-2,1.604820915E-1,3.236676151E1,2.567388779E1,-6.114385506E0,1.757880781E1
2.871890375E0,9.597333896E-1,2.290399781E-1,-1.932916639E-2,1.614899490E-1,3.262934371E1,2.585469195E1,-6.377403701E0,1.763759581E1
2.881936375E0,9.592982655E-1,2.300215466E-1,-2.110846936E-2,1.624539318E-1,3.280637509E1,2.593644409E1,-6.617147678E0,1.769788423E1
2.891981375E0,9.590243110E-1,2.302609723E-1,-2.254657251E-2,1.635353356E-1,3.291735914E1,2.593568905E1,-6.808832178E0,1.778462090E1
2.902026375E0,9.588620456E-1,2.300083968E-1,-2.342920128E-2,1.647139301E-1,3.298292460E1,2.588499822E1,-6.932613963E0,1.789930713E1
2.912072375E0,9.587451303E-1,2.295432958E-1,-2.362835568E-2,1.660104514E-1,3.303008735E1,2.581900142E1,-6.979852353E0,1.804547235E1
2.922117375E0,9.586368550E-1,2.291105530E-1,-2.325794810E-2,1.672806310E-1,3.307370644E1,2.576577620E1,-6.963866313E0,1.820210894E1
2.932163375E0,9.584980233E-1,2.289176363E-1,-2.246852709E-2,1.684443898E-1,3.312955363E1,2.574801230E1,-6.903175532E0,1.835496876E1
2.942208375E0,9.583086154E-1,2.290326445E-1,-2.142854306E-2,1.694981453E-1,3.320559863E1,2.577117606E1,-6.817747258E0,1.849917637E1
2.952254375E0,9.580795472E-1,2.293912932E-1,-2.028651098E-2,1.704456486E-1,3.329734121E1,2.582540369E1,-6.723015350E0,1.863213308E1
2.962299375E0,9.578132213E-1,2.299398028E-1,-1.903334820E-2,1.713450202E-1,3.340369784E1,2.590420099E1,-6.618556229E0,1.876113383E1
2.972345375E0,9.575194999E-1,2.306034365E-1,-1.757640540E-2,1.722484379E-1,3.352061458E1,2.600008050E1,-6.494144090E0,1.889494966E1
2.982390375E0,9.572267901E-1,2.312389794E-1,-1.585204085E-2,1.731879333E-1,3.363673595E1,2.609728687E1,-6.340887687E0,1.903979294E1
2.992436375E0,9.569564602E-1,2.317073889E-1,-1.383561972E-2,1.742255887E-1,3.374363420E1,2.617983219E1,-6.155021074E0,1.920427772E1
3.002481375E0,9.567208171E-1,2.319445492E-1,-1.156567475E-2,1.753662089E-1,3.383654850E1,2.623982990E1,-5.939641171E0,1.938839063E1
3.012526375E0,9.565382791E-1,2.319017702E-1,-9.104614899E-3,1.765597655E-1,3.390835353E1,2.627108706E1,-5.699258358E0,1.958509967E1
3.022572375E0,9.563980144E-1,2.315893356E-1,-6.547965995E-3,1.778379951E-1,3.396342938E1,2.627319896E1,-5.445316144E0,1.979545262E1
3.032617375E0,9.562893599E-1,2.310884625E-1,-4.032262754E-3,1.791435359E-1,3.400603380E1,2.625364089E1,-5.192834260E0,2.000894507E1
3.042663375E0,9.561776286E-1,2.305078896E-1,-1.677792282E-3,1.805205998E-1,3.404979067E1,2.622266462E1,-4.958339853E0,2.022696573E1
3.052708375E0,9.560540961E-1,2.299206892E-1,4.355033857E-4,1.819251436E-1,3.409810574E1,2.618736300E1,-4.750906765E0,2.044210994E1
3.062754375E0,9.559215865E-1,2.293754038E-1,2.254466537E-3,1.832916287E-1,3.414985820E1,2.615244587E1,-4.575632634E0,2.064537255E1
3.072799375E0,9.557776550E-1,2.288817799E-1,3.748424803E-3,1.846298333E-1,3.420598543E1,2.611812829E1,-4.436345310E0,2.083707423E1
3.082845375E0,9.556201522E-1,2.284624925E-1,4.949367641E-3,1.859318759E-1,3.426730269E1,2.608743590E1,-4.329807352E0,2.101703841E1
3.092890375E0,9.554623544E-1,2.280917688E-1,5.911790927E-3,1.871650927E-1,3.432862827E1,2.605835580E1,-4.248630105E0,2.118302073E1
3.102936375E0,9.553242392E-1,2.276941344E-1,6.635325875E-3,1.883267020E-1,3.438221746E1,2.602197844E1,-4.191141156E0,2.133502516E1
3.112981375E0,9.552147417E-1,2.272011638E-1,7.186164112E-3,1.894538773E-1,3.442464538E1,2.597141384E1,-4.149527487E0,2.147920660E1
3.123026375E0,9.551265283E-1,2.265937855E-1,7.671147897E-3,1.906037697E-1,3.445878930E1,2.590632205E1,-4.113095995E0,2.162480674E1
3.133072375E0,9.550610742E-1,2.258532549E-1,8.196287093E-3,1.917851038E-1,3.448410280E1,2.582664957E1,-4.069970967E0,2.177550358E1
3.143117375E0,9.549981490E-1,2.250288625E-1,8.815066050E-3,1.930358958E-1,3.450842135E1,2.573910994E1,-4.016316427E0,2.193673587E1
3.153163375E0,9.549122959E-1,2.242308119E-1,9.561107415E-3,1.943489808E-1,3.454157399E1,2.565726048E1,-3.950695680E0,2.210805918E1
3.163208375E0,9.547534865E-1,2.235985987E-1,1.052438417E-2,1.958029628E-1,3.460281789E1,2.559893153E1,-3.868464189E0,2.230012425E1
3.173254375E0,9.544818501E-1,2.233012737E-1,1.172761348E-2,1.973914354E-1,3.470733005E1,2.558431440E1,-3.770946614E0,2.251216758E1
3.183299375E0,9.540744587E-1,2.234811143E-1,1.308448912E-2,1.990648339E-1,3.486350469E1,2.562832376E1,-3.669857386E0,2.273603268E1
3.193345375E0,9.535501940E-1,2.241352440E-1,1.440982838E-2,2.007428264E-1,3.506349109E1,2.572693055E1,-3.583671625E0,2.295816774E1
3.203390375E0,9.529351872E-1,2.251704338E-1,1.551751078E-2,2.024152976E-1,3.529669295E1,2.586521742E1,-3.530594905E0,2.317322565E1
3.213436375E0,9.522692670E-1,2.264622242E-1,1.630138948E-2,2.040401429E-1,3.554752995E1,2.602640610E1,-3.518346429E0,2.337412419E1
3.223481375E0,9.515991743E-1,2.278672842E-1,1.667161793E-2,2.055669125E-1,3.579822142E1,2.619188698E1,-3.552009170E0,2.355317979E1
3.233526375E0,9.509590901E-1,2.292020222E-1,1.656012898E-2,2.070482478E-1,3.603611067E1,2.633853376E1,-3.635894248E0,2.371513165E1
3.243572375E0,9.503792759E-1,2.303072917E-1,1.597560488E-2,2.085248626E-1,3.625029730E1,2.644784458E1,-3.766117347E0,2.386529435E1
3.253617375E0,9.498640307E-1,2.310748279E-1,1.509707489E-2,2.100830737E-1,3.643961061E1,2.651091588E1,-3.922638310E0,2.401848521E1
3.263663375E0,9.494012161E-1,2.314657084E-1,1.416665160E-2,2.118025387E-1,3.660885321E1,2.652835680E1,-4.080063721E0,2.419025406E1
3.273708375E0,9.489774717E-1,2.314157327E-1,1.321787336E-2,2.138079701E-1,3.676314867E1,2.649294248E1,-4.236305317E0,2.439619998E1
3.283754375E0,9.486118478E-1,2.308038764E-1,1.200011393E-2,2.161504498E-1,3.689578033E1,2.638457040E1,-4.416710750E0,2.463669647E1
3.293799417E0,9.483435409E-1,2.295634736E-1,1.027611816E-2,2.187225876E-1,3.699281778E1,2.619024450E1,-4.642073210E0,2.489440095E1
3.303845417E0,9.481559453E-1,2.278245051E-1,8.135068796E-3,2.214276988E-1,3.706051907E1,2.592719962E1,-4.902861559E0,2.516068698E1
3.313890417E0,9.480070827E-1,2.258235624E-1,5.892161032E-3,2.241686770E-1,3.711415724E1,2.563043111E1,-5.167836520E0,2.543163054E1
3.323935417E0,9.478170425E-1,2.237652789E-1,4.057445496E-3,2.270584756E-1,3.718252399E1,2.533507799E1,-5.389402671E0,2.573152842E1
3.333981417E0,9.474859369E-1,2.219001334E-1,3.190463749E-3,2.302620576E-1,3.730135012E1,2.508280843E1,-5.517197739E0,2.609070268E1
3.344026417E0,9.469235715E-1,2.205259354E-1,3.696099490E-3,2.338599233E-1,3.750233783E1,2.491814069E1,-5.517196916E0,2.652536849E1
3.354072417E0,9.460561472E-1,2.199224873E-1,5.684176871E-3,2.378645904E-1,3.781033278E1,2.487750314E1,-5.386195380E0,2.703751466E1
3.364117417E0,9.448428869E-1,2.201842825E-1,8.812105234E-3,2.423079008E-1,3.823711263E1,2.496499292E1,-5.166637318E0,2.762289879E1
3.374163417E0,9.433463788E-1,2.211349995E-1,1.250417970E-2,2.470638777E-1,3.875729522E1,2.514781847E1,-4.914978886E0,2.825552402E1
3.384208417E0,9.416446998E-1,2.225864948E-1,1.623373325E-2,2.519859131E-1,3.934075530E1,2.539182829E1,-4.680798671E0,2.890779396E1
3.394254417E0,9.398342819E-1,2.244081343E-1,1.945197177E-2,2.568541691E-1,3.995251036E1,2.566760984E1,-4.514826687E0,2.954197439E1
3.404299417E0,9.380080800E-1,2.263748854E-1,2.174002935E-2,2.615773768E-1,4.056062843E1,2.593662556E1,-4.453181463E0,3.013783331E1
3.414345417E0,9.362471425E-1,2.282008343E-1,2.294068770E-2,2.661567583E-1,4.113885480E1,2.615988382E1,-4.503390124E0,3.069201028E1
3.424390417E0,9.346104329E-1,2.296110784E-1,2.322974132E-2,2.706335755E-1,4.166940287E1,2.630942306E1,-4.637966753E0,3.121416736E1
3.434435417E0,9.331227334E-1,2.303716499E-1,2.304032285E-2,2.751001299E-1,4.214610909E1,2.637007816E1,-4.804243337E0,3.172666744E1
3.444481417E0,9.317879849E-1,2.304058837E-1,2.277598835E-2,2.795808035E-1,4.256946642E1,2.634488789E1,-4.955922079E0,3.224292450E1
3.454526417E0,9.305677704E-1,2.298035315E-1,2.265895709E-2,2.841135074E-1,4.295301272E1,2.625090810E1,-5.072095229E0,3.277269708E1
3.464572417E0,9.294041170E-1,2.287941882E-1,2.274176511E-2,2.886935843E-1,4.331576508E1,2.611632320E1,-5.153841479E0,3.331577813E1
3.474617417E0,9.282449101E-1,2.276475411E-1,2.300094715E-2,2.932726708E-1,4.367427860E1,2.597165424E1,-5.211046367E0,3.386465988E1
3.484663417E0,9.270537137E-1,2.265882854E-1,2.342717823E-2,2.977922881E-1,4.403979278E1,2.584264644E1,-5.250826471E0,3.441111398E1
3.494708417E0,9.258164508E-1,2.257504060E-1,2.400326243E-2,3.021993312E-1,4.441641488E1,2.574435053E1,-5.278561771E0,3.494773582E1
3.504754417E0,9.245443325E-1,2.251791055E-1,2.476397090E-2,3.064294840E-1,4.480051154E1,2.568349527E1,-5.290889410E0,3.546743279E1
3.514799417E0,9.232332072E-1,2.248446703E-1,2.574765727E-2,3.105196038E-1,4.519314417E1,2.565800914E1,-5.284152274E0,3.597547843E1
3.524845417E0,9.214356442E-1,2.246106393E-1,2.730153782E-2,3.158497471E-1,4.572625205E1,2.565772744E1,-5.254119009E0,3.664409757E1
3.534890417E0,9.205608863E-1,2.244688152E-1,2.844679413E-2,3.183898956E-1,4.598356420E1,2.566882795E1,-5.196008002E0,3.697287683E1
3.544935417E0,9.192419428E-1,2.241885913E-1,3.012500788E-2,3.222207069E-1,4.636898088E1,2.567742347E1,-5.111376776E0,3.746841648E1
3.554981417E0,9.179789282E-1,2.237272098E-1,3.194488773E-2,3.259450975E-1,4.673523829E1,2.567261698E1,-5.002321529E0,3.795613597E1
3.565026417E0,9.163180895E-1,2.230310281E-1,3.410141553E-2,3.308402853E-1,4.721277565E1,2.564974067E1,-4.880614279E0,3.859291783E1
3.575072417E0,9.151989010E-1,2.222488880E-1,3.588087654E-2,3.342587530E-1,4.753202113E1,2.561227000E1,-4.755334660E0,3.904598107E1
3.585117417E0,9.141176236E-1,2.213990916E-1,3.758916207E-2,3.375773537E-1,4.783854584E1,2.556645391E1,-4.632068393E0,3.948618559E1
3.595163417E0,9.130560077E-1,2.205723812E-1,3.919537847E-2,3.407937694E-1,4.813770889E1,2.552110050E1,-4.517537457E0,3.991210726E1
3.605208417E0,9.119989648E-1,2.198585084E-1,4.069297190E-2,3.438956088E-1,4.843385603E1,2.548577388E1,-4.415735652E0,4.032173385E1
3.615254417E0,9.109447457E-1,2.193061424E-1,4.199593118E-2,3.468728201E-1,4.872752682E1,2.546231713E1,-4.337463660E0,4.071160957E1
3.625299417E0,9.099132437E-1,2.189340015E-1,4.299523823E-2,3.496817389E-1,4.901326960E1,2.544834762E1,-4.293785681E0,4.107378737E1
3.635345417E0,9.089277029E-1,2.187862873E-1,4.363526973E-2,3.522486295E-1,4.928482784E1,2.544641772E1,-4.290404767E0,4.139785481E1
3.645390417E0,9.080156661E-1,2.188457829E-1,4.390454068E-2,3.545227681E-1,4.953488867E1,2.545397040E1,-4.326481316E0,4.167741059E1
3.655435417E0,9.071894193E-1,2.190853508E-1,4.380471060E-2,3.564970108E-1,4.976041099E1,2.546781100E1,-4.400527374E0,4.191164034E1
3.665481417E0,9.064850822E-1,2.195005289E-1,4.337747854E-2,3.580821327E-1,4.995190534E1,2.548934284E1,-4.505590122E0,4.209071953E1
3.675526417E0,9.059062796E-1,2.200441758E-1,4.267009110E-2,3.592959198E-1,5.010875677E1,2.551516660E1,-4.635226213E0,4.221799217E1
3.685572417E0,9.054548447E-1,2.206181421E-1,4.171568625E-2,3.601930997E-1,5.023077435E1,2.553562708E1,-4.783273121E0,4.230117020E1
3.695617417E0,9.051198615E-1,2.211594130E-1,4.061843520E-2,3.608278313E-1,5.032113754E1,2.554783709E1,-4.937662556E0,4.234949016E1
3.705663417E0,9.048802567E-1,2.216120807E-1,3.952867574E-2,3.612718483E-1,5.038567905E1,2.555147106E1,-5.082322041E0,4.237540939E1
3.715708417E0,9.047274954E-1,2.219977771E-1,3.856474571E-2,3.615216316E-1,5.042678750E1,2.555378597E1,-5.205767400E0,4.238119740E1
3.725754417E0,9.046350253E-1,2.224071705E-1,3.777729506E-2,3.615845147E-1,5.045165625E1,2.556684377E1,-5.306793515E0,4.236850928E1
3.735799417E0,9.045951333E-1,2.229651421E-1,3.709414733E-2,3.614113965E-1,5.046238119E1,2.560181893E1,-5.396869404E0,4.232912861E1
3.745845417E0,9.046314849E-1,2.237514969E-1,3.632928740E-2,3.609118510E-1,5.045260816E1,2.566061095E1,-5.496209457E0,4.224737792E1
3.755890417E0,9.047668395E-1,2.247871082E-1,3.530210548E-2,3.600300757E-1,5.041620290E1,2.573878869E1,-5.622855412E0,4.211215569E1
3.765935417E0,9.050126189E-1,2.260125173E-1,3.404563417E-2,3.587638369E-1,5.035003467E1,2.583144535E1,-5.770657285E0,4.192421066E1
3.775981417E0,9.053758615E-1,2.273039810E-1,3.264176479E-2,3.571581052E-1,5.025209411E1,2.592823251E1,-5.926972262E0,4.169148510E1
3.786026417E0,9.058531324E-1,2.285401270E-1,3.110854674E-2,3.552912527E-1,5.012313626E1,2.601622552E1,-6.086919707E0,4.142450642E1
3.796072417E0,9.064823006E-1,2.295826293E-1,2.947105738E-2,3.531473268E-1,4.995266026E1,2.608133640E1,-6.241707346E0,4.112274492E1
3.806117417E0,9.072630920E-1,2.302715301E-1,2.784696018E-2,3.508181444E-1,4.974034108E1,2.610985411E1,-6.375144986E0,4.080102393E1
3.816163417E0,9.082272433E-1,2.304757210E-1,2.621858508E-2,3.483054336E-1,4.947698429E1,2.608637558E1,-6.484073444E0,4.046002982E1
3.826208417E0,9.093767986E-1,2.300853253E-1,2.435511486E-2,3.456897580E-1,4.916125742E1,2.598929883E1,-6.590954877E0,4.010493520E1
3.836254417E0,9.107621234E-1,2.289769791E-1,2.196752750E-2,3.429276643E-1,4.877823061E1,2.579444708E1,-6.720766459E0,3.972495657E1
3.846299417E0,9.124267553E-1,2.270830788E-1,1.896105582E-2,3.399282417E-1,4.831420938E1,2.549185925E1,-6.879564875E0,3.930821139E1
3.856344417E0,9.143181794E-1,2.244726822E-1,1.562406855E-2,3.367347328E-1,4.778183138E1,2.510013728E1,-7.042454494E0,3.886694302E1
3.866390417E0,9.163711524E-1,2.212277226E-1,1.249577140E-2,3.334157528E-1,4.719758908E1,2.464766037E1,-7.158816789E0,3.842124883E1
3.876435417E0,9.184815083E-1,2.174672121E-1,1.010522323E-2,3.301480444E-1,4.658982248E1,2.416488519E1,-7.182478330E0,3.800252630E1
3.886481417E0,9.204582377E-1,2.135006669E-1,8.888275125E-3,3.272541154E-1,4.601366931E1,2.369857578E1,-7.086945209E0,3.765533712E1
3.896526417E0,9.221222163E-1,2.098646266E-1,9.110315260E-3,3.249066834E-1,4.552333140E1,2.331595864E1,-6.867355472E0,3.740093866E1
3.906572417E0,9.233138974E-1,2.072774950E-1,1.068170782E-2,3.231306784E-1,4.516907395E1,2.309363998E1,-6.559231739E0,3.723538956E1
3.916617417E0,9.239806395E-1,2.062252252E-1,1.307338343E-2,3.218074571E-1,4.496971465E1,2.306820614E1,-6.232919115E0,3.713162684E1
3.926663417E0,9.241797201E-1,2.068100232E-1,1.565054731E-2,3.207436917E-1,4.491002589E1,2.323024002E1,-5.954472805E0,3.705447839E1
3.936708417E0,9.239697656E-1,2.089236666E-1,1.797878137E-2,3.198554679E-1,4.497297272E1,2.355315824E1,-5.763762638E0,3.698654968E1
3.946754417E0,9.234769003E-1,2.122273368E-1,1.968624503E-2,3.190019942E-1,4.512041235E1,2.398721761E1,-5.684024663E0,3.690502515E1
3.956799417E0,9.228414944E-1,2.162185591E-1,2.058675460E-2,3.181028334E-1,4.530982160E1,2.447061489E1,-5.713997988E0,3.679800345E1
3.966844417E0,9.221719917E-1,2.203374020E-1,2.069456623E-2,3.172098681E-1,4.550858667E1,2.494132401E1,-5.832378398E0,3.667358190E1
3.976890417E0,9.215915243E-1,2.240592848E-1,2.019605331E-2,3.163206750E-1,4.568025559E1,2.534730366E1,-5.999751236E0,3.653746018E1
3.986935417E0,9.211559155E-1,2.269921049E-1,1.944190921E-2,3.155445618E-1,4.580868363E1,2.565592110E1,-6.167428831E0,3.641242366E1
3.996981417E0,9.208848691E-1,2.289276673E-1,1.879089845E-2,3.149762959E-1,4.588842302E1,2.585510648E1,-6.292550047E0,3.631937807E1
4.007026417E0,9.208060756E-1,2.298528960E-1,1.853062059E-2,3.145481471E-1,4.591157878E1,2.595315591E1,-6.342605082E0,3.625743626E1
4.017072417E0,9.208689376E-1,2.299413095E-1,1.885303345E-2,3.142801142E-1,4.589310585E1,2.597574182E1,-6.304340903E0,3.623270262E1
4.027117417E0,9.210181375E-1,2.294800123E-1,1.974500827E-2,3.141252667E-1,4.584923308E1,2.595504245E1,-6.188505992E0,3.623774101E1
4.037163417E0,9.212378701E-1,2.287245089E-1,2.097377857E-2,3.139523171E-1,4.578454747E1,2.591283712E1,-6.025639838E0,3.625009144E1
4.047208417E0,9.215234571E-1,2.278780316E-1,2.225415768E-2,3.136412734E-1,4.570034595E1,2.586304579E1,-5.850230359E0,3.624772190E1
4.057254417E0,9.218467656E-1,2.271223808E-1,2.338219701E-2,3.131567953E-1,4.560484523E1,2.581929879E1,-5.689663171E0,3.622072186E1
4.067299417E0,9.222023164E-1,2.265634820E-1,2.428636281E-2,3.124451036E-1,4.549960152E1,2.579125076E1,-5.553975390E0,3.616055822E1
4.077344417E0,9.225560338E-1,2.262195953E-1,2.509078810E-2,3.115853712E-1,4.539467127E1,2.578468029E1,-5.432793783E0,3.607951233E1
4.087390417E0,9.228785626E-1,2.260498699E-1,2.597064571E-2,3.106802887E-1,4.529879251E1,2.580038933E1,-5.308768618E0,3.599414580E1
4.097435417E0,9.231744335E-1,2.259403830E-1,2.704287207E-2,3.097879556E-1,4.521066900E1,2.582922349E1,-5.166865696E0,3.591470817E1
4.107481417E0,9.234325829E-1,2.257897923E-1,2.836107798E-2,3.090095454E-1,4.513364744E1,2.586111074E1,-5.000435525E0,3.585496927E1
4.117526417E0,9.236625993E-1,2.254731008E-1,2.989317914E-2,3.084083839E-1,4.506491456E1,2.588065523E1,-4.810080688E0,3.582221114E1
4.127572417E0,9.238988956E-1,2.248920222E-1,3.157370043E-2,3.079571386E-1,4.499420151E1,2.587482278E1,-4.598474980E0,3.581198897E1
4.137617417E0,9.241176589E-1,2.240417939E-1,3.333508045E-2,3.077344136E-1,4.492864128E1,2.584057615E1,-4.374752483E0,3.583182831E1
4.147663417E0,9.243122930E-1,2.230079949E-1,3.511034786E-2,3.077035621E-1,4.487023585E1,2.578559661E1,-4.148104746E0,3.587531381E1
4.157708417E0,9.245067375E-1,2.218720320E-1,3.683718854E-2,3.077387337E-1,4.481181525E1,2.571751081E1,-3.924665310E0,3.592567560E1
4.167753417E0,9.247130042E-1,2.206935534E-1,3.836641318E-2,3.077796161E-1,4.474976362E1,2.563809255E1,-3.720773365E0,3.597188399E1
4.177799417E0,9.249347598E-1,2.195221871E-1,3.954433330E-2,3.078018907E-1,4.468296123E1,2.554757296E1,-3.553862195E0,3.600710492E1
4.187844417E0,9.251816771E-1,2.183782163E-1,4.033079349E-2,3.077713553E-1,4.460846739E1,2.544682156E1,-3.428017127E0,3.602625829E1
4.197890417E0,9.254384779E-1,2.172948315E-1,4.077748687E-2,3.077075028E-1,4.453086631E1,2.534120107E1,-3.339506549E0,3.603285712E1
4.207935417E0,9.257116737E-1,2.162455331E-1,4.095657936E-2,3.076009556E-1,4.444816974E1,2.523023124E1,-3.279492763E0,3.602768997E1
4.217981417E0,9.260072917E-1,2.151926363E-1,4.092666037E-2,3.074536102E-1,4.435852112E1,2.511171368E1,-3.240470549E0,3.601258184E1
4.228026417E0,9.263291040E-1,2.141293451E-1,4.076872559E-2,3.072475332E-1,4.426073288E1,2.498776723E1,-3.213164666E0,3.598744654E1
4.238072417E0,9.266470809E-1,2.130388217E-1,4.063429295E-2,3.070643419E-1,4.416390812E1,2.486154272E1,-3.183039830E0,3.596563947E1
4.248117417E0,9.269342063E-1,2.119289424E-1,4.062877698E-2,3.069663716E-1,4.407630413E1,2.473741620E1,-3.140791918E0,3.595701116E1
4.258163417E0,9.271672152E-1,2.108288833E-1,4.082390108E-2,3.069944203E-1,4.400508969E1,2.462105072E1,-3.080869954E0,3.596797200E1
4.268208417E0,9.270967456E-1,2.097461782E-1,4.147270440E-2,3.078608752E-1,4.402663882E1,2.452010136E1,-2.994888478E0,3.608860147E1
4.278253417E0,9.271892369E-1,2.088102547E-1,4.225831112E-2,3.081113750E-1,4.399835353E1,2.444237085E1,-2.883809759E0,3.613926175E1
4.288299417E0,9.271923136E-1,2.080871096E-1,4.324051181E-2,3.084551669E-1,4.399741232E1,2.439524455E1,-2.761955377E0,3.620501123E1
4.298344500E0,9.271054490E-1,2.076853027E-1,4.426708260E-2,3.088411899E-1,4.402397794E1,2.438564586E1,-2.648182238E0,3.627601817E1
4.308390500E0,9.269243018E-1,2.076417439E-1,4.521903240E-2,3.092756396E-1,4.407932882E1,2.441344233E1,-2.556688562E0,3.635019107E1
4.318435500E0,9.266918198E-1,2.079300863E-1,4.596569016E-2,3.096683639E-1,4.415026884E1,2.447122118E1,-2.498124287E0,3.641387044E1
4.328481500E0,9.264547227E-1,2.084853657E-1,4.643609641E-2,3.099343737E-1,4.422250574E1,2.454932782E1,-2.475471107E0,3.645543123E1
4.338526500E0,9.262263500E-1,2.091796244E-1,4.662013589E-2,3.101214425E-1,4.429197876E1,2.463294506E1,-2.486304219E0,3.648048459E1
4.348572500E0,9.259999371E-1,2.098439536E-1,4.653460940E-2,3.103615110E-1,4.436075356E1,2.470347424E1,-2.526008357E0,3.650532764E1
4.358617500E0,9.257810896E-1,2.103356282E-1,4.629054753E-2,3.107178415E-1,4.442713423E1,2.474876616E1,-2.579194685E0,3.654041359E1
4.368662500E0,9.255823672E-1,2.104803605E-1,4.605644286E-2,3.112461523E-1,4.448732910E1,2.475521102E1,-2.623019780E0,3.659683214E1
4.378708500E0,9.254324298E-1,2.101461465E-1,4.591161575E-2,3.119385196E-1,4.453269542E1,2.471092687E1,-2.643944389E0,3.667592184E1
4.388753500E0,9.253275263E-1,2.092928045E-1,4.567280644E-2,3.128571102E-1,4.456440984E1,2.460473830E1,-2.661364618E0,3.678073796E1
4.398799500E0,9.252669402E-1,2.079640988E-1,4.508271368E-2,3.140055907E-1,4.458271647E1,2.443229027E1,-2.704028910E0,3.690555696E1
4.408844500E0,9.252809540E-1,2.062951047E-1,4.406608955E-2,3.152072606E-1,4.457848270E1,2.420636623E1,-2.780188447E0,3.702766723E1
4.418890500E0,9.253391799E-1,2.044777642E-1,4.282483325E-2,3.163895008E-1,4.456088778E1,2.395580227E1,-2.873685214E0,3.714311126E1
4.428935500E0,9.253890185E-1,2.026977552E-1,4.172326215E-2,3.175342724E-1,4.454582211E1,2.371450116E1,-2.952409818E0,3.725787933E1
4.438981500E0,9.253298022E-1,2.011829659E-1,4.117915687E-2,3.187388715E-1,4.456372201E1,2.352272721E1,-2.983080682E0,3.739230368E1
4.449026500E0,9.250728750E-1,2.002113757E-1,4.154966981E-2,3.200455924E-1,4.464130702E1,2.342441011E1,-2.939450744E0,3.755845017E1
4.459072500E0,9.245163891E-1,2.000731129E-1,4.303745357E-2,3.215398456E-1,4.480891354E1,2.345933717E1,-2.813510714E0,3.777029474E1
4.469117500E0,9.236155213E-1,2.009314440E-1,4.554016504E-2,3.232443696E-1,4.507899037E1,2.364248494E1,-2.623729131E0,3.802852829E1
4.479162500E0,9.224054642E-1,2.027329215E-1,4.859687050E-2,3.251244773E-1,4.543936579E1,2.395162447E1,-2.417156837E0,3.831973056E1
4.489208500E0,9.209716074E-1,2.053217232E-1,5.168474355E-2,3.270825566E-1,4.586291969E1,2.435045794E1,-2.241635832E0,3.862123013E1
4.499253500E0,9.194541733E-1,2.085105801E-1,5.427731737E-2,3.289091800E-1,4.630716841E1,2.479855201E1,-2.140556921E0,3.889585746E1
4.509299500E0,9.179457797E-1,2.120624215E-1,5.600017517E-2,3.305586812E-1,4.674481442E1,2.525480547E1,-2.142668251E0,3.912853188E1
4.519344500E0,9.165327013E-1,2.156597077E-1,5.670869531E-2,3.320284893E-1,4.715132548E1,2.567781870E1,-2.249986853E0,3.931459284E1
4.529390500E0,9.152639968E-1,2.188894417E-1,5.654596632E-2,3.334393972E-1,4.751350809E1,2.602659785E1,-2.433725591E0,3.947178555E1
4.539435500E0,9.141769242E-1,2.213945398E-1,5.582235235E-2,3.348864039E-1,4.782178302E1,2.627301633E1,-2.649213792E0,3.961977667E1
4.549481500E0,9.132870778E-1,2.229985119E-1,5.489502685E-2,3.364000236E-1,4.807274254E1,2.641104237E1,-2.852420771E0,3.977207789E1
4.559526500E0,9.125659242E-1,2.237615015E-1,5.404220118E-2,3.379846819E-1,4.827522583E1,2.645804714E1,-3.016398938E0,3.993671807E1
4.569571500E0,9.119304129E-1,2.238753244E-1,5.343502841E-2,3.397166856E-1,4.845300315E1,2.644179430E1,-3.132792938E0,4.012704917E1
4.579617500E0,9.113570051E-1,2.236462720E-1,5.312531756E-2,3.414505648E-1,4.861288332E1,2.639887864E1,-3.204276714E0,4.032639264E1
4.589662500E0,9.107629874E-1,2.233439316E-1,5.315161720E-2,3.432246942E-1,4.877799084E1,2.636077584E1,-3.238778764E0,4.053956939E1
4.599708500E0,9.101145792E-1,2.231463525E-1,5.346781866E-2,3.450194124E-1,4.895761935E1,2.634564181E1,-3.247886784E0,4.076253233E1
4.609753500E0,9.094342869E-1,2.230857980E-1,5.399748864E-2,3.467653456E-1,4.914541826E1,2.635437968E1,-3.239080540E0,4.098493079E1
4.619799500E0,9.087160203E-1,2.231005388E-1,5.470520798E-2,3.485234593E-1,4.934297249E1,2.637866325E1,-3.215324293E0,4.121332467E1
4.629844500E0,9.079887343E-1,2.230939797E-1,5.559229905E-2,3.502784540E-1,4.954225482E1,2.640802752E1,-3.172120392E0,4.144620668E1
4.639890500E0,9.072745981E-1,2.229918895E-1,5.664718198E-2,3.520204676E-1,4.973720590E1,2.643397247E1,-3.107316340E0,4.168231855E1
4.649935500E0,9.065865719E-1,2.227395932E-1,5.778395097E-2,3.537639352E-1,4.992435486E1,2.644707569E1,-3.027896125E0,4.192132460E1
4.659981500E0,9.059740306E-1,2.223251264E-1,5.885965972E-2,3.554128674E-1,5.009042046E1,2.644053414E1,-2.945370521E0,4.214800586E1
4.670026500E0,9.054004120E-1,2.217685825E-1,5.981942249E-2,3.570581961E-1,5.024546814E1,2.641401286E1,-2.868710120E0,4.237172964E1
4.680071500E0,9.048684767E-1,2.211553037E-1,6.059949743E-2,3.586518949E-1,5.038885020E1,2.637434461E1,-2.806689715E0,4.258483348E1
4.690117500E0,9.043783299E-1,2.205442587E-1,6.114890268E-2,3.601678959E-1,5.052063146E1,2.632583808E1,-2.766308643E0,4.278269415E1
4.700162500E0,9.038987830E-1,2.200003168E-1,6.151121279E-2,3.616396639E-1,5.064925272E1,2.627720335E1,-2.746772364E0,4.297031810E1
4.710208500E0,9.034367693E-1,2.195928200E-1,6.169756508E-2,3.630073291E-1,5.077288345E1,2.623655754E1,-2.748266519E0,4.314064016E1
4.720253500E0,9.027224645E-1,2.193235806E-1,6.188693614E-2,3.649101750E-1,5.096347378E1,2.620979080E1,-2.770376754E0,4.337531343E1
4.730299500E0,9.020094873E-1,2.192237769E-1,6.193905072E-2,3.667195603E-1,5.115304890E1,2.619603093E1,-2.811375479E0,4.359497533E1
4.740344500E0,9.013164456E-1,2.192340238E-1,6.185057922E-2,3.684284254E-1,5.133669737E1,2.618855433E1,-2.868864062E0,4.379880843E1
4.750390500E0,9.006703344E-1,2.192852797E-1,6.157600830E-2,3.700208176E-1,5.150735985E1,2.617782500E1,-2.944056365E0,4.398384531E1
4.760435500E0,9.001020053E-1,2.192832672E-1,6.105409334E-2,3.714884762E-1,5.165704277E1,2.615085933E1,-3.038822146E0,4.414772444E1
4.770480500E0,8.996426257E-1,2.191491928E-1,6.024890414E-2,3.728095060E-1,5.177773667E1,2.609752719E1,-3.152677472E0,4.428712271E1
4.780526500E0,8.993057038E-1,2.188558823E-1,5.920183945E-2,3.739606207E-1,5.186609072E1,2.601671288E1,-3.279444638E0,4.440044945E1
4.790571500E0,8.990949695E-1,2.183783796E-1,5.802343464E-2,3.749299139E-1,5.192128230E1,2.591053815E1,-3.406293245E0,4.448924540E1
4.800617500E0,8.989993383E-1,2.177574880E-1,5.683702719E-2,3.757013277E-1,5.194631024E1,2.578891036E1,-3.521934776E0,4.455462154E1
4.810662500E0,8.989773377E-1,2.171044964E-1,5.577803494E-2,3.762902034E-1,5.195206652E1,2.566984616E1,-3.617894121E0,4.460147709E1
4.820708500E0,8.989819106E-1,2.165745366E-1,5.492302817E-2,3.767099650E-1,5.195087010E1,2.557358773E1,-3.693664019E0,4.463276802E1
4.830753500E0,8.989724908E-1,2.162925321E-1,5.431118237E-2,3.769830555E-1,5.195333458E1,2.551541191E1,-3.751469474E0,4.465167404E1
4.840799500E0,8.989241905E-1,2.162973368E-1,5.394916201E-2,3.771475968E-1,5.196596955E1,2.549971617E1,-3.793438270E0,4.466274631E1
4.850844500E0,8.988382320E-1,2.165410351E-1,5.381215841E-2,3.772322066E-1,5.198844853E1,2.552009612E1,-3.820772895E0,4.466892190E1
4.860889500E0,8.987394398E-1,2.169450022E-1,5.385239811E-2,3.772297621E-1,5.201427249E1,2.556594644E1,-3.834670650E0,4.466838797E1
4.870935500E0,8.986743229E-1,2.173775921E-1,5.403570003E-2,3.771094328E-1,5.203128730E1,2.562154188E1,-3.831892110E0,4.465697460E1
4.880980500E0,8.987008544E-1,2.176903481E-1,5.422491304E-2,3.768387025E-1,5.202435535E1,2.566488903E1,-3.818975025E0,4.462783803E1
4.891026500E0,8.988770493E-1,2.176835888E-1,5.420870230E-2,3.764243779E-1,5.197829856E1,2.566503940E1,-3.808900566E0,4.457718547E1
4.901071500E0,8.992493956E-1,2.171700874E-1,5.372197469E-2,3.759012302E-1,5.188084326E1,2.559003416E1,-3.821602383E0,4.450328236E1
4.911117500E0,8.998102437E-1,2.160851696E-1,5.267480990E-2,3.753321213E-1,5.173372836E1,2.542880193E1,-3.865397144E0,4.441190610E1
4.921162500E0,9.005094810E-1,2.144940207E-1,5.132442487E-2,3.747544355E-1,5.154976549E1,2.519947480E1,-3.918010900E0,4.431399675E1
4.931208500E0,9.012986807E-1,2.125678833E-1,4.986853048E-2,3.741508505E-1,5.134139682E1,2.492936336E1,-3.966432596E0,4.421193689E1
4.941253500E0,9.021312496E-1,2.105461201E-1,4.819211851E-2,3.735065938E-1,5.112071970E1,2.463984295E1,-4.032912598E0,4.410061240E1
4.951299500E0,9.029963558E-1,2.085580216E-1,4.620446259E-2,3.727818366E-1,5.089047305E1,2.434146395E1,-4.131646874E0,4.397292222E1
4.961344500E0,9.038969075E-1,2.066503973E-1,4.394890551E-2,3.719333783E-1,5.064975516E1,2.404152344E1,-4.259267985E0,4.382479249E1
4.971389500E0,9.048272570E-1,2.048171780E-1,4.154868463E-2,3.709598704E-1,5.039994494E1,2.374472510E1,-4.402879860E0,4.365911359E1
4.981435500E0,9.057460583E-1,2.029773047E-1,3.923686150E-2,3.699793662E-1,5.015209449E1,2.345152041E1,-4.537845090E0,4.349574596E1
4.991480500E0,9.065763302E-1,2.011019017E-1,3.728117924E-2,3.691713479E-1,4.992713572E1,2.316895925E1,-4.639474780E0,4.336222999E1
5.001526500E0,9.072252652E-1,1.993225882E-1,3.594638855E-2,3.686742258E-1,4.975064680E1,2.292149469E1,-4.689005261E0,4.328009857E1
5.011571500E0,9.076252809E-1,1.978921821E-1,3.545000931E-2,3.685082936E-1,4.964156307E1,2.274542494E1,-4.674743357E0,4.325487569E1
5.021617500E0,9.077470432E-1,1.970282244E-1,3.599735990E-2,3.686184233E-1,4.960831409E1,2.267321124E1,-4.583017376E0,4.328294321E1
5.031662500E0,9.075743254E-1,1.969262396E-1,3.754024012E-2,3.689441342E-1,4.965547105E1,2.272464504E1,-4.425826295E0,4.335533457E1
5.041708500E0,9.070813126E-1,1.977920675E-1,3.978773662E-2,3.694574617E-1,4.978984770E1,2.291052802E1,-4.242048183E0,4.346250796E1
5.051753500E0,9.062835360E-1,1.997289523E-1,4.228661800E-2,3.700952489E-1,5.000657518E1,2.322374305E1,-4.082347850E0,4.358765431E1
5.061798500E0,9.052710844E-1,2.026360206E-1,4.446905557E-2,3.707362182E-1,5.028036330E1,2.363004265E1,-3.998819689E0,4.370438433E1
5.071844500E0,9.041718735E-1,2.063331317E-1,4.589647450E-2,3.712052494E-1,5.057604343E1,2.409193399E1,-4.024744059E0,4.378173077E1
5.081889500E0,9.031041885E-1,2.104721576E-1,4.639781653E-2,3.714181121E-1,5.086170537E1,2.456452992E1,-4.160016975E0,4.380555688E1
5.091935500E0,9.021855979E-1,2.145421998E-1,4.602984820E-2,3.713678309E-1,5.110628346E1,2.499462761E1,-4.375530729E0,4.377693441E1
5.101980500E0,9.014927037E-1,2.180387287E-1,4.504723131E-2,3.711343373E-1,5.129004903E1,2.533759231E1,-4.624423673E0,4.371276875E1
5.112026500E0,9.010504358E-1,2.206340631E-1,4.384874879E-2,3.708178777E-1,5.140702460E1,2.557375232E1,-4.853612623E0,4.363603180E1
5.122071500E0,9.008396805E-1,2.222132002E-1,4.286780196E-2,3.705017131E-1,5.146268014E1,2.570788587E1,-5.015584691E0,4.356807343E1
5.132117500E0,9.008186281E-1,2.228321266E-1,4.244119156E-2,3.702302663E-1,5.146823649E1,2.575954521E1,-5.079318698E0,4.352250010E1
5.142162500E0,9.009470706E-1,2.226836749E-1,4.269526330E-2,3.699777435E-1,5.143432793E1,2.575505714E1,-5.039566644E0,4.349858922E1
5.152207500E0,9.011972333E-1,2.220030138E-1,4.356217129E-2,3.696762460E-1,5.136822563E1,2.571775987E1,-4.911808484E0,4.348553960E1
5.162253500E0,9.015578417E-1,2.209514816E-1,4.482060243E-2,3.692763567E-1,5.127279966E1,2.565649069E1,-4.724667653E0,4.347137798E1
5.172298500E0,9.020238173E-1,2.196524419E-1,4.619283006E-2,3.687438734E-1,5.114924513E1,2.557343250E1,-4.511369558E0,4.344475001E1
5.182344500E0,9.025673430E-1,2.182295169E-1,4.754208239E-2,3.680865512E-1,5.100477534E1,2.547638253E1,-4.291732581E0,4.340277698E1
5.192389500E0,9.031383696E-1,2.168135935E-1,4.890015922E-2,3.673439869E-1,5.085258335E1,2.538079517E1,-4.069307486E0,4.335053372E1
5.202435500E0,9.037010089E-1,2.155102760E-1,5.032536544E-2,3.665341142E-1,5.070220975E1,2.530055797E1,-3.843163426E0,4.329129130E1
5.212480500E0,9.042236509E-1,2.143707306E-1,5.182659404E-2,3.657032944E-1,5.056215194E1,2.524142460E1,-3.615843956E0,4.323079535E1
5.222526500E0,9.046681105E-1,2.133959899E-1,5.340462473E-2,3.649460209E-1,5.044275968E1,2.520319613E1,-3.389825856E0,4.318058334E1
5.232571500E0,9.050123871E-1,2.125489699E-1,5.502733635E-2,3.643454073E-1,5.035009712E1,2.518025426E1,-3.169020175E0,4.315010566E1
5.242616500E0,9.052472925E-1,2.117987824E-1,5.663299957E-2,3.639524511E-1,5.028678036E1,2.516656920E1,-2.959820099E0,4.314411595E1
5.252662500E0,9.053804344E-1,2.111628707E-1,5.819704804E-2,3.637439507E-1,5.025085997E1,2.516320220E1,-2.764877911E0,4.315918879E1
5.262707500E0,9.054295144E-1,2.106568926E-1,5.964747388E-2,3.636801193E-1,5.023761261E1,2.516902082E1,-2.591241539E0,4.318871712E1
5.272753500E0,9.054039734E-1,2.103145074E-1,6.088029554E-2,3.637375233E-1,5.024450688E1,2.518340467E1,-2.450487243E0,4.322720321E1
5.282798500E0,9.053021888E-1,2.101672305E-1,6.187883341E-2,3.639074172E-1,5.027197279E1,2.520909197E1,-2.345469983E0,4.327308914E1
5.292844500E0,9.051374578E-1,2.102216315E-1,6.268260542E-2,3.641480968E-1,5.031639463E1,2.524853112E1,-2.271276160E0,4.332230918E1
5.302889250E0,9.049319077E-1,2.104556677E-1,6.337384008E-2,3.644041389E-1,5.037177255E1,2.530288521E1,-2.216972366E0,4.337028834E1
5.312935250E0,9.047037668E-1,2.108159653E-1,6.399849325E-2,3.646531003E-1,5.043317014E1,2.536829007E1,-2.174899093E0,4.341557353E1
5.322980250E0,9.044726124E-1,2.112171295E-1,6.455878292E-2,3.648955501E-1,5.049530756E1,2.543548435E1,-2.141130473E0,4.345843134E1
5.333026250E0,9.042627632E-1,2.115541884E-1,6.507907523E-2,3.651279056E-1,5.055165604E1,2.549402255E1,-2.108473916E0,4.349921801E1
5.343071250E0,9.040869476E-1,2.117373217E-1,6.557391611E-2,3.653683745E-1,5.059882072E1,2.553465895E1,-2.071991884E0,4.354063590E1
5.353116250E0,9.039579783E-1,2.117253468E-1,6.601030984E-2,3.656160294E-1,5.063339223E1,2.555148933E1,-2.033239078E0,4.358177648E1
5.363162250E0,9.038778571E-1,2.115543675E-1,6.640116918E-2,3.658421472E-1,5.065485839E1,2.554906392E1,-1.991653727E0,4.361941467E1
5.373207250E0,9.038296411E-1,2.113243669E-1,6.679878782E-2,3.660218614E-1,5.066777239E1,2.554060330E1,-1.945521290E0,4.365173282E1
5.383253250E0,9.037939638E-1,2.110897723E-1,6.720026289E-2,3.661716723E-1,5.067732610E1,2.553189334E1,-1.897972194E0,4.368055125E1
5.393298250E0,9.037516695E-1,2.108576959E-1,6.759068495E-2,3.663378784E-1,5.068864955E1,2.552298490E1,-1.852118311E0,4.371106199E1
5.403344250E0,9.036952348E-1,2.106099726E-1,6.794594601E-2,3.665537125E-1,5.070375508E1,2.551079558E1,-1.810554555E0,4.374667250E1
5.413389250E0,9.036365875E-1,2.103476822E-1,6.813239313E-2,3.668143275E-1,5.071944843E1,2.548970327E1,-1.786957769E0,4.378333177E1
5.423435250E0,9.035996247E-1,2.100716836E-1,6.804738294E-2,3.670793047E-1,5.072933691E1,2.545543228E1,-1.790827980E0,4.381350133E1
5.433480250E0,9.035956629E-1,2.097689954E-1,6.770918609E-2,3.673245151E-1,5.073039669E1,2.540737553E1,-1.819053255E0,4.383478813E1
5.443525250E0,9.036329418E-1,2.094136870E-1,6.716921120E-2,3.675346382E-1,5.072042383E1,2.534494561E1,-1.864787932E0,4.384676019E1
5.453571250E0,9.037097755E-1,2.089542652E-1,6.649266999E-2,3.677302417E-1,5.069986347E1,2.526530202E1,-1.919621802E0,4.385371173E1
5.463616250E0,9.038083359E-1,2.083621494E-1,6.573792003E-2,3.679596681E-1,5.067347773E1,2.516775416E1,-1.977599773E0,4.386307531E1
5.473662250E0,9.038986355E-1,2.076132842E-1,6.494048058E-2,3.683024695E-1,5.064929223E1,2.505104651E1,-2.036133092E0,4.388545581E1
5.483707250E0,9.039626987E-1,2.066354984E-1,6.417983533E-2,3.688280407E-1,5.063212725E1,2.491057674E1,-2.085658985E0,4.393142068E1
5.493753250E0,9.040078380E-1,2.053893531E-1,6.341875808E-2,3.695444107E-1,5.062002945E1,2.474042639E1,-2.128389756E0,4.400111856E1
5.503798250E0,9.040728284E-1,2.038178130E-1,6.241266012E-2,3.704257856E-1,5.060260658E1,2.452390969E1,-2.186225033E0,4.408556206E1
5.513844250E0,9.041976885E-1,2.018749170E-1,6.103349934E-2,3.714133495E-1,5.056911792E1,2.425063237E1,-2.268667979E0,4.417487538E1
5.523889250E0,9.043693947E-1,1.996016530E-1,5.949980713E-2,3.724715725E-1,5.052303079E1,2.393459614E1,-2.353930094E0,4.427038798E1
5.533934250E0,9.045404688E-1,1.971203416E-1,5.822494926E-2,3.735772951E-1,5.047707425E1,2.360707225E1,-2.404018162E0,4.437902609E1
5.543980250E0,9.045911925E-1,1.947050216E-1,5.770301322E-2,3.748002491E-1,5.046344054E1,2.331918666E1,-2.381652382E0,4.451996700E1
5.554025250E0,9.043742416E-1,1.927550608E-1,5.829957552E-2,3.762366769E-1,5.052172928E1,2.313022702E1,-2.269149533E0,4.471205512E1
5.564071250E0,9.037868621E-1,1.916397551E-1,6.008777674E-2,3.779323500E-1,5.067922761E1,2.308390904E1,-2.076890492E0,4.496180253E1
5.574116250E0,9.027955893E-1,1.916130445E-1,6.287365182E-2,3.798572598E-1,5.094399326E1,2.320007994E1,-1.836478073E0,4.526149290E1
5.584162250E0,9.014289566E-1,1.927516838E-1,6.634362293E-2,3.819308637E-1,5.130692486E1,2.347402631E1,-1.583141078E0,4.559531473E1
5.594207250E0,8.997647251E-1,1.949422820E-1,7.016219589E-2,3.840550859E-1,5.174568277E1,2.387911206E1,-1.345326072E0,4.594492020E1
5.604253250E0,8.979266800E-1,1.979425002E-1,7.396538525E-2,3.861031910E-1,5.222627432E1,2.437298294E1,-1.147222744E0,4.628708221E1
5.614298250E0,8.960489114E-1,2.014666036E-1,7.737266820E-2,3.879705071E-1,5.271304279E1,2.490722662E1,-1.012286344E0,4.659965172E1
5.624343250E0,8.942402637E-1,2.052244535E-1,8.003098057E-2,3.896310508E-1,5.317797957E1,2.543364955E1,-9.620292290E-1,4.686954935E1
5.634389250E0,8.925824385E-1,2.088570799E-1,8.170403133E-2,3.911519830E-1,5.360085902E1,2.590172462E1,-1.004707479E0,4.709742494E1
5.644434250E0,8.911338935E-1,2.119749351E-1,8.234934173E-2,3.926393875E-1,5.396784192E1,2.626663639E1,-1.128274851E0,4.729394953E1
5.654480250E0,8.899318864E-1,2.142263987E-1,8.217455875E-2,3.941771363E-1,5.427062198E1,2.649954489E1,-1.296529448E0,4.747463746E1
5.664525250E0,8.889837298E-1,2.154461812E-1,8.151693093E-2,3.957851439E-1,5.450836130E1,2.659810330E1,-1.467295877E0,4.765144260E1
5.674571250E0,8.882560434E-1,2.157133185E-1,8.073633969E-2,3.974301144E-1,5.469017280E1,2.658771200E1,-1.606374681E0,4.783053397E1
5.684616250E0,8.876841950E-1,2.152742642E-1,8.004297135E-2,3.990825237E-1,5.483265789E1,2.650498950E1,-1.703002937E0,4.801407716E1
5.694662250E0,8.871953758E-1,2.144514998E-1,7.952455984E-2,4.007127638E-1,5.495418469E1,2.638905605E1,-1.762653966E0,4.820052450E1
5.704707250E0,8.867400424E-1,2.135659787E-1,7.928180980E-2,4.022386272E-1,5.506716400E1,2.627954028E1,-1.788162752E0,4.838205240E1
5.714752250E0,8.862904409E-1,2.128350470E-1,7.935303797E-2,4.036009609E-1,5.517851181E1,2.620188679E1,-1.784546748E0,4.855202399E1
5.724798250E0,8.864024672E-1,2.125060750E-1,7.944181504E-2,4.035107666E-1,5.515078687E1,2.617092308E1,-1.757086427E0,4.854379442E1
5.734843250E0,8.864729999E-1,2.124864135E-1,7.982410803E-2,4.032906969E-1,5.513332442E1,2.618739231E1,-1.711321530E0,4.852717062E1
5.744889250E0,8.865075182E-1,2.126644681E-1,8.046838056E-2,4.029925922E-1,5.512477656E1,2.623770064E1,-1.646492591E0,4.850787002E1
5.754934250E0,8.865221432E-1,2.129168434E-1,8.133268598E-2,4.026534365E-1,5.512115456E1,2.630653414E1,-1.561901251E0,4.848954718E1
5.764980250E0,8.865412778E-1,2.131502369E-1,8.238300125E-2,4.022741992E-1,5.511641537E1,2.638224847E1,-1.456490630E0,4.847159780E1
5.775025250E0,8.865572304E-1,2.132778575E-1,8.353666587E-2,4.019332944E-1,5.511246402E1,2.645146767E1,-1.336652644E0,4.846151497E1
5.785071250E0,8.866187648E-1,2.132885576E-1,8.461339667E-2,4.015666168E-1,5.509721989E1,2.650449139E1,-1.218170163E0,4.844646440E1
5.795116250E0,8.867188846E-1,2.132621052E-1,8.550697835E-2,4.011700360E-1,5.507240855E1,2.654480051E1,-1.115471920E0,4.842283772E1
5.805162250E0,8.868290565E-1,2.132916659E-1,8.612523574E-2,4.007782389E-1,5.504509424E1,2.657794833E1,-1.043333210E0,4.839215361E1
5.815207250E0,8.869177124E-1,2.134611858E-1,8.648803054E-2,4.004136898E-1,5.502310519E1,2.661388947E1,-1.004448163E0,4.835759364E1
5.825252250E0,8.869644111E-1,2.138103882E-1,8.664581254E-2,4.000895805E-1,5.501151939E1,2.665930661E1,-9.960291698E-1,4.832211247E1
5.835298250E0,8.869898889E-1,2.142892871E-1,8.664932653E-2,3.997762398E-1,5.500519749E1,2.671130965E1,-1.009682834E0,4.828352613E1
5.845343250E0,8.870039449E-1,2.148104645E-1,8.653088335E-2,3.994908424E-1,5.500170944E1,2.676203495E1,-1.038437260E0,4.824488192E1
5.855389250E0,8.870847193E-1,2.153058954E-1,8.627775465E-2,3.990994457E-1,5.498166096E1,2.680372146E1,-1.076397278E0,4.818949237E1
5.865434250E0,8.872586172E-1,2.156844584E-1,8.582967043E-2,3.986045574E-1,5.493847603E1,2.682371955E1,-1.125326322E0,4.811604279E1
5.875480250E0,8.875588292E-1,2.158210669E-1,8.512625006E-2,3.980126892E-1,5.486384913E1,2.680574111E1,-1.185530646E0,4.802378788E1
5.885525250E0,8.880187145E-1,2.156302523E-1,8.418375697E-2,3.972899761E-1,5.474934858E1,2.674145636E1,-1.250406164E0,4.790922196E1
5.895571250E0,8.886408652E-1,2.152253897E-1,8.305038606E-2,3.963561073E-1,5.459409521E1,2.664555800E1,-1.318369688E0,4.776392720E1
5.905616250E0,8.893947670E-1,2.148415636E-1,8.177533326E-2,3.951365672E-1,5.440541632E1,2.654592408E1,-1.393708815E0,4.758006176E1
5.915661250E0,8.902480299E-1,2.146768063E-1,8.046530911E-2,3.935703481E-1,5.419113846E1,2.646916334E1,-1.473390710E0,4.735301068E1
5.925707250E0,8.911696761E-1,2.148215069E-1,7.922051248E-2,3.916534462E-1,5.395880435E1,2.642986180E1,-1.551377111E0,4.708497307E1
5.935752250E0,8.921659855E-1,2.152568523E-1,7.812759201E-2,3.893590982E-1,5.370660336E1,2.643014080E1,-1.617036670E0,4.677509857E1
5.945798250E0,8.932423528E-1,2.158399487E-1,7.722531755E-2,3.867395662E-1,5.343289904E1,2.645623752E1,-1.660999376E0,4.643104106E1
5.955843250E0,8.944200200E-1,2.163658570E-1,7.652860907E-2,3.838514956E-1,5.313193978E1,2.648640293E1,-1.673691637E0,4.606046573E1
5.965889250E0,8.957195970E-1,2.166653683E-1,7.602137701E-2,3.807402784E-1,5.279798026E1,2.650121024E1,-1.650277347E0,4.566878863E1
5.975934250E0,8.971466893E-1,2.166442844E-1,7.563972676E-2,3.774541730E-1,5.242897887E1,2.648715543E1,-1.594559300E0,4.526034061E1
5.985979250E0,8.987008333E-1,2.162724491E-1,7.528098859E-2,3.740263487E-1,5.202436086E1,2.643604848E1,-1.516969227E0,4.483642147E1
5.996025250E0,9.003727145E-1,2.155508265E-1,7.485413058E-2,3.704909868E-1,5.158579556E1,2.634375035E1,-1.428305014E0,4.439869707E1
6.006070250E0,9.020993444E-1,2.145259574E-1,7.433404374E-2,3.669737058E-1,5.112919271E1,2.621399749E1,-1.337255181E0,4.396156993E1
6.016116250E0,9.038571630E-1,2.132952431E-1,7.370818938E-2,3.634756438E-1,5.066040141E1,2.605690733E1,-1.249829029E0,4.352469592E1
6.026161250E0,9.055933814E-1,2.119811413E-1,7.302699621E-2,3.600441106E-1,5.019335901E1,2.588803922E1,-1.167745572E0,4.309497212E1
6.036207250E0,9.072256024E-1,2.107298066E-1,7.243036015E-2,3.567751589E-1,4.975055495E1,2.572928395E1,-1.085531550E0,4.268749589E1
6.046252250E0,9.086752643E-1,2.096676323E-1,7.197292987E-2,3.537919418E-1,4.935415991E1,2.559665249E1,-1.006016343E0,4.231828499E1
6.056298250E0,9.099555591E-1,2.088618267E-1,7.137634123E-2,3.510884322E-1,4.900157830E1,2.548591534E1,-9.602847238E-1,4.197908274E1
6.066343250E0,9.110906159E-1,2.082397076E-1,7.028327325E-2,3.487268178E-1,4.868699135E1,2.537449491E1,-9.837412188E-1,4.166797967E1
6.076388250E0,9.121242884E-1,2.076915825E-1,6.849161599E-2,3.467020200E-1,4.839883366E1,2.524254021E1,-1.092607892E0,4.137932422E1
6.086434250E0,9.130479577E-1,2.071815372E-1,6.616389296E-2,3.450241750E-1,4.813997071E1,2.509330649E1,-1.268842153E0,4.111894244E1
6.096479250E0,9.138456711E-1,2.067877118E-1,6.375931515E-2,3.435980521E-1,4.791534942E1,2.495442539E1,-1.465290818E0,4.088739619E1
6.106525250E0,9.145540121E-1,2.065964757E-1,6.166891049E-2,3.422074379E-1,4.771505990E1,2.485140031E1,-1.638802650E0,4.066854256E1
6.116570250E0,9.151390104E-1,2.066861010E-1,6.038151393E-2,3.408158333E-1,4.754904784E1,2.481214784E1,-1.740273566E0,4.046979938E1
6.126616250E0,9.155105770E-1,2.072274720E-1,6.001144880E-2,3.395521864E-1,4.744331979E1,2.485933736E1,-1.767674734E0,4.030881743E1
6.136661250E0,9.155896866E-1,2.084636022E-1,6.052462356E-2,3.384897065E-1,4.742078074E1,2.501795604E1,-1.735991095E0,4.019311695E1
6.146707250E0,9.154472513E-1,2.104845119E-1,6.158907383E-2,3.374307038E-1,4.746135458E1,2.528506650E1,-1.678134062E0,4.009098784E1
6.156752250E0,9.151919047E-1,2.132063080E-1,6.280547929E-2,3.361881514E-1,4.753401047E1,2.563602906E1,-1.627231908E0,3.997052411E1
6.166798250E0,9.149046950E-1,2.164705709E-1,6.387665198E-2,3.346783038E-1,4.761560781E1,2.604190889E1,-1.605288788E0,3.981446533E1
6.176843250E0,9.146871961E-1,2.200482851E-1,6.455509507E-2,3.328042231E-1,4.767731250E1,2.646803872E1,-1.625731452E0,3.960495457E1
6.186888250E0,9.146254510E-1,2.236159316E-1,6.462145528E-2,3.305758771E-1,4.769481598E1,2.687032359E1,-1.698221099E0,3.933736481E1
6.196934250E0,9.147974523E-1,2.268029867E-1,6.401241752E-2,3.280370774E-1,4.764604209E1,2.720554525E1,-1.815593692E0,3.901526614E1
6.206979250E0,9.152683169E-1,2.292960149E-1,6.278878914E-2,3.252151773E-1,4.751227924E1,2.744159148E1,-1.960121983E0,3.864389298E1
6.217025250E0,9.160742911E-1,2.308997552E-1,6.110345257E-2,3.221174261E-1,4.728249155E1,2.756283531E1,-2.109136644E0,3.822882951E1
6.227070250E0,9.171960927E-1,2.315406033E-1,5.918311044E-2,3.188065172E-1,4.696089604E1,2.756958560E1,-2.239016887E0,3.778430164E1
6.237116250E0,9.185684151E-1,2.312901825E-1,5.731681111E-2,3.153594739E-1,4.656463351E1,2.748023611E1,-2.325717154E0,3.732760793E1
6.247161250E0,9.200779677E-1,2.303841149E-1,5.578276592E-2,3.118779546E-1,4.612503411E1,2.733063497E1,-2.352908862E0,3.687798816E1
6.257207250E0,9.215970455E-1,2.292047565E-1,5.475424057E-2,3.084250108E-1,4.567862560E1,2.716908434E1,-2.318950144E0,3.644661462E1
6.267252250E0,9.230355596E-1,2.281321297E-1,5.427872929E-2,3.049832570E-1,4.525205206E1,2.703928595E1,-2.232267694E0,3.603169012E1
6.277297250E0,9.243198162E-1,2.274503623E-1,5.430176255E-2,3.015801097E-1,4.486797685E1,2.697062911E1,-2.109225766E0,3.563429669E1
6.287343250E0,9.254170041E-1,2.272795675E-1,5.467897157E-2,2.982573997E-1,4.453736028E1,2.697113725E1,-1.969868907E0,3.525531120E1
6.297388625E0,9.263315274E-1,2.276038927E-1,5.524586249E-2,2.950494134E-1,4.425999570E1,2.703315300E1,-1.831302800E0,3.489453820E1
6.307434625E0,9.270922148E-1,2.283072867E-1,5.591833126E-2,2.919742740E-1,4.402802396E1,2.714073044E1,-1.698312776E0,3.455217050E1
6.317479625E0,9.277414870E-1,2.292480571E-1,5.669205257E-2,2.890107183E-1,4.382910565E1,2.727785967E1,-1.565466935E0,3.422591921E1
6.327525625E0,9.283010918E-1,2.303086193E-1,5.759209852E-2,2.861785555E-1,4.365696759E1,2.743212476E1,-1.426420356E0,3.391901693E1
6.337570625E0,9.287862653E-1,2.314010656E-1,5.858408782E-2,2.835093323E-1,4.350720091E1,2.759240706E1,-1.282646281E0,3.363434790E1
6.347616625E0,9.292071226E-1,2.324734290E-1,5.962079493E-2,2.810261454E-1,4.337688934E1,2.775124735E1,-1.138088692E0,3.337332482E1
6.357661625E0,9.295747696E-1,2.335334485E-1,6.062780431E-2,2.787064250E-1,4.326274782E1,2.790712086E1,-1.000342924E0,3.313115878E1
6.367706625E0,9.299029039E-1,2.345905547E-1,6.156953349E-2,2.765089094E-1,4.316063093E1,2.806003361E1,-8.723837743E-1,3.290195449E1
6.377752625E0,9.302200168E-1,2.356323932E-1,6.241541021E-2,2.743584086E-1,4.306172486E1,2.820770933E1,-7.549125852E-1,3.267604225E1
6.387797625E0,9.303741478E-1,2.366034513E-1,6.328553716E-2,2.727964042E-1,4.301357387E1,2.834750543E1,-6.492143840E-1,3.251953229E1
6.397843625E0,9.306889215E-1,2.375399648E-1,6.385600529E-2,2.707681925E-1,4.291507776E1,2.847366360E1,-5.601542624E-1,3.230079984E1
6.407888625E0,9.310244526E-1,2.383536993E-1,6.420023441E-2,2.688111879E-1,4.280984873E1,2.857830724E1,-4.927673057E-1,3.208413117E1
6.417934625E0,9.313999810E-1,2.389674101E-1,6.426365488E-2,2.669436610E-1,4.269178264E1,2.865098077E1,-4.509990336E-1,3.186993850E1
6.427979625E0,9.318419329E-1,2.392854239E-1,6.402329667E-2,2.651682672E-1,4.255243306E1,2.868018169E1,-4.344561376E-1,3.165778143E1
6.438024625E0,9.323500131E-1,2.392207021E-1,6.352126975E-2,2.635565295E-1,4.239169320E1,2.865743684E1,-4.382163013E-1,3.145712167E1
6.448070625E0,9.329543146E-1,2.387398066E-1,6.280384610E-2,2.620217099E-1,4.219975178E1,2.858053910E1,-4.540042643E-1,3.125932602E1
6.458115625E0,9.336475460E-1,2.378548545E-1,6.192467864E-2,2.605621645E-1,4.197853266E1,2.845263830E1,-4.767237445E-1,3.106582384E1
6.468161625E0,9.344364296E-1,2.365468903E-1,6.094887373E-2,2.591509405E-1,4.172542765E1,2.827369357E1,-4.983078062E-1,3.087548797E1
6.478206625E0,9.353024420E-1,2.348416130E-1,6.000665459E-2,2.577942546E-1,4.144587680E1,2.805071792E1,-5.060942403E-1,3.069282449E1
6.488252625E0,9.361912558E-1,2.328167045E-1,5.934954835E-2,2.565541046E-1,4.115707861E1,2.780027359E1,-4.775719218E-1,3.053204563E1
6.498297625E0,9.370538754E-1,2.306462893E-1,5.907601530E-2,2.554259599E-1,4.087492568E1,2.754510703E1,-4.074498542E-1,3.039509256E1
6.508343625E0,9.378236665E-1,2.285289265E-1,5.919401594E-2,2.544746002E-1,4.062155234E1,2.730794826E1,-3.026672955E-1,3.028932387E1
6.518388625E0,9.384795768E-1,2.266609518E-1,5.965694112E-2,2.536179866E-1,4.040446197E1,2.710969507E1,-1.717126578E-1,3.020375910E1
6.528433625E0,9.390044315E-1,2.251868974E-1,6.032063808E-2,2.528297984E-1,4.022993952E1,2.696234179E1,-3.353079784E-2,3.013131604E1
6.538479625E0,9.394131927E-1,2.241573289E-1,6.096466826E-2,2.520705439E-1,4.009351567E1,2.686488301E1,8.795522426E-2,3.006146399E1
6.548524625E0,9.397258170E-1,2.235281660E-1,6.141514959E-2,2.513534785E-1,3.998887635E1,2.680698256E1,1.751900870E-1,2.999107447E1
6.558570625E0,9.399884761E-1,2.231977874E-1,6.162484069E-2,2.506130427E-1,3.990075756E1,2.677565488E1,2.280794548E-1,2.991136894E1
6.568615625E0,9.402080401E-1,2.230736544E-1,6.163066750E-2,2.498973260E-1,3.982695314E1,2.676154226E1,2.521182129E-1,2.982893445E1
6.578661625E0,9.403986914E-1,2.231007180E-1,6.160299282E-2,2.491616317E-1,3.976276087E1,2.676360014E1,2.685159255E-1,2.974332350E1
6.588706625E0,9.405467954E-1,2.231995576E-1,6.174234611E-2,2.484787684E-1,3.971282555E1,2.677889466E1,2.992245107E-1,2.966845057E1
6.598752625E0,9.406716976E-1,2.231960120E-1,6.214061802E-2,2.479087955E-1,3.967066617E1,2.679037191E1,3.577189142E-1,2.961373488E1
6.608797625E0,9.408305280E-1,2.228438540E-1,6.271396268E-2,2.474783708E-1,3.961699249E1,2.676746877E1,4.416604882E-1,2.957984135E1
6.618842625E0,9.410910377E-1,2.219330237E-1,6.317451709E-2,2.471890327E-1,3.952880681E1,2.667758094E1,5.263908799E-1,2.955880657E1
6.628888625E0,9.415150561E-1,2.203991787E-1,6.321826025E-2,2.469352033E-1,3.938486613E1,2.650418024E1,5.840406432E-1,2.952995583E1
6.638933625E0,9.420800346E-1,2.183686437E-1,6.284404365E-2,2.466800885E-1,3.919228525E1,2.626167467E1,6.115778808E-1,2.948917716E1
6.648979625E0,9.427536255E-1,2.160510833E-1,6.222948992E-2,2.463027899E-1,3.896148744E1,2.597930826E1,6.248907781E-1,2.942766857E1
6.659024625E0,9.434213369E-1,2.137105529E-1,6.178257528E-2,2.459002664E-1,3.873139984E1,2.569951292E1,6.572563499E-1,2.936783281E1
6.669070625E0,9.439834495E-1,2.117035305E-1,6.188801615E-2,2.454522033E-1,3.853667679E1,2.547430227E1,7.400717711E-1,2.931759949E1
6.679115625E0,9.443269041E-1,2.104388037E-1,6.274526725E-2,2.450006841E-1,3.841723244E1,2.535604600E1,8.817473066E-1,2.928719057E1
6.689161625E0,9.443870266E-1,2.102766858E-1,6.424059529E-2,2.445201889E-1,3.839628668E1,2.538221843E1,1.060157299E0,2.927117617E1
6.699206625E0,9.441742272E-1,2.113490650E-1,6.601239084E-2,2.439446737E-1,3.847037346E1,2.555691732E1,1.234214386E0,2.925315145E1
6.709251625E0,9.437453408E-1,2.135681966E-1,6.761960296E-2,2.432305375E-1,3.861927599E1,2.585691253E1,1.360258305E0,2.921680773E1
6.719297625E0,9.431806995E-1,2.166709897E-1,6.863765482E-2,2.423898343E-1,3.881447255E1,2.623960493E1,1.400318306E0,2.915171687E1
6.729342625E0,9.425749439E-1,2.202632288E-1,6.877064920E-2,2.414689467E-1,3.902283835E1,2.665149974E1,1.333365744E0,2.905388367E1
6.739388625E0,9.420250540E-1,2.239815713E-1,6.795496017E-2,2.404227355E-1,3.921106605E1,2.704964325E1,1.164904934E0,2.891488026E1
6.749433625E0,9.416128578E-1,2.274298789E-1,6.634585671E-2,2.392467542E-1,3.935159381E1,2.739405426E1,9.236767843E-1,2.873741484E1
6.759479625E0,9.413839161E-1,2.302272970E-1,6.424027918E-2,2.380437988E-1,3.942943783E1,2.765059385E1,6.498151330E-1,2.854127156E1
6.769524625E0,9.413595974E-1,2.321547303E-1,6.191963683E-2,2.368799979E-1,3.943769794E1,2.780263707E1,3.776773049E-1,2.834233898E1
6.779570625E0,9.415328420E-1,2.331563765E-1,5.968005340E-2,2.357801126E-1,3.937881733E1,2.785223517E1,1.394687874E-1,2.815252826E1
6.789615625E0,9.418651910E-1,2.332798193E-1,5.780505074E-2,2.347957519E-1,3.926562460E1,2.781259916E1,-3.764853657E-2,2.798636941E1
6.799660625E0,9.422815176E-1,2.327428580E-1,5.648913130E-2,2.339770072E-1,3.912338667E1,2.771373676E1,-1.406971470E-1,2.785533385E1
6.809706625E0,9.427173581E-1,2.319380955E-1,5.578269743E-2,2.331885662E-1,3.897394747E1,2.760167844E1,-1.716578130E-1,2.774518699E1
6.819751625E0,9.430834878E-1,2.313092329E-1,5.557528226E-2,2.323810747E-1,3.884798348E1,2.752391341E1,-1.535250387E-1,2.764690234E1
6.829797625E0,9.433304683E-1,2.311987818E-1,5.561583279E-2,2.314768562E-1,3.876278957E1,2.751251150E1,-1.206715987E-1,2.754441008E1
6.839842625E0,9.434553495E-1,2.317572961E-1,5.564621540E-2,2.303996249E-1,3.871964424E1,2.757748814E1,-1.027972183E-1,2.742177069E1
6.849888625E0,9.434631888E-1,2.329675375E-1,5.548848609E-2,2.291818339E-1,3.871693429E1,2.771200231E1,-1.192421666E-1,2.727773947E1
6.859933625E0,9.433822247E-1,2.347243657E-1,5.506531066E-2,2.278205328E-1,3.874491382E1,2.790207322E1,-1.750268217E-1,2.710973482E1
6.869979625E0,9.432483663E-1,2.368963087E-1,5.439065552E-2,2.262836901E-1,3.879112996E1,2.813330371E1,-2.637762565E-1,2.691435516E1
6.880024625E0,9.430712652E-1,2.392874575E-1,5.358376464E-2,2.246927309E-1,3.885219490E1,2.838669686E1,-3.704591660E-1,2.670877139E1
6.890069625E0,9.428938270E-1,2.417218700E-1,5.271632981E-2,2.230310492E-1,3.891328370E1,2.864412192E1,-4.819296882E-1,2.649312046E1
6.900115625E0,9.427300865E-1,2.440357109E-1,5.180245970E-2,2.214118094E-1,3.896957495E1,2.888708616E1,-5.955030623E-1,2.628077490E1
6.910160625E0,9.426173437E-1,2.461063118E-1,5.082059618E-2,2.198212295E-1,3.900828865E1,2.910085288E1,-7.099147844E-1,2.606961606E1
6.920206625E0,9.425783157E-1,2.478644044E-1,4.984110342E-2,2.182322933E-1,3.902168150E1,2.927924931E1,-8.151028253E-1,2.585873826E1
6.930251625E0,9.426186081E-1,2.492836995E-1,4.890044898E-2,2.166485834E-1,3.900785468E1,2.942006613E1,-9.067420926E-1,2.564973067E1
6.940297625E0,9.427364507E-1,2.503600562E-1,4.803695488E-2,2.150823222E-1,3.896738851E1,2.952367437E1,-9.811618517E-1,2.544522021E1
6.950342625E0,9.429417901E-1,2.511263597E-1,4.728260005E-2,2.134498062E-1,3.889677996E1,2.959462712E1,-1.033457987E0,2.523669175E1
6.960388625E0,9.432407377E-1,2.516011229E-1,4.654505128E-2,2.117246935E-1,3.879376222E1,2.963263909E1,-1.073439880E0,2.501847672E1
6.970433625E0,9.436386882E-1,2.518297801E-1,4.573388249E-2,2.098481472E-1,3.865621841E1,2.964073141E1,-1.110433288E0,2.478123062E1
6.980478625E0,9.441375805E-1,2.518524340E-1,4.480018229E-2,2.077679052E-1,3.848311826E1,2.962243049E1,-1.149352145E0,2.451758693E1
6.990524625E0,9.447152873E-1,2.517216945E-1,4.375348638E-2,2.055111522E-1,3.828173114E1,2.958413407E1,-1.191497526E0,2.423091957E1
7.000569625E0,9.453703337E-1,2.514729543E-1,4.262537329E-2,2.030254997E-1,3.805214287E1,2.953086424E1,-1.232946642E0,2.391623864E1
7.010615625E0,9.460963974E-1,2.511082366E-1,4.150043176E-2,2.003095989E-1,3.779609471E1,2.946494091E1,-1.264732992E0,2.357592915E1
7.020660625E0,9.468763670E-1,2.506535353E-1,4.050618760E-2,1.973756725E-1,3.751916134E1,2.939232536E1,-1.274197961E0,2.321510635E1
7.030706625E0,9.476857129E-1,2.501422203E-1,3.970452293E-2,1.942785113E-1,3.722969890E1,2.931808928E1,-1.257152973E0,2.284173211E1
7.040751625E0,9.485108218E-1,2.496311897E-1,3.906134095E-2,1.910122570E-1,3.693234688E1,2.924785935E1,-1.218488013E0,2.245406450E1
7.050797625E0,9.493123284E-1,2.491623166E-1,3.851911121E-2,1.877245078E-1,3.664127135E1,2.918488122E1,-1.169740916E0,2.206707023E1
7.060842625E0,9.501058271E-1,2.487678958E-1,3.796735628E-2,1.843147013E-1,3.635088749E1,2.913051329E1,-1.120613480E0,2.166614435E1
7.070887625E0,9.508936360E-1,2.484513203E-1,3.735503633E-2,1.807701513E-1,3.606035135E1,2.908408609E1,-1.076297647E0,2.124840727E1
7.080933625E0,9.517584472E-1,2.482440421E-1,3.656604732E-2,1.766172959E-1,3.573878922E1,2.904736773E1,-1.036210210E0,2.075707889E1
7.090978625E0,9.525505551E-1,2.480963174E-1,3.574721835E-2,1.726782515E-1,3.544178476E1,2.901699741E1,-1.007289414E0,2.028930775E1
7.101024625E0,9.533555599E-1,2.479894646E-1,3.473835977E-2,1.685454158E-1,3.513745571E1,2.898805573E1,-9.946449867E-1,1.979452076E1
7.111069625E0,9.541785614E-1,2.478495371E-1,3.354261153E-2,1.642828943E-1,3.482366119E1,2.895220509E1,-9.983490865E-1,1.928016210E1
7.121115625E0,9.550459857E-1,2.475335200E-1,3.215416790E-2,1.599391979E-1,3.448993556E1,2.889287034E1,-1.017810340E0,1.875171235E1
7.131160625E0,9.559705611E-1,2.469162689E-1,3.068533970E-2,1.555991262E-1,3.413073973E1,2.879767590E1,-1.041198885E0,1.822210610E1
7.141205625E0,9.569346703E-1,2.459696296E-1,2.935347821E-2,1.513715022E-1,3.375223641E1,2.866714983E1,-1.047818458E0,1.770981631E1
7.151251625E0,9.578971357E-1,2.448375968E-1,2.838851558E-2,1.472469274E-1,3.337022237E1,2.852183627E1,-1.015140214E0,1.722005698E1
7.161296625E0,9.588260522E-1,2.436660936E-1,2.773843205E-2,1.432133897E-1,3.299745104E1,2.837740721E1,-9.511439892E-1,1.674968460E1
7.171342625E0,9.597213777E-1,2.425452087E-1,2.692859089E-2,1.392179949E-1,3.263424330E1,2.823629352E1,-9.079140602E-1,1.627924245E1
7.181387625E0,9.605778438E-1,2.415077535E-1,2.556713178E-2,1.353161661E-1,3.228308082E1,2.809633211E1,-9.306026359E-1,1.580407412E1
7.191433625E0,9.613834808E-1,2.405594810E-1,2.372353380E-2,1.315680047E-1,3.194933092E1,2.796004078E1,-1.013330683E0,1.533307474E1
7.201478625E0,9.621251389E-1,2.397232875E-1,2.176286240E-2,1.279622996E-1,3.163905516E1,2.783622392E1,-1.115842372E0,1.487518939E1
7.211524625E0,9.628015116E-1,2.389658981E-1,2.006688376E-2,1.245231168E-1,3.135348401E1,2.772655749E1,-1.196004750E0,1.444360942E1
7.221569625E0,9.634255378E-1,2.382699061E-1,1.887176772E-2,1.211717680E-1,3.108774640E1,2.763194657E1,-1.225082017E0,1.403582485E1
7.231614625E0,9.639901791E-1,2.377322282E-1,1.829303881E-2,1.177780616E-1,3.084537364E1,2.756480311E1,-1.187864563E0,1.364009113E1
7.241660625E0,9.644632775E-1,2.375108098E-1,1.830239541E-2,1.142990500E-1,3.064085576E1,2.754261294E1,-1.088143394E0,1.325055625E1
7.251705625E0,9.648392274E-1,2.377166760E-1,1.862764264E-2,1.105853226E-1,3.047737962E1,2.757444019E1,-9.529065438E-1,1.284304590E1
7.261751625E0,9.651138563E-1,2.383765376E-1,1.891157542E-2,1.066508300E-1,3.035741825E1,2.765862836E1,-8.217908438E-1,1.240958096E1
7.271796625E0,9.653121572E-1,2.394012224E-1,1.886037753E-2,1.024879436E-1,3.027050929E1,2.778124710E1,-7.253366456E-1,1.194148911E1
7.281842625E0,9.654906491E-1,2.405972656E-1,1.827674905E-2,9.801367632E-2,3.019207308E1,2.791781360E1,-6.802076621E-1,1.142419101E1
7.291887625E0,9.657031114E-1,2.417168756E-1,1.712337947E-2,9.325879532E-2,3.009844873E1,2.803956802E1,-6.882676424E-1,1.086013831E1
7.301933792E0,9.660092661E-1,2.425115228E-1,1.540232344E-2,8.818793938E-2,2.996303498E1,2.811827838E1,-7.457604985E-1,1.024550132E1
7.311978792E0,9.664667280E-1,2.427336683E-1,1.321377458E-2,8.275226033E-2,2.975957552E1,2.812686416E1,-8.383916456E-1,9.577833925E0
7.322023792E0,9.671118276E-1,2.421750961E-1,1.067661859E-2,7.701894023E-2,2.947033014E1,2.804277437E1,-9.542004800E-1,8.868340723E0
7.332069792E0,9.679618874E-1,2.407086492E-1,7.890596001E-3,7.104154774E-2,2.908489209E1,2.785259098E1,-1.084389518E0,8.126262219E0
7.342114792E0,9.690064970E-1,2.383169736E-1,5.024094003E-3,6.485535975E-2,2.860428383E1,2.755609413E1,-1.213357851E0,7.360615962E0
7.352160792E0,9.701880418E-1,2.351239178E-1,2.383815215E-3,5.870428010E-2,2.805096164E1,2.716981495E1,-1.316776513E0,6.607071328E0
7.362205792E0,9.714237874E-1,2.314192836E-1,2.524385492E-4,5.273367324E-2,2.746057514E1,2.672877912E1,-1.370458256E0,5.888891138E0
7.372251792E0,9.726108534E-1,2.276361825E-1,-1.113519738E-3,4.699634919E-2,2.688147766E1,2.628401868E1,-1.350138521E0,5.217491871E0
7.382296792E0,9.736550837E-1,2.242184418E-1,-1.667213423E-3,4.146213081E-2,2.636174353E1,2.588643048E1,-1.251423873E0,4.589202198E0
7.392342792E0,9.744779588E-1,2.215593129E-1,-1.581992496E-3,3.608014684E-2,2.594498088E1,2.558017628E1,-1.092755130E0,3.992751369E0
7.402387792E0,9.750367838E-1,2.198975575E-1,-1.144666259E-3,3.077482799E-2,2.565815988E1,2.539138223E1,-9.034086683E-1,3.412098440E0
7.412432792E0,9.753327390E-1,2.192495075E-1,-6.386511955E-4,2.560104946E-2,2.550497448E1,2.532060736E1,-7.146017374E-1,2.846645438E0
7.422478792E0,9.753988253E-1,2.194918941E-1,-2.295317370E-4,2.050490542E-2,2.547064472E1,2.535299954E1,-5.414010929E-1,2.286819975E0
7.432523792E0,9.752742392E-1,2.204543384E-1,-3.156798953E-5,1.549406660E-2,2.553532545E1,2.546858260E1,-3.949454165E-1,1.731095926E0
7.442569792E0,9.749950585E-1,2.219787689E-1,-9.792820252E-5,1.049578754E-2,2.567968452E1,2.564916458E1,-2.779224628E-1,1.170258640E0
7.452614792E0,9.746084033E-1,2.238483714E-1,-3.757496912E-4,5.501385989E-3,2.587830889E1,2.586976937E1,-1.830815381E-1,6.047811322E-1
7.462660792E0,9.741696546E-1,2.258157547E-1,-6.588395359E-4,6.141217297E-4,2.610189408E1,2.610167576E1,-8.943873038E-2,5.150695937E-2
7.472705792E0,9.737387873E-1,2.276284907E-1,-9.056936277E-4,-4.141855097E-3,2.631964629E1,2.631519270E1,6.978077025E-3,-4.857877046E-1
7.482751792E0,9.733578641E-1,2.291171490E-1,-1.083058103E-3,-8.868202689E-3,2.651069424E1,2.649028219E1,1.120309898E-1,-1.017637890E0
7.492796792E0,9.730482112E-1,2.301946121E-1,-1.194093975E-3,-1.364263984E-2,2.666500667E1,2.661652795E1,2.267258558E-1,-1.552897303E0
7.502841792E0,9.728321665E-1,2.307730670E-1,-1.312663597E-3,-1.843069041E-2,2.677215314E1,2.668359994E1,3.410615112E-1,-2.089836335E0
7.512887792E0,9.727104464E-1,2.308478356E-1,-1.560992828E-3,-2.326417529E-2,2.683233469E1,2.669122452E1,4.414214206E-1,-2.635428159E0
7.522932792E0,9.726673302E-1,2.304910414E-1,-1.894184739E-3,-2.808168652E-2,2.685362071E1,2.664798781E1,5.305854732E-1,-3.181771059E0
7.532978792E0,9.726752538E-1,2.298112233E-1,-2.225469505E-3,-3.293455895E-2,2.684971015E1,2.656649236E1,6.192731117E-1,-3.732361705E0
7.543023792E0,9.727096034E-1,2.289100604E-1,-2.458857679E-3,-3.781756638E-2,2.683275100E1,2.645833982E1,7.179425742E-1,-4.284134549E0
7.553069792E0,9.727508231E-1,2.278660303E-1,-2.565773697E-3,-4.273500778E-2,2.681238612E1,2.633249561E1,8.299008718E-1,-4.836876112E0
7.563114792E0,9.727819274E-1,2.267458198E-1,-2.574909026E-3,-4.769838925E-2,2.679700870E1,2.619675834E1,9.523667923E-1,-5.392669809E0
7.573159792E0,9.728074263E-1,2.255479220E-1,-2.501594583E-3,-5.260929789E-2,2.678439608E1,2.605098350E1,1.080931586E0,-5.941000254E0
7.583205792E0,9.728403430E-1,2.242156180E-1,-2.412243264E-3,-5.747359212E-2,2.676810571E1,2.588882277E1,1.207855779E0,-6.484364718E0
7.593250792E0,9.728889383E-1,2.227170341E-1,-2.326105643E-3,-6.228048234E-2,2.674403823E1,2.570670487E1,1.330284795E0,-7.022151046E0
7.603296792E0,9.729548560E-1,2.210673749E-1,-2.220601544E-3,-6.695583224E-2,2.671135759E1,2.550641588E1,1.448729756E0,-7.545517458E0
7.613341792E0,9.730283179E-1,2.193215892E-1,-2.073593337E-3,-7.148109722E-2,2.667489034E1,2.529431510E1,1.565479121E0,-8.051787543E0
7.623387792E0,9.730989139E-1,2.175594927E-1,-1.853923962E-3,-7.578214097E-2,2.663979960E1,2.507964044E1,1.682798122E0,-8.531764798E0
7.633432792E0,9.731607433E-1,2.158542101E-1,-1.527412327E-3,-7.976784199E-2,2.660902908E1,2.487080568E1,1.803029840E0,-8.974246081E0
7.643478792E0,9.731945029E-1,2.143216875E-1,-1.044177635E-3,-8.341173207E-2,2.659221324E1,2.468095438E1,1.932466595E0,-9.374792491E0
7.653523792E0,9.731637779E-1,2.131240005E-1,-3.817556171E-4,-8.677635713E-2,2.660751797E1,2.452864705E1,2.077153519E0,-9.739511988E0
7.663568792E0,9.730334598E-1,2.124173032E-1,3.580480148E-4,-8.991452718E-2,2.667233600E1,2.443287556E1,2.229115343E0,-1.007632870E1
7.673614792E0,9.727796094E-1,2.122779868E-1,9.448585866E-4,-9.293565543E-2,2.679815501E1,2.440451583E1,2.366683034E0,-1.040265343E1
7.683659792E0,9.724147862E-1,2.126533677E-1,1.164527961E-3,-9.584690684E-2,2.697796784E1,2.443964847E1,2.466149732E0,-1.072427811E1
7.693705792E0,9.719727922E-1,2.134047933E-1,9.288111741E-4,-9.862299331E-2,2.719425299E1,2.452336126E1,2.516024365E0,-1.104068111E1
7.703750792E0,9.715129701E-1,2.142978850E-1,3.236035029E-4,-1.011877976E-1,2.741748525E1,2.462795678E1,2.521681180E0,-1.134184453E1
7.713796792E0,9.710769188E-1,2.151503999E-1,-3.549923683E-4,-1.035369787E-1,2.762754281E1,2.472927982E1,2.513948117E0,-1.162067335E1
7.723841792E0,9.706834780E-1,2.158448430E-1,-9.061361696E-4,-1.057531021E-1,2.781573872E1,2.481123837E1,2.515713707E0,-1.188190735E1
7.733887792E0,9.703738251E-1,2.161926598E-1,-1.298186154E-3,-1.078595595E-1,2.796298281E1,2.485129582E1,2.528563718E0,-1.212786451E1
7.743932792E0,9.701850915E-1,2.160213856E-1,-1.550276992E-3,-1.098780563E-1,2.805235659E1,2.482937541E1,2.548434505E0,-1.236188836E1
7.753977792E0,9.701354847E-1,2.152103011E-1,-1.706462676E-3,-1.118865644E-1,2.807580137E1,2.473166509E1,2.570422137E0,-1.259418152E1
7.764023792E0,9.702260583E-1,2.137456981E-1,-1.726819604E-3,-1.138910264E-1,2.803298074E1,2.455609591E1,2.598487840E0,-1.282456231E1
7.774068792E0,9.704361603E-1,2.117438282E-1,-1.480492348E-3,-1.158273790E-1,2.793340276E1,2.431481102E1,2.646746803E0,-1.304250714E1
7.784114792E0,9.706947312E-1,2.095038496E-1,-9.364186802E-4,-1.177238608E-1,2.781037328E1,2.404218172E1,2.723104608E0,-1.324992060E1
7.794159792E0,9.708404750E-1,2.075169102E-1,-2.473071703E-4,-1.200228028E-1,2.774079189E1,2.379605437E1,2.827739448E0,-1.349926353E1
7.804205792E0,9.708787443E-1,2.063178850E-1,6.398734541E-4,-1.217667551E-1,2.772249286E1,2.364041631E1,2.951338488E0,-1.367953721E1
7.814250792E0,9.706607187E-1,2.062863381E-1,1.338499615E-3,-1.235392408E-1,2.782658708E1,2.362274058E1,3.070654120E0,-1.386418360E1
7.824296792E0,9.701541979E-1,2.075101456E-1,1.521596062E-3,-1.254513590E-1,2.806695954E1,2.375722318E1,3.153847230E0,-1.407259621E1
7.834341792E0,9.694030146E-1,2.097639167E-1,9.454591792E-4,-1.274995694E-1,2.841976954E1,2.402115211E1,3.171375203E0,-1.431063268E1
7.844386792E0,9.684851827E-1,2.126731451E-1,-4.733723291E-4,-1.296397442E-1,2.884511202E1,2.437276225E1,3.108381097E0,-1.457694665E1
7.854432792E0,9.674919922E-1,2.157911268E-1,-2.604780605E-3,-1.318581436E-1,2.929856723E1,2.475904006E1,2.973118684E0,-1.486918285E1
7.864477792E0,9.665134688E-1,2.186711579E-1,-5.162851965E-3,-1.341937955E-1,2.973871060E1,2.512451565E1,2.791907283E0,-1.518693403E1
7.874523792E0,9.656624818E-1,2.208640269E-1,-7.812634868E-3,-1.365792650E-1,3.011637468E1,2.541259597E1,2.593069722E0,-1.551578914E1
7.884568792E0,9.650365589E-1,2.220248564E-1,-1.022307635E-2,-1.389422280E-1,3.039122945E1,2.557837800E1,2.405179386E0,-1.583980549E1
7.894614792E0,9.646726209E-1,2.220150046E-1,-1.206538886E-2,-1.413172451E-1,3.054993131E1,2.560029566E1,2.262097715E0,-1.615423374E1
7.904659792E0,9.645416285E-1,2.210114039E-1,-1.315903636E-2,-1.436676062E-1,3.060685632E1,2.549569628E1,2.184614728E0,-1.644944252E1
7.914704792E0,9.645207237E-1,2.194727383E-1,-1.356312981E-2,-1.461083302E-1,3.061593132E1,2.531811961E1,2.176029566E0,-1.673886615E1
7.924750792E0,9.644897036E-1,2.178997020E-1,-1.347102840E-2,-1.486530727E-1,3.062939261E1,2.512843467E1,2.223495882E0,-1.702805137E1
7.934795792E0,9.643505347E-1,2.166718379E-1,-1.315465309E-2,-1.513549385E-1,3.068971459E1,2.497475173E1,2.304903860E0,-1.732910895E1
7.944841792E0,9.640582463E-1,2.160132302E-1,-1.290954809E-2,-1.541536157E-1,3.081603015E1,2.488794533E1,2.390347234E0,-1.764191390E1
7.954886792E0,9.636037347E-1,2.159770366E-1,-1.292601697E-2,-1.570179998E-1,3.101145482E1,2.487748362E1,2.459514749E0,-1.796728324E1
7.964932792E0,9.630055866E-1,2.164977609E-1,-1.319986612E-2,-1.599207376E-1,3.126682230E1,2.493589518E1,2.511612710E0,-1.830204108E1
7.974977792E0,9.622931363E-1,2.174307551E-1,-1.365426183E-2,-1.628786877E-1,3.156836007E1,2.504516405E1,2.553421806E0,-1.864655193E1
7.985023792E0,9.614990897E-1,2.185726924E-1,-1.428620114E-2,-1.659562506E-1,3.190115891E1,2.518162658E1,2.583463686E0,-1.900858098E1
7.995068792E0,9.606883107E-1,2.196900791E-1,-1.510006732E-2,-1.690744852E-1,3.223751691E1,2.531864143E1,2.594956776E0,-1.937992966E1
8.005113792E0,9.599175292E-1,2.205992182E-1,-1.611461572E-2,-1.721473276E-1,3.255414404E1,2.543568327E1,2.579968381E0,-1.975182950E1
8.015159792E0,9.592000634E-1,2.212286603E-1,-1.732829744E-2,-1.751940811E-1,3.284620053E1,2.552464111E1,2.537502421E0,-2.012666954E1
8.025204792E0,9.585505383E-1,2.215707136E-1,-1.875190208E-2,-1.781448241E-1,3.310843944E1,2.558527022E1,2.464137733E0,-2.049680563E1
8.035250792E0,9.579242361E-1,2.217240438E-1,-2.042517412E-2,-1.811140696E-1,3.335940438E1,2.562983058E1,2.360288152E0,-2.087601784E1
8.045295792E0,9.572868493E-1,2.218118463E-1,-2.235462523E-2,-1.841243240E-1,3.361294152E1,2.567302434E1,2.228355417E0,-2.126677593E1
8.055341792E0,9.566200440E-1,2.219192048E-1,-2.451986689E-2,-1.871597822E-1,3.387620792E1,2.572465486E1,2.072055465E0,-2.166664907E1
8.065386792E0,9.559038848E-1,2.220511771E-1,-2.688918359E-2,-1.903105120E-1,3.415676593E1,2.578480117E1,1.897432766E0,-2.208519351E1
8.075432792E0,9.551540923E-1,2.221462499E-1,-2.938405575E-2,-1.935674518E-1,3.444812387E1,2.584498779E1,1.711562873E0,-2.251960125E1
8.085477792E0,9.544024454E-1,2.220450764E-1,-3.191421536E-2,-1.969607789E-1,3.473782344E1,2.588500319E1,1.521400750E0,-2.297130451E1
8.095522792E0,9.536694696E-1,2.216006273E-1,-3.441298610E-2,-2.005576331E-1,3.501808936E1,2.588645414E1,1.332256445E0,-2.344638970E1
8.105568792E0,9.529660387E-1,2.207585228E-1,-3.681943418E-2,-2.043668653E-1,3.528503006E1,2.584179735E1,1.149207732E0,-2.394424066E1
8.115613792E0,9.522824590E-1,2.195190366E-1,-3.912220100E-2,-2.084204227E-1,3.554257747E1,2.575085640E1,9.737158358E-1,-2.446807600E1
8.125659792E0,9.516005230E-1,2.179025206E-1,-4.134411437E-2,-2.127574177E-1,3.579771856E1,2.561662555E1,8.041493746E-1,-2.502285615E1
8.135704792E0,9.509052685E-1,2.160399618E-1,-4.345085093E-2,-2.172969705E-1,3.605604443E1,2.545345766E1,6.448416447E-1,-2.559831774E1
8.145750792E0,9.501603230E-1,2.140990520E-1,-4.539527998E-2,-2.220274906E-1,3.633086224E1,2.527931281E1,5.045624803E-1,-2.619188155E1
8.155795792E0,9.493351720E-1,2.121989772E-1,-4.721517036E-2,-2.269470394E-1,3.663294273E1,2.510864376E1,3.821551134E-1,-2.680437337E1
8.165840792E0,9.483970674E-1,2.104633068E-1,-4.897284146E-2,-2.320559117E-1,3.697347870E1,2.495708251E1,2.742822839E-1,-2.743755035E1
8.175886792E0,9.473278440E-1,2.090297766E-1,-5.068458303E-2,-2.372922784E-1,3.735795738E1,2.484062881E1,1.817694652E-1,-2.808485589E1
8.185931792E0,9.461181452E-1,2.079599737E-1,-5.236111091E-2,-2.426342228E-1,3.778839952E1,2.476637797E1,1.052420306E-1,-2.874420721E1
8.195977792E0,9.447635244E-1,2.072815148E-1,-5.403708034E-2,-2.480649496E-1,3.826486968E1,2.473825403E1,4.205694511E-2,-2.941470547E1
8.206022792E0,9.432774265E-1,2.069866396E-1,-5.572341262E-2,-2.535331660E-1,3.878110108E1,2.475551345E1,-9.701228594E-3,-3.009082827E1
8.216068792E0,9.416705990E-1,2.069269860E-1,-5.745260826E-2,-2.591076979E-1,3.933193748E1,2.480221307E1,-5.558345291E-2,-3.078149656E1
8.226113792E0,9.399512394E-1,2.069851697E-1,-5.925318485E-2,-2.648358128E-1,3.991326136E1,2.486598855E1,-1.006136016E-1,-3.149306488E1
8.236159792E0,9.381286411E-1,2.070899099E-1,-6.106892903E-2,-2.707379732E-1,4.052075176E1,2.493706945E1,-1.401924750E-1,-3.222660911E1
8.246204792E0,9.362435179E-1,2.071467766E-1,-6.284007658E-2,-2.767479241E-1,4.114003697E1,2.500284685E1,-1.725950830E-1,-3.297298959E1
8.256249792E0,9.343227385E-1,2.070606179E-1,-6.451909112E-2,-2.828502610E-1,4.176199461E1,2.505093944E1,-1.964680831E-1,-3.372923417E1
8.266295792E0,9.323782726E-1,2.068287470E-1,-6.603770530E-2,-2.890185998E-1,4.238273577E1,2.507854140E1,-2.056655609E-1,-3.449052581E1
8.276340792E0,9.303898475E-1,2.066049261E-1,-6.716378479E-2,-2.952596419E-1,4.300866635E1,2.509431902E1,-1.703299450E-1,-3.525163015E1
8.286386792E0,9.283607296E-1,2.064970460E-1,-6.774792431E-2,-3.015220735E-1,4.363858455E1,2.510401144E1,-7.231817376E-2,-3.600263538E1
8.296431542E0,9.262913194E-1,2.064252910E-1,-6.792411921E-2,-3.078301080E-1,4.427222503E1,2.510246729E1,7.177990011E-2,-3.674993468E1
8.306477542E0,9.242244379E-1,2.061706872E-1,-6.788917420E-2,-3.141558442E-1,4.489660816E1,2.507188512E1,2.320362128E-1,-3.749552939E1
8.316522542E0,9.222083434E-1,2.055144713E-1,-6.783662762E-2,-3.204585261E-1,4.549781553E1,2.499512676E1,3.780816161E-1,-3.823988933E1
8.326568542E0,9.202861942E-1,2.044562482E-1,-6.772340011E-2,-3.266257902E-1,4.606408501E1,2.487080954E1,5.106007870E-1,-3.896874348E1
8.336613542E0,9.184486759E-1,2.030600127E-1,-6.749502214E-2,-3.326607131E-1,4.659933524E1,2.470410200E1,6.370705634E-1,-3.968111042E1
8.346658542E0,9.166806578E-1,2.014520999E-1,-6.710523755E-2,-3.385417579E-1,4.710891681E1,2.450718956E1,7.661676409E-1,-4.037324774E1
8.356704542E0,9.149095840E-1,1.998952638E-1,-6.656950369E-2,-3.443122304E-1,4.761421992E1,2.430948533E1,9.077529159E-1,-4.105060758E1
8.366749542E0,9.130536475E-1,1.987848734E-1,-6.597330491E-2,-3.499500879E-1,4.813837205E1,2.415763277E1,1.068928210E0,-4.171234453E1
8.376795542E0,9.109964388E-1,1.984053937E-1,-6.554780087E-2,-3.555618776E-1,4.871316559E1,2.409191257E1,1.241304875E0,-4.237650045E1
8.386840542E0,9.087058418E-1,1.986985620E-1,-6.572311595E-2,-3.611828342E-1,4.934576667E1,2.412393728E1,1.380220405E0,-4.305767170E1
8.396886542E0,9.061985469E-1,1.994675628E-1,-6.677125539E-2,-3.668220614E-1,5.002961190E1,2.424457019E1,1.451008906E0,-4.376375417E1
8.406931542E0,9.035078710E-1,2.004280315E-1,-6.877280396E-2,-3.725217694E-1,5.075387558E1,2.442773119E1,1.435642722E0,-4.450252665E1
8.416976542E0,9.006879307E-1,2.011719919E-1,-7.161739486E-2,-3.783675162E-1,5.150271898E1,2.462605072E1,1.330759547E0,-4.528282610E1
8.427022542E0,8.977901663E-1,2.014114071E-1,-7.497388558E-2,-3.844283174E-1,5.226180434E1,2.479547566E1,1.159451336E0,-4.610574808E1
8.437067542E0,8.948626673E-1,2.010537805E-1,-7.838328114E-2,-3.907101155E-1,5.301840941E1,2.490663942E1,9.639293646E-1,-4.696069683E1
8.447113542E0,8.919359480E-1,2.000823431E-1,-8.139163362E-2,-3.972313709E-1,5.376493115E1,2.493714964E1,7.887425175E-1,-4.783801932E1
8.457158542E0,8.890587302E-1,1.985920832E-1,-8.360894771E-2,-4.039124261E-1,5.448959073E1,2.487819154E1,6.738763843E-1,-4.871734292E1
8.467204542E0,8.862895768E-1,1.968251398E-1,-8.480714047E-2,-4.105586680E-1,5.517872559E1,2.474316658E1,6.468352590E-1,-4.956838704E1
8.477249542E0,8.836107864E-1,1.950423808E-1,-8.509345455E-2,-4.170725688E-1,5.583790791E1,2.456308632E1,7.055961654E-1,-5.038188922E1
8.487295542E0,8.809700756E-1,1.934218608E-1,-8.484939795E-2,-4.234149530E-1,5.648078928E1,2.437411286E1,8.191200679E-1,-5.116315746E1
8.497340542E0,8.781349835E-1,1.920516878E-1,-8.458644376E-2,-4.299306451E-1,5.716360097E1,2.421008607E1,9.500752449E-1,-5.196852886E1
8.507385542E0,8.754203682E-1,1.910966455E-1,-8.441660777E-2,-4.358842457E-1,5.781046966E1,2.409454945E1,1.076765592E0,-5.270892288E1
8.517431542E0,8.725867092E-1,1.906138323E-1,-8.456384778E-2,-4.417100781E-1,5.847872500E1,2.404461406E1,1.192613096E0,-5.344377452E1
8.527476542E0,8.696113313E-1,1.906932738E-1,-8.506282959E-2,-4.474110083E-1,5.917298987E1,2.407167847E1,1.300344168E0,-5.417396739E1
8.537522542E0,8.664794201E-1,1.913450432E-1,-8.581505601E-2,-4.530300051E-1,5.989586516E1,2.417161825E1,1.412835472E0,-5.490218873E1
8.547567542E0,8.632845414E-1,1.924889614E-1,-8.668822280E-2,-4.584461069E-1,6.062520837E1,2.432911453E1,1.536766796E0,-5.560966405E1
8.557613542E0,8.600665242E-1,1.940054419E-1,-8.750372744E-2,-4.636707357E-1,6.135189391E1,2.452185514E1,1.684236466E0,-5.629308440E1
8.567658542E0,8.568577793E-1,1.957493257E-1,-8.820092588E-2,-4.687191062E-1,6.206883147E1,2.473112674E1,1.853933576E0,-5.695268456E1
8.577703542E0,8.536606879E-1,1.975623093E-1,-8.865447339E-2,-4.736801275E-1,6.277582633E1,2.493313675E1,2.051684766E0,-5.759648483E1
8.587749542E0,8.505037625E-1,1.991830347E-1,-8.889798734E-2,-4.786091593E-1,6.346699258E1,2.510236440E1,2.260647408E0,-5.823270698E1
8.597794542E0,8.473888786E-1,2.005199222E-1,-8.929314566E-2,-4.834775207E-1,6.414240989E1,2.524980750E1,2.439343354E0,-5.886736506E1
8.607840542E0,8.442903477E-1,2.014680208E-1,-8.967987987E-2,-4.884075851E-1,6.480803593E1,2.535569991E1,2.600132891E0,-5.951229624E1
8.617885542E0,8.411923436E-1,2.019935552E-1,-9.003793315E-2,-4.934442599E-1,6.546751369E1,2.541554613E1,2.743607163E0,-6.017305534E1
8.627931542E0,8.380982907E-1,2.022508037E-1,-9.034890841E-2,-4.985206476E-1,6.612030938E1,2.544443708E1,2.878023878E0,-6.084046300E1
8.637976542E0,8.349842392E-1,2.023348077E-1,-9.064464757E-2,-5.036324597E-1,6.677160578E1,2.545404782E1,3.005455936E0,-6.151479963E1
8.648022542E0,8.318422970E-1,2.022681155E-1,-9.092692082E-2,-5.087813506E-1,6.742309166E1,2.544686523E1,3.126851747E0,-6.219641066E1
8.658067542E0,8.286531188E-1,2.020145443E-1,-9.121760237E-2,-5.140071488E-1,6.807874337E1,2.542051995E1,3.238841003E0,-6.289131169E1
8.668112542E0,8.254553004E-1,2.015679615E-1,-9.147382887E-2,-5.192555800E-1,6.873064204E1,2.537218161E1,3.343126609E0,-6.359142106E1
8.678158542E0,8.222267780E-1,2.008334632E-1,-9.171278569E-2,-5.245930463E-1,6.938334393E1,2.529329835E1,3.433743391E0,-6.430629088E1
8.688203542E0,8.190480943E-1,1.996775806E-1,-9.193193350E-2,-5.299412812E-1,7.002076488E1,2.517099953E1,3.499592229E0,-6.502588310E1
8.698249542E0,8.158865749E-1,1.980949084E-1,-9.213594005E-2,-5.353490591E-1,7.064976208E1,2.500532669E1,3.540547556E0,-6.575694185E1
8.708294542E0,8.128147440E-1,1.961587771E-1,-9.228738421E-2,-5.406818998E-1,7.125628347E1,2.480221717E1,3.560009021E0,-6.648042726E1
8.718340542E0,8.098263323E-1,1.939927241E-1,-9.237557649E-2,-5.459072977E-1,7.184206584E1,2.457365999E1,3.565395586E0,-6.719137880E1
8.728385542E0,8.069390097E-1,1.918292578E-1,-9.234690083E-2,-5.509291895E-1,7.240413307E1,2.433956734E1,3.573679596E0,-6.787487407E1
8.738431542E0,8.041592670E-1,1.899248894E-1,-9.216240827E-2,-5.556640402E-1,7.294172191E1,2.412258055E1,3.602975738E0,-6.851787421E1
8.748476542E0,8.014492563E-1,1.884857958E-1,-9.183135531E-2,-5.601063707E-1,7.346256031E1,2.394282890E1,3.666443535E0,-6.911918070E1
8.758521542E0,7.987444296E-1,1.876442549E-1,-9.146576828E-2,-5.642968738E-1,7.397925815E1,2.381963152E1,3.764668184E0,-6.968658610E1
8.768567542E0,7.959851597E-1,1.874340791E-1,-9.119030702E-2,-5.682961040E-1,7.450318855E1,2.376364625E1,3.891303089E0,-7.023108098E1
8.778612542E0,7.931155915E-1,1.877576299E-1,-9.106670085E-2,-5.722075423E-1,7.504474178E1,2.376871860E1,4.038100830E0,-7.076833461E1
8.788658542E0,7.901394234E-1,1.884969436E-1,-9.105667516E-2,-5.760705644E-1,7.560291452E1,2.382056844E1,4.202409840E0,-7.130292461E1
8.798703542E0,7.871136169E-1,1.894751298E-1,-9.107007786E-2,-5.798772677E-1,7.616682648E1,2.389608759E1,4.380497521E0,-7.183177567E1
8.808749542E0,7.840585815E-1,1.905330579E-1,-9.095162414E-2,-5.836756049E-1,7.673261559E1,2.396923653E1,4.576850992E0,-7.235805751E1
8.818794542E0,7.810246722E-1,1.916851894E-1,-9.027823868E-2,-5.874582108E-1,7.729102121E1,2.401250493E1,4.829736591E0,-7.287057415E1
8.828839542E0,7.779814590E-1,1.931480960E-1,-8.820015670E-2,-5.913200844E-1,7.784774114E1,2.398729663E1,5.231985663E0,-7.336250389E1
8.838885542E0,7.749159396E-1,1.943255419E-1,-8.546782920E-2,-5.953469734E-1,7.840517602E1,2.388636497E1,5.677067903E0,-7.386643765E1
8.848930542E0,7.717957873E-1,1.947972442E-1,-8.334304324E-2,-5.995324295E-1,7.896915202E1,2.375614356E1,6.022955594E0,-7.441230645E1
8.858976542E0,7.684614975E-1,1.942609466E-1,-8.145863657E-2,-6.042302542E-1,7.956813404E1,2.354117905E1,6.290011535E0,-7.504298706E1
8.869021542E0,7.650192063E-1,1.924551912E-1,-7.997769642E-2,-6.093523501E-1,8.018259856E1,2.322996363E1,6.440831026E0,-7.575077854E1
8.879067542E0,7.614447637E-1,1.893658694E-1,-7.904882202E-2,-6.148933647E-1,8.081653772E1,2.283383241E1,6.459277366E0,-7.653846041E1
8.889112542E0,7.576932622E-1,1.852973709E-1,-7.853962487E-2,-6.208038807E-1,8.147747835E1,2.237500328E1,6.375775777E0,-7.739562250E1
8.899158542E0,7.537513464E-1,1.811303963E-1,-7.818940563E-2,-6.268469854E-1,8.216723106E1,2.192009032E1,6.269855139E0,-7.828091533E1
8.909203542E0,7.495152668E-1,1.779882117E-1,-7.795078071E-2,-6.328276074E-1,8.290318753E1,2.156988260E1,6.224307354E0,-7.916308708E1
8.919248542E0,7.448373038E-1,1.767220361E-1,-7.804470497E-2,-6.386671375E-1,8.370974708E1,2.141632500E1,6.284873744E0,-8.003382396E1
8.929294542E0,7.397278097E-1,1.777069079E-1,-7.874421094E-2,-6.442222924E-1,8.458353141E1,2.151184296E1,6.457543349E0,-8.087667869E1
8.939339542E0,7.343478014E-1,1.805643694E-1,-8.036405131E-2,-6.493623165E-1,8.549573026E1,2.184502885E1,6.688596509E0,-8.167862039E1
8.949385542E0,7.287642238E-1,1.844766506E-1,-8.317398170E-2,-6.541813503E-1,8.643421125E1,2.236199845E1,6.899831792E0,-8.246059999E1
8.959430542E0,7.231478507E-1,1.885317200E-1,-8.728469554E-2,-6.587065415E-1,8.737002374E1,2.299101244E1,7.015316776E0,-8.323158987E1
8.969476542E0,7.174757199E-1,1.917622654E-1,-9.268947042E-2,-6.632229214E-1,8.830707494E1,2.364580805E1,6.970446772E0,-8.403876137E1
8.979521542E0,7.115942049E-1,1.936860057E-1,-9.903409894E-2,-6.680656009E-1,8.927045462E1,2.425742317E1,6.767790004E0,-8.492975487E1
8.989566542E0,7.054055513E-1,1.941546575E-1,-1.057327294E-1,-6.734446135E-1,9.027536551E1,2.477007017E1,6.449988026E0,-8.592653414E1
8.999612542E0,6.989032040E-1,1.933659030E-1,-1.119724834E-1,-6.794160791E-1,9.132185199E1,2.514079709E1,6.098379737E0,-8.701891887E1
9.009657542E0,6.922511982E-1,1.917146053E-1,-1.170233459E-1,-6.858129279E-1,9.238284809E1,2.534883613E1,5.793394943E0,-8.816070366E1
9.019703542E0,6.854700073E-1,1.894891674E-1,-1.205029054E-1,-6.926065942E-1,9.345483644E1,2.538724212E1,5.582598931E0,-8.933504729E1
9.029748542E0,6.786637493E-1,1.870373008E-1,-1.222523315E-1,-6.996334489E-1,9.452137652E1,2.527080308E1,5.496137669E0,-9.051029069E1
9.039794542E0,6.718200659E-1,1.845722976E-1,-1.225363196E-1,-7.068067206E-1,9.558461150E1,2.503572485E1,5.524372398E0,-9.168003560E1
9.049839542E0,6.648310819E-1,1.822288327E-1,-1.219571324E-1,-7.140860122E-1,9.666126448E1,2.473972191E1,5.629329278E0,-9.285594674E1
9.059885542E0,6.576387248E-1,1.800839585E-1,-1.212187407E-1,-7.213785944E-1,9.775992762E1,2.444627827E1,5.761119185E0,-9.404375744E1
9.069930542E0,6.502373773E-1,1.781169361E-1,-1.209114559E-1,-7.285918827E-1,9.888099701E1,2.420345205E1,5.872022501E0,-9.524478993E1
9.079975542E0,6.427037572E-1,1.762766361E-1,-1.213604673E-1,-7.356155259E-1,1.000125428E2,2.403644110E1,5.931881134E0,-9.644898577E1
9.090021542E0,6.351123986E-1,1.744534583E-1,-1.227066061E-1,-7.423888985E-1,1.011433573E2,2.395086021E1,5.921146321E0,-9.764914396E1
9.100066542E0,6.275299751E-1,1.725477780E-1,-1.249073775E-1,-7.488867993E-1,1.022637545E2,2.393771597E1,5.835417157E0,-9.883925556E1
9.110112542E0,6.199471511E-1,1.704875610E-1,-1.277784367E-1,-7.551636610E-1,1.033754495E2,2.397716937E1,5.685058988E0,-1.000236741E2
9.120157542E0,6.123635844E-1,1.682691537E-1,-1.310412850E-1,-7.612650917E-1,1.044787952E2,2.404590898E1,5.491900736E0,-1.012029307E2
9.130203542E0,6.048197779E-1,1.659445851E-1,-1.344382380E-1,-7.671907963E-1,1.055682513E2,2.412609758E1,5.278705237E0,-1.023697263E2
9.140248542E0,5.972379181E-1,1.635254192E-1,-1.378128519E-1,-7.730289567E-1,1.066553337E2,2.420432277E1,5.060387660E0,-1.035353110E2
9.150294542E0,5.896539457E-1,1.610282876E-1,-1.410409995E-1,-7.787717862E-1,1.077350900E2,2.427073493E1,4.845997619E0,-1.046943694E2
9.160339542E0,5.821097863E-1,1.584410335E-1,-1.440338117E-1,-7.844098965E-1,1.088018580E2,2.431621190E1,4.639060658E0,-1.058418832E2
9.170384542E0,5.745245758E-1,1.557100066E-1,-1.467974180E-1,-7.900168182E-1,1.098673105E2,2.433669216E1,4.436236750E0,-1.069913638E2
9.180430542E0,5.668246416E-1,1.528029987E-1,-1.493191827E-1,-7.956536642E-1,1.109418123E2,2.432824438E1,4.236926910E0,-1.081540821E2
9.190475542E0,5.589391559E-1,1.496998137E-1,-1.516090178E-1,-8.013685872E-1,1.120350700E2,2.429014907E1,4.039778039E0,-1.093402117E2
9.200521542E0,5.507410881E-1,1.463850236E-1,-1.536931199E-1,-8.072386317E-1,1.131642608E2,2.422353905E1,3.844282696E0,-1.105669698E2
9.210566542E0,5.423645600E-1,1.429100278E-1,-1.555388239E-1,-8.131574927E-1,1.143104996E2,2.412972675E1,3.652169618E0,-1.118136793E2
9.220612542E0,5.337221907E-1,1.393346646E-1,-1.571040354E-1,-8.191732705E-1,1.154854101E2,2.400837058E1,3.473027154E0,-1.130897948E2
9.230657542E0,5.247904938E-1,1.357371881E-1,-1.583304145E-1,-8.252889679E-1,1.166917191E2,2.385864454E1,3.317228216E0,-1.143954951E2
9.240702542E0,5.155759178E-1,1.321490003E-1,-1.591916590E-1,-8.314902971E-1,1.179280842E2,2.367948003E1,3.187888722E0,-1.157285463E2
9.250748542E0,5.061416934E-1,1.286374685E-1,-1.597154218E-1,-8.377136059E-1,1.191856602E2,2.347738570E1,3.086609601E0,-1.170782219E2
9.260793542E0,4.963726440E-1,1.252566129E-1,-1.599487508E-1,-8.440032644E-1,1.204793903E2,2.325911718E1,3.017766445E0,-1.184577722E2
9.270839542E0,4.863614399E-1,1.221368531E-1,-1.598796589E-1,-8.502785719E-1,1.217965824E2,2.303060790E1,2.991172389E0,-1.198511493E2
9.280884542E0,4.761887290E-1,1.193905948E-1,-1.595412526E-1,-8.564675627E-1,1.231264474E2,2.280055257E1,3.013132768E0,-1.212449130E2
9.290930542E0,4.657937567E-1,1.170126011E-1,-1.590119356E-1,-8.625887602E-1,1.244767906E2,2.257459310E1,3.080213485E0,-1.226474142E2
9.300975750E0,4.552654318E-1,1.149578988E-1,-1.583518541E-1,-8.685866361E-1,1.258359722E2,2.235498770E1,3.182556964E0,-1.240488579E2
9.311021750E0,4.445979801E-1,1.130382323E-1,-1.576378693E-1,-8.744742979E-1,1.272047590E2,2.213794163E1,3.297880789E0,-1.254555097E2
9.321066750E0,4.338483211E-1,1.109991204E-1,-1.569223054E-1,-8.802444754E-1,1.285759332E2,2.191491393E1,3.396865788E0,-1.268673104E2
9.331111750E0,4.229393258E-1,1.086044312E-1,-1.562473131E-1,-8.859538140E-1,1.299594020E2,2.167821831E1,3.455353934E0,-1.283001809E2
9.341157750E0,4.117832658E-1,1.057115111E-1,-1.556309813E-1,-8.916493283E-1,1.313661878E2,2.142374423E1,3.459485295E0,-1.297683226E2
9.351202750E0,4.003929746E-1,1.023005640E-1,-1.550772376E-1,-8.973132958E-1,1.327945050E2,2.115326320E1,3.405812365E0,-1.312697660E2
9.361248750E0,3.888026755E-1,9.852289455E-2,-1.545355294E-1,-9.029088800E-1,1.342399623E2,2.087126635E1,3.310486024E0,-1.327956124E2
9.371293750E0,3.770098609E-1,9.462253826E-2,-1.539937132E-1,-9.084030167E-1,1.357028218E2,2.058960498E1,3.198565176E0,-1.343395414E2
9.381339750E0,3.649463792E-1,9.081266862E-2,-1.535074071E-1,-9.137848743E-1,1.371914344E2,2.032435719E1,3.091033202E0,-1.359043685E2
9.391384750E0,3.526393940E-1,8.742819766E-2,-1.531202619E-1,-9.189971961E-1,1.387023250E2,2.009470289E1,3.020890682E0,-1.374788281E2
9.401429750E0,3.400990207E-1,8.466137032E-2,-1.528641698E-1,-9.240116595E-1,1.402341859E2,1.991052732E1,3.008165640E0,-1.390577972E2
9.411475750E0,3.273008562E-1,8.235208654E-2,-1.527420019E-1,-9.288498859E-1,1.417899398E2,1.976309678E1,3.038115644E0,-1.406485706E2
9.421520750E0,3.144110013E-1,7.996665658E-2,-1.526513466E-1,-9.335141934E-1,1.433494797E2,1.961916338E1,3.055857495E0,-1.422440906E2
9.431566750E0,3.014678516E-1,7.729553156E-2,-1.521931946E-1,-9.380723961E-1,1.449084259E2,1.942743255E1,3.052725032E0,-1.438456759E2
9.441611750E0,2.884928811E-1,7.471574404E-2,-1.505371185E-1,-9.426175755E-1,1.464645030E2,1.911015942E1,3.095418811E0,-1.454448278E2
9.451657750E0,2.758268048E-1,6.927009989E-2,-1.491929053E-1,-9.470284328E-1,1.479774152E2,1.873412918E1,2.802807052E0,-1.470606347E2
9.461702750E0,2.632840080E-1,6.236848759E-2,-1.471852850E-1,-9.513822655E-1,1.494699736E2,1.825011418E1,2.359504446E0,-1.486833381E2
9.471748750E0,2.510295168E-1,5.485970779E-2,-1.443184800E-1,-9.555871301E-1,1.509231159E2,1.766913559E1,1.856138662E0,-1.502737967E2
9.481793750E0,2.394077130E-1,4.821938752E-2,-1.409828309E-1,-9.594179204E-1,1.522968285E2,1.707978230E1,1.433709198E0,-1.517624419E2
9.491838750E0,2.285847395E-1,4.312741075E-2,-1.377588552E-1,-9.627624414E-1,1.535724725E2,1.656076234E1,1.149645824E0,-1.531202818E2
9.501884750E0,2.186448688E-1,3.945786377E-2,-1.351437170E-1,-9.655950047E-1,1.547410958E2,1.615778062E1,9.800159917E-1,-1.543436139E2
9.511929750E0,2.092594822E-1,3.655388796E-2,-1.334097798E-1,-9.680270043E-1,1.558420809E2,1.587964629E1,8.557888873E-1,-1.554846444E2
9.521975750E0,2.002020823E-1,3.375236059E-2,-1.324559387E-1,-9.701728268E-1,1.569024470E2,1.569675230E1,7.136566787E-1,-1.565821692E2
9.532020750E0,1.911400884E-1,3.063124948E-2,-1.319948522E-1,-9.721648554E-1,1.579613481E2,1.556683976E1,5.212975462E-1,-1.576823323E2
9.542066750E0,1.819782486E-1,2.720397313E-2,-1.318047804E-1,-9.740489460E-1,1.590299831E2,1.546638910E1,2.879008449E-1,-1.587961483E2
9.552111750E0,1.727415560E-1,2.364418182E-2,-1.317014627E-1,-9.758360988E-1,1.601054853E2,1.537924144E1,3.695928123E-2,-1.599181087E2
9.562156750E0,1.637658789E-1,2.025852021E-2,-1.315413731E-1,-9.774799945E-1,1.611489013E2,1.529536543E1,-1.993542327E-1,-1.610048926E2
9.572202750E0,1.550098711E-1,1.730145517E-2,-1.313059830E-1,-9.789950894E-1,1.621652625E2,1.521642098E1,-3.914115815E-1,-1.620577323E2
9.582247750E0,1.467008728E-1,1.483630707E-2,-1.309650571E-1,-9.803606473E-1,1.631284292E2,1.513833102E1,-5.348932734E-1,-1.630499291E2
9.592293750E0,1.387000522E-1,1.267063868E-2,-1.305283473E-1,-9.816130830E-1,1.640547383E2,1.505749426E1,-6.493611676E-1,-1.640007394E2
9.602338750E0,1.308420674E-1,1.057346945E-2,-1.300306299E-1,-9.827820259E-1,1.649634903E2,1.497354970E1,-7.588544466E-1,-1.649328421E2
9.612384750E0,1.229523881E-1,8.371396712E-3,-1.295227235E-1,-9.838884228E-1,1.658749518E2,1.488980083E1,-8.810842863E-1,-1.658689643E2
9.622429750E0,1.149950631E-1,5.883257510E-3,-1.290293209E-1,-9.849329903E-1,1.667933194E2,1.480708815E1,-1.036321778E0,-1.668159181E2
9.632475750E0,1.069462794E-1,3.037217808E-3,-1.285859044E-1,-9.859102914E-1,1.677213767E2,1.472955285E1,-1.232797746E0,-1.677774833E2
9.642520750E0,9.878694455E-2,-1.916101100E-5,-1.281861152E-1,-9.868178395E-1,1.686613567E2,1.465927273E1,-1.453408663E0,-1.687536831E2
9.652565750E0,9.057307169E-2,-3.043476615E-3,-1.278393151E-1,-9.876458987E-1,1.696068473E2,1.460038723E1,-1.671517928E0,-1.697347238E2
9.662611750E0,8.239759460E-2,-5.803668455E-3,-1.275765348E-1,-9.883831313E-1,1.705472141E2,1.455832020E1,-1.862239883E0,-1.707068847E2
9.672656750E0,7.449978095E-2,-8.105218290E-3,-1.274477604E-1,-9.890101921E-1,1.714550371E2,1.453909786E1,-2.007020203E0,-1.716404090E2
9.682702750E0,6.693770910E-2,-9.924481738E-3,-1.275116076E-1,-9.895259853E-1,1.723237638E2,1.454810620E1,-2.103900240E0,-1.725286813E2
9.692747750E0,5.977093254E-2,-1.134489375E-2,-1.278358117E-1,-9.899276026E-1,1.731466709E2,1.459113961E1,-2.163027121E0,-1.733664071E2
9.702793750E0,5.288451681E-2,-1.250974835E-2,-1.284986446E-1,-9.902195538E-1,1.739370524E2,1.467566649E1,-2.198747923E0,-1.741690091E2
9.712838750E0,4.630042043E-2,-1.355945776E-2,-1.295286504E-1,-9.904012910E-1,1.746924652E2,1.480368823E1,-2.226677440E0,-1.749361427E2
9.722883750E0,3.992402372E-2,-1.468865086E-2,-1.309409860E-1,-9.904770711E-1,1.754238276E2,1.497617967E1,-2.266807024E0,-1.756815469E2
9.732929750E0,3.366639683E-2,-1.611627525E-2,-1.326824569E-1,-9.904555762E-1,1.761413860E2,1.518673565E1,-2.341688076E0,-1.764186529E2
9.742974750E0,2.757246830E-2,-1.798900198E-2,-1.346104171E-1,-9.903515577E-1,1.768400274E2,1.541911866E1,-2.467572657E0,-1.771445687E2
9.753020750E0,2.156022036E-2,-2.030956004E-2,-1.366314059E-1,-9.901790085E-1,1.775291893E2,1.566370372E1,-2.642949079E0,-1.778688695E2
9.763065750E0,1.578003296E-2,-2.297172885E-2,-1.386988089E-1,-9.899423961E-1,1.781916664E2,1.591575891E1,-2.857879135E0,-1.785731123E2
9.773111750E0,1.017673589E-2,-2.588715807E-2,-1.407379525E-1,-9.896560926E-1,1.788338118E2,1.616743583E1,-3.101403531E0,-1.792622860E2
9.783156750E0,4.708730209E-3,-2.886142956E-2,-1.426953996E-1,-9.893345543E-1,1.794604173E2,1.641295004E1,-3.350908250E0,-1.799380012E2
9.793202750E0,6.191372046E-4,3.164609818E-2,1.445351148E-1,9.889932491E-1,1.799290521E2,1.664771171E1,-3.578532780E0,1.794045225E2
9.803247750E0,5.926774131E-3,3.415588506E-2,1.462009532E-1,9.886473078E-1,1.793208377E2,1.686490202E1,-3.772974584E0,1.787535252E2
9.813292750E0,1.117060073E-2,3.641134205E-2,1.476268759E-1,9.883095429E-1,1.787199168E2,1.705610607E1,-3.937783307E0,1.781141530E2
9.823338750E0,1.636629563E-2,3.849950239E-2,1.487608632E-1,9.879879625E-1,1.781244769E2,1.721507007E1,-4.083187648E0,1.774836037E2
9.833383750E0,2.156995628E-2,4.053733412E-2,1.495991114E-1,9.876799112E-1,1.775280734E2,1.734170464E1,-4.222057197E0,1.768536789E2
9.843429750E0,2.675039402E-2,4.252988434E-2,1.501928814E-1,9.873792355E-1,1.769342649E2,1.744173620E1,-4.355855646E0,1.762277305E2
9.853474750E0,3.193293910E-2,4.443669206E-2,1.505845310E-1,9.870815102E-1,1.763401325E2,1.751984417E1,-4.479825272E0,1.756035075E2
9.863520750E0,3.715295272E-2,4.617613464E-2,1.507964454E-1,9.867866087E-1,1.757416052E2,1.757807896E1,-4.584364891E0,1.749784452E2
9.873565750E0,4.230721727E-2,4.758459276E-2,1.508491131E-1,9.865040984E-1,1.751505026E2,1.761685793E1,-4.652991054E0,1.743672265E2
9.883610750E0,4.744133562E-2,4.854926563E-2,1.507922834E-1,9.862322091E-1,1.745615821E2,1.764063860E1,-4.672153742E0,1.737666008E2
9.893656750E0,5.243059525E-2,4.898162381E-2,1.506740878E-1,9.859762091E-1,1.739891403E2,1.765289097E1,-4.633951520E0,1.731922280E2
9.903701750E0,5.678069793E-2,4.884818689E-2,1.505409670E-1,9.857622295E-1,1.734899100E2,1.765564228E1,-4.543143763E0,1.727007831E2
9.913747750E0,6.112726027E-2,4.837493046E-2,1.503909558E-1,9.855485029E-1,1.729909624E2,1.765283438E1,-4.414175537E0,1.722159466E2
9.923792750E0,6.512931427E-2,4.769092926E-2,1.502736822E-1,9.853433742E-1,1.725314439E2,1.764960574E1,-4.267290811E0,1.717739164E2
9.933838750E0,6.883220994E-2,4.695175783E-2,1.502170158E-1,9.851358009E-1,1.721061680E2,1.765081250E1,-4.118998420E0,1.713665957E2
9.943883750E0,7.225124658E-2,4.622459298E-2,1.502642677E-1,9.849180703E-1,1.717133966E2,1.766228200E1,-3.976155276E0,1.709908688E2
9.953929750E0,7.544016144E-2,4.554212487E-2,1.504123137E-1,9.846882014E-1,1.713469733E2,1.768432140E1,-3.841426808E0,1.706400877E2
9.963974750E0,7.836262391E-2,4.486917141E-2,1.506195234E-1,9.844591754E-1,1.710110890E2,1.771171568E1,-3.711801514E0,1.703192218E2
9.974019750E0,8.093813353E-2,4.411338885E-2,1.508733581E-1,9.842459967E-1,1.707150166E2,1.774180195E1,-3.578386732E0,1.700391975E2
9.984065750E0,8.319838472E-2,4.316919408E-2,1.511607785E-1,9.840553243E-1,1.704551342E2,1.777204786E1,-3.428854484E0,1.697984329E2
9.994110750E0,8.506144401E-2,4.196178697E-2,1.514334528E-1,9.839062931E-1,1.702408837E2,1.779576386E1,-3.256763129E0,1.696078043E2
1.000415675E1,8.653401275E-2,4.049793209E-2,1.516459889E-1,9.838065315E-1,1.700715152E2,1.780789619E1,-3.063299135E0,1.694665599E2
1.001420175E1,8.761495298E-2,3.889687341E-2,1.517268950E-1,9.837629938E-1,1.699471763E2,1.780172884E1,-2.862743853E0,1.693727837E2
1.002424775E1,8.844815403E-2,3.729520361E-2,1.516098163E-1,9.837685150E-1,1.698513264E2,1.777178141E1,-2.668683668E0,1.693076825E2
1.003429275E1,8.908090466E-2,3.576607906E-2,1.512518368E-1,9.838232638E-1,1.697785311E2,1.771421212E1,-2.489006727E0,1.692645316E2
1.004433775E1,8.944526417E-2,3.437409510E-2,1.506504224E-1,9.839321291E-1,1.697366113E2,1.762944148E1,-2.332216633E0,1.692497932E2
1.005438375E1,8.947619996E-2,3.315885921E-2,1.498733135E-1,9.840896740E-1,1.697330520E2,1.752572717E1,-2.203129725E0,1.692699415E2
1.006442875E1,8.910071368E-2,3.212539214E-2,1.490305504E-1,9.842860362E-1,1.697762521E2,1.741578187E1,-2.102292472E0,1.693329754E2
1.007447475E1,8.830915372E-2,3.126505379E-2,1.482788982E-1,9.844985827E-1,1.698673172E2,1.731765074E1,-2.027091136E0,1.694398875E2
1.008451975E1,8.705262973E-2,3.057740689E-2,1.478283695E-1,9.846997496E-1,1.700118610E2,1.725549712E1,-1.976032299E0,1.695959176E2
1.009456575E1,8.537939984E-2,3.014508032E-2,1.478356029E-1,9.848584747E-1,1.702043156E2,1.724838232E1,-1.956059399E0,1.697938984E2
1.010461075E1,8.339748644E-2,3.015833023E-2,1.483850556E-1,9.849452129E-1,1.704322392E2,1.730818737E1,-1.986196428E0,1.700180345E2
1.011465575E1,8.121048647E-2,3.075415496E-2,1.494876856E-1,9.849428527E-1,1.706837042E2,1.743756135E1,-2.080421966E0,1.702539413E2
1.012470175E1,7.905775188E-2,3.189351072E-2,1.511119830E-1,9.848339031E-1,1.709311853E2,1.763264003E1,-2.230886311E0,1.704747685E2
1.013474675E1,7.695306471E-2,3.338090461E-2,1.531984522E-1,9.846290272E-1,1.711731019E2,1.788441873E1,-2.416159117E0,1.706820986E2
1.014479275E1,7.495888657E-2,3.502881478E-2,1.556543175E-1,9.843402792E-1,1.714022799E2,1.818040367E1,-2.615039089E0,1.708720279E2
1.015483775E1,7.299357903E-2,3.662147570E-2,1.583995577E-1,9.839920619E-1,1.716281064E2,1.850905805E1,-2.805530599E0,1.710577908E2
1.016488375E1,7.120503536E-2,3.805482679E-2,1.612997667E-1,9.835975674E-1,1.718335932E2,1.885431054E1,-2.974445891E0,1.712249110E2
1.017492875E1,6.974414130E-2,3.930686742E-2,1.641571281E-1,9.831801450E-1,1.720014166E2,1.919362750E1,-3.118054941E0,1.713574514E2
1.018497475E1,6.861178192E-2,4.036009082E-2,1.667279436E-1,9.827844283E-1,1.721314871E2,1.949872512E1,-3.236155071E0,1.714567228E2
1.019501975E1,6.800486730E-2,4.123896852E-2,1.687272952E-1,9.824488551E-1,1.722011972E2,1.973747048E1,-3.329715938E0,1.715012178E2
1.020506475E1,6.794489234E-2,4.196608595E-2,1.698732048E-1,9.822246760E-1,1.722080858E2,1.987745619E1,-3.402860864E0,1.714893587E2
1.021511075E1,6.837019619E-2,4.258031831E-2,1.699388644E-1,9.821574517E-1,1.721592359E2,1.989254430E1,-3.462982053E0,1.714284226E2
1.022515575E1,6.937358621E-2,4.310222800E-2,1.688297437E-1,9.822556118E-1,1.720439822E2,1.977232292E1,-3.511573724E0,1.713080007E2
1.023520175E1,7.082234198E-2,4.352165237E-2,1.666413318E-1,9.825073970E-1,1.718775576E2,1.952746192E1,-3.549843791E0,1.711430886E2
1.024524675E1,7.264371804E-2,4.391148964E-2,1.636054522E-1,9.828672047E-1,1.716683042E2,1.918552988E1,-3.586106536E0,1.709396383E2
1.025529275E1,7.473049280E-2,4.433866903E-2,1.599799170E-1,9.832883360E-1,1.714285256E2,1.877695309E1,-3.628367212E0,1.707075675E2
1.026533775E1,7.692191819E-2,4.477711215E-2,1.559998110E-1,9.837388436E-1,1.711766816E2,1.832830767E1,-3.675084994E0,1.704648152E2
1.027538275E1,7.903423394E-2,4.512254246E-2,1.518382575E-1,9.842065894E-1,1.709338887E2,1.785792707E1,-3.716458767E0,1.702336092E2
1.028542875E1,8.090150792E-2,4.525155396E-2,1.476840955E-1,9.846809943E-1,1.707192274E2,1.738563122E1,-3.739540038E0,1.700342944E2
1.029547375E1,8.244964596E-2,4.517130109E-2,1.437223181E-1,9.851424180E-1,1.705412291E2,1.693246152E1,-3.744114133E0,1.698742744E2
1.030552000E1,8.367632998E-2,4.498669263E-2,1.401316226E-1,9.855646030E-1,1.704001740E2,1.652009729E1,-3.739667832E0,1.697511479E2
1.031556500E1,8.463917474E-2,4.489227315E-2,1.370874927E-1,9.859147168E-1,1.702894473E2,1.617112531E1,-3.744880092E0,1.696543628E2
1.032561100E1,8.525890200E-2,4.502612100E-2,1.347359831E-1,9.861793991E-1,1.702181742E2,1.590361491E1,-3.774670457E0,1.695902578E2
1.033565600E1,8.558638301E-2,4.545053977E-2,1.331708177E-1,9.863441932E-1,1.701805100E2,1.572920419E1,-3.833916088E0,1.695518043E2
1.034570200E1,8.567982258E-2,4.612008197E-2,1.324385610E-1,9.864035781E-1,1.701697631E2,1.565288679E1,-3.915856938E0,1.695329514E2
1.035574700E1,8.554781865E-2,4.684695969E-2,1.325380776E-1,9.863673319E-1,1.701849454E2,1.567232977E1,-3.999050053E0,1.695356673E2
1.036579200E1,8.510700476E-2,4.735417067E-2,1.333343212E-1,9.862739766E-1,1.702356438E2,1.576836634E1,-4.054940769E0,1.695744049E2
1.037583800E1,8.440416391E-2,4.747842221E-2,1.345816966E-1,9.861590000E-1,1.703164743E2,1.591095051E1,-4.067062479E0,1.696474911E2
1.038588300E1,8.350019830E-2,4.725708540E-2,1.360345644E-1,9.860472265E-1,1.704204281E2,1.607249493E1,-4.041419997E0,1.697484596E2
1.039592900E1,8.237470886E-2,4.682131333E-2,1.375457976E-1,9.859529862E-1,1.705498456E2,1.623755928E1,-3.994840200E0,1.698781395E2
1.040597400E1,8.121449042E-2,4.629796011E-2,1.390811598E-1,9.858585772E-1,1.706832438E2,1.640445228E1,-3.939074323E0,1.700132733E2
1.041602000E1,8.010893643E-2,4.580071686E-2,1.406493545E-1,9.857497962E-1,1.708103451E2,1.657582241E1,-3.885428355E0,1.701417096E2
1.042606500E1,7.916467844E-2,4.543461880E-2,1.422306094E-1,9.856161907E-1,1.709188939E2,1.675092122E1,-3.844159273E0,1.702495442E2
1.043611000E1,7.834315207E-2,4.523201363E-2,1.437975292E-1,9.854637034E-1,1.710133272E2,1.692672738E1,-3.819754065E0,1.703406563E2
1.044615600E1,7.768663061E-2,4.518856549E-2,1.453084041E-1,9.852960011E-1,1.710887890E2,1.709847790E1,-3.811328562E0,1.704104064E2
1.045620100E1,7.710761720E-2,4.523819341E-2,1.467201971E-1,9.851299425E-1,1.711553387E2,1.726011791E1,-3.813242066E0,1.704700391E2
1.046624700E1,7.663131567E-2,4.529835803E-2,1.479879954E-1,9.849747157E-1,1.712100808E2,1.740563602E1,-3.816109593E0,1.705183159E2
1.047629200E1,7.633843722E-2,4.529735178E-2,1.490249501E-1,9.848412366E-1,1.712437408E2,1.752450074E1,-3.811187943E0,1.705476965E2
1.048633800E1,7.622725383E-2,4.522959545E-2,1.497120544E-1,9.847486821E-1,1.712565187E2,1.760285897E1,-3.798931439E0,1.705589567E2
1.049638300E1,7.627298316E-2,4.506209334E-2,1.499992114E-1,9.847091905E-1,1.712512632E2,1.763445603E1,-3.776482548E0,1.705557275E2
1.050642800E1,7.655106807E-2,4.482499097E-2,1.498314722E-1,9.847239419E-1,1.712193036E2,1.761351506E1,-3.746430626E0,1.705290600E2
1.051647400E1,7.696284278E-2,4.456252674E-2,1.492048276E-1,9.847988790E-1,1.711719780E2,1.753968330E1,-3.715587810E0,1.704893438E2
1.052651900E1,7.751913903E-2,4.430701147E-2,1.481832512E-1,9.849210627E-1,1.711080402E2,1.742075924E1,-3.686876836E0,1.704344735E2
1.053656500E1,7.800408067E-2,4.405656963E-2,1.469038257E-1,9.850856040E-1,1.710523012E2,1.727182215E1,-3.662593529E0,1.703885041E2
1.054661000E1,7.840940691E-2,4.385813173E-2,1.454856790E-1,9.852726939E-1,1.710057115E2,1.710715188E1,-3.647020853E0,1.703510994E2
1.055665600E1,7.874101832E-2,4.379825687E-2,1.440409746E-1,9.854612589E-1,1.709675938E2,1.694069298E1,-3.648717786E0,1.703196837E2
1.056670100E1,7.900249737E-2,4.396626474E-2,1.426644902E-1,9.856329652E-1,1.709375369E2,1.678438665E1,-3.676757925E0,1.702920070E2
1.057674700E1,7.924197576E-2,4.442225149E-2,1.413968183E-1,9.857760116E-1,1.709100084E2,1.664376587E1,-3.736709050E0,1.702615049E2
1.058679200E1,7.944676730E-2,4.515679204E-2,1.402354567E-1,9.858920418E-1,1.708864668E2,1.651840997E1,-3.827737353E0,1.702298804E2
1.059683700E1,7.950092600E-2,4.609258905E-2,1.391648740E-1,9.859960181E-1,1.708802409E2,1.640525301E1,-3.943156257E0,1.702117972E2
1.060688300E1,7.948895629E-2,4.709101628E-2,1.381630961E-1,9.860906799E-1,1.708816169E2,1.630053063E1,-4.066092216E0,1.702001122E2
1.061692800E1,7.949460397E-2,4.805901349E-2,1.371967005E-1,9.861785140E-1,1.708809677E2,1.619967241E1,-4.184979317E0,1.701869909E2
1.062697400E1,7.939147063E-2,4.890676574E-2,1.362847586E-1,9.862716164E-1,1.708928234E2,1.610334959E1,-4.291512891E0,1.701882629E2
1.063701900E1,7.918490893E-2,4.959522924E-2,1.354229451E-1,9.863725581E-1,1.709165684E2,1.601060699E1,-4.381198274E0,1.702039575E2
1.064706500E1,7.897687208E-2,5.014295915E-2,1.346052646E-1,9.864733733E-1,1.709404825E2,1.592137110E1,-4.454533809E0,1.702221117E2
1.065711000E1,7.856699398E-2,5.057684251E-2,1.338378100E-1,9.865883078E-1,1.709875975E2,1.583576321E1,-4.517671904E0,1.702650776E2
1.066715500E1,7.787953673E-2,5.098150758E-2,1.331098576E-1,9.867205224E-1,1.710666164E2,1.575311405E1,-4.581434312E0,1.703401202E2
1.067720100E1,7.700621189E-2,5.149408965E-2,1.323946124E-1,9.868586377E-1,1.711669935E2,1.567219718E1,-4.660095116E0,1.704346206E2
1.068724600E1,7.599338097E-2,5.226456565E-2,1.316442404E-1,9.869970901E-1,1.712833965E2,1.558926656E1,-4.770327557E0,1.705410808E2
1.069729200E1,7.485499459E-2,5.340448775E-2,1.307829301E-1,9.871376077E-1,1.714142186E2,1.549672126E1,-4.925229622E0,1.706565252E2
1.070733700E1,7.373224469E-2,5.497250330E-2,1.296966951E-1,9.872793475E-1,1.715432328E2,1.538257417E1,-5.130285727E0,1.707646013E2
1.071738300E1,7.246324523E-2,5.695213024E-2,1.282758301E-1,9.874466284E-1,1.716890395E2,1.523302992E1,-5.387079824E0,1.708849142E2
1.072742800E1,7.117755562E-2,5.919238011E-2,1.264657520E-1,9.876418947E-1,1.718367502E2,1.504068216E1,-5.676907982E0,1.710058162E2
1.073747400E1,6.985296446E-2,6.144209723E-2,1.242794448E-1,9.878765684E-1,1.719889159E2,1.480414876E1,-5.971389657E0,1.711342120E2
1.074751900E1,6.837609674E-2,6.350925000E-2,1.217896013E-1,9.881592473E-1,1.721585582E2,1.452905705E1,-6.249575515E0,1.712859739E2
1.075756400E1,6.685004365E-2,6.536705147E-2,1.190689906E-1,9.884739999E-1,1.723338321E2,1.422410393E1,-6.506026958E0,1.714493908E2
1.076761000E1,6.522802219E-2,6.706217401E-2,1.162152091E-1,9.888084352E-1,1.725201087E2,1.390076061E1,-6.745667808E0,1.716284861E2
1.077765500E1,6.341878442E-2,6.867550532E-2,1.133204028E-1,9.891512998E-1,1.727278624E2,1.356984910E1,-6.977966650E0,1.718318573E2
1.078770100E1,6.151079659E-2,7.024668979E-2,1.104351428E-1,9.894877159E-1,1.729469295E2,1.323813615E1,-7.205621099E0,1.720484149E2
1.079774600E1,5.951965303E-2,7.166840308E-2,1.076144492E-1,9.898182737E-1,1.731755167E2,1.291102720E1,-7.415683504E0,1.722774427E2
1.080779200E1,5.748320160E-2,7.283449706E-2,1.048917035E-1,9.901457547E-1,1.734092773E2,1.259172676E1,-7.595267302E0,1.725156285E2
1.081783700E1,5.529708671E-2,7.373115019E-2,1.022544698E-1,9.904796842E-1,1.736601869E2,1.227802712E1,-7.744144433E0,1.727749494E2
1.082788200E1,5.288455896E-2,7.436999632E-2,9.967741658E-2,9.908263420E-1,1.739370476E2,1.196664923E1,-7.864610029E0,1.730639946E2
1.083792800E1,5.036093211E-2,7.481590471E-2,9.716016971E-2,9.911742642E-1,1.742266201E2,1.165916066E1,-7.962505954E0,1.733684273E2
1.084797300E1,4.766972939E-2,7.505872521E-2,9.474451058E-2,9.915227765E-1,1.745353804E2,1.136002705E1,-8.036966542E0,1.736943235E2
1.085801900E1,4.479936042E-2,7.512540153E-2,9.245648461E-2,9.918673691E-1,1.748646527E2,1.107256004E1,-8.090951870E0,1.740422590E2
1.086806400E1,4.173039550E-2,7.507923097E-2,9.031563413E-2,9.922019308E-1,1.752166599E2,1.079950429E1,-8.131742916E0,1.744133821E2
1.087811000E1,3.855079510E-2,7.492729027E-2,8.830974048E-2,9.925225419E-1,1.755813093E2,1.054032714E1,-8.159266229E0,1.747974678E2
1.088815500E1,3.535998364E-2,7.468080891E-2,8.645182969E-2,9.928235125E-1,1.759471995E2,1.029755291E1,-8.173773249E0,1.751827340E2
1.089820000E1,3.215134406E-2,7.429592126E-2,8.479966533E-2,9.931039577E-1,1.763150923E2,1.007768214E1,-8.170210226E0,1.755698439E2
1.090824600E1,2.900090929E-2,7.377074584E-2,8.342924409E-2,9.933562066E-1,1.766762746E2,9.890306944E0,-8.147515309E0,1.759493265E2
1.091829100E1,2.602441455E-2,7.310802221E-2,8.241698874E-2,9.935720827E-1,1.770174850E2,9.745400025E0,-8.104933141E0,1.763071212E2
1.092833700E1,2.313571170E-2,7.233296307E-2,8.180330922E-2,9.937509118E-1,1.773486062E2,9.647205621E0,-8.046500320E0,1.766525210E2
1.093838200E1,2.027023176E-2,7.149557038E-2,8.162141198E-2,9.938889849E-1,1.776770434E2,9.599378394E0,-7.978896464E0,1.769922038E2
1.094842800E1,1.735173109E-2,7.064056394E-2,8.189193647E-2,9.939831409E-1,1.780115383E2,9.603942863E0,-7.908363250E0,1.773343978E2
1.095847300E1,1.440532921E-2,6.981628024E-2,8.262187445E-2,9.940280695E-1,1.783492138E2,9.662106706E0,-7.840640952E0,1.776757645E2
1.096851900E1,1.152804815E-2,6.902192081E-2,8.380198291E-2,9.940223375E-1,1.786789537E2,9.773521788E0,-7.775188014E0,1.780053253E2
1.097856400E1,8.832883630E-3,6.819412180E-2,8.540737020E-2,9.939704547E-1,1.789878129E2,9.935939144E0,-7.704099968E0,1.783110284E2
1.098860900E1,6.399830359E-3,6.721446111E-2,8.740549895E-2,9.938821149E-1,1.792666285E2,1.014586224E1,-7.613373091E0,1.785852913E2
1.099865500E1,4.191714819E-3,6.603453770E-2,8.972426182E-2,9.937663376E-1,1.795196635E2,1.039459129E1,-7.498116743E0,1.788336628E2
1.100870000E1,2.221138917E-3,6.470902590E-2,9.228861701E-2,9.936249349E-1,1.797454760E2,1.067372194E1,-7.364609254E0,1.790549297E2
1.101874600E1,4.547644954E-4,6.330431490E-2,9.507305778E-2,9.934553360E-1,1.799478878E2,1.098020503E1,-7.220809007E0,1.792526071E2
1.102879100E1,1.063069960E-3,-6.192491835E-2,-9.805613137E-2,-9.932518088E-1,1.798781811E2,1.131203168E1,-7.078122161E0,1.794207592E2
1.103883700E1,2.369959439E-3,-6.069256426E-2,-1.012147018E-1,-9.930087901E-1,1.797284224E2,1.166637901E1,-6.950756817E0,1.795625257E2
1.104888200E1,3.386541425E-3,-5.964857233E-2,-1.045292077E-1,-9.927257319E-1,1.796119302E2,1.204146342E1,-6.842318084E0,1.796684023E2
1.105892700E1,4.207056272E-3,-5.873668049E-2,-1.079861475E-1,-9.924068488E-1,1.795179054E2,1.243486052E1,-6.747263969E0,1.797498741E2
1.106897300E1,4.756651176E-3,-5.794238098E-2,-1.115279790E-1,-9.920593059E-1,1.794549259E2,1.284030612E1,-6.662781067E0,1.797988719E2
1.107901800E1,4.983738396E-3,-5.727193525E-2,-1.150737881E-1,-9.916921225E-1,1.794289033E2,1.324869704E1,-6.588585586E0,1.798098783E2
1.108906400E1,4.921866822E-3,-5.671855240E-2,-1.185271270E-1,-9.913173528E-1,1.794359933E2,1.364855383E1,-6.523972877E0,1.797873667E2
1.109910900E1,4.709278118E-3,-5.624852811E-2,-1.218115387E-1,-9.909469663E-1,1.794603545E2,1.403001967E1,-6.466709766E0,1.797480047E2
1.110915500E1,4.265935419E-3,-5.584796973E-2,-1.248595092E-1,-9.905922162E-1,1.795111583E2,1.438571044E1,-6.413922811E0,1.796831926E2
1.111920000E1,3.571566090E-3,-5.546485488E-2,-1.276135318E-1,-9.902655360E-1,1.795907278E2,1.470892804E1,-6.359210453E0,1.795916850E2
1.112924500E1,2.683700579E-3,-5.507267845E-2,-1.300664152E-1,-9.899710138E-1,1.796924702E2,1.499835694E1,-6.300260446E0,1.794804690E2
1.113929100E1,1.588008958E-3,-5.473949708E-2,-1.322185913E-1,-9.897067110E-1,1.798180275E2,1.525423111E1,-6.244532972E0,1.793468445E2
1.114933600E1,2.628277473E-4,-5.453913360E-2,-1.340699522E-1,-9.894699300E-1,1.799698822E2,1.547682187E1,-6.200045201E0,1.791871188E2
1.115938200E1,1.165402508E-3,5.453705260E-2,1.356314877E-1,9.892565405E-1,1.798664547E2,1.566683638E1,-6.176185808E0,1.790144941E2
1.116942700E1,2.839180303E-3,5.480354448E-2,1.368856963E-1,9.890656574E-1,1.796746535E2,1.582339205E1,-6.178789537E0,1.788115777E2
1.117947300E1,4.593880047E-3,5.528933960E-2,1.378577606E-1,9.888970278E-1,1.794735783E2,1.594842324E1,-6.204896942E0,1.785976464E2
1.118951800E1,6.555689405E-3,5.594126178E-2,1.385609861E-1,9.887509890E-1,1.792487679E2,1.604420975E1,-6.246562194E0,1.783590276E2
1.119956300E1,8.830649847E-3,5.667480397E-2,1.390184506E-1,9.886272880E-1,1.789880689E2,1.611391549E1,-6.292561564E0,1.780848487E2
1.120960900E1,1.145804224E-2,5.740128393E-2,1.392941595E-1,9.885196028E-1,1.786869763E2,1.616496880E1,-6.332177877E0,1.777716907E2
1.121965400E1,1.433532329E-2,5.805165195E-2,1.394365105E-1,9.884240138E-1,1.783572367E2,1.620208272E1,-6.359217943E0,1.774320910E2
1.122970000E1,1.746173437E-2,5.858920866E-2,1.394458934E-1,9.883406894E-1,1.779989309E2,1.622505950E1,-6.369635767E0,1.770667667E2
1.123974500E1,2.072491197E-2,5.899471666E-2,1.393193975E-1,9.882713157E-1,1.776249300E2,1.623264520E1,-6.363210214E0,1.766888838E2
1.124979100E1,2.432201904E-2,5.928068566E-2,1.390496129E-1,9.882102450E-1,1.772126271E2,1.622512157E1,-6.338352827E0,1.762758175E2
1.125983600E1,2.806937964E-2,5.942554702E-2,1.386545890E-1,9.881577300E-1,1.767830635E2,1.620316467E1,-6.295700913E0,1.758487415E2
1.126988200E1,3.206018043E-2,5.948313542E-2,1.381815591E-1,9.880991459E-1,1.763255443E2,1.617299077E1,-6.239817954E0,1.753958140E2
1.127992700E1,3.625379186E-2,5.950988549E-2,1.376697620E-1,9.880239559E-1,1.758447109E2,1.613915438E1,-6.177692367E0,1.749204496E2
1.128997200E1,4.059424291E-2,5.957925657E-2,1.371372603E-1,9.879249951E-1,1.753469639E2,1.610389061E1,-6.118533624E0,1.744276650E2
1.130001725E1,4.504006107E-2,5.970284430E-2,1.366219597E-1,9.877962786E-1,1.748370426E2,1.607148552E1,-6.064131518E0,1.739217419E2
1.131006225E1,4.952604519E-2,5.986593944E-2,1.361836878E-1,9.876322009E-1,1.743224106E2,1.604843403E1,-6.013441871E0,1.734099845E2
1.132010825E1,5.398008199E-2,6.000926243E-2,1.358782259E-1,9.874321298E-1,1.738113303E2,1.604030118E1,-5.960379141E0,1.729012804E2
1.133015325E1,5.868244803E-2,6.014460913E-2,1.356943682E-1,9.871808925E-1,1.732716213E2,1.604747671E1,-5.901666145E0,1.723635321E2
1.134019925E1,6.358657103E-2,6.025236545E-2,1.356123847E-1,9.868818184E-1,1.727085966E2,1.606714273E1,-5.835786655E0,1.718024998E2
1.135024425E1,6.868343156E-2,6.033718862E-2,1.355733751E-1,9.865403868E-1,1.721232572E2,1.609238062E1,-5.763751354E0,1.712194764E2
1.136028925E1,7.397821370E-2,6.038454587E-2,1.355374397E-1,9.861595057E-1,1.715149697E2,1.611835341E1,-5.684119679E0,1.706143300E2
1.137033525E1,7.937520195E-2,6.036376484E-2,1.355657650E-1,9.857371943E-1,1.708946935E2,1.615114173E1,-5.594334895E0,1.699981548E2
1.138038025E1,8.495321091E-2,6.025334010E-2,1.358061706E-1,9.852458042E-1,1.702533314E2,1.620782377E1,-5.488983430E0,1.693615107E2
1.139042625E1,9.060952871E-2,6.004503720E-2,1.364320645E-1,9.846678445E-1,1.696026524E2,1.630751318E1,-5.366415851E0,1.687154090E2
1.140047125E1,9.644939604E-2,5.971297799E-2,1.375516165E-1,9.839773948E-1,1.689305056E2,1.646258667E1,-5.219925002E0,1.680478865E2
1.141051725E1,1.023610395E-1,5.914102154E-2,1.392171783E-1,9.831801029E-1,1.682497082E2,1.667643841E1,-5.036579092E0,1.673737941E2
1.142056225E1,1.083325735E-1,5.820005100E-2,1.413650449E-1,9.822894557E-1,1.675615907E2,1.693911417E1,-4.801832519E0,1.666976035E2
1.143060725E1,1.143221886E-1,5.686511543E-2,1.438719368E-1,9.813244193E-1,1.668709370E2,1.723498096E1,-4.514463076E0,1.660257303E2
1.144065325E1,1.204288455E-1,5.517438670E-2,1.466021122E-1,9.802859209E-1,1.661662938E2,1.754859558E1,-4.178451100E0,1.653473111E2
1.145069825E1,1.266506054E-1,5.319724643E-2,1.494401229E-1,9.791819685E-1,1.654478277E2,1.786701092E1,-3.803003434E0,1.646621588E2
1.146074425E1,1.328670970E-1,5.100950362E-2,1.523539716E-1,9.780248690E-1,1.647293951E2,1.818679786E1,-3.399144372E0,1.639829692E2
1.147078925E1,1.390420318E-1,4.880358498E-2,1.553482260E-1,9.768072465E-1,1.640151669E2,1.851143798E1,-2.988959426E0,1.633102987E2
1.148083525E1,1.452299899E-1,4.676677004E-2,1.584981813E-1,9.754996405E-1,1.632988048E2,1.885317035E1,-2.590913196E0,1.626340556E2
1.149088025E1,1.513586475E-1,4.494659517E-2,1.618564422E-1,9.741011238E-1,1.625886593E2,1.921901936E1,-2.210349798E0,1.619614175E2
1.150092625E1,1.574768526E-1,4.330881078E-2,1.653771371E-1,9.726128343E-1,1.618790521E2,1.960353331E1,-1.842908103E0,1.612875641E2
1.151097125E1,1.636376682E-1,4.165013210E-2,1.689823680E-1,9.710473739E-1,1.611637940E2,1.999406207E1,-1.466057678E0,1.606107131E2
1.152101625E1,1.699694735E-1,3.990059534E-2,1.725023042E-1,9.694128348E-1,1.604279116E2,2.036971995E1,-1.072642332E0,1.599178410E2
1.153106225E1,1.764826367E-1,3.822552680E-2,1.756259599E-1,9.677542299E-1,1.596701001E2,2.069806462E1,-6.873346820E-1,1.592043526E2
1.154110725E1,1.830459969E-1,3.685741902E-2,1.780124198E-1,9.661507109E-1,1.589055379E2,2.094510993E1,-3.466829203E-1,1.584798162E2
1.155115325E1,1.895282665E-1,3.597290945E-2,1.793686580E-1,9.646823147E-1,1.581494887E2,2.108199838E1,-8.101611624E-2,1.577546027E2
1.156119825E1,1.957957557E-1,3.554974983E-2,1.796737432E-1,9.633885750E-1,1.574175737E2,2.110712783E1,1.067001020E-1,1.570436211E2
1.157124425E1,2.018410889E-1,3.525824642E-2,1.792503729E-1,9.622299160E-1,1.567107168E2,2.105088400E1,2.582387922E-1,1.563543387E2
1.158128925E1,2.077768403E-1,3.459533971E-2,1.785260793E-1,9.611245306E-1,1.560157977E2,2.095032279E1,4.403974627E-1,1.556843455E2
1.159133425E1,2.129568566E-1,3.296717007E-2,1.777847320E-1,9.601849088E-1,1.554086238E2,2.082292586E1,7.111618435E-1,1.551205473E2
1.160138025E1,2.180021294E-1,3.039838288E-2,1.769546077E-1,9.592904262E-1,1.548165690E2,2.065978039E1,1.079012476E0,1.545902384E2
1.161142525E1,2.229993969E-1,2.727001724E-2,1.758060376E-1,9.584465620E-1,1.542294733E2,2.044347214E1,1.497628511E0,1.540743882E2
1.162147125E1,2.280111208E-1,2.418389329E-2,1.739152298E-1,9.576948730E-1,1.536399873E2,2.014097764E1,1.890395031E0,1.535520565E2
1.163151625E1,2.330157219E-1,2.173040933E-2,1.708123051E-1,9.571074302E-1,1.530506296E2,1.971503196E1,2.178178655E0,1.530126563E2
1.164156225E1,2.378668242E-1,2.018099108E-2,1.660878489E-1,9.567794434E-1,1.524786545E2,1.912845380E1,2.315153897E0,1.524674052E2
1.165160725E1,2.424483131E-1,1.944167741E-2,1.594240686E-1,9.567783054E-1,1.519378261E2,1.834556306E1,2.298259679E0,1.519321997E2
1.166165225E1,2.466266673E-1,1.900208051E-2,1.508320595E-1,9.571122771E-1,1.514440298E2,1.735642659E1,2.179149632E0,1.514336023E2
1.167169825E1,2.502926002E-1,1.827492093E-2,1.406398451E-1,9.577265252E-1,1.510103451E2,1.618333835E1,2.028549525E0,1.509961801E2
1.168174325E1,2.534864884E-1,1.702328070E-2,1.294924726E-1,9.584813753E-1,1.506321580E2,1.489228717E1,1.892032150E0,1.506199508E2
1.169178925E1,2.562741231E-1,1.502969789E-2,1.184670098E-1,9.591993469E-1,1.503018079E2,1.359692507E1,1.827306308E0,1.503006503E2
1.170183425E1,2.587535379E-1,1.210586037E-2,1.086463568E-1,9.597375621E-1,1.500077713E2,1.241117555E1,1.890436812E0,1.500282301E2
1.171188025E1,2.611657917E-1,8.535021315E-3,1.006993367E-1,9.599891577E-1,1.497215053E2,1.141584739E1,2.075213406E0,1.497693743E2
1.172192525E1,2.637547462E-1,5.177245114E-3,9.475557742E-2,9.599104696E-1,1.494140545E2,1.064906494E1,2.295027911E0,1.494859114E2
1.173197025E1,2.665849281E-1,2.665777632E-3,9.074574733E-2,9.595262378E-1,1.490776984E2,1.012124302E1,2.479798061E0,1.491658828E2
1.174201625E1,2.696357278E-1,1.182519397E-3,8.849515303E-2,9.588867437E-1,1.487148166E2,9.818497262E0,2.605283394E0,1.488122047E2
1.175206125E1,2.728644714E-1,7.093182895E-4,8.768064148E-2,9.580483164E-1,1.483304181E2,9.704916014E0,2.664683759E0,1.484309890E2
1.176210725E1,2.762181383E-1,1.065920141E-3,8.784156078E-2,9.570717318E-1,1.479307592E2,9.724613622E0,2.664442817E0,1.480296197E2
1.177215225E1,2.797132921E-1,1.971339814E-3,8.847348955E-2,9.559963971E-1,1.475138123E2,9.813505308E0,2.620776750E0,1.476073232E2
1.178219825E1,2.833609543E-1,3.085552340E-3,8.915920034E-2,9.548547865E-1,1.470782004E2,9.915084349E0,2.558302308E0,1.471645768E2
1.179224325E1,2.871749702E-1,4.066198870E-3,8.963672940E-2,9.536661822E-1,1.466221981E2,9.989539470E0,2.506186405E0,1.467020950E2
1.180228925E1,2.911875187E-1,4.714356814E-3,8.990347417E-2,9.524205742E-1,1.461418712E2,1.002985402E1,2.486124206E0,1.462178276E2
1.181233425E1,2.954771196E-1,5.010306715E-3,8.995428746E-2,9.510922109E-1,1.456277005E2,1.003422489E1,2.500513444E0,1.457025064E2
1.182237925E1,2.999969266E-1,4.965947157E-3,8.980950250E-2,9.496901749E-1,1.450851629E2,1.000497461E1,2.547804678E0,1.451615175E2
1.183242525E1,3.046286123E-1,4.645720671E-3,8.954843965E-2,9.482409977E-1,1.445283565E2,9.952890702E0,2.622054274E0,1.446084478E2
1.184247025E1,3.092893162E-1,4.170146169E-3,8.926271563E-2,9.467601892E-1,1.439671868E2,9.892071338E0,2.712234897E0,1.440522131E2
1.185251625E1,3.139164501E-1,3.678134396E-3,8.912925764E-2,9.452507420E-1,1.434091735E2,9.846763678E0,2.808891035E0,1.434995019E2
1.186256125E1,3.184357092E-1,3.300124580E-3,8.931171661E-2,9.437219704E-1,1.428633009E2,9.839684143E0,2.903346893E0,1.429585712E2
1.187260725E1,3.228272001E-1,3.247016917E-3,8.980517455E-2,9.421820510E-1,1.423320232E2,9.878125242E0,2.972953334E0,1.424301708E2
1.188265225E1,3.270580482E-1,3.715742556E-3,9.053088006E-2,9.406504556E-1,1.418193841E2,9.961269720E0,2.993764554E0,1.419164943E2
1.189269725E1,3.311279165E-1,4.765117424E-3,9.138323421E-2,9.391383110E-1,1.413255005E2,1.008049756E1,2.955989833E0,1.414167969E2
1.190274325E1,3.351082860E-1,6.361708535E-3,9.230593936E-2,9.376255552E-1,1.408417542E2,1.022895425E1,2.862264809E0,1.409223579E2
1.191278825E1,3.390654957E-1,8.394630162E-3,9.329198596E-2,9.360879960E-1,1.403601015E2,1.040214060E1,2.725325105E0,1.404257876E2
1.192283425E1,3.429878500E-1,1.065465218E-2,9.445379281E-2,9.345182788E-1,1.398819701E2,1.060469235E1,2.572245393E0,1.399303741E2
1.193287925E1,3.468018237E-1,1.283339927E-2,9.595268489E-2,9.329291530E-1,1.394163507E2,1.084228659E1,2.441987951E0,1.394481168E2
1.194292525E1,3.504293397E-1,1.461721985E-2,9.794093350E-2,9.313394371E-1,1.389728446E2,1.111872006E1,2.373616065E0,1.389920602E2
1.195297025E1,3.538432134E-1,1.588906686E-2,1.004921850E-1,9.297546523E-1,1.385548715E2,1.143651510E1,2.382534439E0,1.385672598E2
1.196301525E1,3.570805761E-1,1.671870387E-2,1.035975147E-1,9.281603424E-1,1.381579758E2,1.179664362E1,2.461613510E0,1.381690251E2
1.197306125E1,3.601771050E-1,1.731404654E-2,1.071452494E-1,9.265488155E-1,1.377778539E2,1.219489875E1,2.584796747E0,1.377909987E2
1.198310625E1,3.631071750E-1,1.794525882E-2,1.109622366E-1,9.249424095E-1,1.374177173E2,1.262358590E1,2.716018075E0,1.374332330E2
1.199315225E1,3.658857692E-1,1.884897681E-2,1.149277545E-1,9.233438427E-1,1.370757908E2,1.307956488E1,2.825407861E0,1.370909146E2
1.200319725E1,3.685430016E-1,2.021651034E-2,1.189807483E-1,9.217434004E-1,1.367484231E2,1.356446035E1,2.890662284E0,1.367575770E2
1.201324325E1,3.711122524E-1,2.208015442E-2,1.231066455E-1,9.201265841E-1,1.364315417E2,1.407838765E1,2.908419244E0,1.364280650E2
1.202328825E1,3.736637383E-1,2.438363247E-2,1.272899046E-1,9.184651553E-1,1.361165045E2,1.461751427E1,2.885271664E0,1.360937202E2
1.203333325E1,3.762655897E-1,2.697172292E-2,1.314580699E-1,9.167418129E-1,1.357948888E2,1.516761512E1,2.835813877E0,1.357474295E2
1.204337925E1,3.789748102E-1,2.959657596E-2,1.355924439E-1,9.149408569E-1,1.354596110E2,1.571610983E1,2.786475790E0,1.353853010E2
1.205342425E1,3.817622342E-1,3.213639247E-2,1.396021528E-1,9.130915375E-1,1.351142354E2,1.624810228E1,2.745674638E0,1.350125529E2
1.206347025E1,3.845715745E-1,3.455766570E-2,1.433892579E-1,9.112354746E-1,1.347657087E2,1.675173346E1,2.711476124E0,1.346365922E2
1.207351525E1,3.873760890E-1,3.681309634E-2,1.469125395E-1,9.093961229E-1,1.344173396E2,1.722049323E1,2.686175595E0,1.342616459E2
1.208356125E1,3.902251106E-1,3.893625437E-2,1.500825199E-1,9.075701739E-1,1.340629857E2,1.764605305E1,2.662758154E0,1.338811814E2
1.209360625E1,3.931665813E-1,4.096203211E-2,1.529773024E-1,9.057262915E-1,1.336966452E2,1.803813952E1,2.641718242E0,1.334890317E2
1.210365125E1,3.961891004E-1,4.293536336E-2,1.557927804E-1,9.038359210E-1,1.333196883E2,1.841970377E1,2.627001078E0,1.330863180E2
1.211369725E1,3.992154338E-1,4.497355862E-2,1.587258059E-1,9.018927616E-1,1.329417188E2,1.881728368E1,2.614105973E0,1.326808738E2
1.212374225E1,4.021068551E-1,4.727998695E-2,1.619170125E-1,8.999209003E-1,1.325800912E2,1.925567003E1,2.586028237E0,1.322862218E2
1.213378825E1,4.047140802E-1,4.997212217E-2,1.653853346E-1,8.979738634E-1,1.322535776E2,1.974296770E1,2.528723708E0,1.319182196E2
1.214383325E1,4.069100996E-1,5.296251482E-2,1.689806821E-1,8.961387896E-1,1.319782414E2,2.025974027E1,2.441330568E0,1.315934610E2
1.215387925E1,4.085911688E-1,5.620714781E-2,1.724054507E-1,8.945224579E-1,1.317672702E2,2.077267685E1,2.311341409E0,1.313246864E2
1.216392425E1,4.096717719E-1,5.982358449E-2,1.752478289E-1,8.932403930E-1,1.316315646E2,2.124380322E1,2.104058368E0,1.311188973E2
1.217396925E1,4.100665614E-1,6.383585910E-2,1.770308092E-1,8.924295297E-1,1.315819677E2,2.162368887E1,1.790831604E0,1.309849764E2
1.218401525E1,4.098858357E-1,6.800726441E-2,1.773033887E-1,8.921502647E-1,1.316046732E2,2.185260812E1,1.375396808E0,1.309140311E2
1.219406025E1,4.094763791E-1,7.179392694E-2,1.758322951E-1,8.923327184E-1,1.316561080E2,2.187880850E1,9.093338278E-1,1.308765821E2
1.220410625E1,4.093109106E-1,7.442016556E-2,1.728300012E-1,8.927798965E-1,1.316768907E2,2.168687717E1,4.927930325E-1,1.308345196E2
1.221415125E1,4.097957679E-1,7.514250986E-2,1.688271569E-1,8.932627308E-1,1.316159882E2,2.129705081E1,2.363630487E-1,1.307566377E2
1.222419725E1,4.110878217E-1,7.370200960E-2,1.642937207E-1,8.936343817E-1,1.314536232E2,2.074656800E1,1.921128789E-1,1.306286131E2
1.223424225E1,4.129506702E-1,7.047695382E-2,1.595707449E-1,8.938915196E-1,1.312193469E2,2.008968610E1,3.318698625E-1,1.304677919E2
1.224428825E1,4.149786080E-1,6.618987649E-2,1.548328543E-1,8.941132963E-1,1.309640613E2,1.937976874E1,5.811122049E-1,1.303050287E2
1.225433325E1,4.167984457E-1,6.159639684E-2,1.502736822E-1,8.943728156E-1,1.307347513E2,1.867407708E1,8.644764901E-1,1.301689200E2
1.226437825E1,4.181942861E-1,5.740570408E-2,1.460777000E-1,8.946952179E-1,1.305587248E2,1.802681668E1,1.114845744E0,1.300726338E2
1.227442425E1,4.191594489E-1,5.417794301E-2,1.423990467E-1,8.950378717E-1,1.304369373E2,1.748155743E1,1.283142547E0,1.300085257E2
1.228446925E1,4.198579487E-1,5.212780966E-2,1.394048977E-1,8.953034390E-1,1.303487610E2,1.706608374E1,1.359188766E0,1.299549173E2
1.229451525E1,4.204921112E-1,5.106492936E-2,1.372822770E-1,8.953950452E-1,1.302686792E2,1.679042368E1,1.375555113E0,1.298919837E2
1.230456042E1,4.210971714E-1,5.065820437E-2,1.361633072E-1,8.953046824E-1,1.301922482E2,1.665221916E1,1.373334395E0,1.298220852E2
1.231460642E1,4.214976086E-1,5.057685832E-2,1.361059480E-1,8.951295622E-1,1.301416521E2,1.664164095E1,1.386176339E0,1.297732345E2
1.232465142E1,4.213904502E-1,5.045751161E-2,1.371500597E-1,8.950273350E-1,1.301551928E2,1.674559875E1,1.447774704E0,1.297897688E2
1.233469642E1,4.204884444E-1,5.009600229E-2,1.393110498E-1,8.951381602E-1,1.302691423E2,1.695646100E1,1.574209750E0,1.299113734E2
1.234474242E1,4.186942531E-1,4.946126548E-2,1.425162386E-1,8.955098111E-1,1.304956447E2,1.726598964E1,1.762430426E0,1.301508643E2
1.235478742E1,4.161191439E-1,4.858027518E-2,1.465445027E-1,8.961079802E-1,1.308203718E2,1.765317725E1,1.999662023E0,1.304937473E2
1.236483342E1,4.129263937E-1,4.762115515E-2,1.510342432E-1,8.968905208E-1,1.312224013E2,1.808878782E1,2.252884758E0,1.309161784E2
1.237487842E1,4.092700703E-1,4.676736537E-2,1.556251729E-1,8.978260122E-1,1.316820200E2,1.854379211E1,2.487850339E0,1.313948799E2
1.238492442E1,4.053100788E-1,4.626013331E-2,1.599704235E-1,8.988844460E-1,1.321788805E2,1.899232132E1,2.665801083E0,1.319044452E2
1.239496942E1,4.012034163E-1,4.645170128E-2,1.637722062E-1,9.000315568E-1,1.326931372E2,1.941775607E1,2.739549561E0,1.324174367E2
1.240501442E1,3.971309560E-1,4.760173599E-2,1.668591731E-1,9.012098773E-1,1.332021145E2,1.981162410E1,2.678497611E0,1.329050986E2
1.241506042E1,3.932362290E-1,4.971399379E-2,1.691499333E-1,9.023757645E-1,1.336879650E2,2.016322303E1,2.482277144E0,1.333483002E2
1.242510542E1,3.896154775E-1,5.260777007E-2,1.706524737E-1,9.034987251E-1,1.341388492E2,2.046368169E1,2.172923765E0,1.337379834E2
1.243515142E1,3.863042104E-1,5.589656241E-2,1.714591328E-1,9.045698030E-1,1.345505377E2,2.070481158E1,1.796292617E0,1.340775379E2
1.244519642E1,3.833320778E-1,5.914404031E-2,1.716316820E-1,9.055942454E-1,1.349195348E2,2.087360390E1,1.401758090E0,1.343729681E2
1.245524242E1,3.806939591E-1,6.192836649E-2,1.712309076E-1,9.065963921E-1,1.352466506E2,2.095807059E1,1.036255077E0,1.346350847E2
1.246528742E1,3.783658514E-1,6.396815806E-2,1.703271422E-1,9.075990656E-1,1.355350072E2,2.095370101E1,7.320919568E-1,1.348741842E2
1.247533242E1,3.763658781E-1,6.518035410E-2,1.690051536E-1,9.085909706E-1,1.357824847E2,2.086640268E1,5.025467911E-1,1.350909045E2
1.248537842E1,3.746992653E-1,6.567507381E-2,1.674088206E-1,9.095391483E-1,1.359885464E2,2.071703182E1,3.430790253E-1,1.352827096E2
1.249542342E1,3.733089461E-1,6.566922594E-2,1.657775585E-1,9.104097125E-1,1.361603322E2,2.054138866E1,2.406824636E-1,1.354519424E2
1.250546942E1,3.720842851E-1,6.542938929E-2,1.643398241E-1,9.111886284E-1,1.363115638E2,2.037611449E1,1.752967668E-1,1.356061614E2
1.251551442E1,3.708650822E-1,6.517695075E-2,1.633021266E-1,9.118900995E-1,1.364620419E2,2.025334173E1,1.293557012E-1,1.357600231E2
1.252556042E1,3.695019688E-1,6.508118257E-2,1.628458975E-1,9.125316588E-1,1.366301886E2,2.020009445E1,8.975275655E-2,1.359280093E2
1.253560542E1,3.679321462E-1,6.526201889E-2,1.630450360E-1,9.131172682E-1,1.368237124E2,2.022957431E1,4.556546323E-2,1.361151022E2
1.254565042E1,3.661813029E-1,6.579970731E-2,1.638829154E-1,9.136323659E-1,1.370393996E2,2.034344557E1,-1.213327303E-2,1.363162750E2
1.255569642E1,3.643369990E-1,6.672909274E-2,1.652907413E-1,9.140485660E-1,1.372664276E2,2.053574681E1,-8.847604974E-2,1.365198201E2
1.256574142E1,3.625078047E-1,6.801003029E-2,1.671536215E-1,9.143426878E-1,1.374914220E2,2.079231104E1,-1.821987696E-1,1.367130756E2
1.257578742E1,3.608011734E-1,6.960778044E-2,1.693030212E-1,9.145019397E-1,1.377011861E2,2.109342718E1,-2.946988782E-1,1.368833951E2
1.258583242E1,3.592658059E-1,7.143238073E-2,1.715880758E-1,9.145398297E-1,1.378897730E2,2.141894270E1,-4.219332550E-1,1.370266536E2
1.259587842E1,3.578923033E-1,7.335219076E-2,1.738812648E-1,9.144933206E-1,1.380583771E2,2.174943651E1,-5.557000986E-1,1.371468876E2
1.260592342E1,3.566383292E-1,7.520432875E-2,1.761054014E-1,9.144070250E-1,1.382122255E2,2.206957660E1,-6.831457909E-1,1.372530763E2
1.261596842E1,3.554934522E-1,7.686299690E-2,1.781227813E-1,9.143241643E-1,1.383526201E2,2.235903980E1,-7.971490034E-1,1.373498286E2
1.262601442E1,3.544639943E-1,7.827735030E-2,1.798149668E-1,9.142726397E-1,1.384788052E2,2.260276851E1,-8.971634725E-1,1.374380235E2
1.263605942E1,3.535764871E-1,7.946015946E-2,1.811291477E-1,9.142548327E-1,1.385875485E2,2.279556660E1,-9.859746184E-1,1.375145291E2
1.264610542E1,3.528487585E-1,8.041515963E-2,1.820364903E-1,9.142723869E-1,1.386766855E2,2.293445983E1,-1.064618028E0,1.375774443E2
1.265615042E1,3.522694922E-1,8.113495404E-2,1.825942301E-1,9.143209400E-1,1.387476192E2,2.302534422E1,-1.130061861E0,1.376284796E2
1.266619642E1,3.518485506E-1,8.166414461E-2,1.828594022E-1,9.143828748E-1,1.387991550E2,2.307635874E1,-1.184213858E0,1.376654430E2
1.267624142E1,3.515497926E-1,8.199745769E-2,1.828473324E-1,9.144703085E-1,1.388357266E2,2.308891631E1,-1.226715987E0,1.376929067E2
1.268628642E1,3.513469399E-1,8.216191996E-2,1.825280648E-1,9.145972969E-1,1.388605558E2,2.306088536E1,-1.262258558E0,1.377134436E2
1.269633242E1,3.512045678E-1,8.215483929E-2,1.818866740E-1,9.147803828E-1,1.388779809E2,2.299048998E1,-1.292038182E0,1.377314151E2
1.270637742E1,3.510765678E-1,8.194618605E-2,1.809190930E-1,9.150400496E-1,1.388936461E2,2.287596330E1,-1.314204010E0,1.377531263E2
1.271642342E1,3.509335636E-1,8.150274325E-2,1.796629220E-1,9.153819026E-1,1.389111467E2,2.271997548E1,-1.324382303E0,1.377828596E2
1.272646842E1,3.507628267E-1,8.080115627E-2,1.782146193E-1,9.157926237E-1,1.389320398E2,2.253206899E1,-1.316318938E0,1.378225377E2
1.273651442E1,3.505830914E-1,7.986595985E-2,1.766915165E-1,9.162384741E-1,1.389540325E2,2.232614396E1,-1.287109784E0,1.378689919E2
1.274655942E1,3.503499983E-1,7.877966171E-2,1.751865632E-1,9.167106242E-1,1.389825519E2,2.211582702E1,-1.242446426E0,1.379253027E2
1.275660442E1,3.500142354E-1,7.763589107E-2,1.737090317E-1,9.172175033E-1,1.390236284E2,2.190607176E1,-1.192796846E0,1.379950042E2
1.276665042E1,3.495424858E-1,7.650190904E-2,1.722548600E-1,9.177668031E-1,1.390813319E2,2.169926745E1,-1.146051660E0,1.380804781E2
1.277669542E1,3.489617865E-1,7.541076928E-2,1.708359231E-1,9.183430349E-1,1.391523470E2,2.149813872E1,-1.104472716E0,1.381776719E2
1.278674142E1,3.483057919E-1,7.438636378E-2,1.694976395E-1,9.189234180E-1,1.392325505E2,2.130867049E1,-1.067867464E0,1.382819947E2
1.279678642E1,3.476085355E-1,7.344908636E-2,1.683131814E-1,9.194804097E-1,1.393177759E2,2.113970214E1,-1.034577073E0,1.383888582E2
1.280683242E1,3.468240772E-1,7.257382276E-2,1.673594193E-1,9.200199947E-1,1.394136319E2,2.099848654E1,-9.998726299E-1,1.385043612E2
1.281687742E1,3.459032950E-1,7.174777614E-2,1.666866397E-1,9.205535317E-1,1.395261080E2,2.088992603E1,-9.614924645E-1,1.386347534E2
1.282692242E1,3.447927256E-1,7.089138379E-2,1.662788584E-1,9.211101230E-1,1.396617130E2,2.080895368E1,-9.129930770E-1,1.387882986E2
1.283696842E1,3.434720119E-1,6.990587456E-2,1.660216678E-1,9.217250455E-1,1.398229009E2,2.073909018E1,-8.491773625E-1,1.389697599E2
1.284701342E1,3.419907610E-1,6.871622708E-2,1.657559846E-1,9.224127556E-1,1.400035830E2,2.066008950E1,-7.675238806E-1,1.391748928E2
1.285705942E1,3.404023095E-1,6.734326188E-2,1.653922889E-1,9.231666152E-1,1.401972264E2,2.056324394E1,-6.725686644E-1,1.393967728E2
1.286710442E1,3.387705521E-1,6.587862728E-2,1.648750101E-1,9.239647079E-1,1.403960257E2,2.044636659E1,-5.746551841E-1,1.396255613E2
1.287715042E1,3.370923489E-1,6.441772268E-2,1.642224820E-1,9.247972768E-1,1.406003541E2,2.031534289E1,-4.830311810E-1,1.398594485E2
1.288719542E1,3.353370591E-1,6.306370776E-2,1.634905651E-1,9.256581262E-1,1.408139287E2,2.018036947E1,-4.069167023E-1,1.400998495E2
1.289724142E1,3.334973280E-1,6.198633421E-2,1.626914767E-1,9.265358975E-1,1.410376258E2,2.004941468E1,-3.638754557E-1,1.403440135E2
1.290728642E1,3.315805737E-1,6.137877159E-2,1.617342743E-1,9.274314338E-1,1.412705240E2,1.991991277E1,-3.777719940E-1,1.405871118E2
1.291733142E1,3.296306497E-1,6.139889671E-2,1.604829133E-1,9.283420164E-1,1.415072821E2,1.978279393E1,-4.697262137E-1,1.408207726E2
1.292737742E1,3.277162345E-1,6.210434539E-2,1.588505290E-1,9.292532524E-1,1.417395626E2,1.963040349E1,-6.477732664E-1,1.410358812E2
1.293742242E1,3.259057745E-1,6.348355886E-2,1.568656021E-1,9.301335314E-1,1.419590798E2,1.946512877E1,-9.081510639E-1,1.412247366E2
1.294746842E1,3.242479493E-1,6.547071428E-2,1.546617276E-1,9.309438678E-1,1.421599631E2,1.929896749E1,-1.237778161E0,1.413830573E2
1.295751342E1,3.227052692E-1,6.792564176E-2,1.524269963E-1,9.316723550E-1,1.423467855E2,1.914708413E1,-1.615433352E0,1.415182059E2
1.296755942E1,3.211671411E-1,7.065835123E-2,1.503514616E-1,9.323377062E-1,1.425329534E2,1.902281941E1,-2.016023745E0,1.416470797E2
1.297760442E1,3.194785065E-1,7.340327800E-2,1.486113789E-1,9.329844707E-1,1.427372198E2,1.893481593E1,-2.407816320E0,1.417933027E2
1.298764942E1,3.175090475E-1,7.587586502E-2,1.472809083E-1,9.336697995E-1,1.429753013E2,1.887965712E1,-2.760430553E0,1.419781474E2
1.299769542E1,3.151503834E-1,7.785050019E-2,1.463563829E-1,9.344513285E-1,1.432602149E2,1.884767925E1,-3.052241232E0,1.422191893E2
1.300774042E1,3.123427500E-1,7.914122899E-2,1.457515098E-1,9.353797183E-1,1.435990553E2,1.882199193E1,-3.267937299E0,1.425277365E2
1.301778642E1,3.090894348E-1,7.960620092E-2,1.453290851E-1,9.364859887E-1,1.439912716E2,1.878234819E1,-3.397385031E0,1.429067499E2
1.302783142E1,3.054498226E-1,7.920327442E-2,1.449620519E-1,9.377703507E-1,1.444295433E2,1.871405657E1,-3.439336285E0,1.433502552E2
1.303787742E1,3.015478252E-1,7.807640730E-2,1.445518234E-1,9.391898987E-1,1.448988143E2,1.861309066E1,-3.409883585E0,1.438402792E2
1.304792242E1,2.975243396E-1,7.649312142E-2,1.440718103E-1,9.406759755E-1,1.453820605E2,1.848788124E1,-3.335394537E0,1.443539505E2
1.305796742E1,2.935409355E-1,7.473258961E-2,1.436261654E-1,9.421359634E-1,1.458598678E2,1.836129844E1,-3.238718437E0,1.448655309E2
1.306801342E1,2.897462230E-1,7.306577131E-2,1.434104947E-1,9.434734305E-1,1.463144733E2,1.826542173E1,-3.139427308E0,1.453511309E2
1.307805842E1,2.862271718E-1,7.171705635E-2,1.435813106E-1,9.446243344E-1,1.467355670E2,1.822564434E1,-3.055175622E0,1.457955440E2
1.308810442E1,2.829835715E-1,7.085116516E-2,1.442243925E-1,9.455684871E-1,1.471232908E2,1.825684676E1,-3.001551090E0,1.461955013E2
1.309814942E1,2.799545196E-1,7.053914940E-2,1.453085806E-1,9.463271725E-1,1.474850194E2,1.835736814E1,-2.989138137E0,1.465570204E2
1.310819542E1,2.770801467E-1,7.074643287E-2,1.467497236E-1,9.469350565E-1,1.478279685E2,1.851605872E1,-3.018688651E0,1.468881022E2
1.311824042E1,2.743567016E-1,7.129600143E-2,1.484702265E-1,9.474184808E-1,1.481526371E2,1.871794969E1,-3.074057931E0,1.471929511E2
1.312828542E1,2.718621350E-1,7.196750873E-2,1.503692344E-1,9.477872447E-1,1.484497903E2,1.894448805E1,-3.133370203E0,1.474671958E2
1.313833142E1,2.697045536E-1,7.259388729E-2,1.523387856E-1,9.480413059E-1,1.487066263E2,1.917839618E1,-3.179890917E0,1.477020098E2
1.314837642E1,2.679633197E-1,7.309680193E-2,1.543454840E-1,9.481718558E-1,1.489137832E2,1.941367955E1,-3.204435840E0,1.478900217E2
1.315842242E1,2.666485488E-1,7.349176268E-2,1.563693309E-1,9.481804959E-1,1.490701342E2,1.964874047E1,-3.208842915E0,1.480299658E2
1.316846742E1,2.657240787E-1,7.383901056E-2,1.584121254E-1,9.480738854E-1,1.491800358E2,1.988569493E1,-3.200019403E0,1.481248871E2
1.317851342E1,2.651108632E-1,7.419049157E-2,1.604672084E-1,9.478724867E-1,1.492529192E2,2.012527018E1,-3.185168672E0,1.481830410E2
1.318855842E1,2.647638892E-1,7.456021690E-2,1.625481958E-1,9.475858249E-1,1.492941529E2,2.036929622E1,-3.166092715E0,1.482093943E2
1.319860342E1,2.646215593E-1,7.492314078E-2,1.646432340E-1,9.472352053E-1,1.493110660E2,2.061541224E1,-3.141575983E0,1.482118116E2
1.320864942E1,2.646611984E-1,7.522980652E-2,1.667291816E-1,9.468348734E-1,1.493063557E2,2.085930360E1,-3.107350693E0,1.481941993E2
1.321869442E1,2.649026999E-1,7.543449795E-2,1.687459031E-1,9.463936802E-1,1.492776574E2,2.109275211E1,-3.059844155E0,1.481555332E2
1.322874042E1,2.653633439E-1,7.541972548E-2,1.706260318E-1,9.459286530E-1,1.492229123E2,2.130431050E1,-2.988044025E0,1.480968417E2
1.323878542E1,2.660277046E-1,7.510183815E-2,1.723305505E-1,9.454581677E-1,1.491439438E2,2.148668872E1,-2.884450225E0,1.480221222E2
1.324883142E1,2.668580818E-1,7.447052050E-2,1.738138878E-1,9.450024760E-1,1.490452208E2,2.163422507E1,-2.750243365E0,1.479362487E2
1.325887642E1,2.677921614E-1,7.355421641E-2,1.750425211E-1,9.445831780E-1,1.489341405E2,2.174384447E1,-2.591002939E0,1.478459062E2
1.326892142E1,2.687480941E-1,7.245500025E-2,1.760101758E-1,9.442167112E-1,1.488204305E2,2.181798114E1,-2.419841418E0,1.477581502E2
1.327896742E1,2.696741868E-1,7.129604095E-2,1.766873334E-1,9.439143076E-1,1.487102400E2,2.185731245E1,-2.252228496E0,1.476760254E2
1.328901242E1,2.705485863E-1,7.010512906E-2,1.770196087E-1,9.436909925E-1,1.486061729E2,2.185665740E1,-2.093500552E0,1.476013961E2
1.329905842E1,2.714382220E-1,6.888253854E-2,1.769846847E-1,9.435320989E-1,1.485002653E2,2.181369864E1,-1.942983265E0,1.475262986E2
1.330910387E1,2.723974632E-1,6.766358320E-2,1.765917971E-1,9.434174805E-1,1.483860404E2,2.173076889E1,-1.803034749E0,1.474433513E2
1.331914987E1,2.734663073E-1,6.655815565E-2,1.759035180E-1,9.433154851E-1,1.482587262E2,2.161862144E1,-1.682635406E0,1.473450612E2
1.332919487E1,2.746289703E-1,6.562279065E-2,1.750914114E-1,9.431943551E-1,1.481201911E2,2.149833010E1,-1.582695996E0,1.472316753E2
1.333923988E1,2.758024650E-1,6.485756193E-2,1.742995670E-1,9.430515194E-1,1.479803169E2,2.138590392E1,-1.500378048E0,1.471127696E2
1.334928587E1,2.768684852E-1,6.426485080E-2,1.735562441E-1,9.429167760E-1,1.478532106E2,2.128444470E1,-1.437604717E0,1.470022236E2
1.335933087E1,2.776997686E-1,6.381149822E-2,1.728875422E-1,9.428260127E-1,1.477540649E2,2.119562769E1,-1.392689283E0,1.469158125E2
1.336937687E1,2.782454017E-1,6.339006661E-2,1.723020434E-1,9.428007246E-1,1.476889747E2,2.111675937E1,-1.354821871E0,1.468620145E2
1.337942187E1,2.785490065E-1,6.284698340E-2,1.717546823E-1,9.428472758E-1,1.476527521E2,2.103771066E1,-1.307948317E0,1.468392799E2
1.338946788E1,2.786639831E-1,6.211289593E-2,1.711633989E-1,9.429694174E-1,1.476390336E2,2.094707942E1,-1.246108037E0,1.468429630E2
1.339951287E1,2.786579140E-1,6.123227441E-2,1.704590882E-1,9.431564651E-1,1.476397577E2,2.083878454E1,-1.174856835E0,1.468641448E2
1.340955787E1,2.786062630E-1,6.034520969E-2,1.696644093E-1,9.433721516E-1,1.476459205E2,2.072019148E1,-1.106842620E0,1.468907261E2
1.341960387E1,2.785339601E-1,5.951039126E-2,1.688919788E-1,9.435850564E-1,1.476545473E2,2.060587693E1,-1.044097379E0,1.469183708E2
1.342964887E1,2.784692436E-1,5.875967159E-2,1.682507145E-1,9.437657610E-1,1.476622688E2,2.050908585E1,-9.858473943E-1,1.469430073E2
1.343969488E1,2.784056229E-1,5.811595224E-2,1.678079934E-1,9.439033072E-1,1.476698593E2,2.043807943E1,-9.324899354E-1,1.469649018E2
1.344973987E1,2.782953668E-1,5.759559144E-2,1.675930182E-1,9.440058927E-1,1.476830136E2,2.039659944E1,-8.858529389E-1,1.469893323E2
1.345978587E1,2.780952746E-1,5.716818552E-2,1.675734357E-1,9.440942114E-1,1.477068848E2,2.037997651E1,-8.446588957E-1,1.470221178E2
1.346983087E1,2.777966010E-1,5.681969430E-2,1.676773698E-1,9.441848482E-1,1.477425142E2,2.037972128E1,-8.099705496E-1,1.470647022E2
1.347987587E1,2.774497956E-1,5.653223172E-2,1.678469898E-1,9.442737991E-1,1.477838813E2,2.038881602E1,-7.807126381E-1,1.471115502E2
1.348992188E1,2.770995975E-1,5.627573654E-2,1.680422456E-1,9.443572920E-1,1.478256488E2,2.040183068E1,-7.540300461E-1,1.471581264E2
1.349996687E1,2.767720321E-1,5.610330851E-2,1.681883951E-1,9.444376239E-1,1.478647128E2,2.041218958E1,-7.375581706E-1,1.472002547E2
1.351001287E1,2.764346255E-1,5.602729667E-2,1.682255897E-1,9.445342877E-1,1.479049465E2,2.041357855E1,-7.352768502E-1,1.472415202E2
1.352005787E1,2.760554725E-1,5.598809483E-2,1.681658097E-1,9.446581994E-1,1.479501534E2,2.040532887E1,-7.410293602E-1,1.472869650E2
1.353010388E1,2.756110340E-1,5.590406455E-2,1.680409391E-1,9.448151122E-1,1.480031378E2,2.038827749E1,-7.454469200E-1,1.473410758E2
1.354014888E1,2.750654430E-1,5.572283837E-2,1.679243135E-1,9.450054895E-1,1.480681716E2,2.036887156E1,-7.412232260E-1,1.474091503E2
1.355019387E1,2.744203434E-1,5.543685093E-2,1.678936727E-1,9.452152965E-1,1.481450532E2,2.035557313E1,-7.249622356E-1,1.474910997E2
1.356023987E1,2.737786154E-1,5.511356880E-2,1.679736622E-1,9.454060531E-1,1.482215183E2,2.035345371E1,-7.009860737E-1,1.475733598E2
1.357028487E1,2.732369442E-1,5.489497417E-2,1.681733961E-1,9.455399115E-1,1.482860499E2,2.036825375E1,-6.823176675E-1,1.476415291E2
1.358033088E1,2.728381296E-1,5.494562415E-2,1.684942074E-1,9.455950607E-1,1.483335557E2,2.040550376E1,-6.858086304E-1,1.476870676E2
1.359037588E1,2.725902218E-1,5.534952266E-2,1.689105919E-1,9.455686767E-1,1.483630831E2,2.046507159E1,-7.211894684E-1,1.477071948E2
1.360042187E1,2.724958972E-1,5.611162198E-2,1.694186721E-1,9.454600222E-1,1.483743172E2,2.054670625E1,-7.890339226E-1,1.477014157E2
1.361046687E1,2.725485807E-1,5.714515753E-2,1.700421821E-1,9.452711200E-1,1.483680426E2,2.065028993E1,-8.792854239E-1,1.476722535E2
1.362051187E1,2.726916904E-1,5.833522122E-2,1.707704111E-1,9.450258464E-1,1.483509978E2,2.077088872E1,-9.810226937E-1,1.476287139E2
1.363055788E1,2.728766097E-1,5.954708009E-2,1.715588628E-1,9.447540203E-1,1.483289723E2,2.089910964E1,-1.082145836E0,1.475794408E2
1.364060288E1,2.730430265E-1,6.061078752E-2,1.723633144E-1,9.444918458E-1,1.483091496E2,2.102434618E1,-1.167057480E0,1.475353465E2
1.365064887E1,2.731621335E-1,6.137510481E-2,1.731249027E-1,9.442686361E-1,1.482949616E2,2.113493244E1,-1.222030426E0,1.475033539E2
1.366069387E1,2.733305523E-1,6.178663718E-2,1.737492556E-1,9.440783852E-1,1.482748987E2,2.121860286E1,-1.242321255E0,1.474736036E2
1.367073988E1,2.737006438E-1,6.191621766E-2,1.741972133E-1,9.438800843E-1,1.482308080E2,2.127346220E1,-1.233512453E0,1.474267601E2
1.368078488E1,2.741922868E-1,6.194254891E-2,1.744489459E-1,9.436891170E-1,1.481722290E2,2.130308982E1,-1.217277826E0,1.473682189E2
1.369082988E1,2.748115715E-1,6.197231512E-2,1.746397342E-1,9.434718289E-1,1.480984293E2,2.132616047E1,-1.200562052E0,1.472947024E2
1.370087587E1,2.756249003E-1,6.211509284E-2,1.748035116E-1,9.431948609E-1,1.480014848E2,2.135019627E1,-1.192575823E0,1.471958548E2
1.371092087E1,2.765949522E-1,6.239403122E-2,1.750009801E-1,9.428556630E-1,1.478858291E2,2.138274200E1,-1.194609355E0,1.470754282E2
1.372096688E1,2.776620471E-1,6.283869627E-2,1.752454160E-1,9.424670480E-1,1.477585644E2,2.142625881E1,-1.210681114E0,1.469397381E2
1.373101188E1,2.787197645E-1,6.345469354E-2,1.755439843E-1,9.420578864E-1,1.476323778E2,2.148167202E1,-1.243463756E0,1.468010787E2
1.374105787E1,2.796357841E-1,6.423478429E-2,1.758984024E-1,9.416674380E-1,1.475230633E2,2.154883384E1,-1.295031216E0,1.466751236E2
1.375110287E1,2.802901560E-1,6.515006632E-2,1.763080276E-1,9.413333821E-1,1.474449542E2,2.162657025E1,-1.364975050E0,1.465765719E2
1.376114787E1,2.806226104E-1,6.613710337E-2,1.767792083E-1,9.410770449E-1,1.474052649E2,2.171333085E1,-1.447659346E0,1.465139207E2
1.377119387E1,2.807105708E-1,6.707497085E-2,1.773173867E-1,9.408831273E-1,1.473947633E2,2.180564486E1,-1.528241708E0,1.464808800E2
1.378123888E1,2.806913097E-1,6.784884494E-2,1.779297014E-1,9.407177852E-1,1.473970629E2,2.190052263E1,-1.591112828E0,1.464640382E2
1.379128487E1,2.806866525E-1,6.841177405E-2,1.786171428E-1,9.405480388E-1,1.473976189E2,2.199661578E1,-1.628463539E0,1.464502434E2
1.380132987E1,2.808027249E-1,6.879362450E-2,1.794068483E-1,9.403352815E-1,1.473837607E2,2.209813972E1,-1.640159886E0,1.464263737E2
1.381137587E1,2.810635296E-1,6.906354872E-2,1.802836977E-1,9.400698406E-1,1.473526205E2,2.220580659E1,-1.633539115E0,1.463880175E2
1.382142087E1,2.814317456E-1,6.932272550E-2,1.811917779E-1,9.397660251E-1,1.473086513E2,2.231678327E1,-1.622148360E0,1.463372499E2
1.383146588E1,2.818640669E-1,6.963529180E-2,1.820427386E-1,9.394487647E-1,1.472570208E2,2.242333506E1,-1.616812950E0,1.462777161E2
1.384151187E1,2.822684448E-1,6.998906191E-2,1.827880740E-1,9.391563288E-1,1.472087213E2,2.251948757E1,-1.620009364E0,1.462205923E2
1.385155687E1,2.825939871E-1,7.033179481E-2,1.833839935E-1,9.389166818E-1,1.471698337E2,2.259846160E1,-1.628849811E0,1.461731716E2
1.386160287E1,2.828221490E-1,7.062297158E-2,1.838312717E-1,9.387385060E-1,1.471425763E2,2.265889944E1,-1.639449945E0,1.461386074E2
1.387164787E1,2.829932863E-1,7.086253427E-2,1.841587948E-1,9.386047951E-1,1.471221302E2,2.270409115E1,-1.649912384E0,1.461121790E2
1.388169387E1,2.831750235E-1,7.106832679E-2,1.844340875E-1,9.384802933E-1,1.471004164E2,2.274229638E1,-1.658267894E0,1.460853803E2
1.389173887E1,2.834357650E-1,7.125485821E-2,1.847425287E-1,9.383267734E-1,1.470692612E2,2.278367407E1,-1.661547063E0,1.460497300E2
1.390178387E1,2.837976378E-1,7.149702346E-2,1.850501901E-1,9.381382927E-1,1.470260180E2,2.282707533E1,-1.668378164E0,1.460008203E2
1.391182987E1,2.842787230E-1,7.183497797E-2,1.853051786E-1,9.379165792E-1,1.469685215E2,2.286815035E1,-1.684382979E0,1.459356204E2
1.392187487E1,2.848834039E-1,7.227024428E-2,1.854542994E-1,9.376700623E-1,1.468962416E2,2.290103945E1,-1.711426442E0,1.458536046E2
1.393192087E1,2.855928196E-1,7.274918526E-2,1.854509645E-1,9.374177713E-1,1.468114250E2,2.291867132E1,-1.745833648E0,1.457583999E2
1.394196587E1,2.863397672E-1,7.323142423E-2,1.853035612E-1,9.371815592E-1,1.467221009E2,2.292048046E1,-1.784635179E0,1.456589045E2
1.395201187E1,2.870403953E-1,7.365864049E-2,1.850530877E-1,9.369831530E-1,1.466382970E2,2.290884275E1,-1.822220574E0,1.455663401E2
1.396205687E1,2.876472888E-1,7.401055087E-2,1.847878945E-1,9.368216673E-1,1.465656901E2,2.289280288E1,-1.854524180E0,1.454866820E2
1.397210187E1,2.881561067E-1,7.428644414E-2,1.845798998E-1,9.366844161E-1,1.465048061E2,2.288031892E1,-1.879080256E0,1.454203335E2
1.398214787E1,2.885924108E-1,7.454448822E-2,1.844426486E-1,9.365567111E-1,1.464525911E2,2.287499485E1,-1.901009294E0,1.453628405E2
1.399219287E1,2.889848823E-1,7.486321850E-2,1.843342732E-1,9.364315350E-1,1.464056157E2,2.287499699E1,-1.929451711E0,1.453089140E2
1.400223887E1,2.893461861E-1,7.524554309E-2,1.841779190E-1,9.363201620E-1,1.463623656E2,2.287189628E1,-1.967091623E0,1.452571486E2
1.401228387E1,2.896985970E-1,7.563550681E-2,1.838812262E-1,9.362380810E-1,1.463201753E2,2.285344524E1,-2.010658975E0,1.452064671E2
1.402232988E1,2.900745258E-1,7.593841094E-2,1.834184802E-1,9.361878630E-1,1.462751643E2,2.281345812E1,-2.050204313E0,1.451554876E2
1.403237488E1,2.905286371E-1,7.596461048E-2,1.827394681E-1,9.361777267E-1,1.462207852E2,2.273964569E1,-2.065998085E0,1.451026265E2
1.404241987E1,2.911069761E-1,7.510102155E-2,1.812685431E-1,9.363537319E-1,1.461515186E2,2.254594428E1,-2.011791364E0,1.450586165E2
1.405246587E1,2.917217300E-1,7.361375410E-2,1.795217143E-1,9.366169811E-1,1.460778767E2,2.229926228E1,-1.899990584E0,1.450257133E2
1.406251087E1,2.922659512E-1,7.169151009E-2,1.780209598E-1,9.368829067E-1,1.460126720E2,2.206435311E1,-1.734847266E0,1.450105311E2
1.407255688E1,2.926702449E-1,6.985510342E-2,1.768888797E-1,9.371098042E-1,1.459642250E2,2.187342144E1,-1.569159776E0,1.450083907E2
1.408260188E1,2.929524602E-1,6.845157121E-2,1.763201501E-1,9.372323673E-1,1.459304031E2,2.176051664E1,-1.432727873E0,1.450090499E2
1.409264787E1,2.930840005E-1,6.764915317E-2,1.762096042E-1,9.372702573E-1,1.459146377E2,2.171982386E1,-1.347872713E0,1.450125252E2
1.410269287E1,2.930736745E-1,6.750873041E-2,1.763127902E-1,9.372642303E-1,1.459158753E2,2.172629042E1,-1.329482335E0,1.450169176E2
1.411273787E1,2.929637345E-1,6.793026738E-2,1.765352360E-1,9.372263192E-1,1.459290519E2,2.176589073E1,-1.369225860E0,1.450197268E2
1.412278388E1,"","","","","","","",""