"Time (s)","w","x","y","z","Direct (°)","Yaw (°)","Pitch (°)","Roll (°)"
1.507416659E-3,4.534804759E-1,-3.797468562E-1,5.983380299E-1,-5.404992512E-1,1.260655842E2,-9.025619140E1,7.594627545E0,-1.076350646E2
1.155241666E-2,4.520432631E-1,-3.790266087E-1,5.995742391E-1,-5.408386228E-1,1.262502933E2,-9.036420700E1,7.589950547E0,-1.078591615E2
2.159641666E-2,4.503671461E-1,-3.781710171E-1,6.009661072E-1,-5.412907953E-1,1.264655158E2,-9.048247881E1,7.579966320E0,-1.081213075E2
3.164141666E-2,4.485768850E-1,-3.772567993E-1,6.024179502E-1,-5.418013938E-1,1.266951701E2,-9.060459750E1,7.565817813E0,-1.084006805E2
4.168541665E-2,4.469186120E-1,-3.764421323E-1,6.037385480E-1,-5.422684283E-1,1.269076870E2,-9.071772859E1,7.549264798E0,-1.086558578E2
5.173041666E-2,4.455980933E-1,-3.758678183E-1,6.047650977E-1,-5.426093700E-1,1.270767781E2,-9.081116359E1,7.531170623E0,-1.088516425E2
6.177441665E-2,4.448496864E-1,-3.756828990E-1,6.053079280E-1,-5.427462261E-1,1.271725557E2,-9.087099439E1,7.512421624E0,-1.089491934E2
7.181941665E-2,4.447901487E-1,-3.759680013E-1,6.052648329E-1,-5.426456901E-1,1.271801734E2,-9.088969517E1,7.492524717E0,-1.089285841E2
8.186341665E-2,4.452854005E-1,-3.767074783E-1,6.047161968E-1,-5.423381603E-1,1.271167999E2,-9.087724424E1,7.465946386E0,-1.088055622E2
9.190841665E-2,4.460504396E-1,-3.777460610E-1,6.038937432E-1,-5.419033840E-1,1.270188696E2,-9.085284970E1,7.430900522E0,-1.086251994E2
1.019524166E-1,4.468061168E-1,-3.788980502E-1,6.030494259E-1,-5.414166880E-1,1.269220968E2,-9.083573518E1,7.389212761E0,-1.084349262E2
1.119974167E-1,4.472663814E-1,-3.799476859E-1,6.024366002E-1,-5.409831444E-1,1.268631348E2,-9.084232211E1,7.342983109E0,-1.082858752E2
1.220414166E-1,4.471475589E-1,-3.806768896E-1,6.022768004E-1,-5.407465847E-1,1.268783579E2,-9.088406547E1,7.291285682E0,-1.082291343E2
1.320864166E-1,4.463100694E-1,-3.809597476E-1,6.026627286E-1,-5.408092465E-1,1.269856257E2,-9.096255990E1,7.232488898E0,-1.082914740E2
1.421304166E-1,4.447516528E-1,-3.807361586E-1,6.035764301E-1,-5.412314684E-1,1.271850986E2,-9.107005765E1,7.166344785E0,-1.084784494E2
1.521754166E-1,4.426284632E-1,-3.800091992E-1,6.048858589E-1,-5.420203731E-1,1.274565839E2,-9.118878373E1,7.096100570E0,-1.087724796E2
1.622194166E-1,4.401509503E-1,-3.788202472E-1,6.064322163E-1,-5.431411789E-1,1.277729745E2,-9.130073372E1,7.027036082E0,-1.091467258E2
1.722644166E-1,4.374952510E-1,-3.772461256E-1,6.080870069E-1,-5.445305340E-1,1.281116456E2,-9.139520221E1,6.962880361E0,-1.095748206E2
1.823084166E-1,4.347850980E-1,-3.753798631E-1,6.097577080E-1,-5.461204238E-1,1.284567598E2,-9.146777980E1,6.904909792E0,-1.100346699E2
1.923534166E-1,4.320867672E-1,-3.733168592E-1,6.113900554E-1,-5.478484498E-1,1.287998706E2,-9.151942929E1,6.851992704E0,-1.105101835E2
2.023974166E-1,4.294268269E-1,-3.711355807E-1,6.129796765E-1,-5.496425253E-1,1.291376187E2,-9.155650038E1,6.804158638E0,-1.109912262E2
2.124424166E-1,4.268014101E-1,-3.688887848E-1,6.145420918E-1,-5.514523162E-1,1.294705196E2,-9.158582183E1,6.760865124E0,-1.114733768E2
2.224864166E-1,4.241917827E-1,-3.666143618E-1,6.160889760E-1,-5.532535671E-1,1.298009668E2,-9.161232939E1,6.720054415E0,-1.119550431E2
2.325314166E-1,4.215504186E-1,-3.642689002E-1,6.176581769E-1,-5.550691059E-1,1.301349787E2,-9.163779705E1,6.682033631E0,-1.124452365E2
2.425754166E-1,4.190128938E-1,-3.620118100E-1,6.191535049E-1,-5.567985070E-1,1.304554339E2,-9.166193123E1,6.645809002E0,-1.129151564E2
2.526204166E-1,4.166398998E-1,-3.598446612E-1,6.205351208E-1,-5.584434563E-1,1.307547374E2,-9.167894982E1,6.613637459E0,-1.133585819E2
2.626644166E-1,4.145345910E-1,-3.578141841E-1,6.217385081E-1,-5.599743036E-1,1.310199782E2,-9.168321926E1,6.588094746E0,-1.137608913E2
2.727094166E-1,4.127296100E-1,-3.559408937E-1,6.227459337E-1,-5.613804068E-1,1.312471593E2,-9.167353926E1,6.569877695E0,-1.141171789E2
2.827534166E-1,4.111694180E-1,-3.542066984E-1,6.235832441E-1,-5.626910895E-1,1.314433660E2,-9.165180296E1,6.556262523E0,-1.144349520E2
2.927984166E-1,4.097363725E-1,-3.525931800E-1,6.242991188E-1,-5.639546204E-1,1.316234496E2,-9.162323670E1,6.540356203E0,-1.147279869E2
3.028424166E-1,4.083337411E-1,-3.510454108E-1,6.249531220E-1,-5.652117608E-1,1.317995882E2,-9.159177990E1,6.519935087E0,-1.150112313E2
3.128874166E-1,4.069236972E-1,-3.495040162E-1,6.255673702E-1,-5.665028662E-1,1.319765356E2,-9.155574105E1,6.495565851E0,-1.152939780E2
3.229314166E-1,4.055586188E-1,-3.479523589E-1,6.260923302E-1,-5.678553849E-1,1.321477244E2,-9.150661093E1,6.468735720E0,-1.155723706E2
3.329764166E-1,4.043037543E-1,-3.464274543E-1,6.264252377E-1,-5.693136501E-1,1.323049917E2,-9.143246515E1,6.435255089E0,-1.158361499E2
3.430204166E-1,4.031945494E-1,-3.449205991E-1,6.265266641E-1,-5.709012218E-1,1.324439246E2,-9.132685250E1,6.395627274E0,-1.160824487E2
3.530654166E-1,4.021419792E-1,-3.433708806E-1,6.264642657E-1,-5.726436515E-1,1.325756952E2,-9.119470264E1,6.349722469E0,-1.163259424E2
3.631094167E-1,4.009865128E-1,-3.416855862E-1,6.263844501E-1,-5.745462130E-1,1.327202707E2,-9.104992689E1,6.298893381E0,-1.165913376E2
3.731540416E-1,3.995696886E-1,-3.397624781E-1,6.264529281E-1,-5.765954085E-1,1.328974392E2,-9.090862216E1,6.246850545E0,-1.169040567E2
3.831980416E-1,3.978361992E-1,-3.375417396E-1,6.267537091E-1,-5.787673937E-1,1.331140433E2,-9.077860027E1,6.198557191E0,-1.172750776E2
3.932430416E-1,3.957412480E-1,-3.350971381E-1,6.272198533E-1,-5.811144674E-1,1.333755764E2,-9.065636076E1,6.140905939E0,-1.177014865E2
4.032870416E-1,3.934358681E-1,-3.323925538E-1,6.278345440E-1,-5.835641581E-1,1.336630824E2,-9.053715278E1,6.089422119E0,-1.181713870E2
4.133320416E-1,3.912159303E-1,-3.292125003E-1,6.287637029E-1,-5.858543968E-1,1.339396414E2,-9.042924769E1,6.097666373E0,-1.186758184E2
4.233760416E-1,3.898907070E-1,-3.258591706E-1,6.297729092E-1,-5.875261515E-1,1.341046019E2,-9.032253522E1,6.210620980E0,-1.191079717E2
4.334210416E-1,3.910913653E-1,-3.235057749E-1,6.296476487E-1,-5.881627586E-1,1.339551512E2,-9.012824908E1,6.427818594E0,-1.191993620E2
4.434650416E-1,3.957091532E-1,-3.234360113E-1,6.271323775E-1,-5.877996951E-1,1.333795811E2,-8.975839632E1,6.666663912E0,-1.187414757E2
4.535100416E-1,4.020048703E-1,-3.251896047E-1,6.229630953E-1,-5.869929307E-1,1.325928549E2,-8.928803284E1,6.840186876E0,-1.179449531E2
4.635540416E-1,4.074797670E-1,-3.269668635E-1,6.190872606E-1,-5.863307826E-1,1.319067686E2,-8.886587271E1,6.956144566E0,-1.172241710E2
4.735990416E-1,4.104557401E-1,-3.275141509E-1,6.168648889E-1,-5.862918547E-1,1.315330662E2,-8.858984957E1,7.027961478E0,-1.168667046E2
4.836430416E-1,4.102613747E-1,-3.264458969E-1,6.165782060E-1,-5.873244367E-1,1.315574900E2,-8.846830370E1,7.033932406E0,-1.169782112E2
4.936880416E-1,4.070632613E-1,-3.237605315E-1,6.177866615E-1,-5.897612095E-1,1.319590270E2,-8.843919068E1,6.954072964E0,-1.175394088E2
5.037320416E-1,4.013427960E-1,-3.195883833E-1,6.199738617E-1,-5.936494670E-1,1.326757000E2,-8.844240048E1,6.788065768E0,-1.184842811E2
5.137770416E-1,3.935512977E-1,-3.141871804E-1,6.228992745E-1,-5.986654266E-1,1.336486944E2,-8.846770229E1,6.551695871E0,-1.197388225E2
5.238210416E-1,3.841658479E-1,-3.079503846E-1,6.264458369E-1,-6.042754461E-1,1.348160703E2,-8.853207120E1,6.266000956E0,-1.212157772E2
5.338660416E-1,3.739378719E-1,-3.013025306E-1,6.302894083E-1,-6.100183230E-1,1.360826359E2,-8.862282814E1,5.956768282E0,-1.227993881E2
5.439100416E-1,3.638138091E-1,-2.946442347E-1,6.339372391E-1,-6.155874917E-1,1.373307986E2,-8.869771241E1,5.653470105E0,-1.243602167E2
5.539550416E-1,3.545617013E-1,-2.884238867E-1,6.369382422E-1,-6.208118780E-1,1.384668311E2,-8.871986828E1,5.368091618E0,-1.257860374E2
5.639990416E-1,3.467099647E-1,-2.832336076E-1,6.389286482E-1,-6.255725648E-1,1.394275733E2,-8.867123908E1,5.087644786E0,-1.269782350E2
5.740440416E-1,3.405885564E-1,-2.797832348E-1,6.396734462E-1,-6.297130712E-1,1.401745277E2,-8.855793929E1,4.781989038E0,-1.278486125E2
5.840880416E-1,3.363141494E-1,-2.787055399E-1,6.391139890E-1,-6.330476877E-1,1.406950590E2,-8.840722297E1,4.417201350E0,-1.283361825E2
5.941330416E-1,3.338520359E-1,-2.803317971E-1,6.373760426E-1,-6.353808318E-1,1.409945081E2,-8.825765823E1,3.976291136E0,-1.284191559E2
6.041770417E-1,3.331401862E-1,-2.847842113E-1,6.346118626E-1,-6.365401968E-1,1.410810335E2,-8.814384408E1,3.455668412E0,-1.280939656E2
6.142220416E-1,3.341296045E-1,-2.918102384E-1,6.310767746E-1,-6.363540131E-1,1.409607633E2,-8.809629072E1,2.885123884E0,-1.273857429E2
6.242660417E-1,3.367930430E-1,-3.006886933E-1,6.271215774E-1,-6.347246054E-1,1.406367822E2,-8.812972099E1,2.333233031E0,-1.263563147E2
6.343110417E-1,3.410445747E-1,-3.104244362E-1,6.231285955E-1,-6.316930564E-1,1.401189440E2,-8.824008902E1,1.882122778E0,-1.250968888E2
6.443550417E-1,3.465814168E-1,-3.201451221E-1,6.194219277E-1,-6.274591420E-1,1.394432775E2,-8.841512899E1,1.581810316E0,-1.237099173E2
6.544000417E-1,3.527630424E-1,-3.292521710E-1,6.162714086E-1,-6.223831968E-1,1.386871829E2,-8.864697942E1,1.429879597E0,-1.223079056E2
6.644440417E-1,3.588092396E-1,-3.373737001E-1,6.139505502E-1,-6.168465550E-1,1.379458293E2,-8.894037409E1,1.396244439E0,-1.209989783E2
6.744890417E-1,3.640526026E-1,-3.440447560E-1,6.127537799E-1,-6.112543004E-1,1.373014202E2,-8.929317856E1,1.464154942E0,-1.198916014E2
6.845330417E-1,3.680794073E-1,-3.488575362E-1,6.129242745E-1,-6.059206905E-1,1.368055640E2,-8.969938889E1,1.630262482E0,-1.190667803E2
6.945780417E-1,3.706403868E-1,-3.516620613E-1,6.145624487E-1,-6.010595889E-1,1.364897660E2,-9.015515007E1,1.880992724E0,-1.185663956E2
7.046220417E-1,3.716333771E-1,-3.525480829E-1,6.175933866E-1,-5.968056126E-1,1.363672256E2,-9.065501051E1,2.191025109E0,-1.183948206E2
7.146670417E-1,3.711087753E-1,-3.518220507E-1,6.216491041E-1,-5.933397509E-1,1.364319708E2,-9.117306756E1,2.516027925E0,-1.185196099E2
7.247110417E-1,3.694577568E-1,-3.499190784E-1,6.257334288E-1,-5.911982273E-1,1.366356407E2,-9.160474887E1,2.786880312E0,-1.188609871E2
7.347560417E-1,3.676187001E-1,-3.473732085E-1,6.286064424E-1,-5.907981062E-1,1.368623378E2,-9.181490636E1,2.964666122E0,-1.192769348E2
7.448000417E-1,3.662760490E-1,-3.445679354E-1,6.300545871E-1,-5.917313428E-1,1.370277319E2,-9.180151340E1,3.081965842E0,-1.196661513E2
7.548450417E-1,3.653410317E-1,-3.417443389E-1,6.308559778E-1,-5.930914532E-1,1.371428562E2,-9.169520830E1,3.186362453E0,-1.200163324E2
7.648890417E-1,3.643298972E-1,-3.391760469E-1,6.318609589E-1,-5.941171705E-1,1.372673015E2,-9.164028706E1,3.290072727E0,-1.203499192E2
7.749340417E-1,3.628223782E-1,-3.371939965E-1,6.334633504E-1,-5.944614365E-1,1.374527411E2,-9.171930755E1,3.369312131E0,-1.206773042E2
7.849780417E-1,3.608574921E-1,-3.360684333E-1,6.355441298E-1,-5.940736855E-1,1.376942662E2,-9.193560594E1,3.404392158E0,-1.209699115E2
7.950230417E-1,3.588762531E-1,-3.357637221E-1,6.377129961E-1,-5.931211668E-1,1.379376022E2,-9.222931227E1,3.406691705E0,-1.211885628E2
8.050670417E-1,3.573471654E-1,-3.359717695E-1,6.395928193E-1,-5.919011841E-1,1.381252690E2,-9.252123511E1,3.404753157E0,-1.213167849E2
8.151120417E-1,3.564183121E-1,-3.363305446E-1,6.410638075E-1,-5.906648695E-1,1.382392110E2,-9.276548102E1,3.420095546E0,-1.213740370E2
8.251560417E-1,3.558184571E-1,-3.366071333E-1,6.422557836E-1,-5.895730343E-1,1.383127719E2,-9.296278303E1,3.448075192E0,-1.214074824E2
8.352010417E-1,3.551594595E-1,-3.367456067E-1,6.433725276E-1,-5.886731886E-1,1.383935648E2,-9.313862924E1,3.470433330E0,-1.214588172E2
8.452450417E-1,3.542429657E-1,-3.367458069E-1,6.445936588E-1,-5.878888041E-1,1.385058907E2,-9.331953356E1,3.482711556E0,-1.215467889E2
8.552900417E-1,3.531050008E-1,-3.366931760E-1,6.459674248E-1,-5.870950104E-1,1.386453022E2,-9.351938089E1,3.488424741E0,-1.216602700E2
8.653340416E-1,3.519473955E-1,-3.367902508E-1,6.473332672E-1,-5.862293984E-1,1.387870543E2,-9.373008885E1,3.484689811E0,-1.217614502E2
8.753790417E-1,3.510663577E-1,-3.373157377E-1,6.483643477E-1,-5.853153175E-1,1.388948956E2,-9.392446522E1,3.460802955E0,-1.217963545E2
8.854230416E-1,3.508231388E-1,-3.385942307E-1,6.486649284E-1,-5.843892143E-1,1.389246596E2,-9.406853886E1,3.404897452E0,-1.217006696E2
8.954680417E-1,3.514414963E-1,-3.407686393E-1,6.480795403E-1,-5.834024934E-1,1.388489823E2,-9.415082458E1,3.320059034E0,-1.214400824E2
9.055120416E-1,3.526895066E-1,-3.436129615E-1,6.469061721E-1,-5.822821880E-1,1.386961883E2,-9.419955695E1,3.219116253E0,-1.210572568E2
9.155570416E-1,3.539045476E-1,-3.466637401E-1,6.457469441E-1,-5.810221342E-1,1.385473569E2,-9.426900392E1,3.108499982E0,-1.206572964E2
9.256010416E-1,3.544612442E-1,-3.495385872E-1,6.451192827E-1,-5.796560495E-1,1.384791422E2,-9.440560767E1,2.987337418E0,-1.203344293E2
9.356460416E-1,3.540835242E-1,-3.519996049E-1,6.453324825E-1,-5.781584876E-1,1.385254277E2,-9.463549758E1,2.864841277E0,-1.201370378E2
9.456900416E-1,3.528350713E-1,-3.539454195E-1,6.464695413E-1,-5.764609601E-1,1.386783618E2,-9.496232469E1,2.758299838E0,-1.200688737E2
9.557350416E-1,3.509364190E-1,-3.554390301E-1,6.483591425E-1,-5.745756683E-1,1.389107972E2,-9.536583229E1,2.671663853E0,-1.201031754E2
9.657790416E-1,3.486382778E-1,-3.566134941E-1,6.507163315E-1,-5.725787928E-1,1.391919026E2,-9.581484661E1,2.599289157E0,-1.202035830E2
9.758240416E-1,3.462023059E-1,-3.574977982E-1,6.533078780E-1,-5.705507391E-1,1.394895875E2,-9.627724777E1,2.545464385E0,-1.203431085E2
9.858680416E-1,3.438725124E-1,-3.580303764E-1,6.559835180E-1,-5.685521356E-1,1.397740302E2,-9.672556324E1,2.523636780E0,-1.205057058E2
9.959130416E-1,3.418236908E-1,-3.581705989E-1,6.586306351E-1,-5.666357816E-1,1.400239556E2,-9.713937245E1,2.542851019E0,-1.206800334E2
1.005957042E0,3.400738907E-1,-3.579060326E-1,6.611710469E-1,-5.648946426E-1,1.402372481E2,-9.750553988E1,2.598430300E0,-1.208661115E2
1.016002042E0,3.384795597E-1,-3.572772965E-1,6.635876524E-1,-5.634146139E-1,1.404314646E2,-9.782450881E1,2.672740912E0,-1.210730557E2
1.026046042E0,3.367651102E-1,-3.562667520E-1,6.659602144E-1,-5.622812008E-1,1.406401816E2,-9.810686781E1,2.745526195E0,-1.213271001E2
1.036091042E0,3.347085758E-1,-3.548211046E-1,6.684321376E-1,-5.614896198E-1,1.408903649E2,-9.837051812E1,2.808801636E0,-1.216530784E2
1.046135042E0,3.321625795E-1,-3.529248230E-1,6.710978520E-1,-5.610167216E-1,1.411998241E2,-9.862941498E1,2.856445685E0,-1.220651882E2
1.056180042E0,3.290004068E-1,-3.506367022E-1,6.739735841E-1,-5.608674164E-1,1.415837690E2,-9.889171338E1,2.874805089E0,-1.225681735E2
1.066224042E0,3.251772346E-1,-3.480958163E-1,6.770038793E-1,-5.610301348E-1,1.420473739E2,-9.916085402E1,2.849233537E0,-1.231514616E2
1.076269042E0,3.208722712E-1,-3.454715743E-1,6.801165189E-1,-5.613661295E-1,1.425686313E2,-9.943983802E1,2.785040258E0,-1.237822085E2
1.086313042E0,3.166937694E-1,-3.432775569E-1,6.830686738E-1,-5.615004726E-1,1.430738091E2,-9.973157418E1,2.702278008E0,-1.243577727E2
1.096358042E0,3.140869131E-1,-3.428587226E-1,6.850750114E-1,-5.607758734E-1,1.433885992E2,-1.000171164E2,2.625775731E0,-1.246241908E2
1.106402042E0,3.143352001E-1,-3.453716547E-1,6.854300037E-1,-5.586569406E-1,1.433586298E2,-1.002749820E2,2.580386104E0,-1.243603556E2
1.116447042E0,3.166851714E-1,-3.498130158E-1,6.847510917E-1,-5.553893481E-1,1.430748479E2,-1.005266352E2,2.586991991E0,-1.237278416E2
1.126491042E0,3.190425817E-1,-3.542566002E-1,6.841965657E-1,-5.518959961E-1,1.427899317E2,-1.008034174E2,2.610730601E0,-1.230926807E2
1.136536042E0,3.198473336E-1,-3.576903672E-1,6.842931873E-1,-5.490885102E-1,1.426926150E2,-1.011041836E2,2.575244347E0,-1.226874559E2
1.146580042E0,3.187000015E-1,-3.600265038E-1,6.848370292E-1,-5.475487278E-1,1.428313506E2,-1.013860074E2,2.421525741E0,-1.225546036E2
1.156625042E0,3.158015206E-1,-3.614352306E-1,6.855066478E-1,-5.474618631E-1,1.431815847E2,-1.016100117E2,2.133275188E0,-1.226592587E2
1.166669042E0,3.116031466E-1,-3.620732074E-1,6.861253214E-1,-5.486698339E-1,1.436882597E2,-1.017606292E2,1.735200060E0,-1.229469594E2
1.176714042E0,3.068404790E-1,-3.620951870E-1,6.865299522E-1,-5.508290065E-1,1.442621483E2,-1.018250529E2,1.283836241E0,-1.233402567E2
1.186758042E0,3.024467543E-1,-3.615870014E-1,6.865240305E-1,-5.535934182E-1,1.447907594E2,-1.017793668E2,8.554326370E-1,-1.237536817E2
1.196803042E0,2.992815576E-1,-3.605181362E-1,6.859871008E-1,-5.566678306E-1,1.451710861E2,-1.016019808E2,5.287832870E-1,-1.241207266E2
1.206847042E0,2.978742532E-1,-3.589239738E-1,6.849093216E-1,-5.597711242E-1,1.453400590E2,-1.012948598E2,3.554167500E-1,-1.243953382E2
1.216892042E0,2.984692508E-1,-3.571160005E-1,6.833067719E-1,-5.625620358E-1,1.452686281E2,-1.008876330E2,3.490659313E-1,-1.245259173E2
1.226936042E0,3.008527710E-1,-3.552639310E-1,6.812455066E-1,-5.649599070E-1,1.449823406E2,-1.004060099E2,4.864150383E-1,-1.245114349E2
1.236981042E0,3.044369074E-1,-3.535311160E-1,6.788389953E-1,-5.670198237E-1,1.445514198E2,-9.988240003E1,7.110008072E-1,-1.243822427E2
1.247025042E0,3.088354579E-1,-3.518566954E-1,6.762075252E-1,-5.688241092E-1,1.440218724E2,-9.933136442E1,9.961131622E-1,-1.241748235E2
1.257070042E0,3.138298489E-1,-3.499762611E-1,6.734701822E-1,-5.704956637E-1,1.434196254E2,-9.875053242E1,1.340282675E0,-1.239319278E2
1.267114042E0,3.190788490E-1,-3.477748259E-1,6.706742656E-1,-5.722213770E-1,1.427855465E2,-9.813849026E1,1.718418585E0,-1.236922645E2
1.277159042E0,3.242536918E-1,-3.450944654E-1,6.678637346E-1,-5.742189163E-1,1.421592675E2,-9.748996759E1,2.108675531E0,-1.234983121E2
1.287203042E0,3.290385076E-1,-3.416645760E-1,6.651391727E-1,-5.767051905E-1,1.415791456E2,-9.679990752E1,2.500799768E0,-1.234028514E2
1.297248042E0,3.332381671E-1,-3.374462138E-1,6.625395235E-1,-5.797617854E-1,1.410691253E2,-9.607274138E1,2.882624938E0,-1.234261528E2
1.307292042E0,3.369101902E-1,-3.325252215E-1,6.601139829E-1,-5.832392165E-1,1.406225249E2,-9.532456075E1,3.262738405E0,-1.235547045E2
1.317337042E0,3.397745638E-1,-3.269239580E-1,6.579756520E-1,-5.871473357E-1,1.402737202E2,-9.457603929E1,3.624755058E0,-1.238114121E2
1.327381042E0,3.415902078E-1,-3.207442396E-1,6.561907962E-1,-5.914835299E-1,1.400524245E2,-9.384661856E1,3.948904332E0,-1.242089901E2
1.337426042E0,3.422330843E-1,-3.141124330E-1,6.546837091E-1,-5.963213454E-1,1.399740317E2,-9.313579660E1,4.214176254E0,-1.247474916E2
1.347470042E0,3.420228031E-1,-3.073591591E-1,6.528552103E-1,-6.019393201E-1,1.399996757E2,-9.237851274E1,4.390839158E0,-1.253662138E2
1.357515042E0,3.422892133E-1,-3.012424819E-1,6.494946629E-1,-6.084798788E-1,1.399671863E2,-9.144731411E1,4.475342283E0,-1.258714578E2
1.367559042E0,3.444050062E-1,-2.963661336E-1,6.435977709E-1,-6.159012434E-1,1.397090413E2,-9.023574805E1,4.488100463E0,-1.260797376E2
1.377603875E0,3.485246604E-1,-2.928486525E-1,6.351023887E-1,-6.240314020E-1,1.392057934E2,-8.874888080E1,4.427879750E0,-1.259651708E2
1.387647875E0,3.537983692E-1,-2.904349973E-1,6.247631662E-1,-6.325703957E-1,1.385603657E2,-8.708934681E1,4.280492816E0,-1.256317590E2
1.397692875E0,3.591950413E-1,-2.888394124E-1,6.135324535E-1,-6.411930298E-1,1.378984620E2,-8.538275615E1,4.034204831E0,-1.252068345E2
1.407736875E0,3.639013059E-1,-2.878841541E-1,6.023243842E-1,-6.495413300E-1,1.373200343E2,-8.374912639E1,3.691711488E0,-1.247907611E2
1.417781875E0,3.674195668E-1,-2.875170445E-1,5.919426144E-1,-6.572219083E-1,1.368868739E2,-8.229375205E1,3.270935906E0,-1.244436132E2
1.427825875E0,3.697450297E-1,-2.877166625E-1,5.830170815E-1,-6.637761963E-1,1.366002131E2,-8.109435592E1,2.818736619E0,-1.241731053E2
1.437870875E0,3.716711617E-1,-2.884921962E-1,5.756809694E-1,-6.687482389E-1,1.363625617E2,-8.016109101E1,2.411187085E0,-1.239009868E2
1.447914875E0,3.741007063E-1,-2.899344613E-1,5.696236244E-1,-6.719490919E-1,1.360625162E2,-7.945217489E1,2.094673407E0,-1.235278603E2
1.457959875E0,3.773777502E-1,-2.919903530E-1,5.642984017E-1,-6.737173629E-1,1.356573025E2,-7.888846651E1,1.860685551E0,-1.230207540E2
1.468003875E0,3.813587518E-1,-2.945101023E-1,5.590415517E-1,-6.747606028E-1,1.351642554E2,-7.837196989E1,1.658551869E0,-1.224038235E2
1.478048875E0,3.855863126E-1,-2.971584206E-1,5.533246056E-1,-6.759082825E-1,1.346397118E2,-7.781179899E1,1.432836795E0,-1.217493810E2
1.488092875E0,3.895846998E-1,-2.995134285E-1,5.469811572E-1,-6.777366971E-1,1.341426786E2,-7.715865963E1,1.157940374E0,-1.211403675E2
1.498137875E0,3.929505366E-1,-3.011763640E-1,5.402566381E-1,-6.804450641E-1,1.337235691E2,-7.641683214E1,8.434433030E-1,-1.206518836E2
1.508181875E0,3.954067706E-1,-3.019095400E-1,5.336073089E-1,-6.839351604E-1,1.334173086E2,-7.562673969E1,5.162870079E-1,-1.203332556E2
1.518226875E0,3.969992893E-1,-3.016916408E-1,5.275188595E-1,-6.878208048E-1,1.332185538E2,-7.484602240E1,2.194233310E-1,-1.201821712E2
1.528270875E0,3.978698114E-1,-3.006082771E-1,5.224415340E-1,-6.916567370E-1,1.331098451E2,-7.413456170E1,-6.190866423E-3,-1.201767014E2
1.538315875E0,3.981473905E-1,-2.988854088E-1,5.186912126E-1,-6.950579876E-1,1.330751722E2,-7.354544655E1,-1.406197997E-1,-1.202844891E2
1.548359875E0,3.978879556E-1,-2.968847717E-1,5.164128488E-1,-6.977552806E-1,1.331075788E2,-7.312072787E1,-1.923382273E-1,-1.204703320E2
1.558404875E0,3.970931608E-1,-2.949662261E-1,5.155980027E-1,-6.996217854E-1,1.332068335E2,-7.288390512E1,-1.861379380E-1,-1.207055752E2
1.568448875E0,3.958651176E-1,-2.934142105E-1,5.160999717E-1,-7.005995607E-1,1.333601197E2,-7.283653960E1,-1.443730271E-1,-1.209573233E2
1.578493875E0,3.944020003E-1,-2.924669812E-1,5.176903619E-1,-7.006474711E-1,1.335426329E2,-7.296715782E1,-8.458423872E-2,-1.211861946E2
1.588537875E0,3.928049087E-1,-2.922642337E-1,5.201537820E-1,-6.998041759E-1,1.337417160E2,-7.325914878E1,-2.392355560E-2,-1.213706140E2
1.598582875E0,3.910558566E-1,-2.928071905E-1,5.233013719E-1,-6.982082855E-1,1.339595723E2,-7.368969714E1,2.287932542E-2,-1.215120865E2
1.608626875E0,3.891363100E-1,-2.940348755E-1,5.269065817E-1,-6.960502088E-1,1.341984625E2,-7.422704860E1,4.302299338E-2,-1.216166245E2
1.618671875E0,3.870223505E-1,-2.957928627E-1,5.307183005E-1,-6.935837330E-1,1.344613045E2,-7.482967349E1,2.781437310E-2,-1.216979129E2
1.628715875E0,3.847548290E-1,-2.976855934E-1,5.344452620E-1,-6.911695826E-1,1.347429588E2,-7.543352525E1,-1.384632167E-2,-1.217823647E2
1.638760875E0,3.825000147E-1,-2.989882260E-1,5.376794005E-1,-6.893480380E-1,1.350227489E2,-7.593550898E1,-5.094379379E-2,-1.219109016E2
1.648804875E0,3.806186848E-1,-2.988045185E-1,5.397105730E-1,-6.888815356E-1,1.352559786E2,-7.618092251E1,-4.778320405E-2,-1.221197622E2
1.658849875E0,3.797433264E-1,-2.965282515E-1,5.395938262E-1,-6.904379028E-1,1.353644308E2,-7.600607510E1,1.980261072E-2,-1.223935694E2
1.668893875E0,3.804855850E-1,-2.927174810E-1,5.370138701E-1,-6.936593866E-1,1.352724717E2,-7.541204146E1,1.466553827E-1,-1.226221352E2
1.678938875E0,3.828998092E-1,-2.887790371E-1,5.327132794E-1,-6.972884305E-1,1.349731608E2,-7.459441747E1,2.994900171E-1,-1.226833942E2
1.688982875E0,3.866897487E-1,-2.860828084E-1,5.280467909E-1,-6.998529714E-1,1.345026359E2,-7.382003814E1,4.554348947E-1,-1.224981395E2
1.699027875E0,3.917317867E-1,-2.859148110E-1,5.243224425E-1,-6.999176984E-1,1.338754016E2,-7.333990299E1,6.047029451E-1,-1.219802704E2
1.709071875E0,3.976908980E-1,-2.876493013E-1,5.217756981E-1,-6.977464087E-1,1.331321910E2,-7.313948172E1,7.791525301E-1,-1.212147838E2
1.719116875E0,4.040917293E-1,-2.899714557E-1,5.193767522E-1,-6.948914760E-1,1.323315545E2,-7.300011785E1,9.599964082E-1,-1.203528439E2
1.729160875E0,4.106139647E-1,-2.922511788E-1,5.158504096E-1,-6.927364128E-1,1.315131821E2,-7.272085754E1,1.072908833E0,-1.194758762E2
1.739205875E0,4.168052208E-1,-2.938382499E-1,5.110693660E-1,-6.919107876E-1,1.307338972E2,-7.224232582E1,1.112355706E0,-1.186824864E2
1.749249875E0,4.217180787E-1,-2.938714511E-1,5.064579212E-1,-6.923105400E-1,1.301137908E2,-7.167875843E1,1.161139317E0,-1.181436527E2
1.759294875E0,4.242797642E-1,-2.924682245E-1,5.035957182E-1,-6.934265042E-1,1.297898333E2,-7.122919393E1,1.244591321E0,-1.179699627E2
1.769338875E0,4.239440119E-1,-2.909601470E-1,5.032296939E-1,-6.945311837E-1,1.298323178E2,-7.107765402E1,1.290446722E0,-1.181217628E2
1.779383875E0,4.209300802E-1,-2.904285699E-1,5.054742875E-1,-6.949567088E-1,1.302133575E2,-7.131466135E1,1.253049642E0,-1.184930572E2
1.789427875E0,4.158597511E-1,-2.910795069E-1,5.103289091E-1,-6.941886035E-1,1.308530584E2,-7.195654533E1,1.164465241E0,-1.189972029E2
1.799472875E0,4.095065562E-1,-2.924590892E-1,5.175707176E-1,-6.920206329E-1,1.316523176E2,-7.294856373E1,1.095662714E0,-1.195797351E2
1.809516875E0,4.025518731E-1,-2.935203363E-1,5.264705409E-1,-6.889315534E-1,1.325243888E2,-7.413326703E1,1.113473897E0,-1.202444870E2
1.819561875E0,3.957219131E-1,-2.931598121E-1,5.352312691E-1,-6.862864804E-1,1.333779889E2,-7.521295896E1,1.216036780E0,-1.210000729E2
1.829605875E0,3.902505673E-1,-2.909084961E-1,5.413192128E-1,-6.856021104E-1,1.340598173E2,-7.583236598E1,1.352609821E0,-1.217558091E2
1.839650875E0,3.875287765E-1,-2.870293844E-1,5.438563688E-1,-6.867720542E-1,1.343983604E2,-7.589146824E1,1.562790998E0,-1.223486733E2
1.849694875E0,3.875690373E-1,-2.821215841E-1,5.444211893E-1,-6.883336266E-1,1.343933558E2,-7.563097556E1,1.926305850E0,-1.227313591E2
1.859739875E0,3.889897127E-1,-2.771515540E-1,5.450629909E-1,-6.890431371E-1,1.342166981E2,-7.537979672E1,2.413383858E0,-1.229721192E2
1.869783875E0,3.906345251E-1,-2.731561486E-1,5.467980608E-1,-6.883330576E-1,1.340120257E2,-7.533739776E1,2.932049645E0,-1.231132778E2
1.879828875E0,3.921480606E-1,-2.709008181E-1,5.494139998E-1,-6.862775979E-1,1.338235516E2,-7.552541367E1,3.386831535E0,-1.231354415E2
1.889872875E0,3.934594914E-1,-2.709838263E-1,5.526297411E-1,-6.829038375E-1,1.336601379E2,-7.594541912E1,3.713247891E0,-1.230013008E2
1.899917875E0,3.945991527E-1,-2.735399905E-1,5.561378340E-1,-6.783643585E-1,1.335180468E2,-7.656704141E1,3.886687261E0,-1.226957073E2
1.909961875E0,3.957529648E-1,-2.779261288E-1,5.594918802E-1,-6.731310686E-1,1.333741144E2,-7.729265735E1,3.938158036E0,-1.222444808E2
1.920006875E0,3.969867822E-1,-2.833544005E-1,5.624551303E-1,-6.676496076E-1,1.332201154E2,-7.804217683E1,3.911273651E0,-1.216983656E2
1.930050875E0,3.985187358E-1,-2.893326675E-1,5.648684694E-1,-6.621126075E-1,1.330287798E2,-7.876349405E1,3.846273199E0,-1.210711018E2
1.940095875E0,4.004180203E-1,-2.953997801E-1,5.667228570E-1,-6.566807427E-1,1.327913729E2,-7.942472805E1,3.777691516E0,-1.203916470E2
1.950139875E0,4.023774379E-1,-3.009473696E-1,5.682124425E-1,-6.516576708E-1,1.325462241E2,-8.000873830E1,3.729288194E0,-1.197420919E2
1.960184875E0,4.039226046E-1,-3.053724094E-1,5.697156099E-1,-6.473162293E-1,1.323527408E2,-8.052072650E1,3.720938779E0,-1.192234944E2
1.970228875E0,4.046187546E-1,-3.081258946E-1,5.716690004E-1,-6.438452150E-1,1.322655229E2,-8.097610559E1,3.775385355E0,-1.189295597E2
1.980273875E0,4.041118228E-1,-3.088009818E-1,5.744713654E-1,-6.413410074E-1,1.323290373E2,-8.139639268E1,3.911060004E0,-1.189337468E2
1.990317875E0,4.022117797E-1,-3.073067285E-1,5.783838363E-1,-6.397346856E-1,1.325669590E2,-8.181094357E1,4.133236706E0,-1.192648942E2
2.000362875E0,3.990674878E-1,-3.039623234E-1,5.834661246E-1,-6.386857032E-1,1.329602089E2,-8.225567828E1,4.439819383E0,-1.198809325E2
2.010406875E0,3.950697960E-1,-2.994101160E-1,5.895475039E-1,-6.377360294E-1,1.334593457E2,-8.276037491E1,4.814819767E0,-1.206870047E2
2.020451875E0,3.904996657E-1,-2.943436328E-1,5.963370345E-1,-6.365955989E-1,1.340288127E2,-8.334048570E1,5.220166790E0,-1.215953396E2
2.030495875E0,3.854516955E-1,-2.893832648E-1,6.035244420E-1,-6.351713304E-1,1.346564301E2,-8.399987440E1,5.603467627E0,-1.225434641E2
2.040540875E0,3.800146256E-1,-2.849582461E-1,6.108451177E-1,-6.334476507E-1,1.353308228E2,-8.473140343E1,5.926229625E0,-1.234853651E2
2.050584875E0,3.743140536E-1,-2.812951160E-1,6.181209914E-1,-6.314179007E-1,1.360361530E2,-8.552343096E1,6.171982457E0,-1.243882614E2
2.060629875E0,3.684291629E-1,-2.784232087E-1,6.252705510E-1,-6.291083482E-1,1.367624555E2,-8.636372800E1,6.339474341E0,-1.252404734E2
2.070673875E0,3.625710776E-1,-2.762307402E-1,6.322460968E-1,-6.265010704E-1,1.374836422E2,-8.723565209E1,6.450834508E0,-1.260294938E2
2.080718875E0,3.569599518E-1,-2.747286686E-1,6.389797723E-1,-6.235452592E-1,1.381727736E2,-8.812784915E1,6.521085947E0,-1.267323022E2
2.090762875E0,3.525156193E-1,-2.746899146E-1,6.448485313E-1,-6.200391788E-1,1.387174819E2,-8.899463470E1,6.546027264E0,-1.271926812E2
2.100807875E0,3.529923423E-1,-2.786983328E-1,6.472484572E-1,-6.154617360E-1,1.386591005E2,-8.960821759E1,6.539674060E0,-1.268231568E2
2.110851875E0,3.605816621E-1,-2.878624274E-1,6.445322403E-1,-6.096674505E-1,1.377281557E2,-8.980237271E1,6.535125570E0,-1.253091475E2
2.120896875E0,3.714524512E-1,-2.994861173E-1,6.389059626E-1,-6.034321404E-1,1.363895567E2,-8.975696540E1,6.500234154E0,-1.232426811E2
2.130940875E0,3.820027346E-1,-3.111796972E-1,6.326783232E-1,-5.974606063E-1,1.350844161E2,-8.966728710E1,6.403779068E0,-1.211789260E2
2.140985875E0,3.903741840E-1,-3.215388131E-1,6.273669669E-1,-5.921416002E-1,1.340444316E2,-8.965145499E1,6.258982789E0,-1.194307176E2
2.151029875E0,3.955166369E-1,-3.295193399E-1,6.241348726E-1,-5.877407633E-1,1.334036015E2,-8.978418347E1,6.105962963E0,-1.182063552E2
2.161074875E0,3.963759163E-1,-3.343152087E-1,6.241495607E-1,-5.844284530E-1,1.332963718E2,-9.015316156E1,5.971229884E0,-1.176947152E2
2.171118875E0,3.924993756E-1,-3.357097215E-1,6.277145519E-1,-5.824239068E-1,1.337797850E2,-9.077485021E1,5.837326120E0,-1.179640759E2
2.181163875E0,3.848614921E-1,-3.342367524E-1,6.337112266E-1,-5.818740906E-1,1.347297164E2,-9.153222118E1,5.670918798E0,-1.188617077E2
2.191207875E0,3.750283900E-1,-3.306192146E-1,6.406721053E-1,-5.827382590E-1,1.359478650E2,-9.227639118E1,5.463494506E0,-1.201570219E2
2.201252875E0,3.642342344E-1,-3.256762006E-1,6.474816346E-1,-5.848384470E-1,1.372790724E2,-9.291213524E1,5.205836589E0,-1.216481322E2
2.211296875E0,3.531501401E-1,-3.201853935E-1,6.535242283E-1,-5.879391696E-1,1.386397735E2,-9.340771293E1,4.880928637E0,-1.231969151E2
2.221341875E0,3.422269624E-1,-3.148751329E-1,6.585230236E-1,-5.916771525E-1,1.399747783E2,-9.377272622E1,4.480501319E0,-1.246950368E2
2.231385875E0,3.320628284E-1,-3.104059759E-1,6.623673114E-1,-5.955266771E-1,1.412119426E2,-9.403340676E1,4.024615775E0,-1.260304722E2
2.241430875E0,3.235549918E-1,-3.075453850E-1,6.650455751E-1,-5.987006614E-1,1.422438949E2,-9.423699673E1,3.560495432E0,-1.270577218E2
2.251474875E0,3.176139299E-1,-3.071114621E-1,6.666495788E-1,-6.003186368E-1,1.429626266E2,-9.445031482E1,3.138221552E0,-1.276273744E2
2.261519875E0,3.142166094E-1,-3.090177009E-1,6.675449253E-1,-6.001332222E-1,1.433729446E2,-9.472156432E1,2.785891878E0,-1.277542351E2
2.271563875E0,3.122465920E-1,-3.121423418E-1,6.682497471E-1,-5.987582972E-1,1.436106543E2,-9.505227326E1,2.494402089E0,-1.276413731E2
2.281608875E0,3.106134859E-1,-3.153860897E-1,6.690596831E-1,-5.970007736E-1,1.438075882E2,-9.541048398E1,2.238911984E0,-1.274859040E2
2.291652875E0,3.088510838E-1,-3.181055202E-1,6.700110744E-1,-5.954032289E-1,1.440199898E2,-9.575492543E1,2.009499068E0,-1.273882672E2
2.301697875E0,3.069306943E-1,-3.200855265E-1,6.710495412E-1,-5.941643750E-1,1.442512863E2,-9.606041510E1,1.808817062E0,-1.273714594E2
2.311741875E0,3.048983943E-1,-3.213955875E-1,6.721390688E-1,-5.932713465E-1,1.444958977E2,-9.632551431E1,1.634220413E0,-1.274256090E2
2.321786875E0,3.028388148E-1,-3.222706299E-1,6.732479629E-1,-5.925939097E-1,1.447436221E2,-9.656212417E1,1.479541756E0,-1.275218341E2
2.331830875E0,3.009121665E-1,-3.230007502E-1,6.743797217E-1,-5.918905104E-1,1.449752036E2,-9.679213353E1,1.346343716E0,-1.276193921E2
2.341875875E0,2.993990735E-1,-3.237812045E-1,6.755056537E-1,-5.909466949E-1,1.451569727E2,-9.702563613E1,1.250102202E0,-1.276761247E2
2.351919875E0,2.985973351E-1,-3.247531319E-1,6.764661593E-1,-5.897191469E-1,1.452532494E2,-9.724831610E1,1.200761353E0,-1.276534726E2
2.361964875E0,2.984129321E-1,-3.257917356E-1,6.770223923E-1,-5.886001165E-1,1.452753899E2,-9.741333437E1,1.177073744E0,-1.275712514E2
2.372008792E0,2.983098093E-1,-3.262116236E-1,6.770622422E-1,-5.883739881E-1,1.452877708E2,-9.745114465E1,1.150562186E0,-1.275401566E2
2.382053792E0,2.980586035E-1,-3.253432405E-1,6.767260684E-1,-5.893681585E-1,1.453179288E2,-9.733312728E1,1.141072796E0,-1.276435327E2
2.392097792E0,2.977966820E-1,-3.230988154E-1,6.762819460E-1,-5.912418599E-1,1.453493706E2,-9.709568749E1,1.187823732E0,-1.278778742E2
2.402142792E0,2.977792964E-1,-3.198720316E-1,6.757622121E-1,-5.935948552E-1,1.453514575E2,-9.677529350E1,1.301138985E0,-1.281832176E2
2.412186792E0,2.982929084E-1,-3.162066677E-1,6.749529294E-1,-5.962157043E-1,1.452897999E2,-9.638061444E1,1.467653374E0,-1.284823444E2
2.422231792E0,2.997016984E-1,-3.126594625E-1,6.735033728E-1,-5.990127483E-1,1.451206253E2,-9.589864732E1,1.669044469E0,-1.286903515E2
2.432275792E0,3.022632996E-1,-3.095995170E-1,6.711070716E-1,-6.019970823E-1,1.448128140E2,-9.530878958E1,1.888012068E0,-1.287490110E2
2.442320792E0,3.058968848E-1,-3.070405290E-1,6.676054271E-1,-6.053563337E-1,1.443757385E2,-9.458831661E1,2.103169117E0,-1.286621780E2
2.452364792E0,3.105355669E-1,-3.047421560E-1,6.630510598E-1,-6.091496343E-1,1.438169816E2,-9.373043854E1,2.323105289E0,-1.284558201E2
2.462409792E0,3.161712538E-1,-3.023222525E-1,6.577187248E-1,-6.132235698E-1,1.431369284E2,-9.275321917E1,2.586134998E0,-1.281631897E2
2.472453792E0,3.226343993E-1,-2.994756754E-1,6.519241864E-1,-6.174271173E-1,1.423553655E2,-9.168586908E1,2.915179460E0,-1.278238805E2
2.482498792E0,3.296041499E-1,-2.959698057E-1,6.459935453E-1,-6.216553629E-1,1.415104985E2,-9.056311417E1,3.317093793E0,-1.274844137E2
2.492542792E0,3.366215686E-1,-2.915330808E-1,6.403010339E-1,-6.258665390E-1,1.406576502E2,-8.942312747E1,3.793268776E0,-1.272082282E2
2.502587792E0,3.430434733E-1,-2.858470494E-1,6.351844908E-1,-6.302010158E-1,1.398751844E2,-8.829524572E1,4.330502462E0,-1.270812298E2
2.512631792E0,3.481578670E-1,-2.786278527E-1,6.309755695E-1,-6.348404144E-1,1.392506333E2,-8.721138887E1,4.909940013E0,-1.271945582E2
2.522676792E0,3.514750452E-1,-2.697991311E-1,6.279088489E-1,-6.398470702E-1,1.388448759E2,-8.620514443E1,5.516258981E0,-1.276020315E2
2.532720792E0,3.525947816E-1,-2.595496708E-1,6.261152687E-1,-6.452058944E-1,1.387077882E2,-8.531412585E1,6.119587615E0,-1.283275116E2
2.542765792E0,3.514605151E-1,-2.480821034E-1,6.256140583E-1,-6.507978645E-1,1.388466544E2,-8.456169170E1,6.710611285E0,-1.293611582E2
2.552809792E0,3.482595673E-1,-2.357622213E-1,6.263135485E-1,-6.564014356E-1,1.392382013E2,-8.396460819E1,7.280674964E0,-1.306559969E2
2.562854792E0,3.433826712E-1,-2.230529656E-1,6.280376497E-1,-6.617435486E-1,1.398338015E2,-8.353012786E1,7.822623868E0,-1.321377192E2
2.572898792E0,3.384085633E-1,-2.110528095E-1,6.295964298E-1,-6.667419330E-1,1.404401104E2,-8.314331372E1,8.319104109E0,-1.335608093E2
2.582943792E0,3.375299807E-1,-2.020972785E-1,6.273088674E-1,-6.720965110E-1,1.405470832E2,-8.236741718E1,8.732027384E0,-1.343113624E2
2.592987792E0,3.422154879E-1,-1.973969777E-1,6.193283617E-1,-6.784949505E-1,1.399761776E2,-8.097563147E1,8.976062665E0,-1.341368145E2
2.603032792E0,3.499097955E-1,-1.966124984E-1,6.069895767E-1,-6.859084337E-1,1.390364042E2,-7.915869045E1,8.920673684E0,-1.333231704E2
2.613076792E0,3.577001979E-1,-1.990226870E-1,5.924754033E-1,-6.938396487E-1,1.380819514E2,-7.722338257E1,8.492356770E0,-1.322411106E2
2.623121792E0,3.642601653E-1,-2.039648897E-1,5.775040208E-1,-7.015710034E-1,1.372758818E2,-7.540017877E1,7.731542145E0,-1.311020253E2
2.633165792E0,3.696652562E-1,-2.108816512E-1,5.633015866E-1,-7.082145163E-1,1.366100515E2,-7.383659669E1,6.763256350E0,-1.299577147E2
2.643210792E0,3.744160490E-1,-2.190791394E-1,5.509195906E-1,-7.129547723E-1,1.360235486E2,-7.263337842E1,5.748340115E0,-1.288133733E2
2.653254792E0,3.792385652E-1,-2.277998176E-1,5.409336640E-1,-7.153153435E-1,1.354269488E2,-7.181360358E1,4.840856614E0,-1.276436950E2
2.663299792E0,3.846193796E-1,-2.363919163E-1,5.332752866E-1,-7.154050215E-1,1.347597742E2,-7.131871481E1,4.127954876E0,-1.264352822E2
2.673343792E0,3.907428530E-1,-2.442931755E-1,5.271679659E-1,-7.139572351E-1,1.339985404E2,-7.100539887E1,3.620320182E0,-1.251999923E2
2.683388792E0,3.974251410E-1,-2.510460700E-1,5.214712714E-1,-7.121073362E-1,1.331653800E2,-7.069336290E1,3.264651474E0,-1.239842783E2
2.693432792E0,4.039447738E-1,-2.562519328E-1,5.155692269E-1,-7.108810947E-1,1.323499637E2,-7.027496057E1,2.991837045E0,-1.228926908E2
2.703477792E0,4.096132615E-1,-2.598126039E-1,5.095252635E-1,-7.107027398E-1,1.316389144E2,-6.974714513E1,2.757997565E0,-1.220083415E2
2.713521792E0,4.138318976E-1,-2.619319160E-1,5.038661219E-1,-7.115151730E-1,1.311084459E2,-6.918387872E1,2.538728946E0,-1.213846473E2
2.723566792E0,4.162929048E-1,-2.627899943E-1,4.992586600E-1,-7.130093946E-1,1.307984734E2,-6.867429363E1,2.345898041E0,-1.210452882E2
2.733610792E0,4.171111648E-1,-2.624597948E-1,4.963150609E-1,-7.147057842E-1,1.306953258E2,-6.829350821E1,2.227879754E0,-1.209744054E2
2.743655792E0,4.166043805E-1,-2.610562942E-1,4.954291446E-1,-7.161287567E-1,1.307592147E2,-6.809421478E1,2.229142688E0,-1.211293612E2
2.753699792E0,4.150028214E-1,-2.588816959E-1,4.967059307E-1,-7.169631589E-1,1.309610117E2,-6.810904791E1,2.352735860E0,-1.214628671E2
2.763744792E0,4.124060065E-1,-2.563755390E-1,4.999791604E-1,-7.170869653E-1,1.312878675E2,-6.834889897E1,2.562072696E0,-1.219321386E2
2.773788792E0,4.090036706E-1,-2.538520280E-1,5.049561237E-1,-7.164456483E-1,1.317154754E2,-6.880169951E1,2.826713969E0,-1.224934932E2
2.783833792E0,4.050198767E-1,-2.515467535E-1,5.113221628E-1,-7.150053956E-1,1.322152546E2,-6.944728061E1,3.122831286E0,-1.231051489E2
2.793877792E0,4.005524266E-1,-2.497730349E-1,5.186684533E-1,-7.128492998E-1,1.327745642E2,-7.025774210E1,3.405761249E0,-1.237329678E2
2.803922792E0,3.956785335E-1,-2.488184615E-1,5.266472205E-1,-7.100496849E-1,1.333834016E2,-7.120926709E1,3.636084601E0,-1.243461626E2
2.813966792E0,3.906354102E-1,-2.487450312E-1,5.350199554E-1,-7.065999653E-1,1.340119155E2,-7.227598258E1,3.811204158E0,-1.249125462E2
2.824011792E0,3.857033543E-1,-2.494476613E-1,5.435808654E-1,-7.025159673E-1,1.346251754E2,-7.342512270E1,3.947363162E0,-1.254077987E2
2.834055792E0,3.812024292E-1,-2.508722564E-1,5.519734514E-1,-6.979062611E-1,1.351836324E2,-7.460688580E1,4.051701249E0,-1.257999980E2
2.844100792E0,3.775349895E-1,-2.531130779E-1,5.595098559E-1,-6.930728500E-1,1.356378448E2,-7.573555382E1,4.106895826E0,-1.260373885E2
2.854144792E0,3.755440883E-1,-2.565719960E-1,5.646395383E-1,-6.887087651E-1,1.358841104E2,-7.662729042E1,4.053465334E0,-1.259971677E2
2.864189792E0,3.769821704E-1,-2.619798054E-1,5.649798846E-1,-6.856010778E-1,1.357062477E2,-7.700711819E1,3.827190445E0,-1.254361350E2
2.874233792E0,3.825212673E-1,-2.690486538E-1,5.602539795E-1,-6.836707627E-1,1.350201131E2,-7.682786745E1,3.482101295E0,-1.243065908E2
2.884278792E0,3.912773594E-1,-2.763520915E-1,5.522539387E-1,-6.823101781E-1,1.339319924E2,-7.625208023E1,3.155913640E0,-1.228120487E2
2.894322792E0,4.018842144E-1,-2.826962353E-1,5.428684783E-1,-6.810768665E-1,1.326079544E2,-7.545836469E1,2.938545424E0,-1.211864483E2
2.904367792E0,4.136990086E-1,-2.879588173E-1,5.324868244E-1,-6.799930813E-1,1.311251729E2,-7.449064746E1,2.806239300E0,-1.195021484E2
2.914411792E0,4.266140042E-1,-2.931530897E-1,5.211041302E-1,-6.786105593E-1,1.294942651E2,-7.342109989E1,2.679386569E0,-1.176863781E2
2.924456792E0,4.393118276E-1,-3.003872169E-1,5.110961503E-1,-6.749469129E-1,1.278800375E2,-7.269975852E1,2.497185870E0,-1.157189663E2
2.934500792E0,4.491976659E-1,-3.070712962E-1,5.046917575E-1,-6.702350217E-1,1.266155627E2,-7.240714880E1,2.395251269E0,-1.140926980E2
2.944545792E0,4.555503761E-1,-3.094017429E-1,5.012649027E-1,-6.674413600E-1,1.257992960E2,-7.216357468E1,2.503922904E0,-1.131952035E2
2.954589792E0,4.585062189E-1,-3.068005237E-1,4.997355621E-1,-6.677648792E-1,1.254184831E2,-7.178136564E1,2.781226370E0,-1.130635914E2
2.964634792E0,4.573090903E-1,-3.017335980E-1,5.001627942E-1,-6.705688142E-1,1.255727923E2,-7.145608094E1,3.026148504E0,-1.135912268E2
2.974678792E0,4.516914423E-1,-2.966557668E-1,5.029220430E-1,-6.745662531E-1,1.262954860E2,-7.142195103E1,3.101400915E0,-1.146169979E2
2.984723792E0,4.423334616E-1,-2.923351564E-1,5.083514527E-1,-6.785721741E-1,1.274942796E2,-7.177936500E1,3.036993013E0,-1.160004620E2
2.994767792E0,4.302679463E-1,-2.883015870E-1,5.167813598E-1,-6.816808940E-1,1.290308682E2,-7.254006127E1,2.960618065E0,-1.176534803E2
3.004812792E0,4.166192478E-1,-2.837354186E-1,5.283317668E-1,-6.832189484E-1,1.307573406E2,-7.367368657E1,3.010532947E0,-1.195066734E2
3.014856792E0,4.025533061E-1,-2.783853608E-1,5.424494649E-1,-6.827891560E-1,1.325242094E2,-7.511310328E1,3.243104980E0,-1.214490707E2
3.024901792E0,3.894119188E-1,-2.724214869E-1,5.576887643E-1,-6.805352268E-1,1.341641756E2,-7.670266018E1,3.643973381E0,-1.233259018E2
3.034945792E0,3.787017408E-1,-2.661262124E-1,5.714960403E-1,-6.776092134E-1,1.354934227E2,-7.813099053E1,4.140009869E0,-1.249610223E2
3.044990792E0,3.723756358E-1,-2.604769858E-1,5.807920651E-1,-6.754026046E-1,1.362755926E2,-7.903057483E1,4.628340697E0,-1.260787442E2
3.055034792E0,3.704271448E-1,-2.557226843E-1,5.862669934E-1,-6.735583007E-1,1.365160744E2,-7.948271703E1,5.154986022E0,-1.266692598E2
3.065079792E0,3.708049386E-1,-2.513194660E-1,5.904119357E-1,-6.713837024E-1,1.364694630E2,-7.978160215E1,5.761728815E0,-1.269935042E2
3.075123792E0,3.715852138E-1,-2.473033561E-1,5.945109907E-1,-6.688215428E-1,1.363731704E2,-8.010414497E1,6.374080694E0,-1.272484680E2
3.085168792E0,3.720537392E-1,-2.443147230E-1,5.982527879E-1,-6.663182518E-1,1.363153348E2,-8.044472831E1,6.867959334E0,-1.274548819E2
3.095212792E0,3.722586993E-1,-2.428153489E-1,6.008918128E-1,-6.643743970E-1,1.362900305E2,-8.072353915E1,7.165383756E0,-1.275670921E2
3.105257792E0,3.727312287E-1,-2.429739053E-1,6.019158970E-1,-6.631232468E-1,1.362316837E2,-8.087463656E1,7.265216173E0,-1.275142982E2
3.115301792E0,3.741466147E-1,-2.448561836E-1,6.012530113E-1,-6.622346121E-1,1.360568435E2,-8.088975888E1,7.215930620E0,-1.272224113E2
3.125346792E0,3.766645412E-1,-2.482346328E-1,5.993047733E-1,-6.613148098E-1,1.357455419E2,-8.081388821E1,7.074004553E0,-1.266950250E2
3.135390792E0,3.800127817E-1,-2.525871379E-1,5.967739393E-1,-6.600385927E-1,1.353310512E2,-8.071826567E1,6.899543632E0,-1.260036682E2
3.145435792E0,3.837887389E-1,-2.574090640E-1,5.943015314E-1,-6.582191765E-1,1.348628715E2,-8.066465705E1,6.736840302E0,-1.252311621E2
3.155479792E0,3.874754291E-1,-2.622250474E-1,5.924157655E-1,-6.558538742E-1,1.344049917E2,-8.069801489E1,6.611150956E0,-1.244693299E2
3.165524792E0,3.906298468E-1,-2.668494101E-1,5.914065908E-1,-6.530221329E-1,1.340126080E2,-8.084604945E1,6.518556041E0,-1.237791920E2
3.175568792E0,3.930515836E-1,-2.712585922E-1,5.913762978E-1,-6.497717047E-1,1.337109768E2,-8.112012348E1,6.451980610E0,-1.231836872E2
3.185613792E0,3.948378092E-1,-2.753469945E-1,5.924087375E-1,-6.460178113E-1,1.334882820E2,-8.152370993E1,6.433653144E0,-1.226819283E2
3.195657792E0,3.961120033E-1,-2.788539495E-1,5.946200984E-1,-6.416874650E-1,1.333293102E2,-8.205495341E1,6.499707922E0,-1.222832101E2
3.205702792E0,3.968881375E-1,-2.816300043E-1,5.979695822E-1,-6.368647276E-1,1.332324310E2,-8.269848580E1,6.657478633E0,-1.219988194E2
3.215746792E0,3.969814401E-1,-2.836796477E-1,6.022831857E-1,-6.318120896E-1,1.332207823E2,-8.343187947E1,6.876291305E0,-1.218473921E2
3.225791792E0,3.961533388E-1,-2.850611371E-1,6.073735977E-1,-6.268173509E-1,1.333241514E2,-8.423500519E1,7.115136224E0,-1.218480802E2
3.235835792E0,3.942675624E-1,-2.859181406E-1,6.130382290E-1,-6.220836276E-1,1.335593967E2,-8.509118773E1,7.335097598E0,-1.220017159E2
3.245880792E0,3.913108661E-1,-2.864237237E-1,6.190991249E-1,-6.177001130E-1,1.339278201E2,-8.598858135E1,7.508455040E0,-1.222934231E2
3.255924792E0,3.873392000E-1,-2.867025251E-1,6.253887413E-1,-6.137254123E-1,1.344219247E2,-8.691275796E1,7.617659833E0,-1.227046304E2
3.265969792E0,3.824044784E-1,-2.867766298E-1,6.317996036E-1,-6.102092693E-1,1.350345973E2,-8.785026246E1,7.655615831E0,-1.232255294E2
3.276013792E0,3.767111240E-1,-2.866963295E-1,6.381578456E-1,-6.071644019E-1,1.357397794E2,-8.877905605E1,7.623256013E0,-1.238284601E2
3.286058792E0,3.725667612E-1,-2.872103946E-1,6.426475386E-1,-6.047382396E-1,1.362519931E2,-8.947815821E1,7.555355833E0,-1.242143172E2
3.296102792E0,3.732249053E-1,-2.891387183E-1,6.427162169E-1,-6.033389010E-1,1.361707129E2,-8.961686991E1,7.519182896E0,-1.239874163E2
3.306147792E0,3.775052760E-1,-2.922632854E-1,6.390439093E-1,-6.030710789E-1,1.356415219E2,-8.928285129E1,7.468079767E0,-1.232846581E2
3.316191792E0,3.827113601E-1,-2.963059479E-1,6.335674110E-1,-6.035951117E-1,1.349965360E2,-8.875273314E1,7.310665618E0,-1.223999024E2
3.326236792E0,3.870164289E-1,-3.010575520E-1,6.280498301E-1,-6.042648883E-1,1.344620404E2,-8.827736263E1,7.024525290E0,-1.215398635E2
3.336280792E0,3.890603403E-1,-3.058926701E-1,6.243568916E-1,-6.043510786E-1,1.342079127E2,-8.808353352E1,6.666606966E0,-1.209036677E2
3.346325792E0,3.874440824E-1,-3.095616481E-1,6.243564596E-1,-6.035211334E-1,1.344088881E2,-8.834524449E1,6.324103009E0,-1.207456882E2
3.356369792E0,3.823853858E-1,-3.113348081E-1,6.279283629E-1,-6.021279061E-1,1.350369651E2,-8.898860024E1,6.044134592E0,-1.211028351E2
3.366414792E0,3.756209958E-1,-3.114182905E-1,6.332671569E-1,-6.007496937E-1,1.358746013E2,-8.977062054E1,5.829469749E0,-1.217745439E2
3.376459417E0,3.683714955E-1,-3.104353417E-1,6.389956722E-1,-5.996806705E-1,1.367695636E2,-9.053955598E1,5.650004193E0,-1.225802759E2
3.386504417E0,3.608169152E-1,-3.089685892E-1,6.446299894E-1,-5.990006837E-1,1.376992519E2,-9.126742582E1,5.453738097E0,-1.234489877E2
3.396548417E0,3.529617226E-1,-3.073185612E-1,6.500503902E-1,-5.986718013E-1,1.386628507E2,-9.195771379E1,5.216530332E0,-1.243525801E2
3.406593417E0,3.449492801E-1,-3.055875269E-1,6.551721384E-1,-5.986449011E-1,1.396426007E2,-9.260426601E1,4.940747782E0,-1.252677353E2
3.416637417E0,3.370447229E-1,-3.038767336E-1,6.598913737E-1,-5.988348148E-1,1.406061509E2,-9.319751129E1,4.639257750E0,-1.261607507E2
3.426682417E0,3.296777910E-1,-3.023336322E-1,6.639806507E-1,-5.991966034E-1,1.415015602E2,-9.371172724E1,4.329076963E0,-1.269795541E2
3.436726417E0,3.236181067E-1,-3.015488368E-1,6.671888898E-1,-5.993317894E-1,1.422362512E2,-9.414752385E1,4.035423033E0,-1.276033913E2
3.446771417E0,3.198485664E-1,-3.024663736E-1,6.692933663E-1,-5.985460141E-1,1.426924659E2,-9.453406187E1,3.788002458E0,-1.278620781E2
3.456815417E0,3.191675892E-1,-3.059452588E-1,6.701372305E-1,-5.961926710E-1,1.427748166E2,-9.490722521E1,3.610161860E0,-1.276090422E2
3.466860417E0,3.210673584E-1,-3.114573501E-1,6.699852068E-1,-5.924777214E-1,1.425450270E2,-9.527544404E1,3.506264928E0,-1.269376080E2
3.476904417E0,3.239956793E-1,-3.173815638E-1,6.694014203E-1,-5.883854731E-1,1.421905207E2,-9.561460350E1,3.455938207E0,-1.261331541E2
3.486949417E0,3.264941550E-1,-3.223189301E-1,6.688435330E-1,-5.849447624E-1,1.418877550E2,-9.589266889E1,3.420840698E0,-1.254545990E2
3.496993417E0,3.276714324E-1,-3.254243521E-1,6.685914527E-1,-5.828516340E-1,1.417449966E2,-9.608562191E1,3.371418742E0,-1.250614892E2
3.507038417E0,3.269387727E-1,-3.263328485E-1,6.689324417E-1,-5.823635525E-1,1.418338472E2,-9.620609807E1,3.285489503E0,-1.250421974E2
3.517082417E0,3.241764155E-1,-3.253415019E-1,6.700941459E-1,-5.831264631E-1,1.421686283E2,-9.631030259E1,3.154405720E0,-1.253804120E2
3.527127417E0,3.203461099E-1,-3.235335602E-1,6.718401317E-1,-5.842390556E-1,1.426322851E2,-9.644448411E1,3.003723940E0,-1.258888159E2
3.537171417E0,3.170562534E-1,-3.222051337E-1,6.735611983E-1,-5.847859110E-1,1.430300147E2,-9.661211869E1,2.881561364E0,-1.263038303E2
3.547216417E0,3.151984414E-1,-3.217595256E-1,6.748156044E-1,-5.845893170E-1,1.432544121E2,-9.677400632E1,2.820509113E0,-1.265099421E2
3.557260417E0,3.144987931E-1,-3.216943771E-1,6.755375694E-1,-5.841679433E-1,1.433388819E2,-9.688176494E1,2.812313047E0,-1.265785407E2
3.567305417E0,3.144659924E-1,-3.213726912E-1,6.758289095E-1,-5.840255818E-1,1.433428415E2,-9.690356615E1,2.847091368E0,-1.266123199E2
3.577349417E0,3.149471724E-1,-3.205298175E-1,6.757655417E-1,-5.843027922E-1,1.432847507E2,-9.683163539E1,2.928399188E0,-1.266494267E2
3.587394417E0,3.160185980E-1,-3.194234206E-1,6.752114371E-1,-5.849704299E-1,1.431553669E2,-9.666402050E1,3.041096677E0,-1.266583820E2
3.597438417E0,3.179281874E-1,-3.185919265E-1,6.738609888E-1,-5.859456237E-1,1.429246468E2,-9.639303867E1,3.159957940E0,-1.265659435E2
3.607483417E0,3.210814987E-1,-3.185409499E-1,6.714017834E-1,-5.870756966E-1,1.425433161E2,-9.600806026E1,3.275325337E0,-1.262879255E2
3.617527417E0,3.258143790E-1,-3.194720580E-1,6.677037347E-1,-5.881788060E-1,1.419701576E2,-9.550600604E1,3.398576243E0,-1.257742639E2
3.627572417E0,3.319857629E-1,-3.209663324E-1,6.629344816E-1,-5.893080992E-1,1.412213048E2,-9.488558188E1,3.547356325E0,-1.250739515E2
3.637616417E0,3.391761523E-1,-3.224156256E-1,6.574245925E-1,-5.905935254E-1,1.403466225E2,-9.415596802E1,3.734450933E0,-1.242781814E2
3.647661417E0,3.469296867E-1,-3.236411295E-1,6.513957808E-1,-5.920978834E-1,1.394007288E2,-9.333981772E1,3.940621626E0,-1.234422012E2
3.657705417E0,3.548026337E-1,-3.246791431E-1,6.450151483E-1,-5.938468933E-1,1.384373025E2,-9.246643561E1,4.133851843E0,-1.226019189E2
3.667750417E0,3.625431448E-1,-3.254697548E-1,6.384526944E-1,-5.958273843E-1,1.374870767E2,-9.155757901E1,4.306147007E0,-1.217861971E2
3.677794417E0,3.700689809E-1,-3.255688736E-1,6.319750715E-1,-5.980480069E-1,1.365602568E2,-9.061928657E1,4.492989115E0,-1.210437565E2
3.687839417E0,3.773872227E-1,-3.245615640E-1,6.258080603E-1,-6.005021863E-1,1.356561303E2,-8.965227914E1,4.734814284E0,-1.204113577E2
3.697883417E0,3.842370550E-1,-3.221510276E-1,6.201239572E-1,-6.033463821E-1,1.348072323E2,-8.865798388E1,5.037739279E0,-1.199397548E2
3.707928417E0,3.902500615E-1,-3.182187899E-1,6.150571684E-1,-6.067505830E-1,1.340598803E2,-8.764652268E1,5.387627180E0,-1.196743891E2
3.717972417E0,3.949391197E-1,-3.128989831E-1,6.107124500E-1,-6.108581622E-1,1.334756457E2,-8.664380376E1,5.745774257E0,-1.196513050E2
3.728017417E0,3.978732463E-1,-3.062918324E-1,6.072251776E-1,-6.157594719E-1,1.331094160E2,-8.567865256E1,6.084386966E0,-1.199056256E2
3.738061417E0,3.988396525E-1,-2.984515913E-1,6.047361533E-1,-6.214078450E-1,1.329886809E2,-8.477835442E1,6.399784478E0,-1.204552807E2
3.748106417E0,3.977118028E-1,-2.893900294E-1,6.033902253E-1,-6.276933731E-1,1.331295801E2,-8.396911067E1,6.699058742E0,-1.213125141E2
3.758150417E0,3.951340700E-1,-2.793814594E-1,6.026398850E-1,-6.345394859E-1,1.334513282E2,-8.319893520E1,6.989645343E0,-1.223853474E2
3.768195417E0,3.937914716E-1,-2.692685866E-1,6.000093210E-1,-6.421927319E-1,1.336187549E2,-8.217989439E1,7.279658290E0,-1.233171391E2
3.778239417E0,3.960526184E-1,-2.604071590E-1,5.930021230E-1,-6.509062873E-1,1.333367213E2,-8.064986789E1,7.511129417E0,-1.237401170E2
3.788284417E0,4.011174789E-1,-2.534187057E-1,5.818370856E-1,-6.605674513E-1,1.327038878E2,-7.868486410E1,7.583431652E0,-1.236844294E2
3.798328417E0,4.066763743E-1,-2.481828765E-1,5.683648561E-1,-6.708062063E-1,1.320075598E2,-7.654467735E1,7.430062024E0,-1.234124977E2
3.808373417E0,4.110647674E-1,-2.445173756E-1,5.545687490E-1,-6.809481921E-1,1.314565212E2,-7.449294636E1,7.060655250E0,-1.231353823E2
3.818417417E0,4.135865292E-1,-2.422869960E-1,5.421454280E-1,-6.901606187E-1,1.311393300E2,-7.274137647E1,6.546769220E0,-1.229586851E2
3.828462417E0,4.143686694E-1,-2.411706735E-1,5.322225637E-1,-6.977638469E-1,1.310408702E2,-7.140369842E1,5.999072108E0,-1.229048541E2
3.838506417E0,4.140355828E-1,-2.407520815E-1,5.251818378E-1,-7.034181417E-1,1.310828056E2,-7.048864707E1,5.519767878E0,-1.229391031E2
3.848551417E0,4.133790192E-1,-2.407177529E-1,5.207389067E-1,-7.071095313E-1,1.311654460E2,-6.993002353E1,5.169212889E0,-1.229946296E2
3.858596417E0,4.130339840E-1,-2.409174552E-1,5.179988452E-1,-7.092522981E-1,1.312088641E2,-6.960023648E1,4.942717525E0,-1.230075169E2
3.868640417E0,4.132826083E-1,-2.413106853E-1,5.158600613E-1,-7.105315814E-1,1.311775788E2,-6.935691229E1,4.788294441E0,-1.229448412E2
3.878684417E0,4.141364402E-1,-2.418850942E-1,5.135424588E-1,-7.115172065E-1,1.310701084E2,-6.910185632E1,4.654238447E0,-1.228029589E2
3.888729417E0,4.153998236E-1,-2.426648530E-1,5.107340035E-1,-7.125359907E-1,1.309110044E2,-6.879873424E1,4.502508772E0,-1.226003707E2
3.898774417E0,4.166827105E-1,-2.436778842E-1,5.075161022E-1,-7.137395150E-1,1.307493409E2,-6.846104111E1,4.307042805E0,-1.223782083E2
3.908818417E0,4.176052418E-1,-2.448667414E-1,5.042281633E-1,-7.151224164E-1,1.306330231E2,-6.812848661E1,4.066673086E0,-1.221835502E2
3.918863417E0,4.180297132E-1,-2.461390178E-1,5.012867874E-1,-7.165042745E-1,1.305794852E2,-6.784669370E1,3.806450058E0,-1.220395054E2
3.928907417E0,4.180628722E-1,-2.473530050E-1,4.991436307E-1,-7.175622974E-1,1.305753024E2,-6.766110863E1,3.575540573E0,-1.219453341E2
3.938952417E0,4.177625127E-1,-2.484717721E-1,4.981922710E-1,-7.180116882E-1,1.306131881E2,-6.761639568E1,3.407717792E0,-1.218978792E2
3.948996417E0,4.170274928E-1,-2.496352885E-1,4.986732403E-1,-7.177014663E-1,1.307058752E2,-6.775035225E1,3.301701644E0,-1.218986159E2
3.959041417E0,4.158722476E-1,-2.510170097E-1,5.006697575E-1,-7.164987638E-1,1.308514838E2,-6.808433481E1,3.251708611E0,-1.219333904E2
3.969085417E0,4.143965811E-1,-2.527094375E-1,5.041325637E-1,-7.143275479E-1,1.310373559E2,-6.861919336E1,3.255406458E0,-1.219839480E2
3.979130417E0,4.126193433E-1,-2.548212791E-1,5.088901526E-1,-7.112258664E-1,1.312610312E2,-6.934272389E1,3.295457187E0,-1.220392485E2
3.989174417E0,4.104963855E-1,-2.574454999E-1,5.146813930E-1,-7.073312658E-1,1.315279584E2,-7.023116646E1,3.345177656E0,-1.220956529E2
3.999219417E0,4.080248416E-1,-2.606788059E-1,5.212267459E-1,-7.027695122E-1,1.318383626E2,-7.125860285E1,3.379699693E0,-1.221440668E2
4.009263417E0,4.052619050E-1,-2.645895277E-1,5.282139348E-1,-6.976713030E-1,1.321849190E2,-7.239274103E1,3.378795335E0,-1.221701879E2
4.019308417E0,4.023066733E-1,-2.691719649E-1,5.352560199E-1,-6.922404076E-1,1.325550816E2,-7.358630454E1,3.325636241E0,-1.221601749E2
4.029352417E0,3.992880950E-1,-2.742919219E-1,5.417886550E-1,-6.868756406E-1,1.329326372E2,-7.475967680E1,3.201671958E0,-1.221065670E2
4.039397417E0,3.964770477E-1,-2.795400053E-1,5.470042010E-1,-6.822387497E-1,1.332837487E2,-7.578128452E1,2.999266620E0,-1.220090158E2
4.049441417E0,3.946797059E-1,-2.839933257E-1,5.495807222E-1,-6.793648720E-1,1.335080007E2,-7.641499052E1,2.748187845E0,-1.218541149E2
4.059486417E0,3.949887160E-1,-2.864744053E-1,5.481866941E-1,-6.792699679E-1,1.334694594E2,-7.640402550E1,2.514269387E0,-1.216236506E2
4.069530417E0,3.975757739E-1,-2.868213897E-1,5.433938072E-1,-6.814618569E-1,1.331465688E2,-7.581101102E1,2.359233240E0,-1.213171388E2
4.079575417E0,4.016602144E-1,-2.854861565E-1,5.373058845E-1,-6.844480559E-1,1.326359848E2,-7.494081316E1,2.339916967E0,-1.209815948E2
4.089619417E0,4.061975650E-1,-2.838188166E-1,5.322854468E-1,-6.863837026E-1,1.320676110E2,-7.418763083E1,2.453518171E0,-1.206217245E2
4.099664417E0,4.115352632E-1,-2.851346728E-1,5.295918944E-1,-6.847402600E-1,1.313973716E2,-7.393386458E1,2.602415275E0,-1.199463288E2
4.109708417E0,4.186064085E-1,-2.902847332E-1,5.273201266E-1,-6.800272308E-1,1.305067291E2,-7.400002607E1,2.675316832E0,-1.187854982E2
4.119753417E0,4.268241800E-1,-2.968079169E-1,5.226852903E-1,-6.756673290E-1,1.294676344E2,-7.387744372E1,2.585066490E0,-1.173819770E2
4.129797417E0,4.345191092E-1,-3.010544753E-1,5.156137972E-1,-6.743157533E-1,1.284906040E2,-7.330531628E1,2.411520385E0,-1.162002435E2
4.139842417E0,4.395345210E-1,-3.004959874E-1,5.085801204E-1,-6.766520164E-1,1.278516290E2,-7.240156617E1,2.316217270E0,-1.156820886E2
4.149886417E0,4.402666855E-1,-2.961598775E-1,5.039610366E-1,-6.815260570E-1,1.277582041E2,-7.152566989E1,2.296638086E0,-1.159292055E2
4.159931417E0,4.364869140E-1,-2.904864797E-1,5.031251908E-1,-6.869947371E-1,1.282401074E2,-7.102068614E1,2.297589676E0,-1.167793425E2
4.169975417E0,4.291459550E-1,-2.848789152E-1,5.065238389E-1,-6.914560548E-1,1.291732550E2,-7.104500124E1,2.337331208E0,-1.180178412E2
4.180020417E0,4.195003432E-1,-2.798286270E-1,5.139413471E-1,-6.939593774E-1,1.303939078E2,-7.161444873E1,2.454026231E0,-1.194643428E2
4.190064417E0,4.087883423E-1,-2.751351750E-1,5.246659288E-1,-6.942033655E-1,1.317425139E2,-7.263956812E1,2.691318735E0,-1.209943370E2
4.200109417E0,3.979902038E-1,-2.704915827E-1,5.376377383E-1,-6.923755725E-1,1.330948072E2,-7.398116048E1,3.060223050E0,-1.225233378E2
4.210153417E0,3.881963826E-1,-2.658515308E-1,5.516062365E-1,-6.887357602E-1,1.343153610E2,-7.548756545E1,3.558072790E0,-1.239403246E2
4.220198417E0,3.803241099E-1,-2.609775217E-1,5.651434460E-1,-6.840008146E-1,1.352924796E2,-7.696143520E1,4.178139642E0,-1.251710517E2
4.230242417E0,3.746822169E-1,-2.557897188E-1,5.766867408E-1,-6.794242042E-1,1.359906535E2,-7.818563233E1,4.851245784E0,-1.261914360E2
4.240287417E0,3.713346613E-1,-2.506309130E-1,5.850960802E-1,-6.759861172E-1,1.364040943E2,-7.901407324E1,5.490854903E0,-1.269665498E2
4.250331417E0,3.702225745E-1,-2.459941590E-1,5.902927971E-1,-6.737778752E-1,1.365413106E2,-7.944926363E1,6.061079061E0,-1.274626754E2
4.260376417E0,3.709738000E-1,-2.425107009E-1,5.928201118E-1,-6.724070911E-1,1.364486268E2,-7.959076809E1,6.529204038E0,-1.276689049E2
4.270420417E0,3.730917213E-1,-2.407259505E-1,5.931789501E-1,-6.715596445E-1,1.361871629E2,-7.953254959E1,6.851511631E0,-1.275941223E2
4.280465417E0,3.762927428E-1,-2.408172722E-1,5.916380297E-1,-6.711000225E-1,1.357915304E2,-7.931973757E1,7.009461218E0,-1.272537409E2
4.290509417E0,3.804902423E-1,-2.427080536E-1,5.886269008E-1,-6.706997855E-1,1.352718946E2,-7.900898180E1,7.028619256E0,-1.266644186E2
4.300554417E0,3.854565213E-1,-2.462795037E-1,5.847167585E-1,-6.699819931E-1,1.346558308E2,-7.867684975E1,6.935972696E0,-1.258613978E2
4.310598417E0,3.907283334E-1,-2.512692481E-1,5.805269614E-1,-6.687178405E-1,1.340003479E2,-7.839871697E1,6.753623818E0,-1.249150889E2
4.320643417E0,3.958932401E-1,-2.571740215E-1,5.766045228E-1,-6.668263953E-1,1.333566104E2,-7.822330341E1,6.520967979E0,-1.239085882E2
4.330687417E0,4.007263983E-1,-2.634218493E-1,5.734289474E-1,-6.642337635E-1,1.327528060E2,-7.818157473E1,6.293921473E0,-1.229105742E2
4.340732417E0,4.050419195E-1,-2.694184186E-1,5.714517545E-1,-6.609067545E-1,1.322124919E2,-7.829495035E1,6.131050790E0,-1.219878637E2
4.350776417E0,4.087439195E-1,-2.746702636E-1,5.710377776E-1,-6.568109343E-1,1.317480916E2,-7.857645750E1,6.084989812E0,-1.211906440E2
4.360821417E0,4.118588245E-1,-2.789494437E-1,5.723256061E-1,-6.519224900E-1,1.313566863E2,-7.902567578E1,6.184353784E0,-1.205357473E2
4.370865417E0,4.144101419E-1,-2.823637178E-1,5.751994733E-1,-6.462820615E-1,1.310356484E2,-7.963256522E1,6.416999726E0,-1.200134823E2
4.380910292E0,4.164091669E-1,-2.852667400E-1,5.793366606E-1,-6.399963648E-1,1.307838203E2,-8.037851191E1,6.738774954E0,-1.195949015E2
4.390954292E0,4.178670474E-1,-2.879940415E-1,5.843557813E-1,-6.332257054E-1,1.306000033E2,-8.123719035E1,7.101969643E0,-1.192513649E2
4.400999292E0,4.187523947E-1,-2.907355675E-1,5.899424725E-1,-6.261685423E-1,1.304883080E2,-8.218149888E1,7.468477804E0,-1.189697213E2
4.411043292E0,4.190142109E-1,-2.934893478E-1,5.959000244E-1,-6.190267588E-1,1.304552677E2,-8.318655151E1,7.817931711E0,-1.187542149E2
4.421088292E0,4.186439719E-1,-2.960748884E-1,6.021225008E-1,-6.119847158E-1,1.305019893E2,-8.422672471E1,8.149893557E0,-1.186195357E2
4.431132292E0,4.176487268E-1,-2.982324593E-1,6.085885123E-1,-6.051835527E-1,1.306275389E2,-8.528191640E1,8.475221203E0,-1.185861257E2
4.441177292E0,4.160499177E-1,-2.997148166E-1,6.152930116E-1,-5.987387200E-1,1.308290956E2,-8.633489484E1,8.805661392E0,-1.186724946E2
4.451221292E0,4.139564521E-1,-3.004350536E-1,6.220541775E-1,-5.928132419E-1,1.310927670E2,-8.735425709E1,9.137420512E0,-1.188740271E2
4.461266292E0,4.127269390E-1,-3.013398305E-1,6.270465876E-1,-5.879314620E-1,1.312474953E2,-8.814047405E1,9.396384283E0,-1.189599650E2
4.471310292E0,4.142840490E-1,-3.037939045E-1,6.279034014E-1,-5.846497872E-1,1.310515245E2,-8.843751920E1,9.499247001E0,-1.186018618E2
4.481355292E0,4.181216407E-1,-3.074726185E-1,6.253194940E-1,-5.827610657E-1,1.305678890E2,-8.832264097E1,9.471273203E0,-1.178815140E2
4.491399292E0,4.223290026E-1,-3.111847864E-1,6.215615546E-1,-5.817762519E-1,1.300365706E2,-8.804547707E1,9.376836917E0,-1.171095697E2
4.501444292E0,4.249915349E-1,-3.138687188E-1,6.187738566E-1,-5.813669744E-1,1.296997448E2,-8.783929126E1,9.265030896E0,-1.165882867E2
4.511488292E0,4.239716391E-1,-3.146204289E-1,6.190790209E-1,-5.813804878E-1,1.298288223E2,-8.793870978E1,9.155562601E0,-1.166304797E2
4.521533292E0,4.176746260E-1,-3.128805438E-1,6.237733158E-1,-5.818596342E-1,1.306242726E2,-8.848997394E1,9.030688013E0,-1.174530835E2
4.531577292E0,4.068197157E-1,-3.089120492E-1,6.318412658E-1,-5.829645455E-1,1.319895795E2,-8.937953362E1,8.854247717E0,-1.189410049E2
4.541622292E0,3.934649599E-1,-3.034955892E-1,6.411927242E-1,-5.847629725E-1,1.336594562E2,-9.037523795E1,8.605356101E0,-1.207914411E2
4.551666292E0,3.797312513E-1,-2.975919326E-1,6.501023783E-1,-5.870351829E-1,1.353659265E2,-9.129642904E1,8.298744046E0,-1.226933410E2
4.561711292E0,3.684469067E-1,-2.934342619E-1,6.569855171E-1,-5.886536535E-1,1.367602683E2,-9.205238764E1,7.970675959E0,-1.241743395E2
4.571755292E0,3.624229841E-1,-2.940177218E-1,6.605911168E-1,-5.880668429E-1,1.375018509E2,-9.264017557E1,7.644295453E0,-1.247130846E2
4.581800292E0,3.610609771E-1,-2.992460594E-1,6.613789046E-1,-5.853756718E-1,1.376692629E2,-9.311743364E1,7.310911309E0,-1.243859676E2
4.591844292E0,3.614848269E-1,-3.063718692E-1,6.607701777E-1,-5.821063197E-1,1.376171753E2,-9.352094398E1,6.951826659E0,-1.237114229E2
4.601889292E0,3.615859266E-1,-3.130006307E-1,6.599656892E-1,-5.794234726E-1,1.376047496E2,-9.386997551E1,6.577600397E0,-1.231044883E2
4.611933292E0,3.606849535E-1,-3.180806114E-1,6.596072513E-1,-5.776239286E-1,1.377154654E2,-9.418306996E1,6.220720635E0,-1.227276006E2
4.621978292E0,3.584342275E-1,-3.210778635E-1,6.601012756E-1,-5.768016436E-1,1.379918647E2,-9.447723747E1,5.900965734E0,-1.226651040E2
4.632022292E0,3.546244685E-1,-3.217662901E-1,6.616535440E-1,-5.769943601E-1,1.384591386E2,-9.476317247E1,5.621848637E0,-1.229585778E2
4.642067292E0,3.493409185E-1,-3.203960539E-1,6.641576147E-1,-5.781019160E-1,1.391059839E2,-9.504302503E1,5.370269988E0,-1.235759530E2
4.652111292E0,3.438941759E-1,-3.184692159E-1,6.667870407E-1,-5.794041904E-1,1.397713865E2,-9.530322589E1,5.138499707E0,-1.242559335E2
4.662156292E0,3.401751379E-1,-3.180043573E-1,6.685491794E-1,-5.798241416E-1,1.402249104E2,-9.553926061E1,4.937810572E0,-1.246399607E2
4.672200292E0,3.382465930E-1,-3.190764888E-1,6.694327459E-1,-5.793437413E-1,1.404598340E2,-9.575340723E1,4.770039560E0,-1.247175543E2
4.682245292E0,3.367033861E-1,-3.201215937E-1,6.701572186E-1,-5.788284118E-1,1.406476934E2,-9.594159648E1,4.628657000E0,-1.247617702E2
4.692289292E0,3.345403045E-1,-3.200184709E-1,6.712190979E-1,-5.789092705E-1,1.409108269E2,-9.609758845E1,4.506739771E0,-1.249676613E2
4.702334292E0,3.317149694E-1,-3.188777453E-1,6.725463654E-1,-5.796237228E-1,1.412541995E2,-9.621853271E1,4.389090564E0,-1.253282732E2
4.712378292E0,3.289050390E-1,-3.174822842E-1,6.737339582E-1,-5.806108863E-1,1.415953414E2,-9.629975227E1,4.273737768E0,-1.257095028E2
4.722423292E0,3.268743512E-1,-3.164577997E-1,6.744490006E-1,-5.814861604E-1,1.418416585E2,-9.633534791E1,4.179909972E0,-1.259853326E2
4.732467292E0,3.257847814E-1,-3.159216918E-1,6.746659726E-1,-5.821369815E-1,1.419737450E2,-9.632948012E1,4.115795102E0,-1.261311850E2
4.742512292E0,3.252141658E-1,-3.155145533E-1,6.745380147E-1,-5.828248497E-1,1.420428987E2,-9.627944091E1,4.069081841E0,-1.262182084E2
4.752556292E0,3.250041269E-1,-3.149143611E-1,6.740909420E-1,-5.837829951E-1,1.420683500E2,-9.616582879E1,4.041636460E0,-1.262901328E2
4.762601292E0,3.254695440E-1,-3.142020793E-1,6.732048467E-1,-5.849289363E-1,1.420119508E2,-9.597621172E1,4.050952744E0,-1.263113435E2
4.772645292E0,3.269910769E-1,-3.135749342E-1,6.717399908E-1,-5.860998284E-1,1.418275050E2,-9.570368434E1,4.113561861E0,-1.262292665E2
4.782690292E0,3.298245041E-1,-3.132000801E-1,6.695112655E-1,-5.872615852E-1,1.414837521E2,-9.533233690E1,4.231224394E0,-1.260042479E2
4.792734292E0,3.339514393E-1,-3.132168757E-1,6.663366595E-1,-5.885296996E-1,1.409824238E2,-9.484528382E1,4.380133260E0,-1.256226625E2
4.802779292E0,3.390301450E-1,-3.135996007E-1,6.621828874E-1,-5.901082571E-1,1.403644074E2,-9.423756367E1,4.524449254E0,-1.251150623E2
4.812823292E0,3.447215080E-1,-3.141565397E-1,6.571612484E-1,-5.921248785E-1,1.396704070E2,-9.351513015E1,4.648084600E0,-1.245280507E2
4.822868292E0,3.508308517E-1,-3.144910487E-1,6.515166580E-1,-5.945916598E-1,1.389237157E2,-9.268928542E1,4.770040785E0,-1.239147529E2
4.832913292E0,3.571542382E-1,-3.143167293E-1,6.454931990E-1,-5.974816586E-1,1.381489389E2,-9.177797432E1,4.903874696E0,-1.233191645E2
4.842957292E0,3.634093468E-1,-3.134114887E-1,6.393932961E-1,-6.007355534E-1,1.373805521E2,-9.081111905E1,5.058230950E0,-1.227873626E2
4.853002292E0,3.695858937E-1,-3.118350807E-1,6.334288743E-1,-6.040969226E-1,1.366198389E2,-8.982431153E1,5.247348081E0,-1.223148016E2
4.863046292E0,3.755366389E-1,-3.096131305E-1,6.277798163E-1,-6.074574278E-1,1.358850315E2,-8.884505274E1,5.471755602E0,-1.219131244E2
4.873091292E0,3.816784251E-1,-3.071899079E-1,6.223059838E-1,-6.104844356E-1,1.351246260E2,-8.788391664E1,5.737570820E0,-1.215020914E2
4.883135292E0,3.871610453E-1,-3.035146079E-1,6.175694472E-1,-6.136719279E-1,1.344440674E2,-8.694629159E1,6.066396159E0,-1.212568948E2
4.893180292E0,3.909600673E-1,-2.978236981E-1,6.140297758E-1,-6.175911739E-1,1.339714984E2,-8.604500376E1,6.445361476E0,-1.213450418E2
4.903224292E0,3.939241920E-1,-2.914193580E-1,6.112130597E-1,-6.215441901E-1,1.336022089E2,-8.520542662E1,6.850736044E0,-1.215696718E2
4.913269292E0,3.951188549E-1,-2.837918953E-1,6.094888111E-1,-6.259925687E-1,1.334532261E2,-8.444816182E1,7.258019020E0,-1.220690463E2
4.923313292E0,3.943739410E-1,-2.750051730E-1,6.082969298E-1,-6.315190426E-1,1.335461318E2,-8.370427533E1,7.611243957E0,-1.228514058E2
4.933358292E0,3.950264796E-1,-2.672630920E-1,6.048239874E-1,-6.377402335E-1,1.334647489E2,-8.272044285E1,7.871632838E0,-1.233830568E2
4.943402292E0,3.986241135E-1,-2.611010647E-1,5.972067769E-1,-6.451892043E-1,1.330156134E2,-8.126766095E1,8.001722273E0,-1.234505309E2
4.953447292E0,4.045832143E-1,-2.567142521E-1,5.858389289E-1,-6.536076580E-1,1.322699763E2,-7.942345040E1,7.958765534E0,-1.230985184E2
4.963491292E0,4.111755504E-1,-2.538235157E-1,5.723133836E-1,-6.625448340E-1,1.314425951E2,-7.740621379E1,7.718353709E0,-1.225400974E2
4.973536292E0,4.171474532E-1,-2.522129476E-1,5.582100892E-1,-6.714001081E-1,1.306907504E2,-7.542666413E1,7.298592003E0,-1.219405973E2
4.983580292E0,4.219789677E-1,-2.517991393E-1,5.447205794E-1,-6.795663445E-1,1.300808176E2,-7.363803711E1,6.747427750E0,-1.213770806E2
4.993625292E0,4.256216356E-1,-2.525959782E-1,5.327956238E-1,-6.864185791E-1,1.296199655E2,-7.215762085E1,6.128896705E0,-1.208648970E2
5.003669292E0,4.284163720E-1,-2.543817928E-1,5.230628523E-1,-6.914871802E-1,1.292657979E2,-7.104032111E1,5.530400311E0,-1.203880071E2
5.013714292E0,4.310150308E-1,-2.566802712E-1,5.154808450E-1,-6.947090855E-1,1.289360124E2,-7.023927482E1,5.032669641E0,-1.199077293E2
5.023758292E0,4.339949816E-1,-2.591217855E-1,5.094802823E-1,-6.963721158E-1,1.285572796E2,-6.965186250E1,4.665213686E0,-1.193822637E2
5.033803292E0,4.375774637E-1,-2.615502447E-1,5.043222245E-1,-6.969766702E-1,1.281011687E2,-6.917281531E1,4.403000508E0,-1.187936336E2
5.043847292E0,4.416459095E-1,-2.639329536E-1,4.994323682E-1,-6.970333894E-1,1.275821122E2,-6.872855847E1,4.198056207E0,-1.181539625E2
5.053892292E0,4.451140894E-1,-2.658371798E-1,4.947666805E-1,-6.974310027E-1,1.271387232E2,-6.828614040E1,3.993830590E0,-1.176153726E2
5.063936292E0,4.480969272E-1,-2.677915292E-1,4.900646095E-1,-6.980926872E-1,1.267566996E2,-6.784869970E1,3.744438765E0,-1.171271629E2
5.073981292E0,4.508609175E-1,-2.701061182E-1,4.853513590E-1,-6.987140160E-1,1.264021341E2,-6.744009169E1,3.451181143E0,-1.166377087E2
5.084025292E0,4.527882192E-1,-2.720293948E-1,4.812691522E-1,-6.995448042E-1,1.261545712E2,-6.708566934E1,3.166200660E0,-1.162725400E2
5.094070292E0,4.540299707E-1,-2.732805556E-1,4.782450421E-1,-7.003258485E-1,1.259949236E2,-6.681374692E1,2.952284731E0,-1.160357414E2
5.104114292E0,4.546357684E-1,-2.738231541E-1,4.765547006E-1,-7.008730199E-1,1.259169972E2,-6.665176672E1,2.836560728E0,-1.159247480E2
5.114159292E0,4.540813898E-1,-2.735190857E-1,4.764721981E-1,-7.014069994E-1,1.259883104E2,-6.662171281E1,2.809645482E0,-1.160096253E2
5.124203292E0,4.534776573E-1,-2.734054999E-1,4.775187465E-1,-7.011300314E-1,1.260659465E2,-6.673785083E1,2.848920222E0,-1.160884700E2
5.134248292E0,4.525013256E-1,-2.734497857E-1,4.797658163E-1,-7.002089121E-1,1.261914400E2,-6.700734115E1,2.937430710E0,-1.162006245E2
5.144292292E0,4.506668208E-1,-2.734513768E-1,4.833510064E-1,-6.989245501E-1,1.264270509E2,-6.743444920E1,3.062012348E0,-1.164158294E2
5.154337292E0,4.490661994E-1,-2.740907550E-1,4.878053277E-1,-6.966058517E-1,1.266324239E2,-6.801071257E1,3.224435873E0,-1.165600430E2
5.164381292E0,4.466193852E-1,-2.747257921E-1,4.933120136E-1,-6.940462104E-1,1.269460136E2,-6.871687767E1,3.399670141E0,-1.168019088E2
5.174426292E0,4.438092440E-1,-2.759143016E-1,4.993680416E-1,-6.910399178E-1,1.273056406E2,-6.953246693E1,3.549607360E0,-1.170444447E2
5.184470292E0,4.407146222E-1,-2.777138245E-1,5.058239905E-1,-6.875956247E-1,1.277010285E2,-7.044454058E1,3.665903231E0,-1.172728814E2
5.194515292E0,4.375325246E-1,-2.800934251E-1,5.125963252E-1,-6.836357702E-1,1.281068957E2,-7.144162014E1,3.760808024E0,-1.174657948E2
5.204559292E0,4.344173878E-1,-2.830333469E-1,5.195026659E-1,-6.791837776E-1,1.285035457E2,-7.250083899E1,3.835876095E0,-1.176057751E2
5.214604292E0,4.320544248E-1,-2.869257348E-1,5.258694110E-1,-6.741393477E-1,1.288039802E2,-7.356566690E1,3.873426156E0,-1.175849235E2
5.224648292E0,4.304062933E-1,-2.912373258E-1,5.308533917E-1,-6.694221249E-1,1.290133054E2,-7.449321331E1,3.844213907E0,-1.174451709E2
5.234693292E0,4.307480305E-1,-2.957656569E-1,5.322410451E-1,-6.661067590E-1,1.289699172E2,-7.498786149E1,3.698177019E0,-1.170588087E2
5.244737292E0,4.336186418E-1,-3.002185663E-1,5.290175593E-1,-6.648188461E-1,1.286051431E2,-7.490136266E1,3.416958372E0,-1.163899166E2
5.254782292E0,4.390402333E-1,-3.050734723E-1,5.222031620E-1,-6.644379334E-1,1.279146795E2,-7.440428430E1,3.045651760E0,-1.154011759E2
5.264826292E0,4.463518580E-1,-3.112388398E-1,5.145295274E-1,-6.626912100E-1,1.269802745E2,-7.391379700E1,2.683106828E0,-1.140948354E2
5.274871292E0,4.534204640E-1,-3.179815347E-1,5.097751522E-1,-6.583516967E-1,1.260732998E2,-7.384130903E1,2.498750847E0,-1.127656748E2
5.284915292E0,4.585596189E-1,-3.230383136E-1,5.092012807E-1,-6.527506966E-1,1.254115973E2,-7.415710828E1,2.594742514E0,-1.117846630E2
5.294960292E0,4.630332013E-1,-3.263625304E-1,5.094758147E-1,-6.477052658E-1,1.248339834E2,-7.444481510E1,2.810624266E0,-1.110146615E2
5.305004292E0,4.688146110E-1,-3.286959274E-1,5.060331969E-1,-6.450598345E-1,1.240852443E2,-7.420925404E1,2.889759148E0,-1.101684907E2
5.315049292E0,4.759478808E-1,-3.297160656E-1,4.981100793E-1,-6.454821460E-1,1.231578312E2,-7.334042348E1,2.779775624E0,-1.092633092E2
5.325093292E0,4.821640457E-1,-3.283391807E-1,4.890826775E-1,-6.484669752E-1,1.223463302E2,-7.216333862E1,2.625175926E0,-1.086482971E2
5.335138292E0,4.848891135E-1,-3.243732940E-1,4.827304256E-1,-6.531735770E-1,1.219895846E2,-7.110553988E1,2.544615873E0,-1.086413975E2
5.345182292E0,4.826534181E-1,-3.184570671E-1,4.816107419E-1,-6.585452508E-1,1.222823104E2,-7.051151701E1,2.605871722E0,-1.093661865E2
5.355227292E0,4.756019079E-1,-3.113517512E-1,4.862384132E-1,-6.636528641E-1,1.232029052E2,-7.050834605E1,2.823123844E0,-1.107417055E2
5.365271292E0,4.647698096E-1,-3.035510439E-1,4.954220429E-1,-6.681337695E-1,1.246093489E2,-7.101515995E1,3.146489966E0,-1.125984781E2
5.375316875E0,4.517317136E-1,-2.948062050E-1,5.073122168E-1,-6.720581995E-1,1.262903134E2,-7.181723358E1,3.559450569E0,-1.147628722E2
5.385360875E0,4.389743262E-1,-2.850441520E-1,5.193730432E-1,-6.755019764E-1,1.279230852E2,-7.261718736E1,4.064940160E0,-1.169519311E2
5.395405875E0,4.287650107E-1,-2.751832435E-1,5.290297081E-1,-6.786473114E-1,1.292215797E2,-7.315786295E1,4.597424628E0,-1.188436746E2
5.405449875E0,4.218750231E-1,-2.661882947E-1,5.359142799E-1,-6.811468619E-1,1.300939555E2,-7.343968488E1,5.137780162E0,-1.202886636E2
5.415494875E0,4.174088164E-1,-2.586079732E-1,5.413446063E-1,-6.825231145E-1,1.306577940E2,-7.364927221E1,5.676532651E0,-1.213547398E2
5.425538875E0,4.140656546E-1,-2.531048908E-1,5.463675518E-1,-6.826200417E-1,1.310790198E2,-7.395303294E1,6.137516855E0,-1.221423560E2
5.435583875E0,4.110484776E-1,-2.500293615E-1,5.513759356E-1,-6.815489744E-1,1.314585689E2,-7.441638839E1,6.457718078E0,-1.227161948E2
5.445628875E0,4.082753203E-1,-2.492226182E-1,5.561692650E-1,-6.796139072E-1,1.318069218E2,-7.499776204E1,6.626123333E0,-1.230961798E2
5.455672875E0,4.060329921E-1,-2.504529690E-1,5.603078327E-1,-6.771009751E-1,1.320882481E2,-7.562136258E1,6.652252253E0,-1.232651255E2
5.465717875E0,4.046665175E-1,-2.536468782E-1,5.632397150E-1,-6.742917086E-1,1.322595378E2,-7.620805973E1,6.533523815E0,-1.231868723E2
5.475761875E0,4.044464161E-1,-2.587410308E-1,5.643252176E-1,-6.715751018E-1,1.322871172E2,-7.667038540E1,6.254823228E0,-1.228321462E2
5.485806875E0,4.056270863E-1,-2.652831490E-1,5.632390933E-1,-6.692183660E-1,1.321391409E2,-7.694134079E1,5.846595985E0,-1.222053537E2
5.495850875E0,4.085178544E-1,-2.727305287E-1,5.600673428E-1,-6.671251006E-1,1.317764746E2,-7.700449139E1,5.376746440E0,-1.213154452E2
5.505895875E0,4.132720610E-1,-2.807302956E-1,5.551956307E-1,-6.649469936E-1,1.311789060E2,-7.689549535E1,4.907776570E0,-1.201745642E2
5.515939875E0,4.195849530E-1,-2.888851945E-1,5.493282942E-1,-6.623686496E-1,1.303832268E2,-7.668678397E1,4.489866724E0,-1.188467294E2
5.525984875E0,4.267283064E-1,-2.967568454E-1,5.433254344E-1,-6.592690334E-1,1.294797826E2,-7.646258105E1,4.152966502E0,-1.174443353E2
5.536028875E0,4.337880932E-1,-3.039767060E-1,5.379495828E-1,-6.557714982E-1,1.285835932E2,-7.629246758E1,3.901058821E0,-1.160956648E2
5.546073875E0,4.400043108E-1,-3.102806628E-1,5.337651910E-1,-6.520864518E-1,1.277916876E2,-7.622287017E1,3.730202706E0,-1.149063471E2
5.556117875E0,4.449729712E-1,-3.154970729E-1,5.312286462E-1,-6.482721093E-1,1.271567810E2,-7.629063710E1,3.652723309E0,-1.139378521E2
5.566162875E0,4.486083582E-1,-3.193871743E-1,5.307309446E-1,-6.442569792E-1,1.266911347E2,-7.651913456E1,3.706518679E0,-1.132229201E2
5.576206875E0,4.511941937E-1,-3.219690586E-1,5.322575350E-1,-6.398918723E-1,1.263593439E2,-7.690277656E1,3.913608468E0,-1.127319548E2
5.586251875E0,4.529548151E-1,-3.235668878E-1,5.355298585E-1,-6.350938961E-1,1.261331591E2,-7.743050753E1,4.252439207E0,-1.124156378E2
5.596295875E0,4.538505305E-1,-3.245338735E-1,5.402386203E-1,-6.299522229E-1,1.260180006E2,-7.809285278E1,4.674417258E0,-1.122503664E2
5.606340875E0,4.537119833E-1,-3.250490028E-1,5.461389157E-1,-6.246766703E-1,1.260358169E2,-7.887648320E1,5.133605356E0,-1.122405224E2
5.616384875E0,4.523697800E-1,-3.251919754E-1,5.530367427E-1,-6.194854377E-1,1.262083429E2,-7.976728886E1,5.592396880E0,-1.123979474E2
5.626429875E0,4.497579292E-1,-3.250041691E-1,5.607627658E-1,-6.145202966E-1,1.265436920E2,-8.075114836E1,6.025535152E0,-1.127253682E2
5.636473875E0,4.459243836E-1,-3.245083009E-1,5.691400946E-1,-6.098567847E-1,1.270350085E2,-8.181090716E1,6.417918458E0,-1.132137037E2
5.646518875E0,4.410187697E-1,-3.236859316E-1,5.780050942E-1,-6.055080465E-1,1.276621985E2,-8.292705561E1,6.767073689E0,-1.138457774E2
5.656562875E0,4.351850505E-1,-3.224817856E-1,5.872192487E-1,-6.014923001E-1,1.284058610E2,-8.407979405E1,7.074363554E0,-1.146080761E2
5.666607875E0,4.286953947E-1,-3.208878023E-1,5.964736746E-1,-5.978882914E-1,1.292304099E2,-8.522854486E1,7.336757109E0,-1.154690351E2
5.676651875E0,4.246694592E-1,-3.200401659E-1,6.021567346E-1,-5.955143965E-1,1.297405139E2,-8.595359955E1,7.484507010E0,-1.159886840E2
5.686696875E0,4.265339831E-1,-3.210269290E-1,6.006858728E-1,-5.951361391E-1,1.295044035E2,-8.582186052E1,7.487877490E0,-1.157038482E2
5.696740875E0,4.318447442E-1,-3.229176788E-1,5.948541398E-1,-5.961400718E-1,1.288306213E2,-8.515569261E1,7.397997144E0,-1.149597509E2
5.706785875E0,4.371340999E-1,-3.246743068E-1,5.884297484E-1,-5.977046365E-1,1.281576642E2,-8.440737531E1,7.257379781E0,-1.142229108E2
5.716829875E0,4.385074602E-1,-3.252434157E-1,5.855006688E-1,-5.992637696E-1,1.279826201E2,-8.405309392E1,7.104512584E0,-1.140153150E2
5.726874875E0,4.338284804E-1,-3.239771558E-1,5.882880928E-1,-6.006237694E-1,1.285784567E2,-8.433915846E1,6.964566451E0,-1.146288445E2
5.736918875E0,4.249795810E-1,-3.211707446E-1,5.950321997E-1,-6.018125634E-1,1.297012581E2,-8.505574961E1,6.845004998E0,-1.158227256E2
5.746963875E0,4.149993653E-1,-3.173770225E-1,6.030327674E-1,-6.028257842E-1,1.309614470E2,-8.588567878E1,6.769208957E0,-1.172118937E2
5.757007875E0,4.052788059E-1,-3.131226248E-1,6.108708273E-1,-6.037716227E-1,1.321828005E2,-8.667609367E1,6.721123635E0,-1.186003009E2
5.767052875E0,3.959424781E-1,-3.088813453E-1,6.180820267E-1,-6.048110904E-1,1.333504660E2,-8.739560328E1,6.650931264E0,-1.199339876E2
5.777096875E0,3.870016775E-1,-3.050228961E-1,6.244648192E-1,-6.059986411E-1,1.344638736E2,-8.803831116E1,6.525819684E0,-1.211805042E2
5.787141875E0,3.787384085E-1,-3.016490093E-1,6.298530725E-1,-6.073303551E-1,1.354888827E2,-8.858247224E1,6.355548038E0,-1.223042195E2
5.797185875E0,3.715396530E-1,-2.987839508E-1,6.341179121E-1,-6.087536436E-1,1.363787939E2,-8.900611882E1,6.167087174E0,-1.232674229E2
5.807230875E0,3.657037580E-1,-2.964503641E-1,6.372048315E-1,-6.102032318E-1,1.370982008E2,-8.929861972E1,5.984905988E0,-1.240424665E2
5.817274875E0,3.613696501E-1,-2.947013436E-1,6.392122965E-1,-6.115314265E-1,1.376313305E2,-8.947488308E1,5.828178894E0,-1.246152291E2
5.827319875E0,3.585989584E-1,-2.937076158E-1,6.403907961E-1,-6.124069430E-1,1.379716437E2,-8.958132299E1,5.713245332E0,-1.249689370E2
5.837363875E0,3.571679149E-1,-2.935505872E-1,6.411171444E-1,-6.125584925E-1,1.381472610E2,-8.967794072E1,5.643538611E0,-1.251211179E2
5.847408875E0,3.565368501E-1,-2.940491317E-1,6.417226787E-1,-6.120528568E-1,1.382246724E2,-8.980113682E1,5.603767604E0,-1.251405414E2
5.857452875E0,3.558702555E-1,-2.946866239E-1,6.424469512E-1,-6.113739553E-1,1.383064205E2,-8.995144713E1,5.562302181E0,-1.251517032E2
5.867497875E0,3.540435479E-1,-2.947692106E-1,6.435131190E-1,-6.112732876E-1,1.385303259E2,-9.011488780E1,5.468255737E0,-1.253211993E2
5.877542875E0,3.503387767E-1,-2.937777376E-1,6.450636278E-1,-6.122501462E-1,1.389839248E2,-9.027763057E1,5.293100286E0,-1.257610887E2
5.887586875E0,3.448171918E-1,-2.915501292E-1,6.470869926E-1,-6.143110533E-1,1.396587262E2,-9.042829793E1,5.051348946E0,-1.264775830E2
5.897630875E0,3.380872568E-1,-2.883670095E-1,6.493432188E-1,-6.171669343E-1,1.404792356E2,-9.055220530E1,4.768395853E0,-1.273862133E2
5.907675875E0,3.308618751E-1,-2.847955909E-1,6.514695905E-1,-6.204912037E-1,1.413578077E2,-9.063460766E1,4.454453345E0,-1.283686442E2
5.917720875E0,3.236849306E-1,-2.813877653E-1,6.531839557E-1,-6.240189898E-1,1.422281581E2,-9.066961737E1,4.109854040E0,-1.293256782E2
5.927764875E0,3.169727710E-1,-2.785838409E-1,6.543806522E-1,-6.274592895E-1,1.430401013E2,-9.066870591E1,3.740728666E0,-1.301816580E2
5.937809875E0,3.111840910E-1,-2.765414257E-1,6.551198026E-1,-6.304818718E-1,1.437387924E2,-9.064940350E1,3.383391549E0,-1.308832249E2
5.947853875E0,3.066480681E-1,-2.750867272E-1,6.555984643E-1,-6.328388184E-1,1.442853137E2,-9.062912439E1,3.090020174E0,-1.314182233E2
5.957898875E0,3.034284914E-1,-2.737995835E-1,6.559993441E-1,-6.345311619E-1,1.446727137E2,-9.060828164E1,2.902071425E0,-1.318194124E2
5.967942875E0,3.014097838E-1,-2.723591096E-1,6.564010668E-1,-6.356967330E-1,1.449154046E2,-9.057846940E1,2.832471211E0,-1.321261221E2
5.977987875E0,3.004538300E-1,-2.706685995E-1,6.567422877E-1,-6.365183226E-1,1.450302735E2,-9.052456909E1,2.870024125E0,-1.323592598E2
5.988031875E0,3.003676503E-1,-2.689346781E-1,6.568660308E-1,-6.371658984E-1,1.450406272E2,-9.043590689E1,2.974448292E0,-1.325176475E2
5.998076875E0,3.009652715E-1,-2.674644486E-1,6.565230187E-1,-6.378559477E-1,1.449688224E2,-9.029375009E1,3.093967428E0,-1.325903371E2
6.008120875E0,3.020458851E-1,-2.664088175E-1,6.555089866E-1,-6.388290657E-1,1.448389495E2,-9.007640064E1,3.187759056E0,-1.325813410E2
6.018165875E0,3.033973448E-1,-2.656004620E-1,6.538320267E-1,-6.402422706E-1,1.446764594E2,-8.977503012E1,3.247229790E0,-1.325239348E2
6.028209875E0,3.049336502E-1,-2.645724161E-1,6.517353053E-1,-6.420732456E-1,1.444916556E2,-8.939823614E1,3.309084131E0,-1.324665428E2
6.038254875E0,3.064828946E-1,-2.629536400E-1,6.495195612E-1,-6.442421119E-1,1.443051987E2,-8.896912853E1,3.400877029E0,-1.324569442E2
6.048298875E0,3.076671894E-1,-2.605613848E-1,6.474503195E-1,-6.467277118E-1,1.441625988E2,-8.851699179E1,3.518677019E0,-1.325452294E2
6.058343875E0,3.083085380E-1,-2.572693577E-1,6.457307491E-1,-6.494536435E-1,1.440853507E2,-8.806545510E1,3.669412712E0,-1.327583990E2
6.068387875E0,3.085492070E-1,-2.529899985E-1,6.444736140E-1,-6.522630576E-1,1.440563586E2,-8.762758982E1,3.880261647E0,-1.330905099E2
6.078432875E0,3.085726828E-1,-2.476721831E-1,6.436550169E-1,-6.550951994E-1,1.440535305E2,-8.719925131E1,4.170861711E0,-1.335278316E2
6.088476875E0,3.086141659E-1,-2.415987380E-1,6.427184296E-1,-6.582555281E-1,1.440485329E2,-8.671724929E1,4.510202590E0,-1.340213699E2
6.098521875E0,3.090497219E-1,-2.353441456E-1,6.408485425E-1,-6.621288130E-1,1.439960567E2,-8.609537503E1,4.844504743E0,-1.344836778E2
6.108565875E0,3.097988927E-1,-2.291305622E-1,6.378650092E-1,-6.668224019E-1,1.439057775E2,-8.532042209E1,5.142952322E0,-1.349014515E2
6.118610875E0,3.101054478E-1,-2.225677500E-1,6.343833845E-1,-6.722023839E-1,1.438688292E2,-8.446395822E1,5.407022984E0,-1.353785846E2
6.128654875E0,3.088342356E-1,-2.151841490E-1,6.312902062E-1,-6.780781393E-1,1.440220197E2,-8.363442998E1,5.630042359E0,-1.360634139E2
6.138699875E0,3.051917785E-1,-2.068735280E-1,6.292163495E-1,-6.842134139E-1,1.444605957E2,-8.292260484E1,5.795146902E0,-1.370427974E2
6.148743875E0,2.991204829E-1,-1.980315828E-1,6.282807316E-1,-6.903432937E-1,1.451904301E2,-8.236902356E1,5.879908281E0,-1.382922915E2
6.158788875E0,2.913706889E-1,-1.894487143E-1,6.281349035E-1,-6.961744787E-1,1.461199300E2,-8.196114735E1,5.869411454E0,-1.396781487E2
6.168832875E0,2.836084406E-1,-1.820540286E-1,6.280769305E-1,-7.013858312E-1,1.470486273E2,-8.163414000E1,5.789593943E0,-1.409692142E2
6.178877875E0,2.776466214E-1,-1.762178913E-1,6.276047804E-1,-7.056712174E-1,1.477604044E2,-8.132252325E1,5.727705877E0,-1.419665917E2
6.188921875E0,2.739664640E-1,-1.718004380E-1,6.266375524E-1,-7.090503620E-1,1.481991367E2,-8.100202167E1,5.723336325E0,-1.426378923E2
6.198966875E0,2.712071098E-1,-1.685582706E-1,6.253706814E-1,-7.120015687E-1,1.485277809E2,-8.068878225E1,5.692093921E0,-1.431314616E2
6.209010875E0,2.678969174E-1,-1.661773530E-1,6.240822101E-1,-7.149390143E-1,1.489216811E2,-8.041011022E1,5.552975674E0,-1.436112681E2
6.219055875E0,2.635427054E-1,-1.641728278E-1,6.230128813E-1,-7.179468031E-1,1.494392438E2,-8.018090400E1,5.315864435E0,-1.441616156E2
6.229099875E0,2.579908485E-1,-1.618771732E-1,6.224283888E-1,-7.209850219E-1,1.500982409E2,-8.001291482E1,5.033582457E0,-1.448478711E2
6.239144875E0,2.511601088E-1,-1.587179719E-1,6.225380971E-1,-7.239982687E-1,1.509076559E2,-7.991479674E1,4.754725451E0,-1.457203060E2
6.249188875E0,2.433349774E-1,-1.546121734E-1,6.232493040E-1,-7.269411935E-1,1.518330852E2,-7.987165096E1,4.504005826E0,-1.467565800E2
6.259233875E0,2.347714964E-1,-1.496779365E-1,6.244087006E-1,-7.297893932E-1,1.528436927E2,-7.986824473E1,4.285133720E0,-1.479220475E2
6.269277875E0,2.255352674E-1,-1.439983536E-1,6.259670804E-1,-7.325049989E-1,1.539312884E2,-7.990349054E1,4.094188745E0,-1.492032304E2
6.279322875E0,2.155127258E-1,-1.375040722E-1,6.280539816E-1,-7.349797144E-1,1.551087809E2,-7.999753213E1,3.932537070E0,-1.506153634E2
6.289367875E0,2.044048607E-1,-1.300385377E-1,6.308150848E-1,-7.371437654E-1,1.564106752E2,-8.017155347E1,3.793984718E0,-1.521969108E2
6.299411875E0,1.919972921E-1,-1.214751199E-1,6.342536987E-1,-7.389879850E-1,1.578612662E2,-8.042880225E1,3.670165637E0,-1.539752603E2
6.309456875E0,1.783964408E-1,-1.117450985E-1,6.381589414E-1,-7.405679650E-1,1.594472581E2,-8.074413218E1,3.565002253E0,-1.559433012E2
6.319500875E0,1.639229180E-1,-1.008429732E-1,6.422593240E-1,-7.419318792E-1,1.611306594E2,-8.108580403E1,3.492897704E0,-1.580703586E2
6.329545875E0,1.490298866E-1,-8.883613684E-2,6.463031033E-1,-7.430952376E-1,1.628585775E2,-8.142667790E1,3.474800281E0,-1.603096687E2
6.339589875E0,1.341497731E-1,-7.594059204E-2,6.501240102E-1,-7.440265986E-1,1.645810835E2,-8.175452828E1,3.521572044E0,-1.626067669E2
6.349634875E0,1.195710518E-1,-6.242485637E-2,6.536350113E-1,-7.446926453E-1,1.662653052E2,-8.206752666E1,3.631372825E0,-1.649171214E2
6.359678875E0,1.053819991E-1,-4.849549152E-2,6.568046229E-1,-7.450841684E-1,1.679016488E2,-8.236841642E1,3.793707834E0,-1.672189569E2
6.369723875E0,9.148664678E-2,-3.431286626E-2,6.596325921E-1,-7.452098082E-1,1.695017229E2,-8.266189363E1,3.988404114E0,-1.695101002E2
6.379767750E0,7.778523316E-2,-2.010836679E-2,6.621380115E-1,-7.450626946E-1,1.710774557E2,-8.295403916E1,4.188908436E0,-1.717831183E2
6.389812750E0,6.420288439E-2,-6.131439228E-3,6.643533974E-1,-7.446307105E-1,1.726378276E2,-8.325011223E1,4.368766320E0,-1.740267495E2
6.399856750E0,5.070221622E-2,7.436790346E-3,6.663016987E-1,-7.439193770E-1,1.741874618E2,-8.355085734E1,4.509862123E0,-1.762312347E2
6.409901750E0,3.733525892E-2,2.051156462E-2,6.680095943E-1,-7.429323821E-1,1.757206999E2,-8.385580342E1,4.609145800E0,-1.783862012E2
6.419945750E0,2.427574181E-2,3.307402287E-2,6.694870521E-1,-7.416898720E-1,1.772179316E2,-8.416146765E1,4.678580846E0,1.795242802E2
6.429990750E0,1.176992892E-2,4.514606040E-2,6.707531434E-1,-7.402117820E-1,1.786512344E2,-8.446614801E1,4.739451092E0,1.775190476E2
6.440034750E0,6.300953852E-5,-5.675123728E-2,-6.718349266E-1,7.385235900E-1,1.799927796E2,-8.476997629E1,4.803550340E0,1.756058571E2
6.450079750E0,1.128772682E-2,-6.784083177E-2,-6.727764872E-1,7.366424075E-1,1.787064943E2,-8.507522305E1,4.862260471E0,1.737824878E2
6.460123750E0,2.204242245E-2,-7.831213199E-2,-6.736125964E-1,7.345933964E-1,1.774739199E2,-8.538151900E1,4.896671567E0,1.720450985E2
6.470168750E0,3.239366737E-2,-8.807816792E-2,-6.743886674E-1,7.323883786E-1,1.762873096E2,-8.568967604E1,4.894599391E0,1.703949403E2
6.480212750E0,4.235031242E-2,-9.709599192E-2,-6.751362682E-1,7.300477534E-1,1.751455598E2,-8.599883000E1,4.852158750E0,1.688349737E2
6.490257750E0,5.189781694E-2,-1.053336567E-1,-6.758918979E-1,7.275861456E-1,1.740502754E2,-8.630916364E1,4.768155629E0,1.673693458E2
6.500301750E0,6.080104366E-2,-1.125774145E-1,-6.764791932E-1,7.252623791E-1,1.730284137E2,-8.658312015E1,4.648062622E0,1.660367481E2
6.510346750E0,6.774926774E-2,-1.177424686E-1,-6.757013731E-1,7.245511300E-1,1.722305545E2,-8.659953832E1,4.534785481E0,1.650425806E2
6.520390750E0,7.219116625E-2,-1.201234705E-1,-6.727049429E-1,7.265169854E-1,1.717202994E2,-8.619989531E1,4.440097184E0,1.644955192E2
6.530435750E0,7.504001926E-2,-1.199473388E-1,-6.679740856E-1,7.306109828E-1,1.713929566E2,-8.546492788E1,4.302377762E0,1.642966833E2
6.540479750E0,7.719937089E-2,-1.177520149E-1,-6.624443980E-1,7.357595575E-1,1.711447930E2,-8.455771193E1,4.071067440E0,1.643184346E2
6.550524750E0,7.905429584E-2,-1.143980529E-1,-6.569999524E-1,7.409552103E-1,1.709315826E2,-8.364045397E1,3.764194040E0,1.644518169E2
6.560568750E0,8.056279477E-2,-1.109157117E-1,-6.529594184E-1,7.448834862E-1,1.707581682E2,-8.294020894E1,3.441540073E0,1.646125341E2
6.570613750E0,8.143742617E-2,-1.082652650E-1,-6.523619446E-1,7.457013879E-1,1.706576124E2,-8.278478818E1,3.165125068E0,1.647451073E2
6.580657750E0,8.244205953E-2,-1.082734415E-1,-6.542135400E-1,7.439655911E-1,1.705421014E2,-8.306552240E1,3.051526330E0,1.646501973E2
6.590702750E0,8.462796368E-2,-1.114603544E-1,-6.559454172E-1,7.417211871E-1,1.702907367E2,-8.340826258E1,3.113974922E0,1.642067799E2
6.600746750E0,8.855741973E-2,-1.167384253E-1,-6.565614145E-1,7.399032038E-1,1.698387561E2,-8.363999390E1,3.236841728E0,1.634534577E2
6.610791750E0,9.395784294E-2,-1.229326212E-1,-6.564488402E-1,7.383322433E-1,1.692173194E2,-8.379373539E1,3.334961741E0,1.625032763E2
6.620836750E0,9.996446428E-2,-1.294257857E-1,-6.562990293E-1,7.365648363E-1,1.685257516E2,-8.395974367E1,3.408117668E0,1.614757208E2
6.630880750E0,1.057080893E-1,-1.360449062E-1,-6.566376792E-1,7.342646088E-1,1.678640717E2,-8.421331969E1,3.495037607E0,1.604565239E2
6.640925750E0,1.105763242E-1,-1.426241135E-1,-6.577984877E-1,7.312539540E-1,1.673029216E2,-8.460009564E1,3.618629238E0,1.595094710E2
6.650969750E0,1.142267892E-1,-1.488868612E-1,-6.599191696E-1,7.275243373E-1,1.668819411E2,-8.513184596E1,3.777194220E0,1.586845952E2
6.661014750E0,1.165792788E-1,-1.546168939E-1,-6.629145461E-1,7.232200271E-1,1.666105524E2,-8.578775680E1,3.961139657E0,1.580056494E2
6.671058750E0,1.177695901E-1,-1.597390214E-1,-6.665550855E-1,7.185526851E-1,1.664732066E2,-8.652947189E1,4.161151510E0,1.574675085E2
6.681103750E0,1.180944159E-1,-1.643398557E-1,-6.705576874E-1,7.137216026E-1,1.664357227E2,-8.731609964E1,4.370609772E0,1.570388921E2
6.691147750E0,1.178224633E-1,-1.685261125E-1,-6.746852337E-1,7.088840927E-1,1.664671053E2,-8.811446340E1,4.585393327E0,1.566893842E2
6.701192750E0,1.171794499E-1,-1.724015995E-1,-6.787143038E-1,7.041971314E-1,1.665413032E2,-8.889314726E1,4.803958295E0,1.563927803E2
6.711236750E0,1.163400322E-1,-1.757713244E-1,-6.822573365E-1,7.000675199E-1,1.666381558E2,-8.958250540E1,5.011512605E0,1.561540045E2
6.721281750E0,1.151805513E-1,-1.775336948E-1,-6.845111392E-1,6.976100425E-1,1.667719218E2,-9.000848126E1,5.164403066E0,1.560840886E2
6.731325750E0,1.134495803E-1,-1.768850338E-1,-6.850163324E-1,6.975625852E-1,1.669715854E2,-9.006164338E1,5.241111346E0,1.562781743E2
6.741370750E0,1.112835905E-1,-1.746120542E-1,-6.842475739E-1,6.992366369E-1,1.672213716E2,-8.984856935E1,5.272878276E0,1.566554381E2
6.751414750E0,1.094163165E-1,-1.721909917E-1,-6.832239744E-1,7.011301263E-1,1.674366602E2,-8.959086037E1,5.275504647E0,1.570222476E2
6.761459750E0,1.086318583E-1,-1.705329347E-1,-6.827707272E-1,7.020981762E-1,1.675270916E2,-8.945425354E1,5.228067247E0,1.572307832E2
6.771503750E0,1.093394196E-1,-1.697450837E-1,-6.832399481E-1,7.017227320E-1,1.674455252E2,-8.949726689E1,5.095602464E0,1.572361250E2
6.781548750E0,1.114871387E-1,-1.696304864E-1,-6.846916120E-1,6.999954699E-1,1.671979006E2,-8.972135169E1,4.865244508E0,1.570595372E2
6.791592750E0,1.146221688E-1,-1.699431106E-1,-6.869747279E-1,6.971705563E-1,1.668363344E2,-9.009368133E1,4.558308870E0,1.567612347E2
6.801637750E0,1.180582749E-1,-1.704555320E-1,-6.897959536E-1,6.936777205E-1,1.664398934E2,-9.055999530E1,4.221370108E0,1.564197552E2
6.811681750E0,1.210739030E-1,-1.709937473E-1,-6.927591299E-1,6.900631014E-1,1.660918308E2,-9.105148971E1,3.913068423E0,1.561116146E2
6.821726750E0,1.231224295E-1,-1.713641549E-1,-6.952707239E-1,6.870763018E-1,1.658553173E2,-9.146618777E1,3.685149612E0,1.559005168E2
6.831770750E0,1.239907810E-1,-1.712634239E-1,-6.968282185E-1,6.853653505E-1,1.657550432E2,-9.171103817E1,3.552062589E0,1.558311673E2
6.841815750E0,1.237887080E-1,-1.703588050E-1,-6.973797311E-1,6.850662975E-1,1.657783788E2,-9.176373284E1,3.483361375E0,1.559226129E2
6.851859750E0,1.227487134E-1,-1.685582916E-1,-6.973102731E-1,6.857691173E-1,1.658984693E2,-9.168244109E1,3.439598324E0,1.561616622E2
6.861904750E0,1.209821915E-1,-1.661521070E-1,-6.971324345E-1,6.868501629E-1,1.661024180E2,-9.156142791E1,3.414671343E0,1.565117540E2
6.871948750E0,1.185760700E-1,-1.636551169E-1,-6.972090996E-1,6.877908384E-1,1.663801387E2,-9.147915227E1,3.426975532E0,1.569200189E2
6.881993750E0,1.156679164E-1,-1.615263429E-1,-6.977027445E-1,6.882886137E-1,1.667156981E2,-9.147883849E1,3.494334367E0,1.573353460E2
6.892037750E0,1.125214224E-1,-1.600225222E-1,-6.985969532E-1,6.882542851E-1,1.670786299E2,-9.156690495E1,3.615363259E0,1.577143795E2
6.902082750E0,1.095038345E-1,-1.592110689E-1,-6.996903688E-1,6.878183603E-1,1.674265708E2,-9.171307240E1,3.771584358E0,1.580223456E2
6.912126750E0,1.070174654E-1,-1.590044019E-1,-7.006490200E-1,6.872814516E-1,1.677131723E2,-9.186011112E1,3.933475728E0,1.582357612E2
6.922171750E0,1.053856448E-1,-1.593626922E-1,-7.011410001E-1,6.869488918E-1,1.679012287E2,-9.195283160E1,4.081056312E0,1.583339204E2
6.932215750E0,1.047204411E-1,-1.604396707E-1,-7.010687183E-1,6.868737440E-1,1.679778796E2,-9.198111856E1,4.219128036E0,1.582954815E2
6.942260750E0,1.050684476E-1,-1.624453760E-1,-7.006055877E-1,6.868216084E-1,1.679377797E2,-9.198129087E1,4.354022269E0,1.580978011E2
6.952305750E0,1.065536815E-1,-1.654838055E-1,-7.000646118E-1,6.864189584E-1,1.677666236E2,-9.200905789E1,4.473242449E0,1.577199167E2
6.962349750E0,1.092590456E-1,-1.694042000E-1,-6.997327686E-1,6.853748546E-1,1.674547909E2,-9.210685419E1,4.548703823E0,1.571658815E2
6.972394750E0,1.129895053E-1,-1.739606747E-1,-6.997010952E-1,6.836588456E-1,1.670246473E2,-9.228181546E1,4.573721500E0,1.564715267E2
6.982438750E0,1.172627532E-1,-1.787646989E-1,-6.999225769E-1,6.814696751E-1,1.665316911E2,-9.251239980E1,4.559581788E0,1.557092706E2
6.992483750E0,1.215919299E-1,-1.833668398E-1,-7.003054810E-1,6.790908016E-1,1.660320274E2,-9.276571841E1,4.516287022E0,1.549579204E2
7.002527750E0,1.256611660E-1,-1.874419553E-1,-7.007797806E-1,6.767440229E-1,1.655621222E2,-9.301584582E1,4.449410693E0,1.542719453E2
7.012572750E0,1.293105563E-1,-1.908245139E-1,-7.013807736E-1,6.744848043E-1,1.651404923E2,-9.325974155E1,4.360095300E0,1.536789473E2
7.022616750E0,1.325297958E-1,-1.934724739E-1,-7.022067254E-1,6.722424445E-1,1.647683918E2,-9.350981906E1,4.243433040E0,1.531833810E2
7.032661750E0,1.353144380E-1,-1.954296682E-1,-7.033251552E-1,6.699484758E-1,1.644463946E2,-9.377777008E1,4.101038339E0,1.527818440E2
7.042705750E0,1.376127057E-1,-1.967654915E-1,-7.047270226E-1,6.676120231E-1,1.641805455E2,-9.406461765E1,3.943184120E0,1.524727856E2
7.052750750E0,1.394008911E-1,-1.975385700E-1,-7.063933193E-1,6.652476060E-1,1.639736402E2,-9.436968850E1,3.777405008E0,1.522533031E2
7.062794750E0,1.406889409E-1,-1.978615203E-1,-7.082848488E-1,6.628649182E-1,1.638245715E2,-9.469179531E1,3.612900530E0,1.521129636E2
7.072839750E0,1.415219734E-1,-1.978690856E-1,-7.103488854E-1,6.604724523E-1,1.637281483E2,-9.502871552E1,3.457848243E0,1.520365295E2
7.082883750E0,1.419447484E-1,-1.976136125E-1,-7.125390674E-1,6.580947379E-1,1.636792078E2,-9.537551277E1,3.314380710E0,1.520159449E2
7.092928750E0,1.419535993E-1,-1.970803495E-1,-7.148246278E-1,6.557700020E-1,1.636781832E2,-9.572672164E1,3.183553509E0,1.520528565E2
7.102972750E0,1.415739194E-1,-1.961902502E-1,-7.171600268E-1,6.535653214E-1,1.637221352E2,-9.607147755E1,3.060131192E0,1.521523996E2
7.113017750E0,1.407231431E-1,-1.948527621E-1,-7.194808009E-1,6.515956306E-1,1.638206129E2,-9.639532653E1,2.948321856E0,1.523292858E2
7.123061750E0,1.393696814E-1,-1.929779649E-1,-7.217515256E-1,6.499309566E-1,1.639772518E2,-9.668872331E1,2.846717052E0,1.525939384E2
7.133106750E0,1.377453418E-1,-1.907562992E-1,-7.239745400E-1,6.484589357E-1,1.641652003E2,-9.696099392E1,2.748215131E0,1.529110220E2
7.143150750E0,1.364446479E-1,-1.888427269E-1,-7.261445337E-1,6.468658270E-1,1.643156696E2,-9.724019627E1,2.645411776E0,1.531755823E2
7.153195750E0,1.362112598E-1,-1.880623991E-1,-7.282037655E-1,6.448242126E-1,1.643426660E2,-9.755192033E1,2.530733555E0,1.532563766E2
7.163239750E0,1.373598035E-1,-1.887882521E-1,-7.300430540E-1,6.422837270E-1,1.642098038E2,-9.789329593E1,2.404498789E0,1.530962248E2
7.173284750E0,1.397939315E-1,-1.908557447E-1,-7.314858881E-1,6.394999487E-1,1.639281557E2,-9.822768817E1,2.268927236E0,1.527178747E2
7.183328750E0,1.432313653E-1,-1.938427761E-1,-7.323396990E-1,6.368581632E-1,1.635302503E2,-9.850494677E1,2.126888298E0,1.521813113E2
7.193373750E0,1.472920034E-1,-1.974321282E-1,-7.325150720E-1,6.346237480E-1,1.630599467E2,-9.869688928E1,1.994468322E0,1.515440694E2
7.203417750E0,1.516344564E-1,-2.014604818E-1,-7.321080599E-1,6.328020137E-1,1.625566848E2,-9.881359126E1,1.887869777E0,1.508462184E2
7.213462750E0,1.560696325E-1,-2.058369895E-1,-7.312991987E-1,6.312486705E-1,1.620423266E2,-9.888268940E1,1.810931643E0,1.501095495E2
7.223507750E0,1.605421296E-1,-2.103536776E-1,-7.302636717E-1,6.298353603E-1,1.615232705E2,-9.892489075E1,1.747803706E0,1.493565110E2
7.233551750E0,1.649660947E-1,-2.147231467E-1,-7.291191108E-1,6.285424003E-1,1.610094703E2,-9.894628681E1,1.682751928E0,1.486195496E2
7.243596750E0,1.690641803E-1,-2.187030315E-1,-7.279282516E-1,6.274605961E-1,1.605331740E2,-9.894483716E1,1.622941365E0,1.479421449E2
7.253640750E0,1.724371504E-1,-2.221312140E-1,-7.266816742E-1,6.267829169E-1,1.601408991E2,-9.890966958E1,1.595450520E0,1.473702739E2
7.263685750E0,1.746965797E-1,-2.247293776E-1,-7.253656178E-1,6.267555847E-1,1.598779972E2,-9.882276152E1,1.619566275E0,1.469600402E2
7.273729750E0,1.756980099E-1,-2.261500635E-1,-7.239138275E-1,6.276425862E-1,1.597614390E2,-9.865333238E1,1.690607384E0,1.467552932E2
7.283774750E0,1.754448760E-1,-2.261634030E-1,-7.221984297E-1,6.296814821E-1,1.597909037E2,-9.836696899E1,1.799944207E0,1.467777115E2
7.293818750E0,1.739086233E-1,-2.248378846E-1,-7.200458215E-1,6.330384786E-1,1.599696940E2,-9.793889991E1,1.960913134E0,1.470240053E2
7.303863750E0,1.710882827E-1,-2.224901366E-1,-7.173220393E-1,6.377115104E-1,1.602977997E2,-9.736557212E1,2.196011649E0,1.474660594E2
7.313907750E0,1.671974963E-1,-2.194883327E-1,-7.140366292E-1,6.434450413E-1,1.607501693E2,-9.667040837E1,2.503882495E0,1.480542930E2
7.323952750E0,1.626059344E-1,-2.161096305E-1,-7.103209209E-1,6.498462203E-1,1.612836271E2,-9.589156491E1,2.858598456E0,1.487349423E2
7.333996750E0,1.578058719E-1,-2.127037016E-1,-7.062623902E-1,6.565423852E-1,1.618408719E2,-9.506232197E1,3.232812357E0,1.494379708E2
7.344041750E0,1.532155744E-1,-2.097380386E-1,-7.018261393E-1,6.633061957E-1,1.623733599E2,-9.420046410E1,3.622342234E0,1.500890708E2
7.354085750E0,1.493337443E-1,-2.077303102E-1,-6.969370417E-1,6.699451041E-1,1.628233639E2,-9.331864975E1,4.024519603E0,1.506034704E2
7.364130750E0,1.468918191E-1,-2.072189847E-1,-6.914920903E-1,6.762557728E-1,1.631063087E2,-9.242594534E1,4.422870273E0,1.508759078E2
7.374174625E0,1.462101360E-1,-2.085911175E-1,-6.854226069E-1,6.821350053E-1,1.631852765E2,-9.153133065E1,4.826753940E0,1.508469738E2
7.384219625E0,1.472340936E-1,-2.117514989E-1,-6.788302919E-1,6.875120580E-1,1.630666558E2,-9.065008501E1,5.236644239E0,1.505284995E2
7.394263625E0,1.500204850E-1,-2.166612063E-1,-6.718578334E-1,6.922129700E-1,1.627437726E2,-8.980827794E1,5.645115083E0,1.499169818E2
7.404308625E0,1.546610427E-1,-2.234545618E-1,-6.646080276E-1,6.960201581E-1,1.622057232E2,-8.903610755E1,6.054811614E0,1.489899829E2
7.414352625E0,1.608999775E-1,-2.320445953E-1,-6.572197693E-1,6.988051164E-1,1.614817240E2,-8.836010513E1,6.477591020E0,1.477720761E2
7.424397625E0,1.679133395E-1,-2.416632226E-1,-6.498470633E-1,7.007872406E-1,1.606669634E2,-8.777186267E1,6.919402960E0,1.463951229E2
7.434441625E0,1.737585384E-1,-2.492979767E-1,-6.420530784E-1,7.038652038E-1,1.599871584E2,-8.703875420E1,7.343632711E0,1.452915386E2
7.444486625E0,1.762449285E-1,-2.512478796E-1,-6.329753848E-1,7.107421576E-1,1.596977732E2,-8.580835299E1,7.702389692E0,1.449862060E2
7.454530625E0,1.757160488E-1,-2.471668003E-1,-6.227460075E-1,7.212627064E-1,1.597593392E2,-8.407798755E1,7.914282633E0,1.454783931E2
7.464575625E0,1.738955157E-1,-2.385642281E-1,-6.122563101E-1,7.334778325E-1,1.599712193E2,-8.208186564E1,7.875783787E0,1.464659332E2
7.474619625E0,1.722872130E-1,-2.275723932E-1,-6.023119509E-1,7.454851957E-1,1.601583417E2,-8.007464383E1,7.571446871E0,1.476096354E2
7.484664625E0,1.716525868E-1,-2.163267922E-1,-5.934006531E-1,7.560513895E-1,1.602321643E2,-7.824579950E1,7.087837695E0,1.486496922E2
7.494709625E0,1.719580250E-1,-2.061588439E-1,-5.859203672E-1,7.646085063E-1,1.601966354E2,-7.670976198E1,6.531774036E0,1.494797382E2
7.504753625E0,1.725786374E-1,-1.976348967E-1,-5.802097221E-1,7.710472382E-1,1.601244391E2,-7.552467606E1,5.998825466E0,1.501190179E2
7.514798625E0,1.723157464E-1,-1.905445956E-1,-5.764140823E-1,7.757234943E-1,1.601550224E2,-7.468510304E1,5.564681168E0,1.507047748E2
7.524842625E0,1.701393885E-1,-1.839128311E-1,-5.740795262E-1,7.795264677E-1,1.604081530E2,-7.407579470E1,5.243161253E0,1.514177960E2
7.534887625E0,1.659229967E-1,-1.766655330E-1,-5.723497984E-1,7.833739059E-1,1.608982852E2,-7.353190766E1,4.982895774E0,1.523582453E2
7.544931625E0,1.604493012E-1,-1.681258439E-1,-5.705630882E-1,7.876849385E-1,1.615340476E2,-7.294046273E1,4.690168504E0,1.535053931E2
7.554976625E0,1.549163472E-1,-1.583300523E-1,-5.684434599E-1,7.923411537E-1,1.621761106E2,-7.227433610E1,4.288608383E0,1.547422341E2
7.565020625E0,1.500467004E-1,-1.480816246E-1,-5.659336994E-1,7.970425504E-1,1.627407342E2,-7.156213702E1,3.797005026E0,1.559401360E2
7.575065625E0,1.460964448E-1,-1.385550460E-1,-5.630487055E-1,8.015201473E-1,1.631984459E2,-7.084639413E1,3.301518940E0,1.569911283E2
7.585109625E0,1.430820179E-1,-1.307693008E-1,-5.598844044E-1,8.055782987E-1,1.635475423E2,-7.016637092E1,2.893006763E0,1.578248030E2
7.595154625E0,1.409976245E-1,-1.252276435E-1,-5.566703068E-1,8.090462889E-1,1.637888428E2,-6.955937597E1,2.616549881E0,1.584106431E2
7.605198625E0,1.397952170E-1,-1.218926266E-1,-5.537613102E-1,8.117561206E-1,1.639280070E2,-6.906474846E1,2.468367007E0,1.587588442E2
7.615243625E0,1.393775628E-1,-1.204183299E-1,-5.515092777E-1,8.135791193E-1,1.639763398E2,-6.871561679E1,2.418808829E0,1.589038823E2
7.625287625E0,1.396503583E-1,-1.203132156E-1,-5.502549875E-1,8.143967471E-1,1.639447710E2,-6.854222596E1,2.423117366E0,1.588881670E2
7.635332625E0,1.405064872E-1,-1.210625234E-1,-5.502254214E-1,8.141584066E-1,1.638456889E2,-6.856028582E1,2.436243563E0,1.587560365E2
7.645376625E0,1.417590705E-1,-1.223001656E-1,-5.514589333E-1,8.129207434E-1,1.637007022E2,-6.876472181E1,2.435349599E0,1.585496352E2
7.655421625E0,1.431115418E-1,-1.239164129E-1,-5.538723882E-1,8.107953831E-1,1.635441240E2,-6.914154182E1,2.430680177E0,1.583048108E2
7.665465625E0,1.442822759E-1,-1.259293253E-1,-5.573354051E-1,8.078994943E-1,1.634085608E2,-6.967443015E1,2.444362587E0,1.580472953E2
7.675510625E0,1.451524608E-1,-1.283193256E-1,-5.616918509E-1,8.043427006E-1,1.633077841E2,-7.034296024E1,2.485325827E0,1.577894009E2
7.685554625E0,1.457899108E-1,-1.310368280E-1,-5.667619903E-1,8.002221508E-1,1.632339523E2,-7.112283507E1,2.548255328E0,1.575274968E2
7.695599625E0,1.463262505E-1,-1.339602598E-1,-5.723224241E-1,7.956697222E-1,1.631718261E2,-7.198136205E1,2.618449373E0,1.572571855E2
7.705643625E0,1.467804250E-1,-1.368461810E-1,-5.780560813E-1,7.909360410E-1,1.631192134E2,-7.286818285E1,2.681190141E0,1.569941436E2
7.715688625E0,1.471727278E-1,-1.393758348E-1,-5.835426738E-1,7.863793766E-1,1.630737653E2,-7.371470326E1,2.719214381E0,1.567605316E2
7.725732625E0,1.474956359E-1,-1.412606419E-1,-5.881962759E-1,7.825060180E-1,1.630363545E2,-7.442824776E1,2.726121006E0,1.565805025E2
7.735777625E0,1.474353659E-1,-1.421322598E-1,-5.912610894E-1,7.800458222E-1,1.630433372E2,-7.488777701E1,2.716480060E0,1.565133659E2
7.745822625E0,1.465515676E-1,-1.414846313E-1,-5.918564557E-1,7.798785624E-1,1.631457253E2,-7.494978027E1,2.705749053E0,1.566401823E2
7.755866625E0,1.446283437E-1,-1.393189155E-1,-5.898614347E-1,7.821358423E-1,1.633684840E2,-7.459710321E1,2.711748383E0,1.569811757E2
7.765911625E0,1.419098509E-1,-1.362616463E-1,-5.860342690E-1,7.860395044E-1,1.636832476E2,-7.395989138E1,2.744715492E0,1.574654046E2
7.775955625E0,1.388492521E-1,-1.332127012E-1,-5.816645259E-1,7.903426766E-1,1.640374742E2,-7.325047832E1,2.810912283E0,1.579819712E2
7.786000625E0,1.355956840E-1,-1.308485791E-1,-5.781781597E-1,7.938528347E-1,1.644138664E2,-7.268865799E1,2.920605197E0,1.584649386E2
7.796044625E0,1.312775707E-1,-1.289612853E-1,-5.768254144E-1,7.958691400E-1,1.649131511E2,-7.243904786E1,3.085386810E0,1.590069255E2
7.806089625E0,1.248487644E-1,-1.266589294E-1,-5.772733090E-1,7.969478253E-1,1.656559556E2,-7.242645404E1,3.309949978E0,1.597689703E2
7.816133625E0,1.169074974E-1,-1.228480114E-1,-5.778598245E-1,7.983226977E-1,1.665726823E2,-7.238996987E1,3.499074685E0,1.607766547E2
7.826178625E0,1.087173953E-1,-1.172281085E-1,-5.773149079E-1,8.007156693E-1,1.675172314E2,-7.215014057E1,3.566353223E0,1.619372156E2
7.836222625E0,1.017359806E-1,-1.109521055E-1,-5.749280476E-1,8.042370806E-1,1.683217105E2,-7.164580109E1,3.524874015E0,1.630360138E2
7.846267625E0,9.747836920E-2,-1.061155650E-1,-5.709597321E-1,8.082342245E-1,1.688120357E2,-7.096893767E1,3.452441572E0,1.637843808E2
7.856311625E0,9.675424420E-2,-1.041597616E-1,-5.667684177E-1,8.115189392E-1,1.688954084E2,-7.033973399E1,3.404268328E0,1.640027631E2
7.866356625E0,9.936216474E-2,-1.052115783E-1,-5.641667349E-1,8.128799031E-1,1.685951154E2,-7.000811396E1,3.378690264E0,1.636955860E2
7.876400625E0,1.046573894E-1,-1.090867492E-1,-5.643017102E-1,8.116098710E-1,1.679851447E2,-7.012808863E1,3.379836925E0,1.629319029E2
7.886445625E0,1.118486533E-1,-1.155653731E-1,-5.672633482E-1,8.076799303E-1,1.671562134E2,-7.071273086E1,3.427436544E0,1.617993025E2
7.896489625E0,1.201400764E-1,-1.244370319E-1,-5.722719532E-1,8.016150409E-1,1.661996263E2,-7.166057349E1,3.554365579E0,1.603860156E2
7.906534625E0,1.286895224E-1,-1.353490406E-1,-5.780063480E-1,7.943729901E-1,1.652122572E2,-7.279275442E1,3.799691184E0,1.587944312E2
7.916578625E0,1.362726677E-1,-1.467322722E-1,-5.829009037E-1,7.874808002E-1,1.643355629E2,-7.385203916E1,4.142125495E0,1.572509929E2
7.926623625E0,1.414017074E-1,-1.561246342E-1,-5.854736106E-1,7.828481661E-1,1.637420697E2,-7.454260514E1,4.523606538E0,1.560794826E2
7.936667625E0,1.432832270E-1,-1.621137013E-1,-5.853501203E-1,7.813797699E-1,1.635242454E2,-7.474385763E1,4.910702049E0,1.554663300E2
7.946712625E0,1.426557658E-1,-1.653595144E-1,-5.836349121E-1,7.820971725E-1,1.635968935E2,-7.462229215E1,5.286538779E0,1.552955169E2
7.956756625E0,1.408436620E-1,-1.670524480E-1,-5.818374544E-1,7.834039356E-1,1.638066635E2,-7.443061387E1,5.614965944E0,1.553502042E2
7.966801625E0,1.386738158E-1,-1.674393350E-1,-5.809782698E-1,7.843455383E-1,1.640577741E2,-7.432067133E1,5.827145770E0,1.555289100E2
7.976846625E0,1.363163319E-1,-1.659781669E-1,-5.812490423E-1,7.848686228E-1,1.643305123E2,-7.429912961E1,5.858649803E0,1.558537797E2
7.986890625E0,1.336771805E-1,-1.622603724E-1,-5.825684283E-1,7.851216725E-1,1.646357308E2,-7.434179966E1,5.683665239E0,1.563635282E2
7.996935625E0,1.305538251E-1,-1.560096154E-1,-5.849055975E-1,7.851764845E-1,1.649968062E2,-7.444060884E1,5.294030022E0,1.570966686E2
8.006979625E0,1.266541668E-1,-1.473694904E-1,-5.881749496E-1,7.850420993E-1,1.654474163E2,-7.459930027E1,4.726122568E0,1.580692472E2
8.017024625E0,1.216444238E-1,-1.372161881E-1,-5.920958288E-1,7.847272623E-1,1.660259671E2,-7.481983913E1,4.088902769E0,1.592489907E2
8.027068625E0,1.156375496E-1,-1.267381866E-1,-5.961321060E-1,7.843417240E-1,1.667192014E2,-7.507190139E1,3.493860442E0,1.605415457E2
8.037113625E0,1.092544516E-1,-1.170210410E-1,-5.998327890E-1,7.839453329E-1,1.674553205E2,-7.532347890E1,3.004098656E0,1.618133245E2
8.047157625E0,1.031741154E-1,-1.090208105E-1,-6.031719152E-1,7.833602293E-1,1.681560406E2,-7.558972591E1,2.656133765E0,1.629337748E2
8.057202625E0,9.800960915E-2,-1.036725651E-1,-6.063286088E-1,7.823118686E-1,1.687508672E2,-7.590891211E1,2.484923188E0,1.637797765E2
8.067246625E0,9.424589558E-2,-1.018160175E-1,-6.093878588E-1,7.806393130E-1,1.691841638E2,-7.630282701E1,2.527481178E0,1.642465107E2
8.077291625E0,9.208654394E-2,-1.038303207E-1,-6.123178867E-1,7.783354820E-1,1.694326883E2,-7.677089273E1,2.800424480E0,1.642865629E2
8.087335625E0,9.118213580E-2,-1.092915408E-1,-6.150790953E-1,7.755120857E-1,1.695367637E2,-7.730107737E1,3.287451167E0,1.639589348E2
8.097380625E0,9.121863497E-2,-1.172350205E-1,-6.177005661E-1,7.722571689E-1,1.695325637E2,-7.788378898E1,3.920920099E0,1.633579812E2
8.107424625E0,9.226505692E-2,-1.267409050E-1,-6.202675620E-1,7.685649364E-1,1.694121448E2,-7.851838234E1,4.609212131E0,1.625411843E2
8.117469625E0,9.445618728E-2,-1.371365095E-1,-6.228371711E-1,7.644249357E-1,1.691599582E2,-7.920303261E1,5.278646528E0,1.615438162E2
8.127513625E0,9.777510409E-2,-1.480928989E-1,-6.253909540E-1,7.598649628E-1,1.687778692E2,-7.993094753E1,5.898464489E0,1.603909462E2
8.137558625E0,1.020158778E-1,-1.594989530E-1,-6.278732980E-1,7.549358467E-1,1.682894689E2,-8.069436457E1,6.471954646E0,1.591088586E2
8.147602625E0,1.069849702E-1,-1.711977802E-1,-6.302805153E-1,7.496613583E-1,1.677169174E2,-8.149025251E1,6.997130629E0,1.577261975E2
8.157647625E0,1.125765715E-1,-1.829952731E-1,-6.326409917E-1,7.440461548E-1,1.670722699E2,-8.231721350E1,7.462239144E0,1.562670942E2
8.167691625E0,1.186735978E-1,-1.946419647E-1,-6.349932073E-1,7.381156928E-1,1.663688833E2,-8.317072693E1,7.852464412E0,1.547619311E2
8.177736625E0,1.249250924E-1,-2.055575559E-1,-6.373251292E-1,7.320905268E-1,1.656471400E2,-8.402023150E1,8.148410649E0,1.532906625E2
8.187781625E0,1.283434757E-1,-2.108631487E-1,-6.382614847E-1,7.291687176E-1,1.652522428E2,-8.441468518E1,8.260630037E0,1.525403406E2
8.197825625E0,1.259100221E-1,-2.064346950E-1,-6.370730278E-1,7.318944175E-1,1.655333771E2,-8.402488893E1,8.149068530E0,1.531345720E2
8.207870625E0,1.191668635E-1,-1.954494140E-1,-6.353459764E-1,7.375189988E-1,1.663119553E2,-8.325938917E1,7.866821099E0,1.546490831E2
8.217914625E0,1.107361029E-1,-1.825399186E-1,-6.345437533E-1,7.428128537E-1,1.672844992E2,-8.257813354E1,7.507281547E0,1.564470278E2
8.227959625E0,1.032261457E-1,-1.721779051E-1,-6.361724340E-1,7.449722685E-1,1.681500463E2,-8.239632830E1,7.192090408E0,1.579245034E2
8.238003625E0,9.897270679E-2,-1.676871163E-1,-6.409627183E-1,7.424636670E-1,1.686399651E2,-8.293377488E1,7.014905614E0,1.586133832E2
8.248048625E0,9.806134441E-2,-1.685213078E-1,-6.474249892E-1,7.367669093E-1,1.687449101E2,-8.393459120E1,6.969854870E0,1.585673807E2
8.258092625E0,9.896162217E-2,-1.722669404E-1,-6.533667255E-1,7.305085027E-1,1.686412416E2,-8.497848289E1,7.028813346E0,1.581306793E2
8.268137625E0,1.010012135E-1,-1.772484660E-1,-6.577945680E-1,7.250434684E-1,1.684063446E2,-8.585170206E1,7.131648104E0,1.575047563E2
8.278181625E0,1.045902495E-1,-1.827529498E-1,-6.608121770E-1,7.204092749E-1,1.679928808E2,-8.654118284E1,7.185654009E0,1.567133671E2
8.288226625E0,1.100437777E-1,-1.886556160E-1,-6.627676222E-1,7.162671037E-1,1.673643217E2,-8.709443446E1,7.145456367E0,1.557384688E2
8.298270625E0,1.168943476E-1,-1.949754305E-1,-6.638794771E-1,7.124495054E-1,1.665741996E2,-8.754582479E1,7.042917724E0,1.546163339E2
8.308315625E0,1.244470207E-1,-2.016664956E-1,-6.642561014E-1,7.089479873E-1,1.657023539E2,-8.791081641E1,6.927466091E0,1.534077992E2
8.318359625E0,1.322344096E-1,-2.085519209E-1,-6.640040843E-1,7.057753412E-1,1.648025411E2,-8.819879185E1,6.821307502E0,1.521654952E2
8.328404625E0,1.398939671E-1,-2.151740759E-1,-6.632396669E-1,7.030241213E-1,1.639165787E2,-8.840596866E1,6.717765187E0,1.509577406E2
8.338448625E0,1.468327924E-1,-2.206485932E-1,-6.622916368E-1,7.008024556E-1,1.631131468E2,-8.853669481E1,6.590352901E0,1.499085179E2
8.348493625E0,1.514729286E-1,-2.232991875E-1,-6.619876948E-1,6.992607871E-1,1.625754108E2,-8.862650879E1,6.415761374E0,1.492909235E2
8.358537625E0,1.520725940E-1,-2.217915947E-1,-6.632225974E-1,6.984398508E-1,1.625058889E2,-8.873838410E1,6.205812845E0,1.493622915E2
8.368582625E0,1.500121610E-1,-2.180147945E-1,-6.657295131E-1,6.976891733E-1,1.627447374E2,-8.893139502E1,5.997097226E0,1.498443570E2
8.378626125E0,1.484929146E-1,-2.151108345E-1,-6.685318992E-1,6.962342851E-1,1.629208023E2,-8.921762073E1,5.796215074E0,1.502029467E2
8.388671125E0,1.492933254E-1,-2.146949926E-1,-6.708944197E-1,6.939151548E-1,1.628280481E2,-8.956168135E1,5.603293072E0,1.501555510E2
8.398715125E0,1.526285531E-1,-2.168319854E-1,-6.722710411E-1,6.911875161E-1,1.624414282E2,-8.988080235E1,5.424131518E0,1.496825972E2
8.408760125E0,1.580890988E-1,-2.209266360E-1,-6.725044504E-1,6.884308593E-1,1.618080039E2,-9.012322390E1,5.253024398E0,1.488696794E2
8.418804125E0,1.650373439E-1,-2.261857198E-1,-6.718138321E-1,6.857615308E-1,1.610011923E2,-9.028689514E1,5.075604344E0,1.478356718E2
8.428849125E0,1.724437042E-1,-2.316019270E-1,-6.706656677E-1,6.832506113E-1,1.601401366E2,-9.039470325E1,4.886385555E0,1.467500797E2
8.438894125E0,1.789064177E-1,-2.358902424E-1,-6.697297969E-1,6.810361315E-1,1.593878636E2,-9.048085732E1,4.684083179E0,1.458387126E2
8.448938125E0,1.832913126E-1,-2.381349835E-1,-6.695878463E-1,6.792261562E-1,1.588769430E2,-9.058117478E1,4.475669394E0,1.452752842E2
8.458983125E0,1.855685911E-1,-2.385654925E-1,-6.702545884E-1,6.777976309E-1,1.586114314E2,-9.070726840E1,4.280644253E0,1.450435666E2
8.469027125E0,1.866822373E-1,-2.381832838E-1,-6.712738888E-1,6.766164655E-1,1.584815474E2,-9.084329183E1,4.110925470E0,1.449792205E2
8.479072125E0,1.874666112E-1,-2.378327695E-1,-6.722216239E-1,6.755811492E-1,1.583900494E2,-9.097025881E1,3.974497694E0,1.449401333E2
8.489116125E0,1.882723114E-1,-2.378521992E-1,-6.728527730E-1,6.747215010E-1,1.582960492E2,-9.106872686E1,3.876661355E0,1.448682603E2
8.499161125E0,1.891170818E-1,-2.384114036E-1,-6.730117509E-1,6.741290217E-1,1.581974748E2,-9.112384556E1,3.835037076E0,1.447476700E2
8.509205125E0,1.899559095E-1,-2.396676326E-1,-6.725493157E-1,6.739092470E-1,1.580995777E2,-9.112140569E1,3.871501060E0,1.445687582E2
8.519250125E0,1.908335965E-1,-2.416248690E-1,-6.713620179E-1,6.741460912E-1,1.579971281E2,-9.104646769E1,3.987800253E0,1.443278164E2
8.529294125E0,1.918319078E-1,-2.439057511E-1,-6.695171871E-1,6.748756321E-1,1.578805768E2,-9.088968131E1,4.148548268E0,1.440512145E2
8.539339125E0,1.929833387E-1,-2.459993536E-1,-6.671497986E-1,6.761308706E-1,1.577461203E2,-9.064406764E1,4.310296249E0,1.437810906E2
8.549383125E0,1.940605067E-1,-2.475621799E-1,-6.643393414E-1,6.780167945E-1,1.576203075E2,-9.030273085E1,4.465486991E0,1.435667491E2
8.559428125E0,1.946381925E-1,-2.484647757E-1,-6.611362020E-1,6.806469054E-1,1.575528228E2,-8.986615658E1,4.638509032E0,1.434554200E2
8.569472125E0,1.943939726E-1,-2.487032636E-1,-6.576615104E-1,6.839875700E-1,1.575813533E2,-8.935274568E1,4.848941922E0,1.434744348E2
8.579517125E0,1.934465115E-1,-2.483430345E-1,-6.540704725E-1,6.878197300E-1,1.576920252E2,-8.878993126E1,5.081643287E0,1.436075808E2
8.589561125E0,1.922859348E-1,-2.476177505E-1,-6.504296802E-1,6.918473882E-1,1.578275622E2,-8.820131019E1,5.306895981E0,1.437923823E2
8.599606125E0,1.913841397E-1,-2.467996591E-1,-6.467893937E-1,6.957913428E-1,1.579328559E2,-8.761013658E1,5.501491775E0,1.439641439E2
8.609650125E0,1.910681437E-1,-2.462590836E-1,-6.430626850E-1,6.995139843E-1,1.579697472E2,-8.702457711E1,5.669253343E0,1.440626402E2
8.619695125E0,1.914755562E-1,-2.463047708E-1,-6.388797789E-1,7.032095675E-1,1.579221830E2,-8.640758710E1,5.839838178E0,1.440513548E2
8.629740125E0,1.924922647E-1,-2.464921135E-1,-6.337784508E-1,7.074697288E-1,1.578034685E2,-8.566724139E1,6.014291010E0,1.439816581E2
8.639784125E0,1.940833082E-1,-2.462119213E-1,-6.275327936E-1,7.126807651E-1,1.576176440E2,-8.473890294E1,6.162791450E0,1.439100026E2
8.649829125E0,1.963242350E-1,-2.455486563E-1,-6.202190089E-1,7.186730565E-1,1.573558158E2,-8.364241392E1,6.281326635E0,1.438204426E2
8.659873125E0,1.993326771E-1,-2.451683232E-1,-6.121840494E-1,7.248377075E-1,1.570041229E2,-8.246906239E1,6.393599606E0,1.436418292E2
8.669918125E0,2.032656524E-1,-2.456114551E-1,-6.040341133E-1,7.304114596E-1,1.565440184E2,-8.133805332E1,6.501894512E0,1.433094067E2
8.679962125E0,2.082339861E-1,-2.470982906E-1,-5.964332031E-1,7.347439238E-1,1.559622413E2,-8.035601678E1,6.587049029E0,1.427895431E2
8.690007125E0,2.141535953E-1,-2.496090837E-1,-5.898718449E-1,7.374854920E-1,1.552682493E2,-7.958930248E1,6.633607394E0,1.420874039E2
8.700051125E0,2.207546347E-1,-2.527271392E-1,-5.845243898E-1,7.387338817E-1,1.544932796E2,-7.903616342E1,6.622270809E0,1.412602983E2
8.710096125E0,2.275241983E-1,-2.556095095E-1,-5.802869140E-1,7.390288885E-1,1.536972907E2,-7.863016419E1,6.531358838E0,1.404254000E2
8.720140125E0,2.338239720E-1,-2.575012707E-1,-5.768635362E-1,7.390859554E-1,1.529553798E2,-7.828199473E1,6.365014153E0,1.397064088E2
8.730185125E0,2.391477934E-1,-2.578363382E-1,-5.739707452E-1,7.395177077E-1,1.523275042E2,-7.791550982E1,6.132115449E0,1.391994601E2
8.740229125E0,2.434478045E-1,-2.566107816E-1,-5.715061766E-1,7.404490477E-1,1.518197553E2,-7.751493018E1,5.839985000E0,1.389101476E2
8.750274125E0,2.469928602E-1,-2.543604981E-1,-5.695441354E-1,7.415623988E-1,1.514007276E2,-7.712247947E1,5.503219944E0,1.387688714E2
8.760318125E0,2.500894735E-1,-2.516835727E-1,-5.682442528E-1,7.424346700E-1,1.510343863E2,-7.679568183E1,5.134463927E0,1.386975368E2
8.770363125E0,2.529730133E-1,-2.491757825E-1,-5.677565822E-1,7.426766561E-1,1.506929804E2,-7.658955028E1,4.752971226E0,1.386261424E2
8.780407125E0,2.557261298E-1,-2.472742221E-1,-5.680729154E-1,7.421271455E-1,1.503667680E2,-7.652744605E1,4.386014314E0,1.385135998E2
8.790452125E0,2.583272225E-1,-2.462795670E-1,-5.690005570E-1,7.408452491E-1,1.500583429E2,-7.659968361E1,4.067601943E0,1.383405413E2
8.800496125E0,2.607830562E-1,-2.464245521E-1,-5.702384099E-1,7.389826745E-1,1.497669380E2,-7.677845881E1,3.829631320E0,1.380900956E2
8.810541125E0,2.632597314E-1,-2.477542114E-1,-5.715462161E-1,7.366458425E-1,1.494728573E2,-7.703435760E1,3.674261293E0,1.377438285E2
8.820585125E0,2.661009980E-1,-2.500658080E-1,-5.727510154E-1,7.339030310E-1,1.491352309E2,-7.733374022E1,3.567757101E0,1.372851428E2
8.830630125E0,2.696125470E-1,-2.530213979E-1,-5.737119635E-1,7.308513884E-1,1.487175751E2,-7.763953184E1,3.467490630E0,1.367115538E2
8.840675125E0,2.739339055E-1,-2.563959486E-1,-5.743108491E-1,7.275907818E-1,1.482030161E2,-7.792369952E1,3.351205676E0,1.360275140E2
8.850719125E0,2.789091513E-1,-2.600777603E-1,-5.744673509E-1,7.242627191E-1,1.476097795E2,-7.816941182E1,3.226359917E0,1.352564201E2
8.860764125E0,2.842252808E-1,-2.640150873E-1,-5.741671284E-1,7.210021757E-1,1.469749091E2,-7.837215722E1,3.114142195E0,1.344316441E2
8.870808125E0,2.895183560E-1,-2.681585966E-1,-5.735251792E-1,7.178712338E-1,1.463417542E2,-7.854502147E1,3.033197048E0,1.335910386E2
8.880853125E0,2.944219733E-1,-2.723905722E-1,-5.728251938E-1,7.148359864E-1,1.457542408E2,-7.871933298E1,2.987868977E0,1.327781551E2
8.890897125E0,2.985506575E-1,-2.765233868E-1,-5.724887144E-1,7.117998328E-1,1.452588539E2,-7.893977087E1,2.970675216E0,1.320442703E2
8.900942125E0,3.014893254E-1,-2.803158972E-1,-5.729451964E-1,7.087037885E-1,1.449058451E2,-7.924763893E1,2.972013057E0,1.314483607E2
8.910986125E0,3.030363466E-1,-2.836694377E-1,-5.743229769E-1,7.055875559E-1,1.447198705E2,-7.965268506E1,2.993678553E0,1.310180645E2
8.921031125E0,3.033572527E-1,-2.865131066E-1,-5.764798629E-1,7.025351125E-1,1.446812809E2,-8.013067817E1,3.027332596E0,1.307439744E2
8.931075125E0,3.028076156E-1,-2.887795534E-1,-5.791308576E-1,6.996579579E-1,1.447473734E2,-8.063870785E1,3.058948111E0,1.305985465E2
8.941120125E0,3.018432536E-1,-2.902481709E-1,-5.819625673E-1,6.971127519E-1,1.448633062E2,-8.111968336E1,3.058092937E0,1.305581314E2
8.951164125E0,3.010043627E-1,-2.905913832E-1,-5.845075943E-1,6.952007180E-1,1.449641251E2,-8.148800207E1,2.989904927E0,1.306013475E2
8.961209125E0,3.007537997E-1,-2.895130455E-1,-5.861550830E-1,6.943713944E-1,1.449942326E2,-8.164031439E1,2.836291931E0,1.307120457E2
8.971253125E0,3.012381934E-1,-2.870210393E-1,-5.862416842E-1,6.951224934E-1,1.449360259E2,-8.148694413E1,2.626945655E0,1.308769580E2
8.981298125E0,3.020960293E-1,-2.837657537E-1,-5.841984366E-1,6.978017053E-1,1.448329218E2,-8.099483422E1,2.467712735E0,1.310744639E2
8.991342125E0,3.030761543E-1,-2.806397325E-1,-5.801790497E-1,7.019817876E-1,1.447150838E2,-8.024595478E1,2.426117846E0,1.312513383E2
9.001387125E0,3.042741784E-1,-2.782002940E-1,-5.752649590E-1,7.064644000E-1,1.445709958E2,-7.942517705E1,2.464516355E0,1.313498176E2
9.011431125E0,3.056316441E-1,-2.769325168E-1,-5.709671605E-1,7.098551140E-1,1.444076617E2,-7.876697603E1,2.530583883E0,1.313334012E2
9.021476125E0,3.067611164E-1,-2.773395500E-1,-5.682650629E-1,7.113755826E-1,1.442717034E2,-7.843222661E1,2.633204840E0,1.311974718E2
9.031520125E0,3.075108246E-1,-2.796832309E-1,-5.671351269E-1,7.110359633E-1,1.441814298E2,-7.843320212E1,2.804561621E0,1.309358453E2
9.041565125E0,3.079059513E-1,-2.837434581E-1,-5.673195088E-1,7.091065227E-1,1.441338428E2,-7.872304040E1,3.040771674E0,1.305629151E2
9.051610125E0,3.081238716E-1,-2.890258701E-1,-5.685925333E-1,7.058514162E-1,1.441075948E2,-7.924304434E1,3.303486339E0,1.300995590E2
9.061654125E0,3.083728751E-1,-2.949929472E-1,-5.706440628E-1,7.016057956E-1,1.440776006E2,-7.991984633E1,3.554343860E0,1.295681792E2
9.071699125E0,3.086767961E-1,-3.011766379E-1,-5.731400940E-1,6.967938478E-1,1.440409877E2,-8.067943356E1,3.777724020E0,1.290051371E2
9.081743125E0,3.090580143E-1,-3.072054074E-1,-5.757803412E-1,6.917983082E-1,1.439950575E2,-8.145655569E1,3.965127553E0,1.284406797E2
9.091788125E0,3.096348361E-1,-3.126597470E-1,-5.782782690E-1,6.869966021E-1,1.439255492E2,-8.218214989E1,4.099122805E0,1.279019258E2
9.101832125E0,3.105515300E-1,-3.171489132E-1,-5.804192235E-1,6.827063058E-1,1.438150572E2,-8.279669230E1,4.159830388E0,1.274125066E2
9.111877125E0,3.117656754E-1,-3.203469950E-1,-5.821451580E-1,6.791811644E-1,1.436686589E2,-8.326511763E1,4.138148045E0,1.270081962E2
9.121921125E0,3.129329745E-1,-3.221462545E-1,-5.834249787E-1,6.766905386E-1,1.435278513E2,-8.357194967E1,4.062282381E0,1.267333808E2
9.131966125E0,3.136281025E-1,-3.225527925E-1,-5.842117866E-1,6.754951275E-1,1.434439731E2,-8.370911847E1,3.974656174E0,1.266288610E2
9.142010125E0,3.135643132E-1,-3.213900136E-1,-5.845641659E-1,6.757740343E-1,1.434516711E2,-8.367085533E1,3.886322823E0,1.267373109E2
9.152055125E0,3.125612604E-1,-3.184033509E-1,-5.847400552E-1,6.774982197E-1,1.435726962E2,-8.347459278E1,3.778600750E0,1.270966042E2
9.162099125E0,3.103893911E-1,-3.135626800E-1,-5.851542112E-1,6.803906315E-1,1.438346029E2,-8.317799851E1,3.637223741E0,1.277274675E2
9.172144125E0,3.068053917E-1,-3.072658355E-1,-5.862505561E-1,6.839360244E-1,1.442663728E2,-8.287562094E1,3.472570184E0,1.286133879E2
9.182188125E0,3.018869388E-1,-3.003421198E-1,-5.882585163E-1,6.874670874E-1,1.448580553E2,-8.266292847E1,3.312137816E0,1.296714471E2
9.192233125E0,2.962909753E-1,-2.937880741E-1,-5.911070953E-1,6.902844777E-1,1.455300679E2,-8.260211020E1,3.170951656E0,1.307530410E2
9.202277125E0,2.909011309E-1,-2.884960842E-1,-5.945440338E-1,6.918554804E-1,1.461761738E2,-8.271789019E1,3.054631795E0,1.317006122E2
9.212322125E0,"","","","","","","",""