"Time (s)","w","x","y","z","Direct (°)","Yaw (°)","Pitch (°)","Roll (°)"
1.101891667E-2,9.566546887E-1,2.772140999E-1,-4.689122442E-2,-7.592978138E-2,3.386257852E1,3.255627456E1,-2.729446218E0,-9.873270256E0
2.106591666E-2,9.564820552E-1,2.776977034E-1,-4.723924148E-2,-7.612138095E-2,3.393044063E1,3.261839515E1,-2.756388962E0,-9.907205605E0
3.111191667E-2,9.563087896E-1,2.781742262E-1,-4.750994015E-2,-7.638998281E-2,3.399841905E1,3.267897235E1,-2.772415467E0,-9.947113875E0
4.115791668E-2,9.561539842E-1,2.785944197E-1,-4.763744491E-2,-7.671607298E-2,3.405904343E1,3.273129509E1,-2.771453366E0,-9.988510242E0
5.120391666E-2,9.560331070E-1,2.789073601E-1,-4.765891873E-2,-7.707170809E-2,3.410630825E1,3.276966251E1,-2.759014246E0,-1.002936759E1
6.124991667E-2,9.559517636E-1,2.790841240E-1,-4.762071261E-2,-7.746333661E-2,3.413807902E1,3.279118798E1,-2.740277495E0,-1.007183625E1
7.129591668E-2,9.559118927E-1,2.791133633E-1,-4.756456247E-2,-7.788354068E-2,3.415364117E1,3.279500042E1,-2.720187093E0,-1.011644756E1
8.134191667E-2,9.558952447E-1,2.790426936E-1,-4.753945348E-2,-7.835495319E-2,3.416013707E1,3.278741116E1,-2.702883460E0,-1.016745740E1
9.138791668E-2,9.558893441E-1,2.789163690E-1,-4.757642681E-2,-7.885220170E-2,3.416243913E1,3.277400755E1,-2.692130799E0,-1.022321670E1
1.014339167E-1,9.558890912E-1,2.787582024E-1,-4.771265596E-2,-7.933107420E-2,3.416253779E1,3.275798608E1,-2.693185068E0,-1.028013726E1
1.114809167E-1,9.558863938E-1,2.786052831E-1,-4.794247219E-2,-7.976063488E-2,3.416359010E1,3.274363110E1,-2.706033913E0,-1.033471498E1
1.215269167E-1,9.558850451E-1,2.784633325E-1,-4.821733286E-2,-8.010699768E-2,3.416411625E1,3.273096217E1,-2.726401757E0,-1.038162262E1
1.315729167E-1,9.558904399E-1,2.783323295E-1,-4.849650305E-2,-8.032953304E-2,3.416201162E1,3.271937197E1,-2.751144175E0,-1.041502769E1
1.416189167E-1,9.559154330E-1,2.781722453E-1,-4.873101865E-2,-8.044396173E-2,3.415225961E1,3.270351891E1,-2.774825439E0,-1.043493606E1
1.516649167E-1,9.559671472E-1,2.779673484E-1,-4.885206440E-2,-8.046465583E-2,3.413207276E1,3.268070423E1,-2.789621327E0,-1.044062196E1
1.617105833E-1,9.560626520E-1,2.776686642E-1,-4.879073020E-2,-8.039814811E-2,3.409476160E1,3.264425077E1,-2.788305047E0,-1.043040002E1
1.717565834E-1,9.562109667E-1,2.772568895E-1,-4.847618827E-2,-8.024460714E-2,3.403674030E1,3.259099614E1,-2.763311280E0,-1.040192583E1
1.818025833E-1,9.564084247E-1,2.767136798E-1,-4.795736056E-2,-8.007926505E-2,3.395934470E1,3.251959479E1,-2.717732255E0,-1.036511452E1
1.918485833E-1,9.566340368E-1,2.760851966E-1,-4.730662376E-2,-7.993988542E-2,3.387070374E1,3.243655074E1,-2.657747704E0,-1.032669311E1
2.018955833E-1,9.568776034E-1,2.753977182E-1,-4.664807925E-2,-7.978373135E-2,3.377475513E1,3.234643880E1,-2.598021334E0,-1.028610586E1
2.119415833E-1,9.571274921E-1,2.746866798E-1,-4.607309087E-2,-7.957118479E-2,3.367604026E1,3.225448708E1,-2.549435078E0,-1.024204136E1
2.219875834E-1,9.573708480E-1,2.739931640E-1,-4.560999183E-2,-7.930001197E-2,3.357963525E1,3.216590032E1,-2.514718674E0,-1.019525010E1
2.320335833E-1,9.575560412E-1,2.734660228E-1,-4.526165867E-2,-7.908270282E-2,3.350609077E1,3.209862495E1,-2.489040253E0,-1.015860839E1
2.420795833E-1,9.576931028E-1,2.730999353E-1,-4.499113912E-2,-7.884246578E-2,3.345155937E1,3.205138879E1,-2.470882124E0,-1.012238376E1
2.521255833E-1,9.577914735E-1,2.728337885E-1,-4.493922474E-2,-7.859851982E-2,3.341236823E1,3.201862711E1,-2.475727332E0,-1.009305767E1
2.621715833E-1,9.578406168E-1,2.726895725E-1,-4.511498763E-2,-7.839941811E-2,3.339277271E1,3.200314514E1,-2.502818210E0,-1.007632838E1
2.722175833E-1,9.578431456E-1,2.726598168E-1,-4.543968695E-2,-7.828494727E-2,3.339176407E1,3.200321101E1,-2.542352741E0,-1.007404493E1
2.822635833E-1,9.578101867E-1,2.727222679E-1,-4.579033820E-2,-7.826555972E-2,3.340490779E1,3.201475458E1,-2.580751566E0,-1.008335819E1
2.923105833E-1,9.577666490E-1,2.728196166E-1,-4.605814981E-2,-7.830235392E-2,3.342226258E1,3.202959736E1,-2.607920447E0,-1.009631827E1
3.023565833E-1,9.577403494E-1,2.728742178E-1,-4.617721466E-2,-7.836312967E-2,3.343274178E1,3.203764554E1,-2.618469526E0,-1.010702489E1
3.124025833E-1,9.577407709E-1,2.728617318E-1,-4.613531015E-2,-7.842677142E-2,3.343257386E1,3.203581005E1,-2.611988221E0,-1.011267862E1
3.224485833E-1,9.577697679E-1,2.727746143E-1,-4.598326540E-2,-7.846520934E-2,3.342101964E1,3.202373354E1,-2.595018187E0,-1.011179477E1
3.324945833E-1,9.578362335E-1,2.725688007E-1,-4.578691377E-2,-7.848227881E-2,3.339452097E1,3.199697943E1,-2.575114027E0,-1.010680864E1
3.425405833E-1,9.579343514E-1,2.722508870E-1,-4.556644360E-2,-7.851726070E-2,3.335536569E1,3.195667604E1,-2.553173365E0,-1.010274561E1
3.525865834E-1,9.580409407E-1,2.718994982E-1,-4.528514500E-2,-7.859771903E-2,3.331277907E1,3.191178347E1,-2.523473585E0,-1.010169020E1
3.626325833E-1,9.581449170E-1,2.715384894E-1,-4.494373445E-2,-7.877393501E-2,3.327118546E1,3.186525356E1,-2.484258763E0,-1.010930230E1
3.726785833E-1,9.582383987E-1,2.711860680E-1,-4.455810132E-2,-7.906845718E-2,3.323374680E1,3.181947860E1,-2.436380014E0,-1.012864498E1
3.827245834E-1,9.583256848E-1,2.708418757E-1,-4.422126371E-2,-7.937853155E-2,3.319875238E1,3.177529100E1,-2.393292313E0,-1.015132993E1
3.927715833E-1,9.583921083E-1,2.705577427E-1,-4.390708003E-2,-7.971941526E-2,3.317209812E1,3.173856030E1,-2.351103824E0,-1.017832894E1
4.028175834E-1,9.584468149E-1,2.703151666E-1,-4.358324472E-2,-8.006164767E-2,3.315012992E1,3.170663977E1,-2.307391192E0,-1.020529761E1
4.128635833E-1,9.585001306E-1,2.700900286E-1,-4.322812591E-2,-8.037576813E-2,3.312870660E1,3.167635158E1,-2.260959196E0,-1.022822639E1
4.229095833E-1,9.585531092E-1,2.699046563E-1,-4.279910260E-2,-8.059581683E-2,3.310740543E1,3.164971011E1,-2.208958762E0,-1.023850852E1
4.329555834E-1,9.586056664E-1,2.697687011E-1,-4.231634206E-2,-8.068065843E-2,3.308626054E1,3.162803757E1,-2.154779808E0,-1.023225260E1
4.430015833E-1,9.586546410E-1,2.696616270E-1,-4.188646528E-2,-8.068183854E-2,3.306654513E1,3.161027401E1,-2.108715310E0,-1.021850022E1
4.530475833E-1,9.587135201E-1,2.695163784E-1,-4.158544195E-2,-8.062287510E-2,3.304282740E1,3.158939779E1,-2.079071494E0,-1.020211046E1
4.630935833E-1,9.587805758E-1,2.693235566E-1,-4.142437777E-2,-8.055236343E-2,3.301579583E1,3.156450791E1,-2.065643998E0,-1.018878845E1
4.731395833E-1,9.588535320E-1,2.690920756E-1,-4.135092635E-2,-8.049601309E-2,3.298636116E1,3.153609075E1,-2.061791542E0,-1.017973357E1
4.831865834E-1,9.589234114E-1,2.688626597E-1,-4.128527210E-2,-8.046313855E-2,3.295814384E1,3.150805224E1,-2.058034863E0,-1.017353053E1
4.932325833E-1,9.589894977E-1,2.686601230E-1,-4.117988390E-2,-8.040573454E-2,3.293143660E1,3.148269643E1,-2.050395993E0,-1.016341532E1
5.032785833E-1,9.590483769E-1,2.685093954E-1,-4.100127609E-2,-8.029779646E-2,3.290762420E1,3.146254343E1,-2.035745645E0,-1.014550489E1
5.133245833E-1,9.591027041E-1,2.684019209E-1,-4.075288364E-2,-8.013481460E-2,3.288563783E1,3.144661939E1,-2.014689841E0,-1.011939337E1
5.233705833E-1,9.591532382E-1,2.683154356E-1,-4.045486328E-2,-7.997141127E-2,3.286517374E1,3.143262459E1,-1.987972144E0,-1.009172093E1
5.334165833E-1,9.591932777E-1,2.682571886E-1,-4.012177673E-2,-7.985432732E-2,3.284895068E1,3.142167053E1,-1.955660207E0,-1.006813705E1
5.434625833E-1,9.592218533E-1,2.682210899E-1,-3.977155750E-2,-7.980653280E-2,3.283736778E1,3.141328024E1,-1.919074352E0,-1.005173736E1
5.535085833E-1,9.592475629E-1,2.681843062E-1,-3.940415288E-2,-7.980332963E-2,3.282694319E1,3.140470363E1,-1.879218731E0,-1.003974099E1
5.635545834E-1,9.592845256E-1,2.681052809E-1,-3.905448155E-2,-7.979603823E-2,3.281195006E1,3.139132602E1,-1.841874686E0,-1.002777742E1
5.736005833E-1,9.593415082E-1,2.679567975E-1,-3.873915990E-2,-7.976400662E-2,3.278882330E1,3.137007814E1,-1.809790607E0,-1.001403611E1
5.836475833E-1,9.594251275E-1,2.677264439E-1,-3.844691366E-2,-7.967381237E-2,3.275485705E1,3.133930548E1,-1.782891030E0,-9.994441902E0
5.936935833E-1,9.595293567E-1,2.674287713E-1,-3.817851199E-2,-7.954690821E-2,3.271247106E1,3.130077620E1,-1.760434392E0,-9.971423553E0
6.037395833E-1,9.596440804E-1,2.670992988E-1,-3.791099541E-2,-7.939762407E-2,3.266575549E1,3.125846876E1,-1.739080781E0,-9.945914755E0
6.137855834E-1,9.597589727E-1,2.667828919E-1,-3.761269055E-2,-7.921436957E-2,3.261890605E1,3.121733004E1,-1.715242474E0,-9.915721829E0
6.238315833E-1,9.598680488E-1,2.665055445E-1,-3.728554671E-2,-7.898028598E-2,3.257436764E1,3.118044212E1,-1.689384041E0,-9.879085089E0
6.338775833E-1,9.599707606E-1,2.662627998E-1,-3.695772852E-2,-7.870468773E-2,3.253237365E1,3.114761283E1,-1.664356542E0,-9.837907427E0
6.439235834E-1,9.600743576E-1,2.660132377E-1,-3.666783196E-2,-7.842036509E-2,3.248996429E1,3.111440797E1,-1.643811081E0,-9.796950091E0
6.539695833E-1,9.601893342E-1,2.657005503E-1,-3.644890016E-2,-7.817422750E-2,3.244283331E1,3.107457965E1,-1.630503852E0,-9.762339759E0
6.640155833E-1,9.603152268E-1,2.653278878E-1,-3.626981820E-2,-7.797702239E-2,3.239115111E1,3.102816870E1,-1.620653049E0,-9.734301607E0
6.740625833E-1,9.604456292E-1,2.649204226E-1,-3.610868026E-2,-7.783085712E-2,3.233753280E1,3.097791491E1,-1.611534870E0,-9.712428521E0
6.841085833E-1,9.605788554E-1,2.645042120E-1,-3.592098981E-2,-7.768759999E-2,3.228266389E1,3.092634817E1,-1.599475711E0,-9.690051188E0
6.941545834E-1,9.607131774E-1,2.641167455E-1,-3.561052558E-2,-7.748820325E-2,3.222725161E1,3.087679096E1,-1.575324667E0,-9.657719763E0
7.042005833E-1,9.608315257E-1,2.638142470E-1,-3.515703603E-2,-7.725765998E-2,3.217835201E1,3.083573280E1,-1.535517856E0,-9.617682789E0
7.142465833E-1,9.609372300E-1,2.635631993E-1,-3.465858633E-2,-7.702425074E-2,3.213461549E1,3.080032258E1,-1.490313009E0,-9.576055185E0
7.242925833E-1,9.610300795E-1,2.633452369E-1,-3.416795486E-2,-7.683058597E-2,3.209614994E1,3.076901237E1,-1.444403521E0,-9.539156353E0
7.343385833E-1,9.611010970E-1,2.631847522E-1,-3.371126215E-2,-7.669381945E-2,3.206669861E1,3.074498009E1,-1.399908080E0,-9.509719855E0
7.443845833E-1,9.611629264E-1,2.630304842E-1,-3.337376072E-2,-7.659641808E-2,3.204103614E1,3.072302205E1,-1.367256172E0,-9.488337281E0
7.544305833E-1,9.612137555E-1,2.629045178E-1,-3.314925500E-2,-7.648885932E-2,3.201992439E1,3.070560875E1,-1.347062296E0,-9.469347502E0
7.644765833E-1,9.612570403E-1,2.627978863E-1,-3.305834424E-2,-7.634998546E-2,3.200193545E1,3.069185753E1,-1.342328147E0,-9.451014330E0
7.745225833E-1,9.613037390E-1,2.626838264E-1,-3.305289676E-2,-7.615720577E-2,3.198251665E1,3.067806286E1,-1.348707577E0,-9.429315552E0
7.845695833E-1,9.613691509E-1,2.625171250E-1,-3.306717401E-2,-7.590019429E-2,3.195529700E1,3.065816219E1,-1.359717536E0,-9.401024529E0
7.946155833E-1,9.614689968E-1,2.622485021E-1,-3.302091784E-2,-7.558278637E-2,3.191370485E1,3.062548287E1,-1.366876497E0,-9.364036822E0
8.046615833E-1,9.616077864E-1,2.618617837E-1,-3.284417503E-2,-7.523393691E-2,3.185580233E1,3.057743051E1,-1.361741946E0,-9.319407362E0
8.147075833E-1,9.617792398E-1,2.613683389E-1,-3.251685207E-2,-7.490013387E-2,3.178413071E1,3.051522401E1,-1.340558178E0,-9.271715724E0
8.247535834E-1,9.619638851E-1,2.608215784E-1,-3.209067368E-2,-7.461787642E-2,3.170676803E1,3.044578672E1,-1.307387342E0,-9.226691105E0
8.347995833E-1,9.621451165E-1,2.602707296E-1,-3.166339946E-2,-7.438708028E-2,3.163065643E1,3.037595980E1,-1.272529918E0,-9.187383773E0
8.448455833E-1,9.623099107E-1,2.597627758E-1,-3.129231754E-2,-7.418780998E-2,3.156129273E1,3.031185514E1,-1.242461911E0,-9.153377663E0
8.548915834E-1,9.624560760E-1,2.593144492E-1,-3.099104133E-2,-7.398550511E-2,3.149964558E1,3.025553671E1,-1.219576095E0,-9.121255062E0
8.649375833E-1,9.625850454E-1,2.589312396E-1,-3.070706640E-2,-7.376811166E-2,3.144515321E1,3.020710598E1,-1.198405036E0,-9.088086399E0
8.749835833E-1,9.627056275E-1,2.585774484E-1,-3.044730483E-2,-7.354266817E-2,3.139412123E1,3.016240954E1,-1.179839717E0,-9.054809360E0
8.850305833E-1,9.628242709E-1,2.582192002E-1,-3.023939443E-2,-7.333349336E-2,3.134383071E1,3.011773743E1,-1.166520316E0,-9.024908261E0
8.950765833E-1,9.629410176E-1,2.578553253E-1,-3.007293545E-2,-7.314872158E-2,3.129426721E1,3.007284964E1,-1.157072451E0,-8.998965767E0
9.051225834E-1,9.630561628E-1,2.574891325E-1,-2.995770597E-2,-7.296985035E-2,3.124530856E1,3.002821166E1,-1.153099239E0,-8.975220354E0
9.151685833E-1,9.631749326E-1,2.571045003E-1,-2.988091441E-2,-7.278963043E-2,3.119473026E1,2.998177794E1,-1.153557271E0,-8.952458343E0
9.252145833E-1,9.633041970E-1,2.566828738E-1,-2.980668327E-2,-7.259714577E-2,3.113959179E1,2.993098807E1,-1.154984561E0,-8.928368694E0
9.352605833E-1,9.634454311E-1,2.562225986E-1,-2.969529969E-2,-7.239488304E-2,3.107923851E1,2.987526229E1,-1.152937158E0,-8.902041083E0
9.453065833E-1,9.635997729E-1,2.557276787E-1,-2.951686047E-2,-7.216332826E-2,3.101315298E1,2.981476429E1,-1.144648674E0,-8.870428559E0
9.553525833E-1,9.637619539E-1,2.552207153E-1,-2.926739327E-2,-7.189282978E-2,3.094356249E1,2.975212713E1,-1.129746666E0,-8.832379367E0
9.653985833E-1,9.639244722E-1,2.547228241E-1,-2.897954083E-2,-7.159653744E-2,3.087367383E1,2.969019107E1,-1.111242974E0,-8.790359222E0
9.754445833E-1,9.640829865E-1,2.542408854E-1,-2.871432125E-2,-7.128191122E-2,3.080535799E1,2.963036658E1,-1.095586403E0,-8.747013309E0
9.854905833E-1,9.642370754E-1,2.537763217E-1,-2.847770884E-2,-7.094802388E-2,3.073880740E1,2.957287512E1,-1.083451459E0,-8.702411057E0
9.955375833E-1,9.643775087E-1,2.533631246E-1,-2.825859792E-2,-7.060123961E-2,3.067803191E1,2.952162431E1,-1.073121657E0,-8.656962149E0
1.005583583E0,9.644970371E-1,2.530187321E-1,-2.804612512E-2,-7.028766706E-2,3.062621071E1,2.947861965E1,-1.061901492E0,-8.615487756E0
1.015629583E0,9.646011398E-1,2.527217022E-1,-2.782506490E-2,-7.001531412E-2,3.058100746E1,2.944118579E1,-1.048078464E0,-8.578404280E0
1.025675583E0,9.647032195E-1,2.524229970E-1,-2.762620553E-2,-6.976563619E-2,3.053661923E1,2.940379975E1,-1.036037311E0,-8.544501689E0
1.035721583E0,9.648161309E-1,2.520658973E-1,-2.750668760E-2,-6.954145711E-2,3.048744745E1,2.936028886E1,-1.032510489E0,-8.515703830E0
1.045767583E0,9.649504951E-1,2.516073501E-1,-2.747133693E-2,-6.935129053E-2,3.042883213E1,2.930561856E1,-1.038163023E0,-8.493044565E0
1.055813583E0,9.651134769E-1,2.510268615E-1,-2.748787957E-2,-6.917996359E-2,3.035758426E1,2.923705211E1,-1.050049075E0,-8.473859467E0
1.065859583E0,9.653059195E-1,2.503297527E-1,-2.750615023E-2,-6.901339924E-2,3.027324680E1,2.915474381E1,-1.062982770E0,-8.455116466E0
1.075905583E0,9.655251252E-1,2.495385826E-1,-2.749187298E-2,-6.881779572E-2,3.017690000E1,2.906101448E1,-1.073946096E0,-8.432082630E0
1.085951583E0,9.657577758E-1,2.487081105E-1,-2.743877849E-2,-6.858050896E-2,3.007431405E1,2.896226403E1,-1.082116313E0,-8.403234546E0
1.095997583E0,9.659819549E-1,2.479208390E-1,-2.735339951E-2,-6.830743953E-2,2.997513912E1,2.886829917E1,-1.087316004E0,-8.369516197E0
1.106044583E0,9.661796658E-1,2.472490498E-1,-2.722012064E-2,-6.799905104E-2,2.988740668E1,2.878750637E1,-1.087175454E0,-8.330618710E0
1.116090583E0,9.663466094E-1,2.467070308E-1,-2.704728695E-2,-6.766292992E-2,2.981313047E1,2.872165204E1,-1.082282342E0,-8.287650313E0
1.126136583E0,9.664810579E-1,2.462899562E-1,-2.685635119E-2,-6.733662902E-2,2.975318022E1,2.867039971E1,-1.073994278E0,-8.245404601E0
1.136182583E0,9.665845705E-1,2.459818522E-1,-2.666703809E-2,-6.705205350E-2,2.970694361E1,2.863207383E1,-1.063741126E0,-8.207979670E0
1.146228583E0,9.666628794E-1,2.457658812E-1,-2.646406940E-2,-6.679546348E-2,2.967191814E1,2.860453307E1,-1.050380724E0,-8.173388617E0
1.156274583E0,9.667271112E-1,2.455983264E-1,-2.626450407E-2,-6.656163277E-2,2.964315876E1,2.858276862E1,-1.036328891E0,-8.141487867E0
1.166320917E0,9.667921016E-1,2.454033656E-1,-2.615120281E-2,-6.638115996E-2,2.961403192E1,2.855859678E1,-1.030533479E0,-8.117961745E0
1.176366917E0,9.668755945E-1,2.451021315E-1,-2.617580603E-2,-6.626816426E-2,2.957657165E1,2.852318146E1,-1.038976065E0,-8.105763208E0
1.186412917E0,9.670066291E-1,2.445816917E-1,-2.632642833E-2,-6.621948465E-2,2.951768743E1,2.846309764E1,-1.061379892E0,-8.104065093E0
1.196458917E0,9.672116735E-1,2.437458670E-1,-2.654438022E-2,-6.621986397E-2,2.942531352E1,2.836648527E1,-1.092492312E0,-8.109365562E0
1.206504917E0,9.675161845E-1,2.425145574E-1,-2.670303149E-2,-6.622774544E-2,2.928760353E1,2.822276229E1,-1.120137697E0,-8.113329370E0
1.216550917E0,9.679417412E-1,2.408128362E-1,-2.672161825E-2,-6.621101314E-2,2.909408465E1,2.802239285E1,-1.136881060E0,-8.110021609E0
1.226597917E0,9.684985432E-1,2.385939838E-1,-2.661849545E-2,-6.614303027E-2,2.883896452E1,2.776008254E1,-1.145836693E0,-8.096979946E0
1.236643917E0,9.691717970E-1,2.359044564E-1,-2.642102693E-2,-6.600740171E-2,2.852750570E1,2.744162712E1,-1.150011982E0,-8.073249400E0
1.246689917E0,9.699199878E-1,2.328898398E-1,-2.610973031E-2,-6.584699081E-2,2.817742583E1,2.708413471E1,-1.144760370E0,-8.043328926E0
1.256735917E0,9.706905165E-1,2.297508374E-1,-2.563451405E-2,-6.570748474E-2,2.781238293E1,2.671088965E1,-1.121559738E0,-8.011338542E0
1.266781917E0,9.714300251E-1,2.267061174E-1,-2.499568373E-2,-6.559992598E-2,2.745756345E1,2.634762979E1,-1.078330483E0,-7.978957635E0
1.276827917E0,9.720876003E-1,2.239834521E-1,-2.426700687E-2,-6.548562373E-2,2.713823550E1,2.602167927E1,-1.022435616E0,-7.944184209E0
1.286873917E0,9.726313789E-1,2.217368249E-1,-2.354908799E-2,-6.531863791E-2,2.687135681E1,2.575185363E1,-9.650251035E-1,-7.904643442E0
1.296919917E0,9.730469468E-1,2.200352091E-1,-2.295144568E-2,-6.509601826E-2,2.666563498E1,2.554707966E1,-9.178509699E-1,-7.862762530E0
1.306965917E0,9.733405418E-1,2.188519785E-1,-2.252968217E-2,-6.484094553E-2,2.651934995E1,2.540462723E1,-8.868003325E-1,-7.822363929E0
1.317011917E0,9.735385477E-1,2.180792792E-1,-2.226049024E-2,-6.456479938E-2,2.642024352E1,2.531160263E1,-8.699209147E-1,-7.783910806E0
1.327057917E0,9.736796553E-1,2.175529178E-1,-2.205054625E-2,-6.428393278E-2,2.634939253E1,2.524795693E1,-8.577511345E-1,-7.746669970E0
1.337104917E0,9.738030191E-1,2.171044753E-1,-2.181125752E-2,-6.401187488E-2,2.628729715E1,2.519322211E1,-8.414306754E-1,-7.709761857E0
1.347150917E0,9.739307241E-1,2.166354652E-1,-2.151212026E-2,-6.375857232E-2,2.622286449E1,2.513562103E1,-8.180908518E-1,-7.673455092E0
1.357196917E0,9.740743184E-1,2.160866500E-1,-2.120967448E-2,-6.352807120E-2,2.615022867E1,2.506868757E1,-7.944006242E-1,-7.639583851E0
1.367242917E0,9.742312733E-1,2.154613066E-1,-2.096131364E-2,-6.332871661E-2,2.607060710E1,2.499328205E1,-7.765281756E-1,-7.610526695E0
1.377288917E0,9.743869637E-1,2.148156801E-1,-2.079163043E-2,-6.318280422E-2,2.599139017E1,2.491619718E1,-7.662320313E-1,-7.589431199E0
1.387334917E0,9.745254161E-1,2.142166997E-1,-2.070576676E-2,-6.310984802E-2,2.592074428E1,2.484531897E1,-7.631006557E-1,-7.578650826E0
1.397380917E0,9.746344500E-1,2.137190297E-1,-2.070079343E-2,-6.311410485E-2,2.586497581E1,2.478701720E1,-7.662990265E-1,-7.578617487E0
1.407426917E0,9.747083756E-1,2.133455559E-1,-2.076014673E-2,-6.321719605E-2,2.582709715E1,2.474385347E1,-7.732851459E-1,-7.591356848E0
1.417472917E0,9.747538520E-1,2.130620025E-1,-2.085783259E-2,-6.343876203E-2,2.580376837E1,2.471161495E1,-7.809499552E-1,-7.618399435E0
1.427518917E0,9.747893818E-1,2.127842969E-1,-2.098085924E-2,-6.378305963E-2,2.578552764E1,2.468036605E1,-7.884016633E-1,-7.659837898E0
1.437564917E0,9.748327088E-1,2.124361744E-1,-2.110503439E-2,-6.423959430E-2,2.576326672E1,2.464098172E1,-7.938084793E-1,-7.713839183E0
1.447610917E0,9.748942853E-1,2.119709470E-1,-2.121677622E-2,-6.480238117E-2,2.573159679E1,2.458788304E1,-7.961953769E-1,-7.779361779E0
1.457656917E0,9.749787898E-1,2.113624097E-1,-2.130102777E-2,-6.548722531E-2,2.568807216E1,2.451789596E1,-7.937452586E-1,-7.857796146E0
1.467703917E0,9.750807851E-1,2.106361668E-1,-2.134219471E-2,-6.628995418E-2,2.563544191E1,2.443388212E1,-7.846675532E-1,-7.948327419E0
1.477749917E0,9.751895240E-1,2.098413089E-1,-2.132585227E-2,-6.720968271E-2,2.557921472E1,2.434145257E1,-7.670277520E-1,-8.050565697E0
1.487795917E0,9.752957341E-1,2.090194243E-1,-2.126509759E-2,-6.824110039E-2,2.552417756E1,2.424556405E1,-7.421206650E-1,-8.164292108E0
1.497841917E0,9.753847061E-1,2.082388119E-1,-2.116222767E-2,-6.937843310E-2,2.547798302E1,2.415419504E1,-7.098017934E-1,-8.288986051E0
1.507887917E0,9.754453975E-1,2.075647258E-1,-2.100675848E-2,-7.058248426E-2,2.544642451E1,2.407482678E1,-6.692885830E-1,-8.420051683E0
1.517933917E0,9.754752375E-1,2.070210947E-1,-2.080677168E-2,-7.181511100E-2,2.543089412E1,2.401026923E1,-6.221581798E-1,-8.553415027E0
1.527979917E0,9.754664710E-1,2.066629834E-1,-2.054216323E-2,-7.303071040E-2,2.543545769E1,2.396671799E1,-5.667157199E-1,-8.683492195E0
1.538025917E0,9.754174120E-1,2.065259640E-1,-2.016282052E-2,-7.417095124E-2,2.546098127E1,2.394781324E1,-4.983579843E-1,-8.802523162E0
1.548071917E0,9.753262484E-1,2.066347767E-1,-1.967141988E-2,-7.519145288E-2,2.550834370E1,2.395642209E1,-4.181349119E-1,-8.905551832E0
1.558117917E0,9.751816847E-1,2.070397130E-1,-1.913258295E-2,-7.608698912E-2,2.558327237E1,2.399901986E1,-3.328578171E-1,-8.993494717E0
1.568163917E0,9.749795484E-1,2.077364847E-1,-1.858517969E-2,-7.691020137E-2,2.568768108E1,2.407550501E1,-2.455836669E-1,-9.073121436E0
1.578209917E0,9.747213990E-1,2.086757694E-1,-1.812889790E-2,-7.774314953E-2,2.582041846E1,2.418109078E1,-1.658730240E-1,-9.155973230E0
1.588255917E0,9.744346318E-1,2.096783376E-1,-1.796159599E-2,-7.867324619E-2,2.596708866E1,2.429675228E1,-1.153165092E-1,-9.256614749E0
1.598302917E0,9.741799384E-1,2.104091639E-1,-1.835495253E-2,-7.977770435E-2,2.609667501E1,2.438603152E1,-1.254854721E-1,-9.390371652E0
1.608348917E0,9.740280412E-1,2.104975985E-1,-1.952184071E-2,-8.111165211E-2,2.617365920E1,2.440797198E1,-2.224241826E-1,-9.568689356E0
1.618394917E0,9.740143434E-1,2.097775618E-1,-2.142957566E-2,-8.264508090E-2,2.618059052E1,2.434343196E1,-4.051567883E-1,-9.787245003E0
1.628440917E0,9.741203006E-1,2.084182627E-1,-2.358932769E-2,-8.423224692E-2,2.612692707E1,2.420778761E1,-6.214770949E-1,-1.001743293E1
1.638486917E0,9.742857270E-1,2.068261760E-1,-2.530614796E-2,-8.573153676E-2,2.604292740E1,2.404121680E1,-7.934450360E-1,-1.022644598E1
1.648532917E0,9.744425554E-1,2.054524311E-1,-2.595726408E-2,-8.704740352E-2,2.596304698E1,2.388903912E1,-8.491272703E-1,-1.038904939E1
1.658578917E0,9.745372594E-1,2.046102739E-1,-2.539011502E-2,-8.813112543E-2,2.591469241E1,2.378541166E1,-7.690561432E-1,-1.049680518E1
1.668624917E0,9.745322018E-1,2.044552894E-1,-2.392316234E-2,-8.895400050E-2,2.591727701E1,2.375169817E1,-5.874955677E-1,-1.055440788E1
1.678670917E0,9.744125047E-1,2.049677002E-1,-2.218292951E-2,-8.953453119E-2,2.597837198E1,2.379259554E1,-3.739879023E-1,-1.057862341E1
1.688716917E0,9.741739536E-1,2.060511271E-1,-2.080390570E-2,-8.997370136E-2,2.609971246E1,2.390399346E1,-1.979504925E-1,-1.059552075E1
1.698762917E0,9.738180234E-1,2.075889813E-1,-2.017001709E-2,-9.043423997E-2,2.627973489E1,2.407653121E1,-9.955426638E-2,-1.063241475E1
1.708808917E0,9.733506149E-1,2.094975908E-1,-2.029208490E-2,-9.103634985E-2,2.651431692E1,2.430062061E1,-7.785551739E-2,-1.070328961E1
1.718854917E0,9.727930964E-1,2.116781528E-1,-2.092901862E-2,-9.180426543E-2,2.679148488E1,2.456224415E1,-1.061860419E-1,-1.080539841E1
1.728901917E0,9.721874040E-1,2.139622591E-1,-2.184889466E-2,-9.270658731E-2,2.708944661E1,2.483935774E1,-1.610597163E-1,-1.092983719E1
1.738947917E0,9.715970531E-1,2.160800118E-1,-2.296089711E-2,-9.370871292E-2,2.737679846E1,2.509954816E1,-2.360776336E-1,-1.107061267E1
1.748993917E0,9.710564776E-1,2.178930428E-1,-2.421820082E-2,-9.479154976E-2,2.763735147E1,2.532620252E1,-3.280569797E-1,-1.122445601E1
1.759039917E0,9.705861188E-1,2.193293021E-1,-2.559050221E-2,-9.592875602E-2,2.786211654E1,2.551060226E1,-4.351999057E-1,-1.138761421E1
1.769085917E0,9.701986628E-1,2.203546822E-1,-2.696121255E-2,-9.711556913E-2,2.804593929E1,2.564741694E1,-5.452190519E-1,-1.155648643E1
1.779131917E0,9.698941097E-1,2.209912050E-1,-2.821149881E-2,-9.834836445E-2,2.818960537E1,2.573775516E1,-6.449398361E-1,-1.172747639E1
1.789177917E0,9.696621756E-1,2.213063370E-1,-2.926476963E-2,-9.961112618E-2,2.829853570E1,2.578846606E1,-7.256551758E-1,-1.189669688E1
1.799223917E0,9.694935039E-1,2.213683877E-1,-3.002291768E-2,-1.008812636E-1,2.837749688E1,2.580616006E1,-7.763931447E-1,-1.205900394E1
1.809269917E0,9.693714888E-1,2.212565299E-1,-3.047886229E-2,-1.021546463E-1,2.843448259E1,2.579984206E1,-7.956298995E-1,-1.221374657E1
1.819315917E0,9.692747617E-1,2.210575863E-1,-3.068355899E-2,-1.034339296E-1,2.847957843E1,2.578018081E1,-7.879500379E-1,-1.236259715E1
1.829361917E0,9.691877285E-1,2.208335336E-1,-3.072844539E-2,-1.047065537E-1,2.852009518E1,2.575550391E1,-7.630778873E-1,-1.250656993E1
1.839407917E0,9.690954690E-1,2.206570964E-1,-3.067328570E-2,-1.059413299E-1,2.856298344E1,2.573501813E1,-7.275196395E-1,-1.264377100E1
1.849453917E0,9.689910713E-1,2.205746571E-1,-3.053099794E-2,-1.071019277E-1,2.861143846E1,2.572425197E1,-6.830154916E-1,-1.277048049E1
1.859499917E0,9.688716693E-1,2.206180262E-1,-3.031219257E-2,-1.081510049E-1,2.866675922E1,2.572702421E1,-6.312476357E-1,-1.288278627E1
1.869546917E0,9.687306881E-1,2.208108797E-1,-3.004254757E-2,-1.090916804E-1,2.873194368E1,2.574643251E1,-5.746299066E-1,-1.298168959E1
1.879592917E0,9.685719209E-1,2.211431549E-1,-2.972101980E-2,-1.099124060E-1,2.880517883E1,2.578128417E1,-5.134422605E-1,-1.306583057E1
1.889638917E0,9.684028699E-1,2.215849066E-1,-2.935176073E-2,-1.106098099E-1,2.888295783E1,2.582815473E1,-4.486150595E-1,-1.313489770E1
1.899684917E0,9.682293092E-1,2.221085074E-1,-2.895894156E-2,-1.111802254E-1,2.896259900E1,2.588415693E1,-3.832912352E-1,-1.318906557E1
1.909730917E0,9.680609746E-1,2.226641714E-1,-2.851977140E-2,-1.116481397E-1,2.903963785E1,2.594320268E1,-3.149951253E-1,-1.323046681E1
1.919776917E0,9.679072651E-1,2.232052211E-1,-2.799958446E-2,-1.120307909E-1,2.910980927E1,2.599937825E1,-2.400864930E-1,-1.326011065E1
1.929822917E0,9.677812039E-1,2.236679513E-1,-2.743180319E-2,-1.123374935E-1,2.916723540E1,2.604572505E1,-1.629134898E-1,-1.327990396E1
1.939868917E0,9.676906724E-1,2.240107949E-1,-2.688456851E-2,-1.125660137E-1,2.920840809E1,2.607832760E1,-9.166686525E-2,-1.329138013E1
1.949914917E0,9.676376096E-1,2.242076839E-1,-2.644607270E-2,-1.127343061E-1,2.923251413E1,2.609535843E1,-3.601806618E-2,-1.329888387E1
1.959960917E0,9.676120264E-1,2.242824418E-1,-2.613124627E-2,-1.128789119E-1,2.924412939E1,2.609980440E1,3.649723045E-3,-1.330693599E1
1.970006917E0,9.676040607E-1,2.242630121E-1,-2.593218671E-2,-1.130306827E-1,2.924774509E1,2.609481680E1,2.939413591E-2,-1.331880827E1
1.980052917E0,9.676012368E-1,2.241928798E-1,-2.584563816E-2,-1.132144851E-1,2.924902674E1,2.608543906E1,4.281255788E-2,-1.333721733E1
1.990098917E0,9.675960949E-1,2.241001146E-1,-2.584300398E-2,-1.134413195E-1,2.925136034E1,2.607455283E1,4.774148063E-2,-1.336264742E1
2.000144917E0,9.675871598E-1,2.239952216E-1,-2.585890388E-2,-1.137221018E-1,2.925541503E1,2.606250718E1,5.184856635E-2,-1.339462980E1
2.010190917E0,9.675890985E-1,2.238439144E-1,-2.582716730E-2,-1.140096276E-1,2.925453529E1,2.604438004E1,6.076514169E-2,-1.342613391E1
2.020237917E0,9.676246705E-1,2.235612987E-1,-2.567449034E-2,-1.142964790E-1,2.923838930E1,2.600925373E1,8.124533252E-2,-1.345443856E1
2.030283917E0,9.677078683E-1,2.230930472E-1,-2.534553419E-2,-1.145803802E-1,2.920059195E1,2.595001885E1,1.186038741E-1,-1.347788283E1
2.040329917E0,9.678504090E-1,2.224148518E-1,-2.476364426E-2,-1.148215445E-1,2.913572330E1,2.586279457E1,1.799678943E-1,-1.349007442E1
2.050375917E0,9.680592888E-1,2.215193682E-1,-2.390548174E-2,-1.149732731E-1,2.904040838E1,2.574645022E1,2.666421330E-1,-1.348527575E1
2.060421917E0,9.683332011E-1,2.204344451E-1,-2.281345690E-2,-1.149734839E-1,2.891495226E1,2.560490938E1,3.727790984E-1,-1.345773115E1
2.070467917E0,9.686570154E-1,2.192647015E-1,-2.154511071E-2,-1.147269670E-1,2.876594967E1,2.545131386E1,4.911169626E-1,-1.339828821E1
2.080513917E0,9.689984048E-1,2.181516243E-1,-2.021061505E-2,-1.142089822E-1,2.860803730E1,2.530380512E1,6.108786892E-1,-1.330694402E1
2.090559917E0,9.693319129E-1,2.171947012E-1,-1.893019379E-2,-1.134191081E-1,2.845294203E1,2.517568072E1,7.201568185E-1,-1.318656747E1
2.100605917E0,9.696285002E-1,2.165112900E-1,-1.779697040E-2,-1.123686822E-1,2.831431754E1,2.508188496E1,8.104917159E-1,-1.304056346E1
2.110651917E0,9.698606029E-1,2.162141231E-1,-1.686262745E-2,-1.110743946E-1,2.820536764E1,2.503620155E1,8.779724098E-1,-1.287186234E1
2.120697917E0,9.700054616E-1,2.163779374E-1,-1.616824759E-2,-1.095831127E-1,2.813716094E1,2.504776582E1,9.199896697E-1,-1.268657680E1
2.130743917E0,9.700599997E-1,2.170141230E-1,-1.564457299E-2,-1.079060896E-1,2.811143971E1,2.511695542E1,9.443884671E-1,-1.248419603E1
2.140789917E0,9.700379990E-1,2.180566885E-1,-1.517240185E-2,-1.060539042E-1,2.812181844E1,2.523456114E1,9.635262937E-1,-1.226300941E1
2.150835917E0,9.699662229E-1,2.193923643E-1,-1.470383426E-2,-1.040022377E-1,2.815565247E1,2.538683650E1,9.803871354E-1,-1.201920921E1
2.160881917E0,9.698740478E-1,2.208845524E-1,-1.425282083E-2,-1.017410172E-1,2.819904394E1,2.555803719E1,9.912180709E-1,-1.175217280E1
2.170928833E0,9.697954860E-1,2.223938521E-1,-1.380834017E-2,-9.923218386E-2,2.823597532E1,2.573178909E1,9.944023212E-1,-1.145753147E1
2.180974833E0,9.697525384E-1,2.238345789E-1,-1.336611436E-2,-9.643401244E-2,2.825614474E1,2.589804917E1,9.882228005E-1,-1.113063202E1
2.191020833E0,9.697473543E-1,2.251949633E-1,-1.292904101E-2,-9.332859050E-2,2.825857837E1,2.605545754E1,9.716942133E-1,-1.076961063E1
2.201066833E0,9.697691864E-1,2.265062465E-1,-1.249616126E-2,-8.992531677E-2,2.824832804E1,2.620761624E1,9.454523547E-1,-1.037552858E1
2.211112833E0,9.698104060E-1,2.277809569E-1,-1.210147710E-2,-8.623923770E-2,2.822896517E1,2.635627234E1,9.061725547E-1,-9.951006327E0
2.221158833E0,9.698756494E-1,2.289555158E-1,-1.192463946E-2,-8.233155049E-2,2.819829056E1,2.649550852E1,8.348113023E-1,-9.507731195E0
2.231204833E0,9.699910053E-1,2.298925878E-1,-1.216279023E-2,-7.822379219E-2,2.814397499E1,2.661060595E1,7.087981426E-1,-9.053523731E0
2.241250833E0,9.701958390E-1,2.303986766E-1,-1.293450956E-2,-7.395389497E-2,2.804727469E1,2.667921556E1,5.145083673E-1,-8.595966480E0
2.251296833E0,9.705236993E-1,2.303094096E-1,-1.421254952E-2,-6.956501719E-2,2.789181077E1,2.668103919E1,2.552950131E-1,-8.139108923E0
2.261342833E0,9.709839007E-1,2.295762019E-1,-1.583895426E-2,-6.507018224E-2,2.767214974E1,2.660845652E1,-5.051245758E-2,-7.679796827E0
2.271388833E0,9.715606804E-1,2.282655719E-1,-1.759731024E-2,-6.045683035E-2,2.739440609E1,2.646718282E1,-3.777700553E-1,-7.210289824E0
2.281434833E0,9.721922087E-1,2.266585336E-1,-1.913895767E-2,-5.569499511E-2,2.708709564E1,2.628745648E1,-6.856176145E-1,-6.717661155E0
2.291480833E0,9.727866479E-1,2.251827512E-1,-2.006265853E-2,-5.075766040E-2,2.679467424E1,2.611688488E1,-9.267350955E-1,-6.188647793E0
2.301526833E0,9.732479030E-1,2.242857188E-1,-2.016787814E-2,-4.558135305E-2,2.656559306E1,2.600740796E1,-1.077808474E0,-5.611804858E0
2.311572833E0,9.734917647E-1,2.243273282E-1,-1.951162010E-2,-4.012805661E-2,2.644369238E1,2.600280225E1,-1.145141760E0,-4.985291241E0
2.321618833E0,9.734702276E-1,2.254740070E-1,-1.819471021E-2,-3.443911715E-2,2.645448045E1,2.612460839E1,-1.139904021E0,-4.316774800E0
2.331665833E0,9.731780235E-1,2.276746309E-1,-1.639144676E-2,-2.863857283E-2,2.660042302E1,2.636921010E1,-1.080836599E0,-3.624423327E0
2.341711833E0,9.726764760E-1,2.305888432E-1,-1.433327917E-2,-2.288434790E-2,2.684910688E1,2.669879299E1,-9.929589964E-1,-2.931155442E0
2.351757833E0,9.720474343E-1,2.338300833E-1,-1.219889954E-2,-1.727565603E-2,2.715784629E1,2.706911590E1,-8.959523873E-1,-2.252032252E0
2.361803833E0,9.713684907E-1,2.370652438E-1,-1.015946622E-2,-1.183985054E-2,2.748725923E1,2.744145041E1,-8.092459465E-1,-1.594254692E0
2.371849833E0,9.707254141E-1,2.399568969E-1,-8.374800070E-3,-6.544351903E-3,2.779573876E1,2.777588085E1,-7.516584089E-1,-9.583829977E-1
2.381895833E0,9.701904442E-1,2.422418567E-1,-6.904960338E-3,-1.311947100E-3,2.804982571E1,2.804064991E1,-7.312650353E-1,-3.375599085E-1
2.391941833E0,9.698074558E-1,2.437727672E-1,-5.740895993E-3,3.929308540E-3,2.823035149E1,2.821753394E1,-7.477795263E-1,2.763276133E-1
2.401987833E0,9.695728242E-1,2.445810384E-1,-4.842683431E-3,9.227378132E-3,2.834039105E1,2.830953529E1,-7.966863558E-1,8.896027936E-1
2.412033833E0,9.694599128E-1,2.447803193E-1,-4.136586741E-3,1.459094393E-2,2.839319635E1,2.832961622E1,-8.688471258E-1,1.505251952E0
2.422079833E0,9.694247202E-1,2.445469522E-1,-3.561598360E-3,1.999488640E-2,2.840963523E1,2.829837811E1,-9.560118382E-1,2.122163540E0
2.432125833E0,9.694211377E-1,2.440614099E-1,-3.103535874E-3,2.543802545E-2,2.841130813E1,2.823695371E1,-1.056258666E0,2.740558770E0
2.442171833E0,9.694122026E-1,2.434667390E-1,-2.799636022E-3,3.092234196E-2,2.841548011E1,2.816193416E1,-1.173793377E0,3.359575030E0
2.452217833E0,9.693656303E-1,2.428955017E-1,-2.690644272E-3,3.639987284E-2,2.843721588E1,2.808862090E1,-1.312140310E0,3.972671037E0
2.462263833E0,9.692546577E-1,2.424738646E-1,-2.722633730E-3,4.176681038E-2,2.848894252E1,2.803193530E1,-1.463067536E0,4.569654454E0
2.472309833E0,9.690722461E-1,2.422541741E-1,-2.775886273E-3,4.694977693E-2,2.857376905E1,2.799851485E1,-1.611806929E0,5.145542970E0
2.482355833E0,9.688286373E-1,2.422088452E-1,-2.684806934E-3,5.194915180E-2,2.868667096E1,2.798596100E1,-1.740187019E0,5.704904675E0
2.492401833E0,9.685474336E-1,2.422500964E-1,-2.294980195E-3,5.679426921E-2,2.881645798E1,2.798500562E1,-1.831624224E0,6.255346835E0
2.502448833E0,9.682596127E-1,2.422415301E-1,-1.544355360E-3,6.156314298E-2,2.894870916E1,2.798029870E1,-1.880611751E0,6.807493922E0
2.512494833E0,9.680010840E-1,2.420225035E-1,-4.362198821E-4,6.632346093E-2,2.906699882E1,2.795336404E1,-1.888126660E0,7.369105110E0
2.522540833E0,9.677966296E-1,2.414812852E-1,1.006055811E-3,7.110185988E-2,2.916021428E1,2.789146088E1,-1.856262332E0,7.942699479E0
2.532586833E0,9.676381153E-1,2.406437747E-1,2.682541541E-3,7.589391441E-2,2.923228445E1,2.779752077E1,-1.795676516E0,8.524920170E0
2.542632833E0,9.674917393E-1,2.396541772E-1,4.447556726E-3,8.065899495E-2,2.929868182E1,2.768784770E1,-1.722260013E0,9.106905558E0
2.552678833E0,9.673230255E-1,2.386738415E-1,6.131175810E-3,8.534205773E-2,2.937502968E1,2.758014928E1,-1.654713168E0,9.677569506E0
2.562724833E0,9.671092988E-1,2.378192299E-1,7.592786369E-3,8.991064967E-2,2.947146941E1,2.748663573E1,-1.609011323E0,1.022931610E1
2.572770833E0,9.668332791E-1,2.371815375E-1,8.737231357E-3,9.435044084E-2,2.959556286E1,2.741663193E1,-1.596551425E0,1.075789294E1
2.582816833E0,9.664912996E-1,2.367860420E-1,9.565174586E-3,9.866922841E-2,2.974860864E1,2.737253850E1,-1.618114750E0,1.126421178E1
2.592862833E0,9.660996710E-1,2.365692808E-1,1.008760585E-2,1.028814687E-1,2.992293390E1,2.734648532E1,-1.672467806E0,1.175031275E1
2.602908833E0,9.657748453E-1,2.364531662E-1,1.016273260E-2,1.061397152E-1,3.006677390E1,2.732858707E1,-1.751479334E0,1.211756022E1
2.612954833E0,9.654391456E-1,2.364190799E-1,1.002032894E-2,1.092371292E-1,3.021472609E1,2.731777233E1,-1.851173257E0,1.246095227E1
2.623000833E0,9.650909284E-1,2.364744714E-1,9.669066568E-3,1.121870714E-1,3.036745114E1,2.731484276E1,-1.971117232E0,1.278218812E1
2.633046833E0,9.647430061E-1,2.365955699E-1,9.088715000E-3,1.149391342E-1,3.051930138E1,2.731671986E1,-2.111921147E0,1.307508866E1
2.643092833E0,9.644003944E-1,2.367477938E-1,8.331409890E-3,1.175291002E-1,3.066811648E1,2.731984603E1,-2.268352616E0,1.334511613E1
2.653138833E0,9.640728291E-1,2.368680598E-1,7.484300381E-3,1.200041317E-1,3.080974001E1,2.731779393E1,-2.431186113E0,1.360003366E1
2.663184833E0,9.637794449E-1,2.368805036E-1,6.649213262E-3,1.223622057E-1,3.093604816E1,2.730300738E1,-2.587995898E0,1.384254591E1
2.673231833E0,9.635270274E-1,2.367439373E-1,5.934982230E-3,1.246303384E-1,3.104431798E1,2.727208468E1,-2.726814222E0,1.407873154E1
2.683277833E0,9.633270406E-1,2.364669693E-1,5.349056742E-3,1.267111704E-1,3.112983782E1,2.722649741E1,-2.844197773E0,1.429784485E1
2.693323833E0,9.631525105E-1,2.361598031E-1,4.872165151E-3,1.286154915E-1,3.120428487E1,2.717900542E1,-2.944140882E0,1.450025859E1
2.703369833E0,9.629747351E-1,2.359862002E-1,4.510692705E-3,1.302684066E-1,3.127993859E1,2.714919547E1,-3.026379357E0,1.467717907E1
2.713415833E0,9.627736525E-1,2.360758887E-1,4.203947941E-3,1.315960745E-1,3.136529642E1,2.715173406E1,-3.097682254E0,1.481821199E1
2.723461833E0,9.625439943E-1,2.364735231E-1,3.842749450E-3,1.325692874E-1,3.146250815E1,2.719049975E1,-3.170109435E0,1.491696224E1
2.733507833E0,9.622856341E-1,2.371475461E-1,3.325365274E-3,1.332529092E-1,3.157152034E1,2.726025814E1,-3.256227248E0,1.497806247E1
2.743553833E0,9.620202776E-1,2.379969737E-1,2.630595550E-3,1.336691515E-1,3.168310403E1,2.734888775E1,-3.357410265E0,1.500369584E1
2.753599833E0,9.617871212E-1,2.388463170E-1,1.860130086E-3,1.338448196E-1,3.178083229E1,2.743723608E1,-3.460395541E0,1.500011072E1
2.763645833E0,9.616229592E-1,2.395167047E-1,1.184389663E-3,1.338340721E-1,3.184946604E1,2.750656868E1,-3.545038199E0,1.497857040E1
2.773691833E0,9.615551450E-1,2.398661653E-1,7.490759386E-4,1.336988229E-1,3.187777620E1,2.754203041E1,-3.594751262E0,1.495050474E1
2.783737833E0,9.615802223E-1,2.398556391E-1,6.204542936E-4,1.335381170E-1,3.186731010E1,2.753957402E1,-3.604362416E0,1.492903363E1
2.793783833E0,9.616718074E-1,2.395811578E-1,8.662125673E-4,1.333694031E-1,3.182905838E1,2.751129758E1,-3.568370915E0,1.491758283E1
2.803829833E0,9.617841288E-1,2.392064196E-1,1.487320137E-3,1.332268203E-1,3.178208467E1,2.747631485E1,-3.490122173E0,1.491939745E1
2.813875833E0,9.618782006E-1,2.388739126E-1,2.464737164E-3,1.331297140E-1,3.174269097E1,2.745105696E1,-3.374430282E0,1.493561974E1
2.823921833E0,9.619418844E-1,2.386206627E-1,3.646587480E-3,1.330967973E-1,3.171599551E1,2.743779113E1,-3.239147625E0,1.496420831E1
2.833967833E0,9.620055683E-1,2.383147504E-1,4.699152338E-3,1.331511246E-1,3.168927814E1,2.741640889E1,-3.119722729E0,1.499931848E1
2.844013833E0,9.621562855E-1,2.377104699E-1,5.123255001E-3,1.331266794E-1,3.162596000E1,2.735160154E1,-3.062913483E0,1.500972625E1
2.854059833E0,9.625180319E-1,2.364451162E-1,4.423111554E-3,1.327902211E-1,3.147347935E1,2.719458257E1,-3.111575640E0,1.495724108E1
2.864106833E0,9.631347667E-1,2.343157099E-1,2.584160259E-3,1.321395159E-1,3.121184393E1,2.692173074E1,-3.264585413E0,1.484251181E1
2.874152833E0,9.639629523E-1,2.314172500E-1,1.026170394E-4,1.312312514E-1,3.085710341E1,2.655150732E1,-3.470838258E0,1.468570672E1
2.884198833E0,9.648972215E-1,2.280207198E-1,-2.367651899E-3,1.302859397E-1,3.045208551E1,2.612420055E1,-3.668569080E0,1.452837155E1
2.894244833E0,9.658111759E-1,2.244991083E-1,-4.305174135E-3,1.295781677E-1,3.005071933E1,2.568932773E1,-3.812772841E0,1.441325747E1
2.904290833E0,9.665420865E-1,2.214220827E-1,-5.345453187E-3,1.293841236E-1,2.972592870E1,2.531682597E1,-3.877885880E0,1.437763082E1
2.914336833E0,9.669407957E-1,2.194315082E-1,-5.240233579E-3,1.297994386E-1,2.954728593E1,2.508419560E1,-3.847332211E0,1.443483821E1
2.924382833E0,9.669172778E-1,2.190336419E-1,-3.992160028E-3,1.306878942E-1,2.955785250E1,2.505107400E1,-3.725146007E0,1.456696258E1
2.934428833E0,9.664764639E-1,2.203086262E-1,-2.019919325E-3,1.318453731E-1,2.975523063E1,2.522242064E1,-3.554489264E0,1.474101993E1
2.944474833E0,9.656885707E-1,2.229656584E-1,3.325386348E-5,1.331611977E-1,3.010486533E1,2.555639154E1,-3.400582515E0,1.493084440E1
2.954520833E0,9.646934836E-1,2.264723183E-1,1.620188077E-3,1.344398488E-1,3.054085550E1,2.598399238E1,-3.311697017E0,1.510302399E1
2.964566833E0,9.636347969E-1,2.302467899E-1,2.480900481E-3,1.356031440E-1,3.099813737E1,2.643365123E1,-3.305680926E0,1.524361709E1
2.974612833E0,9.626422808E-1,2.337893800E-1,2.586351896E-3,1.365859663E-1,3.142094049E1,2.684646416E1,-3.375828200E0,1.534528822E1
2.984658833E0,9.618038114E-1,2.367238122E-1,2.156137939E-3,1.374431489E-1,3.177384629E1,2.718113109E1,-3.492883764E0,1.542052416E1
2.994704833E0,9.611497344E-1,2.388853976E-1,1.528360631E-3,1.382846950E-1,3.204651318E1,2.742264473E1,-3.619513686E0,1.549103323E1
3.004750833E0,9.605447586E-1,2.403188119E-1,1.208423904E-3,1.399973744E-1,3.229671522E1,2.758024094E1,-3.724930523E0,1.567015208E1
3.014796833E0,9.601802726E-1,2.412124726E-1,1.010565523E-3,1.409587440E-1,3.244655023E1,2.767880679E1,-3.787795828E0,1.576978624E1
3.024842833E0,9.599978189E-1,2.418070488E-1,9.785444553E-4,1.411823330E-1,3.252130203E1,2.774726264E1,-3.807181520E0,1.579184447E1
3.034888833E0,9.595644650E-1,2.423582979E-1,1.644475198E-3,1.431636564E-1,3.269818183E1,2.781462522E1,-3.797929355E0,1.603074250E1
3.044934833E0,9.592048260E-1,2.430550170E-1,2.248660809E-3,1.443790450E-1,3.284427017E1,2.790096462E1,-3.776821881E0,1.618122881E1
3.054980833E0,9.587972238E-1,2.439711525E-1,2.891052537E-3,1.455258187E-1,3.300908132E1,2.801396046E1,-3.753514484E0,1.632426074E1
3.065026833E0,9.583447774E-1,2.451078740E-1,3.533433728E-3,1.465776775E-1,3.319109310E1,2.815327301E1,-3.731572294E0,1.645586139E1
3.075073833E0,9.578611423E-1,2.463922466E-1,4.164045413E-3,1.475657261E-1,3.338458500E1,2.831007102E1,-3.711979167E0,1.657950493E1
3.085119833E0,9.573838714E-1,2.476566626E-1,4.844832920E-3,1.485222067E-1,3.357446848E1,2.846553823E1,-3.685990166E0,1.670114874E1
3.095165833E0,9.569328579E-1,2.487610048E-1,5.701372785E-3,1.495497047E-1,3.375295178E1,2.860486654E1,-3.640307121E0,1.683634539E1
3.105211833E0,9.565288804E-1,2.495944166E-1,6.889492445E-3,1.506902406E-1,3.391204672E1,2.871744706E1,-3.557080204E0,1.699458827E1
3.115257833E0,9.561800309E-1,2.501057948E-1,8.509459251E-3,1.519687652E-1,3.404885041E1,2.879905170E1,-3.425083538E0,1.718171567E1
3.125303833E0,9.558812941E-1,2.503014827E-1,1.055092615E-2,1.533907999E-1,3.416557955E1,2.885062934E1,-3.245652049E0,1.739804526E1
3.135349833E0,9.556205737E-1,2.502258396E-1,1.289318457E-2,1.549521721E-1,3.426713875E1,2.887588336E1,-3.032596816E0,1.763954746E1
3.145395833E0,9.553888081E-1,2.499478706E-1,1.534089441E-2,1.565977115E-1,3.435717456E1,2.888014287E1,-2.806867761E0,1.789423568E1
3.155441833E0,9.551804763E-1,2.495175302E-1,1.769032834E-2,1.582977046E-1,3.443791206E1,2.886599184E1,-2.590720251E0,1.815280341E1
3.165487542E0,9.549949880E-1,2.489955731E-1,1.981169513E-2,1.599789002E-1,3.450964254E1,2.883834862E1,-2.397263624E0,1.840310370E1
3.175533542E0,9.548165382E-1,2.484284662E-1,2.165098359E-2,1.616785140E-1,3.457851496E1,2.880135979E1,-2.234279774E0,1.864763490E1
3.185579542E0,9.546600891E-1,2.478571340E-1,2.314674364E-2,1.632639099E-1,3.463878704E1,2.875867279E1,-2.105389215E0,1.886961063E1
3.195625542E0,9.545280431E-1,2.472679632E-1,2.434181753E-2,1.647492913E-1,3.468957885E1,2.870913820E1,-2.006022705E0,1.907186167E1
3.205671542E0,9.544368794E-1,2.465959634E-1,2.528983713E-2,1.661362176E-1,3.472460311E1,2.864591916E1,-1.929051222E0,1.925619422E1
3.215717542E0,9.544041313E-1,2.457495387E-1,2.610766511E-2,1.674463524E-1,3.473717629E1,2.856034175E1,-1.860445902E0,1.942849684E1
3.225763542E0,9.544280707E-1,2.446684194E-1,2.691695836E-2,1.687599854E-1,3.472798552E1,2.844752787E1,-1.787911392E0,1.960132244E1
3.235809542E0,9.545196137E-1,2.433147364E-1,2.776656507E-2,1.700569282E-1,3.469281877E1,2.830408603E1,-1.704643426E0,1.977376641E1
3.245855542E0,9.546683078E-1,2.416894907E-1,2.868134134E-2,1.713826152E-1,3.463562334E1,2.813063570E1,-1.609100993E0,1.995156283E1
3.255901542E0,9.548698118E-1,2.398203728E-1,2.968670173E-2,1.727093558E-1,3.455796802E1,2.793106598E1,-1.498144431E0,2.013214490E1
3.265947542E0,9.550982899E-1,2.377572635E-1,3.080700711E-2,1.740965351E-1,3.446971234E1,2.771172067E1,-1.371676928E0,2.032270629E1
3.275993542E0,9.553236913E-1,2.356175101E-1,3.204901152E-2,1.755386316E-1,3.438242989E1,2.748653888E1,-1.231128398E0,2.052254824E1
3.286039542E0,9.555022675E-1,2.335399128E-1,3.337709032E-2,1.770886663E-1,3.431312674E1,2.727097621E1,-1.084718157E0,2.073648594E1
3.296085542E0,9.556113435E-1,2.316563069E-1,3.470619119E-2,1.787112356E-1,3.427072885E1,2.707865890E1,-9.435843771E-1,2.095810965E1
3.306132542E0,9.556074660E-1,2.301052818E-1,3.598383076E-2,1.804744912E-1,3.427223692E1,2.692444653E1,-8.184082388E-1,2.119373130E1
3.316178542E0,9.554798453E-1,2.289907295E-1,3.720002022E-2,1.823119252E-1,3.432183593E1,2.682011027E1,-7.109295136E-1,2.143563567E1
3.326224542E0,9.552266271E-1,2.283743424E-1,3.831905066E-2,1.841710227E-1,3.442004249E1,2.677190736E1,-6.252879784E-1,2.167703393E1
3.336270542E0,9.548536696E-1,2.282488818E-1,3.931511766E-2,1.860410362E-1,3.456419512E1,2.677826171E1,-5.641976913E-1,2.191614958E1
3.346316542E0,9.543606779E-1,2.285577128E-1,4.017447083E-2,1.879973665E-1,3.475385281E1,2.683211084E1,-5.302585659E-1,2.216128678E1
3.356362542E0,9.537830132E-1,2.292210093E-1,4.081049839E-2,1.899743909E-1,3.497481645E1,2.692215086E1,-5.296223981E-1,2.240271716E1
3.366408542E0,9.531365227E-1,2.301311811E-1,4.125062739E-2,1.920126546E-1,3.522051401E1,2.703635188E1,-5.581407020E-1,2.264578435E1
3.376454542E0,9.524484754E-1,2.311518513E-1,4.153868002E-2,1.941271198E-1,3.548019503E1,2.715979856E1,-6.084227901E-1,2.289338385E1
3.386500542E0,9.517567192E-1,2.321435140E-1,4.165160197E-2,1.962999163E-1,3.573943454E1,2.727571799E1,-6.792642911E-1,2.314288306E1
3.396546542E0,9.510885652E-1,2.330052590E-1,4.163441659E-2,1.985086219E-1,3.598811354E1,2.737340201E1,-7.626906925E-1,2.339300310E1
3.406592542E0,9.504707345E-1,2.336232793E-1,4.154106132E-2,2.007481790E-1,3.621659329E1,2.744090208E1,-8.498289631E-1,2.364474702E1
3.416638542E0,9.499243428E-1,2.338501768E-1,4.141211304E-2,2.030831987E-1,3.641749964E1,2.746208057E1,-9.342682997E-1,2.390677465E1
3.426684542E0,9.495173307E-1,2.334839523E-1,4.101929387E-2,2.054742316E-1,3.656646339E1,2.740814201E1,-1.034406043E0,2.416866265E1
3.436730542E0,9.492921822E-1,2.324103562E-1,4.013175500E-2,2.078923649E-1,3.664861499E1,2.726022245E1,-1.171158847E0,2.442121692E1
3.446776542E0,9.492351154E-1,2.307706225E-1,3.881233737E-2,2.102173536E-1,3.666940916E1,2.703617914E1,-1.337399897E0,2.465279994E1
3.456822542E0,9.492857337E-1,2.288100670E-1,3.728817035E-2,2.123961349E-1,3.665096527E1,2.676992850E1,-1.512927138E0,2.486360957E1
3.466868542E0,9.493679622E-1,2.267356202E-1,3.577004087E-2,2.145038567E-1,3.662098444E1,2.649046647E1,-1.682071463E0,2.506773708E1
3.476914542E0,9.494006261E-1,2.247727256E-1,3.450248494E-2,2.166222837E-1,3.660906850E1,2.622972146E1,-1.826222602E0,2.528049136E1
3.486960542E0,9.492860709E-1,2.231575425E-1,3.383063256E-2,2.188885198E-1,3.665084239E1,2.602330428E1,-1.917666838E0,2.552571239E1
3.497006542E0,9.489395395E-1,2.221730553E-1,3.409438754E-2,2.213381789E-1,3.677693019E1,2.591248249E1,-1.928007807E0,2.581516156E1
3.507052542E0,9.482909838E-1,2.220518831E-1,3.550959442E-2,2.240003424E-1,3.701179714E1,2.593006300E1,-1.841375847E0,2.615701620E1
3.517098542E0,9.473249781E-1,2.228142774E-1,3.794899079E-2,2.269122682E-1,3.735898282E1,2.607612412E1,-1.674336886E0,2.655273520E1
3.527144542E0,9.460998535E-1,2.243190991E-1,4.095407162E-2,2.299972489E-1,3.779487193E1,2.632367347E1,-1.472220578E0,2.698286831E1
3.537191542E0,9.446960684E-1,2.263968333E-1,4.409864799E-2,2.331290548E-1,3.828844721E1,2.664265645E1,-1.274347202E0,2.742284252E1
3.547237542E0,9.432093804E-1,2.287770450E-1,4.693490963E-2,2.362501975E-1,3.880458032E1,2.698986529E1,-1.120682370E0,2.785473305E1
3.557283542E0,9.417472431E-1,2.312003413E-1,4.908897183E-2,2.392673850E-1,3.930583162E1,2.732461001E1,-1.041614109E0,2.825755407E1
3.567329542E0,9.403698208E-1,2.334771562E-1,5.038766375E-2,2.421861175E-1,3.977248799E1,2.761926361E1,-1.049933749E0,2.862652097E1
3.577375542E0,9.391119692E-1,2.354732731E-1,5.083734955E-2,2.450238859E-1,4.019409191E1,2.785767770E1,-1.140789989E0,2.896317445E1
3.587421542E0,9.379802420E-1,2.370862435E-1,5.059031633E-2,2.478381996E-1,4.056983076E1,2.803176625E1,-1.295718194E0,2.927804533E1
3.597467542E0,9.367983180E-1,2.382896414E-1,5.003640138E-2,2.512435385E-1,4.095870946E1,2.814864613E1,-1.489252455E0,2.965277036E1
3.607513542E0,9.356784130E-1,2.392216768E-1,4.935509757E-2,2.546426607E-1,4.132394983E1,2.822988684E1,-1.688813594E0,3.002370411E1
3.617559542E0,9.347327852E-1,2.400044175E-1,4.865673483E-2,2.574974565E-1,4.162996529E1,2.829364254E1,-1.870407052E0,3.033184107E1
3.627605542E0,9.337716895E-1,2.406842883E-1,4.819929401E-2,2.604194764E-1,4.193879925E1,2.835213089E1,-2.025454090E0,3.065482775E1
3.637651542E0,9.327781197E-1,2.413172497E-1,4.798223774E-2,2.634172974E-1,4.225580164E1,2.841186969E1,-2.156016827E0,3.099359152E1
3.647697542E0,9.315903794E-1,2.419250916E-1,4.808467565E-2,2.670196307E-1,4.263180234E1,2.847683509E1,-2.269910815E0,3.141147518E1
3.657743542E0,9.303962749E-1,2.424913661E-1,4.830199534E-2,2.706059061E-1,4.300665708E1,2.854028574E1,-2.370383641E0,3.183119073E1
3.667789542E0,9.292308934E-1,2.429397769E-1,4.864575557E-2,2.741235031E-1,4.336951798E1,2.859416473E1,-2.452132824E0,3.224716219E1
3.677835542E0,9.281218834E-1,2.432010347E-1,4.918680521E-2,2.775312865E-1,4.371216342E1,2.863314718E1,-2.503997565E0,3.265678885E1
3.687881542E0,9.270781378E-1,2.432458473E-1,4.994657591E-2,2.808251681E-1,4.403232731E1,2.865490372E1,-2.522422316E0,3.306026896E1
3.697927542E0,9.260960319E-1,2.430956149E-1,5.089856785E-2,2.840071709E-1,4.433157633E1,2.866132696E1,-2.510809722E0,3.345703612E1
3.707973542E0,9.251486972E-1,2.428261280E-1,5.198724202E-2,2.871109070E-1,4.461842411E1,2.865937290E1,-2.478483113E0,3.384922565E1
3.718019542E0,9.243927724E-1,2.425396137E-1,5.298323527E-2,2.895949368E-1,4.484606467E1,2.865437073E1,-2.437057256E0,3.416707212E1
3.728065542E0,9.234184426E-1,2.422297922E-1,5.415350574E-2,2.927293769E-1,4.513786955E1,2.865162088E1,-2.395825595E0,3.456595463E1
3.738111542E0,9.224000273E-1,2.419935275E-1,5.526459149E-2,2.959108528E-1,4.544097889E1,2.865568353E1,-2.364976159E0,3.496891030E1
3.748157542E0,9.213307407E-1,2.418831028E-1,5.626187022E-2,2.991268470E-1,4.575718191E1,2.867049050E1,-2.351843031E0,3.537284096E1
3.758203542E0,9.202093184E-1,2.419538884E-1,5.707861293E-2,3.023492897E-1,4.608659589E1,2.869982073E1,-2.364731229E0,3.577246767E1
3.768249542E0,9.190425672E-1,2.422625087E-1,5.764550911E-2,3.055269513E-1,4.642697854E1,2.874743956E1,-2.411609438E0,3.615969142E1
3.778295542E0,9.178465450E-1,2.428558309E-1,5.790230986E-2,3.085873815E-1,4.677347086E1,2.881629175E1,-2.498522222E0,3.652413405E1
3.788341542E0,9.166444958E-1,2.437284393E-1,5.782389565E-2,3.114736188E-1,4.711928522E1,2.890466099E1,-2.626329495E0,3.685828600E1
3.798387542E0,9.154592421E-1,2.448061447E-1,5.745762900E-2,3.141701742E-1,4.745794017E1,2.900569425E1,-2.786896553E0,3.716168961E1
3.808433542E0,9.143193174E-1,2.459527814E-1,5.689849837E-2,3.166859406E-1,4.778150939E1,2.910738759E1,-2.965393863E0,3.743830745E1
3.818479542E0,9.132538450E-1,2.470090341E-1,5.626474675E-2,3.190427924E-1,4.808209116E1,2.919607205E1,-3.143959446E0,3.769443651E1
3.828526542E0,9.122931287E-1,2.478451327E-1,5.563550483E-2,3.212456606E-1,4.835161264E1,2.926011179E1,-3.309328500E0,3.793328613E1
3.838572542E0,9.114547014E-1,2.484221442E-1,5.504306766E-2,3.232755793E-1,4.858567811E1,2.929649030E1,-3.455832990E0,3.815371074E1
3.848618542E0,9.107423354E-1,2.487465695E-1,5.450200749E-2,3.251201783E-1,4.878372163E1,2.930664036E1,-3.581627411E0,3.835468717E1
3.858664542E0,9.101441241E-1,2.488787210E-1,5.404054165E-2,3.267672561E-1,4.894944797E1,2.929855455E1,-3.685598158E0,3.853540629E1
3.868710542E0,9.096375822E-1,2.489180861E-1,5.367422231E-2,3.282048218E-1,4.908936794E1,2.928413839E1,-3.769575601E0,3.869454718E1
3.878756542E0,9.091912049E-1,2.490124635E-1,5.337448446E-2,3.294167545E-1,4.921235951E1,2.927906630E1,-3.841840484E0,3.882887032E1
3.888802542E0,9.087737193E-1,2.493158891E-1,5.311175155E-2,3.303803789E-1,4.932713017E1,2.929965550E1,-3.910896445E0,3.893428276E1
3.898848542E0,9.083625979E-1,2.498921209E-1,5.291374565E-2,3.311066745E-1,4.943990715E1,2.935410829E1,-3.976778480E0,3.901257443E1
3.908894542E0,9.079870906E-1,2.506688978E-1,5.273903643E-2,3.315767594E-1,4.954270437E1,2.943287984E1,-4.040364468E0,3.906052752E1
3.918940542E0,9.076911565E-1,2.515371650E-1,5.251698576E-2,3.317647132E-1,4.962357737E1,2.952123354E1,-4.103817626E0,3.907342948E1
3.928986542E0,9.075188180E-1,2.523361955E-1,5.223848992E-2,3.316733810E-1,4.967061728E1,2.960082438E1,-4.161703339E0,3.905191013E1
3.939032542E0,9.075111473E-1,2.528851056E-1,5.189131579E-2,3.313307271E-1,4.967271004E1,2.965080559E1,-4.208911684E0,3.899959793E1
3.949078542E0,9.076940646E-1,2.530749244E-1,5.142547721E-2,3.307568557E-1,4.962278324E1,2.965699398E1,-4.246945846E0,3.891788969E1
3.959124542E0,9.080719322E-1,2.528713130E-1,5.083693862E-2,3.299654432E-1,4.951949599E1,2.961534432E1,-4.275389548E0,3.880847701E1
3.969170542E0,9.086215692E-1,2.522979473E-1,5.017782513E-2,3.289907130E-1,4.936889545E1,2.953034089E1,-4.290998064E0,3.867685590E1
3.979216542E0,9.093073827E-1,2.514160561E-1,4.957058387E-2,3.278610089E-1,4.918037649E1,2.941329760E1,-4.284516564E0,3.852963823E1
3.989262542E0,9.100852028E-1,2.503053602E-1,4.905323131E-2,3.266280029E-1,4.896574283E1,2.927433202E1,-4.256880101E0,3.837368584E1
3.999308542E0,9.109397934E-1,2.490126215E-1,4.838909180E-2,3.253304489E-1,4.872890243E1,2.910979896E1,-4.235934705E0,3.820678292E1
4.009354542E0,9.119160198E-1,2.474774225E-1,4.725860796E-2,3.239301409E-1,4.845702237E1,2.890143575E1,-4.251754594E0,3.801589043E1
4.019400542E0,9.130666498E-1,2.455307755E-1,4.542672680E-2,3.224288491E-1,4.813471863E1,2.862197029E1,-4.322892879E0,3.779578117E1
4.029446542E0,9.144095327E-1,2.430260410E-1,4.293189678E-2,3.208590476E-1,4.775597688E1,2.825668804E1,-4.441405287E0,3.755267441E1
4.039492542E0,9.159050715E-1,2.399140125E-1,4.014831871E-2,3.192920278E-1,4.733082418E1,2.781368057E1,-4.569089800E0,3.730607558E1
4.049538542E0,9.174669072E-1,2.362953684E-1,3.761948673E-2,3.178109454E-1,4.688294783E1,2.732340861E1,-4.655546933E0,3.708002835E1
4.059584542E0,9.189664078E-1,2.324567915E-1,3.570554565E-2,3.165276581E-1,4.644911496E1,2.683009166E1,-4.676723340E0,3.689535433E1
4.069630542E0,9.202257978E-1,2.288477358E-1,3.459347998E-2,3.156210373E-1,4.608177124E1,2.638962484E1,-4.634016291E0,3.677509748E1
4.079676542E0,9.210772063E-1,2.260610388E-1,3.438983695E-2,3.151675793E-1,4.583185269E1,2.607166650E1,-4.539297341E0,3.672761653E1
4.089722542E0,9.214507749E-1,2.246254118E-1,3.514314864E-2,3.150189906E-1,4.572178926E1,2.593775313E1,-4.402192285E0,3.673405331E1
4.099768542E0,9.213789145E-1,2.247459413E-1,3.671138019E-2,3.149643262E-1,4.574298074E1,2.600678682E1,-4.239384595E0,3.676555487E1
4.109814542E0,9.209312307E-1,2.263144152E-1,3.875204630E-2,3.149059949E-1,4.587479317E1,2.625506384E1,-4.080593099E0,3.680349925E1
4.119860542E0,9.202140599E-1,2.289468652E-1,4.080413421E-2,3.148403301E-1,4.608520777E1,2.662337965E1,-3.960362488E0,3.683815195E1
4.129906542E0,9.193382273E-1,2.322591228E-1,4.260972627E-2,3.147338883E-1,4.634094752E1,2.705974196E1,-3.890744973E0,3.686053911E1
4.139952542E0,9.184276236E-1,2.358210267E-1,4.402991702E-2,3.145483368E-1,4.660543392E1,2.751113403E1,-3.869123912E0,3.686369823E1
4.149999542E0,9.175906715E-1,2.392556261E-1,4.494025734E-2,3.142680602E-1,4.684728419E1,2.793083013E1,-3.893797172E0,3.684322150E1
4.160045542E0,9.168962600E-1,2.422983335E-1,4.534684798E-2,3.139050073E-1,4.704705438E1,2.828920481E1,-3.954290266E0,3.680100716E1
4.170091042E0,9.163796661E-1,2.447627546E-1,4.537501262E-2,3.134972365E-1,4.719515205E1,2.856949906E1,-4.031414638E0,3.674520333E1
4.180137042E0,9.160480968E-1,2.465756802E-1,4.518008344E-2,3.130736185E-1,4.728997622E1,2.876874760E1,-4.106949323E0,3.668360185E1
4.190183042E0,9.158744939E-1,2.478089813E-1,4.487746907E-2,3.126507592E-1,4.733955280E1,2.889895408E1,-4.172015230E0,3.662110185E1
4.200229042E0,9.158104939E-1,2.486310345E-1,4.452474209E-2,3.122361396E-1,4.735781723E1,2.898105114E1,-4.227147899E0,3.655963295E1
4.210275042E0,9.158070379E-1,2.492578951E-1,4.416315374E-2,3.117974752E-1,4.735880333E1,2.904096807E1,-4.275143356E0,3.649577822E1
4.220321042E0,9.158344544E-1,2.498951765E-1,4.387935794E-2,3.112462576E-1,4.735098012E1,2.910532373E1,-4.311876243E0,3.642079899E1
4.230367042E0,9.160558940E-1,2.506954293E-1,4.368108863E-2,3.099763731E-1,4.728774840E1,2.919414292E1,-4.323670314E0,3.626324245E1
4.240413042E0,9.162782607E-1,2.516359573E-1,4.383913931E-2,3.085314105E-1,4.722417160E1,2.931200482E1,-4.297630812E0,3.609463700E1
4.250459042E0,9.164836213E-1,2.526239215E-1,4.440835357E-2,3.070291915E-1,4.716538531E1,2.944966472E1,-4.228069586E0,3.593086777E1
4.260505042E0,9.166896561E-1,2.535201427E-1,4.537660366E-2,3.055300913E-1,4.710633646E1,2.959053140E1,-4.112987571E0,3.577940401E1
4.270551042E0,9.169100209E-1,2.541805206E-1,4.671219514E-2,3.041154534E-1,4.704310336E1,2.971674348E1,-3.953031301E0,3.564957469E1
4.280597042E0,9.171720268E-1,2.545110783E-1,4.838114712E-2,3.027850249E-1,4.696781698E1,2.981643074E1,-3.748477693E0,3.554080137E1
4.290643042E0,9.174833445E-1,2.545110256E-1,5.033040726E-2,3.015218628E-1,4.687821278E1,2.988775759E1,-3.504484136E0,3.544958689E1
4.300689042E0,9.177961373E-1,2.542610948E-1,5.249568052E-2,3.004092070E-1,4.678802093E1,2.993746990E1,-3.233431885E0,3.538346233E1
4.310735042E0,9.181060221E-1,2.538240425E-1,5.473122313E-2,2.994316320E-1,4.669850553E1,2.996787372E1,-2.952483956E0,3.533611140E1
4.320781042E0,9.183914194E-1,2.532671141E-1,5.693558760E-2,2.986157743E-1,4.661592018E1,2.998314444E1,-2.675585182E0,3.530734243E1
4.330827042E0,9.186528985E-1,2.527316805E-1,5.898617929E-2,2.978663191E-1,4.654013461E1,2.999539472E1,-2.417731976E0,3.528198726E1
4.340873042E0,9.188823670E-1,2.523212018E-1,6.080071702E-2,2.971405293E-1,4.647353065E1,3.001356678E1,-2.189936535E0,3.525234060E1
4.350919042E0,9.190634088E-1,2.520723036E-1,6.236029793E-2,2.964680552E-1,4.642091900E1,3.004105335E1,-1.996396113E0,3.522119418E1
4.360965042E0,9.192218599E-1,2.519632697E-1,6.364693585E-2,2.957951597E-1,4.637482605E1,3.007482885E1,-1.836513656E0,3.518175560E1
4.371011042E0,9.193711440E-1,2.519152328E-1,6.466475063E-2,2.951505658E-1,4.633136011E1,3.010602432E1,-1.707898358E0,3.513756814E1
4.381057042E0,9.195472335E-1,2.518390945E-1,6.540718844E-2,2.945026002E-1,4.628003985E1,3.012435633E1,-1.607044366E0,3.508481250E1
4.391103042E0,9.197706751E-1,2.516140830E-1,6.593091572E-2,2.938796908E-1,4.621484162E1,3.011807647E1,-1.524585236E0,3.502860572E1
4.401149042E0,9.200472216E-1,2.511811190E-1,6.629962689E-2,2.933012886E-1,4.613402723E1,3.008270310E1,-1.452369588E0,3.497315899E1
4.411195042E0,9.203640184E-1,2.505060108E-1,6.657627880E-2,2.928212149E-1,4.604128584E1,3.001649750E1,-1.384293324E0,3.492661885E1
4.421241042E0,9.207230042E-1,2.495995269E-1,6.678866731E-2,2.924185650E-1,4.593597978E1,2.992172096E1,-1.317193938E0,3.488736271E1
4.431287042E0,9.210767216E-1,2.485140348E-1,6.702047497E-2,2.921760309E-1,4.583199533E1,2.980714704E1,-1.246722183E0,3.486742263E1
4.441333042E0,9.213947196E-1,2.473465671E-1,6.732443804E-2,2.920939710E-1,4.573832066E1,2.968565333E1,-1.170755631E0,3.486829610E1
4.451379042E0,9.216525740E-1,2.462464079E-1,6.776742250E-2,2.921075423E-1,4.566222934E1,2.957659262E1,-1.085523587E0,3.488428818E1
4.461425042E0,9.216596968E-1,2.453388493E-1,6.849941842E-2,2.926772412E-1,4.566012574E1,2.949900031E1,-9.937814527E-1,3.497332481E1
4.471471042E0,9.217034663E-1,2.448180407E-1,6.920666361E-2,2.928091398E-1,4.564719714E1,2.946483695E1,-9.049600813E-1,3.501032543E1
4.481517042E0,9.216282553E-1,2.447318399E-1,6.992837571E-2,2.929464753E-1,4.566941078E1,2.948039863E1,-8.302864991E-1,3.504805000E1
4.491563042E0,9.214157087E-1,2.450503014E-1,7.062247109E-2,2.931822869E-1,4.573213137E1,2.954072907E1,-7.760095207E-1,3.509615762E1
4.501609042E0,9.211444937E-1,2.456348572E-1,7.118966230E-2,2.934083205E-1,4.581204646E1,2.962672507E1,-7.443326981E-1,3.513919528E1
4.511655042E0,9.208404042E-1,2.462886338E-1,7.161988153E-2,2.937099655E-1,4.590149168E1,2.971568445E1,-7.319099453E-1,3.518689070E1
4.521701042E0,9.205683463E-1,2.468660351E-1,7.192105237E-2,2.940043612E-1,4.598137559E1,2.979146265E1,-7.301337726E-1,3.522990732E1
4.531747042E0,9.203612999E-1,2.472558882E-1,7.214698582E-2,2.942690645E-1,4.604208242E1,2.984339175E1,-7.286460865E-1,3.526731498E1
4.541794042E0,9.202173263E-1,2.473820179E-1,7.234100357E-2,2.945657783E-1,4.608425149E1,2.986435615E1,-7.220412451E-1,3.530765679E1
4.551840042E0,9.201634837E-1,2.472159646E-1,7.247066308E-2,2.948412290E-1,4.610001232E1,2.985001153E1,-7.110131538E-1,3.534374869E1
4.561886042E0,9.201550122E-1,2.468030677E-1,7.260990046E-2,2.951792046E-1,4.610249164E1,2.980807690E1,-6.920088220E-1,3.538756031E1
4.571932042E0,9.201406612E-1,2.462414135E-1,7.284601237E-2,2.956344117E-1,4.610669139E1,2.975274430E1,-6.610770336E-1,3.544804639E1
4.581978042E0,9.201129075E-1,2.456534492E-1,7.313081443E-2,2.961392677E-1,4.611481237E1,2.969620680E1,-6.255707576E-1,3.551579948E1
4.592024042E0,9.200836154E-1,2.450894190E-1,7.316744005E-2,2.966879775E-1,4.612338201E1,2.963349622E1,-6.182244339E-1,3.558108464E1
4.602070042E0,9.201096832E-1,2.445046841E-1,7.277786619E-2,2.971852049E-1,4.611575572E1,2.955318834E1,-6.531350686E-1,3.562747941E1
4.612116042E0,9.201997300E-1,2.438390432E-1,7.211760946E-2,2.976141545E-1,4.608940285E1,2.945406159E1,-7.113277181E-1,3.565787647E1
4.622162042E0,9.203255594E-1,2.430811533E-1,7.145293786E-2,2.980050454E-1,4.605255403E1,2.934439326E1,-7.654307974E-1,3.568390635E1
4.632208042E0,9.204153743E-1,2.422802104E-1,7.110143841E-2,2.984637296E-1,4.602623489E1,2.924107655E1,-7.871539676E-1,3.572738172E1
4.642254042E0,9.203899176E-1,2.415811522E-1,7.128723225E-2,2.990636478E-1,4.603369610E1,2.916848755E1,-7.604623178E-1,3.580335482E1
4.652300042E0,9.201599433E-1,2.411738503E-1,7.213142836E-2,2.998964906E-1,4.610104846E1,2.915247990E1,-6.823791071E-1,3.592597417E1
4.662346042E0,9.196578058E-1,2.412826524E-1,7.368944984E-2,3.009683693E-1,4.624778672E1,2.922065434E1,-5.557054302E-1,3.609767112E1
4.672392042E0,9.188591441E-1,2.420392305E-1,7.594293646E-2,3.022374741E-1,4.648027527E1,2.938769838E1,-3.864588451E-1,3.631350690E1
4.682438042E0,9.177785410E-1,2.434788404E-1,7.877954581E-2,3.036352743E-1,4.679309907E1,2.965408568E1,-1.863935706E-1,3.656293026E1
4.692484042E0,9.164522640E-1,2.455189849E-1,8.195564275E-2,3.051538253E-1,4.717436607E1,3.000205468E1,2.147181253E-2,3.683847834E1
4.702530042E0,9.149932455E-1,2.480282555E-1,8.509643117E-2,3.066398178E-1,4.759046433E1,3.040304281E1,2.071041420E-1,3.711115796E1
4.712576042E0,9.135082645E-1,2.508290769E-1,8.778144357E-2,3.080288726E-1,4.801047750E1,3.082089539E1,3.353514075E-1,3.735995919E1
4.722622042E0,9.121010655E-1,2.537237119E-1,8.968063324E-2,3.092786109E-1,4.840532522E1,3.122012448E1,3.811897943E-1,3.756842190E1
4.732668042E0,9.108368497E-1,2.565168784E-1,9.066285501E-2,3.104118343E-1,4.875748935E1,3.157302381E1,3.384131278E-1,3.773373983E1
4.742714042E0,9.097265121E-1,2.590259909E-1,9.079420040E-2,3.115438354E-1,4.906483031E1,3.186112477E1,2.177176732E-1,3.787057894E1
4.752760042E0,9.087854151E-1,2.611030930E-1,9.026548926E-2,3.127082264E-1,4.932391831E1,3.207487403E1,4.387424676E-2,3.798874882E1
4.762806042E0,9.079664808E-1,2.626859179E-1,8.939680056E-2,3.140082249E-1,4.954834063E1,3.221951962E1,-1.508302124E-1,3.811097410E1
4.772852042E0,9.072352119E-1,2.637575437E-1,8.849702857E-2,3.154748720E-1,4.974793708E1,3.230503116E1,-3.347532835E-1,3.825145733E1
4.782898042E0,9.065491244E-1,2.643431531E-1,8.775492793E-2,3.171601770E-1,4.993452205E1,3.234150256E1,-4.910271886E-1,3.842284425E1
4.792944042E0,9.059434320E-1,2.644762686E-1,8.716852302E-2,3.189365402E-1,5.009870252E1,3.233268855E1,-6.166743672E-1,3.861037287E1
4.802990042E0,9.053854499E-1,2.642333974E-1,8.674269234E-2,3.208327690E-1,5.024950638E1,3.228747273E1,-7.149737452E-1,3.881766568E1
4.813036042E0,9.048597944E-1,2.637524070E-1,8.646103549E-2,3.227815550E-1,5.039118732E1,3.222088665E1,-7.906263231E-1,3.903630329E1
4.823082042E0,9.044327625E-1,2.631780614E-1,8.625775070E-2,3.244971003E-1,5.050601252E1,3.214694974E1,-8.464249019E-1,3.923058699E1
4.833128042E0,9.040650524E-1,2.625977520E-1,8.613812741E-2,3.260201399E-1,5.060469152E1,3.207575129E1,-8.867088029E-1,3.940531478E1
4.843174042E0,9.037503840E-1,2.620716223E-1,8.607862659E-2,3.273289682E-1,5.068899367E1,3.201318461E1,-9.156303287E-1,3.955704854E1
4.853220042E0,9.034504459E-1,2.616255611E-1,8.603679585E-2,3.285225880E-1,5.076922774E1,3.196040292E1,-9.419764391E-1,3.969591169E1
4.863266042E0,9.031178652E-1,2.612300446E-1,8.607910074E-2,3.297384824E-1,5.085805562E1,3.191663474E1,-9.623880037E-1,3.984020708E1
4.873312042E0,9.027495228E-1,2.608478938E-1,8.628037829E-2,3.309946060E-1,5.095626624E1,3.188072638E1,-9.683075855E-1,3.999451923E1
4.883358042E0,9.023495702E-1,2.604622449E-1,8.661302756E-2,3.322994514E-1,5.106270538E1,3.184973340E1,-9.621826412E-1,4.015895081E1
4.893404042E0,9.019529052E-1,2.600930174E-1,8.697378351E-2,3.335689777E-1,5.116806559E1,3.182183762E1,-9.526097384E-1,4.032022659E1
4.903450042E0,9.015530580E-1,2.597664479E-1,8.725708936E-2,3.348279462E-1,5.127406662E1,3.179566337E1,-9.523192387E-1,4.047776455E1
4.913496042E0,9.011763284E-1,2.595235240E-1,8.734581901E-2,3.360052130E-1,5.137375250E1,3.177103462E1,-9.726164964E-1,4.061932511E1
4.923542042E0,9.008287855E-1,2.593823689E-1,8.720275680E-2,3.370816436E-1,5.146555572E1,3.174839208E1,-1.017429613E0,4.074141966E1
4.933588042E0,9.005148126E-1,2.593388154E-1,8.684220632E-2,3.380457738E-1,5.154836045E1,3.172780057E1,-1.084753822E0,4.084316811E1
4.943634042E0,9.002203115E-1,2.593646514E-1,8.630938586E-2,3.389456722E-1,5.162591736E1,3.170788188E1,-1.170412313E0,4.093174037E1
4.953680042E0,8.999677465E-1,2.594178144E-1,8.561843569E-2,3.397496866E-1,5.169234404E1,3.168454061E1,-1.270155569E0,4.100391835E1
4.963726042E0,8.997969885E-1,2.594548983E-1,8.476758038E-2,3.403863358E-1,5.173720980E1,3.165297198E1,-1.379963445E0,4.105129410E1
4.973772042E0,8.996909049E-1,2.593814891E-1,8.383955946E-2,3.409523258E-1,5.176506447E1,3.160594475E1,-1.490664336E0,4.108809719E1
4.983818042E0,8.996880811E-1,2.591404987E-1,8.286345425E-2,3.413814229E-1,5.176580575E1,3.153840079E1,-1.594688984E0,4.110756816E1
4.993864042E0,8.997984004E-1,2.587027615E-1,8.186223479E-2,3.416639964E-1,5.173683897E1,3.144809056E1,-1.688167766E0,4.110939382E1
5.003910042E0,9.000025387E-1,2.580949302E-1,8.087855896E-2,3.418202980E-1,5.168319812E1,3.133975165E1,-1.768563525E0,4.109732695E1
5.013956042E0,9.002678742E-1,2.574259016E-1,7.999628844E-2,3.418336375E-1,5.161339906E1,3.122902124E1,-1.831340973E0,4.107189308E1
5.024002042E0,9.005694981E-1,2.568285333E-1,7.922009101E-2,3.416692437E-1,5.153394703E1,3.113099378E1,-1.880465712E0,4.102887364E1
5.034048042E0,9.008602481E-1,2.564062113E-1,7.854263310E-2,3.413762178E-1,5.145725117E1,3.105682369E1,-1.922639558E0,4.097360710E1
5.044094042E0,9.011953788E-1,2.561730655E-1,7.791037769E-2,3.408112182E-1,5.136871594E1,3.100618247E1,-1.959230785E0,4.088741083E1
5.054140042E0,9.015508664E-1,2.561043661E-1,7.731222962E-2,3.400578643E-1,5.127464707E1,3.097572427E1,-1.993079952E0,4.077982938E1
5.064186042E0,9.019601966E-1,2.562139163E-1,7.667628636E-2,3.390325158E-1,5.116613071E1,3.096428776E1,-2.029369863E0,4.063872208E1
5.074232042E0,9.024391534E-1,2.564657964E-1,7.592873824E-2,3.377330442E-1,5.103888267E1,3.096497055E1,-2.074091257E0,4.046161341E1
5.084279042E0,9.029978520E-1,2.567981770E-1,7.502863961E-2,3.361850747E-1,5.089007399E1,3.096930932E1,-2.129717742E0,4.025041659E1
5.094324042E0,9.036680290E-1,2.571289139E-1,7.392360192E-2,3.343711165E-1,5.071103560E1,3.096622299E1,-2.197727331E0,4.000164504E1
5.104371042E0,9.044312031E-1,2.573496158E-1,7.265894359E-2,3.324094547E-1,5.050643139E1,3.094531118E1,-2.272996019E0,3.973095311E1
5.114417042E0,9.052744983E-1,2.573434519E-1,7.131554440E-2,3.304036651E-1,5.027944245E1,3.089652048E1,-2.346009623E0,3.945335307E1
5.124463042E0,9.062236664E-1,2.570622165E-1,6.991651137E-2,3.283128231E-1,5.002280416E1,3.081544014E1,-2.411354327E0,3.916492102E1
5.134509042E0,9.072520074E-1,2.565274151E-1,6.861912601E-2,3.261577283E-1,4.974336123E1,3.071046176E1,-2.454563863E0,3.887296002E1
5.144555042E0,9.083630826E-1,2.557669595E-1,6.762909654E-2,3.238609780E-1,4.943977433E1,3.059256998E1,-2.453142069E0,3.857457526E1
5.154601042E0,9.095417192E-1,2.547919660E-1,6.694698141E-2,3.214546879E-1,4.911580570E1,3.046265064E1,-2.408621721E0,3.827344435E1
5.164647042E0,9.108057664E-1,2.535400360E-1,6.627926996E-2,3.189945132E-1,4.876611793E1,3.030225351E1,-2.350971373E0,3.796723810E1
5.174693708E0,9.120882950E-1,2.518806513E-1,6.545761715E-2,3.168065017E-1,4.840889465E1,3.008966180E1,-2.303257636E0,3.768934919E1
5.184739708E0,9.136772523E-1,2.497781979E-1,6.429154029E-2,3.141197876E-1,4.796285544E1,2.981562664E1,-2.260166269E0,3.734387520E1
5.194785708E0,9.154284538E-1,2.471577387E-1,6.307636235E-2,3.113283175E-1,4.746670676E1,2.948189729E1,-2.201307485E0,3.698609433E1
5.204831708E0,9.172368487E-1,2.440841271E-1,6.221796803E-2,3.085909219E-1,4.694917310E1,2.911014016E1,-2.092165693E0,3.664624472E1
5.214877708E0,9.189854582E-1,2.407044345E-1,6.193596346E-2,3.060898225E-1,4.644357873E1,2.872418640E1,-1.920791439E0,3.635124552E1
5.224923708E0,9.205724556E-1,2.372708625E-1,6.214397396E-2,3.039525558E-1,4.598016995E1,2.834885942E1,-1.708934339E0,3.611250816E1
5.234969708E0,9.219315861E-1,2.341601300E-1,6.262579674E-2,3.021411896E-1,4.557975909E1,2.801884967E1,-1.491316271E0,3.591855358E1
5.245015708E0,9.230056775E-1,2.318354679E-1,6.322397642E-2,3.005253427E-1,4.526095195E1,2.778086004E1,-1.296868265E0,3.574917489E1
5.255061708E0,9.237628667E-1,2.307164902E-1,6.384627464E-2,2.989244579E-1,4.503492182E1,2.767901693E1,-1.144614798E0,3.558059075E1
5.265107708E0,9.242147020E-1,2.309773001E-1,6.432809214E-2,2.972182481E-1,4.489952978E1,2.772723908E1,-1.054038232E0,3.539440708E1
5.275153708E0,9.243950905E-1,2.325217977E-1,6.453726168E-2,2.954017189E-1,4.484536827E1,2.791033311E1,-1.034750518E0,3.518668598E1
5.285199708E0,9.243775153E-1,2.350669511E-1,6.437416392E-2,2.934717726E-1,4.485064795E1,2.819345745E1,-1.086334064E0,3.495443880E1
5.295245708E0,9.242369766E-1,2.382727194E-1,6.382813569E-2,2.914411585E-1,4.489284520E1,2.853852594E1,-1.197586665E0,3.469883167E1
5.305291708E0,9.240724142E-1,2.417477692E-1,6.291609896E-2,2.892917746E-1,4.494220790E1,2.890256973E1,-1.351917338E0,3.441827064E1
5.315337708E0,9.239495983E-1,2.451516014E-1,6.169085846E-2,2.870751875E-1,4.497901471E1,2.924927416E1,-1.533154230E0,3.412041702E1
5.325383708E0,9.238992328E-1,2.482085018E-1,6.022921629E-2,2.849125063E-1,4.499410053E1,2.955004106E1,-1.727383307E0,3.382186187E1
5.335429708E0,9.239750761E-1,2.507694707E-1,5.864057513E-2,2.827470223E-1,4.497138160E1,2.979170489E1,-1.916544974E0,3.351957578E1
5.345475708E0,9.241634936E-1,2.528256047E-1,5.710666166E-2,2.806063628E-1,4.491489378E1,2.997905396E1,-2.082424510E0,3.322239157E1
5.355521708E0,9.244377220E-1,2.544848524E-1,5.572857561E-2,2.784718567E-1,4.483255912E1,3.012740300E1,-2.217817022E0,3.293117153E1
5.365567708E0,9.247874144E-1,2.559355364E-1,5.457001143E-2,2.762019539E-1,4.472735858E1,3.026028308E1,-2.318159078E0,3.263125534E1
5.375613708E0,9.251594657E-1,2.573576027E-1,5.371087953E-2,2.737924396E-1,4.461517329E1,3.040053085E1,-2.380916551E0,3.232429621E1
5.385659708E0,9.255371858E-1,2.588607595E-1,5.313956847E-2,2.711977110E-1,4.450100419E1,3.056015223E1,-2.409401571E0,3.200458791E1
5.395705708E0,9.259319753E-1,2.604469456E-1,5.279165677E-2,2.683850411E-1,4.438137778E1,3.073719943E1,-2.409261917E0,3.166659243E1
5.405751708E0,9.263655189E-1,2.620398225E-1,5.268203282E-2,2.653426919E-1,4.424965467E1,3.092319939E1,-2.375881180E0,3.130977872E1
5.415797708E0,9.268465619E-1,2.635079237E-1,5.286421257E-2,2.621535453E-1,4.410306258E1,3.110424481E1,-2.301906790E0,3.094583045E1
5.425843708E0,9.273960725E-1,2.647116693E-1,5.337451607E-2,2.588735932E-1,4.393503728E1,3.126489971E1,-2.180922593E0,3.058279687E1
5.435889708E0,9.280031768E-1,2.655504443E-1,5.426776584E-2,2.556329010E-1,4.374868835E1,3.139455773E1,-2.008372937E0,3.023761804E1
5.445935708E0,9.286677062E-1,2.659826918E-1,5.555028391E-2,2.524751326E-1,4.354384379E1,3.148816206E1,-1.784050349E0,2.991558856E1
5.455981708E0,9.293592306E-1,2.660096026E-1,5.723114237E-2,2.495092800E-1,4.332969985E1,3.154568530E1,-1.510901398E0,2.962936680E1
5.466027708E0,9.300513661E-1,2.657422335E-1,5.925548712E-2,2.467269979E-1,4.311435312E1,3.157822778E1,-1.198157744E0,2.937596159E1
5.476073708E0,9.307157480E-1,2.653397522E-1,6.150212488E-2,2.440909022E-1,4.290667350E1,3.160063618E1,-8.624513163E-1,2.914697505E1
5.486119708E0,9.313052770E-1,2.649840012E-1,6.388551862E-2,2.416040063E-1,4.272158688E1,3.163145844E1,-5.184508776E-1,2.893985689E1
5.496165708E0,9.317965618E-1,2.647852472E-1,6.627786858E-2,2.392720001E-1,4.256675881E1,3.167979145E1,-1.831411866E-1,2.875118625E1
5.506211708E0,9.322064610E-1,2.647911266E-1,6.850794262E-2,2.370304832E-1,4.243716723E1,3.174624627E1,1.260483007E-1,2.856819687E1
5.516257708E0,9.325747190E-1,2.649682488E-1,7.042029265E-2,2.348130743E-1,4.232041793E1,3.182247766E1,3.958225105E-1,2.837830521E1
5.526303708E0,9.329411859E-1,2.651981177E-1,7.190948833E-2,2.326364846E-1,4.220393065E1,3.189179554E1,6.179544681E-1,2.817981800E1
5.536349708E0,9.333415599E-1,2.653495302E-1,7.297523461E-2,2.305163506E-1,4.207631368E1,3.193916068E1,7.956822061E-1,2.797421110E1
5.546395708E0,9.338107386E-1,2.652836020E-1,7.366453578E-2,2.284638834E-1,4.192629376E1,3.195003751E1,9.375168290E-1,2.776397712E1
5.556441708E0,9.343746002E-1,2.648609534E-1,7.407051530E-2,2.265089229E-1,4.174531791E1,3.191116564E1,1.056162990E0,2.755525004E1
5.566487708E0,9.350273706E-1,2.640223260E-1,7.426863710E-2,2.247224865E-1,4.153486537E1,3.181806179E1,1.158766369E0,2.735836322E1
5.576533708E0,9.357646876E-1,2.627836828E-1,7.430356630E-2,2.230877789E-1,4.129592251E1,3.167394938E1,1.249929265E0,2.717279241E1
5.586579708E0,9.365562054E-1,2.612383159E-1,7.423917645E-2,2.215976349E-1,4.103793435E1,3.149154542E1,1.333893867E0,2.699987412E1
5.596625708E0,9.373651720E-1,2.595079454E-1,7.412606485E-2,2.202440467E-1,4.077264533E1,3.128644502E1,1.412840689E0,2.684048131E1
5.606671708E0,9.381505364E-1,2.577112569E-1,7.402081363E-2,2.190421029E-1,4.051350566E1,3.107405619E1,1.489061518E0,2.669831007E1
5.616717708E0,9.388653048E-1,2.559157168E-1,7.404003259E-2,2.180762236E-1,4.027627195E1,3.086561799E1,1.570614962E0,2.658676660E1
5.626763708E0,9.394815760E-1,2.542322347E-1,7.420919951E-2,2.173322474E-1,4.007064931E1,3.067466440E1,1.657834059E0,2.650518699E1
5.636809708E0,9.399766329E-1,2.527969765E-1,7.448343851E-2,2.167711885E-1,3.990473484E1,3.051562658E1,1.743618189E0,2.644792899E1
5.646855708E0,9.403427204E-1,2.517564762E-1,7.480027745E-2,2.162846453E-1,3.978161662E1,3.040350849E1,1.820803789E0,2.640099962E1
5.656901708E0,9.405744016E-1,2.512503136E-1,7.511412395E-2,2.157565875E-1,3.970351108E1,3.035294488E1,1.884398187E0,2.635011651E1
5.666947708E0,9.406695692E-1,2.513026073E-1,7.540511633E-2,2.151788385E-1,3.967138495E1,3.036613949E1,1.931955216E0,2.629386341E1
5.676993708E0,9.406507717E-1,2.518137169E-1,7.566173269E-2,2.145720924E-1,3.967773248E1,3.043130804E1,1.964377695E0,2.623410803E1
5.687039708E0,9.405821988E-1,2.525984227E-1,7.589459929E-2,2.138674393E-1,3.970087989E1,3.052726084E1,1.989999595E0,2.616307055E1
5.697085708E0,9.405145531E-1,2.534364496E-1,7.618612904E-2,2.130682929E-1,3.972370163E1,3.063084693E1,2.023522166E0,2.608337111E1
5.707131708E0,9.404963035E-1,2.541419035E-1,7.654248065E-2,2.121789522E-1,3.972985637E1,3.072072817E1,2.070473460E0,2.599536819E1
5.717177708E0,9.405443088E-1,2.546069729E-1,7.692443646E-2,2.112686224E-1,3.971366446E1,3.078343095E1,2.127351233E0,2.590543391E1
5.727223708E0,9.406650595E-1,2.548610868E-1,7.728950193E-2,2.102890032E-1,3.967290788E1,3.082105080E1,2.190269247E0,2.580675580E1
5.737269708E0,9.408421606E-1,2.549918790E-1,7.761218874E-2,2.092164502E-1,3.961305876E1,3.084295491E1,2.254864239E0,2.569598898E1
5.747315708E0,9.410490173E-1,2.550624434E-1,7.789698553E-2,2.080913823E-1,3.954304400E1,3.085664508E1,2.318657941E0,2.557797508E1
5.757361708E0,9.413281559E-1,2.550172093E-1,7.796192329E-2,2.068561003E-1,3.944837493E1,3.085054946E1,2.365370422E0,2.544016131E1
5.767407708E0,9.417525325E-1,2.546305962E-1,7.763758221E-2,2.055183172E-1,3.930402936E1,3.079396653E1,2.382373209E0,2.527742874E1
5.777453708E0,9.423914787E-1,2.536653596E-1,7.690442725E-2,2.040537985E-1,3.908573544E1,3.065897703E1,2.374179582E0,2.508593053E1
5.787499708E0,9.432804822E-1,2.519802601E-1,7.582317619E-2,2.024321142E-1,3.878004641E1,3.043102103E1,2.351348277E0,2.486403876E1
5.797545708E0,9.443520237E-1,2.496544074E-1,7.462803908E-2,2.007548382E-1,3.840848251E1,3.012600034E1,2.333248792E0,2.463111173E1
5.807591708E0,9.455071845E-1,2.469720397E-1,7.356496385E-2,1.990205797E-1,3.800400917E1,2.978345184E1,2.338739285E0,2.439543029E1
5.817637708E0,9.465890941E-1,2.443224148E-1,7.284817240E-2,1.974052596E-1,3.762138804E1,2.945433739E1,2.375792017E0,2.418425421E1
5.827683708E0,9.474374680E-1,2.422186127E-1,7.261124389E-2,1.960104939E-1,3.731871385E1,2.920151335E1,2.443514477E0,2.401407145E1
5.837729708E0,9.479164248E-1,2.411535988E-1,7.305199983E-2,1.948402445E-1,3.714678646E1,2.908692021E1,2.551739161E0,2.389235860E1
5.847775708E0,9.479361495E-1,2.414275533E-1,7.421023737E-2,1.939654445E-1,3.713968957E1,2.914643191E1,2.695954860E0,2.382933337E1
5.857821708E0,9.475397163E-1,2.430347759E-1,7.577918015E-2,1.932878075E-1,3.728207479E1,2.937145450E1,2.846263933E0,2.380515568E1
5.867867708E0,9.468305112E-1,2.457091041E-1,7.738568631E-2,1.927448296E-1,3.753549722E1,2.972168248E1,2.970623708E0,2.380119618E1
5.877913708E0,9.459176948E-1,2.491800867E-1,7.881073447E-2,1.921925373E-1,3.785926938E1,3.015996748E1,3.056221150E0,2.379381928E1
5.887959708E0,9.448362488E-1,2.530127367E-1,8.001747777E-2,1.920058690E-1,3.823943506E1,3.063610211E1,3.098172648E0,2.382280552E1
5.898005708E0,9.439034969E-1,2.568357193E-1,8.063378060E-2,1.912588161E-1,3.856443109E1,3.109462444E1,3.094147900E0,2.377002639E1
5.908051708E0,9.431272784E-1,2.602250635E-1,8.077623695E-2,1.904444125E-1,3.883289139E1,3.149059032E1,3.052313530E0,2.369305073E1
5.918097708E0,9.425641965E-1,2.629106923E-1,8.053390311E-2,1.896441281E-1,3.902652556E1,3.179499110E1,2.986336545E0,2.360279426E1
5.928143708E0,9.422193931E-1,2.647837509E-1,8.003843529E-2,1.889605484E-1,3.914464300E1,3.199870441E1,2.909593682E0,2.351472132E1
5.938189708E0,9.420688867E-1,2.658754597E-1,7.941912950E-2,1.884383911E-1,3.919609393E1,3.210869176E1,2.833531289E0,2.343830708E1
5.948235708E0,9.420609210E-1,2.663573562E-1,7.880474435E-2,1.880553184E-1,3.919881524E1,3.214813018E1,2.768343121E0,2.337594903E1
5.958281708E0,9.421187043E-1,2.664618488E-1,7.828167035E-2,1.878361126E-1,3.917907088E1,3.214634873E1,2.716776913E0,2.333404547E1
5.968327708E0,9.422168222E-1,2.664136960E-1,7.779767702E-2,1.876132401E-1,3.914552243E1,3.212778988E1,2.673192543E0,2.329265360E1
5.978373708E0,9.423213463E-1,2.663481998E-1,7.731022764E-2,1.873825283E-1,3.910975313E1,3.210714134E1,2.629891929E0,2.325024311E1
5.988419708E0,9.424418020E-1,2.663401603E-1,7.679008285E-2,1.870015207E-1,3.906849286E1,3.209206150E1,2.586541760E0,2.319002311E1
5.998465708E0,9.425751125E-1,2.663866693E-1,7.627152910E-2,1.864749802E-1,3.902278051E1,3.208311900E1,2.546741678E0,2.311366707E1
6.008511708E0,9.427385580E-1,2.664141386E-1,7.580813503E-2,1.857972588E-1,3.896666450E1,3.207307437E1,2.518184959E0,2.302214395E1
6.018557708E0,9.429489551E-1,2.663252719E-1,7.542438798E-2,1.850118945E-1,3.889431397E1,3.205127238E1,2.504394312E0,2.292092601E1
6.028603708E0,9.432060930E-1,2.660777751E-1,7.515640778E-2,1.841639420E-1,3.880571430E1,3.201374294E1,2.508758131E0,2.281616582E1
6.038649708E0,9.435055885E-1,2.656681183E-1,7.500917830E-2,1.832790268E-1,3.870227405E1,3.196021832E1,2.531025891E0,2.271088564E1
6.048695708E0,9.438215634E-1,2.651656330E-1,7.495018325E-2,1.824019087E-1,3.859285310E1,3.189805087E1,2.564599662E0,2.260917731E1
6.058741708E0,9.441356839E-1,2.646678155E-1,7.491102883E-2,1.815131581E-1,3.848377774E1,3.183686743E1,2.600457728E0,2.250681848E1
6.068787708E0,9.444246005E-1,2.642792005E-1,7.481484972E-2,1.806137865E-1,3.838319091E1,3.178698356E1,2.627877436E0,2.240164963E1
6.078833708E0,9.446792939E-1,2.640805097E-1,7.459390540E-2,1.796617314E-1,3.829430812E1,3.175609052E1,2.639077851E0,2.228693981E1
6.088879708E0,9.449247572E-1,2.641004978E-1,7.416241650E-2,1.785161800E-1,3.820845816E1,3.174516959E1,2.628700374E0,2.214414526E1
6.098925708E0,9.451710634E-1,2.643501547E-1,7.348298823E-2,1.771185905E-1,3.812212633E1,3.175459192E1,2.594399114E0,2.196552329E1
6.108971708E0,9.454237759E-1,2.647937081E-1,7.255181683E-2,1.754832928E-1,3.803335295E1,3.178030964E1,2.536205456E0,2.175248372E1
6.119017708E0,9.457106695E-1,2.653396573E-1,7.136506695E-2,1.735892556E-1,3.793232990E1,3.181173940E1,2.456517436E0,2.150233984E1
6.129063708E0,9.460602776E-1,2.658363896E-1,6.996196675E-2,1.714826297E-1,3.780887194E1,3.183244223E1,2.361474029E0,2.122123480E1
6.139109708E0,9.465123025E-1,2.661353582E-1,6.839258670E-2,1.691415830E-1,3.764866916E1,3.182638672E1,2.260316769E0,2.090810898E1
6.149155708E0,9.470950670E-1,2.661186365E-1,6.666868576E-2,1.665743763E-1,3.744115610E1,3.178025152E1,2.156324297E0,2.056414650E1
6.159201708E0,9.477287027E-1,2.657306537E-1,6.494829356E-2,1.642537708E-1,3.721426288E1,3.169208618E1,2.052326778E0,2.024746361E1
6.169247917E0,9.485578155E-1,2.650927927E-1,6.306857572E-2,1.612025075E-1,3.691534176E1,3.157076454E1,1.958816331E0,1.984374668E1
6.179293917E0,9.493802691E-1,2.642196259E-1,6.141036065E-2,1.584099417E-1,3.661649526E1,3.142808768E1,1.885000951E0,1.947616047E1
6.189339917E0,9.502484942E-1,2.632230110E-1,5.988086205E-2,1.554211400E-1,3.629843993E1,3.127415422E1,1.832778083E0,1.909095798E1
6.199385917E0,9.511231678E-1,2.622077250E-1,5.852648361E-2,1.522712953E-1,3.597527569E1,3.112210391E1,1.803875687E0,1.869368188E1
6.209431917E0,9.519610471E-1,2.613153814E-1,5.736728723E-2,1.489743159E-1,3.566305126E1,3.098876232E1,1.797335934E0,1.828668268E1
6.219477917E0,9.527351583E-1,2.606457312E-1,5.636625743E-2,1.455421716E-1,3.537222022E1,3.088491464E1,1.807084111E0,1.787023022E1
6.229523917E0,9.534330679E-1,2.602579170E-1,5.544992172E-2,1.419735558E-1,3.510801928E1,3.081592108E1,1.824382100E0,1.744193145E1
6.239569917E0,9.541469091E-1,2.601681863E-1,5.434544249E-2,1.377050494E-1,3.483578022E1,3.077763789E1,1.836880784E0,1.693036584E1
6.249615917E0,9.548129558E-1,2.603010964E-1,5.309212165E-2,1.332550587E-1,3.457989625E1,3.076309316E1,1.834535576E0,1.639464859E1
6.259661917E0,9.554569596E-1,2.605944280E-1,5.162348310E-2,1.285601527E-1,3.433072299E1,3.076400324E1,1.813365410E0,1.582556403E1
6.269707917E0,9.560992776E-1,2.609463647E-1,4.994261410E-2,1.236403511E-1,3.408044243E1,3.076890013E1,1.774917177E0,1.522531856E1
6.279753917E0,9.567515000E-1,2.612666280E-1,4.810445306E-2,1.185423104E-1,3.382446423E1,3.076854253E1,1.725191128E0,1.460071927E1
6.289799917E0,9.574182210E-1,2.614783317E-1,4.620131212E-2,1.133353623E-1,3.356083722E1,3.075571166E1,1.673187086E0,1.396226702E1
6.299845917E0,9.580846049E-1,2.615608447E-1,4.442411649E-2,1.081028732E-1,3.329531826E1,3.073101112E1,1.637344697E0,1.332513982E1
6.309891917E0,9.587317276E-1,2.615429217E-1,4.296211608E-2,1.028741352E-1,3.303548971E1,3.070025370E1,1.636950181E0,1.269845963E1
6.319937917E0,9.593525085E-1,2.614506306E-1,4.185482353E-2,9.764493355E-2,3.278435691E1,3.066640527E1,1.676048960E0,1.208293437E1
6.329983917E0,9.599823089E-1,2.612289488E-1,4.086410918E-2,9.232284025E-2,3.252764883E1,3.061910449E1,1.731905291E0,1.146078114E1
6.340029917E0,9.606920618E-1,2.606890371E-1,3.964428455E-2,8.683540487E-2,3.223596862E1,3.053145919E1,1.770596641E0,1.081295431E1
6.350075917E0,9.615457462E-1,2.596189075E-1,3.796844156E-2,8.115573771E-2,3.188169793E1,3.037615352E1,1.769440792E0,1.012919864E1
6.360121917E0,9.625538567E-1,2.579296619E-1,3.591985184E-2,7.531363660E-2,3.145833954E1,3.014456082E1,1.736232844E0,9.415424984E0
6.370167917E0,9.636560389E-1,2.557341166E-1,3.381357362E-2,6.945324375E-2,3.098902698E1,2.985423710E1,1.698849962E0,8.697582474E0
6.380213917E0,9.647812333E-1,2.532188348E-1,3.190638658E-2,6.371431812E-2,3.050265326E1,2.952998098E1,1.678894010E0,7.999189393E0
6.390259917E0,9.658665147E-1,2.506095024E-1,3.022691896E-2,5.816458970E-2,3.002624886E1,2.919841243E1,1.675403475E0,7.328807226E0
6.400305917E0,9.668443637E-1,2.481812012E-1,2.872909372E-2,5.284603674E-2,2.959058922E1,2.889129576E1,1.680287110E0,6.690030365E0
6.410351917E0,9.676319619E-1,2.462864264E-1,2.744275083E-2,4.773029441E-2,2.923507868E1,2.865007482E1,1.696106434E0,6.081020351E0
6.420397917E0,9.681579124E-1,2.452504252E-1,2.630698810E-2,4.278330807E-2,2.899529843E1,2.851230378E1,1.716459470E0,5.496708951E0
6.430443917E0,9.684053144E-1,2.451862040E-1,2.521252927E-2,3.793819066E-2,2.888183458E1,2.849031846E1,1.732203711E0,4.926737467E0
6.440489917E0,9.684182113E-1,2.459584185E-1,2.399754099E-2,3.308953291E-2,2.887590781E1,2.856709089E1,1.730711065E0,4.354570373E0
6.450535917E0,9.682768929E-1,2.472522952E-1,2.255201999E-2,2.824184454E-2,2.894078574E1,2.870520481E1,1.702363567E0,3.776979931E0
6.460581917E0,9.680840290E-1,2.486730127E-1,2.082588528E-2,2.326978083E-2,2.902909878E1,2.885806253E1,1.647439450E0,3.177808578E0
6.470627917E0,9.679252196E-1,2.498726490E-1,1.890739234E-2,1.808327394E-2,2.910162121E1,2.898522226E1,1.579549792E0,2.548915362E0
6.480673917E0,9.678528957E-1,2.506214510E-1,1.694703705E-2,1.274562846E-2,2.913459039E1,2.906036982E1,1.513691187E0,1.901305240E0
6.490719917E0,9.678875404E-1,2.508265060E-1,1.507119673E-2,7.251871048E-3,2.911880202E1,2.907281539E1,1.463294123E0,1.238003060E0
6.500765917E0,9.680130537E-1,2.505362195E-1,1.339073866E-2,1.701552568E-3,2.906153249E1,2.902837986E1,1.436682853E0,5.733756602E-1
6.510811917E0,9.681905341E-1,2.499000234E-1,1.193090880E-2,-3.826470229E-3,2.898036232E1,2.894447598E1,1.433418111E0,-8.290063383E-2
6.520857917E0,9.683665393E-1,2.491313913E-1,1.065817935E-2,-9.285414342E-3,2.889964648E1,2.884600399E1,1.447939674E0,-7.263490427E-1
6.530903917E0,9.684940335E-1,2.484244833E-1,9.522785393E-3,-1.462672660E-2,2.884103969E1,2.875568390E1,1.473397057E0,-1.352776725E0
6.540949917E0,9.685539663E-1,2.478943497E-1,8.550847456E-3,-1.945692403E-2,2.881344933E1,2.868737938E1,1.501919448E0,-1.917603353E0
6.550995917E0,9.685261916E-1,2.476116076E-1,7.506596064E-3,-2.427359232E-2,2.882623879E1,2.864892426E1,1.522041783E0,-2.482661662E0
6.561041917E0,9.683909845E-1,2.476463050E-1,6.361834975E-3,-2.915048845E-2,2.888841849E1,2.864868262E1,1.533389955E0,-3.056819963E0
6.571087917E0,9.681450576E-1,2.479996852E-1,5.163684366E-3,-3.412714618E-2,2.900118203E1,2.868676888E1,1.542900197E0,-3.643137594E0
6.581133917E0,9.678061969E-1,2.485938926E-1,4.019966411E-3,-3.919328166E-2,2.915585881E1,2.875368613E1,1.562507349E0,-4.237550350E0
6.591179917E0,9.674014186E-1,2.493259622E-1,3.087593828E-3,-4.428891994E-2,2.933957870E1,2.883657596E1,1.607852698E0,-4.829094033E0
6.601225917E0,9.669625013E-1,2.500862492E-1,2.480700283E-3,-4.933895533E-2,2.953753035E1,2.892166487E1,1.689065061E0,-5.406312551E0
6.611271917E0,9.665172199E-1,2.507856446E-1,2.244498807E-3,-5.427759660E-2,2.973703551E1,2.899774259E1,1.808714340E0,-5.960708338E0
6.621317917E0,9.660857626E-1,2.513622240E-1,2.361192894E-3,-5.907504592E-2,2.992910671E1,2.905710449E1,1.963377715E0,-6.489575765E0
6.631363917E0,9.656733135E-1,2.518033119E-1,2.778720649E-3,-6.373800465E-2,3.011159668E1,2.909811781E1,2.147120633E0,-6.995206362E0
6.641409917E0,9.652768381E-1,2.521177906E-1,3.397183504E-3,-6.830642800E-2,3.028600633E1,2.912207969E1,2.349841603E0,-7.484951249E0
6.651455917E0,9.648970950E-1,2.523011188E-1,4.043136641E-3,-7.281133605E-2,3.045214068E1,2.912939573E1,2.552981191E0,-7.967322086E0
6.661501917E0,9.645393947E-1,2.523237938E-1,4.554588648E-3,-7.730330502E-2,3.060782615E1,2.911764588E1,2.739615156E0,-8.452747491E0
6.671547917E0,9.642073197E-1,2.521763431E-1,4.831683103E-3,-8.178094406E-2,3.075166975E1,2.908667194E1,2.898335557E0,-8.944030762E0
6.681593917E0,9.639078663E-1,2.518409385E-1,4.826499041E-3,-8.622334833E-2,3.088082202E1,2.903513837E1,3.022822773E0,-9.440304562E0
6.691639917E0,9.636528358E-1,2.512809649E-1,4.574218542E-3,-9.061037165E-2,3.099040093E1,2.895889404E1,3.115746702E0,-9.938452039E0
6.701685917E0,9.634507416E-1,2.504787312E-1,4.186140898E-3,-9.489784411E-2,3.107696696E1,2.885535088E1,3.187636954E0,-1.043044923E1
6.711731917E0,9.633028062E-1,2.494366188E-1,3.761543009E-3,-9.907046640E-2,3.114018557E1,2.872414019E1,3.248727514E0,-1.091178398E1
6.721777917E0,9.632064585E-1,2.481770813E-1,3.389238823E-3,-1.031023182E-1,3.118129149E1,2.856721880E1,3.308052631E0,-1.137701483E1
6.731823917E0,9.631552922E-1,2.467413384E-1,3.102671863E-3,-1.069633067E-1,3.120309968E1,2.838919136E1,3.368712071E0,-1.182173875E1
6.741869917E0,9.631438283E-1,2.451685760E-1,2.925518122E-3,-1.106247720E-1,3.120798383E1,2.819446959E1,3.432857453E0,-1.224199383E1
6.751915917E0,9.631603920E-1,2.435214667E-1,2.815188210E-3,-1.140678745E-1,3.120092672E1,2.799091897E1,3.496002947E0,-1.263664172E1
6.761961917E0,9.631843735E-1,2.419115730E-1,2.726901099E-3,-1.172486550E-1,3.119070641E1,2.779230991E1,3.553506193E0,-1.300154678E1
6.772007917E0,9.631944466E-1,2.404549884E-1,2.627740101E-3,-1.201287599E-1,3.118641254E1,2.761282117E1,3.602448441E0,-1.333279164E1
6.782053917E0,9.631683156E-1,2.392572171E-1,2.477486586E-3,-1.227054497E-1,3.119755024E1,2.746536999E1,3.640088628E0,-1.363064422E1
6.792099917E0,9.630710407E-1,2.384627490E-1,2.245046716E-3,-1.249984911E-1,3.123897719E1,2.736726740E1,3.665949746E0,-1.389749509E1
6.802145917E0,9.628818435E-1,2.381452673E-1,1.901665805E-3,-1.270504947E-1,3.131939848E1,2.732740936E1,3.679491365E0,-1.413851999E1
6.812191917E0,9.626034214E-1,2.382734675E-1,1.387084395E-3,-1.289129640E-1,3.143738144E1,2.734277065E1,3.675380248E0,-1.436116052E1
6.822237917E0,9.622562999E-1,2.387273785E-1,7.246307664E-4,-1.306582650E-1,3.158387440E1,2.739881123E1,3.656690449E0,-1.457338242E1
6.832283917E0,9.618791699E-1,2.393235773E-1,-4.393808957E-6,-1.323361310E-1,3.174228478E1,2.747283714E1,3.631193199E0,-1.477933121E1
6.842329917E0,9.615104693E-1,2.398928232E-1,-7.157588548E-4,-1.339719345E-1,3.189641340E1,2.754379176E1,3.606365102E0,-1.498025248E1
6.852375917E0,9.611778885E-1,2.403283371E-1,-1.317752829E-3,-1.355638631E-1,3.203482306E1,2.759787837E1,3.590583027E0,-1.517387688E1
6.862421917E0,9.608884661E-1,2.406182021E-1,-1.741939786E-3,-1.370885253E-1,3.215479939E1,2.763274767E1,3.590461520E0,-1.535576017E1
6.872467917E0,9.606451524E-1,2.407724279E-1,-1.953379988E-3,-1.385129624E-1,3.225532576E1,2.764908999E1,3.608994606E0,-1.552120110E1
6.882513917E0,9.604392229E-1,2.408261862E-1,-1.907524217E-3,-1.398415153E-1,3.234016895E1,2.765028028E1,3.651690066E0,-1.566936522E1
6.892559917E0,9.602628383E-1,2.407929640E-1,-1.650417904E-3,-1.411073959E-1,3.241266771E1,2.763836833E1,3.714546784E0,-1.580518868E1
6.902605917E0,9.601333210E-1,2.405528850E-1,-1.431201608E-3,-1.423943500E-1,3.246580243E1,2.760259264E1,3.770402570E0,-1.594522675E1
6.912651917E0,9.600904577E-1,2.399028752E-1,-1.449830515E-3,-1.437739427E-1,3.248336858E1,2.752188890E1,3.795735116E0,-1.610366254E1
6.922697917E0,9.601817056E-1,2.386451079E-1,-1.773138990E-3,-1.452466801E-1,3.244596247E1,2.737423557E1,3.779664094E0,-1.628303856E1
6.932742917E0,9.604381692E-1,2.366918965E-1,-2.318519210E-3,-1.467310499E-1,3.234060250E1,2.714870096E1,3.727227059E0,-1.647216503E1
6.942788917E0,9.608357826E-1,2.342002275E-1,-2.795105236E-3,-1.481112749E-1,3.217659181E1,2.685988854E1,3.669674022E0,-1.664960344E1
6.952834917E0,9.612960261E-1,2.315574410E-1,-2.943177652E-3,-1.492725892E-1,3.198572470E1,2.654947545E1,3.639114099E0,-1.679426220E1
6.962880917E0,9.617081802E-1,2.292612280E-1,-2.745245514E-3,-1.501635314E-1,3.181385441E1,2.627530397E1,3.644928387E0,-1.689829553E1
6.972926917E0,9.619702914E-1,2.277575022E-1,-2.380285417E-3,-1.507777374E-1,3.170408061E1,2.609202930E1,3.675293656E0,-1.696405712E1
6.982972917E0,9.619986141E-1,2.274237834E-1,-2.014176817E-3,-1.511058085E-1,3.169219672E1,2.604620795E1,3.718518428E0,-1.699322303E1
6.993018917E0,9.617449322E-1,2.284470984E-1,-1.770241394E-3,-1.511801134E-1,3.179848468E1,2.616148573E1,3.765224469E0,-1.699169057E1
7.003064917E0,9.612165372E-1,2.307417309E-1,-1.727620394E-3,-1.510564967E-1,3.201876863E1,2.642905961E1,3.806600114E0,-1.696797355E1
7.013110917E0,9.604803160E-1,2.339729928E-1,-1.966266387E-3,-1.507658520E-1,3.232325582E1,2.681122916E1,3.828668681E0,-1.692892825E1
7.023156917E0,9.596131025E-1,2.377383711E-1,-2.546818152E-3,-1.503887220E-1,3.267837613E1,2.726181917E1,3.819783211E0,-1.688706847E1
7.033202917E0,9.586924889E-1,2.416527281E-1,-3.526637549E-3,-1.500012661E-1,3.305130113E1,2.773649481E1,3.769027578E0,-1.685446670E1
7.043248917E0,9.578133899E-1,2.453240874E-1,-4.853093702E-3,-1.496199214E-1,3.340363061E1,2.818847601E1,3.675984405E0,-1.683358531E1
7.053294917E0,9.570716475E-1,2.483917984E-1,-6.479108581E-3,-1.492426649E-1,3.369812521E1,2.857468379E1,3.539656228E0,-1.682459602E1
7.063340917E0,9.565373098E-1,2.506267088E-1,-8.264522841E-3,-1.488433657E-1,3.390873446E1,2.886601717E1,3.370798281E0,-1.682154478E1
7.073386917E0,9.562358755E-1,2.519655667E-1,-9.998865657E-3,-1.484125406E-1,3.402698647E1,2.905165408E1,3.191142434E0,-1.681737908E1
7.083432917E0,9.561421409E-1,2.525389535E-1,-1.157165960E-2,-1.479267560E-1,3.406367714E1,2.914514129E1,3.014359607E0,-1.680543673E1
7.093478917E0,9.562104188E-1,2.525390799E-1,-1.299057541E-2,-1.473662029E-1,3.403695482E1,2.916913540E1,2.842349003E0,-1.678269694E1
7.103524917E0,9.563861290E-1,2.521775126E-1,-1.433391137E-2,-1.467197967E-1,3.396809228E1,2.914969275E1,2.669881384E0,-1.674925157E1
7.113570917E0,9.566091701E-1,2.516733415E-1,-1.564584793E-2,-1.459957139E-1,3.388048466E1,2.911316619E1,2.496166003E0,-1.670653297E1
7.123616917E0,9.568249620E-1,2.512160587E-1,-1.690672359E-2,-1.452258595E-1,3.379551465E1,2.908136663E1,2.327569903E0,-1.665704933E1
7.133662917E0,9.569949402E-1,2.509351078E-1,-1.809248303E-2,-1.444473651E-1,3.372843786E1,2.906899667E1,2.170023499E0,-1.660403154E1
7.143708917E0,9.571129936E-1,2.508583900E-1,-1.915373014E-2,-1.436585868E-1,3.368177536E1,2.907851310E1,2.029345497E0,-1.654589939E1
7.153754917E0,9.572024713E-1,2.509088398E-1,-2.002393612E-2,-1.428539613E-1,3.364636596E1,2.909982378E1,1.911324629E0,-1.648035188E1
7.163800917E0,9.573048882E-1,2.509431579E-1,-2.065817243E-2,-1.420144804E-1,3.360579164E1,2.911542725E1,1.817886709E0,-1.640424335E1
7.173846333E0,9.574640347E-1,2.508066759E-1,-2.104517533E-2,-1.411234960E-1,3.354264826E1,2.910704582E1,1.747186595E0,-1.631562771E1
7.183892333E0,9.576940722E-1,2.504546338E-1,-2.116823359E-2,-1.401660039E-1,3.345117339E1,2.906921271E1,1.699932511E0,-1.621237705E1
7.193938333E0,9.579911232E-1,2.499068090E-1,-2.104027576E-2,-1.391294443E-1,3.333268972E1,2.900453025E1,1.674764708E0,-1.609341171E1
7.203984333E0,9.583260642E-1,2.492803910E-1,-2.074919909E-2,-1.379848624E-1,3.319860023E1,2.892823456E1,1.663234664E0,-1.595781576E1
7.214030333E0,9.586656835E-1,2.487083950E-1,-2.040648199E-2,-1.367031767E-1,3.306209826E1,2.885776302E1,1.654500448E0,-1.580530670E1
7.224076333E0,9.589838922E-1,2.482766848E-1,-2.016367399E-2,-1.352849353E-1,3.293370277E1,2.880552226E1,1.633317844E0,-1.564011019E1
7.234122333E0,9.592655596E-1,2.480245835E-1,-2.015739411E-2,-1.337428242E-1,3.281964406E1,2.877812193E1,1.585601159E0,-1.546745320E1
7.244168333E0,9.595007811E-1,2.479579177E-1,-2.049297786E-2,-1.321185268E-1,3.272409696E1,2.877764987E1,1.500955148E0,-1.529500498E1
7.254214333E0,9.596951202E-1,2.480330866E-1,-2.120013876E-2,-1.304436532E-1,3.264495114E1,2.879924243E1,1.376224802E0,-1.512728339E1
7.264260333E0,9.598690181E-1,2.481548699E-1,-2.224344184E-2,-1.287475797E-1,3.257397156E1,2.883103493E1,1.214595131E0,-1.496679953E1
7.274306333E0,9.600408087E-1,2.482378254E-1,-2.353885684E-2,-1.270654147E-1,3.250370406E1,2.886163491E1,1.024982094E0,-1.481526597E1
7.284352333E0,9.602136529E-1,2.482634297E-1,-2.498428301E-2,-1.254229099E-1,3.243285608E1,2.888730724E1,8.190907895E-1,-1.467268776E1
7.294398333E0,9.603951372E-1,2.482058676E-1,-2.647715600E-2,-1.238300119E-1,3.235830412E1,2.890350782E1,6.081263234E-1,-1.453723904E1
7.304444333E0,9.606003081E-1,2.480224129E-1,-2.789336386E-2,-1.222864257E-1,3.227382013E1,2.890343380E1,4.051304249E-1,-1.440529120E1
7.314490333E0,9.608410509E-1,2.476868713E-1,-2.916922273E-2,-1.207682119E-1,3.217441322E1,2.888310987E1,2.160874134E-1,-1.427224227E1
7.324536333E0,9.611216646E-1,2.471943959E-1,-3.025641122E-2,-1.192671098E-1,3.205816417E1,2.884129436E1,4.607369972E-2,-1.413567878E1
7.334582333E0,9.614247005E-1,2.466170157E-1,-3.115442358E-2,-1.177796632E-1,3.193216360E1,2.878648024E1,-1.038387238E-1,-1.399512714E1
7.344628333E0,9.617193912E-1,2.460787267E-1,-3.186612580E-2,-1.162996345E-1,3.180916670E1,2.873330968E1,-2.323241532E-1,-1.384997082E1
7.354674333E0,9.619712186E-1,2.457173596E-1,-3.238739803E-2,-1.148277401E-1,3.170369162E1,2.869796242E1,-3.369670905E-1,-1.370024792E1
7.364720333E0,9.621736921E-1,2.455699826E-1,-3.275627778E-2,-1.133321170E-1,3.161863929E1,2.868538092E1,-4.224184200E-1,-1.354356526E1
7.374766333E0,9.623399614E-1,2.455984107E-1,-3.303687043E-2,-1.117674153E-1,3.154862803E1,2.869201965E1,-4.976546013E-1,-1.337673168E1
7.384812333E0,9.624747049E-1,2.457554077E-1,-3.332580815E-2,-1.101642756E-1,3.149178014E1,2.871371123E1,-5.731714317E-1,-1.320595652E1
7.394858333E0,9.625817579E-1,2.460187833E-1,-3.366654434E-2,-1.085251846E-1,3.144654337E1,2.874845039E1,-6.540532687E-1,-1.303278884E1
7.404904333E0,9.626701398E-1,2.463195854E-1,-3.417144251E-2,-1.068890861E-1,3.140914847E1,2.878966912E1,-7.525389003E-1,-1.286480202E1
7.414950333E0,9.626935313E-1,2.466611856E-1,-3.491813716E-2,-1.056416658E-1,3.139924413E1,2.883906125E1,-8.660891965E-1,-1.274734292E1
7.424996333E0,9.627291454E-1,2.471084163E-1,-3.555431222E-2,-1.040472927E-1,3.138415870E1,2.889891142E1,-9.761622906E-1,-1.258817913E1
7.435042333E0,9.627483644E-1,2.476803596E-1,-3.606541652E-2,-1.023201149E-1,3.137601498E1,2.897142612E1,-1.074844538E0,-1.241084877E1
7.445088333E0,9.627478165E-1,2.484218702E-1,-3.634786362E-2,-1.004102304E-1,3.137624718E1,2.906049043E1,-1.151691680E0,-1.220683430E1
7.455134333E0,9.626872936E-1,2.493309988E-1,-3.647190180E-2,-9.867681484E-2,3.140188559E1,2.916727888E1,-1.204199295E0,-1.201823402E1
7.465180333E0,9.626387404E-1,2.504302940E-1,-3.624015735E-2,-9.642600454E-2,3.142243871E1,2.929127419E1,-1.230600174E0,-1.176190050E1
7.475226333E0,9.625673437E-1,2.517174587E-1,-3.568613703E-2,-9.396260554E-2,3.145263800E1,2.943322220E1,-1.226026356E0,-1.147274977E1
7.485272333E0,9.624817856E-1,2.531179669E-1,-3.494784015E-2,-9.131738503E-2,3.148879005E1,2.958636268E1,-1.205888875E0,-1.115812436E1
7.495318333E0,9.624116954E-1,2.543407102E-1,-3.445767230E-2,-8.881044834E-2,3.151837612E1,2.972200465E1,-1.211822093E0,-1.086610880E1
7.505364333E0,9.625492627E-1,2.546028109E-1,-3.500731989E-2,-8.631838948E-2,3.146028139E1,2.975652634E1,-1.343063340E0,-1.060562742E1
7.515409333E0,9.630936314E-1,2.528497338E-1,-3.760356576E-2,-8.428328675E-2,3.122936115E1,2.957707930E1,-1.708211371E0,-1.045377105E1
7.525455333E0,9.640622502E-1,2.489262521E-1,-4.207219591E-2,-8.276271275E-2,3.081430322E1,2.916413890E1,-2.287672411E0,-1.040858698E1
7.535501333E0,9.652296337E-1,2.435449530E-1,-4.750548312E-2,-8.222525614E-2,3.030670629E1,2.859432401E1,-2.961006268E0,-1.049298191E1
7.545547333E0,9.663783882E-1,2.379415822E-1,-5.253652082E-2,-8.207614059E-2,2.979897105E1,2.799693956E1,-3.582269015E0,-1.060248410E1
7.555593333E0,9.672937334E-1,2.336376092E-1,-5.578665397E-2,-8.151263722E-2,2.938826542E1,2.753016235E1,-4.004528959E0,-1.061512329E1
7.565639333E0,9.678331709E-1,2.319107264E-1,-5.619008360E-2,-7.974377614E-2,2.914357566E1,2.732565951E1,-4.116137861E0,-1.042137606E1
7.575685333E0,9.679650484E-1,2.331244924E-1,-5.398426507E-2,-7.604147052E-2,2.908344948E1,2.742727697E1,-3.959740366E0,-9.950282999E0
7.585731333E0,9.676969102E-1,2.365373229E-1,-5.081133441E-2,-7.092956356E-2,2.920557306E1,2.777365356E1,-3.714506490E0,-9.302901012E0
7.595777333E0,9.670933673E-1,2.412301322E-1,-4.800695686E-2,-6.506693693E-2,2.947864582E1,2.827650264E1,-3.523746023E0,-8.586091050E0
7.605823333E0,9.662560359E-1,2.463491725E-1,-4.660528966E-2,-5.906998830E-2,2.985345068E1,2.884724209E1,-3.495009402E0,-7.895763692E0
7.615869333E0,9.653022527E-1,2.512483116E-1,-4.710204295E-2,-5.335984897E-2,3.027485590E1,2.941280791E1,-3.676457918E0,-7.293185265E0
7.625915333E0,9.643231814E-1,2.556180020E-1,-4.931016903E-2,-4.805018899E-2,3.070155712E1,2.993242920E1,-4.044825065E0,-6.786806234E0
7.635961333E0,9.633974680E-1,2.593442155E-1,-5.249759821E-2,-4.301178614E-2,3.109974730E1,3.038404960E1,-4.522029416E0,-6.341176296E0
7.646007333E0,9.626021570E-1,2.623609183E-1,-5.585379390E-2,-3.800313895E-2,3.143791626E1,3.075104202E1,-5.024912674E0,-5.904281084E0
7.656053333E0,9.619775407E-1,2.647205307E-1,-5.868300647E-2,-3.284301600E-2,3.170103931E1,3.103235449E1,-5.480963500E0,-5.433512638E0
7.666099333E0,9.615399721E-1,2.665087898E-1,-6.050915566E-2,-2.743490098E-2,3.188410701E1,3.123359749E1,-5.839414200E0,-4.902211687E0
7.676145333E0,9.612905049E-1,2.677874093E-1,-6.111677624E-2,-2.179948801E-2,3.198802098E1,3.136110247E1,-6.074798164E0,-4.304980684E0
7.686191333E0,9.612084871E-1,2.685930674E-1,-6.064138086E-2,-1.608024497E-2,3.202211322E1,3.142245628E1,-6.196575441E0,-3.661501145E0
7.696237333E0,9.612576725E-1,2.689671628E-1,-5.942390592E-2,-1.045182837E-2,3.200167263E1,3.142760365E1,-6.235826855E0,-3.001942853E0
7.706283333E0,9.613912359E-1,2.689920189E-1,-5.783356835E-2,-5.055050864E-3,3.194610176E1,3.139074802E1,-6.227807394E0,-2.354127179E0
7.716329333E0,9.615660610E-1,2.687720335E-1,-5.614683040E-2,3.519261851E-5,3.187322078E1,3.132695602E1,-6.199846407E0,-1.735805046E0
7.726375333E0,9.617569019E-1,2.683935232E-1,-5.445348593E-2,4.839680468E-3,3.179347738E1,3.124700611E1,-6.161995593E0,-1.148083537E0
7.736421333E0,9.619631265E-1,2.678801219E-1,-5.271213620E-2,9.411728447E-3,3.170708626E1,3.115326828E1,-6.111099346E0,-5.839406408E-1
7.746467333E0,9.621947234E-1,2.672197861E-1,-5.082507428E-2,1.384199443E-2,3.160979197E1,3.104356613E1,-6.038974510E0,-3.027942853E-2
7.756513333E0,9.624721339E-1,2.663603170E-1,-4.866097059E-2,1.821000951E-2,3.149286575E1,3.091116937E1,-5.933292447E0,5.259669934E-1
7.766559333E0,9.628084236E-1,2.652528981E-1,-4.616184159E-2,2.258253431E-2,3.135055257E1,3.075035237E1,-5.789281802E0,1.094047397E0
7.776605333E0,9.632048991E-1,2.638715246E-1,-4.331776172E-2,2.705149110E-2,3.118195638E1,3.055828219E1,-5.608123101E0,1.684296994E0
7.786651333E0,9.636366092E-1,2.622671521E-1,-4.019525976E-2,3.169923482E-2,3.099736020E1,3.034153380E1,-5.399209846E0,2.303199856E0
7.796697333E0,9.640664649E-1,2.605346637E-1,-3.689267486E-2,3.655982013E-2,3.081248529E1,3.011201956E1,-5.174203040E0,2.950794761E0
7.806743333E0,9.644562390E-1,2.587705231E-1,-3.357715088E-2,4.164955785E-2,3.064390823E1,2.988154162E1,-4.952091953E0,3.623318568E0
7.816789333E0,9.647681257E-1,2.570866301E-1,-3.040461008E-2,4.695306438E-2,3.050836271E1,2.966332475E1,-4.750034497E0,4.314021578E0
7.826835333E0,9.649738023E-1,2.555780890E-1,-2.749812126E-2,5.243316621E-2,3.041865332E1,2.946819579E1,-4.581177873E0,5.015009636E0
7.836881333E0,9.650548507E-1,2.543019878E-1,-2.492219017E-2,5.812606748E-2,3.038323165E1,2.930192543E1,-4.454403207E0,5.728555414E0
7.846927333E0,9.649998069E-1,2.532740472E-1,-2.271154582E-2,6.412347973E-2,3.040729257E1,2.916506275E1,-4.376777145E0,6.464184798E0
7.856973333E0,9.648088817E-1,2.524611609E-1,-2.083329259E-2,7.052010693E-2,3.049060675E1,2.905261452E1,-4.347618877E0,7.233887408E0
7.867019333E0,9.644901672E-1,2.518022371E-1,-1.922018518E-2,7.736231061E-2,3.062919146E1,2.895675068E1,-4.360714233E0,8.045309461E0
7.877065333E0,9.640467402E-1,2.512690584E-1,-1.780997270E-2,8.462046154E-2,3.082099230E1,2.887397224E1,-4.408348095E0,8.897282747E0
7.887111333E0,9.634807502E-1,2.508616248E-1,-1.656975954E-2,9.218898186E-2,3.106412782E1,2.880436395E1,-4.484111692E0,9.779161246E0
7.897157333E0,9.628020173E-1,2.505752791E-1,-1.543213180E-2,9.993034641E-2,3.135326952E1,2.874800107E1,-4.576858542E0,1.067764929E1
7.907203333E0,9.620356190E-1,2.504147945E-1,-1.431735820E-2,1.075863214E-1,3.167666331E1,2.870698014E1,-4.670768651E0,1.156614279E1
7.917249333E0,9.611641065E-1,2.503769782E-1,-1.302775946E-2,1.153477479E-1,3.204054614E1,2.868210555E1,-4.749785158E0,1.247151152E1
7.927294333E0,9.601855410E-1,2.504444764E-1,-1.151205342E-2,1.232434542E-1,3.244438928E1,2.867220694E1,-4.809248861E0,1.339851677E1
7.937340333E0,9.590634233E-1,2.506201128E-1,-9.713531493E-3,1.315010333E-1,3.290153631E1,2.867786894E1,-4.849883716E0,1.437431733E1
7.947386333E0,9.578302065E-1,2.509084078E-1,-7.751121543E-3,1.398075028E-1,3.339692467E1,2.870017629E1,-4.876385567E0,1.536058650E1
7.957432333E0,9.564437859E-1,2.513380528E-1,-5.667107398E-3,1.483656312E-1,3.394546645E1,2.874141275E1,-4.900199767E0,1.637893375E1
7.967478333E0,9.549003262E-1,2.519057498E-1,-3.637631275E-3,1.571481493E-1,3.454619371E1,2.879886043E1,-4.940443560E0,1.742164787E1
7.977524333E0,9.532126821E-1,2.526066519E-1,-1.875956227E-3,1.660480464E-1,3.519165612E1,2.886863568E1,-5.017847605E0,1.847100323E1
7.987570333E0,9.514008733E-1,2.534229309E-1,-4.882290932E-4,1.749653080E-1,3.587208367E1,2.894631169E1,-5.141139184E0,1.951299276E1
7.997616333E0,9.494711799E-1,2.543220391E-1,5.480249345E-4,1.839145591E-1,3.658331730E1,2.902721930E1,-5.307814005E0,2.055014795E1
8.007662333E0,9.474365829E-1,2.552400712E-1,1.302864455E-3,1.929113097E-1,3.731903085E1,2.910405013E1,-5.509375427E0,2.158660022E1
8.017708333E0,9.453262902E-1,2.560763806E-1,1.858560115E-3,2.019397547E-1,3.806762154E1,2.916593149E1,-5.733994323E0,2.262353529E1
8.027754333E0,9.431134542E-1,2.567457779E-1,2.385817190E-3,2.112175826E-1,3.883765639E1,2.920477688E1,-5.967150361E0,2.369116085E1
8.037800333E0,9.408905451E-1,2.571695224E-1,2.907995570E-3,2.204098946E-1,3.959669269E1,2.921365841E1,-6.193882181E0,2.475273229E1
8.047846333E0,9.386249834E-1,2.573250864E-1,3.499716250E-3,2.296840557E-1,4.035618442E1,2.919082574E1,-6.409695633E0,2.582978377E1
8.057892333E0,9.362972762E-1,2.572040406E-1,4.017089889E-3,2.391178059E-1,4.112250040E1,2.913158619E1,-6.631412484E0,2.692777613E1
8.067938333E0,9.339113221E-1,2.567618043E-1,4.158840277E-3,2.487282356E-1,4.189406543E1,2.902281167E1,-6.889785131E0,2.804148138E1
8.077984333E0,9.314825678E-1,2.559713718E-1,3.669188728E-3,2.584674451E-1,4.266577560E1,2.885384514E1,-7.208762595E0,2.915970807E1
8.088030333E0,9.290063140E-1,2.548627727E-1,2.521983121E-3,2.683017800E-1,4.343911285E1,2.862588511E1,-7.589480135E0,3.027896418E1
8.098076333E0,9.265248550E-1,2.534950969E-1,8.466775030E-4,2.780129407E-1,4.420115004E1,2.834924719E1,-8.012023146E0,3.137811263E1
8.108122333E0,9.240821712E-1,2.519687488E-1,-1.075029128E-3,2.873720910E-1,4.493928259E1,2.804440211E1,-8.441782159E0,3.243758191E1
8.118168333E0,9.216963646E-1,2.504727569E-1,-2.885499690E-3,2.961939743E-1,4.564929508E1,2.774529329E1,-8.841185165E0,3.344281785E1
8.128214333E0,9.192850801E-1,2.492177502E-1,-4.185413865E-3,3.046111003E-1,4.635642338E1,2.748815749E1,-9.179278044E0,3.441622724E1
8.138260333E0,9.167278201E-1,2.483952018E-1,-4.444838254E-3,3.128741164E-1,4.709539114E1,2.731103467E1,-9.414885685E0,3.539676367E1
8.148306333E0,9.139159931E-1,2.481115956E-1,-3.071419975E-3,3.212301928E-1,4.789550051E1,2.724582867E1,-9.498158775E0,3.642505201E1
8.158352333E0,9.108084849E-1,2.482953559E-1,1.741823882E-4,3.298141782E-1,4.876536335E1,2.729566240E1,-9.408095931E0,3.752259163E1
8.168398333E0,9.074226600E-1,2.486469871E-1,5.013799636E-3,3.387235162E-1,4.969684555E1,2.742174971E1,-9.168931544E0,3.869779212E1
8.178444708E0,9.038040580E-1,2.488623680E-1,1.077960442E-2,3.479794277E-1,5.067462324E1,2.757106744E1,-8.842142875E0,3.994153143E1
8.188490708E0,9.000875067E-1,2.487401211E-1,1.655513458E-2,3.573470284E-1,5.166085602E1,2.769232308E1,-8.509358205E0,4.120651472E1
8.198536708E0,8.963861705E-1,2.481609917E-1,2.156984037E-2,3.666642636E-1,5.262592429E1,2.774383895E1,-8.239642701E0,4.245563754E1
8.208582708E0,8.927980407E-1,2.470899244E-1,2.527146110E-2,3.757920066E-1,5.354603807E1,2.769809492E1,-8.081653658E0,4.365841491E1
8.218628708E0,8.894017844E-1,2.455925733E-1,2.738868696E-2,3.845758102E-1,5.440365722E1,2.754813047E1,-8.058194592E0,4.478866198E1
8.228674708E0,8.862422038E-1,2.437967383E-1,2.805437536E-2,3.928749462E-1,5.519044585E1,2.731022996E1,-8.154177893E0,4.583166155E1
8.238720708E0,8.832887002E-1,2.418739885E-1,2.774243600E-2,4.006598274E-1,5.591668342E1,2.702043659E1,-8.326231729E0,4.679424528E1
8.248766708E0,8.804470121E-1,2.399179533E-1,2.700971304E-2,4.080722568E-1,5.660733336E1,2.671035670E1,-8.525321102E0,4.770634605E1
8.258812708E0,8.777125878E-1,2.378693530E-1,2.625082742E-2,4.151502510E-1,5.726469320E1,2.639027518E1,-8.709323977E0,4.858177120E1
8.268858708E0,8.750264427E-1,2.356470867E-1,2.572204252E-2,4.220636408E-1,5.790378946E1,2.606188942E1,-8.853075020E0,4.944731596E1
8.278903708E0,8.724072479E-1,2.332683080E-1,2.540810118E-2,4.287725129E-1,5.852081245E1,2.572758990E1,-8.957724150E0,5.029698072E1
8.288949708E0,8.698668887E-1,2.307944776E-1,2.514143807E-2,4.352395253E-1,5.911365040E1,2.538724428E1,-9.042226987E0,5.112163831E1
8.298995708E0,8.674035951E-1,2.283184662E-1,2.480728732E-2,4.414366926E-1,5.968338381E1,2.504591820E1,-9.122188100E0,5.191441008E1
8.309041708E0,8.650010772E-1,2.259419951E-1,2.449481059E-2,4.473514759E-1,6.023434349E1,2.471896195E1,-9.193830559E0,5.267447480E1
8.319087708E0,8.626321293E-1,2.237430359E-1,2.448264068E-2,4.529960769E-1,6.077316931E1,2.442843678E1,-9.234201550E0,5.340779957E1
8.329133708E0,8.601853994E-1,2.217316303E-1,2.508122076E-2,4.585708616E-1,6.132518820E1,2.418954045E1,-9.219104715E0,5.414518626E1
8.339179708E0,8.575887110E-1,2.198745348E-1,2.648624918E-2,4.642147672E-1,6.190617589E1,2.400845241E1,-9.131992855E0,5.490787420E1
8.349225708E0,8.548134464E-1,2.181614234E-1,2.872775556E-2,4.699725957E-1,6.252173750E1,2.388681926E1,-8.971667431E0,5.570215360E1
8.359271708E0,8.518576036E-1,2.165952149E-1,3.168358780E-2,4.758374139E-1,6.317141784E1,2.382040004E1,-8.751450269E0,5.652511521E1
8.369317708E0,8.486870226E-1,2.152099428E-1,3.515137782E-2,4.818500412E-1,6.386170276E1,2.380315543E1,-8.495561971E0,5.737862515E1
8.379363708E0,8.453569158E-1,2.140317330E-1,3.892071272E-2,4.879009799E-1,6.457960672E1,2.382848973E1,-8.224305635E0,5.824499923E1
8.389409708E0,8.419821018E-1,2.130768382E-1,4.270336604E-2,4.938024133E-1,6.529995929E1,2.388432120E1,-7.962490266E0,5.909453764E1
8.399455708E0,8.385361017E-1,2.123383938E-1,4.623998185E-2,4.996313119E-1,6.602828621E1,2.395438803E1,-7.737458285E0,5.993233196E1
8.409501708E0,8.350913765E-1,2.118127383E-1,4.933486708E-2,5.052958273E-1,6.674929172E1,2.402703765E1,-7.565408926E0,6.074228280E1
8.419547708E0,8.316814647E-1,2.114983913E-1,5.195411986E-2,5.107593864E-1,6.745629099E1,2.409908852E1,-7.448270907E0,6.151850105E1
8.429593708E0,8.283546769E-1,2.113893837E-1,5.412623673E-2,5.159587587E-1,6.813981469E1,2.417074928E1,-7.380897534E0,6.225278422E1
8.439639708E0,8.251058082E-1,2.114763906E-1,5.589088840E-2,5.209169350E-1,6.880155976E1,2.424203652E1,-7.359319737E0,6.294858437E1
8.449685708E0,8.219120043E-1,2.117289661E-1,5.727188257E-2,5.256913300E-1,6.944669346E1,2.430983631E1,-7.380799472E0,6.361379741E1
8.459731708E0,8.188373390E-1,2.121302410E-1,5.822944316E-2,5.302032871E-1,7.006284856E1,2.436991921E1,-7.445520282E0,6.423682439E1
8.469777708E0,8.159001357E-1,2.126518557E-1,5.880628074E-2,5.344417322E-1,7.064707453E1,2.442136096E1,-7.547029604E0,6.481681191E1
8.479823708E0,8.130828401E-1,2.132610146E-1,5.910184605E-2,5.384449558E-1,7.120352768E1,2.446604120E1,-7.674737919E0,6.536081361E1
8.489869708E0,8.104468287E-1,2.139417336E-1,5.919559645E-2,5.421260405E-1,7.172077843E1,2.450765616E1,-7.817432350E0,6.585850417E1
8.499915708E0,8.079131077E-1,2.147182366E-1,5.922245452E-2,5.455870765E-1,7.221493071E1,2.455587658E1,-7.966946252E0,6.632611623E1
8.509961708E0,8.055488592E-1,2.156181614E-1,5.915522503E-2,5.487264055E-1,7.267341008E1,2.461269044E1,-8.124578163E0,6.674886103E1
8.520007708E0,8.032666073E-1,2.166766163E-1,5.897315065E-2,5.516667383E-1,7.311363513E1,2.467916341E1,-8.298149336E0,6.714261269E1
8.530053708E0,8.010691444E-1,2.179805186E-1,5.858143257E-2,5.543833661E-1,7.353536050E1,2.475819728E1,-8.501423976E0,6.750150345E1
8.540099708E0,7.990023999E-1,2.196083089E-1,5.788034609E-2,5.567919215E-1,7.393011224E1,2.485207605E1,-8.746278753E0,6.781138133E1
8.550145708E0,7.969999294E-1,2.216244034E-1,5.687725109E-2,5.589621365E-1,7.431087161E1,2.496691200E1,-9.038433935E0,6.808148000E1
8.560191708E0,7.950771269E-1,2.240010537E-1,5.563428784E-2,5.608749923E-1,7.467491783E1,2.510411677E1,-9.369808781E0,6.831034333E1
8.570237708E0,7.932835994E-1,2.265374826E-1,5.423004968E-2,5.625308682E-1,7.501312685E1,2.524894590E1,-9.719743694E0,6.850024843E1
8.580282708E0,7.917031663E-1,2.288054572E-1,5.261465581E-2,5.639910142E-1,7.531007780E1,2.535539808E1,-1.006574310E1,6.866054309E1
8.590328708E0,7.904602347E-1,2.303434642E-1,5.062763737E-2,5.652887367E-1,7.554291608E1,2.536738024E1,-1.039206131E1,6.879510655E1
8.600374708E0,7.897111061E-1,2.308936703E-1,4.792252619E-2,5.663462117E-1,7.568295580E1,2.523854248E1,-1.071020396E1,6.888842347E1
8.610420708E0,7.896207538E-1,2.304316249E-1,4.426378988E-2,5.669576676E-1,7.569983108E1,2.495444133E1,-1.103372376E1,6.890892900E1
8.620466708E0,7.901744580E-1,2.290734111E-1,3.976258022E-2,5.670702208E-1,7.559636429E1,2.453484300E1,-1.135940012E1,6.885265026E1
8.630512708E0,7.912371802E-1,2.269909142E-1,3.476961166E-2,5.667539192E-1,7.539744266E1,2.401856997E1,-1.166996571E1,6.873643749E1
8.640558708E0,7.926711741E-1,2.243852591E-1,2.958168232E-2,5.660818561E-1,7.512831547E1,2.344370737E1,-1.195502124E1,6.857548479E1
8.650604708E0,7.942711844E-1,2.215105174E-1,2.471754614E-2,5.652039899E-1,7.482705744E1,2.286612858E1,-1.218872127E1,6.839742410E1
8.660650708E0,7.957967211E-1,2.186409913E-1,2.086749475E-2,5.643300434E-1,7.453885430E1,2.235311065E1,-1.233098856E1,6.823841225E1
8.670696708E0,7.970283364E-1,2.159739598E-1,1.854271674E-2,5.636996109E-1,7.430548185E1,2.195229494E1,-1.235280332E1,6.813507072E1
8.680742708E0,7.977864633E-1,2.136399727E-1,1.804344517E-2,5.635328042E-1,7.416151593E1,2.169190705E1,-1.223938577E1,6.811892419E1
8.690788708E0,7.979387715E-1,2.116347627E-1,1.946483710E-2,5.640263543E-1,7.413256422E1,2.157490459E1,-1.198594100E1,6.821770968E1
8.700834708E0,7.974934795E-1,2.098839404E-1,2.251298148E-2,5.651956449E-1,7.421718097E1,2.157640837E1,-1.161550888E1,6.843092216E1
8.710880708E0,7.966012202E-1,2.083554007E-1,2.674604235E-2,5.668326390E-1,7.438648483E1,2.166993076E1,-1.116256700E1,6.872559640E1
8.720926708E0,7.953534522E-1,2.070336860E-1,3.171444983E-2,5.688094632E-1,7.462269430E1,2.182868575E1,-1.066562434E1,6.907971806E1
8.730972708E0,7.938617488E-1,2.058075868E-1,3.685188198E-2,5.710243222E-1,7.490424645E1,2.200808643E1,-1.016780455E1,6.947271902E1
8.741018708E0,7.922556588E-1,2.045194053E-1,4.159496714E-2,5.733870324E-1,7.520638241E1,2.215815827E1,-9.708165398E0,6.988415134E1
8.751064708E0,7.906838659E-1,2.030586429E-1,4.554627107E-2,5.757705736E-1,7.550106836E1,2.224370933E1,-9.311679220E0,7.028925080E1
8.761110708E0,7.891175942E-1,2.013704561E-1,4.856722546E-2,5.782601142E-1,7.579374880E1,2.224876803E1,-8.988632351E0,7.069647037E1
8.771156708E0,7.875288898E-1,1.994314746E-1,5.052949316E-2,5.809233947E-1,7.608964326E1,2.216120193E1,-8.749916576E0,7.111213152E1
8.781202708E0,7.859553056E-1,1.972975796E-1,5.132223324E-2,5.837070149E-1,7.638176226E1,2.197878443E1,-8.606875862E0,7.152608991E1
8.791248708E0,7.844390622E-1,1.951076979E-1,5.094229520E-2,5.865094115E-1,7.666234381E1,2.171458912E1,-8.565662329E0,7.192364529E1
8.801294708E0,7.830485955E-1,1.930141427E-1,4.950769550E-2,5.891769277E-1,7.691888862E1,2.139145263E1,-8.621426797E0,7.228531132E1
8.811340708E0,7.818786833E-1,1.910756985E-1,4.723223457E-2,5.915444848E-1,7.713418167E1,2.103000110E1,-8.754429570E0,7.259200531E1
8.821386708E0,7.809204536E-1,1.891671207E-1,4.433680930E-2,5.936441354E-1,7.731014262E1,2.063218287E1,-8.937029608E0,7.285319683E1
8.831432708E0,7.802329015E-1,1.871212283E-1,4.082604004E-2,5.954457130E-1,7.743619081E1,2.018253540E1,-9.156600821E0,7.306618472E1
8.841478708E0,7.797863978E-1,1.847365754E-1,3.672871835E-2,5.970397911E-1,7.751795531E1,1.966283306E1,-9.399018559E0,7.324625373E1
8.851523708E0,7.795115582E-1,1.818990073E-1,3.237691927E-2,5.985200305E-1,7.756824827E1,1.908358815E1,-9.628782095E0,7.341289293E1
8.861569708E0,7.792121891E-1,1.785620042E-1,2.858004139E-2,6.001059743E-1,7.762299866E1,1.849258487E1,-9.774587212E0,7.360792661E1
8.871615708E0,7.787275004E-1,1.746836196E-1,2.624665488E-2,6.019803290E-1,7.771157252E1,1.794577196E1,-9.754925147E0,7.386632501E1
8.881661708E0,7.779116902E-1,1.702880931E-1,2.586865033E-2,6.043063450E-1,7.786046521E1,1.747853829E1,-9.530075421E0,7.421407671E1
8.891707708E0,7.766459624E-1,1.655262105E-1,2.735148710E-2,6.071852856E-1,7.809099912E1,1.710019478E1,-9.121310577E0,7.466272597E1
8.901753708E0,7.748233482E-1,1.606388461E-1,3.022402137E-2,6.106802024E-1,7.842196108E1,1.680352578E1,-8.589918913E0,7.521605670E1
8.911799708E0,7.724647737E-1,1.559363378E-1,3.387412284E-2,6.146824197E-1,7.884851547E1,1.657911903E1,-8.011364605E0,7.585234544E1
8.921845708E0,7.696278904E-1,1.517296504E-1,3.787764144E-2,6.190447660E-1,7.935902902E1,1.642918963E1,-7.443676761E0,7.654636722E1
8.931891708E0,7.663897902E-1,1.482883707E-1,4.192834344E-2,6.236179941E-1,7.993841428E1,1.635849602E1,-6.931561551E0,7.727362003E1
8.941937708E0,7.628418790E-1,1.457585957E-1,4.579130758E-2,6.282752947E-1,8.056924745E1,1.636374840E1,-6.505004397E0,7.801335458E1
8.951983708E0,7.590299969E-1,1.441513625E-1,4.931055362E-2,6.329789198E-1,8.124248196E1,1.643329957E1,-6.178896014E0,7.875850038E1
8.962029708E0,7.549479113E-1,1.432991901E-1,5.244154290E-2,6.377843296E-1,8.195836284E1,1.654643323E1,-5.946897905E0,7.951714942E1
8.972075708E0,7.505965811E-1,1.429492422E-1,5.518890893E-2,6.427476321E-1,8.271583592E1,1.667870708E1,-5.791653108E0,8.029824650E1
8.982121708E0,7.461404053E-1,1.428745922E-1,5.754260758E-2,6.477269345E-1,8.348571033E1,1.680885171E1,-5.694124774E0,8.108074742E1
8.992167708E0,7.416406550E-1,1.429038816E-1,5.951786442E-2,6.526908060E-1,8.425727527E1,1.692195415E1,-5.639118405E0,8.186014357E1
9.002213708E0,7.371797720E-1,1.429117289E-1,6.115079402E-2,6.575733261E-1,8.501654735E1,1.700934325E1,-5.612016548E0,8.262684693E1
9.012259708E0,7.328538642E-1,1.428083005E-1,6.248695448E-2,6.622888393E-1,8.574763966E1,1.706668085E1,-5.599434386E0,8.336818059E1
9.022305708E0,7.287979149E-1,1.425549848E-1,6.359115186E-2,6.666991593E-1,8.642857307E1,1.709623020E1,-5.589031732E0,8.406336718E1
9.032351708E0,7.249374006E-1,1.420957869E-1,6.457910297E-2,6.708979442E-1,8.707271890E1,1.710121955E1,-5.568281152E0,8.472796639E1
9.042397708E0,7.212733669E-1,1.413783080E-1,6.552480713E-2,6.748951908E-1,8.768057544E1,1.708290151E1,-5.526635768E0,8.536420423E1
9.052443708E0,7.177610883E-1,1.403862686E-1,6.647577437E-2,6.787427055E-1,8.826012046E1,1.704346916E1,-5.459657633E0,8.598046313E1
9.062489708E0,7.142926555E-1,1.391646528E-1,6.748770967E-2,6.825426654E-1,8.882948065E1,1.699072058E1,-5.368426050E0,8.659333520E1
9.072535708E0,7.108525139E-1,1.377929072E-1,6.862842729E-2,6.862885403E-1,8.939135881E1,1.693714343E1,-5.253474533E0,8.720277740E1
9.082581708E0,7.074043643E-1,1.364002620E-1,6.997077017E-2,6.899840919E-1,8.995176444E1,1.689971109E1,-5.119470199E0,8.781051073E1
9.092627708E0,7.039052852E-1,1.351779349E-1,7.152698460E-2,6.936341410E-1,9.051765717E1,1.689566190E1,-4.981358265E0,8.841755083E1
9.102672708E0,7.002841924E-1,1.342857757E-1,7.324370477E-2,6.972838936E-1,9.110038151E1,1.693376990E1,-4.858072384E0,8.903040299E1
9.112718708E0,6.965717951E-1,1.337843468E-1,7.507729024E-2,7.008942955E-1,9.169479666E1,1.701557437E1,-4.757802899E0,8.964231816E1
9.122764708E0,6.927575205E-1,1.336152431E-1,7.703786680E-2,7.044849390E-1,9.230242231E1,1.713659387E1,-4.676097647E0,9.025683753E1
9.132810708E0,6.888399551E-1,1.336535625E-1,7.913772026E-2,7.080772993E-1,9.292329746E1,1.728719172E1,-4.602801363E0,9.087791426E1
9.142856708E0,6.848028863E-1,1.337488855E-1,8.140361123E-2,7.117090840E-1,9.355978551E1,1.745697764E1,-4.524750684E0,9.151249759E1
9.152902708E0,6.807455909E-1,1.337617587E-1,8.384988017E-2,7.153058829E-1,9.419613269E1,1.763645339E1,-4.427655340E0,9.214901102E1
9.162948708E0,6.767026018E-1,1.336145898E-1,8.646750766E-2,7.188490947E-1,9.482698604E1,1.781908209E1,-4.305352312E0,9.278443248E1
9.172994958E0,6.726250299E-1,1.332491147E-1,8.923335113E-2,7.223972179E-1,9.546001881E1,1.799836359E1,-4.156236423E0,9.342821350E1
9.183040958E0,6.685458208E-1,1.326627796E-1,9.204872768E-2,7.259297824E-1,9.609014094E1,1.816645421E1,-3.987000529E0,9.407521868E1
9.193086958E0,6.644716641E-1,1.319456181E-1,9.478436503E-2,7.294406043E-1,9.671638868E1,1.831999619E1,-3.814702048E0,9.472180149E1
9.203132958E0,6.603783121E-1,1.312196965E-1,9.736689737E-2,7.329402758E-1,9.734253719E1,1.846237112E1,-3.655338684E0,9.536809123E1
9.213178958E0,6.563197734E-1,1.306444961E-1,9.975609816E-2,7.363594468E-1,9.796040384E1,1.860275375E1,-3.523551464E0,9.600127831E1
9.223224958E0,6.523253454E-1,1.303612983E-1,1.018897955E-1,7.396594633E-1,9.856569350E1,1.874645234E1,-3.434953577E0,9.661297987E1
9.233270958E0,6.483828870E-1,1.304598178E-1,1.036529655E-1,7.428565968E-1,9.916042169E1,1.888963681E1,-3.406077251E0,9.720277038E1
9.243316958E0,6.445738023E-1,1.309751658E-1,1.049100400E-1,7.458981031E-1,9.973254370E1,1.902258057E1,-3.448062710E0,9.775772682E1
9.253362958E0,6.409347960E-1,1.318682391E-1,1.055317245E-1,7.487833552E-1,1.002768795E2,1.913004098E1,-3.566304765E0,9.827390856E1
9.263408958E0,6.375745542E-1,1.330617101E-1,1.054282974E-1,7.514507871E-1,1.007776061E2,1.919771072E1,-3.757965437E0,9.873782944E1
9.273454958E0,6.345184757E-1,1.344343974E-1,1.046153835E-1,7.539027327E-1,1.012314403E2,1.921706375E1,-4.010548590E0,9.914983339E1
9.283500958E0,6.318566125E-1,1.358532974E-1,1.032334884E-1,7.560714778E-1,1.016255335E2,1.919040572E1,-4.299618204E0,9.950112662E1
9.293546958E0,6.296072299E-1,1.372050772E-1,1.014794380E-1,7.579390099E-1,1.019576988E2,1.912659988E1,-4.600164433E0,9.979288475E1
9.303592958E0,6.278248502E-1,1.383869433E-1,9.950586442E-2,7.594626922E-1,1.022203487E2,1.903191406E1,-4.890684623E0,1.000206741E2
9.313638958E0,6.264595610E-1,1.393104835E-1,9.742404455E-2,7.606901612E-1,1.024212086E2,1.890957080E1,-5.156690959E0,1.001949690E2
9.323683958E0,6.255354334E-1,1.399053968E-1,9.529483844E-2,7.616106642E-1,1.025570047E2,1.876015297E1,-5.387222325E0,1.003147045E2
9.333729958E0,6.249987723E-1,1.400990721E-1,9.323456351E-2,7.622703941E-1,1.026358053E2,1.858843138E1,-5.568963081E0,1.003900823E2
9.343775958E0,6.248095646E-1,1.398788522E-1,9.135616540E-2,7.626932640E-1,1.026635773E2,1.840345466E1,-5.693617530E0,1.004272429E2
9.353821958E0,6.248060295E-1,1.392698724E-1,8.983453773E-2,7.629883709E-1,1.026640961E2,1.822168527E1,-5.754388194E0,1.004488022E2
9.363867958E0,6.249430858E-1,1.383341939E-1,8.881744735E-2,7.631652244E-1,1.026439796E2,1.806073149E1,-5.746771269E0,1.004589936E2
9.373913958E0,6.251632925E-1,1.371849705E-1,8.837440494E-2,7.632437545E-1,1.026116526E2,1.793504394E1,-5.676653098E0,1.004625429E2
9.383959958E0,6.253042895E-1,1.359014462E-1,8.849301144E-2,7.633441746E-1,1.025909500E2,1.784845462E1,-5.555449894E0,1.004807460E2
9.394005958E0,6.253664930E-1,1.345866068E-1,8.898324778E-2,7.634691032E-1,1.025818157E2,1.779203263E1,-5.405918328E0,1.005106072E2
9.404051958E0,6.254066010E-1,1.333388980E-1,8.965809653E-2,7.635762562E-1,1.025759258E2,1.775711425E1,-5.248946131E0,1.005411528E2
9.414097958E0,6.254249191E-1,1.322197333E-1,9.035682543E-2,7.636735048E-1,1.025732356E2,1.773409577E1,-5.101627738E0,1.005707712E2
9.424143958E0,6.254236652E-1,1.312417789E-1,9.099446510E-2,7.637674818E-1,1.025734198E2,1.771637820E1,-4.971270880E0,1.005989561E2
9.434189958E0,6.253515098E-1,1.303863045E-1,9.155765104E-2,7.639058077E-1,1.025840160E2,1.770100936E1,-4.858445005E0,1.006338952E2
9.444235958E0,6.252097647E-1,1.296756718E-1,9.202191439E-2,7.640870023E-1,1.026048294E2,1.768751003E1,-4.766833320E0,1.006748139E2
9.454281958E0,6.251404858E-1,1.291301085E-1,9.234536379E-2,7.641969950E-1,1.026150010E2,1.767450221E1,-4.698017890E0,1.007003877E2
9.464327958E0,6.249558563E-1,1.287388448E-1,9.251168974E-2,7.643939315E-1,1.026421050E2,1.765857541E1,-4.656564328E0,1.007385685E2
9.474373958E0,6.247618965E-1,1.285235310E-1,9.241305163E-2,7.646006196E-1,1.026705732E2,1.763236731E1,-4.649844145E0,1.007733133E2
9.484419958E0,6.245829410E-1,1.284990490E-1,9.199492855E-2,7.648013229E-1,1.026968341E2,1.759225984E1,-4.682583932E0,1.008007246E2
9.494465958E0,6.245020928E-1,1.286899465E-1,9.126337121E-2,7.649228849E-1,1.027086966E2,1.754112533E1,-4.754555216E0,1.008079326E2
9.504511958E0,6.244041698E-1,1.290796376E-1,9.030292751E-2,7.650510693E-1,1.027230631E2,1.748457094E1,-4.860727894E0,1.008121837E2
9.514557958E0,6.242932868E-1,1.296315506E-1,8.920706730E-2,7.651768724E-1,1.027393293E2,1.742818797E1,-4.991007053E0,1.008138337E2
9.524603958E0,6.240725163E-1,1.303081564E-1,8.806836351E-2,7.653738720E-1,1.027717101E2,1.737676130E1,-5.137536863E0,1.008279884E2
9.534649958E0,6.237492605E-1,1.310714397E-1,8.696811607E-2,7.656328117E-1,1.028191095E2,1.733464818E1,-5.290908824E0,1.008545523E2
9.544694958E0,6.233019613E-1,1.319305835E-1,8.594392527E-2,7.659651344E-1,1.028846717E2,1.730569781E1,-5.449617297E0,1.008963162E2
9.554740958E0,6.227464237E-1,1.328981171E-1,8.501822242E-2,7.663530118E-1,1.029660571E2,1.729291076E1,-5.612738018E0,1.009504962E2
9.564786958E0,6.221099483E-1,1.339507952E-1,8.423530520E-2,7.667730210E-1,1.030592434E2,1.729861637E1,-5.774440250E0,1.010136178E2
9.574832958E0,6.214257258E-1,1.350326179E-1,8.364466190E-2,7.672025922E-1,1.031593531E2,1.732319029E1,-5.925593978E0,1.010823438E2
9.584878958E0,6.207025544E-1,1.360678709E-1,8.325832281E-2,7.676470886E-1,1.032650862E2,1.736201962E1,-6.058676867E0,1.011576279E2
9.594924958E0,6.199810478E-1,1.369788777E-1,8.307053489E-2,7.680883187E-1,1.033704990E2,1.740900779E1,-6.166578685E0,1.012358542E2
9.604970958E0,6.192641035E-1,1.376837916E-1,8.306123361E-2,7.685414237E-1,1.034751694E2,1.745619966E1,-6.243708170E0,1.013191821E2
9.615016958E0,6.185003236E-1,1.381655354E-1,8.320128232E-2,7.690547670E-1,1.035865947E2,1.749933831E1,-6.291893952E0,1.014157960E2
9.625062958E0,6.176931482E-1,1.383994504E-1,8.348166423E-2,7.696308091E-1,1.037042581E2,1.753582265E1,-6.309600498E0,1.015259591E2
9.635108958E0,6.167913426E-1,1.384035992E-1,8.389401055E-2,7.703081406E-1,1.038356039E2,1.756595445E1,-6.300134218E0,1.016566233E2
9.645154958E0,6.157845493E-1,1.382513042E-1,8.438967593E-2,7.710864137E-1,1.039821016E2,1.759095112E1,-6.273563828E0,1.018070869E2
9.655200958E0,6.147149676E-1,1.380534037E-1,8.489362580E-2,7.719195516E-1,1.041375755E2,1.761287365E1,-6.243925136E0,1.019678948E2
9.665246958E0,6.135665714E-1,1.379228038E-1,8.531320558E-2,7.728097562E-1,1.043043230E2,1.763181340E1,-6.228019483E0,1.021380314E2
9.675292958E0,6.123428534E-1,1.379273240E-1,8.557850945E-2,7.737496573E-1,1.044818000E2,1.764656303E1,-6.236673441E0,1.023150343E2
9.685338958E0,6.110508207E-1,1.380963276E-1,8.567559999E-2,7.747295504E-1,1.046689540E2,1.765801772E1,-6.273254449E0,1.024969778E2
9.695384958E0,6.096529520E-1,1.384195571E-1,8.562739980E-2,7.757778532E-1,1.048711733E2,1.766705534E1,-6.336048772E0,1.026895601E2
9.705430958E0,6.082194639E-1,1.388461648E-1,8.547266028E-2,7.768432307E-1,1.050782607E2,1.767379145E1,-6.416270703E0,1.028840414E2
9.715476958E0,6.067715300E-1,1.392463070E-1,8.526464451E-2,7.779258357E-1,1.052871443E2,1.767341862E1,-6.498331604E0,1.030811879E2
9.725522958E0,6.052656863E-1,1.394983978E-1,8.506456288E-2,7.790749485E-1,1.055040742E2,1.766204678E1,-6.568217062E0,1.032909745E2
9.735568958E0,6.037019856E-1,1.395445671E-1,8.488567322E-2,7.802984399E-1,1.057290090E2,1.763661600E1,-6.619862781E0,1.035150387E2
9.745613958E0,6.021259990E-1,1.393862372E-1,8.473512994E-2,7.815598424E-1,1.059553733E2,1.759835526E1,-6.651784378E0,1.037467773E2
9.755659958E0,6.004256898E-1,1.390572178E-1,8.462795051E-2,7.829368853E-1,1.061992170E2,1.755034141E1,-6.668255610E0,1.040011173E2
9.765705958E0,5.987286258E-1,1.386519890E-1,8.451810265E-2,7.843191122E-1,1.064422073E2,1.749652098E1,-6.677920197E0,1.042569189E2
9.775751958E0,5.970027018E-1,1.382051587E-1,8.443984649E-2,7.857207584E-1,1.066889355E2,1.744235507E1,-6.682056164E0,1.045175880E2
9.785797958E0,5.952820989E-1,1.377534498E-1,8.444985636E-2,7.871031750E-1,1.069345102E2,1.739604721E1,-6.679153837E0,1.047769892E2
9.795843958E0,5.935844765E-1,1.372975158E-1,8.458933082E-2,7.884487869E-1,1.071764234E2,1.736161108E1,-6.666053931E0,1.050325126E2
9.805889958E0,5.919837498E-1,1.367836640E-1,8.488170088E-2,7.897091357E-1,1.074041843E2,1.733793677E1,-6.634855629E0,1.052751872E2
9.815935958E0,5.904743025E-1,1.361325769E-1,8.536203007E-2,7.908991098E-1,1.076186533E2,1.732252540E1,-6.576291835E0,1.055081475E2
9.825981958E0,5.890282968E-1,1.353329063E-1,8.604798847E-2,7.920393823E-1,1.078238330E2,1.731610994E1,-6.488776444E0,1.057356021E2
9.836027958E0,5.876504742E-1,1.344236802E-1,8.697325140E-2,7.931159392E-1,1.080190892E2,1.732482239E1,-6.373389968E0,1.059556628E2
9.846073958E0,5.862824191E-1,1.334547742E-1,8.814146985E-2,7.941624139E-1,1.082127224E2,1.735229697E1,-6.235652168E0,1.061751055E2
9.856119958E0,5.848813525E-1,1.324869495E-1,8.950794048E-2,7.952040522E-1,1.084107829E2,1.739858563E1,-6.085087413E0,1.063982964E2
9.866165958E0,5.834091315E-1,1.316216392E-1,9.098263105E-2,7.962611267E-1,1.086186365E2,1.746243440E1,-5.937882940E0,1.066278729E2
9.876211958E0,5.818727103E-1,1.309656525E-1,9.250713788E-2,7.973170739E-1,1.088352656E2,1.754610064E1,-5.807558606E0,1.068599214E2
9.886257958E0,5.803596384E-1,1.306216881E-1,9.406642771E-2,7.982932792E-1,1.090483167E2,1.765599526E1,-5.702554605E0,1.070792862E2
9.896303958E0,5.788789985E-1,1.306028102E-1,9.576167538E-2,7.991693646E-1,1.092565281E2,1.780233276E1,-5.617028723E0,1.072841402E2
9.906349958E0,5.774954439E-1,1.308204579E-1,9.770380084E-2,7.998993902E-1,1.094508447E2,1.798948296E1,-5.534172329E0,1.074677688E2
9.916395958E0,5.761981956E-1,1.310458013E-1,9.992105698E-2,8.005238906E-1,1.096328284E2,1.820380007E1,-5.431861790E0,1.076382437E2
9.926441958E0,5.750048602E-1,1.310486330E-1,1.022101498E-1,8.010922725E-1,1.098000549E2,1.841022884E1,-5.302925502E0,1.078002740E2
9.936486958E0,5.739272918E-1,1.307587852E-1,1.041992110E-1,8.016559023E-1,1.099509113E2,1.856917910E1,-5.165998118E0,1.079550936E2
9.946532958E0,5.731338457E-1,1.301570810E-1,1.055012694E-1,8.021509486E-1,1.100619025E2,1.864403048E1,-5.041573633E0,1.080805685E2
9.956578958E0,5.728242877E-1,1.291927123E-1,1.057344956E-1,8.024972587E-1,1.101051846E2,1.859642971E1,-4.946126981E0,1.081510552E2
9.966624958E0,5.732729830E-1,1.277630649E-1,1.047566940E-1,8.025340108E-1,1.100424447E2,1.840727728E1,-4.873727301E0,1.081312451E2
9.976670958E0,5.744636736E-1,1.256480228E-1,1.029654397E-1,8.022482130E-1,1.098758368E2,1.809827623E1,-4.778389967E0,1.080281250E2
9.986716958E0,5.762836378E-1,1.225428972E-1,1.011150021E-1,8.016584311E-1,1.096208484E2,1.771798694E1,-4.584729006E0,1.078630244E2
9.996762958E0,5.783931613E-1,1.182885890E-1,9.978413636E-2,8.009446426E-1,1.093247893E2,1.730718869E1,-4.247001435E0,1.076843308E2
1.000680896E1,5.804464293E-1,1.130868019E-1,9.923104524E-2,8.002791017E-1,1.090361035E2,1.690207841E1,-3.773097991E0,1.075320823E2
1.001685496E1,5.820454281E-1,1.074353070E-1,9.954784499E-2,7.998569273E-1,1.088109278E2,1.654444972E1,-3.209268217E0,1.074475090E2
1.002690096E1,5.830873298E-1,1.020859212E-1,1.005955970E-1,7.996675720E-1,1.086640335E2,1.627406257E1,-2.634102341E0,1.074270831E2
1.003694696E1,5.837480659E-1,9.769202096E-2,1.021630874E-1,7.995356945E-1,1.085708085E2,1.611765029E1,-2.117074106E0,1.074332002E2
1.004699296E1,5.840785920E-1,9.449707664E-2,1.040711831E-1,7.994320870E-1,1.085241532E2,1.607549886E1,-1.691415978E0,1.074561411E2
1.005703896E1,5.841702825E-1,9.232361141E-2,1.062295597E-1,7.993351703E-1,1.085112082E2,1.612704081E1,-1.345584175E0,1.074891830E2
1.006708496E1,5.838822088E-1,9.075149576E-2,1.087121527E-1,7.993918579E-1,1.085518752E2,1.625003742E1,-1.039507316E0,1.075622035E2
1.007713096E1,5.830550874E-1,8.934291582E-2,1.116463010E-1,7.997498005E-1,1.086685813E2,1.642647761E1,-7.283676124E-1,1.077072644E2
1.008717696E1,5.815662921E-1,8.781462499E-2,1.151374127E-1,8.005077694E-1,1.088784343E2,1.664752790E1,-3.823090829E-1,1.079475025E2
1.009722296E1,5.793910301E-1,8.613653241E-2,1.191745698E-1,8.016756375E-1,1.091845553E2,1.691137639E1,-5.595269875E-4,1.082867486E2
1.010726896E1,5.766515797E-1,8.447941052E-2,1.236625058E-1,8.031462148E-1,1.095692489E2,1.722204684E1,3.965885719E-1,1.087040635E2
1.011731496E1,5.734173254E-1,8.304598435E-2,1.283930799E-1,8.048672287E-1,1.100222566E2,1.757455513E1,7.771637564E-1,1.091851738E2
1.012735996E1,5.699159444E-1,8.196453837E-2,1.331808566E-1,8.066848432E-1,1.105112710E2,1.796010944E1,1.121045446E0,1.096954009E2
1.013740596E1,5.662879858E-1,8.133316014E-2,1.378128769E-1,8.085235837E-1,1.110164416E2,1.836449470E1,1.407554915E0,1.102129208E2
1.014745196E1,5.629399034E-1,8.127092241E-2,1.420313839E-1,8.101363118E-1,1.114812870E2,1.876934006E1,1.617629853E0,1.106787708E2
1.015749796E1,5.595923689E-1,8.169066815E-2,1.456833399E-1,8.117631591E-1,1.119447760E2,1.915346484E1,1.743184802E0,1.111329299E2
1.016754396E1,5.563422252E-1,8.246818530E-2,1.486912840E-1,8.133715144E-1,1.123935725E2,1.950001140E1,1.793188483E0,1.115642679E2
1.017758958E1,5.534139359E-1,8.351824242E-2,1.509217901E-1,8.148498678E-1,1.127969201E2,1.978913856E1,1.772715499E0,1.119436324E2
1.018763558E1,5.507418468E-1,8.466849577E-2,1.524485992E-1,8.162561185E-1,1.131641567E2,2.001621950E1,1.701779623E0,1.122839222E2
1.019768158E1,5.482889318E-1,8.576162434E-2,1.533771496E-1,8.176182730E-1,1.135005889E2,2.018100174E1,1.601593784E0,1.125939895E2
1.020772758E1,5.460859266E-1,8.660713490E-2,1.538723514E-1,8.189094734E-1,1.138021933E2,2.028707218E1,1.501793764E0,1.128744011E2
1.021777358E1,5.441121159E-1,8.709836959E-2,1.541221847E-1,8.201232921E-1,1.140719808E2,2.034599057E1,1.424330290E0,1.131308990E2
1.022781958E1,5.422246536E-1,8.715024973E-2,1.542801959E-1,8.213372477E-1,1.143295811E2,2.036770417E1,1.383802337E0,1.133851658E2
1.023786558E1,5.403943213E-1,8.678557149E-2,1.544461306E-1,8.225500444E-1,1.145790279E2,2.036367298E1,1.383980781E0,1.136407944E2
1.024791158E1,5.385319469E-1,8.616996672E-2,1.547165106E-1,8.237844307E-1,1.148324842E2,2.035418812E1,1.413550825E0,1.139061267E2
1.025795758E1,5.365559341E-1,8.548284401E-2,1.551780423E-1,8.250576027E-1,1.151010146E2,2.035935991E1,1.459301259E0,1.141880958E2
1.026800358E1,5.345306410E-1,8.491570285E-2,1.558128924E-1,8.263102598E-1,1.153758275E2,2.038946104E1,1.503619426E0,1.144736846E2
1.027804958E1,5.325148731E-1,8.464934267E-2,1.565434579E-1,8.275002023E-1,1.156489346E2,2.044801820E1,1.525894953E0,1.147508569E2
1.028809558E1,5.305657500E-1,8.473973712E-2,1.572726300E-1,8.286039439E-1,1.159126235E2,2.052867932E1,1.515970010E0,1.150106251E2
1.029814158E1,5.286285755E-1,8.509148418E-2,1.579456414E-1,8.296773609E-1,1.161743201E2,2.062001275E1,1.477948260E0,1.152624095E2
1.030818658E1,5.266847523E-1,8.552867871E-2,1.585737928E-1,8.307481543E-1,1.164365413E2,2.071213770E1,1.428601338E0,1.155126325E2
1.031823258E1,5.248248435E-1,8.589847252E-2,1.592055135E-1,8.317655476E-1,1.166870949E2,2.080023258E1,1.387566526E0,1.157527227E2
1.032827858E1,5.229898434E-1,8.604347085E-2,1.599634060E-1,8.327603924E-1,1.169339624E2,2.088693036E1,1.375877477E0,1.159943604E2
1.033832458E1,5.210728783E-1,8.584723249E-2,1.608779320E-1,8.338055078E-1,1.171915088E2,2.096849454E1,1.403799016E0,1.162545184E2
1.034837058E1,5.190412211E-1,8.536404258E-2,1.619318746E-1,8.349175208E-1,1.174640791E2,2.104688131E1,1.464339661E0,1.165362732E2
1.035841658E1,5.168804681E-1,8.474329853E-2,1.630695919E-1,8.360989496E-1,1.177535378E2,2.112593354E1,1.539574358E0,1.168379902E2
1.036846258E1,5.146348418E-1,8.418833253E-2,1.641971439E-1,8.373186373E-1,1.180538991E2,2.120864158E1,1.605536013E0,1.171489711E2
1.037850858E1,5.123701547E-1,8.388050512E-2,1.652632352E-1,8.385278830E-1,1.183563322E2,2.130058974E1,1.643446188E0,1.174562719E2
1.038855458E1,5.101495637E-1,8.391451763E-2,1.662212120E-1,8.396882279E-1,1.186524148E2,2.140240820E1,1.642969197E0,1.177492549E2
1.039860058E1,5.079428601E-1,8.427384849E-2,1.670465448E-1,8.408254974E-1,1.189461968E2,2.151040296E1,1.603402382E0,1.180322244E2
1.040864658E1,5.057082236E-1,8.483867948E-2,1.677338124E-1,8.419779714E-1,1.192432458E2,2.161671318E1,1.534801617E0,1.183133447E2
1.041869258E1,5.034243913E-1,8.547149861E-2,1.683122726E-1,8.431663228E-1,1.195463686E2,2.171599281E1,1.451550663E0,1.185986106E2
1.042873858E1,5.010453808E-1,8.601168949E-2,1.688316113E-1,8.444236371E-1,1.198616281E2,2.180375219E1,1.370874485E0,1.188978275E2
1.043878458E1,4.986509762E-1,8.638957287E-2,1.693039774E-1,8.457068822E-1,1.201784213E2,2.187703180E1,1.302254653E0,1.192022545E2
1.044883058E1,4.963034705E-1,8.662046384E-2,1.697819964E-1,8.469674207E-1,1.204885211E2,2.194204150E1,1.248996018E0,1.195034851E2
1.045887658E1,4.940787596E-1,8.672982701E-2,1.703221794E-1,8.481477326E-1,1.207819579E2,2.200599271E1,1.213943737E0,1.197911472E2
1.046892258E1,4.919615338E-1,8.675615035E-2,1.708726778E-1,8.492642237E-1,1.210608215E2,2.206600753E1,1.189991693E0,1.200663444E2
1.047896758E1,4.898660346E-1,8.675701436E-2,1.713697156E-1,8.503745824E-1,1.213364464E2,2.211912182E1,1.165733630E0,1.203388902E2
1.048901358E1,4.878578216E-1,8.679474106E-2,1.717694521E-1,8.514438480E-1,1.216002412E2,2.216437343E1,1.134326836E0,1.205987429E2
1.049905958E1,4.858421696E-1,8.692211674E-2,1.720798979E-1,8.525200467E-1,1.218646724E2,2.220565828E1,1.088779752E0,1.208569543E2
1.050910558E1,4.838932150E-1,8.721114666E-2,1.723386295E-1,8.535460696E-1,1.221200314E2,2.225073058E1,1.026195009E0,1.211021797E2
1.051915158E1,4.819781887E-1,8.766871128E-2,1.726414573E-1,8.545209683E-1,1.223706389E2,2.230968487E1,9.505421738E-1,1.213385529E2
1.052919758E1,4.800764175E-1,8.824576749E-2,1.730491411E-1,8.554491473E-1,1.226192138E2,2.238589454E1,8.694446999E-1,1.215699300E2
1.053924358E1,4.781132805E-1,8.887264128E-2,1.736232839E-1,8.563668738E-1,1.228755005E2,2.248175985E1,7.911666244E-1,1.218076216E2
1.054928958E1,4.760320059E-1,8.948527733E-2,1.743825278E-1,8.573077390E-1,1.231468698E2,2.259564511E1,7.214008508E-1,1.220604563E2
1.055933558E1,4.738646675E-1,9.011058642E-2,1.752859270E-1,8.582582980E-1,1.234290913E2,2.272490178E1,6.558961867E-1,1.223235599E2
1.056938158E1,4.716680580E-1,9.085412795E-2,1.762549384E-1,8.591909234E-1,1.237147433E2,2.286736960E1,5.813080185E-1,1.225868452E2
1.057942758E1,4.694670442E-1,9.177119596E-2,1.772504101E-1,8.600936457E-1,1.240005864E2,2.302204951E1,4.906187092E-1,1.228456273E2
1.058947358E1,4.673444236E-1,9.289029225E-2,1.782775577E-1,8.609167947E-1,1.242758901E2,2.319094377E1,3.834502595E-1,1.230884740E2
1.059951958E1,4.653447242E-1,9.409344253E-2,1.794142319E-1,8.616328697E-1,1.245349314E2,2.337546174E1,2.767927886E-1,1.233126805E2
1.060956558E1,4.633734529E-1,9.519018255E-2,1.807562139E-1,8.622940484E-1,1.247899892E2,2.357501961E1,1.920217885E-1,1.235353114E2
1.061961158E1,4.613727209E-1,9.607053012E-2,1.822933042E-1,8.629454068E-1,1.250485556E2,2.378264587E1,1.376859084E-1,1.237667228E2
1.062965758E1,4.593441931E-1,9.670850960E-2,1.839892275E-1,8.635962385E-1,1.253104049E2,2.399334928E1,1.142797322E-1,1.240075404E2
1.063970258E1,4.572396745E-1,9.713328661E-2,1.858485990E-1,8.642669213E-1,1.255817366E2,2.420941086E1,1.178307244E-1,1.242631906E2
1.064974858E1,4.550965915E-1,9.740169882E-2,1.878476661E-1,8.649353703E-1,1.258577015E2,2.443167504E1,1.423982822E-1,1.245274973E2
1.065979458E1,4.529226782E-1,9.758413672E-2,1.899279029E-1,8.656014380E-1,1.261372897E2,2.465805610E1,1.780395140E-1,1.247976302E2
1.066984058E1,4.507315689E-1,9.775561644E-2,1.919974554E-1,8.662689387E-1,1.264187393E2,2.488313768E1,2.127580733E-1,1.250697872E2
1.067988658E1,4.485921527E-1,9.798884129E-2,1.939446556E-1,8.669190539E-1,1.266932125E2,2.509916763E1,2.353324158E-1,1.253332615E2
1.068993258E1,4.464422841E-1,9.827419126E-2,1.957033224E-1,8.676011163E-1,1.269686947E2,2.529862368E1,2.414955750E-1,1.255961357E2
1.069997858E1,4.442145703E-1,9.857074176E-2,1.972223528E-1,8.683666717E-1,1.272538037E2,2.547385822E1,2.307302401E-1,1.258679620E2
1.071002458E1,4.419193372E-1,9.885455337E-2,1.985069729E-1,8.692123060E-1,1.275471867E2,2.562401359E1,2.060905680E-1,1.261480633E2
1.072007058E1,4.395093593E-1,9.909265672E-2,1.995944512E-1,8.701575123E-1,1.278548389E2,2.575115895E1,1.715907682E-1,1.264432907E2
1.073011658E1,4.369802534E-1,9.930125201E-2,2.004993967E-1,8.711989188E-1,1.281772649E2,2.585761075E1,1.264099225E-1,1.267537143E2
1.074016258E1,4.343835650E-1,9.951839257E-2,2.012323093E-1,8.723030187E-1,1.285078487E2,2.594637394E1,6.896278079E-2,1.270717343E2
1.075020858E1,4.316938585E-1,9.977567274E-2,2.017819938E-1,8.734810864E-1,1.288497905E2,2.601781604E1,-5.055270089E-3,1.273996084E2
1.076025458E1,4.289466426E-1,1.000892927E-1,2.021239048E-1,8.747186864E-1,1.291985400E2,2.607004967E1,-9.735752627E-2,1.277324202E2
1.077030058E1,4.261838534E-1,1.004364352E-1,2.022130665E-1,8.760078532E-1,1.295487590E2,2.609699698E1,-2.066276054E-1,1.280656324E2
1.078034658E1,4.233619323E-1,1.008023278E-1,2.020309552E-1,8.773750337E-1,1.299059539E2,2.609577957E1,-3.333751042E-1,1.284051002E2
1.079039258E1,4.205510325E-1,1.011690370E-1,2.015717548E-1,8.787891869E-1,1.302612373E2,2.606475489E1,-4.738467909E-1,1.287427413E2
1.080043758E1,4.177283948E-1,1.014845378E-1,2.008589146E-1,8.802611024E-1,1.306174912E2,2.600364747E1,-6.220632319E-1,1.290829574E2
1.081048358E1,4.148813542E-1,1.017311864E-1,1.999256095E-1,8.817902111E-1,1.309763100E2,2.591501945E1,-7.746805037E-1,1.294278842E2
1.082052958E1,4.119999427E-1,1.018422855E-1,1.988034497E-1,8.833806646E-1,1.313389397E2,2.579883586E1,-9.234756011E-1,1.297807482E2
1.083057558E1,4.090540255E-1,1.017533188E-1,1.975108427E-1,8.850483522E-1,1.317091520E2,2.565382847E1,-1.061637159E0,1.301471482E2
1.084062158E1,4.059967353E-1,1.014481703E-1,1.960945453E-1,8.868042320E-1,1.320927944E2,2.548421445E1,-1.186212982E0,1.305332349E2
1.085066758E1,4.028150275E-1,1.009611213E-1,1.946173825E-1,8.886342903E-1,1.324914444E2,2.529850428E1,-1.297597697E0,1.309395021E2
1.086071358E1,3.995422194E-1,1.004023911E-1,1.931380176E-1,8.904960220E-1,1.329008730E2,2.510854328E1,-1.402871218E0,1.313585385E2
1.087075958E1,3.961701343E-1,9.988058152E-2,1.917036023E-1,8.923691965E-1,1.333220553E2,2.492469359E1,-1.510848489E0,1.317881149E2
1.088080558E1,3.924726967E-1,9.942301952E-2,1.903976558E-1,8.943315327E-1,1.337831089E2,2.475680573E1,-1.626417024E0,1.322549932E2
1.089085158E1,3.889784490E-1,9.914775846E-2,1.892313893E-1,8.961345117E-1,1.342180991E2,2.461254201E1,-1.746966401E0,1.326911549E2
1.090089758E1,3.853449481E-1,9.897428203E-2,1.882327198E-1,8.979320115E-1,1.346696865E2,2.449036411E1,-1.872489919E0,1.331406735E2
1.091094358E1,3.815664199E-1,9.889885497E-2,1.874048766E-1,8.997252546E-1,1.351385118E2,2.439034939E1,-2.002825405E0,1.336042705E2
1.092098958E1,3.776830514E-1,9.892400610E-2,1.867307694E-1,9.014994262E-1,1.356195216E2,2.431078068E1,-2.138188957E0,1.340769206E2
1.093103558E1,3.736515157E-1,9.903449143E-2,1.861932733E-1,9.032766955E-1,1.361180145E2,2.424892583E1,-2.279156703E0,1.345642415E2
1.094108158E1,3.695658213E-1,9.921796193E-2,1.857621057E-1,9.050245043E-1,1.366223143E2,2.420108679E1,-2.423573433E0,1.350551367E2
1.095112758E1,3.654185925E-1,9.939529480E-2,1.854052273E-1,9.067605962E-1,1.371333083E2,2.416012747E1,-2.565097262E0,1.355527137E2
1.096117258E1,3.612039498E-1,9.943421478E-2,1.850290061E-1,9.085201007E-1,1.376516938E2,2.410993981E1,-2.694441841E0,1.360615115E2
1.097121858E1,3.569686129E-1,9.919521317E-2,1.844981744E-1,9.103264303E-1,1.381717111E2,2.402988211E1,-2.801730336E0,1.365800764E2
1.098126458E1,3.526664945E-1,9.856872925E-2,1.837067119E-1,9.122293816E-1,1.386990064E2,2.390373630E1,-2.880909829E0,1.371171997E2
1.099131058E1,3.483893058E-1,9.759906460E-2,1.826446667E-1,9.141883250E-1,1.392223411E2,2.373304116E1,-2.933963878E0,1.376605538E2
1.100135658E1,3.442164728E-1,9.639142042E-2,1.814344726E-1,9.161360573E-1,1.397320526E2,2.353633755E1,-2.964077728E0,1.381973130E2
1.101140258E1,3.401479321E-1,9.501609763E-2,1.802599743E-1,9.180293148E-1,1.402282257E2,2.333704662E1,-2.970685210E0,1.387250578E2
1.102144858E1,3.361890576E-1,9.357815516E-2,1.792899408E-1,9.198234429E-1,1.407102797E2,2.315837090E1,-2.957783170E0,1.392398336E2
1.103149458E1,3.322979552E-1,9.222284685E-2,1.786627878E-1,9.214948394E-1,1.411833770E2,2.302159689E1,-2.936387418E0,1.397425190E2
1.104154058E1,3.283146776E-1,9.108068570E-2,1.784398758E-1,9.230780225E-1,1.416669697E2,2.293837853E1,-2.922222647E0,1.402487004E2
1.105158658E1,3.242107547E-1,9.037857979E-2,1.785386706E-1,9.245772702E-1,1.421644687E2,2.290862810E1,-2.943756768E0,1.407561188E2
1.106163258E1,3.199547448E-1,9.034262326E-2,1.788131151E-1,9.260092726E-1,1.426796239E2,2.292473153E1,-3.031903405E0,1.412629811E2
1.107167858E1,3.156472526E-1,9.111782761E-2,1.791589537E-1,9.273438105E-1,1.432002155E2,2.298041072E1,-3.204105285E0,1.417536601E2
1.108172458E1,3.114001358E-1,9.270408484E-2,1.794216787E-1,9.285707684E-1,1.437127411E2,2.305802533E1,-3.463963001E0,1.422150209E2
1.109177058E1,3.072755187E-1,9.489652702E-2,1.794637149E-1,9.297145075E-1,1.442097659E2,2.313380107E1,-3.793674594E0,1.426452952E2
1.110181658E1,3.032350268E-1,9.729998793E-2,1.793876451E-1,9.308068273E-1,1.446959793E2,2.320314215E1,-4.148500827E0,1.430591731E2
1.111186158E1,2.992492626E-1,9.950368596E-2,1.794995161E-1,9.318416378E-1,1.451749646E2,2.328392222E1,-4.474371195E0,1.434701391E2
1.112190758E1,2.952263880E-1,1.011759675E-1,1.801574494E-1,9.328172952E-1,1.456577738E2,2.340311431E1,-4.725549197E0,1.438967106E2
1.113195358E1,2.910761878E-1,1.021827056E-1,1.815981999E-1,9.337320504E-1,1.461552064E2,2.358227031E1,-4.882046182E0,1.443522071E2
1.114199958E1,2.868789729E-1,1.026974398E-1,1.838094818E-1,9.345415017E-1,1.466576068E2,2.382800412E1,-4.961589730E0,1.448223981E2
1.115204558E1,2.827527753E-1,1.031211289E-1,1.865253957E-1,9.352139336E-1,1.471508643E2,2.412709328E1,-5.014018989E0,1.452834125E2
1.116209158E1,2.787521754E-1,1.037558104E-1,1.895218970E-1,9.357421390E-1,1.476285105E2,2.446625975E1,-5.078359378E0,1.457212763E2
1.117213758E1,2.749700436E-1,1.047446518E-1,1.926759433E-1,9.361069200E-1,1.480795421E2,2.483736276E1,-5.171900664E0,1.461213636E2
1.118218329E1,2.714859533E-1,1.060575393E-1,1.959295403E-1,9.363006058E-1,1.484945822E2,2.523302392E1,-5.291291292E0,1.464751918E2
1.119222929E1,2.681272288E-1,1.074841891E-1,1.992736188E-1,9.364000302E-1,1.488942872E2,2.564364336E1,-5.418803195E0,1.468089420E2
1.120227529E1,2.649248691E-1,1.088253598E-1,2.026752752E-1,9.364264563E-1,1.492750229E2,2.605853231E1,-5.533426368E0,1.471250554E2
1.121232129E1,2.618543026E-1,1.099179483E-1,2.061229348E-1,9.364100190E-1,1.496397632E2,2.647054659E1,-5.618726944E0,1.474316387E2
1.122236729E1,2.589568754E-1,1.107166943E-1,2.096028947E-1,9.363491590E-1,1.499836483E2,2.687694205E1,-5.669079889E0,1.477257198E2
1.123241329E1,2.563032677E-1,1.112825737E-1,2.130507440E-1,9.362340559E-1,1.502983528E2,2.727316977E1,-5.690909106E0,1.479979697E2
1.124245929E1,2.540015229E-1,1.117463945E-1,2.163443990E-1,9.360507382E-1,1.505711425E2,2.765068048E1,-5.698688708E0,1.482327428E2
1.125250429E1,2.520744847E-1,1.122223957E-1,2.193265046E-1,9.358207007E-1,1.507993930E2,2.799569469E1,-5.708470214E0,1.484248468E2
1.126255029E1,2.505532995E-1,1.128381085E-1,2.218773688E-1,9.355538480E-1,1.509794880E2,2.829909015E1,-5.736178372E0,1.485673464E2
1.127259629E1,2.495518694E-1,1.136905707E-1,2.239337768E-1,9.352282425E-1,1.510980086E2,2.855752164E1,-5.790254765E0,1.486443202E2
1.128264229E1,2.490611536E-1,1.147290848E-1,2.255524739E-1,9.348432310E-1,1.511560739E2,2.877556102E1,-5.863261126E0,1.486582075E2
1.129268829E1,2.490193650E-1,1.158073751E-1,2.268124487E-1,9.344165152E-1,1.511610183E2,2.895676131E1,-5.938635832E0,1.486205746E2
1.130273429E1,2.494054301E-1,1.167751984E-1,2.277452374E-1,9.339661340E-1,1.511153372E2,2.909934817E1,-5.999879026E0,1.485387816E2
1.131278029E1,2.501371205E-1,1.174770541E-1,2.283517675E-1,9.335341920E-1,1.510287472E2,2.919744828E1,-6.032881141E0,1.484276420E2
1.132282629E1,2.512130031E-1,1.178364455E-1,2.285869838E-1,9.331422685E-1,1.509013939E2,2.924311462E1,-6.031101102E0,1.482902737E2
1.133287229E1,2.525727026E-1,1.178557383E-1,2.284323786E-1,9.328106150E-1,1.507403923E2,2.923387046E1,-5.997357813E0,1.481337102E2
1.134291829E1,2.542035960E-1,1.176347307E-1,2.279323168E-1,9.325177997E-1,1.505472008E2,2.917817094E1,-5.941358684E0,1.479557312E2
1.135296429E1,2.561344695E-1,1.173047367E-1,2.271141042E-1,9.322306532E-1,1.503183636E2,2.908394959E1,-5.875468586E0,1.477483276E2
1.136301029E1,2.579692272E-1,1.169052531E-1,2.260758324E-1,9.320272315E-1,1.501008054E2,2.896159797E1,-5.812684242E0,1.475552531E2
1.137305629E1,2.600999611E-1,1.166208935E-1,2.248260888E-1,9.317729595E-1,1.498480129E2,2.882097841E1,-5.760700339E0,1.473249726E2
1.138310229E1,2.624782235E-1,1.165059433E-1,2.233946290E-1,9.314646975E-1,1.495656758E2,2.866728088E1,-5.725920208E0,1.470610637E2
1.139314729E1,2.650202685E-1,1.165541698E-1,2.218431087E-1,9.311096524E-1,1.492636857E2,2.850696631E1,-5.708282142E0,1.467730756E2
1.140319329E1,2.676159665E-1,1.166893242E-1,2.203176562E-1,9.307124184E-1,1.489550958E2,2.835330863E1,-5.698135061E0,1.464755177E2
1.141323929E1,2.701552930E-1,1.168291253E-1,2.189921167E-1,9.302738594E-1,1.486529842E2,2.822234432E1,-5.684030501E0,1.461829686E2
1.142328529E1,2.725609087E-1,1.168850278E-1,2.180563777E-1,9.297849138E-1,1.483665743E2,2.813170758E1,-5.652142960E0,1.459064180E2
1.143333129E1,2.748451625E-1,1.167478609E-1,2.176587432E-1,9.292226959E-1,1.480944258E2,2.809387938E1,-5.585130816E0,1.456472841E2
1.144337729E1,2.770821908E-1,1.163841916E-1,2.178633925E-1,9.285557220E-1,1.478277247E2,2.811495958E1,-5.474704265E0,1.453978511E2
1.145342329E1,2.793747265E-1,1.158523036E-1,2.185995663E-1,9.277620126E-1,1.475542200E2,2.818946360E1,-5.326110554E0,1.451448016E2
1.146346929E1,2.817476151E-1,1.152569214E-1,2.196930820E-1,9.268597960E-1,1.472709289E2,2.830168372E1,-5.155438538E0,1.448828241E2
1.147351529E1,2.841431788E-1,1.146881181E-1,2.208855744E-1,9.259151798E-1,1.469847218E2,2.842560426E1,-4.982799765E0,1.446170143E2
1.148356129E1,2.864192983E-1,1.142193503E-1,2.219123033E-1,9.250259445E-1,1.467125889E2,2.853362784E1,-4.829551395E0,1.443626819E2
1.149360729E1,2.883667145E-1,1.137737844E-1,2.227649446E-1,9.242704412E-1,1.464796023E2,2.862103112E1,-4.694308189E0,1.441466845E2
1.150365329E1,2.897731127E-1,1.131492418E-1,2.237547106E-1,9.236680363E-1,1.463112538E2,2.871415746E1,-4.551117228E0,1.439991670E2
1.151369929E1,2.905767477E-1,1.122614079E-1,2.252457502E-1,9.231612836E-1,1.462150236E2,2.885054650E1,-4.379852287E0,1.439287523E2
1.152374529E1,2.908374470E-1,1.112172408E-1,2.275061911E-1,9.226512436E-1,1.461838012E2,2.906505843E1,-4.180272725E0,1.439242187E2
1.153379129E1,2.906469643E-1,1.102581261E-1,2.306100536E-1,9.220556032E-1,1.462066144E2,2.937617714E1,-3.972405378E0,1.439669516E2
1.154383629E1,2.901102874E-1,1.094367156E-1,2.346253101E-1,9.213091615E-1,1.462708822E2,2.979444844E1,-3.756461688E0,1.440430426E2
1.155388229E1,2.893429408E-1,1.088158398E-1,2.394090511E-1,9.203928258E-1,1.463627541E2,3.030708620E1,-3.541070303E0,1.441376485E2
1.156392829E1,2.884345920E-1,1.085244787E-1,2.446687039E-1,9.193286178E-1,1.464714790E2,3.088672144E1,-3.347833953E0,1.442369237E2
1.157397429E1,2.873426725E-1,1.086084457E-1,2.501068801E-1,9.181965324E-1,1.466021352E2,3.150156509E1,-3.193890373E0,1.443447317E2
1.158402029E1,2.859977244E-1,1.090500341E-1,2.554015622E-1,9.171059827E-1,1.467630068E2,3.211433040E1,-3.091595803E0,1.444699835E2
1.159406629E1,2.843522693E-1,1.098110586E-1,2.603027138E-1,9.161483642E-1,1.469597310E2,3.269493769E1,-3.047917436E0,1.446194095E2
1.160411229E1,2.824036940E-1,1.108128945E-1,2.647207941E-1,9.153641377E-1,1.471925656E2,3.322993100E1,-3.058298711E0,1.447956397E2
1.161415829E1,2.802274204E-1,1.119213830E-1,2.686933190E-1,9.147404276E-1,1.474524433E2,3.371837079E1,-3.105092069E0,1.449942937E2
1.162420429E1,2.780299259E-1,1.128458214E-1,2.724657675E-1,9.141814340E-1,1.477146807E2,3.417759611E1,-3.142291005E0,1.452015906E2
1.163425029E1,2.760909812E-1,1.129802751E-1,2.764518425E-1,9.135554900E-1,1.479459199E2,3.463289235E1,-3.082612202E0,1.454073921E2
1.164429629E1,2.745703019E-1,1.119807626E-1,2.807831477E-1,9.128155810E-1,1.481271828E2,3.508742888E1,-2.880104658E0,1.456072761E2
1.165434229E1,2.734727979E-1,1.100069835E-1,2.853497166E-1,9.119685980E-1,1.482579529E2,3.553537465E1,-2.554809230E0,1.457963006E2
1.166438829E1,2.725701599E-1,1.075744360E-1,2.898655407E-1,9.111044401E-1,1.483654725E2,3.596302197E1,-2.178090718E0,1.459823603E2
1.167443329E1,2.716496095E-1,1.053426761E-1,2.938406207E-1,9.103665120E-1,1.484750963E2,3.633777247E1,-1.842807274E0,1.461654084E2
1.168447929E1,2.706770921E-1,1.038852065E-1,2.968265037E-1,9.098548703E-1,1.485908765E2,3.662796268E1,-1.624705046E0,1.463272752E2
1.169452529E1,2.697153221E-1,1.034779415E-1,2.984797559E-1,9.096459694E-1,1.487053449E2,3.680284860E1,-1.561357572E0,1.464497404E2
1.170457129E1,2.688534822E-1,1.039563082E-1,2.986303888E-1,9.097971291E-1,1.488078925E2,3.683618049E1,-1.637888950E0,1.465287439E2
1.171461729E1,2.681771939E-1,1.047777397E-1,2.974071713E-1,9.103029756E-1,1.488883440E2,3.672330305E1,-1.790402609E0,1.465755259E2
1.172466329E1,2.677248950E-1,1.053044278E-1,2.951569300E-1,9.111073693E-1,1.489421408E2,3.648164209E1,-1.939578412E0,1.466103229E2
1.173470929E1,2.674427219E-1,1.050849797E-1,2.922044906E-1,9.121666460E-1,1.489756992E2,3.613264989E1,-2.029502745E0,1.466561625E2
1.174475529E1,2.672378039E-1,1.038979137E-1,2.889186380E-1,9.134085451E-1,1.490000680E2,3.571105551E1,-2.027692291E0,1.467307481E2
1.175480129E1,2.670031092E-1,1.018362269E-1,2.856484535E-1,9.147369505E-1,1.490279762E2,3.526063872E1,-1.935170112E0,1.468408921E2
1.176484729E1,2.666325751E-1,9.914699454E-2,2.826912725E-1,9.160581488E-1,1.490720335E2,3.482470744E1,-1.770688236E0,1.469877677E2
1.177489329E1,2.660615275E-1,9.609926110E-2,2.802871425E-1,9.172868559E-1,1.491399231E2,3.444067427E1,-1.555996703E0,1.471678138E2
1.178493929E1,2.652993860E-1,9.295487439E-2,2.786279686E-1,9.183366075E-1,1.492305138E2,3.414002297E1,-1.311504336E0,1.473701819E2
1.179498529E1,2.644518972E-1,9.000176062E-2,2.778061578E-1,9.191238263E-1,1.493312260E2,3.394345679E1,-1.060765575E0,1.475729013E2
1.180503029E1,2.636028489E-1,8.747473041E-2,2.778170633E-1,9.196083043E-1,1.494320993E2,3.385829768E1,-8.261328279E-1,1.477589708E2
1.181507629E1,2.628266304E-1,8.552887364E-2,2.785829769E-1,9.197817386E-1,1.495242985E2,3.388050816E1,-6.244069818E-1,1.479153479E2
1.182512229E1,2.621419338E-1,8.424396374E-2,2.799700929E-1,9.196744959E-1,1.496056101E2,3.399697512E1,-4.681258608E-1,1.480377855E2
1.183516829E1,2.615420577E-1,8.359124603E-2,2.818797560E-1,9.193216004E-1,1.496768358E2,3.419509040E1,-3.579664966E-1,1.481283601E2
1.184521429E1,2.610084154E-1,8.351204157E-2,2.842461014E-1,9.187516696E-1,1.497401873E2,3.446516802E1,-2.906287167E-1,1.481911926E2
1.185526029E1,2.605390681E-1,8.395369839E-2,2.870105553E-1,9.179847656E-1,1.497958981E2,3.479870928E1,-2.625019367E-1,1.482281216E2
1.186530629E1,2.601430774E-1,8.483034231E-2,2.900520089E-1,9.170600426E-1,1.498428960E2,3.517898648E1,-2.680873746E-1,1.482408358E2
1.187535229E1,2.597902872E-1,8.603716463E-2,2.931807486E-1,9.160522483E-1,1.498847622E2,3.558070856E1,-3.035575806E-1,1.482361701E2
1.188539829E1,2.594926672E-1,8.753093324E-2,2.961661363E-1,9.150342122E-1,1.499200781E2,3.597582822E1,-3.713775597E-1,1.482140276E2
1.189544429E1,2.592898144E-1,8.933130963E-2,2.988097236E-1,9.140577119E-1,1.499441471E2,3.634206593E1,-4.785003441E-1,1.481689573E2
1.190549029E1,2.592217262E-1,9.140115189E-2,3.009983146E-1,9.131538095E-1,1.499522257E2,3.666513647E1,-6.231620263E-1,1.480976527E2
1.191553629E1,2.593213613E-1,9.359273533E-2,3.027218784E-1,9.123333789E-1,1.499404041E2,3.693902324E1,-7.890481990E-1,1.480019399E2
1.192558229E1,2.596931597E-1,9.557941133E-2,3.040876049E-1,9.115672546E-1,1.498962878E2,3.716523098E1,-9.348325052E-1,1.478826373E2
1.193562829E1,2.604009739E-1,9.698670514E-2,3.051812207E-1,9.108509268E-1,1.498122883E2,3.734085937E1,-1.016588544E0,1.477473318E2
1.194567329E1,2.614047222E-1,9.760221772E-2,3.059426457E-1,9.102420102E-1,1.496931406E2,3.745128544E1,-1.016112156E0,1.476093720E2
1.195571929E1,2.625699772E-1,9.741833102E-2,3.062588314E-1,9.098198884E-1,1.495547794E2,3.748265423E1,-9.418430167E-1,1.474846310E2
1.196576529E1,2.637430293E-1,9.656278160E-2,3.060660622E-1,9.096366971E-1,1.494154465E2,3.743167174E1,-8.152615732E-1,1.473854770E2
1.197581129E1,2.647809376E-1,9.521655858E-2,3.053801328E-1,9.097075038E-1,1.492921270E2,3.730634517E1,-6.601055193E-1,1.473206614E2
1.198585729E1,2.656575710E-1,9.358049167E-2,3.043129430E-1,9.099792878E-1,1.491879411E2,3.712673965E1,-4.942706822E-1,1.472849414E2
1.199590329E1,2.663891560E-1,9.184724468E-2,3.030566297E-1,9.103612225E-1,1.491009740E2,3.692192692E1,-3.303887913E-1,1.472687262E2
1.200594929E1,2.670955793E-1,9.022783631E-2,3.017016928E-1,9.107662116E-1,1.490169805E2,3.670973379E1,-1.825763155E-1,1.472503269E2
1.201599529E1,2.678926184E-1,8.873794522E-2,3.003555225E-1,9.111233219E-1,1.489221925E2,3.650311578E1,-4.448262017E-2,1.472160704E2
1.202604129E1,2.685982831E-1,8.744490098E-2,2.992924315E-1,9.113904064E-1,1.488382529E2,3.633605123E1,7.941075938E-2,1.471842379E2
1.203608729E1,2.692075368E-1,8.650181256E-2,2.985098172E-1,9.115573290E-1,1.487657677E2,3.621338594E1,1.730027366E-1,1.471499804E2
1.204613329E1,2.696803191E-1,8.584877875E-2,2.980737343E-1,9.116220034E-1,1.487095103E2,3.614068165E1,2.432767892E-1,1.471203410E2
1.205617929E1,2.699679292E-1,8.535055032E-2,2.980099345E-1,9.116044703E-1,1.486752831E2,3.611631841E1,3.033460931E-1,1.471060256E2
1.206622429E1,2.700308334E-1,8.479308449E-2,2.983108524E-1,9.115394588E-1,1.486677967E2,3.613219301E1,3.736726304E-1,1.471195185E2
1.207627029E1,2.698286971E-1,8.407577674E-2,2.989489241E-1,9.114566823E-1,1.486918528E2,3.618180043E1,4.622181064E-1,1.471691514E2
1.208631629E1,2.693611621E-1,8.328052893E-2,2.998811492E-1,9.113617255E-1,1.487474884E2,3.626307259E1,5.589461878E-1,1.472519949E2
1.209636229E1,2.686698063E-1,8.250154980E-2,3.010359518E-1,9.112559158E-1,1.488297442E2,3.637100335E1,6.530995722E-1,1.473598605E2
1.210640829E1,2.678473105E-1,8.182097303E-2,3.023221787E-1,9.111336478E-1,1.489275813E2,3.649780528E1,7.364246947E-1,1.474791616E2
1.211645429E1,2.669848174E-1,8.127760532E-2,3.036565164E-1,9.109916972E-1,1.490301512E2,3.663504806E1,8.054282524E-1,1.475980382E2
1.212650029E1,2.662041946E-1,8.086996100E-2,3.049475165E-1,9.108251961E-1,1.491229630E2,3.677193440E1,8.617506908E-1,1.477026368E2
1.213654629E1,2.655879233E-1,8.057737758E-2,3.060938265E-1,9.106464935E-1,1.491962196E2,3.689586794E1,9.072956589E-1,1.477842671E2
1.214659229E1,2.651695527E-1,8.036146981E-2,3.070145981E-1,9.104775057E-1,1.492459442E2,3.699607997E1,9.446912743E-1,1.478404762E2
1.215663829E1,2.648895711E-1,8.013986168E-2,3.077659921E-1,9.103248077E-1,1.492792176E2,3.707637279E1,9.821776906E-1,1.478811116E2
1.216668429E1,2.647524042E-1,7.991341720E-2,3.082919321E-1,9.102066490E-1,1.492955177E2,3.713021721E1,1.018005508E0,1.479055896E2
1.217673054E1,2.647505708E-1,7.959045644E-2,3.085735047E-1,9.101401202E-1,1.492957356E2,3.715238622E1,1.060782400E0,1.479181555E2
1.218677654E1,2.649019412E-1,7.911814832E-2,3.085733466E-1,9.101371910E-1,1.492777476E2,3.713676634E1,1.115425540E0,1.479186759E2
1.219682154E1,2.652067262E-1,7.848620901E-2,3.083026690E-1,9.101948689E-1,1.492415263E2,3.708432576E1,1.183379124E0,1.479074786E2
1.220686754E1,2.656397429E-1,7.774035730E-2,3.077852954E-1,9.103077382E-1,1.491900602E2,3.699935132E1,1.259732922E0,1.478856324E2
1.221691354E1,2.661875887E-1,7.697409599E-2,3.070400443E-1,9.104645034E-1,1.491249371E2,3.688709661E1,1.334890913E0,1.478511030E2
1.222695954E1,2.668601260E-1,7.629822913E-2,3.060633332E-1,9.106533634E-1,1.490449777E2,3.675075076E1,1.397566680E0,1.477986111E2
1.223700554E1,2.676617590E-1,7.578802045E-2,3.048570272E-1,9.108652778E-1,1.489496497E2,3.659299797E1,1.440096761E0,1.477248779E2
1.224705154E1,2.685744701E-1,7.544290098E-2,3.034715549E-1,9.110879185E-1,1.488410858E2,3.641974664E1,1.463447082E0,1.476320764E2
1.225709754E1,2.695858891E-1,7.524600144E-2,3.019679977E-1,9.113049958E-1,1.487207473E2,3.623760588E1,1.470858736E0,1.475223449E2
1.226714354E1,2.706686416E-1,7.519444531E-2,3.004034329E-1,9.115053620E-1,1.485918824E2,3.605320187E1,1.463453113E0,1.473990366E2
1.227718954E1,2.718073652E-1,7.527880223E-2,2.988575076E-1,9.116677116E-1,1.484563121E2,3.587552834E1,1.444283715E0,1.472643988E2
1.228723554E1,2.729549607E-1,7.546677717E-2,2.974408256E-1,9.117726362E-1,1.483196397E2,3.571641347E1,1.418720459E0,1.471251467E2
1.229728154E1,2.740106760E-1,7.569814230E-2,2.963066750E-1,9.118059954E-1,1.481938688E2,3.559168893E1,1.394622137E0,1.469951271E2
1.230732754E1,2.749340081E-1,7.602783602E-2,2.954490920E-1,9.117790425E-1,1.480838370E2,3.550250683E1,1.364732941E0,1.468770330E2
1.231737254E1,2.757590116E-1,7.655787479E-2,2.947165376E-1,9.117226290E-1,1.479854972E2,3.543472663E1,1.314617373E0,1.467631457E2
1.232741854E1,2.765323852E-1,7.731271431E-2,2.939681044E-1,9.116663418E-1,1.478932897E2,3.537291934E1,1.238636613E0,1.466471344E2
1.233746454E1,2.773060538E-1,7.825501247E-2,2.931016284E-1,9.116298216E-1,1.478010257E2,3.530408025E1,1.139029506E0,1.465242994E2
1.234751054E1,2.780620840E-1,7.931335145E-2,2.921629865E-1,9.116093382E-1,1.477108444E2,3.523120298E1,1.024119995E0,1.463993285E2
1.235755654E1,2.787467384E-1,8.039468153E-2,2.912100778E-1,9.116104130E-1,1.476291592E2,3.515787720E1,9.036183228E-1,1.462817446E2
1.236760254E1,2.793201252E-1,8.140368762E-2,2.902952700E-1,9.116371130E-1,1.475607363E2,3.508686034E1,7.878060837E-1,1.461795518E2
1.237764854E1,2.797842674E-1,8.229379745E-2,2.894350422E-1,9.116884268E-1,1.475053409E2,3.501835713E1,6.821875211E-1,1.460941965E2
1.238769454E1,2.801517879E-1,8.309372356E-2,2.885652788E-1,9.117787896E-1,1.474614718E2,3.494589571E1,5.820187152E-1,1.460231699E2
1.239774054E1,2.804691326E-1,8.387760226E-2,2.876488483E-1,9.118990135E-1,1.474235880E2,3.486771291E1,4.799975944E-1,1.459585008E2
1.240778654E1,2.807757299E-1,8.465013292E-2,2.866438777E-1,9.120496253E-1,1.473869837E2,3.477913899E1,3.755790425E-1,1.458955127E2
1.241783254E1,2.810899768E-1,8.542108307E-2,2.855768038E-1,9.122156839E-1,1.473494626E2,3.468355970E1,2.693284485E-1,1.458318009E2
1.242787854E1,2.814258872E-1,8.621853306E-2,2.845142923E-1,9.123690984E-1,1.473093509E2,3.458961953E1,1.611803281E-1,1.457647798E2
1.243792354E1,2.817839457E-1,8.708506173E-2,2.834731492E-1,9.125004491E-1,1.472665899E2,3.450076777E1,4.732913451E-2,1.456928870E2
1.244796954E1,2.821266207E-1,8.811346590E-2,2.824653970E-1,9.126082396E-1,1.472256617E2,3.442169589E1,-8.274282197E-2,1.456170914E2
1.245801554E1,2.824120602E-1,8.937065371E-2,2.815436560E-1,9.126826499E-1,1.471915662E2,3.436087800E1,-2.355689527E-1,1.455398229E2
1.246806154E1,2.826469446E-1,9.085542396E-2,2.807302429E-1,9.127138807E-1,1.471635073E2,3.432089075E1,-4.099503523E-1,1.454602594E2
1.247810754E1,2.828444658E-1,9.246431668E-2,2.799948436E-1,9.127169785E-1,1.471399102E2,3.429462783E1,-5.957447229E-1,1.453805160E2
1.248815354E1,2.830364447E-1,9.405429601E-2,2.793486587E-1,9.126929969E-1,1.471169738E2,3.427825238E1,-7.765931411E-1,1.453019938E2
1.249819954E1,2.831970874E-1,9.551504256E-2,2.788251316E-1,9.126515455E-1,1.470977802E2,3.427152655E1,-9.407800787E-1,1.452315463E2
1.250824554E1,2.833169530E-1,9.677409536E-2,2.784550822E-1,9.125947316E-1,1.470834580E2,3.427522641E1,-1.080030288E0,1.451728261E2
1.251829154E1,2.834125632E-1,9.783690190E-2,2.782301129E-1,9.125203634E-1,1.470720336E2,3.428849352E1,-1.194618281E0,1.451237441E2
1.252833754E1,2.834897551E-1,9.879537392E-2,2.781308887E-1,9.124233625E-1,1.470628098E2,3.431241615E1,-1.294530628E0,1.450803313E2
1.253838354E1,2.835721733E-1,9.976579457E-2,2.781043046E-1,9.123001462E-1,1.470529612E2,3.434519515E1,-1.392849409E0,1.450357062E2
1.254842954E1,2.836766342E-1,1.008364931E-1,2.780903118E-1,9.121542127E-1,1.470404782E2,3.438326644E1,-1.500256104E0,1.449848013E2
1.255847454E1,2.838313132E-1,1.020132015E-1,2.780073141E-1,9.120005453E-1,1.470219936E2,3.441760044E1,-1.619269873E0,1.449242469E2
1.256852054E1,2.840723299E-1,1.032846982E-1,2.778349230E-1,9.118348871E-1,1.469931895E2,3.444556972E1,-1.748179505E0,1.448503258E2
1.257856654E1,2.844181659E-1,1.045739966E-1,2.775969777E-1,9.116525809E-1,1.469518546E2,3.446712796E1,-1.877521134E0,1.447637090E2
1.258861254E1,2.848531424E-1,1.058565199E-1,2.773435961E-1,9.114458717E-1,1.468998592E2,3.448709600E1,-2.003502321E0,1.446670223E2
1.259865854E1,2.853408025E-1,1.071157782E-1,2.771681862E-1,9.111995444E-1,1.468415579E2,3.451547036E1,-2.122314810E0,1.445648790E2
1.260870454E1,2.858392101E-1,1.083171004E-1,2.771707045E-1,9.109005758E-1,1.467819625E2,3.456225664E1,-2.228204774E0,1.444631660E2
1.261875054E1,2.863288300E-1,1.094520676E-1,2.774002836E-1,9.105411053E-1,1.467234090E2,3.463265443E1,-2.319153688E0,1.443642883E2
1.262879654E1,2.867870295E-1,1.105257217E-1,2.778405865E-1,9.101328077E-1,1.466686048E2,3.472490287E1,-2.397038888E0,1.442706766E2
1.263884254E1,2.872395391E-1,1.115627660E-1,2.784183987E-1,9.096870415E-1,1.466144736E2,3.483162195E1,-2.466133474E0,1.441786155E2
1.264888854E1,2.877546579E-1,1.126221586E-1,2.790112046E-1,9.092119623E-1,1.465528434E2,3.494123725E1,-2.534519226E0,1.440782787E2
1.265893454E1,2.883798011E-1,1.137619095E-1,2.794835707E-1,9.087266624E-1,1.464780362E2,3.504067991E1,-2.611421660E0,1.439623267E2
1.266897954E1,2.891380018E-1,1.150001418E-1,2.798019480E-1,9.082317952E-1,1.463872870E2,3.512696347E1,-2.699103322E0,1.438275186E2
1.267902554E1,2.900214840E-1,1.163063674E-1,2.800119552E-1,9.077189523E-1,1.462815155E2,3.520417297E1,-2.793016069E0,1.436757675E2
1.268907154E1,2.909721062E-1,1.175997752E-1,2.801705485E-1,9.071989866E-1,1.461676729E2,3.527554791E1,-2.884867496E0,1.435166826E2
1.269911754E1,2.919320428E-1,1.188200055E-1,2.803070675E-1,9.066892627E-1,1.460526799E2,3.534189765E1,-2.969503654E0,1.433591690E2
1.270916354E1,2.928580091E-1,1.198759579E-1,2.804133987E-1,9.062186509E-1,1.459417229E2,3.539850390E1,-3.039536396E0,1.432117811E2
1.271920954E1,2.937124100E-1,1.206919999E-1,2.804673519E-1,9.058170758E-1,1.458393122E2,3.543960528E1,-3.089525501E0,1.430819039E2
1.272925554E1,2.944707372E-1,1.212048480E-1,2.805102521E-1,9.054890679E-1,1.457483936E2,3.546716987E1,-3.112416778E0,1.429747715E2
1.273930154E1,2.951202833E-1,1.214099346E-1,2.805902469E-1,9.052253340E-1,1.456704996E2,3.548634094E1,-3.106434462E0,1.428919554E2
1.274934754E1,2.956698782E-1,1.213873807E-1,2.807365438E-1,9.050035573E-1,1.456045789E2,3.550361556E1,-3.078341107E0,1.428292692E2
1.275939354E1,2.961535765E-1,1.212556086E-1,2.809675718E-1,9.047912847E-1,1.455465525E2,3.552593270E1,-3.038268084E0,1.427781728E2
1.276943954E1,2.966209219E-1,1.211563159E-1,2.812272333E-1,9.045709199E-1,1.454904792E2,3.555275619E1,-3.000989231E0,1.427276392E2
1.277948554E1,2.971437957E-1,1.212158167E-1,2.814282421E-1,9.043287441E-1,1.454277333E2,3.557944078E1,-2.980069817E0,1.426646863E2
1.278953054E1,2.977942269E-1,1.214874795E-1,2.814909724E-1,9.040588146E-1,1.453496653E2,3.559931130E1,-2.981349124E0,1.425791719E2
1.279957654E1,2.986196519E-1,1.219750026E-1,2.813442066E-1,9.037664630E-1,1.452505699E2,3.560460746E1,-3.006199847E0,1.424656329E2
1.280962254E1,2.996586981E-1,1.225936868E-1,2.809654644E-1,9.034566415E-1,1.451257902E2,3.558955213E1,-3.045482460E0,1.423229803E2
1.281966854E1,3.008700196E-1,1.232024137E-1,2.804020875E-1,9.031462511E-1,1.449802680E2,3.555375121E1,-3.084600534E0,1.421613182E2
1.282971454E1,3.021513049E-1,1.236802852E-1,2.797331222E-1,9.028605586E-1,1.448262772E2,3.550096827E1,-3.112040291E0,1.419969160E2
1.283976054E1,3.034095569E-1,1.240032776E-1,2.790212409E-1,9.026145053E-1,1.446749908E2,3.543702260E1,-3.126399546E0,1.418412520E2
1.284980654E1,3.045604609E-1,1.241917952E-1,2.783157079E-1,9.024188175E-1,1.445365557E2,3.536804615E1,-3.130944912E0,1.417031218E2
1.285985254E1,3.055786234E-1,1.243229509E-1,2.776325549E-1,9.022670256E-1,1.444140427E2,3.529892894E1,-3.133799357E0,1.415824112E2
1.286989854E1,3.065344928E-1,1.244668771E-1,2.769585478E-1,9.021300695E-1,1.442989870E2,3.523126466E1,-3.140001101E0,1.414683071E2
1.287994454E1,3.074841456E-1,1.246459222E-1,2.763245274E-1,9.019765706E-1,1.441846427E2,3.516964019E1,-3.148531038E0,1.413533978E2
1.288999054E1,3.084565366E-1,1.249040031E-1,2.757229075E-1,9.017929157E-1,1.440675224E2,3.511512231E1,-3.163074347E0,1.412326555E2
1.290003654E1,3.094606010E-1,1.252520360E-1,2.751336682E-1,9.015806221E-1,1.439465464E2,3.506595745E1,-3.185197662E0,1.411046883E2
1.291008154E1,3.104824514E-1,1.257179431E-1,2.745333549E-1,9.013474236E-1,1.438233847E2,3.502066431E1,-3.219167153E0,1.409700726E2
1.292012754E1,3.114841134E-1,1.262669321E-1,2.739355176E-1,9.011069336E-1,1.437026143E2,3.497924554E1,-3.262287140E0,1.408345148E2
1.293017354E1,3.124078880E-1,1.267754865E-1,2.733767242E-1,9.008854098E-1,1.435911979E2,3.494044901E1,-3.302654638E0,1.407093919E2
1.294021954E1,3.132171496E-1,1.271225079E-1,2.728741810E-1,9.007078451E-1,1.434935635E2,3.490091654E1,-3.328621679E0,1.406036063E2
1.295026554E1,3.138796349E-1,1.272704275E-1,2.724282831E-1,9.005912459E-1,1.434136168E2,3.485891829E1,-3.337526282E0,1.405223608E2
1.296031154E1,3.143608886E-1,1.272700640E-1,2.720307804E-1,9.005436832E-1,1.433555289E2,3.481553440E1,-3.336088181E0,1.404677300E2
1.297035754E1,3.146476980E-1,1.272291921E-1,2.716867673E-1,9.005531662E-1,1.433209061E2,3.477587031E1,-3.335470811E0,1.404370408E2
1.298040354E1,3.147700924E-1,1.272630518E-1,2.714026395E-1,9.005911827E-1,1.433061299E2,3.474565288E1,-3.345975225E0,1.404223384E2
1.299044954E1,3.147629907E-1,1.274443360E-1,2.712086692E-1,9.006265228E-1,1.433069873E2,3.473151196E1,-3.372462613E0,1.404167120E2
1.300049554E1,3.146550315E-1,1.277850353E-1,2.711250235E-1,9.006411688E-1,1.433200208E2,3.473631543E1,-3.414283177E0,1.404162888E2
1.301054154E1,3.144597652E-1,1.282455265E-1,2.711458072E-1,9.006376706E-1,1.433435932E2,3.475774871E1,-3.467170233E0,1.404210274E2
1.302058654E1,3.141762433E-1,1.287681527E-1,2.712416439E-1,9.006331609E-1,1.433778170E2,3.479002693E1,-3.526511065E0,1.404333249E2
1.303063254E1,3.137953833E-1,1.292828868E-1,2.713922398E-1,9.006468376E-1,1.434237850E2,3.482782704E1,-3.586374808E0,1.404570028E2
1.304067854E1,3.133077232E-1,1.297751146E-1,2.715973316E-1,9.006840322E-1,1.434826344E2,3.487044824E1,-3.645649638E0,1.404937149E2
1.305072454E1,3.127246005E-1,1.302860767E-1,2.718696688E-1,9.007307098E-1,1.435529910E2,3.492111909E1,-3.707599846E0,1.405404703E2
1.306077054E1,3.120533698E-1,1.308428049E-1,2.721979822E-1,9.007836462E-1,1.436339605E2,3.497974597E1,-3.775172351E0,1.405953808E2
1.307081654E1,3.112885309E-1,1.314609043E-1,2.725446664E-1,9.008533993E-1,1.437261990E2,3.504272095E1,-3.851684074E0,1.406585497E2
1.308086254E1,3.104267332E-1,1.321139802E-1,2.728708724E-1,9.009565537E-1,1.438301014E2,3.510450097E1,-3.936169128E0,1.407315199E2
1.309090854E1,3.095020524E-1,1.327975705E-1,2.731141335E-1,9.011004220E-1,1.439415511E2,3.515793101E1,-4.029444945E0,1.408106975E2
1.310095454E1,3.085432749E-1,1.335300880E-1,2.732397680E-1,9.012828546E-1,1.440570732E2,3.519996490E1,-4.133703991E0,1.408921635E2
1.311100054E1,3.075824742E-1,1.343287076E-1,2.732379346E-1,9.014931884E-1,1.441728012E2,3.523032710E1,-4.249881622E0,1.409715831E2
1.312104654E1,3.066078916E-1,1.351955260E-1,2.731106669E-1,9.017340787E-1,1.442901506E2,3.524927192E1,-4.378509869E0,1.410502225E2
1.313109154E1,3.056073254E-1,1.361450260E-1,2.728537239E-1,9.020086233E-1,1.444105884E2,3.525688084E1,-4.521649556E0,1.411289716E2
1.314113754E1,3.045662561E-1,1.371246926E-1,2.725123713E-1,9.023154945E-1,1.445358585E2,3.525594288E1,-4.672682618E0,1.412114452E2
1.315118354E1,3.035204663E-1,1.380449532E-1,2.721108963E-1,9.026485811E-1,1.446616525E2,3.524549442E1,-4.820231734E0,1.412970154E2
1.316122954E1,3.024952021E-1,1.388684447E-1,2.716878420E-1,9.029938480E-1,1.447849349E2,3.522840518E1,-4.958039949E0,1.413841629E2
1.317127554E1,3.014865016E-1,1.396040969E-1,2.712854028E-1,9.033387357E-1,1.449061845E2,3.520982000E1,-5.085475813E0,1.414728168E2
1.318132192E1,3.004641244E-1,1.403078755E-1,2.709481332E-1,9.036715062E-1,1.450290367E2,3.519705179E1,-5.207565056E0,1.415640169E2
1.319136792E1,2.994055009E-1,1.410100420E-1,2.707078119E-1,9.039854791E-1,1.451562007E2,3.519489201E1,-5.326967965E0,1.416589796E2
1.320141392E1,2.983010428E-1,1.417077883E-1,2.705564151E-1,9.042867869E-1,1.452888233E2,3.520226627E1,-5.444093094E0,1.417589450E2
1.321145992E1,2.971300769E-1,1.423551850E-1,2.705272706E-1,9.045792439E-1,1.454293797E2,3.522087491E1,-5.553750462E0,1.418679506E2
1.322150592E1,2.959080711E-1,1.429258059E-1,2.706540957E-1,9.048518497E-1,1.455760055E2,3.525349639E1,-5.651412596E0,1.419850964E2
1.323155192E1,2.946550453E-1,1.434143406E-1,2.709397987E-1,9.050979030E-1,1.457262929E2,3.530035903E1,-5.735743091E0,1.421082415E2
1.324159692E1,2.934094374E-1,1.438449865E-1,2.713482965E-1,9.053118404E-1,1.458756305E2,3.535863637E1,-5.809245660E0,1.422321386E2
1.325164292E1,2.922134363E-1,1.442959262E-1,2.718419520E-1,9.054788684E-1,1.460189644E2,3.542764374E1,-5.879813863E0,1.423489225E2
1.326168892E1,2.910714674E-1,1.448211866E-1,2.724015515E-1,9.055946458E-1,1.461557718E2,3.550754059E1,-5.953537268E0,1.424559455E2
1.327173492E1,2.899497290E-1,1.453859122E-1,2.730066538E-1,9.056817633E-1,1.462901072E2,3.559434915E1,-6.028913891E0,1.425586096E2
1.328178092E1,2.888090456E-1,1.459104350E-1,2.736247742E-1,9.057753504E-1,1.464266625E2,3.568077877E1,-6.100545083E0,1.426648613E2
1.329182692E1,2.876487218E-1,1.462961840E-1,2.742268630E-1,9.059002947E-1,1.465655187E2,3.575933355E1,-6.159551537E0,1.427790167E2
1.330187292E1,2.865031705E-1,1.464996637E-1,2.747760838E-1,9.060639931E-1,1.467025574E2,3.582417955E1,-6.201633694E0,1.428991621E2
1.331191892E1,2.854191114E-1,1.465442340E-1,2.752580120E-1,9.062526845E-1,1.468321950E2,3.587495701E1,-6.227956197E0,1.430191062E2
1.332196492E1,2.844097365E-1,1.465262057E-1,2.756798071E-1,9.064446634E-1,1.469528621E2,3.591665188E1,-6.247514466E0,1.431333263E2
1.333201092E1,2.834888068E-1,1.465709446E-1,2.760835950E-1,9.066029038E-1,1.470629231E2,3.595944158E1,-6.270934399E0,1.432348354E2
1.334205692E1,2.826404750E-1,1.468028840E-1,2.765000427E-1,9.067033818E-1,1.471642802E2,3.601196730E1,-6.310308259E0,1.433201371E2
1.335210192E1,2.818473346E-1,1.472560943E-1,2.769519781E-1,9.067388906E-1,1.472590192E2,3.607814862E1,-6.368888487E0,1.433896326E2
1.336214792E1,2.810884384E-1,1.478804893E-1,2.774831232E-1,9.067104836E-1,1.473496463E2,3.616075702E1,-6.440709128E0,1.434475011E2
1.337219392E1,2.803367915E-1,1.486255718E-1,2.780830309E-1,9.066375695E-1,1.474393870E2,3.625633750E1,-6.522030882E0,1.434989349E2
1.338223992E1,2.795775793E-1,1.495195803E-1,2.787372870E-1,9.065240892E-1,1.475300101E2,3.636436731E1,-6.616822671E0,1.435444611E2
1.339228592E1,2.787848181E-1,1.505046838E-1,2.793949412E-1,9.064026852E-1,1.476246155E2,3.647644550E1,-6.722085658E0,1.435897047E2
1.340233192E1,2.779742499E-1,1.512280502E-1,2.797745157E-1,9.064142334E-1,1.477213225E2,3.654554756E1,-6.811905375E0,1.436495145E2
1.341237792E1,2.771987690E-1,1.515342681E-1,2.798548265E-1,9.065756347E-1,1.478138212E2,3.656294324E1,-6.869232913E0,1.437246958E2
1.342242392E1,2.764534020E-1,1.514114469E-1,2.798440843E-1,9.068270407E-1,1.479027077E2,3.655197187E1,-6.885193852E0,1.438151809E2
1.343246992E1,2.757633316E-1,1.510443426E-1,2.797527152E-1,9.071265784E-1,1.479849822E2,3.652183774E1,-6.877189464E0,1.439101803E2
1.344251592E1,2.751430143E-1,1.506842399E-1,2.797096833E-1,9.073881417E-1,1.480589259E2,3.649800539E1,-6.865431588E0,1.439965831E2
1.345256092E1,2.745790684E-1,1.505609604E-1,2.798173685E-1,9.075461292E-1,1.481261381E2,3.650173487E1,-6.870059617E0,1.440655615E2
1.346260692E1,2.740460793E-1,1.508844427E-1,2.801910793E-1,9.075382055E-1,1.481896504E2,3.655484345E1,-6.909200846E0,1.441104461E2
1.347265292E1,2.735025747E-1,1.516312375E-1,2.808893736E-1,9.073618421E-1,1.482544055E2,3.666283003E1,-6.979884098E0,1.441364709E2
1.348269892E1,2.729332550E-1,1.525881606E-1,2.818494577E-1,9.070750749E-1,1.483222251E2,3.680954942E1,-7.063290028E0,1.441546236E2
1.349274492E1,2.722954257E-1,1.535311911E-1,2.829001839E-1,9.067805317E-1,1.483981924E2,3.696575071E1,-7.144568297E0,1.441803090E2
1.350279092E1,"","","","","","","",""