"Time (s)","Gravity X (m/s^2)","Gravity Y (m/s^2)","Gravity Z (m/s^2)"
2.442416677E-3,-7.610292967E-1,-9.780411335E0,2.254659404E-2
1.248641667E-2,-7.429430547E-1,-9.781697137E0,5.047916804E-2
2.253041667E-2,-7.190356171E-1,-9.783354823E0,7.124852372E-2
3.257541667E-2,-6.901303451E-1,-9.785343461E0,8.299564392E-2
4.261941666E-2,-6.566973547E-1,-9.787607503E0,8.699393344E-2
5.266441667E-2,-6.191078711E-1,-9.790065672E0,8.618258659E-2
6.270841666E-2,-5.774278215E-1,-9.792637863E0,8.337214979E-2
7.275341667E-2,-5.319456566E-1,-9.795232272E0,8.083961106E-2
8.279741666E-2,-4.833132676E-1,-9.797764117E0,7.961817339E-2
9.284241666E-2,-4.325318442E-1,-9.800138671E0,7.946255523E-2
1.028864167E-1,-3.804079366E-1,-9.802303310E0,7.899554542E-2
1.129314167E-1,-3.268437868E-1,-9.804259204E0,7.595476488E-2
1.229754167E-1,-2.719416478E-1,-9.806001089E0,6.722969586E-2
1.330204167E-1,-2.178226154E-1,-9.807459385E0,4.912351850E-2
1.430644167E-1,-1.685963138E-1,-9.808535272E0,1.811401514E-2
1.531084166E-1,-1.288158967E-1,-9.809112393E0,-2.873969990E-2
1.631534167E-1,-1.025248143E-1,-9.809032286E0,-9.207448776E-2
1.731974166E-1,-9.181274263E-2,-9.808189117E0,-1.646410744E-1
1.832424166E-1,-9.455028109E-2,-9.806958278E0,-2.253121129E-1
1.932864166E-1,-1.031098282E-1,-9.806060731E0,-2.581207668E-1
2.033314166E-1,-1.153217107E-1,-9.805718084E0,-2.658432576E-1
2.133754166E-1,-1.347475955E-1,-9.805522202E0,-2.639726237E-1
2.234204166E-1,-1.612081375E-1,-9.804983674E0,-2.691101884E-1
2.334644166E-1,-1.900696468E-1,-9.803843467E0,-2.908923275E-1
2.435094166E-1,-2.173120073E-1,-9.802058312E0,-3.294353458E-1
2.535534166E-1,-2.428135420E-1,-9.799703638E0,-3.780799774E-1
2.635974167E-1,-2.675286810E-1,-9.797008656E0,-4.279395507E-1
2.736424166E-1,-2.924281901E-1,-9.794265143E0,-4.721691690E-1
2.836864167E-1,-3.187017217E-1,-9.791633311E0,-5.083695003E-1
2.937314167E-1,-3.466643860E-1,-9.789041825E0,-5.390433358E-1
3.037754167E-1,-3.752951678E-1,-9.786349182E0,-5.679945085E-1
3.138204167E-1,-4.029974483E-1,-9.783422651E0,-5.986074599E-1
3.238644167E-1,-4.284845477E-1,-9.780176277E0,-6.329673070E-1
3.339094167E-1,-4.510867406E-1,-9.776527029E0,-6.724072152E-1
3.439534167E-1,-4.707304250E-1,-9.772383692E0,-7.176361591E-1
3.539984167E-1,-4.867935304E-1,-9.767706504E0,-7.687968110E-1
3.640424167E-1,-4.982012289E-1,-9.762523533E0,-8.252456848E-1
3.740874167E-1,-5.046633889E-1,-9.757051123E0,-8.839505605E-1
3.841314167E-1,-5.065959302E-1,-9.751762902E0,-9.394602983E-1
3.941754167E-1,-5.047517184E-1,-9.747084544E0,-9.877569839E-1
4.042204167E-1,-4.999165827E-1,-9.743066338E0,-1.029016399E0
4.142644167E-1,-4.912746903E-1,-9.739337568E0,-1.067727087E0
4.243094167E-1,-4.773572207E-1,-9.735425781E0,-1.108915166E0
4.343534167E-1,-4.578581087E-1,-9.731004701E0,-1.154990860E0
4.443984167E-1,-4.335206449E-1,-9.726015857E0,-1.205306955E0
4.544424167E-1,-4.063344178E-1,-9.720634080E0,-1.257084853E0
4.644874167E-1,-3.797383574E-1,-9.715355213E0,-1.305274535E0
4.745314167E-1,-3.562817767E-1,-9.711002546E0,-1.343720270E0
4.845764167E-1,-3.360414935E-1,-9.708347910E0,-1.367908739E0
4.946204167E-1,-3.156238936E-1,-9.707496555E0,-1.378773743E0
5.046644167E-1,-2.908378388E-1,-9.707525207E0,-1.384001593E0
5.147094167E-1,-2.593126669E-1,-9.706924698E0,-1.394449982E0
5.247534167E-1,-2.204624871E-1,-9.704417996E0,-1.418378981E0
5.347984167E-1,-1.744383400E-1,-9.699520369E0,-1.457739514E0
5.448424167E-1,-1.223041359E-1,-9.692416002E0,-1.509379052E0
5.548874167E-1,-6.501564309E-2,-9.683810654E0,-1.567071629E0
5.649314167E-1,-6.003683489E-3,-9.674539894E0,-1.624613347E0
5.749764167E-1,5.081931611E-2,-9.665312403E0,-1.677878558E0
5.850204166E-1,1.051794319E-1,-9.656205949E0,-1.727059635E0
5.950654167E-1,1.579285622E-1,-9.646558628E0,-1.776259570E0
6.051094166E-1,2.071211326E-1,-9.635912018E0,-1.828224798E0
6.151534166E-1,2.489176331E-1,-9.624642679E0,-1.881594382E0
6.251984166E-1,2.821321386E-1,-9.613680904E0,-1.932253197E0
6.352424166E-1,3.067569930E-1,-9.604111935E0,-1.975605477E0
6.452874166E-1,3.212154397E-1,-9.597159011E0,-2.006850366E0
6.553314166E-1,3.221987221E-1,-9.593710908E0,-2.023117028E0
6.653764166E-1,3.064643216E-1,-9.594182779E0,-2.023325335E0
6.754204166E-1,2.721218334E-1,-9.598782198E0,-2.006348090E0
6.854654166E-1,2.190409010E-1,-9.607140793E0,-1.972556300E0
6.955094167E-1,1.494642790E-1,-9.618139406E0,-1.924888336E0
7.055544166E-1,7.044484220E-2,-9.630217414E0,-1.868176776E0
7.155984167E-1,-1.374854103E-2,-9.642305363E0,-1.806060196E0
7.256424167E-1,-1.028617327E-1,-9.653991024E0,-1.739532477E0
7.356874167E-1,-1.942890524E-1,-9.665946826E0,-1.663681811E0
7.457314167E-1,-2.823737200E-1,-9.680241514E0,-1.565022034E0
7.557764167E-1,-3.627931629E-1,-9.697392567E0,-1.437040224E0
7.658204167E-1,-4.334198170E-1,-9.715652837E0,-1.286207203E0
7.758654167E-1,-4.899309270E-1,-9.733036024E0,-1.124327111E0
7.859094167E-1,-5.308195925E-1,-9.748241708E0,-9.623543403E-1
7.959544167E-1,-5.553049177E-1,-9.761122540E0,-8.051239539E-1
8.059984167E-1,-5.644987141E-1,-9.772302416E0,-6.477162507E-1
8.160434167E-1,-5.638068423E-1,-9.782140356E0,-4.774415668E-1
8.260874167E-1,-5.608836730E-1,-9.789901950E0,-2.816157747E-1
8.361314167E-1,-5.561554317E-1,-9.794063414E0,-5.561112304E-2
8.461764167E-1,-5.447033310E-1,-9.792930808E0,1.946981383E-1
8.562204167E-1,-5.202964681E-1,-9.785459236E0,4.584278102E-1
8.662654167E-1,-4.777144490E-1,-9.771473281E0,7.253801385E-1
8.763094167E-1,-4.155124267E-1,-9.751707353E0,9.836968967E-1
8.863544167E-1,-3.368409541E-1,-9.727795749E0,1.221734415E0
8.963983750E-1,-2.477167429E-1,-9.702070924E0,1.429883817E0
9.064433750E-1,-1.562040904E-1,-9.676748387E0,1.603821672E0
9.164873750E-1,-7.244643549E-2,-9.652289484E0,1.750476857E0
9.265323750E-1,-6.469546692E-3,-9.627332983E0,1.884287171E0
9.365763750E-1,3.700876147E-2,-9.599837621E0,2.019373055E0
9.466203750E-1,6.258628030E-2,-9.568479588E0,2.162494037E0
9.566653750E-1,7.582253558E-2,-9.533047215E0,2.313296945E0
9.667093750E-1,8.066663397E-2,-9.494569028E0,2.466327788E0
9.767543750E-1,7.971392155E-2,-9.454977531E0,2.614030794E0
9.867983750E-1,7.345332145E-2,-9.417014483E0,2.747829122E0
9.968433750E-1,6.129595512E-2,-9.383461990E0,2.860588582E0
1.006887375E0,4.377234774E-2,-9.356819152E0,2.946882083E0
1.016932375E0,2.255308764E-2,-9.339126647E0,3.002717730E0
1.026976375E0,4.462641809E-4,-9.331534622E0,3.026310953E0
1.037021375E0,-1.912916715E-2,-9.334107397E0,3.018306407E0
1.047065375E0,-3.258892654E-2,-9.345784287E0,2.981834692E0
1.057109375E0,-3.764769084E-2,-9.364970756E0,2.920957576E0
1.067154375E0,-3.376760416E-2,-9.390189212E0,2.838892489E0
1.077198375E0,-2.207845818E-2,-9.420084271E0,2.738178585E0
1.087243375E0,-3.771728184E-3,-9.453313413E0,2.621249182E0
1.097287375E0,1.963315945E-2,-9.488058738E0,2.492482091E0
1.107332375E0,4.479751082E-2,-9.521791910E0,2.359995294E0
1.117376375E0,6.665514754E-2,-9.550942034E0,2.238561781E0
1.127421375E0,7.912585611E-2,-9.570540732E0,2.152813095E0
1.137465375E0,7.528450951E-2,-9.574220384E0,2.136527868E0
1.147510375E0,5.146381632E-2,-9.560746061E0,2.196721884E0
1.157554375E0,5.634320472E-3,-9.534530069E0,2.308423437E0
1.167598375E0,-5.690925973E-2,-9.502745774E0,2.435304070E0
1.177643375E0,-1.163868267E-1,-9.470770276E0,2.554814287E0
1.187687375E0,-1.541855219E-1,-9.440999762E0,2.660802380E0
1.197732375E0,-1.601725226E-1,-9.414123620E0,2.754039742E0
1.207776375E0,-1.477241019E-1,-9.381596144E0,2.863555460E0
1.217821375E0,-1.350440402E-1,-9.344313127E0,2.983565468E0
1.227865375E0,-1.236941013E-1,-9.312261615E0,3.082628995E0
1.237910375E0,-1.043294752E-1,-9.298164563E0,3.125597260E0
1.247954375E0,-7.941374011E-2,-9.310832555E0,3.088396689E0
1.257999375E0,-5.954356743E-2,-9.349080947E0,2.971070553E0
1.268043375E0,-5.671971402E-2,-9.403672891E0,2.793533006E0
1.278087375E0,-7.789182865E-2,-9.462067865E0,2.588303045E0
1.288132375E0,-1.239698523E-1,-9.511075718E0,2.400036588E0
1.298176375E0,-1.866011333E-1,-9.539337650E0,2.280862586E0
1.308221375E0,-2.574094348E-1,-9.546725022E0,2.242745464E0
1.318265375E0,-3.363323560E-1,-9.542787507E0,2.249041600E0
1.328310375E0,-4.211479366E-1,-9.536868955E0,2.259838045E0
1.338354375E0,-5.048102636E-1,-9.534304367E0,2.253510188E0
1.348399375E0,-5.735813769E-1,-9.536545604E0,2.227418889E0
1.358443375E0,-6.164646372E-1,-9.543527765E0,2.185669330E0
1.368487375E0,-6.275872108E-1,-9.554810552E0,2.132564041E0
1.378532375E0,-6.061164542E-1,-9.569853684E0,2.070416763E0
1.388576375E0,-5.560074241E-1,-9.587554375E0,2.001440084E0
1.398621375E0,-4.862165564E-1,-9.606425679E0,1.927766482E0
1.408665375E0,-4.110213631E-1,-9.625194656E0,1.850074381E0
1.418710375E0,-3.436176943E-1,-9.643128651E0,1.768643425E0
1.428754375E0,-2.920029878E-1,-9.659888526E0,1.684452144E0
1.438799375E0,-2.605376403E-1,-9.675408790E0,1.598339468E0
1.448843375E0,-2.504733945E-1,-9.689804635E0,1.510314315E0
1.458888375E0,-2.594153404E-1,-9.703297670E0,1.419442590E0
1.468932375E0,-2.826846457E-1,-9.715997238E0,1.324986961E0
1.478976375E0,-3.147271499E-1,-9.727985784E0,1.226102285E0
1.489021375E0,-3.510802764E-1,-9.739334645E0,1.121684462E0
1.499065375E0,-3.884313763E-1,-9.750088259E0,1.010451490E0
1.509110375E0,-4.251921999E-1,-9.760120912E0,8.918136768E-1
1.519154375E0,-4.632733247E-1,-9.769002832E0,7.668412828E-1
1.529199375E0,-5.031076641E-1,-9.776380264E0,6.366739301E-1
1.539243375E0,-5.418060356E-1,-9.782198828E0,5.011529033E-1
1.549288375E0,-5.773547313E-1,-9.786391867E0,3.596268957E-1
1.559332375E0,-6.085280652E-1,-9.788817877E0,2.118079684E-1
1.569376375E0,-6.338864163E-1,-9.789328923E0,5.745475014E-2
1.579421375E0,-6.522044273E-1,-9.787742574E0,-1.040220487E-1
1.589465375E0,-6.623989747E-1,-9.783874056E0,-2.704010161E-1
1.599510375E0,-6.667848250E-1,-9.779644180E0,-3.873631997E-1
1.609554375E0,-6.733264706E-1,-9.779078754E0,-3.903157512E-1
1.619599375E0,-6.765110104E-1,-9.781029385E0,-3.314766454E-1
1.629643375E0,-6.693142574E-1,-9.782877105E0,-2.888117237E-1
1.639688375E0,-6.505098311E-1,-9.782623336E0,-3.364796327E-1
1.649732375E0,-6.212964839E-1,-9.778310430E0,-4.844856709E-1
1.659777375E0,-5.868075594E-1,-9.769243153E0,-6.735521731E-1
1.669821375E0,-5.528798215E-1,-9.757356933E0,-8.511325510E-1
1.679865375E0,-5.163808436E-1,-9.746151913E0,-9.909415969E-1
1.689910375E0,-4.725991586E-1,-9.738140059E0,-1.086918452E0
1.699954375E0,-4.238052038E-1,-9.733814288E0,-1.144272183E0
1.709999375E0,-3.782905137E-1,-9.732321494E0,-1.172580308E0
1.720043375E0,-3.428513801E-1,-9.732209812E0,-1.184347098E0
1.730088375E0,-3.172936756E-1,-9.732049599E0,-1.192736537E0
1.740132375E0,-2.962478471E-1,-9.730987160E0,-1.206742738E0
1.750177375E0,-2.771982215E-1,-9.728821936E0,-1.228530268E0
1.760221375E0,-2.589177058E-1,-9.725836932E0,-1.255858254E0
1.770265375E0,-2.396672466E-1,-9.722522730E0,-1.285001653E0
1.780310375E0,-2.192367097E-1,-9.719440663E0,-1.311679867E0
1.790354375E0,-1.993034236E-1,-9.717269007E0,-1.330817950E0
1.800399375E0,-1.800617170E-1,-9.716563833E0,-1.338685525E0
1.810443375E0,-1.611044774E-1,-9.717578325E0,-1.333731472E0
1.820488375E0,-1.434556619E-1,-9.720366277E0,-1.315304702E0
1.830532375E0,-1.283978025E-1,-9.725023000E0,-1.282012411E0
1.840577375E0,-1.148212987E-1,-9.731770687E0,-1.231092225E0
1.850621375E0,-1.019700506E-1,-9.740740315E0,-1.159179074E0
1.860666375E0,-9.263488856E-2,-9.751708522E0,-1.063820489E0
1.870710375E0,-9.171401605E-2,-9.763803488E0,-9.464818541E-1
1.880754375E0,-1.047057526E-1,-9.775937045E0,-8.100743528E-1
1.890799375E0,-1.350603667E-1,-9.786983020E0,-6.578998346E-1
1.900843500E0,-1.806207108E-1,-9.795997088E0,-4.918496909E-1
1.910888500E0,-2.388912845E-1,-9.802092810E0,-3.130864212E-1
1.920932500E0,-3.072324813E-1,-9.804432281E0,-1.218058069E-1
1.930977500E0,-3.844752233E-1,-9.802138419E0,7.976060791E-2
1.941021500E0,-4.724833472E-1,-9.794446406E0,2.857630038E-1
1.951066500E0,-5.680548445E-1,-9.781283154E0,4.898048465E-1
1.961110500E0,-6.651318902E-1,-9.763331618E0,6.863477082E-1
1.971154500E0,-7.555706285E-1,-9.742151833E0,8.693214116E-1
1.981199500E0,-8.315629435E-1,-9.719617833E0,1.036165278E0
1.991243500E0,-8.884320127E-1,-9.696005023E0,1.197609534E0
2.001288500E0,-9.240522272E-1,-9.668159997E0,1.381628646E0
2.011332500E0,-9.404334942E-1,-9.630509191E0,1.613995388E0
2.021377500E0,-9.343275393E-1,-9.580748801E0,1.890071968E0
2.031421500E0,-9.045261814E-1,-9.522790030E0,2.175871005E0
2.041466500E0,-8.553716362E-1,-9.463374717E0,2.439053889E0
2.051510500E0,-7.957943559E-1,-9.408650041E0,2.660852081E0
2.061555500E0,-7.344040733E-1,-9.363221853E0,2.833165433E0
2.071599500E0,-6.774383057E-1,-9.329155975E0,2.957031096E0
2.081643500E0,-6.295032703E-1,-9.305675311E0,3.040435780E0
2.091688500E0,-5.915705186E-1,-9.289827018E0,3.096005378E0
2.101732500E0,-5.619013444E-1,-9.277964187E0,3.136838824E0
2.111777500E0,-5.363911119E-1,-9.267426335E0,3.172255117E0
2.121821500E0,-5.101086815E-1,-9.257006012E0,3.206828534E0
2.131866500E0,-4.804118792E-1,-9.246497980E0,3.241541991E0
2.141910500E0,-4.476098765E-1,-9.236152502E0,3.275548228E0
2.151955500E0,-4.140368818E-1,-9.226980559E0,3.305676884E0
2.161999500E0,-3.840324429E-1,-9.220246906E0,3.328011201E0
2.172043500E0,-3.623887914E-1,-9.217387617E0,3.338342939E0
2.182088500E0,-3.521690645E-1,-9.219913030E0,3.332459470E0
2.192132500E0,-3.549960471E-1,-9.228977383E0,3.306972042E0
2.202177500E0,-3.694428724E-1,-9.245497522E0,3.258893019E0
2.212221500E0,-3.905877564E-1,-9.269675758E0,3.186950924E0
2.222266500E0,-4.133569603E-1,-9.300846680E0,3.091842453E0
2.232310500E0,-4.338430458E-1,-9.338036726E0,2.974718923E0
2.242355500E0,-4.513763605E-1,-9.379783507E0,2.837612826E0
2.252399500E0,-4.653437141E-1,-9.424255675E0,2.683831639E0
2.262444500E0,-4.727556447E-1,-9.468911446E0,2.520380911E0
2.272488500E0,-4.679167083E-1,-9.509763603E0,2.362533571E0
2.282532500E0,-4.451920528E-1,-9.539984352E0,2.242005207E0
2.292577500E0,-4.044302354E-1,-9.549787209E0,2.207733506E0
2.302621500E0,-3.516935397E-1,-9.537431458E0,2.269321936E0
2.312666500E0,-3.022548928E-1,-9.509900427E0,2.388838440E0
2.322710500E0,-2.630037766E-1,-9.482791566E0,2.498717562E0
2.332755500E0,-2.293444625E-1,-9.468386366E0,2.556008873E0
2.342799500E0,-1.957751223E-1,-9.451326529E0,2.621104171E0
2.352844500E0,-1.640920391E-1,-9.417782807E0,2.741267669E0
2.362888500E0,-1.510303461E-1,-9.372525943E0,2.892928948E0
2.372932500E0,-1.565655031E-1,-9.329333146E0,3.029046281E0
2.382977500E0,-1.759082570E-1,-9.307475669E0,3.094522524E0
2.393021500E0,-2.075078894E-1,-9.317810622E0,3.061281981E0
2.403066500E0,-2.560385003E-1,-9.358220730E0,2.931594246E0
2.413110500E0,-3.276427722E-1,-9.417588095E0,2.727230258E0
2.423155500E0,-4.236802195E-1,-9.482797413E0,2.476518315E0
2.433199500E0,-5.405682166E-1,-9.541628004E0,2.213866943E0
2.443244500E0,-6.599200476E-1,-9.582464958E0,1.994236168E0
2.453288500E0,-7.633754189E-1,-9.599925329E0,1.869440067E0
2.463333500E0,-8.468322162E-1,-9.597829102E0,1.844092241E0
2.473377500E0,-9.131224655E-1,-9.584250113E0,1.882669393E0
2.483421500E0,-9.595239224E-1,-9.567513043E0,1.943737713E0
2.493466500E0,-9.797151621E-1,-9.552031955E0,2.008715189E0
2.503510500E0,-9.708974878E-1,-9.539976166E0,2.069376251E0
2.513555500E0,-9.359740421E-1,-9.532779413E0,2.118054029E0
2.523599500E0,-8.823562440E-1,-9.531784801E0,2.145366227E0
2.533644500E0,-8.173934589E-1,-9.538024950E0,2.143372765E0
2.543688500E0,-7.450714412E-1,-9.551464190E0,2.109618982E0
2.553733500E0,-6.692192401E-1,-9.570581662E0,2.047486907E0
2.563777500E0,-5.971691910E-1,-9.592971236E0,1.963267267E0
2.573821500E0,-5.373071879E-1,-9.616365945E0,1.863573117E0
2.583866500E0,-4.986645842E-1,-9.639164824E0,1.753267148E0
2.593910500E0,-4.864930931E-1,-9.660356888E0,1.636137040E0
2.603955500E0,-4.984470312E-1,-9.679311222E0,1.516113437E0
2.613999500E0,-5.273523763E-1,-9.696035428E0,1.394598209E0
2.624044500E0,-5.656349012E-1,-9.710806664E0,1.271376033E0
2.634088500E0,-6.059878155E-1,-9.724041252E0,1.145395579E0
2.644133500E0,-6.450176876E-1,-9.736006410E0,1.015012245E0
2.654177500E0,-6.817851989E-1,-9.746752422E0,8.786722789E-1
2.664222500E0,-7.165205835E-1,-9.756120247E0,7.354110369E-1
2.674266500E0,-7.498005230E-1,-9.763816352E0,5.846369999E-1
2.684310500E0,-7.817615499E-1,-9.769510955E0,4.261515818E-1
2.694355500E0,-8.127201448E-1,-9.772826326E0,2.596928090E-1
2.704399500E0,-8.422328695E-1,-9.773405786E0,8.539236280E-2
2.714444500E0,-8.689797150E-1,-9.770976852E0,-9.473555560E-2
2.724488500E0,-8.847560875E-1,-9.766714817E0,-2.541193893E-1
2.734533500E0,-8.818668321E-1,-9.764694604E0,-3.303883323E-1
2.744577500E0,-8.712816176E-1,-9.765552390E0,-3.330669418E-1
2.754622500E0,-8.609264179E-1,-9.766675640E0,-3.270025387E-1
2.764666500E0,-8.413786644E-1,-9.766455200E0,-3.801907491E-1
2.774710500E0,-8.025455511E-1,-9.764211039E0,-5.021829635E-1
2.784755500E0,-7.507963769E-1,-9.759914505E0,-6.453458626E-1
2.794799500E0,-6.987458519E-1,-9.755068333E0,-7.658167776E-1
2.804844500E0,-6.480909111E-1,-9.751722556E0,-8.485074435E-1
2.814888500E0,-5.934843853E-1,-9.750590535E0,-8.999235456E-1
2.824933500E0,-5.354451421E-1,-9.750996332E0,-9.313684827E-1
2.834977500E0,-4.795257702E-1,-9.751819620E0,-9.529756256E-1
2.845022500E0,-4.326277751E-1,-9.751948258E0,-9.738652421E-1
2.855066500E0,-3.995282222E-1,-9.750674150E0,-1.000410139E0
2.865111500E0,-3.789796446E-1,-9.747962796E0,-1.034257405E0
2.875155500E0,-3.646818136E-1,-9.744211223E0,-1.073988504E0
2.885199500E0,-3.495210798E-1,-9.740017015E0,-1.116239608E0
2.895244125E0,-3.294311797E-1,-9.736108151E0,-1.155750413E0
2.905288125E0,-3.058497792E-1,-9.733458193E0,-1.184203476E0
2.915333125E0,-2.839262106E-1,-9.733042456E0,-1.193050021E0
2.925377125E0,-2.661036597E-1,-9.735350937E0,-1.178229449E0
2.935422125E0,-2.525122820E-1,-9.739720561E0,-1.144627620E0
2.945466125E0,-2.454855734E-1,-9.744926337E0,-1.101031804E0
2.955511125E0,-2.476690150E-1,-9.750223330E0,-1.052563137E0
2.965555125E0,-2.592855322E-1,-9.755577625E0,-9.987910453E-1
2.975599125E0,-2.785616826E-1,-9.761464602E0,-9.339937364E-1
2.985644125E0,-3.041882015E-1,-9.768198840E0,-8.519697992E-1
2.995688125E0,-3.349629381E-1,-9.775583289E0,-7.495870265E-1
3.005733125E0,-3.713222772E-1,-9.782911019E0,-6.268145744E-1
3.015777125E0,-4.148898810E-1,-9.789108483E0,-4.871711509E-1
3.025822125E0,-4.653452490E-1,-9.793204458E0,-3.357417506E-1
3.035866125E0,-5.205991346E-1,-9.794607205E0,-1.754451757E-1
3.045911125E0,-5.831519167E-1,-9.792650726E0,-6.227772319E-3
3.055955125E0,-6.549849245E-1,-9.786632187E0,1.701437063E-1
3.066000125E0,-7.307062941E-1,-9.776511827E0,3.492779818E-1
3.076044125E0,-8.040612955E-1,-9.762846884E0,5.257453056E-1
3.086088125E0,-8.714440971E-1,-9.746460062E0,6.951237211E-1
3.096133125E0,-9.290355168E-1,-9.728485721E0,8.541466445E-1
3.106177125E0,-9.761266527E-1,-9.709292235E0,1.006446439E0
3.116222125E0,-1.013905513E0,-9.686759990E0,1.172511384E0
3.126266125E0,-1.047560113E0,-9.655125384E0,1.384648879E0
3.136311125E0,-1.077496468E0,-9.608692060E0,1.657749957E0
3.146355125E0,-1.096687615E0,-9.545369053E0,1.979721770E0
3.156400125E0,-1.096270928E0,-9.467730893E0,2.323005223E0
3.166444125E0,-1.070052305E0,-9.383350893E0,2.654022241E0
3.176489125E0,-1.020987807E0,-9.303456293E0,2.939282165E0
3.186533125E0,-9.625939299E-1,-9.236440769E0,3.161908469E0
3.196577125E0,-9.077789875E-1,-9.186359367E0,3.320068636E0
3.206622125E0,-8.610964988E-1,-9.152681744E0,3.423890043E0
3.216666125E0,-8.195452342E-1,-9.131506053E0,3.489993693E0
3.226711125E0,-7.780581428E-1,-9.117559274E0,3.535653723E0
3.236755125E0,-7.334017874E-1,-9.106379398E0,3.573803589E0
3.246800125E0,-6.840850550E-1,-9.096072510E0,3.609650237E0
3.256844125E0,-6.301875407E-1,-9.086480738E0,3.643464977E0
3.266889125E0,-5.753348472E-1,-9.078111618E0,3.673279053E0
3.276933125E0,-5.268129707E-1,-9.071930526E0,3.695759550E0
3.286977125E0,-4.920091737E-1,-9.069135557E0,3.707397848E0
3.297022125E0,-4.728550108E-1,-9.071583202E0,3.703901213E0
3.307066125E0,-4.668832495E-1,-9.081277885E0,3.680829270E0
3.317111125E0,-4.711546040E-1,-9.099549850E0,3.634874833E0
3.327155125E0,-4.832747491E-1,-9.126958088E0,3.563872970E0
3.337200125E0,-5.005453776E-1,-9.163327185E0,3.466841642E0
3.347244125E0,-5.217231522E-1,-9.207813386E0,3.343663613E0
3.357289125E0,-5.447772251E-1,-9.259187023E0,3.194805197E0
3.367333125E0,-5.664925781E-1,-9.315596282E0,3.022390687E0
3.377378125E0,-5.842088741E-1,-9.374508149E0,2.830793803E0
3.387422125E0,-5.938675242E-1,-9.432829447E0,2.627766488E0
3.397466125E0,-5.894083279E-1,-9.486104599E0,2.429508894E0
3.407511125E0,-5.649316639E-1,-9.528164790E0,2.265176260E0
3.417555125E0,-5.199860540E-1,-9.551318595E0,2.176696193E0
3.427600125E0,-4.637719095E-1,-9.554260329E0,2.176491102E0
3.437644125E0,-4.109186714E-1,-9.541506382E0,2.242073327E0
3.447689125E0,-3.765602860E-1,-9.522898203E0,2.325662052E0
3.457733125E0,-3.650084902E-1,-9.513254975E0,2.366610249E0
3.467778125E0,-3.616771488E-1,-9.520678015E0,2.337086927E0
3.477822125E0,-3.555519711E-1,-9.526776077E0,2.313053993E0
3.487867125E0,-3.488334838E-1,-9.517842116E0,2.350549556E0
3.497911125E0,-3.497620947E-1,-9.495223916E0,2.440185618E0
3.507955125E0,-3.594600673E-1,-9.465979067E0,2.549924553E0
3.518000125E0,-3.733042274E-1,-9.439204082E0,2.645405784E0
3.528044125E0,-3.920403875E-1,-9.423614236E0,2.697755613E0
3.538089125E0,-4.261695254E-1,-9.424891267E0,2.688102445E0
3.548133125E0,-4.939921838E-1,-9.444137962E0,2.607742406E0
3.558178125E0,-6.045581347E-1,-9.475936291E0,2.465206292E0
3.568222125E0,-7.505548138E-1,-9.512007764E0,2.279138242E0
3.578267125E0,-9.134700825E-1,-9.547058898E0,2.062849589E0
3.588311125E0,-1.071923122E0,-9.578146205E0,1.829262533E0
3.598356125E0,-1.202036826E0,-9.602318010E0,1.608327536E0
3.608400125E0,-1.290917720E0,-9.617352955E0,1.440883160E0
3.618444125E0,-1.348400528E0,-9.624732141E0,1.335080424E0
3.628489125E0,-1.383256073E0,-9.625998064E0,1.289514973E0
3.638533125E0,-1.400711912E0,-9.622569841E0,1.296248042E0
3.648578125E0,-1.402455405E0,-9.616606851E0,1.337935035E0
3.658622125E0,-1.391316898E0,-9.610544457E0,1.392040637E0
3.668667125E0,-1.369016348E0,-9.606803409E0,1.439169195E0
3.678711125E0,-1.335538846E0,-9.607411519E0,1.466319572E0
3.688756125E0,-1.292016266E0,-9.613190323E0,1.467436974E0
3.698800125E0,-1.239429478E0,-9.623956801E0,1.442002463E0
3.708845125E0,-1.181015355E0,-9.638512859E0,1.392967567E0
3.718889125E0,-1.121065022E0,-9.655470369E0,1.323333076E0
3.728933125E0,-1.064356167E0,-9.673497335E0,1.235592096E0
3.738978125E0,-1.016114518E0,-9.691337775E0,1.132061223E0
3.749022125E0,-9.797004709E-1,-9.708038592E0,1.015021527E0
3.759067125E0,-9.556368396E-1,-9.723022667E0,8.863966700E-1
3.769111125E0,-9.419743086E-1,-9.735992376E0,7.478261375E-1
3.779156125E0,-9.357356950E-1,-9.746783997E0,6.005990581E-1
3.789200125E0,-9.333849681E-1,-9.755291111E0,4.463249509E-1
3.799245125E0,-9.320640821E-1,-9.761175165E0,2.946685325E-1
3.809289125E0,-9.315051614E-1,-9.763450901E0,2.084462762E-1
3.819334125E0,-9.307689238E-1,-9.763143337E0,2.253899540E-1
3.829378125E0,-9.257251887E-1,-9.761460509E0,3.049929429E-1
3.839422125E0,-9.188199194E-1,-9.759634423E0,3.760564022E-1
3.849467125E0,-9.196496393E-1,-9.760338428E0,3.551992378E-1
3.859511125E0,-9.292507674E-1,-9.763095975E0,2.335535624E-1
3.869556125E0,-9.396354224E-1,-9.764637886E0,7.113562678E-2
3.879600125E0,-9.457284404E-1,-9.763905230E0,-8.867584848E-2
3.889645125E0,-9.456008980E-1,-9.761563420E0,-2.320326468E-1
3.899688792E0,-9.378194965E-1,-9.758481937E0,-3.586298358E-1
3.909733792E0,-9.217085901E-1,-9.755247842E0,-4.708510604E-1
3.919777792E0,-8.976175500E-1,-9.752279795E0,-5.686930315E-1
3.929821792E0,-8.658507237E-1,-9.750081242E0,-6.498634945E-1
3.939866792E0,-8.286606049E-1,-9.748948052E0,-7.123495453E-1
3.949910792E0,-7.899730872E-1,-9.748896596E0,-7.556928353E-1
3.959955792E0,-7.533848662E-1,-9.749808177E0,-7.808781087E-1
3.969999792E0,-7.199689789E-1,-9.751771672E0,-7.878463087E-1
3.980044792E0,-6.904768657E-1,-9.754535066E0,-7.800054118E-1
3.990088792E0,-6.657026515E-1,-9.756769288E0,-7.735706972E-1
4.000133792E0,-6.444291653E-1,-9.757007854E0,-7.884253293E-1
4.010177792E0,-6.228003146E-1,-9.755233809E0,-8.268138349E-1
4.020222792E0,-5.984564921E-1,-9.752769792E0,-8.726134671E-1
4.030266792E0,-5.714681932E-1,-9.750882896E0,-9.109464973E-1
4.040310792E0,-5.427808761E-1,-9.750071887E0,-9.367889247E-1
4.050355792E0,-5.165307150E-1,-9.750116326E0,-9.510583236E-1
4.060399792E0,-4.992313621E-1,-9.750506920E0,-9.562933358E-1
4.070444792E0,-4.963880804E-1,-9.750929673E0,-9.534469112E-1
4.080488792E0,-5.115931069E-1,-9.751429026E0,-9.402087419E-1
4.090533792E0,-5.455050208E-1,-9.752084498E0,-9.139968435E-1
4.100577792E0,-5.935886851E-1,-9.753047535E0,-8.728392427E-1
4.110622792E0,-6.473917302E-1,-9.754553193E0,-8.158829038E-1
4.120666792E0,-7.033901491E-1,-9.756406760E0,-7.442178208E-1
4.130711792E0,-7.586914337E-1,-9.758374348E0,-6.592787542E-1
4.140755792E0,-8.088653679E-1,-9.760618510E0,-5.587073759E-1
4.150800792E0,-8.503444194E-1,-9.763223444E0,-4.387640259E-1
4.160844792E0,-8.825527836E-1,-9.765735993E0,-2.960075448E-1
4.170888792E0,-9.111393823E-1,-9.766786153E0,-1.258502346E-1
4.180933792E0,-9.423832483E-1,-9.764387625E0,6.901810788E-2
4.190977792E0,-9.814243763E-1,-9.756864012E0,2.765803170E-1
4.201022792E0,-1.029182826E0,-9.743821213E0,4.845737081E-1
4.211066792E0,-1.084615307E0,-9.725845118E0,6.838317244E-1
4.221111792E0,-1.144905436E0,-9.704161304E0,8.686534403E-1
4.231155792E0,-1.204274702E0,-9.680568958E0,1.035579022E0
4.241200792E0,-1.255557999E0,-9.656519360E0,1.187983701E0
4.251244792E0,-1.293320633E0,-9.631159986E0,1.343205423E0
4.261289792E0,-1.316072149E0,-9.599526549E0,1.534000654E0
4.271333792E0,-1.321212729E0,-9.554908785E0,1.787236255E0
4.281377792E0,-1.300926107E0,-9.494695913E0,2.096296832E0
4.291422792E0,-1.250437154E0,-9.421797506E0,2.429448814E0
4.301466792E0,-1.174113375E0,-9.343927211E0,2.747467764E0
4.311511792E0,-1.083735740E0,-9.272291218E0,3.014337025E0
4.321555792E0,-9.945693556E-1,-9.215235257E0,3.213463662E0
4.331600792E0,-9.176535460E-1,-9.174672537E0,3.349538018E0
4.341644792E0,-8.565055574E-1,-9.145862136E0,3.443212751E0
4.351689792E0,-8.058531017E-1,-9.121247113E0,3.519879397E0
4.361733792E0,-7.579790235E-1,-9.095329914E0,3.596742216E0
4.371778792E0,-7.080914567E-1,-9.066656338E0,3.678375486E0
4.381822792E0,-6.575614270E-1,-9.036605743E0,3.760782927E0
4.391866792E0,-6.136528574E-1,-9.007757919E0,3.836644703E0
4.401911792E0,-5.851101493E-1,-8.982943506E0,3.898778386E0
4.411955792E0,-5.763391796E-1,-8.964926480E0,3.941324774E0
4.422000792E0,-5.863734768E-1,-8.955827628E0,3.960482299E0
4.432044792E0,-6.089775334E-1,-8.957214587E0,3.953931078E0
4.442089792E0,-6.368451805E-1,-8.969898368E0,3.920642295E0
4.452133792E0,-6.638304462E-1,-8.993856749E0,3.860825863E0
4.462178792E0,-6.867545282E-1,-9.027988116E0,3.776228640E0
4.472222792E0,-7.055984963E-1,-9.070698518E0,3.668878438E0
4.482267792E0,-7.213148618E-1,-9.120056035E0,3.541239568E0
4.492311792E0,-7.341054998E-1,-9.173745169E0,3.396996944E0
4.502355792E0,-7.413574360E-1,-9.229729335E0,3.240156493E0
4.512400792E0,-7.414604200E-1,-9.285603574E0,3.076345578E0
4.522444792E0,-7.348805483E-1,-9.338329087E0,2.914048213E0
4.532489792E0,-7.197605257E-1,-9.382924631E0,2.771059232E0
4.542533792E0,-6.878732467E-1,-9.411991725E0,2.679052417E0
4.552578792E0,-6.311247032E-1,-9.425088903E0,2.646787189E0
4.562622792E0,-5.487315509E-1,-9.426714429E0,2.659332682E0
4.572667792E0,-4.451103014E-1,-9.427516083E0,2.675804289E0
4.582711792E0,-3.428529881E-1,-9.438012419E0,2.653767302E0
4.592756792E0,-2.869879041E-1,-9.453235645E0,2.605774233E0
4.602800792E0,-2.796531385E-1,-9.463796301E0,2.567965260E0
4.612845792E0,-2.803483359E-1,-9.463316830E0,2.569661245E0
4.622889792E0,-2.663865736E-1,-9.445215604E0,2.636863002E0
4.632933792E0,-2.419853022E-1,-9.410318837E0,2.761056108E0
4.642978792E0,-2.223249166E-1,-9.368913533E0,2.900023374E0
4.653022792E0,-2.224631302E-1,-9.332147995E0,3.016226553E0
4.663067792E0,-2.551988584E-1,-9.308601843E0,3.085597335E0
4.673111792E0,-3.363523096E-1,-9.299060356E0,3.106517503E0
4.683156792E0,-4.689956292E-1,-9.297706141E0,3.093348696E0
4.693200792E0,-6.350822449E-1,-9.297166443E0,3.065205170E0
4.703245792E0,-8.057511409E-1,-9.291842553E0,3.041142416E0
4.713289792E0,-9.613212834E-1,-9.283716093E0,3.020693241E0
4.723334792E0,-1.098668944E0,-9.280159816E0,2.984569727E0
4.733378792E0,-1.211752340E0,-9.286507553E0,2.920365838E0
4.743422792E0,-1.294453970E0,-9.303206032E0,2.830346783E0
4.753467792E0,-1.346735387E0,-9.327535712E0,2.723874249E0
4.763511792E0,-1.370540864E0,-9.356102868E0,2.611712666E0
4.773556792E0,-1.364514138E0,-9.386044121E0,2.505273460E0
4.783600792E0,-1.323511562E0,-9.415122324E0,2.416586109E0
4.793645792E0,-1.242817939E0,-9.442314216E0,2.352486885E0
4.803689792E0,-1.124371330E0,-9.466991805E0,2.312568674E0
4.813734792E0,-9.777068628E-1,-9.488594343E0,2.290582851E0
4.823778792E0,-8.158561528E-1,-9.506947584E0,2.277806100E0
4.833823792E0,-6.548613290E-1,-9.522558480E0,2.264537452E0
4.843867792E0,-5.099278199E-1,-9.536802297E0,2.241759331E0
4.853912792E0,-3.922249768E-1,-9.551349585E0,2.203172386E0
4.863956792E0,-3.090584936E-1,-9.567391421E0,2.146064823E0
4.874000792E0,-2.626614587E-1,-9.585623040E0,2.069533980E0
4.884045792E0,-2.486182557E-1,-9.606431526E0,1.972499436E0
4.894089792E0,-2.618901196E-1,-9.629572467E0,1.854416816E0
4.904135500E0,-2.985605306E-1,-9.654219650E0,1.715521032E0
4.914179500E0,-3.551158053E-1,-9.678768600E0,1.559315151E0
4.924224500E0,-4.151045103E-1,-9.697311291E0,1.423360663E0
4.934268500E0,-4.568476002E-1,-9.703021097E0,1.370686752E0
4.944313500E0,-4.903310593E-1,-9.697760941E0,1.396103282E0
4.954357500E0,-5.343607759E-1,-9.686805013E0,1.454774098E0
4.964402500E0,-5.955981538E-1,-9.676612147E0,1.498170232E0
4.974446500E0,-6.699246336E-1,-9.673407288E0,1.487446439E0
4.984490500E0,-7.466286278E-1,-9.679983652E0,1.405902923E0
4.994535500E0,-8.110279606E-1,-9.694021062E0,1.266613622E0
5.004579500E0,-8.566762961E-1,-9.710668670E0,1.097779363E0
5.014624500E0,-8.854147033E-1,-9.726068482E0,9.250624799E-1
5.024668500E0,-9.008374655E-1,-9.738659876E0,7.635952011E-1
5.034713500E0,-9.070490357E-1,-9.748439929E0,6.174914814E-1
5.044757500E0,-9.059596264E-1,-9.756050080E0,4.845704556E-1
5.054802500E0,-8.972018129E-1,-9.762165098E0,3.623319273E-1
5.064846500E0,-8.783182300E-1,-9.767399526E0,2.501272576E-1
5.074891500E0,-8.474062666E-1,-9.772195997E0,1.488979761E-1
5.084935500E0,-8.047560909E-1,-9.776746300E0,6.073387324E-2
5.094980500E0,-7.519838002E-1,-9.781128788E0,-1.154719910E-2
5.105024500E0,-6.922900142E-1,-9.785320072E0,-6.612125563E-2
5.115068500E0,-6.289826488E-1,-9.789237707E0,-1.064482412E-1
5.125113500E0,-5.636955625E-1,-9.792771179E0,-1.413699509E-1
5.135157500E0,-4.978130468E-1,-9.795721684E0,-1.792314306E-1
5.145202500E0,-4.366377591E-1,-9.797761778E0,-2.221144899E-1
5.155246500E0,-3.839848977E-1,-9.798903739E0,-2.648515699E-1
5.165291500E0,-3.368425986E-1,-9.799601312E0,-3.007528893E-1
5.175335500E0,-2.915466492E-1,-9.800309409E0,-3.241058280E-1
5.185380500E0,-2.482539559E-1,-9.801184738E0,-3.335593870E-1
5.195424500E0,-2.095202635E-1,-9.802070591E0,-3.341211583E-1
5.205469500E0,-1.733769973E-1,-9.802802662E0,-3.333333556E-1
5.215513500E0,-1.350701608E-1,-9.803256406E0,-3.376674580E-1
5.225558500E0,-9.536952169E-2,-9.803339437E0,-3.486388080E-1
5.235602500E0,-5.911317124E-2,-9.803138877E0,-3.620420150E-1
5.245646500E0,-3.029367740E-2,-9.802968723E0,-3.701379236E-1
5.255691500E0,-6.719619657E-3,-9.803214306E0,-3.647636015E-1
5.265735500E0,1.749112222E-2,-9.804031747E0,-3.417260835E-1
5.275780500E0,4.702242206E-2,-9.805328659E0,-2.990556435E-1
5.285824500E0,8.063542446E-2,-9.806788709E0,-2.376905588E-1
5.295869500E0,1.130554487E-1,-9.807999668E0,-1.626407419E-1
5.305913500E0,1.415030482E-1,-9.808654556E0,-7.983729780E-2
5.315958500E0,1.672867202E-1,-9.808569771E0,7.849663175E-3
5.326002500E0,1.903637618E-1,-9.807653512E0,9.892195188E-2
5.336047500E0,2.082726139E-1,-9.805883560E0,1.932607648E-1
5.346091500E0,2.156141037E-1,-9.803266931E0,2.925084796E-1
5.356135500E0,2.099046083E-1,-9.799606574E0,3.996655952E-1
5.366180500E0,1.918745361E-1,-9.794464533E0,5.174494223E-1
5.376224500E0,1.622035895E-1,-9.787322744E0,6.466205556E-1
5.386269500E0,1.237770312E-1,-9.777572511E0,7.873101190E-1
5.396313500E0,8.134277310E-2,-9.764814472E0,9.369628794E-1
5.406358500E0,4.219324320E-2,-9.749474886E0,1.087226820E0
5.416402500E0,7.597370095E-3,-9.731433887E0,1.239038738E0
5.426447500E0,-2.732920302E-2,-9.709135530E0,1.402865295E0
5.436491500E0,-6.396927014E-2,-9.681210397E0,1.583091392E0
5.446536500E0,-9.725227945E-2,-9.648322148E0,1.771024704E0
5.456580500E0,-1.236082660E-1,-9.610416403E0,1.964877006E0
5.466625500E0,-1.408068641E-1,-9.567657470E0,2.162453838E0
5.476669500E0,-1.449760293E-1,-9.522433349E0,2.353368499E0
5.486714500E0,-1.335350566E-1,-9.479356912E0,2.521915221E0
5.496758500E0,-1.068129339E-1,-9.443430449E0,2.654491772E0
5.506802500E0,-6.955798861E-2,-9.418496168E0,2.742844663E0
5.516847500E0,-2.855011536E-2,-9.406158543E0,2.785582254E0
5.526891500E0,8.259904739E-3,-9.405704214E0,2.787252804E0
5.536936500E0,3.618466952E-2,-9.415061513E0,2.755253039E0
5.546980500E0,5.946124960E-2,-9.431576974E0,2.697759706E0
5.557025500E0,8.445465214E-2,-9.452376105E0,2.623269980E0
5.567069500E0,1.123309330E-1,-9.475031142E0,2.539144919E0
5.577114500E0,1.399394570E-1,-9.497927084E0,2.450696719E0
5.587158500E0,1.660202498E-1,-9.519862329E0,2.362364878E0
5.597203500E0,1.910910458E-1,-9.539608961E0,2.279348449E0
5.607247500E0,2.134274644E-1,-9.556327320E0,2.206160021E0
5.617291500E0,2.294214812E-1,-9.569779424E0,2.145414028E0
5.627336500E0,2.374650573E-1,-9.580365223E0,2.096739028E0
5.637380500E0,2.402078034E-1,-9.588906836E0,2.057007197E0
5.647425500E0,2.421022099E-1,-9.596362036E0,2.021718958E0
5.657469500E0,2.453650842E-1,-9.603766950E0,1.985835911E0
5.667514500E0,2.514825874E-1,-9.612480471E0,1.942441824E0
5.677558500E0,2.619311232E-1,-9.623838687E0,1.883937654E0
5.687603500E0,2.760508516E-1,-9.638254412E0,1.806641848E0
5.697647500E0,2.919924994E-1,-9.655281504E0,1.710665358E0
5.707692500E0,3.097845351E-1,-9.674012475E0,1.598003984E0
5.717736500E0,3.283468866E-1,-9.693455052E0,1.471475354E0
5.727781500E0,3.440476108E-1,-9.712811674E0,1.333796376E0
5.737825500E0,3.543429496E-1,-9.731332730E0,1.188144061E0
5.747870500E0,3.755153520E-1,-9.741733173E0,1.092578046E0
5.757914500E0,4.277245193E-1,-9.736156683E0,1.122679073E0
5.767958500E0,4.931078289E-1,-9.717725675E0,1.248501725E0
5.778003500E0,5.500836099E-1,-9.691684515E0,1.415902686E0
5.788047500E0,5.869049521E-1,-9.665055125E0,1.574279638E0
5.798092500E0,6.018523722E-1,-9.645541797E0,1.684460476E0
5.808136500E0,6.020713870E-1,-9.638615770E0,1.723575426E0
5.818181500E0,5.967043008E-1,-9.644983388E0,1.689483673E0
5.828225500E0,5.887775595E-1,-9.660930499E0,1.598716321E0
5.838270500E0,5.733325779E-1,-9.682105021E0,1.471127883E0
5.848314500E0,5.499718915E-1,-9.705158839E0,1.320432272E0
5.858359500E0,5.240668624E-1,-9.727038535E0,1.160262417E0
5.868403500E0,4.979188083E-1,-9.745755472E0,1.004219381E0
5.878448500E0,4.691447332E-1,-9.760974020E0,8.598936535E-1
5.888492500E0,4.336751211E-1,-9.772975430E0,7.327764277E-1
5.898536250E0,3.894263166E-1,-9.782089486E0,6.286315966E-1
5.908581250E0,3.370806168E-1,-9.788605623E0,5.528875325E-1
5.918625250E0,2.808272411E-1,-9.792865904E0,5.069777899E-1
5.928670250E0,2.250737292E-1,-9.795414705E0,4.850574190E-1
5.938714250E0,1.714157315E-1,-9.796867154E0,4.776077008E-1
5.948759250E0,1.195219850E-1,-9.797718508E0,4.759659854E-1
5.958803250E0,6.762711009E-2,-9.798361117E0,4.729227654E-1
5.968848250E0,1.420726424E-2,-9.799055766E0,4.630513498E-1
5.978892250E0,-4.143412842E-2,-9.799899520E0,4.431398994E-1
5.988937250E0,-9.914256549E-2,-9.800892962E0,4.108332655E-1
5.998981250E0,-1.569345721E-1,-9.801954231E0,3.649477888E-1
6.009026250E0,-2.124934630E-1,-9.802939487E0,3.054864296E-1
6.019070250E0,-2.638292573E-1,-9.803658110E0,2.340911956E-1
6.029114250E0,-3.085796798E-1,-9.803939946E0,1.537733846E-1
6.039159250E0,-3.450400295E-1,-9.803696117E0,6.782394656E-2
6.049203250E0,-3.749041718E-1,-9.802814941E0,-1.988223942E-2
6.059248250E0,-4.022917625E-1,-9.801178306E0,-1.057094181E-1
6.069292250E0,-4.284436538E-1,-9.798849944E0,-1.873027626E-1
6.079337250E0,-4.525300161E-1,-9.796013460E0,-2.634679176E-1
6.089381250E0,-4.747677081E-1,-9.792816787E0,-3.338250333E-1
6.099426250E0,-4.956569957E-1,-9.789316059E0,-3.996620503E-1
6.109470250E0,-5.151386026E-1,-9.785509522E0,-4.632081648E-1
6.119515250E0,-5.325965613E-1,-9.781383727E0,-5.262919107E-1
6.129559250E0,-5.480265229E-1,-9.776857397E0,-5.906143161E-1
6.139604250E0,-5.617979217E-1,-9.771833469E0,-6.570800550E-1
6.149648250E0,-5.741462179E-1,-9.766349950E0,-7.244828101E-1
6.159692250E0,-5.858318784E-1,-9.760917302E0,-7.857589989E-1
6.169737250E0,-5.979687612E-1,-9.756606735E0,-8.289654641E-1
6.179781250E0,-6.088787520E-1,-9.754000046E0,-8.513842005E-1
6.189826250E0,-6.154456137E-1,-9.752406680E0,-8.648109426E-1
6.199870250E0,-6.171266151E-1,-9.750546681E0,-8.843690018E-1
6.209915250E0,-6.154095072E-1,-9.747296798E0,-9.206361376E-1
6.219959250E0,-6.102514955E-1,-9.741953613E0,-9.788012423E-1
6.230004250E0,-5.993108799E-1,-9.734348139E0,-1.058023559E0
6.240048250E0,-5.803284059E-1,-9.724855185E0,-1.151741928E0
6.250093250E0,-5.529467721E-1,-9.714517307E0,-1.248398668E0
6.260137250E0,-5.200286291E-1,-9.705083994E0,-1.333037846E0
6.270182250E0,-4.859269730E-1,-9.698464361E0,-1.392750489E0
6.280226250E0,-4.513564068E-1,-9.695390480E0,-1.425401487E0
6.290271250E0,-4.128021692E-1,-9.694832071E0,-1.440813871E0
6.300315250E0,-3.683909949E-1,-9.694826224E0,-1.452846417E0
6.310359250E0,-3.208970954E-1,-9.693609418E0,-1.472095305E0
6.320404250E0,-2.728966442E-1,-9.690633770E0,-1.501094133E0
6.330448250E0,-2.267818654E-1,-9.685914482E0,-1.538745524E0
6.340493250E0,-1.826849058E-1,-9.679790694E0,-1.582522750E0
6.350537250E0,-1.412507317E-1,-9.672981026E0,-1.627753887E0
6.360582250E0,-1.038191594E-1,-9.666352038E0,-1.669431378E0
6.370626250E0,-7.213509409E-2,-9.660805954E0,-1.702861957E0
6.380671250E0,-4.823043397E-2,-9.657413399E0,-1.722821866E0
6.390715250E0,-3.409175689E-2,-9.657419246E0,-1.723134253E0
6.400760250E0,-3.221703905E-2,-9.661750279E0,-1.698718181E0
6.410804250E0,-4.691555506E-2,-9.670532797E0,-1.647637197E0
6.420849250E0,-8.229887509E-2,-9.682640042E0,-1.573472430E0
6.430893250E0,-1.325186460E-1,-9.696087468E0,-1.484737716E0
6.440937250E0,-1.875371081E-1,-9.709223238E0,-1.389938271E0
6.450982250E0,-2.440898978E-1,-9.721014733E0,-1.295524741E0
6.461026250E0,-3.018867375E-1,-9.731075453E0,-1.204628678E0
6.471071250E0,-3.605228718E-1,-9.739617065E0,-1.116240704E0
6.481115250E0,-4.174729616E-1,-9.747096823E0,-1.027594283E0
6.491160250E0,-4.719230377E-1,-9.754000046E0,-9.342832466E-1
6.501204250E0,-5.255666732E-1,-9.760450110E0,-8.327629383E-1
6.511249250E0,-5.779244694E-1,-9.766676225E0,-7.170178161E-1
6.521293250E0,-6.266197159E-1,-9.773367194E0,-5.698628401E-1
6.531338250E0,-6.664323109E-1,-9.780208436E0,-3.734538431E-1
6.541382250E0,-6.960858804E-1,-9.784391534E0,-1.313007076E-1
6.551427250E0,-7.231962034E-1,-9.782341501E0,1.374350032E-1
6.561471250E0,-7.507410476E-1,-9.772417021E0,4.151469757E-1
6.571516250E0,-7.774596803E-1,-9.754685925E0,6.911962925E-1
6.581560250E0,-8.019687232E-1,-9.729556931E0,9.636781499E-1
6.591605250E0,-8.208892898E-1,-9.696469291E0,1.241252347E0
6.601649250E0,-8.262271399E-1,-9.654176381E0,1.533080010E0
6.611693250E0,-8.070419137E-1,-9.603605567E0,1.831814843E0
6.621738250E0,-7.583955646E-1,-9.549024732E0,2.115908685E0
6.631782250E0,-6.845118286E-1,-9.496916100E0,2.361388978E0
6.641827250E0,-5.960929379E-1,-9.453248509E0,2.552816001E0
6.651871250E0,-5.080685880E-1,-9.419365649E0,2.693236008E0
6.661916250E0,-4.314309962E-1,-9.392469041E0,2.798478873E0
6.671960250E0,-3.690124077E-1,-9.368681399E0,2.885778972E0
6.682005250E0,-3.171034949E-1,-9.344858088E0,2.968026785E0
6.692049250E0,-2.725859561E-1,-9.318587133E0,3.053805146E0
6.702094250E0,-2.363396510E-1,-9.288804924E0,3.146163379E0
6.712138250E0,-2.122609266E-1,-9.256097354E0,3.242793588E0
6.722183250E0,-2.046304746E-1,-9.222220341E0,3.338394979E0
6.732227250E0,-2.149172618E-1,-9.189121007E0,3.427823172E0
6.742271250E0,-2.407998157E-1,-9.158672801E0,3.506683108E0
6.752316250E0,-2.784501652E-1,-9.132951484E0,3.570401971E0
6.762360250E0,-3.234070127E-1,-9.114209989E0,3.614235038E0
6.772405250E0,-3.706289436E-1,-9.104511797E0,3.634090136E0
6.782449250E0,-4.154313331E-1,-9.104884849E0,3.628304609E0
6.792494250E0,-4.538087291E-1,-9.115588177E0,3.596697485E0
6.802538250E0,-4.832827159E-1,-9.135988528E0,3.540654554E0
6.812583250E0,-5.020508164E-1,-9.164935754E0,3.462369692E0
6.822627250E0,-5.089219160E-1,-9.201164517E0,3.363879191E0
6.832672250E0,-5.032040335E-1,-9.243311833E0,3.247162920E0
6.842716250E0,-4.848042345E-1,-9.289905370E0,3.114278220E0
6.852761250E0,-4.560167839E-1,-9.338730791E0,2.969220201E0
6.862805250E0,-4.218032633E-1,-9.386777362E0,2.818972194E0
6.872850250E0,-3.862930496E-1,-9.431637785E0,2.670410232E0
6.882894250E0,-3.519011524E-1,-9.471448553E0,2.530600675E0
6.892938250E0,-3.212340412E-1,-9.504194714E0,2.408984583E0
6.902982875E0,-2.977541995E-1,-9.528920251E0,2.312386680E0
6.913026875E0,-2.865732634E-1,-9.545248600E0,2.245482984E0
6.923071875E0,-2.960536648E-1,-9.552472250E0,2.213301371E0
6.933115875E0,-3.336006464E-1,-9.551427938E0,2.212473113E0
6.943160875E0,-3.944438489E-1,-9.545163816E0,2.229427407E0
6.953204875E0,-4.523076392E-1,-9.538058279E0,2.248764880E0
6.963249875E0,-4.881849119E-1,-9.531868417E0,2.267432116E0
6.973293875E0,-5.016718072E-1,-9.524041919E0,2.297178949E0
6.983338875E0,-4.979119744E-1,-9.510376391E0,2.353918137E0
6.993382875E0,-4.813221445E-1,-9.489707653E0,2.439237492E0
7.003427875E0,-4.618428034E-1,-9.465063393E0,2.536800770E0
7.013471875E0,-4.523919853E-1,-9.442579095E0,2.620904489E0
7.023516875E0,-4.591952207E-1,-9.430512196E0,2.662833995E0
7.033560875E0,-4.804908532E-1,-9.435972326E0,2.639629612E0
7.043605875E0,-5.172851886E-1,-9.459851185E0,2.545530370E0
7.053649875E0,-5.748413788E-1,-9.495444356E0,2.396289693E0
7.063693875E0,-6.589090640E-1,-9.534652861E0,2.211862518E0
7.073738875E0,-7.661793049E-1,-9.571299700E0,2.009794878E0
7.083782875E0,-8.833461045E-1,-9.601216394E0,1.808991113E0
7.093827875E0,-9.906351297E-1,-9.620815676E0,1.641536066E0
7.103871875E0,-1.077351457E0,-9.630817339E0,1.524070474E0
7.113916875E0,-1.139153311E0,-9.635619072E0,1.446818376E0
7.123960875E0,-1.175446832E0,-9.638526893E0,1.397579412E0
7.134005875E0,-1.192758391E0,-9.639633771E0,1.375093506E0
7.144049875E0,-1.192004320E0,-9.639386433E0,1.377485602E0
7.154094875E0,-1.176929467E0,-9.638246226E0,1.398267045E0
7.164138875E0,-1.153561508E0,-9.636976211E0,1.426222144E0
7.174183875E0,-1.124392892E0,-9.636851665E0,1.450144419E0
7.184227875E0,-1.089999496E0,-9.639161316E0,1.461010738E0
7.194272875E0,-1.050411946E0,-9.644839547E0,1.452513711E0
7.204316875E0,-1.007234498E0,-9.654196261E0,1.420584990E0
7.214360875E0,-9.647832736E-1,-9.666735030E0,1.363641295E0
7.224405875E0,-9.286568365E-1,-9.681243142E0,1.283443955E0
7.234449875E0,-9.037235049E-1,-9.696199150E0,1.184536841E0
7.244494875E0,-8.917734772E-1,-9.710392681E0,1.071967853E0
7.254538875E0,-8.922294138E-1,-9.722989338E0,9.505337553E-1
7.264583875E0,-9.025783277E-1,-9.733035439E0,8.303641912E-1
7.274627875E0,-9.188232084E-1,-9.738047088E0,7.498797528E-1
7.284672875E0,-9.359904143E-1,-9.737554168E0,7.348877842E-1
7.294716875E0,-9.463197400E-1,-9.734356325E0,7.634709477E-1
7.304761875E0,-9.458835378E-1,-9.731457860E0,8.000824846E-1
7.314805875E0,-9.400070129E-1,-9.730873724E0,8.139790504E-1
7.324850875E0,-9.363382506E-1,-9.733834169E0,7.821963635E-1
7.334894875E0,-9.380787474E-1,-9.740356153E0,6.939447762E-1
7.344939875E0,-9.423662183E-1,-9.748582016E0,5.596363888E-1
7.354983875E0,-9.442580849E-1,-9.755795726E0,4.110103630E-1
7.365028875E0,-9.399062946E-1,-9.761036001E0,2.735706089E-1
7.375072875E0,-9.295407893E-1,-9.764619175E0,1.558668339E-1
7.385116875E0,-9.131689509E-1,-9.767238727E0,5.723626070E-2
7.395161875E0,-8.925593430E-1,-9.769278236E0,-2.506139926E-2
7.405205875E0,-8.692956839E-1,-9.770936506E0,-9.604642826E-2
7.415250875E0,-8.406358487E-1,-9.772598285E0,-1.604228930E-1
7.425294875E0,-8.052438949E-1,-9.774424371E0,-2.197272362E-1
7.435339875E0,-7.656875541E-1,-9.776245193E0,-2.735379559E-1
7.445383875E0,-7.246300869E-1,-9.777919836E0,-3.213783212E-1
7.455428875E0,-6.829827087E-1,-9.779426079E0,-3.639456857E-1
7.465472875E0,-6.409587698E-1,-9.780715975E0,-4.035405816E-1
7.475517875E0,-6.002883151E-1,-9.781493654E0,-4.451343481E-1
7.485561875E0,-5.645356246E-1,-9.781262105E0,-4.943016842E-1
7.495606875E0,-5.352630378E-1,-9.779858773E0,-5.513370702E-1
7.505650875E0,-5.114935215E-1,-9.777631568E0,-6.102434556E-1
7.515695875E0,-4.916305665E-1,-9.775259938E0,-6.623400640E-1
7.525739875E0,-4.744897096E-1,-9.773526823E0,-6.993649258E-1
7.535784875E0,-4.586887787E-1,-9.772900001E0,-7.184367160E-1
7.545828875E0,-4.430421778E-1,-9.773271300E0,-7.231733993E-1
7.555872875E0,-4.272225724E-1,-9.774281114E0,-7.190299892E-1
7.565917875E0,-4.120929750E-1,-9.775514292E0,-7.110637426E-1
7.575961875E0,-3.998604902E-1,-9.776650990E0,-7.023730990E-1
7.586006875E0,-3.919606826E-1,-9.777573681E0,-6.939186830E-1
7.596050875E0,-3.882314381E-1,-9.778360131E0,-6.848611998E-1
7.606095875E0,-3.900141445E-1,-9.779169386E0,-6.721717916E-1
7.616139875E0,-4.010359268E-1,-9.780012555E0,-6.531369120E-1
7.626184875E0,-4.237041566E-1,-9.780893730E0,-6.250450607E-1
7.636228875E0,-4.555202457E-1,-9.781991252E0,-5.841391460E-1
7.646273875E0,-4.902635240E-1,-9.783616778E0,-5.258951040E-1
7.656317875E0,-5.244262834E-1,-9.785770893E0,-4.469579485E-1
7.666362875E0,-5.633961485E-1,-9.787538506E0,-3.503915840E-1
7.676406875E0,-6.097785654E-1,-9.788027918E0,-2.425034203E-1
7.686451875E0,-6.607701597E-1,-9.786877770E0,-1.285227594E-1
7.696495875E0,-7.123059104E-1,-9.784099758E0,-1.157522576E-2
7.706539875E0,-7.631113440E-1,-9.779695051E0,1.065739746E-1
7.716584875E0,-8.161272443E-1,-9.773382397E0,2.259476504E-1
7.726628875E0,-8.730653838E-1,-9.764916798E0,3.467794665E-1
7.736673875E0,-9.353384498E-1,-9.754048578E0,4.687966412E-1
7.746717875E0,-1.004495808E0,-9.740588872E0,5.899387069E-1
7.756762875E0,-1.078758517E0,-9.724708419E0,7.088349301E-1
7.766806875E0,-1.147238768E0,-9.706965044E0,8.335363057E-1
7.776851875E0,-1.198861715E0,-9.687120178E0,9.790599085E-1
7.786895875E0,-1.226605365E0,-9.664310190E0,1.154410305E0
7.796940875E0,-1.228613445E0,-9.637705359E0,1.356924160E0
7.806984875E0,-1.203134422E0,-9.607445433E0,1.576567215E0
7.817029875E0,-1.148889583E0,-9.575032563E0,1.798585993E0
7.827073875E0,-1.068632967E0,-9.542776397E0,2.007373107E0
7.837118875E0,-9.704207204E-1,-9.512945657E0,2.190491968E0
7.847162875E0,-8.658947971E-1,-9.487060034E0,2.341374836E0
7.857207875E0,-7.636127427E-1,-9.465710095E0,2.460351641E0
7.867251875E0,-6.676699472E-1,-9.449339061E0,2.549571966E0
7.877296875E0,-5.793944960E-1,-9.438718763E0,2.609788347E0
7.887340875E0,-4.995446632E-1,-9.433615898E0,2.644512037E0
7.897384875E0,-4.275076973E-1,-9.432368102E0,2.661539421E0
7.907430875E0,-3.643355488E-1,-9.432669818E0,2.669847438E0
7.917474875E0,-3.117699572E-1,-9.432473352E0,2.677191248E0
7.927519875E0,-2.712977414E-1,-9.430510442E0,2.688489238E0
7.937563875E0,-2.455531270E-1,-9.426239051E0,2.705887921E0
7.947608875E0,-2.367596090E-1,-9.420140989E0,2.727817026E0
7.957652875E0,-2.448060904E-1,-9.413486273E0,2.749987914E0
7.967697875E0,-2.663829191E-1,-9.408134317E0,2.766251067E0
7.977741875E0,-2.970374405E-1,-9.405955644E0,2.770537661E0
7.987786875E0,-3.315993273E-1,-9.408295115E0,2.758644132E0
7.997830875E0,-3.652421596E-1,-9.415743299E0,2.728824794E0
8.007875875E0,-3.926631890E-1,-9.428331769E0,2.681132856E0
8.017919875E0,-4.092561618E-1,-9.445490423E0,2.617505794E0
8.027964875E0,-4.137755113E-1,-9.464904349E0,2.545675381E0
8.038008875E0,-4.104024353E-1,-9.482101595E0,2.481414189E0
8.048053875E0,-3.961913989E-1,-9.496372309E0,2.428591320E0
8.058097875E0,-3.658916025E-1,-9.510803822E0,2.376311511E0
8.068142875E0,-3.191756020E-1,-9.528022703E0,2.313224001E0
8.078186875E0,-2.630698502E-1,-9.548447027E0,2.234734779E0
8.088230875E0,-2.037794124E-1,-9.571760461E0,2.139151806E0
8.098275875E0,-1.440131939E-1,-9.596618144E0,2.029851851E0
8.108319875E0,-8.768587832E-2,-9.620346145E0,1.917643782E0
8.118364875E0,-4.435244635E-2,-9.638425151E0,1.826171402E0
8.128408875E0,-2.474343864E-2,-9.644799201E0,1.792584265E0
8.138453875E0,-1.071006854E-2,-9.639645465E0,1.820234870E0
8.148497875E0,2.026620734E-2,-9.629778873E0,1.871637597E0
8.158542875E0,5.170040015E-2,-9.621647151E0,1.912417248E0
8.168586875E0,6.300971464E-2,-9.618058714E0,1.930049527E0
8.178631875E0,5.511573597E-2,-9.619921052E0,1.920979765E0
8.188675875E0,4.129681479E-2,-9.627853970E0,1.881175137E0
8.198720875E0,2.998333872E-2,-9.641546980E0,1.809903133E0
8.208764875E0,2.094603524E-2,-9.659628909E0,1.710921174E0
8.218809875E0,1.237512943E-2,-9.680350857E0,1.589578731E0
8.228853875E0,1.992800758E-3,-9.701810138E0,1.452927547E0
8.238898875E0,-1.368175601E-2,-9.721838021E0,1.312164163E0
8.248942875E0,-3.521657160E-2,-9.738758694E0,1.179586295E0
8.258987875E0,-6.059401515E-2,-9.751622568E0,1.066900729E0
8.269031875E0,-8.671839254E-2,-9.760230255E0,9.831034774E-1
8.279075875E0,-1.125401354E-1,-9.764826751E0,9.335891090E-1
8.289120875E0,-1.391740748E-1,-9.765831887E0,9.193857106E-1
8.299164875E0,-1.674375235E-1,-9.763859037E0,9.354807564E-1
8.309209875E0,-1.950358150E-1,-9.759895794E0,9.708225703E-1
8.319253875E0,-2.191434100E-1,-9.755106339E0,1.012908563E0
8.329298875E0,-2.380414466E-1,-9.750718589E0,1.050201446E0
8.339342875E0,-2.520885051E-1,-9.747661664E0,1.075019442E0
8.349387875E0,-2.628674269E-1,-9.746578175E0,1.082215464E0
8.359431875E0,-2.722958977E-1,-9.747824802E0,1.068579172E0
8.369476875E0,-2.825668243E-1,-9.751418501E0,1.032514350E0
8.379520875E0,-2.948696767E-1,-9.757048784E0,9.742365403E-1
8.389565875E0,-3.105466100E-1,-9.764104035E0,8.955015888E-1
8.399609875E0,-3.300062899E-1,-9.771748685E0,8.000870892E-1
8.409654875E0,-3.535198809E-1,-9.779103897E0,6.929957000E-1
8.419698875E0,-3.806534832E-1,-9.785434678E0,5.800799358E-1
8.429743875E0,-4.102854179E-1,-9.790293129E0,4.668332923E-1
8.439787875E0,-4.401976536E-1,-9.793586281E0,3.577617070E-1
8.449832875E0,-4.682236140E-1,-9.795481364E0,2.557593140E-1
8.459876875E0,-4.936711351E-1,-9.796232731E0,1.618753414E-1
8.469920875E0,-5.170255357E-1,-9.796069593E0,7.631419048E-2
8.479965875E0,-5.394336009E-1,-9.795157428E0,-1.704493769E-3
8.490009875E0,-5.617128447E-1,-9.793630720E0,-7.327772226E-2
8.500054875E0,-5.836563122E-1,-9.791619862E0,-1.401662194E-1
8.510098875E0,-6.043912333E-1,-9.789237707E0,-2.040606817E-1
8.520143875E0,-6.234588573E-1,-9.786544479E0,-2.663807264E-1
8.530187875E0,-6.410178266E-1,-9.783543688E0,-3.278565611E-1
8.540232875E0,-6.584758584E-1,-9.780164582E0,-3.884723799E-1
8.550276875E0,-6.777793445E-1,-9.776307174E0,-4.478290009E-1
8.560321875E0,-6.997432407E-1,-9.771972633E0,-5.049731086E-1
8.570365875E0,-7.234911954E-1,-9.767332867E0,-5.584715138E-1
8.580410875E0,-7.472673630E-1,-9.762639892E0,-6.070842050E-1
8.590454875E0,-7.702244818E-1,-9.758125257E0,-6.494892727E-1
8.600499875E0,-7.923338275E-1,-9.753943328E0,-6.847556575E-1
8.610543875E0,-8.140519213E-1,-9.750236778E0,-7.115565167E-1
8.620588875E0,-8.362868359E-1,-9.747067587E0,-7.289635315E-1
8.630632875E0,-8.594036568E-1,-9.744415290E0,-7.375039016E-1
8.640677875E0,-8.820605942E-1,-9.742268777E0,-7.390966831E-1
8.650721875E0,-9.022185047E-1,-9.740608168E0,-7.366582480E-1
8.660766875E0,-9.186492538E-1,-9.739313010E0,-7.334718809E-1
8.670810875E0,-9.304568287E-1,-9.738147660E0,-7.340343831E-1
8.680854875E0,-9.360257169E-1,-9.737047214E0,-7.415320484E-1
8.690899875E0,-9.361059699E-1,-9.735981851E0,-7.552993908E-1
8.700943875E0,-9.329410183E-1,-9.734877897E0,-7.732309008E-1
8.710988875E0,-9.278646849E-1,-9.733687989E0,-7.940306894E-1
8.721032875E0,-9.220962605E-1,-9.732244311E0,-8.181030916E-1
8.731077875E0,-9.162164466E-1,-9.730259766E0,-8.477523487E-1
8.741121875E0,-9.111557546E-1,-9.727360716E0,-8.856371167E-1
8.751166875E0,-9.076184084E-1,-9.723187559E0,-9.337816286E-1
8.761210875E0,-9.046383018E-1,-9.717461965E0,-9.943114203E-1
8.771255875E0,-9.008976918E-1,-9.709985130E0,-1.068036404E0
8.781299875E0,-8.971200250E-1,-9.700625492E0,-1.152890394E0
8.791344875E0,-8.946232639E-1,-9.689391237E0,-1.245570809E0
8.801388875E0,-8.932444905E-1,-9.676485847E0,-1.343068306E0
8.811433875E0,-8.917256762E-1,-9.662492875E0,-1.441241010E0
8.821477875E0,-8.899147935E-1,-9.648751334E0,-1.531586924E0
8.831522875E0,-8.907721415E-1,-9.637590753E0,-1.599824369E0
8.841566875E0,-8.970130941E-1,-9.631248279E0,-1.634168428E0
8.851611875E0,-9.047744688E-1,-9.629322791E0,-1.641217101E0
8.861655875E0,-9.060124706E-1,-9.629597025E0,-1.638940926E0
8.871700875E0,-8.955665660E-1,-9.629812787E0,-1.643401767E0
8.881744875E0,-8.722264545E-1,-9.628211235E0,-1.665193462E0
8.891788875E0,-8.366282402E-1,-9.623945106E0,-1.707590161E0
8.901833167E0,-7.901332279E-1,-9.617984455E0,-1.762432951E0
8.911877167E0,-7.356328657E-1,-9.612469361E0,-1.815316046E0
8.921922167E0,-6.744299132E-1,-9.608963370E0,-1.857167639E0
8.931966167E0,-6.085526601E-1,-9.607615002E0,-1.886672835E0
8.942011167E0,-5.424446977E-1,-9.607612079E0,-1.906732001E0
8.952055167E0,-4.827232836E-1,-9.607844798E0,-1.921562586E0
8.962100167E0,-4.319988340E-1,-9.607578165E0,-1.934919673E0
8.972144167E0,-3.899476690E-1,-9.606594663E0,-1.948691913E0
8.982189167E0,-3.564835422E-1,-9.605070294E0,-1.962561947E0
8.992233167E0,-3.297940360E-1,-9.603520197E0,-1.974772687E0
9.002278167E0,-3.070412773E-1,-9.602536696E0,-1.983207296E0
9.012322167E0,-2.860707683E-1,-9.602808006E0,-1.985029580E0
9.022367167E0,-2.659136070E-1,-9.605221152E0,-1.976146490E0
9.032411167E0,-2.471772459E-1,-9.610756127E0,-1.951507347E0
9.042456167E0,-2.332929045E-1,-9.620368364E0,-1.905307034E0
9.052500167E0,-2.316035890E-1,-9.634473603E0,-1.832865733E0
9.062545167E0,-2.497221735E-1,-9.652398242E0,-1.733475054E0
9.072589167E0,-2.888220112E-1,-9.672382271E0,-1.611735293E0
9.082634167E0,-3.444856404E-1,-9.692802503E0,-1.472074401E0
9.092678167E0,-4.116254901E-1,-9.712351499E0,-1.317915777E0
9.102723167E0,-4.883209328E-1,-9.729652825E0,-1.153918627E0
9.112767167E0,-5.724095949E-1,-9.743559258E0,-9.856435078E-1
9.122811167E0,-6.617912297E-1,-9.753421757E0,-8.178851366E-1
9.132856167E0,-7.481756549E-1,-9.759675938E0,-6.519417411E-1
9.142900167E0,-8.219941212E-1,-9.763398861E0,-4.862717029E-1
9.152945167E0,-8.809262343E-1,-9.765226700E0,-3.168863074E-1
9.162989167E0,-9.248263255E-1,-9.765319671E0,-1.390165015E-1
9.173034167E0,-9.556942154E-1,-9.763204148E0,5.072047076E-2
9.183078167E0,-9.805591346E-1,-9.757565094E0,2.540390449E-1
9.193123167E0,-1.007285369E0,-9.746819665E0,4.700729056E-1
9.203167167E0,-1.037168734E0,-9.730285494E0,6.942119940E-1
9.213212167E0,-1.060712547E0,-9.709180554E0,9.180576617E-1
9.223256167E0,-1.066645717E0,-9.685950150E0,1.131700669E0
9.233301167E0,-1.048319374E0,-9.663177000E0,1.326706188E0
9.243345167E0,-1.007396685E0,-9.642587784E0,1.497240086E0
9.253390167E0,-9.532209163E-1,-9.624244484E0,1.643587270E0
9.263434167E0,-8.960245492E-1,-9.606619222E0,1.773728310E0
9.273479167E0,-8.407598097E-1,-9.588014551E0,1.897153677E0
9.283523167E0,-7.915179947E-1,-9.567573270E0,2.017706891E0
9.293568167E0,-7.484568328E-1,-9.545391272E0,2.135745511E0
9.303612167E0,-7.074087942E-1,-9.520796714E0,2.256126379E0
9.313657167E0,-6.639676365E-1,-9.492456429E0,2.385064062E0
9.323701167E0,-6.166187844E-1,-9.459377561E0,2.525082950E0
9.333746167E0,-5.659744417E-1,-9.421430885E0,2.674399203E0
9.343790167E0,-5.136792472E-1,-9.379964186E0,2.826392896E0
9.353834167E0,-4.637188460E-1,-9.336866114E0,2.973888326E0
9.363879167E0,-4.203642270E-1,-9.294132323E0,3.111028337E0
9.373923167E0,-3.854775823E-1,-9.254707471E0,3.230771420E0
9.383968167E0,-3.588889405E-1,-9.220978392E0,3.328790927E0
9.394012167E0,-3.403433266E-1,-9.194168909E0,3.404042839E0
9.404057167E0,-3.277009886E-1,-9.174999982E0,3.456599075E0
9.414101167E0,-3.180666775E-1,-9.164351617E0,3.485626700E0
9.424146167E0,-3.106144743E-1,-9.163105575E0,3.489571524E0
9.434190167E0,-3.046485784E-1,-9.171298109E0,3.468513069E0
9.444235167E0,-2.990262978E-1,-9.188587741E0,3.422946302E0
9.454279167E0,-2.914979163E-1,-9.213999740E0,3.354601122E0
9.464324167E0,-2.790164498E-1,-9.245973485E0,3.266532991E0
9.474368167E0,-2.577717429E-1,-9.282838426E0,3.162049679E0
9.484413167E0,-2.265659021E-1,-9.322780171E0,3.044752779E0
9.494457167E0,-1.898526238E-1,-9.363591397E0,2.919454841E0
9.504502167E0,-1.560911843E-1,-9.403027943E0,2.791915081E0
9.514546167E0,-1.342143842E-1,-9.438916399E0,2.669258623E0
9.524591167E0,-1.291448300E-1,-9.467715105E0,2.565497442E0
9.534635167E0,-1.416909540E-1,-9.484765002E0,2.501052940E0
9.544680167E0,-1.737280678E-1,-9.487500329E0,2.488622929E0
9.554724167E0,-2.259182682E-1,-9.478374580E0,2.519026111E0
9.564769167E0,-2.889838511E-1,-9.461919930E0,2.573839665E0
9.574813167E0,-3.427588480E-1,-9.441118460E0,2.642709633E0
9.584858167E0,-3.612947408E-1,-9.420754362E0,2.712004986E0
9.594902167E0,-3.385028059E-1,-9.405771457E0,2.766405141E0
9.604946167E0,-2.945613274E-1,-9.389491054E0,2.826090010E0
9.614991167E0,-2.416650757E-1,-9.364070284E0,2.914083881E0
9.625035167E0,-1.947304807E-1,-9.328401684E0,3.029706431E0
9.635080167E0,-1.811158603E-1,-9.288093903E0,3.151919670E0
9.645124167E0,-2.180170353E-1,-9.254497556E0,3.246973762E0
9.655169167E0,-2.948098158E-1,-9.244354391E0,3.269727617E0
9.665213167E0,-3.948769083E-1,-9.265433019E0,3.198735987E0
9.675258167E0,-5.161785665E-1,-9.311452360E0,3.044098183E0
9.685302167E0,-6.521314102E-1,-9.371292180E0,2.826606612E0
9.695347167E0,-7.893587641E-1,-9.435316268E0,2.566672733E0
9.705391167E0,-9.165433791E-1,-9.496857044E0,2.281610591E0
9.715436167E0,-1.026589732E0,-9.551659487E0,1.986957261E0
9.725480167E0,-1.114203096E0,-9.597677075E0,1.696838593E0
9.735525167E0,-1.176265077E0,-9.633702940E0,1.429783537E0
9.745569167E0,-1.210094801E0,-9.659281585E0,1.212459780E0
9.755614167E0,-1.212666699E0,-9.675580114E0,1.071765832E0
9.765658167E0,-1.189057469E0,-9.684204757E0,1.019024019E0
9.775703167E0,-1.156124050E0,-9.686076450E0,1.038947676E0
9.785747167E0,-1.129568409E0,-9.683022450E0,1.095100242E0
9.795792167E0,-1.116815339E0,-9.677741244E0,1.153317460E0
9.805836167E0,-1.121870696E0,-9.672274098E0,1.193575393E0
9.815881167E0,-1.144688943E0,-9.667880500E0,1.207418165E0
9.825925167E0,-1.182817248E0,-9.665163884E0,1.192318534E0
9.835970167E0,-1.231686010E0,-9.664392051E0,1.148294629E0
9.846014167E0,-1.282465862E0,-9.666115226E0,1.075915674E0
9.856059167E0,-1.324174051E0,-9.670998235E0,9.769579806E-1
9.866103167E0,-1.353934917E0,-9.678465714E0,8.545506871E-1
9.876147167E0,-1.375864315E0,-9.686861731E0,7.126108427E-1
9.886192167E0,-1.395184539E0,-9.694335058E0,5.562567347E-1
9.896236167E0,-1.415100009E0,-9.699506920E0,3.913724162E-1
9.906280917E0,-1.432651596E0,-9.702043442E0,2.323209328E-1
9.916324917E0,-1.443252013E0,-9.702430528E0,1.263420677E-1
9.926369917E0,-1.449041634E0,-9.701927667E0,9.467175700E-2
9.936413917E0,-1.449391590E0,-9.701676237E0,1.133884385E-1
9.946458917E0,-1.440149627E0,-9.702571446E0,1.489041157E-1
9.956502917E0,-1.420099232E0,-9.705077562E0,1.757433289E-1
9.966547917E0,-1.392866410E0,-9.708936140E0,1.805277583E-1
9.976591917E0,-1.361867396E0,-9.713742551E0,1.569411685E-1
9.986636917E0,-1.330237176E0,-9.718865882E0,1.010435593E-1
9.996680917E0,-1.297639241E0,-9.723790991E0,1.079101365E-2
1.000672592E1,-1.262095917E0,-9.727840773E0,-1.109505790E-1
1.001676992E1,-1.221718993E0,-9.730343381E0,-2.528401464E-1
1.002681492E1,-1.177108026E0,-9.731227480E0,-3.921018198E-1
1.003685892E1,-1.132070579E0,-9.731720985E0,-4.980993777E-1
1.004690392E1,-1.088670863E0,-9.733382179E0,-5.587401569E-1
1.005694792E1,-1.044433607E0,-9.736072483E0,-5.951297187E-1
1.006699292E1,-9.966994232E-1,-9.738324246E0,-6.385397036E-1
1.007703692E1,-9.500372536E-1,-9.738477443E0,-7.039565981E-1
1.008708192E1,-9.123737296E-1,-9.735875432E0,-7.851235528E-1
1.009712592E1,-8.851974792E-1,-9.731502299E0,-8.662592979E-1
1.010717092E1,-8.643340290E-1,-9.726869550E0,-9.365028497E-1
1.011721492E1,-8.451094803E-1,-9.722996355E0,-9.925852492E-1
1.012725992E1,-8.247355883E-1,-9.720274476E0,-1.035452795E0
1.013730392E1,-8.026584754E-1,-9.718755369E0,-1.066592800E0
1.014734892E1,-7.790724885E-1,-9.718375300E0,-1.087349173E0
1.015739292E1,-7.568477335E-1,-9.718653043E0,-1.100489548E0
1.016743692E1,-7.382986113E-1,-9.718981072E0,-1.110147321E0
1.017748192E1,-7.249486870E-1,-9.719088660E0,-1.117967606E0
1.018752592E1,-7.180518231E-1,-9.719252967E0,-1.120996902E0
1.019757092E1,-7.186701661E-1,-9.719972175E0,-1.114336485E0
1.020761492E1,-7.271346686E-1,-9.721380769E0,-1.096416450E0
1.021765992E1,-7.410973810E-1,-9.723188143E0,-1.070737599E0
1.022770392E1,-7.560885456E-1,-9.725470896E0,-1.039057896E0
1.023774892E1,-7.711894186E-1,-9.728712008E0,-9.967529252E-1
1.024779292E1,-7.896846002E-1,-9.733023160E0,-9.384819860E-1
1.025783792E1,-8.120138743E-1,-9.738254664E0,-8.620626050E-1
1.026788192E1,-8.374625648E-1,-9.743989613E0,-7.677331294E-1
1.027792692E1,-8.652646134E-1,-9.749686555E0,-6.565247156E-1
1.028797092E1,-8.982877871E-1,-9.754468993E0,-5.286655148E-1
1.029801592E1,-9.408168523E-1,-9.757169822E0,-3.854764494E-1
1.030805992E1,-9.931056514E-1,-9.756891494E0,-2.299705165E-1
1.031810492E1,-1.054892521E0,-9.752888491E0,-6.694091650E-2
1.032814892E1,-1.123530793E0,-9.744962590E0,9.736784418E-2
1.033819392E1,-1.198133737E0,-9.733095081E0,2.596956778E-1
1.034823792E1,-1.275028789E0,-9.717613993E0,4.223358350E-1
1.035828292E1,-1.347004213E0,-9.698829228E0,5.953144908E-1
1.036832692E1,-1.404835514E0,-9.676009884E0,7.983465924E-1
1.037837192E1,-1.444029401E0,-9.646163941E0,1.049951624E0
1.038841592E1,-1.463432655E0,-9.605671388E0,1.351124745E0
1.039846092E1,-1.458477871E0,-9.553230634E0,1.686630086E0
1.040850492E1,-1.424701137E0,-9.490121051E0,2.035668368E0
1.041854992E1,-1.362465713E0,-9.420001826E0,2.375571984E0
1.042859392E1,-1.278124158E0,-9.349258702E0,2.682136239E0
1.043863892E1,-1.180314932E0,-9.286512816E0,2.933198137E0
1.044868292E1,-1.079613672E0,-9.236529647E0,3.123627917E0
1.045872792E1,-9.852749871E-1,-9.197124091E0,3.267757983E0
1.046877192E1,-9.027701895E-1,-9.162909694E0,3.385586687E0
1.047881592E1,-8.336006981E-1,-9.130148329E0,3.490214133E0
1.048886092E1,-7.779560358E-1,-9.097246047E0,3.587616174E0
1.049890492E1,-7.334423525E-1,-9.065165883E0,3.677079158E0
1.050894992E1,-6.964732584E-1,-9.036266019E0,3.754584294E0
1.051899392E1,-6.641122089E-1,-9.012782432E0,3.816389071E0
1.052903892E1,-6.334426126E-1,-8.996786789E0,3.859103566E0
1.053908292E1,-6.032361523E-1,-8.989692947E0,3.880417837E0
1.054912792E1,-5.749337282E-1,-8.992075687E0,3.879193722E0
1.055917192E1,-5.513794625E-1,-9.003974771E0,3.854933332E0
1.056921692E1,-5.352995829E-1,-9.025476152E0,3.806615450E0
1.057926092E1,-5.267159069E-1,-9.056406169E0,3.733652724E0
1.058930592E1,-5.216907367E-1,-9.095765532E0,3.637443807E0
1.059934992E1,-5.141092734E-1,-9.141618227E0,3.521734133E0
1.060939492E1,-5.004714103E-1,-9.191580931E0,3.391234220E0
1.061943892E1,-4.811265917E-1,-9.243387846E0,3.250294104E0
1.062948392E1,-4.584449498E-1,-9.294721137E0,3.103880993E0
1.063952792E1,-4.342225666E-1,-9.342458391E0,2.960744662E0
1.064957292E1,-4.095413963E-1,-9.382362129E0,2.835430645E0
1.065961692E1,-3.843054713E-1,-9.408461761E0,2.751231909E0
1.066966192E1,-3.576367958E-1,-9.416791704E0,2.726216351E0
1.067970592E1,-3.339896325E-1,-9.411048569E0,2.748947986E0
1.068975092E1,-3.212749717E-1,-9.399666964E0,2.789112218E0
1.069979492E1,-3.292046732E-1,-9.392201239E0,2.813235784E0
1.070983992E1,-3.568448636E-1,-9.394162395E0,2.803299318E0
1.071988392E1,-3.786179212E-1,-9.400895464E0,2.777753710E0
1.072992892E1,-3.591860887E-1,-9.395532398E0,2.798405783E0
1.073997292E1,-2.911455302E-1,-9.367113760E0,2.899741246E0
1.075001792E1,-2.051156473E-1,-9.320683360E0,3.052688035E0
1.076006192E1,-1.283907585E-1,-9.268214539E0,3.212446246E0
1.077010692E1,-7.456571769E-2,-9.224283823E0,3.338135363E0
1.078015092E1,-5.406403658E-2,-9.201770289E0,3.400090998E0
1.079019592E1,-7.625237445E-2,-9.206632833E0,3.386474879E0
1.080023992E1,-1.531746388E-1,-9.236531401E0,3.301383566E0
1.081028392E1,-2.816113527E-1,-9.282493440E0,3.161029925E0
1.082032892E1,-4.382745774E-1,-9.335520085E0,2.981958361E0
1.083037292E1,-5.977657166E-1,-9.389647760E0,2.777281547E0
1.084041792E1,-7.449933077E-1,-9.440750086E0,2.559942880E0
1.085046192E1,-8.728764457E-1,-9.486815620E0,2.339766998E0
1.086050692E1,-9.760376289E-1,-9.526260352E0,2.129274105E0
1.087055092E1,-1.045009631E0,-9.557995530E0,1.946480642E0
1.088059592E1,-1.067644202E0,-9.581796622E0,1.812576918E0
1.089063992E1,-1.034623514E0,-9.598529014E0,1.741812160E0
1.090068492E1,-9.519147214E-1,-9.608710186E0,1.732819727E0
1.091073037E1,-8.408690795E-1,-9.613128927E0,1.765443975E0
1.092077537E1,-7.259944616E-1,-9.613742884E0,1.812448572E0
1.093081937E1,-6.247138160E-1,-9.613485022E0,1.851147053E0
1.094086437E1,-5.452072513E-1,-9.615087744E0,1.867876229E0
1.095090837E1,-4.912217730E-1,-9.620088868E0,1.857067213E0
1.096095337E1,-4.666754906E-1,-9.629107613E0,1.816203654E0
1.097099737E1,-4.736025773E-1,-9.642016511E0,1.744509919E0
1.098104237E1,-5.109231621E-1,-9.657705760E0,1.644322265E0
1.099108637E1,-5.752407071E-1,-9.674725251E0,1.518184374E0
1.100113137E1,-6.593783762E-1,-9.691750004E0,1.367957564E0
1.101117538E1,-7.524468266E-1,-9.707763773E0,1.195512576E0
1.102122037E1,-8.442537403E-1,-9.721888307E0,1.004100025E0
1.103126438E1,-9.243434916E-1,-9.732749510E0,8.094821761E-1
1.104130938E1,-9.671016216E-1,-9.737564108E0,6.932862335E-1
1.105135338E1,-9.692775898E-1,-9.737361209E0,6.931118403E-1
1.106139838E1,-9.537693121E-1,-9.734116005E0,7.572522146E-1
1.107144238E1,-9.390314050E-1,-9.729918289E0,8.264425367E-1
1.108148738E1,-9.347394756E-1,-9.728282238E0,8.502218471E-1
1.109153138E1,-9.371369802E-1,-9.733047718E0,7.909810741E-1
1.110157638E1,-9.363827625E-1,-9.743853958E0,6.454429264E-1
1.111162038E1,-9.294985431E-1,-9.755566515E0,4.484050613E-1
1.112166538E1,-9.207544707E-1,-9.763730398E0,2.406288029E-1
1.113170938E1,-9.125482690E-1,-9.767343977E0,4.830205780E-2
1.114175438E1,-9.025241679E-1,-9.767708843E0,-1.158098527E-1
1.115179838E1,-8.854971490E-1,-9.766801940E0,-2.482006549E-1
1.116184238E1,-8.583720618E-1,-9.766135358E0,-3.491464925E-1
1.117188738E1,-8.209608451E-1,-9.766534138E0,-4.206380229E-1
1.118193138E1,-7.758975235E-1,-9.768004128E0,-4.692491426E-1
1.119197638E1,-7.275865122E-1,-9.769924353E0,-5.052810376E-1
1.120202037E1,-6.809953862E-1,-9.771414224E0,-5.401909250E-1
1.121206538E1,-6.392181998E-1,-9.771773243E0,-5.830420987E-1
1.122210937E1,-6.039658483E-1,-9.770679229E0,-6.365286999E-1
1.123215438E1,-5.771843215E-1,-9.768310522E0,-6.950317005E-1
1.124219837E1,-5.568148880E-1,-9.765517307E0,-7.488236725E-1
1.125224337E1,-5.383208393E-1,-9.763194208E0,-7.914420540E-1
1.126228737E1,-5.215259914E-1,-9.761640603E0,-8.212882892E-1
1.127233237E1,-5.071705288E-1,-9.760646576E0,-8.418287538E-1
1.128237637E1,-4.922675110E-1,-9.760018585E0,-8.578018852E-1
1.129242137E1,-4.737163788E-1,-9.759580044E0,-8.730861414E-1
1.130246537E1,-4.503321574E-1,-9.759185357E0,-8.897185463E-1
1.131251037E1,-4.271734923E-1,-9.758641566E0,-9.069306296E-1
1.132255437E1,-4.102470821E-1,-9.758151569E0,-9.199270897E-1
1.133259937E1,-4.031949015E-1,-9.758421126E0,-9.201804203E-1
1.134264337E1,-4.087413144E-1,-9.760085244E0,-8.998816650E-1
1.135268837E1,-4.262574895E-1,-9.763104746E0,-8.580228368E-1
1.136273237E1,-4.513653969E-1,-9.767004839E0,-7.987371133E-1
1.137277737E1,-4.804085536E-1,-9.771272721E0,-7.262961048E-1
1.138282137E1,-5.125540968E-1,-9.775615448E0,-6.408629485E-1
1.139286637E1,-5.465561674E-1,-9.779806733E0,-5.410741835E-1
1.140291037E1,-5.792781364E-1,-9.783658878E0,-4.248977560E-1
1.141295537E1,-6.080227927E-1,-9.786855551E0,-2.895888187E-1
1.142299937E1,-6.340317196E-1,-9.788591005E0,-1.326044265E-1
1.143304437E1,-6.656786048E-1,-9.787299939E0,4.147504066E-2
1.144308837E1,-7.105255064E-1,-9.781731051E0,2.213259929E-1
1.145313337E1,-7.724867696E-1,-9.771454570E0,3.975198498E-1
1.146317737E1,-8.497865219E-1,-9.756772211E0,5.651369377E-1
1.147322237E1,-9.347870573E-1,-9.738768049E0,7.201902229E-1
1.148326637E1,-1.017451192E0,-9.719244781E0,8.585762027E-1
1.149331137E1,-1.089203398E0,-9.699757181E0,9.820585068E-1
1.150335538E1,-1.146653607E0,-9.678783803E0,1.114638494E0
1.151340037E1,-1.190019117E0,-9.650322481E0,1.300476456E0
1.152344438E1,-1.214489788E0,-9.608522490E0,1.561217543E0
1.153348937E1,-1.216602898E0,-9.552316715E0,1.873286950E0
1.154353338E1,-1.198363021E0,-9.485263184E0,2.197681704E0
1.155357838E1,-1.161934355E0,-9.415112384E0,2.498331938E0
1.156362238E1,-1.109837930E0,-9.350889491E0,2.750496914E0
1.157366738E1,-1.049248935E0,-9.299307693E0,2.942456911E0
1.158371138E1,-9.868720078E-1,-9.263630322E0,3.073653227E0
1.159375638E1,-9.247126702E-1,-9.242663961E0,3.155021618E0
1.160380038E1,-8.614802223E-1,-9.231077119E0,3.206424199E0
1.161384438E1,-7.967810735E-1,-9.221095921E0,3.251556810E0
1.162388938E1,-7.308347136E-1,-9.206454493E0,3.308045298E0
1.163393338E1,-6.641885881E-1,-9.186106183E0,3.377931220E0
1.164397838E1,-6.023733226E-1,-9.161617459E0,3.455145749E0
1.165402238E1,-5.509638351E-1,-9.136395494E0,3.529703304E0
1.166406738E1,-5.143108927E-1,-9.114366694E0,3.591643151E0
1.167411138E1,-4.935145393E-1,-9.098975653E0,3.633342277E0
1.168415638E1,-4.866271771E-1,-9.092604527E0,3.650181966E0
1.169420038E1,-4.897665107E-1,-9.096779439E0,3.639343567E0
1.170424538E1,-4.985603941E-1,-9.111952379E0,3.599981281E0
1.171428937E1,-5.107548720E-1,-9.137314092E0,3.533370970E0
1.172433438E1,-5.243332396E-1,-9.171573513E0,3.441424088E0
1.173437837E1,-5.372494466E-1,-9.213165928E0,3.326413449E0
1.174442337E1,-5.469854992E-1,-9.260504401E0,3.190607188E0
1.175446737E1,-5.526503548E-1,-9.311606727E0,3.037212210E0
1.176451237E1,-5.541423085E-1,-9.363751026E0,2.872144727E0
1.177455637E1,-5.494533166E-1,-9.413256478E0,2.706438144E0
1.178460137E1,-5.376664627E-1,-9.455473375E0,2.557545229E0
1.179464537E1,-5.179617480E-1,-9.484187881E0,2.453159566E0
1.180469037E1,-4.914936320E-1,-9.495183570E0,2.415784894E0
1.181473437E1,-4.623022484E-1,-9.489753261E0,2.442732665E0
1.182477937E1,-4.352625670E-1,-9.474372160E0,2.506572419E0
1.183482337E1,-4.127661357E-1,-9.459747105E0,2.564939618E0
1.184486837E1,-3.870294698E-1,-9.456602472E0,2.580499059E0
1.185491237E1,-3.514947343E-1,-9.457564924E0,2.582059973E0
1.186495737E1,-3.056399007E-1,-9.443165570E0,2.639945654E0
1.187500137E1,-2.600231219E-1,-9.409877372E0,2.760924838E0
1.188504637E1,-2.225166505E-1,-9.367892025E0,2.903303955E0
1.189509037E1,-1.954195385E-1,-9.332210560E0,3.017904119E0
1.190513429E1,-1.815731857E-1,-9.316744675E0,3.066172884E0
1.191517829E1,-1.904317356E-1,-9.328347890E0,3.030140002E0
1.192522329E1,-2.375836278E-1,-9.363685538E0,2.915657075E0
1.193526729E1,-3.364256556E-1,-9.412912661E0,2.742259356E0
1.194531229E1,-4.773696460E-1,-9.465901299E0,2.530794802E0
1.195535629E1,-6.365417100E-1,-9.515179294E0,2.300497828E0
1.196540129E1,-7.904926123E-1,-9.556092262E0,2.071789835E0
1.197544529E1,-9.236910155E-1,-9.587626880E0,1.860190795E0
1.198549029E1,-1.028431239E0,-9.611313366E0,1.673639327E0
1.199553429E1,-1.097405214E0,-9.628279647E0,1.525783124E0
1.200557929E1,-1.127635246E0,-9.638416380E0,1.437170617E0
1.201562329E1,-1.126700130E0,-9.641268067E0,1.418655701E0
1.202566829E1,-1.103602094E0,-9.637777280E0,1.459932366E0
1.203571229E1,-1.066914104E0,-9.630116258E0,1.535792680E0
1.204575729E1,-1.022154984E0,-9.621176450E0,1.619961449E0
1.205580129E1,-9.711771309E-1,-9.613982036E0,1.692410351E0
1.206584629E1,-9.151977155E-1,-9.610801150E0,1.740978494E0
1.207589029E1,-8.591743729E-1,-9.612609109E0,1.759453502E0
1.208593529E1,-8.112281547E-1,-9.619298324E0,1.745601887E0
1.209597929E1,-7.785405381E-1,-9.630304538E0,1.699179380E0
1.210602429E1,-7.646922118E-1,-9.644614429E0,1.622580417E0
1.211606829E1,-7.696793751E-1,-9.660907111E0,1.520057968E0
1.212611229E1,-7.906707332E-1,-9.678022496E0,1.395281895E0
1.213615729E1,-8.220043539E-1,-9.694965388E0,1.252211345E0
1.214620129E1,-8.582486855E-1,-9.710878585E0,1.094695395E0
1.215624629E1,-8.954953030E-1,-9.724989086E0,9.267142452E-1
1.216629029E1,-9.318165987E-1,-9.736632646E0,7.522153500E-1
1.217633529E1,-9.667377786E-1,-9.745344998E0,5.742764647E-1
1.218637929E1,-1.000309056E0,-9.750823254E0,3.961656712E-1
1.219642429E1,-1.029793933E0,-9.753117117E0,2.287923026E-1
1.220646829E1,-1.047214908E0,-9.753214765E0,1.194282925E-1
1.221651329E1,-1.051072024E0,-9.753127642E0,8.861490039E-2
1.222655729E1,-1.045518558E0,-9.753566183E0,1.046155868E-1
1.223660229E1,-1.035717162E0,-9.754314626E0,1.292845967E-1
1.224664629E1,-1.024200340E0,-9.755483485E0,1.328798578E-1
1.225669129E1,-1.009334014E0,-9.757514808E0,9.085852272E-2
1.226673529E1,-9.880416702E-1,-9.760111556E0,-9.025416045E-3
1.227678029E1,-9.587551598E-1,-9.761904897E0,-1.486624795E-1
1.228682429E1,-9.225215723E-1,-9.762213630E0,-2.902453696E-1
1.229686929E1,-8.812720972E-1,-9.761859289E0,-4.068594246E-1
1.230691329E1,-8.353900923E-1,-9.761772165E0,-4.960072074E-1
1.231695829E1,-7.859925952E-1,-9.762041137E0,-5.664514649E-1
1.232700229E1,-7.365292438E-1,-9.762173869E0,-6.273524451E-1
1.233704729E1,-6.898090406E-1,-9.761582716E0,-6.868541501E-1
1.234709129E1,-6.460801267E-1,-9.759827381E0,-7.512999684E-1
1.235713629E1,-6.087184286E-1,-9.756702629E0,-8.199583400E-1
1.236718029E1,-5.823107582E-1,-9.752424806E0,-8.872556991E-1
1.237722529E1,-5.657493604E-1,-9.747876842E0,-9.460072795E-1
1.238726929E1,-5.541751260E-1,-9.743964470E0,-9.920273517E-1
1.239731429E1,-5.425187746E-1,-9.741094072E0,-1.026085775E0
1.240735829E1,-5.261992688E-1,-9.739504214E0,-1.049409149E0
1.241740329E1,-5.032583395E-1,-9.739162737E0,-1.063740820E0
1.242744729E1,-4.780792056E-1,-9.739381422E0,-1.073317317E0
1.243749229E1,-4.583071017E-1,-9.739450420E0,-1.081280202E0
1.244753629E1,-4.481180361E-1,-9.739241089E0,-1.087432350E0
1.245758129E1,-4.485152082E-1,-9.739151627E0,-1.088052666E0
1.246762529E1,-4.598460158E-1,-9.739655657E0,-1.078771454E0
1.247767029E1,-4.798857029E-1,-9.741230897E0,-1.055559177E0
1.248771429E1,-5.054600720E-1,-9.744410613E0,-1.013433277E0
1.249775929E1,-5.365356112E-1,-9.749521079E0,-9.460842434E-1
1.250780329E1,-5.745647689E-1,-9.756069376E0,-8.515181018E-1
1.251784829E1,-6.206027117E-1,-9.762719414E0,-7.350175924E-1
1.252789229E1,-6.714550692E-1,-9.768384197E0,-6.032627937E-1
1.253793729E1,-7.232145490E-1,-9.772375506E0,-4.623262220E-1
1.254798129E1,-7.767609380E-1,-9.774168847E0,-3.136134015E-1
1.255802629E1,-8.293203901E-1,-9.773778838E0,-1.468988223E-1
1.256807029E1,-8.776854151E-1,-9.770552929E0,4.570063155E-2
1.257811529E1,-9.226715534E-1,-9.763104746E0,2.580090667E-1
1.258815929E1,-9.668941916E-1,-9.750484115E0,4.788243967E-1
1.259820429E1,-1.013881905E0,-9.732218583E0,7.014682424E-1
1.260824829E1,-1.067093541E0,-9.708223364E0,9.207687964E-1
1.261829329E1,-1.125102963E0,-9.678966236E0,1.134831268E0
1.262833729E1,-1.182949979E0,-9.644318560E0,1.350497632E0
1.263838229E1,-1.231981587E0,-9.602481732E0,1.584501009E0
1.264842629E1,-1.260194987E0,-9.550947881E0,1.851324955E0
1.265847129E1,-1.259774426E0,-9.489132287E0,2.146028132E0
1.266851529E1,-1.232404048E0,-9.420915745E0,2.442054680E0
1.267856029E1,-1.189354654E0,-9.353007352E0,2.709757901E0
1.268860429E1,-1.140936346E0,-9.293096781E0,2.927917517E0
1.269864929E1,-1.092283857E0,-9.245629669E0,3.092141538E0
1.270869329E1,-1.046087711E0,-9.209912537E0,3.212368478E0
1.271873829E1,-1.001410232E0,-9.184126900E0,3.299255764E0
1.272878229E1,-9.575167926E-1,-9.166321544E0,3.361219878E0
1.273882729E1,-9.127373533E-1,-9.154804283E0,3.404785435E0
1.274887129E1,-8.654890003E-1,-9.148228505E0,3.434665292E0
1.275891629E1,-8.167935345E-1,-9.145462772E0,3.453905555E0
1.276896029E1,-7.701495644E-1,-9.145011951E0,3.465793236E0
1.277900529E1,-7.296199545E-1,-9.145241747E0,3.473948641E0
1.278904929E1,-7.005683559E-1,-9.145166903E0,3.480121254E0
1.279909429E1,-6.862367573E-1,-9.144810222E0,3.483908788E0
1.280913829E1,-6.857297306E-1,-9.145331794E0,3.482640819E0
1.281918329E1,-6.959034473E-1,-9.148524374E0,3.472219034E0
1.282922729E1,-7.135715403E-1,-9.156354965E0,3.447906896E0
1.283927229E1,-7.382806311E-1,-9.170145623E0,3.405799342E0
1.284931629E1,-7.721297240E-1,-9.190182862E0,3.343720038E0
1.285936129E1,-8.139134154E-1,-9.216281324E0,3.260950069E0
1.286940529E1,-8.559924643E-1,-9.247930548E0,3.158978429E0
1.287945029E1,-8.893264174E-1,-9.284565108E0,3.040071498E0
1.288949429E1,-9.077966022E-1,-9.324996266E0,2.907997515E0
1.289953929E1,-9.073608385E-1,-9.366954716E0,2.770011704E0
1.290958317E1,-8.857512105E-1,-9.407040303E0,2.638017242E0
1.291962817E1,-8.434604193E-1,-9.440689275E0,2.529435909E0
1.292967217E1,-7.862590820E-1,-9.461582546E0,2.469074810E0
1.293971717E1,-7.226360402E-1,-9.466760255E0,2.468670475E0
1.294976117E1,-6.581341618E-1,-9.460086828E0,2.511921452E0
1.295980617E1,-5.940985623E-1,-9.453147937E0,2.553657708E0
1.296985017E1,-5.445264161E-1,-9.456912959E0,2.550762167E0
1.297989417E1,-5.272079866E-1,-9.468506234E0,2.511081499E0
1.298993917E1,-5.246329825E-1,-9.474139441E0,2.490287924E0
1.299998317E1,-5.049128823E-1,-9.459807331E0,2.548178867E0
1.301002817E1,-4.582884637E-1,-9.421202259E0,2.695742417E0
1.302007317E1,-4.031966557E-1,-9.365629737E0,2.891110171E0
1.303011717E1,-3.650664142E-1,-9.307639391E0,3.077447778E0
1.304016117E1,-3.514455812E-1,-9.258996404E0,3.222356400E0
1.305020617E1,-3.636281088E-1,-9.227643633E0,3.309754147E0
1.306025017E1,-4.166485042E-1,-9.217808032E0,3.330841546E0
1.307029517E1,-5.290476669E-1,-9.228012008E0,3.286333710E0
1.308033917E1,-6.936225215E-1,-9.253480725E0,3.182463186E0
1.309038417E1,-8.816150364E-1,-9.289108395E0,3.028416243E0
1.310042817E1,-1.064177827E0,-9.329965230E0,2.838196670E0
1.311047317E1,-1.225622374E0,-9.371595651E0,2.628146265E0
1.312051717E1,-1.362357685E0,-9.410452153E0,2.413187269E0
1.313056217E1,-1.472389712E0,-9.444429154E0,2.207013568E0
1.314060617E1,-1.549112783E0,-9.471225774E0,2.032783644E0
1.315065117E1,-1.586426205E0,-9.489341033E0,1.916185194E0
1.316069517E1,-1.586876294E0,-9.497692611E0,1.873965374E0
1.317074017E1,-1.558170705E0,-9.496683381E0,1.902948852E0
1.318078417E1,-1.509773886E0,-9.489230520E0,1.977672321E0
1.319082917E1,-1.451945361E0,-9.479937540E0,2.063672731E0
1.320087317E1,-1.395886497E0,-9.473276392E0,2.131818959E0
1.321091817E1,-1.348234905E0,-9.473168803E0,2.162737428E0
1.322096217E1,-1.311838765E0,-9.481485298E0,2.148630289E0
1.323100717E1,-1.294231045E0,-9.496852950E0,2.090658362E0
1.324105117E1,-1.302670477E0,-9.516203141E0,1.995247882E0
1.325109617E1,-1.333869612E0,-9.537028584E0,1.871359854E0
1.326114017E1,-1.373340657E0,-9.558869104E0,1.725702935E0
1.327118517E1,-1.407836013E0,-9.581950988E0,1.562149297E0
1.328122917E1,-1.432817657E0,-9.605607653E0,1.383987852E0
1.329127417E1,-1.450626960E0,-9.628398346E0,1.194035277E0
1.330131817E1,-1.464498018E0,-9.648847813E0,9.955337077E-1
1.331136317E1,-1.471354755E0,-9.663928952E0,8.244380381E-1
1.332140717E1,-1.463805707E0,-9.667452484E0,7.960682248E-1
1.333145217E1,-1.438587543E0,-9.662161923E0,8.995472773E-1
1.334149617E1,-1.392614395E0,-9.653048453E0,1.056116928E0
1.335154117E1,-1.335941281E0,-9.644919069E0,1.194530317E0
1.336158517E1,-1.294554542E0,-9.647373145E0,1.220011167E0
1.337163017E1,-1.285157189E0,-9.664561620E0,1.086618271E0
1.338167417E1,-1.295187211E0,-9.684943260E0,8.720515497E-1
1.339171917E1,-1.310892101E0,-9.699732038E0,6.579137217E-1
1.340176317E1,-1.320868328E0,-9.709322056E0,4.695415764E-1
1.341180817E1,-1.317092050E0,-9.716461506E0,3.028852957E-1
1.342185217E1,-1.299828000E0,-9.722308137E0,1.524941874E-1
1.343189717E1,-1.274831445E0,-9.726797630E0,1.759835239E-2
1.344194117E1,-1.244631161E0,-9.730225267E0,-9.859292722E-2
1.345198617E1,-1.206047431E0,-9.733682726E0,-1.922824342E-1
1.346203017E1,-1.158271148E0,-9.737864655E0,-2.617454376E-1
1.347207517E1,-1.103885391E0,-9.742693285E0,-3.121558003E-1
1.348211917E1,-1.049701802E0,-9.747164651E0,-3.563967110E-1
1.349216417E1,-1.001453575E0,-9.750277709E0,-4.065233559E-1
1.350220817E1,-9.616783290E-1,-9.751636017E0,-4.656815736E-1
1.351225317E1,-9.284130076E-1,-9.751744190E0,-5.268972071E-1
1.352229717E1,-8.951626696E-1,-9.751914929E0,-5.787534950E-1
1.353234217E1,-8.594584744E-1,-9.752982631E0,-6.138151907E-1
1.354238617E1,-8.252372063E-1,-9.754698789E0,-6.332176410E-1
1.355243117E1,-7.943250968E-1,-9.756490960E0,-6.450086975E-1
1.356247517E1,-7.658271564E-1,-9.757856870E0,-6.586788299E-1
1.357252017E1,-7.393937948E-1,-9.758556781E0,-6.782127694E-1
1.358256417E1,-7.169616097E-1,-9.758472582E0,-7.030591236E-1
1.359260917E1,-7.010544788E-1,-9.757559246E0,-7.312033074E-1
1.360265317E1,-6.910042845E-1,-9.756094519E0,-7.597564309E-1
1.361269817E1,-6.864878221E-1,-9.754483611E0,-7.841401242E-1
1.362274217E1,-6.901472289E-1,-9.753047535E0,-7.986695780E-1
1.363278717E1,-7.035632998E-1,-9.752028950E0,-7.993857888E-1
1.364283117E1,-7.239393114E-1,-9.751798570E0,-7.838631123E-1
1.365287617E1,-7.441841993E-1,-9.752873873E0,-7.508257592E-1
1.366292017E1,-7.601646397E-1,-9.755419165E0,-7.000186446E-1
1.367296517E1,-7.759377962E-1,-9.758876039E0,-6.311505041E-1
1.368300917E1,-7.975015967E-1,-9.762277949E0,-5.459099405E-1
1.369305417E1,-8.239844403E-1,-9.765115603E0,-4.468259476E-1
1.370309817E1,-8.518526356E-1,-9.767114766E0,-3.375621716E-1
1.371314317E1,-8.810358696E-1,-9.767867888E0,-2.205176884E-1
1.372318717E1,-9.142545596E-1,-9.766832346E0,-9.604737843E-2
1.373323217E1,-9.564446325E-1,-9.763196547E0,3.638407784E-2
1.374327617E1,-1.009643404E0,-9.756310281E0,1.764736096E-1
1.375332117E1,-1.071394168E0,-9.745970650E0,3.229070757E-1
1.376336517E1,-1.136469293E0,-9.732514452E0,4.719001240E-1
1.377341017E1,-1.199586185E0,-9.716612365E0,6.201127882E-1
1.378345417E1,-1.255722890E0,-9.699092352E0,7.660648457E-1
1.379349917E1,-1.299982658E0,-9.680707537E0,9.110621260E-1
1.380354317E1,-1.327559005E0,-9.661683621E0,1.060922243E0
1.381358817E1,-1.337152385E0,-9.640548275E0,1.227981653E0
1.382363217E1,-1.331576334E0,-9.614183764E0,1.424945843E0
1.383367717E1,-1.310104189E0,-9.580310259E0,1.654501829E0
1.384372117E1,-1.270011000E0,-9.539218367E0,1.904334204E0
1.385376617E1,-1.209624977E0,-9.493693115E0,2.154695752E0
1.386381017E1,-1.130600369E0,-9.446621275E0,2.391482843E0
1.387385517E1,-1.038951623E0,-9.400693150E0,2.604544856E0
1.388389917E1,-9.443222581E-1,-9.358904269E0,2.784825332E0
1.389394417E1,-8.507160830E-1,-9.323953707E0,2.928526212E0
1.390398817E1,-7.571978355E-1,-9.296739596E0,3.038645362E0
1.391403375E1,-6.648265924E-1,-9.275848664E0,3.122938238E0
1.392407775E1,-5.777767907E-1,-9.258183641E0,3.191914333E0
1.393412275E1,-4.995008822E-1,-9.241258290E0,3.253574684E0
1.394416675E1,-4.331727356E-1,-9.223848791E0,3.311959717E0
1.395421175E1,-3.812534075E-1,-9.206608860E0,3.365871630E0
1.396425575E1,-3.456544988E-1,-9.191598473E0,3.410445247E0
1.397430075E1,-3.264639736E-1,-9.181243054E0,3.440100571E0
1.398434475E1,-3.218682082E-1,-9.177514869E0,3.450464761E0
1.399438975E1,-3.289063921E-1,-9.182171592E0,3.437392433E0
1.400443375E1,-3.437336154E-1,-9.196255780E0,3.398063476E0
1.401447875E1,-3.620684737E-1,-9.220164460E0,3.330699458E0
1.402452275E1,-3.807110051E-1,-9.253490081E0,3.234823833E0
1.403456775E1,-3.966083785E-1,-9.295224583E0,3.110886542E0
1.404461175E1,-4.058667136E-1,-9.342679415E0,2.964069974E0
1.405465675E1,-4.066772839E-1,-9.391797196E0,2.804435432E0
1.406470075E1,-3.987560608E-1,-9.437382089E0,2.648187597E0
1.407474575E1,-3.827476269E-1,-9.472474739E0,2.522266346E0
1.408478975E1,-3.614701573E-1,-9.491406854E0,2.453290251E0
1.409483475E1,-3.375088888E-1,-9.497480357E0,2.433120427E0
1.410487875E1,-3.071513877E-1,-9.501289818E0,2.422241244E0
1.411492375E1,-2.717830055E-1,-9.510680446E0,2.389389540E0
1.412496775E1,-2.406804960E-1,-9.527610474E0,2.324396276E0
1.413501275E1,-2.195494809E-1,-9.551556576E0,2.226132063E0
1.414505675E1,-2.099073857E-1,-9.580926556E0,2.097116611E0
1.415510175E1,-2.084277478E-1,-9.613842872E0,1.940797441E0
1.416514575E1,-2.149031006E-1,-9.648102878E0,1.761826887E0
1.417519075E1,-2.324786797E-1,-9.681444871E0,1.565781733E0
1.418523475E1,-2.556313148E-1,-9.710253518E0,1.371754746E0
1.419527975E1,-2.528803825E-1,-9.726709921E0,1.250305153E0
1.420532375E1,-2.012020511E-1,-9.725896574E0,1.265921604E0
1.421536875E1,-1.201098860E-1,-9.710448230E0,1.388840748E0
1.422541275E1,-3.992741515E-2,-9.685442027E0,1.557797652E0
1.423545775E1,1.612524804E-2,-9.658100447E0,1.719581485E0
1.424550175E1,3.166915723E-2,-9.636684435E0,1.835596091E0
1.425554675E1,7.753354280E-3,-9.626392751E0,1.889079841E0
1.426559075E1,-4.491645598E-2,-9.627506061E0,1.882874191E0
1.427563575E1,-1.096706143E-1,-9.637043454E0,1.830699048E0
1.428567975E1,-1.722547887E-1,-9.651634011E0,1.747104329E0
1.429572475E1,-2.229183176E-1,-9.668799098E0,1.643392411E0
1.430576875E1,-2.569591261E-1,-9.686719644E0,1.528902759E0
1.431581375E1,-2.721671676E-1,-9.704029157E0,1.412039723E0
1.432585775E1,-2.668031695E-1,-9.719787403E0,1.300247684E0
1.433590275E1,-2.391089837E-1,-9.733531868E0,1.198871363E0
1.434594675E1,-1.898512168E-1,-9.745060823E0,1.110784521E0
1.435599175E1,-1.224576892E-1,-9.754530389E0,1.034516290E0
1.436603575E1,-4.055692274E-2,-9.762384369E0,9.645243882E-1
1.437608075E1,5.173146348E-2,-9.769072999E0,8.936645398E-1
1.438612475E1,1.470626631E-1,-9.774542484E0,8.202303817E-1
1.439616975E1,2.290964309E-1,-9.776523521E0,7.766638011E-1
1.440621375E1,2.925469068E-1,-9.772891231E0,8.007068210E-1
1.441625875E1,3.509257272E-1,-9.764153736E0,8.799321346E-1
1.442630275E1,4.080646089E-1,-9.753494262E0,9.689890297E-1
1.443634775E1,4.514419224E-1,-9.746829606E0,1.015693007E0
1.444639175E1,4.656221512E-1,-9.748656276E0,9.914693812E-1
1.445643675E1,4.497649409E-1,-9.757208413E0,9.114297697E-1
1.446648075E1,4.176997239E-1,-9.768809289E0,7.949899252E-1
1.447652575E1,3.773985940E-1,-9.780972083E0,6.528877475E-1
1.448656975E1,3.290935761E-1,-9.791953154E0,4.954095854E-1
1.449661475E1,2.755484662E-1,-9.800390101E0,3.354143796E-1
1.450665875E1,2.216835684E-1,-9.805735626E0,1.857905996E-1
1.451670375E1,1.705790498E-1,-9.808355763E0,5.632641567E-2
1.452674775E1,1.210044277E-1,-9.809145137E0,-4.632751702E-2
1.453679275E1,6.904940876E-2,-9.809032871E0,-1.192141473E-1
1.454683675E1,1.199605170E-2,-9.808629997E0,-1.634637558E-1
1.455688175E1,-5.140000858E-2,-9.808167483E0,-1.824905955E-1
1.456692575E1,-1.231711135E-1,-9.807572821E0,-1.801527143E-1
1.457697075E1,-2.056225278E-1,-9.806519737E0,-1.612369533E-1
1.458701475E1,-2.985024969E-1,-9.804550395E0,-1.334354072E-1
1.459705975E1,-4.007560644E-1,-9.801241456E0,-1.057835315E-1
1.460710375E1,-5.118851753E-1,-9.796247934E0,-8.715706162E-2
1.461714875E1,-6.290481377E-1,-9.789437097E0,-8.555383732E-2
1.462719275E1,-7.450512683E-1,-9.781102476E0,-1.051572491E-1
1.463723775E1,-8.514340480E-1,-9.771894865E0,-1.457868280E-1
1.464728175E1,-9.386908778E-1,-9.762873196E0,-2.031749199E-1
1.465732675E1,-9.994244450E-1,-9.755212759E0,-2.703324392E-1
1.466737075E1,-1.029302547E0,-9.749909919E0,-3.404360415E-1
1.467741575E1,-1.032195384E0,-9.747111441E0,-4.055795422E-1
1.468745975E1,-1.015208419E0,-9.746534321E0,-4.588038958E-1
1.469750475E1,-9.827430696E-1,-9.747879766E0,-4.991310458E-1
1.470754875E1,-9.386396416E-1,-9.750491132E0,-5.319312944E-1
1.471759375E1,-8.893527299E-1,-9.753426434E0,-5.619659926E-1
1.472763775E1,-8.381605761E-1,-9.755953601E0,-5.958081785E-1
1.473768275E1,-7.868963555E-1,-9.757245836E0,-6.427078182E-1
1.474772675E1,-7.399841443E-1,-9.756028445E0,-7.130620285E-1
1.475777175E1,-7.024795184E-1,-9.750826178E0,-8.148804718E-1
1.476781575E1,-6.794576416E-1,-9.740176644E0,-9.504766718E-1
1.477786075E1,-6.726498015E-1,-9.723333739E0,-1.113748328E0
1.478790475E1,-6.847889867E-1,-9.702408308E0,-1.276886157E0
1.479794975E1,-7.176781129E-1,-9.684553251E0,-1.389408367E0
1.480799375E1,-7.534221422E-1,-9.675257347E0,-1.434511742E0
1.481803875E1,-7.641476899E-1,-9.672948282E0,-1.444393536E0
1.482808275E1,-7.361645237E-1,-9.673243566E0,-1.456894883E0
1.483812775E1,-6.850536463E-1,-9.674433475E0,-1.473827981E0
1.484817175E1,-6.315185132E-1,-9.676539642E0,-1.483867358E0
1.485821675E1,-5.801141055E-1,-9.679459741E0,-1.485811119E0
1.486826075E1,-5.292944194E-1,-9.683070982E0,-1.481243859E0
1.487830575E1,-4.805112819E-1,-9.686488679E0,-1.475519142E0
1.488834975E1,-4.379808279E-1,-9.688269156E0,-1.477061784E0
1.489839475E1,-4.058685774E-1,-9.687435343E0,-1.491628952E0
1.490843812E1,-3.793417334E-1,-9.684261475E0,-1.518969509E0
1.491848312E1,-3.492894204E-1,-9.679978389E0,-1.553093567E0
1.492852712E1,-3.151651795E-1,-9.676419774E0,-1.582301725E0
1.493857212E1,-2.807906960E-1,-9.676096423E0,-1.590737650E0
1.494861612E1,-2.469220881E-1,-9.681113918E0,-1.565625174E0
1.495866112E1,-2.138993895E-1,-9.691763452E0,-1.503357590E0
1.496870512E1,-1.863105267E-1,-9.706286767E0,-1.410455127E0
1.497875012E1,-1.717073980E-1,-9.722136814E0,-1.298718783E0
1.498879412E1,-1.748436800E-1,-9.737760574E0,-1.175381343E0
1.499883912E1,-1.949193458E-1,-9.752596130E0,-1.041617295E0
1.500888312E1,-2.296785760E-1,-9.766424210E0,-8.945954897E-1
1.501892812E1,-2.776664921E-1,-9.778953039E0,-7.287541281E-1
1.502897212E1,-3.374588221E-1,-9.789186836E0,-5.422642015E-1
1.503901712E1,-4.108137504E-1,-9.795514108E0,-3.394693872E-1
1.504906112E1,-4.993320073E-1,-9.796430951E0,-1.292762462E-1
1.505910612E1,-5.992963350E-1,-9.791366678E0,7.807990800E-2
1.506915012E1,-6.971721469E-1,-9.781346889E0,2.744252343E-1
1.507919512E1,-7.815378208E-1,-9.768283625E0,4.538309120E-1
1.508923913E1,-8.493304391E-1,-9.753903567E0,6.132558315E-1
1.509928412E1,-9.037632660E-1,-9.738930017E0,7.566814533E-1
1.510932813E1,-9.466895033E-1,-9.722537933E0,9.011779927E-1
1.511937313E1,-9.797328499E-1,-9.701302015E0,1.077470741E0
1.512941713E1,-1.005583171E0,-9.670039292E0,1.309675003E0
1.513946213E1,-1.020128339E0,-9.626600912E0,1.588712174E0
1.514950613E1,-1.018157901E0,-9.573760208E0,1.882179104E0
1.515955113E1,-9.991405626E-1,-9.516893113E0,2.160226341E0
1.516959513E1,-9.680547177E-1,-9.461522319E0,2.403864176E0
1.517964013E1,-9.309881944E-1,-9.412051951E0,2.604353945E0
1.518968413E1,-8.912080514E-1,-9.370829666E0,2.762137258E0
1.519972913E1,-8.516309530E-1,-9.336861436E0,2.886840827E0
1.520977313E1,-8.142597167E-1,-9.306564088E0,2.993484685E0
1.521981813E1,-7.791433860E-1,-9.274854053E0,3.099373082E0
1.522986213E1,-7.459884308E-1,-9.238596638E0,3.213713045E0
1.523990713E1,-7.167988379E-1,-9.197386631E0,3.336223615E0
1.524995113E1,-6.931128636E-1,-9.152371842E0,3.462625800E0
1.525999613E1,-6.769538639E-1,-9.105338008E0,3.587567350E0
1.527004013E1,-6.722540912E-1,-9.058565546E0,3.704936463E0
1.528008513E1,-6.819500904E-1,-9.014712598E0,3.808671916E0
1.529013013E1,-7.058060724E-1,-8.976556592E0,3.893503028E0
1.530017413E1,-7.407580964E-1,-8.946567977E0,3.955541694E0
1.531021913E1,-7.792958522E-1,-8.927273920E0,3.991564051E0
1.532026313E1,-8.127104969E-1,-8.920909810E0,3.999119238E0
1.533030813E1,-8.340469138E-1,-8.928621118E0,3.977459982E0
1.534035213E1,-8.398833121E-1,-8.950298501E0,3.927193223E0
1.535039713E1,-8.310892459E-1,-8.984749711E0,3.849629615E0
1.536044112E1,-8.098200721E-1,-9.030236955E0,3.746347029E0
1.537048613E1,-7.781473128E-1,-9.084923040E0,3.618668690E0
1.538053012E1,-7.386898631E-1,-9.146464984E0,3.468808061E0
1.539057512E1,-6.932081732E-1,-9.211786569E0,3.301295273E0
1.540061912E1,-6.434379892E-1,-9.276708789E0,3.124863434E0
1.541066412E1,-5.933365970E-1,-9.335610716E0,2.954727877E0
1.542070812E1,-5.485425031E-1,-9.382006034E0,2.813033178E0
1.543075312E1,-5.126717720E-1,-9.410612952E0,2.722795145E0
1.544079712E1,-4.882199587E-1,-9.419296651E0,2.697146918E0
1.545084212E1,-4.785254213E-1,-9.409378020E0,2.733261953E0
1.546088612E1,-4.809451818E-1,-9.389093444E0,2.801733433E0
1.547093112E1,-4.849241390E-1,-9.376748217E0,2.842101441E0
1.548097512E1,-4.873768632E-1,-9.382453930E0,2.822786041E0
1.549102012E1,-4.903170260E-1,-9.394580471E0,2.781643862E0
1.550106412E1,-4.793818191E-1,-9.395469832E0,2.780544878E0
1.551110912E1,-4.484959124E-1,-9.376094499E0,2.850227024E0
1.552115312E1,-4.091997727E-1,-9.340187332E0,2.971460270E0
1.553119812E1,-3.751571370E-1,-9.298846348E0,3.102711258E0
1.554124212E1,-3.551881646E-1,-9.263373629E0,3.209338743E0
1.555128712E1,-3.558887342E-1,-9.240725024E0,3.273903114E0
1.556133112E1,-3.800001299E-1,-9.234446869E0,3.288874617E0
1.557137612E1,-4.297986729E-1,-9.245501030E0,3.251477288E0
1.558142012E1,-5.094795211E-1,-9.270512495E0,3.167672362E0
1.559146512E1,-6.155605115E-1,-9.303894834E0,3.048725085E0
1.560150912E1,-7.323014876E-1,-9.339771010E0,2.910070060E0
1.561155412E1,-8.407638296E-1,-9.372961560E0,2.770703429E0
1.562159812E1,-9.283538776E-1,-9.400628246E0,2.646211238E0
1.563164312E1,-9.937495029E-1,-9.423335323E0,2.539545453E0
1.564168712E1,-1.038542171E0,-9.443308827E0,2.445699542E0
1.565173212E1,-1.059712966E0,-9.461862043E0,2.363532421E0
1.566177613E1,-1.053187839E0,-9.479361590E0,2.295348186E0
1.567182112E1,-1.023387870E0,-9.494944419E0,2.243836993E0
1.568186513E1,-9.838736288E-1,-9.507821158E0,2.206678961E0
1.569191013E1,-9.456821012E-1,-9.518305215E0,2.177994275E0
1.570195413E1,-9.142811644E-1,-9.526519969E0,2.155367012E0
1.571199913E1,-8.924931964E-1,-9.533505052E0,2.133505442E0
1.572204313E1,-8.820225873E-1,-9.540856757E0,2.104800438E0
1.573208813E1,-8.863058920E-1,-9.549185531E0,2.064850067E0
1.574213213E1,-9.091052091E-1,-9.558354549E0,2.011832778E0
1.575217713E1,-9.487778364E-1,-9.568415853E0,1.944564655E0
1.576222113E1,-9.960823227E-1,-9.580029593E0,1.861978289E0
1.577226613E1,-1.043846839E0,-9.593452461E0,1.764132006E0
1.578231013E1,-1.091907516E0,-9.608075178E0,1.651890170E0
1.579235513E1,-1.140361126E0,-9.623237008E0,1.526104720E0
1.580239913E1,-1.187695214E0,-9.638418719E0,1.387940277E0
1.581244413E1,-1.232553591E0,-9.653057808E0,1.239104373E0
1.582248813E1,-1.273818853E0,-9.666571893E0,1.082072426E0
1.583253313E1,-1.310158714E0,-9.678570380E0,9.191478020E-1
1.584257713E1,-1.337160279E0,-9.688386101E0,7.637116338E-1
1.585262213E1,-1.343677439E0,-9.694514567E0,6.686021396E-1
1.586266613E1,-1.330203115E0,-9.697366254E0,6.540108515E-1
1.587271113E1,-1.304973549E0,-9.698656735E0,6.849796059E-1
1.588275512E1,-1.277946111E0,-9.699735546E0,7.197708314E-1
1.589280013E1,-1.258118641E0,-9.702110685E0,7.227043795E-1
1.590284412E1,-1.247396017E0,-9.707686005E0,6.640430655E-1
1.591288904E1,-1.239371006E0,-9.716000746E0,5.471568957E-1
1.592293304E1,-1.229556308E0,-9.724138901E0,4.066915730E-1
1.593297804E1,-1.215438425E0,-9.730537509E0,2.746479767E-1
1.594302204E1,-1.194500642E0,-9.735619909E0,1.642259952E-1
1.595306704E1,-1.164783484E0,-9.740323994E0,7.393820181E-2
1.596311104E1,-1.126064903E0,-9.745156133E0,-1.351732505E-3
1.597315604E1,-1.081845408E0,-9.749953188E0,-6.408074639E-2
1.598320004E1,-1.034920406E0,-9.754567811E0,-1.160023906E-1
1.599324504E1,-9.859363803E-1,-9.759035084E0,-1.588997116E-1
1.600328904E1,-9.349037824E-1,-9.763382488E0,-1.959498992E-1
1.601333404E1,-8.822565490E-1,-9.767494835E0,-2.318464495E-1
1.602337804E1,-8.307477685E-1,-9.770994979E0,-2.713207648E-1
1.603342304E1,-7.844835019E-1,-9.773430344E0,-3.174141648E-1
1.604346704E1,-7.452122129E-1,-9.774645980E0,-3.702382765E-1
1.605351204E1,-7.101151049E-1,-9.774929570E0,-4.273233273E-1
1.606355604E1,-6.746088380E-1,-9.774775788E0,-4.845472860E-1
1.607360104E1,-6.372908845E-1,-9.774500384E0,-5.377021673E-1
1.608364504E1,-6.000551939E-1,-9.774198083E0,-5.840201186E-1
1.609369004E1,-5.647400214E-1,-9.773975304E0,-6.217516896E-1
1.610373404E1,-5.319542081E-1,-9.774008633E0,-6.495333461E-1
1.611377904E1,-5.021333352E-1,-9.774424955E0,-6.667645790E-1
1.612382304E1,-4.753444629E-1,-9.775203804E0,-6.749300694E-1
1.613386804E1,-4.508972908E-1,-9.776170934E0,-6.777201415E-1
1.614391304E1,-4.270712392E-1,-9.777137479E0,-6.791935667E-1
1.615395704E1,-4.028804309E-1,-9.778027425E0,-6.811577927E-1
1.616400104E1,-3.793243380E-1,-9.778893982E0,-6.822265906E-1
1.617404604E1,-3.601544607E-1,-9.779920753E0,-6.778922689E-1
1.618409104E1,-3.505462429E-1,-9.781269121E0,-6.633112134E-1
1.619413504E1,-3.546648754E-1,-9.783015684E0,-6.347678109E-1
1.620418004E1,-3.726541998E-1,-9.785232364E0,-5.886280169E-1
1.621422404E1,-4.015231825E-1,-9.787904541E0,-5.213672760E-1
1.622426904E1,-4.381902679E-1,-9.790719391E0,-4.311700642E-1
1.623431304E1,-4.834428200E-1,-9.792886369E0,-3.189842884E-1
1.624435804E1,-5.389040259E-1,-9.793354146E0,-1.894504084E-1
1.625440204E1,-6.005520976E-1,-9.791474267E0,-4.968353558E-2
1.626444704E1,-6.609140012E-1,-9.787273627E0,9.260883191E-2
1.627449104E1,-7.164455198E-1,-9.781040495E0,2.325219856E-1
1.628453604E1,-7.745354877E-1,-9.772392463E0,3.695215905E-1
1.629458004E1,-8.459756722E-1,-9.760498057E0,5.031152654E-1
1.630462504E1,-9.329170447E-1,-9.745321024E0,6.280889019E-1
1.631466904E1,-1.036799263E0,-9.727180037E0,7.369518513E-1
1.632471404E1,-1.152138807E0,-9.707403585E0,8.215848892E-1
1.633475804E1,-1.267850600E0,-9.688493105E0,8.728021860E-1
1.634480304E1,-1.374867218E0,-9.672540731E0,8.875908908E-1
1.635484704E1,-1.466715282E0,-9.660444596E0,8.721571650E-1
1.636489204E1,-1.535083851E0,-9.652503492E0,8.419137577E-1
1.637493604E1,-1.582486936E0,-9.645593837E0,8.332973007E-1
1.638498104E1,-1.618938186E0,-9.633342167E0,9.021383248E-1
1.639502504E1,-1.636970707E0,-9.614679024E0,1.055647178E0
1.640507004E1,-1.618490874E0,-9.592873002E0,1.262298815E0
1.641511404E1,-1.556215396E0,-9.571205560E0,1.485369654E0
1.642515904E1,-1.453234380E0,-9.552830100E0,1.693414172E0
1.643520304E1,-1.321897438E0,-9.539705440E0,1.866203926E0
1.644524804E1,-1.181935341E0,-9.532454308E0,1.992846138E0
1.645529204E1,-1.051795032E0,-9.531381928E0,2.069439109E0
1.646533704E1,-9.444865648E-1,-9.536420474E0,2.097789772E0
1.647538104E1,-8.641331041E-1,-9.547061237E0,2.083987273E0
1.648542604E1,-8.049030022E-1,-9.561623728E0,2.040482966E0
1.649547004E1,-7.621790054E-1,-9.575383396E0,1.991787500E0
1.650551504E1,-7.359029339E-1,-9.583144990E0,1.964147127E0
1.651555904E1,-7.243098056E-1,-9.582722236E0,1.970508313E0
1.652560404E1,-7.224066100E-1,-9.575374040E0,2.006599520E0
1.653564804E1,-7.252954269E-1,-9.563884261E0,2.059646776E0
1.654569304E1,-7.317624474E-1,-9.550742059E0,2.117531580E0
1.655573704E1,-7.432547843E-1,-9.537418594E0,2.172858812E0
1.656578204E1,-7.569575880E-1,-9.526965526E0,2.213605573E0
1.657582604E1,-7.714552476E-1,-9.523326219E0,2.224232156E0
1.658587104E1,-7.864187110E-1,-9.528617365E0,2.196156165E0
1.659591504E1,-8.035230593E-1,-9.542205709E0,2.129970947E0
1.660596004E1,-8.272107147E-1,-9.561745934E0,2.030968961E0
1.661600404E1,-8.616283762E-1,-9.584309170E0,1.906492411E0
1.662604904E1,-9.073913171E-1,-9.606709269E0,1.767445184E0
1.663609304E1,-9.576390725E-1,-9.624597656E0,1.638949404E0
1.664613804E1,-9.947665530E-1,-9.631135427E0,1.577268150E0
1.665618204E1,-1.007931486E0,-9.622733563E0,1.619625526E0
1.666622704E1,-1.006372764E0,-9.601287730E0,1.743154827E0
1.667627104E1,-1.002467190E0,-9.571592061E0,1.901524178E0
1.668631604E1,-1.003405302E0,-9.541098247E0,2.048594662E0
1.669636004E1,-1.016872171E0,-9.518126290E0,2.146468573E0
1.670640504E1,-1.046349155E0,-9.507636386E0,2.178550784E0
1.671644904E1,-1.088393778E0,-9.509691682E0,2.148785825E0
1.672649404E1,-1.138852691E0,-9.521647484E0,2.068177718E0
1.673653804E1,-1.193112294E0,-9.540207131E0,1.948595434E0
1.674658304E1,-1.245953947E0,-9.562523029E0,1.800514405E0
1.675662704E1,-1.292985734E0,-9.586331722E0,1.632954547E0
1.676667204E1,-1.331908602E0,-9.609723508E0,1.454418295E0
1.677671604E1,-1.362031849E0,-9.630187594E0,1.280802183E0
1.678676104E1,-1.379963213E0,-9.641984936E0,1.167864821E0
1.679680504E1,-1.377294398E0,-9.644781075E0,1.147760339E0
1.680685004E1,-1.347485438E0,-9.643312254E0,1.194534191E0
1.681689504E1,-1.298026619E0,-9.640533657E0,1.269390611E0
1.682693904E1,-1.242052100E0,-9.638264353E0,1.340614522E0
1.683698404E1,-1.188815906E0,-9.638186585E0,1.388584933E0
1.684702804E1,-1.139716398E0,-9.641473305E0,1.406812896E0
1.685707304E1,-1.093764519E0,-9.648138546E0,1.397569179E0
1.686711704E1,-1.050207440E0,-9.657619806E0,1.365124003E0
1.687716204E1,-1.010752767E0,-9.668678645E0,1.315727456E0
1.688720604E1,-9.779988581E-1,-9.679642759E0,1.258620917E0
1.689725104E1,-9.552875416E-1,-9.688881944E0,1.203783609E0
1.690729542E1,-9.423921653E-1,-9.695649512E0,1.158619130E0
1.691734042E1,-9.349328723E-1,-9.700055389E0,1.127364666E0
1.692738442E1,-9.282799834E-1,-9.702611791E0,1.110735331E0
1.693742942E1,-9.199655351E-1,-9.703972439E0,1.105746121E0
1.694747342E1,-9.109227430E-1,-9.704780524E0,1.106134303E0
1.695751842E1,-9.032374551E-1,-9.705643573E0,1.104873205E0
1.696756242E1,-8.961821316E-1,-9.707164434E0,1.097238057E0
1.697760742E1,-8.869599762E-1,-9.709692185E0,1.082259391E0
1.698765142E1,-8.752992395E-1,-9.712843249E0,1.063311635E0
1.699769642E1,-8.631287717E-1,-9.715849888E0,1.045651801E0
1.700774042E1,-8.522359937E-1,-9.718171232E0,1.032928698E0
1.701778542E1,-8.432366171E-1,-9.719778632E0,1.025158041E0
1.702782942E1,-8.361399246E-1,-9.721030521E0,1.019093674E0
1.703787442E1,-8.311769541E-1,-9.722231539E0,1.011674289E0
1.704791842E1,-8.280568799E-1,-9.723437235E0,1.002588958E0
1.705796342E1,-8.252863960E-1,-9.724515461E0,9.943918926E-1
1.706800742E1,-8.214637788E-1,-9.725250456E0,9.903615531E-1
1.707805242E1,-8.160404862E-1,-9.725480837E0,9.925802059E-1
1.708809642E1,-8.091575825E-1,-9.725266244E0,1.000291952E0
1.709814142E1,-8.012881073E-1,-9.724915996E0,1.009984005E0
1.710818542E1,-7.932015543E-1,-9.724803144E0,1.017423125E0
1.711823042E1,-7.855518613E-1,-9.725128834E0,1.020242068E0
1.712827442E1,-7.787887524E-1,-9.725812958E0,1.018898451E0
1.713831942E1,-7.737459674E-1,-9.726492405E0,1.016261722E0
1.714836342E1,-7.709514369E-1,-9.726866627E0,1.014804449E0
1.715840842E1,-7.704916996E-1,-9.726837975E0,1.015430394E0
1.716845242E1,-7.715539925E-1,-9.726546199E0,1.017406899E0
1.717849742E1,-7.730507335E-1,-9.726123446E0,1.020311211E0
1.718854142E1,-7.738974834E-1,-9.725666778E0,1.024011987E0