"Time (s)","X (rad/s)","Y (rad/s)","Z (rad/s)"
2.442416677E-3,4.974825382E-1,2.426976681E0,-1.602513045E-1
1.248641667E-2,4.405152798E-1,2.451215982E0,-2.258064449E-1
2.253041667E-2,3.415341079E-1,2.397844076E0,-2.884647548E-1
3.257541667E-2,2.356207520E-1,2.256635904E0,-3.362640738E-1
4.261941666E-2,1.466285586E-1,2.024041414E0,-3.798384368E-1
5.266441667E-2,8.590910584E-2,1.710817933E0,-4.176914990E-1
6.270841666E-2,4.752895981E-2,1.324361563E0,-4.547171593E-1
7.275341667E-2,2.948882058E-2,8.895215392E-1,-4.879547656E-1
8.279741666E-2,1.492612436E-2,4.209337831E-1,-5.110473037E-1
9.284241666E-2,-5.557785043E-4,-4.006563127E-2,-5.236101151E-1
1.028864167E-1,-3.207775205E-2,-4.678617120E-1,-5.314621925E-1
1.129314167E-1,-8.045180142E-2,-8.447843194E-1,-5.450980067E-1
1.229754167E-1,-1.612454355E-1,-1.156836510E0,-5.511596203E-1
1.330204167E-1,-2.734170854E-1,-1.394097447E0,-5.271344781E-1
1.430644167E-1,-4.178219438E-1,-1.554503918E0,-4.560682476E-1
1.531084166E-1,-5.825749636E-1,-1.624406219E0,-3.477057815E-1
1.631534167E-1,-7.342414260E-1,-1.602045178E0,-2.047249079E-1
1.731974166E-1,-7.359584570E-1,-1.490592599E0,-5.366691947E-2
1.832424166E-1,-4.994955659E-1,-1.313691258E0,3.997035325E-2
1.932864166E-1,-1.948738545E-1,-1.087368131E0,7.145909220E-2
2.033314166E-1,-3.616283182E-3,-7.963160276E-1,1.338423043E-1
2.133754166E-1,5.003924947E-3,-4.409547448E-1,2.259379178E-1
2.234204166E-1,-1.283016652E-1,-3.461337835E-2,2.894998789E-1
2.334644166E-1,-3.079793155E-1,3.708237708E-1,3.005472422E-1
2.435094166E-1,-4.440567195E-1,6.827388406E-1,2.879595459E-1
2.535534166E-1,-4.950991869E-1,8.559698462E-1,2.858844995E-1
2.635974167E-1,-4.633660018E-1,8.904031515E-1,2.892576456E-1
2.736424166E-1,-3.837678432E-1,8.176500201E-1,2.979176939E-1
2.836864167E-1,-3.099905550E-1,7.037231922E-1,3.120710552E-1
2.937314167E-1,-2.736804783E-1,5.872876644E-1,3.209758699E-1
3.037754167E-1,-2.784467340E-1,4.856851399E-1,3.184346855E-1
3.138204167E-1,-3.116712868E-1,3.915772736E-1,2.958880961E-1
3.238644167E-1,-3.609165847E-1,2.953703105E-1,2.633823454E-1
3.339094167E-1,-4.206992388E-1,2.036699653E-1,2.292914987E-1
3.439534167E-1,-4.848693311E-1,1.314160079E-1,1.937395632E-1
3.539984167E-1,-5.482139587E-1,7.654120773E-2,1.464962661E-1
3.640424167E-1,-5.954748988E-1,-1.412979327E-3,9.155447036E-2
3.740874167E-1,-6.009930968E-1,-1.560424566E-1,2.661324292E-2
3.841314167E-1,-5.538261533E-1,-4.080244005E-1,-3.948774561E-2
3.941754167E-1,-4.885016382E-1,-6.926280856E-1,-1.058822945E-1
4.042204167E-1,-4.423652887E-1,-8.796443343E-1,-1.579937041E-1
4.142644167E-1,-4.449548125E-1,-8.713044524E-1,-2.091741860E-1
4.243094167E-1,-4.772152901E-1,-6.711289883E-1,-2.477130443E-1
4.343534167E-1,-5.127962232E-1,-3.678602874E-1,-2.697118521E-1
4.443984167E-1,-5.333025455E-1,-7.064378262E-2,-2.785671353E-1
4.544424167E-1,-5.173022747E-1,1.565214694E-1,-2.618656456E-1
4.644874167E-1,-4.442014992E-1,2.720358968E-1,-2.229470909E-1
4.745314167E-1,-3.150871098E-1,2.731888592E-1,-1.836018860E-1
4.845764167E-1,-1.640957296E-1,2.017282546E-1,-1.715082079E-1
4.946204167E-1,-5.782883614E-2,1.283858269E-1,-2.068786323E-1
5.046644167E-1,-5.762830004E-2,8.064973354E-2,-2.742967904E-1
5.147094167E-1,-1.639720500E-1,4.661063850E-2,-3.542130589E-1
5.247534167E-1,-3.265101016E-1,3.221012652E-2,-4.315637648E-1
5.347984167E-1,-4.766343236E-1,2.996921167E-2,-5.022858381E-1
5.448424167E-1,-5.745848417E-1,-1.049405895E-2,-5.670911670E-1
5.548874167E-1,-6.040036678E-1,-1.130843163E-1,-6.275220513E-1
5.649314167E-1,-5.749813318E-1,-2.938639522E-1,-6.491733193E-1
5.749764167E-1,-5.201364756E-1,-4.986319542E-1,-6.559066176E-1
5.850204166E-1,-4.927716851E-1,-6.129302979E-1,-6.620486379E-1
5.950654167E-1,-5.123291016E-1,-5.542027950E-1,-6.369459629E-1
6.051094166E-1,-5.412803292E-1,-3.862989843E-1,-5.489058495E-1
6.151534166E-1,-5.409509540E-1,-2.285960317E-1,-4.351083934E-1
6.251984166E-1,-4.933368564E-1,-1.191422418E-1,-3.237837553E-1
6.352424166E-1,-3.940198421E-1,-4.136621952E-2,-2.158777118E-1
6.452874166E-1,-2.496336251E-1,7.018622011E-3,-8.658550680E-2
6.553314166E-1,-8.848039061E-2,2.097133081E-3,7.256306708E-2
6.653764166E-1,8.761394024E-2,-4.141625762E-2,2.489255816E-1
6.754204166E-1,2.681941390E-1,-1.332654804E-1,4.254567325E-1
6.854654166E-1,4.379951656E-1,-2.642070055E-1,5.877113938E-1
6.955094167E-1,5.549446344E-1,-4.286133051E-1,6.971426010E-1
7.055544166E-1,6.226797104E-1,-5.513903499E-1,7.366852164E-1
7.155984167E-1,6.608813405E-1,-7.115301490E-1,7.547168732E-1
7.256424167E-1,7.047824860E-1,-9.099492431E-1,7.778013945E-1
7.356874167E-1,8.496876359E-1,-1.154452324E0,7.351339459E-1
7.457314167E-1,1.124811769E0,-1.400586724E0,6.369099617E-1
7.557764167E-1,1.395972729E0,-1.536401749E0,5.544958711E-1
7.658204167E-1,1.558736920E0,-1.469584703E0,4.604724348E-1
7.758654167E-1,1.613934636E0,-1.170068979E0,3.643672764E-1
7.859094167E-1,1.588284969E0,-7.891187668E-1,2.566674650E-1
7.959544167E-1,1.557019949E0,-4.665667117E-1,1.272755563E-1
8.059984167E-1,1.621499896E0,-3.536185920E-1,3.206344321E-3
8.160434167E-1,1.812149644E0,-5.642821193E-1,-5.868661404E-2
8.260874167E-1,2.087589264E0,-1.026296377E0,-6.264832616E-2
8.361314167E-1,2.356949329E0,-1.497296453E0,-8.005994558E-2
8.461764167E-1,2.529221535E0,-1.828203797E0,-1.342139989E-1
8.562204167E-1,2.616017580E0,-1.969903946E0,-2.413922399E-1
8.662654167E-1,2.603901625E0,-1.940129995E0,-3.923974931E-1
8.763094167E-1,2.480109692E0,-1.742881298E0,-5.532546043E-1
8.863544167E-1,2.248946190E0,-1.430657387E0,-6.919519901E-1
8.963983750E-1,1.928905725E0,-1.092911839E0,-7.860272527E-1
9.064433750E-1,1.614467859E0,-7.686885595E-1,-7.948707938E-1
9.164873750E-1,1.409666181E0,-4.975337982E-1,-6.988552213E-1
9.265323750E-1,1.369975924E0,-3.115274310E-1,-5.038412809E-1
9.365763750E-1,1.437490106E0,-1.038674191E-1,-3.210435510E-1
9.466203750E-1,1.535170555E0,1.802452654E-1,-2.352080047E-1
9.566653750E-1,1.595217347E0,5.167599320E-1,-2.126702517E-1
9.667093750E-1,1.585494161E0,8.564916849E-1,-2.380352616E-1
9.767543750E-1,1.488785863E0,1.157111764E0,-2.832576931E-1
9.867983750E-1,1.304292440E0,1.369513273E0,-3.025605679E-1
9.968433750E-1,1.056982517E0,1.479510069E0,-2.906328142E-1
1.006887375E0,7.557870150E-1,1.458266497E0,-2.503128052E-1
1.016932375E0,4.205788970E-1,1.278666139E0,-1.732156873E-1
1.026976375E0,7.847962528E-2,9.853957295E-1,-8.942918479E-2
1.037021375E0,-2.434139699E-1,6.465245485E-1,-2.719384618E-2
1.047065375E0,-5.254735947E-1,2.921361029E-1,7.205673028E-3
1.057109375E0,-7.666385174E-1,-2.033177577E-2,1.063049771E-2
1.067154375E0,-9.745430350E-1,-2.514643371E-1,-9.386619553E-3
1.077198375E0,-1.156212807E0,-3.955375850E-1,-4.640191048E-2
1.087243375E0,-1.306251645E0,-4.640402198E-1,-9.581074119E-2
1.097287375E0,-1.390666008E0,-4.603644311E-1,-1.432539970E-1
1.107332375E0,-1.363115072E0,-3.695876598E-1,-1.650008261E-1
1.117376375E0,-1.139937043E0,-1.980307549E-1,-1.468549222E-1
1.127421375E0,-5.895698071E-1,3.505282104E-2,-6.611640006E-2
1.137465375E0,2.542138696E-1,2.571272552E-1,8.336383849E-2
1.147510375E0,9.588998556E-1,5.238683820E-1,2.370436937E-1
1.157554375E0,1.315516949E0,8.560459018E-1,3.847241104E-1
1.167598375E0,1.309689879E0,1.099615455E0,4.025156200E-1
1.177643375E0,1.224648237E0,9.177415967E-1,2.939052284E-1
1.187687375E0,9.862896800E-1,-4.228185713E-1,3.483018875E-1
1.197732375E0,1.011408329E0,-1.680414796E0,4.127789736E-1
1.207776375E0,1.239447594E0,-1.738952994E0,3.713092804E-1
1.217821375E0,1.220924973E0,-9.805295467E-1,2.048490942E-1
1.227865375E0,8.263416886E-1,-7.066704333E-3,-1.503476202E-1
1.237910375E0,6.685250252E-2,8.069102764E-1,-5.293099284E-1
1.247954375E0,-8.384473324E-1,1.566475272E0,-7.819054723E-1
1.257999375E0,-1.609319687E0,2.302356005E0,-8.790848255E-1
1.268043375E0,-2.083836079E0,3.097421169E0,-8.288687468E-1
1.278087375E0,-2.142506838E0,3.633378267E0,-6.401626468E-1
1.288132375E0,-1.657177806E0,3.622199535E0,-3.143253922E-1
1.298176375E0,-7.166799903E-1,2.886153698E0,5.281658843E-3
1.308221375E0,-2.510420233E-2,2.033531904E0,3.013625741E-1
1.318265375E0,2.028660178E-1,1.405228019E0,5.266754031E-1
1.328310375E0,8.567973971E-2,9.916415811E-1,6.641363502E-1
1.338354375E0,-1.445585489E-1,6.020721793E-1,6.805470586E-1
1.348399375E0,-3.542883396E-1,1.515279114E-1,5.617018938E-1
1.358443375E0,-5.214316845E-1,-3.130322099E-1,3.606714010E-1
1.368487375E0,-6.532824039E-1,-7.339912057E-1,1.067821309E-1
1.378532375E0,-7.537948489E-1,-1.066676259E0,-1.529297680E-1
1.388576375E0,-8.194995522E-1,-1.304681301E0,-3.754344583E-1
1.398621375E0,-8.581851721E-1,-1.441900492E0,-4.914548099E-1
1.408665375E0,-8.858529925E-1,-1.469179749E0,-4.757158160E-1
1.418710375E0,-9.044275284E-1,-1.352164268E0,-3.770823479E-1
1.428754375E0,-9.128944874E-1,-1.101444244E0,-2.420976460E-1
1.438799375E0,-9.132516980E-1,-7.191380262E-1,-9.368898720E-2
1.448843375E0,-9.243277907E-1,-2.815929353E-1,4.465744272E-2
1.458888375E0,-9.468372464E-1,9.522075206E-2,1.601753533E-1
1.468932375E0,-9.792785048E-1,3.406784534E-1,2.475222349E-1
1.478976375E0,-1.023603082E0,4.605226517E-1,2.974862456E-1
1.489021375E0,-1.082469106E0,4.789226949E-1,3.283387125E-1
1.499065375E0,-1.156892061E0,4.364160895E-1,3.314493895E-1
1.509110375E0,-1.229736209E0,3.825959861E-1,3.406069279E-1
1.519154375E0,-1.283939123E0,3.651077449E-1,3.721059561E-1
1.529199375E0,-1.330898643E0,4.017397761E-1,3.792355061E-1
1.539243375E0,-1.381594539E0,4.875746667E-1,3.553901911E-1
1.549288375E0,-1.436612487E0,6.032698750E-1,3.192822635E-1
1.559332375E0,-1.490214229E0,7.531073689E-1,2.724669576E-1
1.569376375E0,-1.543136239E0,9.085781574E-1,2.196844220E-1
1.579421375E0,-1.611963391E0,1.031546235E0,1.575589627E-1
1.589465375E0,-1.594822764E0,9.243695140E-1,8.268365264E-2
1.599510375E0,-6.492041945E-1,-8.848933578E-1,1.864571124E-2
1.609554375E0,2.588540912E-1,-2.569703341E0,-3.604922816E-2
1.619599375E0,4.684670866E-1,-2.890181780E0,-1.092747301E-1
1.629643375E0,-4.341375828E-2,-1.918671489E0,-1.931115687E-1
1.639688375E0,-1.077811480E0,-2.041719668E-2,-2.465582192E-1
1.649732375E0,-1.750379920E0,1.419632077E0,-2.739797235E-1
1.659777375E0,-1.825785398E0,1.936031580E0,-2.169650346E-1
1.669821375E0,-1.539265275E0,1.923651576E0,-1.783702374E-1
1.679865375E0,-1.110890269E0,1.696681976E0,-2.329686284E-1
1.689910375E0,-6.986686587E-1,1.431428432E0,-3.271915317E-1
1.699954375E0,-3.663029969E-1,1.151327968E0,-3.638293743E-1
1.709999375E0,-1.436086446E-1,9.148843288E-1,-3.131304979E-1
1.720043375E0,-5.221503228E-2,7.529109716E-1,-2.125667483E-1
1.730088375E0,-8.477030694E-2,6.114073396E-1,-1.540416479E-1
1.740132375E0,-1.718811393E-1,4.245783389E-1,-1.515749395E-1
1.750177375E0,-2.493221313E-1,3.033011854E-1,-1.484033763E-1
1.760221375E0,-2.854090035E-1,3.710543811E-1,-1.423121989E-1
1.770265375E0,-2.822664976E-1,5.068154335E-1,-1.391137391E-1
1.780310375E0,-2.311318964E-1,5.792728662E-1,-1.313133985E-1
1.790354375E0,-1.325435489E-1,5.639858246E-1,-1.226240471E-1
1.800399375E0,-6.904213689E-3,5.000751615E-1,-1.276179254E-1
1.810443375E0,1.246109307E-1,4.036394060E-1,-1.368420422E-1
1.820488375E0,2.639923990E-1,2.576841414E-1,-1.334052086E-1
1.830532375E0,4.258854389E-1,6.985350698E-2,-1.341389120E-1
1.840577375E0,6.189399958E-1,-1.885623038E-1,-1.602903903E-1
1.850621375E0,8.493143320E-1,-4.710517824E-1,-1.798675507E-1
1.860666375E0,1.084438682E0,-7.043245435E-1,-1.395349503E-1
1.870710375E0,1.289743900E0,-8.940345645E-1,-3.848903626E-2
1.880754375E0,1.463125825E0,-1.061159372E0,1.317117661E-1
1.890799375E0,1.600967646E0,-1.188520074E0,3.085608482E-1
1.900843500E0,1.730499268E0,-1.236964226E0,4.630813003E-1
1.910888500E0,1.846765518E0,-1.232650876E0,6.036267281E-1
1.920932500E0,1.966145635E0,-1.137407541E0,7.153583765E-1
1.930977500E0,2.043896437E0,-9.465180635E-1,8.445035815E-1
1.941021500E0,2.062733889E0,-6.358264089E-1,9.581480622E-1
1.951066500E0,2.037335157E0,-2.040332258E-1,1.004046559E0
1.961110500E0,1.965915799E0,3.017979264E-1,9.510180950E-1
1.971154500E0,1.845467687E0,8.099977970E-1,7.906111479E-1
1.981199500E0,1.746496320E0,1.228810906E0,5.558162332E-1
1.991243500E0,1.831469536E0,1.354993820E0,3.049398065E-1
2.001288500E0,2.213777304E0,1.022423506E0,1.167284995E-1
2.011332500E0,2.714489937E0,4.327878952E-1,-9.601473808E-3
2.021377500E0,2.996040344E0,-5.668655783E-2,-1.802582741E-1
2.031421500E0,2.885886431E0,-3.055174053E-1,-3.579909801E-1
2.041466500E0,2.535980225E0,-4.639872313E-1,-4.721822441E-1
2.051510500E0,2.047262907E0,-5.289507508E-1,-5.046483278E-1
2.061555500E0,1.520675898E0,-5.493559241E-1,-4.748148024E-1
2.071599500E0,1.042810559E0,-5.849676728E-1,-3.813109398E-1
2.081643500E0,6.709303260E-1,-6.505138874E-1,-2.453736663E-1
2.091688500E0,4.452587962E-1,-7.463935614E-1,-1.081692129E-1
2.101732500E0,3.454112709E-1,-8.319558501E-1,-4.474563058E-3
2.111777500E0,3.193205595E-1,-8.801007867E-1,3.393834084E-2
2.121821500E0,3.240645826E-1,-8.850581050E-1,5.570775364E-3
2.131866500E0,3.295704126E-1,-8.295429349E-1,-4.705461860E-2
2.141910500E0,3.194185495E-1,-7.211559415E-1,-1.092415899E-1
2.151955500E0,2.655683756E-1,-5.776813626E-1,-1.470640749E-1
2.161999500E0,1.680372357E-1,-4.095930755E-1,-1.404377222E-1
2.172043500E0,2.262623794E-2,-2.268861234E-1,-9.618689865E-2
2.182088500E0,-1.630739719E-1,-4.548010603E-2,-2.432493493E-2
2.192132500E0,-3.877978921E-1,1.170025468E-1,5.876835063E-2
2.202177500E0,-6.371653676E-1,2.317635715E-1,1.208033040E-1
2.212221500E0,-8.877462149E-1,2.892820239E-1,1.461406350E-1
2.222266500E0,-1.124776244E0,2.859794497E-1,1.404603571E-1
2.232310500E0,-1.349427700E0,2.357442528E-1,1.268606484E-1
2.242355500E0,-1.542867899E0,1.648468971E-1,1.209628582E-1
2.252399500E0,-1.693928242E0,7.441474497E-2,1.005822122E-1
2.262444500E0,-1.731111646E0,-5.151599273E-2,3.976459429E-2
2.272488500E0,-1.557902336E0,-2.184711546E-1,-8.164519072E-2
2.282532500E0,-9.094539285E-1,-5.352885127E-1,-2.124183774E-1
2.292577500E0,1.304888874E-1,-1.043360829E0,-2.661593854E-1
2.302621500E0,1.002186537E0,-1.566803336E0,-1.954328120E-1
2.312666500E0,1.293183208E0,-1.804531813E0,-3.991484642E-3
2.322710500E0,8.065456748E-1,-2.120061398E0,1.805175543E-1
2.332755500E0,3.835276067E-1,-2.945119143E0,4.580745995E-1
2.342799500E0,9.134507179E-1,-3.315340996E0,5.416027904E-1
2.352844500E0,1.465104580E0,-2.549471140E0,4.873943925E-1
2.362888500E0,1.627584696E0,-9.714368582E-1,2.732314467E-1
2.372932500E0,1.179820776E0,6.657619476E-1,-7.492732257E-2
2.382977500E0,2.306327224E-1,1.889806032E0,-3.591843843E-1
2.393021500E0,-8.393740058E-1,2.799012184E0,-5.048952103E-1
2.403066500E0,-1.733197927E0,3.591276646E0,-4.968375862E-1
2.413110500E0,-2.313936710E0,4.300839901E0,-3.623647094E-1
2.423155500E0,-2.573901653E0,4.611547470E0,-6.829436868E-2
2.433199500E0,-2.398485422E0,4.412020683E0,2.543808818E-1
2.443244500E0,-1.598282933E0,3.540010691E0,4.342240393E-1
2.453288500E0,-5.671566129E-1,2.231843948E0,5.297497511E-1
2.463333500E0,2.480090559E-1,9.469538331E-1,5.900398493E-1
2.473377500E0,5.964610577E-1,2.048133910E-1,5.573610067E-1
2.483421500E0,6.526538730E-1,-2.174191773E-1,4.016644657E-1
2.493466500E0,6.057475805E-1,-6.132155061E-1,1.858703792E-1
2.503510500E0,4.856584370E-1,-1.001193404E0,-2.161328681E-2
2.513555500E0,2.808293998E-1,-1.371272326E0,-1.736070812E-1
2.523599500E0,-9.390487336E-3,-1.656357288E0,-2.566002905E-1
2.533644500E0,-3.408355415E-1,-1.789932966E0,-3.194551468E-1
2.543688500E0,-6.486724019E-1,-1.788884878E0,-3.883242309E-1
2.553733500E0,-8.957929611E-1,-1.727580786E0,-4.162046015E-1
2.563777500E0,-1.065599322E0,-1.618653536E0,-3.719407618E-1
2.573821500E0,-1.175354004E0,-1.448675752E0,-2.465210408E-1
2.583866500E0,-1.246262074E0,-1.233850002E0,-4.159229994E-2
2.593910500E0,-1.277213573E0,-9.925445318E-1,1.794114560E-1
2.603955500E0,-1.281769753E0,-7.641190290E-1,3.451096416E-1
2.613999500E0,-1.286006212E0,-5.632631779E-1,4.399538636E-1
2.624044500E0,-1.297544599E0,-3.841351867E-1,4.635654092E-1
2.634088500E0,-1.323118925E0,-2.058538795E-1,4.342890084E-1
2.644133500E0,-1.363936663E0,-3.337097913E-2,3.914493322E-1
2.654177500E0,-1.418567419E0,1.212391034E-1,3.529245853E-1
2.664222500E0,-1.478913784E0,2.651675642E-1,3.249655962E-1
2.674266500E0,-1.545901656E0,4.002681077E-1,3.081381321E-1
2.684310500E0,-1.612180352E0,5.314163566E-1,2.962566912E-1
2.694355500E0,-1.680797219E0,6.664253473E-1,2.917655408E-1
2.704399500E0,-1.743706107E0,8.008401990E-1,2.847352326E-1
2.714444500E0,-1.763291240E0,8.933829069E-1,2.541695833E-1
2.724488500E0,-1.266423225E0,2.054799199E-1,6.573988497E-2
2.734533500E0,-3.932897151E-1,-1.040989757E0,-1.349474192E-1
2.744577500E0,2.257591113E-2,-1.570283175E0,-1.558590084E-1
2.754622500E0,-2.299399525E-1,-9.777820110E-1,-1.580345482E-1
2.764666500E0,-9.117002487E-1,4.817638397E-1,-2.738382816E-1
2.774710500E0,-1.323013186E0,1.662631035E0,-4.050554335E-1
2.784755500E0,-1.241134882E0,2.084238529E0,-4.087993503E-1
2.794799500E0,-8.963386416E-1,1.986563325E0,-3.598232865E-1
2.804844500E0,-5.455933809E-1,1.739022732E0,-3.760682344E-1
2.814888500E0,-3.094457984E-1,1.543097258E0,-4.428746998E-1
2.824933500E0,-1.779126674E-1,1.347752213E0,-4.648228884E-1
2.834977500E0,-1.462820321E-1,1.114955664E0,-4.290915132E-1
2.845022500E0,-2.038695961E-1,7.062641978E-1,-3.421766460E-1
2.855066500E0,-2.979548275E-1,2.524497807E-1,-2.388694584E-1
2.865111500E0,-3.811511993E-1,-4.379874095E-3,-1.639587283E-1
2.875155500E0,-4.239692390E-1,3.595466539E-2,-1.340438873E-1
2.885199500E0,-4.224189818E-1,2.548151314E-1,-1.496716142E-1
2.895244125E0,-3.507535756E-1,4.135121107E-1,-1.819107682E-1
2.905288125E0,-1.958456188E-1,3.431892693E-1,-2.008634508E-1
2.915333125E0,3.573834524E-2,1.350477934E-1,-1.872019619E-1
2.925377125E0,2.650913894E-1,1.872581244E-2,-1.606069207E-1
2.935422125E0,4.093178213E-1,1.404344197E-2,-1.093868762E-1
2.945466125E0,4.755436778E-1,1.121070329E-2,-2.838241495E-2
2.955511125E0,5.137680173E-1,-7.674604654E-2,6.496963650E-2
2.965555125E0,5.845401883E-1,-2.749437988E-1,1.306391805E-1
2.975599125E0,7.248456478E-1,-5.239333510E-1,1.810482889E-1
2.985644125E0,9.119629264E-1,-7.429571152E-1,2.231201082E-1
2.995688125E0,1.118835926E0,-9.004364610E-1,2.695352435E-1
3.005733125E0,1.305504560E0,-1.033049107E0,3.350021541E-1
3.015777125E0,1.438667178E0,-1.179027557E0,4.210875034E-1
3.025822125E0,1.521253705E0,-1.326112628E0,4.895544350E-1
3.035866125E0,1.599650502E0,-1.380121827E0,5.606232882E-1
3.045911125E0,1.686409473E0,-1.297750711E0,6.836392283E-1
3.055955125E0,1.743311644E0,-1.105027318E0,7.823148966E-1
3.066000125E0,1.760653496E0,-7.999206185E-1,7.927890420E-1
3.076044125E0,1.737007499E0,-4.086242616E-1,7.480167747E-1
3.086088125E0,1.684420466E0,3.763867915E-2,6.388748288E-1
3.096133125E0,1.623443127E0,5.257499814E-1,4.901953340E-1
3.106177125E0,1.666540980E0,9.192774296E-1,3.317199349E-1
3.116222125E0,1.988938212E0,9.860303998E-1,2.362277508E-1
3.126266125E0,2.579762459E0,7.068347335E-1,2.341403067E-1
3.136311125E0,3.160187960E0,3.116128445E-1,2.195877284E-1
3.146355125E0,3.527587414E0,-5.108060315E-2,1.226462051E-1
3.156400125E0,3.583475351E0,-2.589741349E-1,-6.946704537E-2
3.166444125E0,3.291945934E0,-2.550187111E-1,-3.485437334E-1
3.176489125E0,2.717539549E0,-1.722628623E-1,-5.526723862E-1
3.186533125E0,2.028373003E0,-1.371869296E-1,-5.831306577E-1
3.196577125E0,1.372616053E0,-1.733822078E-1,-4.866616130E-1
3.206622125E0,8.585864305E-1,-3.108740151E-1,-3.522999287E-1
3.216666125E0,5.296498537E-1,-5.285876393E-1,-2.419976443E-1
3.226711125E0,3.725956976E-1,-7.573212385E-1,-1.725935340E-1
3.236755125E0,3.252785206E-1,-9.418335557E-1,-1.430321783E-1
3.246800125E0,3.084035516E-1,-1.012519836E0,-1.675691158E-1
3.256844125E0,2.863009274E-1,-9.780417681E-1,-2.129637599E-1
3.266889125E0,2.407452613E-1,-8.586615920E-1,-2.389609665E-1
3.276933125E0,1.546740234E-1,-6.713857055E-1,-1.934326291E-1
3.286977125E0,2.965044975E-2,-4.702432752E-1,-1.008486524E-1
3.297022125E0,-1.527736783E-1,-2.756942809E-1,-1.837747917E-2
3.307066125E0,-3.775770962E-1,-1.069025546E-1,3.858462349E-2
3.317111125E0,-6.364842653E-1,2.121253870E-2,8.637718111E-2
3.327155125E0,-9.095256925E-1,1.202728376E-1,1.158649176E-1
3.337200125E0,-1.184861898E0,2.045083642E-1,1.324390918E-1
3.347244125E0,-1.456264496E0,2.855027616E-1,1.425943375E-1
3.357289125E0,-1.716131687E0,3.040085435E-1,1.400962919E-1
3.367333125E0,-1.938621521E0,2.766394317E-1,1.276445091E-1
3.377378125E0,-2.103330135E0,2.173130065E-1,8.983000368E-2
3.387422125E0,-2.153310299E0,1.113505512E-1,9.775416926E-3
3.397466125E0,-1.980712414E0,-7.803775370E-2,-1.232454777E-1
3.407511125E0,-1.422024608E0,-4.495398998E-1,-2.653405368E-1
3.417555125E0,-5.029298067E-1,-1.009433508E0,-3.217177987E-1
3.427600125E0,3.386896551E-1,-1.550999761E0,-2.467803210E-1
3.437644125E0,8.083002567E-1,-1.884146571E0,-4.156911746E-2
3.447689125E0,7.007689476E-1,-1.918157220E0,2.448767722E-1
3.457733125E0,-7.146333158E-2,-2.021135092E0,4.588127732E-1
3.467778125E0,-5.673940182E-1,-2.593917131E0,5.946667194E-1
3.477822125E0,-6.817858666E-2,-2.807336807E0,5.997735858E-1
3.487867125E0,6.426199675E-1,-2.171504974E0,4.905343950E-1
3.497911125E0,1.081744313E0,-9.011636376E-1,2.986611128E-1
3.507955125E0,1.164778113E0,5.873163939E-1,-2.678543143E-2
3.518000125E0,9.063163400E-1,1.990335941E0,-3.942624927E-1
3.528044125E0,3.827122152E-1,3.136983156E0,-6.538349986E-1
3.538089125E0,-2.964870632E-1,3.899206161E0,-6.103325486E-1
3.548133125E0,-9.812378287E-1,4.377177715E0,-2.701298892E-1
3.558178125E0,-1.464900374E0,4.627630711E0,1.722919941E-1
3.568222125E0,-1.765795112E0,4.600565434E0,5.535451174E-1
3.578267125E0,-1.953371406E0,4.392159939E0,7.677074671E-1
3.588311125E0,-2.007265806E0,4.068939209E0,7.743132710E-1
3.598356125E0,-1.667377710E0,3.100939274E0,6.073719263E-1
3.608400125E0,-1.140031934E0,2.040337086E0,4.336859286E-1
3.618444125E0,-5.885426998E-1,1.335060120E0,2.754395604E-1
3.628489125E0,-6.715226918E-2,7.585629821E-1,1.664725244E-1
3.638533125E0,3.262743950E-1,2.191565186E-1,6.505029649E-2
3.648578125E0,5.056836009E-1,-2.298834026E-1,-2.173966542E-2
3.658622125E0,4.679695070E-1,-6.098093987E-1,-8.512049913E-2
3.668667125E0,2.712756991E-1,-9.212561846E-1,-1.523840576E-1
3.678711125E0,-1.203829329E-2,-1.178064942E0,-2.210616618E-1
3.688756125E0,-3.144544959E-1,-1.379527688E0,-2.911684811E-1
3.698800125E0,-5.863089561E-1,-1.519053698E0,-3.548033834E-1
3.708845125E0,-8.124147654E-1,-1.583766818E0,-3.916014433E-1
3.718889125E0,-1.002598286E0,-1.607049465E0,-3.913263381E-1
3.728933125E0,-1.163946390E0,-1.598780394E0,-3.463544846E-1
3.738978125E0,-1.301073790E0,-1.570450783E0,-2.554160655E-1
3.749022125E0,-1.416352391E0,-1.529426575E0,-1.468204260E-1
3.759067125E0,-1.516187668E0,-1.480342984E0,-5.310591310E-2
3.769111125E0,-1.599548101E0,-1.402012587E0,1.169422548E-2
3.779156125E0,-1.668818474E0,-1.307386994E0,4.380821809E-2
3.789200125E0,-1.719070196E0,-1.202138782E0,3.875343502E-2
3.799245125E0,-1.507912755E0,-1.293581605E0,2.552844398E-2
3.809289125E0,-5.095068216E-1,-1.918159008E0,4.244999215E-2
3.819334125E0,3.892221749E-1,-2.284149647E0,2.719593607E-2
3.829378125E0,7.361406684E-1,-2.108038664E0,-9.000349790E-3
3.839422125E0,2.869399786E-1,-9.954219460E-1,-1.052021608E-2
3.849467125E0,-7.410877347E-1,8.107420206E-1,3.629672155E-2
3.859511125E0,-1.381341934E0,1.946911335E0,6.927464157E-2
3.869556125E0,-1.474634528E0,2.229746103E0,7.187556475E-2
3.879600125E0,-1.346274376E0,2.141313553E0,5.118200555E-2
3.889645125E0,-1.183070898E0,1.937631726E0,9.956888855E-3
3.899688792E0,-1.050422549E0,1.727495074E0,-5.957211927E-2
3.909733792E0,-9.288217425E-1,1.537616968E0,-1.319290251E-1
3.919777792E0,-7.916561365E-1,1.372639537E0,-2.061348110E-1
3.929821792E0,-6.280184984E-1,1.219712257E0,-2.789749801E-1
3.939866792E0,-4.502045810E-1,1.045495987E0,-3.177977502E-1
3.949910792E0,-2.838959694E-1,7.996245623E-1,-3.278491795E-1
3.959955792E0,-1.361573786E-1,3.753654361E-1,-3.276239038E-1
3.969999792E0,-1.331110671E-2,-4.768087566E-1,-3.636195064E-1
3.980044792E0,2.753858827E-2,-1.235690355E0,-3.747174144E-1
3.990088792E0,-8.162793517E-2,-1.001414299E0,-3.094193041E-1
4.000133792E0,-2.889001667E-1,3.257691115E-2,-2.070449889E-1
4.010177792E0,-4.001335502E-1,1.065420151E0,-1.441626102E-1
4.020222792E0,-3.421184421E-1,1.694398880E0,-1.109045148E-1
4.030266792E0,-2.165053785E-1,1.941133380E0,-1.063821465E-1
4.040310792E0,-9.451796114E-2,1.877276421E0,-1.118972823E-1
4.050355792E0,-1.634267159E-2,1.510875225E0,-8.759689331E-2
4.060399792E0,3.378520906E-2,9.060907960E-1,-2.254998125E-2
4.070444792E0,9.306800365E-2,3.531520367E-1,9.172593057E-2
4.080488792E0,1.962300688E-1,-7.327061612E-3,2.555308342E-1
4.090533792E0,3.242758512E-1,-3.013701141E-1,4.037295878E-1
4.100577792E0,4.656902254E-1,-5.628682971E-1,4.834023118E-1
4.110622792E0,6.090424657E-1,-8.148623705E-1,4.931819439E-1
4.120666792E0,7.192909122E-1,-1.085718870E0,4.937710464E-1
4.130711792E0,8.386572599E-1,-1.290382266E0,4.565877616E-1
4.140755792E0,9.967893958E-1,-1.471783519E0,3.885972500E-1
4.150800792E0,1.189582467E0,-1.624830961E0,2.953042686E-1
4.160844792E0,1.430323482E0,-1.754220128E0,2.378668338E-1
4.170888792E0,1.710263729E0,-1.790798783E0,2.722106874E-1
4.180933792E0,1.918009758E0,-1.651240945E0,3.591043055E-1
4.190977792E0,2.005680323E0,-1.348577380E0,4.830540717E-1
4.201022792E0,1.996013045E0,-9.383040071E-1,5.785118937E-1
4.211066792E0,1.924784541E0,-4.393972754E-1,6.291220784E-1
4.221111792E0,1.820792079E0,1.157389134E-1,6.186137795E-1
4.231155792E0,1.705258727E0,6.607096195E-1,5.100041032E-1
4.241200792E0,1.669163942E0,1.026301503E0,3.402680457E-1
4.251244792E0,1.849749207E0,1.020908833E0,1.690810323E-1
4.261289792E0,2.349208593E0,5.034722090E-1,7.427142560E-2
4.271333792E0,2.943143845E0,-2.267573476E-1,-2.026509121E-2
4.281377792E0,3.333005190E0,-7.935755253E-1,-1.978350878E-1
4.291422792E0,3.374949455E0,-1.091154814E0,-4.061599374E-1
4.301466792E0,3.029272079E0,-1.148403168E0,-5.791157484E-1
4.311511792E0,2.388303280E0,-1.055879712E0,-6.487123966E-1
4.321555792E0,1.678402901E0,-9.694346189E-1,-5.747191310E-1
4.331600792E0,1.098622203E0,-9.321900606E-1,-4.056831002E-1
4.341644792E0,7.903537750E-1,-9.694905281E-1,-2.281027138E-1
4.351689792E0,7.261024117E-1,-1.017467260E0,-1.309359074E-1
4.361733792E0,7.885333300E-1,-9.707982540E-1,-1.474933177E-1
4.371778792E0,8.557403088E-1,-7.661730647E-1,-2.491309196E-1
4.381822792E0,8.568471670E-1,-4.334539771E-1,-3.592923284E-1
4.391866792E0,7.744885087E-1,-2.731974423E-2,-4.039140940E-1
4.401911792E0,6.148130894E-1,3.837596774E-1,-3.761775494E-1
4.411955792E0,3.967526555E-1,7.559486032E-1,-3.146542013E-1
4.422000792E0,1.415635049E-1,1.038367271E0,-2.638916969E-1
4.432044792E0,-1.385393143E-1,1.209219694E0,-2.369525731E-1
4.442089792E0,-4.294230640E-1,1.266988277E0,-2.390799075E-1
4.452133792E0,-7.117874026E-1,1.241080165E0,-2.530142963E-1
4.462178792E0,-9.726930857E-1,1.165906310E0,-2.606578171E-1
4.472222792E0,-1.212688208E0,1.078499794E0,-2.491207868E-1
4.482267792E0,-1.413933992E0,9.932153225E-1,-2.275979221E-1
4.492311792E0,-1.571364522E0,8.909839392E-1,-2.141254246E-1
4.502355792E0,-1.681915522E0,7.548245192E-1,-2.252635658E-1
4.512400792E0,-1.722441316E0,5.838792920E-1,-2.291940451E-1
4.522444792E0,-1.652628899E0,3.679699004E-1,-2.198780477E-1
4.532489792E0,-1.303711057E0,-3.551282361E-2,-2.211577147E-1
4.542533792E0,-6.964827180E-1,-6.907817721E-1,-2.605549395E-1
4.552578792E0,-1.529870480E-1,-1.414951801E0,-3.446074724E-1
4.562622792E0,1.536772847E-1,-2.039561749E0,-4.169365168E-1
4.572667792E0,-1.248652190E-1,-2.646067381E0,-4.214170575E-1
4.582711792E0,-5.409582853E-1,-2.780999184E0,-1.294863969E-1
4.592756792E0,-5.940402150E-1,-2.415650129E0,4.018204808E-1
4.602800792E0,-3.028147817E-1,-2.078415155E0,6.059789658E-1
4.612845792E0,2.665451169E-1,-1.822681665E0,4.389384389E-1
4.622889792E0,1.049746394E0,-1.326483607E0,1.413248628E-1
4.632933792E0,1.463577271E0,-3.410144746E-1,-1.628184617E-1
4.642978792E0,1.442541718E0,8.616288900E-1,-3.970850408E-1
4.653022792E0,1.063712120E0,2.017453909E0,-5.019509196E-1
4.663067792E0,5.487443209E-1,3.085345507E0,-4.448737800E-1
4.673111792E0,1.478751004E-1,3.946088076E0,-1.553792804E-1
4.683156792E0,-4.849495739E-2,4.275074482E0,2.270932496E-1
4.693200792E0,-2.653991617E-2,4.103532314E0,5.115864873E-1
4.703245792E0,9.301897138E-2,3.475341320E0,6.235542893E-1
4.713289792E0,3.480179608E-2,2.836153269E0,6.489942670E-1
4.723334792E0,-2.440716475E-1,2.436494589E0,5.799750090E-1
4.733378792E0,-5.588963628E-1,2.157598019E0,3.761155307E-1
4.743422792E0,-8.200613856E-1,1.819512844E0,1.635225862E-1
4.753467792E0,-9.897724390E-1,1.369091630E0,4.758175462E-3
4.763511792E0,-1.072952271E0,7.909694910E-1,-1.181027666E-1
4.773556792E0,-1.038189292E0,1.099189073E-1,-2.651416659E-1
4.783600792E0,-8.990439773E-1,-6.043931246E-1,-4.810454547E-1
4.793645792E0,-7.122020125E-1,-1.305077553E0,-7.390399575E-1
4.803689792E0,-5.392621756E-1,-1.935829997E0,-9.443478584E-1
4.813734792E0,-4.158531725E-1,-2.442176819E0,-1.058001995E0
4.823778792E0,-3.607286513E-1,-2.836616993E0,-1.043776274E0
4.833823792E0,-3.865621090E-1,-3.116878748E0,-8.835610151E-1
4.843867792E0,-4.848071933E-1,-3.246202230E0,-6.262397170E-1
4.853912792E0,-6.272220612E-1,-3.205967903E0,-3.193032146E-1
4.863956792E0,-7.912293673E-1,-3.031396389E0,8.188102394E-3
4.874000792E0,-9.732671976E-1,-2.730188847E0,2.871416807E-1
4.884045792E0,-1.175616384E0,-2.362660408E0,4.893696010E-1
4.894089792E0,-1.383331180E0,-1.968021750E0,6.418994665E-1
4.904135500E0,-1.586614490E0,-1.596273422E0,7.737075686E-1
4.914179500E0,-1.687023878E0,-1.260487676E0,8.579882979E-1
4.924224500E0,-1.083718538E0,-1.048019528E0,6.884480119E-1
4.934268500E0,-1.097570136E-1,-9.348209500E-1,4.777486026E-1
4.944313500E0,4.885173440E-1,-7.705105543E-1,4.804908633E-1
4.954357500E0,5.905265808E-1,-4.164956212E-1,6.054350138E-1
4.964402500E0,2.332805544E-1,1.214365438E-1,6.931304932E-1
4.974446500E0,-4.198094010E-1,7.475594878E-1,6.907321811E-1
4.984490500E0,-1.086381793E0,1.270527005E0,5.659024119E-1
4.994535500E0,-1.510135531E0,1.541576624E0,3.630009890E-1
5.004579500E0,-1.651664734E0,1.584114432E0,1.955722868E-1
5.014624500E0,-1.593413711E0,1.458769321E0,8.002875745E-2
5.024668500E0,-1.451415896E0,1.284048676E0,2.030360512E-3
5.034713500E0,-1.311013103E0,1.166531563E0,-4.731299728E-2
5.044757500E0,-1.195508599E0,1.109606504E0,-1.029719934E-1
5.054802500E0,-1.096971154E0,1.077317119E0,-1.768808514E-1
5.064846500E0,-9.990458488E-1,1.014898181E0,-2.773011923E-1
5.074891500E0,-8.920583129E-1,8.953962922E-1,-3.903100789E-1
5.084935500E0,-7.636398673E-1,7.045165896E-1,-4.953083992E-1
5.094980500E0,-6.117711067E-1,4.544441104E-1,-5.787685513E-1
5.105024500E0,-4.582377672E-1,1.549410075E-1,-6.313974261E-1
5.115068500E0,-3.729466498E-1,-1.429225057E-1,-6.574060321E-1
5.125113500E0,-3.751357794E-1,-3.146833479E-1,-6.766132712E-1
5.135157500E0,-4.298351407E-1,-2.811357975E-1,-6.637014151E-1
5.145202500E0,-4.523971677E-1,-1.001902521E-1,-5.812901855E-1
5.155246500E0,-4.055493176E-1,1.218775660E-1,-4.945785701E-1
5.165291500E0,-2.986026108E-1,3.229978681E-1,-4.559459686E-1
5.175335500E0,-1.495767683E-1,4.721814990E-1,-4.379235208E-1
5.185380500E0,-2.057218552E-2,5.783849359E-1,-4.007258117E-1
5.195424500E0,3.092071414E-2,7.144777775E-1,-3.451160491E-1
5.205469500E0,5.674213637E-3,8.280011415E-1,-3.453964889E-1
5.215513500E0,-7.108622789E-2,7.854042649E-1,-3.767689466E-1
5.225558500E0,-1.295266300E-1,5.643789172E-1,-3.758656085E-1
5.235602500E0,-1.258321255E-1,3.051816523E-1,-3.227927089E-1
5.245646500E0,-2.520883828E-2,8.468309045E-2,-2.527901828E-1
5.255691500E0,1.380854845E-1,-2.326419055E-1,-2.370833755E-1
5.265735500E0,3.329681456E-1,-7.108545899E-1,-2.942854166E-1
5.275780500E0,5.389149189E-1,-1.333266854E0,-3.693403602E-1
5.285824500E0,7.229449153E-1,-1.987071514E0,-3.960042000E-1
5.295869500E0,8.382933736E-1,-2.505698204E0,-3.492676020E-1
5.305913500E0,9.077680707E-1,-2.752728462E0,-2.967330217E-1
5.315958500E0,9.589370489E-1,-2.857008219E0,-2.485339791E-1
5.326002500E0,9.985896349E-1,-2.928166628E0,-1.889090091E-1
5.336047500E0,1.039736986E0,-2.954622984E0,-8.026719838E-2
5.346091500E0,1.107155204E0,-2.901249886E0,7.752057165E-2
5.356135500E0,1.198581338E0,-2.763105869E0,2.345564961E-1
5.366180500E0,1.306711435E0,-2.528530836E0,3.779227436E-1
5.376224500E0,1.408109546E0,-2.163182974E0,4.975270629E-1
5.386269500E0,1.508879066E0,-1.581428051E0,5.512060523E-1
5.396313500E0,1.544303894E0,-5.792597532E-1,4.818829894E-1
5.406358500E0,1.524325490E0,3.985358775E-1,3.276033998E-1
5.416402500E0,1.595291376E0,8.902730942E-1,2.319575399E-1
5.426447500E0,1.770650148E0,1.117198348E0,2.117864937E-1
5.436491500E0,1.921761394E0,1.268376946E0,1.655103415E-1
5.446536500E0,1.981571674E0,1.382664919E0,5.463254079E-2
5.456580500E0,2.056412458E0,1.334468365E0,-3.971391171E-2
5.466625500E0,2.065092802E0,1.075834870E0,-1.268530637E-1
5.476669500E0,1.921004772E0,6.166818738E-1,-1.868642420E-1
5.486714500E0,1.604728580E0,1.245296746E-2,-2.120116800E-1
5.496758500E0,1.167174101E0,-7.302066088E-1,-1.456530839E-1
5.506802500E0,6.772104502E-1,-1.517381668E0,1.286732219E-2
5.516847500E0,2.163372338E-1,-2.237101555E0,2.341172099E-1
5.526891500E0,-1.735889614E-1,-2.829547405E0,4.943275154E-1
5.536936500E0,-4.763715267E-1,-3.269760847E0,7.027611732E-1
5.546980500E0,-6.901327968E-1,-3.571141720E0,7.738622427E-1
5.557025500E0,-8.137741685E-1,-3.756218433E0,7.597986460E-1
5.567069500E0,-8.704746962E-1,-3.822095871E0,7.241511941E-1
5.577114500E0,-8.789544702E-1,-3.751632214E0,6.885540485E-1
5.587158500E0,-8.431655765E-1,-3.563058138E0,6.154007912E-1
5.597203500E0,-7.564992309E-1,-3.274805069E0,5.283605456E-1
5.607247500E0,-6.347235441E-1,-2.911842585E0,4.654148817E-1
5.617291500E0,-5.043227077E-1,-2.531556129E0,4.420844018E-1
5.627336500E0,-3.959653080E-1,-2.179896832E0,4.306194782E-1
5.637380500E0,-3.332110345E-1,-1.916851163E0,3.927827775E-1
5.647425500E0,-3.120897710E-1,-1.797454119E0,3.547368646E-1
5.657469500E0,-3.487548828E-1,-1.809228420E0,3.280441761E-1
5.667514500E0,-4.646194279E-1,-1.913554788E0,3.031484187E-1
5.677558500E0,-6.432100534E-1,-2.060482264E0,2.736442685E-1
5.687603500E0,-8.337885141E-1,-2.228581429E0,2.597249746E-1
5.697647500E0,-1.007332087E0,-2.389102697E0,2.502613664E-1
5.707692500E0,-1.156993508E0,-2.558436632E0,2.309137732E-1
5.717736500E0,-1.267045140E0,-2.756106615E0,2.345686406E-1
5.727781500E0,-1.358121514E0,-2.983469963E0,2.746204436E-1
5.737825500E0,-1.364834309E0,-3.279224873E0,3.170599937E-1
5.747870500E0,-1.717153043E-1,-4.418991566E0,1.073275357E-1
5.757914500E0,1.131789446E0,-5.222744465E0,-4.816667736E-2
5.767958500E0,1.874330997E0,-5.328701496E0,2.360790782E-2
5.778003500E0,2.044857979E0,-4.942956924E0,2.288369983E-1
5.788047500E0,1.701363087E0,-4.219333172E0,4.277144074E-1
5.798092500E0,1.004628539E0,-3.325162888E0,5.189617276E-1
5.808136500E0,1.566828489E-1,-2.398136139E0,4.717263281E-1
5.818181500E0,-5.871893167E-1,-1.603462934E0,3.413023651E-1
5.828225500E0,-1.096022129E0,-1.026373744E0,2.808302343E-1
5.838270500E0,-1.417661309E0,-6.100098491E-1,2.975222170E-1
5.848314500E0,-1.605884433E0,-3.047458231E-1,3.033441603E-1
5.858359500E0,-1.634882927E0,-1.184986904E-1,2.793329954E-1
5.868403500E0,-1.542089820E0,-6.053445861E-2,2.772141695E-1
5.878448500E0,-1.383991003E0,-1.998619139E-1,3.388563991E-1
5.888492500E0,-1.165889859E0,-5.525190830E-1,4.469360113E-1
5.898536250E0,-8.808149099E-1,-1.033507705E0,5.623914003E-1
5.908581250E0,-5.623879433E-1,-1.508515477E0,6.484378576E-1
5.918625250E0,-2.744600475E-1,-1.847230196E0,6.699826717E-1
5.928670250E0,-8.472152054E-2,-1.999563456E0,6.558223963E-1
5.938714250E0,4.222760443E-3,-1.994202852E0,6.301292181E-1
5.948759250E0,1.084391121E-2,-1.883284092E0,6.145443916E-1
5.958803250E0,-4.653205723E-2,-1.692699671E0,6.137765646E-1
5.968848250E0,-1.443845779E-1,-1.442949176E0,6.219521761E-1
5.978892250E0,-2.675156295E-1,-1.154061317E0,6.277419925E-1
5.988937250E0,-4.042284489E-1,-8.559513092E-1,6.263094544E-1
5.998981250E0,-5.461068153E-1,-5.730069876E-1,6.005511284E-1
6.009026250E0,-6.765884161E-1,-3.403188884E-1,5.567831397E-1
6.019070250E0,-7.798248529E-1,-1.573000848E-1,4.974122345E-1
6.029114250E0,-8.522316813E-1,-4.232316092E-2,4.136294425E-1
6.039159250E0,-8.887941241E-1,-1.033833064E-2,3.284525275E-1
6.049203250E0,-8.891951442E-1,-5.571433529E-2,2.836938500E-1
6.059248250E0,-8.578343987E-1,-1.182585061E-1,2.721278369E-1
6.069292250E0,-8.095419407E-1,-1.504401416E-1,2.513016462E-1
6.079337250E0,-7.519826293E-1,-1.800451726E-1,2.293140292E-1
6.089381250E0,-6.986094117E-1,-1.976238936E-1,2.112703174E-1
6.099426250E0,-6.627163291E-1,-1.920642555E-1,1.978482306E-1
6.109470250E0,-6.482961178E-1,-1.553318053E-1,1.801816225E-1
6.119515250E0,-6.503299475E-1,-1.050359458E-1,1.604146808E-1
6.129559250E0,-6.690031886E-1,-6.967902184E-2,1.421658993E-1
6.139604250E0,-6.918044686E-1,-4.928370193E-2,1.280684620E-1
6.149648250E0,-6.839182973E-1,-1.500593126E-1,1.083794385E-1
6.159692250E0,-5.854036212E-1,-5.184654593E-1,7.892686129E-2
6.169737250E0,-3.917345107E-1,-1.134888411E0,2.701573074E-2
6.179781250E0,-2.568325698E-1,-1.669895053E0,-5.429578200E-2
6.189826250E0,-2.639935315E-1,-1.934208751E0,-1.318310499E-1
6.199870250E0,-3.940120935E-1,-1.939811349E0,-1.785275638E-1
6.209915250E0,-5.868819356E-1,-1.716528177E0,-1.959547549E-1
6.219959250E0,-7.917826772E-1,-1.330419660E0,-2.108542025E-1
6.230004250E0,-9.556671977E-1,-8.733249307E-1,-2.449993938E-1
6.240048250E0,-1.026037216E0,-4.177397490E-1,-2.913863659E-1
6.250093250E0,-9.640086889E-1,-4.829433560E-2,-3.232337832E-1
6.260137250E0,-7.482958436E-1,1.758364439E-1,-3.281744421E-1
6.270182250E0,-4.487573206E-1,3.098120689E-1,-3.040880263E-1
6.280226250E0,-1.982555389E-1,4.772568345E-1,-2.973641157E-1
6.290271250E0,-8.200217038E-2,7.149325013E-1,-3.230391145E-1
6.300315250E0,-1.164596900E-1,8.933441639E-1,-3.452380300E-1
6.310359250E0,-2.136387080E-1,1.031845927E0,-3.401500583E-1
6.320404250E0,-3.157735765E-1,1.075887918E0,-3.180801570E-1
6.330448250E0,-4.015468061E-1,1.009280443E0,-3.052727580E-1
6.340493250E0,-4.524431825E-1,8.245768547E-1,-3.085913658E-1
6.350537250E0,-4.495355487E-1,5.337117314E-1,-3.197715878E-1
6.360582250E0,-3.935400844E-1,1.718880683E-1,-3.310275078E-1
6.370626250E0,-2.888741195E-1,-2.253708839E-1,-3.303265870E-1
6.380671250E0,-1.200325862E-1,-6.287841201E-1,-3.124927282E-1
6.390715250E0,1.116397902E-1,-1.009026527E0,-2.705476582E-1
6.400760250E0,3.849774301E-1,-1.315452099E0,-1.771088988E-1
6.410804250E0,6.502410769E-1,-1.513285518E0,-3.230318194E-3
6.420849250E0,8.406556249E-1,-1.599958658E0,2.006419003E-1
6.430893250E0,9.357014298E-1,-1.527840018E0,3.170688748E-1
6.440937250E0,9.525730610E-1,-1.329984903E0,3.777751923E-1
6.450982250E0,9.185602069E-1,-1.171382785E0,4.240334928E-1
6.461026250E0,8.756104708E-1,-1.087627053E0,4.520161748E-1
6.471071250E0,8.528894186E-1,-1.076132774E0,4.587028325E-1
6.481115250E0,8.748185635E-1,-1.025881290E0,4.505661428E-1
6.491160250E0,9.442200065E-1,-8.921596408E-1,4.670614898E-1
6.501204250E0,1.050284624E0,-6.726621389E-1,4.797796309E-1
6.511249250E0,1.264121532E0,-5.328584313E-1,4.806512892E-1
6.521293250E0,1.686986923E0,-7.042575479E-1,4.212672710E-1
6.531338250E0,2.191165447E0,-1.007187366E0,3.007906675E-1
6.541382250E0,2.558278561E0,-1.125195622E0,2.603465319E-1
6.551427250E0,2.736904383E0,-9.479913116E-1,2.926304340E-1
6.561471250E0,2.792398930E0,-5.488406420E-1,3.029112220E-1
6.571516250E0,2.779196501E0,-1.477006823E-1,2.759997249E-1
6.581560250E0,2.791428328E0,3.877212107E-2,2.276293635E-1
6.591605250E0,2.904608011E0,-1.343826056E-1,1.616953462E-1
6.601649250E0,3.028682947E0,-5.769169927E-1,3.593750671E-2
6.611693250E0,2.981598616E0,-1.054081678E0,-1.551488340E-1
6.621738250E0,2.694040537E0,-1.372213721E0,-3.520337343E-1
6.631782250E0,2.194768906E0,-1.508271694E0,-5.017398596E-1
6.641827250E0,1.618895173E0,-1.644973397E0,-5.189712048E-1
6.651871250E0,1.167761803E0,-1.743737817E0,-3.840389550E-1
6.661916250E0,9.060867429E-1,-1.812988281E0,-1.982049793E-1
6.671960250E0,8.100686073E-1,-1.725670099E0,-6.513107568E-2
6.682005250E0,8.322066665E-1,-1.501124144E0,-3.519658744E-2
6.692049250E0,9.174917340E-1,-1.130964756E0,-6.759926677E-2
6.702094250E0,1.004276752E0,-6.464277506E-1,-1.145945564E-1
6.712138250E0,1.041668296E0,-1.197868586E-1,-1.375600547E-1
6.722183250E0,1.015794754E0,3.916491568E-1,-1.274178922E-1
6.732227250E0,9.396861196E-1,8.478225470E-1,-1.122916639E-1
6.742271250E0,8.159503937E-1,1.195072770E0,-1.057787165E-1
6.752316250E0,6.391679049E-1,1.398718238E0,-8.718799055E-2
6.762360250E0,4.034702182E-1,1.450235128E0,-6.327515841E-2
6.772405250E0,1.326365620E-1,1.348550677E0,-2.714591473E-2
6.782449250E0,-1.550555229E-1,1.110891581E0,1.821320876E-2
6.792494250E0,-4.441906512E-1,7.772185802E-1,6.698074937E-2
6.802538250E0,-7.160602808E-1,3.984697461E-1,1.127255335E-1
6.812583250E0,-9.607384801E-1,3.153381869E-2,1.276461631E-1
6.822627250E0,-1.182003021E0,-2.660314739E-1,1.039087921E-1
6.832672250E0,-1.375915766E0,-4.818058610E-1,3.815774247E-2
6.842716250E0,-1.530749202E0,-5.846970081E-1,-6.538628042E-2
6.852761250E0,-1.620176077E0,-6.033726931E-1,-1.552756876E-1
6.862805250E0,-1.620865107E0,-5.269210339E-1,-2.163155824E-1
6.872850250E0,-1.552480102E0,-3.551514447E-1,-2.730616927E-1
6.882894250E0,-1.398756623E0,-1.023816392E-1,-3.223884404E-1
6.892938250E0,-1.143776774E0,1.683926135E-1,-3.333872855E-1
6.902982875E0,-8.548384309E-1,4.095967710E-1,-2.947666645E-1
6.913026875E0,-5.040814877E-1,5.584717393E-1,-1.601324230E-1
6.923071875E0,-1.373004317E-1,5.518868566E-1,1.080401316E-1
6.933115875E0,1.312292963E-1,3.962322772E-1,4.528057873E-1
6.943160875E0,2.139324248E-1,9.993867576E-2,6.554285288E-1
6.953204875E0,1.754188538E-1,-3.374162912E-1,5.829316974E-1
6.963249875E0,1.843276471E-1,-6.148322821E-1,3.926611841E-1
6.973293875E0,3.945386410E-1,-6.719477773E-1,2.049160451E-1
6.983338875E0,7.267006040E-1,-6.200819016E-1,3.385800868E-2
6.993382875E0,9.860882163E-1,-3.638908565E-1,-1.211688593E-1
7.003427875E0,1.018897772E0,1.308345348E-1,-2.110071778E-1
7.013471875E0,7.551491261E-1,7.780987620E-1,-2.303134948E-1
7.023516875E0,2.032141536E-1,1.436357856E0,-2.547975481E-1
7.033560875E0,-5.312721133E-1,2.047153234E0,-2.747161388E-1
7.043605875E0,-1.183342814E0,2.559444427E0,-2.093487829E-1
7.053649875E0,-1.610741496E0,2.914823055E0,-1.236061100E-3
7.063693875E0,-1.842741489E0,2.991752863E0,3.210430443E-1
7.073738875E0,-1.919003248E0,2.839985371E0,6.019367576E-1
7.083782875E0,-1.746512532E0,2.423834085E0,7.402858734E-1
7.093827875E0,-1.301335335E0,1.707821846E0,7.179936171E-1
7.103871875E0,-8.553020358E-1,1.038702846E0,6.129993796E-1
7.113916875E0,-5.745302439E-1,5.908068419E-1,4.047623277E-1
7.123960875E0,-3.261685669E-1,3.765190542E-1,2.124807239E-1
7.134005875E0,-5.595840514E-2,3.269232810E-1,3.801305220E-2
7.144049875E0,1.625385135E-1,2.047196180E-1,-1.262432635E-1
7.154094875E0,2.730682194E-1,-1.967061311E-2,-2.044147700E-1
7.164138875E0,2.635721266E-1,-2.090658695E-1,-2.430430949E-1
7.174183875E0,1.546666771E-1,-3.335729241E-1,-2.776713669E-1
7.184227875E0,-2.320392244E-2,-4.066294134E-1,-3.223710954E-1
7.194272875E0,-2.540414035E-1,-4.634016156E-1,-3.626756370E-1
7.204316875E0,-5.125194192E-1,-5.279008150E-1,-3.754291534E-1
7.214360875E0,-7.769268155E-1,-6.340717077E-1,-3.257705271E-1
7.224405875E0,-1.001336932E0,-7.558851242E-1,-2.214767039E-1
7.234449875E0,-1.172936082E0,-8.334214687E-1,-8.873969316E-2
7.244494875E0,-1.284584522E0,-8.366102576E-1,3.537371755E-2
7.254538875E0,-1.344293118E0,-7.809730768E-1,1.386761367E-1
7.264583875E0,-1.207951069E0,-8.604996204E-1,2.162693292E-1
7.274627875E0,-6.111148000E-1,-1.384845853E0,2.889190316E-1
7.284672875E0,-3.772069141E-2,-1.821374059E0,2.930595577E-1
7.294716875E0,2.159818709E-1,-1.880589962E0,1.944475025E-1
7.304761875E0,1.549251229E-1,-1.606024265E0,8.326414973E-2
7.314805875E0,-1.601292342E-1,-1.066177011E0,2.897854336E-2
7.324850875E0,-6.388853788E-1,-3.220833540E-1,1.371586695E-2
7.334894875E0,-1.140680790E0,4.793986976E-1,6.666479167E-3
7.344939875E0,-1.414399147E0,1.001452684E0,-1.794282719E-2
7.354983875E0,-1.380090952E0,1.140037298E0,-5.759117007E-2
7.365028875E0,-1.197598219E0,1.116324902E0,-1.090103164E-1
7.375072875E0,-9.933550358E-1,1.109059453E0,-1.532832533E-1
7.385116875E0,-8.101813197E-1,1.117261171E0,-2.036106288E-1
7.395161875E0,-6.642296910E-1,1.164027333E0,-2.189989090E-1
7.405205875E0,-5.739125609E-1,1.224010944E0,-2.473046631E-1
7.415250875E0,-5.204237700E-1,1.263152719E0,-3.080146313E-1
7.425294875E0,-4.741801620E-1,1.250396848E0,-3.606984317E-1
7.435339875E0,-4.244690835E-1,1.188837051E0,-3.815938532E-1
7.445383875E0,-3.773601949E-1,1.091303945E0,-3.851809204E-1
7.455428875E0,-3.497522771E-1,8.948954344E-1,-3.936841190E-1
7.465472875E0,-3.654197752E-1,5.576252341E-1,-4.038559794E-1
7.475517875E0,-4.487202764E-1,8.626411110E-2,-3.926848471E-1
7.485561875E0,-5.612385869E-1,-2.401332557E-1,-3.427014947E-1
7.495606875E0,-6.149651408E-1,-1.616466939E-1,-2.766697407E-1
7.505650875E0,-5.718932152E-1,1.828267723E-1,-2.078427523E-1
7.515695875E0,-4.374510348E-1,5.942606330E-1,-1.461724639E-1
7.525739875E0,-2.364356816E-1,9.637873769E-1,-9.594603628E-2
7.535784875E0,-5.254201218E-2,1.230086088E0,-6.845396012E-2
7.545828875E0,6.805130839E-2,1.350813389E0,-6.167783216E-2
7.555872875E0,1.275031865E-1,1.303311348E0,-6.493833661E-2
7.565917875E0,1.333353072E-1,1.102689981E0,-6.391023844E-2
7.575961875E0,1.216629297E-1,8.342641592E-1,-4.371628538E-2
7.586006875E0,1.100811735E-1,6.163548827E-1,-1.553035341E-2
7.596050875E0,1.247360110E-1,5.218443274E-1,1.997304708E-2
7.606095875E0,1.767769605E-1,4.916163683E-1,9.072551131E-2
7.616139875E0,2.528964877E-1,4.514274001E-1,1.989619732E-1
7.626184875E0,3.594982028E-1,3.793044686E-1,3.104176819E-1
7.636228875E0,5.083590150E-1,2.592177391E-1,3.662593663E-1
7.646273875E0,7.028936744E-1,1.264606863E-1,3.539103568E-1
7.656317875E0,9.048933983E-1,2.751538530E-3,3.571460843E-1
7.666362875E0,1.043153286E0,-1.164756194E-1,4.313741326E-1
7.676406875E0,1.125286341E0,-1.761123240E-1,4.954282343E-1
7.686451875E0,1.164815187E0,-2.103309482E-1,5.225812197E-1
7.696495875E0,1.184992433E0,-1.830391437E-1,5.147821307E-1
7.706539875E0,1.197676420E0,-1.267602146E-1,5.213170052E-1
7.716584875E0,1.217173457E0,-5.635156110E-2,5.545974374E-1
7.726628875E0,1.249065757E0,8.978743851E-2,6.017565727E-1
7.736673875E0,1.280412793E0,3.605808318E-1,6.482585669E-1
7.746717875E0,1.298648715E0,7.052025199E-1,7.006878853E-1
7.756762875E0,1.328880072E0,9.905037284E-1,6.807271838E-1
7.766806875E0,1.468741775E0,9.380444288E-1,5.546908379E-1
7.776851875E0,1.714664936E0,5.737279654E-1,3.535311222E-1
7.786895875E0,1.968103528E0,6.235155091E-2,1.453243494E-1
7.796940875E0,2.151834011E0,-4.208550751E-1,-5.774354562E-2
7.806984875E0,2.221736670E0,-7.803523540E-1,-2.886498570E-1
7.817029875E0,2.145357370E0,-1.017141461E0,-5.188023448E-1
7.827073875E0,1.930691957E0,-1.188642859E0,-7.034907937E-1
7.837118875E0,1.623275757E0,-1.276812196E0,-7.910198569E-1
7.847162875E0,1.289556026E0,-1.331218123E0,-7.682141662E-1
7.857207875E0,9.769986868E-1,-1.416398764E0,-6.804686189E-1
7.867251875E0,6.802979112E-1,-1.503877401E0,-5.689674616E-1
7.877296875E0,3.926560581E-1,-1.544317603E0,-4.602023661E-1
7.887340875E0,1.758420318E-1,-1.529094100E0,-3.728941083E-1
7.897384875E0,5.065882206E-2,-1.423417211E0,-3.160984814E-1
7.907430875E0,2.251056954E-2,-1.237703562E0,-2.640184462E-1
7.917474875E0,5.937777460E-2,-1.004400730E0,-2.108790576E-1
7.927519875E0,1.301102042E-1,-7.366715670E-1,-1.458950043E-1
7.937563875E0,2.013199329E-1,-4.491617680E-1,-5.638189241E-2
7.947608875E0,2.412786037E-1,-1.567979455E-1,4.389769584E-2
7.957652875E0,2.195501328E-1,1.239753962E-1,1.274554431E-1
7.967697875E0,1.292636245E-1,3.728105724E-1,1.757358313E-1
7.977741875E0,-1.821638085E-2,5.336868167E-1,1.979729533E-1
7.987786875E0,-1.986811608E-1,5.865639448E-1,1.985929161E-1
7.997830875E0,-3.891435266E-1,5.533774495E-1,1.721389443E-1
8.007875875E0,-5.756364465E-1,4.228003025E-1,1.209425926E-1
8.017919875E0,-7.342752218E-1,1.743970662E-1,5.704350770E-2
8.027964875E0,-7.518475056E-1,-1.381905824E-1,3.667028621E-2
8.038008875E0,-6.236490607E-1,-5.307586193E-1,6.048161164E-2
8.048053875E0,-5.692229271E-1,-1.065485477E0,4.461285844E-2
8.058097875E0,-6.523678899E-1,-1.645008445E0,-8.720685728E-4
8.068142875E0,-8.066984415E-1,-2.129115820E0,-3.688568994E-2
8.078186875E0,-9.767263532E-1,-2.517041922E0,-2.030591294E-2
8.088230875E0,-1.138934731E0,-2.859286070E0,1.485256571E-2
8.098275875E0,-1.225632668E0,-3.159258366E0,5.328597128E-2
8.108319875E0,-1.148717403E0,-3.333750963E0,1.229615808E-1
8.118364875E0,-7.271277905E-1,-3.278123140E0,2.862426639E-1
8.128408875E0,1.596901938E-2,-3.031540394E0,4.688080549E-1
8.138453875E0,4.870598614E-1,-3.024679899E0,3.366513550E-1
8.148497875E0,5.300325751E-1,-3.227392912E0,2.498088330E-1
8.158542875E0,3.253212869E-1,-3.379422903E0,4.282464981E-1
8.168586875E0,7.536499947E-2,-3.348787308E0,6.755406260E-1
8.178631875E0,-2.297315300E-1,-3.245809555E0,7.865813971E-1
8.188675875E0,-5.643931031E-1,-3.113547564E0,7.427424192E-1
8.198720875E0,-8.803715706E-1,-2.957948208E0,6.557116508E-1
8.208764875E0,-1.140500069E0,-2.788905144E0,5.825374126E-1
8.218809875E0,-1.339763880E0,-2.598596573E0,5.165152550E-1
8.228853875E0,-1.447778463E0,-2.399199486E0,4.872761667E-1
8.238898875E0,-1.426261187E0,-2.184060812E0,4.861776233E-1
8.248942875E0,-1.282821059E0,-1.967227817E0,4.848952591E-1
8.258987875E0,-1.027967930E0,-1.789233923E0,4.604628682E-1
8.269031875E0,-7.011943460E-1,-1.687373638E0,4.339450002E-1
8.279075875E0,-3.407440186E-1,-1.699736595E0,4.237389565E-1
8.289120875E0,3.457053099E-4,-1.803151369E0,4.502489865E-1
8.299164875E0,2.515217364E-1,-1.954883933E0,4.772813916E-1
8.309209875E0,3.780122101E-1,-2.102258921E0,4.778462946E-1
8.319253875E0,3.721282184E-1,-2.225507259E0,4.499861598E-1
8.329298875E0,2.727527916E-1,-2.308542490E0,4.151070714E-1
8.339342875E0,1.105628163E-1,-2.373612404E0,3.839446306E-1
8.349387875E0,-9.545746446E-2,-2.454508781E0,3.701997101E-1
8.359431875E0,-3.225358725E-1,-2.517236948E0,3.742495775E-1
8.369476875E0,-5.583304167E-1,-2.546711445E0,3.809770942E-1
8.379520875E0,-7.821046710E-1,-2.552668333E0,3.954907954E-1
8.389565875E0,-9.771311879E-1,-2.536263466E0,4.109879732E-1
8.399609875E0,-1.128226638E0,-2.515899420E0,4.237580895E-1
8.409654875E0,-1.222205877E0,-2.509519577E0,4.357730746E-1
8.419698875E0,-1.258937240E0,-2.518199444E0,4.406951368E-1
8.429743875E0,-1.244129062E0,-2.532742977E0,4.278761446E-1
8.439787875E0,-1.191842914E0,-2.551398277E0,3.899127841E-1
8.449832875E0,-1.118426919E0,-2.567099094E0,3.380860090E-1
8.459876875E0,-1.043163538E0,-2.578495502E0,2.882499993E-1
8.469920875E0,-9.667769670E-1,-2.591422558E0,2.497218102E-1
8.479965875E0,-9.017987251E-1,-2.601217508E0,2.240582556E-1
8.490009875E0,-8.489422202E-1,-2.603272438E0,2.064657658E-1
8.500054875E0,-8.171792626E-1,-2.594052553E0,1.802658439E-1
8.510098875E0,-8.002000451E-1,-2.576076269E0,1.492880434E-1
8.520143875E0,-7.908512950E-1,-2.539050341E0,1.159577742E-1
8.530187875E0,-7.841270566E-1,-2.481255770E0,9.126281738E-2
8.540232875E0,-7.734935880E-1,-2.393548965E0,8.730003238E-2
8.550276875E0,-7.537894249E-1,-2.272939682E0,1.051942185E-1
8.560321875E0,-7.200136185E-1,-2.114111185E0,1.259799302E-1
8.570365875E0,-6.665080190E-1,-1.932925105E0,1.347692758E-1
8.580410875E0,-5.995494723E-1,-1.734589577E0,1.289899498E-1
8.590454875E0,-5.195688009E-1,-1.554533601E0,1.264523715E-1
8.600499875E0,-4.321526587E-1,-1.383670568E0,1.246877536E-1
8.610543875E0,-3.294177949E-1,-1.222827673E0,1.341560632E-1
8.620588875E0,-2.212564349E-1,-1.037612796E0,1.549942344E-1
8.630632875E0,-1.172679216E-1,-8.045356274E-1,1.759646088E-1
8.640677875E0,-3.728733957E-2,-5.142412186E-1,1.839932352E-1
8.650721875E0,1.763624884E-2,-1.804470420E-1,1.738138646E-1
8.660766875E0,3.802674264E-2,1.510579288E-1,1.590050906E-1
8.670810875E0,-5.454133498E-4,4.211396277E-1,1.215350628E-1
8.680854875E0,-6.002312154E-2,5.334342122E-1,6.468110532E-2
8.690899875E0,-1.250834465E-1,4.355058968E-1,1.263105869E-2
8.700943875E0,-1.808204800E-1,2.064005733E-1,-2.967032418E-2
8.710988875E0,-2.361901402E-1,-8.553844690E-2,-6.406601518E-2
8.721032875E0,-3.066496551E-1,-3.932605684E-1,-9.290804714E-2
8.731077875E0,-4.051901996E-1,-6.719005704E-1,-1.160815060E-1
8.741121875E0,-5.205050707E-1,-8.949781060E-1,-1.267189682E-1
8.751166875E0,-6.484953165E-1,-1.028856874E0,-1.280775964E-1
8.761210875E0,-7.874902487E-1,-1.052965641E0,-1.421910077E-1
8.771255875E0,-9.106572270E-1,-9.909043312E-1,-1.501451731E-1
8.781299875E0,-1.001145244E0,-9.015179873E-1,-1.414629966E-1
8.791344875E0,-1.059696198E0,-8.212771416E-1,-1.241293699E-1
8.801388875E0,-1.089112639E0,-7.730648518E-1,-1.220417172E-1
8.811433875E0,-1.068584800E0,-8.250370622E-1,-1.423751563E-1
8.821477875E0,-9.514527917E-1,-1.069648981E0,-1.842445731E-1
8.831522875E0,-6.807191968E-1,-1.554166555E0,-2.225465029E-1
8.841566875E0,-3.710494936E-1,-2.009733677E0,-2.530314624E-1
8.851611875E0,-1.872722507E-1,-2.115539312E0,-2.999400198E-1
8.861655875E0,-1.599783152E-1,-1.847855568E0,-3.572794795E-1
8.871700875E0,-2.435160130E-1,-1.320386052E0,-4.009806514E-1
8.881744875E0,-3.926090896E-1,-6.264480352E-1,-4.132570028E-1
8.891788875E0,-5.219810605E-1,1.021061540E-1,-4.136974216E-1
8.901833167E0,-5.300968289E-1,6.556918621E-1,-4.071941972E-1
8.911877167E0,-4.250601530E-1,9.675362706E-1,-4.192066193E-1
8.921922167E0,-2.892061770E-1,1.107819319E0,-4.490814209E-1
8.931966167E0,-1.777461171E-1,1.142440557E0,-4.735046327E-1
8.942011167E0,-1.109830663E-1,1.084480405E0,-4.475433230E-1
8.952055167E0,-9.495612979E-2,9.367118478E-1,-3.861297071E-1
8.962100167E0,-1.052519158E-1,7.512162924E-1,-3.298986554E-1
8.972144167E0,-1.251027882E-1,5.265961885E-1,-2.836158574E-1
8.982189167E0,-1.286503822E-1,2.802644968E-1,-2.517282367E-1
8.992233167E0,-1.121876314E-1,4.004793987E-2,-2.432732433E-1
9.002278167E0,-6.626062095E-2,-1.857865155E-1,-2.615079284E-1
9.012322167E0,1.392776892E-2,-3.792935014E-1,-2.921017110E-1
9.022367167E0,1.469550580E-1,-5.465522408E-1,-3.157375157E-1
9.032411167E0,3.368673027E-1,-7.032607794E-1,-3.236917555E-1
9.042456167E0,5.844324231E-1,-8.673948646E-1,-2.693662047E-1
9.052500167E0,8.681088686E-1,-9.949224591E-1,-1.156836823E-1
9.062545167E0,1.120439887E0,-1.101285338E0,1.019762009E-1
9.072589167E0,1.315309763E0,-1.162982941E0,3.050280213E-1
9.082634167E0,1.476625443E0,-1.065063357E0,4.733698964E-1
9.092678167E0,1.605668902E0,-8.115530014E-1,6.297118068E-1
9.102723167E0,1.682877064E0,-5.115689635E-1,7.645876408E-1
9.112767167E0,1.705147862E0,-2.744115591E-1,8.620949388E-1
9.122811167E0,1.699352026E0,-2.106504515E-2,9.191012383E-1
9.132856167E0,1.709377527E0,3.258792460E-1,8.464519382E-1
9.142900167E0,1.750890374E0,6.473393440E-1,7.100506425E-1
9.152945167E0,1.830005050E0,7.701581717E-1,5.475779176E-1
9.162989167E0,1.931367040E0,6.650610566E-1,3.777630031E-1
9.173034167E0,2.037332058E0,3.598279655E-1,2.644883394E-1
9.183078167E0,2.137328863E0,-5.004636571E-2,2.501624227E-1
9.193123167E0,2.203975439E0,-5.417598486E-1,3.221965432E-1
9.203167167E0,2.200076580E0,-1.003427863E0,3.677949309E-1
9.213212167E0,2.117682219E0,-1.306601167E0,2.911527157E-1
9.223256167E0,1.949663758E0,-1.477150798E0,1.140453145E-1
9.233301167E0,1.722070694E0,-1.533845782E0,-1.077417955E-1
9.243345167E0,1.468756199E0,-1.515525103E0,-2.776924968E-1
9.253390167E0,1.257526159E0,-1.514697194E0,-3.337167799E-1
9.263434167E0,1.155129790E0,-1.551331639E0,-3.035277128E-1
9.273479167E0,1.122489333E0,-1.607325912E0,-2.331435680E-1
9.283523167E0,1.105599880E0,-1.580588460E0,-1.409686357E-1
9.293568167E0,1.111888528E0,-1.483725548E0,-9.787957370E-2
9.303612167E0,1.190555573E0,-1.377008915E0,-1.074126214E-1
9.313657167E0,1.322800159E0,-1.202583194E0,-1.752988696E-1
9.323701167E0,1.467307091E0,-9.873948693E-1,-2.538871467E-1
9.333746167E0,1.559577703E0,-7.723809481E-1,-3.312747777E-1
9.343790167E0,1.573074937E0,-5.143936276E-1,-3.979690969E-1
9.353834167E0,1.515309572E0,-2.488539964E-1,-4.235401452E-1
9.363879167E0,1.390070677E0,-5.019500852E-3,-4.191842973E-1
9.373923167E0,1.182669878E0,1.942952424E-1,-3.992372453E-1
9.383968167E0,9.464827180E-1,3.267435730E-1,-3.614285886E-1
9.394012167E0,7.068952918E-1,4.147077799E-1,-3.140860796E-1
9.404057167E0,4.603488743E-1,4.324499965E-1,-2.809164226E-1
9.414101167E0,1.926044226E-1,3.700951636E-1,-2.340830266E-1
9.424146167E0,-8.643227071E-2,2.421049774E-1,-1.620730162E-1
9.434190167E0,-3.628121018E-1,8.035918325E-2,-9.314105660E-2
9.444235167E0,-6.246450543E-1,-5.903999135E-2,-4.405286908E-2
9.454279167E0,-8.576679230E-1,-1.545338184E-1,-4.492179677E-2
9.464324167E0,-1.049781919E0,-1.992112845E-1,-1.034687310E-1
9.474368167E0,-1.202912807E0,-1.737190783E-1,-2.257316858E-1
9.484413167E0,-1.308902383E0,-6.246232241E-2,-3.553581238E-1
9.494457167E0,-1.353929877E0,1.241542324E-1,-4.335432947E-1
9.504502167E0,-1.337547421E0,4.059467614E-1,-4.311421812E-1
9.514546167E0,-1.220541120E0,7.577270865E-1,-3.602958322E-1
9.524591167E0,-9.131323099E-1,1.057705760E0,-2.472955287E-1
9.534635167E0,-3.884075880E-1,1.205535054E0,-9.068604559E-2
9.544680167E0,1.491501480E-1,1.163593173E0,1.424204409E-1
9.554724167E0,5.030089021E-1,9.361993670E-1,3.858046234E-1
9.564769167E0,6.731321812E-1,5.003685951E-1,5.260757208E-1
9.574813167E0,7.712817192E-1,-2.539994419E-1,5.015754104E-1
9.584858167E0,5.832462907E-1,-1.670739412E0,4.251216352E-1
9.594902167E0,4.385687411E-1,-2.829562664E0,4.425153136E-1
9.604946167E0,6.653116345E-1,-2.893327713E0,3.407660425E-1
9.614991167E0,1.057278395E0,-2.028927088E0,5.402485281E-2
9.625035167E0,1.306129456E0,-6.111416221E-1,-1.821493208E-1
9.635080167E0,1.270392179E0,9.946616888E-1,-2.195358723E-1
9.645124167E0,7.677013874E-1,2.233570099E0,-1.271824986E-1
9.655169167E0,-1.671246290E-1,2.844148159E0,-3.836728632E-2
9.665213167E0,-1.123741746E0,3.077027082E0,1.245428100E-1
9.675258167E0,-1.860436320E0,3.153872967E0,3.712880015E-1
9.685302167E0,-2.360495567E0,3.106543064E0,5.388308764E-1
9.695347167E0,-2.660943270E0,2.965144634E0,6.058565378E-1
9.705391167E0,-2.802366734E0,2.756826401E0,5.912935734E-1
9.715436167E0,-2.811389923E0,2.461885929E0,5.277509689E-1
9.725480167E0,-2.701221228E0,2.027524710E0,4.220269918E-1
9.735525167E0,-2.381923437E0,1.462976098E0,2.849811316E-1
9.745569167E0,-1.788773060E0,8.005856872E-1,9.030937403E-2
9.755614167E0,-9.813513756E-1,1.127206460E-1,-1.440042853E-1
9.765658167E0,-1.703194976E-1,-4.918928146E-1,-2.782843113E-1
9.775703167E0,3.540614843E-1,-9.327913523E-1,-2.263420820E-1
9.785747167E0,5.056073070E-1,-1.158208251E0,-8.045625687E-2
9.795792167E0,3.896522224E-1,-1.214221120E0,9.730096161E-2
9.805836167E0,1.519997120E-1,-1.159532905E0,2.898962200E-1
9.815881167E0,-1.296692491E-1,-1.048336625E0,4.485971928E-1
9.825925167E0,-4.163904786E-1,-8.942490220E-1,5.706163049E-1
9.835970167E0,-6.867690086E-1,-6.742206812E-1,6.143592596E-1
9.846014167E0,-9.413104653E-1,-3.946830928E-1,5.371022820E-1
9.856059167E0,-1.166488290E0,-1.456290781E-1,3.767304420E-1
9.866103167E0,-1.361412525E0,4.857954383E-2,2.512236536E-1
9.876147167E0,-1.515653729E0,2.071181238E-1,1.862698793E-1
9.886192167E0,-1.611166120E0,3.414596915E-1,1.804205179E-1
9.896236167E0,-1.648202538E0,4.942918122E-1,1.850611269E-1
9.906280917E0,-1.433962107E0,1.676769406E-1,1.412103176E-1
9.916324917E0,-8.190342188E-1,-8.723585606E-1,9.046904743E-2
9.926369917E0,-2.460750788E-1,-1.641449809E0,5.260981992E-2
9.936413917E0,6.104806066E-2,-1.857635617E0,-1.444059238E-2
9.946458917E0,1.123687774E-1,-1.642569661E0,-1.305498928E-1
9.956502917E0,-3.784080036E-7,-1.212909937E0,-2.276460677E-1
9.966547917E0,-1.926175058E-1,-7.304285169E-1,-2.929377556E-1
9.976591917E0,-4.340245724E-1,-2.444258928E-1,-3.193227053E-1
9.986636917E0,-7.116202712E-1,2.744963467E-1,-3.307929635E-1
9.996680917E0,-9.909611344E-1,7.947935462E-1,-3.438575864E-1
1.000672592E1,-1.217272282E0,1.261115432E0,-3.731433153E-1
1.001676992E1,-1.298871398E0,1.572283506E0,-3.991165161E-1
1.002681492E1,-1.119648099E0,1.566895604E0,-4.034798443E-1
1.003685892E1,-7.098460793E-1,1.129491687E0,-3.928894103E-1
1.004690392E1,-4.089397788E-1,2.043743432E-1,-4.295869768E-1
1.005694792E1,-4.268997312E-1,-6.318846345E-1,-5.088040233E-1
1.006699292E1,-6.163471937E-1,-6.576102376E-1,-5.416858196E-1
1.007703692E1,-7.801722884E-1,-1.799585111E-2,-4.452706575E-1
1.008708192E1,-8.005923033E-1,6.301334500E-1,-2.762970924E-1
1.009712592E1,-6.942790151E-1,1.025740027E0,-1.457376182E-1
1.010717092E1,-5.446831584E-1,1.157758832E0,-8.680054545E-2
1.011721492E1,-4.089120924E-1,1.083147049E0,-9.009376168E-2
1.012725992E1,-3.047180474E-1,8.544781804E-1,-1.279442012E-1
1.013730392E1,-2.171221673E-1,5.576218963E-1,-1.758988351E-1
1.014734892E1,-1.456754059E-1,2.581907809E-1,-2.119942456E-1
1.015739292E1,-1.103523970E-1,-5.700138398E-3,-2.128479481E-1
1.016743692E1,-1.073353067E-1,-2.009798884E-1,-1.887809634E-1
1.017748192E1,-8.445824683E-2,-2.683405876E-1,-1.373001337E-1
1.018752592E1,-2.148455940E-3,-1.599784195E-1,-5.093729123E-2
1.019757092E1,1.297614574E-1,3.217037395E-2,4.964353889E-2
1.020761492E1,2.417284846E-1,1.344072521E-1,1.380341202E-1
1.021765992E1,2.930142879E-1,7.302949578E-2,1.628472060E-1
1.022770392E1,3.569133878E-1,-1.167082116E-1,1.365618110E-1
1.023774892E1,4.733318686E-1,-3.941321075E-1,1.249893084E-1
1.024779292E1,6.325782537E-1,-6.540901661E-1,1.479652077E-1
1.025783792E1,8.054885864E-1,-8.102132082E-1,1.723560393E-1
1.026788192E1,9.727540016E-1,-9.024184942E-1,1.995090991E-1
1.027792692E1,1.137938857E0,-9.039962292E-1,2.367604077E-1
1.028797092E1,1.311936021E0,-7.867311239E-1,3.393515050E-1
1.029801592E1,1.471104980E0,-5.739628673E-1,4.572734833E-1
1.030805992E1,1.604056358E0,-3.030069768E-1,5.781165957E-1
1.031810492E1,1.680777311E0,2.796248347E-2,6.685246825E-1
1.032814892E1,1.720383048E0,4.573846757E-1,7.271507382E-1
1.033819392E1,1.761117220E0,8.959761262E-1,7.607752085E-1
1.034823792E1,1.845507503E0,1.207169771E0,7.253431678E-1
1.035828292E1,2.058458090E0,1.259510040E0,6.074775457E-1
1.036832692E1,2.444919825E0,8.933734894E-1,4.222314954E-1
1.037837192E1,2.910178900E0,2.813938856E-1,2.760762870E-1
1.038841592E1,3.287070513E0,-3.317728639E-1,1.283110678E-1
1.039846092E1,3.486195087E0,-7.852045894E-1,-5.791864544E-2
1.040850492E1,3.502534866E0,-1.070077538E0,-2.844671011E-1
1.041854992E1,3.283708811E0,-1.234937668E0,-4.792056978E-1
1.042859392E1,2.817869902E0,-1.341297150E0,-6.064260006E-1
1.043863892E1,2.179756641E0,-1.373388410E0,-6.516447067E-1
1.044868292E1,1.597024679E0,-1.380761981E0,-6.000163555E-1
1.045872792E1,1.233193755E0,-1.386814713E0,-4.729199111E-1
1.046877192E1,1.061244369E0,-1.296843290E0,-3.464424014E-1
1.047881592E1,9.947668910E-1,-1.106368780E0,-2.561270893E-1
1.048886092E1,9.556415677E-1,-8.467350602E-1,-2.060463428E-1
1.049890492E1,8.785973787E-1,-5.657916665E-1,-2.109968066E-1
1.050894992E1,7.512332797E-1,-2.879131436E-1,-2.568031847E-1
1.051899392E1,5.790369511E-1,-4.627969116E-2,-3.237679005E-1
1.052903892E1,3.664461374E-1,1.244507730E-1,-3.912031353E-1
1.053908292E1,1.262873709E-1,2.269604653E-1,-4.279931784E-1
1.054912792E1,-1.238644123E-1,2.639048994E-1,-4.071028233E-1
1.055917192E1,-3.836457729E-1,2.424484491E-1,-3.282395303E-1
1.056921692E1,-6.602957249E-1,1.860645413E-1,-2.108836025E-1
1.057926092E1,-9.299213886E-1,9.783160686E-2,-1.036178768E-1
1.058930592E1,-1.171627641E0,-2.872456238E-2,-4.645841941E-2
1.059934992E1,-1.358744502E0,-1.568964422E-1,-5.256254971E-2
1.060939492E1,-1.493509769E0,-2.619293928E-1,-8.651093394E-2
1.061943892E1,-1.576108694E0,-3.214109540E-1,-1.189102530E-1
1.062948392E1,-1.590503573E0,-3.332287371E-1,-1.407292634E-1
1.063952792E1,-1.482001185E0,-3.183012009E-1,-1.637125909E-1
1.064957292E1,-1.182684541E0,-3.288342953E-1,-1.592611223E-1
1.065961692E1,-6.029751897E-1,-4.536733031E-1,-1.450226009E-1
1.066966192E1,1.336231083E-2,-5.873376131E-1,-1.102140248E-1
1.067970592E1,3.815500438E-1,-5.783704519E-1,-4.230183363E-2
1.068975092E1,3.856222928E-1,-3.450048566E-1,5.687615275E-2
1.069979492E1,8.725640923E-2,1.495300792E-2,2.149265110E-1
1.070983992E1,-2.695083618E-1,2.195482254E-1,2.620263696E-1
1.071988392E1,-1.854856461E-1,-4.012494087E-1,1.997173578E-1
1.072992892E1,5.870473385E-1,-1.854626656E0,4.765803739E-2
1.073997292E1,1.362496734E0,-2.519079685E0,-1.094694659E-1
1.075001792E1,1.712052822E0,-2.025809050E0,-2.423446923E-1
1.076006192E1,1.595825434E0,-8.512716293E-1,-4.247886837E-1
1.077010692E1,1.059184909E0,5.876182914E-1,-6.328846812E-1
1.078015092E1,2.775131762E-1,2.049910069E0,-7.711145282E-1
1.079019592E1,-5.320036411E-1,3.308391809E0,-7.019360065E-1
1.080023992E1,-1.187865019E0,4.082964897E0,-3.215878904E-1
1.081028392E1,-1.612881064E0,4.297968388E0,1.217605323E-1
1.082032892E1,-1.880170345E0,4.132777214E0,4.072864354E-1
1.083037292E1,-2.022490501E0,3.734704018E0,5.416951776E-1
1.084041792E1,-2.070310116E0,3.241925955E0,5.799135566E-1
1.085046192E1,-2.040925503E0,2.699768305E0,5.602168441E-1
1.086050692E1,-1.887599945E0,2.036882401E0,4.660921395E-1
1.087055092E1,-1.556383491E0,1.221132994E0,2.548520565E-1
1.088059592E1,-1.045344591E0,3.123238087E-1,-1.072974354E-1
1.089063992E1,-4.576919675E-1,-6.057330966E-1,-5.199347734E-1
1.090068492E1,3.471311927E-2,-1.409398437E0,-8.009600639E-1
1.091073037E1,2.867046297E-1,-2.008763075E0,-8.444223404E-1
1.092077537E1,3.030646145E-1,-2.324395180E0,-7.061296701E-1
1.093081937E1,1.521190405E-1,-2.327749252E0,-4.977189004E-1
1.094086437E1,-8.658397943E-2,-2.164197445E0,-2.787933350E-1
1.095090837E1,-3.594543934E-1,-1.895105839E0,-4.808504507E-2
1.096095337E1,-6.598882079E-1,-1.533450961E0,1.974047720E-1
1.097099737E1,-9.491050839E-1,-1.120039940E0,4.352309108E-1
1.098104237E1,-1.210193396E0,-7.316470146E-1,6.573163867E-1
1.099108637E1,-1.447847247E0,-3.654775918E-1,8.383442163E-1
1.100113137E1,-1.665300488E0,-4.544196278E-2,9.385735393E-1
1.101117538E1,-1.856611252E0,2.330099046E-1,9.358446002E-1
1.102122037E1,-2.001577616E0,4.857465923E-1,8.576136231E-1
1.103126438E1,-1.768725157E0,3.805938065E-1,6.545835733E-1
1.104130938E1,-6.068057418E-1,-7.184299231E-1,2.431619316E-1
1.105135338E1,2.903517187E-1,-1.584638476E0,4.584784620E-4
1.106139838E1,6.054314971E-1,-1.844014168E0,-4.174896702E-2
1.107144238E1,4.139938951E-1,-1.533025026E0,2.772784047E-2
1.108148738E1,-2.048998773E-1,-7.775369883E-1,7.622416317E-2
1.109153138E1,-1.066191792E0,2.137333453E-1,7.836585864E-3
1.110157638E1,-1.744679928E0,9.735509753E-1,-1.104185656E-1
1.111162038E1,-2.007339716E0,1.307891607E0,-1.480098814E-1
1.112166538E1,-1.952324629E0,1.312942386E0,-1.190773845E-1
1.113170938E1,-1.721315622E0,1.161081910E0,-8.988753706E-2
1.114175438E1,-1.422993660E0,9.742932916E-1,-1.182334721E-1
1.115179838E1,-1.114591837E0,8.183875680E-1,-2.015083879E-1
1.116184238E1,-8.103186488E-1,7.025236487E-1,-3.065986931E-1
1.117188738E1,-5.430520773E-1,6.205874681E-1,-4.005899131E-1
1.118193138E1,-3.621118665E-1,5.852574706E-1,-4.589895606E-1
1.119197638E1,-2.958132625E-1,6.122366190E-1,-4.606577754E-1
1.120202037E1,-3.413285911E-1,6.102460027E-1,-4.213426411E-1
1.121206538E1,-4.691874683E-1,3.851569295E-1,-3.722046614E-1
1.122210937E1,-6.055082679E-1,-2.482078224E-1,-3.338481188E-1
1.123215438E1,-6.321928501E-1,-7.137012482E-1,-2.828123569E-1
1.124219837E1,-5.300911665E-1,-5.062206984E-1,-2.300882638E-1
1.125224337E1,-3.593495190E-1,1.124351174E-1,-1.749677509E-1
1.126228737E1,-2.077185065E-1,7.384613752E-1,-9.427488595E-2
1.127233237E1,-1.155201346E-1,1.193390012E0,-4.018316045E-2
1.128237637E1,-8.058612794E-2,1.430909872E0,-3.940909728E-2
1.129242137E1,-9.119908512E-2,1.453386426E0,-8.775399625E-2
1.130246537E1,-1.213151067E-1,1.205859661E0,-1.406020969E-1
1.131251037E1,-1.414163709E-1,6.428167820E-1,-1.533304006E-1
1.132255437E1,-8.375080675E-2,6.577909738E-2,-1.218854934E-1
1.133259937E1,8.222431690E-2,-2.338201255E-1,-3.372553736E-2
1.134264337E1,3.016511798E-1,-4.339527786E-1,8.180301636E-2
1.135268837E1,4.972654283E-1,-6.526677608E-1,1.682375073E-1
1.136273237E1,6.309049129E-1,-9.340089560E-1,2.010055929E-1
1.137277737E1,7.422572970E-1,-1.215160966E0,2.213707864E-1
1.138282137E1,8.609183431E-1,-1.468851209E0,2.443299741E-1
1.139286637E1,1.000133038E0,-1.680488348E0,2.523058653E-1
1.140291037E1,1.162533641E0,-1.834002733E0,2.359348834E-1
1.141295537E1,1.367475629E0,-1.888045788E0,2.117589712E-1
1.142299937E1,1.584127426E0,-1.795676470E0,2.455683500E-1
1.143304437E1,1.717421770E0,-1.532557726E0,3.877116740E-1
1.144308837E1,1.742956400E0,-1.108816504E0,5.621778965E-1
1.145313337E1,1.708365202E0,-6.073635221E-1,7.457503676E-1
1.146317737E1,1.643149137E0,-1.091098189E-1,8.527166247E-1
1.147322237E1,1.546339512E0,4.232619405E-1,8.452821374E-1
1.148326637E1,1.425935149E0,1.010595560E0,7.131773233E-1
1.149331137E1,1.408318043E0,1.497189879E0,5.105997324E-1
1.150335538E1,1.733052254E0,1.573610306E0,3.366072178E-1
1.151340037E1,2.443029642E0,1.022783637E0,2.249254137E-1
1.152344438E1,3.076670647E0,3.125839233E-1,8.344837278E-2
1.153348937E1,3.371730089E0,-1.870093793E-1,-5.508846790E-2
1.154353338E1,3.288617849E0,-4.242499173E-1,-1.921046227E-1
1.155357838E1,2.886109114E0,-5.654786825E-1,-3.280693889E-1
1.156362238E1,2.296851158E0,-6.632526517E-1,-4.235520065E-1
1.157366738E1,1.634011626E0,-7.451115251E-1,-4.318224490E-1
1.158371138E1,1.017782569E0,-8.394188881E-1,-3.896611035E-1
1.159375638E1,5.706979632E-1,-9.791413546E-1,-3.374426365E-1
1.160380038E1,3.615736067E-1,-1.164347291E0,-2.876006067E-1
1.161384438E1,4.161359072E-1,-1.314978600E0,-2.406211197E-1
1.162388938E1,5.791127086E-1,-1.383538961E0,-2.281525284E-1
1.163393338E1,7.188290358E-1,-1.314074993E0,-2.246736437E-1
1.164397838E1,7.729746699E-1,-1.122463942E0,-2.042699158E-1
1.165402238E1,7.106159329E-1,-8.485881686E-1,-1.567865461E-1
1.166406738E1,5.474712253E-1,-5.224620104E-1,-1.054674387E-1
1.167411138E1,3.172675967E-1,-1.889199913E-1,-7.075846195E-2
1.168415638E1,4.141331837E-2,1.079019532E-1,-5.408879369E-2
1.169420038E1,-2.563512623E-1,3.478903174E-1,-6.728661805E-2
1.170424538E1,-5.537238121E-1,5.233505368E-1,-8.937248588E-2
1.171428937E1,-8.336614966E-1,6.456016302E-1,-1.052633002E-1
1.172433438E1,-1.085199952E0,7.258630395E-1,-1.253345907E-1
1.173437837E1,-1.316709042E0,7.693593502E-1,-1.511547416E-1
1.174442337E1,-1.516124964E0,7.788161039E-1,-1.877486110E-1
1.175446737E1,-1.673996091E0,7.587976456E-1,-2.067284286E-1
1.176451237E1,-1.745242596E0,7.080057263E-1,-2.312996536E-1
1.177455637E1,-1.671030402E0,6.075608730E-1,-2.615765929E-1
1.178460137E1,-1.377541900E0,4.073580801E-1,-2.740834355E-1
1.179464537E1,-7.657296062E-1,-5.606870353E-2,-2.346550673E-1
1.180469037E1,-6.041599438E-2,-6.744607687E-1,-1.264714003E-1
1.181473437E1,4.906697869E-1,-1.264845729E0,1.697764173E-2
1.182477937E1,6.592902541E-1,-1.571233153E0,1.597034633E-1
1.183482337E1,3.602607250E-1,-1.667089462E0,2.188266963E-1
1.184486837E1,-1.573985815E-1,-2.117645979E0,2.644083798E-1
1.185491237E1,1.178116798E-1,-2.870677233E0,3.464694023E-1
1.186495737E1,8.979055285E-1,-2.993619442E0,3.257288039E-1
1.187500137E1,1.433909774E0,-2.248003006E0,2.152337283E-1
1.188504637E1,1.434473753E0,-9.309843183E-1,-5.683001131E-2
1.189509037E1,9.362405539E-1,4.690695107E-1,-3.794299066E-1
1.190513429E1,1.110414043E-1,1.770065427E0,-6.354211569E-1
1.191517829E1,-7.754836679E-1,3.032199621E0,-7.255310416E-1
1.192522329E1,-1.474251151E0,3.967996597E0,-4.681383967E-1
1.193526729E1,-1.922485232E0,4.341708660E0,4.527778178E-2
1.194531229E1,-2.149643421E0,4.229492664E0,4.959623516E-1
1.195535629E1,-2.184347630E0,3.860276699E0,7.461455464E-1
1.196540129E1,-2.040568352E0,3.312119722E0,7.965374589E-1
1.197544529E1,-1.824686050E0,2.686608076E0,7.266966105E-1
1.198549029E1,-1.555820107E0,2.019042015E0,5.631785393E-1
1.199553429E1,-1.115522861E0,1.267152905E0,3.043642640E-1
1.200557929E1,-5.026362538E-1,4.533920586E-1,6.498130411E-2
1.201562329E1,1.192368865E-1,-3.217004538E-1,-9.429064393E-2
1.202566829E1,5.548156500E-1,-9.119175673E-1,-1.862677187E-1
1.203571229E1,7.239540815E-1,-1.339017034E0,-2.148474306E-1
1.204575729E1,6.629732251E-1,-1.671366215E0,-2.148280144E-1
1.205580129E1,4.538570344E-1,-1.872631907E0,-2.292990983E-1
1.206584629E1,1.709559858E-1,-1.932839513E0,-2.449302822E-1
1.207589029E1,-1.440166086E-1,-1.890706420E0,-2.083379179E-1
1.208593529E1,-4.583316743E-1,-1.729915500E0,-1.152439266E-1
1.209597929E1,-7.606654167E-1,-1.424896121E0,8.283605799E-3
1.210602429E1,-1.021133900E0,-1.120324373E0,1.436889023E-1
1.211606829E1,-1.247190952E0,-8.505656123E-1,2.763870060E-1
1.212611229E1,-1.437410116E0,-6.287060380E-1,3.710558712E-1
1.213615729E1,-1.589822054E0,-4.470582604E-1,4.137338102E-1
1.214620129E1,-1.702011108E0,-2.823304534E-1,4.133811593E-1
1.215624629E1,-1.769018888E0,-1.014328524E-1,3.870518208E-1
1.216629029E1,-1.799203992E0,9.482763708E-2,3.555171490E-1
1.217633529E1,-1.796413779E0,2.906812727E-1,3.328610957E-1
1.218637929E1,-1.760524631E0,4.854860008E-1,3.143592775E-1
1.219642429E1,-1.475324392E0,4.180968404E-1,2.439834028E-1
1.220646829E1,-7.081567645E-1,-2.090161443E-1,1.044164896E-1
1.221651329E1,-7.495054603E-2,-7.370152473E-1,-1.176391169E-2
1.222655729E1,1.742005944E-1,-9.097207785E-1,-7.765203714E-2
1.223660229E1,1.129367128E-1,-7.612870932E-1,-1.002513543E-1
1.224664629E1,-1.846999973E-1,-3.104153275E-1,-1.256855428E-1
1.225669129E1,-6.814738512E-1,4.433782995E-1,-1.843973249E-1
1.226673529E1,-1.159726977E0,1.241174102E0,-2.568868399E-1
1.227678029E1,-1.346166372E0,1.662422538E0,-3.133695722E-1
1.228682429E1,-1.189741135E0,1.628373623E0,-3.500218987E-1
1.229686929E1,-9.077922702E-1,1.412774682E0,-3.838448524E-1
1.230691329E1,-6.896818280E-1,1.233877420E0,-4.290090501E-1
1.231695829E1,-5.647830367E-1,1.104444861E0,-4.481670260E-1
1.232700229E1,-5.228285789E-1,1.000754237E0,-4.266142845E-1
1.233704729E1,-5.610912442E-1,9.046482444E-1,-3.999994397E-1
1.234709129E1,-6.457371116E-1,6.330707669E-1,-3.767050207E-1
1.235713629E1,-7.022879720E-1,9.076011926E-2,-3.217006326E-1
1.236718029E1,-6.752074957E-1,-3.035556376E-1,-2.388636768E-1
1.237722529E1,-5.497640967E-1,-2.160793096E-1,-1.549192518E-1
1.238726929E1,-3.929617703E-1,2.127215117E-1,-8.836624026E-2
1.239731429E1,-2.539460957E-1,6.928334832E-1,-6.240362301E-2
1.240735829E1,-1.299852133E-1,1.018001556E0,-9.291225672E-2
1.241740329E1,-5.796534941E-2,1.077087164E0,-1.427333355E-1
1.242744729E1,-4.686354101E-2,8.011777997E-1,-1.553844064E-1
1.243749229E1,-6.057003513E-2,3.523014784E-1,-1.173763052E-1
1.244753629E1,-4.110442847E-2,6.306108087E-2,-4.531136528E-2
1.245758129E1,3.303025290E-2,-9.448087960E-2,5.028519779E-2
1.246762529E1,1.438970119E-1,-2.955762744E-1,1.339397430E-1
1.247767029E1,2.918047309E-1,-5.873801708E-1,1.740338951E-1
1.248771429E1,5.024851561E-1,-8.749555945E-1,1.935799569E-1
1.249775929E1,7.736548781E-1,-1.047726750E0,2.464173436E-1
1.250780329E1,1.022753477E0,-1.118000984E0,3.340036869E-1
1.251784829E1,1.206976891E0,-1.094587088E0,4.181105793E-1
1.252789229E1,1.330447674E0,-9.791224599E-1,4.642167687E-1
1.253793729E1,1.401879549E0,-8.493623137E-1,4.916931391E-1
1.254798129E1,1.512338042E0,-8.175809383E-1,5.202339888E-1
1.255802629E1,1.749056816E0,-9.038697481E-1,4.966766834E-1
1.256807029E1,2.001338243E0,-9.178103805E-1,4.746867716E-1
1.257811529E1,2.146120548E0,-8.309929371E-1,4.684610963E-1
1.258815929E1,2.213144302E0,-6.061732173E-1,4.885805547E-1
1.259820429E1,2.236411095E0,-3.064554930E-1,5.305586457E-1
1.260824829E1,2.213942051E0,-4.123566300E-2,5.833320022E-1
1.261829329E1,2.202677488E0,1.627313048E-1,5.862057805E-1
1.262833729E1,2.307736635E0,1.717151552E-1,5.497615337E-1
1.263838229E1,2.564826250E0,-1.124758199E-1,4.382843077E-1
1.264842629E1,2.881320477E0,-6.008049846E-1,2.701607347E-1
1.265847129E1,3.041325569E0,-9.008138180E-1,4.224821180E-2
1.266851529E1,2.919131994E0,-8.503153324E-1,-1.788502187E-1
1.267856029E1,2.536077976E0,-6.437981129E-1,-3.129401207E-1
1.268860429E1,1.972999811E0,-4.963728786E-1,-3.732075095E-1
1.269864929E1,1.450936794E0,-4.731426537E-1,-3.548135757E-1
1.270869329E1,1.044284344E0,-4.793987274E-1,-3.191173673E-1
1.271873829E1,7.408186793E-1,-4.617806077E-1,-3.161034584E-1
1.272878229E1,5.198794603E-1,-3.854145706E-1,-3.322497904E-1
1.273882729E1,3.613015413E-1,-3.034773767E-1,-3.892086744E-1
1.274887129E1,2.384735942E-1,-2.298819125E-1,-4.416887462E-1
1.275891629E1,1.512840986E-1,-1.109890789E-1,-4.853938818E-1
1.276896029E1,1.096946672E-1,7.594971359E-2,-5.132479668E-1
1.277900529E1,9.823721647E-2,2.810320258E-1,-4.976572692E-1
1.278904929E1,9.478768706E-2,5.089605451E-1,-4.307435155E-1
1.279909429E1,7.428933680E-2,7.100399137E-1,-3.471748531E-1
1.280913829E1,8.866770193E-3,8.396588564E-1,-2.598500550E-1
1.281918329E1,-1.126077324E-1,8.826553226E-1,-1.780377626E-1
1.282922729E1,-2.887198329E-1,8.639235497E-1,-9.812173247E-2
1.283927229E1,-4.978008568E-1,8.118731380E-1,1.181381941E-2
1.284931629E1,-7.202846408E-1,7.730280757E-1,1.381733716E-1
1.285936129E1,-9.395578504E-1,7.271207571E-1,2.177566141E-1
1.286940529E1,-1.137319565E0,6.122666001E-1,2.113660425E-1
1.287945029E1,-1.310876012E0,4.727489352E-1,1.331663132E-1
1.288949429E1,-1.427996039E0,3.250261545E-1,2.067043446E-3
1.289953929E1,-1.450414300E0,1.489049047E-1,-1.590057313E-1
1.290958317E1,-1.320347548E0,-7.894842327E-2,-3.220032156E-1
1.291962817E1,-9.797909856E-1,-3.734490275E-1,-4.423962235E-1
1.292967217E1,-3.757969141E-1,-7.929587364E-1,-4.424044490E-1
1.293971717E1,1.786865443E-1,-1.318860412E0,-3.379408717E-1
1.294976117E1,4.333407283E-1,-1.932726026E0,-1.630134732E-1
1.295980617E1,7.848331332E-2,-2.597955227E0,4.972117767E-2
1.296985017E1,-4.520002604E-1,-2.766467571E0,3.902230859E-1
1.297989417E1,-6.171495914E-1,-2.766433001E0,6.971529722E-1
1.298993917E1,-5.339982361E-2,-3.027979374E0,7.272700667E-1
1.299998317E1,9.507229328E-1,-3.190080404E0,4.962051511E-1
1.301002817E1,1.797683239E0,-2.705348492E0,1.835061461E-1
1.302007317E1,2.063849688E0,-1.430716157E0,-9.089958668E-2
1.303011717E1,1.814435363E0,1.511896700E-1,-3.215683103E-1
1.304016117E1,1.335121751E0,1.604580760E0,-5.771811604E-1
1.305020617E1,7.043880820E-1,2.865268230E0,-7.246786952E-1
1.306025017E1,3.439028189E-2,3.871470213E0,-5.238784552E-1
1.307029517E1,-5.631092787E-1,4.437778950E0,-4.428998381E-2
1.308033917E1,-1.070711017E0,4.580043316E0,3.888846040E-1
1.309038417E1,-1.456282258E0,4.451210976E0,5.810610056E-1
1.310042817E1,-1.698600054E0,4.140059471E0,5.950902700E-1
1.311047317E1,-1.791914105E0,3.749610662E0,5.288127661E-1
1.312051717E1,-1.784293771E0,3.321230412E0,4.631735981E-1
1.313056217E1,-1.632952332E0,2.724752426E0,3.655021489E-1
1.314060617E1,-1.273995161E0,1.843327880E0,2.089625895E-1
1.315065117E1,-7.161598802E-1,8.017264605E-1,2.289472520E-2
1.316069517E1,-6.575976312E-2,-1.542649865E-1,-1.340405643E-1
1.317074017E1,4.672981799E-1,-8.719233274E-1,-2.498951852E-1
1.318078417E1,7.019583583E-1,-1.287018299E0,-3.115553558E-1
1.319082917E1,6.465693116E-1,-1.392134190E0,-3.159398735E-1
1.320087317E1,3.649317324E-1,-1.231360435E0,-2.724770606E-1
1.321091817E1,-4.181918502E-2,-9.465831518E-1,-2.345045507E-1
1.322096217E1,-4.806450307E-1,-6.848740578E-1,-1.490269303E-1
1.323100717E1,-8.916103840E-1,-5.172786713E-1,5.798591673E-2
1.324105117E1,-1.232272983E0,-4.921562672E-1,3.316850960E-1
1.325109617E1,-1.490111351E0,-5.263184309E-1,5.053405762E-1
1.326114017E1,-1.690692067E0,-5.146066546E-1,4.962935150E-1
1.327118517E1,-1.847852588E0,-4.584723115E-1,3.833794594E-1
1.328122917E1,-1.973522544E0,-3.969532847E-1,2.685708404E-1
1.329127417E1,-2.064611673E0,-3.314411044E-1,2.029081583E-1
1.330131817E1,-2.115577698E0,-2.669997811E-1,1.527810842E-1
1.331136317E1,-1.364621639E0,-1.253903270E0,1.024896130E-1
1.332140717E1,8.629893512E-2,-2.967845201E0,8.910722286E-2
1.333145217E1,9.315551519E-1,-3.721404552E0,-2.732403204E-2
1.334149617E1,1.127492785E0,-3.701564312E0,-1.566074491E-1
1.335154117E1,6.600817442E-1,-2.912194014E0,-2.084900141E-1
1.336158517E1,-7.054303885E-1,-7.271910906E-1,-1.648751497E-1
1.337163017E1,-1.819276690E0,1.382850885E0,-1.215751395E-1
1.338167417E1,-1.985696316E0,2.361574173E0,-6.025692821E-2
1.339171917E1,-1.713358760E0,2.631963491E0,-2.687861212E-2
1.340176317E1,-1.441860080E0,2.678930998E0,-9.015798569E-2
1.341180817E1,-1.260520101E0,2.633764744E0,-1.993416548E-1
1.342185217E1,-1.131736279E0,2.490157127E0,-2.668410540E-1
1.343189717E1,-9.999592900E-1,2.222008705E0,-2.828135788E-1
1.344194117E1,-8.461319208E-1,1.848763227E0,-3.281174004E-1
1.345198617E1,-6.693639755E-1,1.317551017E0,-4.159873426E-1
1.346203017E1,-5.388006568E-1,4.788922668E-1,-5.179267526E-1
1.347207517E1,-5.350195765E-1,-7.028073668E-1,-5.933501720E-1
1.348211917E1,-6.395062804E-1,-1.604750276E0,-5.891287923E-1
1.349216417E1,-7.369897366E-1,-1.703846812E0,-5.230656266E-1
1.350220817E1,-7.520403266E-1,-1.159804225E0,-4.191131294E-1
1.351225317E1,-6.322218776E-1,-3.624993861E-1,-3.461155593E-1
1.352229717E1,-4.067088664E-1,4.827288091E-1,-3.276955187E-1
1.353234217E1,-1.631828099E-1,1.171086073E0,-2.913749814E-1
1.354238617E1,-9.993254207E-3,1.530958772E0,-2.328789234E-1
1.355243117E1,5.309994332E-3,1.502759457E0,-2.008662075E-1
1.356247517E1,-7.049342245E-2,1.230828881E0,-2.012630105E-1
1.357252017E1,-1.598976701E-1,9.209211469E-1,-1.917140633E-1
1.358256417E1,-2.284671515E-1,6.356257796E-1,-1.544074416E-1
1.359260917E1,-2.712213397E-1,3.612901270E-1,-1.015801951E-1
1.360265317E1,-2.688500583E-1,1.737551093E-1,-6.401683390E-2
1.361269817E1,-1.982091963E-1,1.572149992E-1,2.615692094E-3
1.362274217E1,-6.679552048E-2,2.292899936E-1,1.058954746E-1
1.363278717E1,8.797698468E-2,2.300834209E-1,2.012653351E-1
1.364283117E1,2.550596893E-1,1.025925726E-1,2.293765992E-1
1.365287617E1,4.134288430E-1,-1.782361567E-1,1.721636504E-1
1.366292017E1,5.683779120E-1,-5.493732691E-1,1.072741300E-1
1.367296517E1,7.199554443E-1,-8.886447549E-1,1.260254085E-1
1.368300917E1,8.555486798E-1,-1.100046992E0,1.909945607E-1
1.369305417E1,9.700486064E-1,-1.159620523E0,2.266195863E-1
1.370309817E1,1.056195736E0,-1.140580297E0,2.491874844E-1
1.371314317E1,1.131335378E0,-1.079883933E0,2.839143872E-1
1.372318717E1,1.218822241E0,-9.563965797E-1,3.638302684E-1
1.373323217E1,1.310158849E0,-7.958211899E-1,4.896341562E-1
1.374327617E1,1.408392191E0,-5.638750792E-1,6.066835523E-1
1.375332117E1,1.485846519E0,-2.870644927E-1,6.682180762E-1
1.376336517E1,1.524455667E0,3.029626794E-3,6.642603278E-1
1.377341017E1,1.545958757E0,3.192861974E-1,6.003187895E-1
1.378345417E1,1.573561668E0,6.617098451E-1,4.718370140E-1
1.379349917E1,1.629075050E0,9.905819297E-1,2.842831314E-1
1.380354317E1,1.762801409E0,1.156634569E0,6.081783399E-2
1.381358817E1,2.007627249E0,1.068731904E0,-1.230846718E-1
1.382363217E1,2.317889452E0,7.204844952E-1,-2.394083589E-1
1.383367717E1,2.557897329E0,2.046838701E-1,-3.525457680E-1
1.384372117E1,2.596650600E0,-3.499183655E-1,-4.534662664E-1
1.385376617E1,2.456665993E0,-9.323036671E-1,-5.270079374E-1
1.386381017E1,2.214903831E0,-1.454279780E0,-5.505750179E-1
1.387385517E1,1.886459470E0,-1.913824916E0,-4.733794034E-1
1.388389917E1,1.479748487E0,-2.407600164E0,-2.871964872E-1
1.389394417E1,1.077143312E0,-2.926268578E0,-7.795977592E-2
1.390398817E1,7.472518682E-1,-3.349844933E0,9.424181283E-2
1.391403375E1,5.418697596E-1,-3.624937773E0,2.477623522E-1
1.392407775E1,4.586909413E-1,-3.704187155E0,3.808040321E-1
1.393412275E1,4.501353502E-1,-3.577243090E0,4.741421342E-1
1.394416675E1,4.612173140E-1,-3.210803509E0,5.110748410E-1
1.395421175E1,4.327061474E-1,-2.666033268E0,4.986633062E-1
1.396425575E1,3.358224928E-1,-2.025835037E0,4.567702115E-1
1.397430075E1,1.758226603E-1,-1.391608596E0,3.974072039E-1
1.398434475E1,-3.727416322E-2,-8.405901790E-1,3.369382918E-1
1.399438975E1,-2.943787277E-1,-4.401934445E-1,2.906833291E-1
1.400443375E1,-5.842432976E-1,-2.345960736E-1,2.740710676E-1
1.401447875E1,-8.887745738E-1,-2.386362553E-1,2.909945548E-1
1.402452275E1,-1.202107668E0,-3.923094571E-1,3.296327591E-1
1.403456775E1,-1.493576050E0,-6.508593559E-1,3.591446579E-1
1.404461175E1,-1.699989080E0,-9.825480580E-1,3.659064174E-1
1.405465675E1,-1.773207426E0,-1.307778597E0,3.530007303E-1
1.406470075E1,-1.620544672E0,-1.638325095E0,3.317503035E-1
1.407474575E1,-1.141696334E0,-1.994217396E0,3.245328069E-1
1.408478975E1,-4.911429882E-1,-2.359680891E0,3.750106096E-1
1.409483475E1,-1.772373170E-1,-2.746576309E0,4.292552173E-1
1.410487875E1,-2.990899980E-1,-3.222381353E0,4.615622759E-1
1.411492375E1,-6.099965572E-1,-3.671827316E0,5.573808551E-1
1.412496775E1,-9.571536779E-1,-4.030583858E0,7.037963867E-1
1.413501275E1,-1.289956570E0,-4.300293446E0,8.421961069E-1
1.414505675E1,-1.588233590E0,-4.474569798E0,9.294700623E-1
1.415510175E1,-1.843255281E0,-4.531538486E0,9.345989823E-1
1.416514575E1,-2.047461748E0,-4.489898205E0,9.392622113E-1
1.417519075E1,-2.182411432E0,-4.350918293E0,9.418731332E-1
1.418523475E1,-1.924107313E0,-4.142095566E0,7.782756686E-1
1.419527975E1,-6.721041799E-1,-4.092717171E0,2.399074286E-1
1.420532375E1,7.456631660E-1,-4.049742222E0,-2.146273106E-1
1.421536875E1,1.556809545E0,-3.987548351E0,-3.075237274E-1
1.422541275E1,1.778000593E0,-3.556943178E0,-1.691474915E-1
1.423545775E1,1.492715359E0,-2.515822172E0,6.516049802E-2
1.424550175E1,8.889447451E-1,-1.142095685E0,2.778426707E-1
1.425554675E1,2.245951444E-1,1.624545455E-1,3.922151327E-1
1.426559075E1,-3.285292685E-1,9.561103582E-1,4.522606134E-1
1.427563575E1,-7.116245627E-1,1.244611979E0,4.447567463E-1
1.428567975E1,-9.620913863E-1,1.277698040E0,3.666371703E-1
1.429572475E1,-1.114333749E0,1.141374946E0,2.474875152E-1
1.430576875E1,-1.180338383E0,8.944895267E-1,1.147134900E-1
1.431581375E1,-1.170720816E0,5.282420516E-1,-2.247576043E-2
1.432585775E1,-1.099846959E0,3.031108528E-2,-1.709256768E-1
1.433590275E1,-9.856464863E-1,-6.186036468E-1,-3.224195242E-1
1.434594675E1,-8.590310216E-1,-1.356504083E0,-4.477593303E-1
1.435599175E1,-7.584279180E-1,-2.146610260E0,-5.424019694E-1
1.436603575E1,-7.183302641E-1,-2.963556051E0,-6.039292216E-1
1.437608075E1,-7.279483676E-1,-3.727967978E0,-6.361173987E-1
1.438612475E1,-6.369398832E-1,-4.367720127E0,-5.739299059E-1
1.439616975E1,-1.601217128E-2,-4.727144241E0,-3.461135626E-1
1.440621375E1,7.433456182E-1,-4.827122688E0,-1.995936185E-1
1.441625875E1,1.125845432E0,-4.787750721E0,-1.702097356E-1
1.442630275E1,9.875285625E-1,-4.576773643E0,-9.134767950E-2
1.443634775E1,3.080591261E-1,-4.175724983E0,1.167298406E-1
1.444639175E1,-4.071266651E-1,-3.602309227E0,3.958916962E-1
1.445643675E1,-8.864687681E-1,-3.094509125E0,5.595811009E-1
1.446648075E1,-1.215572715E0,-2.779695511E0,6.001524925E-1
1.447652575E1,-1.448527932E0,-2.577435017E0,6.218157411E-1
1.448656975E1,-1.560183406E0,-2.389022350E0,6.464707255E-1
1.449661475E1,-1.534073949E0,-2.166885853E0,6.282324195E-1
1.450665875E1,-1.388778806E0,-1.915193439E0,5.707936287E-1
1.451670375E1,-1.160177469E0,-1.566836953E0,5.134842992E-1
1.452674775E1,-8.780957460E-1,-1.132237554E0,5.015368462E-1
1.453679275E1,-5.853852630E-1,-6.350978017E-1,5.419018269E-1
1.454683675E1,-3.150989115E-1,-1.377593875E-1,6.059348583E-1
1.455688175E1,-7.600522041E-2,3.826633096E-1,6.869005561E-1
1.456692575E1,1.324992627E-1,9.881463051E-1,7.990534306E-1
1.457697075E1,2.875416577E-1,1.643327475E0,9.189376235E-1
1.458701475E1,3.678804338E-1,2.274147749E0,1.023802280E0
1.459705975E1,3.648405671E-1,2.780526400E0,1.112986803E0
1.460710375E1,2.783051431E-1,3.133738279E0,1.200629830E0
1.461714875E1,1.285185516E-1,3.371969461E0,1.228687644E0
1.462719275E1,-4.709561542E-2,3.461489916E0,1.186118364E0
1.463723775E1,-2.168676108E-1,3.383424997E0,1.052739859E0
1.464728175E1,-3.449675143E-1,3.147926331E0,8.309071064E-1
1.465732675E1,-4.276368022E-1,2.793455601E0,5.414851308E-1
1.466737075E1,-4.634368718E-1,2.329734087E0,2.304164767E-1
1.467741575E1,-4.425145984E-1,1.609931827E0,-1.358299609E-2
1.468745975E1,-4.013186991E-1,6.811816096E-1,-2.288351208E-1
1.469750475E1,-4.175055325E-1,-5.682357550E-1,-4.290235043E-1
1.470754875E1,-5.270327926E-1,-2.215997458E0,-6.099578738E-1
1.471759375E1,-6.681007743E-1,-3.933766365E0,-7.395234704E-1
1.472763775E1,-8.287460804E-1,-5.055886745E0,-8.381558061E-1
1.473768275E1,-1.019747615E0,-5.492575169E0,-8.729975224E-1
1.474772675E1,-1.283599973E0,-5.463903427E0,-8.402292132E-1
1.475777175E1,-1.585561991E0,-5.164412022E0,-7.476415038E-1
1.476781575E1,-1.874367476E0,-4.640298367E0,-6.072713137E-1
1.477786075E1,-2.038142920E0,-4.053044319E0,-4.482306540E-1
1.478790475E1,-1.761676788E0,-3.644064188E0,-2.384337485E-1
1.479794975E1,-1.013316274E0,-3.100688934E0,-3.897439688E-2
1.480799375E1,-3.355526924E-1,-1.807343125E0,2.195606381E-2
1.481803875E1,-5.174617469E-2,1.929048002E-1,-6.066949666E-2
1.482808275E1,-1.925640740E-2,2.149281740E0,-1.372028887E-1
1.483812775E1,7.848780602E-2,3.175103664E0,-8.046574891E-2
1.484817175E1,1.576020569E-1,3.355530024E0,-2.135981992E-2
1.485821675E1,2.046873122E-1,3.078541040E0,-5.409799516E-2
1.486826075E1,2.006398439E-1,2.451038599E0,-1.420803070E-1
1.487830575E1,1.227605194E-1,1.684969783E0,-2.240123004E-1
1.488834975E1,-3.229510784E-2,1.004829764E0,-2.342183292E-1
1.489839475E1,-1.996005774E-1,5.186599493E-1,-2.002014965E-1
1.490843812E1,-3.256160617E-1,1.724769473E-1,-2.525123656E-1
1.491848312E1,-3.586752117E-1,-9.972340614E-2,-3.551580608E-1
1.492852712E1,-2.366241217E-1,-3.635012507E-1,-4.175585806E-1
1.493857212E1,5.029505864E-2,-6.226820946E-1,-4.528754354E-1
1.494861612E1,4.313414693E-1,-8.050209880E-1,-4.780644178E-1
1.495866112E1,7.990432978E-1,-8.600584865E-1,-4.593279362E-1
1.496870512E1,1.054259062E0,-8.177490830E-1,-3.503588438E-1
1.497875012E1,1.195716143E0,-7.290717363E-1,-1.603071243E-1
1.498879412E1,1.300862551E0,-6.627163887E-1,4.101106897E-2
1.499883912E1,1.406325698E0,-7.355681062E-1,2.015510648E-1
1.500888312E1,1.561852217E0,-9.306532145E-1,3.367730677E-1
1.501892812E1,1.762054443E0,-1.146512985E0,4.632600844E-1
1.502897212E1,1.946057796E0,-1.314776301E0,5.946961641E-1
1.503901712E1,2.059810162E0,-1.390709162E0,7.729235291E-1
1.504906112E1,2.070184469E0,-1.339325309E0,9.569756389E-1
1.505910612E1,1.994958043E0,-1.131716251E0,1.041876316E0
1.506915012E1,1.861495852E0,-8.174663186E-1,9.633008242E-1
1.507919512E1,1.696646810E0,-3.846072555E-1,7.881444097E-1
1.508923913E1,1.535463572E0,9.339634329E-2,6.127746701E-1
1.509928412E1,1.463971734E0,4.450036883E-1,4.601587653E-1
1.510932813E1,1.618883848E0,4.357172251E-1,3.410861492E-1
1.511937313E1,2.073476315E0,5.043941550E-3,2.976267636E-1
1.512941713E1,2.617628336E0,-6.382951140E-1,3.069925904E-1
1.513946213E1,2.912839651E0,-1.095668793E0,2.495921701E-1
1.514950613E1,2.882910728E0,-1.276222110E0,1.373748183E-1
1.515955113E1,2.618193388E0,-1.286005378E0,1.442326978E-2
1.516959513E1,2.223937035E0,-1.189812779E0,-6.704442203E-2
1.517964013E1,1.776385069E0,-1.069872141E0,-1.163953468E-1
1.518968413E1,1.381036162E0,-9.702950120E-1,-1.424104273E-1
1.519972913E1,1.114863873E0,-9.131094813E-1,-1.304557770E-1
1.520977313E1,1.026464462E0,-9.161289334E-1,-8.993284404E-2
1.521981813E1,1.098360419E0,-9.118742347E-1,-6.751312315E-2
1.522986213E1,1.215096831E0,-8.290176988E-1,-5.199275538E-2
1.523990713E1,1.305868506E0,-6.477616429E-1,-5.508326367E-2
1.524995113E1,1.348826647E0,-3.879881203E-1,-7.617043704E-2
1.525999613E1,1.331106663E0,-6.332196295E-2,-9.925705194E-2
1.527004013E1,1.248767734E0,2.971515059E-1,-9.688204527E-2
1.528008513E1,1.098910332E0,6.446630955E-1,-8.438110352E-2
1.529013013E1,8.904306889E-1,9.057503939E-1,-5.585252494E-2
1.530017413E1,6.374440193E-1,1.022992253E0,-2.514459193E-2
1.531021913E1,3.322186172E-1,9.970746040E-1,-2.909672260E-2
1.532026313E1,-1.328054350E-3,8.509055972E-1,-6.442563236E-2
1.533030813E1,-3.452627957E-1,6.242080331E-1,-1.267622411E-1
1.534035213E1,-6.799585223E-1,3.695995510E-1,-1.838663965E-1
1.535039713E1,-9.952046275E-1,1.151145548E-1,-2.204800695E-1
1.536044112E1,-1.288112521E0,-1.220158339E-1,-2.471334040E-1
1.537048613E1,-1.555184126E0,-3.314130008E-1,-2.633336782E-1
1.538053012E1,-1.780752182E0,-4.994263947E-1,-2.758000493E-1
1.539057512E1,-1.927252650E0,-6.102024317E-1,-3.014247119E-1
1.540061912E1,-1.945349813E0,-6.654998660E-1,-3.222164810E-1
1.541066412E1,-1.755519986E0,-6.731221080E-1,-3.041008711E-1
1.542070812E1,-1.306699038E0,-6.308361292E-1,-2.423235774E-1
1.543075312E1,-6.553465128E-1,-5.558963418E-1,-1.671191156E-1
1.544079712E1,5.349144340E-2,-5.002909303E-1,-4.030866548E-2
1.545084212E1,6.212592721E-1,-4.744214714E-1,1.133024693E-1
1.546088612E1,6.854551435E-1,-4.977450967E-1,2.074011564E-1
1.547093112E1,7.016266882E-2,-4.690183401E-1,1.644446254E-1
1.548097512E1,-4.667589366E-1,-4.337970912E-1,1.717481911E-1
1.549102012E1,-3.800309896E-1,-7.933038473E-1,2.268900126E-1
1.550106412E1,2.883267403E-1,-1.386670589E0,1.771197021E-1
1.551110912E1,1.010979772E0,-1.572654366E0,7.403432578E-2
1.552115312E1,1.376554728E0,-1.214621305E0,-2.725198679E-2
1.553119812E1,1.303794980E0,-5.086612105E-1,-1.346839070E-1
1.554124212E1,9.525786638E-1,3.339653313E-1,-2.283163667E-1
1.555128712E1,4.838412702E-1,1.160886765E0,-2.804093659E-1
1.556133112E1,-4.988886788E-2,1.792636871E0,-2.495590150E-1
1.557137612E1,-5.726458430E-1,2.178706884E0,-7.679897547E-2
1.558142012E1,-9.869818091E-1,2.353835344E0,2.127582431E-1
1.559146512E1,-1.260267377E0,2.348138094E0,4.613600671E-1
1.560150912E1,-1.352452159E0,2.179759026E0,5.560441613E-1
1.561155412E1,-1.253489733E0,1.875011325E0,4.995097220E-1
1.562159812E1,-1.069180965E0,1.498964190E0,3.817109168E-1
1.563164312E1,-9.286106229E-1,1.152054191E0,2.710432410E-1
1.564168712E1,-8.433428407E-1,8.079809546E-1,1.481857896E-1
1.565173212E1,-7.472634315E-1,4.367821515E-1,-3.024041094E-2
1.566177613E1,-6.273178458E-1,6.174367666E-2,-2.261541486E-1
1.567182112E1,-4.761762321E-1,-2.324211001E-1,-3.392916322E-1
1.568186513E1,-3.842832148E-1,-4.364816546E-1,-3.193940520E-1
1.569191013E1,-3.216733634E-1,-5.888221264E-1,-2.392129153E-1
1.570195413E1,-2.893963456E-1,-7.394700050E-1,-1.127936989E-1
1.571199913E1,-3.290356398E-1,-8.132701516E-1,8.343379945E-3
1.572204313E1,-4.208094776E-1,-7.192427516E-1,1.181393862E-1
1.573208813E1,-5.301206112E-1,-5.237979293E-1,2.479759753E-1
1.574213213E1,-6.543137431E-1,-3.193751872E-1,4.023596048E-1
1.575217713E1,-7.919264436E-1,-1.344628632E-1,5.013969541E-1
1.576222113E1,-9.377857447E-1,8.539544418E-3,4.974384606E-1
1.577226613E1,-1.082337618E0,1.048548967E-1,4.741989076E-1
1.578231013E1,-1.215937614E0,1.699054688E-1,4.727470279E-1
1.579235513E1,-1.341043115E0,2.328341007E-1,4.600221813E-1
1.580239913E1,-1.448739171E0,3.117781878E-1,4.343138933E-1
1.581244413E1,-1.529619098E0,4.070301354E-1,3.931339681E-1
1.582248813E1,-1.585125685E0,5.082467794E-1,3.450750709E-1
1.583253313E1,-1.609910369E0,6.047469974E-1,2.830061018E-1
1.584257713E1,-1.369946122E0,2.504284382E-1,1.694152355E-1
1.585262213E1,-6.466240287E-1,-8.685982823E-1,9.832758456E-3
1.586266613E1,-6.165113300E-2,-1.691699624E0,-1.044379547E-1
1.587271113E1,1.600951105E-1,-1.851365924E0,-1.578998566E-1
1.588275512E1,7.046413422E-2,-1.458988667E0,-1.463093460E-1
1.589280013E1,-3.183917403E-1,-5.267105103E-1,-1.128086522E-1
1.590284412E1,-8.484405875E-1,7.701656818E-1,-1.337287426E-1
1.591288904E1,-1.160249949E0,1.849601507E0,-1.918959022E-1
1.592293304E1,-1.133022428E0,2.410847664E0,-2.190581560E-1
1.593297804E1,-9.225940704E-1,2.614214420E0,-2.490823567E-1
1.594302204E1,-6.944263577E-1,2.606985092E0,-2.985417843E-1
1.595306704E1,-5.458810925E-1,2.458417177E0,-3.726639450E-1
1.596311104E1,-4.483326375E-1,2.202396870E0,-4.311192334E-1
1.597315604E1,-3.752842546E-1,1.863533974E0,-4.563478827E-1
1.598320004E1,-3.219836354E-1,1.480393052E0,-4.712615311E-1
1.599324504E1,-2.886211574E-1,1.098360658E0,-4.924395382E-1
1.600328904E1,-2.918840647E-1,7.392889261E-1,-5.162517428E-1
1.601333404E1,-3.376201391E-1,4.323454499E-1,-5.293571949E-1
1.602337804E1,-4.122368097E-1,2.331693321E-1,-4.979772568E-1
1.603342304E1,-4.890887141E-1,2.218676805E-1,-4.284021556E-1
1.604346704E1,-5.368552804E-1,3.886757791E-1,-3.547055423E-1
1.605351204E1,-5.436117649E-1,6.415107250E-1,-3.234453499E-1
1.606355604E1,-5.097257495E-1,8.475963473E-1,-3.319249749E-1
1.607360104E1,-4.518078864E-1,9.098141789E-1,-3.337383270E-1
1.608364504E1,-3.792435229E-1,8.319805861E-1,-3.218792081E-1
1.609369004E1,-2.972570360E-1,6.819740534E-1,-3.038003445E-1
1.610373404E1,-1.997485012E-1,5.338438153E-1,-2.848613560E-1
1.611377904E1,-1.037119925E-1,4.176807106E-1,-2.587868571E-1
1.612382304E1,-3.293990344E-2,3.102290034E-1,-2.373246402E-1
1.613386804E1,-2.999314107E-3,2.422909737E-1,-2.252330929E-1
1.614391304E1,-7.479405031E-3,2.360555232E-1,-2.291845381E-1
1.615395704E1,-1.076814253E-2,3.007434607E-1,-2.276737243E-1
1.616400104E1,2.013791539E-2,3.557256758E-1,-2.019975781E-1
1.617404604E1,1.000649706E-1,3.147859573E-1,-1.342030764E-1
1.618409104E1,2.179234922E-1,1.231548637E-1,-2.451986261E-2
1.619413504E1,3.632361889E-1,-2.321395874E-1,1.007123590E-1
1.620418004E1,5.433084369E-1,-7.107750773E-1,2.023565918E-1
1.621422404E1,7.513265610E-1,-1.189090729E0,2.714602947E-1
1.622426904E1,9.623482823E-1,-1.608669400E0,3.385927379E-1
1.623431304E1,1.147178054E0,-1.881068945E0,4.521472752E-1
1.624435804E1,1.277673721E0,-1.925531507E0,5.702558756E-1
1.625440204E1,1.340288162E0,-1.749580741E0,6.239329576E-1
1.626444704E1,1.346284747E0,-1.381491661E0,6.010392904E-1
1.627449104E1,1.341802716E0,-8.786271811E-1,5.737330914E-1
1.628453604E1,1.358759761E0,-2.888664305E-1,6.568844914E-1
1.629458004E1,1.372277379E0,4.241419435E-1,7.845934629E-1
1.630462504E1,1.341148019E0,1.420166135E0,8.853053451E-1
1.631466904E1,1.265043378E0,2.400485754E0,9.542367458E-1
1.632471404E1,1.106258035E0,3.344743490E0,9.195305705E-1
1.633475804E1,8.643441796E-1,4.047805309E0,7.876505852E-1
1.634480304E1,5.772017837E-1,4.255541801E0,6.491374373E-1
1.635484704E1,3.359843791E-1,3.957940340E0,4.776751697E-1
1.636489204E1,2.023409754E-1,3.331854105E0,2.805654407E-1
1.637493604E1,5.533354878E-1,1.927216411E0,2.552369237E-1
1.638498104E1,1.217495680E0,1.584059745E-1,3.028828800E-1
1.639502504E1,1.732574463E0,-1.201528907E0,1.561371088E-1
1.640507004E1,1.959777713E0,-2.006452322E0,-1.566338092E-1
1.641511404E1,1.913547039E0,-2.333430052E0,-5.100100040E-1
1.642515904E1,1.650809765E0,-2.379480600E0,-8.341261148E-1
1.643520304E1,1.256346822E0,-2.320127249E0,-1.002411842E0
1.644524804E1,7.841089964E-1,-2.251555681E0,-9.712467194E-1
1.645529204E1,3.016203940E-1,-2.162543297E0,-7.895994186E-1
1.646533704E1,-1.406865716E-1,-2.021477938E0,-5.311345458E-1
1.647538104E1,-4.986724257E-1,-1.802598476E0,-3.196699321E-1
1.648542604E1,-6.667518020E-1,-1.537416458E0,-1.990025789E-1
1.649547004E1,-5.397909284E-1,-1.255080938E0,-9.906239808E-2
1.650551504E1,-1.861035228E-1,-9.178472757E-1,-1.680443529E-3
1.651555904E1,2.023177296E-1,-5.091196895E-1,4.427799210E-2
1.652560404E1,4.848875403E-1,-8.412508667E-2,3.050424159E-2
1.653564804E1,6.197497249E-1,3.039408922E-1,-2.154804207E-2
1.654569304E1,6.521229744E-1,6.542148590E-1,-5.117789283E-2
1.655573704E1,6.077970266E-1,9.357828498E-1,-7.493568957E-2
1.656578204E1,3.857663274E-1,1.148591518E0,-1.189710423E-1
1.657582604E1,1.871319860E-2,1.275784016E0,-1.450103670E-1
1.658587104E1,-3.921239674E-1,1.305016160E0,-1.386954039E-1
1.659591504E1,-7.707069516E-1,1.220503926E0,-7.002952695E-2
1.660596004E1,-1.088429451E0,1.049629807E0,7.368414104E-2
1.661600404E1,-1.317029953E0,8.564243913E-1,2.500658333E-1
1.662604904E1,-1.406076074E0,6.470959783E-1,4.042500257E-1
1.663609304E1,-1.081233859E0,2.868922353E-1,4.425092638E-1
1.664613804E1,-1.402151287E-1,-3.341029882E-1,3.135213554E-1
1.665618204E1,8.580039740E-1,-7.908776999E-1,1.645795256E-1
1.666622704E1,1.466763973E0,-8.523699045E-1,1.075192019E-1
1.667627104E1,1.606973886E0,-6.260491610E-1,9.710198641E-2
1.668631604E1,1.309859037E0,-2.820170522E-1,1.188513413E-1
1.669636004E1,7.050436735E-1,2.089319080E-1,1.809277534E-1
1.670640504E1,7.685118169E-2,7.448315024E-1,2.120212317E-1
1.671644904E1,-4.606111944E-1,1.242104650E0,2.121503949E-1
1.672649404E1,-8.721438050E-1,1.648347378E0,1.988417208E-1
1.673653804E1,-1.169953108E0,1.962797999E0,1.670036316E-1
1.674658304E1,-1.372152090E0,2.209838390E0,1.100596339E-1
1.675662704E1,-1.495793581E0,2.366677046E0,4.414506629E-2
1.676667204E1,-1.544246197E0,2.407053947E0,-4.007487092E-3
1.677671604E1,-1.316605330E0,2.095624924E0,-2.135931328E-2
1.678676104E1,-5.161652565E-1,1.110742569E0,-3.175000474E-2
1.679680504E1,2.341074198E-1,1.478439122E-1,-1.863350421E-1
1.680685004E1,6.330936551E-1,-4.744100571E-1,-3.746104240E-1
1.681689504E1,6.968630552E-1,-8.064044714E-1,-4.632399082E-1
1.682693904E1,5.227456689E-1,-9.159760475E-1,-4.452089369E-1
1.683698404E1,2.366015315E-1,-8.571490049E-1,-4.037706852E-1
1.684702804E1,-4.343768209E-2,-6.979085207E-1,-3.857662678E-1
1.685707304E1,-2.743936777E-1,-4.505416155E-1,-3.978604972E-1
1.686711704E1,-4.496199191E-1,-1.155326068E-1,-4.154630303E-1
1.687716204E1,-5.420593023E-1,2.503106296E-1,-4.132520854E-1
1.688720604E1,-5.347171426E-1,5.764153004E-1,-3.655996621E-1
1.689725104E1,-4.420638680E-1,8.312627673E-1,-2.814879715E-1
1.690729542E1,-2.970170379E-1,1.022149920E0,-2.145247757E-1
1.691734042E1,-1.325798929E-1,1.151249290E0,-1.998563558E-1
1.692738442E1,1.594788022E-2,1.215266228E0,-2.134019434E-1
1.693742942E1,1.038005054E-1,1.197901845E0,-2.302847952E-1
1.694747342E1,1.096535251E-1,1.082232594E0,-2.113924026E-1
1.695751842E1,4.126035422E-2,8.673077226E-1,-1.692119390E-1
1.696756242E1,-6.713555753E-2,5.661101341E-1,-1.431217790E-1
1.697760742E1,-1.625441015E-1,2.272950560E-1,-1.336086988E-1
1.698765142E1,-2.056561857E-1,-7.959134877E-2,-1.175107509E-1
1.699769642E1,-1.838432997E-1,-2.801417708E-1,-8.932279050E-2
1.700774042E1,-1.313509494E-1,-3.487747014E-1,-6.439869851E-2
1.701778542E1,-8.953718841E-2,-2.999027669E-1,-5.072629452E-2
1.702782942E1,-8.118390292E-2,-1.915604323E-1,-4.127915204E-2
1.703787442E1,-9.309142828E-2,-8.341424912E-2,-3.123637103E-2
1.704791842E1,-9.580815583E-2,-2.004416659E-2,-2.483616956E-2
1.705796342E1,-7.068496197E-2,-2.833218873E-2,-2.965382859E-2
1.706800742E1,-1.820172369E-2,-9.502293169E-2,-3.720642626E-2
1.707805242E1,4.066984728E-2,-1.787516475E-1,-4.553439468E-2
1.708809642E1,7.916226983E-2,-2.368948609E-1,-5.285355076E-2
1.709814142E1,7.439068705E-2,-2.492748350E-1,-5.749863759E-2
1.710818542E1,3.719301149E-2,-2.162535638E-1,-5.886930227E-2
1.711823042E1,-7.499893196E-3,-1.440022737E-1,-5.890205875E-2
1.712827442E1,-3.111096285E-2,-6.199611723E-2,-5.610303208E-2
1.713831942E1,-2.418088540E-2,8.651689626E-3,-4.096588865E-2
1.714836342E1,1.513446914E-3,5.238848925E-2,-2.203027718E-2
1.715840842E1,2.006183006E-2,6.009621173E-2,-9.966306388E-4
1.716845242E1,2.766067535E-2,2.163800411E-2,1.301613543E-2
1.717849742E1,2.872407436E-2,-5.245672911E-2,1.961598173E-2
1.718854142E1,3.193940967E-2,-1.397073567E-1,1.780944690E-2