"Time (s)","w","x","y","z","Direct (°)","Yaw (°)","Pitch (°)","Roll (°)"
2.442416677E-3,3.541656473E-1,-3.048454368E-1,6.371185886E-1,-6.129567591E-1,1.385153650E2,-8.986791738E1,4.449298949E0,-1.244005328E2
1.248641667E-2,3.464513094E-1,-2.970819030E-1,6.396635839E-1,-6.185017144E-1,1.394591714E2,-8.970432353E1,4.343353676E0,-1.258106251E2
2.253041667E-2,3.384043908E-1,-2.896599905E-1,6.422348999E-1,-6.237900376E-1,1.404406186E2,-8.958274359E1,4.203331548E0,-1.272134429E2
3.257541667E-2,3.302962538E-1,-2.828514200E-1,6.447983555E-1,-6.285973177E-1,1.414264843E2,-8.951405017E1,4.034071619E0,-1.285606979E2
4.261941666E-2,3.224641893E-1,-2.769111167E-1,6.472142550E-1,-6.328117496E-1,1.423759715E2,-8.949075871E1,3.838342865E0,-1.298000165E2
5.266441667E-2,3.152555187E-1,-2.720615739E-1,6.492995546E-1,-6.364012703E-1,1.432475202E2,-8.949563455E1,3.618333988E0,-1.308815685E2
6.270841666E-2,3.089763232E-1,-2.685138419E-1,6.508847608E-1,-6.393614858E-1,1.440049004E2,-8.951220939E1,3.374445504E0,-1.317608381E2
7.275341667E-2,3.038781456E-1,-2.664291955E-1,6.518398716E-1,-6.416994663E-1,1.446186336E2,-8.952715125E1,3.108378890E0,-1.324028499E2
8.279741666E-2,3.001456733E-1,-2.659141821E-1,6.520978735E-1,-6.434055180E-1,1.450672944E2,-8.953441571E1,2.823957668E0,-1.327834510E2
9.284241666E-2,2.978632845E-1,-2.669863979E-1,6.516656998E-1,-6.444591577E-1,1.453413757E2,-8.953543829E1,2.527042461E0,-1.328947253E2
1.028864167E-1,2.969737226E-1,-2.695642888E-1,6.506218698E-1,-6.448510496E-1,1.454481435E2,-8.953827040E1,2.222348192E0,-1.327494690E2
1.129314167E-1,2.973072411E-1,-2.735397271E-1,6.490799063E-1,-6.445771267E-1,1.454081173E2,-8.955613163E1,1.909300313E0,-1.323721203E2
1.229754167E-1,2.986345508E-1,-2.787606890E-1,6.471984921E-1,-6.436180119E-1,1.452487809E2,-8.960718772E1,1.588491824E0,-1.317956619E2
1.330204167E-1,3.007361191E-1,-2.849778550E-1,6.452006472E-1,-6.419202947E-1,1.449963570E2,-8.971301980E1,1.272308072E0,-1.310602948E2
1.430644167E-1,3.034354351E-1,-2.918620791E-1,6.433453850E-1,-6.394140113E-1,1.446718787E2,-8.989418854E1,9.847433834E-1,-1.302093535E2
1.531084166E-1,3.065457566E-1,-2.990420054E-1,6.419024034E-1,-6.360541804E-1,1.442976310E2,-9.016787031E1,7.523771117E-1,-1.292911836E2
1.631534167E-1,3.098764113E-1,-3.061150579E-1,6.410822573E-1,-6.318890181E-1,1.438964348E2,-9.053780277E1,5.988120540E-1,-1.283580825E2
1.731974166E-1,3.132956165E-1,-3.126137648E-1,6.408308092E-1,-6.272594397E-1,1.434840953E2,-9.096168138E1,5.362445873E-1,-1.274640601E2
1.832424166E-1,3.168231813E-1,-3.180244402E-1,6.405811840E-1,-6.230083821E-1,1.430581745E2,-9.131612293E1,5.522340505E-1,-1.266549794E2
1.932864166E-1,3.203171445E-1,-3.221496895E-1,6.398246480E-1,-6.198716556E-1,1.426357890E2,-9.150782426E1,6.022290220E-1,-1.259631912E2
2.033314166E-1,3.235161219E-1,-3.249163456E-1,6.387323176E-1,-6.178896263E-1,1.422486022E2,-9.155296802E1,6.735575383E-1,-1.254205356E2
2.133754166E-1,3.260904093E-1,-3.262508518E-1,6.379769934E-1,-6.166123661E-1,1.419366996E2,-9.154207649E1,7.870245932E-1,-1.250649802E2
2.234204166E-1,3.275773922E-1,-3.262430546E-1,6.381861682E-1,-6.156110834E-1,1.417564023E2,-9.157216055E1,9.415862699E-1,-1.249313427E2
2.334644166E-1,3.275907317E-1,-3.251158055E-1,6.396296030E-1,-6.147015333E-1,1.417547844E2,-9.169953890E1,1.110180407E0,-1.250349349E2
2.435094166E-1,3.261550836E-1,-3.231443235E-1,6.421592779E-1,-6.138664778E-1,1.419288599E2,-9.192491741E1,1.269325125E0,-1.253481417E2
2.535534166E-1,3.237497419E-1,-3.205898662E-1,6.453621223E-1,-6.131198253E-1,1.422203086E2,-9.220941875E1,1.418309094E0,-1.258026828E2
2.635974167E-1,3.209965833E-1,-3.177283902E-1,6.487372840E-1,-6.124946611E-1,1.425535906E2,-9.250112604E1,1.562707969E0,-1.263161199E2
2.736424166E-1,3.184140562E-1,-3.148124394E-1,6.518886671E-1,-6.120022384E-1,1.428659184E2,-9.276002030E1,1.708194062E0,-1.268181702E2
2.836864167E-1,3.163083049E-1,-3.120164070E-1,6.546422999E-1,-6.115866810E-1,1.431203739E2,-9.297205736E1,1.861720486E0,-1.272654959E2
2.937314167E-1,3.147079469E-1,-3.094428677E-1,6.570534895E-1,-6.111338974E-1,1.433136326E2,-9.315186603E1,2.025131740E0,-1.276466060E2
3.037754167E-1,3.134967940E-1,-3.071685184E-1,6.592399204E-1,-6.105489202E-1,1.434598191E2,-9.332169012E1,2.192464621E0,-1.279653538E2
3.138204167E-1,3.125332538E-1,-3.052645240E-1,6.613044944E-1,-6.097646306E-1,1.435760747E2,-9.350132840E1,2.354388691E0,-1.282282237E2
3.238644167E-1,3.117352980E-1,-3.038010590E-1,6.632995154E-1,-6.087361948E-1,1.436723225E2,-9.370298506E1,2.503381133E0,-1.284363822E2
3.339094167E-1,3.110633824E-1,-3.028278250E-1,6.652569626E-1,-6.074273771E-1,1.437533469E2,-9.393447667E1,2.635523262E0,-1.285889949E2
3.439534167E-1,3.104651606E-1,-3.023197448E-1,6.672177604E-1,-6.058337099E-1,1.438254691E2,-9.419998358E1,2.750380003E0,-1.286930739E2
3.539984167E-1,3.098542947E-1,-3.022326062E-1,6.692083350E-1,-6.039917135E-1,1.438991003E2,-9.450035949E1,2.844309240E0,-1.287602385E2
3.640424167E-1,3.092102487E-1,-3.026000213E-1,6.711890051E-1,-6.019365068E-1,1.439767143E2,-9.483184031E1,2.911020617E0,-1.287889030E2
3.740874167E-1,3.087141909E-1,-3.035489155E-1,6.729870739E-1,-5.997016174E-1,1.440364825E2,-9.517664096E1,2.948812466E0,-1.287509235E2
3.841314167E-1,3.087464964E-1,-3.053051957E-1,6.742933523E-1,-5.973213952E-1,1.440325904E2,-9.550274951E1,2.960114779E0,-1.285913044E2
3.941754167E-1,3.095935111E-1,-3.080168186E-1,6.748851994E-1,-5.948171665E-1,1.439305294E2,-9.578652600E1,2.949329134E0,-1.282705371E2
4.042204167E-1,3.111813936E-1,-3.115598302E-1,6.748168583E-1,-5.922153151E-1,1.437391176E2,-9.602895770E1,2.921052114E0,-1.278060035E2
4.142644167E-1,3.129529837E-1,-3.155122984E-1,6.744422360E-1,-5.896100603E-1,1.435254371E2,-9.625637206E1,2.870514284E0,-1.272853419E2
4.243094167E-1,3.141875387E-1,-3.193235325E-1,6.742048017E-1,-5.871681668E-1,1.433764536E2,-9.649827761E1,2.789129420E0,-1.268231609E2
4.343534167E-1,3.143900016E-1,-3.225251441E-1,6.744223954E-1,-5.850562830E-1,1.433520146E2,-9.676887398E1,2.675114349E0,-1.265070148E2
4.443984167E-1,3.134610324E-1,-3.249190114E-1,6.751742003E-1,-5.833605994E-1,1.434641346E2,-9.706442317E1,2.532823052E0,-1.263644131E2
4.544424167E-1,3.116328180E-1,-3.265261972E-1,6.763521626E-1,-5.820767748E-1,1.436846815E2,-9.736866759E1,2.373894912E0,-1.263730476E2
4.644874167E-1,3.093693636E-1,-3.274579797E-1,6.777160346E-1,-5.811735678E-1,1.439575409E2,-9.765196458E1,2.218434461E0,-1.264819291E2
4.745314167E-1,3.071963353E-1,-3.279259783E-1,6.789343314E-1,-5.806402627E-1,1.442193008E2,-9.787804445E1,2.081338722E0,-1.266255977E2
4.845764167E-1,3.054772918E-1,-3.281902601E-1,6.797141113E-1,-5.804856259E-1,1.444262376E2,-9.802019393E1,1.963050667E0,-1.267482940E2
4.946204167E-1,3.041990622E-1,-3.285090483E-1,6.799674244E-1,-5.806799228E-1,1.445800319E2,-9.808375724E1,1.843734718E0,-1.268269326E2
5.046644167E-1,3.030625197E-1,-3.291001789E-1,6.798775041E-1,-5.810445036E-1,1.447167233E2,-9.811397745E1,1.698901428E0,-1.268667492E2
5.147094167E-1,3.017541551E-1,-3.301476862E-1,6.797612737E-1,-5.812672497E-1,1.448740155E2,-9.817490706E1,1.514704564E0,-1.268773203E2
5.247534167E-1,3.000761310E-1,-3.317541976E-1,6.798762081E-1,-5.810868507E-1,1.450756484E2,-9.831536271E1,1.287730241E0,-1.268654986E2
5.347984167E-1,2.979263046E-1,-3.338600122E-1,6.803206150E-1,-5.804665333E-1,1.453338107E2,-9.854700664E1,1.018869242E0,-1.268448176E2
5.448424167E-1,2.954376912E-1,-3.364366387E-1,6.809853341E-1,-5.794704453E-1,1.456324298E2,-9.885145267E1,7.143417217E-1,-1.268055061E2
5.548874167E-1,2.928862264E-1,-3.395225467E-1,6.816124792E-1,-5.782271765E-1,1.459383411E2,-9.919213868E1,3.797297999E-1,-1.267194634E2
5.649314167E-1,2.906970453E-1,-3.431598935E-1,6.819422466E-1,-5.767940888E-1,1.462006166E2,-9.953254960E1,3.506480503E-2,-1.265463787E2
5.749764167E-1,2.892209889E-1,-3.473436531E-1,6.818146154E-1,-5.751804440E-1,1.463773530E2,-9.984828304E1,-2.968140044E-1,-1.262575039E2
5.850204166E-1,2.883719407E-1,-3.519623892E-1,6.812840393E-1,-5.734249856E-1,1.464789769E2,-1.001404100E2,-6.143173400E-1,-1.258709758E2
5.950654167E-1,2.876386803E-1,-3.566203114E-1,6.807018860E-1,-5.716038940E-1,1.465667201E2,-1.004332352E2,-9.224293041E-1,-1.254679326E2
6.051094166E-1,2.865929117E-1,-3.607723133E-1,6.804594257E-1,-5.698094709E-1,1.466918238E2,-1.007430539E2,-1.209790916E0,-1.251377378E2
6.151534166E-1,2.852421157E-1,-3.641038321E-1,6.806836680E-1,-5.680977925E-1,1.468533569E2,-1.010616717E2,-1.453971556E0,-1.249118134E2
6.251984166E-1,2.837962891E-1,-3.666237711E-1,6.812274677E-1,-5.665471468E-1,1.470261791E2,-1.013644598E2,-1.648033695E0,-1.247731786E2
6.352424166E-1,2.824694747E-1,-3.684095962E-1,6.818854854E-1,-5.652587492E-1,1.471847078E2,-1.016238373E2,-1.791921126E0,-1.246978727E2
6.452874166E-1,2.814876534E-1,-3.694350080E-1,6.824981530E-1,-5.643391577E-1,1.473019748E2,-1.018108654E2,-1.876409807E0,-1.246714595E2
6.553314166E-1,2.811229040E-1,-3.696810402E-1,6.829721576E-1,-5.637862016E-1,1.473455309E2,-1.019080346E2,-1.882155707E0,-1.246748527E2
6.653764166E-1,2.816328493E-1,-3.691866472E-1,6.832473027E-1,-5.635222253E-1,1.472846351E2,-1.019086569E2,-1.790211003E0,-1.246837327E2
6.754204166E-1,2.832131453E-1,-3.680124781E-1,6.832475135E-1,-5.634979909E-1,1.470958615E2,-1.018060507E2,-1.589544665E0,-1.246758688E2
6.854654166E-1,2.859835420E-1,-3.663109045E-1,6.829014246E-1,-5.636270445E-1,1.467647028E2,-1.016028236E2,-1.279425308E0,-1.246248850E2
6.955094167E-1,2.899356520E-1,-3.643452176E-1,6.821737593E-1,-5.637632631E-1,1.462917927E2,-1.013171518E2,-8.729871312E-1,-1.245027439E2
7.055544166E-1,2.947396867E-1,-3.624010994E-1,6.810898793E-1,-5.638357030E-1,1.457161430E2,-1.009785119E2,-4.114400566E-1,-1.243053119E2
7.155984167E-1,3.001752394E-1,-3.606511938E-1,6.796931011E-1,-5.637754752E-1,1.450637426E2,-1.006089087E2,8.029904632E-2,-1.240317059E2
7.256424167E-1,3.063514385E-1,-3.592797565E-1,6.779227438E-1,-5.634603853E-1,1.443210237E2,-1.002144022E2,6.007799202E-1,-1.236531641E2
7.356874167E-1,3.133787090E-1,-3.584087497E-1,6.755282128E-1,-5.630263149E-1,1.434740687E2,-9.976593845E1,1.134828759E0,-1.231464691E2
7.457314167E-1,3.214427077E-1,-3.581188215E-1,6.719505776E-1,-5.629457723E-1,1.424996076E2,-9.918364844E1,1.649445186E0,-1.224846447E2
7.557764167E-1,3.303808742E-1,-3.582215861E-1,6.670239376E-1,-5.635644881E-1,1.414162107E2,-9.842922073E1,2.119394300E0,-1.216959206E2
7.658204167E-1,3.395731440E-1,-3.583296611E-1,6.611775691E-1,-5.649195514E-1,1.402982603E2,-9.754125356E1,2.532233685E0,-1.208692597E2
7.758654167E-1,3.480113540E-1,-3.579889039E-1,6.550947252E-1,-5.670829597E-1,1.392685424E2,-9.658940689E1,2.862656117E0,-1.201384234E2
7.859094167E-1,3.549939383E-1,-3.569294585E-1,6.493466116E-1,-5.700260425E-1,1.384138543E2,-9.563801763E1,3.101792288E0,-1.195962489E2
7.959544167E-1,3.603712861E-1,-3.552593897E-1,6.440703740E-1,-5.736694689E-1,1.377540006E2,-9.471523811E1,3.245019856E0,-1.192505805E2
8.059984167E-1,3.646386123E-1,-3.533079273E-1,6.388948043E-1,-5.779494393E-1,1.372293120E2,-9.379206516E1,3.298804305E0,-1.190274319E2
8.160434167E-1,3.689666195E-1,-3.515389609E-1,6.330519656E-1,-5.826913496E-1,1.366961997E2,-9.279424483E1,3.294756628E0,-1.187745021E2
8.260874167E-1,3.747101813E-1,-3.504075920E-1,6.257539648E-1,-5.875701423E-1,1.359871972E2,-9.164771277E1,3.277655597E0,-1.183196063E2
8.361314167E-1,3.823697178E-1,-3.501477672E-1,6.166286980E-1,-5.924178518E-1,1.350389082E2,-9.032532446E1,3.249995338E0,-1.175889188E2
8.461764167E-1,3.915032770E-1,-3.507019561E-1,6.058751403E-1,-5.972006761E-1,1.339038599E2,-8.886102412E1,3.183003211E0,-1.166255671E2
8.562204167E-1,4.012532339E-1,-3.518793915E-1,5.939827959E-1,-6.019643237E-1,1.326869048E2,-8.731777649E1,3.040243116E0,-1.155284907E2
8.662654167E-1,4.107337882E-1,-3.534351055E-1,5.814741275E-1,-6.068517987E-1,1.314981229E2,-8.575446545E1,2.791218338E0,-1.144093400E2
8.763094167E-1,4.191727673E-1,-3.551511987E-1,5.689729086E-1,-6.119082404E-1,1.304352563E2,-8.423981222E1,2.427546667E0,-1.133707734E2
8.863544167E-1,4.259875018E-1,-3.567939986E-1,5.571608329E-1,-6.170936409E-1,1.295736298E2,-8.284158252E1,1.967722594E0,-1.125004779E2
8.963983750E-1,4.309473851E-1,-3.582729420E-1,5.465908985E-1,-6.222244718E-1,1.289446028E2,-8.161614494E1,1.446955462E0,-1.118370643E2
9.064433750E-1,4.341646859E-1,-3.595069174E-1,5.375970139E-1,-6.270927068E-1,1.285356931E2,-8.058935924E1,9.123561242E-1,-1.113803738E2
9.164873750E-1,4.361868390E-1,-3.602309529E-1,5.301081564E-1,-6.316329023E-1,1.282783233E2,-7.972092603E1,4.231307471E-1,-1.110976989E2
9.265323750E-1,4.378170791E-1,-3.600814580E-1,5.237387139E-1,-6.358894811E-1,1.280706301E2,-7.892590783E1,3.778570205E-2,-1.109354145E2
9.365763750E-1,4.395929154E-1,-3.587432534E-1,5.180531462E-1,-6.400643582E-1,1.278441791E2,-7.812074524E1,-2.161519788E-1,-1.108624319E2
9.466203750E-1,4.412941098E-1,-3.560540790E-1,5.128417253E-1,-6.445761152E-1,1.276270408E2,-7.726499308E1,-3.655406656E-1,-1.109146755E2
9.566653750E-1,4.424823137E-1,-3.520055423E-1,5.081211044E-1,-6.497032793E-1,1.274752598E2,-7.636020453E1,-4.428495918E-1,-1.111378861E2
9.667093750E-1,4.428022083E-1,-3.467721787E-1,5.040280448E-1,-6.554625618E-1,1.274343796E2,-7.543855972E1,-4.711426981E-1,-1.115530912E2
9.767543750E-1,4.420503928E-1,-3.406560493E-1,5.007199703E-1,-6.616830995E-1,1.275304448E2,-7.454540116E1,-4.655781390E-1,-1.121543150E2
9.867983750E-1,4.402563911E-1,-3.340519173E-1,4.983541570E-1,-6.680021554E-1,1.277595179E2,-7.373306712E1,-4.290116740E-1,-1.129033827E2
9.968433750E-1,4.376414953E-1,-3.273649247E-1,4.970237232E-1,-6.739951212E-1,1.280930084E2,-7.304593249E1,-3.580043118E-1,-1.137415652E2
1.006887375E0,4.345047688E-1,-3.210279616E-1,4.967325043E-1,-6.792668385E-1,1.284924285E2,-7.251844656E1,-2.556553754E-1,-1.146010467E2
1.016932375E0,4.312768259E-1,-3.155584492E-1,4.973722408E-1,-6.834062490E-1,1.289027639E2,-7.217635361E1,-1.317225168E-1,-1.153944467E2
1.026976375E0,4.283785558E-1,-3.114396168E-1,4.987575972E-1,-6.861034788E-1,1.292705937E2,-7.203159738E1,-2.606427611E-3,-1.160397300E2
1.037021375E0,4.260015473E-1,-3.089415520E-1,5.007163509E-1,-6.872852026E-1,1.295718509E2,-7.208070331E1,1.117248955E-1,-1.164973529E2
1.047065375E0,4.241958077E-1,-3.081694745E-1,5.030429728E-1,-6.870496017E-1,1.298004575E2,-7.230437093E1,1.903375555E-1,-1.167553183E2
1.057109375E0,4.228989070E-1,-3.090596686E-1,5.055745128E-1,-6.855895085E-1,1.299645133E2,-7.267717051E1,2.198837025E-1,-1.168258689E2
1.067154375E0,4.219050527E-1,-3.113869227E-1,5.082758834E-1,-6.831471302E-1,1.300901600E2,-7.317860080E1,1.972217133E-1,-1.167482634E2
1.077198375E0,4.209777904E-1,-3.148372429E-1,5.111916761E-1,-6.799546223E-1,1.302073302E2,-7.379219802E1,1.289504177E-1,-1.165713271E2
1.087243375E0,4.198929622E-1,-3.191014292E-1,5.143669986E-1,-6.762327711E-1,1.303443401E2,-7.450217720E1,2.202896221E-2,-1.163420094E2
1.097287375E0,4.185116097E-1,-3.238419697E-1,5.177726853E-1,-6.722246374E-1,1.305186904E2,-7.528115105E1,-1.146684934E-1,-1.161006813E2
1.107332375E0,4.168085504E-1,-3.285703825E-1,5.213025260E-1,-6.682483246E-1,1.307334775E2,-7.607964613E1,-2.616429423E-1,-1.158889848E2
1.117376375E0,4.149343960E-1,-3.325978089E-1,5.246739788E-1,-6.647746341E-1,1.309696297E2,-7.680904915E1,-3.893056137E-1,-1.157487911E2
1.127421375E0,4.132853373E-1,-3.350203044E-1,5.272911506E-1,-6.625109479E-1,1.311772353E2,-7.732279927E1,-4.621434194E-1,-1.157170679E2
1.137465375E0,4.126331886E-1,-3.348672271E-1,5.281747171E-1,-6.622909940E-1,1.312592895E2,-7.742031440E1,-4.397071423E-1,-1.157985642E2
1.147510375E0,4.131855862E-1,-3.318597439E-1,5.271676287E-1,-6.642598208E-1,1.311897879E2,-7.706004085E1,-3.005782779E-1,-1.159954420E2
1.157554375E0,4.143412528E-1,-3.263057375E-1,5.252312971E-1,-6.678159190E-1,1.310443222E2,-7.638990757E1,-3.290752457E-2,-1.163396854E2
1.167598375E0,4.152551967E-1,-3.191277394E-1,5.234825085E-1,-6.720765123E-1,1.309292231E2,-7.562594605E1,3.323831575E-1,-1.168366907E2
1.177643375E0,4.156730722E-1,-3.120165861E-1,5.219490902E-1,-6.763362627E-1,1.308765796E2,-7.490335845E1,6.797788174E-1,-1.173713323E2
1.187687375E0,4.176140294E-1,-3.077573731E-1,5.192962201E-1,-6.791284809E-1,1.306319148E2,-7.426031637E1,9.005651169E-1,-1.175049387E2
1.197732375E0,4.233564953E-1,-3.085600809E-1,5.142194847E-1,-6.790717091E-1,1.299066416E2,-7.369351145E1,9.355369614E-1,-1.168194296E2
1.207776375E0,4.310280542E-1,-3.111613633E-1,5.071762616E-1,-6.783552232E-1,1.289343585E2,-7.302617702E1,8.628223762E-1,-1.157748811E2
1.217821375E0,4.375480979E-1,-3.124175291E-1,5.003276305E-1,-6.786892686E-1,1.281049110E2,-7.229212843E1,7.887561779E-1,-1.149567339E2
1.227865375E0,4.405414724E-1,-3.116716036E-1,4.957258795E-1,-6.804704576E-1,1.277231314E2,-7.168395773E1,7.224604997E-1,-1.146832513E2
1.237910375E0,4.390746040E-1,-3.100999582E-1,4.945010816E-1,-6.830228602E-1,1.279102957E2,-7.141982184E1,6.093528137E-1,-1.149689433E2
1.247954375E0,4.332283304E-1,-3.085103582E-1,4.974039774E-1,-6.853640334E-1,1.286547735E2,-7.164935207E1,4.638248568E-1,-1.157397029E2
1.257999375E0,4.235676616E-1,-3.066299344E-1,5.045268791E-1,-6.870380430E-1,1.298799306E2,-7.237011800E1,3.477692222E-1,-1.169456792E2
1.268043375E0,4.108038151E-1,-3.034093462E-1,5.153259764E-1,-6.882021495E-1,1.314893216E2,-7.345498521E1,3.312760684E-1,-1.185792637E2
1.278087375E0,3.961129937E-1,-2.979733194E-1,5.284791754E-1,-6.892142112E-1,1.333291866E2,-7.470127250E1,4.549357921E-1,-1.205725455E2
1.288132375E0,3.817105832E-1,-2.903260582E-1,5.416500340E-1,-6.903789710E-1,1.351206391E2,-7.583757491E1,7.240711985E-1,-1.226876437E2
1.298176375E0,3.704467326E-1,-2.815900597E-1,5.517745183E-1,-6.921135877E-1,1.365136579E2,-7.655299414E1,1.089918657E0,-1.245451300E2
1.308221375E0,3.636894864E-1,-2.732427815E-1,5.576999543E-1,-6.942904830E-1,1.373460926E2,-7.677962918E1,1.503584858E0,-1.258976230E2
1.318265375E0,3.605420440E-1,-2.658946576E-1,5.609545234E-1,-6.961605387E-1,1.377330229E2,-7.673854653E1,1.964750487E0,-1.267962414E2
1.328310375E0,3.594975292E-1,-2.597301225E-1,5.633470841E-1,-6.970953031E-1,1.378613184E2,-7.666917775E1,2.460491083E0,-1.273846765E2
1.338354375E0,3.595836668E-1,-2.550350901E-1,5.657731831E-1,-6.968195046E-1,1.378507404E2,-7.670172955E1,2.949671465E0,-1.277432697E2
1.348399375E0,3.603784300E-1,-2.523685959E-1,5.681391702E-1,-6.954533146E-1,1.377531230E2,-7.685330132E1,3.351941565E0,-1.278738647E2
1.358443375E0,3.616795243E-1,-2.521191393E-1,5.701191765E-1,-6.932445457E-1,1.375932455E2,-7.710051567E1,3.602865243E0,-1.277674604E2
1.368487375E0,3.632627601E-1,-2.543493714E-1,5.715006764E-1,-6.904589446E-1,1.373985819E2,-7.741821554E1,3.667958214E0,-1.274405899E2
1.378532375E0,3.648742343E-1,-2.588464822E-1,5.722522812E-1,-6.873082675E-1,1.372003139E2,-7.779232977E1,3.542308682E0,-1.269328510E2
1.388576375E0,3.663457178E-1,-2.651727980E-1,5.724274540E-1,-6.839598163E-1,1.370191521E2,-7.820861449E1,3.249129371E0,-1.262919460E2
1.398621375E0,3.676639974E-1,-2.727151767E-1,5.721636674E-1,-6.804986222E-1,1.368567562E2,-7.865290253E1,2.840935196E0,-1.255641480E2
1.408665375E0,3.689820769E-1,-2.807287783E-1,5.717482154E-1,-6.768659222E-1,1.366942940E2,-7.911978053E1,2.401293008E0,-1.247912468E2
1.418710375E0,3.703167517E-1,-2.884393546E-1,5.715398624E-1,-6.730605148E-1,1.365296930E2,-7.960690865E1,2.007326478E0,-1.240336678E2
1.428754375E0,3.714832922E-1,-2.951922807E-1,5.718458591E-1,-6.692189139E-1,1.363857503E2,-8.010845170E1,1.705709507E0,-1.233647496E2
1.438799375E0,3.721888936E-1,-3.004540618E-1,5.729420143E-1,-6.655375763E-1,1.362986490E2,-8.061967926E1,1.521861606E0,-1.228606035E2
1.448843375E0,3.721540909E-1,-3.038999039E-1,5.750361227E-1,-6.621779562E-1,1.363029457E2,-8.114080047E1,1.463060985E0,-1.225794039E2
1.458888375E0,3.713178026E-1,-3.056265127E-1,5.781398798E-1,-6.591432250E-1,1.364061749E2,-8.167754219E1,1.515304453E0,-1.225217033E2
1.468932375E0,3.698592160E-1,-3.060644501E-1,5.820584936E-1,-6.563052775E-1,1.365861299E2,-8.223438109E1,1.651261955E0,-1.226347316E2
1.478976375E0,3.680331301E-1,-3.057738792E-1,5.865235412E-1,-6.534860222E-1,1.368112673E2,-8.281639583E1,1.838494574E0,-1.228462794E2
1.489021375E0,3.660449684E-1,-3.052273610E-1,5.913254581E-1,-6.505239522E-1,1.370561880E2,-8.343016024E1,2.050939252E0,-1.230960579E2
1.499065375E0,3.640419183E-1,-3.047946393E-1,5.963213348E-1,-6.472825013E-1,1.373027348E2,-8.408326767E1,2.269245523E0,-1.233380993E2
1.509110375E0,3.620755887E-1,-3.046403292E-1,6.014482145E-1,-6.437044973E-1,1.375445603E2,-8.477919764E1,2.484133856E0,-1.235531545E2
1.519154375E0,3.601828264E-1,-3.046488007E-1,6.067161069E-1,-6.398069569E-1,1.377771511E2,-8.551163428E1,2.706777014E0,-1.237475460E2
1.529199375E0,3.582316276E-1,-3.046310674E-1,6.121680020E-1,-6.357045196E-1,1.380167323E2,-8.627394922E1,2.939714365E0,-1.239503871E2
1.539243375E0,3.559651808E-1,-3.045201685E-1,6.178385759E-1,-6.315313494E-1,1.382947807E2,-8.706723760E1,3.166055451E0,-1.241921723E2
1.549288375E0,3.531819715E-1,-3.042551491E-1,6.237781627E-1,-6.273693481E-1,1.386358746E2,-8.789546170E1,3.374017952E0,-1.244971013E2
1.559332375E0,3.497524297E-1,-3.037758341E-1,6.300196263E-1,-6.232727272E-1,1.390556533E2,-8.876044184E1,3.556420987E0,-1.248820191E2
1.569376375E0,3.455629066E-1,-3.030440067E-1,6.365814586E-1,-6.192855088E-1,1.395676771E2,-8.966372805E1,3.704825558E0,-1.253598967E2
1.579421375E0,3.406213993E-1,-3.021406417E-1,6.434383188E-1,-6.153658941E-1,1.401705248E2,-9.060890448E1,3.812043112E0,-1.259213495E2
1.589465375E0,3.352199224E-1,-3.013481019E-1,6.503623822E-1,-6.114291466E-1,1.408281763E2,-9.158310437E1,3.871719015E0,-1.265120391E2
1.599510375E0,3.331551905E-1,-3.027765534E-1,6.542703118E-1,-6.076712072E-1,1.410792100E2,-9.226825027E1,3.897394036E0,-1.265872598E2
1.609554375E0,3.388426548E-1,-3.085681836E-1,6.516743399E-1,-6.043937839E-1,1.403872439E2,-9.228565309E1,3.935689975E0,-1.255429818E2
1.619599375E0,3.484080085E-1,-3.166016680E-1,6.454906807E-1,-6.014290482E-1,1.392200546E2,-9.194099696E1,3.954333675E0,-1.239230480E2
1.629643375E0,3.564176588E-1,-3.241382937E-1,6.400426842E-1,-5.985366153E-1,1.382392911E2,-9.169100432E1,3.912201693E0,-1.224832465E2
1.639688375E0,3.580232641E-1,-3.288113782E-1,6.395568048E-1,-5.955413442E-1,1.380423051E2,-9.196994877E1,3.802123982E0,-1.219087640E2
1.649732375E0,3.523511307E-1,-3.299795413E-1,6.448309561E-1,-5.925834889E-1,1.387376233E2,-9.283651276E1,3.631142521E0,-1.223438006E2
1.659777375E0,3.429865962E-1,-3.288517338E-1,6.528295428E-1,-5.899410606E-1,1.398821231E2,-9.394408438E1,3.429325091E0,-1.233270559E2
1.669821375E0,3.331834078E-1,-3.265992587E-1,6.608432392E-1,-5.878843787E-1,1.410757806E2,-9.498528185E1,3.230833297E0,-1.244399696E2
1.679865375E0,3.243617141E-1,-3.241036595E-1,6.674305388E-1,-5.867561286E-1,1.421461817E2,-9.580560657E1,3.017341779E0,-1.254714396E2
1.689910375E0,3.168073235E-1,-3.218854077E-1,6.721519763E-1,-5.867151514E-1,1.430600904E2,-9.636868549E1,2.761307068E0,-1.263512677E2
1.699954375E0,3.105539851E-1,-3.200955364E-1,6.751744743E-1,-5.875666125E-1,1.438147613E2,-9.670471372E1,2.476025467E0,-1.270673154E2
1.709999375E0,3.056499675E-1,-3.186025896E-1,6.769467703E-1,-5.889088843E-1,1.444054565E2,-9.687005875E1,2.209972059E0,-1.276325553E2
1.720043375E0,3.019076540E-1,-3.171740011E-1,6.780596790E-1,-5.903284007E-1,1.448555653E2,-9.693840971E1,2.002847933E0,-1.280887850E2
1.730088375E0,2.989473225E-1,-3.158427718E-1,6.789957394E-1,-5.914715286E-1,1.452112243E2,-9.698718799E1,1.853492367E0,-1.284676814E2
1.740132375E0,2.965249008E-1,-3.150057354E-1,6.799096517E-1,-5.920871992E-1,1.455020007E2,-9.706917705E1,1.730512943E0,-1.287537306E2
1.750177375E0,2.945363177E-1,-3.147888056E-1,6.808261349E-1,-5.921420006E-1,1.457405299E2,-9.719706778E1,1.619205130E0,-1.289442361E2
1.760221375E0,2.925570174E-1,-3.147125409E-1,6.818834939E-1,-5.919471136E-1,1.459777938E2,-9.735766131E1,1.512396997E0,-1.291204454E2
1.770265375E0,2.901771007E-1,-3.142994807E-1,6.831619975E-1,-5.918638841E-1,1.462628818E2,-9.752900361E1,1.399927473E0,-1.293618280E2
1.780310375E0,2.874783432E-1,-3.135129784E-1,6.845172294E-1,-5.920320606E-1,1.465859036E2,-9.768587376E1,1.280569239E0,-1.296645036E2
1.790354375E0,2.848343133E-1,-3.124979137E-1,6.856928736E-1,-5.924861402E-1,1.469021101E2,-9.779836614E1,1.164121332E0,-1.299831001E2
1.800399375E0,2.825179858E-1,-3.114370143E-1,6.864675116E-1,-5.932562685E-1,1.471789128E2,-9.784445845E1,1.051718249E0,-1.302774921E2
1.810443375E0,2.806490891E-1,-3.104521267E-1,6.867296650E-1,-5.943551422E-1,1.474021036E2,-9.781498196E1,9.409807558E-1,-1.305264383E2
1.820488375E0,2.793983498E-1,-3.096511680E-1,6.864074102E-1,-5.957329121E-1,1.475514007E2,-9.770613397E1,8.378896137E-1,-1.307058100E2
1.830532375E0,2.789624671E-1,-3.091252596E-1,6.854076870E-1,-5.973591061E-1,1.476034175E2,-9.750978038E1,7.499349935E-1,-1.307908018E2
1.840577375E0,2.795229991E-1,-3.090654743E-1,6.835388325E-1,-5.992664407E-1,1.475365242E2,-9.720975683E1,6.706346491E-1,-1.307481829E2
1.850621375E0,2.812804068E-1,-3.096288934E-1,6.805963924E-1,-6.014980636E-1,1.473267235E2,-9.678646372E1,5.955717383E-1,-1.305459571E2
1.860666375E0,2.843095113E-1,-3.105975123E-1,6.765725485E-1,-6.041083760E-1,1.469648416E2,-9.622581605E1,5.410465754E-1,-1.301974282E2
1.870710375E0,2.886031372E-1,-3.116361370E-1,6.716573409E-1,-6.070152863E-1,1.464513073E2,-9.553682828E1,5.356679660E-1,-1.297329531E2
1.880754375E0,2.941868676E-1,-3.124553875E-1,6.660779411E-1,-6.100541268E-1,1.457824304E2,-9.473694163E1,6.115506081E-1,-1.291747374E2
1.890799375E0,3.010477845E-1,-3.128844319E-1,6.600268443E-1,-6.130564154E-1,1.449589073E2,-9.384574700E1,7.888515499E-1,-1.285359980E2
1.900843500E0,3.088917345E-1,-3.127907500E-1,6.536289000E-1,-6.160496003E-1,1.440150921E2,-9.287436451E1,1.054983561E0,-1.278502427E2
1.910888500E0,3.174298746E-1,-3.120571524E-1,6.469759251E-1,-6.190967858E-1,1.429848688E2,-9.182944956E1,1.395394073E0,-1.271494675E2
1.920932500E0,3.263486430E-1,-3.105288866E-1,6.401406546E-1,-6.223249920E-1,1.419053957E2,-9.071178011E1,1.794699539E0,-1.264718963E2
1.930977500E0,3.352760199E-1,-3.079759256E-1,6.333131601E-1,-6.258236862E-1,1.408213531E2,-8.953379100E1,2.246121387E0,-1.258688478E2
1.941021500E0,3.438304287E-1,-3.041050747E-1,6.268614049E-1,-6.295597199E-1,1.397791657E2,-8.832881112E1,2.760629848E0,-1.253994720E2
1.951066500E0,3.514102760E-1,-2.987738356E-1,6.211035553E-1,-6.336208321E-1,1.388528036E2,-8.713326692E1,3.319608616E0,-1.251315428E2
1.961110500E0,3.573862566E-1,-2.919886776E-1,6.162471636E-1,-6.381670652E-1,1.381204728E2,-8.597880704E1,3.887717700E0,-1.251248086E2
1.971154500E0,3.612529455E-1,-2.840385914E-1,6.123839940E-1,-6.432763063E-1,1.376456727E2,-8.490083119E1,4.417321531E0,-1.254053962E2
1.981199500E0,3.627999666E-1,-2.753600706E-1,6.093973630E-1,-6.489899228E-1,1.374554971E2,-8.391493390E1,4.862618776E0,-1.259599497E2
1.991243500E0,3.626008438E-1,-2.664968728E-1,6.065798988E-1,-6.554089089E-1,1.374799822E2,-8.295873047E1,5.196049645E0,-1.266878571E2
2.001288500E0,3.622227339E-1,-2.581955347E-1,6.024248202E-1,-6.627322294E-1,1.375264708E2,-8.186720888E1,5.404984684E0,-1.273698773E2
2.011332500E0,3.633645026E-1,-2.510822636E-1,5.955627021E-1,-6.709910624E-1,1.373860680E2,-8.048610552E1,5.501095262E0,-1.277827841E2
2.021377500E0,3.661148163E-1,-2.455014518E-1,5.859992239E-1,-6.799219164E-1,1.370475870E2,-7.884010025E1,5.465269334E0,-1.278916232E2
2.031421500E0,3.693536751E-1,-2.414691259E-1,5.751451987E-1,-6.888240473E-1,1.366484754E2,-7.712938232E1,5.290443369E0,-1.278178412E2
2.041466500E0,3.722953882E-1,-2.389602293E-1,5.644318702E-1,-6.969296133E-1,1.362855007E2,-7.554734628E1,5.002191381E0,-1.276557022E2
2.051510500E0,3.747166719E-1,-2.378000636E-1,5.548258764E-1,-7.037094080E-1,1.359863950E2,-7.420861244E1,4.652988105E0,-1.274508971E2
2.061555500E0,3.765904260E-1,-2.377140946E-1,5.468913002E-1,-7.089298958E-1,1.357547099E2,-7.316500019E1,4.293339094E0,-1.272318061E2
2.071599500E0,3.781158047E-1,-2.384880687E-1,5.407479018E-1,-7.125613526E-1,1.355659600E2,-7.241312242E1,3.959762726E0,-1.269946420E2
2.081643500E0,3.796727409E-1,-2.399293224E-1,5.361602173E-1,-7.147131705E-1,1.353731741E2,-7.190627462E1,3.679172038E0,-1.267123022E2
2.091688500E0,3.815774940E-1,-2.418575196E-1,5.326410608E-1,-7.156793764E-1,1.351371389E2,-7.156840148E1,3.457193672E0,-1.263620759E2
2.101732500E0,3.839752177E-1,-2.440958966E-1,5.296579490E-1,-7.158510932E-1,1.348397295E2,-7.131983213E1,3.283609092E0,-1.259390390E2
2.111777500E0,3.867239192E-1,-2.464961807E-1,5.268347634E-1,-7.156322141E-1,1.344983899E2,-7.110384167E1,3.134381408E0,-1.254671852E2
2.121821500E0,3.895418048E-1,-2.489924121E-1,5.239807896E-1,-7.153350472E-1,1.341480157E2,-7.089280070E1,2.980658741E0,-1.249803632E2
2.131866500E0,3.921440882E-1,-2.514946073E-1,5.210894947E-1,-7.151498856E-1,1.338240464E2,-7.068088108E1,2.806991611E0,-1.245153474E2
2.141910500E0,3.943082551E-1,-2.538505739E-1,5.182764033E-1,-7.151715385E-1,1.335543226E2,-7.047324163E1,2.615195069E0,-1.241073797E2
2.151955500E0,3.959073276E-1,-2.559412789E-1,5.157606052E-1,-7.153617683E-1,1.333548524E2,-7.028932613E1,2.418920921E0,-1.237795053E2
2.161999500E0,3.969430232E-1,-2.576573932E-1,5.137988591E-1,-7.155833975E-1,1.332255787E2,-7.015315600E1,2.243533412E0,-1.235401568E2
2.172043500E0,3.974646748E-1,-2.589100818E-1,5.126554151E-1,-7.156617485E-1,1.331604431E2,-7.009068364E1,2.117030854E0,-1.233910510E2
2.182088500E0,3.975008262E-1,-2.596903359E-1,5.125532195E-1,-7.154322273E-1,1.331559285E2,-7.012803977E1,2.057302415E0,-1.233301306E2
2.192132500E0,3.971087973E-1,-2.600582779E-1,5.136327689E-1,-7.147417566E-1,1.332048812E2,-7.028613624E1,2.073824413E0,-1.233470345E2
2.202177500E0,3.963157201E-1,-2.602019249E-1,5.159402983E-1,-7.134664351E-1,1.333038851E2,-7.058324327E1,2.158259237E0,-1.234252298E2
2.212221500E0,3.951137657E-1,-2.604187283E-1,5.193729906E-1,-7.115609023E-1,1.334538609E2,-7.102682959E1,2.281849840E0,-1.235436824E2
2.222266500E0,3.935474097E-1,-2.609895863E-1,5.237348311E-1,-7.090181092E-1,1.336491790E2,-7.161185547E1,2.414946343E0,-1.236764338E2
2.232310500E0,3.916946026E-1,-2.621442203E-1,5.288324292E-1,-7.058272029E-1,1.338800326E2,-7.233023483E1,2.534708077E0,-1.237972521E2
2.242355500E0,3.896804996E-1,-2.639438802E-1,5.345138350E-1,-7.019813767E-1,1.341307588E2,-7.316815543E1,2.637216467E0,-1.238869579E2
2.252399500E0,3.875877716E-1,-2.663817909E-1,5.406016417E-1,-6.975430291E-1,1.343910269E2,-7.410415099E1,2.718882760E0,-1.239356404E2
2.262444500E0,3.854965292E-1,-2.694765180E-1,5.467381701E-1,-6.927136746E-1,1.346508623E2,-7.509492389E1,2.762222000E0,-1.239312862E2
2.272488500E0,3.835348147E-1,-2.731894552E-1,5.522254685E-1,-6.879794350E-1,1.348943803E2,-7.604832041E1,2.733927488E0,-1.238604075E2
2.282532500E0,3.822551310E-1,-2.773066122E-1,5.557244156E-1,-6.842165854E-1,1.350531184E2,-7.677482923E1,2.601058987E0,-1.236787152E2
2.292577500E0,3.830441727E-1,-2.814148341E-1,5.552306231E-1,-6.824966884E-1,1.349552527E2,-7.698296163E1,2.362764024E0,-1.232732160E2
2.302621500E0,3.867160483E-1,-2.854603310E-1,5.503169012E-1,-6.827257566E-1,1.344993679E2,-7.661600217E1,2.054523391E0,-1.225661026E2
2.312666500E0,3.927618135E-1,-2.892458240E-1,5.427537019E-1,-6.837349523E-1,1.337470860E2,-7.589933901E1,1.765613799E0,-1.216277968E2
2.322710500E0,3.998803530E-1,-2.934640070E-1,5.352786633E-1,-6.837040797E-1,1.328586020E2,-7.523809609E1,1.536270398E0,-1.205394650E2
2.332755500E0,4.085136924E-1,-3.001650082E-1,5.287960670E-1,-6.807292919E-1,1.317769972E2,-7.489299269E1,1.339619493E0,-1.190890310E2
2.342799500E0,4.196284485E-1,-3.083897760E-1,5.208668329E-1,-6.763914119E-1,1.303777358E2,-7.449989032E1,1.143510020E0,-1.172392062E2
2.352844500E0,4.310762385E-1,-3.146479508E-1,5.111542181E-1,-6.737146339E-1,1.289282393E2,-7.377111777E1,9.584321938E-1,-1.154929631E2
2.362888500E0,4.394633560E-1,-3.162327988E-1,5.025423947E-1,-6.740325265E-1,1.278607077E2,-7.284660693E1,8.821348889E-1,-1.144429194E2
2.372932500E0,4.424348774E-1,-3.132313847E-1,4.974941822E-1,-6.772274262E-1,1.274813212E2,-7.201243275E1,9.144672082E-1,-1.143511244E2
2.382977500E0,4.395370919E-1,-3.077283445E-1,4.975745246E-1,-6.815644423E-1,1.278513010E2,-7.160921490E1,1.027455723E0,-1.151056778E2
2.393021500E0,4.316345052E-1,-3.014206893E-1,5.031072678E-1,-6.853614203E-1,1.288573305E2,-7.181253184E1,1.212050250E0,-1.164728794E2
2.403066500E0,4.197682075E-1,-2.944806944E-1,5.136754321E-1,-6.879050036E-1,1.303600913E2,-7.260610080E1,1.495575032E0,-1.183146345E2
2.413110500E0,4.049174282E-1,-2.861495584E-1,5.283141811E-1,-6.892346524E-1,1.322280943E2,-7.384956352E1,1.913969441E0,-1.205709095E2
2.423155500E0,3.885671906E-1,-2.761261528E-1,5.454632701E-1,-6.893763080E-1,1.342692497E2,-7.536359897E1,2.475294727E0,-1.230963953E2
2.433199500E0,3.728362271E-1,-2.649200328E-1,5.630098777E-1,-6.883533091E-1,1.362187171E2,-7.693725645E1,3.158814837E0,-1.256269920E2
2.443244500E0,3.599029187E-1,-2.537498008E-1,5.778996533E-1,-6.871047930E-1,1.378115319E2,-7.824380689E1,3.857207718E0,-1.278467632E2
2.453288500E0,3.517374409E-1,-2.442274053E-1,5.874271065E-1,-6.867045982E-1,1.388127567E2,-7.898042655E1,4.463043194E0,-1.294343472E2
2.463333500E0,3.488887776E-1,-2.373944423E-1,5.913150163E-1,-6.872169774E-1,1.391612743E2,-7.912393777E1,4.952127791E0,-1.302597213E2
2.473377500E0,3.498229203E-1,-2.330011602E-1,5.913998789E-1,-6.881718564E-1,1.390470310E2,-7.888667896E1,5.340867310E0,-1.305030424E2
2.483421500E0,3.522725373E-1,-2.304870375E-1,5.897512417E-1,-6.891830858E-1,1.387472464E2,-7.851607300E1,5.613120328E0,-1.304413995E2
2.493466500E0,3.552591262E-1,-2.299228176E-1,5.871579883E-1,-6.900520905E-1,1.383813471E2,-7.812420250E1,5.731628457E0,-1.301715129E2
2.503510500E0,3.585508056E-1,-2.314998789E-1,5.838964017E-1,-6.905897052E-1,1.379775546E2,-7.776121649E1,5.679872202E0,-1.297049806E2
2.513555500E0,3.621254906E-1,-2.352230683E-1,5.802725946E-1,-6.905207108E-1,1.375384256E2,-7.747314775E1,5.474929520E0,-1.290460025E2
2.523599500E0,3.659529829E-1,-2.408786485E-1,5.767422271E-1,-6.895100610E-1,1.370675147E2,-7.731552843E1,5.160418451E0,-1.282153577E2
2.533644500E0,3.697501927E-1,-2.480307685E-1,5.737913049E-1,-6.874074917E-1,1.365995763E2,-7.733495733E1,4.779567493E0,-1.272746992E2
2.543688500E0,3.730580249E-1,-2.561618755E-1,5.717142556E-1,-6.843621501E-1,1.361913247E2,-7.754511782E1,4.355820380E0,-1.263081518E2
2.553733500E0,3.756987673E-1,-2.648276047E-1,5.705341438E-1,-6.805934737E-1,1.358649850E2,-7.792443046E1,3.911645455E0,-1.253649040E2
2.563777500E0,3.778171838E-1,-2.735477455E-1,5.701815854E-1,-6.762535811E-1,1.356029212E2,-7.843374290E1,3.489953239E0,-1.244648984E2
2.573821500E0,3.795878572E-1,-2.817869276E-1,5.706249070E-1,-6.714882056E-1,1.353836882E2,-7.903249337E1,3.139739764E0,-1.236315252E2
2.583866500E0,3.812109112E-1,-2.890413907E-1,5.719211966E-1,-6.663629170E-1,1.351825811E2,-7.969117372E1,2.913730409E0,-1.228859585E2
2.593910500E0,3.827975293E-1,-2.949826423E-1,5.741027385E-1,-6.609518938E-1,1.349858478E2,-8.038725741E1,2.842552322E0,-1.222462502E2
2.603955500E0,3.842997273E-1,-2.995784294E-1,5.770432293E-1,-6.554293923E-1,1.347994533E2,-8.109784052E1,2.912458111E0,-1.217229399E2
2.613999500E0,3.855803277E-1,-3.030772079E-1,5.805719321E-1,-6.499294709E-1,1.346404551E2,-8.181517865E1,3.081512402E0,-1.213118326E2
2.624044500E0,3.864780661E-1,-3.057777356E-1,5.845510898E-1,-6.445422502E-1,1.345289378E2,-8.254104200E1,3.305451176E0,-1.210059020E2
2.634088500E0,3.867833041E-1,-3.079444314E-1,5.888898444E-1,-6.393573343E-1,1.344910107E2,-8.328208074E1,3.541555912E0,-1.208048782E2
2.644133500E0,3.863722670E-1,-3.097021551E-1,5.935916310E-1,-6.343895907E-1,1.345420825E2,-8.404821812E1,3.769976898E0,-1.207109604E2
2.654177500E0,3.852490113E-1,-3.111416386E-1,5.986704948E-1,-6.295773056E-1,1.346815999E2,-8.484869537E1,3.985212149E0,-1.207160029E2
2.664222500E0,3.834645770E-1,-3.123072308E-1,6.041369621E-1,-6.248501362E-1,1.349030953E2,-8.568922745E1,4.188603182E0,-1.208109073E2
2.674266500E0,3.810655678E-1,-3.132061704E-1,6.100031818E-1,-6.201508574E-1,1.352005960E2,-8.657333918E1,4.383521440E0,-1.209899735E2
2.684310500E0,3.780811600E-1,-3.138420926E-1,6.162652657E-1,-6.154469214E-1,1.355702483E2,-8.750230924E1,4.570762887E0,-1.212494743E2
2.694355500E0,3.745267793E-1,-3.141952621E-1,6.229327496E-1,-6.107092468E-1,1.360098641E2,-8.847784047E1,4.752177941E0,-1.215890240E2
2.704399500E0,3.703939647E-1,-3.142542782E-1,6.299936006E-1,-6.059378653E-1,1.365201677E2,-8.949940715E1,4.925165007E0,-1.220096686E2
2.714444500E0,3.657237778E-1,-3.140486332E-1,6.373397647E-1,-6.011801394E-1,1.370957360E2,-9.055549997E1,5.081978937E0,-1.225035216E2
2.724488500E0,3.617416276E-1,-3.144649914E-1,6.434779158E-1,-5.968172979E-1,1.375856122E2,-9.149043816E1,5.174491970E0,-1.228690790E2
2.734533500E0,3.617341676E-1,-3.173954828E-1,6.450577272E-1,-5.935562698E-1,1.375865291E2,-9.193786275E1,5.157548279E0,-1.226155413E2
2.744577500E0,3.654411726E-1,-3.222206858E-1,6.427672356E-1,-5.911655951E-1,1.371305285E2,-9.195339040E1,5.095476411E0,-1.218257048E2
2.754622500E0,3.692598878E-1,-3.268284427E-1,6.401952558E-1,-5.890502870E-1,1.366600402E2,-9.191762991E1,5.034759208E0,-1.210409153E2
2.764666500E0,3.685715244E-1,-3.293384035E-1,6.410256857E-1,-5.871774707E-1,1.367449071E2,-9.222929719E1,4.920157504E0,-1.208821493E2
2.774710500E0,3.620362236E-1,-3.292661638E-1,6.458941525E-1,-5.859472990E-1,1.375493995E2,-9.294418419E1,4.692550162E0,-1.215188725E2
2.784755500E0,3.524088929E-1,-3.273251644E-1,6.524955817E-1,-5.855900412E-1,1.387305505E2,-9.378300961E1,4.389354659E0,-1.226096742E2
2.794799500E0,3.427545883E-1,-3.244157991E-1,6.586249663E-1,-5.860774063E-1,1.399104248E2,-9.448877056E1,4.084517814E0,-1.237768171E2
2.804844500E0,3.343391903E-1,-3.213452326E-1,6.633131289E-1,-5.873415800E-1,1.409352811E2,-9.497284043E1,3.787965299E0,-1.248309284E2
2.814888500E0,3.269785803E-1,-3.185744461E-1,6.666168201E-1,-5.892515065E-1,1.418290203E2,-9.527313295E1,3.468392161E0,-1.257507881E2
2.824933500E0,3.204030819E-1,-3.162125261E-1,6.689394592E-1,-5.914992823E-1,1.426253934E2,-9.545606661E1,3.128848129E0,-1.265547559E2
2.834977500E0,3.146462650E-1,-3.142930322E-1,6.706649933E-1,-5.936548196E-1,1.433210791E2,-9.558138520E1,2.801810066E0,-1.272402559E2
2.845022500E0,3.101133609E-1,-3.131160393E-1,6.720079605E-1,-5.951413495E-1,1.438678755E2,-9.570285872E1,2.527603168E0,-1.277466870E2
2.855066500E0,3.072493666E-1,-3.130649363E-1,6.730376291E-1,-5.954901041E-1,1.442129150E2,-9.585799658E1,2.334109419E0,-1.280018636E2
2.865111500E0,3.057596230E-1,-3.139464798E-1,6.739080458E-1,-5.948080206E-1,1.443922590E2,-9.605641559E1,2.213999870E0,-1.280506179E2
2.875155500E0,3.046870806E-1,-3.150682814E-1,6.748862531E-1,-5.936550409E-1,1.445213222E2,-9.628964536E1,2.130432689E0,-1.280407276E2
2.885199500E0,3.031183643E-1,-3.157709536E-1,6.761520915E-1,-5.926434428E-1,1.447100081E2,-9.653777160E1,2.041827022E0,-1.281125142E2
2.895244125E0,3.008302330E-1,-3.158975838E-1,6.775805957E-1,-5.921100955E-1,1.449850487E2,-9.676976635E1,1.924420544E0,-1.282992873E2
2.905288125E0,2.984781649E-1,-3.158130162E-1,6.786892475E-1,-5.920758090E-1,1.452675578E2,-9.693669545E1,1.786619986E0,-1.285097989E2
2.915333125E0,2.969487190E-1,-3.158888594E-1,6.789860667E-1,-5.924640026E-1,1.454511441E2,-9.698830069E1,1.658516385E0,-1.286332414E2
2.925377125E0,2.964562014E-1,-3.160664873E-1,6.783468465E-1,-5.933474743E-1,1.455102437E2,-9.690071065E1,1.554381930E0,-1.286573265E2
2.935422125E0,2.965455738E-1,-3.159807606E-1,6.771233235E-1,-5.947443683E-1,1.454995202E2,-9.670274670E1,1.474973076E0,-1.286558212E2
2.945466125E0,2.969920038E-1,-3.155092428E-1,6.757009306E-1,-5.963874948E-1,1.454459497E2,-9.644623396E1,1.433920006E0,-1.286598106E2
2.955511125E0,2.979239233E-1,-3.147863189E-1,6.742084475E-1,-5.979914669E-1,1.453340965E2,-9.616137467E1,1.446676554E0,-1.286455563E2
2.965555125E0,2.996598045E-1,-3.141379318E-1,6.724761277E-1,-5.994140706E-1,1.451256573E2,-9.584566246E1,1.514546054E0,-1.285546241E2
2.975599125E0,3.025061497E-1,-3.138302809E-1,6.701602216E-1,-6.007379031E-1,1.447836187E2,-9.546552053E1,1.627171737E0,-1.283344985E2
2.985644125E0,3.065450506E-1,-3.138213036E-1,6.670380252E-1,-6.021682301E-1,1.442977160E2,-9.498465043E1,1.776910778E0,-1.279801580E2
2.995688125E0,3.116497610E-1,-3.139239839E-1,6.630663485E-1,-6.038784966E-1,1.436826382E2,-9.438483217E1,1.956747678E0,-1.275177734E2
3.005733125E0,3.176900050E-1,-3.139373444E-1,6.583244487E-1,-6.059087840E-1,1.429534329E2,-9.366606678E1,2.169243988E0,-1.269748186E2
3.015777125E0,3.246581961E-1,-3.138345483E-1,6.529457944E-1,-6.080845202E-1,1.421102636E2,-9.284906858E1,2.423907355E0,-1.263517083E2
3.025822125E0,3.324947072E-1,-3.137171904E-1,6.470654872E-1,-6.101927267E-1,1.411594716E2,-9.196350998E1,2.718891660E0,-1.256416356E2
3.035866125E0,3.409692267E-1,-3.135530389E-1,6.408015698E-1,-6.122074619E-1,1.401281288E2,-9.102619673E1,3.042013506E0,-1.248656900E2
3.045911125E0,3.497898456E-1,-3.128546446E-1,6.343811086E-1,-6.142716881E-1,1.390510766E2,-9.003643804E1,3.407936012E0,-1.240924157E2
3.055955125E0,3.585990111E-1,-3.111853133E-1,6.280857814E-1,-6.165053341E-1,1.379716372E2,-8.900399507E1,3.828319210E0,-1.233923414E2
3.066000125E0,3.668120516E-1,-3.084649976E-1,6.221311798E-1,-6.190727832E-1,1.369617158E2,-8.795390752E1,4.271681600E0,-1.228268809E2
3.076044125E0,3.738125377E-1,-3.046934869E-1,6.167377740E-1,-6.221419377E-1,1.360981212E2,-8.691750576E1,4.701432831E0,-1.224564101E2
3.086088125E0,3.791868826E-1,-2.998884827E-1,6.120764274E-1,-6.258167742E-1,1.354333492E2,-8.592053604E1,5.096429077E0,-1.223223616E2
3.096133125E0,3.825723914E-1,-2.941028795E-1,6.082507790E-1,-6.302165469E-1,1.350137724E2,-8.498238204E1,5.434220599E0,-1.224589973E2
3.106177125E0,3.840206098E-1,-2.873648207E-1,6.050822211E-1,-6.354724591E-1,1.348340961E2,-8.408196644E1,5.710564898E0,-1.228602723E2
3.116222125E0,3.845187645E-1,-2.799010985E-1,6.015765516E-1,-6.417993122E-1,1.347722643E2,-8.309834076E1,5.932357849E0,-1.234047405E2
3.126266125E0,3.858358746E-1,-2.720069305E-1,5.961869601E-1,-6.493873254E-1,1.346087156E2,-8.183881434E1,6.130013672E0,-1.238812346E2
3.136311125E0,3.889448369E-1,-2.640494791E-1,5.880348745E-1,-6.581904955E-1,1.342222800E2,-8.021134554E1,6.305893005E0,-1.241524065E2
3.146355125E0,3.935586102E-1,-2.565155297E-1,5.773183956E-1,-6.678434304E-1,1.336477829E2,-7.828290172E1,6.418674595E0,-1.242043780E2
3.156400125E0,3.986941089E-1,-2.498681920E-1,5.649478108E-1,-6.778221288E-1,1.330068675E2,-7.621422707E1,6.416225334E0,-1.241062968E2
3.166444125E0,4.030497644E-1,-2.443967513E-1,5.522671096E-1,-6.876207337E-1,1.324620541E2,-7.420677495E1,6.262152328E0,-1.239851254E2
3.176489125E0,4.056997580E-1,-2.402656437E-1,5.407974770E-1,-6.965760434E-1,1.321300300E2,-7.246687959E1,5.973946738E0,-1.239447128E2
3.186533125E0,4.069265474E-1,-2.375070587E-1,5.314442378E-1,-7.039660086E-1,1.319761780E2,-7.110239840E1,5.631137611E0,-1.239658345E2
3.196577125E0,4.074174528E-1,-2.360015100E-1,5.244851820E-1,-7.093868730E-1,1.319145877E2,-7.012949186E1,5.309523234E0,-1.239885603E2
3.206622125E0,4.078472453E-1,-2.356868733E-1,5.195589425E-1,-7.128609745E-1,1.318606527E2,-6.948987992E1,5.035756442E0,-1.239438283E2
3.216666125E0,4.086790239E-1,-2.365481020E-1,5.159123971E-1,-7.147453917E-1,1.317562397E2,-6.908351587E1,4.792178946E0,-1.237793895E2
3.226711125E0,4.101334274E-1,-2.384809248E-1,5.127574842E-1,-7.155398598E-1,1.315735664E2,-6.880444958E1,4.549063905E0,-1.234749627E2
3.236755125E0,4.121901514E-1,-2.412357588E-1,5.095628058E-1,-7.157166658E-1,1.313150177E2,-6.857244773E1,4.287469048E0,-1.230475802E2
3.246800125E0,4.145410394E-1,-2.445027085E-1,5.062018686E-1,-7.156351328E-1,1.310191662E2,-6.835503321E1,3.998677099E0,-1.225515301E2
3.256844125E0,4.167590068E-1,-2.479614686E-1,5.028056545E-1,-7.155512289E-1,1.307397231E2,-6.815037541E1,3.683177142E0,-1.220561696E2
3.266889125E0,4.185949446E-1,-2.513020594E-1,4.996259803E-1,-7.155413455E-1,1.305081756E2,-6.797025202E1,3.362200240E0,-1.216112605E2
3.276933125E0,4.199789523E-1,-2.541929644E-1,4.970100413E-1,-7.155309879E-1,1.303334827E2,-6.783480268E1,3.078357383E0,-1.212488256E2
3.286977125E0,4.209902448E-1,-2.564146302E-1,4.952690182E-1,-7.153511684E-1,1.302057568E2,-6.776560665E1,2.874809434E0,-1.209764131E2
3.297022125E0,4.216305819E-1,-2.580185285E-1,4.946155313E-1,-7.148493258E-1,1.301248484E2,-6.778994851E1,2.762803104E0,-1.207906835E2
3.307066125E0,4.217954709E-1,-2.592220739E-1,4.951746514E-1,-7.139289124E-1,1.301040099E2,-6.793627168E1,2.727884661E0,-1.206880278E2
3.317111125E0,4.214603086E-1,-2.602782107E-1,4.969823930E-1,-7.124851405E-1,1.301463655E2,-6.822543829E1,2.752860174E0,-1.206532676E2
3.327155125E0,4.206416693E-1,-2.613937956E-1,5.000283879E-1,-7.104263302E-1,1.302497892E2,-6.867046794E1,2.823732517E0,-1.206696375E2
3.337200125E0,4.192955833E-1,-2.627046785E-1,5.042686664E-1,-7.077362654E-1,1.304197546E2,-6.927642912E1,2.924729455E0,-1.207318371E2
3.347244125E0,4.174088585E-1,-2.642546183E-1,5.096550863E-1,-7.044083292E-1,1.306577887E2,-7.004235411E1,3.048587515E0,-1.208374502E2
3.357289125E0,4.150276564E-1,-2.661513319E-1,5.160710800E-1,-7.004186137E-1,1.309578837E2,-7.096343323E1,3.183435473E0,-1.209724103E2
3.367333125E0,4.122769634E-1,-2.685755449E-1,5.232788549E-1,-6.957543273E-1,1.313040989E2,-7.202464866E1,3.310468885E0,-1.211079319E2
3.377378125E0,4.092511358E-1,-2.715913415E-1,5.309963433E-1,-6.905031040E-1,1.316843980E2,-7.319740777E1,3.414120345E0,-1.212265564E2
3.387422125E0,4.060456045E-1,-2.752448200E-1,5.388016657E-1,-6.848796291E-1,1.320866666E2,-7.443340219E1,3.470634086E0,-1.213113084E2
3.397466125E0,4.029002485E-1,-2.795493514E-1,5.459157271E-1,-6.793375925E-1,1.324807747E2,-7.563462073E1,3.444542323E0,-1.213313454E2
3.407511125E0,4.004532551E-1,-2.844248356E-1,5.510445560E-1,-6.746032686E-1,1.327869666E2,-7.662704784E1,3.301337083E0,-1.212209388E2
3.417555125E0,4.000692657E-1,-2.896568716E-1,5.524094290E-1,-6.714813145E-1,1.328349826E2,-7.716184512E1,3.038427713E0,-1.208510295E2
3.427600125E0,4.025355623E-1,-2.949323400E-1,5.496204561E-1,-6.699979667E-1,1.325264306E2,-7.716683560E1,2.709692167E0,-1.201669818E2
3.437644125E0,4.076905960E-1,-2.999420830E-1,5.438380771E-1,-6.693752365E-1,1.318803120E2,-7.677647651E1,2.400692762E0,-1.192141051E2
3.447689125E0,4.144466621E-1,-3.044776423E-1,5.373621611E-1,-6.684079558E-1,1.310310500E2,-7.627598146E1,2.199859059E0,-1.181253434E2
3.457733125E0,4.214113551E-1,-3.092848592E-1,5.326542422E-1,-6.656085516E-1,1.301525513E2,-7.603011643E1,2.132341975E0,-1.169893492E2
3.467778125E0,4.286623621E-1,-3.163321073E-1,5.299211456E-1,-6.598228219E-1,1.292345996E2,-7.620803698E1,2.112871822E0,-1.156364450E2
3.477822125E0,4.373917541E-1,-3.245643562E-1,5.260848973E-1,-6.531317357E-1,1.281248343E2,-7.635294056E1,2.077073376E0,-1.140140204E2
3.487867125E0,4.463589598E-1,-3.307541372E-1,5.203825024E-1,-6.485116404E-1,1.269793651E2,-7.612767450E1,2.037808438E0,-1.125179490E2
3.497911125E0,4.532006050E-1,-3.327985333E-1,5.146579278E-1,-6.472879171E-1,1.261015647E2,-7.558739652E1,2.043235544E0,-1.115887974E2
3.507955125E0,4.559869964E-1,-3.303290335E-1,5.108005112E-1,-6.496470659E-1,1.257430854E2,-7.492365810E1,2.099913894E0,-1.114791671E2
3.518000125E0,4.536902144E-1,-3.241940224E-1,5.099667939E-1,-6.549788425E-1,1.260386161E2,-7.434408344E1,2.180827889E0,-1.122346664E2
3.528044125E0,4.463428070E-1,-3.155339935E-1,5.127748171E-1,-6.620259114E-1,1.269814336E2,-7.402484815E1,2.290340816E0,-1.137504843E2
3.538089125E0,4.350618237E-1,-3.052663258E-1,5.194267910E-1,-6.691258431E-1,1.284215442E2,-7.408115599E1,2.489847382E0,-1.158157359E2
3.548133125E0,4.216338693E-1,-2.938297890E-1,5.298599799E-1,-6.746386193E-1,1.301244329E2,-7.456395393E1,2.886405909E0,-1.181887081E2
3.558178125E0,4.074982694E-1,-2.811828895E-1,5.434046073E-1,-6.779327010E-1,1.319044468E2,-7.541749914E1,3.533189944E0,-1.207126947E2
3.568222125E0,3.937234255E-1,-2.676299698E-1,5.587577032E-1,-6.790772303E-1,1.336272377E2,-7.652559056E1,4.387939799E0,-1.232517867E2
3.578267125E0,3.807623423E-1,-2.539833997E-1,5.747628109E-1,-6.783511244E-1,1.352381762E2,-7.780743972E1,5.342906450E0,-1.257013566E2
3.588311125E0,3.685444240E-1,-2.409953848E-1,5.904969459E-1,-6.763206262E-1,1.367482478E2,-7.918768657E1,6.273144604E0,-1.280159038E2
3.598356125E0,3.578180195E-1,-2.299818864E-1,6.042635607E-1,-6.737508802E-1,1.380674931E2,-8.049158022E1,7.038241671E0,-1.300154773E2
3.608400125E0,3.501952667E-1,-2.223119397E-1,6.141155341E-1,-6.714184631E-1,1.390014821E2,-8.147925461E1,7.561599026E0,-1.314246811E2
3.618444125E0,3.452455935E-1,-2.170927479E-1,6.203416983E-1,-6.699644284E-1,1.396064232E2,-8.210269503E1,7.900410236E0,-1.323569440E2
3.628489125E0,3.423646562E-1,-2.134527564E-1,6.234688470E-1,-6.697095559E-1,1.399579853E2,-8.236998596E1,8.105987688E0,-1.329418018E2
3.638533125E0,3.413894729E-1,-2.112250848E-1,6.239521449E-1,-6.704632153E-1,1.400768982E2,-8.232792039E1,8.208981661E0,-1.332112181E2
3.648578125E0,3.419449684E-1,-2.104634491E-1,6.225052014E-1,-6.717632770E-1,1.400091671E2,-8.207942123E1,8.219269905E0,-1.332033233E2
3.658622125E0,3.436152269E-1,-2.112137472E-1,6.200311814E-1,-6.729626288E-1,1.398054261E2,-8.175830284E1,8.153545550E0,-1.329628364E2
3.668667125E0,3.460050165E-1,-2.135214769E-1,6.172976843E-1,-6.735225286E-1,1.395136844E2,-8.148003353E1,8.021989269E0,-1.325313114E2
3.678711125E0,3.487704714E-1,-2.174289744E-1,6.148078382E-1,-6.731234506E-1,1.391757398E2,-8.132226683E1,7.824577883E0,-1.319429779E2
3.688756125E0,3.516845466E-1,-2.228370051E-1,6.128219630E-1,-6.716479316E-1,1.388192316E2,-8.132089650E1,7.568071142E0,-1.312285574E2
3.698800125E0,3.545464020E-1,-2.295365417E-1,6.114052810E-1,-6.691736587E-1,1.384687061E2,-8.147849818E1,7.258346102E0,-1.304222566E2
3.708845125E0,3.572371411E-1,-2.371546689E-1,6.105410177E-1,-6.658669855E-1,1.381387679E2,-8.177649351E1,6.914549148E0,-1.295618530E2
3.718889125E0,3.597198117E-1,-2.453248355E-1,6.102192687E-1,-6.618533728E-1,1.378340206E2,-8.219593363E1,6.561970343E0,-1.286769644E2
3.728933125E0,3.620438943E-1,-2.537433313E-1,6.104409611E-1,-6.571912359E-1,1.375484565E2,-8.272104594E1,6.228684830E0,-1.277845454E2
3.738978125E0,3.643139657E-1,-2.621338311E-1,6.112172323E-1,-6.519007527E-1,1.372692618E2,-8.333737940E1,5.945329576E0,-1.268950735E2
3.749022125E0,3.665973555E-1,-2.703030599E-1,6.125375350E-1,-6.460188650E-1,1.369881604E2,-8.403114095E1,5.731542266E0,-1.260169759E2
3.759067125E0,3.688975935E-1,-2.781843836E-1,6.143575729E-1,-6.396036616E-1,1.367047098E2,-8.479104462E1,5.590308655E0,-1.251552998E2
3.769111125E0,3.710921694E-1,-2.857492582E-1,6.166294355E-1,-6.327765570E-1,1.364340201E2,-8.560770893E1,5.510136185E0,-1.243246617E2
3.779156125E0,3.730179011E-1,-2.929954078E-1,6.193077729E-1,-6.256751081E-1,1.361962802E2,-8.647387940E1,5.473531363E0,-1.235415939E2
3.789200125E0,3.745380536E-1,-2.999596055E-1,6.223148452E-1,-6.184414444E-1,1.360084708E2,-8.738042518E1,5.459739074E0,-1.228164655E2
3.799245125E0,3.758897452E-1,-3.067221201E-1,6.252221664E-1,-6.113311447E-1,1.358413696E2,-8.827089083E1,5.451989311E0,-1.221178275E2
3.809289125E0,3.794102187E-1,-3.134511489E-1,6.253992359E-1,-6.055346570E-1,1.354056899E2,-8.877694091E1,5.448709872E0,-1.211936998E2
3.819334125E0,3.861632291E-1,-3.198554047E-1,6.214537429E-1,-6.019682012E-1,1.345680521E2,-8.867751609E1,5.444390275E0,-1.199599046E2
3.829378125E0,3.940937698E-1,-3.253896758E-1,6.152857519E-1,-6.001959051E-1,1.335810664E2,-8.821039842E1,5.414799336E0,-1.186700050E2
3.839422125E0,3.999938966E-1,-3.291888454E-1,6.103013286E-1,-5.993095675E-1,1.328444061E2,-8.779338149E1,5.374289586E0,-1.177312450E2
3.849467125E0,3.999480935E-1,-3.298765660E-1,6.108007160E-1,-5.984526693E-1,1.328501328E2,-8.791580588E1,5.379156897E0,-1.176773300E2
3.859511125E0,3.938269065E-1,-3.275633152E-1,6.170886676E-1,-5.973309204E-1,1.336143374E2,-8.862962723E1,5.435483399E0,-1.185125806E2
3.869556125E0,3.850332932E-1,-3.238050386E-1,6.257192885E-1,-5.961335390E-1,1.347083857E2,-8.958260623E1,5.496412643E0,-1.197410188E2
3.879600125E0,3.759809299E-1,-3.197361713E-1,6.342621280E-1,-5.950787509E-1,1.358300935E2,-9.052034635E1,5.532164338E0,-1.210117630E2
3.889645125E0,3.675144604E-1,-3.158929687E-1,6.419018344E-1,-5.942279851E-1,1.368751819E2,-9.136166593E1,5.531416088E0,-1.221928372E2
3.899688792E0,3.597566586E-1,-3.125515666E-1,6.485293420E-1,-5.935455434E-1,1.378294953E2,-9.210470577E1,5.485757723E0,-1.232493967E2
3.909733792E0,3.525888810E-1,-3.097704436E-1,6.542482690E-1,-5.930283489E-1,1.387085107E2,-9.276331858E1,5.391235448E0,-1.241895538E2
3.919777792E0,3.459574537E-1,-3.075138486E-1,6.591059145E-1,-5.927293170E-1,1.395194935E2,-9.333735822E1,5.249921883E0,-1.250229722E2
3.929821792E0,3.398353184E-1,-3.056899754E-1,6.630807944E-1,-5.927811260E-1,1.402663178E2,-9.381324442E1,5.063631980E0,-1.257614606E2
3.939866792E0,3.343232061E-1,-3.042229279E-1,6.661499279E-1,-5.932290416E-1,1.409372246E2,-9.417913982E1,4.845606423E0,-1.264039190E2
3.949910792E0,3.296837969E-1,-3.031527351E-1,6.682925051E-1,-5.939631238E-1,1.415008312E2,-9.443246052E1,4.618877313E0,-1.269247153E2
3.959955792E0,3.263597592E-1,-3.027861629E-1,6.694181420E-1,-5.947178053E-1,1.419040481E2,-9.457913863E1,4.404517619E0,-1.272581865E2
3.969999792E0,3.252968052E-1,-3.041222180E-1,6.690776798E-1,-5.950014641E-1,1.420328844E2,-9.461889823E1,4.208797738E0,-1.272299171E2
3.980044792E0,3.272236432E-1,-3.080375127E-1,6.669846462E-1,-5.942803631E-1,1.417993034E2,-9.457183541E1,4.036100751E0,-1.266951483E2
3.990088792E0,3.301367280E-1,-3.127721210E-1,6.645308567E-1,-5.929436548E-1,1.414458509E2,-9.453324342E1,3.891058708E0,-1.259954888E2
4.000133792E0,3.307679930E-1,-3.154476135E-1,6.638355074E-1,-5.919525400E-1,1.413692077E2,-9.461980820E1,3.766531897E0,-1.256922201E2
4.010177792E0,3.277907080E-1,-3.149222215E-1,6.655564370E-1,-5.919559434E-1,1.417305296E2,-9.484457802E1,3.639943262E0,-1.260109956E2
4.020222792E0,3.221054774E-1,-3.117771604E-1,6.687830101E-1,-5.931040657E-1,1.424193937E2,-9.511283379E1,3.497485710E0,-1.268127838E2
4.030266792E0,3.151565369E-1,-3.071027588E-1,6.723967441E-1,-5.951864782E-1,1.432594719E2,-9.533719251E1,3.339578312E0,-1.278626641E2
4.040310792E0,3.080687330E-1,-3.019455229E-1,6.757037333E-1,-5.977850527E-1,1.441142363E2,-9.548814410E1,3.171757679E0,-1.289622555E2
4.050355792E0,3.018551390E-1,-2.972170469E-1,6.783332120E-1,-6.003411432E-1,1.448618776E2,-9.557119328E1,3.018218381E0,-1.299397319E2
4.060399792E0,2.975458555E-1,-2.937246537E-1,6.800489470E-1,-6.022671909E-1,1.453794780E2,-9.560144239E1,2.917044949E0,-1.306342858E2
4.070444792E0,2.956254976E-1,-2.916638835E-1,6.808287901E-1,-6.033323050E-1,1.456099025E2,-9.558463413E1,2.900417269E0,-1.309891193E2
4.080488792E0,2.957883425E-1,-2.903623677E-1,6.808895870E-1,-6.038114409E-1,1.455903683E2,-9.550729397E1,2.989340410E0,-1.310936900E2
4.090533792E0,2.977055394E-1,-2.893183903E-1,6.803527204E-1,-6.039756240E-1,1.453603110E2,-9.535430430E1,3.187692749E0,-1.310219567E2
4.100577792E0,3.011315303E-1,-2.885047665E-1,6.791555181E-1,-6.040138512E-1,1.449488437E2,-9.511400446E1,3.469002470E0,-1.307959366E2
4.110622792E0,3.057357574E-1,-2.881021165E-1,6.771863963E-1,-6.041037715E-1,1.443951314E2,-9.478116100E1,3.783872643E0,-1.304255318E2
4.120666792E0,3.114381838E-1,-2.882839591E-1,6.744063691E-1,-6.042140698E-1,1.437081530E2,-9.436206948E1,4.111712484E0,-1.298998934E2
4.130711792E0,3.187678158E-1,-2.898596401E-1,6.705100826E-1,-6.039742121E-1,1.428231521E2,-9.386504685E1,4.435603117E0,-1.290963139E2
4.140755792E0,3.260409605E-1,-2.911523893E-1,6.661131337E-1,-6.043350418E-1,1.419426936E2,-9.327609159E1,4.729586840E0,-1.283136625E2
4.150800792E0,3.338486852E-1,-2.929036963E-1,6.607348376E-1,-6.051298260E-1,1.409949154E2,-9.257316901E1,4.972718232E0,-1.274300782E2
4.160844792E0,3.421696533E-1,-2.949630756E-1,6.542811435E-1,-6.064923493E-1,1.399817674E2,-9.173615099E1,5.161570944E0,-1.264586988E2
4.170888792E0,3.510929103E-1,-2.968340058E-1,6.467642215E-1,-6.085388211E-1,1.388916461E2,-9.073824576E1,5.329234579E0,-1.254331594E2
4.180933792E0,3.603716654E-1,-2.978796375E-1,6.385530355E-1,-6.112692204E-1,1.377539540E2,-8.959502012E1,5.512535810E0,-1.244311117E2
4.190977792E0,3.701323698E-1,-2.982829512E-1,6.300241465E-1,-6.140837027E-1,1.365524378E2,-8.837625675E1,5.741661726E0,-1.234234199E2
4.201022792E0,3.790735181E-1,-2.970845899E-1,6.221276394E-1,-6.172528612E-1,1.354473879E2,-8.715294712E1,6.022073469E0,-1.226198541E2
4.211066792E0,3.860319206E-1,-2.935794683E-1,6.155950676E-1,-6.211546057E-1,1.345843638E2,-8.597810805E1,6.347725794E0,-1.221980543E2
4.221111792E0,3.919174119E-1,-2.891392557E-1,6.100201775E-1,-6.250397654E-1,1.338522818E2,-8.488488735E1,6.702149308E0,-1.219524368E2
4.231155792E0,3.950499448E-1,-2.826763842E-1,6.060629150E-1,-6.298551166E-1,1.334618219E2,-8.389400423E1,7.051411655E0,-1.221463586E2
4.241200792E0,3.967696943E-1,-2.758901620E-1,6.027727529E-1,-6.349199982E-1,1.332472177E2,-8.298648496E1,7.353316510E0,-1.225024717E2
4.251244792E0,3.973812978E-1,-2.688517121E-1,5.993811223E-1,-6.407411839E-1,1.331708550E2,-8.206048135E1,7.575756578E0,-1.229813091E2
4.261289792E0,3.987599106E-1,-2.623263789E-1,5.941374537E-1,-6.474381601E-1,1.329986453E2,-8.092091814E1,7.709828688E0,-1.233201424E2
4.271333792E0,4.025081142E-1,-2.569990700E-1,5.855415513E-1,-6.550417888E-1,1.325298665E2,-7.940530879E1,7.740127247E0,-1.232900804E2
4.281377792E0,4.083700348E-1,-2.531714618E-1,5.736369210E-1,-6.633844519E-1,1.317950320E2,-7.754962798E1,7.620569645E0,-1.228930647E2
4.291422792E0,4.149545948E-1,-2.507690598E-1,5.597229293E-1,-6.720399394E-1,1.309670857E2,-7.554101095E1,7.323160872E0,-1.222905243E2
4.301466792E0,4.210815981E-1,-2.497222375E-1,5.455316428E-1,-6.802383971E-1,1.301942157E2,-7.361467085E1,6.873944334E0,-1.216297302E2
4.311511792E0,4.259516243E-1,-2.499028367E-1,5.328345254E-1,-6.871688984E-1,1.295781740E2,-7.199112940E1,6.342556665E0,-1.210229960E2
4.321555792E0,4.296504423E-1,-2.511511315E-1,5.226260635E-1,-6.922322417E-1,1.291092432E2,-7.077572029E1,5.818827828E0,-1.204815409E2
4.331600792E0,4.327807941E-1,-2.532452714E-1,5.149235267E-1,-6.952851697E-1,1.287116676E2,-6.994360552E1,5.367446991E0,-1.199553357E2
4.341644792E0,4.359573704E-1,-2.558210023E-1,5.089799254E-1,-6.967326084E-1,1.283075430E2,-6.936976483E1,5.008839403E0,-1.193976628E2
4.351689792E0,4.394818480E-1,-2.585682288E-1,5.037259730E-1,-6.973222533E-1,1.278583486E2,-6.889845313E1,4.711933375E0,-1.187915286E2
4.361733792E0,4.431382451E-1,-2.611788362E-1,4.984630645E-1,-6.978171522E-1,1.273914288E2,-6.842371345E1,4.431429723E0,-1.181798046E2
4.371778792E0,4.463083941E-1,-2.633175991E-1,4.931358082E-1,-6.987773101E-1,1.269858403E2,-6.791742600E1,4.139241846E0,-1.176556152E2
4.381822792E0,4.484369680E-1,-2.646700177E-1,4.881277405E-1,-7.004180974E-1,1.267131088E2,-6.740428470E1,3.843401067E0,-1.173058338E2
4.391866792E0,4.492924753E-1,-2.649697871E-1,4.839869602E-1,-7.026264974E-1,1.266034021E2,-6.692954983E1,3.586410928E0,-1.171775366E2
4.401911792E0,4.489197180E-1,-2.640681185E-1,4.812001052E-1,-7.051138464E-1,1.266512094E2,-6.653818573E1,3.419393654E0,-1.172770825E2
4.411955792E0,4.474757143E-1,-2.620684824E-1,4.800386434E-1,-7.075652441E-1,1.268363132E2,-6.626787158E1,3.368076233E0,-1.175789860E2
4.422000792E0,4.451420222E-1,-2.592829866E-1,4.805339637E-1,-7.097239424E-1,1.271351487E2,-6.614383418E1,3.426785177E0,-1.180396457E2
4.432044792E0,4.420095736E-1,-2.561710108E-1,4.825462439E-1,-7.114444716E-1,1.275356594E2,-6.618217793E1,3.559051066E0,-1.186156596E2
4.442089792E0,4.377707807E-1,-2.529212570E-1,4.860061419E-1,-7.128713110E-1,1.280765311E2,-6.639039911E1,3.722142662E0,-1.193279778E2
4.452133792E0,4.336008242E-1,-2.506246120E-1,4.903133602E-1,-7.132815158E-1,1.286074090E2,-6.676742702E1,3.880098712E0,-1.199669453E2
4.462178792E0,4.291405286E-1,-2.491235415E-1,4.954484163E-1,-7.129563739E-1,1.291739434E2,-6.730140822E1,4.014306393E0,-1.205839377E2
4.472222792E0,4.245826104E-1,-2.484614672E-1,5.012684219E-1,-7.118473112E-1,1.297515063E2,-6.797785708E1,4.124643978E0,-1.211535293E2
4.482267792E0,4.199950524E-1,-2.485347816E-1,5.076801588E-1,-7.099967695E-1,1.303314498E2,-6.877923464E1,4.216679569E0,-1.216743374E2
4.492311792E0,4.154264288E-1,-2.492341243E-1,5.145316769E-1,-7.075029300E-1,1.309076528E2,-6.968063271E1,4.291590619E0,-1.221473461E2
4.502355792E0,4.109340911E-1,-2.506134536E-1,5.215815486E-1,-7.044707065E-1,1.314729471E2,-7.065604520E1,4.334066110E0,-1.225606056E2
4.512400792E0,4.066759633E-1,-2.527064556E-1,5.285291300E-1,-7.010071944E-1,1.320076113E2,-7.166982758E1,4.334669072E0,-1.228923010E2
4.522444792E0,4.029124605E-1,-2.554311335E-1,5.350051935E-1,-6.972704127E-1,1.324792457E2,-7.266934020E1,4.296130088E0,-1.231182164E2
4.532489792E0,4.001762450E-1,-2.587691639E-1,5.401870642E-1,-6.936104225E-1,1.328216063E2,-7.354654766E1,4.207576927E0,-1.231799234E2
4.542533792E0,3.994594219E-1,-2.630014556E-1,5.424787675E-1,-6.906366989E-1,1.329112226E2,-7.411139599E1,4.020856415E0,-1.229470207E2
4.552578792E0,4.012016040E-1,-2.686787309E-1,5.412108954E-1,-6.884328402E-1,1.326933639E2,-7.431400582E1,3.688662062E0,-1.223307518E2
4.562622792E0,4.050583462E-1,-2.760043589E-1,5.369168059E-1,-6.866364889E-1,1.322104331E2,-7.424592142E1,3.206566851E0,-1.213532678E2
4.572667792E0,4.104148208E-1,-2.855009290E-1,5.311381780E-1,-6.840622963E-1,1.315382083E2,-7.415451100E1,2.600581004E0,-1.200405961E2
4.582711792E0,4.166459373E-1,-2.968087071E-1,5.259717857E-1,-6.794589754E-1,1.307539763E2,-7.429515241E1,2.002857278E0,-1.184839749E2
4.592756792E0,4.235374634E-1,-3.069120548E-1,5.224871790E-1,-6.733706840E-1,1.298837507E2,-7.458918875E1,1.676405912E0,-1.169386261E2
4.602800792E0,4.308662629E-1,-3.143512476E-1,5.199021232E-1,-6.672625415E-1,1.289549041E2,-7.481855866E1,1.633548942E0,-1.155469348E2
4.612845792E0,4.380631218E-1,-3.198603991E-1,5.164472933E-1,-6.626253450E-1,1.280392683E2,-7.480826085E1,1.637611001E0,-1.143147143E2
4.622889792E0,4.445892347E-1,-3.232297552E-1,5.110047338E-1,-6.608608988E-1,1.272058778E2,-7.440162375E1,1.556034901E0,-1.133203630E2
4.632933792E0,4.491254684E-1,-3.234477387E-1,5.046334790E-1,-6.625804375E-1,1.266248225E2,-7.364792686E1,1.413470212E0,-1.127961420E2
4.642978792E0,4.501761893E-1,-3.201667751E-1,4.996835845E-1,-6.671963604E-1,1.264900227E2,-7.280078016E1,1.298610576E0,-1.129401532E2
4.653022792E0,4.470332567E-1,-3.135687281E-1,4.979381571E-1,-6.737161828E-1,1.268930010E2,-7.208874256E1,1.299418029E0,-1.138144259E2
4.663067792E0,4.404743746E-1,-3.044841962E-1,5.000214231E-1,-6.806249680E-1,1.277316960E2,-7.166077470E1,1.490669440E0,-1.152575488E2
4.673111792E0,4.311876011E-1,-2.925290740E-1,5.060558403E-1,-6.873219863E-1,1.289140962E2,-7.152718052E1,1.964867114E0,-1.172115294E2
4.683156792E0,4.210045537E-1,-2.781685047E-1,5.147419265E-1,-6.931220986E-1,1.302039492E2,-7.159770602E1,2.740236248E0,-1.194271647E2
4.693200792E0,4.114944861E-1,-2.627206732E-1,5.241652874E-1,-6.977829184E-1,1.314024986E2,-7.175300483E1,3.711824603E0,-1.216278909E2
4.703245792E0,4.037040415E-1,-2.479128627E-1,5.324819775E-1,-7.014451634E-1,1.323801176E2,-7.187716102E1,4.711336202E0,-1.235725973E2
4.713289792E0,3.978651331E-1,-2.351286804E-1,5.392166541E-1,-7.040336227E-1,1.331104294E2,-7.197638414E1,5.623668796E0,-1.251420945E2
4.723334792E0,3.930835204E-1,-2.245378728E-1,5.454026102E-1,-7.054105286E-1,1.337069967E2,-7.217181585E1,6.430319686E0,-1.264322812E2
4.733378792E0,3.883219907E-1,-2.160964807E-1,5.517752664E-1,-7.057282631E-1,1.342997420E2,-7.254299053E1,7.095419916E0,-1.275667844E2
4.743422792E0,3.832659916E-1,-2.098597060E-1,5.583015900E-1,-7.052414460E-1,1.349277340E2,-7.307848342E1,7.582434421E0,-1.285783941E2
4.753467792E0,3.783551461E-1,-2.059186912E-1,5.645936403E-1,-7.040447073E-1,1.355363324E2,-7.372087165E1,7.890591269E0,-1.294126446E2
4.763511792E0,3.742595999E-1,-2.044208765E-1,5.701730401E-1,-7.021712482E-1,1.360428820E2,-7.440317177E1,8.030981288E0,-1.299848978E2
4.773556792E0,3.711985270E-1,-2.053564943E-1,5.745771751E-1,-6.999296576E-1,1.364208949E2,-7.505531355E1,7.995434935E0,-1.302680220E2
4.783600792E0,3.699153135E-1,-2.093645543E-1,5.770588869E-1,-6.973752319E-1,1.365792109E2,-7.560460472E1,7.753677540E0,-1.301320413E2
4.793645792E0,3.699902717E-1,-2.162238696E-1,5.773601526E-1,-6.949889406E-1,1.365699654E2,-7.600997773E1,7.278297134E0,-1.296315573E2
4.803689792E0,3.710609175E-1,-2.255046267E-1,5.755690590E-1,-6.929515303E-1,1.364378766E2,-7.627278325E1,6.581408613E0,-1.288332013E2
4.813734792E0,3.736299997E-1,-2.371673867E-1,5.718428877E-1,-6.907589880E-1,1.361206725E2,-7.642823892E1,5.719840170E0,-1.276870617E2
4.823778792E0,3.773119273E-1,-2.502974155E-1,5.667936742E-1,-6.882817016E-1,1.356654473E2,-7.652627241E1,4.770557454E0,-1.263008127E2
4.833823792E0,3.819400412E-1,-2.640527876E-1,5.611205504E-1,-6.852310601E-1,1.350921897E2,-7.662309523E1,3.827595669E0,-1.247549242E2
4.843867792E0,3.876929174E-1,-2.779691818E-1,5.554045842E-1,-6.811410456E-1,1.343779561E2,-7.677197154E1,2.979600876E0,-1.230651488E2
4.853912792E0,3.942629051E-1,-2.913998124E-1,5.502671890E-1,-6.759059328E-1,1.335599775E2,-7.701099435E1,2.291419626E0,-1.213122144E2
4.863956792E0,4.012864667E-1,-3.038058743E-1,5.461872370E-1,-6.695898483E-1,1.326827472E2,-7.735723190E1,1.805369866E0,-1.195766324E2
4.874000792E0,4.083295317E-1,-3.148364210E-1,5.435045480E-1,-6.623805561E-1,1.318001166E2,-7.781685247E1,1.534270283E0,-1.179342626E2
4.884045792E0,4.148517038E-1,-3.244228692E-1,5.424155788E-1,-6.545480384E-1,1.309800442E2,-7.839666736E1,1.452222409E0,-1.164514106E2
4.894089792E0,4.204996028E-1,-3.326332228E-1,5.429903143E-1,-6.462947056E-1,1.302677330E2,-7.909969348E1,1.529763704E0,-1.151647253E2
4.904135500E0,4.251371365E-1,-3.395913198E-1,5.451975553E-1,-6.377270626E-1,1.296813120E2,-7.992391620E1,1.744026545E0,-1.140831112E2
4.914179500E0,4.288233420E-1,-3.454146656E-1,5.488286749E-1,-6.289566828E-1,1.292141808E2,-8.084790352E1,2.074524285E0,-1.131947003E2
4.924224500E0,4.319464024E-1,-3.499245469E-1,5.522738426E-1,-6.212638925E-1,1.288177054E2,-8.164981380E1,2.425162141E0,-1.124757759E2
4.934268500E0,4.354403867E-1,-3.526950700E-1,5.529416594E-1,-6.166469475E-1,1.283733607E2,-8.195937729E1,2.669205963E0,-1.118636997E2
4.944313500E0,4.396510728E-1,-3.535771087E-1,5.512042082E-1,-6.147064592E-1,1.278367593E2,-8.180790304E1,2.864995991E0,-1.113359049E2
4.954357500E0,4.440201943E-1,-3.526959762E-1,5.490519478E-1,-6.139980445E-1,1.272786638E2,-8.145909235E1,3.122505307E0,-1.109426884E2
4.964402500E0,4.472360673E-1,-3.503973187E-1,5.485092334E-1,-6.134648183E-1,1.268670186E2,-8.119912373E1,3.480760508E0,-1.107969989E2
4.974446500E0,4.480477208E-1,-3.473234858E-1,5.509570170E-1,-6.124263305E-1,1.267630069E2,-8.125829364E1,3.915774965E0,-1.109820348E2
4.984490500E0,4.458310178E-1,-3.441282911E-1,5.567037819E-1,-6.106482709E-1,1.270469614E2,-8.173624946E1,4.364941770E0,-1.115112800E2
4.994535500E0,4.409855896E-1,-3.413980604E-1,5.647035488E-1,-6.083494711E-1,1.276664349E2,-8.255594611E1,4.742260783E0,-1.122876434E2
5.004579500E0,4.345945942E-1,-3.393146152E-1,5.735098378E-1,-6.058709151E-1,1.284809998E2,-8.355016443E1,5.009840536E0,-1.131717987E2
5.014624500E0,4.277919717E-1,-3.378123645E-1,5.820084653E-1,-6.034426191E-1,1.293449710E2,-8.456684737E1,5.178354411E0,-1.140426484E2
5.024668500E0,4.212920584E-1,-3.368054236E-1,5.896124838E-1,-6.011922566E-1,1.301676251E2,-8.551668777E1,5.268807444E0,-1.148298101E2
5.034713500E0,4.152552915E-1,-3.360914560E-1,5.962968896E-1,-5.991958342E-1,1.309292111E2,-8.637557877E1,5.305241466E0,-1.155347077E2
5.044757500E0,4.095053972E-1,-3.355018427E-1,6.022796137E-1,-5.974972846E-1,1.316524632E2,-8.715652904E1,5.298851321E0,-1.161915635E2
5.054802500E0,4.038419987E-1,-3.349788846E-1,6.077184116E-1,-5.961369107E-1,1.323628377E2,-8.787438892E1,5.247483474E0,-1.168266781E2
5.064846500E0,3.981909809E-1,-3.346446074E-1,6.125882798E-1,-5.951407805E-1,1.330697269E2,-8.853306865E1,5.136738642E0,-1.174364425E2
5.074891500E0,3.926374382E-1,-3.346907898E-1,6.167600697E-1,-5.944954491E-1,1.337625833E2,-8.912705746E1,4.955493339E0,-1.179947233E2
5.084935500E0,3.874193527E-1,-3.352905500E-1,6.200683339E-1,-5.941394452E-1,1.344119620E2,-8.964407893E1,4.705504822E0,-1.184622212E2
5.094980500E0,3.828322267E-1,-3.365678102E-1,6.223428728E-1,-5.940125305E-1,1.349815440E2,-9.006764102E1,4.396310414E0,-1.187991417E2
5.105024500E0,3.791559573E-1,-3.385634319E-1,6.234941035E-1,-5.940292733E-1,1.354371790E2,-9.038715251E1,4.046716931E0,-1.189757271E2
5.115068500E0,3.765330747E-1,-3.413570304E-1,6.236191743E-1,-5.939675703E-1,1.357618041E2,-9.062301019E1,3.676125254E0,-1.189727296E2
5.125113500E0,3.746609433E-1,-3.448605504E-1,6.231184486E-1,-5.936529546E-1,1.359932828E2,-9.082707322E1,3.294105688E0,-1.188290257E2
5.135157500E0,3.729194882E-1,-3.486482455E-1,6.225588649E-1,-5.931238747E-1,1.362084345E2,-9.104821875E1,2.908750556E0,-1.186441686E2
5.145202500E0,3.708867246E-1,-3.520199302E-1,6.224168933E-1,-5.925557563E-1,1.364593714E2,-9.129866841E1,2.551046635E0,-1.185237755E2
5.155246500E0,3.684935422E-1,-3.544662176E-1,6.227782603E-1,-5.922106579E-1,1.367545198E2,-9.154825319E1,2.243255388E0,-1.185221437E2
5.165291500E0,3.657494874E-1,-3.559340343E-1,6.234098625E-1,-5.923668119E-1,1.370925706E2,-9.175787394E1,1.967732318E0,-1.186435617E2
5.175335500E0,3.627612126E-1,-3.565532768E-1,6.240103497E-1,-5.931991068E-1,1.374602626E2,-9.189413726E1,1.703043029E0,-1.188659101E2
5.185380500E0,3.597125730E-1,-3.564613862E-1,6.244487717E-1,-5.946477678E-1,1.378349096E2,-9.194916963E1,1.450094038E0,-1.191593650E2
5.195424500E0,3.565965090E-1,-3.556825651E-1,6.249156218E-1,-5.964976562E-1,1.382173550E2,-9.195227357E1,1.223806312E0,-1.195228268E2
5.205469500E0,3.531762922E-1,-3.543799008E-1,6.256231726E-1,-5.985625146E-1,1.386365703E2,-9.194752868E1,1.012669438E0,-1.199630137E2
5.215513500E0,3.494597304E-1,-3.531048006E-1,6.265200470E-1,-6.005560289E-1,1.390914532E2,-9.197273975E1,7.889087308E-1,-1.204268446E2
5.225558500E0,3.459799918E-1,-3.524161738E-1,6.273534904E-1,-6.021032502E-1,1.395167408E2,-9.203676684E1,5.570190653E-1,-1.208121917E2
5.235602500E0,3.433190716E-1,-3.524524306E-1,6.278773652E-1,-6.030583189E-1,1.398415613E2,-9.211504250E1,3.452554303E-1,-1.210528151E2
5.245646500E0,3.416934149E-1,-3.528995349E-1,6.279548206E-1,-6.036392394E-1,1.400398406E2,-9.216233198E1,1.769319633E-1,-1.211591878E2
5.255691500E0,3.412545609E-1,-3.537584245E-1,6.272530545E-1,-6.041141712E-1,1.400933457E2,-9.213091114E1,3.924626537E-2,-1.211178961E2
5.265735500E0,3.423275986E-1,-3.555836043E-1,6.252819623E-1,-6.044788468E-1,1.399625049E2,-9.199627461E1,-1.021577986E-1,-1.208468571E2
5.275780500E0,3.452793952E-1,-3.589556472E-1,6.216053662E-1,-6.045988810E-1,1.396022960E2,-9.174693962E1,-2.746377945E-1,-1.202564900E2
5.285824500E0,3.504253463E-1,-3.640990800E-1,6.160735081E-1,-6.042246276E-1,1.389733332E2,-9.138842594E1,-4.709604058E-1,-1.192935609E2
5.295869500E0,3.576918002E-1,-3.707158086E-1,6.089822060E-1,-6.031310011E-1,1.380829819E2,-9.095001772E1,-6.603204277E-1,-1.179878198E2
5.305913500E0,3.663951033E-1,-3.780967860E-1,6.009259518E-1,-6.014029171E-1,1.370130700E2,-9.046634723E1,-8.264840516E-1,-1.164643754E2
5.315958500E0,3.757876128E-1,-3.856442961E-1,5.923498900E-1,-5.993193455E-1,1.358539990E2,-8.995414699E1,-9.770934975E-1,-1.148462858E2
5.326002500E0,3.855829619E-1,-3.931108737E-1,5.834568944E-1,-5.969653597E-1,1.346401280E2,-8.942212295E1,-1.111898593E0,-1.131820114E2
5.336047500E0,3.957644182E-1,-4.003296700E-1,5.743569999E-1,-5.943236374E-1,1.333726852E2,-8.887092346E1,-1.216517666E0,-1.114873457E2
5.346091500E0,4.063251119E-1,-4.069126021E-1,5.652552036E-1,-5.914461456E-1,1.320516157E2,-8.829092377E1,-1.259406067E0,-1.097992634E2
5.356135500E0,4.171546551E-1,-4.124997780E-1,5.563035291E-1,-5.885169449E-1,1.306898423E2,-8.766455220E1,-1.226051628E0,-1.081630994E2
5.366180500E0,4.280158242E-1,-4.168103785E-1,5.476271894E-1,-5.858122868E-1,1.293165898E2,-8.697582932E1,-1.120723995E0,-1.066304657E2
5.376224500E0,4.385931290E-1,-4.195728990E-1,5.394454272E-1,-5.836037446E-1,1.279716967E2,-8.622012414E1,-9.474010573E-1,-1.052615304E2
5.386269500E0,4.483019031E-1,-4.204263147E-1,5.320843694E-1,-5.823687629E-1,1.267304242E2,-8.539635928E1,-7.229449369E-1,-1.041554639E2
5.396313500E0,4.560662799E-1,-4.187988458E-1,5.261672996E-1,-5.828886021E-1,1.257328769E2,-8.451907972E1,-4.750918316E-1,-1.034873277E2
5.406358500E0,4.606191616E-1,-4.143728155E-1,5.223800892E-1,-5.858704811E-1,1.251458638E2,-8.363686822E1,-2.464324398E-1,-1.034297221E2
5.416402500E0,4.628738599E-1,-4.080820981E-1,5.199203622E-1,-5.906771500E-1,1.248545830E2,-8.274395174E1,-4.437281100E-2,-1.037941004E2
5.426447500E0,4.642987395E-1,-4.005787263E-1,5.177208552E-1,-5.965973703E-1,1.246703058E2,-8.177827831E1,1.596177403E-1,-1.043549116E2
5.436491500E0,4.654811377E-1,-3.921521699E-1,5.152951038E-1,-6.033365566E-1,1.245172702E2,-8.071307084E1,3.736182693E-1,-1.050162851E2
5.446536500E0,4.661734102E-1,-3.832475523E-1,5.126938846E-1,-6.106952594E-1,1.244276208E2,-7.959870053E1,5.680159715E-1,-1.057607347E2
5.456580500E0,4.665195096E-1,-3.742712219E-1,5.096807011E-1,-6.184709420E-1,1.243827870E2,-7.844496198E1,7.219591710E-1,-1.065339835E2
5.466625500E0,4.669903479E-1,-3.658255256E-1,5.059198271E-1,-6.262082868E-1,1.243217796E2,-7.726416263E1,8.224175363E-1,-1.072303423E2
5.476669500E0,4.679686816E-1,-3.588151349E-1,5.013025767E-1,-6.332082672E-1,1.241949603E2,-7.611811884E1,8.467703259E-1,-1.077309266E2
5.486714500E0,4.696825569E-1,-3.541217988E-1,4.960441146E-1,-6.386988899E-1,1.239726148E2,-7.510195623E1,7.799420605E-1,-1.079399839E2
5.496758500E0,4.724251102E-1,-3.524205939E-1,4.904126107E-1,-6.419577949E-1,1.236163376E2,-7.429964482E1,6.238584385E-1,-1.077730086E2
5.506802500E0,4.765889555E-1,-3.540287386E-1,4.846289778E-1,-6.423872818E-1,1.230742855E2,-7.376343843E1,4.062601936E-1,-1.071611791E2
5.516847500E0,4.823165910E-1,-3.587352824E-1,4.788865488E-1,-6.398026210E-1,1.223263763E2,-7.350363343E1,1.667485699E-1,-1.061027406E2
5.526891500E0,4.895867327E-1,-3.659644258E-1,4.732950633E-1,-6.343238890E-1,1.213731553E2,-7.349352400E1,-4.824237740E-2,-1.046403071E2
5.536936500E0,4.981143941E-1,-3.750375043E-1,4.678846302E-1,-6.263489413E-1,1.202493449E2,-7.368824761E1,-2.113387865E-1,-1.028535344E2
5.546980500E0,5.073272000E-1,-3.854852128E-1,4.624939535E-1,-6.165383246E-1,1.190280814E2,-7.403762475E1,-3.472884405E-1,-1.008386447E2
5.557025500E0,5.166805972E-1,-3.969193235E-1,4.568929666E-1,-6.055947268E-1,1.177802905E2,-7.448934004E1,-4.932675730E-1,-9.868476175E1
5.567069500E0,5.258616507E-1,-4.088773367E-1,4.510024137E-1,-5.940417330E-1,1.165474654E2,-7.499820653E1,-6.560885904E-1,-9.646434574E1
5.577114500E0,5.346614806E-1,-4.208291293E-1,4.449660156E-1,-5.822759450E-1,1.153580864E2,-7.553186191E1,-8.173508891E-1,-9.424879943E1
5.587158500E0,5.428319422E-1,-4.323267178E-1,4.389620160E-1,-5.707359271E-1,1.142467394E2,-7.606349922E1,-9.696955844E-1,-9.211237668E1
5.597203500E0,5.501906453E-1,-4.430009093E-1,4.330998144E-1,-5.598793728E-1,1.132398140E2,-7.656196597E1,-1.116147093E0,-9.011923935E1
5.607247500E0,5.566899393E-1,-4.524993842E-1,4.275510050E-1,-5.500369908E-1,1.123456147E2,-7.700052393E1,-1.246631819E0,-8.831951239E1
5.617291500E0,5.624312759E-1,-4.605889080E-1,4.225038936E-1,-5.413127532E-1,1.115517920E2,-7.736399645E1,-1.340069459E0,-8.673480867E1
5.627336500E0,5.675317051E-1,-4.672885395E-1,4.180597929E-1,-5.336433050E-1,1.108434345E2,-7.765501055E1,-1.387061586E0,-8.535824147E1
5.637380500E0,5.720434593E-1,-4.728936831E-1,4.141608380E-1,-5.268858823E-1,1.102143087E2,-7.789243844E1,-1.403085488E0,-8.415978084E1
5.647425500E0,5.760898360E-1,-4.779048670E-1,4.105644395E-1,-5.207345234E-1,1.096480203E2,-7.810315403E1,-1.414153284E0,-8.307433605E1
5.657469500E0,5.798770623E-1,-4.828232646E-1,4.070218836E-1,-5.147401510E-1,1.091162074E2,-7.831721213E1,-1.433216142E0,-8.202187860E1
5.667514500E0,5.834882754E-1,-4.881233572E-1,4.034010900E-1,-5.084728435E-1,1.086074695E2,-7.857579862E1,-1.468957157E0,-8.093832177E1
5.677558500E0,5.868597071E-1,-4.942074972E-1,3.996719474E-1,-5.016143501E-1,1.081310425E2,-7.892399095E1,-1.530003266E0,-7.978432510E1
5.687603500E0,5.899581511E-1,-5.012235250E-1,3.958450873E-1,-4.939949822E-1,1.076919229E2,-7.938339293E1,-1.612501250E0,-7.854314904E1
5.697647500E0,5.928168823E-1,-5.091364588E-1,3.919058426E-1,-4.855491805E-1,1.072856829E2,-7.995293654E1,-1.705648251E0,-7.720862471E1
5.707692500E0,5.954424835E-1,-5.178714564E-1,3.877646830E-1,-4.763359427E-1,1.069116357E2,-8.062028336E1,-1.809612469E0,-7.578224815E1
5.717736500E0,5.979423869E-1,-5.273463050E-1,3.832846573E-1,-4.663301070E-1,1.065546527E2,-8.136834648E1,-1.918084192E0,-7.425179767E1
5.727781500E0,6.005043305E-1,-5.374524239E-1,3.783694287E-1,-4.553854924E-1,1.061879476E2,-8.218085384E1,-2.009838881E0,-7.259612814E1
5.737825500E0,6.032996359E-1,-5.480942713E-1,3.728737957E-1,-4.433816063E-1,1.057868320E2,-8.303894275E1,-2.070007444E0,-7.079370127E1
5.747870500E0,6.085556061E-1,-5.585883361E-1,3.637198321E-1,-4.305194787E-1,1.050297260E2,-8.360076891E1,-2.193751522E0,-6.859308023E1
5.757914500E0,6.187305929E-1,-5.673520251E-1,3.476931453E-1,-4.176046096E-1,1.035530104E2,-8.342225763E1,-2.498938025E0,-6.580638021E1
5.767958500E0,6.321060744E-1,-5.735291305E-1,3.277654620E-1,-4.050630456E-1,1.015886473E2,-8.267892994E1,-2.881234304E0,-6.276985078E1
5.778003500E0,6.463616664E-1,-5.772781664E-1,3.075445104E-1,-3.929160604E-1,9.946430906E1,-8.168819857E1,-3.214475896E0,-5.981074645E1
5.788047500E0,6.594160732E-1,-5.794915608E-1,2.897430198E-1,-3.813253294E-1,9.748929118E1,-8.074869822E1,-3.429894923E0,-5.716297711E1
5.798092500E0,6.696851002E-1,-5.813711101E-1,2.759590089E-1,-3.706429261E-1,9.591446933E1,-8.009398180E1,-3.517356846E0,-5.496881577E1
5.808136500E0,6.762104860E-1,-5.839734356E-1,2.666967226E-1,-3.613687229E-1,9.490355584E1,-7.986153708E1,-3.518638251E0,-5.329481406E1
5.818181500E0,6.789060193E-1,-5.877802338E-1,2.615418154E-1,-3.538318654E-1,9.448357087E1,-8.006446606E1,-3.487233010E0,-5.212545777E1
5.828225500E0,6.786093371E-1,-5.925977661E-1,2.595069866E-1,-3.478125051E-1,9.452986583E1,-8.060369628E1,-3.440851629E0,-5.135516870E1
5.838270500E0,6.763825821E-1,-5.979301432E-1,2.598047541E-1,-3.427645455E-1,9.487678422E1,-8.136039066E1,-3.350485796E0,-5.086818116E1
5.848314500E0,6.729008836E-1,-6.034546679E-1,2.618055493E-1,-3.383856038E-1,9.541729371E1,-8.225221356E1,-3.213822392E0,-5.058709180E1
5.858359500E0,6.687052597E-1,-6.089081856E-1,2.647529100E-1,-3.346194352E-1,9.606557078E1,-8.319777380E1,-3.062295661E0,-5.044781762E1
5.868403500E0,6.643801712E-1,-6.139936875E-1,2.680080165E-1,-3.313345730E-1,9.673041726E1,-8.411690720E1,-2.909368944E0,-5.038691110E1
5.878448500E0,6.605009436E-1,-6.186563407E-1,2.709924875E-1,-3.279726348E-1,9.732382241E1,-8.496552129E1,-2.741108049E0,-5.030320127E1
5.888492500E0,6.576504363E-1,-6.229502616E-1,2.731016844E-1,-3.237965881E-1,9.775814614E1,-8.571199351E1,-2.533726315E0,-5.007607526E1
5.898536250E0,6.563251814E-1,-6.269177025E-1,2.737404726E-1,-3.182414544E-1,9.795958247E1,-8.632302693E1,-2.275061028E0,-4.960240763E1
5.908581250E0,6.567554375E-1,-6.304828201E-1,2.726015804E-1,-3.112107489E-1,9.789421815E1,-8.676721086E1,-1.969123356E0,-4.884783325E1
5.918625250E0,6.587664533E-1,-6.335506471E-1,2.697660669E-1,-3.030951836E-1,9.758827354E1,-8.703643665E1,-1.640409132E0,-4.785616133E1
5.928670250E0,6.618145766E-1,-6.361334903E-1,2.657283988E-1,-2.944894082E-1,9.712318004E1,-8.716509602E1,-1.314669312E0,-4.672432825E1
5.938714250E0,6.652925345E-1,-6.383201741E-1,2.611598279E-1,-2.858823474E-1,9.659045648E1,-8.720897949E1,-1.001212875E0,-4.555369186E1
5.948759250E0,6.687383134E-1,-6.402203648E-1,2.566294210E-1,-2.775759411E-1,9.606047649E1,-8.721879949E1,-6.980911858E-1,-4.441914390E1
5.958803250E0,6.718301429E-1,-6.419453089E-1,2.525907836E-1,-2.697191574E-1,9.558305253E1,-8.723673513E1,-3.949825394E-1,-4.337151200E1
5.968848250E0,6.743338343E-1,-6.435831143E-1,2.493988552E-1,-2.624403967E-1,9.519512008E1,-8.729451835E1,-8.297824272E-2,-4.245130440E1
5.978892250E0,6.761089753E-1,-6.451874552E-1,2.472792270E-1,-2.558572276E-1,9.491934436E1,-8.741091618E1,2.419987529E-1,-4.168720139E1
5.988937250E0,6.770663620E-1,-6.468224157E-1,2.463356433E-1,-2.500414893E-1,9.477035724E1,-8.759968413E1,5.790567887E-1,-4.109380375E1
5.998981250E0,6.771662711E-1,-6.485630806E-1,2.465058323E-1,-2.450443693E-1,9.475479926E1,-8.786774000E1,9.166230917E-1,-4.067020793E1
6.009026250E0,6.764391116E-1,-6.504794767E-1,2.476010814E-1,-2.408325083E-1,9.486798914E1,-8.821508429E1,1.241175402E0,-4.039759652E1
6.019070250E0,6.749867944E-1,-6.525951221E-1,2.493759273E-1,-2.373270917E-1,9.509375056E1,-8.863215451E1,1.541093401E0,-4.024835167E1
6.029114250E0,6.729602475E-1,-6.549043058E-1,2.515209069E-1,-2.344399904E-1,9.540809735E1,-8.910139759E1,1.802571911E0,-4.018825934E1
6.039159250E0,6.705444112E-1,-6.574080814E-1,2.536882664E-1,-2.320067474E-1,9.578180674E1,-8.960362258E1,2.015638763E0,-4.017274032E1
6.049203250E0,6.679831050E-1,-6.600511524E-1,2.556283280E-1,-2.297505845E-1,9.617681982E1,-9.011620814E1,2.190179364E0,-4.015560160E1
6.059248250E0,6.655080103E-1,-6.627254754E-1,2.572601486E-1,-2.274011295E-1,9.655737927E1,-9.061793271E1,2.350263624E0,-4.010588184E1
6.069292250E0,6.631997117E-1,-6.653227327E-1,2.586352317E-1,-2.249881381E-1,9.691128006E1,-9.109506225E1,2.503142175E0,-4.003007638E1
6.079337250E0,6.610698418E-1,-6.677932756E-1,2.597704360E-1,-2.226163032E-1,9.723696774E1,-9.154062281E1,2.643961711E0,-3.993806402E1
6.089381250E0,6.591305388E-1,-6.701176954E-1,2.606852544E-1,-2.203007974E-1,9.753280718E1,-9.195238632E1,2.773987272E0,-3.983240712E1
6.099426250E0,6.573249678E-1,-6.723110174E-1,2.614728104E-1,-2.180683632E-1,9.780764536E1,-9.233787924E1,2.896141759E0,-3.972339409E1
6.109470250E0,6.555465394E-1,-6.744124382E-1,2.622533911E-1,-2.159858031E-1,9.807779106E1,-9.271013750E1,3.010076462E0,-3.962732058E1
6.119515250E0,6.537019615E-1,-6.764610279E-1,2.631059376E-1,-2.141250830E-1,9.835740213E1,-9.307985631E1,3.112186068E0,-3.955726034E1
6.129559250E0,6.517342516E-1,-6.785136005E-1,2.640491630E-1,-2.124612518E-1,9.865503003E1,-9.345700391E1,3.202442571E0,-3.951290719E1
6.139604250E0,6.496346642E-1,-6.806167915E-1,2.650492445E-1,-2.109134510E-1,9.897187444E1,-9.384690608E1,3.283004068E0,-3.948460532E1
6.149648250E0,6.475074495E-1,-6.828022952E-1,2.659074175E-1,-2.093046847E-1,9.929212640E1,-9.424251794E1,3.355246201E0,-3.943971647E1
6.159692250E0,6.458155065E-1,-6.850934611E-1,2.658868709E-1,-2.070592692E-1,9.954630618E1,-9.460241601E1,3.423616327E0,-3.926354577E1
6.169737250E0,6.452740248E-1,-6.874551176E-1,2.639251880E-1,-2.033973613E-1,9.962755196E1,-9.485644517E1,3.494631886E0,-3.879475935E1
6.179781250E0,6.460326259E-1,-6.899253444E-1,2.596087607E-1,-1.981115143E-1,9.951371513E1,-9.498845612E1,3.558472935E0,-3.797959496E1
6.189826250E0,6.474148529E-1,-6.926435844E-1,2.536195881E-1,-1.917707949E-1,9.930604952E1,-9.506754362E1,3.596901964E0,-3.692936787E1
6.199870250E0,6.485932788E-1,-6.957407034E-1,2.470217519E-1,-1.850728177E-1,9.912875020E1,-9.518251431E1,3.606739372E0,-3.580007567E1
6.209915250E0,6.489709989E-1,-6.992373113E-1,2.408122356E-1,-1.786428102E-1,9.907187109E1,-9.539560316E1,3.596690835E0,-3.473349405E1
6.219959250E0,6.481923358E-1,-7.030792283E-1,2.357276609E-1,-1.730862119E-1,9.918910002E1,-9.573741239E1,3.566506225E0,-3.384412308E1
6.230004250E0,6.461838910E-1,-7.071506350E-1,2.320856463E-1,-1.688806940E-1,9.949100462E1,-9.620311207E1,3.502485117E0,-3.319688062E1
6.240048250E0,6.431511724E-1,-7.112338638E-1,2.298887419E-1,-1.662952377E-1,9.994560431E1,-9.675423848E1,3.391416073E0,-3.281063600E1
6.250093250E0,6.395610406E-1,-7.150076505E-1,2.288950456E-1,-1.653262606E-1,1.004818096E2,-9.732286334E1,3.231224936E0,-3.266007697E1
6.260137250E0,6.360971597E-1,-7.180920201E-1,2.286627533E-1,-1.656426991E-1,1.009971873E2,-9.782089929E1,3.038676701E0,-3.267619207E1
6.270182250E0,6.333850521E-1,-7.201626315E-1,2.288056943E-1,-1.668445165E-1,1.013993811E2,-9.817210414E1,2.839241909E0,-3.279078952E1
6.280226250E0,6.315412539E-1,-7.211836179E-1,2.292261302E-1,-1.688347328E-1,1.016721496E2,-9.836362264E1,2.637099964E0,-3.298756805E1
6.290271250E0,6.301161426E-1,-7.214496698E-1,2.301007405E-1,-1.718073079E-1,1.018826163E2,-9.845323629E1,2.411703077E0,-3.329950539E1
6.300315250E0,6.285542225E-1,-7.214173643E-1,2.315302141E-1,-1.756999487E-1,1.021129279E2,-9.852280319E1,2.152111490E0,-3.373313097E1
6.310359250E0,6.265291086E-1,-7.214689309E-1,2.334800327E-1,-1.800859605E-1,1.024109837E2,-9.863509972E1,1.874549409E0,-3.425358077E1
6.320404250E0,6.240154284E-1,-7.217209480E-1,2.358542700E-1,-1.846525294E-1,1.027800821E2,-9.880522390E1,1.594071645E0,-3.482801429E1
6.330448250E0,6.211701157E-1,-7.222288808E-1,2.383544422E-1,-1.889981855E-1,1.031967341E2,-9.902681628E1,1.324648419E0,-3.539765224E1
6.340493250E0,6.182048742E-1,-7.230497960E-1,2.405361527E-1,-1.927798958E-1,1.036296739E2,-9.928498941E1,1.067041753E0,-3.589458831E1
6.350537250E0,6.154198315E-1,-7.241658446E-1,2.419666167E-1,-1.956896089E-1,1.040351353E2,-9.955214918E1,8.250102260E-1,-3.625441266E1
6.360582250E0,6.131212267E-1,-7.255195803E-1,2.423006094E-1,-1.974697232E-1,1.043689365E2,-9.979863301E1,6.063721201E-1,-3.642476008E1
6.370626250E0,6.115666823E-1,-7.270069004E-1,2.413568151E-1,-1.979749796E-1,1.045942586E2,-9.999655561E1,4.213123113E-1,-3.637744397E1
6.380671250E0,6.109995543E-1,-7.284577846E-1,2.390789254E-1,-1.971547176E-1,1.046763752E2,-1.001148039E2,2.816933199E-1,-3.610365003E1
6.390715250E0,6.116665493E-1,-7.296363369E-1,2.354914278E-1,-1.950350051E-1,1.045797938E2,-1.001165940E2,1.991149625E-1,-3.560842297E1
6.400760250E0,6.137230837E-1,-7.302744823E-1,2.308248866E-1,-1.917368245E-1,1.042816085E2,-9.997176406E1,1.881655113E-1,-3.492339910E1
6.410804250E0,6.171704852E-1,-7.301285278E-1,2.255875928E-1,-1.874119257E-1,1.037803971E2,-9.966904230E1,2.740136040E-1,-3.410785401E1
6.420849250E0,6.217770093E-1,-7.291237469E-1,2.203994843E-1,-1.821977283E-1,1.031079649E2,-9.923013650E1,4.806761855E-1,-3.322915865E1
6.430893250E0,6.270135866E-1,-7.274458809E-1,2.156320857E-1,-1.765766874E-1,1.023397351E2,-9.870593488E1,7.740051250E-1,-3.235762092E1
6.440937250E0,6.323194744E-1,-7.253168750E-1,2.115617116E-1,-1.712577341E-1,1.015570856E2,-9.814690950E1,1.095386226E0,-3.157225723E1
6.450982250E0,6.373973478E-1,-7.229487700E-1,2.082688205E-1,-1.664144500E-1,1.008039622E2,-9.759110781E1,1.425766042E0,-3.089314551E1
6.461026250E0,6.421939753E-1,-7.205248626E-1,2.055283903E-1,-1.618298212E-1,1.000887721E2,-9.705685423E1,1.763462546E0,-3.028275476E1
6.471071250E0,6.468128484E-1,-7.181015663E-1,2.030348352E-1,-1.572900999E-1,9.939653383E1,-9.653804439E1,2.106125450E0,-2.969668706E1
6.481115250E0,6.513578170E-1,-7.156401061E-1,2.005843331E-1,-1.528341454E-1,9.871189229E1,-9.601821560E1,2.439007647E0,-2.911949507E1
6.491160250E0,6.559335529E-1,-7.129302745E-1,1.983666924E-1,-1.487693980E-1,9.801905033E1,-9.547136265E1,2.757353504E0,-2.859159036E1
6.501204250E0,6.606220104E-1,-7.097466280E-1,1.967341342E-1,-1.453752701E-1,9.730534378E1,-9.487667348E1,3.071067809E0,-2.816529574E1
6.511249250E0,6.656315849E-1,-7.058726372E-1,1.956759322E-1,-1.427909097E-1,9.653840576E1,-9.419882091E1,3.377351271E0,-2.784933889E1
6.521293250E0,6.717102984E-1,-7.009405287E-1,1.942353529E-1,-1.405712459E-1,9.560159185E1,-9.333700852E1,3.662295996E0,-2.752171833E1
6.531338250E0,6.796069741E-1,-6.945970065E-1,1.912311256E-1,-1.382024665E-1,9.437412352E1,-9.218675689E1,3.895330103E0,-2.703623901E1
6.541382250E0,6.891113413E-1,-6.868721214E-1,1.868124078E-1,-1.357693290E-1,9.288039013E1,-9.076882910E1,4.068942407E0,-2.641529007E1
6.551427250E0,6.993861950E-1,-6.780617231E-1,1.822840029E-1,-1.336556224E-1,9.124444187E1,-8.919508766E1,4.227697747E0,-2.580680182E1
6.561471250E0,7.096422934E-1,-6.684908271E-1,1.787753831E-1,-1.325410911E-1,8.958836242E1,-8.756745173E1,4.389030585E0,-2.536537950E1
6.571516250E0,7.194304986E-1,-6.584520378E-1,1.766684622E-1,-1.328491635E-1,8.798503731E1,-8.594691728E1,4.545557886E0,-2.515978691E1
6.581560250E0,7.287572379E-1,-6.481351004E-1,1.755099928E-1,-1.342761926E-1,8.643538028E1,-8.434350501E1,4.689170258E0,-2.512782767E1
6.591605250E0,7.380915005E-1,-6.375090580E-1,1.741193786E-1,-1.359613922E-1,8.486181307E1,-8.270519789E1,4.800056661E0,-2.509984767E1
6.601649250E0,7.478999361E-1,-6.265597704E-1,1.711263202E-1,-1.370561776E-1,8.318242025E1,-8.097679285E1,4.831343157E0,-2.489432648E1
6.611693250E0,7.579717264E-1,-6.157525809E-1,1.657832588E-1,-1.372716745E-1,8.142857086E1,-7.920098357E1,4.718900458E0,-2.443503552E1
6.621738250E0,7.675480172E-1,-6.058728960E-1,1.583463210E-1,-1.368012946E-1,7.973157870E1,-7.750605805E1,4.433870053E0,-2.377117595E1
6.631782250E0,7.757951229E-1,-5.976770198E-1,1.497530000E-1,-1.360085334E-1,7.824564626E1,-7.603668757E1,4.001175740E0,-2.301613618E1
6.641827250E0,7.822801531E-1,-5.916758565E-1,1.407363983E-1,-1.347247615E-1,7.706035846E1,-7.488794566E1,3.483655576E0,-2.221135027E1
6.651871250E0,7.872282985E-1,-5.876798506E-1,1.317666849E-1,-1.324445959E-1,7.614551823E1,-7.404342052E1,2.968727344E0,-2.133927975E1
6.661916250E0,7.911952020E-1,-5.849728006E-1,1.231780423E-1,-1.290120301E-1,7.540530867E1,-7.340861528E1,2.520606582E0,-2.040148170E1
6.671960250E0,7.946758573E-1,-5.827933660E-1,1.151883696E-1,-1.247945636E-1,7.475069946E1,-7.287991082E1,2.155743485E0,-1.944124605E1
6.682005250E0,7.979404679E-1,-5.805566117E-1,1.080668798E-1,-1.206922422E-1,7.413224170E1,-7.237959593E1,1.852380956E0,-1.855740585E1
6.692049250E0,8.011506248E-1,-5.778667155E-1,1.020906674E-1,-1.174954881E-1,7.351976034E1,-7.185545250E1,1.592256433E0,-1.784066927E1
6.702094250E0,8.043351774E-1,-5.745492949E-1,9.766368889E-2,-1.157576681E-1,7.290780298E1,-7.128851010E1,1.380486744E0,-1.736919981E1
6.712138250E0,8.074033205E-1,-5.706710262E-1,9.515557209E-2,-1.156714146E-1,7.231400174E1,-7.069253239E1,1.239816992E0,-1.718519471E1
6.722183250E0,8.102107853E-1,-5.664555406E-1,9.473899264E-2,-1.170945662E-1,7.176693835E1,-7.010001249E1,1.195240878E0,-1.728578959E1
6.732227250E0,8.126219222E-1,-5.621414945E-1,9.636537630E-2,-1.198179269E-1,7.129420589E1,-6.954294747E1,1.255335086E0,-1.764678132E1
6.742271250E0,8.145273812E-1,-5.579639200E-1,9.973082323E-2,-1.235927673E-1,7.091868562E1,-6.904909930E1,1.406544256E0,-1.822358984E1
6.752316250E0,8.158380639E-1,-5.541959917E-1,1.043509608E-1,-1.280076497E-1,7.065937556E1,-6.864766785E1,1.626520133E0,-1.894495352E1
6.762360250E0,8.164783588E-1,-5.511435273E-1,1.096769948E-1,-1.325704675E-1,7.053239598E1,-6.836922587E1,1.889216591E0,-1.972833741E1
6.772405250E0,8.164003661E-1,-5.491054743E-1,1.151495523E-1,-1.368002620E-1,7.054787368E1,-6.824045525E1,2.165191556E0,-2.049196369E1
6.782449250E0,8.156398684E-1,-5.482876358E-1,1.202155824E-1,-1.402160955E-1,7.069864033E1,-6.827267467E1,2.427072609E0,-2.115430147E1
6.792494250E0,8.142609921E-1,-5.488161783E-1,1.244302462E-1,-1.424680859E-1,7.097128827E1,-6.846751352E1,2.651438151E0,-2.165310041E1
6.802538250E0,8.123490424E-1,-5.507094991E-1,1.275051117E-1,-1.433541812E-1,7.134784348E1,-6.881614844E1,2.823779012E0,-2.195002237E1
6.812583250E0,8.099696632E-1,-5.539007531E-1,1.293155507E-1,-1.429009551E-1,7.181406494E1,-6.930421793E1,2.933533553E0,-2.203905793E1
6.822627250E0,8.071341707E-1,-5.582733411E-1,1.299205054E-1,-1.413722257E-1,7.236626051E1,-6.991795378E1,2.973717849E0,-2.194882628E1
6.832672250E0,8.038256010E-1,-5.636739329E-1,1.294951805E-1,-1.391656274E-1,7.300602190E1,-7.064369426E1,2.940277920E0,-2.172815342E1
6.842716250E0,8.000205203E-1,-5.699214656E-1,1.282955337E-1,-1.367370206E-1,7.373587612E1,-7.146717414E1,2.832676465E0,-2.143639692E1
6.852761250E0,7.957762483E-1,-5.767353466E-1,1.266488563E-1,-1.344493740E-1,7.454272831E1,-7.236209968E1,2.664348187E0,-2.112836519E1
6.862805250E0,7.912783366E-1,-5.837103972E-1,1.249146821E-1,-1.325034540E-1,7.538972997E1,-7.328429991E1,2.464322184E0,-2.084562859E1
6.872850250E0,7.867035913E-1,-5.904641978E-1,1.234726488E-1,-1.311639850E-1,7.624296941E1,-7.419141831E1,2.256746769E0,-2.063785856E1
6.882894250E0,7.822344870E-1,-5.966394487E-1,1.226405225E-1,-1.307285448E-1,7.706875866E1,-7.504101900E1,2.055736822E0,-2.055406367E1
6.892938250E0,7.781600879E-1,-6.018171469E-1,1.226133377E-1,-1.313356070E-1,7.781515578E1,-7.577703522E1,1.876518463E0,-2.062014448E1
6.902982875E0,7.747331066E-1,-6.057235065E-1,1.234519547E-1,-1.328432208E-1,7.843831728E1,-7.635968596E1,1.739314909E0,-2.082748728E1
6.913026875E0,7.721924735E-1,-6.081999078E-1,1.250767789E-1,-1.347865488E-1,7.889763728E1,-7.676208491E1,1.673983164E0,-2.112841957E1
6.923071875E0,7.708448491E-1,-6.090750239E-1,1.273545842E-1,-1.364055989E-1,7.914036742E1,-7.695479793E1,1.729378368E0,-2.144442788E1
6.933115875E0,7.707535168E-1,-6.085412762E-1,1.300434689E-1,-1.367670081E-1,7.915679539E1,-7.695813533E1,1.948786469E0,-2.167334975E1
6.943160875E0,7.715521996E-1,-6.072697058E-1,1.326392090E-1,-1.354157801E-1,7.901303927E1,-7.685332644E1,2.304389675E0,-2.173755812E1
6.953204875E0,7.726680374E-1,-6.061772384E-1,1.339149309E-1,-1.326648132E-1,7.881183086E1,-7.673377898E1,2.642661547E0,-2.157724060E1
6.963249875E0,7.738537336E-1,-6.055221078E-1,1.333251279E-1,-1.292969217E-1,7.859755321E1,-7.661922290E1,2.852445715E0,-2.122460953E1
6.973293875E0,7.753209708E-1,-6.046670114E-1,1.315076925E-1,-1.263360846E-1,7.833171608E1,-7.643938806E1,2.931317060E0,-2.081819361E1
6.983338875E0,7.775269579E-1,-6.028263110E-1,1.289379781E-1,-1.242065518E-1,7.793059924E1,-7.609808167E1,2.909329013E0,-2.042935362E1
6.993382875E0,7.804506005E-1,-5.997814541E-1,1.262464804E-1,-1.233731400E-1,7.739629901E1,-7.558473758E1,2.812314473E0,-2.014692549E1
7.003427875E0,7.834887140E-1,-5.959746875E-1,1.245692676E-1,-1.242657260E-1,7.683776394E1,-7.499635961E1,2.698412600E0,-2.009530999E1
7.013471875E0,7.857770771E-1,-5.922572512E-1,1.250921414E-1,-1.270340575E-1,7.641478877E1,-7.448734829E1,2.643154683E0,-2.037632854E1
7.023516875E0,7.863907563E-1,-5.897338140E-1,1.284275798E-1,-1.315675200E-1,7.630102041E1,-7.423224867E1,2.682932340E0,-2.102629874E1
7.033560875E0,7.845973236E-1,-5.893592971E-1,1.346028517E-1,-1.376396165E-1,7.663309812E1,-7.437150878E1,2.807453329E0,-2.203002575E1
7.043605875E0,7.802405828E-1,-5.913189359E-1,1.435280580E-1,-1.447970153E-1,7.743478357E1,-7.493915031E1,3.022631052E0,-2.334370646E1
7.053649875E0,7.739098733E-1,-5.948623901E-1,1.549312251E-1,-1.523109555E-1,7.858739560E1,-7.583645327E1,3.359313285E0,-2.488500923E1
7.063693875E0,7.664321162E-1,-5.991436669E-1,1.682015818E-1,-1.591130143E-1,7.993086357E1,-7.693945805E1,3.851289646E0,-2.651683153E1
7.073738875E0,7.585559660E-1,-6.035979988E-1,1.823003770E-1,-1.644042983E-1,8.132588022E1,-7.814124178E1,4.479469259E0,-2.809471594E1
7.083782875E0,7.509798171E-1,-6.077893764E-1,1.959354304E-1,-1.680200764E-1,8.264935181E1,-7.932983544E1,5.166223091E0,-2.950734711E1
7.093827875E0,7.448385787E-1,-6.110621213E-1,2.072115247E-1,-1.699467985E-1,8.370952812E1,-8.031724437E1,5.795731139E0,-3.059764347E1
7.103871875E0,7.407074711E-1,-6.131997673E-1,2.151897124E-1,-1.703877810E-1,8.441656767E1,-8.100755147E1,6.305040919E0,-3.129641529E1
7.113916875E0,7.381158403E-1,-6.146013397E-1,2.202797662E-1,-1.700796243E-1,8.485767910E1,-8.146065381E1,6.668323718E0,-3.169515700E1
7.123960875E0,7.364806901E-1,-6.155664393E-1,2.232612132E-1,-1.697898436E-1,8.513503800E1,-8.174965292E1,6.881788587E0,-3.192222565E1
7.134005875E0,7.356357933E-1,-6.158552928E-1,2.250243212E-1,-1.700772219E-1,8.527806572E1,-8.188153076E1,6.983642573E0,-3.209581233E1
7.144049875E0,7.354881950E-1,-6.154856227E-1,2.257636191E-1,-1.710712975E-1,8.530303189E1,-8.186739035E1,6.979205333E0,-3.224247598E1
7.154094875E0,7.359588067E-1,-6.147922228E-1,2.253066629E-1,-1.721398044E-1,8.522340755E1,-8.174541353E1,6.890510843E0,-3.229428749E1
7.164138875E0,7.367669093E-1,-6.141605258E-1,2.238628805E-1,-1.728205814E-1,8.508654150E1,-8.158163026E1,6.753056119E0,-3.223090347E1
7.174183875E0,7.375360893E-1,-6.139292661E-1,2.217640939E-1,-1.730663818E-1,8.495610201E1,-8.144239150E1,6.581535365E0,-3.207847520E1
7.184227875E0,7.379221755E-1,-6.143512825E-1,2.193333587E-1,-1.730205892E-1,8.489056738E1,-8.138126190E1,6.379367068E0,-3.187831834E1
7.194272875E0,7.377036441E-1,-6.156375832E-1,2.166981059E-1,-1.727009054E-1,8.492766613E1,-8.143561172E1,6.146765640E0,-3.164369948E1
7.204316875E0,7.367555718E-1,-6.179111949E-1,2.139645035E-1,-1.720350905E-1,8.508846294E1,-8.162917413E1,5.893187391E0,-3.137716937E1
7.214360875E0,7.350835221E-1,-6.212051819E-1,2.111906929E-1,-1.707476729E-1,8.537145184E1,-8.197053221E1,5.643986623E0,-3.105857865E1
7.224405875E0,7.328078662E-1,-6.254116903E-1,2.084349634E-1,-1.685459848E-1,8.575538643E1,-8.244832400E1,5.431998720E0,-3.066578699E1
7.234449875E0,7.300932509E-1,-6.302862051E-1,2.058284548E-1,-1.653417495E-1,8.621157565E1,-8.303496956E1,5.285735334E0,-3.020070025E1
7.244494875E0,7.270446640E-1,-6.355447620E-1,2.035838190E-1,-1.613769323E-1,8.672158680E1,-8.370040505E1,5.215646190E0,-2.970148760E1
7.254538875E0,7.237402878E-1,-6.409387789E-1,2.018670303E-1,-1.569943976E-1,8.727168946E1,-8.441642319E1,5.218320364E0,-2.921169919E1
7.264583875E0,7.204952123E-1,-6.461338416E-1,2.004712531E-1,-1.523455370E-1,8.780923754E1,-8.512367553E1,5.279018008E0,-2.872652905E1
7.274627875E0,7.188031849E-1,-6.500907353E-1,1.978935730E-1,-1.467727121E-1,8.808848526E1,-8.559662010E1,5.374308947E0,-2.805809860E1
7.284672875E0,7.196311387E-1,-6.521123931E-1,1.931149211E-1,-1.399537524E-1,8.795193008E1,-8.568410093E1,5.475025814E0,-2.708892917E1
7.294716875E0,7.219796032E-1,-6.527898827E-1,1.869558125E-1,-1.328848408E-1,8.756367414E1,-8.551544066E1,5.535634347E0,-2.597689804E1
7.304761875E0,7.243784543E-1,-6.530965010E-1,1.807928053E-1,-1.267075247E-1,8.716566581E1,-8.529993591E1,5.533074828E0,-2.494091617E1
7.314805875E0,7.256742803E-1,-6.538760912E-1,1.759512703E-1,-1.219996585E-1,8.695006213E1,-8.521839033E1,5.498592680E0,-2.414497657E1
7.324850875E0,7.250270943E-1,-6.557379493E-1,1.736100340E-1,-1.191761358E-1,8.705779638E1,-8.540566902E1,5.477066768E0,-2.372417541E1
7.334894875E0,7.220213918E-1,-6.589463782E-1,1.744144909E-1,-1.185508030E-1,8.755675309E1,-8.592488800E1,5.487278620E0,-2.375949246E1
7.344939875E0,7.170444602E-1,-6.632052329E-1,1.778624403E-1,-1.198789977E-1,8.837799677E1,-8.671442985E1,5.512435859E0,-2.418791250E1
7.354983875E0,7.113355852E-1,-6.676628522E-1,1.824219706E-1,-1.222711685E-1,8.931262727E1,-8.758756313E1,5.523536589E0,-2.480253356E1
7.365028875E0,7.058851337E-1,-6.716386066E-1,1.869709221E-1,-1.251781421E-1,9.019780582E1,-8.839460283E1,5.498002093E0,-2.545830055E1
7.375072875E0,7.010662527E-1,-6.749458276E-1,1.910597986E-1,-1.282597300E-1,9.097477535E1,-8.908549908E1,5.437185065E0,-2.608637615E1
7.385116875E0,6.968286610E-1,-6.775777297E-1,1.948619501E-1,-1.317083326E-1,9.165376486E1,-8.966424916E1,5.341139733E0,-2.671651748E1
7.395161875E0,6.930746623E-1,-6.796022115E-1,1.985401056E-1,-1.355363412E-1,9.225201889E1,-9.014698212E1,5.220255163E0,-2.736366291E1
7.405205875E0,6.896324660E-1,-6.811776607E-1,2.022185140E-1,-1.396843287E-1,9.279795519E1,-9.056318838E1,5.083831470E0,-2.803456329E1
7.415250875E0,6.863067214E-1,-6.824904296E-1,2.058720767E-1,-1.442445545E-1,9.332307954E1,-9.094045917E1,4.915802879E0,-2.873582738E1
7.425294875E0,6.830591803E-1,-6.836562957E-1,2.093160643E-1,-1.491001664E-1,9.383367363E1,-9.128778153E1,4.708363278E0,-2.944236117E1
7.435339875E0,6.799556760E-1,-6.846872077E-1,2.124740434E-1,-1.540076401E-1,9.431964098E1,-9.160270957E1,4.476588526E0,-3.012740463E1
7.445383875E0,6.770666571E-1,-6.855865582E-1,2.152933093E-1,-1.587468214E-1,9.477031130E1,-9.188250612E1,4.236095073E0,-3.076821583E1
7.455428875E0,6.744393700E-1,-6.864535399E-1,2.175575012E-1,-1.630391618E-1,9.517874162E1,-9.213130431E1,3.992222947E0,-3.132338085E1
7.465472875E0,6.721104827E-1,-6.875112994E-1,2.188516202E-1,-1.664319199E-1,9.553967484E1,-9.236261503E1,3.746219326E0,-3.172013785E1
7.475517875E0,6.700460458E-1,-6.890623666E-1,2.188169123E-1,-1.683761540E-1,9.585876253E1,-9.260560787E1,3.508204724E0,-3.188299529E1
7.485561875E0,6.681156147E-1,-6.912878045E-1,2.175199695E-1,-1.686056226E-1,9.615641376E1,-9.289301401E1,3.299020220E0,-3.179671622E1
7.495606875E0,6.660678047E-1,-6.938450646E-1,2.160550714E-1,-1.680862680E-1,9.647140662E1,-9.322661975E1,3.127782854E0,-3.163543330E1
7.505650875E0,6.638048561E-1,-6.961546697E-1,2.155732065E-1,-1.681070886E-1,9.681859517E1,-9.357132301E1,2.988757945E0,-3.160350417E1
7.515695875E0,6.614800781E-1,-6.977601907E-1,2.165389805E-1,-1.693685016E-1,9.717430024E1,-9.387625255E1,2.872595468E0,-3.179721198E1
7.525739875E0,6.593684789E-1,-6.983859660E-1,2.188665191E-1,-1.720104768E-1,9.749654566E1,-9.409294159E1,2.772361751E0,-3.221970184E1
7.535784875E0,6.576121143E-1,-6.980216697E-1,2.222235788E-1,-1.758660073E-1,9.776397535E1,-9.420443062E1,2.679971175E0,-3.282874899E1
7.545828875E0,6.561622838E-1,-6.969285280E-1,2.261628129E-1,-1.805326538E-1,9.798432134E1,-9.423189011E1,2.588489753E0,-3.355381946E1
7.555872875E0,6.549572633E-1,-6.954723333E-1,2.301435196E-1,-1.854269566E-1,9.816718098E1,-9.420729740E1,2.496003588E0,-3.430131607E1
7.565917875E0,6.539823645E-1,-6.940100273E-1,2.336490205E-1,-1.899088104E-1,9.831493518E1,-9.416032604E1,2.407557471E0,-3.497433980E1
7.575961875E0,6.532655309E-1,-6.927569172E-1,2.364036542E-1,-1.935081512E-1,9.842347241E1,-9.410917756E1,2.336051599E0,-3.551018391E1
7.586006875E0,6.528132531E-1,-6.917505559E-1,2.384304751E-1,-1.961298959E-1,9.849190709E1,-9.405949990E1,2.289874965E0,-3.590262602E1
7.596050875E0,6.525688857E-1,-6.908543874E-1,2.400551939E-1,-1.981097863E-1,9.852886795E1,-9.400636550E1,2.268076827E0,-3.620738715E1
7.606095875E0,6.525605827E-1,-6.898347498E-1,2.416351318E-1,-1.997625750E-1,9.853012360E1,-9.393204403E1,2.278496947E0,-3.648134764E1
7.616139875E0,6.529011925E-1,-6.885268909E-1,2.433517308E-1,-2.010734473E-1,9.847860364E1,-9.382070104E1,2.342922657E0,-3.673899340E1
7.626184875E0,6.537390718E-1,-6.868409538E-1,2.451673959E-1,-2.019098937E-1,9.835178257E1,-9.365649765E1,2.475434572E0,-3.696563775E1
7.636228875E0,6.552163821E-1,-6.847250977E-1,2.468282346E-1,-2.022837573E-1,9.812788155E1,-9.341740326E1,2.661444968E0,-3.713890974E1
7.646273875E0,6.574536632E-1,-6.821406108E-1,2.479681804E-1,-2.023624454E-1,9.778807481E1,-9.307683754E1,2.864601021E0,-3.723908788E1
7.656317875E0,6.605309311E-1,-6.790230716E-1,2.484117550E-1,-2.022824929E-1,9.731924561E1,-9.261512545E1,3.064397803E0,-3.726108997E1
7.666362875E0,6.643775686E-1,-6.753873159E-1,2.484167283E-1,-2.018502559E-1,9.673081628E1,-9.205029981E1,3.292353941E0,-3.721177142E1
7.676406875E0,6.687600190E-1,-6.713642938E-1,2.482538939E-1,-2.009979412E-1,9.605713107E1,-9.141924199E1,3.563738650E0,-3.710970380E1
7.686451875E0,6.734158760E-1,-6.671036900E-1,2.480388396E-1,-1.999013013E-1,9.533749126E1,-9.075237356E1,3.862184166E0,-3.697989711E1
7.696495875E0,6.781541933E-1,-6.627114615E-1,2.477972750E-1,-1.987888774E-1,9.460085394E1,-9.006778460E1,4.163921626E0,-3.684397604E1
7.706539875E0,6.828506377E-1,-6.581993674E-1,2.476725414E-1,-1.978561466E-1,9.386638891E1,-8.937564542E1,4.461495800E0,-3.673111112E1
7.716584875E0,6.875205717E-1,-6.535083600E-1,2.478116892E-1,-1.970578220E-1,9.313168064E1,-8.867563345E1,4.772146337E0,-3.665004793E1
7.726628875E0,6.921404774E-1,-6.485449364E-1,2.484243779E-1,-1.965103977E-1,9.240042810E1,-8.796612161E1,5.105935966E0,-3.662833541E1
7.736673875E0,6.966262297E-1,-6.431831197E-1,2.498432727E-1,-1.964831919E-1,9.168610246E1,-8.724838201E1,5.471200561E0,-3.671709708E1
7.746717875E0,7.008091148E-1,-6.373197765E-1,2.524980605E-1,-1.973191536E-1,9.101608901E1,-8.653411497E1,5.877106996E0,-3.698257500E1
7.756762875E0,7.046057450E-1,-6.309875497E-1,2.563718616E-1,-1.991457558E-1,9.040459683E1,-8.583107793E1,6.313308824E0,-3.743491161E1
7.766806875E0,7.083742844E-1,-6.242986552E-1,2.603212953E-1,-2.017175354E-1,8.979440777E1,-8.509205555E1,6.715871477E0,-3.795480581E1
7.776851875E0,7.128187328E-1,-6.172992016E-1,2.627557394E-1,-2.044278518E-1,8.907055914E1,-8.422881539E1,7.019557057E0,-3.835182869E1
7.786895875E0,7.183753312E-1,-6.100566872E-1,2.626640279E-1,-2.068221721E-1,8.815898567E1,-8.318824435E1,7.182847316E0,-3.850018612E1
7.796940875E0,7.249928500E-1,-6.027519851E-1,2.598649503E-1,-2.086758326E-1,8.706349392E1,-8.198581656E1,7.194668653E0,-3.836965480E1
7.806984875E0,7.322413493E-1,-5.956218236E-1,2.547146160E-1,-2.101849427E-1,8.585075031E1,-8.068090611E1,7.044700996E0,-3.801653542E1
7.817029875E0,7.395149892E-1,-5.890240400E-1,2.477491222E-1,-2.116333402E-1,8.461976706E1,-7.936145782E1,6.725579833E0,-3.752183473E1
7.827073875E0,7.462671883E-1,-5.833588608E-1,2.395409076E-1,-2.130678293E-1,8.346388687E1,-7.812072782E1,6.253812904E0,-3.694617919E1
7.837118875E0,7.521506987E-1,-5.789119152E-1,2.306840318E-1,-2.142784764E-1,8.244595386E1,-7.703285277E1,5.677073944E0,-3.632296395E1
7.847162875E0,7.570399228E-1,-5.757299757E-1,2.218081795E-1,-2.150042241E-1,8.159213126E1,-7.613662754E1,5.063890277E0,-3.567685567E1
7.857207875E0,7.610583719E-1,-5.737278529E-1,2.131576021E-1,-2.149194246E-1,8.088481868E1,-7.542993947E1,4.464433122E0,-3.499194924E1
7.867251875E0,7.643449621E-1,-5.728179024E-1,2.047731609E-1,-2.138328156E-1,8.030249581E1,-7.490031330E1,3.902575528E0,-3.424858404E1
7.877296875E0,7.669137282E-1,-5.729538471E-1,1.967413413E-1,-2.118020962E-1,7.984490497E1,-7.454397684E1,3.385952000E0,-3.345470764E1
7.887340875E0,7.688101467E-1,-5.739454992E-1,1.892089198E-1,-2.090873544E-1,7.950567805E1,-7.434029817E1,2.918877087E0,-3.264198416E1
7.897384875E0,7.701802354E-1,-5.754311967E-1,1.822759950E-1,-2.060993326E-1,7.925984681E1,-7.424248032E1,2.497670374E0,-3.185309848E1
7.907430875E0,7.712107469E-1,-5.769722330E-1,1.761396878E-1,-2.032527976E-1,7.907452459E1,-7.419622627E1,2.128408866E0,-3.113884041E1
7.917474875E0,7.720905413E-1,-5.782015512E-1,1.709702293E-1,-2.008193861E-1,7.891601883E1,-7.415462394E1,1.821214251E0,-3.053526822E1
7.927519875E0,7.729498945E-1,-5.788971849E-1,1.668833759E-1,-1.989383933E-1,7.876093822E1,-7.408798864E1,1.584729654E0,-3.006267630E1
7.937563875E0,7.738574636E-1,-5.789469603E-1,1.640294020E-1,-1.976345595E-1,7.859687836E1,-7.398339131E1,1.434314679E0,-2.973346973E1
7.947608875E0,7.747831138E-1,-5.784072489E-1,1.625195123E-1,-1.968338326E-1,7.842925388E1,-7.385041968E1,1.382940204E0,-2.954820424E1
7.957652875E0,7.755938506E-1,-5.774636020E-1,1.623986140E-1,-1.965110720E-1,7.828219165E1,-7.371518677E1,1.429950283E0,-2.950750256E1
7.967697875E0,7.760917524E-1,-5.764190134E-1,1.635534588E-1,-1.966544767E-1,7.819176055E1,-7.361520952E1,1.556013575E0,-2.960229092E1
7.977741875E0,7.761017201E-1,-5.756042306E-1,1.657404587E-1,-1.971700802E-1,7.818994927E1,-7.358758701E1,1.735126726E0,-2.980685703E1
7.987786875E0,7.755471097E-1,-5.753191493E-1,1.685354691E-1,-1.978138733E-1,7.829067642E1,-7.365812351E1,1.937090875E0,-3.006867374E1
7.997830875E0,7.744249920E-1,-5.757584248E-1,1.715179276E-1,-1.983678514E-1,7.849414116E1,-7.383761164E1,2.133707618E0,-3.033785989E1
8.007875875E0,7.727789469E-1,-5.770501414E-1,1.742414570E-1,-1.986598870E-1,7.879180813E1,-7.412584912E1,2.293981113E0,-3.056662954E1
8.017919875E0,7.707268379E-1,-5.792527357E-1,1.762276694E-1,-1.984699522E-1,7.916159361E1,-7.451104412E1,2.390974300E0,-3.069963336E1
8.027964875E0,7.685855251E-1,-5.821494043E-1,1.770679932E-1,-1.975479477E-1,7.954592079E1,-7.494600839E1,2.417393132E0,-3.068242613E1
8.038008875E0,7.669448747E-1,-5.851210100E-1,1.765210957E-1,-1.956251663E-1,7.983934325E1,-7.533487922E1,2.397674948E0,-3.046977645E1
8.048053875E0,7.660046418E-1,-5.881425808E-1,1.740887379E-1,-1.924015436E-1,8.000709524E1,-7.565470629E1,2.314604462E0,-2.999648281E1
8.058097875E0,7.654573439E-1,-5.917683478E-1,1.693913452E-1,-1.875952645E-1,8.010460695E1,-7.597163460E1,2.137503393E0,-2.921005035E1
8.068142875E0,7.648931029E-1,-5.963825426E-1,1.625624178E-1,-1.812175823E-1,8.020503417E1,-7.635369430E1,1.864489594E0,-2.812342503E1
8.078186875E0,7.640837991E-1,-6.019386773E-1,1.541719074E-1,-1.734263159E-1,8.034889708E1,-7.682749313E1,1.536656435E0,-2.679442362E1
8.088230875E0,7.629171744E-1,-6.083264326E-1,1.446022337E-1,-1.642756450E-1,8.055590225E1,-7.740222402E1,1.190269117E0,-2.525706179E1
8.098275875E0,7.613979069E-1,-6.152659955E-1,1.341247800E-1,-1.540507774E-1,8.082482053E1,-7.805697734E1,8.411462216E-1,-2.355791130E1
8.108319875E0,7.598562595E-1,-6.222536058E-1,1.227241418E-1,-1.426805692E-1,8.109694464E1,-7.872686833E1,5.121404089E-1,-2.168967333E1
8.118364875E0,7.589338125E-1,-6.281384649E-1,1.111981799E-1,-1.307537908E-1,8.125940980E1,-7.927146504E1,2.590434896E-1,-1.976518285E1
8.128408875E0,7.597470992E-1,-6.312958539E-1,1.005007197E-1,-1.189521464E-1,8.111618444E1,-7.947113451E1,1.445154005E-1,-1.791703013E1
8.138453875E0,7.623338409E-1,-6.317560132E-1,9.005487619E-2,-1.078042839E-1,8.065924323E1,-7.930685803E1,6.255268802E-2,-1.614989888E1
8.148497875E0,7.655070982E-1,-6.312154167E-1,7.856667788E-2,-9.691823758E-2,8.009574633E1,-7.900115692E1,-1.183658445E-1,-1.433368827E1
8.158542875E0,7.682574119E-1,-6.309538744E-1,6.651590344E-2,-8.516695865E-2,7.960467437E1,-7.875829128E1,-3.019600916E-1,-1.240380641E1
8.168586875E0,7.701646621E-1,-6.313464934E-1,5.504603901E-2,-7.223611587E-2,7.926264466E1,-7.865319661E1,-3.680138274E-1,-1.041504347E1
8.178631875E0,7.710123196E-1,-6.325401975E-1,4.453804996E-2,-5.872914674E-2,7.911023701E1,-7.870727474E1,-3.219078166E-1,-8.447801665E0
8.188675875E0,7.705978475E-1,-6.347589340E-1,3.464985139E-2,-4.538090264E-2,7.918478915E1,-7.894433059E1,-2.411967485E-1,-6.541939864E0
8.198720875E0,7.688804477E-1,-6.380586529E-1,2.516525104E-2,-3.271998935E-2,7.949307959E1,-7.936821482E1,-1.751194184E-1,-4.728239727E0
8.208764875E0,7.660083928E-1,-6.422916717E-1,1.607775830E-2,-2.083676970E-2,8.000642657E1,-7.995589497E1,-1.223364195E-1,-3.013750727E0
8.218809875E0,7.621829341E-1,-6.472448325E-1,7.472615168E-3,-9.774107051E-3,8.068595939E1,-8.067486703E1,-7.227755953E-2,-1.408045579E0
8.228853875E0,7.576630218E-1,-6.526456140E-1,-5.581717883E-4,4.923594843E-4,8.148278809E1,-8.148277289E1,-1.163904936E-2,8.449193477E-2
8.238898875E0,7.528467750E-1,-6.580726529E-1,-7.840767889E-3,1.002964339E-2,8.232484052E1,-8.231319588E1,7.990898478E-2,1.456683473E0
8.248942875E0,7.481754290E-1,-6.630790663E-1,-1.430120542E-2,1.884351879E-2,8.313485171E1,-8.309381312E1,2.056845382E-1,2.703213773E0
8.258987875E0,7.440783760E-1,-6.672492863E-1,-2.000422193E-2,2.693609303E-2,8.384000126E1,-8.375624532E1,3.539045160E-1,3.829177078E0
8.269031875E0,7.408900302E-1,-6.702657151E-1,-2.523213809E-2,3.448503614E-2,8.438542447E1,-8.424825684E1,5.064895829E-1,4.871828901E0
8.279075875E0,7.388056156E-1,-6.719371749E-1,-3.028019258E-2,4.183005172E-2,8.474045701E1,-8.453870256E1,6.573105077E-1,5.883614926E0
8.289120875E0,7.378424758E-1,-6.722221718E-1,-3.546454997E-2,4.947877750E-2,8.490409903E1,-8.462184892E1,8.128801918E-1,6.932927441E0
8.299164875E0,7.377987485E-1,-6.712988819E-1,-4.096161591E-2,5.773203659E-2,8.491152245E1,-8.452716503E1,9.779744491E-1,8.059688407E0
8.309209875E0,7.382750711E-1,-6.695658667E-1,-4.690712432E-2,6.656704864E-2,8.483063069E1,-8.431944116E1,1.139191136E0,9.272854549E0
8.319253875E0,7.388333693E-1,-6.674746665E-1,-5.339702249E-2,7.583941853E-2,8.473573773E1,-8.407201176E1,1.280024123E0,1.056748259E1
8.329298875E0,7.390867140E-1,-6.654511963E-1,-6.039550669E-2,8.531070048E-2,8.469264875E1,-8.385265359E1,1.390429001E0,1.191997739E1
8.339342875E0,7.387833199E-1,-6.637849207E-1,-6.780530198E-2,9.482284379E-2,8.474424804E1,-8.370657631E1,1.472497206E0,1.330880926E1
8.349387875E0,7.377345588E-1,-6.626605481E-1,-7.564526907E-2,1.044336529E-1,8.492241872E1,-8.366409180E1,1.535473754E0,1.474006513E1
8.359431875E0,7.358182681E-1,-6.621927603E-1,-8.388670598E-2,1.141719773E-1,8.524719204E1,-8.374408344E1,1.590561640E0,1.621399019E1
8.369476875E0,7.329758214E-1,-6.624467372E-1,-9.240517412E-2,1.239839111E-1,8.572709748E1,-8.395584267E1,1.650573515E0,1.771651799E1
8.379520875E0,7.292230871E-1,-6.634224789E-1,-1.010709455E-1,1.337493148E-1,8.635739563E1,-8.429794388E1,1.722460000E0,1.922753505E1
8.389565875E0,7.246199769E-1,-6.650601790E-1,-1.097846800E-1,1.434159474E-1,8.712551287E1,-8.475985475E1,1.814065528E0,2.073513441E1
8.399609875E0,7.192955444E-1,-6.672186666E-1,-1.184908913E-1,1.529481526E-1,8.800730026E1,-8.531920151E1,1.927781391E0,2.223229896E1
8.409654875E0,7.134112964E-1,-6.697066372E-1,-1.271697282E-1,1.623735788E-1,8.897370003E1,-8.594651399E1,2.065197149E0,2.372031440E1
8.419698875E0,7.071536274E-1,-6.722934843E-1,-1.358518525E-1,1.717544979E-1,8.999240799E1,-8.660748015E1,2.223783437E0,2.520758075E1
8.429743875E0,7.007043377E-1,-6.747617724E-1,-1.445780203E-1,1.811276831E-1,9.103291907E1,-8.727001704E1,2.396990894E0,2.670125101E1
8.439787875E0,6.942374728E-1,-6.769343792E-1,-1.533796099E-1,1.904439278E-1,9.206703049E1,-8.790790379E1,2.571859194E0,2.820050143E1
8.449832875E0,6.878693158E-1,-6.786875195E-1,-1.623194622E-1,1.996783234E-1,9.307663498E1,-8.850435108E1,2.735722070E0,2.970921716E1
8.459876875E0,6.816597995E-1,-6.799893303E-1,-1.713592237E-1,2.087831596E-1,9.405303564E1,-8.905331671E1,2.884528393E0,3.122095494E1
8.469920875E0,6.756252559E-1,-6.808461757E-1,-1.804407737E-1,2.177618291E-1,9.499455249E1,-8.955365847E1,3.021112443E0,3.273178591E1
8.479965875E0,6.697180379E-1,-6.812886965E-1,-1.895589283E-1,2.266955280E-1,9.590938687E1,-9.000997026E1,3.152177934E0,3.424857492E1
8.490009875E0,6.638978532E-1,-6.813696817E-1,-1.986710980E-1,2.355944558E-1,9.680434570E1,-9.042868944E1,3.282506293E0,3.576889171E1
8.500054875E0,6.581164014E-1,-6.811574091E-1,-2.077706237E-1,2.444152854E-1,9.768724684E1,-9.082012832E1,3.410887157E0,3.728856352E1
8.510098875E0,6.523471089E-1,-6.807175646E-1,-2.168507407E-1,2.530664951E-1,9.856240306E1,-9.119418110E1,3.532213270E0,3.879920002E1
8.520143875E0,6.465653410E-1,-6.801054027E-1,-2.259062651E-1,2.614886787E-1,9.943371786E1,-9.155915337E1,3.643797519E0,4.029525098E1
8.530187875E0,6.407761131E-1,-6.793708463E-1,-2.348735339E-1,2.696215243E-1,1.003005666E2,-9.191932189E1,3.746565031E0,4.176600526E1
8.540232875E0,6.350088648E-1,-6.785700984E-1,-2.436030313E-1,2.774238753E-1,1.011587161E2,-9.227461752E1,3.848754031E0,4.319475651E1
8.550276875E0,6.293067756E-1,-6.777670112E-1,-2.519067402E-1,2.848647750E-1,1.020020076E2,-9.262274771E1,3.961759269E0,4.456191027E1
8.560321875E0,6.237590386E-1,-6.770092952E-1,-2.596075595E-1,2.918680112E-1,1.028176759E2,-9.295816573E1,4.090358020E0,4.584447751E1
8.570365875E0,6.184761313E-1,-6.762911550E-1,-2.666358415E-1,2.983671922E-1,1.035901226E2,-9.327246530E1,4.229425418E0,4.702956341E1
8.580410875E0,6.135756645E-1,-6.756002839E-1,-2.729585431E-1,3.042742100E-1,1.043030034E2,-9.355832349E1,4.368683202E0,4.810544369E1
8.590454875E0,6.091277601E-1,-6.748986864E-1,-2.785950309E-1,3.096125088E-1,1.049470779E2,-9.380792269E1,4.503167972E0,4.907488841E1
8.600499875E0,6.051739221E-1,-6.741696513E-1,-2.835422069E-1,3.144258053E-1,1.055172836E2,-9.401574484E1,4.632710158E0,4.994047598E1
8.610543875E0,6.017514083E-1,-6.733823692E-1,-2.877899981E-1,3.187920713E-1,1.060091274E2,-9.417395410E1,4.759983185E0,5.070737911E1
8.620588875E0,5.988845481E-1,-6.725334263E-1,-2.912952039E-1,3.227741372E-1,1.064198980E2,-9.427707354E1,4.890308969E0,5.137649240E1
8.630632875E0,5.966206091E-1,-6.717135648E-1,-2.939222381E-1,3.262737375E-1,1.067435039E2,-9.432816680E1,5.025831399E0,5.192581444E1
8.640677875E0,5.950241813E-1,-6.710610683E-1,-2.955463037E-1,3.290526373E-1,1.069712881E2,-9.433843057E1,5.158684557E0,5.232155899E1
8.650721875E0,5.941265693E-1,-6.707187305E-1,-2.961126098E-1,3.308585139E-1,1.070992156E2,-9.432490626E1,5.276907726E0,5.253491215E1
8.660766875E0,5.938867748E-1,-6.708084190E-1,-2.956348331E-1,3.315338539E-1,1.071333732E2,-9.430684007E1,5.373288334E0,5.255189704E1
8.670810875E0,5.941103111E-1,-6.713996129E-1,-2.943384382E-1,3.310895523E-1,1.071015317E2,-9.431064399E1,5.442559398E0,5.239311977E1
8.680854875E0,5.945284395E-1,-6.723974395E-1,-2.927052900E-1,3.297593662E-1,1.070419542E2,-9.435499653E1,5.475233026E0,5.212317779E1
8.690899875E0,5.948211704E-1,-6.735024877E-1,-2.913602576E-1,3.281637076E-1,1.070002304E2,-9.443601528E1,5.475703831E0,5.185497679E1
8.700943875E0,5.947495945E-1,-6.744435636E-1,-2.907511303E-1,3.268985540E-1,1.070104334E2,-9.454140750E1,5.457134028E0,5.168296452E1
8.710988875E0,5.941633951E-1,-6.750469801E-1,-2.911735681E-1,3.263424053E-1,1.070939692E2,-9.466360666E1,5.427351557E0,5.166796893E1
8.721032875E0,5.929654131E-1,-6.752832342E-1,-2.927284707E-1,3.266416479E-1,1.072645470E2,-9.480504907E1,5.393509779E0,5.183221162E1
8.731077875E0,5.910758645E-1,-6.752338592E-1,-2.954112652E-1,3.277509740E-1,1.075332159E2,-9.497934148E1,5.359016812E0,5.217123187E1
8.741121875E0,5.884721797E-1,-6.750614997E-1,-2.990509616E-1,3.294860123E-1,1.079026715E2,-9.520220766E1,5.329330507E0,5.265324761E1
8.751166875E0,5.851562026E-1,-6.749051138E-1,-3.034739573E-1,3.316607370E-1,1.083719484E2,-9.548566689E1,5.308581296E0,5.324632783E1
8.761210875E0,5.812623185E-1,-6.749793976E-1,-3.083525182E-1,3.338496968E-1,1.089212471E2,-9.584229375E1,5.291101091E0,5.388287761E1
8.771255875E0,5.769426248E-1,-6.754252480E-1,-3.134275678E-1,3.357100376E-1,1.095284216E2,-9.627693729E1,5.269160448E0,5.450885061E1
8.781299875E0,5.723680691E-1,-6.762930517E-1,-3.184159002E-1,3.370962685E-1,1.101689519E2,-9.677764105E1,5.247003571E0,5.508551866E1
8.791344875E0,5.676271598E-1,-6.775043310E-1,-3.232222635E-1,3.381044843E-1,1.108301488E2,-9.732519639E1,5.232360246E0,5.561306361E1
8.801388875E0,5.628020726E-1,-6.789468385E-1,-3.278494080E-1,3.388211810E-1,1.115003958E2,-9.790200379E1,5.224273825E0,5.609987821E1
8.811433875E0,5.579418772E-1,-6.803669239E-1,-3.325035264E-1,3.394748681E-1,1.121728320E2,-9.848359511E1,5.215365973E0,5.658658530E1
8.821477875E0,5.530878879E-1,-6.812588144E-1,-3.375632767E-1,3.406336746E-1,1.128417720E2,-9.901954920E1,5.204745704E0,5.716133572E1
8.831522875E0,5.483045894E-1,-6.808740769E-1,-3.434399171E-1,3.432512994E-1,1.134984434E2,-9.942506223E1,5.209773573E0,5.795079817E1
8.841566875E0,5.438060876E-1,-6.787735412E-1,-3.500820286E-1,3.478274357E-1,1.141137729E2,-9.962986706E1,5.246376615E0,5.899752434E1
8.851611875E0,5.395815931E-1,-6.752475780E-1,-3.573386623E-1,3.538380293E-1,1.146896788E2,-9.967251877E1,5.291899772E0,6.024244479E1
8.861655875E0,5.359004926E-1,-6.714260073E-1,-3.643093612E-1,3.595505236E-1,1.151899975E2,-9.965908665E1,5.299161350E0,6.144205161E1
8.871700875E0,5.328977246E-1,-6.682585558E-1,-3.703944705E-1,3.636735549E-1,1.155970954E2,-9.968466721E1,5.237892542E0,6.241703862E1
8.881744875E0,5.306751527E-1,-6.664562617E-1,-3.751110505E-1,3.653924720E-1,1.158978329E2,-9.981220714E1,5.101016840E0,6.304081976E1
8.891788875E0,5.293207900E-1,-6.663472805E-1,-3.781725028E-1,3.643988337E-1,1.160808503E2,-1.000613596E2,4.892310615E0,6.325389988E1
8.901833167E0,5.289576844E-1,-6.676308522E-1,-3.796016708E-1,3.610753545E-1,1.161298864E2,-1.003838765E2,4.619815524E0,6.309422922E1
8.911877167E0,5.295802460E-1,-6.695391351E-1,-3.797908680E-1,3.564000362E-1,1.160458037E2,-1.006943666E2,4.300536334E0,6.269239375E1
8.921922167E0,5.310776762E-1,-6.714495147E-1,-3.792260686E-1,3.511404941E-1,1.158434040E2,-1.009389363E2,3.942150302E0,6.216800490E1
8.931966167E0,5.331916567E-1,-6.730894486E-1,-3.783005238E-1,3.457544008E-1,1.155572861E2,-1.011099555E2,3.556564895E0,6.160150073E1
8.942011167E0,5.355729536E-1,-6.744439219E-1,-3.772379596E-1,3.405560928E-1,1.152344479E2,-1.012250965E2,3.169791246E0,6.104209522E1
8.952055167E0,5.377961472E-1,-6.755728042E-1,-3.762184906E-1,3.359112256E-1,1.149325226E2,-1.013098957E2,2.820507785E0,6.053824995E1
8.962100167E0,5.395852493E-1,-6.765053348E-1,-3.754467923E-1,3.320060145E-1,1.146891811E2,-1.013867738E2,2.523926247E0,6.012518554E1
8.972144167E0,5.408382962E-1,-6.772238121E-1,-3.750861417E-1,3.288956403E-1,1.145185529E2,-1.014668246E2,2.278108516E0,5.982297471E1
8.982189167E0,5.415364271E-1,-6.776664805E-1,-3.752289774E-1,3.266644599E-1,1.144234171E2,-1.015480409E2,2.082517806E0,5.964734747E1
8.992233167E0,5.417646734E-1,-6.777264133E-1,-3.759493513E-1,3.253306175E-1,1.143923024E2,-1.016197673E2,1.926541114E0,5.960688395E1
9.002278167E0,5.416616244E-1,-6.772972741E-1,-3.772920656E-1,3.248411661E-1,1.144063508E2,-1.016692012E2,1.793582429E0,5.970150138E1
9.012322167E0,5.414082270E-1,-6.763024504E-1,-3.791949010E-1,3.251205260E-1,1.144408910E2,-1.016793081E2,1.671047068E0,5.991866317E1
9.022367167E0,5.412069125E-1,-6.746536341E-1,-3.815278450E-1,3.261506160E-1,1.144683271E2,-1.016256275E2,1.553271577E0,6.024403543E1
9.032411167E0,5.412634525E-1,-6.722687230E-1,-3.840832822E-1,3.279766915E-1,1.144606220E2,-1.014781122E2,1.443803406E0,6.066085169E1
9.042456167E0,5.416996830E-1,-6.690369132E-1,-3.866523749E-1,3.308338158E-1,1.144011625E2,-1.012024234E2,1.362686959E0,6.116857475E1
9.052500167E0,5.425674866E-1,-6.650170627E-1,-3.888065530E-1,3.349662300E-1,1.142828192E2,-1.007712579E2,1.352817642E0,6.174567864E1
9.062545167E0,5.437753626E-1,-6.604044589E-1,-3.901517645E-1,3.405229232E-1,1.141179683E2,-1.001812229E2,1.458672011E0,6.236729674E1
9.072589167E0,5.451488546E-1,-6.554090143E-1,-3.906233351E-1,3.473688253E-1,1.139303272E2,-9.946042909E1,1.687122717E0,6.301910913E1
9.082634167E0,5.467398876E-1,-6.502510303E-1,-3.901318712E-1,3.550298685E-1,1.137127163E2,-9.863568693E1,2.012398838E0,6.365497581E1
9.092678167E0,5.488296653E-1,-6.452783554E-1,-3.883141830E-1,3.627864375E-1,1.134264798E2,-9.772754194E1,2.404824622E0,6.417780733E1
9.102723167E0,5.515003320E-1,-6.407832992E-1,-3.849807150E-1,3.701811969E-1,1.130599940E2,-9.676357960E1,2.853241174E0,6.452961247E1
9.112767167E0,5.545755346E-1,-6.368055745E-1,-3.804146835E-1,3.771064299E-1,1.126370327E2,-9.577630356E1,3.345085829E0,6.473039842E1
9.122811167E0,5.579153668E-1,-6.333720814E-1,-3.748681161E-1,3.834635760E-1,1.121764926E2,-9.479339360E1,3.868161569E0,6.479683999E1
9.132856167E0,5.617756862E-1,-6.304452989E-1,-3.684659466E-1,3.888180749E-1,1.116426251E2,-9.382165365E1,4.374003615E0,6.470040846E1
9.142900167E0,5.665185554E-1,-6.278610544E-1,-3.613516112E-1,3.927749897E-1,1.109843818E2,-9.285129323E1,4.806532278E0,6.441661302E1
9.152945167E0,5.721175113E-1,-6.252306906E-1,-3.538894906E-1,3.956392052E-1,1.102039627E2,-9.185862340E1,5.152032177E0,6.400873033E1
9.162989167E0,5.782903019E-1,-6.220025476E-1,-3.466962353E-1,3.981141050E-1,1.093392376E2,-9.081559247E1,5.409525984E0,6.360264337E1
9.173034167E0,5.846510094E-1,-6.177300056E-1,-3.403299855E-1,4.009591121E-1,1.084433215E2,-8.970234744E1,5.590645458E0,6.332365485E1
9.183078167E0,5.907807944E-1,-6.122381132E-1,-3.349873561E-1,4.048778102E-1,1.075751293E2,-8.850863628E1,5.736582667E0,6.325834880E1
9.193123167E0,5.962664386E-1,-6.055490712E-1,-3.306833199E-1,4.103962867E-1,1.067940672E2,-8.723885918E1,5.893486113E0,6.346089648E1
9.203167167E0,6.008118919E-1,-5.977807116E-1,-3.275291552E-1,4.176217739E-1,1.061438655E2,-8.591911927E1,6.068976514E0,6.395388614E1
9.213212167E0,6.045535416E-1,-5.892372293E-1,-3.255880188E-1,4.258016974E-1,1.056065562E2,-8.459842140E1,6.207278471E0,6.466695396E1
9.223256167E0,6.077334844E-1,-5.802920032E-1,-3.249310970E-1,4.339827748E-1,1.051484021E2,-8.333581067E1,6.242136868E0,6.550488898E1
9.233301167E0,6.105045817E-1,-5.712842523E-1,-3.255982394E-1,4.414796613E-1,1.047480071E2,-8.218244973E1,6.134473559E0,6.639330794E1
9.243345167E0,6.129113617E-1,-5.625871448E-1,-3.273893330E-1,4.479413369E-1,1.043993752E2,-8.117395508E1,5.894139420E0,6.727104377E1
9.253390167E0,6.148351336E-1,-5.543853365E-1,-3.299786141E-1,4.535953155E-1,1.041201164E2,-8.030876313E1,5.576131333E0,6.813052127E1
9.263434167E0,6.162502193E-1,-5.465697935E-1,-3.329524957E-1,4.589550828E-1,1.039143606E2,-7.953894481E1,5.240578592E0,6.899163188E1
9.273479167E0,6.172356495E-1,-5.388634319E-1,-3.360525440E-1,4.644512479E-1,1.037709065E2,-7.880761490E1,4.916529895E0,6.988087858E1
9.283523167E0,6.178818397E-1,-5.312761878E-1,-3.389783466E-1,4.701715920E-1,1.036767607E2,-7.809138218E1,4.627929898E0,7.078354767E1
9.293568167E0,6.183892719E-1,-5.239467560E-1,-3.415029533E-1,4.758678387E-1,1.036027885E2,-7.738800830E1,4.375650536E0,7.165315862E1
9.303612167E0,6.190700173E-1,-5.167013967E-1,-3.435527864E-1,4.813974314E-1,1.035034921E2,-7.666862629E1,4.135244643E0,7.246789046E1
9.313657167E0,6.203136812E-1,-5.093357765E-1,-3.449842988E-1,4.865942274E-1,1.033219105E2,-7.589589043E1,3.880902049E0,7.319671596E1
9.323701167E0,6.224063460E-1,-5.018596895E-1,-3.455971930E-1,4.912328358E-1,1.030158553E2,-7.505398212E1,3.603767490E0,7.379603342E1
9.333746167E0,6.252942059E-1,-4.943362136E-1,-3.454299649E-1,4.952948226E-1,1.025924307E2,-7.415269708E1,3.307437688E0,7.426585843E1
9.343790167E0,6.288615521E-1,-4.870704552E-1,-3.445368521E-1,4.985878033E-1,1.020676405E2,-7.323127059E1,3.001541155E0,7.458706618E1
9.353834167E0,6.329141401E-1,-4.804292288E-1,-3.429481477E-1,5.009931240E-1,1.014690975E2,-7.233278558E1,2.709382072E0,7.474716331E1
9.363879167E0,6.371834526E-1,-4.746776644E-1,-3.407594144E-1,5.025548280E-1,1.008357683E2,-7.149304119E1,2.455909561E0,7.475869493E1
9.373923167E0,6.413754993E-1,-4.700451883E-1,-3.382163052E-1,5.032937940E-1,1.002110727E2,-7.075616442E1,2.251980145E0,7.464405670E1
9.383968167E0,6.452394065E-1,-4.665858962E-1,-3.356105816E-1,5.033181865E-1,9.963274457E1,-7.015032113E1,2.096576036E0,7.443970717E1
9.394012167E0,6.486019821E-1,-4.642397550E-1,-3.331408553E-1,5.028060865E-1,9.912743988E1,-6.968346586E1,1.988190718E0,7.418271402E1
9.404057167E0,6.513696392E-1,-4.628758039E-1,-3.310115912E-1,5.018912048E-1,9.871010686E1,-6.935654901E1,1.914309525E0,7.390517729E1
9.414101167E0,6.534106899E-1,-4.623583934E-1,-3.294964278E-1,5.007107928E-1,9.840150075E1,-6.917587531E1,1.858009442E0,7.364489664E1
9.424146167E0,6.545032469E-1,-4.626035616E-1,-3.288465656E-1,4.994831130E-1,9.823601154E1,-6.915174175E1,1.814462077E0,7.344737033E1
9.434190167E0,6.545326127E-1,-4.635113099E-1,-3.292001039E-1,4.983689716E-1,9.823156066E1,-6.928377512E1,1.779600915E0,7.334252325E1
9.444235167E0,6.535317199E-1,-4.650327269E-1,-3.305789802E-1,4.973515362E-1,9.838317856E1,-6.956855589E1,1.746748099E0,7.333046234E1
9.454279167E0,6.516940646E-1,-4.671138013E-1,-3.329054546E-1,4.962595640E-1,9.866110163E1,-6.999462094E1,1.702758346E0,7.338572907E1
9.464324167E0,6.492974578E-1,-4.696554406E-1,-3.360562529E-1,4.948766100E-1,9.902269175E1,-7.054206737E1,1.629828834E0,7.347451918E1
9.474368167E0,6.466735952E-1,-4.725567717E-1,-3.398904096E-1,4.929277924E-1,9.941745566E1,-7.118941596E1,1.505701624E0,7.355521817E1
9.484413167E0,6.441454323E-1,-4.757992974E-1,-3.441349345E-1,4.901660201E-1,9.979673376E1,-7.191333589E1,1.323386820E0,7.357904655E1
9.494457167E0,6.419328808E-1,-4.794524334E-1,-3.483179934E-1,4.865409802E-1,1.001277980E2,-7.268315125E1,1.108912613E0,7.350342192E1
9.504502167E0,6.401531985E-1,-4.836283959E-1,-3.518581074E-1,4.821859358E-1,1.003935118E2,-7.346297168E1,9.116965730E-1,7.329634693E1
9.514546167E0,6.389772330E-1,-4.884348699E-1,-3.540953833E-1,4.772377957E-1,1.005688069E2,-7.420947342E1,7.839100652E-1,7.291748753E1
9.524591167E0,6.386398158E-1,-4.935100827E-1,-3.545257289E-1,4.721211577E-1,1.006190628E2,-7.483846313E1,7.542984228E-1,7.237098791E1
9.534635167E0,6.394039119E-1,-4.979954136E-1,-3.528822758E-1,4.675867732E-1,1.005052299E2,-7.522784193E1,8.275816208E-1,7.171727870E1
9.544680167E0,6.411312636E-1,-5.011485036E-1,-3.492979392E-1,4.645339031E-1,1.002475464E2,-7.530212567E1,1.014720194E0,7.106778542E1
9.554724167E0,6.431376327E-1,-5.029265685E-1,-3.444911175E-1,4.634272849E-1,9.994763049E1,-7.511679153E1,1.319603212E0,7.053625085E1
9.564769167E0,6.447426900E-1,-5.034507541E-1,-3.396363432E-1,4.642104366E-1,9.970722801E1,-7.478255999E1,1.688068417E0,7.021701212E1
9.574813167E0,6.456319042E-1,-5.023379245E-1,-3.360980994E-1,4.667486041E-1,9.957385995E1,-7.436227631E1,2.002307077E0,7.020996278E1
9.584858167E0,6.446733005E-1,-4.986243921E-1,-3.363735449E-1,4.718294225E-1,9.971762983E1,-7.394018305E1,2.110636831E0,7.081116398E1
9.594902167E0,6.408456607E-1,-4.921993474E-1,-3.416731844E-1,4.799127139E-1,1.002901855E2,-7.361045040E1,1.977434626E0,7.217753015E1
9.604946167E0,6.359914132E-1,-4.839952578E-1,-3.488657496E-1,4.894447558E-1,1.010128908E2,-7.324902756E1,1.720658326E0,7.388308913E1
9.614991167E0,6.330325359E-1,-4.753238072E-1,-3.543177711E-1,4.977910962E-1,1.014515728E2,-7.271394002E1,1.411599330E0,7.532103642E1
9.625035167E0,6.335739543E-1,-4.679374613E-1,-3.558303635E-1,5.029944618E-1,1.013714052E2,-7.200708353E1,1.137407504E0,7.606564330E1
9.635080167E0,6.374642612E-1,-4.638325111E-1,-3.524359565E-1,5.042693355E-1,1.007940107E2,-7.125532967E1,1.057876044E0,7.593372432E1
9.645124167E0,6.432180594E-1,-4.642770075E-1,-3.448967967E-1,5.017604232E-1,9.993559441E1,-7.066639437E1,1.273443896E0,7.501125811E1
9.655169167E0,6.485261231E-1,-4.695391891E-1,-3.359764373E-1,4.960512058E-1,9.913886035E1,-7.052131583E1,1.722110280E0,7.360644686E1
9.665213167E0,6.518403036E-1,-4.790843228E-1,-3.277861561E-1,4.879944090E-1,9.863900599E1,-7.095362167E1,2.306920869E0,7.199584797E1
9.675258167E0,6.526310365E-1,-4.919890188E-1,-3.206150332E-1,4.787751494E-1,9.851946855E1,-7.189640670E1,3.016158639E0,7.034067998E1
9.685302167E0,6.511964578E-1,-5.071327239E-1,-3.142431830E-1,4.690530357E-1,9.873625896E1,-7.321542746E1,3.811616067E0,6.869795188E1
9.695347167E0,6.480714692E-1,-5.233391354E-1,-3.087020315E-1,4.591541424E-1,9.920728753E1,-7.478216516E1,4.615277521E0,6.710631034E1
9.705391167E0,6.437743873E-1,-5.396808278E-1,-3.040634231E-1,4.492710857E-1,9.985230937E1,-7.649077680E1,5.360934460E0,6.559340262E1
9.715436167E0,6.387327812E-1,-5.554228338E-1,-3.003888185E-1,4.396503089E-1,1.006052181E2,-7.824879704E1,6.006844659E0,6.419315756E1
9.725480167E0,6.332320064E-1,-5.698735236E-1,-2.979245239E-1,4.306999409E-1,1.014220426E2,-7.997389518E1,6.521630241E0,6.297253376E1
9.735525167E0,6.276829628E-1,-5.822543921E-1,-2.968266196E-1,4.229514852E-1,1.022412363E2,-8.155808466E1,6.886602337E0,6.200474123E1
9.745569167E0,6.227758264E-1,-5.915431571E-1,-2.971187604E-1,4.170701243E-1,1.029617508E2,-8.284549394E1,7.085664689E0,6.136646471E1
9.755614167E0,6.193560416E-1,-5.967899762E-1,-2.986896999E-1,4.135507676E-1,1.034617511E2,-8.367910437E1,7.100801892E0,6.110364347E1
9.765658167E0,6.178180188E-1,-5.978084653E-1,-3.011428467E-1,4.126001033E-1,1.036860617E2,-8.399313524E1,6.961866092E0,6.120351898E1
9.775703167E0,6.176092128E-1,-5.955422925E-1,-3.039340007E-1,4.141405811E-1,1.037164881E2,-8.387774896E1,6.768127576E0,6.160566038E1
9.785747167E0,6.176614749E-1,-5.916891854E-1,-3.067383255E-1,4.175042368E-1,1.037088733E2,-8.354755750E1,6.611964876E0,6.220527845E1
9.795792167E0,6.171592320E-1,-5.877560837E-1,-3.094511917E-1,4.217786227E-1,1.037820360E2,-8.320398881E1,6.536986877E0,6.289337264E1
9.805836167E0,6.156940600E-1,-5.846687322E-1,-3.119741126E-1,4.263278482E-1,1.039952615E2,-8.296516631E1,6.566706965E0,6.359257290E1
9.815881167E0,6.131911167E-1,-5.828336795E-1,-3.142685660E-1,4.307397908E-1,1.043587983E2,-8.288120965E1,6.700876389E0,6.425515507E1
9.825925167E0,6.097328413E-1,-5.823667029E-1,-3.163517899E-1,4.347370401E-1,1.048596237E2,-8.296738210E1,6.925150204E0,6.485245333E1
9.835970167E0,6.055453043E-1,-5.832752415E-1,-3.182188742E-1,4.379973464E-1,1.054638164E2,-8.322405135E1,7.212756972E0,6.534895510E1
9.846014167E0,6.010079643E-1,-5.855030501E-1,-3.199194890E-1,4.400308265E-1,1.061157561E2,-8.364866706E1,7.511804861E0,6.569581089E1
9.856059167E0,5.964562205E-1,-5.888237266E-1,-3.217027116E-1,4.404928086E-1,1.067669749E2,-8.423158646E1,7.757582922E0,6.587760650E1
9.866103167E0,5.919401699E-1,-5.930048098E-1,-3.237131690E-1,4.395018677E-1,1.074103805E2,-8.495421011E1,7.933044590E0,6.592071883E1
9.876147167E0,5.873704716E-1,-5.979101446E-1,-3.258570632E-1,4.373975283E-1,1.080587398E2,-8.579263347E1,8.062382646E0,6.585519567E1
9.886192167E0,5.826955221E-1,-6.034094654E-1,-3.279413092E-1,4.345312265E-1,1.087192890E2,-8.671599402E1,8.176365862E0,6.570362460E1
9.896236167E0,5.780164211E-1,-6.093806307E-1,-3.297083896E-1,4.310971434E-1,1.093777023E2,-8.768938476E1,8.293895441E0,6.546568561E1
9.906280917E0,5.734742816E-1,-6.150655451E-1,-3.314413205E-1,4.277479599E-1,1.100142898E2,-8.862828216E1,8.397503163E0,6.523816938E1
9.916324917E0,5.691341309E-1,-6.177912977E-1,-3.345062920E-1,4.272303492E-1,1.106202638E2,-8.925395412E1,8.460091309E0,6.543767926E1
9.926369917E0,5.651841704E-1,-6.166073295E-1,-3.390724605E-1,4.305717935E-1,1.111698372E2,-8.944092352E1,8.494279929E0,6.619006194E1
9.936413917E0,5.618500965E-1,-6.129795817E-1,-3.442045979E-1,4.360089108E-1,1.116323179E2,-8.933038549E1,8.496346540E0,6.722663496E1
9.946458917E0,5.592315233E-1,-6.086705195E-1,-3.491859023E-1,4.414176053E-1,1.119946618E2,-8.912075810E1,8.441772611E0,6.825643879E1
9.956502917E0,5.572990956E-1,-6.049758530E-1,-3.536196560E-1,4.453931437E-1,1.122615655E2,-8.896257906E1,8.323402711E0,6.908910334E1
9.966547917E0,5.558716187E-1,-6.025862004E-1,-3.573355013E-1,4.474460798E-1,1.124584586E2,-8.893476625E1,8.162687713E0,6.965149224E1
9.976591917E0,5.547466614E-1,-6.017994768E-1,-3.603308883E-1,4.474988213E-1,1.126134656E2,-8.907437479E1,7.979824971E0,6.993197966E1
9.986636917E0,5.537700768E-1,-6.028291033E-1,-3.625562630E-1,4.455207433E-1,1.127479151E2,-8.940433784E1,7.793323405E0,6.992198802E1
9.996680917E0,5.529160920E-1,-6.057779286E-1,-3.639822805E-1,4.413997983E-1,1.128654000E2,-8.993641582E1,7.601202339E0,6.960880796E1
1.000672592E1,5.522066025E-1,-6.104786930E-1,-3.646515304E-1,4.352158335E-1,1.129629456E2,-9.065345683E1,7.391820271E0,6.900970660E1
1.001676992E1,5.517529286E-1,-6.163885136E-1,-3.646259156E-1,4.274130241E-1,1.130252910E2,-9.148847928E1,7.154083801E0,6.818411410E1
1.002681492E1,5.517106184E-1,-6.224453318E-1,-3.640695140E-1,4.190831157E-1,1.130311043E2,-9.230737935E1,6.891561502E0,6.726699223E1
1.003685892E1,5.521624379E-1,-6.271420923E-1,-3.634282918E-1,4.119820408E-1,1.129690158E2,-9.293001716E1,6.626677063E0,6.648136245E1
1.004690392E1,5.525526650E-1,-6.293240452E-1,-3.639084182E-1,4.076856438E-1,1.129153734E2,-9.328543111E1,6.371559087E0,6.609451067E1
1.005694792E1,5.517896069E-1,-6.290662646E-1,-3.668902340E-1,4.064425962E-1,1.130202514E2,-9.349792447E1,6.111648092E0,6.625413619E1
1.006699292E1,5.499396869E-1,-6.280764248E-1,-3.715714634E-1,4.062277421E-1,1.132742493E2,-9.375150118E1,5.831333053E0,6.667938820E1
1.007703692E1,5.480691518E-1,-6.283510747E-1,-3.755721897E-1,4.046486420E-1,1.135307014E2,-9.413449753E1,5.557448593E0,6.690518982E1
1.008708192E1,5.468788984E-1,-6.305157263E-1,-3.774472293E-1,4.011321882E-1,1.136936906E2,-9.461048762E1,5.336475009E0,6.673620876E1
1.009712592E1,5.465043868E-1,-6.338795084E-1,-3.772911595E-1,3.964607948E-1,1.137449435E2,-9.508683312E1,5.177080577E0,6.626026292E1
1.010717092E1,5.468405290E-1,-6.375603718E-1,-3.758308449E-1,3.914503985E-1,1.136989422E2,-9.549948537E1,5.054739231E0,6.562919847E1
1.011721492E1,5.476099408E-1,-6.409145445E-1,-3.739238265E-1,3.866947378E-1,1.135936021E2,-9.582892436E1,4.942028473E0,6.498418656E1
1.012725992E1,5.484996081E-1,-6.435774350E-1,-3.722679927E-1,3.825869057E-1,1.134717188E2,-9.608050590E1,4.822600281E0,6.442986383E1
1.013730392E1,5.492669389E-1,-6.453684759E-1,-3.712978039E-1,3.793984914E-1,1.133665271E2,-9.626290916E1,4.693212144E0,6.403273458E1
1.014734892E1,5.498162388E-1,-6.462701024E-1,-3.711541463E-1,3.772024298E-1,1.132911858E2,-9.638403854E1,4.555006957E0,6.381188416E1
1.015739292E1,5.500426727E-1,-6.464467609E-1,-3.717482694E-1,3.759825947E-1,1.132601189E2,-9.646035705E1,4.424802915E0,6.375575450E1
1.016743692E1,5.498734478E-1,-6.461599200E-1,-3.729072129E-1,3.755752506E-1,1.132833372E2,-9.651634878E1,4.316149825E0,6.383117236E1
1.017748192E1,5.494052227E-1,-6.456606800E-1,-3.743037593E-1,3.757297347E-1,1.133475633E2,-9.656178104E1,4.237961309E0,6.398240645E1
1.018752592E1,5.490105965E-1,-6.451870653E-1,-3.753252830E-1,3.761010115E-1,1.134016756E2,-9.657929562E1,4.197570079E0,6.411738183E1
1.019757092E1,5.490978773E-1,-6.448894664E-1,-3.753844993E-1,3.764246624E-1,1.133897088E2,-9.654006445E1,4.201191447E0,6.415402803E1
1.020761492E1,5.497041598E-1,-6.447213953E-1,-3.744554879E-1,3.767528599E-1,1.133065611E2,-9.643485620E1,4.250763574E0,6.409485751E1
1.021765992E1,5.505024421E-1,-6.444792301E-1,-3.731223726E-1,3.773237601E-1,1.131970211E2,-9.628420912E1,4.332542986E0,6.401952815E1
1.022770392E1,5.512320778E-1,-6.438411373E-1,-3.720587441E-1,3.783966608E-1,1.130968404E2,-9.609828132E1,4.420355325E0,6.401858235E1
1.023774892E1,5.518498927E-1,-6.424537790E-1,-3.715589352E-1,3.803402785E-1,1.130119677E2,-9.584981421E1,4.508821329E0,6.415617975E1
1.024779292E1,5.523825446E-1,-6.401569865E-1,-3.715265243E-1,3.834586395E-1,1.129387610E2,-9.550757355E1,4.617186789E0,6.445279584E1
1.025783792E1,5.530054644E-1,-6.370247275E-1,-3.716684643E-1,3.876171953E-1,1.128531086E2,-9.505882573E1,4.748038649E0,6.486906512E1
1.026788192E1,5.538726359E-1,-6.332123554E-1,-3.717152684E-1,3.925492617E-1,1.127338004E2,-9.450505205E1,4.897201254E0,6.535543260E1
1.027792692E1,5.550916281E-1,-6.288707453E-1,-3.714614390E-1,3.980091120E-1,1.125659477E2,-9.385236946E1,5.060195364E0,6.587030063E1
1.028797092E1,5.567923061E-1,-6.242554863E-1,-3.704731060E-1,4.037783728E-1,1.123314934E2,-9.310223919E1,5.253852713E0,6.635237464E1
1.029801592E1,5.590615398E-1,-6.196868206E-1,-3.682870648E-1,4.096376645E-1,1.120181564E2,-9.226240749E1,5.503344534E0,6.673753651E1
1.030805992E1,5.619571126E-1,-6.153846705E-1,-3.647230957E-1,4.153105461E-1,1.116174931E2,-9.135021497E1,5.810234770E0,6.698344077E1
1.031810492E1,5.654590469E-1,-6.115605605E-1,-3.597298321E-1,4.205285419E-1,1.111316512E2,-9.039325495E1,6.173086702E0,6.706041057E1
1.032814892E1,5.696183876E-1,-6.084605017E-1,-3.532890245E-1,4.248500743E-1,1.105527619E2,-8.942754213E1,6.576466727E0,6.692363299E1
1.033819392E1,5.745167839E-1,-6.062351165E-1,-3.453153781E-1,4.279798940E-1,1.098684014E2,-8.847161294E1,7.015273264E0,6.653668772E1
1.034823792E1,5.801897392E-1,-6.045864266E-1,-3.360795601E-1,4.300064936E-1,1.090722220E2,-8.751144231E1,7.467994772E0,6.593651735E1
1.035828292E1,5.867171797E-1,-6.027271711E-1,-3.261559898E-1,4.313991203E-1,1.081512125E2,-8.648758940E1,7.892176677E0,6.522835168E1
1.036832692E1,5.941485647E-1,-5.993005796E-1,-3.164622673E-1,4.332180413E-1,1.070960820E2,-8.528333308E1,8.233316239E0,6.461067744E1
1.037837192E1,6.023493773E-1,-5.930910318E-1,-3.077802378E-1,4.366801889E-1,1.059233093E2,-8.378800780E1,8.464681997E0,6.428532063E1
1.038841592E1,6.110396992E-1,-5.838570155E-1,-3.004102502E-1,4.421483421E-1,1.046705640E2,-8.199335734E1,8.579272903E0,6.431861937E1
1.039846092E1,6.199668390E-1,-5.721286328E-1,-2.944554168E-1,4.490054500E-1,1.033725742E2,-7.998756568E1,8.550007335E0,6.465052593E1
1.040850492E1,6.289417575E-1,-5.587517710E-1,-2.898994689E-1,4.562752756E-1,1.020558192E2,-7.789328917E1,8.350567722E0,6.516572160E1
1.041854992E1,6.375964179E-1,-5.446808665E-1,-2.867815399E-1,4.631952244E-1,1.007743539E2,-7.584605386E1,7.983353554E0,6.577063837E1
1.042859392E1,6.453086906E-1,-5.309767766E-1,-2.852358042E-1,4.693408355E-1,9.962235205E1,-7.399275381E1,7.486228182E0,6.641368958E1
1.043863892E1,6.514653442E-1,-5.186946476E-1,-2.854040017E-1,4.744401721E-1,9.869565227E1,-7.247098067E1,6.910428099E0,6.706209105E1
1.044868292E1,6.558475838E-1,-5.083239519E-1,-2.870547674E-1,4.786128155E-1,9.803210093E1,-7.131538865E1,6.318334155E0,6.770576859E1
1.045872792E1,6.586860582E-1,-4.995725276E-1,-2.896116165E-1,4.823744534E-1,9.760051811E1,-7.043976426E1,5.764265268E0,6.836179002E1
1.046877192E1,6.605397345E-1,-4.919263938E-1,-2.923191511E-1,4.860506964E-1,9.731790197E1,-6.972132564E1,5.280143582E0,6.901471858E1
1.047881592E1,6.620048854E-1,-4.851257469E-1,-2.945545356E-1,4.895304667E-1,9.709408684E1,-6.907946609E1,4.874563315E0,6.960712815E1
1.048886092E1,6.634816794E-1,-4.791204532E-1,-2.959536003E-1,4.925921296E-1,9.686810171E1,-6.847756331E1,4.548465663E0,7.008646693E1
1.049890492E1,6.651470331E-1,-4.739870303E-1,-2.965155231E-1,4.949688273E-1,9.661278728E1,-6.792118057E1,4.287706565E0,7.042097148E1
1.050894992E1,6.670311658E-1,-4.698423935E-1,-2.964506170E-1,4.964216292E-1,9.632331959E1,-6.743702971E1,4.071210609E0,7.059742534E1
1.051899392E1,6.690818260E-1,-4.667591408E-1,-2.960078643E-1,4.968348738E-1,9.600752162E1,-6.705016756E1,3.881748312E0,7.062010545E1
1.052903892E1,6.711512415E-1,-4.647371510E-1,-2.955114956E-1,4.962341916E-1,9.568803906E1,-6.678345327E1,3.702228083E0,7.051590141E1
1.053908292E1,6.730240683E-1,-4.637370537E-1,-2.952444058E-1,4.947902511E-1,9.539820979E1,-6.665246630E1,3.525454188E0,7.032625646E1
1.054912792E1,6.744453338E-1,-4.637221548E-1,-2.953734384E-1,4.927879492E-1,9.517781602E1,-6.666456717E1,3.359853559E0,7.009788719E1
1.055917192E1,6.751532534E-1,-4.646599801E-1,-2.959920962E-1,4.905586127E-1,9.506789532E1,-6.682244834E1,3.222056382E0,6.987766691E1
1.056921692E1,6.749168833E-1,-4.665528583E-1,-2.971722290E-1,4.883689259E-1,9.510460790E1,-6.713176390E1,3.127996775E0,6.970304825E1
1.057926092E1,6.736466089E-1,-4.693686629E-1,-2.989895431E-1,4.863110322E-1,9.530172080E1,-6.759528633E1,3.077789755E0,6.959115712E1
1.058930592E1,6.713776228E-1,-4.729078392E-1,-3.016015309E-1,4.844036028E-1,9.565304075E1,-6.820327337E1,3.048398018E0,6.955711144E1
1.059934992E1,6.683212597E-1,-4.768783463E-1,-3.051063574E-1,4.825389841E-1,9.612473865E1,-6.893122585E1,3.004056319E0,6.959758666E1
1.060939492E1,6.647243950E-1,-4.810459531E-1,-3.094333636E-1,4.806113242E-1,9.667762959E1,-6.974845747E1,2.924296949E0,6.969733146E1
1.061943892E1,6.607817259E-1,-4.852964206E-1,-3.143645870E-1,4.785706581E-1,9.728096213E1,-7.062656567E1,2.811170953E0,6.983621924E1
1.062948392E1,6.566793097E-1,-4.895555493E-1,-3.195864762E-1,4.764158689E-1,9.790578581E1,-7.153376341E1,2.678545509E0,6.999155477E1
1.063952792E1,6.527041138E-1,-4.936108084E-1,-3.247213374E-1,4.742168887E-1,9.850841580E1,-7.241592412E1,2.536926741E0,7.014251509E1
1.064957292E1,6.492191595E-1,-4.969873927E-1,-3.293723791E-1,4.722625393E-1,9.903448863E1,-7.318472999E1,2.392641609E0,7.029010360E1
1.065961692E1,6.466726469E-1,-4.987793239E-1,-3.331565602E-1,4.712117341E-1,9.941759813E1,-7.369997012E1,2.245129275E0,7.047677566E1
1.066966192E1,6.453805879E-1,-4.982432528E-1,-3.358612552E-1,4.716300890E-1,9.961156672E1,-7.385396090E1,2.089257998E0,7.074677925E1
1.067970592E1,6.451023133E-1,-4.959926006E-1,-3.374638575E-1,4.732361579E-1,9.965330600E1,-7.371702362E1,1.951059697E0,7.106353299E1
1.068975092E1,6.452989494E-1,-4.935459971E-1,-3.380173932E-1,4.751272237E-1,9.962381326E1,-7.347308232E1,1.876757550E0,7.132688675E1
1.069979492E1,6.453155026E-1,-4.925650187E-1,-3.376293577E-1,4.763969924E-1,9.962133022E1,-7.332552216E1,1.923096822E0,7.144082608E1
1.070983992E1,6.447089146E-1,-4.936537666E-1,-3.367881803E-1,4.766866360E-1,9.971229121E1,-7.338444106E1,2.084629538E0,7.140369517E1
1.071988392E1,6.434483392E-1,-4.948937164E-1,-3.369013973E-1,4.770240268E-1,9.990112655E1,-7.353877259E1,2.211885572E0,7.145024359E1
1.072992892E1,6.416581150E-1,-4.918398716E-1,-3.397988772E-1,4.805260032E-1,1.001688553E2,-7.341413682E1,2.098312807E0,7.209322674E1
1.073997292E1,6.402758933E-1,-4.830567950E-1,-3.447621849E-1,4.876903511E-1,1.003752095E2,-7.279924623E1,1.700699314E0,7.333827359E1
1.075001792E1,6.404058320E-1,-4.719576174E-1,-3.488056429E-1,4.954503867E-1,1.003558239E2,-7.186546555E1,1.198075140E0,7.458638746E1
1.076006192E1,6.426063242E-1,-4.622872021E-1,-3.500818390E-1,5.007897127E-1,1.000271156E2,-7.088322463E1,7.498938390E-1,7.532555849E1
1.077010692E1,6.468158619E-1,-4.566294882E-1,-3.483534020E-1,5.017656704E-1,9.939608104E1,-7.010553964E1,4.355088800E-1,7.529931285E1
1.078015092E1,6.524476397E-1,-4.565127256E-1,-3.439461218E-1,4.976036375E-1,9.854720274E1,-6.972052608E1,3.157652257E-1,7.444356366E1
1.079019592E1,6.586394174E-1,-4.623289644E-1,-3.371182744E-1,4.886690272E-1,9.760762120E1,-6.980496933E1,4.453601571E-1,7.283547091E1
1.080023992E1,6.641019071E-1,-4.734065101E-1,-3.280549266E-1,4.766917305E-1,9.677307401E1,-7.033175053E1,8.946602424E-1,7.071118365E1
1.081028392E1,6.677562918E-1,-4.879401554E-1,-3.174929474E-1,4.639117946E-1,9.621174075E1,-7.119440597E1,1.644990706E0,6.840028901E1
1.082032892E1,6.693910943E-1,-5.039900020E-1,-3.066079443E-1,4.515541594E-1,9.595982690E1,-7.228544143E1,2.560616240E0,6.613488861E1
1.083037292E1,6.692499339E-1,-5.201343418E-1,-2.964906038E-1,4.400660770E-1,9.598159858E1,-7.352277310E1,3.493443761E0,6.404381837E1
1.084041792E1,6.677044406E-1,-5.354721489E-1,-2.877384103E-1,4.297055071E-1,9.621972258E1,-7.482855791E1,4.355362747E0,6.219481701E1
1.085046192E1,6.651066775E-1,-5.495462671E-1,-2.806148975E-1,4.205796186E-1,9.661898017E1,-7.614543689E1,5.104828413E0,6.061455621E1
1.086050692E1,6.618298232E-1,-5.618259411E-1,-2.753650650E-1,4.129248448E-1,9.712084948E1,-7.740055770E1,5.710042397E0,5.934521598E1
1.087055092E1,6.583854036E-1,-5.714530505E-1,-2.724562475E-1,4.071090117E-1,9.764629912E1,-7.848915288E1,6.115032005E0,5.846389669E1
1.088059592E1,6.554944354E-1,-5.774514216E-1,-2.723338215E-1,4.033749168E-1,9.808569739E1,-7.928800476E1,6.248003083E0,5.803572360E1
1.089063992E1,6.537435289E-1,-5.791842155E-1,-2.752603617E-1,4.017422743E-1,9.835110763E1,-7.971465573E1,6.054027430E0,5.808788073E1
1.090068492E1,6.530996725E-1,-5.768367203E-1,-2.809632517E-1,4.022188077E-1,9.844857272E1,-7.977724504E1,5.568466043E0,5.859943524E1
1.091073037E1,6.528427348E-1,-5.715683221E-1,-2.886655462E-1,4.046951984E-1,9.848744725E1,-7.959363036E1,4.917170274E0,5.949215372E1
1.092077537E1,6.521001495E-1,-5.649354302E-1,-2.974396665E-1,4.088311951E-1,9.859973615E1,-7.932351973E1,4.244085846E0,6.065170202E1
1.093081937E1,6.504638297E-1,-5.584135531E-1,-3.063075215E-1,4.138198752E-1,9.884683644E1,-7.910068014E1,3.651141850E0,6.191290238E1
1.094086437E1,6.478650129E-1,-5.529826050E-1,-3.146546943E-1,4.188958309E-1,9.923834853E1,-7.900635914E1,3.185950779E0,6.314490888E1
1.095090837E1,6.443422001E-1,-5.491296350E-1,-3.221876743E-1,4.236447798E-1,9.976725241E1,-7.907398596E1,2.870204904E0,6.427928599E1
1.096095337E1,6.399768192E-1,-5.472157677E-1,-3.286120974E-1,4.277834106E-1,1.004198180E2,-7.931858755E1,2.726669832E0,6.525978081E1
1.097099737E1,6.348731520E-1,-5.474597979E-1,-3.337257745E-1,4.311043505E-1,1.011788460E2,-7.974453804E1,2.767174487E0,6.604457909E1
1.098104237E1,6.291495467E-1,-5.498063237E-1,-3.374974538E-1,4.335659583E-1,1.020251891E2,-8.033746935E1,2.985422106E0,6.662355739E1
1.099108637E1,6.228914878E-1,-5.540729124E-1,-3.400349681E-1,4.351845764E-1,1.029448099E2,-8.108171845E1,3.361649556E0,6.700483749E1
1.100113137E1,6.162344563E-1,-5.600119197E-1,-3.415611792E-1,4.358643418E-1,1.039166541E2,-8.196596684E1,3.854036858E0,6.719518837E1
1.101117538E1,6.093471924E-1,-5.672668253E-1,-3.424543552E-1,4.354645842E-1,1.049153686E2,-8.297936525E1,4.399022895E0,6.721139313E1
1.102122037E1,6.024598547E-1,-5.754821206E-1,-3.429911902E-1,4.338426418E-1,1.059074487E2,-8.410326178E1,4.937011779E0,6.706285188E1
1.103126438E1,5.959676490E-1,-5.837515641E-1,-3.434764900E-1,4.313704657E-1,1.068367112E2,-8.524559706E1,5.406693371E0,6.681893229E1
1.104130938E1,5.912005612E-1,-5.877911393E-1,-3.452041210E-1,4.310655174E-1,1.075154999E2,-8.592757869E1,5.657593157E0,6.692457708E1
1.105135338E1,5.885440295E-1,-5.857489243E-1,-3.486708995E-1,4.346754951E-1,1.078924879E2,-8.592851545E1,5.670364396E0,6.761457846E1
1.106139838E1,5.869332613E-1,-5.804234487E-1,-3.528635521E-1,4.405739466E-1,1.081206324E2,-8.555171234E1,5.579349145E0,6.862376539E1
1.107144238E1,5.854542177E-1,-5.749763795E-1,-3.567628204E-1,4.465039502E-1,1.083298302E2,-8.514504793E1,5.492868320E0,6.961611444E1
1.108148738E1,5.835676405E-1,-5.720367106E-1,-3.597770893E-1,4.503145311E-1,1.085962706E2,-8.500521674E1,5.467686222E0,7.030042495E1
1.109153138E1,5.811330752E-1,-5.733442428E-1,-3.618858120E-1,4.501103665E-1,1.089394467E2,-8.535392192E1,5.481753071E0,7.046345713E1
1.110157638E1,5.782437402E-1,-5.787937671E-1,-3.634564354E-1,4.455686221E-1,1.093457775E2,-8.621020500E1,5.477327979E0,7.010546958E1
1.111162038E1,5.751169866E-1,-5.866387391E-1,-3.646923390E-1,4.382864527E-1,1.097843495E2,-8.736830798E1,5.436937052E0,6.942765365E1
1.112166538E1,5.719273764E-1,-5.950224638E-1,-3.656279569E-1,4.303064738E-1,1.102305256E2,-8.858822155E1,5.385638087E0,6.865938871E1
1.113170938E1,5.688844108E-1,-6.027806976E-1,-3.663243809E-1,4.228857256E-1,1.106550622E2,-8.971665978E1,5.337498748E0,6.794003740E1
1.114175438E1,5.662651896E-1,-6.093320880E-1,-3.669019613E-1,4.164625933E-1,1.110196109E2,-9.067928977E1,5.278700597E0,6.732405345E1
1.115179838E1,5.643456536E-1,-6.145002610E-1,-3.674776451E-1,4.109303136E-1,1.112862707E2,-9.145572631E1,5.178837934E0,6.680881756E1
1.116184238E1,5.632892639E-1,-6.183095354E-1,-3.680879736E-1,4.060908650E-1,1.114328422E2,-9.204749407E1,5.019782914E0,6.637555740E1
1.117188738E1,5.631396268E-1,-6.208915567E-1,-3.686908211E-1,4.017891206E-1,1.114535937E2,-9.246616641E1,4.800476017E0,6.600281406E1
1.118193138E1,5.637222859E-1,-6.225566943E-1,-3.692425233E-1,3.978697797E-1,1.113727769E2,-9.275034112E1,4.536405164E0,6.566884421E1
1.119197638E1,5.647439887E-1,-6.237956958E-1,-3.696380610E-1,3.940950448E-1,1.112309694E2,-9.296058603E1,4.253409847E0,6.533810159E1
1.120202037E1,5.657849210E-1,-6.250753900E-1,-3.698829869E-1,3.903264527E-1,1.110863692E2,-9.316424901E1,3.980587688E0,6.499588534E1
1.121206538E1,5.662672495E-1,-6.265005225E-1,-3.704238363E-1,3.868134286E-1,1.110193245E2,-9.341455884E1,3.736031694E0,6.470803626E1
1.122210937E1,5.654125536E-1,-6.275387469E-1,-3.723412018E-1,3.845333262E-1,1.111381107E2,-9.372737078E1,3.529723918E0,6.467173398E1
1.123215438E1,5.630545533E-1,-6.277363734E-1,-3.759942799E-1,3.841157879E-1,1.114653904E2,-9.406983215E1,3.373020845E0,6.498222969E1
1.124219837E1,5.604677958E-1,-6.276511841E-1,-3.797635252E-1,3.843300151E-1,1.118236898E2,-9.438488185E1,3.253852972E0,6.536651143E1
1.125224337E1,5.590615662E-1,-6.281157899E-1,-3.818495624E-1,3.835515207E-1,1.120181528E2,-9.463448222E1,3.145669009E0,6.549433399E1
1.126228737E1,5.592638131E-1,-6.294752049E-1,-3.816028242E-1,3.812667980E-1,1.119901984E2,-9.480921121E1,3.047434417E0,6.525239462E1
1.127233237E1,5.607548738E-1,-6.316650709E-1,-3.793493165E-1,3.776869395E-1,1.117839632E2,-9.492940398E1,2.963475043E0,6.469321226E1
1.128237637E1,5.630373890E-1,-6.343651244E-1,-3.759011564E-1,3.731864884E-1,1.114677704E2,-9.502278385E1,2.876320228E0,6.393350830E1
1.129242137E1,5.656150376E-1,-6.371991207E-1,-3.721250938E-1,3.682116114E-1,1.111099770E2,-9.511203773E1,2.767839874E0,6.310132779E1
1.130246537E1,5.680030043E-1,-6.397641357E-1,-3.688487243E-1,3.633524907E-1,1.107778275E2,-9.520910149E1,2.631111317E0,6.233243899E1
1.131251037E1,5.695800972E-1,-6.415725621E-1,-3.668916037E-1,3.596576873E-1,1.105581003E2,-9.530959775E1,2.495716496E0,6.180186943E1
1.132255437E1,5.700840682E-1,-6.422679219E-1,-3.665775886E-1,3.579342394E-1,1.104878234E2,-9.538550991E1,2.396766858E0,6.161305189E1
1.133259937E1,5.700250204E-1,-6.419582690E-1,-3.671371724E-1,3.580101459E-1,1.104960590E2,-9.538683629E1,2.355542882E0,6.167456609E1
1.134264337E1,5.699856974E-1,-6.408507974E-1,-3.676625960E-1,3.595147462E-1,1.105015432E2,-9.526778842E1,2.387964681E0,6.186463942E1
1.135268837E1,5.700504350E-1,-6.389564335E-1,-3.680580494E-1,3.623679193E-1,1.104925144E2,-9.502249085E1,2.490361559E0,6.216762069E1
1.136273237E1,5.700613826E-1,-6.362278360E-1,-3.686793888E-1,3.664964665E-1,1.104909875E2,-9.467519473E1,2.637152436E0,6.261296586E1
1.137277737E1,5.698615433E-1,-6.326596627E-1,-3.698106312E-1,3.718057682E-1,1.105188574E2,-9.425096299E1,2.806972069E0,6.322155347E1
1.138282137E1,5.694595256E-1,-6.282682877E-1,-3.714064058E-1,3.782221412E-1,1.105749091E2,-9.375078938E1,2.994960622E0,6.398479224E1
1.139286637E1,5.689516456E-1,-6.230505500E-1,-3.733439385E-1,3.856376369E-1,1.106456938E2,-9.316669780E1,3.193841558E0,6.488382191E1
1.140291037E1,5.685235705E-1,-6.169773262E-1,-3.754934594E-1,3.938584956E-1,1.107053322E2,-9.248675473E1,3.385271223E0,6.589104776E1
1.141295537E1,5.684321435E-1,-6.100558232E-1,-3.776132562E-1,4.026475149E-1,1.107180669E2,-9.169486274E1,3.553464102E0,6.696341829E1
1.142299937E1,5.689577621E-1,-6.024710026E-1,-3.791929939E-1,4.117382898E-1,1.106448415E2,-9.077612899E1,3.705675986E0,6.802816458E1
1.143304437E1,5.700933405E-1,-5.948165343E-1,-3.795778894E-1,4.208413611E-1,1.104865302E2,-8.975720265E1,3.890917987E0,6.899480617E1
1.144308837E1,5.717112473E-1,-5.879044195E-1,-3.782694300E-1,4.294494598E-1,1.102607147E2,-8.870382019E1,4.153495456E0,6.976452359E1
1.145313337E1,5.737329421E-1,-5.823051369E-1,-3.750463657E-1,4.371400005E-1,1.099781049E2,-8.767039212E1,4.516421952E0,7.027257558E1
1.146317737E1,5.761751834E-1,-5.781723856E-1,-3.700169822E-1,4.436511828E-1,1.096360548E2,-8.668498735E1,4.969447641E0,7.050182959E1
1.147322237E1,5.791625889E-1,-5.754608681E-1,-3.635076965E-1,4.486398155E-1,1.092166697E2,-8.577062667E1,5.467965160E0,7.044619620E1
1.148326637E1,5.829669267E-1,-5.741575400E-1,-3.557848555E-1,4.515636319E-1,1.086810156E2,-8.495172408E1,5.953178776E0,7.007114218E1
1.149331137E1,5.878561772E-1,-5.739955275E-1,-3.470953554E-1,4.521935956E-1,1.079899537E2,-8.421875045E1,6.374688495E0,6.937380327E1
1.150335538E1,5.940537870E-1,-5.737039451E-1,-3.377165121E-1,4.515654390E-1,1.071095839E2,-8.343058201E1,6.712430265E0,6.849482433E1
1.151340037E1,6.016129823E-1,-5.709657486E-1,-3.281995008E-1,4.520454178E-1,1.060289869E2,-8.232506352E1,6.967524244E0,6.774827101E1
1.152344438E1,6.102558995E-1,-5.642695416E-1,-3.194168562E-1,4.551488273E-1,1.047839831E2,-8.077108662E1,7.111531781E0,6.738211861E1
1.153348937E1,6.194206264E-1,-5.543645581E-1,-3.117715549E-1,4.602134665E-1,1.034523242E2,-7.890463921E1,7.123969598E0,6.735774303E1
1.154353338E1,6.284548876E-1,-5.429332580E-1,-3.053050271E-1,4.658935130E-1,1.021275626E2,-7.695506945E1,7.016622480E0,6.752207215E1
1.155357838E1,6.366889225E-1,-5.315033593E-1,-3.002802061E-1,4.711296952E-1,1.009092769E2,-7.513885652E1,6.802302381E0,6.776533567E1
1.156362238E1,6.435452559E-1,-5.211079867E-1,-2.970825458E-1,4.754345217E-1,9.988661763E1,-7.360913251E1,6.495969885E0,6.804934980E1
1.157366738E1,6.486415686E-1,-5.123941152E-1,-2.957701034E-1,4.787863762E-1,9.912147981E1,-7.244175513E1,6.139933808E0,6.836563150E1
1.158371138E1,6.518356780E-1,-5.055606780E-1,-2.962249522E-1,4.814244634E-1,9.863970494E1,-7.164426462E1,5.773639896E0,6.872756377E1
1.159375638E1,6.533378654E-1,-5.002581093E-1,-2.982204264E-1,4.836899513E-1,9.841252411E1,-7.115244864E1,5.408859158E0,6.915742721E1
1.160380038E1,6.536143751E-1,-4.957015081E-1,-3.014194775E-1,4.860190441E-1,9.837066429E1,-7.084527642E1,5.038006586E0,6.968354732E1
1.161384438E1,6.532930844E-1,-4.910251678E-1,-3.052337463E-1,4.888094658E-1,9.841930211E1,-7.057625312E1,4.658770046E0,7.031136718E1
1.162388938E1,6.529893848E-1,-4.856971634E-1,-3.090185859E-1,4.921489186E-1,9.846526059E1,-7.023572069E1,4.272433993E0,7.100422325E1
1.163393338E1,6.530199728E-1,-4.798294528E-1,-3.124035100E-1,4.957143840E-1,9.846063246E1,-6.981042668E1,3.882195509E0,7.169572870E1
1.164397838E1,6.534346926E-1,-4.739621689E-1,-3.150501846E-1,4.991257552E-1,9.839786730E1,-6.933689999E1,3.520405240E0,7.231359709E1
1.165402238E1,6.540935163E-1,-4.687267190E-1,-3.168468731E-1,5.020606246E-1,9.829809750E1,-6.887674181E1,3.219624969E0,7.280930495E1
1.166406738E1,6.548169090E-1,-4.646882712E-1,-3.178120570E-1,5.042569970E-1,9.818846303E1,-6.849238907E1,3.005235457E0,7.315166116E1
1.167411138E1,6.554838934E-1,-4.622140984E-1,-3.180762176E-1,5.054962302E-1,9.808729699E1,-6.823251444E1,2.883612793E0,7.332362595E1
1.168415638E1,6.560029529E-1,-4.614239030E-1,-3.178742763E-1,5.056718351E-1,9.800851405E1,-6.812724723E1,2.843336407E0,7.333011532E1
1.169420038E1,6.562740046E-1,-4.622680411E-1,-3.175165128E-1,5.047730483E-1,9.796735507E1,-6.819515906E1,2.861694608E0,7.319379582E1
1.170424538E1,6.562306355E-1,-4.645970180E-1,-3.172764180E-1,5.028386344E-1,9.797394150E1,-6.844184602E1,2.913120957E0,7.294095524E1
1.171428937E1,6.557825196E-1,-4.682092295E-1,-3.173166524E-1,5.000394198E-1,9.804197720E1,-6.885866851E1,2.984437819E0,7.260563598E1
1.172433438E1,6.548987740E-1,-4.729140242E-1,-3.177238489E-1,4.964990951E-1,9.817605018E1,-6.943254104E1,3.063853610E0,7.221072069E1
1.173437837E1,6.535648578E-1,-4.785103302E-1,-3.185685086E-1,4.923361350E-1,9.837816151E1,-7.014788392E1,3.139402025E0,7.177750978E1
1.174442337E1,6.517951960E-1,-4.847987770E-1,-3.199218756E-1,4.876301864E-1,9.864582181E1,-7.098916027E1,3.196353050E0,7.132305860E1
1.175446737E1,6.496001986E-1,-4.915839981E-1,-3.217814788E-1,4.825157401E-1,9.897706932E1,-7.193497387E1,3.229490897E0,7.086524438E1
1.176451237E1,6.470494977E-1,-4.985941517E-1,-3.240605749E-1,4.771956857E-1,9.936097149E1,-7.294764507E1,3.238218538E0,7.042302193E1
1.177455637E1,6.443875080E-1,-5.053420097E-1,-3.266291935E-1,4.719190636E-1,9.976046311E1,-7.395934308E1,3.210788879E0,7.001659312E1
1.178460137E1,6.419435967E-1,-5.111014819E-1,-3.292738872E-1,4.671856195E-1,1.001261965E2,-7.486463273E1,3.141841283E0,6.968663535E1
1.179464537E1,6.400641739E-1,-5.146189420E-1,-3.318640112E-1,4.640597669E-1,1.004067901E2,-7.549783760E1,3.026588077E0,6.954221524E1
1.180469037E1,6.388305777E-1,-5.147909222E-1,-3.344572014E-1,4.637069556E-1,1.005906524E2,-7.572554049E1,2.871794647E0,6.971660357E1
1.181473437E1,6.379066029E-1,-5.116588423E-1,-3.371988329E-1,4.664517586E-1,1.007282066E2,-7.556501094E1,2.701098946E0,7.025620723E1
1.182477937E1,6.367807921E-1,-5.064967490E-1,-3.401544544E-1,4.714511176E-1,1.008956241E2,-7.518114737E1,2.543006810E0,7.107216251E1
1.183482337E1,6.349055260E-1,-5.012530805E-1,-3.435323662E-1,4.771015612E-1,1.011740443E2,-7.482942982E1,2.411492514E0,7.200145429E1
1.184486837E1,6.313304512E-1,-4.969161276E-1,-3.486408593E-1,4.826445567E-1,1.017033017E2,-7.473684121E1,2.261051204E0,7.306813322E1
1.185491237E1,6.259300280E-1,-4.915972796E-1,-3.559896681E-1,4.897092747E-1,1.024990367E2,-7.472952098E1,2.053361538E0,7.450918812E1
1.186495737E1,6.209243100E-1,-4.832154990E-1,-3.632478138E-1,4.990058790E-1,1.032326721E2,-7.438105318E1,1.785393559E0,7.621943999E1
1.187500137E1,6.181828893E-1,-4.732544127E-1,-3.678455450E-1,5.084977075E-1,1.036328790E2,-7.364793753E1,1.518855475E0,7.774200374E1
1.188504637E1,6.184399798E-1,-4.647208138E-1,-3.688601461E-1,5.152753475E-1,1.035953944E2,-7.278070746E1,1.299730728E0,7.864322836E1
1.189509037E1,6.214123547E-1,-4.599546796E-1,-3.669113601E-1,5.173628704E-1,1.031613088E2,-7.207953023E1,1.141432759E0,7.872827303E1
1.190513429E1,6.260421228E-1,-4.602321692E-1,-3.631919903E-1,5.141491521E-1,1.024825651E2,-7.178344592E1,1.060547570E0,7.802294391E1
1.191517829E1,6.313959948E-1,-4.662092878E-1,-3.580607590E-1,5.057473886E-1,1.016936165E2,-7.200457729E1,1.112295616E0,7.658115260E1
1.192522329E1,6.365499485E-1,-4.775917449E-1,-3.511406416E-1,4.933665991E-1,1.009299274E2,-7.270449688E1,1.387754390E0,7.453453506E1
1.193526729E1,6.402069832E-1,-4.929409949E-1,-3.424041478E-1,4.794825473E-1,1.003854891E2,-7.375759844E1,1.965295693E0,7.218818000E1
1.194531229E1,6.416863060E-1,-5.102290105E-1,-3.326797213E-1,4.660785324E-1,1.001646434E2,-7.503155017E1,2.789202039E0,6.984272622E1
1.195535629E1,6.412221849E-1,-5.276672059E-1,-3.229777486E-1,4.539679727E-1,1.002339695E2,-7.640834168E1,3.720366638E0,6.766646100E1
1.196540129E1,6.395071874E-1,-5.438334725E-1,-3.140849322E-1,4.434256550E-1,1.004898370E2,-7.776741473E1,4.621921270E0,6.574587319E1
1.197544529E1,6.371493874E-1,-5.578451502E-1,-3.065906746E-1,4.345706232E-1,1.008408331E2,-7.901989730E1,5.402865760E0,6.413583041E1
1.198549029E1,6.345330269E-1,-5.693533050E-1,-3.008888382E-1,4.273996425E-1,1.012292829E2,-8.012200393E1,6.017659573E0,6.286399486E1
1.199553429E1,6.321929496E-1,-5.778212075E-1,-2.972472556E-1,4.220174057E-1,1.015757993E2,-8.099527831E1,6.422892065E0,6.196303629E1
1.200557929E1,6.307161872E-1,-5.824960095E-1,-2.957162714E-1,4.188643367E-1,1.017940374E2,-8.151919154E1,6.600598723E0,6.148600804E1
1.201562329E1,6.303018521E-1,-5.831755642E-1,-2.959723767E-1,4.183612192E-1,1.018552077E2,-8.162933110E1,6.595100577E0,6.145094273E1
1.202566829E1,6.306986436E-1,-5.805135165E-1,-2.976468394E-1,4.202732321E-1,1.017966280E2,-8.138630989E1,6.459315310E0,6.179983359E1
1.203571229E1,6.313361674E-1,-5.757293540E-1,-3.004310497E-1,4.239003793E-1,1.017024570E2,-8.093888122E1,6.243713616E0,6.242917150E1
1.204575729E1,6.315326033E-1,-5.699252588E-1,-3.043326361E-1,4.286414467E-1,1.016734281E2,-8.044249289E1,5.980801216E0,6.327271940E1
1.205580129E1,6.308745119E-1,-5.639336945E-1,-3.093854216E-1,4.338856210E-1,1.017706561E2,-8.001615014E1,5.681513456E0,6.426682421E1
1.206584629E1,6.292890633E-1,-5.583729446E-1,-3.154120627E-1,4.390103933E-1,1.020046193E2,-7.973232187E1,5.353040949E0,6.533004814E1
1.207589029E1,6.267711579E-1,-5.537069724E-1,-3.220746154E-1,4.436603392E-1,1.023753917E2,-7.962762476E1,5.024486993E0,6.639646971E1
1.208593529E1,6.233312006E-1,-5.503122018E-1,-3.289163239E-1,4.476927969E-1,1.028803869E2,-7.971453602E1,4.743434070E0,6.741299643E1
1.209597929E1,6.191234648E-1,-5.485511590E-1,-3.353910702E-1,4.508776288E-1,1.034956931E2,-7.999367114E1,4.551890331E0,6.830842212E1
1.210602429E1,6.143326588E-1,-5.485620434E-1,-3.411441888E-1,4.530957911E-1,1.041931078E2,-8.045016199E1,4.470757035E0,6.903864515E1
1.211606829E1,6.090249007E-1,-5.501777744E-1,-3.461639733E-1,4.544927431E-1,1.049619394E2,-8.105832451E1,4.499974545E0,6.961740388E1
1.212611229E1,6.032633370E-1,-5.531582310E-1,-3.505719436E-1,4.551797420E-1,1.057920476E2,-8.179618671E1,4.622964939E0,7.006641847E1
1.213615729E1,5.971881585E-1,-5.572014519E-1,-3.545466548E-1,4.551806323E-1,1.066624427E2,-8.264036541E1,4.806591956E0,7.040349817E1
1.214620129E1,5.909551981E-1,-5.620298581E-1,-3.582283717E-1,4.544962834E-1,1.075503574E2,-8.356826975E1,5.019059702E0,7.064124040E1
1.215624629E1,5.847588896E-1,-5.674466132E-1,-3.616230053E-1,4.530897219E-1,1.084280830E2,-8.455660355E1,5.237474495E0,7.077664042E1
1.216629029E1,5.787925975E-1,-5.733336955E-1,-3.646220802E-1,4.509306917E-1,1.092686698E2,-8.558232027E1,5.450536929E0,7.079727156E1
1.217633529E1,5.731616784E-1,-5.796081285E-1,-3.671300390E-1,4.480578097E-1,1.100580104E2,-8.662755816E1,5.655457956E0,7.069915665E1
1.218637929E1,5.679443095E-1,-5.861768518E-1,-3.690593005E-1,4.445574401E-1,1.107859995E2,-8.767341242E1,5.852525376E0,7.048406040E1
1.219642429E1,5.633321009E-1,-5.925206795E-1,-3.704835584E-1,4.408153848E-1,1.114269012E2,-8.865618047E1,6.025662838E0,7.020116008E1
1.220646829E1,5.598746737E-1,-5.962269259E-1,-3.720569634E-1,4.388935254E-1,1.119057379E2,-8.929844721E1,6.127985536E0,7.013323970E1
1.221651329E1,5.577483810E-1,-5.962514553E-1,-3.741224962E-1,4.398105407E-1,1.121995483E2,-8.947943670E1,6.150643268E0,7.041972650E1
1.222655729E1,5.564775850E-1,-5.940840853E-1,-3.764731208E-1,4.423401787E-1,1.123749048E2,-8.938547589E1,6.118021218E0,7.090902004E1
1.223660229E1,5.555375839E-1,-5.915633560E-1,-3.787655827E-1,4.449352024E-1,1.125044996E2,-8.924064085E1,6.060450746E0,7.140231296E1
1.224664629E1,5.546613193E-1,-5.901731422E-1,-3.806875211E-1,4.462325983E-1,1.126252191E2,-8.921962005E1,5.992812490E0,7.172242181E1
1.225669129E1,5.538445292E-1,-5.911753205E-1,-3.819434867E-1,4.448451082E-1,1.127376687E2,-8.946649742E1,5.905514793E0,7.169163169E1
1.226673529E1,5.531974275E-1,-5.952376972E-1,-3.822984369E-1,4.399005874E-1,1.128267048E2,-9.005298281E1,5.780506175E0,7.119733626E1
1.227678029E1,5.528367190E-1,-6.014809942E-1,-3.818346530E-1,4.321972552E-1,1.128763155E2,-9.087248076E1,5.608608941E0,7.034071060E1
1.228682429E1,5.528469607E-1,-6.079916813E-1,-3.809717279E-1,4.237533448E-1,1.128749071E2,-9.170298849E1,5.396004813E0,6.938125792E1
1.229686929E1,5.533128836E-1,-6.134150745E-1,-3.800775193E-1,4.160621877E-1,1.128108223E2,-9.238661957E1,5.154060726E0,6.850943923E1
1.230691329E1,5.542198943E-1,-6.175791305E-1,-3.793108365E-1,4.093404292E-1,1.126860003E2,-9.290876485E1,4.885052422E0,6.775905728E1
1.231695829E1,5.554054166E-1,-6.208529291E-1,-3.786987799E-1,4.033034674E-1,1.125227132E2,-9.332091686E1,4.595553657E0,6.710036553E1
1.232700229E1,5.566041362E-1,-6.236362964E-1,-3.782233740E-1,3.977645496E-1,1.123574501E2,-9.367697692E1,4.305786309E0,6.651019511E1
1.233704729E1,5.575467821E-1,-6.262485686E-1,-3.779161130E-1,3.925987052E-1,1.122273788E2,-9.402486895E1,4.032190768E0,6.597727015E1
1.234709129E1,5.579037870E-1,-6.287487091E-1,-3.781105891E-1,3.878799230E-1,1.121780915E2,-9.440188013E1,3.776195584E0,6.553973667E1
1.235713629E1,5.571488421E-1,-6.306922689E-1,-3.794986534E-1,3.844388962E-1,1.122823008E2,-9.480387883E1,3.557534887E0,6.534339228E1
1.236718029E1,5.552363445E-1,-6.318431413E-1,-3.820945515E-1,3.827409261E-1,1.125460097E2,-9.519834204E1,3.403014510E0,6.543285287E1
1.237722529E1,5.530933037E-1,-6.326226262E-1,-3.847142943E-1,3.819310744E-1,1.128410271E2,-9.554305474E1,3.306120859E0,6.561069767E1
1.238726929E1,5.518016451E-1,-6.336747380E-1,-3.860289809E-1,3.807266281E-1,1.130185973E2,-9.581322033E1,3.238410639E0,6.562438459E1
1.239731429E1,5.517990899E-1,-6.353022174E-1,-3.856021808E-1,3.784438969E-1,1.130189484E2,-9.601312138E1,3.170224587E0,6.536600170E1
1.240735829E1,5.530087572E-1,-6.373320413E-1,-3.837897504E-1,3.750927483E-1,1.128526557E2,-9.614976255E1,3.074767846E0,6.487256226E1
1.241740329E1,5.549943795E-1,-6.393559329E-1,-3.813674868E-1,3.711658421E-1,1.125793447E2,-9.623330990E1,2.940595388E0,6.426806892E1
1.242744729E1,5.569474012E-1,-6.409809679E-1,-3.792738631E-1,3.675655529E-1,1.123100961E2,-9.628883802E1,2.793351105E0,6.372885209E1
1.243749229E1,5.581257007E-1,-6.419291139E-1,-3.782038284E-1,3.652186057E-1,1.121474474E2,-9.633507243E1,2.677739439E0,6.340742327E1
1.244753629E1,5.584696400E-1,-6.422765936E-1,-3.780283922E-1,3.642624412E-1,1.120999418E2,-9.637095750E1,2.618166211E0,6.330225933E1
1.245758129E1,5.584104869E-1,-6.422697237E-1,-3.780818765E-1,3.643095403E-1,1.121081131E2,-9.637461952E1,2.620488337E0,6.331180192E1
1.246762529E1,5.581548347E-1,-6.418615947E-1,-3.781493747E-1,3.653490396E-1,1.121434239E2,-9.632036111E1,2.686737433E0,6.341415222E1
1.247767029E1,5.577300471E-1,-6.407478642E-1,-3.784736947E-1,3.676097439E-1,1.122020794E2,-9.618443688E1,2.803914749E0,6.365515108E1
1.248771429E1,5.572562112E-1,-6.386329143E-1,-3.792111170E-1,3.712308536E-1,1.122674839E2,-9.593750054E1,2.953471885E0,6.406481474E1
1.249775929E1,5.570272906E-1,-6.354499738E-1,-3.800312209E-1,3.761651327E-1,1.122990733E2,-9.554257397E1,3.135226686E0,6.460895570E1
1.250780329E1,5.572754828E-1,-6.314007469E-1,-3.804387072E-1,3.821563599E-1,1.122648243E2,-9.498818377E1,3.357694887E0,6.521809402E1
1.251784829E1,5.579566128E-1,-6.268342412E-1,-3.801861422E-1,3.888723390E-1,1.121707973E2,-9.430557318E1,3.627082056E0,6.583954148E1
1.252789229E1,5.590861167E-1,-6.220601623E-1,-3.791945322E-1,3.958224702E-1,1.120147597E2,-9.353390788E1,3.924734504E0,6.642118141E1
1.253793729E1,5.606621349E-1,-6.172843870E-1,-3.775235256E-1,4.026089769E-1,1.117967977E2,-9.270861512E1,4.227805303E0,6.693157034E1
1.254798129E1,5.625434174E-1,-6.124809212E-1,-3.753018704E-1,4.093414986E-1,1.115362497E2,-9.183775846E1,4.541463731E0,6.739456142E1
1.255802629E1,5.648428336E-1,-6.070570749E-1,-3.727853347E-1,4.164917431E-1,1.112172438E2,-9.086108447E1,4.849474064E0,6.788423696E1
1.256807029E1,5.678063102E-1,-6.006750305E-1,-3.699462387E-1,4.241761620E-1,1.108052113E2,-8.973200756E1,5.133027609E0,6.841358324E1
1.257811529E1,5.714091651E-1,-5.936963659E-1,-3.665710243E-1,4.320207284E-1,1.103029006E2,-8.848619972E1,5.396884972E0,6.892673449E1
1.258815929E1,5.754977782E-1,-5.866932350E-1,-3.624722538E-1,4.395534344E-1,1.097310013E2,-8.718859138E1,5.656375778E0,6.935787341E1
1.259820429E1,5.800733349E-1,-5.801274830E-1,-3.573505161E-1,4.463940260E-1,1.090885984E2,-8.587742673E1,5.932219281E0,6.963929341E1
1.260824829E1,5.849665892E-1,-5.742209078E-1,-3.511982879E-1,4.524866848E-1,1.083987405E2,-8.458203368E1,6.244767944E0,6.976426260E1
1.261829329E1,5.900716210E-1,-5.688939676E-1,-3.442660586E-1,4.578820346E-1,1.076758184E2,-8.331276418E1,6.585709999E0,6.976126873E1
1.262833729E1,5.954426415E-1,-5.636157176E-1,-3.369044687E-1,4.629046798E-1,1.069116131E2,-8.202868240E1,6.925931171E0,6.969844546E1
1.263838229E1,6.011918668E-1,-5.572777798E-1,-3.296695196E-1,4.683243694E-1,1.060893868E2,-8.063008314E1,7.214497403E0,6.971282835E1
1.264842629E1,6.073406810E-1,-5.487456140E-1,-3.232942609E-1,4.748646225E-1,1.052050714E2,-7.903001141E1,7.380624789E0,6.995188747E1
1.265847129E1,6.138413530E-1,-5.380018765E-1,-3.180791785E-1,4.822638126E-1,1.042644418E2,-7.725656719E1,7.378147502E0,7.041101368E1
1.266851529E1,6.206186189E-1,-5.264151073E-1,-3.137188446E-1,4.891831766E-1,1.032773532E2,-7.546785238E1,7.216983958E0,7.090396718E1
1.267856029E1,6.272452836E-1,-5.155802905E-1,-3.099434564E-1,4.946466726E-1,1.023056486E2,-7.384261458E1,6.963614629E0,7.128345338E1
1.268860429E1,6.330416554E-1,-5.064925870E-1,-3.069755596E-1,4.984870934E-1,1.014502228E2,-7.251225230E1,6.678808999E0,7.153637680E1
1.269864929E1,6.375315539E-1,-4.992801549E-1,-3.051521289E-1,5.011536455E-1,1.007840020E2,-7.150781907E1,6.392792327E0,7.173555816E1
1.270869329E1,6.407475165E-1,-4.935799727E-1,-3.043838656E-1,5.031618691E-1,1.003048349E2,-7.077150073E1,6.121364375E0,7.193320886E1
1.271873829E1,6.430110920E-1,-4.890346459E-1,-3.044459479E-1,5.046726281E-1,9.996656548E1,-7.023995825E1,5.858990842E0,7.213114483E1
1.272878229E1,6.447074763E-1,-4.854335770E-1,-3.050217160E-1,5.056363843E-1,9.971250681E1,-6.986240012E1,5.601341172E0,7.229964437E1
1.273882729E1,6.461608525E-1,-4.825882696E-1,-3.058955624E-1,5.059768624E-1,9.949446381E1,-6.959920676E1,5.338607993E0,7.241374198E1
1.274887129E1,6.475262260E-1,-4.803011761E-1,-3.070038928E-1,5.057361354E-1,9.928930294E1,-6.942155791E1,5.061511032E0,7.247430806E1
1.275891629E1,6.488986907E-1,-4.785102986E-1,-3.082010056E-1,5.049460558E-1,9.908276151E1,-6.931028986E1,4.776051278E0,7.247458365E1
1.276896029E1,6.504429933E-1,-4.772689106E-1,-3.091414651E-1,5.035571907E-1,9.884997999E1,-6.924420221E1,4.502729286E0,7.238270836E1
1.277900529E1,6.522516621E-1,-4.765898616E-1,-3.095165510E-1,5.016268018E-1,9.857683308E1,-6.920001440E1,4.265319413E0,7.218241100E1
1.278904929E1,6.542712654E-1,-4.765355923E-1,-3.090916106E-1,4.993050057E-1,9.827116699E1,-6.916607274E1,4.095189212E0,7.187397971E1
1.279909429E1,6.564039644E-1,-4.771763245E-1,-3.077880771E-1,4.966920855E-1,9.794761622E1,-6.914460298E1,4.011275036E0,7.146368052E1
1.280913829E1,6.584697764E-1,-4.785050408E-1,-3.058239549E-1,4.938848262E-1,9.763345320E1,-6.915262695E1,4.008306483E0,7.098012425E1
1.281918329E1,6.602187231E-1,-4.804708699E-1,-3.036022101E-1,4.910036465E-1,9.736688803E1,-6.921630922E1,4.067874442E0,7.046853271E1
1.282922729E1,6.614149981E-1,-4.830673897E-1,-3.015154986E-1,4.881233520E-1,9.718424385E1,-6.936568878E1,4.171333171E0,6.996735760E1
1.283927229E1,6.618381156E-1,-4.863475630E-1,-2.997964446E-1,4.853436356E-1,9.711958190E1,-6.962496391E1,4.316044267E0,6.950533264E1
1.284931629E1,6.613458299E-1,-4.904036914E-1,-2.984630026E-1,4.827481589E-1,9.719481126E1,-7.000678793E1,4.514330352E0,6.909281342E1
1.285936129E1,6.599818420E-1,-4.952548569E-1,-2.975184285E-1,4.802388515E-1,9.740302406E1,-7.051495118E1,4.759171321E0,6.871801548E1
1.286940529E1,6.578579042E-1,-5.006379683E-1,-2.972432622E-1,4.777352338E-1,9.772658342E1,-7.114046995E1,5.005831544E0,6.839316192E1
1.287945029E1,6.551475774E-1,-5.062453431E-1,-2.979397073E-1,4.751096011E-1,9.813831800E1,-7.186985355E1,5.201295112E0,6.812767304E1
1.288949429E1,6.520689819E-1,-5.118140376E-1,-2.997172085E-1,4.722520658E-1,9.860444704E1,-7.267992398E1,5.309626569E0,6.791954831E1
1.289953929E1,6.488750094E-1,-5.169877424E-1,-3.025567997E-1,4.691954078E-1,9.908632798E1,-7.352590924E1,5.307070154E0,6.777457862E1
1.290958317E1,6.458586227E-1,-5.212505800E-1,-3.063369295E-1,4.661782203E-1,9.953983478E1,-7.433490452E1,5.180327650E0,6.771462080E1
1.291962817E1,6.433582293E-1,-5.239180329E-1,-3.107870677E-1,4.636932315E-1,9.991461508E1,-7.500107230E1,4.932361293E0,6.777773777E1
1.292967217E1,6.416891087E-1,-5.240776009E-1,-3.154328305E-1,4.626875445E-1,1.001642246E2,-7.537438645E1,4.597114952E0,6.803450792E1
1.293971717E1,6.407099268E-1,-5.212914624E-1,-3.200484794E-1,4.640203385E-1,1.003104453E2,-7.538433480E1,4.224417173E0,6.856156824E1
1.294976117E1,6.395637064E-1,-5.160158571E-1,-3.251138563E-1,4.679605578E-1,1.004814123E2,-7.512948940E1,3.846753735E0,6.942583881E1
1.295980617E1,6.366817207E-1,-5.095838687E-1,-3.319163155E-1,4.741227484E-1,1.009103471E2,-7.488303765E1,3.471985964E0,7.068962509E1
1.296985017E1,6.311020100E-1,-5.040462944E-1,-3.404835738E-1,4.813714743E-1,1.017370526E2,-7.490513175E1,3.181968274E0,7.223128456E1
1.297989417E1,6.235306290E-1,-5.000980777E-1,-3.491648816E-1,4.890759550E-1,1.028511588E2,-7.514687703E1,3.080667818E0,7.384843560E1
1.298993917E1,6.156495055E-1,-4.954325585E-1,-3.572402494E-1,4.978972061E-1,1.040017406E2,-7.527287911E1,3.065606835E0,7.556317634E1
1.299998317E1,6.094802342E-1,-4.873074733E-1,-3.642180974E-1,5.083409265E-1,1.048961400E2,-7.492412655E1,2.950271629E0,7.739910402E1
1.301002817E1,6.064695189E-1,-4.759114133E-1,-3.689317746E-1,5.192229030E-1,1.053306767E2,-7.403228317E1,2.677630517E0,7.911723962E1
1.302007317E1,6.070998882E-1,-4.644287415E-1,-3.700684909E-1,5.280009747E-1,1.052397998E2,-7.284487683E1,2.355553124E0,8.028943796E1
1.303011717E1,6.109957822E-1,-4.563602541E-1,-3.672638500E-1,5.324817668E-1,1.046769212E2,-7.170421620E1,2.132680517E0,8.060302080E1
1.304016117E1,6.174437311E-1,-4.530163495E-1,-3.613002132E-1,5.319789681E-1,1.037405969E2,-7.081085815E1,2.053074207E0,8.003583914E1
1.305020617E1,6.255887386E-1,-4.545972936E-1,-3.530558523E-1,5.266228175E-1,1.025491753E2,-7.026819916E1,2.124274140E0,7.868664188E1
1.306025017E1,6.340546286E-1,-4.611717489E-1,-3.428599712E-1,5.174381552E-1,1.013001935E2,-7.013275189E1,2.434187917E0,7.672548733E1
1.307029517E1,6.412615869E-1,-4.722999341E-1,-3.308075056E-1,5.062436835E-1,1.002280854E2,-7.039787146E1,3.091428174E0,7.439767695E1
1.308033917E1,6.461931211E-1,-4.866366904E-1,-3.177730027E-1,4.946103789E-1,9.948961871E1,-7.102084863E1,4.054518921E0,7.196869992E1
1.309038417E1,6.488923792E-1,-5.026675814E-1,-3.049127348E-1,4.830032158E-1,9.908371205E1,-7.194310145E1,5.156071770E0,6.958093017E1
1.310042817E1,6.498612667E-1,-5.190442557E-1,-2.931462514E-1,4.715278776E-1,9.893771441E1,-7.308011998E1,6.227637320E0,6.731094603E1
1.311047317E1,6.496105562E-1,-5.348185040E-1,-2.828723354E-1,4.603895824E-1,9.897550817E1,-7.433451462E1,7.177061333E0,6.520739508E1
1.312051717E1,6.485471596E-1,-5.494479807E-1,-2.740631699E-1,4.498698449E-1,9.913569342E1,-7.561717216E1,7.982716420E0,6.329689768E1
1.313056217E1,6.469397315E-1,-5.624047859E-1,-2.668574707E-1,4.404052960E-1,9.937746771E1,-7.684691614E1,8.632182296E0,6.163793354E1
1.314060617E1,6.451761493E-1,-5.725965788E-1,-2.617736230E-1,4.328455738E-1,9.964223235E1,-7.788653173E1,9.085698355E0,6.036702194E1
1.315065117E1,6.437493942E-1,-5.788645422E-1,-2.593278730E-1,4.280790181E-1,9.985605205E1,-7.858376398E1,9.306467026E0,5.962545992E1
1.316069517E1,6.431411519E-1,-5.807209633E-1,-2.593263347E-1,4.264767424E-1,9.994710384E1,-7.883848335E1,9.309131227E0,5.944062694E1
1.317074017E1,6.434927620E-1,-5.786279719E-1,-2.611501763E-1,4.276767264E-1,9.989447643E1,-7.866911460E1,9.139278287E0,5.972260369E1
1.318078417E1,6.444077069E-1,-5.739262275E-1,-2.642156114E-1,4.307406127E-1,9.975743624E1,-7.822737443E1,8.853093417E0,6.031672715E1
1.319082917E1,6.452617917E-1,-5.683127836E-1,-2.680270247E-1,4.345334708E-1,9.962938690E1,-7.771897151E1,8.511427003E0,6.105203453E1
1.320087317E1,6.455807696E-1,-5.633330386E-1,-2.720303115E-1,4.380421854E-1,9.958153289E1,-7.731770679E1,8.180507479E0,6.176750493E1
1.321091817E1,6.451122968E-1,-5.600379664E-1,-2.759097919E-1,4.405240131E-1,9.965180876E1,-7.713970485E1,7.899433104E0,6.235266598E1
1.322096217E1,6.436839296E-1,-5.588135372E-1,-2.796697755E-1,4.417954255E-1,9.986585479E1,-7.723166766E1,7.684878975E0,6.278630063E1
1.323100717E1,6.410276034E-1,-5.596497518E-1,-2.832572099E-1,4.423133892E-1,1.002630239E2,-7.758480914E1,7.581120958E0,6.311500818E1
1.324105117E1,6.368773716E-1,-5.622492956E-1,-2.866725271E-1,4.428111750E-1,1.008812698E2,-7.815841444E1,7.630848623E0,6.342065724E1
1.325109617E1,6.313160001E-1,-5.660849434E-1,-2.901165673E-1,4.436444288E-1,1.017054370E2,-7.889844270E1,7.814737208E0,6.376013167E1
1.326114017E1,6.248610733E-1,-5.706890335E-1,-2.938668255E-1,4.444152630E-1,1.026560173E2,-7.976638152E1,8.047496383E0,6.411451044E1
1.327118517E1,6.180473503E-1,-5.757903300E-1,-2.980691929E-1,4.445646420E-1,1.036526371E2,-8.074050823E1,8.251023119E0,6.443716961E1
1.328122917E1,6.111203103E-1,-5.812271575E-1,-3.027133015E-1,4.439274185E-1,1.046588943E2,-8.180117643E1,8.398483801E0,6.471209027E1
1.329127417E1,6.041134652E-1,-5.869401102E-1,-3.076414166E-1,4.426115254E-1,1.056698511E2,-8.293073770E1,8.503641594E0,6.494044864E1
1.330131817E1,5.970501329E-1,-5.928760196E-1,-3.126615804E-1,4.407629067E-1,1.066821603E2,-8.410926963E1,8.585565352E0,6.512402505E1
1.331136317E1,5.902665976E-1,-5.972764667E-1,-3.181831758E-1,4.400064551E-1,1.076481419E2,-8.512385453E1,8.626068903E0,6.548055994E1
1.332140717E1,5.847034032E-1,-5.944794543E-1,-3.256069006E-1,4.457534940E-1,1.084359209E2,-8.529258858E1,8.581475762E0,6.673464974E1
1.333145217E1,5.806169713E-1,-5.852036916E-1,-3.341977771E-1,4.568723805E-1,1.090121024E2,-8.468109494E1,8.432549415E0,6.871027177E1
1.334149617E1,5.775614512E-1,-5.732310574E-1,-3.428958540E-1,4.693094519E-1,1.094415795E2,-8.375623964E1,8.161200923E0,7.087316155E1
1.335154117E1,5.748338547E-1,-5.620908762E-1,-3.509566179E-1,4.800514402E-1,1.098240045E2,-8.293982777E1,7.826950383E0,7.281168899E1
1.336158517E1,5.719767514E-1,-5.571765958E-1,-3.568924536E-1,4.847934348E-1,1.102236280E2,-8.279260814E1,7.583026247E0,7.388094347E1
1.337163017E1,5.693149303E-1,-5.616612944E-1,-3.593791809E-1,4.808989765E-1,1.105950649E2,-8.358498881E1,7.527660671E0,7.364473458E1
1.338167417E1,5.674789978E-1,-5.716900633E-1,-3.587804322E-1,4.716086468E-1,1.108507699E2,-8.485484888E1,7.586754160E0,7.252119225E1
1.339171917E1,5.667019574E-1,-5.828268201E-1,-3.560619183E-1,4.608488303E-1,1.109588761E2,-8.611968363E1,7.679299612E0,7.105940862E1
1.340176317E1,5.669146726E-1,-5.932955177E-1,-3.522337938E-1,4.500439378E-1,1.109292890E2,-8.723134041E1,7.738097689E0,6.951449014E1
1.341180817E1,5.678744195E-1,-6.028236558E-1,-3.480891571E-1,4.392677683E-1,1.107957297E2,-8.821453193E1,7.715840015E0,6.796628446E1
1.342185217E1,5.692166702E-1,-6.114240363E-1,-3.440759552E-1,4.286778247E-1,1.106087603E2,-8.910139064E1,7.614099815E0,6.647094737E1
1.343189717E1,5.705654115E-1,-6.190333232E-1,-3.404420434E-1,4.187505982E-1,1.104206739E2,-8.989633687E1,7.466832434E0,6.509816723E1
1.344194117E1,5.717813850E-1,-6.254263679E-1,-3.374418200E-1,4.099280458E-1,1.102509184E2,-9.058053794E1,7.288973372E0,6.391286081E1
1.345198617E1,5.728421158E-1,-6.302290750E-1,-3.355765796E-1,4.025563302E-1,1.101026922E2,-9.113169284E1,7.061844199E0,6.299177220E1
1.346203017E1,5.734490146E-1,-6.330270252E-1,-3.355853567E-1,3.972600044E-1,1.100178241E2,-9.153969067E1,6.780756017E0,6.245997940E1
1.347207517E1,5.727048013E-1,-6.333886768E-1,-3.387164987E-1,3.950936406E-1,1.101218881E2,-9.183512859E1,6.460980481E0,6.253065208E1
1.348211917E1,5.699754610E-1,-6.316660929E-1,-3.451998220E-1,3.961856602E-1,1.105029708E2,-9.209403811E1,6.142594141E0,6.323491669E1
1.349216417E1,5.659113932E-1,-6.292515526E-1,-3.532171114E-1,3.987786344E-1,1.110687919E2,-9.238747959E1,5.859245266E0,6.423394948E1
1.350220817E1,5.618721498E-1,-6.276030419E-1,-3.603463141E-1,4.007051405E-1,1.116292630E2,-9.273403698E1,5.625764193E0,6.508959016E1
1.351225317E1,5.590316156E-1,-6.273363788E-1,-3.651084443E-1,4.007848033E-1,1.120222921E2,-9.309274536E1,5.430568169E0,6.554408869E1
1.352229717E1,5.581691383E-1,-6.283121415E-1,-3.670449445E-1,3.986842729E-1,1.121414484E2,-9.339638754E1,5.235523770E0,6.551931166E1
1.353234217E1,5.594561239E-1,-6.302095400E-1,-3.662254939E-1,3.946184612E-1,1.119636131E2,-9.360122586E1,5.026152690E0,6.504333213E1
1.354238617E1,5.622339173E-1,-6.326568389E-1,-3.633447568E-1,3.893829165E-1,1.115791415E2,-9.371409371E1,4.825540544E0,6.426163818E1
1.355243117E1,5.654736665E-1,-6.352395240E-1,-3.596467818E-1,3.838808087E-1,1.111296199E2,-9.378236155E1,4.644378472E0,6.338131731E1
1.356247517E1,5.682276997E-1,-6.375948585E-1,-3.564331688E-1,3.788741108E-1,1.107465398E2,-9.386174481E1,4.477406307E0,6.259843123E1
1.357252017E1,5.701423362E-1,-6.396105526E-1,-3.542114609E-1,3.746602794E-1,1.104796962E2,-9.397562313E1,4.322564488E0,6.198752661E1
1.358256417E1,5.712160693E-1,-6.413149922E-1,-3.529148342E-1,3.713198888E-1,1.103298609E2,-9.412081308E1,4.191185906E0,6.154819408E1
1.359260917E1,5.715196530E-1,-6.427355517E-1,-3.523624155E-1,3.689132616E-1,1.102874722E2,-9.428557021E1,4.098035591E0,6.126778821E1
1.360265317E1,5.712475003E-1,-6.438491347E-1,-3.523944682E-1,3.673591071E-1,1.103254727E2,-9.445292506E1,4.039189003E0,6.112303330E1
1.361269817E1,5.708143782E-1,-6.447571464E-1,-3.524976436E-1,3.663393430E-1,1.103859313E2,-9.459599074E1,4.012744997E0,6.103541019E1
1.362274217E1,5.706245804E-1,-6.455941512E-1,-3.520157682E-1,3.656237422E-1,1.104124177E2,-9.468146164E1,4.034170659E0,6.092116655E1
1.363278717E1,5.707863927E-1,-6.462769828E-1,-3.508125916E-1,3.653209909E-1,1.103898369E2,-9.468612816E1,4.112726200E0,6.077769905E1
1.364283117E1,5.712421582E-1,-6.464976637E-1,-3.492749902E-1,3.656913879E-1,1.103262186E2,-9.459563347E1,4.232049770E0,6.066669256E1
1.365287617E1,5.719038321E-1,-6.458413952E-1,-3.480765446E-1,3.669572580E-1,1.102338145E2,-9.440223692E1,4.350623406E0,6.067377985E1
1.366292017E1,5.726079057E-1,-6.439991986E-1,-3.477698420E-1,3.693795533E-1,1.101354322E2,-9.410433283E1,4.444233540E0,6.087653623E1
1.367296517E1,5.732168223E-1,-6.409852142E-1,-3.482910931E-1,3.731671430E-1,1.100502988E2,-9.370042258E1,4.536641033E0,6.128949782E1
1.368300917E1,5.736880768E-1,-6.370988954E-1,-3.491835527E-1,3.782298541E-1,1.099843818E2,-9.320066622E1,4.662992628E0,6.186264136E1
1.369305417E1,5.742016256E-1,-6.326511912E-1,-3.500378166E-1,3.840812381E-1,1.099125186E2,-9.261987640E1,4.818197927E0,6.251339287E1
1.370309817E1,5.749259929E-1,-6.279015364E-1,-3.506346581E-1,3.901989901E-1,1.098111008E2,-9.197941689E1,4.981560495E0,6.317256755E1
1.371314317E1,5.758763622E-1,-6.230076129E-1,-3.508574464E-1,3.963924273E-1,1.096779450E2,-9.129327986E1,5.152675486E0,6.381137955E1
1.372318717E1,5.770966399E-1,-6.181272818E-1,-3.504483480E-1,4.025718718E-1,1.095068124E2,-9.056343057E1,5.347508226E0,6.439754514E1
1.373323217E1,5.785956980E-1,-6.134124930E-1,-3.490998069E-1,4.087561000E-1,1.092963360E2,-8.978647931E1,5.595049188E0,6.490527238E1
1.374327617E1,5.804391116E-1,-6.090012563E-1,-3.465874964E-1,4.148314049E-1,1.090371333E2,-8.896373837E1,5.907331472E0,6.530406084E1
1.375332117E1,5.827721714E-1,-6.049813848E-1,-3.428402939E-1,4.205171201E-1,1.087084809E2,-8.810234939E1,6.270036595E0,6.556085017E1
1.376336517E1,5.856689981E-1,-6.014055302E-1,-3.380227721E-1,4.254923975E-1,1.082994685E2,-8.722407544E1,6.652541408E0,6.565885071E1
1.377341017E1,5.891961993E-1,-5.982860102E-1,-3.323367197E-1,4.294810752E-1,1.078000224E2,-8.634834415E1,7.023820116E0,6.558780459E1
1.378345417E1,5.935075006E-1,-5.956094324E-1,-3.258900221E-1,4.321965808E-1,1.071873836E2,-8.548397446E1,7.354287983E0,6.532707960E1
1.379349917E1,5.987954760E-1,-5.932474387E-1,-3.187822090E-1,4.334504706E-1,1.064326428E2,-8.462366584E1,7.615010900E0,6.486559850E1
1.380354317E1,6.051633116E-1,-5.907763795E-1,-3.113033245E-1,4.334176435E-1,1.055188109E2,-8.373361718E1,7.777535552E0,6.424807429E1
1.381358817E1,6.125435093E-1,-5.874328068E-1,-3.038658176E-1,4.328725688E-1,1.044527133E2,-8.274094060E1,7.834090082E0,6.359428812E1
1.382363217E1,6.206757964E-1,-5.824424830E-1,-2.968729495E-1,4.328842330E-1,1.032689970E2,-8.156940249E1,7.801217564E0,6.305407981E1
1.383367717E1,6.291279676E-1,-5.753483570E-1,-2.909415076E-1,4.341949578E-1,1.020283703E2,-8.020177207E1,7.674656464E0,6.275760070E1
1.384372117E1,6.373391746E-1,-5.663619430E-1,-2.866588293E-1,4.368749179E-1,1.008126132E2,-7.871033774E1,7.438438095E0,6.275563252E1
1.385376617E1,6.446636436E-1,-5.560808620E-1,-2.845218471E-1,4.407156548E-1,9.971907738E1,-7.721273202E1,7.082899576E0,6.305778378E1
1.386381017E1,6.506321221E-1,-5.450224035E-1,-2.847113078E-1,4.456095993E-1,9.882144373E1,-7.579361535E1,6.618032473E0,6.365982531E1
1.387385517E1,6.549579060E-1,-5.337336968E-1,-2.870171724E-1,4.514196267E-1,9.816708351E1,-7.451413912E1,6.079448259E0,6.452597873E1
1.388389917E1,6.571772115E-1,-5.226956374E-1,-2.912922642E-1,4.583187919E-1,9.783011088E1,-7.342915823E1,5.523913397E0,6.566323035E1
1.389394417E1,6.569633479E-1,-5.120208416E-1,-2.976110988E-1,4.665419897E-1,9.786262085E1,-7.256321050E1,4.974897293E0,6.710784266E1
1.390398817E1,6.544794761E-1,-5.016028677E-1,-3.058098726E-1,4.759531176E-1,9.823961430E1,-7.189998708E1,4.426853878E0,6.883992395E1
1.391403375E1,6.501963342E-1,-4.913329241E-1,-3.153106363E-1,4.862262538E-1,9.888718747E1,-7.139295313E1,3.885930286E0,7.078687168E1
1.392407775E1,6.447049633E-1,-4.811576738E-1,-3.252699260E-1,4.970335224E-1,9.971288352E1,-7.097750624E1,3.376487215E0,7.285289071E1
1.393412275E1,6.386336993E-1,-4.711943116E-1,-3.348827108E-1,5.079139105E-1,1.006199736E2,-7.060433684E1,2.918621176E0,7.492451302E1
1.394416675E1,6.326212775E-1,-4.617983777E-1,-3.434195233E-1,5.182621471E-1,1.015124370E2,-7.024857152E1,2.530789198E0,7.687029072E1
1.395421175E1,6.271936169E-1,-4.535116329E-1,-3.503913707E-1,5.274288233E-1,1.023132503E2,-6.991794228E1,2.227289863E0,7.856598729E1
1.396425575E1,6.226356143E-1,-4.468773713E-1,-3.556341963E-1,5.349296874E-1,1.029822850E2,-6.964316152E1,2.019229733E0,7.992962390E1
1.397430075E1,6.189960311E-1,-4.422320615E-1,-3.592970630E-1,5.405370226E-1,1.035142873E2,-6.945963360E1,1.907080700E0,8.093598046E1
1.398434475E1,6.161495620E-1,-4.396455595E-1,-3.617279589E-1,5.442648666E-1,1.039290058E2,-6.939527530E1,1.880224391E0,8.160852310E1
1.399438975E1,6.137881611E-1,-4.389991559E-1,-3.634299724E-1,5.463173312E-1,1.042721628E2,-6.947635692E1,1.921353818E0,8.201058330E1
1.400443375E1,6.114517136E-1,-4.399678512E-1,-3.650129317E-1,5.471021003E-1,1.046109090E2,-6.972047193E1,2.008003902E0,8.224296581E1
1.401447875E1,6.086381691E-1,-4.421251165E-1,-3.671034786E-1,5.471013311E-1,1.050178025E2,-7.013821342E1,2.115158836E0,8.241943047E1
1.402452275E1,6.048827058E-1,-4.450384779E-1,-3.702255459E-1,5.468004974E-1,1.055591961E2,-7.073145654E1,2.224119625E0,8.264706669E1
1.403456775E1,5.999335674E-1,-4.483634744E-1,-3.747176097E-1,5.464766437E-1,1.062697202E2,-7.149585422E1,2.317041912E0,8.299247402E1
1.404461175E1,5.937646359E-1,-4.516262543E-1,-3.807359031E-1,5.463674649E-1,1.071507684E2,-7.239778537E1,2.371160947E0,8.350350630E1
1.405465675E1,5.865855024E-1,-4.543535162E-1,-3.881047501E-1,5.466763249E-1,1.081698447E2,-7.337412391E1,2.375899236E0,8.419596659E1
1.406470075E1,5.788227891E-1,-4.560019743E-1,-3.963436898E-1,5.476658710E-1,1.092644271E2,-7.432555290E1,2.329595901E0,8.506539621E1
1.407474575E1,5.710649320E-1,-4.557060534E-1,-4.046926090E-1,5.499461551E-1,1.103509597E2,-7.508963083E1,2.236023649E0,8.612283170E1
1.408478975E1,5.637859177E-1,-4.526896074E-1,-4.123491702E-1,5.542433641E-1,1.113639486E2,-7.550766365E1,2.111661978E0,8.738664278E1
1.409483475E1,5.566414439E-1,-4.472605283E-1,-4.194588970E-1,5.605021641E-1,1.123523041E2,-7.563066828E1,1.971626079E0,8.886576559E1
1.410487875E1,5.485652380E-1,-4.403538775E-1,-4.273531328E-1,5.679207106E-1,1.134627242E2,-7.569777496E1,1.794225694E0,9.059212427E1
1.411492375E1,5.386410862E-1,-4.327561416E-1,-4.369654037E-1,5.758898387E-1,1.148176409E2,-7.589732750E1,1.587564935E0,9.259025553E1
1.412496775E1,5.265462762E-1,-4.250164898E-1,-4.482077958E-1,5.841402660E-1,1.164552075E2,-7.628969747E1,1.405847125E0,9.483264010E1
1.413501275E1,5.123583141E-1,-4.174001236E-1,-4.607762481E-1,5.924114850E-1,1.183579122E2,-7.688056808E1,1.282396396E0,9.727107994E1
1.414505675E1,4.963725123E-1,-4.099850547E-1,-4.743686121E-1,6.004174553E-1,1.204794077E2,-7.765355751E1,1.226067811E0,9.985134826E1
1.415510175E1,4.791196946E-1,-4.027687002E-1,-4.887310489E-1,6.077530353E-1,1.227441527E2,-7.858679115E1,1.217423999E0,1.025030993E2
1.416514575E1,4.610918069E-1,-3.958446289E-1,-5.034973001E-1,6.141595196E-1,1.250848355E2,-7.965131938E1,1.255252388E0,1.051570444E2
1.417519075E1,4.426213351E-1,-3.893583765E-1,-5.182611936E-1,6.195899250E-1,1.274574948E2,-8.081309186E1,1.357930051E0,1.077616762E2
1.418523475E1,4.245970246E-1,-3.829910677E-1,-5.323548626E-1,6.242062272E-1,1.297496819E2,-8.195910941E1,1.493196043E0,1.102543221E2
1.419527975E1,4.092642645E-1,-3.743092752E-1,-5.442118301E-1,6.294670706E-1,1.316827491E2,-8.267516880E1,1.477123749E0,1.126386831E2
1.420532375E1,3.981739957E-1,-3.612158036E-1,-5.522690905E-1,6.371651924E-1,1.330718487E2,-8.258407976E1,1.175212712E0,1.149640822E2
1.421536875E1,3.899833879E-1,-3.450922000E-1,-5.568881217E-1,6.470703340E-1,1.340930685E2,-8.186044990E1,7.015251390E-1,1.172377001E2
1.422541275E1,3.829740403E-1,-3.286069555E-1,-5.591234325E-1,6.578217317E-1,1.349639527E2,-8.086285276E1,2.331986476E-1,1.193866591E2
1.423545775E1,3.772551029E-1,-3.150856775E-1,-5.595325730E-1,6.673252876E-1,1.356724786E2,-7.990453228E1,-9.418033074E-2,1.211178503E2
1.424550175E1,3.733575414E-1,-3.071192171E-1,-5.586773608E-1,6.739151054E-1,1.361543296E2,-7.921548932E1,-1.849655692E-1,1.221790394E2
1.425554675E1,3.717451716E-1,-3.054357034E-1,-5.571585569E-1,6.768227322E-1,1.363534263E2,-7.889738283E1,-4.528384603E-2,1.224816462E2
1.426559075E1,3.718707481E-1,-3.087841757E-1,-5.555944979E-1,6.765199703E-1,1.363379250E2,-7.893420097E1,2.623376381E-1,1.221904067E2
1.427563575E1,3.726357767E-1,-3.148470315E-1,-5.545841221E-1,6.741293378E-1,1.362434709E2,-7.924397992E1,6.405498825E-1,1.216050238E2
1.428567975E1,3.734451753E-1,-3.218674426E-1,-5.543953779E-1,6.705115261E-1,1.361435045E2,-7.973962642E1,1.006114146E0,1.209279123E2
1.429572475E1,3.740974083E-1,-3.287741099E-1,-5.551094509E-1,6.661923487E-1,1.360629237E2,-8.035370208E1,1.302077248E0,1.202681518E2
1.430576875E1,3.744320648E-1,-3.348670163E-1,-5.567210727E-1,6.616089527E-1,1.360215693E2,-8.103071623E1,1.500953848E0,1.197026929E2
1.431581375E1,3.742943078E-1,-3.396015931E-1,-5.591970630E-1,6.571706577E-1,1.360385931E2,-8.172095888E1,1.589809468E0,1.192970498E2
1.432585775E1,3.734746359E-1,-3.424220918E-1,-5.625616143E-1,6.532902816E-1,1.361398653E2,-8.238059236E1,1.558469002E0,1.191244100E2
1.433590275E1,3.716688647E-1,-3.427378771E-1,-5.669446126E-1,6.503589999E-1,1.363628453E2,-8.297828987E1,1.396665923E0,1.192703624E2
1.434594675E1,3.685363845E-1,-3.401370899E-1,-5.724437543E-1,6.486877510E-1,1.367492388E2,-8.349724255E1,1.108904399E0,1.198062374E2
1.435599175E1,3.637313277E-1,-3.344944803E-1,-5.791250308E-1,6.484034915E-1,1.373409454E2,-8.394612817E1,7.152386538E-1,1.207748452E2
1.436603575E1,3.568934651E-1,-3.258121452E-1,-5.870998046E-1,6.494515572E-1,1.381809296E2,-8.435748427E1,2.368753466E-1,1.222050977E2
1.437608075E1,3.478101871E-1,-3.142919048E-1,-5.963823845E-1,6.515955253E-1,1.392931305E2,-8.477319006E1,-3.021415187E-1,1.240907390E2
1.438612475E1,3.364726427E-1,-3.003311300E-1,-6.066262287E-1,6.546693371E-1,1.406757730E2,-8.520326474E1,-8.589587643E-1,1.263873637E2
1.439616975E1,3.234476860E-1,-2.844238768E-1,-6.160501166E-1,6.595202497E-1,1.422568900E2,-8.545786406E1,-1.338170437E0,1.289867711E2
1.440621375E1,3.099345634E-1,-2.670752856E-1,-6.227841082E-1,6.668968754E-1,1.438894260E2,-8.531613746E1,-1.708887659E0,1.317221405E2
1.441625875E1,2.966783891E-1,-2.487971457E-1,-6.270974799E-1,6.758925934E-1,1.454835835E2,-8.485049334E1,-2.050035996E0,1.344761535E2
1.442630275E1,2.836261002E-1,-2.307178125E-1,-6.303820049E-1,6.847949350E-1,1.470465170E2,-8.432640291E1,-2.384008950E0,1.371625631E2
1.443634775E1,2.704281096E-1,-2.146275998E-1,-6.341661807E-1,6.918359454E-1,1.486205131E2,-8.405082067E1,-2.637599966E0,1.396775670E2
1.444639175E1,2.570122830E-1,-2.019568031E-1,-6.392807219E-1,6.960447929E-1,1.502142897E2,-8.419280397E1,-2.720510914E0,1.419249393E2
1.445643675E1,2.438891663E-1,-1.926810193E-1,-6.453060564E-1,6.978339477E-1,1.517676072E2,-8.466343410E1,-2.627795107E0,1.438653565E2
1.446648075E1,2.313120620E-1,-1.855867353E-1,-6.519495377E-1,6.978640195E-1,1.532513387E2,-8.534749746E1,-2.440333240E0,1.455735592E2
1.447652575E1,2.191455523E-1,-1.797362681E-1,-6.591041128E-1,6.966002673E-1,1.546822957E2,-8.618112604E1,-2.204758826E0,1.471361107E2
1.448656975E1,2.073018454E-1,-1.747963203E-1,-6.664803170E-1,6.944609986E-1,1.560714396E2,-8.710367324E1,-1.922447602E0,1.485861348E2
1.449661475E1,1.960516082E-1,-1.705937105E-1,-6.736484633E-1,6.918520033E-1,1.573876757E2,-8.803984034E1,-1.609565829E0,1.499129173E2
1.450665875E1,1.857712332E-1,-1.669547937E-1,-6.801886849E-1,6.891723910E-1,1.585877994E2,-8.891453897E1,-1.294863791E0,1.510987376E2
1.451670375E1,1.768428869E-1,-1.639309259E-1,-6.857519846E-1,6.867296018E-1,1.596281588E2,-8.967097133E1,-9.963254035E-1,1.521091253E2
1.452674775E1,1.695934182E-1,-1.618969612E-1,-6.900366753E-1,6.847458761E-1,1.604716392E2,-9.027059967E1,-7.067501302E-1,1.528886614E2
1.453679275E1,1.641414705E-1,-1.612751898E-1,-6.928682903E-1,6.833604249E-1,1.611052712E2,-9.069631037E1,-4.032897382E-1,1.533953564E2
1.454683675E1,1.604646637E-1,-1.623121919E-1,-6.942522874E-1,6.825829841E-1,1.615322640E2,-9.095476297E1,-7.006353525E-2,1.536129631E2
1.455688175E1,1.585054043E-1,-1.651226070E-1,-6.942879647E-1,6.823303770E-1,1.617596896E2,-9.106592128E1,3.002056071E-1,1.535384249E2
1.456692575E1,1.583573424E-1,-1.700088597E-1,-6.930217048E-1,6.824521392E-1,1.617768733E2,-9.105233270E1,7.194057589E-1,1.531396259E2
1.457697075E1,1.601661165E-1,-1.773344456E-1,-6.904856868E-1,6.827362933E-1,1.615669233E2,-9.094196155E1,1.201036267E0,1.523740029E2
1.458701475E1,1.639237610E-1,-1.871573798E-1,-6.868574121E-1,6.828822057E-1,1.611305615E2,-9.077972101E1,1.743687366E0,1.512358783E2
1.459705975E1,1.693350370E-1,-1.992171737E-1,-6.824251863E-1,6.825937105E-1,1.605016821E2,-9.061836192E1,2.341286745E0,1.497684444E2
1.460710375E1,1.758339757E-1,-2.130485260E-1,-6.775341920E-1,6.816451746E-1,1.597456120E2,-9.050974617E1,2.991048590E0,1.480533810E2
1.461714875E1,1.829504921E-1,-2.281495522E-1,-6.725387158E-1,6.798298044E-1,1.589166700E2,-9.050071819E1,3.676508467E0,1.461669357E2
1.462719275E1,1.903947214E-1,-2.438682615E-1,-6.677484314E-1,6.770452465E-1,1.580483588E2,-9.061596680E1,4.355702191E0,1.441837970E2
1.463723775E1,1.978781472E-1,-2.594071091E-1,-6.634293277E-1,6.733600946E-1,1.571741876E2,-9.085473190E1,4.979106181E0,1.421935393E2
1.464728175E1,2.051841559E-1,-2.738843197E-1,-6.598051834E-1,6.689873380E-1,1.563194409E2,-9.119220899E1,5.490870484E0,1.402914053E2
1.465732675E1,2.121670247E-1,-2.865494056E-1,-6.570143456E-1,6.642339532E-1,1.555012485E2,-9.158735088E1,5.847331906E0,1.385600427E2
1.466737075E1,2.186954451E-1,-2.968449956E-1,-6.551599264E-1,6.594094456E-1,1.547351565E2,-9.199977520E1,6.022776634E0,1.370671072E2
1.467741575E1,2.241833019E-1,-3.042466144E-1,-6.542978969E-1,6.550344341E-1,1.540902839E2,-9.238271605E1,6.039766476E0,1.359175244E2
1.468745975E1,2.277506744E-1,-3.081334916E-1,-6.545519476E-1,6.517246632E-1,1.536706387E2,-9.269512578E1,5.940008746E0,1.352495455E2
1.469750475E1,2.284630404E-1,-3.077813336E-1,-6.562854264E-1,6.498958272E-1,1.535867972E2,-9.293121675E1,5.749402225E0,1.352121930E2
1.470754875E1,2.249236535E-1,-3.021196105E-1,-6.601783306E-1,6.498442183E-1,1.540032225E2,-9.312263632E1,5.490569754E0,1.360187814E2
1.471759375E1,2.159449839E-1,-2.904188656E-1,-6.665578672E-1,6.517094271E-1,1.550580533E2,-9.329758170E1,5.201449193E0,1.378252896E2
1.472763775E1,2.021825627E-1,-2.736328084E-1,-6.749018263E-1,6.547938599E-1,1.566707631E2,-9.349478363E1,4.901292786E0,1.404721329E2
1.473768275E1,1.856731785E-1,-2.540901577E-1,-6.842484800E-1,6.578508973E-1,1.585992346E2,-9.376861750E1,4.600849096E0,1.435639057E2
1.474772675E1,1.680850879E-1,-2.339382743E-1,-6.939859615E-1,6.598513975E-1,1.606469987E2,-9.418027975E1,4.326022087E0,1.467643662E2
1.475777175E1,1.504080674E-1,-2.146018270E-1,-7.039028410E-1,6.601850741E-1,1.626988492E2,-9.477713095E1,4.106380188E0,1.498675493E2
1.476781575E1,1.333800452E-1,-1.971485010E-1,-7.138464416E-1,6.586088030E-1,1.646700876E2,-9.557345346E1,3.971584840E0,1.527252116E2
1.477786075E1,1.175774005E-1,-1.821505660E-1,-7.235932164E-1,6.552935530E-1,1.664953840E2,-9.653440235E1,3.931728485E0,1.552483051E2
1.478790475E1,1.029892382E-1,-1.693766359E-1,-7.323881468E-1,6.513926514E-1,1.681773394E2,-9.749732884E1,4.002798474E0,1.574675564E2
1.479794975E1,8.967270964E-2,-1.584426898E-1,-7.387231132E-1,6.489551938E-1,1.697104428E2,-9.816431156E1,4.195381562E0,1.594258439E2
1.480799375E1,7.983725785E-2,-1.505603861E-1,-7.419207103E-1,6.484682923E-1,1.708415772E2,-9.843357677E1,4.404735992E0,1.608574105E2
1.481803875E1,7.663508781E-2,-1.478447593E-1,-7.428057309E-1,6.484664589E-1,1.712096473E2,-9.849282535E1,4.467567273E0,1.613369138E2
1.482808275E1,8.147422037E-2,-1.514049036E-1,-7.425174464E-1,6.473842965E-1,1.706533820E2,-9.856498881E1,4.303650117E0,1.606543759E2
1.483812775E1,9.201491538E-2,-1.598165506E-1,-7.413348269E-1,6.453020525E-1,1.694409313E2,-9.866198594E1,4.004347878E0,1.591096666E2
1.484817175E1,1.045455949E-1,-1.702713082E-1,-7.393497314E-1,6.429929109E-1,1.679980260E2,-9.871821614E1,3.690966578E0,1.572303622E2
1.485821675E1,1.168272076E-1,-1.805052795E-1,-7.369852511E-1,6.407979663E-1,1.665819463E2,-9.872686797E1,3.390162266E0,1.553853290E2
1.486826075E1,1.276122068E-1,-1.889663647E-1,-7.347028939E-1,6.389197763E-1,1.653367348E2,-9.869725836E1,3.092871542E0,1.538080921E2
1.487830575E1,1.359908317E-1,-1.948003736E-1,-7.329786241E-1,6.374179998E-1,1.643681624E2,-9.866114526E1,2.807572893E0,1.526460222E2
1.488834975E1,1.416916566E-1,-1.981716789E-1,-7.321280375E-1,6.361131755E-1,1.637085061E2,-9.866849433E1,2.558898757E0,1.519067776E2
1.489839475E1,1.450207308E-1,-1.998607139E-1,-7.321759585E-1,6.347779001E-1,1.633230407E2,-9.875340904E1,2.371171834E0,1.514981609E2
1.490843812E1,1.466987865E-1,-2.003254040E-1,-7.330001190E-1,6.332929613E-1,1.631286709E2,-9.891417404E1,2.216116179E0,1.513248751E2
1.491848312E1,1.474385480E-1,-1.995740732E-1,-7.343901432E-1,6.317460876E-1,1.630429686E2,-9.911507429E1,2.040473135E0,1.513327431E2
1.492852712E1,1.475045710E-1,-1.976304713E-1,-7.359277024E-1,6.305513720E-1,1.630353192E2,-9.928689356E1,1.841054265E0,1.515006894E2
1.493857212E1,1.469518362E-1,-1.945324250E-1,-7.370444253E-1,6.303395630E-1,1.630993558E2,-9.933584236E1,1.640195623E0,1.518221175E2
1.494861612E1,1.459841446E-1,-1.903406259E-1,-7.372705431E-1,6.315784275E-1,1.632114541E2,-9.918631334E1,1.442312722E0,1.522759752E2
1.495866112E1,1.449588382E-1,-1.854645095E-1,-7.363604030E-1,6.343211336E-1,1.633302088E2,-9.881728047E1,1.249388725E0,1.527968417E2
1.496870512E1,1.440156338E-1,-1.805777510E-1,-7.343570790E-1,6.382560899E-1,1.634394382E2,-9.826798284E1,1.088221032E0,1.533117467E2
1.497875012E1,1.430064908E-1,-1.763217622E-1,-7.315082049E-1,6.429272883E-1,1.635562870E2,-9.760873613E1,1.002916557E0,1.537738765E2
1.498879412E1,1.417489974E-1,-1.729815612E-1,-7.280004702E-1,6.480739243E-1,1.637018683E2,-9.688250267E1,1.021237032E0,1.541728125E2
1.499883912E1,1.399935179E-1,-1.702386233E-1,-7.239532980E-1,6.536912352E-1,1.639050577E2,-9.609631390E1,1.138510766E0,1.545578525E2
1.500888312E1,1.373464641E-1,-1.674586171E-1,-7.194120594E-1,6.599544044E-1,1.642113470E2,-9.523363595E1,1.341571410E0,1.550173308E2
1.501892812E1,1.336459286E-1,-1.643103740E-1,-7.142447293E-1,6.670797084E-1,1.646393444E2,-9.426195905E1,1.621941144E0,1.555948584E2
1.502897212E1,1.289707473E-1,-1.608083291E-1,-7.083636213E-1,6.750764829E-1,1.651797604E2,-9.317061364E1,1.971333442E0,1.562848569E2
1.503901712E1,1.234280785E-1,-1.573217100E-1,-7.018205549E-1,6.837128990E-1,1.658200233E2,-9.198482510E1,2.400079488E0,1.570489847E2
1.504906112E1,1.172298365E-1,-1.543543401E-1,-6.948120186E-1,6.925808066E-1,1.665354892E2,-9.075604612E1,2.917633608E0,1.578293828E2
1.505910612E1,1.109385132E-1,-1.523513322E-1,-6.876114192E-1,7.011934940E-1,1.672611609E2,-8.954311239E1,3.502399978E0,1.585444745E2
1.506915012E1,1.054541756E-1,-1.513095675E-1,-6.805280302E-1,7.091307782E-1,1.678933316E2,-8.839293257E1,4.075303056E0,1.591205107E2
1.507919512E1,1.015704699E-1,-1.511946541E-1,-6.738020043E-1,7.161107599E-1,1.683407754E2,-8.733997160E1,4.569451864E0,1.594921703E2
1.508923913E1,9.980371620E-2,-1.522268725E-1,-6.675105335E-1,7.220081577E-1,1.685442646E2,-8.640238601E1,4.966773549E0,1.595950198E2
1.509928412E1,9.994747910E-2,-1.543007925E-1,-6.615318766E-1,7.270332843E-1,1.685277078E2,-8.555724013E1,5.285968573E0,1.594531834E2
1.510932813E1,1.012243179E-1,-1.565695574E-1,-6.554039777E-1,7.319051650E-1,1.683806470E2,-8.470440899E1,5.537803770E0,1.592026920E2
1.511937313E1,1.023052792E-1,-1.575580906E-1,-6.482734685E-1,7.378688808E-1,1.682561315E2,-8.366244370E1,5.731732209E0,1.590813321E2
1.512941713E1,1.019989348E-1,-1.561543477E-1,-6.394245691E-1,7.458875927E-1,1.682914206E2,-8.228699900E1,5.883491500E0,1.592849489E2
1.513946213E1,1.002666993E-1,-1.523004609E-1,-6.291505793E-1,7.555930004E-1,1.684909432E2,-8.062874309E1,5.968899800E0,1.598162494E2
1.514950613E1,9.795859039E-2,-1.468897539E-1,-6.184591672E-1,7.657257561E-1,1.687567418E2,-7.887762975E1,5.957328684E0,1.605180129E2
1.515955113E1,9.569351339E-2,-1.407864477E-1,-6.083386341E-1,7.752071322E-1,1.690175259E2,-7.721121337E1,5.845665274E0,1.612567946E2
1.516959513E1,9.371712122E-2,-1.346907701E-1,-5.994474825E-1,7.834144301E-1,1.692450263E2,-7.574463154E1,5.663187167E0,1.619509519E2
1.517964013E1,9.202656898E-2,-1.290232201E-1,-5.921260481E-1,7.901082348E-1,1.694395902E2,-7.453301231E1,5.445677049E0,1.625682280E2
1.518968413E1,9.053492879E-2,-1.238621278E-1,-5.864097974E-1,7.953522089E-1,1.696112362E2,-7.357663823E1,5.212330220E0,1.631130992E2
1.519972913E1,8.908781675E-2,-1.191382879E-1,-5.819522414E-1,7.995005124E-1,1.697777359E2,-7.281904498E1,4.980260840E0,1.636094994E2
1.520977313E1,8.750486541E-2,-1.146777184E-1,-5.781659792E-1,8.030666416E-1,1.699598401E2,-7.216945475E1,4.761200947E0,1.640918627E2
1.521981813E1,8.574742612E-2,-1.102887563E-1,-5.743398883E-1,8.066085784E-1,1.701619877E2,-7.152194546E1,4.555422355E0,1.645822035E2
1.522986213E1,8.409358379E-2,-1.060715426E-1,-5.700447451E-1,8.103864534E-1,1.703521911E2,-7.081939695E1,4.361191537E0,1.650500863E2
1.523990713E1,8.284359255E-2,-1.023621142E-1,-5.652256323E-1,8.143580352E-1,1.704959312E2,-7.006246657E1,4.190232361E0,1.654446114E2
1.524995113E1,8.230731605E-2,-9.949212455E-2,-5.600150175E-1,8.183581083E-1,1.705575945E2,-6.927681722E1,4.051534873E0,1.657138611E2
1.525999613E1,8.269481418E-2,-9.774583310E-2,-5.546108432E-1,8.222007208E-1,1.705130386E2,-6.849521047E1,3.956926306E0,1.658187972E2
1.527004013E1,8.405759038E-2,-9.741198791E-2,-5.492506070E-1,8.256930086E-1,1.703563303E2,-6.775553109E1,3.929412029E0,1.657355358E2
1.528008513E1,8.631666146E-2,-9.863093799E-2,-5.441966730E-1,8.286562692E-1,1.700965154E2,-6.709617978E1,3.986177442E0,1.654626988E2
1.529013013E1,8.924262212E-2,-1.012575085E-1,-5.397233540E-1,8.309520502E-1,1.697599256E2,-6.655163185E1,4.125859417E0,1.650317253E2
1.530017413E1,9.243166341E-2,-1.048727809E-1,-5.360914758E-1,8.325046980E-1,1.693929711E2,-6.614836350E1,4.330555661E0,1.645079331E2
1.531021913E1,9.553139553E-2,-1.088419182E-1,-5.335820524E-1,8.332571035E-1,1.690361887E2,-6.590961906E1,4.556315969E0,1.639646984E2
1.532026313E1,9.829913693E-2,-1.125372907E-1,-5.324534230E-1,8.331661928E-1,1.687175288E2,-6.585397329E1,4.752121539E0,1.634639116E2
1.533030813E1,1.005758675E-1,-1.154762326E-1,-5.328606459E-1,8.322315021E-1,1.684553351E2,-6.598831700E1,4.877179174E0,1.630506725E2
1.534035213E1,1.022599292E-1,-1.174015427E-1,-5.348402834E-1,8.304851474E-1,1.682613557E2,-6.630919576E1,4.911391619E0,1.627511961E2
1.535039713E1,1.032571236E-1,-1.182948030E-1,-5.383278508E-1,8.279778314E-1,1.681464775E2,-6.680667472E1,4.859842213E0,1.625767165E2
1.536044112E1,1.035281278E-1,-1.182316881E-1,-5.432089405E-1,8.247589080E-1,1.681152553E2,-6.746805196E1,4.735181807E0,1.625276645E2
1.537048613E1,1.031156366E-1,-1.173269428E-1,-5.493602099E-1,8.208562363E-1,1.681627777E2,-6.828182545E1,4.549586718E0,1.625941467E2
1.538053012E1,1.020783605E-1,-1.157230234E-1,-5.566045155E-1,8.163208561E-1,1.682822713E2,-6.923070697E1,4.318441525E0,1.627631428E2
1.539057512E1,1.006043167E-1,-1.135750936E-1,-5.646582725E-1,8.112585981E-1,1.684520585E2,-7.028347318E1,4.052092924E0,1.630087918E2
1.540061912E1,9.894853557E-2,-1.110537216E-1,-5.730600150E-1,8.059023237E-1,1.686427486E2,-7.138387893E1,3.760730292E0,1.632985117E2
1.541066412E1,9.724734125E-2,-1.083419512E-1,-5.810888632E-1,8.007125926E-1,1.688386359E2,-7.243738069E1,3.467527529E0,1.636106255E2
1.542070812E1,9.559693388E-2,-1.056596204E-1,-5.877586652E-1,7.963899486E-1,1.690286440E2,-7.330954501E1,3.205460900E0,1.639245557E2
1.543075312E1,9.413854756E-2,-1.031529366E-1,-5.921004649E-1,7.936714136E-1,1.691965200E2,-7.386313106E1,2.995648860E0,1.642193275E2
1.544079712E1,9.284746315E-2,-1.008795988E-1,-5.935941703E-1,7.929998036E-1,1.693451182E2,-7.402132044E1,2.852650604E0,1.644933404E2
1.545084212E1,9.143390000E-2,-9.889294388E-2,-5.923767375E-1,7.943235097E-1,1.695077927E2,-7.380233077E1,2.795960414E0,1.647677266E2
1.546088612E1,8.965960197E-2,-9.713181674E-2,-5.897164917E-1,7.967188837E-1,1.697119509E2,-7.338473994E1,2.810110127E0,1.650641493E2
1.547093112E1,8.764028323E-2,-9.554646303E-2,-5.882291294E-1,7.982333674E-1,1.699442625E2,-7.313789242E1,2.833377591E0,1.653667986E2
1.548097512E1,8.559797340E-2,-9.435503485E-2,-5.892573650E-1,7.978382407E-1,1.701791769E2,-7.325566742E1,2.847720457E0,1.656353739E2
1.549102012E1,8.284072657E-2,-9.283502983E-2,-5.912746606E-1,7.968144938E-1,1.704962607E2,-7.350649164E1,2.864914057E0,1.659893658E2
1.550106412E1,7.871514015E-2,-8.909287437E-2,-5.918974014E-1,7.971974400E-1,1.709705684E2,-7.351412870E1,2.800968260E0,1.666295005E2
1.551110912E1,7.398432499E-2,-8.312837881E-2,-5.897611041E-1,7.998735963E-1,1.715142675E2,-7.309131921E1,2.620375357E0,1.674885607E2
1.552115312E1,7.017724232E-2,-7.702507260E-2,-5.853345681E-1,8.040683457E-1,1.719516650E2,-7.235220093E1,2.390644594E0,1.682757186E2
1.553119812E1,6.845019090E-2,-7.277881976E-2,-5.801405169E-1,8.083655120E-1,1.721500477E2,-7.154788539E1,2.191657822E0,1.687405399E2
1.554124212E1,6.933742421E-2,-7.147713542E-2,-5.756006902E-1,8.116447475E-1,1.720481361E2,-7.089111851E1,2.074947174E0,1.687571971E2
1.555128712E1,7.282768903E-2,-7.355969550E-2,-5.724712867E-1,8.133644232E-1,1.716471667E2,-7.049123659E1,2.079041489E0,1.682977318E2
1.556133112E1,7.830319686E-2,-7.879686289E-2,-5.711062767E-1,8.133248473E-1,1.710179198E2,-7.039649785E1,2.219964636E0,1.674355373E2
1.557137612E1,8.461641544E-2,-8.659898212E-2,-5.716450188E-1,8.115188127E-1,1.702920647E2,-7.062413923E1,2.511063743E0,1.663157849E2
1.558142012E1,9.053513952E-2,-9.640322417E-2,-5.738076579E-1,8.082417688E-1,1.696112120E2,-7.113504449E1,2.976979096E0,1.650883335E2
1.559146512E1,9.537975117E-2,-1.074963590E-1,-5.771099478E-1,8.039224755E-1,1.690536456E2,-7.185692664E1,3.597574590E0,1.638604332E2
1.560150912E1,9.914510847E-2,-1.187999120E-1,-5.810034104E-1,7.990568326E-1,1.686201117E2,-7.269409799E1,4.281024523E0,1.627032307E2
1.561155412E1,1.021405271E-1,-1.291748856E-1,-5.848893288E-1,7.942201024E-1,1.682751101E2,-7.353200572E1,4.916553280E0,1.616689221E2
1.562159812E1,1.045782376E-1,-1.377950962E-1,-5.883360981E-1,7.898964890E-1,1.679942648E2,-7.427846044E1,5.430221317E0,1.608023818E2
1.563164312E1,1.064923578E-1,-1.445227447E-1,-5.913345935E-1,7.861907063E-1,1.677736910E2,-7.491737516E1,5.814014851E0,1.601158836E2
1.564168712E1,1.079252242E-1,-1.495054927E-1,-5.941335867E-1,7.829467055E-1,1.676085448E2,-7.548013308E1,6.077043489E0,1.595976249E2
1.565173212E1,1.089238517E-1,-1.525715705E-1,-5.968722257E-1,7.801289358E-1,1.674934319E2,-7.597477486E1,6.201405934E0,1.592584520E2
1.566177613E1,1.096482085E-1,-1.535321815E-1,-5.995311861E-1,7.777966767E-1,1.674099265E2,-7.638829895E1,6.163072702E0,1.591008400E2
1.567182112E1,1.100793497E-1,-1.525981652E-1,-6.019543349E-1,7.760459177E-1,1.673602205E2,-7.670384479E1,5.988041137E0,1.591138116E2
1.568186513E1,1.100350955E-1,-1.505016334E-1,-6.040516253E-1,7.748310769E-1,1.673653227E2,-7.693350618E1,5.756038869E0,1.592602201E2
1.569191013E1,1.093077252E-1,-1.478456444E-1,-6.059148321E-1,7.739901630E-1,1.674491790E2,-7.711137482E1,5.531892545E0,1.595126876E2
1.570195413E1,1.077460580E-1,-1.448855237E-1,-6.075792744E-1,7.734638753E-1,1.676291961E2,-7.725151194E1,5.347664076E0,1.598650459E2
1.571199913E1,1.053241526E-1,-1.418406247E-1,-6.092125069E-1,7.730771147E-1,1.679083146E2,-7.738560725E1,5.219867428E0,1.603016973E2
1.572204313E1,1.024370934E-1,-1.392147917E-1,-6.110163077E-1,7.725185847E-1,1.682409470E2,-7.755929436E1,5.158461609E0,1.607476368E2
1.573208813E1,9.949239850E-2,-1.375959945E-1,-6.130458681E-1,7.715849266E-1,1.685801174E2,-7.779860645E1,5.183580581E0,1.611215056E2
1.574213213E1,9.651946518E-2,-1.372688717E-1,-6.153189109E-1,7.702102440E-1,1.689224386E2,-7.811393921E1,5.317302512E0,1.613986571E2
1.575217713E1,9.354537281E-2,-1.381653773E-1,-6.178988459E-1,7.683492499E-1,1.692647941E2,-7.851237247E1,5.550058099E0,1.615802085E2
1.576222113E1,9.081788166E-2,-1.399052203E-1,-6.209061711E-1,7.659335611E-1,1.695786781E2,-7.900109931E1,5.827710037E0,1.616704390E2
1.577226613E1,8.843369766E-2,-1.421090158E-1,-6.244117563E-1,7.629511869E-1,1.698529895E2,-7.958033358E1,6.108201537E0,1.616878364E2
1.578231013E1,8.623359002E-2,-1.446343707E-1,-6.284001126E-1,7.594458756E-1,1.701060703E2,-8.024466606E1,6.390580686E0,1.616566019E2
1.579235513E1,8.414934407E-2,-1.474291914E-1,-6.328360894E-1,7.554482471E-1,1.703457788E2,-8.098876862E1,6.675426375E0,1.615860884E2
1.580239913E1,8.227157552E-2,-1.504655557E-1,-6.376668558E-1,7.509810604E-1,1.705617040E2,-8.180568975E1,6.953850755E0,1.614700525E2
1.581244413E1,8.072975951E-2,-1.537567821E-1,-6.428092139E-1,7.460816579E-1,1.707389729E2,-8.268528958E1,7.217864501E0,1.612962050E2
1.582248813E1,7.960983345E-2,-1.572909218E-1,-6.481574382E-1,7.408197081E-1,1.708677214E2,-8.361292109E1,7.460867738E0,1.610586740E2
1.583253313E1,7.898104462E-2,-1.610317285E-1,-6.536216718E-1,7.352614239E-1,1.709400029E2,-8.457504383E1,7.674977826E0,1.607552654E2
1.584257713E1,7.851433149E-2,-1.642447724E-1,-6.588615155E-1,7.299044541E-1,1.709936509E2,-8.549283488E1,7.834137009E0,1.604782937E2
1.585262213E1,7.635500093E-2,-1.638403523E-1,-6.626301813E-1,7.268063868E-1,1.712418372E2,-8.605472577E1,7.872560904E0,1.606557241E2
1.586266613E1,7.186962794E-2,-1.589901141E-1,-6.643705722E-1,7.267520384E-1,1.717572409E2,-8.614169428E1,7.793122518E0,1.614179297E2
1.587271113E1,6.637127653E-2,-1.519013724E-1,-6.648410786E-1,7.283592242E-1,1.723888169E2,-8.596012316E1,7.644420814E0,1.624617192E2
1.588275512E1,6.140951771E-2,-1.451664535E-1,-6.650121315E-1,7.300098423E-1,1.729585572E2,-8.575613347E1,7.485179321E0,1.634313453E2
1.589280013E1,5.835922385E-2,-1.409979827E-1,-6.657961262E-1,7.303624850E-1,1.733087237E2,-8.573993924E1,7.368396372E0,1.640217914E2
1.590284412E1,5.876448687E-2,-1.411986439E-1,-6.679953066E-1,7.282801988E-1,1.732622041E2,-8.608684390E1,7.305253170E0,1.639498715E2
1.591288904E1,6.314025697E-2,-1.458450600E-1,-6.714473231E-1,7.238100198E-1,1.727598434E2,-8.677679077E1,7.258002338E0,1.631673073E2
1.592293304E1,7.031630584E-2,-1.533578411E-1,-6.750947746E-1,7.181810131E-1,1.719356900E2,-8.760512084E1,7.200219714E0,1.619100027E2
1.593297804E1,7.892675948E-2,-1.620379845E-1,-6.780452226E-1,7.125790016E-1,1.709462430E2,-8.838323494E1,7.117115709E0,1.604395637E2
1.594302204E1,8.816123936E-2,-1.707850572E-1,-6.800456806E-1,7.075294509E-1,1.698843333E2,-8.903359370E1,6.993894469E0,1.589174156E2
1.595306704E1,9.749366851E-2,-1.789274490E-1,-6.813343205E-1,7.030387674E-1,1.688102741E2,-8.956507963E1,6.819061164E0,1.574421441E2
1.596311104E1,1.064616960E-1,-1.860197310E-1,-6.822503612E-1,6.989971164E-1,1.677772247E2,-9.000794739E1,6.591365646E0,1.560878050E2
1.597315604E1,1.146096301E-1,-1.918513375E-1,-6.829781530E-1,6.954124216E-1,1.668377807E2,-9.037656627E1,6.331448485E0,1.549095167E2
1.598320004E1,1.216262164E-1,-1.962965024E-1,-6.836520600E-1,6.923111089E-1,1.660280691E2,-9.068133555E1,6.055771168E0,1.539436746E2
1.599324504E1,1.274220192E-1,-1.993038276E-1,-6.843806315E-1,6.896844963E-1,1.653587081E2,-9.093282570E1,5.768147463E0,1.532021443E2
1.600328904E1,1.320307349E-1,-2.009311174E-1,-6.852838385E-1,6.874449392E-1,1.648260870E2,-9.114976499E1,5.468650311E0,1.526769721E2
1.601333404E1,1.355226856E-1,-2.013377713E-1,-6.864983210E-1,6.854317528E-1,1.644223093E2,-9.135974778E1,5.159833797E0,1.523480136E2
1.602337804E1,1.380352700E-1,-2.009214025E-1,-6.880838433E-1,6.834599125E-1,1.641316566E2,-9.159057923E1,4.857840675E0,1.521692228E2
1.603342304E1,1.399150827E-1,-2.003629568E-1,-6.899512858E-1,6.813557943E-1,1.639141350E2,-9.186015557E1,4.586711479E0,1.520535528E2
1.604346704E1,1.417560359E-1,-2.003875073E-1,-6.918925486E-1,6.789955076E-1,1.637010535E2,-9.216917868E1,4.356644752E0,1.518905115E2
1.605351204E1,1.441405782E-1,-2.013547986E-1,-6.937119227E-1,6.763457774E-1,1.634249697E2,-9.250316319E1,4.151092173E0,1.516022447E2
1.606355604E1,1.473292402E-1,-2.031490110E-1,-6.952892053E-1,6.734965661E-1,1.630556326E2,-9.283789705E1,3.943197391E0,1.511781892E2
1.607360104E1,1.510681924E-1,-2.053445036E-1,-6.965913111E-1,6.706509584E-1,1.626223301E2,-9.314870769E1,3.724751432E0,1.506761875E2
1.608364504E1,1.548178711E-1,-2.074658598E-1,-6.976564252E-1,6.680305624E-1,1.621875329E2,-9.341942636E1,3.506840462E0,1.501813065E2
1.609369004E1,1.581740457E-1,-2.091795718E-1,-6.985224375E-1,6.658012259E-1,1.617981457E2,-9.363985092E1,3.300216002E0,1.497553356E2
1.610373404E1,1.610216133E-1,-2.103683447E-1,-6.991786850E-1,6.640530168E-1,1.614676015E2,-9.380201004E1,3.108428844E0,1.494179045E2
1.611377904E1,1.634337828E-1,-2.111162827E-1,-6.995811874E-1,6.628012343E-1,1.611874764E2,-9.390239866E1,2.934016218E0,1.491557383E2
1.612382304E1,1.654628164E-1,-2.115039072E-1,-6.997615338E-1,6.619833326E-1,1.609517571E2,-9.394972531E1,2.777359954E0,1.489572425E2
1.613386804E1,1.671686258E-1,-2.116134469E-1,-6.998300224E-1,6.614472668E-1,1.607535248E2,-9.396560981E1,2.634415531E0,1.488098111E2
1.614391304E1,1.687345919E-1,-2.115949023E-1,-6.998892809E-1,6.609926288E-1,1.605714926E2,-9.397381216E1,2.495118897E0,1.486849607E2
1.615395704E1,1.704161247E-1,-2.116840218E-1,-6.999338512E-1,6.604853071E-1,1.603759714E2,-9.398490582E1,2.353704690E0,1.485412485E2
1.616400104E1,1.723039874E-1,-2.120209648E-1,-6.998707784E-1,6.599539829E-1,1.601563903E2,-9.399078575E1,2.216014578E0,1.483591950E2
1.617404604E1,1.741394616E-1,-2.125075923E-1,-6.995652981E-1,6.596395885E-1,1.599428320E2,-9.396509749E1,2.103972353E0,1.481687017E2
1.618409104E1,1.753839316E-1,-2.128413532E-1,-6.989323788E-1,6.598731242E-1,1.597979974E2,-9.387954096E1,2.047818154E0,1.480402227E2
1.619413504E1,1.754097255E-1,-2.125785886E-1,-6.979709460E-1,6.609677621E-1,1.597949951E2,-9.371241406E1,2.071888979E0,1.480638775E2
1.620418004E1,1.737467162E-1,-2.111713054E-1,-6.967123568E-1,6.631823050E-1,1.599885340E2,-9.344246397E1,2.177028764E0,1.483262576E2
1.621422404E1,1.702947418E-1,-2.082658492E-1,-6.951248747E-1,6.666532455E-1,1.603900872E2,-9.304906322E1,2.345770753E0,1.488667742E2
1.622426904E1,1.652651055E-1,-2.038893415E-1,-6.931126788E-1,6.713504275E-1,1.609747293E2,-9.252159965E1,2.560123256E0,1.496658425E2
1.623431304E1,1.588966956E-1,-1.984410394E-1,-6.905644592E-1,6.771216165E-1,1.617142754E2,-9.186563928E1,2.824715292E0,1.506691027E2
1.624435804E1,1.516949582E-1,-1.927131774E-1,-6.873991677E-1,6.836173099E-1,1.625496707E2,-9.110823681E1,3.149080263E0,1.517669722E2
1.625440204E1,1.444973934E-1,-1.874361180E-1,-6.836665796E-1,6.903537039E-1,1.633836491E2,-9.029072562E1,3.509748182E0,1.528286764E2
1.626444704E1,1.381997481E-1,-1.830998816E-1,-6.795250617E-1,6.968651181E-1,1.641126264E2,-8.945787386E1,3.863026212E0,1.537390340E2
1.627449104E1,1.335064436E-1,-1.801738999E-1,-6.750452521E-1,7.028707911E-1,1.646554728E2,-8.863817966E1,4.188163320E0,1.544003382E2
1.628453604E1,1.305855406E-1,-1.792605987E-1,-6.700982868E-1,7.083652650E-1,1.649931405E2,-8.783451741E1,4.528425143E0,1.547492475E2
1.629458004E1,1.294033425E-1,-1.809865333E-1,-6.645305827E-1,7.133707723E-1,1.651297697E2,-8.704923958E1,4.947106259E0,1.547380737E2
1.630462504E1,1.306840378E-1,-1.861460451E-1,-6.582833450E-1,7.175893135E-1,1.649817560E2,-8.631236969E1,5.456993396E0,1.542402682E2
1.631466904E1,1.348844770E-1,-1.952448121E-1,-6.513971190E-1,7.206714283E-1,1.644961204E2,-8.566742658E1,6.066806381E0,1.531724733E2
1.632471404E1,1.420095914E-1,-2.079395272E-1,-6.441166724E-1,7.222937237E-1,1.636717013E2,-8.516230807E1,6.744688704E0,1.515549144E2
1.633475804E1,1.519347106E-1,-2.234908713E-1,-6.368410305E-1,7.220812614E-1,1.625218749E2,-8.485232055E1,7.425713172E0,1.494468212E2
1.634480304E1,1.634640021E-1,-2.403465762E-1,-6.300749440E-1,7.200824682E-1,1.611839663E2,-8.475699448E1,8.056501175E0,1.470673136E2
1.635484704E1,1.750104895E-1,-2.566937161E-1,-6.242242239E-1,7.168150549E-1,1.598414629E2,-8.484125019E1,8.598662750E0,1.446995238E2
1.636489204E1,1.854285793E-1,-2.707996551E-1,-6.194808700E-1,7.131110423E-1,1.586277590E2,-8.501514444E1,9.002730444E0,1.425942229E2
1.637493604E1,1.933046241E-1,-2.808549343E-1,-6.153443570E-1,7.107075972E-1,1.577085971E2,-8.506239141E1,9.283153490E0,1.410498348E2
1.638498104E1,1.967346611E-1,-2.845625926E-1,-6.107729413E-1,7.122331024E-1,1.573078490E2,-8.464999733E1,9.498941281E0,1.404629918E2
1.639502504E1,1.962788007E-1,-2.818261242E-1,-6.056148835E-1,7.178296138E-1,1.573611255E2,-8.373428610E1,9.605741441E0,1.408016679E2
1.640507004E1,1.939073872E-1,-2.740871725E-1,-6.004488916E-1,7.257667715E-1,1.576381935E2,-8.250368035E1,9.496291820E0,1.417497375E2
1.641511404E1,1.911649972E-1,-2.631496544E-1,-5.958568133E-1,7.342771264E-1,1.579584402E2,-8.117855281E1,9.127711139E0,1.429897685E2
1.642515904E1,1.889258616E-1,-2.506324619E-1,-5.923451379E-1,7.420361505E-1,1.582197893E2,-7.994770019E1,8.519039990E0,1.442858280E2
1.643520304E1,1.872217380E-1,-2.376898601E-1,-5.902424106E-1,7.483752472E-1,1.584186156E2,-7.893130250E1,7.744163606E0,1.455299518E2
1.644524804E1,1.854079063E-1,-2.251606663E-1,-5.896867781E-1,7.531241855E-1,1.586301697E2,-7.819186435E1,6.919961666E0,1.467141191E2
1.645529204E1,1.828174977E-1,-2.136481914E-1,-5.906593377E-1,7.563423292E-1,1.589321714E2,-7.775015404E1,6.154890448E0,1.478594169E2
1.646533704E1,1.791870103E-1,-2.036380198E-1,-5.929675942E-1,7.581642110E-1,1.593551819E2,-7.759385787E1,5.524877361E0,1.489622230E2
1.647538104E1,1.747302761E-1,-1.953771321E-1,-5.963306809E-1,7.587403163E-1,1.598740755E2,-7.768630093E1,5.053561111E0,1.499925521E2
1.648542604E1,1.701050810E-1,-1.887571266E-1,-6.003087533E-1,7.583299746E-1,1.604121425E2,-7.795358600E1,4.706365640E0,1.509051887E2
1.649547004E1,1.658643705E-1,-1.835032691E-1,-6.039936523E-1,7.576326761E-1,1.609050976E2,-7.824939907E1,4.456034295E0,1.516776125E2
1.650551504E1,1.623875505E-1,-1.795117518E-1,-6.063547609E-1,7.574560386E-1,1.613089891E2,-7.841715482E1,4.302118192E0,1.522892111E2
1.651555904E1,1.601153085E-1,-1.768581230E-1,-6.068669926E-1,7.581535057E-1,1.615728216E2,-7.838016219E1,4.234219350E0,1.526970913E2
1.652560404E1,1.593679184E-1,-1.755743511E-1,-6.057231061E-1,7.595228990E-1,1.616595803E2,-7.816445925E1,4.223073549E0,1.528691477E2
1.653564804E1,1.601803622E-1,-1.755731288E-1,-6.034875108E-1,7.611301058E-1,1.615652695E2,-7.784658560E1,4.239991731E0,1.528063452E2
1.654569304E1,1.623476585E-1,-1.767833124E-1,-6.006833334E-1,7.626075847E-1,1.613136219E2,-7.749895326E1,4.277867543E0,1.525301428E2
1.655573704E1,1.655526945E-1,-1.791407752E-1,-5.976298575E-1,7.637666020E-1,1.609413138E2,-7.716566929E1,4.345179561E0,1.520725482E2
1.656578204E1,1.695205253E-1,-1.824348886E-1,-5.948895537E-1,7.642557161E-1,1.604801149E2,-7.691933546E1,4.425446321E0,1.514715470E2
1.657582604E1,1.738551601E-1,-1.865337539E-1,-5.931606900E-1,7.636359889E-1,1.599759152E2,-7.685386685E1,4.510378895E0,1.507694257E2
1.658587104E1,1.780940372E-1,-1.912369418E-1,-5.928691813E-1,7.617198245E-1,1.594824750E2,-7.702111517E1,4.598050434E0,1.500211255E2
1.659591504E1,1.817221854E-1,-1.962832894E-1,-5.940636862E-1,7.586424513E-1,1.590598233E2,-7.741695615E1,4.698278797E0,1.492928891E2
1.660596004E1,1.842029489E-1,-2.014703863E-1,-5.965688949E-1,7.547082116E-1,1.587706677E2,-7.800827245E1,4.837107969E0,1.486493746E2
1.661600404E1,1.852161381E-1,-2.066830243E-1,-6.000927086E-1,7.502438699E-1,1.586525320E2,-7.874968496E1,5.038874911E0,1.481286955E2
1.662604904E1,1.848175975E-1,-2.117949523E-1,-6.042011623E-1,7.456045977E-1,1.586990038E2,-7.957528354E1,5.307249071E0,1.477358200E2
1.663609304E1,1.832867397E-1,-2.161095041E-1,-6.080806322E-1,7.415798265E-1,1.588774761E2,-8.033594144E1,5.602058975E0,1.475045013E2
1.664613804E1,1.811074736E-1,-2.178214880E-1,-6.100516085E-1,7.399938617E-1,1.591314527E2,-8.069936673E1,5.819985432E0,1.475497337E2
1.665618204E1,1.788539870E-1,-2.160129457E-1,-6.089242014E-1,7.419980076E-1,1.593939702E2,-8.044595587E1,5.897279596E0,1.479065749E2
1.666622704E1,1.770674453E-1,-2.121921020E-1,-6.050856982E-1,7.466544968E-1,1.596020137E2,-7.970979140E1,5.888127428E0,1.484010951E2
1.667627104E1,1.760680382E-1,-2.082890510E-1,-5.997483056E-1,7.522750530E-1,1.597183654E2,-7.876372780E1,5.865196425E0,1.488383771E2
1.668631604E1,1.758292131E-1,-2.055453122E-1,-5.944220187E-1,7.572963653E-1,1.597461664E2,-7.788185655E1,5.870704226E0,1.491118799E2
1.669636004E1,1.761735950E-1,-2.049248263E-1,-5.904267503E-1,7.605030240E-1,1.597060774E2,-7.729160120E1,5.949778468E0,1.491555376E2
1.670640504E1,1.772245688E-1,-2.069981562E-1,-5.883149825E-1,7.613334012E-1,1.595837193E2,-7.709420925E1,6.122900131E0,1.489115990E2
1.671644904E1,1.791504480E-1,-2.116200850E-1,-5.879598321E-1,7.598851301E-1,1.593594406E2,-7.726741185E1,6.369930575E0,1.483753135E2
1.672649404E1,1.819255861E-1,-2.183659831E-1,-5.889860657E-1,7.565149627E-1,1.590361202E2,-7.774525648E1,6.666556062E0,1.475805975E2
1.673653804E1,1.854410337E-1,-2.267200786E-1,-5.910001793E-1,7.516171828E-1,1.586263066E2,-7.845607154E1,6.985724667E0,1.465757730E2
1.674658304E1,1.896559293E-1,-2.362059644E-1,-5.936643870E-1,7.455199247E-1,1.581345894E2,-7.933670000E1,7.296762631E0,1.454004516E2
1.675662704E1,1.944866114E-1,-2.463788439E-1,-5.967146597E-1,7.385148024E-1,1.575705311E2,-8.033291331E1,7.573782948E0,1.440970515E2
1.676667204E1,1.996898084E-1,-2.567812129E-1,-5.999450260E-1,7.309263466E-1,1.569623591E2,-8.139367967E1,7.803176116E0,1.427254989E2
1.677671604E1,2.047647104E-1,-2.666405936E-1,-6.030110723E-1,7.234306139E-1,1.563685485E2,-8.242419680E1,7.980794806E0,1.413997432E2
1.678676104E1,2.085043160E-1,-2.734334117E-1,-6.047395883E-1,7.183662485E-1,1.559305685E2,-8.309381334E1,8.086562542E0,1.404607231E2
1.679680504E1,2.105459094E-1,-2.754456287E-1,-6.046736285E-1,7.170564088E-1,1.556913083E2,-8.321353161E1,8.070818915E0,1.401030336E2
1.680685004E1,2.116458789E-1,-2.734320524E-1,-6.036152895E-1,7.183937072E-1,1.555623552E2,-8.293864070E1,7.895014316E0,1.401892101E2
1.681689504E1,2.121338972E-1,-2.690429639E-1,-6.024259897E-1,7.209008968E-1,1.555051331E2,-8.249888807E1,7.603485088E0,1.405354702E2
1.682693904E1,2.119913988E-1,-2.638239934E-1,-6.017207992E-1,7.234559652E-1,1.555218422E2,-8.208136737E1,7.273787889E0,1.410019442E2
1.683698404E1,2.113294193E-1,-2.588831395E-1,-6.018351647E-1,7.253370001E-1,1.555994580E2,-8.180174065E1,6.960444568E0,1.414813090E2
1.684702804E1,2.105178396E-1,-2.547407470E-1,-6.028301148E-1,7.262128959E-1,1.556945986E2,-8.169840522E1,6.671635188E0,1.418974399E2
1.685707304E1,2.099771798E-1,-2.516166751E-1,-6.045305505E-1,7.260450672E-1,1.557579701E2,-8.175781942E1,6.401494373E0,1.421970705E2
1.686711704E1,2.101262110E-1,-2.497130389E-1,-6.066837803E-1,7.248622580E-1,1.557405027E2,-8.195442791E1,6.145564553E0,1.423286898E2
1.687716204E1,2.112116821E-1,-2.492166965E-1,-6.089585510E-1,7.228071566E-1,1.556132613E2,-8.225070973E1,5.913845534E0,1.422575151E2
1.688720604E1,2.132295678E-1,-2.501068169E-1,-6.109801036E-1,7.201965176E-1,1.553766387E2,-8.259153187E1,5.721553963E0,1.419882597E2
1.689725104E1,2.159521699E-1,-2.522018103E-1,-6.124045406E-1,7.174396079E-1,1.550572100E2,-8.291764730E1,5.588259023E0,1.415582159E2
1.690729542E1,2.192222385E-1,-2.551971236E-1,-6.130427914E-1,7.148389156E-1,1.546732891E2,-8.318553321E1,5.512588192E0,1.410073533E2
1.691734042E1,2.230377295E-1,-2.587145521E-1,-6.128676923E-1,7.125407111E-1,1.542249672E2,-8.337068341E1,5.468820842E0,1.403671389E2
1.692738442E1,2.273495839E-1,-2.623909479E-1,-6.119955792E-1,7.105804823E-1,1.537178386E2,-8.346932486E1,5.429788008E0,1.396715500E2
1.693742942E1,2.319525255E-1,-2.659493642E-1,-6.106658883E-1,7.089118886E-1,1.531758952E2,-8.349931157E1,5.381010052E0,1.389609121E2
1.694747342E1,2.364072999E-1,-2.692085168E-1,-6.092198931E-1,7.074527436E-1,1.526508144E2,-8.349758581E1,5.327963650E0,1.382882652E2
1.695751842E1,2.401925716E-1,-2.720166770E-1,-6.080241027E-1,7.061311238E-1,1.522041873E2,-8.350550862E1,5.282884462E0,1.377119366E2
1.696756242E1,2.429203788E-1,-2.741120708E-1,-6.074027528E-1,7.049214460E-1,1.518820644E2,-8.355101054E1,5.241503103E0,1.372883820E2
1.697760742E1,2.444612044E-1,-2.752345783E-1,-6.075235773E-1,7.038464274E-1,1.517000103E2,-8.363996323E1,5.187416507E0,1.370515708E2
1.698765142E1,2.448623160E-1,-2.753220436E-1,-6.082782904E-1,7.030204756E-1,1.516526056E2,-8.375243479E1,5.119035349E0,1.370036939E2
1.699769642E1,2.443833381E-1,-2.745832093E-1,-6.093511806E-1,7.025468504E-1,1.517092123E2,-8.385728285E1,5.047672398E0,1.371050515E2
1.700774042E1,2.434472144E-1,-2.734022441E-1,-6.104133760E-1,7.024102525E-1,1.518198250E2,-8.393290281E1,4.983807745E0,1.372858583E2
1.701778542E1,2.424896591E-1,-2.721958959E-1,-6.112763116E-1,7.024595432E-1,1.519329424E2,-8.397919731E1,4.931049186E0,1.374717239E2
1.702782942E1,2.417804963E-1,-2.712812461E-1,-6.119353830E-1,7.024840727E-1,1.520166989E2,-8.401531968E1,4.889448025E0,1.376110299E2
1.703787442E1,2.413698595E-1,-2.707931329E-1,-6.124603325E-1,7.023561570E-1,1.520651906E2,-8.405930607E1,4.860356365E0,1.376873525E2
1.704791842E1,2.411881434E-1,-2.706611079E-1,-6.128965734E-1,7.020887563E-1,1.520866477E2,-8.411300502E1,4.842067840E0,1.377128357E2
1.705796342E1,2.411025642E-1,-2.706129340E-1,-6.132585727E-1,7.018206392E-1,1.520967526E2,-8.416144556E1,4.825829057E0,1.377228441E2
1.706800742E1,2.409729205E-1,-2.703574399E-1,-6.135386807E-1,7.017188124E-1,1.521120600E2,-8.418538370E1,4.803423661E0,1.377550890E2
1.707805242E1,2.407102613E-1,-2.697311904E-1,-6.137221354E-1,7.018895071E-1,1.521430713E2,-8.417258385E1,4.771637681E0,1.378317037E2
1.708809642E1,2.403204451E-1,-2.687673341E-1,-6.138247630E-1,7.023030098E-1,1.521890919E2,-8.412749503E1,4.731299273E0,1.379491581E2
1.709814142E1,2.398653856E-1,-2.676365658E-1,-6.139164429E-1,7.028100786E-1,1.522428091E2,-8.407078629E1,4.685181445E0,1.380867595E2
1.710818542E1,2.394269109E-1,-2.665621899E-1,-6.140750520E-1,7.032291658E-1,1.522945627E2,-8.402735983E1,4.637794893E0,1.382175646E2
1.711823042E1,2.390968167E-1,-2.657224350E-1,-6.143219693E-1,7.034436089E-1,1.523335202E2,-8.401113099E1,4.592971171E0,1.383179891E2
1.712827442E1,2.389571210E-1,-2.652056514E-1,-6.146009604E-1,7.034423656E-1,1.523500060E2,-8.401937887E1,4.553344547E0,1.383734307E2
1.713831942E1,2.390115958E-1,-2.649983311E-1,-6.147996828E-1,7.033283794E-1,1.523435774E2,-8.403515704E1,4.523799432E0,1.383853133E2
1.714836342E1,2.392047338E-1,-2.650258003E-1,-6.148482465E-1,7.032099257E-1,1.523207843E2,-8.404387646E1,4.507427195E0,1.383653572E2
1.715840842E1,2.394402082E-1,-2.651874545E-1,-6.147525942E-1,7.031524796E-1,1.522929933E2,-8.404021164E1,4.504733395E0,1.383308016E2
1.716845242E1,2.395854462E-1,-2.653336830E-1,-6.146075458E-1,7.031745645E-1,1.522758513E2,-8.402851703E1,4.510957417E0,1.383059106E2
1.717849742E1,2.395217623E-1,-2.653021993E-1,-6.145007036E-1,7.033015530E-1,1.522833678E2,-8.401133629E1,4.519726070E0,1.383148528E2
1.718854142E1,2.391964308E-1,-2.649819044E-1,-6.144854253E-1,7.035462997E-1,1.523217642E2,-8.398949317E1,4.524687339E0,1.383715996E2