"Time (s)","w","x","y","z","Direct (°)","Yaw (°)","Pitch (°)","Roll (°)"
1.748291659E-3,9.267828148E-1,3.142395795E-1,1.455230580E-2,2.052204232E-1,4.412251534E1,3.626507886E1,-5.854529884E0,2.305270911E1
1.179429167E-2,9.270846706E-1,3.134008045E-1,1.507032218E-2,2.051016534E-1,4.403033030E1,3.617655914E1,-5.774592741E0,2.306201074E1
2.184029168E-2,9.274232362E-1,3.124466947E-1,1.582891277E-2,2.049699445E-1,4.392671554E1,3.607944510E1,-5.665706697E0,2.307863612E1
3.188629166E-2,9.277921476E-1,3.114430202E-1,1.674901008E-2,2.047546163E-1,4.381354862E1,3.598031427E1,-5.535334135E0,2.309152447E1
4.193229167E-2,9.281947343E-1,3.103838804E-1,1.767808468E-2,2.044603470E-1,4.368973351E1,3.587528529E1,-5.399808253E0,2.309599449E1
5.197829168E-2,9.286532498E-1,3.091901236E-1,1.860977237E-2,2.041039954E-1,4.354830979E1,3.575473134E1,-5.258527598E0,2.309410142E1
6.202429166E-2,9.291729205E-1,3.078129016E-1,1.956445117E-2,2.037305743E-1,4.338749338E1,3.561309167E1,-5.109778214E0,2.309176542E1
7.207029167E-2,9.297582559E-1,3.062428577E-1,2.055902197E-2,2.033279876E-1,4.320567436E1,3.544971276E1,-4.951108876E0,2.308816262E1
8.211629168E-2,9.303948840E-1,3.045053223E-1,2.157494014E-2,2.029200483E-1,4.300709188E1,3.526714477E1,-4.785982166E0,2.308510873E1
9.216129169E-2,9.310602142E-1,3.026934925E-1,2.247443818E-2,2.024804566E-1,4.279861866E1,3.507362335E1,-4.630465453E0,2.307451513E1
1.022072917E-1,9.316788878E-1,3.010143304E-1,2.317644663E-2,2.020583559E-1,4.260389256E1,3.489167859E1,-4.499989291E0,2.305828170E1
1.122532917E-1,9.321923207E-1,2.996263926E-1,2.364834382E-2,2.016982533E-1,4.244164403E1,3.473911015E1,-4.403425096E0,2.303975445E1
1.222992917E-1,9.325777115E-1,2.985729742E-1,2.393742905E-2,2.014449507E-1,4.231946798E1,3.462180885E1,-4.338283971E0,2.302551260E1
1.323448750E-1,9.328310562E-1,2.978077982E-1,2.410747051E-2,2.013843857E-1,4.223896934E1,3.453530325E1,-4.299572504E0,2.302762405E1
1.423908750E-1,9.329735547E-1,2.972937542E-1,2.415547577E-2,2.014778252E-1,4.219362697E1,3.447527243E1,-4.285327277E0,2.304187340E1
1.524368750E-1,9.330286406E-1,2.969934579E-1,2.403908725E-2,2.016796665E-1,4.217608641E1,3.443654607E1,-4.297589227E0,2.306194701E1
1.624828750E-1,9.330027624E-1,2.968985432E-1,2.372117357E-2,2.019765489E-1,4.218432745E1,3.441736459E1,-4.339676511E0,2.308517316E1
1.725288750E-1,9.329166986E-1,2.969819412E-1,2.319881607E-2,2.023111949E-1,4.221172389E1,3.441467695E1,-4.409274291E0,2.310514325E1
1.825738750E-1,9.327970015E-1,2.971753426E-1,2.257313557E-2,2.026503084E-1,4.224979850E1,3.442274030E1,-4.492755432E0,2.312174512E1
1.926198750E-1,9.326838372E-1,2.973871937E-1,2.200356306E-2,2.029229564E-1,4.228576500E1,3.443444716E1,-4.568369950E0,2.313264877E1
2.026658750E-1,9.325917464E-1,2.975768967E-1,2.156475114E-2,2.031149353E-1,4.231501230E1,3.444666934E1,-4.626641879E0,2.313889468E1
2.127118750E-1,9.325009199E-1,2.977663362E-1,2.124579433E-2,2.032874423E-1,4.234383916E1,3.446150733E1,-4.671391695E0,2.314689270E1
2.227578750E-1,9.323903687E-1,2.979748578E-1,2.099451482E-2,2.035149932E-1,4.237890109E1,3.447982025E1,-4.711269496E0,2.316320419E1
2.328038750E-1,9.322489661E-1,2.982491811E-1,2.071190966E-2,2.037896642E-1,4.242370744E1,3.450503453E1,-4.757743271E0,2.318345758E1
2.428498750E-1,9.320736352E-1,2.986013601E-1,2.035376682E-2,2.041117504E-1,4.247920203E1,3.453762642E1,-4.815859723E0,2.320616392E1
2.528958750E-1,9.318803497E-1,2.989614839E-1,1.994844057E-2,2.045066664E-1,4.254029947E1,3.456982713E1,-4.881781799E0,2.323543285E1
2.629418750E-1,9.317023636E-1,2.992327305E-1,1.953039652E-2,2.049611358E-1,4.259648689E1,3.459097904E1,-4.949008617E0,2.327138463E1
2.729868750E-1,9.315539224E-1,2.993619738E-1,1.914709201E-2,2.054828295E-1,4.264329345E1,3.459576438E1,-5.011425427E0,2.331672386E1
2.830328750E-1,9.314663412E-1,2.992670380E-1,1.890607525E-2,2.060394208E-1,4.267088662E1,3.457690302E1,-5.054360852E0,2.337179323E1
2.930788750E-1,9.314383979E-1,2.989699975E-1,1.877132124E-2,2.066084454E-1,4.267968683E1,3.453635192E1,-5.081391252E0,2.343279341E1
3.031248750E-1,9.314761193E-1,2.984798718E-1,1.877844406E-2,2.071456913E-1,4.266780680E1,3.447616862E1,-5.087344809E0,2.349587521E1
3.131708750E-1,9.316090926E-1,2.977500570E-1,1.905100773E-2,2.075731025E-1,4.262590287E1,3.439391697E1,-5.055094415E0,2.355650834E1
3.232168750E-1,9.317611584E-1,2.970059860E-1,1.940602117E-2,2.079232585E-1,4.257793410E1,3.431217776E1,-5.010905357E0,2.361117914E1
3.332628750E-1,9.318782845E-1,2.964261823E-1,1.975416468E-2,2.081927876E-1,4.254095183E1,3.425010746E1,-4.968648915E0,2.365570345E1
3.433088750E-1,9.319528844E-1,2.960337109E-1,2.015047149E-2,2.083790767E-1,4.251738110E1,3.421160928E1,-4.922942937E0,2.369148419E1
3.533548750E-1,9.319983609E-1,2.957703352E-1,2.061337033E-2,2.085044635E-1,4.250300615E1,3.419010524E1,-4.871172447E0,2.372193665E1
3.633998750E-1,9.320420672E-1,2.955529207E-1,2.112282036E-2,2.085662930E-1,4.248918639E1,3.417535379E1,-4.813350830E0,2.374652008E1
3.734458750E-1,9.321034330E-1,2.953289524E-1,2.161511663E-2,2.085590437E-1,4.246977550E1,3.415978324E1,-4.754817458E0,2.376279479E1
3.834918750E-1,9.321887382E-1,2.950842478E-1,2.204168488E-2,2.084789647E-1,4.244277817E1,3.414064840E1,-4.700298224E0,2.376881632E1
3.935378750E-1,9.322968870E-1,2.947906212E-1,2.239151426E-2,2.083736819E-1,4.240852775E1,3.411417909E1,-4.651919358E0,2.376971739E1
4.035838750E-1,9.324285116E-1,2.944538995E-1,2.268107365E-2,2.082293289E-1,4.236680698E1,3.408146844E1,-4.607587062E0,2.376443711E1
4.136298750E-1,9.325930108E-1,2.940363296E-1,2.293901236E-2,2.080548831E-1,4.231461087E1,3.403866380E1,-4.563611981E0,2.375508880E1
4.236758750E-1,9.327898787E-1,2.934943211E-1,2.322832940E-2,2.079055568E-1,4.225206317E1,3.398179269E1,-4.514069724E0,2.375011139E1
4.337218750E-1,9.330250160E-1,2.928163680E-1,2.350257894E-2,2.077751966E-1,4.217724078E1,3.390851153E1,-4.463440818E0,2.374733497E1
4.437678750E-1,9.332813110E-1,2.920463451E-1,2.379813372E-2,2.076740020E-1,4.209554129E1,3.382477017E1,-4.409259504E0,2.374887944E1
4.538128750E-1,9.335341499E-1,2.912791249E-1,2.411419293E-2,2.075790452E-1,4.201479489E1,3.374182697E1,-4.353168061E0,2.375171743E1
4.638588750E-1,9.337568960E-1,2.905982215E-1,2.440163444E-2,2.074977439E-1,4.194353596E1,3.366838400E1,-4.302748485E0,2.375473816E1
4.739048750E-1,9.339392233E-1,2.900292390E-1,2.461224224E-2,2.074480949E-1,4.188512129E1,3.360630553E1,-4.264412942E0,2.375832858E1
4.839508750E-1,9.340949137E-1,2.895625154E-1,2.470434364E-2,2.073883307E-1,4.183517897E1,3.355367679E1,-4.240972900E0,2.375651342E1
4.939968750E-1,9.342427227E-1,2.891603502E-1,2.467602096E-2,2.072871361E-1,4.178771210E1,3.350612524E1,-4.230647832E0,2.374588123E1
5.040428750E-1,9.343872443E-1,2.887603239E-1,2.455993800E-2,2.072073521E-1,4.174125111E1,3.345679736E1,-4.230526202E0,2.373483287E1
5.140888750E-1,9.345433983E-1,2.883171076E-1,2.440266704E-2,2.071386106E-1,4.169099487E1,3.340143682E1,-4.234143912E0,2.372389092E1
5.241348750E-1,9.347092462E-1,2.878084689E-1,2.426439377E-2,2.071135332E-1,4.163755535E1,3.333864929E1,-4.235594245E0,2.371875554E1
5.341808750E-1,9.348732396E-1,2.872408352E-1,2.418450441E-2,2.071712323E-1,4.158464885E1,3.326992635E1,-4.232114470E0,2.372506617E1
5.442258750E-1,9.350194891E-1,2.866110770E-1,2.419834965E-2,2.073817979E-1,4.153741243E1,3.319542002E1,-4.222163785E0,2.375184581E1
5.542718750E-1,9.351532211E-1,2.859550929E-1,2.427687977E-2,2.076745078E-1,4.149417402E1,3.311898311E1,-4.207340117E0,2.379004123E1
5.643178750E-1,9.352736768E-1,2.852946307E-1,2.435822319E-2,2.080311544E-1,4.145519121E1,3.304187811E1,-4.194193871E0,2.383554993E1
5.743638750E-1,9.353705302E-1,2.846737128E-1,2.442415140E-2,2.084374500E-1,4.142382130E1,3.296890718E1,-4.185285199E0,2.388599767E1
5.844098750E-1,9.354353942E-1,2.841320204E-1,2.445439176E-2,2.088820571E-1,4.140279977E1,3.290432476E1,-4.183394668E0,2.393932515E1
5.944558750E-1,9.354819244E-1,2.836886355E-1,2.437315371E-2,2.092854025E-1,4.138771371E1,3.284893699E1,-4.194501701E0,2.398409023E1
6.045018750E-1,9.355227225E-1,2.833236544E-1,2.419977211E-2,2.096173511E-1,4.137448175E1,3.280094382E1,-4.215054207E0,2.401759853E1
6.145478750E-1,9.355755325E-1,2.829737302E-1,2.397053540E-2,2.098803053E-1,4.135734800E1,3.275371423E1,-4.239672335E0,2.404152675E1
6.245938750E-1,9.356570445E-1,2.825663809E-1,2.375415348E-2,2.100901123E-1,4.133088881E1,3.270023918E1,-4.259700158E0,2.406012315E1
6.346398750E-1,9.357683965E-1,2.820602183E-1,2.360491149E-2,2.102910684E-1,4.129471722E1,3.263672663E1,-4.269737851E0,2.408025718E1
6.446848750E-1,9.359025499E-1,2.814828802E-1,2.352395793E-2,2.104766410E-1,4.125109852E1,3.256647750E1,-4.270131354E0,2.410109920E1
6.547308750E-1,9.360404965E-1,2.809004213E-1,2.347952462E-2,2.106462821E-1,4.120620044E1,3.249652873E1,-4.265926166E0,2.412130850E1
6.647768750E-1,9.361622166E-1,2.803791596E-1,2.345774523E-2,2.108021411E-1,4.116654479E1,3.243433295E1,-4.260344885E0,2.414041245E1
6.748228750E-1,9.362655186E-1,2.799519803E-1,2.343675610E-2,2.109135352E-1,4.113286097E1,3.238336487E1,-4.255560413E0,2.415412660E1
6.848688750E-1,9.363458083E-1,2.796163754E-1,2.341687333E-2,2.110042774E-1,4.110666254E1,3.234323726E1,-4.252265402E0,2.416515938E1
6.949148750E-1,9.364081014E-1,2.793802056E-1,2.333871200E-2,2.110492902E-1,4.108632539E1,3.231361899E1,-4.256226865E0,2.416880900E1
7.049608750E-1,9.364541679E-1,2.792090999E-1,2.320973210E-2,2.110858316E-1,4.107127961E1,3.229050704E1,-4.267005305E0,2.416966488E1
7.150068750E-1,9.364929851E-1,2.790798039E-1,2.306281873E-2,2.111007937E-1,4.105859742E1,3.227197009E1,-4.280055234E0,2.416735721E1
7.250518750E-1,9.365310859E-1,2.789674404E-1,2.293886484E-2,2.110937130E-1,4.104614567E1,3.225602329E1,-4.290341383E0,2.416319930E1
7.350978750E-1,9.365597036E-1,2.788883097E-1,2.283248620E-2,2.110828813E-1,4.103679071E1,3.224438476E1,-4.299448184E0,2.415902404E1
7.451438750E-1,9.365732749E-1,2.788478066E-1,2.274675951E-2,2.110854101E-1,4.103235362E1,3.223768789E1,-4.307737630E0,2.415683578E1
7.551898750E-1,9.365780374E-1,2.788403571E-1,2.266213917E-2,2.110832606E-1,4.103079640E1,3.223490761E1,-4.316583169E0,2.415401486E1
7.652358750E-1,9.365774052E-1,2.788602294E-1,2.254813195E-2,2.110717545E-1,4.103100311E1,3.223469857E1,-4.328968741E0,2.414911366E1
7.752818750E-1,9.365743285E-1,2.788943367E-1,2.242861402E-2,2.110529149E-1,4.103200911E1,3.223606365E1,-4.342064107E0,2.414315386E1
7.853278750E-1,9.365680065E-1,2.789294977E-1,2.230797921E-2,2.110477730E-1,4.103407615E1,3.223747880E1,-4.355752647E0,2.413870715E1
7.953738750E-1,9.365511478E-1,2.789793047E-1,2.221073589E-2,2.110669919E-1,4.103958777E1,3.224104077E1,-4.368086657E0,2.413767089E1
8.054198750E-1,9.365334039E-1,2.790285323E-1,2.213963416E-2,2.110880232E-1,4.104538798E1,3.224511842E1,-4.377653323E0,2.413764685E1
8.154648750E-1,9.365194533E-1,2.790710900E-1,2.205469772E-2,2.111025639E-1,4.104994769E1,3.224812886E1,-4.388329506E0,2.413649114E1
8.255108750E-1,9.365218978E-1,2.790644098E-1,2.193036452E-2,2.111132692E-1,4.104914875E1,3.224449458E1,-4.401887065E0,2.413389763E1
8.355568750E-1,9.365383351E-1,2.789871230E-1,2.179375604E-2,2.111568490E-1,4.104377612E1,3.223218223E1,-4.416071995E0,2.413495134E1
8.456028750E-1,9.365811142E-1,2.788429913E-1,2.166464971E-2,2.111707996E-1,4.102979037E1,3.221232480E1,-4.426811606E0,2.413317699E1
8.556488750E-1,9.366407098E-1,2.786668175E-1,2.156644755E-2,2.111491361E-1,4.101029917E1,3.218955464E1,-4.432265192E0,2.412846856E1
8.656948750E-1,9.367012748E-1,2.785010645E-1,2.149383907E-2,2.111066100E-1,4.099048183E1,3.216866801E1,-4.434548281E0,2.412214493E1
8.757408750E-1,9.367550121E-1,2.783692080E-1,2.141713181E-2,2.110495010E-1,4.097289092E1,3.215171772E1,-4.437647843E0,2.411389885E1
8.857868750E-1,9.367963581E-1,2.782795512E-1,2.133649435E-2,2.109923077E-1,4.095935135E1,3.213962630E1,-4.442224339E0,2.410534265E1
8.958328750E-1,9.368305814E-1,2.782200082E-1,2.125484536E-2,2.109271487E-1,4.094814104E1,3.213107416E1,-4.447404492E0,2.409572557E1
9.058778750E-1,9.368489995E-1,2.782000201E-1,2.117557768E-2,2.108794806E-1,4.094210669E1,3.212713913E1,-4.453886207E0,2.408798783E1
9.159238750E-1,9.368622336E-1,2.782072272E-1,2.108734325E-2,2.108206436E-1,4.093777027E1,3.212623998E1,-4.461648540E0,2.407859800E1
9.259698750E-1,9.368683871E-1,2.782373095E-1,2.101471370E-2,2.107602050E-1,4.093575382E1,3.212837215E1,-4.468250748E0,2.406939981E1
9.360158750E-1,9.368667012E-1,2.782785712E-1,2.093252734E-2,2.107214299E-1,4.093630628E1,3.213151719E1,-4.476864372E0,2.406231306E1
9.460618750E-1,9.368673756E-1,2.782880437E-1,2.082068014E-2,2.107169623E-1,4.093608530E1,3.213013291E1,-4.488993716E0,2.405833556E1
9.561078750E-1,9.368828013E-1,2.782195551E-1,2.069126824E-2,2.107522814E-1,4.093102999E1,3.211906301E1,-4.502363838E0,2.405866691E1
9.661538750E-1,9.369195112E-1,2.780665199E-1,2.057498509E-2,2.108023097E-1,4.091899706E1,3.209831671E1,-4.512691496E0,2.406143597E1
9.761998750E-1,9.369713940E-1,2.778617811E-1,2.047363245E-2,2.108516637E-1,4.090198492E1,3.207185269E1,-4.520100063E0,2.406481993E1
9.862458750E-1,9.370279972E-1,2.776504884E-1,2.040536510E-2,2.108850861E-1,4.088341724E1,3.204542933E1,-4.523265526E0,2.406744608E1
9.962918750E-1,9.370685846E-1,2.774857363E-1,2.036572599E-2,2.109251678E-1,4.087009829E1,3.202507320E1,-4.524724778E0,2.407149603E1
1.006336875E0,9.370903324E-1,2.773873445E-1,2.032189326E-2,2.109620884E-1,4.086295994E1,3.201241104E1,-4.528187112E0,2.407476895E1
1.016382875E0,9.370622204E-1,2.773689053E-1,2.029822781E-2,2.111133535E-1,4.087218699E1,3.200909753E1,-4.535177683E0,2.409124347E1
1.026428875E0,9.370377753E-1,2.774300814E-1,2.023625087E-2,2.111473238E-1,4.088020890E1,3.201473094E1,-4.544478516E0,2.409292345E1
1.036474875E0,9.370075560E-1,2.775330567E-1,2.017285147E-2,2.111525079E-1,4.089012355E1,3.202535056E1,-4.554042544E0,2.409111832E1
1.046520875E0,9.369946169E-1,2.776174452E-1,2.010508987E-2,2.111055141E-1,4.089436803E1,3.203390993E1,-4.561919939E0,2.408335596E1
1.056566875E0,9.370049007E-1,2.776198055E-1,2.008068685E-2,2.110592369E-1,4.089099460E1,3.203383118E1,-4.563105108E0,2.407736451E1
1.066612875E0,9.370336027E-1,2.775501578E-1,2.009965293E-2,2.110211783E-1,4.088157800E1,3.202625216E1,-4.558091763E0,2.407394550E1
1.076658875E0,9.370762553E-1,2.774361084E-1,2.013893379E-2,2.109781042E-1,4.086758063E1,3.201395131E1,-4.549621505E0,2.407077874E1
1.086704875E0,9.371219004E-1,2.772903436E-1,2.019309249E-2,2.109619620E-1,4.085259615E1,3.199815881E1,-4.539631880E0,2.407125295E1
1.096749875E0,9.371659017E-1,2.771494150E-1,2.023693575E-2,2.109472949E-1,4.083814629E1,3.198269428E1,-4.530921722E0,2.407155416E1
1.106795875E0,9.371898411E-1,2.770387585E-1,2.028342373E-2,2.109819396E-1,4.083028263E1,3.197063532E1,-4.524277908E0,2.407738220E1
1.116841875E0,9.372015158E-1,2.769593222E-1,2.033986889E-2,2.110286804E-1,4.082644718E1,3.196240615E1,-4.517731366E0,2.408474210E1
1.126888250E0,9.372043818E-1,2.768962494E-1,2.042395186E-2,2.110907206E-1,4.082550557E1,3.195665579E1,-4.509111105E0,2.409460512E1
1.136934250E0,9.372162672E-1,2.768337035E-1,2.049627585E-2,2.111132270E-1,4.082160045E1,3.195086679E1,-4.500490301E0,2.409963337E1
1.146980250E0,9.372394901E-1,2.767681652E-1,2.055736771E-2,2.110898355E-1,4.081396921E1,3.194465955E1,-4.491519545E0,2.409913481E1
1.157026250E0,9.372694565E-1,2.767299274E-1,2.059802888E-2,2.110028866E-1,4.080411997E1,3.194144999E1,-4.483374679E0,2.409070193E1
1.167072250E0,9.372973156E-1,2.767293795E-1,2.062101998E-2,2.108777526E-1,4.079496132E1,3.194241254E1,-4.476838205E0,2.407724569E1
1.177118250E0,9.373320024E-1,2.767307388E-1,2.064465383E-2,2.107191540E-1,4.078355529E1,3.194374486E1,-4.469197974E0,2.406001242E1
1.187163250E0,9.373657620E-1,2.766989179E-1,2.068412435E-2,2.106069169E-1,4.077245123E1,3.194135986E1,-4.460524986E0,2.404865497E1
1.197209250E0,9.374102691E-1,2.765997358E-1,2.077161067E-2,2.105303782E-1,4.075780774E1,3.193201839E1,-4.446158794E0,2.404309278E1
1.207255250E0,9.374597074E-1,2.764424859E-1,2.092702718E-2,2.105015920E-1,4.074153591E1,3.191721316E1,-4.424575321E0,2.404525540E1
1.217301250E0,9.375148355E-1,2.762731399E-1,2.107376143E-2,2.104634069E-1,4.072338402E1,3.190083343E1,-4.403322437E0,2.404613474E1
1.227347250E0,9.375704693E-1,2.761056378E-1,2.117229023E-2,2.104259805E-1,4.070505774E1,3.188358959E1,-4.387331504E0,2.404562278E1
1.237393250E0,9.376239115E-1,2.759316451E-1,2.124285459E-2,2.104091218E-1,4.068744596E1,3.186487444E1,-4.374855129E0,2.404660886E1
1.247439250E0,9.376823270E-1,2.757733942E-1,2.128296785E-2,2.103518021E-1,4.066818688E1,3.184747535E1,-4.364746374E0,2.404201658E1
1.257485250E0,9.377429342E-1,2.756418223E-1,2.130965734E-2,2.102514083E-1,4.064819600E1,3.183307093E1,-4.355360874E0,2.403202832E1
1.267531250E0,9.378070817E-1,2.755134430E-1,2.129570673E-2,2.101349144E-1,4.062702710E1,3.181818873E1,-4.349916794E0,2.401896670E1
1.277576250E0,9.378715242E-1,2.753983399E-1,2.123927210E-2,2.100039641E-1,4.060575019E1,3.180396355E1,-4.348917592E0,2.400292152E1
1.287622250E0,9.379320050E-1,2.753073027E-1,2.114815062E-2,2.098623086E-1,4.058577164E1,3.179181885E1,-4.351912961E0,2.398450862E1
1.297668250E0,9.379820754E-1,2.752426811E-1,2.106603802E-2,2.097316533E-1,4.056922477E1,3.178292846E1,-4.354951264E0,2.396750436E1
1.307714250E0,9.380305864E-1,2.751786284E-1,2.103022374E-2,2.096021361E-1,4.055318708E1,3.177513810E1,-4.353054882E0,2.395203207E1
1.317760250E0,9.380806569E-1,2.750945770E-1,2.100764356E-2,2.094906998E-1,4.053662747E1,3.176523349E1,-4.349820514E0,2.393909405E1
1.327806250E0,9.381431185E-1,2.749597914E-1,2.097447399E-2,2.093915704E-1,4.051596068E1,3.174910562E1,-4.346868469E0,2.392744374E1
1.337852250E0,9.382251363E-1,2.747522076E-1,2.093111542E-2,2.093003646E-1,4.048880798E1,3.172419237E1,-4.343470751E0,2.391668554E1
1.347898250E0,9.383251508E-1,2.744761774E-1,2.089207690E-2,2.092182204E-1,4.045567368E1,3.169133416E1,-4.338209376E0,2.390737695E1
1.357944250E0,9.384449743E-1,2.741579371E-1,2.085737951E-2,2.091017687E-1,4.041594249E1,3.165377120E1,-4.330343132E0,2.389449533E1
1.367989250E0,9.385728899E-1,2.738342914E-1,2.079651946E-2,2.089573314E-1,4.037348673E1,3.161509912E1,-4.324278486E0,2.387767291E1
1.378035250E0,9.387036716E-1,2.735283685E-1,2.069696860E-2,2.087806097E-1,4.033003547E1,3.157777040E1,-4.321803798E0,2.385595633E1
1.388081250E0,9.388316294E-1,2.732458371E-1,2.055543949E-2,2.085893473E-1,4.028747894E1,3.154230294E1,-4.323984369E0,2.383123132E1
1.398127250E0,9.389526330E-1,2.729744220E-1,2.041046487E-2,2.084137214E-1,4.024719559E1,3.150799910E1,-4.327326364E0,2.380812676E1
1.408173250E0,9.390784835E-1,2.726965689E-1,2.028762788E-2,2.082227119E-1,4.020525762E1,3.147350631E1,-4.327646858E0,2.378398337E1
1.418219250E0,9.391985178E-1,2.724484820E-1,2.016189329E-2,2.080182996E-1,4.016521873E1,3.144248760E1,-4.328601309E0,2.375811213E1
1.428265250E0,9.393265177E-1,2.722186025E-1,2.002699176E-2,2.077537439E-1,4.012248056E1,3.141363407E1,-4.329095431E0,2.372508130E1
1.438311250E0,9.394665296E-1,2.719722226E-1,1.990146791E-2,2.074555971E-1,4.007568169E1,3.138320043E1,-4.327124271E0,2.368860679E1
1.448357250E0,9.396186797E-1,2.716796497E-1,1.977999016E-2,2.071610749E-1,4.002476612E1,3.134743878E1,-4.323723039E0,2.365285922E1
1.458402250E0,9.397871406E-1,2.713141733E-1,1.966273763E-2,2.068867410E-1,3.996831972E1,3.130316743E1,-4.318749047E0,2.361983436E1
1.468448250E0,9.399753263E-1,2.708946225E-1,1.953410544E-2,2.065939469E-1,3.990517359E1,3.125240027E1,-4.313129006E0,2.358461199E1
1.478494250E0,9.401805815E-1,2.704298587E-1,1.938529546E-2,2.062819759E-1,3.983619030E1,3.119597599E1,-4.308016954E0,2.354680445E1
1.488540250E0,9.404040441E-1,2.699277317E-1,1.918276931E-2,2.059396592E-1,3.976095720E1,3.113413184E1,-4.306884340E0,2.350412623E1
1.498586250E0,9.406331543E-1,2.693948164E-1,1.895929619E-2,2.056117567E-1,3.968368062E1,3.106818548E1,-4.307772370E0,2.346259799E1
1.508632250E0,9.408664793E-1,2.688408171E-1,1.872243090E-2,2.052907663E-1,3.960483377E1,3.099946785E1,-4.309867394E0,2.342155574E1
1.518678250E0,9.411063791E-1,2.682604972E-1,1.848843160E-2,2.049712932E-1,3.952360766E1,3.092774723E1,-4.311118880E0,2.338089543E1
1.528724250E0,9.413606089E-1,2.676453639E-1,1.826081754E-2,2.046281336E-1,3.943735440E1,3.085220693E1,-4.310157815E0,2.333790103E1
1.538770250E0,9.416339734E-1,2.669802550E-1,1.802625979E-2,2.042596858E-1,3.934440671E1,3.077079128E1,-4.308021223E0,2.329206088E1
1.548815250E0,9.419239859E-1,2.662442341E-1,1.780615841E-2,2.039025756E-1,3.924556738E1,3.068137970E1,-4.303042260E0,2.324824217E1
1.558861250E0,9.422339338E-1,2.654349408E-1,1.761891050E-2,2.035412928E-1,3.913966880E1,3.058415278E1,-4.292699741E0,2.320522608E1
1.568907250E0,9.425518475E-1,2.645854500E-1,1.744830006E-2,2.031896616E-1,3.903076183E1,3.048257486E1,-4.279974848E0,2.316396117E1
1.578953250E0,9.428662208E-1,2.637304591E-1,1.727463397E-2,2.028573337E-1,3.892277973E1,3.038023648E1,-4.268126165E0,2.312481936E1
1.588999250E0,9.431733027E-1,2.629140430E-1,1.709219080E-2,2.025049018E-1,3.881702336E1,3.028231530E1,-4.257611433E0,2.308298569E1
1.599045250E0,9.434481002E-1,2.622197580E-1,1.687045623E-2,2.021432818E-1,3.872215006E1,3.019786399E1,-4.254058253E0,2.303847141E1
1.609091250E0,9.436952072E-1,2.616816797E-1,1.656785239E-2,2.017114874E-1,3.863664557E1,3.013020515E1,-4.260910873E0,2.298303422E1
1.619137250E0,9.439228844E-1,2.612720228E-1,1.616160946E-2,2.012098556E-1,3.855770277E1,3.007562141E1,-4.279985461E0,2.291618884E1
1.629183250E0,9.441455884E-1,2.609140380E-1,1.562812518E-2,2.006706288E-1,3.848033366E1,3.002454141E1,-4.313007943E0,2.284124276E1
1.639229250E0,9.443982587E-1,2.604938867E-1,1.493939300E-2,2.000790978E-1,3.839237235E1,2.996317986E1,-4.359905464E0,2.275623422E1
1.649274250E0,9.447060150E-1,2.598853599E-1,1.413500986E-2,1.994753863E-1,3.828497149E1,2.987752634E1,-4.414687049E0,2.266743019E1
1.659320250E0,9.450884134E-1,2.590101068E-1,1.332544265E-2,1.988567970E-1,3.815111662E1,2.976079665E1,-4.463522937E0,2.257806311E1
1.669366250E0,9.455361815E-1,2.578651245E-1,1.263564626E-2,1.982604191E-1,3.799380269E1,2.961511251E1,-4.493958363E0,2.249592389E1
1.679412250E0,9.460390777E-1,2.564832558E-1,1.215310699E-2,1.976836816E-1,3.781636936E1,2.944611984E1,-4.497205934E0,2.242300151E1
1.689458250E0,9.465769979E-1,2.549450222E-1,1.189630624E-2,1.971126340E-1,3.762568660E1,2.926362457E1,-4.472708578E0,2.235776920E1
1.699504250E0,9.471110828E-1,2.533966629E-1,1.177050843E-2,1.965506479E-1,3.743543747E1,2.908269900E1,-4.434225330E0,2.229723342E1
1.709550250E0,9.476087949E-1,2.519691808E-1,1.167415020E-2,1.959916543E-1,3.725730186E1,2.891651826E1,-4.395611411E0,2.223727353E1
1.719596250E0,9.480581646E-1,2.507376183E-1,1.154584466E-2,1.954048015E-1,3.709575982E1,2.877267139E1,-4.364336625E0,2.217238614E1
1.729642250E0,9.483714843E-1,2.497402342E-1,1.149004223E-2,1.951648174E-1,3.698272308E1,2.865624382E1,-4.340717253E0,2.214785098E1
1.739687250E0,9.486896087E-1,2.490260769E-1,1.132008506E-2,1.945402011E-1,3.686761078E1,2.857203175E1,-4.324933821E0,2.207529487E1
1.749733250E0,9.489311523E-1,2.486053144E-1,1.113989675E-2,1.939096421E-1,3.677997677E1,2.852182946E1,-4.316847771E0,2.200054691E1
1.759779250E0,9.491004983E-1,2.484211326E-1,1.095984541E-2,1.933264983E-1,3.671841622E1,2.849901792E1,-4.315517079E0,2.193019787E1
1.769825250E0,9.492322072E-1,2.483890905E-1,1.073260014E-2,1.927330285E-1,3.667046853E1,2.849302726E1,-4.322487885E0,2.185675884E1
1.779871250E0,9.493768974E-1,2.483964135E-1,1.038791268E-2,1.920282911E-1,3.661772522E1,2.848971052E1,-4.339960577E0,2.176733464E1
1.789917250E0,9.495822368E-1,2.483121093E-1,9.815590086E-3,1.911498665E-1,3.654274748E1,2.847187488E1,-4.375244711E0,2.165241437E1
1.799963250E0,9.498855255E-1,2.480191676E-1,8.928356778E-3,1.900635736E-1,3.643173188E1,2.842437721E1,-4.434362466E0,2.150629758E1
1.810009250E0,9.502978903E-1,2.474414291E-1,7.692811378E-3,1.888057430E-1,3.628026376E1,2.833771103E1,-4.520501189E0,2.133264967E1
1.820055250E0,9.508222814E-1,2.465203308E-1,6.073993073E-3,1.874241693E-1,3.608675933E1,2.820439513E1,-4.637837041E0,2.113640714E1
1.830100250E0,9.514848720E-1,2.451593669E-1,4.184929176E-3,1.858920893E-1,3.584081419E1,2.801577411E1,-4.771524238E0,2.091829893E1
1.840146250E0,9.522957774E-1,2.432494404E-1,2.301365443E-3,1.842744089E-1,3.553757685E1,2.776430599E1,-4.891328698E0,2.069382411E1
1.850192250E0,9.532506985E-1,2.407369930E-1,6.365122429E-4,1.826424408E-1,3.517724255E1,2.744742941E1,-4.975173110E0,2.047707503E1
1.860238250E0,9.543160444E-1,2.377099431E-1,-7.209745273E-4,1.810368566E-1,3.477097416E1,2.707673592E1,-5.016613552E0,2.027444880E1
1.870284250E0,9.554381200E-1,2.343595426E-1,-1.757470899E-3,1.794727449E-1,3.433803718E1,2.667456186E1,-5.018684901E0,2.008678754E1
1.880330250E0,9.565577510E-1,2.309030163E-1,-2.470700943E-3,1.779743823E-1,3.390070092E1,2.626602015E1,-4.986233263E0,1.991548459E1
1.890376250E0,9.576182078E-1,2.275686000E-1,-2.909502320E-3,1.765540756E-1,3.348136782E1,2.587661175E1,-4.929431577E0,1.975927035E1
1.900422250E0,9.585975742E-1,2.244892880E-1,-3.134735078E-3,1.751721226E-1,3.308951706E1,2.552076872E1,-4.856383499E0,1.961125651E1
1.910468250E0,9.594759988E-1,2.217404390E-1,-3.187808497E-3,1.738585739E-1,3.273417634E1,2.520625674E1,-4.773687449E0,1.947338342E1
1.920513250E0,9.602477076E-1,2.193550432E-1,-3.114357077E-3,1.726206367E-1,3.241887949E1,2.493595893E1,-4.686950921E0,1.934518308E1
1.930559250E0,9.609067578E-1,2.173897462E-1,-2.986325488E-3,1.714382069E-1,3.214722969E1,2.471519592E1,-4.604486569E0,1.922243754E1
1.940605250E0,9.614486399E-1,2.158829543E-1,-2.877565545E-3,1.703018857E-1,3.192218909E1,2.454710103E1,-4.534755622E0,1.910225276E1
1.950651250E0,9.618849862E-1,2.147998329E-1,-2.823038060E-3,1.692051825E-1,3.173984756E1,2.442702560E1,-4.480589920E0,1.898334027E1
1.960697250E0,9.622423915E-1,2.140617362E-1,-2.869568181E-3,1.681041383E-1,3.158973028E1,2.434520887E1,-4.444406920E0,1.886003121E1
1.970743250E0,9.625455538E-1,2.136133465E-1,-3.144207582E-3,1.669300535E-1,3.146184904E1,2.429335395E1,-4.437401133E0,1.872186291E1
1.980789250E0,9.628263361E-1,2.132539919E-1,-3.600352387E-3,1.657566853E-1,3.134295462E1,2.424874807E1,-4.452326715E0,1.857923012E1
1.990835250E0,9.631195095E-1,2.127857404E-1,-4.126871892E-3,1.646393723E-1,3.121834221E1,2.419014851E1,-4.474486331E0,1.844188798E1
2.000881250E0,9.634563472E-1,2.120758926E-1,-4.637470425E-3,1.635674094E-1,3.107456903E1,2.410366786E1,-4.491627021E0,1.831119942E1
2.010927250E0,9.638564472E-1,2.110709853E-1,-5.119925400E-3,1.624921168E-1,3.090294579E1,2.398350074E1,-4.500309946E0,1.818214444E1
2.020972250E0,9.643035831E-1,2.098166635E-1,-5.573562467E-3,1.614450627E-1,3.071003940E1,2.383481505E1,-4.502175099E0,1.805813042E1
2.031018250E0,9.647934559E-1,2.083810365E-1,-6.036482378E-3,1.603576318E-1,3.049732839E1,2.366518465E1,-4.501138006E0,1.793017359E1
2.041064250E0,9.653008618E-1,2.068411592E-1,-6.502247201E-3,1.592758487E-1,3.027546623E1,2.348347006E1,-4.499066426E0,1.780332133E1
2.051110250E0,9.658123560E-1,2.052841493E-1,-7.005101250E-3,1.581638462E-1,3.005019770E1,2.329938349E1,-4.500528302E0,1.767234215E1
2.061156250E0,9.663105317E-1,2.037912763E-1,-7.573398819E-3,1.570212451E-1,2.982919739E1,2.312191669E1,-4.510146015E0,1.753623005E1
2.071202250E0,9.667918487E-1,2.024101557E-1,-8.247000289E-3,1.558062358E-1,2.961414530E1,2.295616113E1,-4.532225710E0,1.738916701E1
2.081248250E0,9.672620390E-1,2.011140031E-1,-9.002450938E-3,1.545196611E-1,2.940258011E1,2.279942702E1,-4.563711426E0,1.723192032E1
2.091294250E0,9.677314284E-1,1.998192835E-1,-9.765761975E-3,1.532087677E-1,2.918987975E1,2.264301624E1,-4.596003800E0,1.707187335E1
2.101340250E0,9.682105960E-1,1.984438317E-1,-1.047815962E-2,1.519158288E-1,2.897117306E1,2.247812300E1,-4.622114657E0,1.691547609E1
2.111385250E0,9.687005952E-1,1.969734335E-1,-1.112228990E-2,1.506547108E-1,2.874583876E1,2.230328531E1,-4.640201272E0,1.676472988E1
2.121431250E0,9.691873913E-1,1.954538078E-1,-1.164781896E-2,1.494589204E-1,2.852025204E1,2.212438736E1,-4.646189986E0,1.662427216E1
2.131476625E0,9.696529454E-1,1.939576895E-1,-1.203465327E-2,1.483538300E-1,2.830286224E1,2.195000191E1,-4.639587179E0,1.649702255E1
2.141522625E0,9.700783335E-1,1.925790766E-1,-1.231093640E-2,1.473424321E-1,2.810278790E1,2.179053987E1,-4.625082825E0,1.638224524E1
2.151568625E0,9.704514175E-1,1.914021048E-1,-1.248742633E-2,1.464015459E-1,2.792615807E1,2.165566062E1,-4.604660850E0,1.627665205E1
2.161614625E0,9.707614497E-1,1.904833773E-1,-1.253051094E-2,1.455377884E-1,2.777854158E1,2.155235457E1,-4.575537023E0,1.618140203E1
2.171660625E0,9.710174496E-1,1.898122519E-1,-1.244303516E-2,1.447120473E-1,2.765606947E1,2.147948441E1,-4.536895810E0,1.609201085E1
2.181706625E0,9.712294904E-1,1.893173531E-1,-1.227589129E-2,1.439494844E-1,2.755422361E1,2.142789441E1,-4.493711928E0,1.601063436E1
2.191752625E0,9.714056642E-1,1.889365247E-1,-1.211759827E-2,1.432733646E-1,2.746932349E1,2.138898540E1,-4.455302049E0,1.593841589E1
2.201798625E0,9.715561706E-1,1.886182370E-1,-1.203591241E-2,1.426776189E-1,2.739658841E1,2.135583475E1,-4.428233373E0,1.587352226E1
2.211843625E0,9.716937380E-1,1.883210016E-1,-1.205750740E-2,1.421301314E-1,2.732994031E1,2.132340580E1,-4.414111167E0,1.581194119E1
2.221889625E0,9.718157109E-1,1.880268377E-1,-1.217690942E-2,1.416751983E-1,2.727071367E1,2.128952852E1,-4.412980033E0,1.575892488E1
2.231935625E0,9.719188443E-1,1.877464874E-1,-1.237488371E-2,1.413216284E-1,2.722053638E1,2.125569693E1,-4.423044790E0,1.571582422E1
2.241981625E0,9.719926434E-1,1.875155542E-1,-1.259473220E-2,1.411009896E-1,2.718457524E1,2.122672432E1,-4.439204130E0,1.568723642E1
2.252027625E0,9.720286790E-1,1.873974535E-1,-1.280878024E-2,1.409911128E-1,2.716699872E1,2.121044730E1,-4.458888386E0,1.567091199E1
2.262073625E0,9.720248857E-1,1.874222359E-1,-1.299005384E-2,1.409673420E-1,2.716884941E1,2.121082758E1,-4.479025221E0,1.566443767E1
2.272119625E0,9.719900724E-1,1.875532915E-1,-1.314909497E-2,1.410182553E-1,2.718582881E1,2.122352122E1,-4.499963201E0,1.566645645E1
2.282165625E0,9.719452282E-1,1.876901423E-1,-1.325385096E-2,1.411357608E-1,2.720768527E1,2.123737465E1,-4.516352428E0,1.567713667E1
2.292211625E0,9.719159783E-1,1.877306665E-1,-1.327692636E-2,1.412810831E-1,2.722193199E1,2.124110969E1,-4.522679283E0,1.569306635E1
2.302256625E0,9.719281166E-1,1.875707561E-1,-1.322696654E-2,1.414138457E-1,2.721602069E1,2.122271569E1,-4.517381725E0,1.570993344E1
2.312302625E0,9.719888502E-1,1.871915135E-1,-1.316143346E-2,1.415056837E-1,2.718642475E1,2.117931597E1,-4.505963625E0,1.572342862E1
2.322348625E0,9.721039954E-1,1.865423993E-1,-1.316523721E-2,1.415710956E-1,2.713022668E1,2.110377353E1,-4.497407247E0,1.573371364E1
2.332394625E0,9.722944570E-1,1.854659267E-1,-1.329129844E-2,1.416656309E-1,2.703701789E1,2.097686092E1,-4.496282136E0,1.574678614E1
2.342440625E0,9.725927724E-1,1.837853000E-1,-1.364743931E-2,1.417742012E-1,2.689039005E1,2.077664551E1,-4.511479401E0,1.575963318E1
2.352486625E0,9.730144095E-1,1.814213043E-1,-1.433668779E-2,1.418584949E-1,2.668179839E1,2.049269918E1,-4.552464255E0,1.576640447E1
2.362532625E0,9.733646498E-1,1.785951105E-1,-1.510845454E-2,1.429568418E-1,2.650730281E1,2.014968254E1,-4.615861047E0,1.588990000E1
2.372578625E0,9.737507149E-1,1.756834693E-1,-1.603213434E-2,1.438327376E-1,2.631364215E1,1.979560649E1,-4.689776478E0,1.598605278E1
2.382624625E0,9.740767629E-1,1.731362560E-1,-1.699479470E-2,1.446009904E-1,2.614899042E1,1.948359419E1,-4.771365387E0,1.606807471E1
2.392670625E0,9.742548334E-1,1.713617525E-1,-1.795325091E-2,1.453971022E-1,2.605863468E1,1.926075682E1,-4.865276756E0,1.615023298E1
2.402715625E0,9.742362044E-1,1.706126924E-1,-1.887623002E-2,1.462837876E-1,2.606810169E1,1.915634874E1,-4.973533005E0,1.623882536E1
2.412761625E0,9.740078950E-1,1.709211230E-1,-1.961706625E-2,1.473426428E-1,2.618385294E1,1.917578140E1,-5.082052794E0,1.634534185E1
2.422807625E0,9.736143277E-1,1.720459328E-1,-2.000513862E-2,1.485767869E-1,2.638221715E1,1.929374827E1,-5.168131378E0,1.647412039E1
2.432853625E0,9.731234855E-1,1.736314024E-1,-1.988736979E-2,1.499581077E-1,2.662757528E1,1.947171320E1,-5.208516379E0,1.662645532E1
2.442899625E0,9.725873354E-1,1.753906909E-1,-1.922373078E-2,1.514678499E-1,2.689306944E1,1.967743937E1,-5.193846100E0,1.680258587E1
2.452945625E0,9.720540935E-1,1.770837930E-1,-1.810506913E-2,1.530503798E-1,2.715459594E1,1.988235596E1,-5.129303136E0,1.699599214E1
2.462991625E0,9.715372889E-1,1.786249242E-1,-1.667434167E-2,1.546945284E-1,2.740572378E1,2.007464885E1,-5.029237845E0,1.720340176E1
2.473037625E0,9.710203156E-1,1.800607619E-1,-1.520444926E-2,1.564178287E-1,2.765469535E1,2.025550540E1,-4.925312409E0,1.742156173E1
2.483083625E0,9.704852614E-1,1.814672918E-1,-1.393382187E-2,1.582209973E-1,2.791008108E1,2.042988773E1,-4.845491533E0,1.764560983E1
2.493128625E0,9.699291337E-1,1.829275326E-1,-1.298987998E-2,1.600196984E-1,2.817312010E1,2.060555504E1,-4.803720090E0,1.786291147E1
2.503174625E0,9.693597719E-1,1.844801066E-1,-1.243397359E-2,1.617225575E-1,2.843994891E1,2.078615122E1,-4.805596453E0,1.806145541E1
2.513220625E0,9.687847203E-1,1.861232647E-1,-1.223929729E-2,1.632929491E-1,2.870697830E1,2.097187453E1,-4.847257553E0,1.823738328E1
2.523266625E0,9.682161593E-1,1.878001825E-1,-1.237060580E-2,1.647283864E-1,2.896862428E1,2.115661687E1,-4.923575543E0,1.839119146E1
2.533312625E0,9.676743616E-1,1.894040439E-1,-1.275999527E-2,1.660410500E-1,2.921582004E1,2.132904747E1,-5.025133832E0,1.852600248E1
2.543358625E0,9.671742892E-1,1.908428793E-1,-1.330931095E-2,1.672594733E-1,2.944217651E1,2.148002173E1,-5.139756239E0,1.864743135E1
2.553404625E0,9.667328432E-1,1.920447389E-1,-1.388046396E-2,1.683859743E-1,2.964059098E1,2.160355773E1,-5.250636536E0,1.875890093E1
2.563450625E0,9.663647326E-1,1.929649100E-1,-1.429234404E-2,1.694095526E-1,2.980505627E1,2.169766189E1,-5.336416117E0,1.886311390E1
2.573496625E0,9.660633405E-1,1.936249085E-1,-1.439705789E-2,1.703631251E-1,2.993905542E1,2.176724959E1,-5.381682616E0,1.896682151E1
2.583541625E0,9.658175822E-1,1.940593899E-1,-1.412555843E-2,1.712831486E-1,3.004788749E1,2.181743216E1,-5.380163503E0,1.907550826E1
2.593587625E0,9.655920544E-1,1.944090401E-1,-1.344943868E-2,1.722103371E-1,3.014742289E1,2.186488284E1,-5.332296030E0,1.919372454E1
2.603633625E0,9.653508058E-1,1.948199087E-1,-1.241677767E-2,1.731726340E-1,3.025354243E1,2.192565753E1,-5.246917597E0,1.932299237E1
2.613679625E0,9.650694756E-1,1.954017143E-1,-1.110779139E-2,1.741713036E-1,3.037683561E1,2.201117631E1,-5.135206884E0,1.946136298E1
2.623725625E0,9.647357147E-1,1.962041376E-1,-9.682479802E-3,1.752000660E-1,3.052247581E1,2.212446238E1,-5.015890401E0,1.960470640E1
2.633771625E0,9.643400401E-1,1.972283587E-1,-8.321126058E-3,1.762954626E-1,3.069425871E1,2.226225925E1,-4.909936895E0,1.975357444E1
2.643817625E0,9.638819460E-1,1.984407971E-1,-7.176354433E-3,1.774861532E-1,3.089197651E1,2.241771836E1,-4.834353342E0,1.990823014E1
2.653863625E0,9.633675437E-1,1.997634074E-1,-6.328001592E-3,1.788225033E-1,3.111253609E1,2.258001707E1,-4.797638269E0,2.007304863E1
2.663909625E0,9.628019330E-1,2.011625563E-1,-5.808520611E-3,1.803116358E-1,3.135330527E1,2.274449184E1,-4.802930396E0,2.024817223E1
2.673955625E0,9.621909302E-1,2.026290769E-1,-5.622779450E-3,1.819296954E-1,3.161138786E1,2.290993742E1,-4.850083484E0,2.043065334E1
2.684000625E0,9.615420373E-1,2.041530438E-1,-5.750105079E-3,1.836444821E-1,3.188324539E1,2.307557806E1,-4.935894589E0,2.061714833E1
2.694046625E0,9.608621243E-1,2.057113392E-1,-6.136275579E-3,1.854431410E-1,3.216569740E1,2.323968541E1,-5.053605881E0,2.080734780E1
2.704092625E0,9.601686822E-1,2.072594772E-1,-6.750818777E-3,1.872806172E-1,3.245130383E1,2.339779246E1,-5.197850298E0,2.099687909E1
2.714138625E0,9.594815622E-1,2.087566176E-1,-7.562967474E-3,1.890992958E-1,3.273191389E1,2.354596537E1,-5.362949737E0,2.117996168E1
2.724184625E0,9.588083084E-1,2.101891995E-1,-8.571615316E-3,1.908762070E-1,3.300460992E1,2.368271887E1,-5.547866811E0,2.135403442E1
2.734230625E0,9.581531778E-1,2.115056669E-1,-9.733804127E-3,1.926474704E-1,3.326787873E1,2.380268465E1,-5.747521093E0,2.152446747E1
2.744276625E0,9.575135994E-1,2.126901514E-1,-1.099902091E-2,1.944466772E-1,3.352295925E1,2.390478444E1,-5.956721012E0,2.169637779E1
2.754322625E0,9.568864121E-1,2.137738627E-1,-1.232041944E-2,1.962581066E-1,3.377128015E1,2.399359656E1,-6.170540930E0,2.186888784E1
2.764368625E0,9.562748192E-1,2.147538086E-1,-1.357604781E-2,1.980780497E-1,3.401173139E1,2.407119130E1,-6.375322157E0,2.204434890E1
2.774414625E0,9.556905796E-1,2.156203162E-1,-1.463647306E-2,1.998728311E-1,3.423989784E1,2.413925498E1,-6.555706085E0,2.222187275E1
2.784459625E0,9.551385402E-1,2.163850180E-1,-1.547670209E-2,2.016144232E-1,3.445414191E1,2.419988818E1,-6.708465088E0,2.239876563E1
2.794505625E0,9.546271303E-1,2.170458174E-1,-1.616378002E-2,2.032653995E-1,3.465147149E1,2.425183209E1,-6.839966262E0,2.256928797E1
2.804551625E0,9.541672660E-1,2.176087939E-1,-1.676361397E-2,2.047684826E-1,3.482798643E1,2.429492039E1,-6.956135162E0,2.272537331E1
2.814597625E0,9.537581044E-1,2.181215841E-1,-1.728953288E-2,2.060811883E-1,3.498431394E1,2.433476456E1,-7.058435795E0,2.286151531E1
2.824643625E0,9.533829975E-1,2.186599680E-1,-1.774349659E-2,2.072046547E-1,3.512703804E1,2.438017286E1,-7.148846243E0,2.297726445E1
2.834689625E0,9.530146340E-1,2.193117057E-1,-1.810490581E-2,2.081769825E-1,3.526665184E1,2.444154291E1,-7.228099416E0,2.307682835E1
2.844735625E0,9.526322357E-1,2.201563918E-1,-1.835310860E-2,2.090124595E-1,3.541102115E1,2.452848326E1,-7.296174597E0,2.316171818E1
2.854781625E0,9.522310398E-1,2.212327170E-1,-1.854888071E-2,2.096859240E-1,3.556187729E1,2.464445410E1,-7.360067310E0,2.322737905E1
2.864827625E0,9.518164834E-1,2.225585198E-1,-1.879542924E-2,2.101422901E-1,3.571710941E1,2.478983312E1,-7.430155782E0,2.326498961E1
2.874872625E0,9.513931605E-1,2.241226842E-1,-1.918923886E-2,2.103615380E-1,3.587495356E1,2.496156303E1,-7.516205482E0,2.327009101E1
2.884918625E0,9.509786462E-1,2.258123303E-1,-1.971556870E-2,2.103800404E-1,3.602886507E1,2.514668681E1,-7.614716676E0,2.324792324E1
2.894964625E0,9.506001254E-1,2.274731901E-1,-2.029350736E-2,2.102463928E-1,3.616885882E1,2.532869380E1,-7.714262055E0,2.320700620E1
2.905010625E0,9.503003770E-1,2.289215033E-1,-2.085481909E-2,2.099742927E-1,3.627934852E1,2.548755872E1,-7.803260165E0,2.315187626E1
2.915056625E0,9.501403454E-1,2.299334702E-1,-2.140605772E-2,2.095367663E-1,3.633820452E1,2.559730466E1,-7.876400229E0,2.308106901E1
2.925102625E0,9.501988031E-1,2.302093003E-1,-2.222956499E-2,2.088821836E-1,3.631671579E1,2.561771001E1,-7.956327795E0,2.298456517E1
2.935148625E0,9.505460931E-1,2.295044574E-1,-2.374324798E-2,2.079091814E-1,3.618879964E1,2.551281246E1,-8.080846705E0,2.284321668E1
2.945194625E0,9.512093159E-1,2.277105401E-1,-2.609674908E-2,2.065618310E-1,3.594329474E1,2.526787934E1,-8.263138419E0,2.264869356E1
2.955240625E0,9.521660072E-1,2.248567875E-1,-2.903186615E-2,2.048813940E-1,3.558627230E1,2.489172987E1,-8.477687814E0,2.241250823E1
2.965286625E0,9.533487742E-1,2.211040216E-1,-3.204680934E-2,2.030075030E-1,3.514003166E1,2.441218585E1,-8.677644636E0,2.216163004E1
2.975331625E0,9.546585718E-1,2.167550042E-1,-3.463541610E-2,2.011084081E-1,3.463937108E1,2.387280856E1,-8.818939966E0,2.192416752E1
2.985377625E0,9.559650399E-1,2.123100553E-1,-3.633110498E-2,1.993374818E-1,3.413289560E1,2.333897330E1,-8.864906574E0,2.172262477E1
2.995423625E0,9.570787703E-1,2.084877154E-1,-3.674642003E-2,1.979462565E-1,3.369530912E1,2.289879332E1,-8.793699340E0,2.158632256E1
3.005469625E0,9.578115776E-1,2.060508479E-1,-3.574229244E-2,1.971358148E-1,3.340435323E1,2.264138570E1,-8.610049538E0,2.153349095E1
3.015515625E0,9.580400978E-1,2.055576876E-1,-3.357143471E-2,1.969217931E-1,3.331311607E1,2.262666932E1,-8.353675424E0,2.155624703E1
3.025561625E0,9.577763428E-1,2.070077446E-1,-3.096646971E-2,1.971127183E-1,3.341839925E1,2.284258413E1,-8.101411574E0,2.161920107E1
3.035607625E0,9.571180090E-1,2.100447096E-1,-2.865417770E-2,1.974469428E-1,3.367979152E1,2.323624707E1,-7.920343606E0,2.168151857E1
3.045653625E0,9.561992499E-1,2.141413833E-1,-2.715039922E-2,1.977100656E-1,3.404132746E1,2.373839197E1,-7.851046017E0,2.171191733E1
3.055699625E0,9.551714568E-1,2.186607266E-1,-2.679971637E-2,1.977797765E-1,3.444140333E1,2.426961698E1,-7.914197746E0,2.169265632E1
3.065745625E0,9.541782242E-1,2.229631928E-1,-2.756753711E-2,1.976647156E-1,3.482379031E1,2.475656982E1,-8.091398259E0,2.162874932E1
3.075790625E0,9.533301032E-1,2.265521866E-1,-2.910353686E-2,1.974557936E-1,3.514711858E1,2.514770066E1,-8.334884085E0,2.154133373E1
3.085836625E0,9.526815896E-1,2.291884931E-1,-3.088622211E-2,1.972724127E-1,3.539242027E1,2.542386903E1,-8.584891169E0,2.145785563E1
3.095882625E0,9.522434310E-1,2.308399962E-1,-3.243507665E-2,1.972135757E-1,3.555722728E1,2.558894945E1,-8.790486073E0,2.140156817E1
3.105928625E0,9.519939216E-1,2.316301864E-1,-3.344510480E-2,1.973232418E-1,3.565074709E1,2.566204260E1,-8.922080459E0,2.138414276E1
3.115974625E0,9.518798301E-1,2.318289510E-1,-3.383057988E-2,1.975743106E-1,3.569343129E1,2.567615258E1,-8.975504290E0,2.140244667E1
3.126020875E0,9.518361238E-1,2.317735279E-1,-3.371800564E-2,1.978690435E-1,3.570976972E1,2.566919020E1,-8.969556429E0,2.143944768E1
3.136066875E0,9.517989925E-1,2.317652249E-1,-3.324313710E-2,1.981377296E-1,3.572364461E1,2.567456284E1,-8.924013420E0,2.148134217E1
3.146112875E0,9.517402819E-1,2.319777610E-1,-3.259119911E-2,1.982793009E-1,3.574557237E1,2.571009932E1,-8.860514238E0,2.151074715E1
3.156158875E0,9.516628160E-1,2.324595943E-1,-3.184337704E-2,1.982077356E-1,3.577448516E1,2.578068935E1,-8.786842587E0,2.151554704E1
3.166203875E0,9.515655832E-1,2.331875336E-1,-3.096727050E-2,1.979588584E-1,3.581074363E1,2.588388392E1,-8.699828040E0,2.150092928E1
3.176249875E0,9.514469398E-1,2.340360128E-1,-2.992563222E-2,1.976874749E-1,3.585493815E1,2.600436694E1,-8.596635348E0,2.148675293E1
3.186295875E0,9.513247140E-1,2.348226205E-1,-2.863547504E-2,1.975336389E-1,3.590041211E1,2.612121922E1,-8.467825419E0,2.149270728E1
3.196341875E0,9.512059863E-1,2.354263004E-1,-2.702880556E-2,1.976135914E-1,3.594453130E1,2.622071642E1,-8.306403798E0,2.153481620E1
3.206387875E0,9.511049603E-1,2.357361113E-1,-2.512327278E-2,1.979811541E-1,3.598203136E1,2.628936992E1,-8.113375953E0,2.161972697E1
3.216433875E0,9.510294332E-1,2.357302740E-1,-2.304838343E-2,1.986025672E-1,3.601004178E1,2.632280796E1,-7.901626089E0,2.174054448E1
3.226479875E0,9.509799949E-1,2.354554133E-1,-2.093191621E-2,1.993980047E-1,3.602836532E1,2.632493487E1,-7.684052085E0,2.188451277E1
3.236525875E0,9.509544961E-1,2.349954121E-1,-1.886080954E-2,2.002675363E-1,3.603781256E1,2.630476458E1,-7.469329258E0,2.203729444E1
3.246571875E0,9.509347292E-1,2.344765738E-1,-1.689934789E-2,2.011422099E-1,3.604513448E1,2.627627869E1,-7.265459476E0,2.218840798E1
3.256617875E0,9.509037513E-1,2.339761011E-1,-1.509316577E-2,2.020134274E-1,3.605660623E1,2.624756760E1,-7.078951752E0,2.233520608E1
3.266662875E0,9.508477381E-1,2.335324318E-1,-1.350666357E-2,2.029009136E-1,3.607734008E1,2.622157015E1,-6.918273094E0,2.247814645E1
3.276708875E0,9.507600305E-1,2.331382007E-1,-1.219236678E-2,2.038463095E-1,3.610978283E1,2.619595741E1,-6.790120728E0,2.262081357E1
3.286754875E0,9.506528511E-1,2.327385326E-1,-1.116738703E-2,2.048589719E-1,3.614938994E1,2.616379270E1,-6.695329030E0,2.276424573E1
3.296800875E0,9.505408247E-1,2.322528850E-1,-1.041081949E-2,2.059670968E-1,3.619074338E1,2.611583079E1,-6.630430266E0,2.291271511E1
3.306846875E0,9.504336032E-1,2.316034759E-1,-9.903445192E-3,2.072139692E-1,3.623028046E1,2.604304728E1,-6.592555826E0,2.307216417E1
3.316892875E0,9.503452212E-1,2.307082347E-1,-9.635686264E-3,2.086260993E-1,3.626283926E1,2.593586525E1,-6.579283897E0,2.324644662E1
3.326938875E0,9.507789123E-1,2.295722612E-1,-1.012873063E-2,2.078782457E-1,3.610280090E1,2.579843208E1,-6.586698144E0,2.315609988E1
3.336984875E0,9.511981470E-1,2.283182344E-1,-1.071152672E-2,2.073116656E-1,3.594744255E1,2.564437060E1,-6.606141891E0,2.308529616E1
3.347030875E0,9.515772579E-1,2.270903808E-1,-1.130007585E-2,2.068885534E-1,3.580639197E1,2.549239603E1,-6.630768759E0,2.303077875E1
3.357076875E0,9.518802937E-1,2.260248768E-1,-1.186230427E-2,2.066301932E-1,3.569325794E1,2.535882177E1,-6.660736666E0,2.299487559E1
3.367121875E0,9.520829358E-1,2.252223903E-1,-1.239751656E-2,2.065408419E-1,3.561741052E1,2.525527022E1,-6.698352097E0,2.297741694E1
3.377167875E0,9.521484320E-1,2.247408626E-1,-1.286827579E-2,2.067348860E-1,3.559286234E1,2.518847281E1,-6.743721188E0,2.299202458E1
3.387213875E0,9.520546974E-1,2.246416278E-1,-1.323427902E-2,2.072509320E-1,3.562798931E1,2.516607091E1,-6.794802270E0,2.304362107E1
3.397259875E0,9.517898887E-1,2.249637878E-1,-1.346913180E-2,2.081009075E-1,3.572704560E1,2.519302373E1,-6.849968532E0,2.313388145E1
3.407305875E0,9.513568299E-1,2.257299332E-1,-1.359630991E-2,2.092400946E-1,3.588846883E1,2.527173269E1,-6.911343833E0,2.325693070E1
3.417351875E0,9.507605363E-1,2.269403064E-1,-1.358096846E-2,2.106375998E-1,3.610959583E1,2.540315471E1,-6.974571046E0,2.340997810E1
3.427397875E0,9.500493503E-1,2.285184214E-1,-1.351683149E-2,2.121385334E-1,3.637162940E1,2.557750473E1,-7.044399004E0,2.357351091E1
3.437443875E0,9.492770936E-1,2.302311429E-1,-1.359979756E-2,2.137326537E-1,3.665411411E1,2.576367971E1,-7.136625127E0,2.374333394E1
3.447489875E0,9.485293664E-1,2.317393468E-1,-1.414087880E-2,2.153808062E-1,3.692563724E1,2.591588712E1,-7.276079628E0,2.390991304E1
3.457534875E0,9.478493691E-1,2.327838300E-1,-1.535626748E-2,2.171577173E-1,3.717090308E1,2.599869115E1,-7.481870149E0,2.407862002E1
3.467580875E0,9.472368911E-1,2.332403646E-1,-1.712930110E-2,2.191980462E-1,3.739048683E1,2.599887274E1,-7.741427457E0,2.426895577E1
3.477626875E0,9.466354978E-1,2.332476771E-1,-1.897177165E-2,2.216229652E-1,3.760489332E1,2.594175972E1,-8.007619370E0,2.450586868E1
3.487672875E0,9.459719378E-1,2.330495448E-1,-2.041062292E-2,2.245185379E-1,3.784010422E1,2.586496521E1,-8.236743281E0,2.480879117E1
3.497718875E0,9.451900716E-1,2.328499689E-1,-2.142352759E-2,2.278984202E-1,3.811545600E1,2.579249705E1,-8.431731915E0,2.517827230E1
3.507764875E0,9.442680671E-1,2.328193598E-1,-2.229347015E-2,2.316376886E-1,3.843771972E1,2.573888740E1,-8.624695472E0,2.559201842E1
3.517810875E0,9.432010354E-1,2.331049257E-1,-2.327627144E-2,2.355676715E-1,3.880745884E1,2.571669172E1,-8.843285609E0,2.602346594E1
3.527856875E0,9.420407537E-1,2.337559049E-1,-2.454114051E-2,2.394058796E-1,3.920570407E1,2.572987951E1,-9.100262150E0,2.643552695E1
3.537902875E0,9.408299380E-1,2.346952212E-1,-2.612064634E-2,2.430532889E-1,3.961719202E1,2.576942050E1,-9.394837158E0,2.681646067E1
3.547948875E0,9.396040758E-1,2.358358835E-1,-2.793395128E-2,2.464653924E-1,4.002965586E1,2.582746956E1,-9.714828270E0,2.716347547E1
3.557993875E0,9.383862426E-1,2.371140709E-1,-2.965080315E-2,2.496575526E-1,4.043542146E1,2.590444302E1,-1.002293937E1,2.748607573E1
3.568039875E0,9.371479682E-1,2.384398844E-1,-3.059518759E-2,2.529112893E-1,4.084403617E1,2.600368244E1,-1.025053377E1,2.783276528E1
3.578085875E0,9.358679684E-1,2.397575424E-1,-3.030161371E-2,2.564165584E-1,4.126234658E1,2.612875437E1,-1.035066855E1,2.823657077E1
3.588131875E0,9.345130105E-1,2.410538951E-1,-2.872098045E-2,2.602952696E-1,4.170077936E1,2.627938978E1,-1.032145550E1,2.871324612E1
3.598177875E0,9.330831365E-1,2.423014629E-1,-2.613015046E-2,2.645055712E-1,4.215872688E1,2.644760858E1,-1.019177065E1,2.925248991E1
3.608223875E0,9.316159415E-1,2.434272052E-1,-2.293636764E-2,2.689030680E-1,4.262374352E1,2.661755141E1,-1.000024659E1,2.982941442E1
3.618269875E0,9.301874373E-1,2.442384478E-1,-1.947967279E-2,2.733483593E-1,4.307189623E1,2.676044675E1,-9.774089190E0,3.042201036E1
3.628315875E0,9.288620664E-1,2.445341290E-1,-1.616813168E-2,2.777714393E-1,4.348375778E1,2.684324205E1,-9.548656875E0,3.101444657E1
3.638361875E0,9.276735042E-1,2.442257616E-1,-1.338024409E-2,2.821287701E-1,4.384997385E1,2.684546159E1,-9.359654964E0,3.159325918E1
3.648407875E0,9.266294003E-1,2.433095839E-1,-1.125719143E-2,2.864116907E-1,4.416929720E1,2.676200274E1,-9.220589408E0,3.215378982E1
3.658452875E0,9.257054782E-1,2.418989500E-1,-9.781398456E-3,2.906178409E-1,4.445004677E1,2.660552893E1,-9.132009917E0,3.269502730E1
3.668498875E0,9.248308468E-1,2.402109687E-1,-8.946532607E-3,2.947993140E-1,4.471427612E1,2.639977522E1,-9.101047313E0,3.322156762E1
3.678544875E0,9.239567843E-1,2.385100694E-1,-8.722163859E-3,2.988992119E-1,4.497686190E1,2.617550489E1,-9.131375005E0,3.372555764E1
3.688590875E0,9.230432093E-1,2.369763140E-1,-8.952148674E-3,3.029082201E-1,4.524977347E1,2.595726936E1,-9.212154254E0,3.420828439E1
3.698636875E0,9.220446240E-1,2.357229299E-1,-9.382088676E-3,3.068882735E-1,4.554630719E1,2.576468636E1,-9.321993046E0,3.468198021E1
3.708682875E0,9.209270792E-1,2.348325251E-1,-9.773601289E-3,3.108883255E-1,4.587601382E1,2.561390455E1,-9.440014490E0,3.515696848E1
3.718728875E0,9.196921976E-1,2.343279535E-1,-9.934486346E-3,3.148937723E-1,4.623775053E1,2.551375220E1,-9.546625871E0,3.563528491E1
3.728774875E0,9.183510006E-1,2.342051587E-1,-9.770197931E-3,3.188790940E-1,4.662762456E1,2.546725660E1,-9.631523165E0,3.611570215E1
3.738820875E0,9.169313472E-1,2.344079166E-1,-9.192185513E-3,3.228085079E-1,4.703697958E1,2.547162829E1,-9.682885942E0,3.659609998E1
3.748866875E0,9.154425730E-1,2.347920325E-1,-8.136269981E-3,3.267590796E-1,4.746268668E1,2.551240264E1,-9.691167932E0,3.708818060E1
3.758911875E0,9.139202921E-1,2.352089175E-1,-6.715763135E-3,3.307286594E-1,4.789428684E1,2.556952687E1,-9.663185950E0,3.759060392E1
3.768957875E0,9.124023944E-1,2.355023228E-1,-5.043734435E-3,3.347163624E-1,4.832103024E1,2.562197003E1,-9.605116332E0,3.810226472E1
3.779003875E0,9.109499719E-1,2.355207726E-1,-3.253789389E-3,3.386583993E-1,4.872607507E1,2.564901048E1,-9.523391652E0,3.861395288E1
3.789049875E0,9.095956461E-1,2.352141753E-1,-1.533607913E-3,3.425022551E-1,4.910093501E1,2.563912023E1,-9.434076665E0,3.911570607E1
3.799095875E0,9.083180065E-1,2.346232027E-1,-1.761738268E-5,3.462808044E-1,4.945212476E1,2.559173891E1,-9.353372188E0,3.960818689E1
3.809141875E0,9.070921233E-1,2.338567096E-1,1.255670521E-3,3.499904857E-1,4.978690476E1,2.551753709E1,-9.289166835E0,4.008920521E1
3.819187875E0,9.058853747E-1,2.330384602E-1,2.306528432E-3,3.536375368E-1,5.011441324E1,2.543080248E1,-9.244243031E0,4.055894575E1
3.829233875E0,9.046838524E-1,2.322923029E-1,3.099552996E-3,3.571804009E-1,5.043852621E1,2.534413057E1,-9.226183729E0,4.101069356E1
3.839279875E0,9.026718461E-1,2.318010287E-1,4.059900550E-3,3.625402156E-1,5.097695451E1,2.527584542E1,-9.250134002E0,4.168539756E1
3.849324875E0,9.013441783E-1,2.317727903E-1,4.134268664E-3,3.658455822E-1,5.132936029E1,2.524450258E1,-9.330742606E0,4.208950466E1
3.859370875E0,8.999104689E-1,2.323006480E-1,3.804522258E-3,3.690299873E-1,5.170739746E1,2.526010485E1,-9.474251222E0,4.246696039E1
3.869416875E0,8.984101465E-1,2.334043791E-1,3.012741025E-3,3.719846289E-1,5.210026267E1,2.532316096E1,-9.685058778E0,4.280304329E1
3.879462875E0,8.968995402E-1,2.350069709E-1,1.741149532E-3,3.746197131E-1,5.249305637E1,2.542503557E1,-9.959569854E0,4.308677542E1
3.889508875E0,8.954194272E-1,2.369586544E-1,5.821533451E-5,3.769278431E-1,5.287529038E1,2.555187047E1,-1.028405352E1,4.331953475E1
3.899554875E0,8.940264738E-1,2.390702537E-1,-1.942748445E-3,3.788910433E-1,5.323268810E1,2.568673669E1,-1.063996320E1,4.350231102E1
3.909600875E0,8.927420908E-1,2.411491891E-1,-4.060311482E-3,3.805814691E-1,5.356026940E1,2.581571275E1,-1.099967617E1,4.364949689E1
3.919646875E0,8.915469958E-1,2.430796729E-1,-5.998360553E-3,3.821260458E-1,5.386342000E1,2.593645903E1,-1.133059738E1,4.378358845E1
3.929692875E0,8.904438020E-1,2.448068823E-1,-7.561660922E-3,3.835652342E-1,5.414186416E1,2.605025848E1,-1.161095930E1,4.391393835E1
3.939738875E0,8.894655737E-1,2.462949506E-1,-8.706316644E-3,3.848559393E-1,5.438766448E1,2.615545965E1,-1.183325066E1,4.403644343E1
3.949783875E0,8.886780387E-1,2.475911031E-1,-9.545702742E-3,3.858224297E-1,5.458480591E1,2.625509968E1,-1.200625737E1,4.412670656E1
3.959829875E0,8.881100678E-1,2.487607414E-1,-1.029977308E-2,3.863581162E-1,5.472657747E1,2.634923218E1,-1.215260032E1,4.416655553E1
3.969875875E0,8.877964953E-1,2.497752687E-1,-1.117943049E-2,3.863997573E-1,5.480470347E1,2.642723702E1,-1.229096570E1,4.414428377E1
3.979921875E0,8.877200620E-1,2.505943400E-1,-1.226628181E-2,3.860119009E-1,5.482373111E1,2.648074011E1,-1.242977481E1,4.406669953E1
3.989967875E0,8.878810840E-1,2.511491190E-1,-1.356377254E-2,3.852366307E-1,5.478363847E1,2.650154312E1,-1.256750469E1,4.393972454E1
4.000013875E0,8.882741244E-1,2.513995240E-1,-1.496860076E-2,3.841136068E-1,5.468566204E1,2.648887527E1,-1.269284604E1,4.377084304E1
4.010059875E0,8.888713031E-1,2.513377156E-1,-1.634305164E-2,3.827140364E-1,5.453648751E1,2.644639393E1,-1.279331278E1,4.357176612E1
4.020105875E0,8.896677100E-1,2.508801378E-1,-1.781303889E-2,3.810947545E-1,5.433695774E1,2.635903826E1,-1.288021944E1,4.334811830E1
4.030151875E0,8.906829011E-1,2.498810573E-1,-1.983630888E-2,3.792755701E-1,5.408162852E1,2.619251099E1,-1.299601489E1,4.309540114E1
4.040196875E0,8.919767672E-1,2.482513757E-1,-2.289251385E-2,3.771267973E-1,5.375458540E1,2.592052952E1,-1.318427580E1,4.279023334E1
4.050242875E0,8.935636171E-1,2.459218350E-1,-2.707961359E-2,3.746106937E-1,5.335095427E1,2.553305308E1,-1.345282136E1,4.242851019E1
4.060288875E0,8.954048233E-1,2.428608886E-1,-3.204563977E-2,3.718088766E-1,5.287904900E1,2.503982770E1,-1.376754414E1,4.202919341E1
4.070334875E0,8.966977622E-1,2.391650209E-1,-3.663192285E-2,3.706634517E-1,5.254531683E1,2.446737867E1,-1.406337482E1,4.185304113E1
4.080380875E0,8.980600537E-1,2.349290203E-1,-4.052145530E-2,3.696680063E-1,5.219153980E1,2.385855208E1,-1.426889341E1,4.171750387E1
4.090426875E0,8.993250070E-1,2.305477816E-1,-4.292322507E-2,3.690798470E-1,5.186103244E1,2.328324177E1,-1.432282015E1,4.166045668E1
4.100472875E0,9.003038465E-1,2.266106970E-1,-4.318173277E-2,3.691015737E-1,5.160392942E1,2.282939581E1,-1.418408474E1,4.170684374E1
4.110518875E0,9.008503436E-1,2.237416135E-1,-4.117002154E-2,3.697477482E-1,5.145986560E1,2.257264040E1,-1.386482005E1,4.185065583E1
4.120564875E0,9.008659590E-1,2.223948636E-1,-3.739578179E-2,3.709214325E-1,5.145574365E1,2.254749300E1,-1.343600858E1,4.206750740E1
4.130611000E0,9.002951853E-1,2.227540812E-1,-3.259161004E-2,3.725412413E-1,5.160620960E1,2.274868378E1,-1.298255078E1,4.233697894E1
4.140656000E0,8.991526475E-1,2.247679630E-1,-2.752001654E-2,3.744951059E-1,5.190618180E1,2.314303047E1,-1.258210323E1,4.263706333E1
4.150702000E0,8.975124186E-1,2.282223292E-1,-2.286678320E-2,3.766472505E-1,5.233402374E1,2.368157682E1,-1.229616972E1,4.294394304E1
4.160748000E0,8.955036155E-1,2.328197812E-1,-1.914025368E-2,3.788165488E-1,5.285361788E1,2.431298990E1,-1.216175392E1,4.322951989E1
4.170794000E0,8.932831299E-1,2.381058917E-1,-1.664076644E-2,3.808857272E-1,5.342250450E1,2.497557150E1,-1.218753229E1,4.347678922E1
4.180840000E0,8.910283999E-1,2.435285789E-1,-1.542294379E-2,3.827850749E-1,5.399447810E1,2.560593157E1,-1.235233642E1,4.367923435E1
4.190886000E0,8.888784892E-1,2.485941771E-1,-1.523915192E-2,3.845306288E-1,5.453469016E1,2.615814905E1,-1.260777432E1,4.384651755E1
4.200932000E0,8.869225804E-1,2.529321520E-1,-1.567152590E-2,3.861969888E-1,5.502189757E1,2.660596073E1,-1.289482837E1,4.399885326E1
4.210978000E0,8.851996383E-1,2.563325702E-1,-1.621605265E-2,3.878816615E-1,5.544780226E1,2.694400078E1,-1.315359619E1,4.416045991E1
4.221024000E0,8.837161746E-1,2.587428537E-1,-1.643099104E-2,3.896508809E-1,5.581210998E1,2.718251575E1,-1.333707573E1,4.434937737E1
4.231070000E0,8.824943164E-1,2.602068455E-1,-1.599158907E-2,3.914592546E-1,5.611053831E1,2.733980619E1,-1.341165203E1,4.456646222E1
4.241115000E0,8.815499530E-1,2.608073749E-1,-1.481442759E-2,3.932297805E-1,5.634019546E1,2.742991801E1,-1.336971979E1,4.480320477E1
4.251161000E0,8.808639709E-1,2.605878214E-1,-1.290609205E-2,3.949760087E-1,5.650648008E1,2.745799059E1,-1.321400852E1,4.506072454E1
4.261207000E0,8.803948765E-1,2.596225322E-1,-1.031035194E-2,3.967299920E-1,5.661993225E1,2.743115939E1,-1.295316191E1,4.534116277E1
4.271253000E0,8.800880263E-1,2.580526253E-1,-7.119329747E-3,3.985011079E-1,5.669403238E1,2.736251571E1,-1.260331985E1,4.564205360E1
4.281299000E0,8.798732038E-1,2.560638209E-1,-3.467958599E-3,4.003029278E-1,5.674585627E1,2.726822048E1,-1.218734582E1,4.596017680E1
4.291345000E0,8.796863036E-1,2.538757462E-1,5.497529553E-4,4.021179608E-1,5.679090890E1,2.716996236E1,-1.172466246E1,4.628913459E1
4.301391000E0,8.794729774E-1,2.516856379E-1,4.829670591E-3,4.039285683E-1,5.684229157E1,2.708608229E1,-1.123484595E1,4.662282656E1
4.311437000E0,8.791979903E-1,2.495856817E-1,9.269999132E-3,4.057486589E-1,5.690846340E1,2.702259790E1,-1.073330634E1,4.696031121E1
4.321483000E0,8.788351270E-1,2.476257373E-1,1.378958482E-2,4.076030149E-1,5.699567364E1,2.698136357E1,-1.023165416E1,4.730285776E1
4.331529000E0,8.783847036E-1,2.457883138E-1,1.826215570E-2,4.095056501E-1,5.710375824E1,2.695480675E1,-9.742530033E0,4.764992628E1
4.341574000E0,8.778713339E-1,2.439987692E-1,2.253364397E-2,4.114592619E-1,5.722671957E1,2.692778787E1,-9.278170853E0,4.799917856E1
4.351620000E0,8.773112234E-1,2.422302137E-1,2.651303350E-2,4.134569171E-1,5.736060088E1,2.689309083E1,-8.846229828E0,4.834784690E1
4.361666000E0,8.767283325E-1,2.404451893E-1,3.018465621E-2,4.154786171E-1,5.749962435E1,2.684571998E1,-8.445708221E0,4.869317364E1
4.371712000E0,8.761384873E-1,2.386465304E-1,3.359844557E-2,4.174929415E-1,5.763999420E1,2.678813896E1,-8.070570809E0,4.903217995E1
4.381758000E0,8.755571558E-1,2.368392840E-1,3.681468212E-2,4.194657090E-1,5.777803287E1,2.672359992E1,-7.713819337E0,4.936182743E1
4.391804000E0,8.750149155E-1,2.350074134E-1,3.981791903E-2,4.213489777E-1,5.790651815E1,2.664971520E1,-7.374701571E0,4.967578157E1
4.401850000E0,8.745133259E-1,2.331572827E-1,4.254447242E-2,4.231479317E-1,5.802513972E1,2.656380478E1,-7.059997655E0,4.997304505E1
4.411896000E0,8.740570020E-1,2.312395800E-1,4.494979306E-2,4.248908303E-1,5.813286434E1,2.645785745E1,-6.772409187E0,5.025620472E1
4.421942000E0,8.736394953E-1,2.292149297E-1,4.702308083E-2,4.266185982E-1,5.823126598E1,2.632649062E1,-6.512055261E0,5.053014646E1
4.431987000E0,8.732355599E-1,2.270541450E-1,4.886196891E-2,4.283907046E-1,5.832632484E1,2.617057904E1,-6.269186891E0,5.080459926E1
4.442033000E0,8.727798471E-1,2.248425840E-1,5.058443685E-2,4.302817705E-1,5.843339921E1,2.600437791E1,-6.038296373E0,5.109121772E1
4.452079000E0,8.722099163E-1,2.227047747E-1,5.238334337E-2,4.323292011E-1,5.856705903E1,2.585035256E1,-5.807412788E0,5.139872841E1
4.462125000E0,8.714959066E-1,2.206407750E-1,5.448312570E-2,4.345619304E-1,5.873411690E1,2.571949417E1,-5.554959716E0,5.173618212E1
4.472171000E0,8.705827740E-1,2.187961918E-1,5.686322673E-2,4.370130015E-1,5.894713525E1,2.562654954E1,-5.291638213E0,5.210691138E1
4.482217000E0,8.694639016E-1,2.173454183E-1,5.939995598E-2,4.396191519E-1,5.920719788E1,2.558455770E1,-5.037410847E0,5.249976864E1
4.492263000E0,8.682387981E-1,2.160642595E-1,6.197070300E-2,4.423089427E-1,5.949076591E1,2.556399542E1,-4.791129790E0,5.290399241E1
4.502309000E0,8.669769215E-1,2.147005982E-1,6.447439439E-2,4.450816152E-1,5.978156749E1,2.553306242E1,-4.549650189E0,5.331800399E1
4.512355000E0,8.657406912E-1,2.131331147E-1,6.678728700E-2,4.478916088E-1,6.006521918E1,2.547284922E1,-4.317317689E0,5.373337275E1
4.522400000E0,8.644564556E-1,2.116845908E-1,6.851948032E-2,4.507880456E-1,6.035860514E1,2.539680916E1,-4.151017000E0,5.414563889E1
4.532446000E0,8.631723255E-1,2.102711699E-1,6.959789700E-2,4.537353748E-1,6.065068115E1,2.529168044E1,-4.052182290E0,5.454870976E1
4.542492000E0,8.619113550E-1,2.087130061E-1,6.982504218E-2,4.568065524E-1,6.093625627E1,2.512714292E1,-4.032191637E0,5.494754866E1
4.552538000E0,8.606409857E-1,2.070059323E-1,6.910256090E-2,4.600767053E-1,6.122274183E1,2.489640867E1,-4.101997751E0,5.534978089E1
4.562584000E0,8.592959323E-1,2.052806353E-1,6.762522430E-2,4.635701522E-1,6.152475622E1,2.462246284E1,-4.249729977E0,5.576379270E1
4.572630000E0,8.577742835E-1,2.036865098E-1,6.587126739E-2,4.673287871E-1,6.186481878E1,2.434543305E1,-4.437511469E0,5.620681067E1
4.582676000E0,8.559980889E-1,2.023585100E-1,6.426489821E-2,4.713685204E-1,6.225965025E1,2.410156634E1,-4.631654215E0,5.669081422E1
4.592722000E0,8.539525338E-1,2.014552872E-1,6.290289646E-2,4.756301568E-1,6.271158565E1,2.391262965E1,-4.830267363E0,5.720998531E1
4.602768000E0,8.516621686E-1,2.011521776E-1,6.166317852E-2,4.800073810E-1,6.321416228E1,2.379044233E1,-5.052968789E0,5.774725340E1
4.612814000E0,8.491504694E-1,2.015109421E-1,6.032618566E-2,4.844560651E-1,6.376122074E1,2.372913162E1,-5.324386176E0,5.829176700E1
4.622859000E0,8.464177731E-1,2.025235254E-1,5.891474565E-2,4.889687071E-1,6.435168357E1,2.372853479E1,-5.642572517E0,5.884304861E1
4.632905000E0,8.434613508E-1,2.041031366E-1,5.762369285E-2,4.935529250E-1,6.498508963E1,2.378999460E1,-5.984803556E0,5.940648656E1
4.642951000E0,8.402768613E-1,2.060347741E-1,5.686243121E-2,4.982480418E-1,6.566126590E1,2.391397215E1,-6.301047042E0,5.999656298E1
4.652997000E0,8.368735244E-1,2.081693697E-1,5.737071693E-2,5.030077486E-1,6.637714134E1,2.412793213E1,-6.511206455E0,6.062340676E1
4.663043000E0,8.332588105E-1,2.103888755E-1,5.958092928E-2,5.078053560E-1,6.713006684E1,2.444652962E1,-6.567896101E0,6.129369429E1
4.673089000E0,8.294551628E-1,2.124505518E-1,6.334936329E-2,5.126945379E-1,6.791437868E1,2.483919472E1,-6.474070843E0,6.201406516E1
4.683135000E0,8.255491930E-1,2.141491119E-1,6.824887121E-2,5.176395960E-1,6.871157874E1,2.526348693E1,-6.258740563E0,6.277347880E1
4.693181000E0,8.216856652E-1,2.153561345E-1,7.367999841E-2,5.225186101E-1,6.949221393E1,2.567440853E1,-5.967918075E0,6.354430654E1
4.703227000E0,8.180024205E-1,2.160073612E-1,7.903130474E-2,5.272257703E-1,7.022934914E1,2.603096070E1,-5.651285975E0,6.429854930E1
4.713272000E0,8.145984092E-1,2.160863971E-1,8.371463093E-2,5.317216379E-1,7.090465433E1,2.629608367E1,-5.359698366E0,6.501540344E1
4.723318000E0,8.115292651E-1,2.155792125E-1,8.726218386E-2,5.360327652E-1,7.150877005E1,2.643834958E1,-5.133888803E0,6.568454193E1
4.733364000E0,8.088321303E-1,2.145231389E-1,8.944239818E-2,5.401577510E-1,7.203603235E1,2.644532151E1,-4.994775323E0,6.629761925E1
4.743410000E0,8.064826963E-1,2.129687684E-1,9.044850141E-2,5.441039605E-1,7.249261771E1,2.633228105E1,-4.925709962E0,6.685924805E1
4.753456000E0,8.043909799E-1,2.110191026E-1,9.070788892E-2,5.479033830E-1,7.289704035E1,2.613500552E1,-4.893675635E0,6.738421033E1
4.763502000E0,8.024719917E-1,2.089235455E-1,9.054053959E-2,5.515361463E-1,7.326637439E1,2.589794048E1,-4.884379086E0,6.787749703E1
4.773548000E0,8.006743127E-1,2.070005007E-1,9.012211621E-2,5.549319495E-1,7.361091439E1,2.566358891E1,-4.900490681E0,6.833330073E1
4.783594000E0,7.988917644E-1,2.055150666E-1,8.966194638E-2,5.581184093E-1,7.395119282E1,2.547080661E1,-4.941760969E0,6.875997130E1
4.793640000E0,7.970209607E-1,2.046833512E-1,8.931875513E-2,5.611457226E-1,7.430688130E1,2.535030932E1,-5.010398226E0,6.916768249E1
4.803685000E0,7.949722761E-1,2.046543384E-1,8.924332808E-2,5.640667626E-1,7.469472573E1,2.532576773E1,-5.105245017E0,6.956689202E1
4.813731000E0,7.927074098E-1,2.054877712E-1,8.952362570E-2,5.668996841E-1,7.512150423E1,2.540838886E1,-5.224005465E0,6.996197138E1
4.823777000E0,7.902523981E-1,2.070906686E-1,9.021861669E-2,5.696272174E-1,7.558179052E1,2.559299923E1,-5.355669522E0,7.035211766E1
4.833823000E0,7.876710511E-1,2.092438246E-1,9.135672912E-2,5.722283734E-1,7.606320569E1,2.586041667E1,-5.483114934E0,7.073566248E1
4.843869000E0,7.850412774E-1,2.116407317E-1,9.287083884E-2,5.747114760E-1,7.655100784E1,2.617670012E1,-5.592339192E0,7.111291403E1
4.853915000E0,7.838614712E-1,2.142762637E-1,9.413705134E-2,5.751392981E-1,7.676899891E1,2.651281802E1,-5.675634469E0,7.119877607E1
4.863961000E0,7.827426304E-1,2.167556785E-1,9.560279230E-2,5.754919935E-1,7.697524294E1,2.684770806E1,-5.728664458E0,7.128015757E1
4.874007000E0,7.816982842E-1,2.189854786E-1,9.721195897E-2,5.757977584E-1,7.716733445E1,2.716844665E1,-5.750794145E0,7.135992407E1
4.884053000E0,7.807226163E-1,2.209599636E-1,9.891472326E-2,5.760769918E-1,7.734642967E1,2.747103918E1,-5.746655305E0,7.143972957E1
4.894098000E0,7.798080507E-1,2.227010657E-1,1.006975402E-1,5.763363424E-1,7.751399186E1,2.775667711E1,-5.719127432E0,7.152017987E1
4.904144000E0,7.789308379E-1,2.242975409E-1,1.025901497E-1,5.765697200E-1,7.767442421E1,2.803599414E1,-5.671517280E0,7.160113131E1
4.914190000E0,7.781130731E-1,2.258749078E-1,1.045971826E-1,5.766976252E-1,7.782373330E1,2.832199460E1,-5.609399943E0,7.167151832E1
4.924236000E0,7.773244107E-1,2.275271960E-1,1.067377526E-1,5.767192992E-1,7.796750088E1,2.862508058E1,-5.537598524E0,7.173172329E1
4.934282000E0,7.765919933E-1,2.292642257E-1,1.089624845E-1,5.766020361E-1,7.810081608E1,2.894312334E1,-5.459933290E0,7.177596295E1
4.944328000E0,7.759122911E-1,2.311063749E-1,1.111511756E-1,5.763638643E-1,7.822436521E1,2.926992101E1,-5.388909211E0,7.180328401E1
4.954374000E0,7.752601951E-1,2.330474269E-1,1.131968783E-1,5.760616714E-1,7.834274258E1,2.959733260E1,-5.335373399E0,7.181834728E1
4.964420000E0,7.746446719E-1,2.350744638E-1,1.149956373E-1,5.757096714E-1,7.845434319E1,2.991701785E1,-5.307893730E0,7.181979761E1
4.974466000E0,7.740983961E-1,2.371648210E-1,1.164721889E-1,5.752900258E-1,7.855327716E1,3.022181663E1,-5.310625486E0,7.180260320E1
4.984512000E0,7.736945134E-1,2.392662787E-1,1.175998121E-1,5.747337190E-1,7.862635575E1,3.050528135E1,-5.339449047E0,7.175618636E1
4.994557000E0,7.734604930E-1,2.413270910E-1,1.184984250E-1,5.740019865E-1,7.866867339E1,3.077067589E1,-5.378616970E0,7.167880047E1
5.004603000E0,7.733923626E-1,2.433040416E-1,1.193011855E-1,5.730923100E-1,7.868098974E1,3.102276603E1,-5.413224587E0,7.157431053E1
5.014649000E0,7.735073392E-1,2.452044325E-1,1.200641383E-1,5.719666520E-1,7.866020376E1,3.126623900E1,-5.437306926E0,7.143926466E1
5.024695000E0,7.737295374E-1,2.470894239E-1,1.208620888E-1,5.706853035E-1,7.862002075E1,3.151170178E1,-5.450828842E0,7.128431697E1
5.034741000E0,7.740485364E-1,2.489978069E-1,1.216674571E-1,5.692504246E-1,7.856230187E1,3.176109200E1,-5.458870091E0,7.110890721E1
5.044787000E0,7.745030796E-1,2.510099554E-1,1.224166437E-1,5.675853396E-1,7.847999648E1,3.201853926E1,-5.469450629E0,7.090036708E1
5.054833000E0,7.750782787E-1,2.531160966E-1,1.230773166E-1,5.657189296E-1,7.837573974E1,3.228085197E1,-5.485625670E0,7.066173119E1
5.064879000E0,7.758538018E-1,2.552543169E-1,1.234488990E-1,5.636101331E-1,7.823498912E1,3.252901524E1,-5.518735825E0,7.038097683E1
5.074925000E0,7.769026472E-1,2.573704680E-1,1.231850597E-1,5.612558312E-1,7.804429398E1,3.273514937E1,-5.594982987E0,7.004631311E1
5.084970000E0,7.782960642E-1,2.593539724E-1,1.219966134E-1,5.586659495E-1,7.779034338E1,3.286990076E1,-5.732577007E0,6.964978448E1
5.095016000E0,7.800134850E-1,2.610443456E-1,1.199930892E-1,5.559105361E-1,7.747637981E1,3.292497124E1,-5.914378060E0,6.920532792E1
5.105062000E0,7.819995288E-1,2.622804599E-1,1.176234775E-1,5.530374697E-1,7.711196658E1,3.291376363E1,-6.092783726E0,6.873529725E1
5.115108000E0,7.841984458E-1,2.629007351E-1,1.153209109E-1,5.501065462E-1,7.670679008E1,3.284751849E1,-6.221815471E0,6.826284733E1
5.125154000E0,7.865606818E-1,2.628105725E-1,1.131128480E-1,5.472279270E-1,7.626949294E1,3.271711117E1,-6.297695444E0,6.780414037E1
5.135200125E0,7.891389310E-1,2.619627781E-1,1.107114997E-1,5.444062377E-1,7.578976816E1,3.249894462E1,-6.343841229E0,6.735081839E1
5.145246125E0,7.920059598E-1,2.603528370E-1,1.079210991E-1,5.415682059E-1,7.525326262E1,3.218057629E1,-6.375808381E0,6.688725520E1
5.155292125E0,7.951283670E-1,2.580151357E-1,1.048107723E-1,5.387150328E-1,7.466523618E1,3.176987512E1,-6.391253558E0,6.641630875E1
5.165338125E0,7.984194142E-1,2.549946502E-1,1.017108189E-1,5.358723438E-1,7.404113701E1,3.129172457E1,-6.365664345E0,6.595186969E1
5.175383125E0,8.017649362E-1,2.514262187E-1,9.895195473E-2,5.330725392E-1,7.340205319E1,3.077961730E1,-6.279830749E0,6.550763428E1
5.185429125E0,8.049426294E-1,2.475734225E-1,9.677452737E-2,5.304803499E-1,7.279056981E1,3.027334442E1,-6.134903687E0,6.511105146E1
5.195475125E0,8.077553099E-1,2.438352131E-1,9.546563065E-2,5.281685426E-1,7.224560936E1,2.982983604E1,-5.931906136E0,6.477776689E1
5.205521125E0,8.101010560E-1,2.407234691E-1,9.516162543E-2,5.260538456E-1,7.178838794E1,2.950930684E1,-5.686537670E0,6.449803768E1
5.215567125E0,8.119554962E-1,2.387163677E-1,9.571643074E-2,5.240048555E-1,7.142513789E1,2.935180489E1,-5.436476709E0,6.424849794E1
5.225613125E0,8.133296942E-1,2.381041215E-1,9.679920435E-2,5.219493115E-1,7.115492186E1,2.936700433E1,-5.226733062E0,6.400964798E1
5.235659125E0,8.134317107E-1,2.387927799E-1,9.848058965E-2,5.211606386E-1,7.113482630E1,2.954285900E1,-5.087921872E0,6.395247320E1
5.245705125E0,8.140880003E-1,2.409786419E-1,9.962028258E-2,5.189081635E-1,7.100543002E1,2.984591436E1,-5.042359355E0,6.368307549E1
5.255751125E0,8.145325337E-1,2.442833552E-1,1.003080770E-1,5.165275725E-1,7.091766786E1,3.023669460E1,-5.103192327E0,6.338128522E1
5.265796125E0,8.148446838E-1,2.484009706E-1,1.002922983E-1,5.140687148E-1,7.085598507E1,3.066991702E1,-5.275513916E0,6.304634677E1
5.275842125E0,8.151378362E-1,2.529466874E-1,9.947579791E-2,5.115396721E-1,7.079801381E1,3.110184179E1,-5.544081980E0,6.267671575E1
5.285888125E0,8.154873389E-1,2.575329072E-1,9.798022753E-2,5.089764483E-1,7.072884522E1,3.150097550E1,-5.874688556E0,6.228146086E1
5.295934125E0,8.159706579E-1,2.618815980E-1,9.605632926E-2,5.063427971E-1,7.063309659E1,3.185442036E1,-6.225709132E0,6.186430162E1
5.305980125E0,8.165943154E-1,2.658417159E-1,9.400327198E-2,5.036520053E-1,7.050937887E1,3.216409068E1,-6.560849762E0,6.143683611E1
5.316026125E0,8.173400195E-1,2.693731634E-1,9.212183139E-2,5.009060117E-1,7.036120167E1,3.244278312E1,-6.850063823E0,6.100893243E1
5.326072125E0,8.182259463E-1,2.725036627E-1,9.061503941E-2,4.980330296E-1,7.018480708E1,3.270475400E1,-7.073615406E0,6.057768534E1
5.336118125E0,8.192719468E-1,2.752670525E-1,8.959994310E-2,4.949681108E-1,6.997604179E1,3.295973128E1,-7.220222176E0,6.013850684E1
5.346164125E0,8.204552933E-1,2.776810554E-1,8.905595373E-2,4.917473013E-1,6.973920728E1,3.320717444E1,-7.294244049E0,5.969580738E1
5.356209125E0,8.217697903E-1,2.796950636E-1,8.889337226E-2,4.884290589E-1,6.947529805E1,3.343539418E1,-7.303350844E0,5.925503407E1
5.366255125E0,8.232425908E-1,2.812207690E-1,8.907587865E-2,4.850278714E-1,6.917856130E1,3.363210655E1,-7.246461704E0,5.881772311E1
5.376301125E0,8.248297569E-1,2.821764382E-1,8.960171327E-2,4.816679247E-1,6.885752983E1,3.378684078E1,-7.124070856E0,5.840038236E1
5.386347125E0,8.265280431E-1,2.825513028E-1,9.050667986E-2,4.783561728E-1,6.851256284E1,3.389965834E1,-6.932947803E0,5.800522010E1
5.396393125E0,8.283112868E-1,2.824055064E-1,9.183005930E-2,4.750945020E-1,6.814868978E1,3.397851007E1,-6.673470383E0,5.763356933E1
5.406439125E0,8.301278686E-1,2.818677653E-1,9.355836458E-2,4.718954192E-1,6.777624912E1,3.403586472E1,-6.355288741E0,5.728611102E1
5.416485125E0,8.319372117E-1,2.810545840E-1,9.561133757E-2,4.687721902E-1,6.740349241E1,3.407947919E1,-5.993514341E0,5.696150291E1
5.426531125E0,8.336893827E-1,2.800697175E-1,9.789377908E-2,4.657680050E-1,6.704077322E1,3.411497158E1,-5.604957931E0,5.666169262E1
5.436577125E0,8.354017038E-1,2.790069531E-1,1.002405051E-1,4.628294635E-1,6.668462094E1,3.414380639E1,-5.208659813E0,5.637409363E1
5.446622125E0,8.370794223E-1,2.780201531E-1,1.024807945E-1,4.598918071E-1,6.633402642E1,3.417360686E1,-4.827105372E0,5.608423417E1
5.456668125E0,8.387062906E-1,2.772518687E-1,1.044686400E-1,4.569348685E-1,6.599248360E1,3.421192027E1,-4.481378169E0,5.578410751E1
5.466714125E0,8.402789792E-1,2.767594039E-1,1.060983111E-1,4.539586898E-1,6.566081826E1,3.425932607E1,-4.184610112E0,5.546980489E1
5.476760125E0,8.418141150E-1,2.765329910E-1,1.073611993E-1,4.509456327E-1,6.533563121E1,3.431461222E1,-3.936241356E0,5.513871259E1
5.486806125E0,8.433186732E-1,2.765434171E-1,1.082954106E-1,4.478945381E-1,6.501551880E1,3.437694236E1,-3.730842971E0,5.479195726E1
5.496852125E0,8.448551365E-1,2.766774757E-1,1.088612847E-1,4.447679584E-1,6.468716345E1,3.443247690E1,-3.564407155E0,5.442368332E1
5.506898125E0,8.464832482E-1,2.767515330E-1,1.090372004E-1,4.415717311E-1,6.433759276E1,3.446062260E1,-3.429192823E0,5.403420555E1
5.516944125E0,8.482123227E-1,2.765451820E-1,1.088997173E-1,4.384057019E-1,6.396447829E1,3.444160842E1,-3.309973331E0,5.363894832E1
5.526990125E0,8.500612417E-1,2.758876174E-1,1.085419222E-1,4.353166541E-1,6.356333802E1,3.436188580E1,-3.190868995E0,5.324719752E1
5.537035125E0,8.520486131E-1,2.746632567E-1,1.080240586E-1,4.323239117E-1,6.312961622E1,3.421209803E1,-3.061250758E0,5.286355543E1
5.547081125E0,8.541697165E-1,2.728780427E-1,1.073603722E-1,4.294245246E-1,6.266374133E1,3.399364311E1,-2.920661729E0,5.248799650E1
5.557127125E0,8.563668949E-1,2.706370420E-1,1.066081458E-1,4.266451296E-1,6.217785380E1,3.372076537E1,-2.770790964E0,5.212542303E1
5.567173125E0,8.585708590E-1,2.680643510E-1,1.058316375E-1,4.240251762E-1,6.168700853E1,3.341010071E1,-2.613831727E0,5.178251020E1
5.577219125E0,8.607697654E-1,2.653250903E-1,1.050625523E-1,4.214735849E-1,6.119375545E1,3.308137613E1,-2.452188413E0,5.144874955E1
5.587265125E0,8.629093502E-1,2.625475235E-1,1.044113045E-1,4.189923578E-1,6.071033807E1,3.275402263E1,-2.281882193E0,5.112782755E1
5.597311125E0,8.649437154E-1,2.598224926E-1,1.039510030E-1,4.166040434E-1,6.024744219E1,3.244142592E1,-2.101087048E0,5.082469862E1
5.607357125E0,8.668608280E-1,2.572902257E-1,1.036501588E-1,4.142593931E-1,5.980825693E1,3.215719308E1,-1.918005577E0,5.053196124E1
5.617403125E0,8.686148534E-1,2.550468385E-1,1.035194140E-1,4.119987626E-1,5.940385332E1,3.191210887E1,-1.737529490E0,5.025473218E1
5.627448125E0,8.701838541E-1,2.531552089E-1,1.034901166E-1,4.098563118E-1,5.903997687E1,3.170949961E1,-1.570310836E0,4.999483620E1
5.637494125E0,8.716332842E-1,2.516161430E-1,1.033648035E-1,4.077505710E-1,5.870200811E1,3.153986083E1,-1.432592201E0,4.973585541E1
5.647540125E0,8.730281974E-1,2.503667945E-1,1.028854990E-1,4.056511311E-1,5.837506898E1,3.138387158E1,-1.345386321E0,4.946573952E1
5.657586125E0,8.744071369E-1,2.492768559E-1,1.018523112E-1,4.036077887E-1,5.805022410E1,3.121788551E1,-1.323615027E0,4.918429008E1
5.667632125E0,8.757312223E-1,2.482306974E-1,1.003861804E-1,4.017449823E-1,5.773673197E1,3.103556001E1,-1.353924965E0,4.891099375E1
5.677678125E0,8.769625846E-1,2.471512165E-1,9.892618720E-2,4.000830477E-1,5.744379060E1,3.085004715E1,-1.389724744E0,4.866285141E1
5.687724125E0,8.780587399E-1,2.460551719E-1,9.789048635E-2,3.986066436E-1,5.718186051E1,3.068324548E1,-1.389630980E0,4.845137396E1
5.697770125E0,8.790715919E-1,2.449496495E-1,9.716854245E-2,3.972293900E-1,5.693885577E1,3.053046535E1,-1.361830553E0,4.826224666E1
5.707815125E0,8.800478393E-1,2.438264413E-1,9.645509640E-2,3.959304663E-1,5.670373042E1,3.037612027E1,-1.335481271E0,4.808307350E1
5.717861125E0,8.810423996E-1,2.426981596E-1,9.544177026E-2,3.946551237E-1,5.646327155E1,3.020699979E1,-1.340135932E0,4.789743656E1
5.727907125E0,8.820150645E-1,2.415598522E-1,9.409939840E-2,3.935018173E-1,5.622719392E1,3.002123335E1,-1.381782002E0,4.771654813E1
5.737953125E0,8.828995794E-1,2.404820519E-1,9.273135385E-2,3.925017358E-1,5.601171830E1,2.984090722E1,-1.434509543E0,4.755376363E1
5.747999125E0,8.835791130E-1,2.396718209E-1,9.178682190E-2,3.916892710E-1,5.584565908E1,2.970956538E1,-1.464176777E0,4.742690079E1
5.758045125E0,8.839550629E-1,2.394073758E-1,9.174757792E-2,3.910114654E-1,5.575359196E1,2.967993524E1,-1.433723579E0,4.734385506E1
5.768091125E0,8.839516490E-1,2.399354073E-1,9.286635020E-2,3.904308926E-1,5.575442862E1,2.979061748E1,-1.328101237E0,4.730767021E1
5.778137125E0,8.835689556E-1,2.413427011E-1,9.494493794E-2,3.899294294E-1,5.584814460E1,3.004195456E1,-1.170774288E0,4.731068801E1
5.788183125E0,8.829006963E-1,2.435719744E-1,9.751930960E-2,3.894212859E-1,5.601144574E1,3.040635818E1,-1.002984640E0,4.732912839E1
5.798228125E0,8.821052588E-1,2.464202637E-1,1.001098814E-1,3.887740368E-1,5.620525655E1,3.083950993E1,-8.588211540E-1,4.733257877E1
5.808274125E0,8.813420637E-1,2.496172075E-1,1.021993958E-1,3.879208160E-1,5.639063614E1,3.128760826E1,-7.745576169E-1,4.729627485E1
5.818320125E0,8.807423351E-1,2.529304240E-1,1.033913402E-1,3.868195820E-1,5.653591819E1,3.170655165E1,-7.766463529E-1,4.720134369E1
5.828366125E0,8.804253908E-1,2.561000145E-1,1.034570682E-1,3.854356481E-1,5.661255860E1,3.205733929E1,-8.736621759E-1,4.703502108E1
5.838412125E0,8.804410905E-1,2.588489742E-1,1.023926338E-1,3.838444992E-1,5.660876449E1,3.230993162E1,-1.055112450E0,4.680572059E1
5.848458125E0,8.807770219E-1,2.610082573E-1,1.003268745E-1,3.821531251E-1,5.652752476E1,3.245245761E1,-1.304109018E0,4.653074664E1
5.858504125E0,8.814277482E-1,2.625757987E-1,9.752531552E-2,3.802996121E-1,5.636985131E1,3.249788041E1,-1.592564222E0,4.621220981E1
5.868550125E0,8.822588841E-1,2.636086072E-1,9.438402661E-2,3.784462466E-1,5.616787315E1,3.247100213E1,-1.890019666E0,4.588355667E1
5.878596125E0,8.831803828E-1,2.642402357E-1,9.120264024E-2,3.766318247E-1,5.594315266E1,3.240015833E1,-2.174656214E0,4.555972717E1
5.888641125E0,8.841153052E-1,2.646297780E-1,8.825571152E-2,3.748628161E-1,5.571430736E1,3.231499125E1,-2.426816624E0,4.525046111E1
5.898687125E0,8.850256982E-1,2.648902455E-1,8.578470501E-2,3.731001296E-1,5.549063221E1,3.223832197E1,-2.626087813E0,4.495858795E1
5.908733125E0,8.858738403E-1,2.651387749E-1,8.388330262E-2,3.713388338E-1,5.528150213E1,3.218662854E1,-2.768038804E0,4.468597187E1
5.918779125E0,8.866352231E-1,2.655265049E-1,8.254676283E-2,3.695396270E-1,5.509314195E1,3.217597816E1,-2.858376853E0,4.442711193E1
5.928825125E0,8.872839053E-1,2.661396045E-1,8.178176592E-2,3.677074614E-1,5.493219350E1,3.221576590E1,-2.900161054E0,4.418242670E1
5.938871125E0,8.878481673E-1,2.669137894E-1,8.157144261E-2,3.658260260E-1,5.479183655E1,3.229780376E1,-2.891335558E0,4.394953577E1
5.948917125E0,8.883542245E-1,2.676933059E-1,8.184783111E-2,3.639615759E-1,5.466567496E1,3.240138389E1,-2.833882817E0,4.373463114E1
5.958963125E0,8.885704168E-1,2.683239914E-1,8.266994754E-2,3.627815695E-1,5.461169558E1,3.250990205E1,-2.738053280E0,4.361951728E1
5.969008125E0,8.891444779E-1,2.689423805E-1,8.347213904E-2,3.607278168E-1,5.446812305E1,3.261825953E1,-2.613158665E0,4.340028786E1
5.979054125E0,8.897639734E-1,2.694886774E-1,8.437630484E-2,3.585756934E-1,5.431279428E1,3.272284967E1,-2.471026847E0,4.317339994E1
5.989100125E0,8.904268801E-1,2.699619444E-1,8.532629481E-2,3.563424794E-1,5.414612492E1,3.282104974E1,-2.317912122E0,4.293912391E1
5.999146125E0,8.911086054E-1,2.703679028E-1,8.627320806E-2,3.540954201E-1,5.397422805E1,3.291121475E1,-2.161392899E0,4.270380510E1
6.009192125E0,8.917630405E-1,2.707429676E-1,8.711892672E-2,3.519477221E-1,5.380873465E1,3.299303895E1,-2.016991005E0,4.247745215E1
6.019238125E0,8.923608514E-1,2.711400331E-1,8.781207379E-2,3.499490343E-1,5.365714767E1,3.307026251E1,-1.893985986E0,4.226400926E1
6.029284125E0,8.929313933E-1,2.716675009E-1,8.826683828E-2,3.479645499E-1,5.351210461E1,3.315175794E1,-1.801037478E0,4.204439574E1
6.039330125E0,8.935030100E-1,2.724102126E-1,8.845987085E-2,3.458612325E-1,5.336642224E1,3.324642060E1,-1.739419946E0,4.180196022E1
6.049376125E0,8.941038765E-1,2.733177502E-1,8.842068482E-2,3.435949754E-1,5.321288689E1,3.335009331E1,-1.702316521E0,4.153257116E1
6.059421125E0,8.947638751E-1,2.742054577E-1,8.815523343E-2,3.412293781E-1,5.304376722E1,3.344240481E1,-1.683459232E0,4.124416990E1
6.069467125E0,8.955357525E-1,2.749661977E-1,8.758006592E-2,3.387313344E-1,5.284534272E1,3.350812804E1,-1.685723086E0,4.093016821E1
6.079513125E0,8.964335646E-1,2.755832171E-1,8.664121326E-2,3.360865354E-1,5.261367102E1,3.354344209E1,-1.713596011E0,4.058709367E1
6.089559125E0,8.974124673E-1,2.760813823E-1,8.540050487E-2,3.333718569E-1,5.235999020E1,3.355382811E1,-1.764792553E0,4.022608897E1
6.099605125E0,8.984061847E-1,2.765111326E-1,8.402944682E-2,3.306764184E-1,5.210129644E1,3.355194619E1,-1.827258569E0,3.986340959E1
6.109651125E0,8.993684394E-1,2.769356146E-1,8.273741410E-2,3.280206190E-1,5.184964962E1,3.355326161E1,-1.882983454E0,3.950846388E1
6.119697125E0,9.002745334E-1,2.773660604E-1,8.172112715E-2,3.254160070E-1,5.161164616E1,3.356660315E1,-1.912648402E0,3.916920497E1
6.129743042E0,9.011463409E-1,2.778880491E-1,8.096985957E-2,3.227344981E-1,5.138167970E1,3.360117027E1,-1.916140939E0,3.883014200E1
6.139789042E0,9.019737257E-1,2.786134174E-1,8.039204735E-2,3.199299203E-1,5.116254037E1,3.366596491E1,-1.905464994E0,3.848263731E1
6.149834042E0,9.027877921E-1,2.795932263E-1,7.984129341E-2,3.169027229E-1,5.094607076E1,3.376129277E1,-1.893868344E0,3.811013730E1
6.159880042E0,9.036526454E-1,2.808089943E-1,7.908644335E-2,3.135340939E-1,5.071515196E1,3.387663447E1,-1.899877393E0,3.769111108E1
6.169926042E0,9.046043845E-1,2.821990816E-1,7.797621107E-2,3.097971225E-1,5.045989419E1,3.399977740E1,-1.935457512E0,3.721749940E1
6.179972042E0,9.057183046E-1,2.836187245E-1,7.641836872E-2,3.056058924E-1,5.015959794E1,3.411164372E1,-2.001409153E0,3.667658508E1
6.190018042E0,9.069903387E-1,2.848558398E-1,7.450146683E-2,3.011231957E-1,4.981460667E1,3.419171895E1,-2.086553543E0,3.609079845E1
6.200064042E0,9.084058827E-1,2.857710376E-1,7.238213362E-2,2.964702680E-1,4.942804481E1,3.422993932E1,-2.174353550E0,3.547994744E1
6.210110042E0,9.099483942E-1,2.862713839E-1,7.036087613E-2,2.917054614E-1,4.900355808E1,3.422614959E1,-2.233056359E0,3.486135024E1
6.220156042E0,9.115941864E-1,2.863441083E-1,6.870385171E-2,2.868499337E-1,4.854681132E1,3.418746845E1,-2.235991769E0,3.424659671E1
6.230201042E0,9.133418266E-1,2.859822565E-1,6.736037877E-2,2.819282144E-1,4.805733758E1,3.411045932E1,-2.189623111E0,3.363676160E1
6.240247042E0,9.152392145E-1,2.851349679E-1,6.591506850E-2,2.769303357E-1,4.752055691E1,3.397488216E1,-2.135847243E0,3.301666420E1
6.250293042E0,9.173280966E-1,2.837359032E-1,6.398012776E-2,2.718634416E-1,4.692291678E1,3.376058766E1,-2.114310243E0,3.237425706E1
6.260339042E0,9.195776636E-1,2.817737462E-1,6.160299282E-2,2.668060516E-1,4.627116575E1,3.346837612E1,-2.123891390E0,3.172044284E1
6.270385042E0,9.219104916E-1,2.793899942E-1,5.924865933E-2,2.617477554E-1,4.558599913E1,3.312969694E1,-2.121315755E0,3.106944624E1
6.280431042E0,9.241991709E-1,2.768249686E-1,5.738957238E-2,2.567689271E-1,4.490419009E1,3.278629460E1,-2.067755600E0,3.044525986E1
6.290477042E0,9.263398304E-1,2.743610217E-1,5.628934997E-2,2.518968989E-1,4.425746996E1,3.247765077E1,-1.944719825E0,2.985840176E1
6.300523042E0,9.282265973E-1,2.723558221E-1,5.597255318E-2,2.471531658E-1,4.367991982E1,3.224462604E1,-1.760218852E0,2.931089003E1
6.310568042E0,9.297902875E-1,2.711047772E-1,5.617146523E-2,2.425632475E-1,4.319570357E1,3.211268923E1,-1.550885024E0,2.879642965E1
6.320614042E0,9.310006607E-1,2.707599633E-1,5.649642797E-2,2.381912706E-1,4.281731844E1,3.208789842E1,-1.363131922E0,2.830991732E1
6.330660042E0,9.319289240E-1,2.712951124E-1,5.654768908E-2,2.339011218E-1,4.252495305E1,3.215637773E1,-1.232848676E0,2.782345471E1
6.340706042E0,9.326530700E-1,2.725196153E-1,5.614555546E-2,2.296494531E-1,4.229553856E1,3.229182334E1,-1.171167865E0,2.732672379E1
6.350752042E0,9.332912155E-1,2.741441972E-1,5.518790530E-2,2.253149448E-1,4.209238098E1,3.245894308E1,-1.176066705E0,2.680290474E1
6.360798042E0,9.339560399E-1,2.758249714E-1,5.366701520E-2,2.208316159E-1,4.187972961E1,3.261865343E1,-1.236337314E0,2.624448699E1
6.370844042E0,9.347371053E-1,2.771935006E-1,5.169367868E-2,2.162363450E-1,4.162857217E1,3.273186331E1,-1.331594703E0,2.565959326E1
6.380890042E0,9.357189582E-1,2.779132845E-1,4.947810315E-2,2.115330096E-1,4.131078049E1,3.276528669E1,-1.431424327E0,2.505602688E1
6.390935042E0,9.369247374E-1,2.778215414E-1,4.727524543E-2,2.067664118E-1,4.091728371E1,3.270627887E1,-1.507146346E0,2.444757513E1
6.400981042E0,9.383272581E-1,2.769085458E-1,4.536041927E-2,2.020051245E-1,4.045497525E1,3.255984987E1,-1.532733457E0,2.385102021E1
6.411027042E0,9.398558822E-1,2.753562352E-1,4.387933687E-2,1.972926432E-1,3.994526445E1,3.234986465E1,-1.499659827E0,2.327555098E1
6.421073042E0,9.414304463E-1,2.734982651E-1,4.279813322E-2,1.925504062E-1,3.941362876E1,3.211386254E1,-1.417726637E0,2.271044699E1
6.431119042E0,9.429803966E-1,2.716506632E-1,4.198154857E-2,1.877001048E-1,3.888349086E1,3.188524788E1,-1.306580843E0,2.214189640E1
6.441165042E0,9.444355587E-1,2.700770474E-1,4.122572914E-2,1.827576281E-1,3.837937081E1,3.169002570E1,-1.194542660E0,2.156482834E1
6.451211042E0,9.457296777E-1,2.689693966E-1,4.040149483E-2,1.778157837E-1,3.792562743E1,3.154778892E1,-1.102222360E0,2.098546646E1
6.461257042E0,9.468233041E-1,2.684398531E-1,3.951366093E-2,1.729284351E-1,3.753806409E1,3.147194727E1,-1.032345748E0,2.041002487E1
6.471303042E0,9.477047633E-1,2.685036634E-1,3.864516190E-2,1.681308594E-1,3.722285939E1,3.146617248E1,-9.763154956E-1,1.984512613E1
6.481348042E0,9.483964774E-1,2.690816864E-1,3.791589498E-2,1.634059448E-1,3.697369194E1,3.152366694E1,-9.179458405E-1,1.929272744E1
6.491394042E0,9.489255889E-1,2.700432667E-1,3.741344132E-2,1.587987042E-1,3.678199748E1,3.163065144E1,-8.457105688E-1,1.876079322E1
6.501440042E0,9.493473524E-1,2.712437249E-1,3.712885526E-2,1.542333154E-1,3.662850108E1,3.176979786E1,-7.547950088E-1,1.824078603E1
6.511486042E0,9.497169382E-1,2.725184352E-1,3.697297514E-2,1.496810764E-1,3.649348177E1,3.191989808E1,-6.505493401E-1,1.772691640E1
6.521532042E0,9.500781366E-1,2.737372589E-1,3.687159090E-2,1.451203660E-1,3.636105864E1,3.206416158E1,-5.378959588E-1,1.721455259E1
6.531578042E0,9.504605771E-1,2.748182623E-1,3.669817769E-2,1.405449041E-1,3.622033795E1,3.219065593E1,-4.290502959E-1,1.669898168E1
6.541624042E0,9.508954483E-1,2.756810294E-1,3.633375497E-2,1.359331959E-1,3.605968037E1,3.228796051E1,-3.351365174E-1,1.617394166E1
6.551670042E0,9.513893251E-1,2.763068995E-1,3.576872378E-2,1.312766435E-1,3.587638058E1,3.235391094E1,-2.569908104E-1,1.563805000E1
6.561715042E0,9.519305328E-1,2.767372926E-1,3.507482860E-2,1.265480621E-1,3.567446839E1,3.239475626E1,-1.869871508E-1,1.509049514E1
6.571761042E0,9.525005689E-1,2.770192972E-1,3.434672072E-2,1.217512872E-1,3.546059845E1,3.241763753E1,-1.159879334E-1,1.453469800E1
6.581807042E0,9.530891075E-1,2.771919623E-1,3.364332143E-2,1.168495244E-1,3.523846877E1,3.242803155E1,-3.720395850E-2,1.396843947E1
6.591853042E0,9.537012483E-1,2.772404206E-1,3.300624020E-2,1.118139875E-1,3.500598331E1,3.242467927E1,5.485906198E-2,1.338985828E1
6.601899042E0,9.543523328E-1,2.770834447E-1,3.244636147E-2,1.066939884E-1,3.475705459E1,3.239792624E1,1.606716640E-1,1.280472322E1
6.611945042E0,9.550743927E-1,2.766085551E-1,3.194761674E-2,1.014882625E-1,3.447895354E1,3.233404364E1,2.795849186E-1,1.221227360E1
6.621991042E0,9.558911143E-1,2.757062016E-1,3.147296946E-2,9.626888109E-2,3.416174853E1,3.221943902E1,4.059788672E-1,1.161911864E1
6.632037042E0,9.568028349E-1,2.743798086E-1,3.094087604E-2,9.103120793E-2,3.380423694E1,3.205348368E1,5.302447710E-1,1.102195488E1
6.642082042E0,9.577859523E-1,2.727036074E-1,3.033874509E-2,8.578021637E-2,3.341456909E1,3.184493535E1,6.492265731E-1,1.042083246E1
6.652128042E0,9.588016071E-1,2.707607957E-1,2.974039682E-2,8.064420141E-2,3.300731323E1,3.160467025E1,7.654774400E-1,9.832236011E0
6.662174042E0,9.597775595E-1,2.686813861E-1,2.928852992E-2,7.602355811E-2,3.261132081E1,3.134992210E1,8.805973222E-1,9.304949614E0
6.672220042E0,9.606918932E-1,2.666818975E-1,2.891696330E-2,7.152438203E-2,3.223603821E1,3.110533948E1,9.976884610E-1,8.793413060E0
6.682266042E0,9.614726214E-1,2.649705563E-1,2.870354220E-2,6.735816606E-2,3.191219397E1,3.089646674E1,1.117308631E0,8.323658164E0
6.692312042E0,9.620894827E-1,2.637351268E-1,2.857295019E-2,6.333390067E-2,3.165403989E1,3.074458259E1,1.236121761E0,7.872493993E0
6.702358042E0,9.625226680E-1,2.630974029E-1,2.842233842E-2,5.934706168E-2,3.147152048E1,3.066307472E1,1.345782413E0,7.425510614E0
6.712404042E0,9.627825455E-1,2.630497874E-1,2.813663547E-2,5.534462836E-2,3.136152621E1,3.065011125E1,1.436105075E0,6.973513055E0
6.722449042E0,9.629014417E-1,2.634792006E-1,2.766431682E-2,5.132520986E-2,3.131107727E1,3.069210092E1,1.503027532E0,6.514763076E0
6.732495042E0,9.629247489E-1,2.642157589E-1,2.698842888E-2,4.730359972E-2,3.130117848E1,3.076908328E1,1.545966933E0,6.050184831E0
6.742541042E0,9.629003038E-1,2.650797904E-1,2.612779023E-2,4.327798563E-2,3.131156050E1,3.086016413E1,1.568534701E0,5.579862346E0
6.752587042E0,9.628623295E-1,2.659396283E-1,2.506204395E-2,3.929557206E-2,3.132768177E1,3.094992326E1,1.567928330E0,5.108138054E0
6.762633042E0,9.628162208E-1,2.667472146E-1,2.389620943E-2,3.549485356E-2,3.134724545E1,3.103372477E1,1.551702633E0,4.653422596E0
6.772679042E0,9.627630315E-1,2.674820659E-1,2.292156356E-2,3.186550414E-2,3.136979865E1,3.111075907E1,1.552284789E0,4.223491849E0
6.782725042E0,9.627238771E-1,2.680677596E-1,2.228373423E-2,2.838522812E-2,3.138639072E1,3.117233743E1,1.586598967E0,3.820271265E0
6.792771042E0,9.627523262E-1,2.683472459E-1,2.182832700E-2,2.492408678E-2,3.137433598E1,3.119850374E1,1.641973717E0,3.424379053E0
6.802817042E0,9.629063308E-1,2.681498933E-1,2.125955528E-2,2.133342816E-2,3.130900110E1,3.116730271E1,1.690517046E0,3.009901651E0
6.812862042E0,9.632324209E-1,2.673165763E-1,2.034392553E-2,1.764427237E-2,3.117022004E1,3.105912845E1,1.705296482E0,2.572728038E0
6.822908042E0,9.637299645E-1,2.658371061E-1,1.898585924E-2,1.395933125E-2,3.095730097E1,3.087313193E1,1.671707838E0,2.121350815E0
6.832954042E0,9.643292927E-1,2.639356299E-1,1.731273472E-2,1.035417413E-2,3.069891164E1,3.063712098E1,1.600174522E0,1.668684279E0
6.843000042E0,9.648683087E-1,2.621769894E-1,1.565558386E-2,6.876932684E-3,3.046469837E1,3.041948729E1,1.524545932E0,1.231228802E0
6.853046042E0,9.651391444E-1,2.613112510E-1,1.448754717E-2,3.596390583E-3,3.034634880E1,3.031007099E1,1.494755348E0,8.318776123E-1
6.863092042E0,9.649724536E-1,2.619718080E-1,1.409531806E-2,5.370772906E-4,3.041924242E1,3.038378328E1,1.542691283E0,4.827074750E-1
6.873138042E0,9.643250358E-1,2.643227171E-1,1.431304868E-2,-2.406079288E-3,3.070075438E1,3.065915441E1,1.654750238E0,1.677200881E-1
6.883183042E0,9.633080745E-1,2.679481047E-1,1.457187248E-2,-5.385229275E-3,3.113793634E1,3.108597540E1,1.774179687E0,-1.471064613E-1
6.893229042E0,9.621102190E-1,2.721487336E-1,1.438914482E-2,-8.485593598E-3,3.164532621E1,3.158099232E1,1.851352463E0,-4.870552182E-1
6.903275042E0,9.609491576E-1,2.761454982E-1,1.355474258E-2,-1.169414888E-2,3.212967667E1,3.205188728E1,1.862980242E0,-8.592815222E-1
6.913321042E0,9.600330958E-1,2.792261588E-1,1.215700557E-2,-1.488226294E-2,3.250686202E1,3.241443244E1,1.813902890E0,-1.248960356E0
6.923367042E0,9.594746501E-1,2.810280104E-1,1.051921065E-2,-1.791801615E-2,3.273472480E1,3.262568393E1,1.733849311E0,-1.632257835E0
6.933413042E0,9.592751269E-1,2.815671423E-1,8.966678800E-3,-2.075652210E-2,3.281576308E1,3.268730952E1,1.655604756E0,-1.993579659E0
6.943459042E0,9.593445849E-1,2.811617950E-1,7.680167323E-3,-2.339162736E-2,3.278757414E1,3.263685422E1,1.598158886E0,-2.325604269E0
6.953505042E0,9.595523689E-1,2.802687244E-1,6.675892217E-3,-2.576913109E-2,3.270310570E1,3.252861511E1,1.561864347E0,-2.620967664E0
6.963551042E0,9.597658005E-1,2.793496175E-1,5.742771527E-3,-2.793379323E-2,3.261611983E1,3.241784334E1,1.525968168E0,-2.890606457E0
6.973596042E0,9.598655621E-1,2.788180298E-1,4.701544172E-3,-2.994036254E-2,3.257538367E1,3.235416472E1,1.473897461E0,-3.145620036E0
6.983642042E0,9.597745249E-1,2.789282649E-1,3.389407410E-3,-3.194377084E-2,3.261255933E1,3.236821847E1,1.393924657E0,-3.407923629E0
6.993688042E0,9.594647877E-1,2.797664393E-1,1.765952953E-3,-3.398447909E-2,3.273873507E1,3.247060338E1,1.283771956E0,-3.683322693E0
7.003734042E0,9.589578454E-1,2.812449086E-1,-6.145010513E-5,-3.607125386E-2,3.294423077E1,3.265084901E1,1.155840658E0,-3.969777985E0
7.013780042E0,9.583283401E-1,2.831079363E-1,-1.920347395E-3,-3.811714618E-2,3.319768729E1,3.287814294E1,1.025757336E0,-4.252769712E0
7.023826042E0,9.576581209E-1,2.850646037E-1,-3.653299366E-3,-4.019667168E-2,3.346548549E1,3.311708973E1,9.121915250E-1,-4.535813276E0
7.033872042E0,9.570313973E-1,2.868345079E-1,-5.001840467E-3,-4.232947081E-2,3.371403432E1,3.333286614E1,8.428094340E-1,-4.812758779E0
7.043917042E0,9.565255508E-1,2.881812051E-1,-5.802419855E-3,-4.446151128E-2,3.391335498E1,3.349605460E1,8.322858821E-1,-5.072186287E0
7.053963042E0,9.561850464E-1,2.889680552E-1,-6.090230147E-3,-4.658878917E-2,3.404688734E1,3.358998275E1,8.754316170E-1,-5.314673054E0
7.064009042E0,9.560256470E-1,2.891430489E-1,-6.055121822E-3,-4.872900614E-2,3.410922314E1,3.360902581E1,9.512455011E-1,-5.548440788E0
7.074055042E0,9.560162061E-1,2.888069488E-1,-5.911211407E-3,-5.087756818E-2,3.411291169E1,3.356620573E1,1.036259986E0,-5.780081566E0
7.084101042E0,9.560919862E-1,2.881651261E-1,-5.875839665E-3,-5.305099686E-2,3.408329355E1,3.348724715E1,1.108124077E0,-6.018484104E0
7.094147042E0,9.561864373E-1,2.874276932E-1,-6.115707916E-3,-5.527538109E-2,3.404634294E1,3.339830262E1,1.150567219E0,-6.271784193E0
7.104193042E0,9.562526499E-1,2.867406153E-1,-6.755749958E-3,-5.757546105E-2,3.402041637E1,3.331775778E1,1.151610329E0,-6.546566974E0
7.114239042E0,9.562609107E-1,2.862049921E-1,-7.763291445E-3,-5.992944683E-2,3.401718040E1,3.325783633E1,1.114859973E0,-6.839165717E0
7.124284042E0,9.561972690E-1,2.858603046E-1,-9.083404497E-3,-6.235516655E-2,3.404210292E1,3.322320125E1,1.047349584E0,-7.149667426E0
7.134330167E0,9.560665716E-1,2.856842361E-1,-1.066589222E-2,-6.486581217E-2,3.409322944E1,3.321115184E1,9.550315973E-1,-7.477931098E0
7.144376167E0,9.558858038E-1,2.856336072E-1,-1.245261303E-2,-6.738497146E-2,3.416382029E1,3.321645757E1,8.416063100E-1,-7.813737289E0
7.154422167E0,9.556818973E-1,2.855901222E-1,-1.444850865E-2,-7.001215311E-2,3.424327744E1,3.322523439E1,7.089503672E-1,-8.168356422E0
7.164468167E0,9.554881483E-1,2.854547676E-1,-1.659144409E-2,-7.268245099E-2,3.431861116E1,3.322548498E1,5.608915497E-1,-8.532695553E0
7.174514167E0,9.553286224E-1,2.851512155E-1,-1.877270155E-2,-7.539017527E-2,3.438051798E1,3.320735901E1,4.083505924E-1,-8.902577602E0
7.184560167E0,9.552170597E-1,2.846456956E-1,-2.084382930E-2,-7.812065885E-2,3.442374770E1,3.316551039E1,2.665785082E-1,-9.271465619E0
7.194606167E0,9.551357163E-1,2.840108693E-1,-2.267058962E-2,-8.086846479E-2,3.445523451E1,3.310714349E1,1.505772783E-1,-9.634282699E0
7.204651167E0,9.550280733E-1,2.834398322E-1,-2.416101808E-2,-8.366280085E-2,3.449685867E1,3.305399838E1,7.321482236E-2,-9.991215040E0
7.214697167E0,9.548476426E-1,2.830922998E-1,-2.529581144E-2,-8.651492023E-2,3.456651985E1,3.302446455E1,3.873903284E-2,-1.034292505E1
7.224743167E0,9.545643736E-1,2.830643143E-1,-2.613025582E-2,-8.943531751E-2,3.467561140E1,3.303015159E1,4.273526904E-2,-1.069242321E1
7.234789167E0,9.541709750E-1,2.833558230E-1,-2.682142199E-2,-9.245395910E-2,3.482656626E1,3.307249207E1,6.934455958E-2,-1.104815337E1
7.244835167E0,9.536912595E-1,2.838696247E-1,-2.752220818E-2,-9.556936984E-2,3.500978897E1,3.314155380E1,1.010184432E-1,-1.141494874E1
7.254881167E0,9.531685543E-1,2.844321797E-1,-2.834339738E-2,-9.881636305E-2,3.520837956E1,3.321802966E1,1.249643066E-1,-1.180030923E1
7.264927167E0,9.526414658E-1,2.848885353E-1,-2.931879135E-2,-1.022403730E-1,3.540754314E1,3.328403946E1,1.371448837E-1,-1.221042410E1
7.274973167E0,9.521534475E-1,2.850902185E-1,-3.044608257E-2,-1.058320010E-1,3.559098185E1,3.332209874E1,1.354846835E-1,-1.264425570E1
7.285018167E0,9.517318104E-1,2.849496798E-1,-3.166943700E-2,-1.095772543E-1,3.574873532E1,3.332127619E1,1.241248611E-1,-1.309846663E1
7.295064167E0,9.513857426E-1,2.844560875E-1,-3.291436007E-2,-1.134306985E-1,3.587771346E1,3.327944442E1,1.090682880E-1,-1.356559953E1
7.305110167E0,9.511056768E-1,2.836854219E-1,-3.404085050E-2,-1.173102737E-1,3.598176553E1,3.320369699E1,1.034496872E-1,-1.403196122E1
7.315156167E0,9.508685586E-1,2.827370651E-1,-3.491037160E-2,-1.212024509E-1,3.606963449E1,3.310364626E1,1.229855454E-1,-1.449151859E1
7.325202167E0,9.506652422E-1,2.816050850E-1,-3.557745084E-2,-1.251739484E-1,3.614481304E1,3.297911423E1,1.635652878E-1,-1.495353802E1
7.335248167E0,9.505355985E-1,2.800901376E-1,-3.623772337E-2,-1.292998720E-1,3.619267147E1,3.280937582E1,2.028702118E-1,-1.543289512E1
7.345294167E0,9.505466410E-1,2.779058034E-1,-3.722869061E-2,-1.335796316E-1,3.618859748E1,3.256622525E1,1.988107994E-1,-1.594062909E1
7.355340167E0,9.507204968E-1,2.749951737E-1,-3.872974008E-2,-1.378701386E-1,3.612439702E1,3.224682983E1,1.251873662E-1,-1.646643458E1
7.365385167E0,9.509944934E-1,2.716978677E-1,-4.045197622E-2,-1.419623026E-1,3.602299260E1,3.188740389E1,1.160219818E-2,-1.697726231E1
7.375431167E0,9.512598078E-1,2.685745333E-1,-4.186842643E-2,-1.456689072E-1,3.592453772E1,3.154490829E1,-8.076329900E-2,-1.743525163E1
7.385477167E0,9.513897466E-1,2.661893167E-1,-4.264938646E-2,-1.489357516E-1,3.587622376E1,3.127890658E1,-1.066943172E-1,-1.782423719E1
7.395523167E0,9.512552138E-1,2.649913769E-1,-4.285063766E-2,-1.518446428E-1,3.592624472E1,3.114210468E1,-6.008856282E-2,-1.815545660E1
7.405569167E0,9.507680384E-1,2.651826814E-1,-4.287510391E-2,-1.545319680E-1,3.610682190E1,3.116508184E1,2.462838442E-2,-1.845668296E1
7.415615167E0,9.499299905E-1,2.665883736E-1,-4.328328560E-2,-1.571310798E-1,3.641542849E1,3.133785306E1,8.860543078E-2,-1.876002094E1
7.425661167E0,9.488240993E-1,2.687544161E-1,-4.440351722E-2,-1.597878907E-1,3.681884132E1,3.161388642E1,9.311416625E-2,-1.909217962E1
7.435706167E0,9.475935378E-1,2.710979811E-1,-4.626968484E-2,-1.625773799E-1,3.726277474E1,3.192618424E1,2.630393186E-2,-1.946322872E1
7.445752167E0,9.464145640E-1,2.730189080E-1,-4.870842794E-2,-1.654917923E-1,3.768336442E1,3.220165609E1,-1.049633111E-1,-1.986742488E1
7.455798167E0,9.454384851E-1,2.740319180E-1,-5.148669551E-2,-1.685278405E-1,3.802817971E1,3.237926492E1,-2.859639669E-1,-2.029707251E1
7.465844167E0,9.447533038E-1,2.738423415E-1,-5.438854817E-2,-1.717368594E-1,3.826844293E1,3.242046090E1,-4.990453150E-1,-2.075049656E1
7.475890167E0,9.443598630E-1,2.724323503E-1,-5.726274197E-2,-1.751747357E-1,3.840575144E1,3.232041419E1,-7.280621892E-1,-2.122833858E1
7.485936167E0,9.441933829E-1,2.700103079E-1,-6.001538426E-2,-1.788612363E-1,3.846370995E1,3.210193907E1,-9.593768534E-1,-2.172922520E1
7.495982167E0,9.441509832E-1,2.669901069E-1,-6.249330285E-2,-1.827283782E-1,3.847845761E1,3.181016707E1,-1.170799736E0,-2.224052568E1
7.506028167E0,9.441108594E-1,2.639305723E-1,-6.449254915E-2,-1.866440733E-1,3.849240863E1,3.150514027E1,-1.332480624E0,-2.274143123E1
7.516073167E0,9.439534409E-1,2.613696349E-1,-6.595996543E-2,-1.904920384E-1,3.854709605E1,3.124728074E1,-1.429598020E0,-2.321819681E1
7.526119167E0,9.436054765E-1,2.595830933E-1,-6.704851316E-2,-1.942419279E-1,3.866771539E1,3.107138763E1,-1.472139103E0,-2.367306890E1
7.536165167E0,9.430466093E-1,2.585968043E-1,-6.795055055E-2,-1.979231179E-1,3.886068901E1,3.098455312E1,-1.478194612E0,-2.411572711E1
7.546211167E0,9.422849736E-1,2.583211323E-1,-6.886400974E-2,-2.015611917E-1,3.912220383E1,3.098102368E1,-1.469454781E0,-2.455527328E1
7.556257167E0,9.413630113E-1,2.585645304E-1,-6.989089663E-2,-2.051713643E-1,3.943653848E1,3.104110438E1,-1.460360243E0,-2.499640099E1
7.566303167E0,9.403411188E-1,2.590993317E-1,-7.099116118E-2,-2.087735712E-1,3.978215604E1,3.113735782E1,-1.451206890E0,-2.543976998E1
7.576349167E0,9.392774167E-1,2.597429668E-1,-7.201959697E-2,-2.123785597E-1,4.013888017E1,3.124468232E1,-1.430542781E0,-2.588167065E1
7.586395167E0,9.382298146E-1,2.603770977E-1,-7.276092842E-2,-2.159498308E-1,4.048725866E1,3.134320741E1,-1.379595911E0,-2.631080124E1
7.596440167E0,9.372271411E-1,2.609623805E-1,-7.304875979E-2,-2.194714528E-1,4.081802737E1,3.142331118E1,-1.282327870E0,-2.671980457E1
7.606486167E0,9.363346815E-1,2.615395394E-1,-7.273265842E-2,-2.226753298E-1,4.111029414E1,3.148465984E1,-1.130370930E0,-2.707334884E1
7.616532167E0,9.354726942E-1,2.620991969E-1,-7.191738032E-2,-2.258821992E-1,4.139070674E1,3.152907435E1,-9.251610654E-1,-2.741113057E1
7.626578167E0,9.346268912E-1,2.626390875E-1,-7.075198835E-2,-2.291016284E-1,4.166409996E1,3.156025958E1,-6.824854545E-1,-2.773912741E1
7.636624167E0,9.338109493E-1,2.630815451E-1,-6.944505673E-2,-2.322982772E-1,4.192622626E1,3.157507986E1,-4.280223225E-1,-2.806012862E1
7.646670167E0,9.330564154E-1,2.633339731E-1,-6.815600590E-2,-2.354056168E-1,4.216723968E1,3.156746686E1,-1.837022930E-1,-2.837181685E1
7.656716167E0,9.323391603E-1,2.633686600E-1,-6.705045192E-2,-2.385057704E-1,4.239513275E1,3.153919749E1,3.451304411E-2,-2.868896772E1
7.666761167E0,9.316362352E-1,2.631821602E-1,-6.619267926E-2,-2.416764778E-1,4.261734459E1,3.149192747E1,2.220147107E-1,-2.902257828E1
7.676807167E0,9.309309498E-1,2.627847786E-1,-6.556736754E-2,-2.449748902E-1,4.283919777E1,3.142656306E1,3.823926416E-1,-2.937874654E1
7.686853167E0,9.302279614E-1,2.621644402E-1,-6.512832382E-2,-2.484032624E-1,4.305924417E1,3.134050093E1,5.200596551E-1,-2.975632995E1
7.696899167E0,9.295602711E-1,2.612710956E-1,-6.480351913E-2,-2.519042325E-1,4.326725453E1,3.122601000E1,6.390351404E-1,-3.014659437E1
7.706945167E0,9.289638299E-1,2.600383740E-1,-6.454508519E-2,-2.554216188E-1,4.345226628E1,3.107421841E1,7.402102020E-1,-3.054172457E1
7.716991167E0,9.284532630E-1,2.584227378E-1,-6.429772534E-2,-2.589555478E-1,4.361004700E1,3.087861313E1,8.276741969E-1,-3.094011446E1
7.727037167E0,9.280383273E-1,2.564227224E-1,-6.404149357E-2,-2.624708057E-1,4.373787590E1,3.063861571E1,9.019321719E-1,-3.133719931E1
7.737083167E0,9.277100033E-1,2.540890514E-1,-6.379794801E-2,-2.659376368E-1,4.383877114E1,3.036093321E1,9.609923723E-1,-3.173024485E1
7.747128167E0,9.274352902E-1,2.516159586E-1,-6.353267574E-2,-2.692893228E-1,4.392302224E1,3.006688377E1,1.012474334E0,-3.211034397E1
7.757174167E0,9.271648339E-1,2.492065181E-1,-6.325173539E-2,-2.725083727E-1,4.400581804E1,2.977990491E1,1.061875108E0,-3.247544098E1
7.767220167E0,9.268818810E-1,2.470474825E-1,-6.297421946E-2,-2.754845091E-1,4.409228128E1,2.952195455E1,1.110242984E0,-3.281308649E1
7.777266167E0,9.265446851E-1,2.453302830E-1,-6.273173811E-2,-2.781957527E-1,4.419510989E1,2.931578945E1,1.160443109E0,-3.312131963E1
7.787312167E0,9.261253451E-1,2.441976391E-1,-6.258368677E-2,-2.806111675E-1,4.432267237E1,2.917950933E1,1.210663518E0,-3.339793733E1
7.797358167E0,9.255723573E-1,2.437032987E-1,-6.264153332E-2,-2.828437914E-1,4.449035914E1,2.912275399E1,1.254957363E0,-3.365904638E1
7.807404167E0,9.248829192E-1,2.437751802E-1,-6.294566497E-2,-2.849615863E-1,4.469858635E1,2.913863381E1,1.289171184E0,-3.391363491E1
7.817449167E0,9.240914857E-1,2.442434000E-1,-6.348456512E-2,-2.870013252E-1,4.493648979E1,2.920753031E1,1.310197465E0,-3.416577027E1
7.827495167E0,9.232080034E-1,2.448894058E-1,-6.423277704E-2,-2.891200472E-1,4.520066008E1,2.930372875E1,1.318173917E0,-3.443322399E1
7.837541167E0,9.223198218E-1,2.455042757E-1,-6.502006964E-2,-2.912494535E-1,4.546476899E1,2.939788873E1,1.321780423E0,-3.470332152E1
7.847587167E0,9.214943758E-1,2.458984435E-1,-6.565588646E-2,-2.933794288E-1,4.570892691E1,2.946195521E1,1.333967955E0,-3.496945572E1
7.857633167E0,9.207668580E-1,2.460100800E-1,-6.597532796E-2,-2.954905434E-1,4.592309991E1,2.948308006E1,1.369013155E0,-3.522449662E1
7.867679167E0,9.201383009E-1,2.459511798E-1,-6.579588775E-2,-2.975305141E-1,4.610738207E1,2.946737603E1,1.448209297E0,-3.545679498E1
7.877725167E0,9.195828476E-1,2.458470982E-1,-6.502908906E-2,-2.994958638E-1,4.626965380E1,2.942563029E1,1.585066934E0,-3.566323743E1
7.887771167E0,9.190784763E-1,2.456803547E-1,-6.377809684E-2,-3.014436804E-1,4.641653777E1,2.935924505E1,1.769771516E0,-3.585374639E1
7.897816167E0,9.186130486E-1,2.452416060E-1,-6.229806811E-2,-3.035219836E-1,4.655169199E1,2.925329712E1,1.972326941E0,-3.605370692E1
7.907862167E0,9.182149717E-1,2.442130964E-1,-6.098593135E-2,-3.058136342E-1,4.666699510E1,2.908590892E1,2.141699209E0,-3.628526088E1
7.917908167E0,9.178977323E-1,2.424114873E-1,-6.018528874E-2,-3.083475449E-1,4.675869134E1,2.884887891E1,2.235451658E0,-3.656223356E1
7.927954167E0,9.176392036E-1,2.400345841E-1,-5.992974186E-2,-3.110145975E-1,4.683329229E1,2.856648121E1,2.253494428E0,-3.687224983E1
7.938000167E0,9.173324799E-1,2.375649474E-1,-6.008355679E-2,-3.137738463E-1,4.692165516E1,2.828873985E1,2.226509287E0,-3.720537740E1
7.948046167E0,9.168724259E-1,2.356414021E-1,-6.038250965E-2,-3.164997991E-1,4.705389681E1,2.807819165E1,2.202694175E0,-3.753798800E1
7.958092167E0,9.162072855E-1,2.349592870E-1,-6.047794065E-2,-3.189056887E-1,4.724447288E1,2.800017258E1,2.237341165E0,-3.782520714E1
7.968137167E0,9.152687384E-1,2.360720849E-1,-6.014780966E-2,-3.208351925E-1,4.751215936E1,2.810815079E1,2.371441500E0,-3.804113400E1
7.978183167E0,9.140164290E-1,2.390188661E-1,-5.949194147E-2,-3.223426588E-1,4.786713830E1,2.840996356E1,2.598608671E0,-3.819415271E1
7.988229167E0,9.125036522E-1,2.432956649E-1,-5.876441311E-2,-3.235598177E-1,4.829267292E1,2.885877906E1,2.877223416E0,-3.830698623E1
7.998275167E0,9.107889498E-1,2.481741100E-1,-5.832835128E-2,-3.247626887E-1,4.877078554E1,2.938630490E1,3.149745618E0,-3.842360175E1
8.008321167E0,9.089686485E-1,2.528651385E-1,-5.843279117E-2,-3.262222130E-1,4.927357353E1,2.991261261E1,3.368255846E0,-3.858537811E1
8.018367167E0,9.071948773E-1,2.566211919E-1,-5.920090695E-2,-3.280826381E-1,4.975892438E1,3.035769366E1,3.495629167E0,-3.881592715E1
8.028413167E0,9.055897357E-1,2.588747101E-1,-6.054664528E-2,-3.304925317E-1,5.019434396E1,3.065400977E1,3.523129968E0,-3.913295328E1
8.038458167E0,9.042168653E-1,2.594135681E-1,-6.225990414E-2,-3.334970752E-1,5.056397268E1,3.077008616E1,3.464748550E0,-3.953674995E1
8.048504167E0,9.030997209E-1,2.583846371E-1,-6.398328878E-2,-3.369784048E-1,5.086289754E1,3.070999900E1,3.357936609E0,-4.000230713E1
8.058550167E0,9.022102749E-1,2.560466039E-1,-6.542795630E-2,-3.408458629E-1,5.109972740E1,3.049263461E1,3.238092895E0,-4.050930886E1
8.068596167E0,9.011829666E-1,2.527120190E-1,-6.666069894E-2,-3.457779082E-1,5.137199756E1,3.015420016E1,3.130909818E0,-4.113931935E1
8.078642167E0,9.005592143E-1,2.490095132E-1,-6.710974200E-2,-3.499768090E-1,5.153665782E1,2.974745011E1,3.062342550E0,-4.166091035E1
8.088688167E0,8.999382437E-1,2.453727775E-1,-6.684412202E-2,-3.541685449E-1,5.170009834E1,2.932021125E1,3.066528778E0,-4.216161958E1
8.098734167E0,8.992583939E-1,2.420224982E-1,-6.618273787E-2,-3.583004744E-1,5.187848599E1,2.890927256E1,3.118589694E0,-4.264454941E1
8.108780167E0,8.984254668E-1,2.390833824E-1,-6.531502382E-2,-3.624980687E-1,5.209626490E1,2.853524298E1,3.208703215E0,-4.313017650E1
8.118825167E0,8.973384575E-1,2.366347032E-1,-6.459470257E-2,-3.668995906E-1,5.237920961E1,2.822079679E1,3.308706415E0,-4.364494581E1
8.128871167E0,8.960220007E-1,2.345751184E-1,-6.347327503E-2,-3.716049912E-1,5.271998843E1,2.793071607E1,3.473774632E0,-4.418613653E1
8.138916750E0,8.945371672E-1,2.328750305E-1,-6.253261005E-2,-3.763802291E-1,5.310191573E1,2.768681459E1,3.636346831E0,-4.474187305E1
8.148962750E0,8.928902580E-1,2.317798025E-1,-6.150972711E-2,-3.811057127E-1,5.352257420E1,2.750483761E1,3.831493168E0,-4.528970172E1
8.159008750E0,8.912075872E-1,2.310669307E-1,-5.956062503E-2,-3.857584719E-1,5.394922768E1,2.732286765E1,4.135204359E0,-4.580514984E1
8.169054750E0,8.895349474E-1,2.306778942E-1,-5.680970023E-2,-3.902408735E-1,5.437026671E1,2.713931620E1,4.529447594E0,-4.628054040E1
8.179100750E0,8.878409813E-1,2.307182761E-1,-5.290841408E-2,-3.945987734E-1,5.479362612E1,2.694924533E1,5.056253942E0,-4.671300630E1
8.189145750E0,8.860543553E-1,2.312459547E-1,-4.869244375E-2,-3.988258705E-1,5.523689766E1,2.679566097E1,5.633537812E0,-4.712350542E1
8.199191750E0,8.840188522E-1,2.328059781E-1,-4.404410997E-2,-4.029544704E-1,5.573795660E1,2.673229619E1,6.300833593E0,-4.751044614E1
8.209237750E0,8.818270264E-1,2.350450716E-1,-3.895865016E-2,-4.069609709E-1,5.627290397E1,2.672055218E1,7.042108241E0,-4.787191871E1
8.219283750E0,8.797294199E-1,2.372568855E-1,-3.359671755E-2,-4.106783651E-1,5.678051857E1,2.669220279E1,7.802598092E0,-4.819475975E1
8.229329750E0,8.772627123E-1,2.389882359E-1,-2.860020866E-2,-4.153034127E-1,5.737218284E1,2.661686163E1,8.529897357E0,-4.864529603E1
8.239375750E0,8.747454707E-1,2.402152255E-1,-2.416369441E-2,-4.201585400E-1,5.797026705E1,2.650518422E1,9.182680838E0,-4.914484351E1
8.249421750E0,8.720916101E-1,2.409898635E-1,-2.069652606E-2,-4.253842856E-1,5.859476929E1,2.638010200E1,9.725500544E0,-4.971940637E1
8.259466750E0,8.692631984E-1,2.415649046E-1,-1.821903948E-2,-4.309245942E-1,5.925373806E1,2.627112336E1,1.016702217E1,-5.035999753E1
8.269512750E0,8.662832897E-1,2.420908340E-1,-1.673542826E-2,-4.366522245E-1,5.994087047E1,2.619715730E1,1.051096883E1,-5.104878759E1
8.279558750E0,8.630651671E-1,2.427210664E-1,-1.587029044E-2,-4.426658632E-1,6.067499683E1,2.615727284E1,1.080660037E1,-5.178895283E1
8.289604750E0,8.596319270E-1,2.430863110E-1,-1.551499251E-2,-4.491116758E-1,6.144943848E1,2.610540302E1,1.105034334E1,-5.259989738E1
8.299650750E0,8.560886836E-1,2.427662584E-1,-1.575760030E-2,-4.559917695E-1,6.223956648E1,2.600150523E1,1.121078665E1,-5.348737976E1
8.309696750E0,8.524545083E-1,2.418400708E-1,-1.643575363E-2,-4.632112086E-1,6.304070528E1,2.584898211E1,1.130458399E1,-5.443583014E1
8.319742750E0,8.487079907E-1,2.402609865E-1,-1.803747085E-2,-4.707908978E-1,6.385715964E1,2.566919830E1,1.128025979E1,-5.545768816E1
8.329787750E0,8.447961099E-1,2.385201214E-1,-2.027946192E-2,-4.785565179E-1,6.469980537E1,2.550528764E1,1.118787152E1,-5.652123958E1
8.339833750E0,8.407289390E-1,2.368894282E-1,-2.324465077E-2,-4.863310941E-1,6.556565198E1,2.539468676E1,1.103032342E1,-5.760307355E1
8.349879750E0,8.364436476E-1,2.357453626E-1,-2.685190470E-2,-4.940294373E-1,6.646707750E1,2.537550860E1,1.083667790E1,-5.868817359E1
8.359925750E0,8.316762701E-1,2.352892915E-1,-3.135202908E-2,-5.019666793E-1,6.745736303E1,2.547991620E1,1.060664174E1,-5.982241255E1
8.369971750E0,8.262832858E-1,2.353302583E-1,-3.709432646E-2,-5.103917922E-1,6.856237345E1,2.570664551E1,1.030688368E1,-6.104913371E1
8.380017750E0,8.202729871E-1,2.356155292E-1,-4.406033651E-2,-5.193228674E-1,6.977573970E1,2.603214808E1,9.929603188E0,-6.237578659E1
8.390063750E0,8.137806550E-1,2.357134363E-1,-5.211558971E-2,-5.286627250E-1,7.106605274E1,2.641012814E1,9.462642284E0,-6.379345685E1
8.400109750E0,8.068609327E-1,2.353791749E-1,-6.097072161E-2,-5.383815880E-1,7.241927976E1,2.680410598E1,8.920150878E0,-6.529728578E1
8.410154750E0,7.994119408E-1,2.344117994E-1,-7.045561698E-2,-5.486598978E-1,7.385203305E1,2.718699171E1,8.312876735E0,-6.691248374E1
8.420200750E0,7.911711572E-1,2.327181968E-1,-8.031995517E-2,-5.598562713E-1,7.540981394E1,2.753642041E1,7.670955686E0,-6.868641922E1
8.430246750E0,7.820439516E-1,2.301992219E-1,-9.033466277E-2,-5.720623042E-1,7.710379897E1,2.783315936E1,7.012463104E0,-7.063107046E1
8.440292750E0,7.721889647E-1,2.269975840E-1,-1.001802456E-1,-5.849446992E-1,7.889827007E1,2.807781710E1,6.364080667E0,-7.269608207E1
8.450338750E0,7.619727425E-1,2.236473889E-1,-1.092164509E-1,-5.978722282E-1,8.072315896E1,2.828409109E1,5.795905961E0,-7.477658866E1
8.460384750E0,7.514775187E-1,2.206593934E-1,-1.171587031E-1,-6.106266074E-1,8.256294457E1,2.847698539E1,5.359048938E0,-7.683160834E1
8.470430750E0,7.405963404E-1,2.183490190E-1,-1.240457195E-1,-6.232603360E-1,8.443552116E1,2.868038215E1,5.073922667E0,-7.886770751E1
8.480475750E0,7.301177435E-1,2.164416028E-1,-1.297142361E-1,-6.350238217E-1,8.620746837E1,2.885306892E1,4.903501759E0,-8.076842977E1
8.490521750E0,7.225317612E-1,2.135849316E-1,-1.331084483E-1,-6.439032908E-1,8.747219025E1,2.879728034E1,4.744119039E0,-8.219473211E1
8.500567750E0,7.171222843E-1,2.087536489E-1,-1.352868398E-1,-6.510414628E-1,8.836520172E1,2.848988055E1,4.460979840E0,-8.333658757E1
8.510613750E0,7.110795721E-1,2.033028391E-1,-1.371180993E-1,-6.589631658E-1,8.935435940E1,2.810541137E1,4.182547390E0,-8.459569145E1
8.520659750E0,7.038821416E-1,1.986224421E-1,-1.386436782E-1,-6.677402602E-1,9.052139085E1,2.776945396E1,4.018512326E0,-8.598751878E1
8.530705750E0,6.964742792E-1,1.947315557E-1,-1.409092978E-1,-6.761271096E-1,9.171037014E1,2.757037130E1,3.844403538E0,-8.735789295E1
8.540751750E0,6.889400181E-1,1.908427898E-1,-1.453951792E-1,-6.839597703E-1,9.290747884E1,2.756154534E1,3.481167864E0,-8.873025390E1
8.550796750E0,6.808727332E-1,1.864490309E-1,-1.524591939E-1,-6.916684699E-1,9.417624162E1,2.773533108E1,2.883837803E0,-9.018921039E1
8.560842750E0,6.721029331E-1,1.812772451E-1,-1.613302718E-1,-6.995631328E-1,9.554084319E1,2.801566735E1,2.107163852E0,-9.176802352E1
8.570888750E0,6.629197592E-1,1.750349616E-1,-1.709827200E-1,-7.075769003E-1,9.695413557E1,2.830335280E1,1.203629010E0,-9.342910891E1
8.580934750E0,6.538235315E-1,1.675072612E-1,-1.804395027E-1,-7.154701726E-1,9.833899207E1,2.850541994E1,2.143848281E-1,-9.510105278E1
8.590980750E0,6.450507071E-1,1.590030584E-1,-1.887147427E-1,-7.231974180E-1,9.966104516E1,2.856331001E1,-7.723678547E-1,-9.673435070E1
8.601026750E0,6.367417905E-1,1.499224356E-1,-1.951075978E-1,-7.307642129E-1,1.009014203E2,2.844299992E1,-1.681896782E0,-9.829261920E1
8.611072750E0,6.289280650E-1,1.406782989E-1,-1.994801700E-1,-7.381508222E-1,1.020578374E2,2.815686820E1,-2.477883783E0,-9.975737946E1
8.621117750E0,6.215614492E-1,1.317170412E-1,-2.016986273E-1,-7.454056646E-1,1.031395007E2,2.771818772E1,-3.116761441E0,-1.011226132E2
8.631163750E0,6.145288682E-1,1.232642010E-1,-2.023509077E-1,-7.524721316E-1,1.041646100E2,2.718976209E1,-3.623232423E0,-1.024008399E2
8.641209750E0,6.075687376E-1,1.157919283E-1,-2.022111857E-1,-7.593174542E-1,1.051721726E2,2.667217364E1,-4.006447270E0,-1.036199316E2
8.651255750E0,6.007325662E-1,1.100637711E-1,-2.012894552E-1,-7.658257231E-1,1.061552363E2,2.621432314E1,-4.201420772E0,-1.047556543E2
8.661301750E0,5.941238298E-1,1.066637164E-1,-1.993882161E-1,-7.719351880E-1,1.070996058E2,2.583055156E1,-4.143093875E0,-1.057827191E2
8.671347750E0,5.876801877E-1,1.054432279E-1,-1.966807236E-1,-7.777084423E-1,1.080148810E2,2.552006129E1,-3.851029693E0,-1.067189333E2
8.681393750E0,5.810463581E-1,1.057280880E-1,-1.938794439E-1,-7.833374068E-1,1.089516568E2,2.530097504E1,-3.420547328E0,-1.076350636E2
8.691438750E0,5.738663896E-1,1.068177605E-1,-1.916395628E-1,-7.890131543E-1,1.099594333E2,2.518692719E1,-2.945714562E0,-1.085998207E2
8.701484750E0,5.662031337E-1,1.086383015E-1,-1.900770448E-1,-7.946587562E-1,1.110282383E2,2.518240684E1,-2.440603234E0,-1.096046461E2
8.711530750E0,5.584402321E-1,1.111838711E-1,-1.889158517E-1,-8.000584840E-1,1.121040042E2,2.525832862E1,-1.896219100E0,-1.105948872E2
8.721576750E0,5.510666831E-1,1.139266404E-1,-1.879604669E-1,-8.049951865E-1,1.131195546E2,2.535956762E1,-1.360140918E0,-1.115181562E2
8.731622750E0,5.441540836E-1,1.148686330E-1,-1.870429827E-1,-8.097631858E-1,1.140662488E2,2.534065537E1,-1.004310378E0,-1.124242475E2
8.741668750E0,5.375933050E-1,1.146822887E-1,-1.856576079E-1,-8.144770052E-1,1.149600910E2,2.519925113E1,-7.336581282E-1,-1.133106022E2
8.751714750E0,5.312973350E-1,1.140063454E-1,-1.840605927E-1,-8.190527937E-1,1.158136950E2,2.500325096E1,-5.057778045E-1,-1.141713862E2
8.761759750E0,5.253350943E-1,1.126251695E-1,-1.824920161E-1,-8.234290485E-1,1.166183912E2,2.476380705E1,-3.587454660E-1,-1.150042621E2
8.771805750E0,5.194422905E-1,1.103438896E-1,-1.812980564E-1,-8.277287857E-1,1.174103022E2,2.450499006E1,-3.253345084E-1,-1.158498904E2
8.781851750E0,5.134445832E-1,1.077695074E-1,-1.799728225E-1,-8.320878235E-1,1.182129093E2,2.421613344E1,-3.131087801E-1,-1.167133702E2
8.791897750E0,5.073947719E-1,1.058929137E-1,-1.785371586E-1,-8.363382173E-1,1.190190958E2,2.395990532E1,-2.322238876E-1,-1.175600580E2
8.801943750E0,5.009654493E-1,1.030921477E-1,-1.782200905E-1,-8.406206637E-1,1.198722116E2,2.376133299E1,-3.003135509E-1,-1.184777626E2
8.811989750E0,4.938309678E-1,9.905117632E-2,-1.790878678E-1,-8.451315039E-1,1.208146149E2,2.361272783E1,-5.417815470E-1,-1.195156686E2
8.822035750E0,4.862960701E-1,9.613449323E-2,-1.797769635E-1,-8.496790330E-1,1.218051553E2,2.351764030E1,-6.579267224E-1,-1.205694249E2
8.832080750E0,4.780525048E-1,9.441153796E-2,-1.805969857E-1,-8.543635498E-1,1.228834298E2,2.350842928E1,-6.500992738E-1,-1.216775628E2
8.842126750E0,4.689430114E-1,9.332991285E-2,-1.822210408E-1,-8.591725474E-1,1.240685861E2,2.362029928E1,-6.033110275E-1,-1.228740448E2
8.852172750E0,4.591825388E-1,9.260057745E-2,-1.846416449E-1,-8.639930721E-1,1.253312584E2,2.383585519E1,-5.475224373E-1,-1.241373535E2
8.862218750E0,4.488091879E-1,9.224832462E-2,-1.873363353E-1,-8.688875856E-1,1.266653834E2,2.410215576E1,-4.497586636E-1,-1.254603177E2
8.872264750E0,4.381493437E-1,9.229879021E-2,-1.895839056E-1,-8.738215275E-1,1.280282770E2,2.434380886E1,-2.765556505E-1,-1.267996842E2
8.882310750E0,4.276762523E-1,9.282211709E-2,-1.909086758E-1,-8.786529261E-1,1.293596412E2,2.451179562E1,-1.016223454E-2,-1.280940517E2
8.892356750E0,4.178936526E-1,9.399596477E-2,-1.913717064E-1,-8.831232527E-1,1.305966475E2,2.461872502E1,3.480167908E-1,-1.292770706E2
8.902401750E0,4.091683910E-1,9.577660063E-2,-1.915753863E-1,-8.869651276E-1,1.316947898E2,2.472446249E1,7.521905424E-1,-1.303061822E2
8.912447750E0,4.016254959E-1,9.792749129E-2,-1.921933961E-1,-8.900386865E-1,1.326403290E2,2.488909301E1,1.142494849E0,-1.311737911E2
8.922493750E0,3.949762827E-1,1.002556411E-1,-1.934615105E-1,-8.924769239E-1,1.334710102E2,2.512927299E1,1.497095684E0,-1.319215943E2
8.932539750E0,3.888031602E-1,1.025767734E-1,-1.949787970E-1,-8.945912205E-1,1.342399020E2,2.539367407E1,1.828722896E0,-1.326069355E2
8.942585750E0,3.827753180E-1,1.046005070E-1,-1.961256865E-1,-8.967031148E-1,1.349886029E2,2.560173722E1,2.146060074E0,-1.332800103E2
8.952631750E0,3.768927980E-1,1.063803947E-1,-1.965562956E-1,-8.988885132E-1,1.357173046E2,2.571884351E1,2.469463460E0,-1.339407722E2
8.962677750E0,3.712462161E-1,1.081293230E-1,-1.963413019E-1,-9.010739959E-1,1.364150096E2,2.576271750E1,2.813385552E0,-1.345727600E2
8.972722750E0,3.656466701E-1,1.091056653E-1,-1.957914436E-1,-9.033626540E-1,1.371052294E2,2.573196600E1,3.092206423E0,-1.352211147E2
8.982768750E0,3.597071255E-1,1.084217589E-1,-1.959507692E-1,-9.057917877E-1,1.378355786E2,2.569932222E1,3.178411709E0,-1.359568728E2
8.992814750E0,3.527039630E-1,1.061982150E-1,-1.973423343E-1,-9.085030523E-1,1.386944179E2,2.572886446E1,3.081474834E0,-1.368611436E2
9.002860750E0,3.443726690E-1,1.035767916E-1,-1.989343841E-1,-9.116493567E-1,1.397129883E2,2.576233558E1,2.971332967E0,-1.379325627E2
9.012906750E0,3.354903261E-1,1.017836329E-1,-1.994173448E-1,-9.150513449E-1,1.407952857E2,2.571192899E1,3.007651708E0,-1.390439745E2
9.022952750E0,3.270108859E-1,1.014884574E-1,-1.984178113E-1,-9.183650987E-1,1.418251030E2,2.556331825E1,3.246818320E0,-1.400637179E2
9.032998750E0,3.196277064E-1,1.029732435E-1,-1.962651873E-1,-9.212571101E-1,1.427191767E2,2.536181777E1,3.684714638E0,-1.409024714E2
9.043043750E0,3.137553649E-1,1.062280734E-1,-1.934865957E-1,-9.234913356E-1,1.434286147E2,2.516436341E1,4.288954967E0,-1.415119914E2
9.053089750E0,3.093378062E-1,1.109982300E-1,-1.905723756E-1,-9.250252912E-1,1.439613437E2,2.501531114E1,5.016916203E0,-1.419054886E2
9.063135750E0,3.058482368E-1,1.166982673E-1,-1.880444577E-1,-9.260008854E-1,1.443815937E2,2.494851922E1,5.802474604E0,-1.421596332E2
9.073181750E0,3.025672732E-1,1.223471251E-1,-1.865010612E-1,-9.266615794E-1,1.447762701E2,2.498821509E1,6.539636391E0,-1.423843176E2
9.083227750E0,2.988011362E-1,1.268478211E-1,-1.864710921E-1,-9.272842359E-1,1.452287784E2,2.514416088E1,7.112179787E0,-1.426906830E2
9.093273750E0,2.940181854E-1,1.292149751E-1,-1.882206315E-1,-9.281323569E-1,1.458026544E2,2.540186026E1,7.422015038E0,-1.431702056E2
9.103319750E0,2.878985262E-1,1.289328230E-1,-1.915715588E-1,-9.294036955E-1,1.465356288E2,2.572040160E1,7.432318685E0,-1.438784462E2
9.113364750E0,2.804199894E-1,1.260560741E-1,-1.958942819E-1,-9.311819554E-1,1.474294548E2,2.603760238E1,7.174804133E0,-1.448202938E2
9.123410750E0,2.718662022E-1,1.210790607E-1,-2.003111636E-1,-9.334367275E-1,1.484493060E2,2.628510393E1,6.726127052E0,-1.459510960E2
9.133456792E0,2.627355089E-1,1.148270341E-1,-2.039596951E-1,-9.360477247E-1,1.495351206E2,2.640809480E1,6.188064581E0,-1.471894329E2
9.143502792E0,2.535824989E-1,1.082498024E-1,-2.062369367E-1,-9.388526607E-1,1.506207844E2,2.637988391E1,5.662304715E0,-1.484423006E2
9.153548792E0,2.449591062E-1,1.024459812E-1,-2.068966508E-1,-9.416441940E-1,1.516411659E2,2.621188913E1,5.254100728E0,-1.496125169E2
9.163594792E0,2.373449408E-1,9.850813788E-2,-2.060173411E-1,-9.442035192E-1,1.525402211E2,2.594522031E1,5.061737463E0,-1.506129804E2
9.173639792E0,2.310418586E-1,9.705697974E-2,-2.039480573E-1,-9.463639878E-1,1.532831639E2,2.563275552E1,5.132621694E0,-1.513923923E2
9.183685792E0,2.260700899E-1,9.813588638E-2,-2.011442277E-1,-9.480520112E-1,1.538683775E2,2.532176476E1,5.458828722E0,-1.519485577E2
9.193731792E0,2.220968222E-1,1.014576955E-1,-1.980240280E-1,-9.492975349E-1,1.543355613E2,2.504687823E1,6.007927531E0,-1.523282886E2
9.203777792E0,2.186785863E-1,1.065891691E-1,-1.949107351E-1,-9.501727985E-1,1.547371363E2,2.482920153E1,6.736917838E0,-1.525939365E2
9.213823792E0,2.153862431E-1,1.128845675E-1,-1.920868041E-1,-9.507725481E-1,1.551236234E2,2.467923750E1,7.579942369E0,-1.528110294E2
9.223869792E0,2.118766329E-1,1.194887574E-1,-1.898084613E-1,-9.512116761E-1,1.555352991E2,2.459772162E1,8.446522877E0,-1.530407787E2
9.233915792E0,2.079043767E-1,1.255585621E-1,-1.882362522E-1,-9.516185618E-1,1.560008569E2,2.457420196E1,9.247380166E0,-1.533337066E2
9.243960792E0,2.033851387E-1,1.305600918E-1,-1.873583491E-1,-9.520953270E-1,1.565300342E2,2.458887621E1,9.927360393E0,-1.537149290E2
9.254006792E0,1.983751007E-1,1.341412542E-1,-1.870428299E-1,-9.527163608E-1,1.571160892E2,2.461555412E1,1.045060885E1,-1.541896865E2
9.264052792E0,1.930284358E-1,1.361550253E-1,-1.870868997E-1,-9.535199326E-1,1.577408535E2,2.462836268E1,1.080265767E1,-1.547468212E2
9.274098792E0,1.874995279E-1,1.367333670E-1,-1.873085895E-1,-9.544963908E-1,1.583862093E2,2.461354208E1,1.099845156E1,-1.553664050E2
9.284144792E0,1.819029743E-1,1.360905696E-1,-1.876264136E-1,-9.556081825E-1,1.590387553E2,2.457151169E1,1.106012086E1,-1.560292512E2
9.294190792E0,1.762476259E-1,1.343358989E-1,-1.880474317E-1,-9.568326327E-1,1.596974592E2,2.450877302E1,1.099878136E1,-1.567303567E2
9.304236792E0,1.704912515E-1,1.316638519E-1,-1.885802100E-1,-9.581414188E-1,1.603672346E2,2.443394960E1,1.083624273E1,-1.574679106E2
9.314281792E0,1.646129462E-1,1.284712782E-1,-1.891759689E-1,-9.594843860E-1,1.610504991E2,2.435437227E1,1.061745227E1,-1.582323537E2
9.324327792E0,1.586253542E-1,1.250450950E-1,-1.897787979E-1,-9.608256252E-1,1.617457683E2,2.427270148E1,1.037474610E1,-1.590140159E2
9.334373792E0,1.525487480E-1,1.216237087E-1,-1.903455571E-1,-9.621357599E-1,1.624506815E2,2.419085678E1,1.013470862E1,-1.598039828E2
9.344419792E0,1.464242209E-1,1.182645337E-1,-1.908292844E-1,-9.634093534E-1,1.631604773E2,2.410517616E1,9.903557027E0,-1.605964142E2
9.354465792E0,1.402610872E-1,1.151087357E-1,-1.912109135E-1,-9.646321178E-1,1.638740910E2,2.401664087E1,9.696912683E0,-1.613865902E2
9.364511792E0,1.340314880E-1,1.123198182E-1,-1.914784169E-1,-9.657927998E-1,1.645947615E2,2.392667889E1,9.533664115E0,-1.621735270E2
9.374556792E0,1.277444847E-1,1.099033076E-1,-1.915918763E-1,-9.668997868E-1,1.653214518E2,2.382983026E1,9.414832598E0,-1.629567565E2
9.384602792E0,1.214374617E-1,1.078730860E-1,-1.915608852E-1,-9.679467145E-1,1.660498603E2,2.372682354E1,9.340738946E0,-1.637318647E2
9.394648792E0,1.151234002E-1,1.061973562E-1,-1.914188213E-1,-9.689311385E-1,1.667785147E2,2.362002004E1,9.306877630E0,-1.644982460E2
9.404694792E0,1.087900776E-1,1.047927071E-1,-1.912259573E-1,-9.698535644E-1,1.675088529E2,2.351386860E1,9.303272595E0,-1.652592472E2
9.414740792E0,1.024253555E-1,1.035654041E-1,-1.910506976E-1,-9.707125593E-1,1.682422991E2,2.341388641E1,9.318799089E0,-1.660182812E2
9.424786792E0,9.601418768E-2,1.024467029E-1,-1.909404388E-1,-9.715079968E-1,1.689806093E2,2.332388009E1,9.345624457E0,-1.667785521E2
9.434832792E0,8.957355918E-2,1.013713788E-1,-1.908914957E-1,-9.722452295E-1,1.697218505E2,2.324223625E1,9.376309167E0,-1.675399130E2
9.444877792E0,8.312757802E-2,1.002710141E-1,-1.908497862E-1,-9.729398517E-1,1.704632762E2,2.316165576E1,9.403461787E0,-1.683019367E2
9.454923792E0,7.667902590E-2,9.908577098E-2,-1.907500773E-1,-9.736102395E-1,1.712045975E2,2.307365777E1,9.421071631E0,-1.690664492E2
9.464969792E0,7.026844810E-2,9.776669579E-2,-1.905450381E-1,-9.742672667E-1,1.719411877E2,2.297253636E1,9.423069126E0,-1.698304981E2
9.475015792E0,6.390427397E-2,9.627079877E-2,-1.902480082E-1,-9.749122820E-1,1.726721163E2,2.285966426E1,9.404058599E0,-1.705940077E2
9.485061792E0,5.758810511E-2,9.463096499E-2,-1.899262012E-1,-9.755289326E-1,1.733972363E2,2.274379883E1,9.366872133E0,-1.713552448E2
9.495107792E0,5.127653025E-2,9.284518195E-2,-1.897074801E-1,-9.760950491E-1,1.741215645E2,2.263992280E1,9.311178906E0,-1.721178901E2
9.505153792E0,4.493111147E-2,9.087088132E-2,-1.897164521E-1,-9.765916654E-1,1.748495399E2,2.256226795E1,9.232386882E0,-1.728860890E2
9.515198792E0,3.846544773E-2,8.858665911E-2,-1.900288762E-1,-9.770167585E-1,1.755910967E2,2.251826847E1,9.118809204E0,-1.736717792E2
9.525244792E0,3.177695361E-2,8.586577447E-2,-1.906413437E-1,-9.773806965E-1,1.763580162E2,2.250633810E1,8.959200028E0,-1.744895612E2
9.535290792E0,2.474513126E-2,8.264531797E-2,-1.914268292E-1,-9.777081354E-1,1.771641274E2,2.251130877E1,8.750512995E0,-1.753556431E2
9.545336792E0,1.732370344E-2,7.907064355E-2,-1.921737240E-1,-9.780168611E-1,1.780147505E2,2.251060878E1,8.511419336E0,-1.762735978E2
9.555382792E0,9.526114994E-3,7.538720392E-2,-1.927507724E-1,-9.783011837E-1,1.789083711E2,2.249175865E1,8.269558985E0,-1.772371648E2
9.565428792E0,1.439652051E-3,7.183136387E-2,-1.931579899E-1,-9.785337500E-1,1.798350280E2,2.245720881E1,8.049157898E0,-1.782309280E2
9.575473792E0,6.819950145E-3,-6.852659260E-2,1.935088150E-1,9.786786509E-1,1.792184852E2,2.242138633E1,7.861009919E0,-1.792381227E2
9.585519792E0,1.518963991E-2,-6.543707583E-2,1.939967122E-1,9.786993871E-1,1.782593285E2,2.240664982E1,7.699638470E0,1.797488981E2
9.595565792E0,2.366111431E-2,-6.238676089E-2,1.947641431E-1,9.785779620E-1,1.772883830E2,2.242882561E1,7.545720205E0,1.787279678E2
9.605611792E0,3.224823967E-2,-5.916777426E-2,1.958063293E-1,9.783246173E-1,1.763039831E2,2.248701901E1,7.377109493E0,1.776925963E2
9.615657792E0,4.087165346E-2,-5.576881532E-2,1.969432880E-1,9.779737870E-1,1.753151486E2,2.256119277E1,7.191131881E0,1.766499628E2
9.625703792E0,4.935809000E-2,-5.243123799E-2,1.979099575E-1,9.775717060E-1,1.743416804E2,2.262151825E1,7.010284654E0,1.756229671E2
9.635749792E0,5.747245415E-2,-4.953454832E-2,1.984789400E-1,9.771638931E-1,1.734105109E2,2.264146440E1,6.870223445E0,1.746449626E2
9.645794792E0,6.502858330E-2,-4.738426352E-2,1.985459482E-1,9.767832649E-1,1.725430114E2,2.260734056E1,6.799230630E0,1.737430038E2
9.655840792E0,7.195676655E-2,-4.600118308E-2,1.981313181E-1,9.764476917E-1,1.717472296E2,2.251971232E1,6.796844176E0,1.729254283E2
9.665886792E0,7.833421694E-2,-4.512519244E-2,1.973987321E-1,9.761461310E-1,1.710143542E2,2.239680549E1,6.835761715E0,1.721787324E2
9.675932792E0,8.442747112E-2,-4.420462097E-2,1.965929475E-1,9.758427580E-1,1.703137939E2,2.226787999E1,6.861470140E0,1.714623930E2
9.685978792E0,9.056607531E-2,-4.270250202E-2,1.959723194E-1,9.754840040E-1,1.696076524E2,2.216487223E1,6.823319817E0,1.707295096E2
9.696024792E0,9.700173049E-2,-4.030994661E-2,1.957246698E-1,9.750166798E-1,1.688669145E2,2.211185131E1,6.694592586E0,1.699465036E2
9.706069792E0,1.038144314E-1,-3.689627842E-2,1.958360902E-1,9.744278040E-1,1.680822696E2,2.211011249E1,6.463298363E0,1.691014990E2
9.716115792E0,1.109211487E-1,-3.267619877E-2,1.960951459E-1,9.737430020E-1,1.672631631E2,2.213638005E1,6.150396656E0,1.682068811E2
9.726161792E0,1.180912127E-1,-2.817018436E-2,1.961735285E-1,9.730245247E-1,1.664360924E2,2.215069630E1,5.805586493E0,1.672976221E2
9.736207792E0,1.250547993E-1,-2.388714259E-2,1.958142424E-1,9.723413243E-1,1.656321592E2,2.211956050E1,5.475950485E0,1.664137425E2
9.746253792E0,1.315502187E-1,-2.030753699E-2,1.949416446E-1,9.717406474E-1,1.648816346E2,2.202866362E1,5.207132355E0,1.655949952E2
9.756299792E0,1.373775263E-1,-1.782429209E-2,1.936453919E-1,9.712421345E-1,1.642077534E2,2.188198614E1,5.038692054E0,1.648730332E2
9.766345792E0,1.424674326E-1,-1.657135058E-2,1.921464392E-1,9.708286739E-1,1.636186976E2,2.170084035E1,4.986735051E0,1.642594653E2
9.776390792E0,1.468920087E-1,-1.648385372E-2,1.906181945E-1,9.704718587E-1,1.631062868E2,2.150352090E1,5.048260510E0,1.637451236E2
9.786436792E0,1.508259113E-1,-1.740021577E-2,1.891594868E-1,9.701378870E-1,1.626504153E2,2.130140677E1,5.210870347E0,1.633067221E2
9.796482792E0,1.544589696E-1,-1.911397512E-2,1.878474712E-1,9.697888268E-1,1.622291608E2,2.110462650E1,5.457218922E0,1.629182705E2
9.806528792E0,1.579535334E-1,-2.128337878E-2,1.867726423E-1,9.693883475E-1,1.618237362E2,2.092753264E1,5.754517876E0,1.625545853E2
9.816574792E0,1.613659530E-1,-2.356950287E-2,1.860161748E-1,9.689187895E-1,1.614276202E2,2.078428968E1,6.067914224E0,1.622030422E2
9.826620792E0,1.646307322E-1,-2.567933196E-2,1.855694815E-1,9.684013947E-1,1.610484327E2,2.067900544E1,6.363548797E0,1.618657631E2
9.836665792E0,1.676919842E-1,-2.735004884E-2,1.853650745E-1,9.678693751E-1,1.606926937E2,2.060879719E1,6.610028763E0,1.615442127E2
9.846711792E0,1.704777223E-1,-2.842229101E-2,1.853005424E-1,9.673641187E-1,1.603688080E2,2.056542121E1,6.786421227E0,1.612434587E2
9.856757792E0,1.729079939E-1,-2.882060507E-2,1.853100623E-1,9.669190479E-1,1.600861216E2,2.054366356E1,6.881573933E0,1.609712009E2
9.866803792E0,1.749736110E-1,-2.842600520E-2,1.854022586E-1,9.665414122E-1,1.598457551E2,2.054722888E1,6.882339272E0,1.607265904E2
9.876849792E0,1.767519129E-1,-2.711620759E-2,1.855956072E-1,9.662182723E-1,1.596387505E2,2.058045459E1,6.777216420E0,1.604986432E2
9.886895792E0,1.783528188E-1,-2.494029224E-2,1.858483197E-1,9.659341182E-1,1.594523383E2,2.063755343E1,6.573316055E0,1.602752107E2
9.896941792E0,1.798926118E-1,-2.208489067E-2,1.860708920E-1,9.656751680E-1,1.592729904E2,2.070473259E1,6.292212795E0,1.600455599E2
9.906986792E0,1.814768275E-1,-1.878437623E-2,1.861452970E-1,9.654342566E-1,1.590884147E2,2.076405856E1,5.959893192E0,1.598010558E2
9.917032792E0,1.831255280E-1,-1.529174592E-2,1.860070395E-1,9.652112155E-1,1.588962677E2,2.080378860E1,5.603563869E0,1.595438198E2
9.927078792E0,1.847756614E-1,-1.185704645E-2,1.856920392E-1,9.650056232E-1,1.587038935E2,2.082393494E1,5.250308000E0,1.592862367E2
9.937124792E0,1.863803183E-1,-8.680443747E-3,1.853143139E-1,9.648034447E-1,1.585167628E2,2.083392648E1,4.923624008E0,1.590383150E2
9.947170792E0,1.878710102E-1,-5.857737593E-3,1.850058885E-1,9.645946914E-1,1.583428704E2,2.084704554E1,4.635423347E0,1.588105032E2
9.957216792E0,1.891812715E-1,-3.472984611E-3,1.848372379E-1,9.643825241E-1,1.581899840E2,2.086953129E1,4.395117236E0,1.586124353E2
9.967261792E0,1.902933582E-1,-1.579137047E-3,1.848543285E-1,9.641653836E-1,1.580601905E2,2.090513593E1,4.209192255E0,1.584473817E2
9.977307792E0,1.912361832E-1,-1.260085403E-4,1.850371088E-1,9.639450399E-1,1.579501295E2,2.095200637E1,4.072259472E0,1.583109785E2
9.987353792E0,1.920775186E-1,1.024400226E-3,1.853030660E-1,9.637261291E-1,1.578518986E2,2.100293641E1,3.968649322E0,1.581924222E2
9.997399792E0,1.928955468E-1,1.974527169E-3,1.855422177E-1,9.635151842E-1,1.577563731E2,2.104696233E1,3.886232748E0,1.580803070E2
1.000744579E1,1.937239431E-1,2.752031157E-3,1.856331706E-1,9.633295273E-1,1.576596209E2,2.107052502E1,3.819928740E0,1.579698118E2
1.001749179E1,1.945870262E-1,3.347534516E-3,1.854828434E-1,9.631826877E-1,1.575588003E2,2.106260651E1,3.769143955E0,1.578580399E2
1.002753779E1,1.955005592E-1,3.757739256E-3,1.850418925E-1,9.630809873E-1,1.574520673E2,2.101737506E1,3.733374179E0,1.577430956E2
1.003758279E1,1.964743200E-1,3.987650315E-3,1.842909410E-1,9.630258592E-1,1.573382757E2,2.093264624E1,3.711721192E0,1.576236946E2
1.004762879E1,1.974530962E-1,3.967335534E-3,1.832405362E-1,9.630261543E-1,1.572238752E2,2.080830116E1,3.710864129E0,1.575075873E2
1.005767479E1,1.983669242E-1,3.605030687E-3,1.819453951E-1,9.630854127E-1,1.571170451E2,2.064883846E1,3.740632913E0,1.574047425E2
1.006772079E1,1.991484532E-1,2.937466754E-3,1.804941316E-1,9.631995043E-1,1.570256654E2,2.046538376E1,3.797566505E0,1.573223460E2
1.007776679E1,1.997519118E-1,2.040149812E-3,1.789843156E-1,9.633584822E-1,1.569550962E2,2.027088908E1,3.874664906E0,1.572644019E2
1.008781279E1,2.001504945E-1,1.019226701E-3,1.775453590E-1,9.635436333E-1,1.569084806E2,2.008259042E1,3.962723375E0,1.572323738E2
1.009785779E1,2.003656964E-1,4.176752687E-5,1.763295172E-1,9.637226731E-1,1.568833105E2,1.992147758E1,4.047316586E0,1.572212098E2
1.010790379E1,2.005217240E-1,-6.760617919E-4,1.754912954E-1,9.638430445E-1,1.568650606E2,1.980943235E1,4.110651388E0,1.572132757E2
1.011794979E1,2.008006097E-1,-9.107670545E-4,1.751492105E-1,9.638470484E-1,1.568324392E2,1.976409810E1,4.134372924E0,1.571840540E2
1.012799579E1,2.013393307E-1,-5.962567342E-4,1.752618901E-1,9.637144545E-1,1.567694192E2,1.978163694E1,4.112983408E0,1.571164404E2
1.013804200E1,2.023490427E-1,4.419255117E-4,1.756669846E-1,9.634291624E-1,1.566512832E2,1.984658382E1,4.027804559E0,1.569820801E2
1.014808800E1,2.041283141E-1,2.430556070E-3,1.761748488E-1,9.629580450E-1,1.564430477E2,1.994160394E1,3.855678333E0,1.567412507E2
1.015813300E1,2.067897611E-1,5.311477558E-3,1.767240275E-1,9.622777527E-1,1.561314199E2,2.005916963E1,3.604402481E0,1.563812950E2
1.016817900E1,2.101691798E-1,8.802911952E-3,1.772785852E-1,9.614176198E-1,1.557354664E2,2.019098670E1,3.301515892E0,1.559258374E2
1.017822500E1,2.139456638E-1,1.256887511E-2,1.778168058E-1,9.604428896E-1,1.552926418E2,2.032915621E1,2.977448612E0,1.554179070E2
1.018827100E1,2.178403698E-1,1.641988008E-2,1.783622018E-1,9.594075944E-1,1.548355618E2,2.047333634E1,2.648137253E0,1.548932656E2
1.019831700E1,2.216278963E-1,2.011803949E-2,1.790385059E-1,9.583430915E-1,1.543906696E2,2.063243396E1,2.338310347E0,1.543828926E2
1.020836300E1,2.251618253E-1,2.344621807E-2,1.799630076E-1,9.572699484E-1,1.539752115E2,2.081410209E1,2.071858860E0,1.539083872E2
1.021840900E1,2.283734573E-1,2.638954324E-2,1.811351747E-1,9.562108403E-1,1.535973414E2,2.101712125E1,1.848969084E0,1.534781531E2
1.022845400E1,2.312491368E-1,2.890918721E-2,1.824729156E-1,9.551919824E-1,1.532587504E2,2.123031633E1,1.671312004E0,1.530946845E2
1.023850000E1,2.338456355E-1,3.091103607E-2,1.838607481E-1,9.542305285E-1,1.529528266E2,2.143719457E1,1.547034124E0,1.527535482E2
1.024854600E1,2.362291241E-1,3.240011584E-2,1.851864667E-1,9.533373524E-1,1.526718270E2,2.162436636E1,1.473603200E0,1.524472462E2
1.025859200E1,2.384411593E-1,3.342997935E-2,1.863703875E-1,9.525200408E-1,1.524108909E2,2.178365771E1,1.443507410E0,1.521700643E2
1.026863800E1,2.404912663E-1,3.411091964E-2,1.873984808E-1,9.517785091E-1,1.521689258E2,2.191613227E1,1.444196526E0,1.519187667E2
1.027868400E1,2.423952080E-1,3.464304994E-2,1.882578709E-1,9.511064355E-1,1.519440986E2,2.202566290E1,1.453586905E0,1.516872902E2
1.028872900E1,2.441647645E-1,3.515391189E-2,1.889496903E-1,9.504976874E-1,1.517350414E2,2.211588029E1,1.457893116E0,1.514715373E2
1.029877500E1,2.458070376E-1,3.570164707E-2,1.894571015E-1,9.499528341E-1,1.515409357E2,2.218652469E1,1.450311975E0,1.512693955E2
1.030882100E1,2.473107950E-1,3.627342175E-2,1.897202348E-1,9.494882494E-1,1.513631285E2,2.223050799E1,1.430099239E0,1.510823842E2
1.031886700E1,2.486314243E-1,3.680889220E-2,1.897051304E-1,9.491257022E-1,1.512069166E2,2.224234641E1,1.401639385E0,1.509170098E2
1.032891300E1,2.497215526E-1,3.725093888E-2,1.894235579E-1,9.488784266E-1,1.510779286E2,2.222178079E1,1.370248336E0,1.507801037E2
1.033895900E1,2.505630776E-1,3.761828554E-2,1.889436370E-1,9.487378036E-1,1.509783306E2,2.217705424E1,1.335388677E0,1.506735013E2
1.034900400E1,2.511676320E-1,3.796723511E-2,1.883544504E-1,9.486811583E-1,1.509067652E2,2.211983033E1,1.293818943E0,1.505947392E2
1.035905000E1,2.516189826E-1,3.833588832E-2,1.877296497E-1,9.486704951E-1,1.508533281E2,2.205942122E1,1.245504056E0,1.505333477E2
1.036909600E1,2.519814244E-1,3.873781121E-2,1.871028945E-1,9.486818116E-1,1.508104126E2,2.199994082E1,1.191448119E0,1.504816099E2
1.037914200E1,2.523338142E-1,3.913977624E-2,1.865204355E-1,9.486863213E-1,1.507686833E2,2.194553952E1,1.138432335E0,1.504311204E2
1.038918800E1,2.527394777E-1,3.957685486E-2,1.860119812E-1,9.486600638E-1,1.507206405E2,2.190053325E1,1.084970661E0,1.503737669E2
1.039923400E1,2.532348506E-1,4.012870989E-2,1.856036362E-1,9.485847263E-1,1.506619662E2,2.187019157E1,1.024024956E0,1.503035591E2
1.040927900E1,2.538569803E-1,4.082954349E-2,1.853190660E-1,9.484442508E-1,1.505882672E2,2.185820605E1,9.534449359E-1,1.502154411E2
1.041932500E1,2.546189953E-1,4.168230068E-2,1.851723317E-1,9.482314935E-1,1.504979800E2,2.186629972E1,8.736710595E-1,1.501077648E2
1.042937100E1,2.554910136E-1,4.264546680E-2,1.851345207E-1,9.479614165E-1,1.503946361E2,2.189007593E1,7.877213742E-1,1.499848562E2
1.043941700E1,2.564411932E-1,4.367819103E-2,1.851746656E-1,9.476499303E-1,1.502820012E2,2.192490391E1,6.984273539E-1,1.498512586E2
1.044946300E1,2.574196955E-1,4.472649906E-2,1.852564410E-1,9.473197308E-1,1.501659782E2,2.196513275E1,6.094508392E-1,1.497139228E2
1.045950900E1,2.583807069E-1,4.574938200E-2,1.853492905E-1,9.469910907E-1,1.500519986E2,2.200610556E1,5.232808683E-1,1.495790751E2
1.046955500E1,2.592954199E-1,4.674724551E-2,1.854488045E-1,9.466727556E-1,1.499434821E2,2.204732992E1,4.390827020E-1,1.494500587E2
1.047960000E1,2.601677754E-1,4.776421209E-2,1.855930679E-1,9.463542940E-1,1.498399649E2,2.209442855E1,3.533416904E-1,1.493254478E2
1.048964600E1,2.610104595E-1,4.884434626E-2,1.858310343E-1,9.460204067E-1,1.497399446E2,2.215426719E1,2.631140691E-1,1.492027646E2
1.049969200E1,2.618552299E-1,5.003422555E-2,1.861977856E-1,9.456525700E-1,1.496396531E2,2.223224873E1,1.652263571E-1,1.490771898E2
1.050973800E1,2.627105791E-1,5.139741795E-2,1.866929953E-1,9.452444832E-1,1.495380814E2,2.233036897E1,5.306725952E-2,1.489461947E2
1.051978400E1,2.635801318E-1,5.294669395E-2,1.872612823E-1,9.448044069E-1,1.494347979E2,2.244288646E1,-7.630841007E-2,1.488089401E2
1.052983000E1,2.644490944E-1,5.458775525E-2,1.878046079E-1,9.443602844E-1,1.493315590E2,2.255589342E1,-2.160914987E-1,1.486692414E2
1.053987500E1,2.652986274E-1,5.617216593E-2,1.882164616E-1,9.439469714E-1,1.492306039E2,2.265273425E1,-3.540875341E-1,1.485327780E2
1.054992100E1,2.661260332E-1,5.754165928E-2,1.884253467E-1,9.435898400E-1,1.491322548E2,2.272027432E1,-4.756561185E-1,1.484037402E2
1.055996700E1,2.669036847E-1,5.858787577E-2,1.884538116E-1,9.433001648E-1,1.490397984E2,2.275744228E1,-5.691783185E-1,1.482880843E2
1.057001300E1,2.675794884E-1,5.924709989E-2,1.884028086E-1,9.430776083E-1,1.489594341E2,2.277334352E1,-6.258984947E-1,1.481934777E2
1.058005900E1,2.681226559E-1,5.951209820E-2,1.884278017E-1,9.429016242E-1,1.488948311E2,2.278505216E1,-6.408427533E-1,1.481237002E2
1.059010500E1,2.685411530E-1,5.942031290E-2,1.886727276E-1,9.427392956E-1,1.488450492E2,2.280985825E1,-6.132452420E-1,1.480768736E2
1.060015000E1,2.688541144E-1,5.903290961E-2,1.891768355E-1,9.425734266E-1,1.488078173E2,2.285413127E1,-5.479715884E-1,1.480493216E2
1.061019600E1,2.690778088E-1,5.840643359E-2,1.898817468E-1,9.424068834E-1,1.487812030E2,2.291316658E1,-4.526024812E-1,1.480378640E2
1.062024200E1,2.692175256E-1,5.762140112E-2,1.906896018E-1,9.422521623E-1,1.487645792E2,2.297861847E1,-3.388385619E-1,1.480400404E2
1.063028800E1,2.692707571E-1,5.677232651E-2,1.915021351E-1,9.421236566E-1,1.487582455E2,2.304254422E1,-2.200881766E-1,1.480539329E2
1.064033400E1,2.692379458E-1,5.599658215E-2,1.922471965E-1,9.420278357E-1,1.487621495E2,2.310130059E1,-1.134570407E-1,1.480762249E2
1.065038000E1,2.691277739E-1,5.540908143E-2,1.928861586E-1,9.419634353E-1,1.487752582E2,2.315424105E1,-3.234991065E-2,1.481031059E2
1.066042500E1,2.689314118E-1,5.506429913E-2,1.934194005E-1,9.419303500E-1,1.487986209E2,2.320313892E1,1.716786473E-2,1.481342788E2
1.067047100E1,2.686536640E-1,5.494904331E-2,1.938401577E-1,9.419297600E-1,1.488316646E2,2.324678087E1,3.640911461E-2,1.481694649E2
1.068051700E1,2.682630470E-1,5.502448617E-2,1.941403698E-1,9.419749414E-1,1.488781317E2,2.328299195E1,2.853330065E-2,1.482132580E2
1.069056300E1,2.676824531E-1,5.514849273E-2,1.942782005E-1,9.421043954E-1,1.489471885E2,2.330248047E1,5.641100718E-3,1.482780223E2
1.070060900E1,2.668002142E-1,5.511320001E-2,1.942177566E-1,9.423691830E-1,1.490521014E2,2.329454731E1,-1.370998580E-2,1.483817949E2
1.071065500E1,2.655319734E-1,5.477644670E-2,1.939552871E-1,9.428009775E-1,1.492028697E2,2.325426694E1,-1.626711331E-2,1.485377978E2
1.072070000E1,2.638460784E-1,5.409054361E-2,1.935338028E-1,9.434003267E-1,1.494032043E2,2.318509933E1,3.907388571E-3,1.487507810E2
1.073074600E1,2.617565009E-1,5.310618289E-2,1.929635771E-1,9.441548607E-1,1.496513755E2,2.309001922E1,4.228543649E-2,1.490177481E2
1.074079200E1,2.593575233E-1,5.196623181E-2,1.922131155E-1,9.450329271E-1,1.499361134E2,2.297015216E1,8.504042531E-2,1.493241391E2
1.075083800E1,2.567834045E-1,5.084601073E-2,1.912357933E-1,9.459945917E-1,1.502414280E2,2.282573821E1,1.152937311E-1,1.496500809E2
1.076088400E1,2.541409657E-1,4.989321273E-2,1.900112430E-1,9.470051046E-1,1.505546214E2,2.265888206E1,1.192341687E-1,1.499796671E2
1.077093000E1,2.514764630E-1,4.920785756E-2,1.885460763E-1,9.480445933E-1,1.508702023E2,2.247311386E1,8.750868978E-2,1.503053025E2
1.078097500E1,2.487716258E-1,4.880056622E-2,1.868317164E-1,9.491180104E-1,1.511903295E2,2.226748877E1,1.844162349E-2,1.506290243E2
1.079102100E1,2.459873629E-1,4.856734136E-2,1.848424536E-1,9.502445535E-1,1.515196174E2,2.203576737E1,-7.814503893E-2,1.509579517E2
1.080106700E1,2.431136432E-1,4.841077636E-2,1.826029281E-1,9.514243913E-1,1.518592335E2,2.177770154E1,-1.909019046E-1,1.512955892E2
1.081111300E1,2.401505090E-1,4.827033252E-2,1.801910853E-1,9.526430674E-1,1.522091526E2,2.150024818E1,-3.107070001E-1,1.516433686E2
1.082115900E1,2.371057364E-1,4.814566214E-2,1.777116494E-1,9.538770428E-1,1.525684374E2,2.121519052E1,-4.341446277E-1,1.520004243E2
1.083120500E1,2.340242960E-1,4.814117350E-2,1.752695767E-1,9.550893548E-1,1.529317693E2,2.093730729E1,-5.685877872E-1,1.523592374E2
1.084125100E1,2.309578599E-1,4.829516755E-2,1.729689172E-1,9.562467915E-1,1.532930570E2,2.067935039E1,-7.143327893E-1,1.527129905E2
1.085129600E1,2.279312104E-1,4.855783198E-2,1.709043696E-1,9.573303027E-1,1.536493920E2,2.045057143E1,-8.630725666E-1,1.530598384E2
1.086134200E1,2.249693828E-1,4.882973184E-2,1.691768019E-1,9.583233668E-1,1.539978445E2,2.025967038E1,-1.001016477E0,1.533988613E2
1.087138800E1,2.221055466E-1,4.911652534E-2,1.678505618E-1,9.592095043E-1,1.543345359E2,2.011419316E1,-1.126793810E0,1.537259201E2
1.088143400E1,2.193711433E-1,4.947186015E-2,1.669560002E-1,9.599763240E-1,1.546558002E2,2.001912980E1,-1.245305593E0,1.540360944E2
1.089148000E1,2.168290983E-1,5.001718241E-2,1.664933068E-1,9.606057451E-1,1.549542827E2,1.997784417E1,-1.369063865E0,1.543194408E2
1.090152600E1,2.145854951E-1,5.099375650E-2,1.664604006E-1,9.610638391E-1,1.552175793E2,1.999657505E1,-1.522902646E0,1.545585019E2
1.091157100E1,2.127736443E-1,5.265481649E-2,1.669014569E-1,9.613005780E-1,1.554301108E2,2.008713371E1,-1.731154481E0,1.547321834E2
1.092161700E1,2.115330939E-1,5.515368733E-2,1.678601660E-1,9.612672820E-1,1.555755788E2,2.025891377E1,-2.006846046E0,1.548204160E2
1.093166300E1,2.109349880E-1,5.850235981E-2,1.692769323E-1,9.609522343E-1,1.556456989E2,2.050623893E1,-2.351109758E0,1.548137993E2
1.094170900E1,2.108588708E-1,6.240461008E-2,1.709892955E-1,9.604200882E-1,1.556546220E2,2.080359055E1,-2.737491408E0,1.547319002E2
1.095175500E1,2.111056827E-1,6.652843686E-2,1.727918846E-1,9.597662220E-1,1.556256881E2,2.111918011E1,-3.138444124E0,1.546048495E2
1.096180100E1,2.115412283E-1,7.075141937E-2,1.744270401E-1,9.590723163E-1,1.555746251E2,2.142054686E1,-3.549706173E0,1.544514312E2
1.097184600E1,2.120440823E-1,7.476668114E-2,1.757121239E-1,9.584218639E-1,1.555156647E2,2.167834755E1,-3.944986370E0,1.542937115E2
1.098189200E1,2.124295152E-1,7.801602403E-2,1.767058517E-1,9.578947333E-1,1.554704677E2,2.188282493E1,-4.266013108E0,1.541670230E2
1.099193800E1,2.123607316E-1,8.007545603E-2,1.775420557E-1,9.575853754E-1,1.554785337E2,2.203511299E1,-4.470870638E0,1.541212173E2
1.100198400E1,2.115698881E-1,8.093483554E-2,1.782268946E-1,9.575609303E-1,1.555712648E2,2.213363146E1,-4.564722535E0,1.541884409E2
1.101203000E1,2.100153016E-1,8.077099493E-2,1.788140371E-1,9.578075315E-1,1.557535021E2,2.218906568E1,-4.566652777E0,1.543693830E2
1.102207600E1,2.079714323E-1,8.012586893E-2,1.793130610E-1,9.582143329E-1,1.559930011E2,2.221910410E1,-4.529451350E0,1.546189586E2
1.103212100E1,2.057647076E-1,7.943254800E-2,1.797716240E-1,9.586623539E-1,1.562514641E2,2.224278442E1,-4.491814739E0,1.548885316E2
1.104216700E1,2.036265137E-1,7.896787373E-2,1.801959005E-1,9.590775846E-1,1.565017834E2,2.226932394E1,-4.478632643E0,1.551445736E2
1.105221300E1,2.016198180E-1,7.886315988E-2,1.805020342E-1,9.594525230E-1,1.567366048E2,2.229274267E1,-4.504956781E0,1.553769617E2
1.106225900E1,1.997620270E-1,7.906929485E-2,1.805939196E-1,9.598067672E-1,1.569539133E2,2.230058714E1,-4.567348665E0,1.555853461E2
1.107230500E1,1.980293280E-1,7.948124869E-2,1.804008975E-1,9.601680079E-1,1.571565138E2,2.228172633E1,-4.656473994E0,1.557754289E2
1.108235100E1,1.963881718E-1,8.008794730E-2,1.799487093E-1,9.605394481E-1,1.573483437E2,2.223855525E1,-4.771126895E0,1.559513168E2
1.109239600E1,1.947780779E-1,8.094414473E-2,1.793712289E-1,9.609034282E-1,1.575364804E2,2.218744905E1,-4.915349823E0,1.561180888E2
1.110244200E1,1.931190937E-1,8.204705926E-2,1.788417644E-1,9.612434690E-1,1.577302656E2,2.214768528E1,-5.086458185E0,1.562842422E2
1.111248800E1,1.913479145E-1,8.341263296E-2,1.784629960E-1,9.615503824E-1,1.579370852E2,2.213100881E1,-5.285227277E0,1.564560856E2
1.112253400E1,1.894460380E-1,8.497392608E-2,1.781934616E-1,9.618402262E-1,1.581590852E2,2.213073591E1,-5.505804312E0,1.566375218E2
1.113258000E1,1.874165829E-1,8.658471541E-2,1.778940925E-1,9.621494998E-1,1.583958857E2,2.212705985E1,-5.735385774E0,1.568324728E2
1.114262575E1,1.852843317E-1,8.809989989E-2,1.774379319E-1,9.625091389E-1,1.586445800E2,2.210173870E1,-5.960394591E0,1.570424555E2
1.115267075E1,1.831422181E-1,8.951167706E-2,1.768074941E-1,9.629048556E-1,1.588943222E2,2.205305616E1,-6.178173034E0,1.572572034E2
1.116271675E1,1.811149547E-1,9.092673643E-2,1.761515838E-1,9.632759165E-1,1.591305810E2,2.200157126E1,-6.394163395E0,1.574589230E2
1.117276275E1,1.792959389E-1,9.247900486E-2,1.757073560E-1,9.635494074E-1,1.593424941E2,2.197856829E1,-6.615677104E0,1.576320268E2
1.118280875E1,1.777154321E-1,9.429529432E-2,1.756424367E-1,9.636780396E-1,1.595265633E2,2.200686289E1,-6.852390070E0,1.577686067E2
1.119285475E1,1.763615067E-1,9.651068810E-2,1.759596470E-1,9.636495483E-1,1.596842018E2,2.209033718E1,-7.119543075E0,1.578662238E2
1.120290075E1,1.751947133E-1,9.917909727E-2,1.765176845E-1,9.634893903E-1,1.598200212E2,2.221413328E1,-7.427184284E0,1.579285267E2
1.121294575E1,1.741130988E-1,1.022084231E-1,1.771371589E-1,9.632550959E-1,1.599458998E2,2.235483735E1,-7.771443935E0,1.579703972E2
1.122299175E1,1.729956172E-1,1.054157587E-1,1.776426023E-1,9.630177249E-1,1.600759271E2,2.248683411E1,-8.138804258E0,1.580115608E2
1.123303775E1,1.717020040E-1,1.085391326E-1,1.778571745E-1,9.628626666E-1,1.602264161E2,2.258181285E1,-8.507547447E0,1.580765054E2
1.124308375E1,1.701671844E-1,1.113378835E-1,1.775837152E-1,9.628660384E-1,1.604049207E2,2.260991872E1,-8.857011878E0,1.581812321E2
1.125312975E1,1.684106723E-1,1.136158390E-1,1.766999143E-1,9.630713778E-1,1.606091499E2,2.255166765E1,-9.167662265E0,1.583305392E2
1.126317575E1,1.664939601E-1,1.153351565E-1,1.752512217E-1,9.634648187E-1,1.608319347E2,2.241155774E1,-9.432537186E0,1.585186247E2
1.127322075E1,1.644879808E-1,1.166369963E-1,1.734730804E-1,9.639744162E-1,1.610650169E2,2.222101130E1,-9.660029037E0,1.587317790E2
1.128326675E1,1.624468089E-1,1.176441532E-1,1.716894943E-1,9.645172676E-1,1.613021072E2,2.202120797E1,-9.855201742E0,1.589574869E2
1.129331275E1,1.604084188E-1,1.183952311E-1,1.701253615E-1,9.650435132E-1,1.615387938E2,2.183965610E1,-1.001663058E1,1.591880400E2
1.130335875E1,1.585198606E-1,1.189650723E-1,1.688828145E-1,9.655036303E-1,1.617580118E2,2.169169477E1,-1.014732585E1,1.594032804E2
1.131340475E1,1.569677608E-1,1.194851143E-1,1.680624972E-1,9.658360847E-1,1.619381244E2,2.159433301E1,-1.025592368E1,1.595770392E2
1.132345075E1,1.558602259E-1,1.200891788E-1,1.677385407E-1,9.659968327E-1,1.620666201E2,2.156076847E1,-1.035368395E1,1.596924442E2
1.133349575E1,1.552764078E-1,1.209590845E-1,1.679043095E-1,9.659535901E-1,1.621343453E2,2.159573842E1,-1.045938986E1,1.597355447E2
1.134354175E1,1.554444051E-1,1.225253114E-1,1.682977214E-1,9.656606695E-1,1.621148576E2,2.168222533E1,-1.062113217E1,1.596712346E2
1.135358775E1,1.565482311E-1,1.242086934E-1,1.686487045E-1,9.652059050E-1,1.619868008E2,2.177687295E1,-1.077604534E1,1.594958783E2
1.136363375E1,1.585565284E-1,1.256717962E-1,1.685592097E-1,9.647041889E-1,1.617537562E2,2.182504061E1,-1.089559165E1,1.592261459E2
1.137367975E1,1.613881644E-1,1.267249459E-1,1.678571854E-1,9.642191208E-1,1.614250411E2,2.180109659E1,-1.096450906E1,1.588783900E2
1.138372475E1,1.649739340E-1,1.270115339E-1,1.668686838E-1,9.637461489E-1,1.610085595E2,2.173243320E1,-1.093853255E1,1.584666284E2
1.139377075E1,1.689715204E-1,1.265671283E-1,1.659827873E-1,9.632648740E-1,1.605439471E2,2.166053023E1,-1.082107472E1,1.580252220E2
1.140381675E1,1.728801770E-1,1.256588743E-1,1.655576415E-1,9.627632844E-1,1.600893579E2,2.162782116E1,-1.064458858E1,1.576012653E2
1.141386275E1,1.762981178E-1,1.245733598E-1,1.658148440E-1,9.622400734E-1,1.596915812E2,2.166303373E1,-1.044393285E1,1.572316670E2
1.142390875E1,1.790185283E-1,1.232938394E-1,1.667710769E-1,9.617371772E-1,1.593748058E2,2.176545296E1,-1.022081706E1,1.569411322E2
1.143395475E1,1.810204615E-1,1.217161973E-1,1.684075982E-1,9.612781559E-1,1.591415911E2,2.192996468E1,-9.964374087E0,1.567355318E2
1.144399975E1,1.823540721E-1,1.196549978E-1,1.706938198E-1,9.608814697E-1,1.589861841E2,2.214866586E1,-9.653835065E0,1.566148009E2
1.145404575E1,1.830765533E-1,1.167740394E-1,1.736884693E-1,9.605619123E-1,1.589019762E2,2.242003377E1,-9.249898466E0,1.565814249E2
1.146409175E1,1.832819349E-1,1.131473189E-1,1.774234440E-1,9.602740915E-1,1.588780362E2,2.275153165E1,-8.758374930E0,1.566230594E2
1.147413775E1,1.830873429E-1,1.090891358E-1,1.817436961E-1,9.599728680E-1,1.589007186E2,2.313605653E1,-8.215418467E0,1.567199238E2
1.148418375E1,1.826081333E-1,1.049047335E-1,1.863237942E-1,9.596524676E-1,1.589565736E2,2.354630048E1,-7.660079559E0,1.568536676E2
1.149422975E1,1.820234300E-1,1.007194092E-1,1.909323993E-1,9.593058941E-1,1.590247178E2,2.396086079E1,-7.107600101E0,1.570021956E2
1.150427475E1,1.814491371E-1,9.678830412E-2,1.952579145E-1,9.589486574E-1,1.590916413E2,2.435151648E1,-6.590432340E0,1.571472247E2
1.151432075E1,1.809303937E-1,9.342544395E-2,1.990307371E-1,9.586044862E-1,1.591520854E2,2.469534905E1,-6.147863518E0,1.572760187E2
1.152436675E1,1.804386242E-1,9.068377039E-2,2.020842130E-1,9.583216809E-1,1.592093811E2,2.497374614E1,-5.789896084E0,1.573904508E2
1.153441275E1,1.799305440E-1,8.826270789E-2,2.044290951E-1,9.581458864E-1,1.592685716E2,2.517950339E1,-5.484186646E0,1.575028325E2
1.154445875E1,1.793023030E-1,8.599909022E-2,2.061308531E-1,9.581048354E-1,1.593417528E2,2.531526975E1,-5.213821473E0,1.576285438E2
1.155450475E1,1.784420437E-1,8.384401649E-2,2.072465645E-1,9.582157237E-1,1.594419472E2,2.538581293E1,-4.974841628E0,1.577809052E2
1.156454975E1,1.772389198E-1,8.175716270E-2,2.077405835E-1,9.585123532E-1,1.595820484E2,2.538555795E1,-4.766262735E0,1.579734078E2
1.157459575E1,1.756457268E-1,7.959021410E-2,2.075183326E-1,9.590360278E-1,1.597675248E2,2.529988220E1,-4.574790718E0,1.582155162E2
1.158464175E1,1.737085312E-1,7.697801038E-2,2.066239818E-1,9.597948818E-1,1.599929773E2,2.512561255E1,-4.357619272E0,1.585112149E2
1.159468775E1,1.714852006E-1,7.380256671E-2,2.051134335E-1,9.607676311E-1,1.602516340E2,2.486742536E1,-4.098216603E0,1.588560080E2
1.160473375E1,1.689265076E-1,7.008451925E-2,2.029419225E-1,9.619597547E-1,1.605491804E2,2.452149646E1,-3.799915767E0,1.592539897E2
1.161477975E1,1.660038765E-1,6.593341819E-2,2.000647626E-1,9.633636662E-1,1.608888867E2,2.408622727E1,-3.474979989E0,1.597043836E2
1.162482475E1,1.627818342E-1,6.158346303E-2,1.964774546E-1,9.649383568E-1,1.612631982E2,2.356750283E1,-3.146120401E0,1.601926142E2
1.163487075E1,1.593394904E-1,5.724351774E-2,1.923191834E-1,9.666164336E-1,1.616628801E2,2.298663651E1,-2.830242763E0,1.607032076E2
1.164491675E1,1.557333217E-1,5.311414338E-2,1.878364393E-1,9.683199249E-1,1.620813420E2,2.237640051E1,-2.542370794E0,1.612239641E2
1.165496275E1,1.520303418E-1,4.938090198E-2,1.832935991E-1,9.699751581E-1,1.625107876E2,2.177070459E1,-2.296119493E0,1.617426749E2
1.166500875E1,1.483981685E-1,4.613470429E-2,1.789353041E-1,9.715101041E-1,1.629317810E2,2.119903802E1,-2.093670950E0,1.622385604E2
1.167505475E1,1.450784720E-1,4.351339159E-2,1.749647865E-1,9.728547150E-1,1.633163533E2,2.068680182E1,-1.942536821E0,1.626817991E2
1.168509975E1,1.422781511E-1,4.156881502E-2,1.715142714E-1,9.739670547E-1,1.636406109E2,2.024934210E1,-1.843399811E0,1.630487076E2
1.169514575E1,1.401252479E-1,4.015918733E-2,1.686976449E-1,9.748298428E-1,1.638898123E2,1.989645647E1,-1.777551508E0,1.633284944E2
1.170519175E1,1.386512040E-1,3.915929023E-2,1.666219811E-1,9.754381061E-1,1.640603905E2,1.963767905E1,-1.730036851E0,1.635206210E2
1.171523775E1,1.377435717E-1,3.854712306E-2,1.652567657E-1,9.758232862E-1,1.641654051E2,1.946853290E1,-1.702178326E0,1.636388222E2
1.172528375E1,1.371944404E-1,3.809954987E-2,1.644177220E-1,9.760598564E-1,1.642289341E2,1.936343614E1,-1.676741770E0,1.637118265E2
1.173532875E1,1.368601737E-1,3.761322792E-2,1.639203787E-1,9.762093513E-1,1.642676030E2,1.929740240E1,-1.637073010E0,1.637604668E2
1.174537475E1,1.366659189E-1,3.708531230E-2,1.636506863E-1,9.763019479E-1,1.642900741E2,1.925711951E1,-1.586263397E0,1.637935343E2
1.175542075E1,1.365265814E-1,3.653529593E-2,1.635878032E-1,9.763527770E-1,1.643061921E2,1.924038111E1,-1.528518043E0,1.638204229E2
1.176546675E1,1.363152150E-1,3.584034181E-2,1.638298683E-1,9.763674020E-1,1.643306415E2,1.925622418E1,-1.450980217E0,1.638579262E2
1.177551275E1,1.359399816E-1,3.497170580E-2,1.644916897E-1,9.763399644E-1,1.643740441E2,1.931731520E1,-1.350389067E0,1.639170130E2
1.178555875E1,1.353634548E-1,3.394936550E-2,1.656230218E-1,9.762649009E-1,1.644407255E2,1.942978505E1,-1.229005007E0,1.640016190E2
1.179560375E1,1.346329235E-1,3.271929919E-2,1.672046771E-1,9.761383339E-1,1.645252116E2,1.959075648E1,-1.080353903E0,1.641076374E2
1.180564975E1,1.338521953E-1,3.123488719E-2,1.691130864E-1,9.759655318E-1,1.646154937E2,1.978554294E1,-8.993532524E-1,1.642245332E2
1.181569575E1,1.330752603E-1,2.948635669E-2,1.711724078E-1,9.757671887E-1,1.647053276E2,1.999396773E1,-6.867644202E-1,1.643467538E2
1.182574175E1,1.323428745E-1,2.751703992E-2,1.731583304E-1,9.755738611E-1,1.647900017E2,2.019104446E1,-4.501928924E-1,1.644690793E2
1.183578775E1,1.316166000E-1,2.553848773E-2,1.748927259E-1,9.754164848E-1,1.648739611E2,2.035963024E1,-2.167935353E-1,1.645916312E2
1.184583375E1,1.305651626E-1,2.455118727E-2,1.765954691E-1,9.752763465E-1,1.649954958E2,2.054056074E1,-1.016400257E-1,1.647313089E2
1.185587875E1,1.289102244E-1,2.397844847E-2,1.781738739E-1,9.752236630E-1,1.651867542E2,2.071385352E1,-4.766050127E-2,1.649312793E2
1.186592475E1,1.267415583E-1,2.383506489E-2,1.796066771E-1,9.752486560E-1,1.654373206E2,2.087708186E1,-5.517411039E-2,1.651807220E2
1.187597075E1,1.244034198E-1,2.354976761E-2,1.807283996E-1,9.753493870E-1,1.657073893E2,2.100234633E1,-5.569384883E-2,1.654522984E2
1.188601675E1,1.222903032E-1,2.247377437E-2,1.811941697E-1,9.755556115E-1,1.659513980E2,2.104043223E1,2.679990182E-2,1.657149471E2
1.189606275E1,1.210722171E-1,2.101968176E-2,1.811412596E-1,9.757497821E-1,1.660920254E2,2.101352609E1,1.628604961E-1,1.658838501E2
1.190610875E1,1.202641356E-1,1.943630368E-2,1.809579472E-1,9.759165572E-1,1.661853063E2,2.097007374E1,3.202324228E-1,1.660087602E2
1.191615375E1,1.193028924E-1,1.773498819E-2,1.809634631E-1,9.760657991E-1,1.662962555E2,2.094730965E1,4.903374403E-1,1.661534420E2
1.192619975E1,1.181460036E-1,1.612996244E-2,1.814084179E-1,9.761517366E-1,1.664297695E2,2.097734803E1,6.517407986E-1,1.663185001E2
1.193624575E1,1.168595132E-1,1.468147536E-2,1.823516065E-1,9.761537596E-1,1.665782189E2,2.106782018E1,7.996621999E-1,1.664954343E2
1.194629175E1,1.154705217E-1,1.337371660E-2,1.836287245E-1,9.760984629E-1,1.667384705E2,2.119947388E1,9.339213526E-1,1.666815331E2
1.195633775E1,1.141048373E-1,1.222468814E-2,1.850348065E-1,9.760085637E-1,1.668960077E2,2.134865571E1,1.052234967E0,1.668620171E2
1.196638275E1,1.129201737E-1,1.124227671E-2,1.863774049E-1,9.759026908E-1,1.670326433E2,2.149288977E1,1.154519426E0,1.670186172E2
1.197642875E1,1.120204649E-1,1.038345565E-2,1.875291677E-1,9.757953428E-1,1.671364007E2,2.161658290E1,1.246278830E0,1.671402624E2
1.198647475E1,1.114108529E-1,9.593507805E-3,1.884268850E-1,9.757001752E-1,1.672066971E2,2.171155067E1,1.333096585E0,1.672273849E2
1.199652075E1,1.110366310E-1,8.848551721E-3,1.890595408E-1,9.756275562E-1,1.672498475E2,2.177617899E1,1.416455105E0,1.672866313E2
1.200656675E1,1.108337361E-1,8.115649635E-3,1.894590192E-1,9.755795088E-1,1.672732420E2,2.181376179E1,1.499142023E0,1.673259427E2
1.201661275E1,1.107402123E-1,7.289687308E-3,1.896987399E-1,9.755499639E-1,1.672840254E2,2.183156950E1,1.592549250E0,1.673546557E2
1.202665775E1,1.106976439E-1,6.302376309E-3,1.899413161E-1,9.755145605E-1,1.672889335E2,2.184772774E1,1.705144485E0,1.673810968E2
1.203670375E1,1.106783407E-1,5.156371887E-3,1.903785159E-1,9.754382747E-1,1.672911592E2,2.188459163E1,1.838485059E0,1.674086865E2
1.204674975E1,1.106114536E-1,3.939623981E-3,1.911344934E-1,9.753036155E-1,1.672988712E2,2.195780867E1,1.982753443E0,1.674438856E2
1.205679575E1,1.104144171E-1,2.802923477E-3,1.922565268E-1,9.751092764E-1,1.673215891E2,2.207490427E1,2.119824179E0,1.674930369E2
1.206684175E1,1.101208643E-1,1.770209784E-3,1.936623244E-1,9.748667213E-1,1.673554342E2,2.222659739E1,2.246632548E0,1.675517525E2
1.207688775E1,1.098027821E-1,7.745747819E-4,1.952004315E-1,9.745971079E-1,1.673921061E2,2.239437526E1,2.370275006E0,1.676130492E2
1.208693275E1,1.094721822E-1,-1.873216682E-4,1.967175494E-1,9.743295597E-1,1.674302198E2,2.256035999E1,2.489438258E0,1.676752934E2
1.209697875E1,1.091519083E-1,-1.021449947E-3,1.981379404E-1,9.740770579E-1,1.674671418E2,2.271674982E1,2.593187549E0,1.677335898E2
1.210702475E1,1.088886591E-1,-1.654590442E-3,1.994746593E-1,9.738327748E-1,1.674974888E2,2.286572903E1,2.674601178E0,1.677809831E2
1.211707075E1,1.087186808E-1,-2.181815907E-3,2.007690417E-1,9.735847406E-1,1.675170832E2,2.301086690E1,2.745693714E0,1.678155261E2
1.212711675E1,1.086681889E-1,-2.666357151E-3,2.021357586E-1,9.733063185E-1,1.675229036E2,2.316469115E1,2.815605956E0,1.678359585E2
1.213716242E1,1.087105465E-1,-3.121342917E-3,2.036693033E-1,9.729804812E-1,1.675180209E2,2.333811914E1,2.886407810E0,1.678458731E2
1.214720742E1,1.088014994E-1,-3.629317809E-3,2.053922033E-1,9.726063015E-1,1.675075362E2,2.353297773E1,2.966597004E0,1.678522586E2
1.215725342E1,1.089482547E-1,-4.239899203E-3,2.072672955E-1,9.721895535E-1,1.674906188E2,2.374438564E1,3.061440286E0,1.678554137E2
1.216729942E1,1.090690476E-1,-4.935237910E-3,2.092290838E-1,9.717524064E-1,1.674766939E2,2.396516818E1,3.166199917E0,1.678640540E2
1.217734542E1,1.091130910E-1,-5.713848253E-3,2.112738697E-1,9.713006343E-1,1.674716166E2,2.419510623E1,3.279407875E0,1.678839407E2
1.218739142E1,1.092145806E-1,-6.573264641E-3,2.133775665E-1,9.708238692E-1,1.674599168E2,2.443104836E1,3.403700593E0,1.678998666E2
1.219743642E1,1.093309481E-1,-7.591521964E-3,2.154857413E-1,9.703376210E-1,1.674465018E2,2.466593720E1,3.546076106E0,1.679183830E2
1.220748242E1,1.094820445E-1,-8.740171100E-3,2.175617897E-1,9.698475796E-1,1.674290828E2,2.489576898E1,3.703397762E0,1.679365313E2
1.221752842E1,1.096175045E-1,-1.005191800E-2,2.195761456E-1,9.693654196E-1,1.674134663E2,2.511693390E1,3.877686406E0,1.679607329E2
1.222757442E1,1.097340405E-1,-1.141565304E-2,2.215290093E-1,9.688926584E-1,1.674000312E2,2.533069313E1,4.056470295E0,1.679887016E2
1.223762042E1,1.098473734E-1,-1.277082174E-2,2.234300640E-1,9.684262192E-1,1.673869652E2,2.553876833E1,4.233517746E0,1.680172069E2
1.224766642E1,1.099282111E-1,-1.407798517E-2,2.253045451E-1,9.679646269E-1,1.673776455E2,2.574464148E1,4.403999951E0,1.680486554E2
1.225771142E1,1.099741511E-1,-1.527986578E-2,2.271912066E-1,9.675000844E-1,1.673723490E2,2.595344635E1,4.561945114E0,1.680820152E2
1.226775742E1,1.099794616E-1,-1.640850570E-2,2.290998161E-1,9.670307371E-1,1.673717367E2,2.616601864E1,4.710871212E0,1.681187343E2
1.227780342E1,1.099770593E-1,-1.754771394E-2,2.310094055E-1,9.665567115E-1,1.673720137E2,2.637891678E1,4.860682519E0,1.681571078E2
1.228784942E1,1.099862894E-1,-1.879108811E-2,2.329034217E-1,9.660776282E-1,1.673709496E2,2.658918658E1,5.022081578E0,1.681972654E2
1.229789542E1,1.099515183E-1,-2.016642408E-2,2.347572929E-1,9.656049513E-1,1.673749584E2,2.679397072E1,5.196367361E0,1.682461071E2
1.230794042E1,1.097701182E-1,-2.160122924E-2,2.365614941E-1,9.651542329E-1,1.673958719E2,2.699342759E1,5.372576827E0,1.683133010E2
1.231798642E1,1.095943237E-1,-2.296948453E-2,2.382821603E-1,9.647191510E-1,1.674161387E2,2.718404828E1,5.540362710E0,1.683782267E2
1.232803242E1,1.094229968E-1,-2.429614088E-2,2.398654488E-1,9.643137405E-1,1.674358901E2,2.735921857E1,5.701845326E0,1.684412920E2
1.233807842E1,1.093280821E-1,-2.550381668E-2,2.412942270E-1,9.639366948E-1,1.674468322E2,2.751717340E1,5.850238667E0,1.684921645E2
1.234812442E1,1.092836593E-1,-2.663688202E-2,2.425268221E-1,9.636017116E-1,1.674519533E2,2.765263685E1,5.989322650E0,1.685345734E2
1.235817042E1,1.092459800E-1,-2.769790785E-2,2.435465440E-1,9.633188220E-1,1.674562971E2,2.776377696E1,6.118020004E0,1.685732870E2
1.236821542E1,1.091630772E-1,-2.862257810E-2,2.443181580E-1,9.631057697E-1,1.674658542E2,2.784723450E1,6.227366437E0,1.686121020E2
1.237826142E1,1.089982409E-1,-2.942369486E-2,2.448528013E-1,9.629645356E-1,1.674848564E2,2.790436879E1,6.317909543E0,1.686554453E2
1.238830742E1,1.089171503E-1,-3.026577836E-2,2.452050752E-1,9.628579883E-1,1.674942044E2,2.793920120E1,6.413170714E0,1.686893643E2
1.239835342E1,1.087845985E-1,-3.143274030E-2,2.454803784E-1,9.627654760E-1,1.675094845E2,2.796256261E1,6.542125358E0,1.687373061E2
1.240839942E1,1.084314922E-1,-3.296490468E-2,2.458671179E-1,9.626553884E-1,1.675501883E2,2.799756845E1,6.706716640E0,1.688206355E2
1.241844442E1,1.078131979E-1,-3.481102094E-2,2.465152732E-1,9.624940503E-1,1.676214574E2,2.806297188E1,6.901683060E0,1.689441495E2
1.242849042E1,1.069577012E-1,-3.698577725E-2,2.474420192E-1,9.622705034E-1,1.677200603E2,2.816091848E1,7.129495363E0,1.691054433E2
1.243853642E1,1.059506865E-1,-3.944717428E-2,2.485598801E-1,9.619960853E-1,1.678361151E2,2.828127627E1,7.386748338E0,1.692933836E2
1.244858242E1,1.048689034E-1,-4.209619854E-2,2.497190554E-1,9.617021110E-1,1.679607728E2,2.840688038E1,7.662845323E0,1.694957280E2
1.245862842E1,1.037259230E-1,-4.480924386E-2,2.507581965E-1,9.614329191E-1,1.680924670E2,2.851957504E1,7.942684061E0,1.697063747E2
1.246867442E1,1.024986068E-1,-4.746344164E-2,2.515747284E-1,9.612239550E-1,1.682338608E2,2.860822023E1,8.210951260E0,1.699236389E2
1.247871942E1,1.013304226E-1,-4.985776196E-2,2.521720546E-1,9.610699926E-1,1.683684255E2,2.867324765E1,8.449578526E0,1.701257000E2
1.248876542E1,1.002067876E-1,-5.184622920E-2,2.525444010E-1,9.609848560E-1,1.684978433E2,2.871458478E1,8.642006317E0,1.703099344E2
1.249881142E1,9.911042162E-2,-5.336630797E-2,2.526800822E-1,9.609796719E-1,1.686241062E2,2.873089910E1,8.780780522E0,1.704762628E2
1.250885742E1,9.801456141E-2,-5.433238750E-2,2.525721968E-1,9.610662837E-1,1.687502970E2,2.872165972E1,8.855647185E0,1.706251389E2
1.251890342E1,9.692704628E-2,-5.465160773E-2,2.521749417E-1,9.612628144E-1,1.688755132E2,2.868149686E1,8.856151866E0,1.707526442E2
1.252894942E1,9.608950410E-2,-5.445996601E-2,2.511224927E-1,9.616332009E-1,1.689719386E2,2.856392886E1,8.800907835E0,1.708320244E2
1.253899442E1,9.575645970E-2,-5.359748344E-2,2.497088769E-1,9.620829078E-1,1.690102795E2,2.840281111E1,8.682153778E0,1.708331926E2
1.254904042E1,9.571330133E-2,-5.217678693E-2,2.484002489E-1,9.625039548E-1,1.690152479E2,2.825503939E1,8.510528272E0,1.707878675E2
1.255908642E1,9.574250910E-2,-5.027361438E-2,2.474442635E-1,9.628485896E-1,1.690118855E2,2.815163657E1,8.290586693E0,1.707248630E2
1.256913242E1,9.582532766E-2,-4.786690289E-2,2.470547002E-1,9.630629063E-1,1.690023513E2,2.811845968E1,8.021568701E0,1.706473703E2
1.257917842E1,9.595299046E-2,-4.510926620E-2,2.472453409E-1,9.631344295E-1,1.689876545E2,2.815651498E1,7.720482147E0,1.705601631E2
1.258922342E1,9.609949291E-2,-4.223658969E-2,2.478458808E-1,9.630957387E-1,1.689707887E2,2.824444977E1,7.411318049E0,1.704706529E2
1.259926942E1,9.608423575E-2,-3.934570574E-2,2.486895238E-1,9.630022570E-1,1.689725451E2,2.836306512E1,7.098199473E0,1.704000989E2
1.260931542E1,"","","","","","","",""