"Time (s)","w","x","y","z","Direct (°)","Yaw (°)","Pitch (°)","Roll (°)"
2.532833343E-3,9.274843491E-1,2.475249537E-1,4.515766132E-2,2.765228178E-1,4.390798775E1,2.900002154E1,-3.045360629E0,3.241538522E1
1.257983333E-2,9.274599039E-1,2.473785039E-1,4.554923715E-2,2.766717648E-1,4.391547978E1,2.899527440E1,-3.003394047E0,3.244410822E1
2.262583334E-2,9.274241845E-1,2.472725046E-1,4.603375732E-2,2.768060236E-1,4.392642499E1,2.899814723E1,-2.952462975E0,3.247364837E1
3.267183332E-2,9.273590465E-1,2.472405151E-1,4.658263573E-2,2.769608500E-1,4.394637800E1,2.901147232E1,-2.897779185E0,3.250720808E1
4.271783333E-2,9.272558289E-1,2.473200884E-1,4.710694252E-2,2.771465912E-1,4.397797793E1,2.903668637E1,-2.850349415E0,3.254338662E1
5.276483332E-2,9.271145527E-1,2.475262181E-1,4.750555688E-2,2.773673564E-1,4.402119449E1,2.907226541E1,-2.821536432E0,3.257975997E1
6.281083333E-2,9.269661115E-1,2.478294857E-1,4.773862895E-2,2.775527182E-1,4.406655943E1,2.911375225E1,-2.812479234E0,3.260709393E1
7.285683334E-2,9.268341708E-1,2.481697161E-1,4.784049789E-2,2.776714248E-1,4.410684445E1,2.915544926E1,-2.816583621E0,3.262287776E1
8.290283332E-2,9.267256637E-1,2.484707711E-1,4.787457361E-2,2.777586056E-1,4.413994837E1,2.919061076E1,-2.825632241E0,3.263318008E1
9.294983334E-2,9.266528550E-1,2.486715481E-1,4.791411789E-2,2.778149770E-1,4.416214802E1,2.921460166E1,-2.829834546E0,3.264032409E1
1.029958333E-1,9.266153865E-1,2.487215764E-1,4.800193085E-2,2.778800096E-1,4.417356820E1,2.922293130E1,-2.824155359E0,3.265023946E1
1.130418333E-1,9.266091066E-1,2.486276627E-1,4.811272438E-2,2.779659470E-1,4.417548199E1,2.921553858E1,-2.811868757E0,3.266360456E1
1.230878333E-1,9.266197276E-1,2.484441343E-1,4.821887122E-2,2.780763717E-1,4.417224520E1,2.919772583E1,-2.797820301E0,3.267990169E1
1.331348333E-1,9.266284309E-1,2.482451274E-1,4.835088569E-2,2.782022012E-1,4.416959265E1,2.917894156E1,-2.780972500E0,3.269875838E1
1.431808333E-1,9.266535926E-1,2.480536753E-1,4.847287974E-2,2.782674866E-1,4.416192319E1,2.916085932E1,-2.763610937E0,3.271028626E1
1.532268333E-1,9.266928945E-1,2.478778914E-1,4.861905555E-2,2.782678870E-1,4.414994114E1,2.914551363E1,-2.742251530E0,3.271494657E1
1.632728333E-1,9.267414266E-1,2.476918762E-1,4.877179572E-2,2.782451488E-1,4.413514080E1,2.912927458E1,-2.719157528E0,3.271713262E1
1.733198333E-1,9.267950585E-1,2.474814897E-1,4.893249112E-2,2.782254873E-1,4.411877975E1,2.911050987E1,-2.694498294E0,3.271995736E1
1.833658333E-1,9.268548649E-1,2.472592072E-1,4.906348353E-2,2.782009157E-1,4.410052830E1,2.908945535E1,-2.672443007E0,3.272138969E1
1.934118333E-1,9.269306238E-1,2.470418243E-1,4.913231987E-2,2.781296243E-1,4.407739819E1,2.906708672E1,-2.655739094E0,3.271561776E1
2.034588333E-1,9.270281516E-1,2.468217651E-1,4.918488752E-2,2.779907083E-1,4.404760481E1,2.904406029E1,-2.638644882E0,3.270154611E1
2.135048333E-1,9.271452777E-1,2.465798633E-1,4.926519834E-2,2.778000781E-1,4.401179909E1,2.901955811E1,-2.616336503E0,3.268231526E1
2.235508333E-1,9.272786093E-1,2.462747095E-1,4.940380879E-2,2.776011660E-1,4.397100561E1,2.898974153E1,-2.585495892E0,3.266393200E1
2.335968333E-1,9.274208760E-1,2.458876645E-1,4.960863194E-2,2.774324311E-1,4.392743867E1,2.895264469E1,-2.545816631E0,3.265110897E1
2.436438333E-1,9.275592651E-1,2.454538997E-1,4.984550776E-2,2.773113221E-1,4.388501971E1,2.891114261E1,-2.502613941E0,3.264480519E1
2.536898333E-1,9.276895411E-1,2.450312932E-1,5.004431445E-2,2.772134150E-1,4.384505198E1,2.886964104E1,-2.464521339E0,3.264006215E1
2.637358333E-1,9.278064143E-1,2.446914737E-1,5.013966116E-2,2.771053926E-1,4.380916660E1,2.883427370E1,-2.439867673E0,3.263100897E1
2.737818333E-1,9.279162490E-1,2.444571478E-1,5.010403653E-2,2.769507137E-1,4.377541688E1,2.880681903E1,-2.431243083E0,3.261258793E1
2.838288333E-1,9.280168535E-1,2.443227836E-1,4.998764801E-2,2.767532557E-1,4.374448165E1,2.878825399E1,-2.433251858E0,3.258669996E1
2.938748333E-1,9.281071110E-1,2.442144346E-1,4.988722261E-2,2.765642060E-1,4.371671036E1,2.877314302E1,-2.434690039E0,3.256218299E1
3.039208333E-1,9.282030372E-1,2.440553619E-1,4.986936288E-2,2.763856720E-1,4.368717644E1,2.875487625E1,-2.425999154E0,3.254133607E1
3.139678333E-1,9.283172551E-1,2.438032078E-1,4.994686040E-2,2.762109311E-1,4.365198606E1,2.872905825E1,-2.404215154E0,3.252383532E1
3.240138333E-1,9.284503760E-1,2.434568029E-1,5.012672207E-2,2.760364221E-1,4.361093765E1,2.869578046E1,-2.368453593E0,3.250945163E1
3.340598333E-1,9.285801250E-1,2.430698421E-1,5.037790675E-2,2.758948719E-1,4.357089354E1,2.866009078E1,-2.324760909E0,3.250097283E1
3.441058333E-1,9.286949752E-1,2.427109828E-1,5.065160839E-2,2.757743741E-1,4.353541840E1,2.862827971E1,-2.280237672E0,3.249549829E1
3.541528333E-1,9.287895527E-1,2.424134998E-1,5.088915856E-2,2.756739803E-1,4.350618445E1,2.860225398E1,-2.242186606E0,3.249118975E1
3.641988333E-1,9.288641737E-1,2.421846635E-1,5.107725995E-2,2.755885697E-1,4.348310587E1,2.858242106E1,-2.212107964E0,3.248706682E1
3.742448333E-1,9.289270568E-1,2.419783862E-1,5.123919868E-2,2.755278782E-1,4.346364851E1,2.856426961E1,-2.186285810E0,3.248502135E1
3.842908333E-1,9.289912465E-1,2.417399931E-1,5.140480418E-2,2.754899882E-1,4.344377832E1,2.854253770E1,-2.159683894E0,3.248577921E1
3.943378333E-1,9.290615053E-1,2.414549118E-1,5.159105110E-2,2.754678611E-1,4.342201947E1,2.851612557E1,-2.129808860E0,3.248902592E1
4.043838333E-1,9.291210588E-1,2.411544891E-1,5.178912022E-2,2.754930228E-1,4.340356789E1,2.848826277E1,-2.099559971E0,3.249810977E1
4.144298333E-1,9.291598760E-1,2.408831372E-1,5.195263946E-2,2.755688450E-1,4.339153704E1,2.846250688E1,-2.075429641E0,3.251202684E1
4.244768333E-1,9.291810548E-1,2.406902205E-1,5.204777543E-2,2.756481443E-1,4.338497164E1,2.844347378E1,-2.061259861E0,3.252426473E1
4.345228333E-1,9.291882198E-1,2.405864866E-1,5.208200921E-2,2.757079928E-1,4.338275029E1,2.843266320E1,-2.055941917E0,3.253236060E1
4.445688333E-1,9.291831200E-1,2.405113914E-1,5.207038721E-2,2.757928344E-1,4.338433138E1,2.842358741E1,-2.057176360E0,3.254200806E1
4.546148333E-1,9.291791371E-1,2.403436470E-1,5.205843858E-2,2.759547837E-1,4.338556615E1,2.840382054E1,-2.057631647E0,3.256076052E1
4.646618333E-1,9.291920973E-1,2.400453000E-1,5.207153571E-2,2.761679835E-1,4.338154811E1,2.836991497E1,-2.052586706E0,3.258640260E1
4.747078333E-1,9.292100518E-1,2.396247798E-1,5.218866181E-2,2.764504517E-1,4.337598105E1,2.832535207E1,-2.034444778E0,3.262322988E1
4.847538333E-1,9.292334855E-1,2.391096821E-1,5.244725380E-2,2.767689976E-1,4.336871411E1,2.827456579E1,-1.999157722E0,3.266838225E1
4.947998333E-1,9.292538846E-1,2.385590651E-1,5.278698900E-2,2.771105556E-1,4.336238727E1,2.822236367E1,-1.954706170E0,3.271851862E1
5.048468333E-1,9.292628829E-1,2.380168986E-1,5.320657142E-2,2.774662118E-1,4.335959612E1,2.817374261E1,-1.902426787E0,3.277249233E1
5.148928333E-1,9.292519247E-1,2.375161729E-1,5.368504352E-2,2.778398858E-1,4.336299516E1,2.813177663E1,-1.845763161E0,3.283011270E1
5.249388333E-1,9.292093564E-1,2.370581421E-1,5.426502630E-2,2.782603427E-1,4.337619669E1,2.809795726E1,-1.781075149E0,3.289591188E1
5.349858333E-1,9.291597496E-1,2.367028968E-1,5.482101699E-2,2.786192231E-1,4.339157623E1,2.807520968E1,-1.720563766E0,3.295371501E1
5.450318333E-1,9.290921250E-1,2.364641033E-1,5.537789276E-2,2.789372000E-1,4.341253344E1,2.806583934E1,-1.662667046E0,3.300661196E1
5.550778333E-1,9.290132471E-1,2.363149562E-1,5.594760225E-2,2.792121450E-1,4.343696592E1,2.806718509E1,-1.605172717E0,3.305474473E1
5.651238333E-1,9.289252656E-1,2.362419473E-1,5.645645169E-2,2.794640778E-1,4.346420287E1,2.807525613E1,-1.556036798E0,3.309840407E1
5.751708333E-1,9.288259465E-1,2.362073658E-1,5.687808876E-2,2.797380534E-1,4.349493013E1,2.808482490E1,-1.518096837E0,3.314213457E1
5.852168333E-1,9.287226657E-1,2.361923931E-1,5.721285064E-2,2.800253474E-1,4.352686119E1,2.809376377E1,-1.490429678E0,3.318495048E1
5.952628333E-1,9.286254750E-1,2.361883365E-1,5.751056544E-2,2.802896924E-1,4.355688902E1,2.810276949E1,-1.466402631E0,3.322404869E1
6.053088333E-1,9.285355547E-1,2.362090938E-1,5.780270632E-2,2.805100151E-1,4.358465309E1,2.811448667E1,-1.442533362E0,3.325785631E1
6.153558333E-1,9.284470253E-1,2.362618933E-1,5.811491964E-2,2.806940493E-1,4.361197130E1,2.813056669E1,-1.416574278E0,3.328798429E1
6.254018333E-1,9.283398459E-1,2.363716647E-1,5.845713098E-2,2.808851009E-1,4.364502270E1,2.815410676E1,-1.389581214E0,3.331971740E1
6.354478333E-1,9.282131946E-1,2.365313697E-1,5.881020566E-2,2.810951187E-1,4.368404806E1,2.818365770E1,-1.363700071E0,3.335391351E1
6.454938333E-1,9.280858057E-1,2.366808013E-1,5.913576899E-2,2.813217212E-1,4.372326727E1,2.821113199E1,-1.340887480E0,3.338929105E1
6.555408333E-1,9.279726204E-1,2.367898036E-1,5.944903598E-2,2.815374920E-1,4.375808560E1,2.823364952E1,-1.317704771E0,3.342312662E1
6.655868333E-1,9.278833533E-1,2.368137009E-1,5.979849658E-2,2.817372681E-1,4.378552755E1,2.824776926E1,-1.287340000E0,3.345624408E1
6.756328333E-1,9.278040962E-1,2.367691253E-1,6.023402630E-2,2.819430501E-1,4.380987863E1,2.825702998E1,-1.245712171E0,3.349260562E1
6.856798333E-1,9.277186224E-1,2.366982027E-1,6.079355733E-2,2.821634781E-1,4.383612530E1,2.826747626E1,-1.190494045E0,3.353424754E1
6.957258333E-1,9.276206942E-1,2.366680783E-1,6.144812950E-2,2.823689650E-1,4.386617803E1,2.828580369E1,-1.126182532E0,3.357685496E1
7.057718333E-1,9.275094054E-1,2.367170160E-1,6.212559267E-2,2.825453285E-1,4.390030717E1,2.831394383E1,-1.061317819E0,3.361669600E1
7.158178333E-1,9.273900455E-1,2.368570805E-1,6.276585598E-2,2.826781754E-1,4.393688348E1,2.835124552E1,-1.002257122E0,3.365037838E1
7.258648333E-1,9.272752375E-1,2.370590746E-1,6.332617199E-2,2.827604460E-1,4.397203765E1,2.839295019E1,-9.523155722E-1,3.367588312E1
7.359108333E-1,9.271794799E-1,2.372721848E-1,6.379118344E-2,2.827911289E-1,4.400133819E1,2.843276669E1,-9.113384270E-1,3.369268324E1
7.459568333E-1,9.271159435E-1,2.374561453E-1,6.412263679E-2,2.827702873E-1,4.402076922E1,2.846482644E1,-8.819800022E-1,3.369969745E1
7.560038333E-1,9.270800976E-1,2.375820748E-1,6.433343952E-2,2.827341464E-1,4.403172821E1,2.848624917E1,-8.629430149E-1,3.370150380E1
7.660498333E-1,9.270666106E-1,2.376266556E-1,6.445209344E-2,2.827138316E-1,4.403585085E1,2.849533006E1,-8.513272614E-1,3.370254756E1
7.760958333E-1,9.270770631E-1,2.375777179E-1,6.449664793E-2,2.827101227E-1,4.403265584E1,2.849129784E1,-8.448297052E-1,3.370344195E1
7.861418333E-1,9.271103380E-1,2.374314472E-1,6.449308652E-2,2.827251481E-1,4.402248315E1,2.847460768E1,-8.406318767E-1,3.370519796E1
7.961888333E-1,9.271673205E-1,2.371779972E-1,6.448579511E-2,2.827522906E-1,4.400505746E1,2.844564239E1,-8.335111173E-1,3.370832622E1
8.062348333E-1,9.272421312E-1,2.368096706E-1,6.451184713E-2,2.828099897E-1,4.398216984E1,2.840478619E1,-8.198203269E-1,3.371605633E1
8.162810417E-1,9.273327680E-1,2.363303450E-1,6.456943027E-2,2.829005843E-1,4.395442519E1,2.835241522E1,-7.999488910E-1,3.372859094E1
8.263270417E-1,9.274362385E-1,2.357756451E-1,6.462270915E-2,2.830119784E-1,4.392273168E1,2.829136520E1,-7.785463461E-1,3.374346066E1
8.363740417E-1,9.275445980E-1,2.351971006E-1,6.463334596E-2,2.831358480E-1,4.388951731E1,2.822617756E1,-7.611876110E-1,3.375855935E1
8.464200417E-1,9.276529576E-1,2.346613772E-1,6.453400057E-2,2.832478322E-1,4.385627902E1,2.816212116E1,-7.565749292E-1,3.376908201E1
8.564660417E-1,9.277492210E-1,2.342353095E-1,6.431741318E-2,2.833344018E-1,4.382673102E1,2.810651495E1,-7.673843226E-1,3.377322510E1
8.665130417E-1,9.278267080E-1,2.339429210E-1,6.399001120E-2,2.833967581E-1,4.380293266E1,2.806229320E1,-7.938038686E-1,3.377131523E1
8.765590417E-1,9.278897386E-1,2.337691390E-1,6.355984992E-2,2.834304123E-1,4.378356518E1,2.802802484E1,-8.343420867E-1,3.376307259E1
8.866050417E-1,9.279379124E-1,2.336601420E-1,6.307687338E-2,2.834704097E-1,4.376875726E1,2.799930143E1,-8.828842877E-1,3.375404605E1
8.966510417E-1,9.279691222E-1,2.335657172E-1,6.260827945E-2,2.835499619E-1,4.375916130E1,2.797269249E1,-9.315558355E-1,3.375004888E1
9.066980417E-1,9.279932723E-1,2.334449718E-1,6.216153866E-2,2.836687738E-1,4.375173457E1,2.794381987E1,-9.781505523E-1,3.375129164E1
9.167440417E-1,9.280188133E-1,2.332647887E-1,6.176416237E-2,2.838199967E-1,4.374387881E1,2.790986531E1,-1.018418144E0,3.375778362E1
9.267900417E-1,9.280491169E-1,2.330134302E-1,6.145589505E-2,2.839944425E-1,4.373455646E1,2.787085457E1,-1.047474481E0,3.376959498E1
9.368360417E-1,9.280856161E-1,2.326963595E-1,6.123108376E-2,2.841834290E-1,4.372332563E1,2.782721635E1,-1.065850205E0,3.378553628E1
9.468830417E-1,9.281309239E-1,2.323461402E-1,6.103714504E-2,2.843639440E-1,4.370938055E1,2.778088679E1,-1.079562540E0,3.380141699E1
9.569290417E-1,9.281884754E-1,2.319854211E-1,6.080502654E-2,2.845200770E-1,4.369166095E1,2.773210305E1,-1.096248018E0,3.381341252E1
9.669750417E-1,9.282516114E-1,2.316476194E-1,6.051298576E-2,2.846517437E-1,4.367221409E1,2.768391458E1,-1.119358266E0,3.382088371E1
9.770210417E-1,9.283029252E-1,2.313452211E-1,6.018585772E-2,2.847994474E-1,4.365640257E1,2.763852346E1,-1.147858303E0,3.382922875E1
9.870680417E-1,9.283251998E-1,2.311237236E-1,5.987600990E-2,2.849722284E-1,4.364953731E1,2.760283441E1,-1.178019326E0,3.384092467E1
9.971140417E-1,9.283095633E-1,2.310257690E-1,5.960690754E-2,2.851587282E-1,4.365435674E1,2.758245952E1,-1.208497949E0,3.385524003E1
1.007160042E0,9.282486401E-1,2.310947107E-1,5.938006266E-2,2.853486208E-1,4.367312949E1,2.758236323E1,-1.240332153E0,3.387095976E1
1.017207042E0,9.281519131E-1,2.313139165E-1,5.917484966E-2,2.855280399E-1,4.370291898E1,2.759997995E1,-1.274748243E0,3.388589137E1
1.027253042E0,9.280380112E-1,2.316101667E-1,5.900666266E-2,2.856931081E-1,4.373797314E1,2.762756921E1,-1.307488861E0,3.390009022E1
1.037299042E0,9.279304735E-1,2.318885677E-1,5.890017865E-2,2.858382407E-1,4.377104418E1,2.765524493E1,-1.332516233E0,3.391369376E1
1.047345042E0,9.278370129E-1,2.321138689E-1,5.885619314E-2,2.859678634E-1,4.379976682E1,2.767905265E1,-1.348655503E0,3.392729300E1
1.057392042E0,9.277648364E-1,2.322527586E-1,5.887324681E-2,2.860858113E-1,4.382193609E1,2.769517276E1,-1.355021456E0,3.394133672E1
1.067438042E0,9.277139652E-1,2.323289917E-1,5.892187374E-2,2.861789137E-1,4.383755498E1,2.770531194E1,-1.355173066E0,3.395344370E1
1.077484042E0,9.276650537E-1,2.323983075E-1,5.898763863E-2,2.862673589E-1,4.385256716E1,2.771525351E1,-1.353140260E0,3.396549307E1
1.087530042E0,9.276077340E-1,2.324980796E-1,5.906127971E-2,2.863569631E-1,4.387015384E1,2.772890527E1,-1.351359633E0,3.397786448E1
1.097577042E0,9.275344828E-1,2.326732366E-1,5.912311440E-2,2.864394023E-1,4.389261884E1,2.775068723E1,-1.353229295E0,3.398898280E1
1.107623042E0,9.274359645E-1,2.329510318E-1,5.916692078E-2,2.865231692E-1,4.392281562E1,2.778345243E1,-1.360597553E0,3.399962263E1
1.117669042E0,9.273143287E-1,2.333328295E-1,5.919063892E-2,2.866014780E-1,4.396007094E1,2.782730399E1,-1.373535021E0,3.400894064E1
1.127716042E0,9.271749491E-1,2.337875835E-1,5.921115390E-2,2.866775531E-1,4.400272409E1,2.787929752E1,-1.389278468E0,3.401781229E1
1.137762042E0,9.270311862E-1,2.342748748E-1,5.921641172E-2,2.867434286E-1,4.404667748E1,2.793446940E1,-1.407477208E0,3.402501937E1
1.147808042E0,9.269007417E-1,2.347349446E-1,5.920986315E-2,2.867902537E-1,4.408652293E1,2.798619638E1,-1.425440088E0,3.402970417E1
1.157854042E0,9.268051527E-1,2.351076070E-1,5.917589279E-2,2.868012119E-1,4.411569976E1,2.802716763E1,-1.442244016E0,3.402954737E1
1.167901042E0,9.267556723E-1,2.353441404E-1,5.911361556E-2,2.867800542E-1,4.413079556E1,2.805183434E1,-1.456400895E0,3.402502281E1
1.177947042E0,9.267477908E-1,2.354318849E-1,5.904464751E-2,2.867474747E-1,4.413319963E1,2.805946496E1,-1.465786130E0,3.401916861E1
1.187993042E0,9.267697915E-1,2.354139461E-1,5.897445720E-2,2.867054121E-1,4.412648849E1,2.805511821E1,-1.471369172E0,3.401231553E1
1.198039042E0,9.268020338E-1,2.353551302E-1,5.890223857E-2,2.866643190E-1,4.411665143E1,2.804608059E1,-1.475782012E0,3.400557384E1
1.208086042E0,9.268339811E-1,2.353053653E-1,5.882549970E-2,2.866175360E-1,4.410690233E1,2.803792171E1,-1.480822088E0,3.399803073E1
1.218132042E0,9.268582366E-1,2.352882642E-1,5.875820172E-2,2.865673180E-1,4.409949911E1,2.803378536E1,-1.485892363E0,3.399031541E1
1.228178042E0,9.268670032E-1,2.353204855E-1,5.871333640E-2,2.865217151E-1,4.409682311E1,2.803597703E1,-1.490428436E0,3.398370082E1
1.238225042E0,9.268653805E-1,2.353831736E-1,5.868187905E-2,2.864818653E-1,4.409731844E1,2.804205957E1,-1.494765312E0,3.397809223E1
1.248271042E0,9.268699956E-1,2.354381437E-1,5.863129229E-2,2.864322373E-1,4.409590963E1,2.804663858E1,-1.500574812E0,3.397081816E1
1.258317042E0,9.268993298E-1,2.354250887E-1,5.855326794E-2,2.863638751E-1,4.408695403E1,2.804262298E1,-1.506394317E0,3.396068026E1
1.268363042E0,9.269574292E-1,2.353300159E-1,5.848721329E-2,2.862674221E-1,4.406921142E1,2.802977749E1,-1.507300388E0,3.394772232E1
1.278410042E0,9.270387516E-1,2.351528991E-1,5.847454289E-2,2.861522980E-1,4.404436552E1,2.800948305E1,-1.499186241E0,3.393420571E1
1.288456042E0,9.271260166E-1,2.349287727E-1,5.852382309E-2,2.860432851E-1,4.401768916E1,2.798595063E1,-1.483076514E0,3.392320041E1
1.298502042E0,9.272036300E-1,2.347121484E-1,5.858437758E-2,2.859572424E-1,4.399395032E1,2.796361700E1,-1.466701940E0,3.391517487E1
1.308548042E0,9.272627410E-1,2.345587760E-1,5.860182637E-2,2.858880162E-1,4.397586248E1,2.794695869E1,-1.457561645E0,3.390781004E1
1.318595042E0,9.272993455E-1,2.345008820E-1,5.857498410E-2,2.858218245E-1,4.396465801E1,2.793959444E1,-1.456492452E0,3.389942370E1
1.328641042E0,9.273063208E-1,2.345491296E-1,5.854591331E-2,2.857655374E-1,4.396252260E1,2.794414826E1,-1.459603138E0,3.389199287E1
1.338687042E0,9.272910637E-1,2.346655603E-1,5.851436640E-2,2.857259194E-1,4.396719328E1,2.795630741E1,-1.465807004E0,3.388634325E1
1.348734042E0,9.272770077E-1,2.347880127E-1,5.846206743E-2,2.856816441E-1,4.397149583E1,2.796845571E1,-1.474279327E0,3.387955973E1
1.358780042E0,9.272849735E-1,2.348636505E-1,5.839618663E-2,2.856070863E-1,4.396905755E1,2.797489553E1,-1.481698389E0,3.386893139E1
1.368826042E0,9.273075642E-1,2.348938013E-1,5.836544578E-2,2.855152905E-1,4.396214195E1,2.797740048E1,-1.483330264E0,3.385734543E1
1.378872042E0,9.273417453E-1,2.348727490E-1,5.836028279E-2,2.854229468E-1,4.395167627E1,2.797497790E1,-1.480475184E0,3.384648483E1
1.388919042E0,9.273881068E-1,2.347981016E-1,5.836277472E-2,2.853331740E-1,4.393747735E1,2.796674406E1,-1.475041599E0,3.383620673E1
1.398965042E0,9.274371025E-1,2.346824665E-1,5.837694133E-2,2.852659708E-1,4.392246693E1,2.795423367E1,-1.467617732E0,3.382893540E1
1.409011042E0,9.274874680E-1,2.345304849E-1,5.841647507E-2,2.852189771E-1,4.390703179E1,2.793843780E1,-1.456844466E0,3.382477501E1
1.419057042E0,9.275391190E-1,2.343785245E-1,5.847076021E-2,2.851649659E-1,4.389119733E1,2.792315292E1,-1.444307578E0,3.382021266E1
1.429104042E0,9.275940784E-1,2.342576737E-1,5.850362949E-2,2.850788177E-1,4.387434262E1,2.791070897E1,-1.434180660E0,3.381126663E1
1.439150042E0,9.276453290E-1,2.342014866E-1,5.848879906E-2,2.849612280E-1,4.385861980E1,2.790401517E1,-1.430421067E0,3.379723898E1
1.449196042E0,9.276834087E-1,2.342115808E-1,5.845341678E-2,2.848360730E-1,4.384693412E1,2.790413642E1,-1.430897917E0,3.378166890E1
1.459243042E0,9.277115417E-1,2.342681524E-1,5.839463247E-2,2.847098221E-1,4.383829891E1,2.790873061E1,-1.435417388E0,3.376525564E1
1.469289042E0,9.277321937E-1,2.343712489E-1,5.830738322E-2,2.845755422E-1,4.383195893E1,2.791764583E1,-1.444314703E0,3.374705100E1
1.479335042E0,9.277572921E-1,2.344620016E-1,5.822813661E-2,2.844352143E-1,4.382425273E1,2.792544578E1,-1.451763543E0,3.372838357E1
1.489381042E0,9.277899770E-1,2.345115873E-1,5.819026767E-2,2.842953078E-1,4.381421528E1,2.792997760E1,-1.453428577E0,3.371097873E1
1.499428042E0,9.278385934E-1,2.344725014E-1,5.819774346E-2,2.841674554E-1,4.379928124E1,2.792598364E1,-1.447599136E0,3.369636706E1
1.509474042E0,9.279091051E-1,2.343290915E-1,5.828181062E-2,2.840381910E-1,4.377761279E1,2.791275367E1,-1.430043544E0,3.368387347E1
1.519520042E0,9.280027764E-1,2.341074465E-1,5.842379809E-2,2.838861884E-1,4.374881150E1,2.789264625E1,-1.403018642E0,3.367046068E1
1.529566042E0,9.281085229E-1,2.338427169E-1,5.860284317E-2,2.837212677E-1,4.371627579E1,2.786891401E1,-1.370227838E0,3.365662415E1
1.539613042E0,9.282235416E-1,2.335639734E-1,5.877267916E-2,2.835396570E-1,4.368086104E1,2.784331032E1,-1.337458181E0,3.364060208E1
1.549659042E0,9.283477695E-1,2.332328362E-1,5.894237291E-2,2.833700791E-1,4.364258007E1,2.781175241E1,-1.303268998E0,3.362602434E1
1.559705042E0,9.284896358E-1,2.327796047E-1,5.915492474E-2,2.832335233E-1,4.359882470E1,2.776777889E1,-1.261325578E0,3.361661491E1
1.569752042E0,9.286594876E-1,2.321443148E-1,5.944098593E-2,2.831382715E-1,4.354638282E1,2.770563788E1,-1.206566918E0,3.361424464E1
1.579798042E0,9.288471885E-1,2.313955444E-1,5.980048801E-2,2.830599837E-1,4.348836003E1,2.763312811E1,-1.140639949E0,3.361597586E1
1.589844042E0,9.290410851E-1,2.305963927E-1,6.022906351E-2,2.829848569E-1,4.342834457E1,2.755726425E1,-1.065764411E0,3.361998974E1
1.599890042E0,9.292345602E-1,2.298339194E-1,6.066504632E-2,2.828766870E-1,4.336838080E1,2.748585721E1,-9.904183363E-1,3.362026301E1
1.609937042E0,9.294213972E-1,2.291569303E-1,6.107126291E-2,2.827248320E-1,4.331039939E1,2.742317113E1,-9.199136495E-1,3.361448956E1
1.619983042E0,9.296009217E-1,2.285608685E-1,6.141832114E-2,2.825419357E-1,4.325461758E1,2.736767187E1,-8.575782134E-1,3.360334119E1
1.630029042E0,9.297774116E-1,2.280222371E-1,6.169003660E-2,2.823367859E-1,4.319971183E1,2.731613861E1,-8.045809957E-1,3.358742193E1
1.640075042E0,9.299603711E-1,2.275154318E-1,6.187222689E-2,2.821035031E-1,4.314272318E1,2.726520712E1,-7.613894946E-1,3.356569396E1
1.650122042E0,9.301443000E-1,2.270380397E-1,6.196313237E-2,2.818616645E-1,4.308536024E1,2.721452048E1,-7.286690216E-1,3.354039014E1
1.660168042E0,9.303215485E-1,2.265795557E-1,6.199380474E-2,2.816388130E-1,4.303001180E1,2.716392402E1,-7.035439279E-1,3.351559843E1
1.670214042E0,9.304879654E-1,2.261303125E-1,6.200893546E-2,2.814466023E-1,4.297798394E1,2.711382474E1,-6.812674475E-1,3.349392430E1
1.680261042E0,9.306312225E-1,2.257210718E-1,6.201670629E-2,2.812995520E-1,4.293314852E1,2.706796540E1,-6.624173591E-1,3.347726895E1
1.690307042E0,9.307473371E-1,2.253898029E-1,6.201101119E-2,2.811825102E-1,4.289677520E1,2.703044231E1,-6.484974483E-1,3.346368547E1
1.700353042E0,9.308400812E-1,2.251449455E-1,6.196499210E-2,2.810814210E-1,4.286770163E1,2.700130677E1,-6.422490521E-1,3.345078826E1
1.710399042E0,9.309157980E-1,2.249832649E-1,6.187419199E-2,2.809802475E-1,4.284395187E1,2.698006241E1,-6.435815743E-1,3.343660395E1
1.720446042E0,9.309751197E-1,2.249009258E-1,6.175159207E-2,2.808765030E-1,4.282533593E1,2.696671060E1,-6.509157978E-1,3.342119959E1
1.730492042E0,9.310209755E-1,2.248852682E-1,6.161370866E-2,2.807671741E-1,4.281094048E1,2.696038139E1,-6.619810702E-1,3.340468774E1
1.740538042E0,9.310615629E-1,2.249058095E-1,6.145062670E-2,2.806519867E-1,4.279819508E1,2.695730453E1,-6.767872680E-1,3.338678369E1
1.750584042E0,9.311066600E-1,2.249253604E-1,6.127515356E-2,2.805252090E-1,4.278402927E1,2.695371420E1,-6.925544075E-1,3.336719306E1
1.760631042E0,9.311596808E-1,2.249036600E-1,6.111924710E-2,2.804007072E-1,4.276736881E1,2.694612504E1,-7.049124849E-1,3.334843308E1
1.770677042E0,9.312195293E-1,2.248198458E-1,6.100448650E-2,2.802940757E-1,4.274855543E1,2.693288951E1,-7.112997275E-1,3.333292399E1
1.780723042E0,9.312806844E-1,2.246718735E-1,6.092697318E-2,2.802260928E-1,4.272932319E1,2.691362863E1,-7.126412770E-1,3.332297675E1
1.790770042E0,9.313369082E-1,2.245074270E-1,6.087210852E-2,2.801830187E-1,4.271163444E1,2.689325149E1,-7.117152243E-1,3.331656461E1
1.800816042E0,9.313910037E-1,2.243436233E-1,6.085666170E-2,2.801378584E-1,4.269460873E1,2.687426768E1,-7.065659635E-1,3.331099010E1
1.810862042E0,9.314348786E-1,2.242132525E-1,6.087667091E-2,2.800920448E-1,4.268079503E1,2.686024539E1,-6.987615583E-1,3.330628821E1
1.820907708E0,9.314689122E-1,2.241636720E-1,6.087820400E-2,2.800179717E-1,4.267007686E1,2.685474548E1,-6.948661340E-1,3.329773766E1
1.830954708E0,9.315001430E-1,2.241662693E-1,6.083914968E-2,2.799204860E-1,4.266023911E1,2.685379832E1,-6.963962877E-1,3.328532046E1
1.841000708E0,9.315337762E-1,2.241743562E-1,6.079112862E-2,2.798124215E-1,4.264964218E1,2.685317870E1,-6.987714233E-1,3.327142286E1
1.851046708E0,9.315677044E-1,2.241649101E-1,6.076211578E-2,2.797137557E-1,4.263894976E1,2.685121187E1,-6.987948395E-1,3.325915506E1
1.861092708E0,9.316044354E-1,2.241203451E-1,6.076908581E-2,2.796252684E-1,4.262737117E1,2.684646816E1,-6.940936687E-1,3.324907272E1
1.871139708E0,9.316396280E-1,2.240666236E-1,6.080089088E-2,2.795441357E-1,4.261627469E1,2.684151619E1,-6.866480599E-1,3.324053424E1
1.881185708E0,9.316660119E-1,2.240447125E-1,6.082756457E-2,2.794682714E-1,4.260795385E1,2.683998372E1,-6.809665206E-1,3.323245142E1
1.891231708E0,9.316824913E-1,2.240714863E-1,6.082572064E-2,2.793921963E-1,4.260275586E1,2.684299527E1,-6.799525110E-1,3.322353098E1
1.901277708E0,9.316894877E-1,2.241282634E-1,6.081336635E-2,2.793259415E-1,4.260054886E1,2.684903865E1,-6.813389713E-1,3.321544752E1
1.911324708E0,9.316930491E-1,2.241771327E-1,6.081336635E-2,2.792749227E-1,4.259942537E1,2.685459234E1,-6.815677849E-1,3.320948141E1
1.921370708E0,9.317010570E-1,2.242033744E-1,6.081296068E-2,2.792272125E-1,4.259689909E1,2.685757394E1,-6.811693011E-1,3.320390241E1
1.931416708E0,9.317124788E-1,2.242389884E-1,6.081871373E-2,2.791592296E-1,4.259329556E1,2.686183283E1,-6.798680492E-1,3.319612758E1
1.941463708E0,9.317219829E-1,2.243113230E-1,6.081889285E-2,2.790693936E-1,4.259029684E1,2.687006858E1,-6.797874508E-1,3.318563576E1
1.951509708E0,9.317263030E-1,2.244190187E-1,6.079901008E-2,2.789728563E-1,4.258893371E1,2.688163598E1,-6.828417987E-1,3.317379411E1
1.961555708E0,9.317286632E-1,2.245276627E-1,6.076115167E-2,2.788854437E-1,4.258818896E1,2.689270360E1,-6.880918959E-1,3.316251679E1
1.971601708E0,9.317344795E-1,2.245835337E-1,6.072020074E-2,2.788299785E-1,4.258635364E1,2.689768896E1,-6.927821246E-1,3.315490697E1
1.981648708E0,9.317462806E-1,2.245745775E-1,6.069655636E-2,2.788028359E-1,4.258262955E1,2.689590740E1,-6.942399745E-1,3.315110610E1
1.991694708E0,9.317597465E-1,2.245040289E-1,6.069739402E-2,2.788146581E-1,4.257837973E1,2.688795822E1,-6.921069431E-1,3.315254991E1
2.001740708E0,9.317746033E-1,2.243754178E-1,6.071513785E-2,2.788646232E-1,4.257369048E1,2.687398590E1,-6.872842674E-1,3.315892849E1
2.011786708E0,9.317861515E-1,2.242225196E-1,6.072722346E-2,2.789464724E-1,4.257004517E1,2.685706270E1,-6.831302746E-1,3.316887743E1
2.021833708E0,9.317911038E-1,2.240762963E-1,6.073029491E-2,2.790463815E-1,4.256848185E1,2.684057977E1,-6.806590612E-1,3.318067317E1
2.031879708E0,9.317857933E-1,2.239664669E-1,6.073237591E-2,2.791519172E-1,4.257015826E1,2.682817540E1,-6.796703436E-1,3.319307843E1
2.041925708E0,9.317758466E-1,2.238978308E-1,6.072255569E-2,2.792423643E-1,4.257329803E1,2.682003716E1,-6.809132146E-1,3.320337750E1
2.051972708E0,9.317558058E-1,2.238780376E-1,6.070643979E-2,2.793287443E-1,4.257962346E1,2.681720870E1,-6.843563037E-1,3.321300246E1
2.062018708E0,9.317226362E-1,2.239215911E-1,6.069418033E-2,2.794071796E-1,4.259009071E1,2.682166755E1,-6.893030181E-1,3.322176879E1
2.072064708E0,9.316794568E-1,2.240171748E-1,6.068640950E-2,2.794759843E-1,4.260371308E1,2.683215645E1,-6.952600249E-1,3.322950223E1
2.082110708E0,9.316325684E-1,2.241546789E-1,6.064927813E-2,2.795301219E-1,4.261850085E1,2.684641163E1,-7.053451308E-1,3.323470059E1
2.092157708E0,9.315871762E-1,2.243161330E-1,6.059985041E-2,2.795626171E-1,4.263281208E1,2.686297618E1,-7.169449473E-1,3.323702660E1
2.102203708E0,9.315427956E-1,2.244806743E-1,6.054940063E-2,2.795892118E-1,4.264679998E1,2.687985879E1,-7.285946986E-1,3.323863239E1
2.112249708E0,9.315038730E-1,2.246199485E-1,6.050948757E-2,2.796156589E-1,4.265906401E1,2.689424040E1,-7.382688584E-1,3.324052514E1
2.122295708E0,9.314746231E-1,2.247064549E-1,6.048236607E-2,2.796494607E-1,4.266827808E1,2.690308325E1,-7.450093440E-1,3.324365807E1
2.132342708E0,9.314621476E-1,2.247071346E-1,6.048672300E-2,2.796895845E-1,4.267220743E1,2.690327717E1,-7.456857652E-1,3.324844668E1
2.142388708E0,9.314630327E-1,2.246418386E-1,6.052260051E-2,2.797312677E-1,4.267192867E1,2.689706872E1,-7.408300069E-1,3.325432342E1
2.152434708E0,9.314747706E-1,2.245248336E-1,6.058947175E-2,2.797716234E-1,4.266823162E1,2.688605630E1,-7.308977226E-1,3.326092863E1
2.162481708E0,9.314903649E-1,2.243953427E-1,6.068202096E-2,2.798036550E-1,4.266331945E1,2.687449957E1,-7.175818423E-1,3.326727618E1
2.172527708E0,9.315026297E-1,2.242914718E-1,6.078165611E-2,2.798246019E-1,4.265945571E1,2.686608274E1,-7.040681791E-1,3.327250970E1
2.182573708E0,9.315080455E-1,2.242388831E-1,6.087609666E-2,2.798281212E-1,4.265774946E1,2.686329595E1,-6.923528681E-1,3.327553801E1
2.192619708E0,9.315060857E-1,2.242572380E-1,6.095775618E-2,2.798023484E-1,4.265836690E1,2.686811593E1,-6.835756064E-1,3.327476557E1
2.202666708E0,9.315042945E-1,2.243124399E-1,6.100806898E-2,2.797531420E-1,4.265893123E1,2.687606406E1,-6.787223780E-1,3.327038430E1
2.212712708E0,9.315136300E-1,2.243631636E-1,6.100886977E-2,2.796810076E-1,4.265599002E1,2.688186519E1,-6.783430931E-1,3.326197913E1
2.222758708E0,9.315447554E-1,2.243490181E-1,6.097604265E-2,2.795957656E-1,4.264618237E1,2.687922595E1,-6.789849440E-1,3.325116754E1
2.232804708E0,9.315990195E-1,2.242360329E-1,6.094842592E-2,2.795115773E-1,4.262907858E1,2.686559694E1,-6.757705032E-1,3.324068209E1
2.242851708E0,9.316586573E-1,2.240466355E-1,6.096217633E-2,2.794617176E-1,4.261027347E1,2.684469717E1,-6.665389255E-1,3.323537087E1
2.252897708E0,9.317042813E-1,2.238316971E-1,6.101331100E-2,2.794708845E-1,4.259588189E1,2.682212539E1,-6.541119151E-1,3.323796638E1
2.262943708E0,9.317212875E-1,2.236840303E-1,6.105891915E-2,2.795225776E-1,4.259051626E1,2.680694113E1,-6.457189948E-1,3.324531750E1
2.272989708E0,9.317074001E-1,2.236630254E-1,6.106034688E-2,2.795848496E-1,4.259489791E1,2.680457478E1,-6.465870020E-1,3.325261220E1
2.283036708E0,9.316627455E-1,2.237823484E-1,6.101465443E-2,2.796485546E-1,4.260898407E1,2.681648591E1,-6.572347972E-1,3.325871015E1
2.293082708E0,9.315960060E-1,2.239998209E-1,6.093502322E-2,2.797137768E-1,4.263002860E1,2.683834040E1,-6.748466281E-1,3.326398905E1
2.303128708E0,9.315286343E-1,2.242462219E-1,6.083362844E-2,2.797630254E-1,4.265126243E1,2.686274986E1,-6.953053205E-1,3.326679514E1
2.313175708E0,9.314824624E-1,2.244399393E-1,6.073278157E-2,2.797833191E-1,4.266580879E1,2.688124659E1,-7.131251491E-1,3.326627227E1
2.323221708E0,9.314599560E-1,2.245268251E-1,6.066804401E-2,2.798026224E-1,4.267289768E1,2.688888512E1,-7.234747947E-1,3.326668959E1
2.333267708E0,9.314517373E-1,2.245025801E-1,6.064386226E-2,2.798545894E-1,4.267548604E1,2.688530253E1,-7.266728059E-1,3.327209016E1
2.343313708E0,9.314484920E-1,2.244008639E-1,6.065433048E-2,2.799444887E-1,4.267650807E1,2.687410028E1,-7.246276329E-1,3.328290427E1
2.353360708E0,9.314431394E-1,2.242781113E-1,6.068016650E-2,2.800550398E-1,4.267819371E1,2.686102385E1,-7.208103015E-1,3.329655813E1
2.363406708E0,9.314373020E-1,2.241596997E-1,6.072107002E-2,2.801603437E-1,4.268003190E1,2.684894658E1,-7.153894983E-1,3.331001059E1
2.373452708E0,9.314236254E-1,2.240757958E-1,6.077646151E-2,2.802608429E-1,4.268433843E1,2.684125557E1,-7.094589741E-1,3.332327760E1
2.383498708E0,9.314031420E-1,2.240359407E-1,6.083779045E-2,2.803480026E-1,4.269078750E1,2.683875203E1,-7.040131712E-1,3.333513116E1
2.393545708E0,9.313774746E-1,2.240506342E-1,6.089219676E-2,2.804096634E-1,4.269886742E1,2.684219032E1,-7.004403005E-1,3.334378811E1
2.403591708E0,9.313468971E-1,2.241150714E-1,6.092341177E-2,2.804528850E-1,4.270849111E1,2.685048169E1,-7.005028003E-1,3.334963291E1
2.413637708E0,9.313123366E-1,2.242212077E-1,6.091575158E-2,2.804845794E-1,4.271936584E1,2.686218873E1,-7.057872858E-1,3.335304658E1
2.423683708E0,9.312745520E-1,2.243556983E-1,6.086559683E-2,2.805130075E-1,4.273125209E1,2.687567362E1,-7.164577340E-1,3.335489344E1
2.433730708E0,9.312415510E-1,2.244923437E-1,6.078538611E-2,2.805304984E-1,4.274163092E1,2.688840516E1,-7.300908111E-1,3.335464244E1
2.443776708E0,9.312196346E-1,2.246071306E-1,6.068899627E-2,2.805327744E-1,4.274852231E1,2.689814311E1,-7.442789633E-1,3.335219495E1
2.453822708E0,9.312106363E-1,2.246635284E-1,6.062730908E-2,2.805303931E-1,4.275135144E1,2.690244633E1,-7.526765238E-1,3.335018631E1
2.463869708E0,9.312157361E-1,2.246251747E-1,6.061618232E-2,2.805469568E-1,4.274974807E1,2.689773344E1,-7.530218757E-1,3.335183850E1
2.473915708E0,9.312375049E-1,2.244940559E-1,6.065525244E-2,2.805712123E-1,4.274290326E1,2.688421709E1,-7.451094672E-1,3.335582022E1
2.483961708E0,9.312736880E-1,2.242819255E-1,6.072930973E-2,2.806046558E-1,4.273152385E1,2.686271861E1,-7.309930013E-1,3.336188059E1
2.494007708E0,9.313247278E-1,2.240212789E-1,6.080495278E-2,2.806271201E-1,4.271546716E1,2.683580687E1,-7.147593507E-1,3.336673478E1
2.504054708E0,9.313786126E-1,2.237463761E-1,6.086456950E-2,2.806548316E-1,4.269850923E1,2.680674961E1,-6.998903041E-1,3.337176673E1
2.514100708E0,9.314262385E-1,2.234767521E-1,6.091201631E-2,2.807009403E-1,4.268351565E1,2.677786841E1,-6.870025096E-1,3.337859624E1
2.524146708E0,9.314608411E-1,2.232314575E-1,6.094149803E-2,2.807749080E-1,4.267261893E1,2.675111943E1,-6.776155005E-1,3.338816402E1
2.534192708E0,9.314905546E-1,2.229922425E-1,6.096892510E-2,2.808604240E-1,4.266325970E1,2.672498346E1,-6.689683969E-1,3.339901450E1
2.544239708E0,9.315149998E-1,2.227564414E-1,6.101363237E-2,2.809568560E-1,4.265555845E1,2.669981011E1,-6.588971587E-1,3.341160457E1
2.554285708E0,9.315330597E-1,2.225127800E-1,6.109802089E-2,2.810714743E-1,4.264986796E1,2.667507243E1,-6.448396557E-1,3.342739308E1
2.564331708E0,9.315473053E-1,2.222533977E-1,6.120510550E-2,2.812063442E-1,4.264537880E1,2.664932018E1,-6.283885168E-1,3.344616707E1
2.574377708E0,9.315514568E-1,2.220047102E-1,6.132193656E-2,2.813635309E-1,4.264407049E1,2.662509584E1,-6.118720919E-1,3.346779434E1
2.584424708E0,9.315416366E-1,2.217998713E-1,6.143780352E-2,2.815323290E-1,4.264716522E1,2.660578815E1,-5.972577026E-1,3.349072170E1
2.594470708E0,9.315212796E-1,2.216538957E-1,6.153596353E-2,2.816929507E-1,4.265357981E1,2.659253426E1,-5.862927803E-1,3.351217985E1
2.604516708E0,9.314935892E-1,2.215480597E-1,6.161832374E-2,2.818500320E-1,4.266230376E1,2.658328617E1,-5.782679492E-1,3.353277890E1
2.614563708E0,9.314648239E-1,2.214516646E-1,6.169436192E-2,2.820042262E-1,4.267136451E1,2.657489349E1,-5.711541117E-1,3.355286298E1
2.624609708E0,9.314358269E-1,2.213421618E-1,6.178454037E-2,2.821658172E-1,4.268049642E1,2.656549662E1,-5.622934785E-1,3.357419687E1
2.634655708E0,9.314146270E-1,2.211933834E-1,6.189049755E-2,2.823293049E-1,4.268717162E1,2.655221089E1,-5.504672976E-1,3.359620392E1
2.644701708E0,9.314054601E-1,2.210130845E-1,6.198509088E-2,2.824799166E-1,4.269005771E1,2.653499912E1,-5.384170034E-1,3.361641486E1
2.654748708E0,9.314100752E-1,2.208270061E-1,6.203307507E-2,2.825997190E-1,4.268860474E1,2.651558170E1,-5.302707013E-1,3.363177110E1
2.664794708E0,9.314257538E-1,2.206526130E-1,6.202242245E-2,2.826867101E-1,4.268366826E1,2.649551838E1,-5.278482347E-1,3.364170565E1
2.674840708E0,9.314526013E-1,2.204980605E-1,6.195663122E-2,2.827332824E-1,4.267521394E1,2.647584728E1,-5.308501371E-1,3.364542373E1
2.684886708E0,9.314874146E-1,2.203557148E-1,6.184215511E-2,2.827545244E-1,4.266424882E1,2.645591814E1,-5.387471078E-1,3.364486538E1
2.694933708E0,9.315309313E-1,2.202629548E-1,6.164730496E-2,2.827259278E-1,4.265053864E1,2.643888825E1,-5.555115522E-1,3.363630176E1
2.704979708E0,9.315958585E-1,2.202314712E-1,6.132730502E-2,2.826061254E-1,4.263007510E1,2.642459318E1,-5.851718979E-1,3.361369831E1
2.715025708E0,9.316572664E-1,2.203307375E-1,6.089701730E-2,2.824192884E-1,4.261071213E1,2.642137323E1,-6.291777627E-1,3.358024148E1
2.725072708E0,9.317054192E-1,2.205652110E-1,6.034640034E-2,2.821954675E-1,4.259552287E1,2.642940432E1,-6.895638595E-1,3.353915649E1
2.735118708E0,9.317340369E-1,2.209378997E-1,5.970580512E-2,2.819454946E-1,4.258649328E1,2.645007496E1,-7.634905280E-1,3.349251052E1
2.745164708E0,9.317426560E-1,2.214265345E-1,5.907408181E-2,2.816665457E-1,4.258377341E1,2.648422289E1,-8.395971606E-1,3.344263317E1
2.755210708E0,9.317476293E-1,2.219346885E-1,5.852708948E-2,2.813644371E-1,4.258220392E1,2.652351287E1,-9.066921966E-1,3.339230323E1
2.765257708E0,9.317550682E-1,2.223741116E-1,5.811147940E-2,2.810789132E-1,4.257985624E1,2.655948619E1,-9.579164014E-1,3.334747685E1
2.775303708E0,9.317619592E-1,2.226714734E-1,5.787141622E-2,2.808699702E-1,4.257768136E1,2.658524486E1,-9.877532151E-1,3.331640848E1
2.785349708E0,9.317782911E-1,2.227639120E-1,5.781103032E-2,2.807549304E-1,4.257252641E1,2.659377907E1,-9.941320622E-1,3.330129887E1
2.795395708E0,9.318094166E-1,2.226567009E-1,5.790243630E-2,2.807179887E-1,4.256270043E1,2.658475494E1,-9.797718736E-1,3.329955481E1
2.805442708E0,9.318616365E-1,2.223797066E-1,5.808715013E-2,2.807262073E-1,4.254621026E1,2.655963139E1,-9.509960213E-1,3.330572944E1
2.815488667E0,9.319290504E-1,2.220200780E-1,5.829641977E-2,2.807434243E-1,4.252491310E1,2.652599509E1,-9.170638196E-1,3.331366937E1
2.825534667E0,9.319924603E-1,2.216696955E-1,5.847739307E-2,2.807719788E-1,4.250487156E1,2.649245921E1,-8.867620275E-1,3.332214829E1
2.835580667E0,9.320283062E-1,2.214427768E-1,5.856963145E-2,2.808129245E-1,4.249353801E1,2.646989498E1,-8.704067174E-1,3.332957932E1
2.845627667E0,9.320236279E-1,2.214066149E-1,5.854339504E-2,2.808625313E-1,4.249501733E1,2.646489809E1,-8.733354999E-1,3.333468274E1
2.855673667E0,9.319758755E-1,2.215629797E-1,5.841427817E-2,2.809244450E-1,4.251011427E1,2.647818133E1,-8.940520154E-1,3.333830037E1
2.865719667E0,9.318932045E-1,2.218685338E-1,5.820658903E-2,2.810007097E-1,4.253623868E1,2.650566854E1,-9.285635233E-1,3.334135216E1
2.875765667E0,9.317950234E-1,2.222364652E-1,5.795542543E-2,2.810876798E-1,4.256724447E1,2.653874004E1,-9.701046207E-1,3.334441738E1
2.885812667E0,9.316969266E-1,2.225890974E-1,5.772310146E-2,2.811817305E-1,4.259820214E1,2.657070877E1,-1.009323243E0,3.334881094E1
2.895858667E0,9.316092401E-1,2.228653015E-1,5.753553218E-2,2.812915862E-1,4.262585636E1,2.659552509E1,-1.041637440E0,3.335630388E1
2.905904667E0,9.315359467E-1,2.230199172E-1,5.741581406E-2,2.814361078E-1,4.264895821E1,2.660884229E1,-1.063581071E0,3.336977164E1
2.915951667E0,9.314834107E-1,2.230092172E-1,5.735623422E-2,2.816305101E-1,4.266551008E1,2.660544864E1,-1.074911126E0,3.339082794E1
2.925997667E0,9.314642550E-1,2.228318685E-1,5.730594776E-2,2.818444686E-1,4.267154371E1,2.658353321E1,-1.080145301E0,3.341457804E1
2.936043667E0,9.314764354E-1,2.225180009E-1,5.724776404E-2,2.820641801E-1,4.266770724E1,2.654594308E1,-1.081741465E0,3.343892530E1
2.946089667E0,9.315115437E-1,2.220895993E-1,5.719933731E-2,2.822951870E-1,4.265664732E1,2.649574284E1,-1.078712003E0,3.346496243E1
2.956136667E0,9.315583056E-1,2.215776994E-1,5.717498170E-2,2.825481734E-1,4.264191202E1,2.643691765E1,-1.070868346E0,3.349429707E1
2.966182667E0,9.315985559E-1,2.210542672E-1,5.716580422E-2,2.828269748E-1,4.262922474E1,2.637728343E1,-1.061697580E0,3.352705791E1
2.976228667E0,9.316251927E-1,2.205851043E-1,5.715240679E-2,2.831083472E-1,4.262082657E1,2.632364244E1,-1.054859113E0,3.355996115E1
2.986274667E0,9.316236122E-1,2.202162140E-1,5.712941569E-2,2.834050399E-1,4.262132493E1,2.628097784E1,-1.052843108E0,3.359430255E1
2.996321667E0,9.315933507E-1,2.199401890E-1,5.711658724E-2,2.837213099E-1,4.263086565E1,2.624911091E1,-1.053417689E0,3.363111878E1
3.006367667E0,9.315521311E-1,2.197239441E-1,5.708245883E-2,2.840310049E-1,4.264385797E1,2.622327712E1,-1.058098499E0,3.366655281E1
3.016413667E0,9.315069708E-1,2.194981318E-1,5.706411441E-2,2.843571162E-1,4.265808806E1,2.619687882E1,-1.061205485E0,3.370433603E1
3.026459667E0,9.314744545E-1,2.192106113E-1,5.706223361E-2,2.846858405E-1,4.266833119E1,2.616408390E1,-1.060507364E0,3.374292868E1
3.036506667E0,9.314570900E-1,2.188451665E-1,5.706468866E-2,2.850230996E-1,4.267380031E1,2.612265224E1,-1.056894207E0,3.378271021E1
3.046552667E0,9.314482391E-1,2.184211218E-1,5.707274398E-2,2.853753630E-1,4.267658771E1,2.607480315E1,-1.051058353E0,3.382445202E1
3.056598667E0,9.314356794E-1,2.179892061E-1,5.706991487E-2,2.857466767E-1,4.268054287E1,2.602569205E1,-1.046592689E0,3.386814345E1
3.066644667E0,9.314165236E-1,2.175804449E-1,5.704180292E-2,2.861264409E-1,4.268657448E1,2.597834023E1,-1.045802362E0,3.391214804E1
3.076691667E0,9.313933429E-1,2.172222283E-1,5.698847662E-2,2.864842676E-1,4.269387237E1,2.593584979E1,-1.048807766E0,3.395288446E1
3.086737667E0,9.313618592E-1,2.169346762E-1,5.692325964E-2,2.868174385E-1,4.270378233E1,2.590094045E1,-1.054817039E0,3.399037546E1
3.096783667E0,9.313131164E-1,2.167155600E-1,5.684888626E-2,2.871556458E-1,4.271912053E1,2.587341365E1,-1.064271080E0,3.402815760E1
3.106830667E0,9.312450492E-1,2.165469568E-1,5.679113981E-2,2.875148634E-1,4.274053085E1,2.585211299E1,-1.074244316E0,3.406879643E1
3.116876667E0,9.311600390E-1,2.164108646E-1,5.680066500E-2,2.878906869E-1,4.276725621E1,2.583673737E1,-1.078618143E0,3.411311614E1
3.126922667E0,9.310443248E-1,2.163190846E-1,5.693530837E-2,2.883072453E-1,4.280360868E1,2.583056567E1,-1.072303105E0,3.416543821E1
3.136968667E0,9.308932916E-1,2.162911834E-1,5.719240415E-2,2.887643489E-1,4.285101267E1,2.583572178E1,-1.056268264E0,3.422565026E1
3.147015667E0,9.306968030E-1,2.163728850E-1,5.756439224E-2,2.892621032E-1,4.291260880E1,2.585711556E1,-1.032924673E0,3.429354213E1
3.157061667E0,9.304438376E-1,2.166418820E-1,5.801283997E-2,2.897848084E-1,4.299178570E1,2.590220271E1,-1.008668304E0,3.436622087E1
3.167107667E0,9.301258607E-1,2.171261019E-1,5.851007269E-2,2.903426009E-1,4.309111427E1,2.597316940E1,-9.877394030E-1,3.444413936E1
3.177153667E0,9.297466655E-1,2.178426879E-1,5.901762084E-2,2.909166831E-1,4.320928168E1,2.607064400E1,-9.743772817E-1,3.452409131E1
3.187200667E0,9.293206030E-1,2.188112962E-1,5.941785785E-2,2.914691861E-1,4.334168818E1,2.619281369E1,-9.807810086E-1,3.459851656E1
3.197246667E0,9.288715073E-1,2.200087303E-1,5.959426349E-2,2.919629575E-1,4.348083714E1,2.633305174E1,-1.017510359E0,3.465992487E1
3.207292667E0,9.284540849E-1,2.212926656E-1,5.944279298E-2,2.923511300E-1,4.360979346E1,2.647178457E1,-1.089287823E0,3.470007377E1
3.217338667E0,9.281194389E-1,2.224750111E-1,5.890185925E-2,2.926255060E-1,4.371291587E1,2.658574392E1,-1.195723906E0,3.471642931E1
3.227385667E0,9.279050590E-1,2.233378941E-1,5.800584886E-2,2.928270733E-1,4.377885644E1,2.665160905E1,-1.326568671E0,3.471494070E1
3.237431667E0,9.278220086E-1,2.237272414E-1,5.689509501E-2,2.930108546E-1,4.380437632E1,2.665685452E1,-1.463033551E0,3.470612566E1
3.247477667E0,9.278537030E-1,2.235822141E-1,5.585984197E-2,2.932204931E-1,4.379463886E1,2.660457743E1,-1.573439692E0,3.470314356E1
3.257524667E0,9.279510412E-1,2.229144763E-1,5.522987830E-2,2.935400715E-1,4.376472085E1,2.650727311E1,-1.625551307E0,3.472470313E1
3.267570667E0,9.280608337E-1,2.218171462E-1,5.524401330E-2,2.940210092E-1,4.373095148E1,2.638357439E1,-1.598656096E0,3.478293334E1
3.277616667E0,9.281349068E-1,2.204549285E-1,5.592088115E-2,2.946829044E-1,4.370815448E1,2.625280867E1,-1.496985514E0,3.488018707E1
3.287662667E0,9.281527560E-1,2.190065362E-1,5.705308774E-2,2.954885203E-1,4.370265946E1,2.612825243E1,-1.347713756E0,3.500624162E1
3.297709667E0,9.281276154E-1,2.176758654E-1,5.822161965E-2,2.963217846E-1,4.371039901E1,2.601858875E1,-1.199289140E0,3.513618352E1
3.307755667E0,9.280899993E-1,2.165259835E-1,5.908241635E-2,2.971105418E-1,4.372197671E1,2.591887426E1,-1.088496497E0,3.525248167E1
3.317801667E0,9.280926967E-1,2.154292540E-1,5.955562536E-2,2.978041946E-1,4.372114659E1,2.581184254E1,-1.017923903E0,3.534729711E1
3.327847667E0,9.281604056E-1,2.142673760E-1,5.965430694E-2,2.984109196E-1,4.370030425E1,2.568452311E1,-9.822076587E-1,3.542209801E1
3.337894667E0,9.282997010E-1,2.129017233E-1,5.943700832E-2,2.989979830E-1,4.365739623E1,2.552331234E1,-9.719926057E-1,3.548652602E1
3.347940667E0,9.284963160E-1,2.112595609E-1,5.902069756E-2,2.996339368E-1,4.359676329E1,2.532412323E1,-9.740790319E-1,3.555184734E1
3.357986667E0,9.287232136E-1,2.093719247E-1,5.847601803E-2,3.003614968E-1,4.352669186E1,2.509291625E1,-9.831555081E-1,3.562499496E1
3.368032667E0,9.289323673E-1,2.074188766E-1,5.781267405E-2,3.011970792E-1,4.346200495E1,2.485017533E1,-1.005007548E0,3.570810672E1
3.378079667E0,9.290870673E-1,2.056066886E-1,5.707419805E-2,3.021021195E-1,4.341410044E1,2.462051448E1,-1.041387173E0,3.579766541E1
3.388125667E0,9.291699280E-1,2.041157227E-1,5.628274345E-2,3.030054108E-1,4.338842104E1,2.442487696E1,-1.094637797E0,3.588571577E1
3.398171667E0,9.291703706E-1,2.030765922E-1,5.542172548E-2,3.038597906E-1,4.338828385E1,2.427722919E1,-1.170128258E0,3.596615160E1
3.408217667E0,9.290817147E-1,2.025638652E-1,5.449324095E-2,3.046402449E-1,4.341575878E1,2.418593066E1,-1.269827902E0,3.603593527E1
3.418264667E0,9.289125794E-1,2.025464586E-1,5.347686969E-2,3.053465839E-1,4.346812887E1,2.414674668E1,-1.394892645E0,3.609446138E1
3.428310667E0,9.286959235E-1,2.028928793E-1,5.236131110E-2,3.059682710E-1,4.353512537E1,2.414463284E1,-1.541562465E0,3.614025603E1
3.438356667E0,9.284488587E-1,2.034583583E-1,5.116794943E-2,3.065440812E-1,4.361140572E1,2.416417908E1,-1.703325680E0,3.617850797E1
3.448402667E0,9.281867053E-1,2.041108232E-1,4.991527133E-2,3.071102820E-1,4.369220608E1,2.419127553E1,-1.874346456E0,3.621407998E1
3.458449667E0,9.279154903E-1,2.047536311E-1,4.865383196E-2,3.077038361E-1,4.377565008E1,2.421688067E1,-2.046677613E0,3.625269965E1
3.468495667E0,9.276523254E-1,2.053166234E-1,4.745003895E-2,3.083095706E-1,4.385647301E1,2.423555029E1,-2.210325068E0,3.629431049E1
3.478541667E0,9.274214871E-1,2.056940537E-1,4.637257057E-2,3.089157687E-1,4.392725143E1,2.423794358E1,-2.353824735E0,3.633940694E1
3.488588667E0,9.272300772E-1,2.058502974E-1,4.543644165E-2,3.095249382E-1,4.398585842E1,2.422060828E1,-2.474315498E0,3.638875985E1
3.498634667E0,9.270660416E-1,2.058154103E-1,4.460605390E-2,3.101594168E-1,4.403602477E1,2.418557124E1,-2.577211499E0,3.644412663E1
3.508680667E0,9.269423617E-1,2.056360070E-1,4.385795261E-2,3.107542142E-1,4.407381344E1,2.413737430E1,-2.665038334E0,3.649718813E1
3.518726667E0,9.268793100E-1,2.052797555E-1,4.320312229E-2,3.112689115E-1,4.409306616E1,2.407292951E1,-2.734404750E0,3.654349513E1
3.528773667E0,9.268701431E-1,2.047371359E-1,4.265892218E-2,3.117284597E-1,4.409586460E1,2.399176184E1,-2.783734568E0,3.658642731E1
3.538819667E0,9.269057783E-1,2.040282733E-1,4.221713365E-2,3.121470833E-1,4.408498511E1,2.389580686E1,-2.814988277E0,3.662740267E1
3.548865667E0,9.269869109E-1,2.031429840E-1,4.187283078E-2,3.125299874E-1,4.406020560E1,2.378376951E1,-2.828432747E0,3.666692600E1
3.558911667E0,9.271130986E-1,2.020773167E-1,4.159795430E-2,3.128830937E-1,4.402163908E1,2.365421437E1,-2.827039857E0,3.670502252E1
3.568958667E0,9.272800423E-1,2.008892656E-1,4.133408868E-2,3.131881947E-1,4.397056698E1,2.351158961E1,-2.818699297E0,3.673802657E1
3.579004667E0,9.274547410E-1,1.997610419E-1,4.100980556E-2,3.134351331E-1,4.391706199E1,2.337366671E1,-2.817496834E0,3.676265709E1
3.589050667E0,9.276049734E-1,1.988350651E-1,4.063030480E-2,3.136286504E-1,4.387100068E1,2.325645766E1,-2.828294165E0,3.677926347E1
3.599096667E0,9.277095187E-1,1.982411844E-1,4.022633780E-2,3.137473991E-1,4.383891993E1,2.317555834E1,-2.852135488E0,3.678569750E1
3.609143667E0,9.277533935E-1,1.980411396E-1,3.981424172E-2,3.137965002E-1,4.382544983E1,2.313839921E1,-2.889713580E0,3.678276037E1
3.619189667E0,9.277235114E-1,1.982102749E-1,3.945080944E-2,3.138241064E-1,4.383462442E1,2.314413564E1,-2.935253829E0,3.677746228E1
3.629235667E0,9.276230755E-1,1.987077289E-1,3.921072519E-2,3.138363711E-1,4.386544747E1,2.319087790E1,-2.979455672E0,3.677226154E1
3.639281667E0,9.274718947E-1,1.995091512E-1,3.911625303E-2,3.137865114E-1,4.391180496E1,2.327686517E1,-3.017909812E0,3.676214784E1
3.649328667E0,9.273036234E-1,2.005658149E-1,3.909174463E-2,3.136132246E-1,4.396334839E1,2.339417534E1,-3.055332988E0,3.673827038E1
3.659374667E0,9.271489024E-1,2.018192042E-1,3.902375650E-2,3.132746590E-1,4.401069059E1,2.353240538E1,-3.100528223E0,3.669325018E1
3.669420667E0,9.270197855E-1,2.031712382E-1,3.886350891E-2,3.128023403E-1,4.405016130E1,2.367884858E1,-3.155750560E0,3.662996001E1
3.679466667E0,9.269001517E-1,2.045479597E-1,3.863855538E-2,3.122873269E-1,4.408670309E1,2.382600467E1,-3.217548589E0,3.655999599E1
3.689513667E0,9.267353364E-1,2.059505436E-1,3.853788763E-2,3.118666382E-1,4.413699833E1,2.398027447E1,-3.269315593E0,3.650390914E1
3.699559667E0,9.265264355E-1,2.074330959E-1,3.873414970E-2,3.114803412E-1,4.420066865E1,2.415396704E1,-3.293239870E0,3.645849731E1
3.709605667E0,9.262669585E-1,2.089109699E-1,3.940536460E-2,3.111799396E-1,4.427963286E1,2.434371285E1,-3.268665299E0,3.643439821E1
3.719651667E0,9.259791376E-1,2.102240128E-1,4.037973652E-2,3.110274101E-1,4.436706650E1,2.452533944E1,-3.209627472E0,3.643560816E1
3.729698667E0,9.257325575E-1,2.112127884E-1,4.126384042E-2,3.109755063E-1,4.444184220E1,2.466727587E1,-3.150876038E0,3.644773784E1
3.739744667E0,9.256294031E-1,2.115957189E-1,4.172764015E-2,3.109603123E-1,4.447308848E1,2.472654265E1,-3.115393226E0,3.645597643E1
3.749790667E0,9.257969157E-1,2.110730663E-1,4.158449892E-2,3.108358738E-1,4.442233702E1,2.466344356E1,-3.108133457E0,3.643925934E1
3.759837667E0,9.262647879E-1,2.094044094E-1,4.122601890E-2,3.106183539E-1,4.428029284E1,2.446497566E1,-3.079255910E0,3.640951082E1
3.769883667E0,9.269447852E-1,2.065173977E-1,4.141563230E-2,3.104973924E-1,4.407307329E1,2.414966307E1,-2.950100424E0,3.640723726E1
3.779929667E0,9.276738835E-1,2.026694484E-1,4.264638876E-2,3.106888655E-1,4.384985744E1,2.376357586E1,-2.683018800E0,3.646799654E1
3.789975667E0,9.282983734E-1,1.983445864E-1,4.494626326E-2,3.112899218E-1,4.365780537E1,2.336246166E1,-2.294636406E0,3.660162554E1
3.800022667E0,9.287114125E-1,1.941548893E-1,4.794501680E-2,3.122503641E-1,4.353033897E1,2.300254419E1,-1.844996636E0,3.679179709E1
3.810068667E0,9.288728560E-1,1.906899548E-1,5.105869953E-2,3.134095500E-1,4.348041989E1,2.272916867E1,-1.413861024E0,3.700546946E1
3.820114417E0,9.287781941E-1,1.885126749E-1,5.374738924E-2,3.145556914E-1,4.350969637E1,2.258499794E1,-1.074740672E0,3.720549000E1
3.830160417E0,9.284639683E-1,1.878717478E-1,5.560536984E-2,3.155421594E-1,4.360674432E1,2.258173320E1,-8.771036870E-1,3.736594286E1
3.840207417E0,9.279187567E-1,1.890097232E-1,5.648327816E-2,3.163097379E-1,4.377464602E1,2.273973838E1,-8.449970194E-1,3.747660301E1
3.850253417E0,9.271403887E-1,1.918907185E-1,5.629987088E-2,3.168894256E-1,4.401329423E1,2.305153991E1,-9.867113609E-1,3.753884590E1
3.860299417E0,9.261502539E-1,1.961664372E-1,5.510000805E-2,3.173773386E-1,4.431510490E1,2.348035738E1,-1.286730188E0,3.756416294E1
3.870345417E0,9.249974322E-1,2.013647084E-1,5.305482696E-2,3.178319556E-1,4.466406442E1,2.398075780E1,-1.710482700E0,3.756245581E1
3.880392417E0,9.237389694E-1,2.070221694E-1,5.035131209E-2,3.182968775E-1,4.504207187E1,2.450886603E1,-2.221689580E0,3.754267570E1
3.890438417E0,9.224388445E-1,2.126967631E-1,4.735205279E-2,3.187860970E-1,4.542946090E1,2.502936128E1,-2.765640823E0,3.751534615E1
3.900484417E0,9.211578543E-1,2.179958021E-1,4.450931108E-2,3.193194864E-1,4.580811279E1,2.551505364E1,-3.280279819E0,3.749486264E1
3.910530417E0,9.199581864E-1,2.226483242E-1,4.217423343E-2,3.198842542E-1,4.616006033E1,2.594811100E1,-3.718029524E0,3.748988184E1
3.920577417E0,9.189040726E-1,2.265113358E-1,4.048376548E-2,3.204200460E-1,4.646722585E1,2.631712778E1,-4.057419193E0,3.749818826E1
3.930623417E0,9.180172819E-1,2.294805602E-1,3.954913804E-2,3.209654473E-1,4.672415617E1,2.661374446E1,-4.283817266E0,3.752857279E1
3.940669417E0,9.173023238E-1,2.316777281E-1,3.915385328E-2,3.214792806E-1,4.693033423E1,2.684358563E1,-4.423463928E0,3.757112523E1
3.950715417E0,9.167417286E-1,2.332905615E-1,3.907017072E-2,3.219218647E-1,4.709140164E1,2.701950563E1,-4.506267898E0,3.761514533E1
3.960762417E0,9.163109667E-1,2.344890598E-1,3.911473047E-2,3.222720418E-1,4.721481385E1,2.715401034E1,-4.557298627E0,3.765302362E1
3.970808417E0,9.159726961E-1,2.352967515E-1,3.933027999E-2,3.226185732E-1,4.731151476E1,2.725086570E1,-4.575418988E0,3.769636349E1
3.980854417E0,9.156880363E-1,2.357761298E-1,3.971259405E-2,3.230292521E-1,4.739274593E1,2.731663041E1,-4.565371731E0,3.775289298E1
3.990900417E0,9.154141239E-1,2.360073263E-1,4.025515044E-2,3.235691110E-1,4.747078651E1,2.735981188E1,-4.532760279E0,3.782986049E1
4.000947417E0,9.151058619E-1,2.360640770E-1,4.094713847E-2,3.243119071E-1,4.755846938E1,2.738803259E1,-4.483663695E0,3.793544110E1
4.010993417E0,9.147433357E-1,2.360393474E-1,4.176471357E-2,3.252474618E-1,4.766139283E1,2.741099490E1,-4.423870385E0,3.806747882E1
4.021039417E0,9.143089282E-1,2.360759730E-1,4.268574865E-2,3.263208999E-1,4.778444889E1,2.744421701E1,-4.359666164E0,3.821837994E1
4.031086417E0,9.137883724E-1,2.363208989E-1,4.367764312E-2,3.274683478E-1,4.793151666E1,2.750329420E1,-4.298405954E0,3.837923893E1
4.041132417E0,9.131836073E-1,2.368302435E-1,4.469540522E-2,3.286479117E-1,4.810184392E1,2.759303668E1,-4.245910277E0,3.854377404E1
4.051178417E0,9.125213960E-1,2.375095770E-1,4.561227830E-2,3.298686530E-1,4.828770213E1,2.769810480E1,-4.212143405E0,3.871010744E1
4.061224417E0,9.118002002E-1,2.383153299E-1,4.639008785E-2,3.311708852E-1,4.848935310E1,2.781196718E1,-4.200632962E0,3.888214934E1
4.071271417E0,9.110215794E-1,2.391830071E-1,4.706500641E-2,3.325897167E-1,4.870617967E1,2.792853793E1,-4.206144139E0,3.906521317E1
4.081317417E0,9.102073655E-1,2.400552888E-1,4.766984530E-2,3.341009552E-1,4.893195272E1,2.804268733E1,-4.222309146E0,3.925749540E1
4.091363417E0,9.093833946E-1,2.408452893E-1,4.824411718E-2,3.356900600E-1,4.915944034E1,2.814621785E1,-4.241120624E0,3.945863339E1
4.101409417E0,9.085680427E-1,2.414467037E-1,4.882909437E-2,3.373770087E-1,4.938358063E1,2.822872798E1,-4.254569527E0,3.967249924E1
4.111456417E0,9.078042575E-1,2.417325753E-1,4.941132147E-2,3.391392527E-1,4.959268365E1,2.827565027E1,-4.258152944E0,3.989653678E1
4.121502417E0,9.071269787E-1,2.416150383E-1,5.003835067E-2,3.409383963E-1,4.977741512E1,2.827922435E1,-4.242009452E0,4.012778202E1
4.131548417E0,9.065619370E-1,2.410526518E-1,5.075035845E-2,3.427295741E-1,4.993104357E1,2.823671264E1,-4.198670706E0,4.036211862E1
4.141594417E0,9.061062453E-1,2.400690181E-1,5.154871460E-2,3.445012591E-1,5.005461947E1,2.815103589E1,-4.128347899E0,4.059805796E1
4.151641417E0,9.057283356E-1,2.387385580E-1,5.242660184E-2,3.462824059E-1,5.015688611E1,2.803030352E1,-4.035434748E0,4.083851789E1
4.161687417E0,9.053900228E-1,2.371766274E-1,5.331778642E-2,3.480995673E-1,5.024827219E1,2.788480939E1,-3.932165803E0,4.108441501E1
4.171733417E0,9.050678734E-1,2.355209833E-1,5.411190680E-2,3.499341986E-1,5.033514797E1,2.772562199E1,-3.835022167E0,4.133009270E1
4.181779417E0,9.047315837E-1,2.339206991E-1,5.473156030E-2,3.517759737E-1,5.042568775E1,2.756614998E1,-3.757894631E0,4.157179934E1
4.191826417E0,9.043660230E-1,2.324434520E-1,5.508272784E-2,3.536354716E-1,5.052393617E1,2.740988772E1,-3.713681994E0,4.180817804E1
4.201872417E0,9.039779348E-1,2.310558619E-1,5.513373607E-2,3.555240719E-1,5.062804412E1,2.725157494E1,-3.704603106E0,4.203998443E1
4.211918417E0,9.035453396E-1,2.297268874E-1,5.499168011E-2,3.575015177E-1,5.074385630E1,2.709170844E1,-3.719990049E0,4.227743599E1
4.221964417E0,9.030528958E-1,2.284422093E-1,5.476313883E-2,3.595977334E-1,5.087539117E1,2.693282200E1,-3.749049717E0,4.252707208E1
4.232011417E0,9.024918580E-1,2.271657604E-1,5.459424587E-2,3.618335183E-1,5.102486216E1,2.677682120E1,-3.775696326E0,4.279537900E1
4.242057417E0,9.018497086E-1,2.259265219E-1,5.459727517E-2,3.642026770E-1,5.119544299E1,2.663161985E1,-3.789383556E0,4.308444042E1
4.252103417E0,9.011167539E-1,2.248110318E-1,5.480441640E-2,3.666673614E-1,5.138949994E1,2.650832391E1,-3.789519379E0,4.339022135E1
4.262149417E0,9.002776312E-1,2.239432756E-1,5.522054804E-2,3.691886491E-1,5.161083071E1,2.642102816E1,-3.780079499E0,4.370776413E1
4.272196417E0,8.993208134E-1,2.234502681E-1,5.576996909E-2,3.717281653E-1,5.186213138E1,2.638066455E1,-3.773668274E0,4.403011243E1
4.282242417E0,8.982523065E-1,2.233717011E-1,5.637377011E-2,3.742591679E-1,5.214143352E1,2.638827509E1,-3.779797763E0,4.435192009E1
4.292288417E0,8.970847334E-1,2.236829977E-1,5.698865048E-2,3.767722370E-1,5.244504878E1,2.643924375E1,-3.801946024E0,4.467103103E1
4.302334417E0,8.958419072E-1,2.243899163E-1,5.746544724E-2,3.792283024E-1,5.276644858E1,2.652775854E1,-3.854908808E0,4.497885685E1
4.312381417E0,8.945603269E-1,2.253505431E-1,5.768739781E-2,3.816427900E-1,5.309597818E1,2.663295911E1,-3.944899843E0,4.527464470E1
4.322427417E0,8.932469257E-1,2.263274280E-1,5.773826379E-2,3.841252604E-1,5.343173344E1,2.673191007E1,-4.055751137E0,4.557451274E1
4.332473417E0,8.918924524E-1,2.271173758E-1,5.778058976E-2,3.867905007E-1,5.377595320E1,2.680898625E1,-4.164803786E0,4.589728384E1
4.342519417E0,8.904992462E-1,2.276186494E-1,5.795073659E-2,3.896696362E-1,5.412790176E1,2.685900974E1,-4.254222169E0,4.625072721E1
4.352566417E0,8.890809626E-1,2.278542292E-1,5.818125878E-2,3.927243134E-1,5.448402540E1,2.688177705E1,-4.330646472E0,4.662851684E1
4.362612417E0,8.876598130E-1,2.279655970E-1,5.815892622E-2,3.958652229E-1,5.483872544E1,2.687904600E1,-4.429744121E0,4.701135780E1
4.372658417E0,8.862700839E-1,2.280831972E-1,5.758428555E-2,3.989829728E-1,5.518354848E1,2.685166182E1,-4.584666590E0,4.737788896E1
4.382705417E0,8.849496864E-1,2.282173348E-1,5.636861765E-2,4.019993596E-1,5.550933935E1,2.679660837E1,-4.802404577E0,4.771644831E1
4.392751417E0,8.837267534E-1,2.282631748E-1,5.463989617E-2,4.048918978E-1,5.580951978E1,2.670810927E1,-5.064109039E0,4.802821656E1
4.402797417E0,8.826105363E-1,2.280522509E-1,5.262569828E-2,4.077024182E-1,5.608221542E1,2.657797953E1,-5.339608974E0,4.832505064E1
4.412843417E0,8.815833965E-1,2.274442984E-1,5.065828866E-2,4.105040246E-1,5.633207711E1,2.640595510E1,-5.590310246E0,4.862503254E1
4.422890417E0,8.805669620E-1,2.264448702E-1,4.925224872E-2,4.133990284E-1,5.657833697E1,2.621605770E1,-5.767063478E0,4.895325159E1
4.432936417E0,8.794528523E-1,2.252095882E-1,4.881986421E-2,4.164851893E-1,5.684713680E1,2.604427065E1,-5.838418914E0,4.933056025E1
4.442982417E0,8.781246154E-1,2.239895002E-1,4.952904815E-2,4.198483603E-1,5.716608434E1,2.592605597E1,-5.802395706E0,4.976999870E1
4.453028417E0,8.764796660E-1,2.230734911E-1,5.120439592E-2,4.235560607E-1,5.755883952E1,2.588513451E1,-5.693625003E0,5.027453460E1
4.463075417E0,8.745016091E-1,2.227090684E-1,5.341466095E-2,4.275447752E-1,5.802790800E1,2.592891541E1,-5.567236571E0,5.082550352E1
4.473121417E0,8.722451722E-1,2.230614160E-1,5.575001782E-2,4.316524703E-1,5.855879892E1,2.605652326E1,-5.469430381E0,5.139285740E1
4.483167417E0,8.697818575E-1,2.241883859E-1,5.793446264E-2,4.357322852E-1,5.913340036E1,2.626105565E1,-5.427811276E0,5.195170600E1
4.493213417E0,8.672055260E-1,2.259582111E-1,5.970752260E-2,4.396957538E-1,5.972898055E1,2.651525969E1,-5.459858019E0,5.248506807E1
4.503260417E0,8.646017148E-1,2.280854995E-1,6.091596758E-2,4.435428127E-1,6.032548528E1,2.678015794E1,-5.566170695E0,5.298986165E1
4.513306417E0,8.620295769E-1,2.302307477E-1,6.160581139E-2,4.473294542E-1,6.090953370E1,2.702081823E1,-5.725691642E0,5.347514175E1
4.523352417E0,8.595281193E-1,2.321111083E-1,6.193301845E-2,4.511099843E-1,6.147271726E1,2.721425206E1,-5.909008759E0,5.395256596E1
4.533398417E0,8.570965411E-1,2.335268210E-1,6.210729567E-2,4.549654516E-1,6.201574159E1,2.734924330E1,-6.086476461E0,5.443849409E1
4.543445417E0,8.547150335E-1,2.344243065E-1,6.228891698E-2,4.589418803E-1,6.254346568E1,2.742810144E1,-6.240134806E0,5.494321057E1
4.553491417E0,8.523767895E-1,2.349221609E-1,6.250880235E-2,4.629882517E-1,6.305773821E1,2.746551520E1,-6.371251925E0,5.546074031E1
4.563537417E0,8.500868880E-1,2.351935128E-1,6.276544505E-2,4.670082814E-1,6.355775788E1,2.748054627E1,-6.486117504E0,5.597816411E1
4.573583417E0,8.494693313E-1,2.356528766E-1,6.222155578E-2,4.679724537E-1,6.369200446E1,2.749365625E1,-6.594829337E0,5.608569112E1
4.583630417E0,8.472763887E-1,2.360162614E-1,6.247728705E-2,4.717156418E-1,6.416668273E1,2.751928981E1,-6.707114763E0,5.656899854E1
4.593676417E0,8.450947203E-1,2.365881784E-1,6.269646646E-2,4.752999573E-1,6.463582842E1,2.756551663E1,-6.830457546E0,5.703131474E1
4.603722417E0,8.429150749E-1,2.373272339E-1,6.292017140E-2,4.787597710E-1,6.510152652E1,2.762986735E1,-6.959789694E0,5.747810979E1
4.613768417E0,8.407542482E-1,2.380774109E-1,6.323487665E-2,4.821334998E-1,6.556029546E1,2.770039154E1,-7.079141370E0,5.791706187E1
4.623815417E0,8.403095778E-1,2.388956973E-1,6.290420828E-2,4.825470658E-1,6.565435055E1,2.776495267E1,-7.171447826E0,5.795851636E1
4.633861417E0,8.399065064E-1,2.394634469E-1,6.283634132E-2,4.829760996E-1,6.573950350E1,2.781741298E1,-7.224470164E0,5.800959627E1
4.643907417E0,8.395545381E-1,2.397558934E-1,6.304771830E-2,4.834152276E-1,6.581378040E1,2.785613285E1,-7.235002597E0,5.807016245E1
4.653953417E0,8.392170683E-1,2.397686744E-1,6.355372283E-2,4.839282812E-1,6.588492783E1,2.788106290E1,-7.203333035E0,5.814888985E1
4.664000417E0,8.388793456E-1,2.396430294E-1,6.423222914E-2,4.844862633E-1,6.595606040E1,2.790064403E1,-7.148494505E0,5.823839383E1
4.674046417E0,8.385526970E-1,2.394943616E-1,6.493535974E-2,4.850311483E-1,6.602479581E1,2.791936716E1,-7.089580143E0,5.832698686E1
4.684092417E0,8.382153431E-1,2.394345605E-1,6.553982457E-2,4.855622935E-1,6.609571735E1,2.794218900E1,-7.044940302E0,5.841100619E1
4.694138417E0,8.378915921E-1,2.395362293E-1,6.594598322E-2,4.860156882E-1,6.616371579E1,2.797166055E1,-7.026336381E0,5.847933849E1
4.704185417E0,8.375941512E-1,2.398061219E-1,6.607633815E-2,4.863774451E-1,6.622613367E1,2.800428368E1,-7.041156206E0,5.852818150E1
4.714231417E0,8.373332938E-1,2.402039091E-1,6.592051598E-2,4.866512837E-1,6.628083165E1,2.803521578E1,-7.088147539E0,5.855790070E1
4.724277417E0,8.371420420E-1,2.406658912E-1,6.553108964E-2,4.868047720E-1,6.632090897E1,2.806094390E1,-7.157480654E0,5.856590126E1
4.734323417E0,8.370458418E-1,2.411309712E-1,6.495151779E-2,4.868177743E-1,6.634105986E1,2.807765926E1,-7.240754295E0,5.855094695E1
4.744370417E0,8.370631852E-1,2.415446320E-1,6.424434635E-2,4.866766877E-1,6.633742736E1,2.808325437E1,-7.328335282E0,5.851311748E1
4.754416417E0,8.372017008E-1,2.418329902E-1,6.345481998E-2,4.863984975E-1,6.630840960E1,2.807240177E1,-7.412124270E0,5.845611268E1
4.764462417E0,8.374905543E-1,2.419476507E-1,6.258613128E-2,4.859567353E-1,6.624786122E1,2.804047121E1,-7.488176351E0,5.837687416E1
4.774508417E0,8.379579207E-1,2.418348025E-1,6.167091247E-2,4.853237318E-1,6.614978963E1,2.798385501E1,-7.549406842E0,5.827293736E1
4.784555417E0,8.386012818E-1,2.414497489E-1,6.074829688E-2,4.845198755E-1,6.601457632E1,2.789985578E1,-7.590220616E0,5.814818682E1
4.794601417E0,8.393993323E-1,2.407982534E-1,5.984419430E-2,4.835738894E-1,6.584651029E1,2.779023332E1,-7.609523369E0,5.800699590E1
4.804647417E0,8.403109055E-1,2.399378466E-1,5.897105911E-2,4.825244961E-1,6.565406991E1,2.766133740E1,-7.610828975E0,5.785442026E1
4.814693417E0,8.413261809E-1,2.389495557E-1,5.813026109E-2,4.813463653E-1,6.543914572E1,2.752190384E1,-7.598010916E0,5.768685053E1
4.824740542E0,8.424300279E-1,2.379249342E-1,5.735782526E-2,4.800141666E-1,6.520475754E1,2.738363748E1,-7.572161499E0,5.750145721E1
4.834786542E0,8.436109405E-1,2.369557042E-1,5.671902655E-2,4.784930447E-1,6.495317267E1,2.725988290E1,-7.531181106E0,5.729487194E1
4.844832542E0,8.448577285E-1,2.361408686E-1,5.625086990E-2,4.767481652E-1,6.468660825E1,2.716320366E1,-7.476034787E0,5.706303921E1
4.854878542E0,8.461411633E-1,2.355611598E-1,5.593268226E-2,4.747922353E-1,6.441118200E1,2.710077906E1,-7.413620151E0,5.680677748E1
4.864925542E0,8.474656280E-1,2.352074423E-1,5.566433328E-2,4.726319986E-1,6.412584435E1,2.706622260E1,-7.353221148E0,5.652472290E1
4.874971542E0,8.488387513E-1,2.350426587E-1,5.531439853E-2,4.702851988E-1,6.382882135E1,2.704857428E1,-7.305981409E0,5.621632590E1
4.885017542E0,8.502390382E-1,2.350178447E-1,5.480165051E-2,4.678214627E-1,6.352464397E1,2.703798620E1,-7.279157500E0,5.588889789E1
4.895063542E0,8.516517373E-1,2.350476953E-1,5.409705003E-2,4.653121868E-1,6.321644303E1,2.702358718E1,-7.273014187E0,5.555134977E1
4.905110542E0,8.531141697E-1,2.350333443E-1,5.320362114E-2,4.627363189E-1,6.289596663E1,2.699543021E1,-7.281215218E0,5.520157634E1
4.915156542E0,8.546502748E-1,2.348536406E-1,5.209021731E-2,4.601122351E-1,6.255775978E1,2.693910240E1,-7.300902352E0,5.484185001E1
4.925202542E0,8.563853131E-1,2.342841629E-1,5.048312636E-2,4.573472122E-1,6.217376634E1,2.681768520E1,-7.344352990E0,5.445519417E1
4.935248542E0,8.584116282E-1,2.330610509E-1,4.814190054E-2,4.544165100E-1,6.172258868E1,2.659154623E1,-7.421195865E0,5.403467730E1
4.945295542E0,8.608424898E-1,2.310392139E-1,4.501170678E-2,4.511595701E-1,6.117738079E1,2.624439457E1,-7.525944701E0,5.356042479E1
4.955341542E0,8.636376056E-1,2.281410701E-1,4.146660891E-2,4.476185394E-1,6.054500032E1,2.578702746E1,-7.620792976E0,5.304798647E1
4.965387542E0,8.666928517E-1,2.243065498E-1,3.808040466E-2,4.439369911E-1,5.984685491E1,2.524039458E1,-7.651536722E0,5.252925005E1
4.975433542E0,8.698328552E-1,2.195599507E-1,3.549324144E-2,4.403686071E-1,5.912155600E1,2.463575206E1,-7.563692461E0,5.204936609E1
4.985480542E0,8.727782666E-1,2.141648801E-1,3.425953996E-2,4.372845326E-1,5.843377026E1,2.402416722E1,-7.325151529E0,5.166345818E1
4.995526542E0,8.752656050E-1,2.086390173E-1,3.465499331E-2,4.349469840E-1,5.784714902E1,2.347153725E1,-6.939959046E0,5.140504513E1
5.005572542E0,8.771645102E-1,2.036340896E-1,3.659630876E-2,4.333316429E-1,5.739562199E1,2.304369825E1,-6.446777174E0,5.126454200E1
5.015618542E0,8.783883493E-1,1.998748963E-1,3.982474682E-2,4.323168521E-1,5.710288416E1,2.280681418E1,-5.903620110E0,5.121834466E1
5.025665542E0,8.789489867E-1,1.978230455E-1,4.371653940E-2,4.317450037E-1,5.696832187E1,2.278131289E1,-5.391982807E0,5.123403257E1
5.035711542E0,8.789181563E-1,1.978607248E-1,4.768483377E-2,4.313702128E-1,5.697572925E1,2.298080238E1,-4.984158979E0,5.126953508E1
5.045757542E0,8.783826595E-1,2.001196114E-1,5.107665936E-2,4.310305724E-1,5.710424833E1,2.338808287E1,-4.748702383E0,5.129180946E1
5.055803542E0,8.774536797E-1,2.043867217E-1,5.335765207E-2,4.306438119E-1,5.732657716E1,2.395485485E1,-4.726417254E0,5.127928126E1
5.065850542E0,8.762884247E-1,2.101216223E-1,5.434253962E-2,4.301329710E-1,5.760434212E1,2.461566314E1,-4.905984977E0,5.121793808E1
5.075896542E0,8.750120496E-1,2.165920328E-1,5.414655151E-2,4.295461183E-1,5.790719656E1,2.529909419E1,-5.239249001E0,5.111647658E1
5.085942542E0,8.737023152E-1,2.230777637E-1,5.312079731E-2,4.290206103E-1,5.821646974E1,2.594564750E1,-5.657774312E0,5.100115897E1
5.095988542E0,8.724348330E-1,2.290837371E-1,5.164917161E-2,4.286144411E-1,5.851434495E1,2.652090422E1,-6.099542004E0,5.088970390E1
5.106035542E0,8.712714957E-1,2.342980503E-1,5.014342276E-2,4.283411610E-1,5.878653330E1,2.701077019E1,-6.507999217E0,5.079535515E1
5.116081542E0,8.702404152E-1,2.385058126E-1,4.897067617E-2,4.282505452E-1,5.902682136E1,2.740852500E1,-6.837161156E0,5.073503331E1
5.126127542E0,8.693158398E-1,2.416361538E-1,4.834297261E-2,4.284447158E-1,5.924153450E1,2.771491966E1,-7.065552527E0,5.072796119E1
5.136173542E0,8.685521599E-1,2.438263359E-1,4.824464402E-2,4.287637463E-1,5.941835083E1,2.794443157E1,-7.197030062E0,5.075389029E1
5.146220542E0,8.679613876E-1,2.453615138E-1,4.856599266E-2,4.290477740E-1,5.955480620E1,2.812351218E1,-7.252185591E0,5.078914912E1
5.156266542E0,8.675528160E-1,2.465846575E-1,4.916513119E-2,4.291046722E-1,5.964901132E1,2.828383325E1,-7.256676364E0,5.080469067E1
5.166312542E0,8.672829497E-1,2.477683096E-1,4.995839810E-2,4.288766999E-1,5.971116088E1,2.845128277E1,-7.230883060E0,5.078992940E1
5.176358542E0,8.671002221E-1,2.490341164E-1,5.089307822E-2,4.284028639E-1,5.975320931E1,2.863619252E1,-7.187400312E0,5.074790424E1
5.186405542E0,8.669209294E-1,2.503521221E-1,5.199615608E-2,4.278649016E-1,5.979444120E1,2.883525176E1,-7.127668182E0,5.070224988E1
5.196451542E0,8.667170862E-1,2.515959810E-1,5.328058128E-2,4.273900120E-1,5.984128766E1,2.903446114E1,-7.048001400E0,5.066992528E1
5.206497542E0,8.664981965E-1,2.526329726E-1,5.471533376E-2,4.270405935E-1,5.989155500E1,2.921753307E1,-6.946794008E0,5.065866762E1
5.216543542E0,8.662669157E-1,2.533503962E-1,5.623417974E-2,4.268874108E-1,5.994462638E1,2.936865502E1,-6.827270713E0,5.067612381E1
5.226590542E0,8.660832819E-1,2.537215624E-1,5.780231646E-2,4.268302175E-1,5.998673399E1,2.948404460E1,-6.688351560E0,5.070898947E1
5.236636542E0,8.659444291E-1,2.537952035E-1,5.948402840E-2,4.268369821E-1,6.001855544E1,2.957233773E1,-6.525109628E0,5.075469569E1
5.246682542E0,8.658571640E-1,2.536508927E-1,6.126273078E-2,4.268482985E-1,6.003854649E1,2.964184282E1,-6.341334869E0,5.080501630E1
5.256728542E0,8.649701204E-1,2.532510772E-1,6.356646698E-2,4.285440559E-1,6.024141287E1,2.969880302E1,-6.147726259E0,5.108023613E1
5.266775542E0,8.649555797E-1,2.529327104E-1,6.533205115E-2,4.284959663E-1,6.024473315E1,2.975007571E1,-5.954729972E0,5.112433859E1
5.276821542E0,8.649534513E-1,2.526000559E-1,6.701239331E-2,4.284368975E-1,6.024521915E1,2.979595123E1,-5.769182357E0,5.116509247E1
5.286867542E0,8.649602580E-1,2.522278781E-1,6.856466174E-2,4.283967948E-1,6.024366491E1,2.983142450E1,-5.594986452E0,5.120506006E1
5.296913542E0,8.649981480E-1,2.517795200E-1,6.991154858E-2,4.283662383E-1,6.023501244E1,2.984879594E1,-5.437562430E0,5.124094898E1
5.306960542E0,8.650846333E-1,2.512319903E-1,7.100235117E-2,4.283337853E-1,6.021525864E1,2.984312993E1,-5.300323697E0,5.126988078E1
5.317006542E0,8.652389751E-1,2.505776499E-1,7.183556275E-2,4.282662660E-1,6.017999141E1,2.981364371E1,-5.181904621E0,5.128761114E1
5.327052542E0,8.654592135E-1,2.497963211E-1,7.247253861E-2,4.281704452E-1,6.012963429E1,2.976108792E1,-5.075406557E0,5.129672533E1
5.337098542E0,8.657522816E-1,2.488518787E-1,7.301894616E-2,4.280349220E-1,6.006256542E1,2.968677607E1,-4.968149610E0,5.129888880E1
5.347145542E0,8.661015525E-1,2.477174436E-1,7.361065630E-2,4.278850899E-1,5.998254570E1,2.959435533E1,-4.846157657E0,5.130116795E1
5.357191542E0,8.656761433E-1,2.462671969E-1,7.479759058E-2,4.293746228E-1,6.007999625E1,2.948954000E1,-4.702430723E0,5.152450749E1
5.367237542E0,8.652199037E-1,2.446793354E-1,7.615417120E-2,4.309605665E-1,6.018435027E1,2.937867385E1,-4.537644893E0,5.176510154E1
5.377283542E0,8.646960605E-1,2.430239969E-1,7.763858320E-2,4.326804530E-1,6.030396513E1,2.926728654E1,-4.360745667E0,5.202620642E1
5.387330542E0,8.648615501E-1,2.415894182E-1,7.872644078E-2,4.329563252E-1,6.026620032E1,2.916681795E1,-4.187487081E0,5.209587862E1
5.397376542E0,8.649095343E-1,2.404513164E-1,7.977436948E-2,4.333021611E-1,6.025524629E1,2.909610339E1,-4.035866550E0,5.217212430E1
5.407422542E0,8.640341021E-1,2.396893593E-1,8.119845354E-2,4.352022675E-1,6.045481064E1,2.907868662E1,-3.916938721E0,5.245132970E1
5.417468542E0,8.630177519E-1,2.395301285E-1,8.254466603E-2,4.370491635E-1,6.068575317E1,2.912259442E1,-3.835829790E0,5.272035806E1
5.427515542E0,8.618942644E-1,2.398999039E-1,8.373445049E-2,4.388334292E-1,6.094011849E1,2.921569400E1,-3.796428895E0,5.297604305E1
5.437561542E0,8.606986005E-1,2.406465827E-1,8.469290670E-2,4.405839143E-1,6.120977515E1,2.933754148E1,-3.799195736E0,5.322017098E1
5.447607542E0,8.594695984E-1,2.415594729E-1,8.539645351E-2,4.423442196E-1,6.148583702E1,2.946407315E1,-3.836731439E0,5.345795302E1
5.457653542E0,8.582597520E-1,2.424315281E-1,8.580987721E-2,4.441325736E-1,6.175650822E1,2.957117259E1,-3.901944450E0,5.369109311E1
5.467700542E0,8.571083633E-1,2.430660752E-1,8.590503953E-2,4.459870560E-1,6.201311181E1,2.963615148E1,-3.988071681E0,5.392401597E1
5.477746542E0,8.560080356E-1,2.432854074E-1,8.579160129E-2,4.479980086E-1,6.225744548E1,2.964532160E1,-4.077523618E0,5.417179526E1
5.487792542E0,8.549104473E-1,2.429302781E-1,8.568808863E-2,4.503004066E-1,6.250031440E1,2.959259025E1,-4.144489378E0,5.445837018E1
5.497838542E0,8.537542539E-1,2.419161037E-1,8.575575012E-2,4.530190680E-1,6.275523715E1,2.947711704E1,-4.172329416E0,5.480458909E1
5.507885542E0,8.525436068E-1,2.402980335E-1,8.569144457E-2,4.561613895E-1,6.302117330E1,2.928912039E1,-4.193093739E0,5.520268702E1
5.517931542E0,8.513173021E-1,2.382371053E-1,8.514986810E-2,4.596209714E-1,6.328952645E1,2.902787867E1,-4.244825582E0,5.562931668E1
5.527977542E0,8.501345561E-1,2.359589365E-1,8.419193872E-2,4.631482622E-1,6.354738507E1,2.872126611E1,-4.325296840E0,5.605469942E1
5.538023542E0,8.490447861E-1,2.335834505E-1,8.312841042E-2,4.665311580E-1,6.378414687E1,2.839932890E1,-4.403988108E0,5.646075435E1
5.548070542E0,8.480151176E-1,2.311696478E-1,8.239365387E-2,4.697258259E-1,6.400713105E1,2.809203772E1,-4.440890518E0,5.685365354E1
5.558116542E0,8.469202478E-1,2.288137760E-1,8.242179743E-2,4.728394454E-1,6.424347604E1,2.783303963E1,-4.403215268E0,5.725811542E1
5.568162542E0,8.455958042E-1,2.267132982E-1,8.347446239E-2,4.760260211E-1,6.452834468E1,2.765739745E1,-4.282350486E0,5.769986664E1
5.578208542E0,8.439274001E-1,2.251158694E-1,8.554513705E-2,4.793658006E-1,6.488560572E1,2.759127466E1,-4.096581208E0,5.818841260E1
5.588255542E0,8.418983033E-1,2.242648508E-1,8.830037137E-2,4.828205567E-1,6.531775602E1,2.764247992E1,-3.892201432E0,5.870982404E1
5.598301542E0,8.395968009E-1,2.242536081E-1,9.129407256E-2,4.862643230E-1,6.580486550E1,2.779640907E1,-3.714946925E0,5.923623276E1
5.608347542E0,8.371706702E-1,2.250269343E-1,9.419333846E-2,4.895261413E-1,6.631491121E1,2.802869996E1,-3.589139050E0,5.973686430E1
5.618393542E0,8.347509353E-1,2.264124013E-1,9.681548884E-2,4.924988429E-1,6.682017444E1,2.831073941E1,-3.519144738E0,6.019295789E1
5.628439542E0,8.324204780E-1,2.280906519E-1,9.904928761E-2,4.952173041E-1,6.730362312E1,2.860237286E1,-3.497647936E0,6.060601296E1
5.638486542E0,8.302459430E-1,2.296536467E-1,1.008640677E-1,4.977722565E-1,6.775197882E1,2.885900296E1,-3.505621042E0,6.098713407E1
5.648532542E0,8.282771373E-1,2.307394497E-1,1.022724942E-1,5.002564339E-1,6.815567406E1,2.904356376E1,-3.522347859E0,6.134898055E1
5.658578542E0,8.265133970E-1,2.311681990E-1,1.033643188E-1,5.027450157E-1,6.851554435E1,2.914247818E1,-3.530125015E0,6.170404794E1
5.668624542E0,8.249181072E-1,2.309851921E-1,1.042377965E-1,5.052628157E-1,6.883962093E1,2.916612199E1,-3.522538127E0,6.205828091E1
5.678671542E0,8.234231901E-1,2.304716749E-1,1.049565899E-1,5.077807211E-1,6.914209785E1,2.914717199E1,-3.509312333E0,6.240917214E1
5.688717542E0,8.219519490E-1,2.300274471E-1,1.055693208E-1,5.102328037E-1,6.943865723E1,2.912948863E1,-3.508078975E0,6.274875639E1
5.698763542E0,8.204276661E-1,2.299647432E-1,1.061217290E-1,5.125943759E-1,6.974474459E1,2.914748980E1,-3.533198013E0,6.307453352E1
5.708809542E0,8.188137684E-1,2.304139443E-1,1.066464994E-1,5.148591052E-1,7.006755377E1,2.921615874E1,-3.589877158E0,6.338633865E1
5.718856542E0,8.171118049E-1,2.313526494E-1,1.071675293E-1,5.170293202E-1,7.040657853E1,2.933446045E1,-3.674978199E0,6.368517225E1
5.728902542E0,8.153590228E-1,2.326210536E-1,1.077370860E-1,5.191048628E-1,7.075424654E1,2.948926757E1,-3.773972683E0,6.397283320E1
5.738948542E0,8.136149652E-1,2.339635097E-1,1.084747665E-1,5.210806439E-1,7.109871581E1,2.966204274E1,-3.859745417E0,6.425277298E1
5.748994542E0,8.119381949E-1,2.350652600E-1,1.094960794E-1,5.229829840E-1,7.142853428E1,2.982810315E1,-3.902691882E0,6.453269603E1
5.759041542E0,8.103588261E-1,2.356729806E-1,1.108712415E-1,5.248660631E-1,7.173799095E1,2.996629874E1,-3.882038200E0,6.482259220E1
5.769087542E0,8.088813894E-1,2.356082273E-1,1.126074546E-1,5.268008774E-1,7.202643265E1,3.005929236E1,-3.788009938E0,6.513260932E1
5.779133542E0,8.075224696E-1,2.348266561E-1,1.145916440E-1,5.288029581E-1,7.229085703E1,3.009621109E1,-3.628296597E0,6.546148523E1
5.789179542E0,8.062949111E-1,2.334164805E-1,1.166307770E-1,5.308507786E-1,7.252900446E1,3.007460138E1,-3.424948612E0,6.580009153E1
5.799226542E0,8.051830456E-1,2.315815490E-1,1.185373582E-1,5.329156686E-1,7.274412653E1,3.000363090E1,-3.206704049E0,6.613813509E1
5.809272542E0,8.041713421E-1,2.295962269E-1,1.200788528E-1,5.349533107E-1,7.293939404E1,2.989621265E1,-3.010477924E0,6.646162472E1
5.819318667E0,8.032376840E-1,2.277538038E-1,1.211683225E-1,5.368943627E-1,7.311919951E1,2.977589677E1,-2.860565128E0,6.675790406E1
5.829364667E0,8.023505561E-1,2.262331244E-1,1.219263757E-1,5.386891652E-1,7.328969235E1,2.966776584E1,-2.756031420E0,6.702388192E1
5.839411667E0,8.014699082E-1,2.251286610E-1,1.224980187E-1,5.403307323E-1,7.345860321E1,2.959003750E1,-2.689931518E0,6.726312233E1
5.849457667E0,8.005486624E-1,2.244932288E-1,1.229526620E-1,5.418555209E-1,7.363494452E1,2.955194857E1,-2.661005480E0,6.748263684E1
5.859503667E0,7.995508358E-1,2.243681422E-1,1.233390169E-1,5.432909162E-1,7.382553658E1,2.956037979E1,-2.668812241E0,6.768758110E1
5.869549667E0,7.984819812E-1,2.247405675E-1,1.236776510E-1,5.446302692E-1,7.402922848E1,2.961521196E1,-2.710659113E0,6.787770547E1
5.879596667E0,7.974102289E-1,2.255599708E-1,1.239134363E-1,5.458068828E-1,7.423299153E1,2.970793698E1,-2.785941024E0,6.804226514E1
5.889642667E0,7.964013914E-1,2.267321642E-1,1.240414099E-1,5.467643012E-1,7.442435663E1,2.982903958E1,-2.886900587E0,6.817352205E1
5.899688667E0,7.954962352E-1,2.281218512E-1,1.240990879E-1,5.474901647E-1,7.459569708E1,2.996765977E1,-3.000703930E0,6.827109166E1
5.909734667E0,7.947187523E-1,2.295781196E-1,1.241108153E-1,5.480076859E-1,7.474260168E1,3.011048594E1,-3.115834095E0,6.833902372E1
5.919780667E0,7.940615775E-1,2.309885955E-1,1.241345123E-1,5.483622462E-1,7.486658214E1,3.025010834E1,-3.221143920E0,6.838543464E1
5.929827667E0,7.935197903E-1,2.322734158E-1,1.242245643E-1,5.485833802E-1,7.496866232E1,3.038212067E1,-3.307423186E0,6.841619205E1
5.939873667E0,7.930985642E-1,2.333870725E-1,1.243574007E-1,5.486897694E-1,7.504794527E1,3.050044722E1,-3.374313698E0,6.843313376E1
5.949919667E0,7.927905129E-1,2.343380161E-1,1.245006315E-1,5.486972294E-1,7.510588133E1,3.060376240E1,-3.425773108E0,6.843733673E1
5.959965667E0,7.926144971E-1,2.351580462E-1,1.245665702E-1,5.485855508E-1,7.513896800E1,3.068957271E1,-3.470927876E0,6.842315871E1
5.970012667E0,7.925678195E-1,2.359184017E-1,1.244862541E-1,5.483447869E-1,7.514774018E1,3.076049349E1,-3.520269966E0,6.838688808E1
5.980058667E0,7.926392478E-1,2.366422001E-1,1.242080322E-1,5.479926605E-1,7.513431622E1,3.081541482E1,-3.580569284E0,6.832917290E1
5.990104667E0,7.928238616E-1,2.374396395E-1,1.236877926E-1,5.474980989E-1,7.509961119E1,3.086257590E1,-3.661987619E0,6.824422260E1
6.000150667E0,7.940642749E-1,2.386222116E-1,1.224796795E-1,5.454540294E-1,7.486607362E1,3.090994072E1,-3.772869519E0,6.792798616E1
6.010197667E0,7.954656050E-1,2.400086427E-1,1.209245767E-1,5.431460364E-1,7.460148931E1,3.095730196E1,-3.918464250E0,6.756522893E1
6.020243667E0,7.970174625E-1,2.415568387E-1,1.190240331E-1,5.405985860E-1,7.430754503E1,3.100110275E1,-4.096821176E0,6.715964816E1
6.030289667E0,7.986858876E-1,2.431229998E-1,1.168806709E-1,5.378950343E-1,7.399040708E1,3.103375507E1,-4.292455695E0,6.672629330E1
6.040335667E0,8.004129285E-1,2.445340816E-1,1.147934694E-1,5.351305066E-1,7.366089554E1,3.105664103E1,-4.470795367E0,6.628801913E1
6.050382667E0,8.021368610E-1,2.456916448E-1,1.129517364E-1,5.324039005E-1,7.333071042E1,3.107098842E1,-4.612068399E0,6.586424472E1
6.060428667E0,8.038555779E-1,2.465663025E-1,1.111534726E-1,5.297792793E-1,7.300024711E1,3.106043443E1,-4.735083573E0,6.545704510E1
6.070474667E0,8.056398331E-1,2.471435668E-1,1.090825662E-1,5.272244111E-1,7.265581444E1,3.100389986E1,-4.866693325E0,6.505225829E1
6.080520667E0,8.075488641E-1,2.473255042E-1,1.065690651E-1,5.247265886E-1,7.228572905E1,3.088121267E1,-5.016181285E0,6.464343192E1
6.090567667E0,8.095905312E-1,2.469385856E-1,1.037867725E-1,5.223149565E-1,7.188811104E1,3.068540698E1,-5.158421232E0,6.424073540E1
6.100613667E0,8.116244643E-1,2.457983817E-1,1.012516659E-1,5.201894804E-1,7.149009807E1,3.042767935E1,-5.242243349E0,6.388699677E1
6.110659667E0,8.135625450E-1,2.438947455E-1,9.942391514E-2,5.184074273E-1,7.110904688E1,3.013365967E1,-5.226808905E0,6.360315347E1
6.120705667E0,8.152999013E-1,2.415599471E-1,9.854737660E-2,5.169366077E-1,7.076594750E1,2.985129305E1,-5.109015693E0,6.339036872E1
6.130752667E0,8.167117997E-1,2.393775358E-1,9.866311711E-2,5.156993659E-1,7.048605182E1,2.964252107E1,-4.918292884E0,6.323722652E1
6.140798667E0,8.177145048E-1,2.379989914E-1,9.953684762E-2,5.145793239E-1,7.028668594E1,2.956016883E1,-4.712346665E0,6.311961355E1
6.150844667E0,8.182824863E-1,2.378659180E-1,1.006900644E-1,5.135124923E-1,7.017353643E1,2.962089781E1,-4.560309598E0,6.301421619E1
6.160890667E0,8.184919983E-1,2.392052342E-1,1.015488117E-1,5.123862021E-1,7.013175867E1,2.981422661E1,-4.525176324E0,6.288892344E1
6.170936667E0,8.184746970E-1,2.419225206E-1,1.016031232E-1,5.111258638E-1,7.013520946E1,3.010103037E1,-4.645274538E0,6.271867516E1
6.180983667E0,8.183629025E-1,2.455846708E-1,1.006738590E-1,5.097401808E-1,7.015750360E1,3.042754608E1,-4.910139699E0,6.249965084E1
6.191029667E0,8.183142650E-1,2.495799602E-1,9.885189285E-2,5.082320823E-1,7.016720098E1,3.073794435E1,-5.273224673E0,6.223615068E1
6.201075667E0,8.184544981E-1,2.532693268E-1,9.640507863E-2,5.066487411E-1,7.013923799E1,3.098316050E1,-5.671848491E0,6.194435564E1
6.211121667E0,8.188557783E-1,2.561532723E-1,9.368837180E-2,5.050576554E-1,7.005916748E1,3.113231062E1,-6.045016503E0,6.164590378E1
6.221168667E0,8.195131111E-1,2.579351409E-1,9.115938703E-2,5.035450788E-1,6.992783207E1,3.118011704E1,-6.335567786E0,6.136740591E1
6.231214667E0,8.203946229E-1,2.584700582E-1,8.930712787E-2,5.021653912E-1,6.975136690E1,3.113820008E1,-6.491468145E0,6.113132163E1
6.241260667E0,8.214501697E-1,2.578565950E-1,8.843520968E-2,5.009079610E-1,6.953954825E1,3.103305545E1,-6.490277108E0,6.094471038E1
6.251306667E0,8.225794313E-1,2.564143984E-1,8.857808222E-2,4.997685842E-1,6.931231086E1,3.089913709E1,-6.348215227E0,6.080644905E1
6.261353667E0,8.237362463E-1,2.545177375E-1,8.955324439E-2,4.986576249E-1,6.907885107E1,3.076525679E1,-6.101950095E0,6.069789643E1
6.271399667E0,8.248919129E-1,2.524531004E-1,9.110014964E-2,4.975154453E-1,6.884493102E1,3.064665195E1,-5.791176191E0,6.060264690E1
6.281445667E0,8.260324383E-1,2.504896683E-1,9.291598339E-2,4.962779822E-1,6.861339055E1,3.055429026E1,-5.458329132E0,6.050272032E1
6.291491667E0,8.271194476E-1,2.488543970E-1,9.484796858E-2,4.949230874E-1,6.839207451E1,3.050298023E1,-5.130607686E0,6.039026591E1
6.301538667E0,8.281668390E-1,2.476992467E-1,9.676509174E-2,4.933775204E-1,6.817822804E1,3.050117278E1,-4.826757335E0,6.025175514E1
6.311584667E0,8.292048105E-1,2.470064579E-1,9.854118101E-2,4.916268456E-1,6.796572148E1,3.053968807E1,-4.556858671E0,6.008187672E1
6.321630667E0,8.302485034E-1,2.466371619E-1,1.001129898E-1,4.897295947E-1,6.775145244E1,3.060012905E1,-4.320397001E0,5.988678554E1
6.331676667E0,8.313118157E-1,2.463860299E-1,1.014589915E-1,4.877710833E-1,6.753254011E1,3.065957899E1,-4.110018096E0,5.967732447E1
6.341722667E0,8.323881409E-1,2.460070138E-1,1.026586910E-1,4.858720517E-1,6.731030983E1,3.069657701E1,-3.907857468E0,5.947194900E1
6.351769667E0,8.334677219E-1,2.452990943E-1,1.038106698E-1,4.841315239E-1,6.708675515E1,3.069552114E1,-3.696328605E0,5.928670157E1
6.361815667E0,8.345442261E-1,2.441321060E-1,1.049227829E-1,4.826247003E-1,6.686318062E1,3.064312279E1,-3.469830936E0,5.913147601E1
6.371861667E0,8.356212678E-1,2.425093733E-1,1.059716019E-1,4.813483883E-1,6.663883128E1,3.053855941E1,-3.230830024E0,5.900481723E1
6.381907667E0,8.366879624E-1,2.405836259E-1,1.069228299E-1,4.802503365E-1,6.641597671E1,3.039609761E1,-2.989826925E0,5.889839257E1
6.391954667E0,8.377542144E-1,2.385986147E-1,1.077056234E-1,4.792057479E-1,6.619255093E1,3.023752934E1,-2.763528687E0,5.879341951E1
6.402000667E0,8.387823446E-1,2.368003509E-1,1.082888146E-1,4.781666595E-1,6.597647857E1,3.008679963E1,-2.567628537E0,5.868235797E1
6.412046667E0,8.397843227E-1,2.352588878E-1,1.087153038E-1,4.770706939E-1,6.576529672E1,2.995377821E1,-2.399986953E0,5.855857317E1
6.422092667E0,8.407957628E-1,2.340362288E-1,1.089200953E-1,4.758422819E-1,6.555150831E1,2.984138541E1,-2.267760671E0,5.841039693E1
6.432139667E0,8.418714136E-1,2.331348289E-1,1.087875909E-1,4.744109960E-1,6.532346581E1,2.974350722E1,-2.179663355E0,5.822533353E1
6.442185667E0,8.429742702E-1,2.323759960E-1,1.083339433E-1,4.729265418E-1,6.508891820E1,2.964227923E1,-2.128919113E0,5.802332257E1
6.452231667E0,8.441253217E-1,2.315673560E-1,1.075607910E-1,4.714443004E-1,6.484331582E1,2.951783406E1,-2.106245838E0,5.781181438E1
6.462277667E0,8.453380340E-1,2.304863104E-1,1.065014510E-1,4.700393984E-1,6.458365694E1,2.934887146E1,-2.098402107E0,5.760180963E1
6.472324667E0,8.466310150E-1,2.289072735E-1,1.051988236E-1,4.687755830E-1,6.430578193E1,2.911428341E1,-2.090792070E0,5.740318342E1
6.482370667E0,8.479713902E-1,2.267502821E-1,1.038073876E-1,4.677101739E-1,6.401658524E1,2.881430409E1,-2.066272292E0,5.722820179E1
6.492416667E0,8.492704404E-1,2.240340599E-1,1.025658942E-1,4.669353462E-1,6.373518618E1,2.846399522E1,-2.006133347E0,5.709578494E1
6.502462667E0,8.504479601E-1,2.208847578E-1,1.016077120E-1,4.665019713E-1,6.347914907E1,2.808382747E1,-1.906135683E0,5.701600073E1
6.512508667E0,8.514225638E-1,2.175914136E-1,1.010600874E-1,4.663908722E-1,6.326653198E1,2.771107542E1,-1.769323962E0,5.698951051E1
6.522555667E0,8.521463516E-1,2.145659969E-1,1.009326037E-1,4.664981359E-1,6.310821696E1,2.738940386E1,-1.614268619E0,5.700264185E1
6.532601667E0,8.525533427E-1,2.122847777E-1,1.010649448E-1,4.667694562E-1,6.301903868E1,2.715947868E1,-1.481237253E0,5.704322873E1
6.542647667E0,8.526839558E-1,2.111176577E-1,1.012302132E-1,4.670245711E-1,6.299039525E1,2.704720474E1,-1.407297760E0,5.708154373E1
6.552693667E0,8.525382541E-1,2.111429037E-1,1.012566182E-1,4.672731111E-1,6.302234685E1,2.705092426E1,-1.413774842E0,5.711386905E1
6.562740667E0,8.522109417E-1,2.121203049E-1,1.010474486E-1,4.674729714E-1,6.309407179E1,2.714034959E1,-1.495219180E0,5.713225906E1
6.572786667E0,8.517480850E-1,2.135842019E-1,1.006493611E-1,4.677357992E-1,6.319537432E1,2.726963792E1,-1.624332542E0,5.715257424E1
6.582832667E0,8.512545665E-1,2.150567707E-1,1.000880494E-1,4.680796964E-1,6.330322750E1,2.739062747E1,-1.772246110E0,5.717827840E1
6.592878667E0,8.508436347E-1,2.161586631E-1,9.932482790E-2,4.684818616E-1,6.339290674E1,2.746180731E1,-1.920514825E0,5.720581795E1
6.602925667E0,8.505566779E-1,2.165871017E-1,9.846514283E-2,4.689862119E-1,6.345546310E1,2.745746123E1,-2.043162706E0,5.724437404E1
6.612971667E0,8.503551527E-1,2.162628080E-1,9.776132734E-2,4.696480649E-1,6.349936244E1,2.738323361E1,-2.113038616E0,5.730859486E1
6.623017667E0,8.501972285E-1,2.153011328E-1,9.723663068E-2,4.704840477E-1,6.353374496E1,2.725240490E1,-2.134811494E0,5.740117591E1
6.633063667E0,8.501021873E-1,2.139683599E-1,9.646298840E-2,4.714219415E-1,6.355442884E1,2.706902229E1,-2.162395621E0,5.750030531E1
6.643109667E0,8.501306365E-1,2.125284181E-1,9.516110913E-2,4.722857411E-1,6.354823807E1,2.684529206E1,-2.232208577E0,5.757548657E1
6.653156667E0,8.502760009E-1,2.111049136E-1,9.336356184E-2,4.730209929E-1,6.351659707E1,2.659596730E1,-2.346604143E0,5.762096580E1
6.663202667E0,8.505032778E-1,2.096854498E-1,9.124964451E-2,4.736557034E-1,6.346709818E1,2.632974056E1,-2.488632495E0,5.764576138E1
6.673248667E0,8.503949604E-1,2.081711241E-1,8.929045879E-2,4.748897631E-1,6.349069306E1,2.606073680E1,-2.628068109E0,5.775267139E1
6.683294667E0,8.506745837E-1,2.068002768E-1,8.744061254E-2,4.753319468E-1,6.342976641E1,2.581485568E1,-2.741534252E0,5.776196329E1
6.693341667E0,8.508388300E-1,2.056735019E-1,8.615372174E-2,4.757617182E-1,6.339395462E1,2.562561414E1,-2.814199111E0,5.778487949E1
6.703387667E0,8.507896024E-1,2.050040150E-1,8.566796351E-2,4.762263450E-1,6.340468995E1,2.552807024E1,-2.836485994E0,5.783284019E1
6.713433667E0,8.504286779E-1,2.050057904E-1,8.619245469E-2,4.767751602E-1,6.348334919E1,2.555581531E1,-2.801864155E0,5.791697527E1
6.723479667E0,8.497292088E-1,2.057902908E-1,8.763117951E-2,4.774216929E-1,6.363554230E1,2.571515088E1,-2.726701214E0,5.803656533E1
6.733526667E0,8.487938227E-1,2.073330130E-1,8.960445282E-2,4.780514300E-1,6.383855948E1,2.598292164E1,-2.643434782E0,5.816755520E1
6.743572667E0,8.477192678E-1,2.095254867E-1,9.181352193E-2,4.785827121E-1,6.407107172E1,2.633158880E1,-2.572663847E0,5.829220051E1
6.753618667E0,8.466426265E-1,2.121212690E-1,9.395540370E-2,4.789293700E-1,6.430328166E1,2.671898644E1,-2.526927681E0,5.839180751E1
6.763664667E0,8.456360544E-1,2.147805560E-1,9.581630296E-2,4.791536966E-1,6.451970397E1,2.709778327E1,-2.508887421E0,5.846877091E1
6.773711667E0,8.448087118E-1,2.171385932E-1,9.726724510E-2,4.792578836E-1,6.469710657E1,2.742292967E1,-2.509574436E0,5.851987458E1
6.783757667E0,8.441789746E-1,2.188979923E-1,9.833573093E-2,4.793490683E-1,6.483184756E1,2.766484230E1,-2.512146687E0,5.855966240E1
6.793803667E0,8.437199744E-1,2.199230563E-1,9.918805611E-2,4.795124505E-1,6.492990003E1,2.781856739E1,-2.495320886E0,5.860379773E1
6.803849667E0,8.433624637E-1,2.202960191E-1,1.000096826E-1,4.797995759E-1,6.500618084E1,2.790292611E1,-2.447678066E0,5.866403890E1
6.813895667E0,8.430701121E-1,2.202709891E-1,1.009101658E-1,4.801360974E-1,6.506849970E1,2.795061125E1,-2.371084279E0,5.873364420E1
6.823943083E0,8.427476044E-1,2.201434791E-1,1.019499022E-1,4.805410444E-1,6.513718519E1,2.799560267E1,-2.277527308E0,5.881640876E1
6.833989083E0,8.424319035E-1,2.201377682E-1,1.030566785E-1,4.808607914E-1,6.520435866E1,2.805734618E1,-2.182051361E0,5.889024504E1
6.844035083E0,8.421201011E-1,2.202553737E-1,1.042331287E-1,4.810995955E-1,6.527064223E1,2.813613212E1,-2.084646406E0,5.895584124E1
6.854081083E0,8.418037679E-1,2.203854336E-1,1.054820083E-1,4.813212668E-1,6.533782783E1,2.822053268E1,-1.980656240E0,5.902163982E1
6.864128083E0,8.415698318E-1,2.204444286E-1,1.067197454E-1,4.814306168E-1,6.538747374E1,2.829735371E1,-1.870074252E0,5.907306168E1
6.874174083E0,8.414183982E-1,2.204138932E-1,1.078559190E-1,4.814561157E-1,6.541959311E1,2.835940201E1,-1.761281754E0,5.911098468E1
6.884220083E0,8.413451470E-1,2.203631274E-1,1.088125471E-1,4.813921368E-1,6.543512481E1,2.840929382E1,-1.665498362E0,5.913215639E1
6.894266083E0,8.413193531E-1,2.203799650E-1,1.095666385E-1,4.812583627E-1,6.544059319E1,2.845466020E1,-1.590639779E0,5.913822118E1
6.904312083E0,8.412758786E-1,2.205586519E-1,1.101688064E-1,4.811150423E-1,6.544980900E1,2.850799128E1,-1.539347576E0,5.913830992E1
6.914359083E0,8.411727874E-1,2.209980486E-1,1.106661444E-1,4.809793294E-1,6.547165786E1,2.858214655E1,-1.513488637E0,5.913594942E1
6.924405083E0,8.409210232E-1,2.217216889E-1,1.111184855E-1,4.809822587E-1,6.552498886E1,2.868280580E1,-1.513051223E0,5.914972928E1
6.934451083E0,8.405742179E-1,2.227129037E-1,1.114862747E-1,4.810454157E-1,6.559838925E1,2.880610416E1,-1.538293807E0,5.916837081E1
6.944497083E0,8.401670372E-1,2.238749819E-1,1.117330603E-1,4.811600130E-1,6.568447492E1,2.893998855E1,-1.586752174E0,5.918965387E1
6.954544083E0,8.397496780E-1,2.250490825E-1,1.118493066E-1,4.813138701E-1,6.577260866E1,2.906754754E1,-1.649638826E0,5.921182716E1
6.964590083E0,8.394010182E-1,2.260970533E-1,1.117957063E-1,4.814435348E-1,6.584615485E1,2.917236424E1,-1.720453713E0,5.922564766E1
6.974636083E0,8.391110690E-1,2.269360706E-1,1.115831598E-1,4.816033346E-1,6.590726119E1,2.924640843E1,-1.795084394E0,5.923848002E1
6.984682083E0,8.389081108E-1,2.275476530E-1,1.112487561E-1,4.817456856E-1,6.595000440E1,2.928999505E1,-1.867326852E0,5.924545984E1
6.994729083E0,8.387817124E-1,2.278771255E-1,1.108669584E-1,4.818980464E-1,6.597661163E1,2.930171043E1,-1.927835519E0,5.925254132E1
7.004775083E0,8.387532001E-1,2.278468061E-1,1.104820681E-1,4.820503019E-1,6.598261224E1,2.927609811E1,-1.967515042E0,5.925995147E1
7.014821083E0,8.388688300E-1,2.274379553E-1,1.100667794E-1,4.821372298E-1,6.595827415E1,2.920979263E1,-1.985663596E0,5.925854258E1
7.024867083E0,8.391492119E-1,2.267040470E-1,1.095976481E-1,4.821018054E-1,6.589922551E1,2.910709815E1,-1.985770808E0,5.924023371E1
7.034913083E0,8.395826501E-1,2.257714373E-1,1.090320216E-1,4.819130718E-1,6.580785059E1,2.897868773E1,-1.978336581E0,5.919960173E1
7.044960083E0,8.401255647E-1,2.248070279E-1,1.083452650E-1,4.815725463E-1,6.569323737E1,2.884038412E1,-1.975636642E0,5.913591281E1
7.055006083E0,8.406741902E-1,2.239536753E-1,1.075777551E-1,4.811846689E-1,6.557723787E1,2.870905683E1,-1.985722953E0,5.906365898E1
7.065052083E0,8.412306551E-1,2.232815332E-1,1.067585310E-1,4.807066815E-1,6.545939436E1,2.859372306E1,-2.008556923E0,5.897820805E1
7.075098083E0,8.418095631E-1,2.228027239E-1,1.059163316E-1,4.801013895E-1,6.533659755E1,2.849739091E1,-2.040908055E0,5.887568502E1
7.085145083E0,8.424120101E-1,2.224223381E-1,1.050794111E-1,4.794044492E-1,6.520858941E1,2.841182727E1,-2.075718685E0,5.876163303E1
7.095191083E0,8.430500713E-1,2.219824462E-1,1.042840210E-1,4.786597566E-1,6.507276974E1,2.832269569E1,-2.101784007E0,5.864296320E1
7.105237083E0,8.437761140E-1,2.213226583E-1,1.035229754E-1,4.778506846E-1,6.491791447E1,2.821302620E1,-2.109989450E0,5.851754256E1
7.115283083E0,8.445967553E-1,2.203646025E-1,1.028361451E-1,4.769909310E-1,6.474248550E1,2.807689625E1,-2.092545197E0,5.838840051E1
7.125330083E0,8.455371357E-1,2.191593660E-1,1.022789901E-1,4.759990471E-1,6.454093745E1,2.792285505E1,-2.044628745E0,5.824670056E1
7.135376083E0,8.465732317E-1,2.178550158E-1,1.018922190E-1,4.748376907E-1,6.431822304E1,2.776850356E1,-1.969821297E0,5.808863792E1
7.145422083E0,8.477173711E-1,2.166040025E-1,1.016643415E-1,4.734155506E-1,6.407148144E1,2.762904733E1,-1.875175808E0,5.790201944E1
7.155468083E0,8.489592913E-1,2.155241897E-1,1.015355724E-1,4.717074864E-1,6.380268810E1,2.751324963E1,-1.772418930E0,5.768179212E1
7.165514083E0,8.502487530E-1,2.146376729E-1,1.013969724E-1,4.698152404E-1,6.352252911E1,2.741702675E1,-1.676415814E0,5.743779434E1
7.175561083E0,8.515841338E-1,2.139371607E-1,1.012078490E-1,4.677524893E-1,6.323122240E1,2.733733346E1,-1.591037952E0,5.717068878E1
7.185607083E0,8.528790114E-1,2.134678977E-1,1.010973821E-1,4.656267287E-1,6.294759781E1,2.728590769E1,-1.509634678E0,5.689796772E1
7.195653083E0,8.541446812E-1,2.133382224E-1,1.010048592E-1,4.633808075E-1,6.266925814E1,2.727075850E1,-1.442180992E0,5.661056461E1
7.205699083E0,8.554407601E-1,2.135855717E-1,1.005993328E-1,4.609577219E-1,6.238307557E1,2.727775941E1,-1.420754210E0,5.629161793E1
7.215746083E0,8.568122396E-1,2.140451040E-1,9.958896220E-2,4.584099239E-1,6.207895280E1,2.727411442E1,-1.465941601E0,5.593949730E1
7.225792083E0,8.583037323E-1,2.143789650E-1,9.786762696E-2,4.558271650E-1,6.174668754E1,2.721934474E1,-1.572348433E0,5.556298449E1
7.235838083E0,8.599263227E-1,2.141407142E-1,9.572871127E-2,4.533282573E-1,6.138337717E1,2.708307055E1,-1.691204233E0,5.518645393E1
7.245884083E0,8.616431957E-1,2.130731714E-1,9.373915348E-2,4.509809518E-1,6.099683107E1,2.686870228E1,-1.756074047E0,5.483529840E1
7.255931083E0,8.633289642E-1,2.112966027E-1,9.235999797E-2,4.488725346E-1,6.061512182E1,2.661269723E1,-1.731533484E0,5.453320261E1
7.265977083E0,8.648484424E-1,2.093105325E-1,9.173317423E-2,4.470026475E-1,6.026919228E1,2.637431431E1,-1.630522130E0,5.428289149E1
7.276023083E0,8.660558443E-1,2.078947040E-1,9.172772675E-2,4.453237067E-1,5.999302319E1,2.622814302E1,-1.505804021E0,5.407340887E1
7.286069083E0,8.668857789E-1,2.078494541E-1,9.215895750E-2,4.436376010E-1,5.980252172E1,2.624868320E1,-1.411743950E0,5.387394116E1
7.296115083E0,8.673358862E-1,2.096483606E-1,9.275890208E-2,4.417824864E-1,5.969897438E1,2.647207500E1,-1.394241254E0,5.365659808E1
7.306162083E0,8.674514739E-1,2.132707084E-1,9.316488687E-2,4.397315997E-1,5.967235706E1,2.687792606E1,-1.485943687E0,5.340796225E1
7.316208083E0,8.673381621E-1,2.183165344E-1,9.304314043E-2,4.374989336E-1,5.969845038E1,2.740796133E1,-1.697737255E0,5.312016295E1
7.326254083E0,8.671619251E-1,2.241630135E-1,9.217032661E-2,4.350699896E-1,5.973901351E1,2.798647649E1,-2.017228396E0,5.278466730E1
7.336300083E0,8.670617842E-1,2.300801096E-1,9.050793373E-2,4.325222126E-1,5.976205104E1,2.853554038E1,-2.411579454E0,5.241006910E1
7.346347083E0,8.671950946E-1,2.353166501E-1,8.814266840E-2,4.299180853E-1,5.973138104E1,2.898051400E1,-2.835005242E0,5.200766809E1
7.356393083E0,8.676892664E-1,2.391951770E-1,8.525836463E-2,4.273545032E-1,5.961756472E1,2.925816893E1,-3.238175185E0,5.159690323E1
7.366439083E0,8.686313328E-1,2.413241934E-1,8.208943792E-2,4.248571339E-1,5.940004201E1,2.933744551E1,-3.580204136E0,5.119008678E1
7.376485083E0,8.696703158E-1,2.416056975E-1,7.910092606E-2,4.231351190E-1,5.915929870E1,2.922684450E1,-3.834818893E0,5.088995908E1
7.386531083E0,8.715446283E-1,2.404408271E-1,7.617759431E-2,4.204703002E-1,5.872273117E1,2.896916391E1,-3.980221311E0,5.048069488E1
7.396578083E0,8.737203540E-1,2.381784000E-1,7.386514951E-2,4.176455131E-1,5.821222034E1,2.862483910E1,-4.006710656E0,5.007375574E1
7.406624083E0,8.760635502E-1,2.353064506E-1,7.222978857E-2,4.146401899E-1,5.765780517E1,2.824871123E1,-3.932388269E0,4.966642966E1
7.416670083E0,8.784750032E-1,2.322367428E-1,7.125386249E-2,4.114251651E-1,5.708210477E1,2.788357425E1,-3.778909488E0,4.925273482E1
7.426716083E0,8.808863298E-1,2.292774018E-1,7.083336338E-2,4.079875627E-1,5.650106728E1,2.755703596E1,-3.571402365E0,4.882690437E1
7.436763083E0,8.832273554E-1,2.266562208E-1,7.078270814E-2,4.043837332E-1,5.593167549E1,2.728415548E1,-3.340960896E0,4.839006784E1
7.446809083E0,8.854630771E-1,2.244734039E-1,7.092001203E-2,4.006708488E-1,5.538287660E1,2.706673285E1,-3.111876607E0,4.794418725E1
7.456855083E0,8.874835549E-1,2.227513206E-1,7.116246705E-2,3.971027387E-1,5.488256965E1,2.690249200E1,-2.900363743E0,4.751821640E1
7.466901083E0,8.893164792E-1,2.215084785E-1,7.144181109E-2,3.936320722E-1,5.442503749E1,2.679057525E1,-2.712072636E0,4.710459475E1
7.476947083E0,8.909703215E-1,2.207314434E-1,7.173811924E-2,3.902604086E-1,5.400913718E1,2.672880125E1,-2.547775385E0,4.670311416E1
7.486994083E0,8.924591168E-1,2.203862133E-1,7.207373986E-2,3.869781806E-1,5.363219256E1,2.671472176E1,-2.402748345E0,4.631336356E1
7.497040083E0,8.937880702E-1,2.204013019E-1,7.249251095E-2,3.838112875E-1,5.329363385E1,2.674265338E1,-2.269456516E0,4.593987186E1
7.507086083E0,8.949934490E-1,2.206980104E-1,7.294513122E-2,3.807335771E-1,5.298482329E1,2.680200328E1,-2.148147103E0,4.557830734E1
7.517132083E0,8.961251551E-1,2.212179287E-1,7.332443706E-2,3.776850323E-1,5.269335974E1,2.688190056E1,-2.045071691E0,4.521860831E1
7.527179083E0,8.972168427E-1,2.218765259E-1,7.355530696E-2,3.746498692E-1,5.241077716E1,2.697000242E1,-1.963446665E0,4.485692300E1
7.537225083E0,8.982879417E-1,2.225413713E-1,7.364809324E-2,3.716587284E-1,5.213214111E1,2.705242998E1,-1.897094633E0,4.449738647E1
7.547271083E0,8.993993119E-1,2.230284941E-1,7.360288021E-2,3.686757852E-1,5.184155708E1,2.710925521E1,-1.836853537E0,4.413588177E1
7.557317083E0,9.005268033E-1,2.231181141E-1,7.352752691E-2,3.658737152E-1,5.154520037E1,2.712080237E1,-1.767229846E0,4.379641337E1
7.567363083E0,9.017413069E-1,2.226677276E-1,7.350542616E-2,3.631508602E-1,5.122418659E1,2.707510242E1,-1.670878362E0,4.346910740E1
7.577410083E0,9.030053752E-1,2.216549177E-1,7.364090720E-2,3.605933051E-1,5.088806742E1,2.697383909E1,-1.539051662E0,4.316705991E1
7.587456083E0,9.043024234E-1,2.202151129E-1,7.394291572E-2,3.581549203E-1,5.054101102E1,2.683214648E1,-1.375731471E0,4.288457011E1
7.597502083E0,9.055938450E-1,2.186322933E-1,7.434199896E-2,3.557710524E-1,5.019323375E1,2.667824933E1,-1.198644594E0,4.261147735E1
7.607548083E0,9.068378514E-1,2.172447558E-1,7.474650334E-2,3.533592411E-1,4.985608094E1,2.654550216E1,-1.029372171E0,4.233501013E1
7.617595083E0,9.079957096E-1,2.163338834E-1,7.505425435E-2,3.508708912E-1,4.954034710E1,2.646063182E1,-8.888446265E-1,4.204643458E1
7.627641083E0,9.090302461E-1,2.160618834E-1,7.521776832E-2,3.483151906E-1,4.925663828E1,2.643963838E1,-7.886909594E-1,4.174561508E1
7.637687083E0,9.099201768E-1,2.164232400E-1,7.526928231E-2,3.457468038E-1,4.901135422E1,2.648348293E1,-7.263700653E-1,4.144013934E1
7.647733083E0,9.106284968E-1,2.173378266E-1,7.529349567E-2,3.432941101E-1,4.881529977E1,2.658701235E1,-6.928824869E-1,4.114776044E1
7.657779083E0,9.111363242E-1,2.186877796E-1,7.536547195E-2,3.410664384E-1,4.867428309E1,2.674044729E1,-6.782652924E-1,4.088363638E1
7.667826083E0,9.114567666E-1,2.203648501E-1,7.555679230E-2,3.390826284E-1,4.858510286E1,2.693485395E1,-6.709652977E-1,4.065200513E1
7.677872083E0,9.116373870E-1,2.223175294E-1,7.584404942E-2,3.372533077E-1,4.853476779E1,2.716370049E1,-6.686627833E-1,4.044159297E1
7.687918083E0,9.117225657E-1,2.245053618E-1,7.618382677E-2,3.354925388E-1,4.851101324E1,2.742086531E1,-6.716777399E-1,4.024099329E1
7.697964083E0,9.117327653E-1,2.268536419E-1,7.660257152E-2,3.337855914E-1,4.850816807E1,2.769919485E1,-6.737454464E-1,4.004927312E1
7.708011083E0,9.117142628E-1,2.292404865E-1,7.711433436E-2,3.320834066E-1,4.851332923E1,2.798576723E1,-6.670208109E-1,3.986114460E1
7.718057083E0,9.116761410E-1,2.315760804E-1,7.772811364E-2,3.304202288E-1,4.852396147E1,2.827089880E1,-6.479780602E-1,3.968104519E1
7.728103083E0,9.116504736E-1,2.337860451E-1,7.836603254E-2,3.287801685E-1,4.853111893E1,2.854317130E1,-6.213029300E-1,3.950491005E1
7.738149083E0,9.116523069E-1,2.357869720E-1,7.891062777E-2,3.272121582E-1,4.853060771E1,2.878855889E1,-5.974119327E-1,3.933504497E1
7.748196083E0,9.117012816E-1,2.375126326E-1,7.919884900E-2,3.257545516E-1,4.851694996E1,2.899319769E1,-5.918907122E-1,3.917098965E1
7.758242083E0,9.117990412E-1,2.389268965E-1,7.918664222E-2,3.244470088E-1,4.848967654E1,2.915132576E1,-6.092733084E-1,3.901591118E1
7.768288083E0,9.119176846E-1,2.400387672E-1,7.899970514E-2,3.233366501E-1,4.845655750E1,2.926886916E1,-6.385291514E-1,3.887900026E1
7.778334083E0,9.120379928E-1,2.408913242E-1,7.865691428E-2,3.224455604E-1,4.842295200E1,2.935134649E1,-6.802594128E-1,3.876332805E1
7.788380083E0,9.121654870E-1,2.414873438E-1,7.794745638E-2,3.218108710E-1,4.838731530E1,2.939083785E1,-7.577327526E-1,3.866683564E1
7.798427083E0,9.123566651E-1,2.417769032E-1,7.665596104E-2,3.213613327E-1,4.833383164E1,2.937352549E1,-8.892857817E-1,3.857471845E1
7.808473083E0,9.127269673E-1,2.415975737E-1,7.475894719E-2,3.208913110E-1,4.823007797E1,2.928070189E1,-1.064852370E0,3.846254344E1
7.818519083E0,9.133125135E-1,2.406631201E-1,7.255605259E-2,3.204328797E-1,4.806558616E1,2.909207073E1,-1.243418977E0,3.834388356E1
7.828565042E0,9.140867089E-1,2.387894082E-1,7.056521459E-2,3.200713019E-1,4.784728248E1,2.880677947E1,-1.366853084E0,3.824478286E1
7.838612042E0,9.149745955E-1,2.360973889E-1,6.933085457E-2,3.198012039E-1,4.759576094E1,2.845896481E1,-1.383054874E0,3.818026620E1
7.848658042E0,9.158378683E-1,2.330495922E-1,6.918687040E-2,3.195967706E-1,4.735000589E1,2.811297213E1,-1.274127219E0,3.815553518E1
7.858704042E0,9.164915659E-1,2.302572054E-1,7.030623801E-2,3.195026145E-1,4.716310968E1,2.784372332E1,-1.046589101E0,3.817919884E1
7.868750042E0,9.167839808E-1,2.282653928E-1,7.267817309E-2,3.195619573E-1,4.707928006E1,2.771200584E1,-7.236363835E-1,3.825538700E1
7.878796042E0,9.166913209E-1,2.274014667E-1,7.600299045E-2,3.196705486E-1,4.710585905E1,2.774350752E1,-3.463287286E-1,3.836406517E1
7.888843042E0,9.162558175E-1,2.277340000E-1,7.977102934E-2,3.197639882E-1,4.723059199E1,2.792666636E1,3.088673614E-2,3.848461586E1
7.898889042E0,9.155572546E-1,2.292233538E-1,8.346082788E-2,3.197588673E-1,4.743002213E1,2.823688954E1,3.571803608E-1,3.859340097E1
7.908935042E0,9.147507114E-1,2.316997182E-1,8.654451786E-2,3.194625961E-1,4.765930091E1,2.863419947E1,5.898436310E-1,3.865247226E1
7.918981042E0,9.139511436E-1,2.348493838E-1,8.859642664E-2,3.188882610E-1,4.788557613E1,2.906636738E1,6.969738061E-1,3.864963770E1
7.929028042E0,9.132718628E-1,2.383049670E-1,8.937573767E-2,3.180521096E-1,4.807702284E1,2.948266436E1,6.681926754E-1,3.857773592E1
7.939074042E0,9.127746564E-1,2.416491298E-1,8.891621058E-2,3.170835329E-1,4.821670086E1,2.983808273E1,5.199667681E-1,3.845137880E1
7.949120042E0,9.124585129E-1,2.444783529E-1,8.754457301E-2,3.162052347E-1,4.830531614E1,3.010084299E1,2.951268159E-1,3.830606096E1
7.959166042E0,9.123358656E-1,2.465248195E-1,8.571370864E-2,3.154709523E-1,4.833965316E1,3.025885169E1,4.907624666E-2,3.816237979E1
7.969212042E0,9.123913309E-1,2.476564255E-1,8.386845113E-2,3.149195030E-1,4.832412764E1,3.031442420E1,-1.685633587E-1,3.803941768E1
7.979259042E0,9.126159314E-1,2.477879816E-1,8.238216885E-2,3.145575037E-1,4.826121073E1,3.027202874E1,-3.163074468E-1,3.795020380E1
7.989305042E0,9.129876877E-1,2.469961424E-1,8.147464711E-2,3.143376447E-1,4.815690157E1,3.014834931E1,-3.729793634E-1,3.789625884E1
7.999351042E0,9.135062836E-1,2.455479872E-1,8.117545717E-2,3.140429328E-1,4.801103547E1,2.997441039E1,-3.390004634E-1,3.785288148E1
8.009397042E0,9.141295090E-1,2.438057893E-1,8.138310942E-2,3.135326609E-1,4.783518657E1,2.978698437E1,-2.344980720E-1,3.780002507E1
8.019444042E0,9.147662847E-1,2.420552199E-1,8.193900528E-2,3.128865287E-1,4.765488368E1,2.961198459E1,-8.947061424E-2,3.774181796E1
8.029490042E0,9.153477848E-1,2.404643503E-1,8.267903545E-2,3.122171946E-1,4.748966907E1,2.946192082E1,6.909495808E-2,3.768629698E1
8.039536042E0,9.155808147E-1,2.390493805E-1,8.367192564E-2,3.123558998E-1,4.742330893E1,2.934140831E1,2.222996452E-1,3.773296621E1
8.049582042E0,9.159384307E-1,2.380810882E-1,8.446507664E-2,3.118330682E-1,4.732129977E1,2.926323564E1,3.579008187E-1,3.769592632E1
8.059628042E0,9.159199282E-1,2.375847880E-1,8.534225793E-2,3.120269015E-1,4.732658264E1,2.924147028E1,4.622478256E-1,3.774550811E1
8.069675042E0,9.160147586E-1,2.377737323E-1,8.585092824E-2,3.114646626E-1,4.729950055E1,2.928197641E1,5.251348597E-1,3.769545893E1
8.079721042E0,9.157284340E-1,2.384887062E-1,8.634502102E-2,3.116233665E-1,4.738122593E1,2.938122016E1,5.443109159E-1,3.772969222E1
8.089767042E0,9.153292823E-1,2.396600251E-1,8.662051916E-2,3.118209720E-1,4.749493429E1,2.952322457E1,5.220033605E-1,3.776194378E1
8.099813042E0,9.148563947E-1,2.411344694E-1,8.669501372E-2,3.120510095E-1,4.762931717E1,2.969149674E1,4.660757202E-1,3.779182597E1
8.109860042E0,9.143602841E-1,2.427511540E-1,8.658417277E-2,3.122823536E-1,4.776991668E1,2.986860885E1,3.852857505E-1,3.781601207E1
8.119906042E0,9.139094814E-1,2.443435620E-1,8.624953206E-2,3.124527112E-1,4.789733881E1,3.003439207E1,2.840113822E-1,3.782585562E1
8.129952042E0,9.135539306E-1,2.457925917E-1,8.569203462E-2,3.125093565E-1,4.799761282E1,3.017553627E1,1.686572886E-1,3.781514487E1
8.139998042E0,9.133204792E-1,2.470210565E-1,8.493112596E-2,3.124308369E-1,4.806334476E1,3.028417515E1,4.495899963E-2,3.778199369E1
8.150044042E0,9.132362066E-1,2.479741021E-1,8.397987159E-2,3.121791992E-1,4.808705229E1,3.035471621E1,-8.237958471E-2,3.772244850E1
8.160091042E0,9.133054539E-1,2.486150819E-1,8.291561098E-2,3.117507765E-1,4.806757249E1,3.038608275E1,-2.038204370E-1,3.763864379E1
8.170137042E0,9.135189276E-1,2.489401816E-1,8.179420978E-2,3.111618586E-1,4.800747386E1,3.038003617E1,-3.139974286E-1,3.753438020E1
8.180183042E0,9.138527096E-1,2.490294539E-1,8.061316552E-2,3.104176506E-1,4.791336309E1,3.034551447E1,-4.164956572E-1,3.741026624E1
8.190229042E0,9.142998666E-1,2.489686097E-1,7.928967546E-2,3.094894295E-1,4.778701262E1,3.028911030E1,-5.223858381E-1,3.726041779E1
8.200276042E0,9.148402524E-1,2.488678998E-1,7.780781333E-2,3.083471023E-1,4.763389809E1,3.022277504E1,-6.366810738E-1,3.708086977E1
8.210322042E0,9.154385691E-1,2.488171760E-1,7.627552251E-2,3.069920812E-1,4.746382673E1,3.016082445E1,-7.516674195E-1,3.687518045E1
8.220368042E0,9.163175838E-1,2.489288915E-1,7.458509144E-2,3.046861428E-1,4.721292038E1,3.011269331E1,-8.596469070E-1,3.655387108E1
8.230414042E0,9.172083574E-1,2.491727426E-1,7.297058265E-2,3.021873826E-1,4.695736854E1,3.008329080E1,-9.589046060E-1,3.621272443E1
8.240460042E0,9.180963704E-1,2.495735328E-1,7.142411468E-2,2.995176537E-1,4.670129601E1,3.007512551E1,-1.051718341E0,3.585400809E1
8.250507042E0,9.187561793E-1,2.500739845E-1,7.008445603E-2,2.973859082E-1,4.651016817E1,3.008591988E1,-1.143464975E0,3.556447335E1
8.260553042E0,9.194500008E-1,2.506761260E-1,6.868110295E-2,2.950526587E-1,4.630838442E1,3.010688818E1,-1.239268807E0,3.524968899E1
8.270599042E0,9.202096977E-1,2.512693113E-1,6.716627146E-2,2.925176522E-1,4.608648484E1,3.012398257E1,-1.340116303E0,3.490834554E1
8.280645042E0,9.210521289E-1,2.517991288E-1,6.558611235E-2,2.897561907E-1,4.583923221E1,3.013283293E1,-1.438519038E0,3.453912376E1
8.290692042E0,9.219712042E-1,2.522321666E-1,6.403829041E-2,2.867877671E-1,4.556803736E1,3.013306291E1,-1.523747738E0,3.414738580E1
8.300738042E0,9.229471777E-1,2.525874645E-1,6.264148063E-2,2.836266481E-1,4.527837036E1,3.013077161E1,-1.584517147E0,3.373841569E1
8.310784042E0,9.239567000E-1,2.528618616E-1,6.155984499E-2,2.803129575E-1,4.497688716E1,3.013079930E1,-1.604700740E0,3.332186791E1
8.320830042E0,9.249755580E-1,2.530598569E-1,6.086394783E-2,2.769052162E-1,4.467066074E1,3.013545772E1,-1.578805118E0,3.290664326E1
8.330877042E0,9.261920214E-1,2.532340920E-1,6.038703517E-2,2.727528876E-1,4.430241288E1,3.014577272E1,-1.505945395E0,3.241259285E1
8.340923042E0,9.273731868E-1,2.533477937E-1,6.039943688E-2,2.685995264E-1,4.394204730E1,3.016474441E1,-1.379389236E0,3.193395811E1
8.350969042E0,9.285515916E-1,2.533383949E-1,6.077511281E-2,2.644201817E-1,4.357970273E1,3.018064089E1,-1.209598791E0,3.146416651E1
8.361015042E0,9.297895078E-1,2.530793077E-1,6.111600706E-2,2.602061923E-1,4.319594630E1,3.016609409E1,-1.034563702E0,3.099025621E1
8.371061042E0,9.311616195E-1,2.524823713E-1,6.104814010E-2,2.558589345E-1,4.276675948E1,3.009952237E1,-8.885998285E-1,3.048948440E1
8.381108042E0,9.326927302E-1,2.514575813E-1,6.037112473E-2,2.514132849E-1,4.228293964E1,2.996489225E1,-7.920898060E-1,2.995978081E1
8.391154042E0,9.343674563E-1,2.499904705E-1,5.909300048E-2,2.469215478E-1,4.174761548E1,2.976149722E1,-7.464083461E-1,2.940751078E1
8.401200042E0,9.361411221E-1,2.481130076E-1,5.736012227E-2,2.424655722E-1,4.117341986E1,2.949808094E1,-7.404761016E-1,2.884670637E1
8.411246042E0,9.379732456E-1,2.459251857E-1,5.525044069E-2,2.380636710E-1,4.057214322E1,2.918904978E1,-7.703554932E-1,2.828205938E1
8.421293042E0,9.397838953E-1,2.436303952E-1,5.296506998E-2,2.337628170E-1,3.996940785E1,2.886399214E1,-8.223381423E-1,2.772502966E1
8.431339042E0,9.414895783E-1,2.415767795E-1,5.066645462E-2,2.295012648E-1,3.939352928E1,2.856773611E1,-8.870013063E-1,2.717311315E1
8.441385042E0,9.429920291E-1,2.400658149E-1,4.867406772E-2,2.253116152E-1,3.887948586E1,2.834357262E1,-9.385879427E-1,2.663878297E1
8.451431042E0,9.442324952E-1,2.391430518E-1,4.747210282E-2,2.213189599E-1,3.845010092E1,2.820894142E1,-9.284831531E-1,2.614958750E1
8.461477042E0,9.452303640E-1,2.387869637E-1,4.709529946E-2,2.174913517E-1,3.810131297E1,2.816127206E1,-8.500934275E-1,2.570247937E1
8.471524042E0,9.460272344E-1,2.389291355E-1,4.729989080E-2,2.137944409E-1,3.782055715E1,2.818563258E1,-7.259267033E-1,2.528667886E1
8.481570042E0,9.466643262E-1,2.395219625E-1,4.756239191E-2,2.102233385E-1,3.759464242E1,2.826290845E1,-6.104965828E-1,2.488701435E1
8.491616042E0,9.471668009E-1,2.404430187E-1,4.754064413E-2,2.068865725E-1,3.741553611E1,2.837051475E1,-5.403659044E-1,2.450623520E1
8.501662042E0,9.475671117E-1,2.416176303E-1,4.694719543E-2,2.037973771E-1,3.727225216E1,2.849322577E1,-5.449393133E-1,2.413753773E1
8.511709042E0,9.478960679E-1,2.430081286E-1,4.565542614E-2,2.008875165E-1,3.715410944E1,2.862438726E1,-6.349305065E-1,2.376930054E1
8.521755042E0,9.481569147E-1,2.445895732E-1,4.382055255E-2,1.981264343E-1,3.706016954E1,2.876567357E1,-7.919560333E-1,2.340225070E1
8.531801042E0,9.483759940E-1,2.463037909E-1,4.165951504E-2,1.954018091E-1,3.698109367E1,2.891619027E1,-9.877505110E-1,2.302972893E1
8.541847042E0,9.485746743E-1,2.480623576E-1,3.939699845E-2,1.926631069E-1,3.690923942E1,2.907129675E1,-1.194298926E0,2.265244296E1
8.551893042E0,9.487927421E-1,2.497509078E-1,3.716180356E-2,1.898311759E-1,3.683021777E1,2.922081978E1,-1.392614665E0,2.226526462E1
8.561940042E0,9.490704898E-1,2.512237716E-1,3.509584934E-2,1.868696011E-1,3.672933217E1,2.935091307E1,-1.562953529E0,2.186847666E1
8.571986042E0,9.494385582E-1,2.523590497E-1,3.329182725E-2,1.837744630E-1,3.659522594E1,2.944907012E1,-1.692603578E0,2.146469038E1
8.582032042E0,9.499334044E-1,2.530493518E-1,3.176984133E-2,1.805082087E-1,3.641417647E1,2.950280265E1,-1.776253331E0,2.105063292E1
8.592078042E0,9.505592851E-1,2.532517937E-1,3.060584020E-2,1.770981072E-1,3.618393207E1,2.950811550E1,-1.806003923E0,2.063182330E1
8.602125042E0,9.512909544E-1,2.530051503E-1,2.985969347E-2,1.736155974E-1,3.591296251E1,2.947003484E1,-1.778790731E0,2.021804411E1
8.612171042E0,9.520988251E-1,2.524305096E-1,2.947144724E-2,1.700536829E-1,3.561145665E1,2.940094290E1,-1.703884707E0,1.980649811E1
8.622217042E0,9.529314783E-1,2.516406145E-1,2.935762967E-2,1.665431876E-1,3.529809479E1,2.931174963E1,-1.596836186E0,1.940920658E1
8.632263042E0,9.537730244E-1,2.507536235E-1,2.933056086E-2,1.630318072E-1,3.497862539E1,2.921251550E1,-1.479096537E0,1.901457853E1
8.642309042E0,9.545926542E-1,2.498645463E-1,2.925700407E-2,1.595766507E-1,3.466473505E1,2.911171429E1,-1.368814794E0,1.862501735E1
8.652356042E0,9.553864479E-1,2.490281421E-1,2.899592542E-2,1.561437899E-1,3.435809028E1,2.901329779E1,-1.281456319E0,1.823258765E1
8.662402042E0,9.561487580E-1,2.482495528E-1,2.847462159E-2,1.527768889E-1,3.406108827E1,2.891674943E1,-1.226317307E0,1.784016365E1
8.672448042E0,9.568789100E-1,2.475183471E-1,2.771406063E-2,1.494966840E-1,3.377423972E1,2.882150119E1,-1.201485668E0,1.745074769E1
8.682494042E0,9.575793063E-1,2.467935162E-1,2.678875818E-2,1.463464599E-1,3.349684060E1,2.872426176E1,-1.199287887E0,1.707142287E1
8.692541042E0,9.582514642E-1,2.460478225E-1,2.576742414E-2,1.433553824E-1,3.322851090E1,2.862314154E1,-1.212538847E0,1.670747156E1
8.702587042E0,9.589022959E-1,2.452416165E-1,2.471177203E-2,1.405431761E-1,3.296667278E1,2.851458216E1,-1.234345205E0,1.636291222E1
8.712633042E0,9.595354258E-1,2.443202232E-1,2.364467704E-2,1.379870540E-1,3.271000133E1,2.839247953E1,-1.263488386E0,1.604712501E1
8.722679042E0,9.601607586E-1,2.432844749E-1,2.256244080E-2,1.356278842E-1,3.245455317E1,2.825693084E1,-1.298730173E0,1.575337078E1
8.732726042E0,9.607970074E-1,2.421378805E-1,2.141228492E-2,1.333407433E-1,3.219262187E1,2.810769054E1,-1.342446706E0,1.546617360E1
8.742772042E0,9.614464061E-1,2.408824944E-1,2.021274346E-2,1.311029142E-1,3.192311994E1,2.794536607E1,-1.392072307E0,1.518354038E1
8.752818042E0,9.621149394E-1,2.395224367E-1,1.905682399E-2,1.288440960E-1,3.164334228E1,2.777192805E1,-1.435546606E0,1.490015673E1
8.762864042E0,9.627955689E-1,2.380256862E-1,1.810869903E-2,1.266506476E-1,3.135600412E1,2.758582556E1,-1.456745388E0,1.463021644E1
8.772910042E0,9.634744703E-1,2.364131794E-1,1.751641990E-2,1.245748310E-1,3.106681509E1,2.739135679E1,-1.441084466E0,1.438345196E1
8.782957042E0,9.641268192E-1,2.347190552E-1,1.743761583E-2,1.227287147E-1,3.078644104E1,2.719430936E1,-1.374622655E0,1.417642370E1
8.793003042E0,9.647168329E-1,2.330712820E-1,1.790021964E-2,1.211560894E-1,3.053069481E1,2.700976337E1,-1.257097134E0,1.401435435E1
8.803049042E0,9.651261210E-1,2.316260982E-1,1.896943250E-2,1.205036983E-1,3.035205006E1,2.685614024E1,-1.100594318E0,1.397123336E1
8.813095042E0,9.654677633E-1,2.306041530E-1,2.013181098E-2,1.195344894E-1,3.020214107E1,2.675357322E1,-9.315025515E-1,1.389421818E1
8.823142167E0,9.656332740E-1,2.301523915E-1,2.128146110E-2,1.188669254E-1,3.012925484E1,2.671716433E1,-7.800969953E-1,1.385006027E1
8.833188167E0,9.656065951E-1,2.303613766E-1,2.220112641E-2,1.185105738E-1,3.014101514E1,2.675459196E1,-6.718318848E-1,1.383426473E1
8.843234167E0,9.653958187E-1,2.312148819E-1,2.277669431E-2,1.184557408E-1,3.023376996E1,2.686245155E1,-6.188299037E-1,1.384286499E1
8.853280167E0,9.650432181E-1,2.325949699E-1,2.293323824E-2,1.185969327E-1,3.038831805E1,2.702601736E1,-6.249356213E-1,1.386204178E1
8.863327167E0,9.645903924E-1,2.343414510E-1,2.268739567E-2,1.188896004E-1,3.058567721E1,2.722682594E1,-6.848976973E-1,1.388712317E1
8.873373167E0,9.640957148E-1,2.362192723E-1,2.204144254E-2,1.193063906E-1,3.079986597E1,2.743742773E1,-7.944209487E-1,1.391498439E1
8.883419167E0,9.636409503E-1,2.379671126E-1,2.101011969E-2,1.196925401E-1,3.099549852E1,2.762755279E1,-9.438962906E-1,1.392864756E1
8.893465167E0,9.632649583E-1,2.394076181E-1,1.981130527E-2,1.200500718E-1,3.115633935E1,2.777946576E1,-1.106721399E0,1.393440721E1
8.903511167E0,9.629950499E-1,2.404369812E-1,1.871412797E-2,1.203347316E-1,3.127130251E1,2.788474778E1,-1.250442942E0,1.393494172E1
8.913558167E0,9.628307615E-1,2.410445491E-1,1.797392394E-2,1.205462245E-1,3.134107720E1,2.794560043E1,-1.346708136E0,1.393746848E1
8.923604167E0,9.627362682E-1,2.413346985E-1,1.769863126E-2,1.207604148E-1,3.138114076E1,2.797559386E1,-1.387216394E0,1.395348689E1
8.933650167E0,9.626590974E-1,2.415247070E-1,1.788484658E-2,1.209682409E-1,3.141382298E1,2.800016716E1,-1.375208821E0,1.398165494E1
8.943696167E0,9.625522551E-1,2.418506602E-1,1.840446454E-2,1.210899188E-1,3.145901653E1,2.804538978E1,-1.325990596E0,1.400920849E1
8.953743167E0,9.623894418E-1,2.424406423E-1,1.909682135E-2,1.210965359E-1,3.152776400E1,2.812413523E1,-1.258332823E0,1.402836384E1
8.963789167E0,9.621731863E-1,2.433218803E-1,1.977084429E-2,1.209392017E-1,3.161885202E1,2.823702419E1,-1.192316997E0,1.402839652E1
8.973835167E0,9.619247307E-1,2.444650925E-1,2.026295090E-2,1.205279749E-1,3.172318830E1,2.837843598E1,-1.142948864E0,1.399474862E1
8.983881167E0,9.616564238E-1,2.457646800E-1,2.056338417E-2,1.199739124E-1,3.183548667E1,2.853572365E1,-1.112804386E0,1.393968342E1
8.993927167E0,9.614226353E-1,2.470340798E-1,2.067682241E-2,1.192190202E-1,3.193302394E1,2.868712773E1,-1.096936940E0,1.385699526E1
9.003974167E0,9.612757535E-1,2.480460784E-1,2.062208419E-2,1.183081004E-1,3.199415529E1,2.880618529E1,-1.091246999E0,1.375242401E1
9.014020167E0,9.612637417E-1,2.485937345E-1,2.039864267E-2,1.172912234E-1,3.199914952E1,2.886853299E1,-1.094345756E0,1.363174146E1
9.024066167E0,9.614340149E-1,2.485179123E-1,1.991408036E-2,1.161335337E-1,3.192828304E1,2.885427963E1,-1.113348731E0,1.348857736E1
9.034112167E0,9.618156546E-1,2.477105262E-1,1.902240056E-2,1.148405949E-1,3.176888814E1,2.874890036E1,-1.163319645E0,1.331959488E1
9.044159167E0,9.624183124E-1,2.461710388E-1,1.758473994E-2,1.133201473E-1,3.151558413E1,2.855091654E1,-1.257429617E0,1.311081228E1
9.054205167E0,9.632226007E-1,2.439304386E-1,1.553082919E-2,1.116199856E-1,3.117440823E1,2.826356935E1,-1.405935019E0,1.286612122E1
9.064251167E0,9.641974152E-1,2.410710594E-1,1.293680656E-2,1.097299102E-1,3.075594996E1,2.789820997E1,-1.602092214E0,1.258719678E1
9.074297167E0,9.653130423E-1,2.376448684E-1,1.001218406E-2,1.076822477E-1,3.027012084E1,2.746415753E1,-1.825206963E0,1.228419082E1
9.084344167E0,9.665412857E-1,2.336887860E-1,6.972079195E-3,1.055411878E-1,2.972628644E1,2.696865071E1,-2.054492750E0,1.197071725E1
9.094390167E0,9.678527271E-1,2.292777285E-1,4.047288106E-3,1.033267923E-1,2.913466720E1,2.642325233E1,-2.266450422E0,1.165535261E1
9.104436167E0,9.691845675E-1,2.245772064E-1,1.556841364E-3,1.012119478E-1,2.852156567E1,2.585031492E1,-2.432481552E0,1.136526040E1
9.114482167E0,9.704810888E-1,2.198254864E-1,-3.149001786E-4,9.921207981E-2,2.791206367E1,2.527912050E1,-2.535013404E0,1.110554581E1
9.124528167E0,9.716921785E-1,2.152592863E-1,-1.480608251E-3,9.734189771E-2,2.733069672E1,2.473759750E1,-2.566843475E0,1.087836550E1
9.134575167E0,9.727864372E-1,2.110226324E-1,-1.954602247E-3,9.566719268E-2,2.679477846E1,2.424170226E1,-2.532077565E0,1.068933226E1
9.144621167E0,9.737477646E-1,2.072191216E-1,-1.838392848E-3,9.419167366E-2,2.631512740E1,2.380208861E1,-2.442507868E0,1.053534675E1
9.154667167E0,9.745488498E-1,2.039360296E-1,-1.253478885E-3,9.307549867E-2,2.590876843E1,2.342714182E1,-2.315726444E0,1.043091581E1
9.164713167E0,9.751770064E-1,2.012587881E-1,-3.580374781E-4,9.232823505E-2,2.558569357E1,2.312518387E1,-2.169853573E0,1.037312262E1
9.174760167E0,9.756158815E-1,1.993040172E-1,6.600407211E-4,9.193074812E-2,2.535756914E1,2.290803030E1,-2.026197228E0,1.035541276E1
9.184806167E0,9.758692684E-1,1.980945607E-1,1.579147583E-3,9.184299838E-2,2.522493642E1,2.277626252E1,-1.908595405E0,1.036853705E1
9.194852167E0,9.759612750E-1,1.975822447E-1,2.203384557E-3,9.195616267E-2,2.517660644E1,2.272252830E1,-1.835897545E0,1.039624225E1
9.204898167E0,9.759200553E-1,1.976462869E-1,2.430029234E-3,9.225051626E-2,2.519826990E1,2.273172353E1,-1.817894161E0,1.043441982E1
9.214944167E0,9.757760396E-1,1.981307227E-1,2.235964070E-3,9.273870320E-2,2.527381570E1,2.278537621E1,-1.855858189E0,1.048428791E1
9.224991167E0,9.755643781E-1,1.988719594E-1,1.671912797E-3,9.338751179E-2,2.538444471E1,2.286493863E1,-1.941678562E0,1.054344969E1
9.235037167E0,9.753043320E-1,1.997176675E-1,8.516402944E-4,9.430547015E-2,2.551971706E1,2.295353767E1,-2.063536472E0,1.062690117E1
9.245083167E0,9.750375003E-1,2.005385300E-1,-1.524346144E-4,9.532184140E-2,2.565779011E1,2.303707402E1,-2.208076300E0,1.071720553E1
9.255129167E0,9.747929222E-1,2.012519287E-1,-1.305698830E-3,9.630474806E-2,2.578370936E1,2.310649591E1,-2.367482335E0,1.080043507E1
9.265176167E0,9.745872455E-1,2.017701663E-1,-2.552444756E-3,9.727336693E-2,2.588913436E1,2.315210464E1,-2.534955497E0,1.088028011E1
9.275222167E0,9.744490882E-1,2.019932180E-1,-3.916264090E-3,9.814521664E-2,2.595971429E1,2.316219725E1,-2.710054323E0,1.094725808E1
9.285268167E0,9.743971211E-1,2.018303731E-1,-5.427281293E-3,9.892126656E-2,2.598621373E1,2.312593235E1,-2.895086147E0,1.100122434E1
9.295314167E0,9.744310493E-1,2.012638246E-1,-7.056077864E-3,9.963493915E-2,2.596891581E1,2.304147975E1,-3.087280569E0,1.104690792E1
9.305360167E0,9.745445086E-1,2.003263523E-1,-8.728528033E-3,1.002797859E-1,2.591098739E1,2.291347192E1,-3.278537086E0,1.108539426E1
9.315407167E0,9.747405758E-1,1.990412632E-1,-1.044585406E-2,1.007682679E-1,2.581058104E1,2.274495051E1,-3.467254700E0,1.110690058E1
9.325453167E0,9.750163848E-1,1.974336244E-1,-1.217373787E-2,1.010676791E-1,2.566868526E1,2.253939023E1,-3.649200020E0,1.110858068E1
9.335499167E0,9.753579007E-1,1.955783728E-1,-1.380883540E-2,1.011696323E-1,2.549190913E1,2.230669141E1,-3.813574509E0,1.109157996E1
9.345545167E0,9.757330919E-1,1.935902954E-1,-1.515004295E-2,1.011839623E-1,2.529630161E1,2.206186651E1,-3.941692723E0,1.107218474E1
9.355592167E0,9.761016240E-1,1.916271479E-1,-1.595073824E-2,1.012433050E-1,2.510270641E1,2.182517483E1,-4.010599298E0,1.106978853E1
9.365638167E0,9.764139743E-1,1.898940906E-1,-1.602116562E-2,1.014851858E-1,2.493746664E1,2.162179099E1,-4.004191689E0,1.110271868E1
9.375684167E0,9.766196930E-1,1.886203759E-1,-1.536291087E-2,1.019819707E-1,2.482804606E1,2.147817458E1,-3.926642045E0,1.117782911E1
9.385730167E0,9.766745682E-1,1.879816352E-1,-1.423222156E-2,1.027972593E-1,2.479877799E1,2.141217141E1,-3.810025433E0,1.129619783E1
9.395777167E0,9.765643121E-1,1.880423108E-1,-1.301684870E-2,1.038881041E-1,2.485754950E1,2.142769669E1,-3.697817632E0,1.144484308E1
9.405823167E0,9.762989977E-1,1.887689699E-1,-1.201979651E-2,1.051757324E-1,2.499841665E1,2.151804756E1,-3.622225638E0,1.160889493E1
9.415869167E0,9.758977175E-1,1.900763019E-1,-1.135252760E-2,1.066106219E-1,2.521000217E1,2.167219116E1,-3.594006372E0,1.178079720E1
9.425915167E0,9.753946949E-1,1.918039539E-1,-1.103500378E-2,1.081425334E-1,2.547279166E1,2.187128184E1,-3.612674847E0,1.195490801E1
9.435961167E0,9.748296742E-1,1.937357547E-1,-1.097488130E-2,1.097870191E-1,2.576482647E1,2.209097994E1,-3.665799058E0,1.213553594E1
9.446008167E0,9.742590059E-1,1.956256510E-1,-1.104540352E-2,1.114813224E-1,2.605651378E1,2.230416599E1,-3.734856003E0,1.231903455E1
9.456054167E0,9.737313273E-1,1.972360505E-1,-1.113975977E-2,1.132304167E-1,2.632340084E1,2.248429072E1,-3.804973112E0,1.250912642E1
9.466100167E0,9.732943488E-1,1.983884612E-1,-1.123936331E-2,1.149515254E-1,2.654241828E1,2.261104915E1,-3.869749330E0,1.269757786E1
9.476146167E0,9.729757608E-1,1.989905711E-1,-1.136281143E-2,1.165835778E-1,2.670098520E1,2.267368395E1,-3.928384935E0,1.287750771E1
9.486193167E0,9.727918741E-1,1.990196946E-1,-1.149508932E-2,1.180467056E-1,2.679208943E1,2.267003839E1,-3.976763217E0,1.304037006E1
9.496239167E0,9.727293282E-1,1.985433404E-1,-1.154620291E-2,1.193520778E-1,2.682300774E1,2.260903396E1,-4.005703790E0,1.318918397E1
9.506285167E0,9.727367039E-1,1.976819536E-1,-1.139994281E-2,1.207279617E-1,2.681936353E1,2.250530125E1,-4.008804392E0,1.335188550E1
9.516331167E0,9.728538721E-1,1.965654520E-1,-1.115672388E-2,1.216256896E-1,2.676140736E1,2.237494873E1,-3.986564041E0,1.346346874E1
9.526378167E0,9.730155053E-1,1.953168200E-1,-1.085182304E-2,1.223697079E-1,2.668125418E1,2.223066886E1,-3.951941219E0,1.355941898E1
9.536424167E0,9.731857785E-1,1.940658910E-1,-1.063924487E-2,1.230227311E-1,2.659655991E1,2.208542986E1,-3.925364650E0,1.364302120E1
9.546470167E0,9.733531015E-1,1.929060308E-1,-1.071917637E-2,1.235159336E-1,2.651307431E1,2.194780820E1,-3.929044152E0,1.370190030E1
9.556516167E0,9.734969487E-1,1.918765940E-1,-1.114281542E-2,1.239470537E-1,2.644109500E1,2.182129742E1,-3.971489239E0,1.374603513E1
9.566562167E0,9.736346003E-1,1.909702366E-1,-1.186313667E-2,1.241985861E-1,2.637203522E1,2.170605334E1,-4.044842059E0,1.376319997E1
9.576609167E0,9.737672786E-1,1.901620181E-1,-1.268996301E-2,1.243164287E-1,2.630530202E1,2.160140166E1,-4.128562391E0,1.376272378E1
9.586655167E0,9.738890409E-1,1.894398845E-1,-1.342149532E-2,1.243886262E-1,2.624391256E1,2.150813723E1,-4.201851690E0,1.375882983E1
9.596701167E0,9.740032167E-1,1.888020447E-1,-1.387319363E-2,1.244153052E-1,2.618621955E1,2.142834319E1,-4.244042542E0,1.375527072E1
9.606747167E0,9.740997330E-1,1.882751037E-1,-1.395078598E-2,1.244496127E-1,2.613735231E1,2.136605400E1,-4.246090343E0,1.375981858E1
9.616794167E0,9.741866398E-1,1.878784913E-1,-1.368189962E-2,1.243979407E-1,2.609327351E1,2.132356111E1,-4.209344041E0,1.376110873E1
9.626840167E0,9.742535689E-1,1.876295615E-1,-1.313488621E-2,1.243080836E-1,2.605927734E1,2.130184185E1,-4.142722360E0,1.376309045E1
9.636886167E0,9.743038923E-1,1.875109602E-1,-1.241624030E-2,1.241664702E-1,2.603368726E1,2.129761114E1,-4.057613298E0,1.376213938E1
9.646932167E0,9.743511810E-1,1.874887014E-1,-1.166316568E-2,1.239017037E-1,2.600961775E1,2.130547201E1,-3.967371652E0,1.374750570E1
9.656978167E0,9.743947187E-1,1.875128147E-1,-1.097157277E-2,1.235861502E-1,2.598743813E1,2.131812349E1,-3.883573709E0,1.372568202E1
9.667025167E0,9.744506898E-1,1.875412217E-1,-1.043607599E-2,1.231468115E-1,2.595889717E1,2.132974510E1,-3.814653618E0,1.368659397E1
9.677071167E0,9.745281978E-1,1.875342358E-1,-1.011176653E-2,1.225696104E-1,2.591932297E1,2.133508060E1,-3.765920658E0,1.362765553E1
9.687117167E0,9.746209209E-1,1.874865783E-1,-9.950860397E-3,1.219179358E-1,2.587190209E1,2.133389392E1,-3.733317578E0,1.355706367E1
9.697163167E0,9.747295755E-1,1.873870485E-1,-9.865491955E-3,1.212060755E-1,2.581622450E1,2.132593097E1,-3.707174827E0,1.347827607E1
9.707210167E0,9.748549623E-1,1.872127608E-1,-9.787825850E-3,1.204710766E-1,2.575182574E1,2.130925646E1,-3.680396206E0,1.339698327E1
9.717256167E0,9.750043729E-1,1.869209254E-1,-9.654146583E-3,1.197237709E-1,2.567488107E1,2.127964039E1,-3.645521181E0,1.331587227E1
9.727302167E0,9.751682820E-1,1.864985824E-1,-9.421906911E-3,1.190640463E-1,2.559020818E1,2.123573744E1,-3.599765869E0,1.324719519E1
9.737348167E0,9.753579428E-1,1.859028262E-1,-9.121452565E-3,1.184640437E-1,2.549188724E1,2.117229484E1,-3.545373688E0,1.318729053E1
9.747395167E0,9.755733132E-1,1.851492142E-1,-8.809781888E-3,1.178934597E-1,2.537978418E1,2.109053840E1,-3.488312825E0,1.313146216E1
9.757441167E0,9.757934884E-1,1.843028159E-1,-8.536022302E-3,1.174167788E-1,2.526467449E1,2.099722207E1,-3.436327260E0,1.308578799E1
9.767487167E0,9.759988278E-1,1.834648891E-1,-8.364995659E-3,1.170340854E-1,2.515685412E1,2.090333254E1,-3.398012314E0,1.304862202E1
9.777533167E0,9.761712084E-1,1.827325666E-1,-8.363457299E-3,1.167420921E-1,2.506598760E1,2.081936025E1,-3.382042031E0,1.301794994E1
9.787580167E0,9.762865222E-1,1.821844995E-1,-8.543877421E-3,1.166207092E-1,2.500502120E1,2.075402530E1,-3.392489210E0,1.300238457E1
9.797626167E0,9.763528613E-1,1.818063421E-1,-8.919274133E-3,1.166272841E-1,2.496988132E1,2.070564968E1,-3.429703530E0,1.299690432E1
9.807672167E0,9.763775172E-1,1.815882164E-1,-9.447158142E-3,1.167198807E-1,2.495680866E1,2.067373077E1,-3.487908512E0,1.299764237E1
9.817718167E0,9.763680342E-1,1.814967630E-1,-1.005341422E-2,1.168908705E-1,2.496183740E1,2.065530141E1,-3.558194197E0,1.300531917E1
9.827763667E0,9.763447270E-1,1.814580775E-1,-1.064184217E-2,1.170922059E-1,2.497419270E1,2.064309318E1,-3.627806311E0,1.301663609E1
9.837810667E0,9.763199868E-1,1.813963850E-1,-1.113294779E-2,1.173483323E-1,2.498730106E1,2.062917952E1,-3.687337524E0,1.303622488E1
9.847856667E0,9.763071741E-1,1.812413794E-1,-1.146256775E-2,1.176625792E-1,2.499408706E1,2.060614873E1,-3.728726703E0,1.306599556E1
9.857902667E0,9.763073006E-1,1.809943831E-1,-1.156714989E-2,1.180307320E-1,2.499402010E1,2.057493151E1,-3.744766620E0,1.310671891E1
9.867948667E0,9.763101666E-1,1.807013730E-1,-1.148930993E-2,1.184633272E-1,2.499250233E1,2.054033557E1,-3.741048623E0,1.315856371E1
9.877995667E0,9.763003042E-1,1.804361850E-1,-1.129553979E-2,1.189661391E-1,2.499772485E1,2.051012418E1,-3.726122247E0,1.322058029E1
9.888041667E0,9.762779664E-1,1.802651057E-1,-1.111216412E-2,1.194252869E-1,2.500954968E1,2.049087647E1,-3.712702552E0,1.327707139E1
9.898087667E0,9.762279802E-1,1.802437372E-1,-1.101417270E-2,1.198738137E-1,2.503599060E1,2.048799392E1,-3.710644155E0,1.333011517E1
9.908133667E0,9.761300309E-1,1.804115607E-1,-1.101712825E-2,1.204175923E-1,2.508772281E1,2.050546952E1,-3.724427326E0,1.339130986E1
9.918179667E0,9.759860573E-1,1.807709311E-1,-1.112541931E-2,1.210347907E-1,2.516357295E1,2.054357860E1,-3.754164167E0,1.345806607E1
9.928226667E0,9.758095463E-1,1.813023501E-1,-1.132240314E-2,1.216427169E-1,2.525625904E1,2.060054204E1,-3.796057335E0,1.352134885E1
9.938272667E0,9.756063985E-1,1.819742921E-1,-1.154825230E-2,1.222459226E-1,2.536251969E1,2.067342852E1,-3.843092158E0,1.358295444E1
9.948318667E0,9.753853804E-1,1.827376031E-1,-1.175501420E-2,1.228502241E-1,2.547763258E1,2.075711735E1,-3.889361865E0,1.364466657E1
9.958364667E0,9.751576610E-1,1.835441832E-1,-1.189334542E-2,1.234409122E-1,2.559570317E1,2.084670711E1,-3.928382118E0,1.370597676E1
9.968411667E0,9.749406890E-1,1.843447257E-1,-1.192840633E-2,1.239568739E-1,2.570770520E1,2.093716095E1,-3.954287944E0,1.376083639E1
9.978457667E0,9.747393957E-1,1.851034848E-1,-1.180265067E-2,1.244209107E-1,2.581118653E1,2.102499327E1,-3.960601884E0,1.381317177E1
9.988503667E0,9.745601873E-1,1.858049612E-1,-1.149887200E-2,1.248064701E-1,2.590297241E1,2.110874080E1,-3.944607128E0,1.386041007E1
9.998549667E0,9.743914313E-1,1.864452561E-1,-1.105702551E-2,1.252090568E-1,2.598911352E1,2.118711206E1,-3.912733230E0,1.391266692E1
1.000859667E1,9.742301353E-1,1.870538250E-1,-1.061304007E-2,1.255940682E-1,2.607118524E1,2.126193604E1,-3.879871341E0,1.396314196E1
1.001864267E1,9.740791231E-1,1.876463465E-1,-1.029223933E-2,1.259078515E-1,2.614779481E1,2.133362314E1,-3.859106937E0,1.400310497E1
1.002868867E1,9.739432417E-1,1.882108508E-1,-1.017012938E-2,1.261265094E-1,2.621654044E1,2.139988123E1,-3.858176937E0,1.402830624E1
1.003873467E1,9.738290237E-1,1.887156436E-1,-1.024295913E-2,1.262479766E-1,2.627418929E1,2.145707084E1,-3.876134517E0,1.403867305E1
1.004878067E1,9.737480596E-1,1.891065767E-1,-1.040916523E-2,1.262736440E-1,2.631497888E1,2.150020852E1,-3.900854042E0,1.403664686E1
1.005882767E1,9.737024989E-1,1.893171740E-1,-1.054037890E-2,1.262988057E-1,2.633790502E1,2.152287357E1,-3.919075861E0,1.403597714E1
1.006887367E1,9.736984107E-1,1.893520189E-1,-1.058047109E-2,1.262749927E-1,2.633996127E1,2.152649375E1,-3.923542376E0,1.403230506E1
1.007891967E1,9.737198213E-1,1.892522151E-1,-1.051769336E-2,1.262647932E-1,2.632919073E1,2.151575348E1,-3.914877970E0,1.403283260E1
1.008896567E1,9.737505885E-1,1.890798767E-1,-1.042994362E-2,1.262927787E-1,2.631370580E1,2.149677265E1,-3.903209290E0,1.403849851E1
1.009901267E1,9.737646655E-1,1.889396014E-1,-1.042101903E-2,1.263944369E-1,2.630661793E1,2.148022697E1,-3.902399297E0,1.405078836E1
1.010905867E1,9.737598608E-1,1.888981816E-1,-1.058304205E-2,1.264796578E-1,2.630903736E1,2.147301871E1,-3.921762752E0,1.405730090E1
1.011910467E1,9.737347834E-1,1.889586518E-1,-1.090638214E-2,1.265554800E-1,2.632166151E1,2.147559946E1,-3.960420830E0,1.405902408E1
1.012915067E1,9.736864831E-1,1.891191259E-1,-1.128465010E-2,1.266546937E-1,2.634595951E1,2.148899422E1,-4.007156445E0,1.406187624E1
1.013919767E1,9.736154235E-1,1.893716909E-1,-1.158087923E-2,1.267960542E-1,2.638166687E1,2.151396511E1,-4.046945716E0,1.407083051E1
1.014924367E1,9.735186122E-1,1.897146714E-1,-1.162501751E-2,1.270220877E-1,2.643023819E1,2.155233331E1,-4.061675363E0,1.409423854E1
1.015928967E1,9.733874934E-1,1.901998765E-1,-1.128909659E-2,1.273318249E-1,2.649588255E1,2.161177713E1,-4.037785051E0,1.413445381E1
1.016933567E1,9.732086643E-1,1.909195550E-1,-1.049791595E-2,1.276882608E-1,2.658515630E1,2.170417530E1,-3.967447455E0,1.418854363E1
1.017938267E1,9.729615995E-1,1.919698755E-1,-9.275467686E-3,1.280907632E-1,2.670801209E1,2.184050281E1,-3.854815844E0,1.425575726E1
1.018942867E1,9.726312946E-1,1.933811522E-1,-7.740574294E-3,1.285781072E-1,2.687139838E1,2.202272741E1,-3.714601238E0,1.433818043E1
1.019947467E1,9.722244089E-1,1.951092046E-1,-6.157928522E-3,1.291287137E-1,2.707133488E1,2.224242808E1,-3.575409650E0,1.442817876E1
1.020952067E1,9.717674528E-1,1.970375388E-1,-4.825066048E-3,1.296958417E-1,2.729416154E1,2.248229591E1,-3.467800059E0,1.451455074E1
1.021956667E1,9.712987798E-1,1.989910664E-1,-3.999809681E-3,1.302508314E-1,2.752086292E1,2.271852598E1,-3.417285239E0,1.458884602E1
1.022961367E1,9.708854878E-1,2.008012419E-1,-3.963616075E-3,1.305548787E-1,2.771926713E1,2.292836520E1,-3.447136830E0,1.461794866E1
1.023965967E1,9.705462900E-1,2.023534998E-1,-4.799040369E-3,1.306520694E-1,2.788106749E1,2.309720495E1,-3.565593623E0,1.460499150E1
1.024970567E1,9.703133444E-1,2.035315042E-1,-6.459584053E-3,1.304810796E-1,2.799165359E1,2.321255026E1,-3.764155711E0,1.454423329E1
1.025975167E1,9.702018660E-1,2.042179499E-1,-8.753341990E-3,1.301023059E-1,2.804442444E1,2.326347201E1,-4.021078945E0,1.444733428E1
1.026979867E1,9.702419055E-1,2.043103674E-1,-1.140670737E-2,1.294523172E-1,2.802548203E1,2.324228122E1,-4.303028313E0,1.431401441E1
1.027984467E1,9.704663796E-1,2.037116609E-1,-1.417186728E-2,1.284360724E-1,2.791905168E1,2.314158988E1,-4.579052437E0,1.413997198E1
1.028989067E1,9.708962353E-1,2.023410981E-1,-1.688638774E-2,1.270175359E-1,2.771412537E1,2.295445863E1,-4.829540096E0,1.392564647E1
1.029993667E1,9.715343807E-1,2.002517840E-1,-1.935662506E-2,1.250825319E-1,2.740713053E1,2.269013434E1,-5.031720730E0,1.366247620E1
1.030998367E1,9.723224846E-1,1.976187439E-1,-2.120297313E-2,1.228256946E-1,2.702327499E1,2.237251295E1,-5.150811220E0,1.337989931E1
1.032002967E1,9.731893610E-1,1.947092205E-1,-2.210375665E-2,1.204245887E-1,2.659477513E1,2.203506600E1,-5.158880344E0,1.310301605E1
1.033007567E1,9.740532871E-1,1.918567797E-1,-2.196463517E-2,1.180203638E-1,2.616087953E1,2.171628566E1,-5.052899586E0,1.284722797E1
1.034012167E1,9.748417282E-1,1.893950139E-1,-2.087542363E-2,1.156610254E-1,2.575863026E1,2.145311931E1,-4.847946947E0,1.261367898E1
1.035016767E1,9.754969010E-1,1.875523063E-1,-1.910222669E-2,1.134240814E-1,2.541961339E1,2.126839863E1,-4.577887294E0,1.240435965E1
1.036021467E1,9.759992493E-1,1.864239140E-1,-1.698784047E-2,1.112784275E-1,2.515663235E1,2.116936748E1,-4.281121548E0,1.220859960E1
1.037026067E1,9.763451485E-1,1.860126608E-1,-1.482010688E-2,1.092234736E-1,2.497396933E1,2.115315179E1,-3.989460795E0,1.202103773E1
1.038030667E1,9.765418478E-1,1.862488202E-1,-1.281312664E-2,1.073001865E-1,2.486950720E1,2.120922959E1,-3.726518687E0,1.184280579E1
1.039035267E1,9.766159841E-1,1.870034542E-1,-1.105836894E-2,1.054922974E-1,2.483002302E1,2.132183775E1,-3.500336853E0,1.167104505E1
1.040039967E1,9.766020335E-1,1.881005947E-1,-9.585447220E-3,1.038016609E-1,2.483745768E1,2.147038193E1,-3.311972731E0,1.150613946E1
1.041044567E1,9.765375910E-1,1.893491740E-1,-8.369320980E-3,1.022307214E-1,2.487177247E1,2.163307508E1,-3.156331515E0,1.134950628E1
1.042049167E1,9.764573012E-1,1.905902617E-1,-7.393589827E-3,1.007565511E-1,2.491446061E1,2.179182316E1,-3.029234270E0,1.119928054E1
1.043053767E1,9.763792031E-1,1.917353073E-1,-6.621059167E-3,9.938505048E-2,2.495591455E1,2.193679773E1,-2.925680791E0,1.105703084E1
1.044058467E1,9.763250444E-1,1.927487598E-1,-6.051918661E-3,9.798311986E-2,2.498462188E1,2.206431176E1,-2.842436526E0,1.090765039E1
1.045063067E1,9.762876180E-1,1.936044673E-1,-5.626888767E-3,9.668634562E-2,2.500444114E1,2.217160738E1,-2.775618762E0,1.076771360E1
1.046067667E1,9.762756904E-1,1.942998587E-1,-5.295119313E-3,9.542223520E-2,2.501075416E1,2.225912664E1,-2.717987798E0,1.063003871E1
1.047072267E1,9.762858900E-1,1.948590525E-1,-5.045093671E-3,9.418294926E-2,2.500535584E1,2.232983795E1,-2.668410110E0,1.049386777E1
1.048076967E1,9.763165729E-1,1.953194436E-1,-4.879941245E-3,9.291146314E-2,2.498910935E1,2.238823405E1,-2.626416616E0,1.035254698E1
1.049081567E1,9.763683714E-1,1.957077215E-1,-4.839922812E-3,9.154131124E-2,2.496165862E1,2.243722993E1,-2.595342216E0,1.019758537E1
1.050086167E1,9.764315916E-1,1.960670128E-1,-4.946206627E-3,9.008109153E-2,2.492811457E1,2.248167984E1,-2.578213255E0,1.002935763E1
1.051090767E1,9.765002489E-1,1.964459868E-1,-5.196105829E-3,8.848275659E-2,2.489163534E1,2.252746020E1,-2.574143219E0,9.842351875E0
1.052095367E1,9.765669252E-1,1.968603956E-1,-5.542658291E-3,8.678971768E-2,2.485615817E1,2.257679967E1,-2.578978584E0,9.642456389E0
1.053100067E1,9.766319578E-1,1.972916001E-1,-5.968952590E-3,8.503164619E-2,2.482150753E1,2.262765456E1,-2.591282708E0,9.433431769E0
1.054104667E1,9.766954731E-1,1.977289368E-1,-6.429701938E-3,8.323361949E-2,2.478761930E1,2.267915999E1,-2.606430846E0,9.219135798E0
1.055109267E1,9.767469344E-1,1.982024988E-1,-6.917214535E-3,8.144503368E-2,2.476012894E1,2.273478975E1,-2.624947670E0,9.005228374E0
1.056113867E1,9.767832228E-1,1.987574042E-1,-7.424030388E-3,7.959272183E-2,2.474072577E1,2.280007258E1,-2.644716572E0,8.783495113E0
1.057118567E1,9.767943074E-1,1.994346409E-1,-7.938685555E-3,7.769017094E-2,2.473479591E1,2.287986760E1,-2.665051252E0,8.555597410E0
1.058123167E1,9.767866367E-1,2.002349779E-1,-8.482327217E-3,7.564301422E-2,2.473889961E1,2.297436792E1,-2.686070428E0,8.310414136E0
1.059127767E1,9.767597049E-1,2.011474045E-1,-9.070054483E-3,7.347097638E-2,2.475330235E1,2.308217539E1,-2.709697755E0,8.049855178E0
1.060132367E1,9.767173473E-1,2.021302374E-1,-9.742602282E-3,7.121666789E-2,2.477593788E1,2.319808691E1,-2.741022491E0,7.777899041E0
1.061137067E1,9.766688362E-1,2.031351868E-1,-1.049191003E-2,6.887680130E-2,2.480183677E1,2.331660530E1,-2.778607748E0,7.494466771E0
1.062141667E1,9.766267737E-1,2.041199269E-1,-1.132015882E-2,6.638550109E-2,2.482427145E1,2.343302619E1,-2.820799196E0,7.192194401E0
1.063146267E1,9.765989568E-1,2.050431115E-1,-1.222981425E-2,6.373640307E-2,2.483909705E1,2.354260611E1,-2.867399153E0,6.870420530E0
1.064150867E1,9.765870714E-1,2.058769131E-1,-1.320027705E-2,6.097755466E-2,2.484542897E1,2.364216185E1,-2.917052632E0,6.535107183E0
1.065155567E1,9.765960065E-1,2.065873614E-1,-1.419637567E-2,5.813980735E-2,2.484066895E1,2.372787578E1,-2.966390019E0,6.190649902E0
1.066160167E1,9.766246242E-1,2.071876695E-1,-1.514997973E-2,5.520963200E-2,2.482541737E1,2.380168557E1,-3.007644607E0,5.837100230E0
1.067164767E1,9.766685834E-1,2.077058018E-1,-1.603198682E-2,5.215116165E-2,2.480197171E1,2.386703737E1,-3.036956469E0,5.471052169E0
1.068169367E1,9.767246808E-1,2.081505564E-1,-1.682422114E-2,4.898260372E-2,2.477202035E1,2.392490178E1,-3.052832801E0,5.094985559E0
1.069173967E1,9.767861309E-1,2.085409627E-1,-1.753426909E-2,4.573999379E-2,2.473917016E1,2.397726622E1,-3.057136670E0,4.712738209E0
1.070178667E1,9.768472860E-1,2.088928573E-1,-1.817025450E-2,4.246345564E-2,2.470643500E1,2.402574722E1,-3.051856027E0,4.328595241E0
1.071183267E1,9.769086940E-1,2.092045227E-1,-1.876270221E-2,3.912715326E-2,2.467352145E1,2.407003801E1,-3.039823871E0,3.938948797E0
1.072187867E1,9.769691747E-1,2.094884028E-1,-1.934470804E-2,3.565834118E-2,2.464106258E1,2.411166723E1,-3.023089344E0,3.534814226E0
1.073192467E1,9.770219425E-1,2.097602710E-1,-1.988709584E-2,3.214363119E-2,2.461270864E1,2.415228113E1,-3.000528725E0,3.126566109E0
1.074197167E1,9.770633729E-1,2.100437929E-1,-2.037977142E-2,2.852039307E-2,2.459042416E1,2.419478781E1,-2.969578401E0,2.707350675E0
1.075201767E1,9.770850785E-1,2.103672910E-1,-2.078273744E-2,2.486554480E-2,2.457874124E1,2.424226978E1,-2.927644274E0,2.286683673E0
1.076206367E1,9.770823811E-1,2.107501846E-1,-2.110742623E-2,2.118831656E-2,2.458019340E1,2.429686255E1,-2.876211042E0,1.865288602E0
1.077210967E1,9.770574302E-1,2.111766053E-1,-2.138700735E-2,1.748664315E-2,2.459362183E1,2.435659308E1,-2.818840811E0,1.442200622E0
1.078215667E1,9.770171800E-1,2.116076517E-1,-2.168008599E-2,1.377009190E-2,2.461526906E1,2.441682501E1,-2.762230643E0,1.017197607E0
1.079220267E1,9.769718721E-1,2.119929266E-1,-2.203657457E-2,9.964695100E-3,2.463961396E1,2.447186781E1,-2.710133512E0,5.809088004E-1
1.080224867E1,9.769249205E-1,2.123108508E-1,-2.246397523E-2,6.089376673E-3,2.466481710E1,2.451921600E1,-2.663890761E0,1.353091669E-1
1.081229467E1,9.768838273E-1,2.125191721E-1,-2.300740616E-2,2.070969695E-3,2.468685472E1,2.455423808E1,-2.626864102E0,-3.288146442E-1
1.082234129E1,9.768526387E-1,2.125830878E-1,-2.373467110E-2,-2.013565688E-3,2.470356779E1,2.457293435E1,-2.608687223E0,-8.044387077E-1
1.083238729E1,9.768324082E-1,2.124773098E-1,-2.476352836E-2,-6.218472470E-3,2.471440275E1,2.457302082E1,-2.621455323E0,-1.300493104E0
1.084243329E1,9.768043805E-1,2.122801573E-1,-2.606895323E-2,-1.052735553E-2,2.472940597E1,2.456404484E1,-2.662865327E0,-1.814767515E0
1.085247929E1,9.767571339E-1,2.120454205E-1,-2.754352395E-2,-1.495559846E-2,2.475467683E1,2.455244134E1,-2.720516732E0,-2.346521382E0
1.086252629E1,9.767059255E-1,2.116936418E-1,-2.917163563E-2,-1.950336985E-2,2.478203811E1,2.452913477E1,-2.792942506E0,-2.895185042E0
1.087257229E1,9.766878023E-1,2.110160785E-1,-3.105666397E-2,-2.426225481E-2,2.479171440E1,2.447068711E1,-2.890415816E0,-3.472948382E0
1.088261829E1,9.767484516E-1,2.097679470E-1,-3.325836792E-2,-2.921783911E-2,2.475931796E1,2.434925538E1,-3.021586201E0,-4.078831480E0
1.089266429E1,9.769043950E-1,2.078054159E-1,-3.580071324E-2,-3.454081749E-2,2.467582703E1,2.414943442E1,-3.186841951E0,-4.731871471E0
1.090271029E1,9.771376356E-1,2.052224621E-1,-3.836668186E-2,-4.017332233E-2,2.455043001E1,2.388090678E1,-3.353150862E0,-5.417868355E0
1.091275729E1,9.774226326E-1,2.022297619E-1,-4.040696865E-2,-4.599329635E-2,2.439634584E1,2.356407360E1,-3.462023335E0,-6.110542101E0
1.092280329E1,9.777394505E-1,1.990153061E-1,-4.151977189E-2,-5.190957591E-2,2.422392486E1,2.321631299E1,-3.470202546E0,-6.791176108E0
1.093284929E1,9.780783533E-1,1.956527989E-1,-4.167435600E-2,-5.784364145E-2,2.403813621E1,2.284393898E1,-3.375931333E0,-7.451313910E0
1.094289529E1,9.784295208E-1,1.921324096E-1,-4.122495469E-2,-6.372843732E-2,2.384411948E1,2.244730354E1,-3.220734874E0,-8.092475699E0
1.095294229E1,9.787723012E-1,1.884392551E-1,-4.073358039E-2,-6.954356445E-2,2.365322419E1,2.202935032E1,-3.068413636E0,-8.725673300E0
1.096298829E1,9.790789195E-1,1.846211089E-1,-4.067046548E-2,-7.526976173E-2,2.348117155E1,2.160063744E1,-2.971913337E0,-9.359354391E0
1.097303429E1,9.793305783E-1,1.807787493E-1,-4.119121087E-2,-8.083301929E-2,2.333902401E1,2.117526328E1,-2.949390293E0,-9.988309660E0
1.098308029E1,9.795109668E-1,1.770187236E-1,-4.213732332E-2,-8.629676814E-2,2.323660539E1,2.076499532E1,-2.980475484E0,-1.061593119E1
1.099312729E1,9.796161232E-1,1.734634630E-1,-4.313787370E-2,-9.166092399E-2,2.317669514E1,2.038016646E1,-3.021889380E0,-1.123430414E1
1.100317329E1,9.796618947E-1,1.702126555E-1,-4.383860721E-2,-9.678960540E-2,2.315057021E1,2.002732636E1,-3.034909343E0,-1.182090935E1
1.101321929E1,9.796727686E-1,1.672912099E-1,-4.402596575E-2,-1.015708282E-1,2.314435945E1,1.970551486E1,-2.996690064E0,-1.235893924E1
1.102326529E1,9.796656879E-1,1.646497668E-1,-4.380030626E-2,-1.059581465E-1,2.314840385E1,1.940944898E1,-2.919184785E0,-1.284527747E1
1.103331229E1,9.796318861E-1,1.622818725E-1,-4.348871461E-2,-1.099760056E-1,2.316770143E1,1.914261304E1,-2.837968246E0,-1.328934680E1
1.104335829E1,9.795499527E-1,1.602018044E-1,-4.341756546E-2,-1.137199944E-1,2.321441196E1,1.891163828E1,-2.786994559E0,-1.370838201E1
1.105340429E1,9.794031552E-1,1.584525363E-1,-4.379234050E-2,-1.172364325E-1,2.329787065E1,1.872496804E1,-2.787272257E0,-1.411151433E1
1.106345029E1,9.791787232E-1,1.570747980E-1,-4.466798343E-2,-1.205868962E-1,2.342489995E1,1.858877395E1,-2.842667372E0,-1.450668207E1
1.107349729E1,9.788911131E-1,1.560177708E-1,-4.594550182E-2,-1.237723550E-1,2.358670210E1,1.849612914E1,-2.942280378E0,-1.489181447E1
1.108354329E1,9.785783835E-1,1.551703610E-1,-4.741118482E-2,-1.267231402E-1,2.376140315E1,1.843092174E1,-3.064709599E0,-1.525449895E1
1.109358929E1,9.782565923E-1,1.543926305E-1,-4.889455896E-2,-1.295617725E-1,2.393985448E1,1.837467238E1,-3.190507290E0,-1.560501910E1
1.110363529E1,9.779511120E-1,1.535467643E-1,-5.031191533E-2,-1.323014863E-1,2.410805609E1,1.831010682E1,-3.312180146E0,-1.594283013E1
1.111368229E1,9.776659464E-1,1.524904273E-1,-5.162667573E-2,-1.350954852E-1,2.426403532E1,1.822063401E1,-3.425219080E0,-1.628423223E1
1.112372829E1,9.774265944E-1,1.511256913E-1,-5.280482766E-2,-1.378768821E-1,2.439419713E1,1.809410105E1,-3.528912422E0,-1.662053101E1
1.113377429E1,9.772430449E-1,1.493985872E-1,-5.383996479E-2,-1.406318109E-1,2.449355152E1,1.792405472E1,-3.624029169E0,-1.694976428E1
1.114382029E1,9.770981440E-1,1.473446396E-1,-5.477482931E-2,-1.434172961E-1,2.457170616E1,1.771549881E1,-3.714062320E0,-1.727936156E1
1.115386629E1,9.769721671E-1,1.451104246E-1,-5.564373928E-2,-1.461925396E-1,2.463945551E1,1.748572237E1,-3.801306105E0,-1.760580692E1
1.116391329E1,9.768300479E-1,1.428521411E-1,-5.648258010E-2,-1.490170528E-1,2.471566653E1,1.725351807E1,-3.886082946E0,-1.793718192E1
1.117395929E1,9.766645373E-1,1.406942646E-1,-5.727542554E-2,-1.518255081E-1,2.480413061E1,1.703256662E1,-3.965500472E0,-1.826619454E1
1.118400529E1,9.764803977E-1,1.387247503E-1,-5.796649951E-2,-1.545358455E-1,2.490218814E1,1.683142522E1,-4.032964966E0,-1.858277362E1
1.119405129E1,9.762663338E-1,1.370041184E-1,-5.853462586E-2,-1.571863343E-1,2.501570533E1,1.665658030E1,-4.084087043E0,-1.889123059E1
1.120409829E1,9.760193955E-1,1.355593903E-1,-5.899533043E-2,-1.597789134E-1,2.514602932E1,1.651127292E1,-4.119798763E0,-1.919224580E1
1.121414429E1,9.757415213E-1,1.343397474E-1,-5.941854537E-2,-1.623290085E-1,2.529188983E1,1.639106044E1,-4.148389171E0,-1.948869892E1
1.122419029E1,9.754352823E-1,1.332915869E-1,-5.985517619E-2,-1.648535204E-1,2.545168694E1,1.629088993E1,-4.176120071E0,-1.978325400E1
1.123423629E1,9.751185066E-1,1.323934428E-1,-6.026747246E-2,-1.672832863E-1,2.561595049E1,1.620719544E1,-4.200186022E0,-2.006717552E1
1.124428329E1,9.747916578E-1,1.316062424E-1,-6.060549282E-2,-1.696699358E-1,2.578435876E1,1.613459770E1,-4.214823124E0,-2.034536279E1
1.125432929E1,9.744573911E-1,1.309127424E-1,-6.085830542E-2,-1.720203391E-1,2.595547793E1,1.607084110E1,-4.218967097E0,-2.061835341E1
1.126437529E1,9.741070244E-1,1.302993529E-1,-6.099967122E-2,-1.744032798E-1,2.613365694E1,1.601399113E1,-4.208787054E0,-2.089356743E1
1.127442129E1,9.737730527E-1,1.297559036E-1,-6.103082565E-2,-1.766481053E-1,2.630239403E1,1.596211250E1,-4.187354232E0,-2.115128546E1
1.128446829E1,9.734389968E-1,1.292569902E-1,-6.100292443E-2,-1.788511210E-1,2.647011653E1,1.591378639E1,-4.159299917E0,-2.140343259E1
1.129451429E1,9.730962586E-1,1.287945129E-1,-6.095024087E-2,-1.810543054E-1,2.664112025E1,1.586900258E1,-4.127909426E0,-2.165543478E1
1.130456029E1,9.727469877E-1,1.283631004E-1,-6.086946380E-2,-1.832515470E-1,2.681428165E1,1.582702630E1,-4.093006792E0,-2.190650618E1
1.131460629E1,9.724055982E-1,1.279373592E-1,-6.076657808E-2,-1.853833346E-1,2.698248121E1,1.578484937E1,-4.056756426E0,-2.214976511E1
1.132465329E1,9.720576338E-1,1.275222865E-1,-6.061930645E-2,-1.875293679E-1,2.715286774E1,1.574281803E1,-4.015283658E0,-2.239405672E1
1.133469929E1,9.717142635E-1,1.271700021E-1,-6.033443590E-2,-1.896284917E-1,2.731998252E1,1.570435697E1,-3.958020107E0,-2.263086845E1
1.134474529E1,9.713744334E-1,1.268958079E-1,-5.984608827E-2,-1.916965954E-1,2.748439272E1,1.566958506E1,-3.877008180E0,-2.286093947E1
1.135479129E1,9.710474582E-1,1.267542709E-1,-5.911250920E-2,-1.936643474E-1,2.764167833E1,1.564329256E1,-3.767421477E0,-2.307570632E1
1.136483829E1,9.707160575E-1,1.267720964E-1,-5.815057324E-2,-1.955955582E-1,2.780020228E1,1.562902750E1,-3.629437145E0,-2.328294052E1
1.137488429E1,9.703820437E-1,1.269328286E-1,-5.702802881E-2,-1.974702079E-1,2.795908456E1,1.562639721E1,-3.471213295E0,-2.348141423E1
1.138493029E1,9.700471449E-1,1.271829017E-1,-5.586509716E-2,-1.992791506E-1,2.811750436E1,1.563220484E1,-3.307445229E0,-2.367193904E1
1.139497629E1,9.697276296E-1,1.273991124E-1,-5.480784610E-2,-2.009825155E-1,2.826783615E1,1.563600229E1,-3.157872751E0,-2.385200274E1
1.140502329E1,9.694136777E-1,1.274986501E-1,-5.396721930E-2,-2.026545231E-1,2.841479138E1,1.563150328E1,-3.035619108E0,-2.403189140E1
1.141506929E1,9.691144351E-1,1.274473942E-1,-5.335019471E-2,-2.042745637E-1,2.855417191E1,1.561508059E1,-2.942650590E0,-2.420924820E1
1.142511529E1,9.688606689E-1,1.272100627E-1,-5.289954216E-2,-2.057386187E-1,2.867185058E1,1.558113833E1,-2.875193026E0,-2.437092598E1
1.143516129E1,9.686488810E-1,1.268110506E-1,-5.255632721E-2,-2.070656966E-1,2.876970192E1,1.553111194E1,-2.825874337E0,-2.451818184E1
1.144520729E1,9.684825696E-1,1.263322097E-1,-5.221290415E-2,-2.082195930E-1,2.884631422E1,1.547148932E1,-2.781363805E0,-2.464518268E1
1.145525429E1,9.683463510E-1,1.258776296E-1,-5.174510047E-2,-2.092430028E-1,2.890891603E1,1.541100589E1,-2.724658011E0,-2.475505626E1
1.146530029E1,9.682162436E-1,1.255470244E-1,-5.108078711E-2,-2.102047517E-1,2.896858566E1,1.535923988E1,-2.644183797E0,-2.485484953E1
1.147534629E1,9.680839447E-1,1.254445655E-1,-5.013620248E-2,-2.111004987E-1,2.902913732E1,1.532575145E1,-2.528096092E0,-2.494291564E1
1.148539229E1,9.679384959E-1,1.257012345E-1,-4.877636076E-2,-2.119321824E-1,2.909556520E1,1.532182497E1,-2.358086782E0,-2.501751139E1
1.149543929E1,9.677541877E-1,1.264865541E-1,-4.686252768E-2,-2.127364707E-1,2.917952799E1,1.536307975E1,-2.113903620E0,-2.508084536E1
1.150548529E1,9.675422734E-1,1.274813303E-1,-4.481864261E-2,-2.135456059E-1,2.927577579E1,1.542444500E1,-1.849926957E0,-2.514289875E1
1.151553129E1,9.673534555E-1,1.285513229E-1,-4.281226296E-2,-2.141705594E-1,2.936127357E1,1.549476796E1,-1.591042618E0,-2.518411776E1
1.152557729E1,9.671866383E-1,1.295586168E-1,-4.104985561E-2,-2.146612330E-1,2.943660726E1,1.556397937E1,-1.362812291E0,-2.521348113E1
1.153562429E1,9.670177137E-1,1.305934905E-1,-3.939263099E-2,-2.151052922E-1,2.951270096E1,1.563888956E1,-1.146223636E0,-2.523902101E1
1.154567029E1,9.668645099E-1,1.317711736E-1,-3.771231516E-2,-2.153765072E-1,2.958154759E1,1.572912993E1,-9.262018628E-1,-2.524401880E1
1.155571629E1,9.667373107E-1,1.330338247E-1,-3.618666773E-2,-2.154331525E-1,2.963858947E1,1.583279500E1,-7.245938439E-1,-2.522643532E1
1.156576229E1,9.665647194E-1,1.346937151E-1,-3.450938121E-2,-2.154514864E-1,2.971581610E1,1.597756445E1,-4.968281571E-1,-2.520181874E1
1.157580929E1,9.663185818E-1,1.368219149E-1,-3.265628438E-2,-2.155033271E-1,2.982561310E1,1.617097378E1,-2.372964817E-1,-2.517785745E1
1.158585529E1,9.659932503E-1,1.393613679E-1,-3.078177169E-2,-2.156105908E-1,2.997013366E1,1.641054977E1,3.584460711E-2,-2.515929826E1
1.159590129E1,9.656071851E-1,1.421620734E-1,-2.908339594E-2,-2.157473152E-1,3.014075508E1,1.668433372E1,2.965585000E-1,-2.514617686E1
1.160594729E1,9.652008895E-1,1.449131721E-1,-2.793403557E-2,-2.158867369E-1,3.031930432E1,1.696651259E1,4.953712573E-1,-2.514180476E1
1.161599429E1,9.648109469E-1,1.473087252E-1,-2.771884430E-2,-2.160362740E-1,3.048970675E1,1.723202725E1,5.822020249E-1,-2.515425379E1
1.162604029E1,9.644437635E-1,1.493137350E-1,-2.856973649E-2,-2.161885084E-1,3.064931788E1,1.748017088E1,5.415688582E-1,-2.518573692E1
1.163608629E1,9.640932703E-1,1.510563123E-1,-3.042201146E-2,-2.162885650E-1,3.080092080E1,1.772395971E1,3.829789010E-1,-2.522949917E1
1.164613229E1,9.637485513E-1,1.526630766E-1,-3.302061755E-2,-2.163156654E-1,3.094931926E1,1.797152382E1,1.374919751E-1,-2.527929339E1
1.165617929E1,9.634138631E-1,1.541686938E-1,-3.595689892E-2,-2.162704418E-1,3.109273831E1,1.821661575E1,-1.488824920E-1,-2.532828851E1
1.166622529E1,9.631135247E-1,1.554447950E-1,-3.888661065E-2,-2.161877497E-1,3.122089090E1,1.843598641E1,-4.408335188E-1,-2.537423124E1
1.167627129E1,9.628602221E-1,1.564535166E-1,-4.151157960E-2,-2.161004215E-1,3.132857616E1,1.861765297E1,-7.059222477E-1,-2.541495066E1
1.168631729E1,9.626207437E-1,1.573495796E-1,-4.371354170E-2,-2.160821297E-1,3.143005359E1,1.877601547E1,-9.258403640E-1,-2.545632861E1
1.169636429E1,9.623338501E-1,1.584502446E-1,-4.548497374E-2,-2.161901521E-1,3.155120400E1,1.894677593E1,-1.090558936E0,-2.550478092E1
1.170641029E1,9.619233398E-1,1.601195495E-1,-4.696907491E-2,-2.164694171E-1,3.172377143E1,1.917490005E1,-1.205553633E0,-2.556856138E1
1.171645629E1,9.613556639E-1,1.625134853E-1,-4.836473092E-2,-2.168996943E-1,3.196091115E1,1.948326363E1,-1.288872148E0,-2.564950914E1
1.172650229E1,9.606775633E-1,1.655353774E-1,-4.981358679E-2,-2.172906063E-1,3.224195263E1,1.986446483E1,-1.362107725E0,-2.572847882E1
1.173654929E1,9.599544498E-1,1.688949712E-1,-5.149530400E-2,-2.175091377E-1,3.253904589E1,2.029025834E1,-1.455119331E0,-2.579373447E1
1.174659529E1,9.592224012E-1,1.723692150E-1,-5.353789306E-2,-2.175198852E-1,3.283714565E1,2.073878763E1,-1.588558776E0,-2.584410415E1
1.175664129E1,9.584887089E-1,1.759123319E-1,-5.597088311E-2,-2.173049362E-1,3.313329724E1,2.120571377E1,-1.767378526E0,-2.587875658E1
1.176668729E1,9.577419510E-1,1.794933126E-1,-5.877458104E-2,-2.169289863E-1,3.343210371E1,2.168718940E1,-1.988973188E0,-2.590539423E1
1.177673329E1,9.569504332E-1,1.831817308E-1,-6.184213404E-2,-2.164855172E-1,3.374601375E1,2.218853665E1,-2.237816146E0,-2.593314060E1
1.178678029E1,9.560819552E-1,1.870463808E-1,-6.506466627E-2,-2.160733210E-1,3.408721551E1,2.271501079E1,-2.497904073E0,-2.597149447E1
1.179682629E1,9.551538395E-1,1.909588464E-1,-6.836736181E-2,-2.157355140E-1,3.444822173E1,2.325023839E1,-2.763271191E0,-2.602364719E1
1.180687229E1,9.542124053E-1,1.947075030E-1,-7.170517094E-2,-2.154673336E-1,3.481069850E1,2.376898891E1,-3.034526057E0,-2.608747635E1
1.181691829E1,9.532968493E-1,1.981825897E-1,-7.497410685E-2,-2.152384341E-1,3.515973723E1,2.425579783E1,-3.303909030E0,-2.615634402E1
1.182696521E1,9.524465788E-1,2.012888177E-1,-7.803695521E-2,-2.150314088E-1,3.548090830E1,2.469580063E1,-3.559510652E0,-2.622390997E1
1.183701121E1,9.516755865E-1,2.039860474E-1,-8.085955073E-2,-2.148604190E-1,3.576972035E1,2.508329608E1,-3.798459086E0,-2.629009775E1
1.184705721E1,9.509734200E-1,2.064150915E-1,-8.337304653E-2,-2.146888814E-1,3.603080153E1,2.543207134E1,-4.010601461E0,-2.634867550E1
1.185710321E1,9.503166035E-1,2.087002567E-1,-8.563384036E-2,-2.144979561E-1,3.627337561E1,2.575767369E1,-4.199354635E0,-2.639897894E1
1.186715021E1,9.496890791E-1,2.109878138E-1,-8.760859407E-2,-2.142418297E-1,3.650367622E1,2.607553458E1,-4.358510822E0,-2.643500858E1
1.187719621E1,9.490377417E-1,2.135465859E-1,-8.932186873E-2,-2.138850145E-1,3.674124109E1,2.641686779E1,-4.484581563E0,-2.645421619E1
1.188724221E1,9.482988231E-1,2.165340072E-1,-9.086411675E-2,-2.135090646E-1,3.700896682E1,2.680266271E1,-4.581019990E0,-2.646909431E1
1.189728821E1,9.474389431E-1,2.199377498E-1,-9.240567461E-2,-2.131852082E-1,3.731818550E1,2.723686562E1,-4.664588237E0,-2.649274164E1
1.190733521E1,9.464431817E-1,2.236492855E-1,-9.418382908E-2,-2.129686577E-1,3.767320888E1,2.771439653E1,-4.762102543E0,-2.653831063E1
1.191738121E1,9.453083778E-1,2.275750959E-1,-9.633352909E-2,-2.128886209E-1,3.807391496E1,2.822889365E1,-4.889451449E0,-2.661333397E1
1.192742721E1,9.440702298E-1,2.314990307E-1,-9.897407129E-2,-2.129407565E-1,3.850653056E1,2.875940301E1,-5.064997558E0,-2.672075780E1
1.193747321E1,9.427897243E-1,2.351610123E-1,-1.021961873E-1,-2.130790825E-1,3.894908153E1,2.927898240E1,-5.306482555E0,-2.685787219E1
1.194752021E1,9.415371199E-1,2.383442110E-1,-1.059544060E-1,-2.132455625E-1,3.937736233E1,2.976154539E1,-5.616432135E0,-2.701637441E1
1.195756621E1,9.403841929E-1,2.409183719E-1,-1.100170882E-1,-2.133827505E-1,3.976764602E1,3.018508683E1,-5.975374484E0,-2.718182751E1
1.196761221E1,9.394455404E-1,2.424476334E-1,-1.142056157E-1,-2.135845075E-1,4.008270063E1,3.049441937E1,-6.373759752E0,-2.735614749E1
1.197765821E1,9.387763749E-1,2.431635135E-1,-1.178150982E-1,-2.137524627E-1,4.030586091E1,3.069312054E1,-6.733445332E0,-2.750419799E1
1.198770521E1,9.383686042E-1,2.430441905E-1,-1.208183614E-1,-2.140022670E-1,4.044126968E1,3.077771415E1,-7.049124894E0,-2.763650655E1
1.199775121E1,9.382790843E-1,2.419974840E-1,-1.229732349E-1,-2.143525916E-1,4.047093851E1,3.072916557E1,-7.297472497E0,-2.774480958E1
1.200779721E1,9.385194477E-1,2.400713520E-1,-1.239663201E-1,-2.148935464E-1,4.039122963E1,3.054282615E1,-7.441280099E0,-2.782784969E1
1.201784321E1,9.390954687E-1,2.372994644E-1,-1.235442773E-1,-2.156976662E-1,4.019959432E1,3.021451365E1,-7.450515254E0,-2.788536790E1
1.202789021E1,9.399809319E-1,2.337279457E-1,-1.216188776E-1,-2.168312900E-1,3.990329118E1,2.974737109E1,-7.312429782E0,-2.792366087E1
1.203793621E1,9.411005207E-1,2.295485430E-1,-1.183446944E-1,-2.182473398E-1,3.952559313E1,2.916899378E1,-7.039396578E0,-2.794668093E1
1.204798221E1,9.423317988E-1,2.249798563E-1,-1.142344178E-1,-2.198757254E-1,3.910617447E1,2.852156754E1,-6.681971909E0,-2.796799527E1
1.205802821E1,9.435275470E-1,2.203223187E-1,-1.099553062E-1,-2.216386016E-1,3.869467952E1,2.786099563E1,-6.305392522E0,-2.800417294E1
1.206807521E1,9.445865709E-1,2.157603859E-1,-1.062149631E-1,-2.234324980E-1,3.832668954E1,2.723011458E1,-5.983536544E0,-2.806675561E1
1.207812121E1,9.454516771E-1,2.117151630E-1,-1.030529906E-1,-2.251171918E-1,3.802353952E1,2.667702536E1,-5.712785885E0,-2.814165932E1
1.208816721E1,9.460634386E-1,2.083599683E-1,-1.008342646E-1,-2.266774260E-1,3.780775391E1,2.623237672E1,-5.527886956E0,-2.823716865E1
1.209821321E1,9.464377447E-1,2.057740063E-1,-9.953104190E-2,-2.280488423E-1,3.767513849E1,2.590354136E1,-5.425237215E0,-2.834350187E1
1.210826021E1,9.465615722E-1,2.041818511E-1,-9.880678518E-2,-2.292778444E-1,3.763116771E1,2.570558083E1,-5.360656351E0,-2.845603437E1
1.211830621E1,9.464577224E-1,2.035379527E-1,-9.854277732E-2,-2.303895939E-1,3.766804784E1,2.562956367E1,-5.321665162E0,-2.857338466E1
1.212835221E1,9.461514412E-1,2.037920033E-1,-9.859762091E-2,-2.313973672E-1,3.777661521E1,2.566534647E1,-5.293791775E0,-2.869249033E1
1.213839821E1,9.456438246E-1,2.049401678E-1,-9.889277529E-2,-2.323304142E-1,3.795589095E1,2.581018576E1,-5.267571962E0,-2.881436168E1
1.214844521E1,9.449439340E-1,2.069167812E-1,-9.937389210E-2,-2.332194598E-1,3.820174331E1,2.605511415E1,-5.237908946E0,-2.894066105E1
1.215849121E1,9.440946750E-1,2.095590409E-1,-9.988963255E-2,-2.340774010E-1,3.849803456E1,2.637691446E1,-5.192629480E0,-2.906764505E1
1.216853721E1,9.431528615E-1,2.126384424E-1,-1.003274487E-1,-2.349083683E-1,3.882407174E1,2.674602754E1,-5.126049751E0,-2.919126591E1
1.217858321E1,9.421671521E-1,2.159074416E-1,-1.006697391E-1,-2.357344255E-1,3.916250906E1,2.713378956E1,-5.042911165E0,-2.931220449E1
1.218863021E1,9.411804101E-1,2.191442458E-1,-1.009435566E-1,-2.365707032E-1,3.949850963E1,2.751583642E1,-4.952278193E0,-2.943186465E1
1.219867621E1,9.402229601E-1,2.222410750E-1,-1.011004009E-1,-2.374206787E-1,3.982193317E1,2.787827509E1,-4.852137178E0,-2.954858385E1
1.220872221E1,9.392965935E-1,2.251733788E-1,-1.011879820E-1,-2.382854267E-1,4.013247594E1,2.821980203E1,-4.748377360E0,-2.966379327E1
1.221876821E1,9.383858633E-1,2.279576997E-1,-1.013137956E-1,-2.391709531E-1,4.043554723E1,2.854581540E1,-4.651862471E0,-2.978164762E1
1.222881521E1,9.374940992E-1,2.305909927E-1,-1.015087248E-1,-2.400594297E-1,4.073021270E1,2.885690104E1,-4.566526898E0,-2.990114543E1
1.223886121E1,9.366253473E-1,2.330895948E-1,-1.016976375E-1,-2.409558299E-1,4.101532444E1,2.915247245E1,-4.483762972E0,-3.002059041E1
1.224890721E1,9.357804716E-1,2.354719349E-1,-1.018210962E-1,-2.418687307E-1,4.129079293E1,2.943268789E1,-4.396480996E0,-3.013913402E1
1.225895321E1,9.349922201E-1,2.377107439E-1,-1.017857034E-1,-2.427405172E-1,4.154622380E1,2.969105161E1,-4.297408492E0,-3.024697116E1
1.226900021E1,9.342997474E-1,2.397593283E-1,-1.014812819E-1,-2.435182108E-1,4.176938562E1,2.991830856E1,-4.178062985E0,-3.033416321E1
1.227904621E1,9.337222513E-1,2.415210982E-1,-1.008981276E-1,-2.442331057E-1,4.195462677E1,3.010317515E1,-4.039647911E0,-3.040354854E1
1.228909221E1,9.332471088E-1,2.429431908E-1,-1.001735021E-1,-2.449363469E-1,4.210645271E1,3.024435669E1,-3.896941146E0,-3.046536893E1
1.229913821E1,9.328530990E-1,2.439947231E-1,-9.949503268E-2,-2.456671100E-1,4.223195846E1,3.034468473E1,-3.769661133E0,-3.053032099E1
1.230918421E1,9.325233631E-1,2.446601639E-1,-9.899516579E-2,-2.464580167E-1,4.233671779E1,3.040690249E1,-3.671372202E0,-3.060662605E1
1.231923121E1,9.322548245E-1,2.449845366E-1,-9.869913686E-2,-2.472692382E-1,4.242185198E1,3.043687458E1,-3.604632582E0,-3.069082104E1
1.232927721E1,9.320604221E-1,2.450282955E-1,-9.851633544E-2,-2.480305156E-1,4.248338134E1,3.043829747E1,-3.560207539E0,-3.077211844E1
1.233932321E1,9.319524630E-1,2.448755870E-1,-9.826028280E-2,-2.486876482E-1,4.251751430E1,3.041441503E1,-3.517463140E0,-3.083843238E1
1.234936921E1,9.319312420E-1,2.446458603E-1,-9.775781334E-2,-2.491905233E-1,4.252422055E1,3.037294116E1,-3.455899652E0,-3.087870221E1
1.235941621E1,9.319842628E-1,2.444626743E-1,-9.698995572E-2,-2.494720643E-1,4.250746302E1,3.032719265E1,-3.371682849E0,-3.088505822E1
1.236946221E1,9.320981225E-1,2.444099749E-1,-9.605355284E-2,-2.494605371E-1,4.247145562E1,3.028986048E1,-3.274596700E0,-3.085276103E1
1.237950821E1,9.322377550E-1,2.445490911E-1,-9.513398236E-2,-2.491546775E-1,4.242725796E1,3.027423841E1,-3.182347038E0,-3.078793542E1
1.238955421E1,9.323500974E-1,2.449272221E-1,-9.447490048E-2,-2.486130272E-1,4.239166648E1,3.029403396E1,-3.117464018E0,-3.070536047E1
1.239960121E1,9.323678202E-1,2.455852082E-1,-9.430031770E-2,-2.479628489E-1,4.238604909E1,3.036165325E1,-3.098527327E0,-3.062703312E1
1.240964721E1,9.322482917E-1,2.465489433E-1,-9.467670486E-2,-2.473115115E-1,4.242392101E1,3.048248658E1,-3.128506420E0,-3.056757932E1
1.241969321E1,9.319765920E-1,2.478068581E-1,-9.554280152E-2,-2.467447417E-1,4.250988779E1,3.065344090E1,-3.198607015E0,-3.053499104E1
1.242973921E1,9.315677465E-1,2.492961065E-1,-9.676148819E-2,-2.463132634E-1,4.263893648E1,3.086303422E1,-3.294597288E0,-3.053064292E1
1.243978621E1,9.310687489E-1,2.509332903E-1,-9.811424397E-2,-2.460023671E-1,4.279593812E1,3.109455949E1,-3.396296329E0,-3.054554352E1
1.244983221E1,9.305324092E-1,2.526272406E-1,-9.940108736E-2,-2.457814123E-1,4.296407905E1,3.133089805E1,-3.486290412E0,-3.056923460E1
1.245987821E1,9.299898107E-1,2.543139575E-1,-1.005460276E-1,-2.456293465E-1,4.313354658E1,3.156210544E1,-3.559188832E0,-3.059643355E1
1.246992421E1,9.294738279E-1,2.559199579E-1,-1.015523310E-1,-2.455008196E-1,4.329411522E1,3.177968655E1,-3.619107617E0,-3.062170933E1
1.247997121E1,9.290092010E-1,2.574231884E-1,-1.023652805E-1,-2.453498496E-1,4.343821885E1,3.197905954E1,-3.662496181E0,-3.063770435E1
1.249001721E1,9.286044859E-1,2.587859330E-1,-1.029798553E-1,-2.451913143E-1,4.356337120E1,3.215572354E1,-3.689589310E0,-3.064567882E1
1.250006321E1,9.282522226E-1,2.599949628E-1,-1.034762135E-1,-2.450367196E-1,4.367202581E1,3.231083965E1,-3.708906123E0,-3.064958064E1
1.251010921E1,9.279345407E-1,2.610598661E-1,-1.039242555E-1,-2.449183502E-1,4.376979384E1,3.244795133E1,-3.726457492E0,-3.065552522E1
1.252015621E1,9.276530840E-1,2.619423632E-1,-1.043470464E-1,-2.448626321E-1,4.385624022E1,3.256349948E1,-3.744992902E0,-3.066716788E1
1.253020221E1,9.274047969E-1,2.626234931E-1,-1.047839459E-1,-2.448869508E-1,4.393236467E1,3.265667656E1,-3.768661625E0,-3.068779428E1
1.254024821E1,9.271765085E-1,2.631431849E-1,-1.052643146E-1,-2.449872814E-1,4.400224708E1,3.273304972E1,-3.799416132E0,-3.071811701E1
1.255029421E1,9.269590097E-1,2.635323056E-1,-1.058396823E-1,-2.451443416E-1,4.406872867E1,3.279786246E1,-3.842337534E0,-3.075788796E1
1.256034121E1,9.267620364E-1,2.638014712E-1,-1.065368596E-1,-2.452973979E-1,4.412885421E1,3.285305299E1,-3.901936181E0,-3.080119364E1
1.257038721E1,9.265804257E-1,2.639940981E-1,-1.074183030E-1,-2.453916804E-1,4.418422151E1,3.290558217E1,-3.985239703E0,-3.084421601E1
1.258043321E1,9.264101945E-1,2.641324557E-1,-1.085231932E-1,-2.453994775E-1,4.423605974E1,3.295929524E1,-4.096588334E0,-3.088533881E1
1.259047921E1,9.262473180E-1,2.642439710E-1,-1.098882506E-1,-2.452868822E-1,4.428560440E1,3.301853148E1,-4.240103366E0,-3.092220337E1
1.260052621E1,9.260758857E-1,2.643685413E-1,-1.115542892E-1,-2.450473828E-1,4.433769482E1,3.308932091E1,-4.419010169E0,-3.095581938E1
1.261057221E1,9.258803665E-1,2.645166189E-1,-1.136269711E-1,-2.446742567E-1,4.439703331E1,3.317659834E1,-4.644274613E0,-3.098951298E1
1.262061821E1,9.256577258E-1,2.646563568E-1,-1.161322430E-1,-2.441888304E-1,4.446451140E1,3.327784521E1,-4.918876034E0,-3.102681158E1
1.263066421E1,9.254051608E-1,2.647751214E-1,-1.189454661E-1,-2.436625216E-1,4.454094145E1,3.338777700E1,-5.227694983E0,-3.107150868E1
1.264071121E1,9.251453044E-1,2.648504747E-1,-1.218433622E-1,-2.431349063E-1,4.461944829E1,3.349630049E1,-5.546688559E0,-3.111990028E1
1.265075721E1,9.248982396E-1,2.648107460E-1,-1.246537826E-1,-2.426929544E-1,4.469396922E1,3.358953607E1,-5.857157334E0,-3.117504216E1
1.266080321E1,9.247504938E-1,2.645565584E-1,-1.269251184E-1,-2.423560958E-1,4.473847677E1,3.363988333E1,-6.114421336E0,-3.122125914E1
1.267084921E1,9.248131662E-1,2.639259783E-1,-1.282872413E-1,-2.420866510E-1,4.471960222E1,3.361478803E1,-6.286352190E0,-3.123871485E1
1.268089621E1,9.250248066E-1,2.632856359E-1,-1.287667934E-1,-2.417205845E-1,4.465580819E1,3.355621489E1,-6.369611395E0,-3.121151232E1
1.269094221E1,9.253478832E-1,2.626463894E-1,-1.287115020E-1,-2.412082685E-1,4.455825721E1,3.347758994E1,-6.401841394E0,-3.114727640E1
1.270098821E1,9.256869125E-1,2.621724850E-1,-1.283764398E-1,-2.406007638E-1,4.445567101E1,3.340738763E1,-6.402654908E0,-3.106256467E1
1.271103421E1,9.260013912E-1,2.618078410E-1,-1.280158630E-1,-2.399793718E-1,4.436031220E1,3.334881351E1,-6.397684571E0,-3.097598614E1
1.272108121E1,9.262908136E-1,2.614914604E-1,-1.276958262E-1,-2.393772197E-1,4.427237884E1,3.329739728E1,-6.394684904E0,-3.089344476E1
1.273112721E1,9.265615439E-1,2.612164786E-1,-1.273988753E-1,-2.387867635E-1,4.418997418E1,3.325166936E1,-6.392319824E0,-3.081337290E1
1.274117321E1,9.268321899E-1,2.608747414E-1,-1.272029873E-1,-2.382137560E-1,4.410744900E1,3.320197049E1,-6.402006999E0,-3.073871540E1