"Time (s)","X (rad/s)","Y (rad/s)","Z (rad/s)"
8.532249980E-3,-1.004919223E-2,1.554981470E-1,-5.963213369E-2
1.857824999E-2,-2.079398371E-2,1.583005935E-1,-6.701148301E-2
2.862425000E-2,-1.962276548E-2,1.386746019E-1,-7.977374643E-2
3.867124999E-2,-1.530604810E-2,1.060447469E-1,-8.884500712E-2
4.871725000E-2,-8.168175817E-3,5.829532072E-2,-1.026946604E-1
5.876324998E-2,-5.307940301E-3,9.607674554E-3,-1.128492951E-1
6.881025000E-2,-1.407763362E-2,-2.931534313E-2,-1.190463677E-1
7.885624998E-2,-2.625280619E-2,-5.200174823E-2,-1.169800237E-1
8.890325000E-2,-4.755109176E-2,-5.537388101E-2,-1.168204844E-1
9.894924998E-2,-6.784144789E-2,-4.664190859E-2,-1.129399911E-1
1.089952500E-1,-8.656972647E-2,-3.628651053E-2,-1.050145179E-1
1.190422500E-1,-1.082079113E-1,-2.860409208E-2,-9.782478213E-2
1.290882500E-1,-1.226397380E-1,-2.570483834E-2,-9.151037782E-2
1.391342500E-1,-1.278406233E-1,-3.292892873E-2,-8.963577449E-2
1.491812500E-1,-1.248289347E-1,-4.675762355E-2,-9.350322932E-2
1.592272500E-1,-1.158564836E-1,-5.665232986E-2,-9.658690542E-2
1.692732500E-1,-1.019340083E-1,-6.555607915E-2,-9.707612544E-2
1.793202500E-1,-8.381184936E-2,-6.030917168E-2,-1.092234701E-1
1.893662500E-1,-6.240878254E-2,-5.638352036E-2,-1.239729226E-1
1.994132500E-1,-4.919977114E-2,-5.229343846E-2,-1.293210834E-1
2.094592500E-1,-4.690846056E-2,-4.864700884E-2,-1.235210449E-1
2.195052500E-1,-5.366969481E-2,-5.281139910E-2,-1.163185239E-1
2.295522500E-1,-6.721854955E-2,-4.734836146E-2,-1.069719344E-1
2.395982500E-1,-7.712950557E-2,-3.312468529E-2,-9.248886257E-2
2.496442500E-1,-8.241018653E-2,-1.356335357E-2,-7.290255278E-2
2.596912500E-1,-8.197876066E-2,-6.779150572E-4,-4.755378515E-2
2.697372500E-1,-7.621540874E-2,2.813222818E-3,-2.405724488E-2
2.797832500E-1,-6.553320587E-2,-4.304873757E-3,-6.502485834E-3
2.898302500E-1,-4.803244025E-2,-1.523716561E-2,-7.783618756E-3
2.998762500E-1,-2.785979584E-2,-2.723816782E-2,-1.448200084E-2
3.099222500E-1,-8.901270106E-3,-3.963606432E-2,-2.371802181E-2
3.199692500E-1,-2.481187694E-3,-4.449340329E-2,-3.284201398E-2
3.300152500E-1,-7.388046011E-3,-4.552646354E-2,-3.672926128E-2
3.400622500E-1,-2.019971609E-2,-3.780569509E-2,-3.791356832E-2
3.501082500E-1,-3.347007930E-2,-1.815650798E-2,-3.617382795E-2
3.601542500E-1,-4.007072374E-2,5.937110633E-3,-2.826583758E-2
3.702012500E-1,-3.946379572E-2,2.342530154E-2,-1.876948774E-2
3.802472500E-1,-3.083861619E-2,2.802777663E-2,-1.404956728E-2
3.902932500E-1,-1.170855481E-2,1.755904034E-2,-1.307171769E-2
4.003402500E-1,7.662746124E-3,5.250442773E-3,-1.436548028E-2
4.103862500E-1,2.438210323E-2,-5.826086737E-3,-1.864612103E-2
4.204322500E-1,3.562383726E-2,-1.499082334E-2,-1.889086515E-2
4.304792500E-1,3.623624891E-2,-1.862768829E-2,-1.886117645E-2
4.405252500E-1,3.470173478E-2,-1.627691463E-2,-2.020207793E-2
4.505712500E-1,3.310127184E-2,-5.512538832E-3,-1.930582337E-2
4.606182500E-1,2.645402029E-2,9.769478813E-3,-1.513451338E-2
4.706642500E-1,2.003706992E-2,2.066714875E-2,-9.702311829E-3
4.807112500E-1,1.484656893E-2,2.681984939E-2,-6.075618323E-3
4.907571250E-1,9.976903908E-3,2.466244809E-2,-3.240480321E-3
5.008031250E-1,3.210344585E-3,1.252881996E-2,8.285632357E-4
5.108501250E-1,2.132691676E-3,-1.345941098E-3,-1.874190057E-3
5.208961250E-1,1.960917842E-3,-9.074967355E-3,-4.648937378E-3
5.309421250E-1,1.396998181E-3,-1.247586496E-2,-1.397195458E-2
5.409891250E-1,-2.598542487E-3,-1.886372268E-2,-2.330473624E-2
5.510351250E-1,1.044566743E-2,-9.249544889E-2,2.340643201E-3
5.610811250E-1,3.668046743E-2,-1.031100079E-1,9.147683159E-3
5.711281250E-1,1.832737401E-2,-6.218825281E-2,5.201828666E-3
5.811741250E-1,-1.856805943E-2,1.754066534E-2,5.720079876E-3
5.912201250E-1,-5.962647125E-2,8.392578363E-2,1.012341399E-2
6.012671250E-1,-9.749396145E-2,1.013971865E-1,3.212485090E-2
6.113131250E-1,-1.104411855E-1,9.425086528E-2,4.259320721E-2
6.213591250E-1,-9.631311148E-2,6.877186894E-2,3.866424412E-2
6.314061250E-1,-6.719970703E-2,4.404548183E-2,3.000098094E-2
6.414521250E-1,-2.910105139E-2,1.951590553E-2,2.947953343E-2
6.514981250E-1,6.804546807E-3,3.794184886E-3,3.761826828E-2
6.615451250E-1,2.843367681E-2,6.982602645E-4,4.974124208E-2
6.715911250E-1,3.348766267E-2,5.018308759E-3,6.092790142E-2
6.816371250E-1,2.601776272E-2,1.466108207E-2,6.475247443E-2
6.916841250E-1,1.534955576E-2,2.710084990E-2,5.937102064E-2
7.017301250E-1,8.076995611E-3,3.846962005E-2,5.393683910E-2
7.117771250E-1,2.494113054E-3,4.213927686E-2,5.195422843E-2
7.218231250E-1,3.041126300E-3,4.757905006E-2,4.775655642E-2
7.318691250E-1,1.255823765E-2,4.571696371E-2,4.218778387E-2
7.419161250E-1,2.091283910E-2,3.610082343E-2,3.048292547E-2
7.519621250E-1,2.437285893E-2,2.873513103E-2,1.501882449E-2
7.620081250E-1,2.349827625E-2,2.711166814E-2,4.558605142E-4
7.720551250E-1,2.411981858E-2,2.505189925E-2,-6.501457188E-3
7.821011250E-1,2.272298932E-2,2.249073796E-2,-5.857771263E-3
7.921471250E-1,2.930375189E-2,2.306232788E-2,-4.531809594E-3
8.021941250E-1,3.270167857E-2,2.168467455E-2,-1.744545065E-3
8.122401250E-1,3.417354077E-2,2.101312205E-2,8.371872827E-4
8.222861250E-1,3.139932454E-2,2.066824399E-2,4.377859645E-3
8.323331250E-1,2.133704722E-2,1.920450293E-2,9.021428414E-4
8.423791250E-1,6.978347432E-3,1.614905708E-2,1.616668887E-3
8.524251250E-1,-4.089199356E-4,2.078639530E-2,1.576519106E-3
8.624721250E-1,2.317358041E-3,2.447194234E-2,-3.035010770E-3
8.725181250E-1,9.966371581E-3,3.165291995E-2,-7.386577781E-3
8.825641250E-1,1.649377868E-2,3.344070166E-2,-6.525843870E-3
8.926111250E-1,1.708658598E-2,2.965867519E-2,-2.930704271E-3
9.026571250E-1,1.201939024E-2,2.481997758E-2,-3.228445537E-3
9.127031250E-1,7.434865925E-3,2.036126330E-2,-4.052464850E-3
9.227501250E-1,-1.956232009E-4,1.764537022E-2,-6.556635257E-3
9.327961250E-1,-8.184382692E-3,1.312548108E-2,-8.354865015E-3
9.428421250E-1,-1.350671053E-2,6.679032929E-3,-4.694882780E-3
9.528891250E-1,-1.768935286E-2,1.627785852E-3,1.720367931E-3
9.629351250E-1,-1.197527442E-2,6.567974342E-4,7.284509949E-3
9.729811250E-1,-2.457744442E-3,2.996410709E-3,9.298861027E-3
9.830281250E-1,7.560801227E-3,3.329832107E-4,1.036732085E-2
9.930741250E-1,1.244695764E-2,-4.494993947E-3,7.586740889E-3
1.003120125E0,8.021582849E-3,-1.483844500E-2,3.074014559E-3
1.013167125E0,-8.309018798E-3,-2.474813163E-2,1.223726664E-3
1.023213125E0,-2.441981249E-2,-3.221829981E-2,4.301009234E-3
1.033259125E0,-3.608363867E-2,-3.111451305E-2,7.965289988E-3
1.043306125E0,-3.912310302E-2,-2.395487018E-2,1.037119050E-2
1.053352125E0,-3.134227917E-2,-1.574784704E-2,1.107257791E-2
1.063399125E0,-1.929094270E-2,-9.722711518E-3,1.464254595E-2
1.073445125E0,-4.744510166E-3,-1.460658945E-2,1.680792309E-2
1.083491125E0,1.163685974E-2,-1.932943985E-2,1.928652637E-2
1.093538125E0,2.610796131E-2,-2.201178670E-2,2.211927995E-2
1.103584125E0,2.936580591E-2,-1.979363896E-2,2.497525513E-2
1.113630125E0,2.848492749E-2,-2.070642449E-2,2.408053540E-2
1.123677125E0,2.114658803E-2,-1.720836200E-2,2.251060121E-2
1.133723125E0,1.233049762E-2,-1.168834977E-2,2.275355905E-2
1.143769125E0,6.951474934E-4,-1.008246373E-2,2.270215750E-2
1.153816125E0,-8.598770946E-3,-2.224097727E-3,2.525200695E-2
1.163862125E0,-1.115327515E-2,1.008447027E-3,2.809226699E-2
1.173908125E0,-7.499490399E-3,3.350824816E-3,2.528967150E-2
1.183955125E0,-9.885944892E-4,3.732189536E-3,2.284995094E-2
1.194001125E0,1.071542501E-2,5.669027567E-3,2.649281360E-2
1.204047125E0,1.807240956E-2,5.049842410E-3,3.287454322E-2
1.214094125E0,1.955249533E-2,7.475651801E-3,3.135209158E-2
1.224140125E0,1.561288256E-2,7.863142528E-3,3.549437225E-2
1.234186125E0,2.732009627E-3,2.140308172E-2,3.629277647E-2
1.244233125E0,-1.114226039E-2,3.507468477E-2,3.285197169E-2
1.254279125E0,-1.321794838E-2,3.979940712E-2,3.133029491E-2
1.264325125E0,-2.974365372E-3,3.790243715E-2,3.121710755E-2
1.274372125E0,1.008162927E-2,2.923203819E-2,3.171552718E-2
1.284418125E0,2.165945619E-2,1.609306782E-2,2.705232985E-2
1.294464125E0,2.789701708E-2,6.222181022E-3,2.367853746E-2
1.304511125E0,2.911727689E-2,2.745690756E-3,2.196212858E-2
1.314557125E0,2.543482929E-2,1.449194830E-2,1.813879423E-2
1.324603125E0,1.728049666E-2,2.496296540E-2,1.916118152E-2
1.334650125E0,1.168987714E-2,3.806761280E-2,1.871087775E-2
1.344696125E0,8.756138384E-3,4.624564573E-2,2.002221905E-2
1.354742125E0,8.014010265E-3,4.218074679E-2,2.271504328E-2
1.364789125E0,8.256624453E-3,2.830088139E-2,1.990673877E-2
1.374835125E0,8.913357742E-3,1.586117409E-2,1.598798670E-2
1.384881125E0,9.245187975E-3,6.874869578E-3,1.038629375E-2
1.394928125E0,4.375846125E-3,2.307825955E-3,1.296242140E-2
1.404974125E0,-1.094819279E-3,4.234090447E-3,1.557578146E-2
1.415020125E0,-3.473476274E-3,1.072994526E-2,1.881327108E-2
1.425067125E0,-5.151800346E-3,1.904779673E-2,1.899835840E-2
1.435113125E0,-3.474636469E-3,2.443948574E-2,1.668157429E-2
1.445159125E0,-3.334021429E-3,2.073609270E-2,1.789437793E-2
1.455205125E0,-4.362895153E-3,2.079373784E-2,1.721863449E-2
1.465252125E0,-6.509935949E-3,2.588224038E-2,1.433469635E-2
1.475298125E0,-1.085876487E-2,3.142965585E-2,1.187247690E-2
1.485344125E0,-1.141962688E-2,3.447018564E-2,9.492675774E-3
1.495391042E0,-7.428293116E-3,3.101472184E-2,6.559052039E-3
1.505437042E0,-2.591992030E-3,2.331312560E-2,5.224009510E-3
1.515483042E0,2.106280299E-3,1.278434508E-2,3.287561703E-3
1.525530042E0,2.578458749E-3,9.312115610E-3,1.459834166E-3
1.535576042E0,-4.009631462E-3,5.243416876E-3,-1.710582525E-3
1.545622042E0,-1.330619399E-2,1.085443143E-2,-6.118114106E-3
1.555669042E0,-2.528838255E-2,1.619373821E-2,-5.655181594E-3
1.565715042E0,-3.723692149E-2,1.770028844E-2,-6.772643887E-3
1.575761042E0,-4.520191997E-2,1.767295226E-2,-8.501339704E-3
1.585808042E0,-4.814764485E-2,1.553922798E-2,-1.284682006E-2
1.595854042E0,-4.648101702E-2,1.681132615E-2,-1.729239710E-2
1.605900042E0,-4.076800495E-2,2.399973013E-2,-2.576897293E-2
1.615947042E0,-3.060169332E-2,2.709069848E-2,-2.986170352E-2
1.625993042E0,-2.542663924E-2,3.054135665E-2,-3.129874542E-2
1.636039042E0,-2.617669292E-2,2.419294417E-2,-3.166702390E-2
1.646086042E0,-3.153736889E-2,1.611158252E-2,-3.359435499E-2
1.656132042E0,-4.203237966E-2,9.452892467E-3,-3.315514699E-2
1.666178042E0,-5.115903169E-2,7.132746279E-3,-3.088959679E-2
1.676225042E0,-5.047668889E-2,8.686595596E-3,-2.817451581E-2
1.686271042E0,-4.308535159E-2,8.275137283E-3,-2.565969341E-2
1.696317042E0,-2.793511935E-2,1.152302418E-2,-2.246551029E-2
1.706364042E0,-1.161580067E-2,5.980985239E-3,-1.823135093E-2
1.716410042E0,1.167501789E-3,2.242547926E-4,-1.182600483E-2
1.726456042E0,5.196332000E-3,-1.684965333E-3,-6.219518371E-3
1.736503042E0,-1.094397623E-3,-3.194684861E-3,-5.054980982E-3
1.746549042E0,-6.473450456E-3,-4.151824862E-3,-3.933523782E-3
1.756595042E0,-1.272100117E-2,-1.326106256E-3,-4.408618901E-3
1.766642042E0,-1.582944207E-2,4.030842334E-3,-6.553795189E-3
1.776688042E0,-2.313254774E-2,8.441626094E-3,-4.441934638E-3
1.786734042E0,-2.450913563E-2,6.311097182E-3,-3.081325442E-3
1.796780042E0,-2.294752374E-2,-1.371747348E-3,-8.075704798E-3
1.806827042E0,-1.918154769E-2,-3.271646332E-3,-1.038972475E-2
1.816873042E0,-2.166529745E-2,-1.968352124E-3,-1.448191237E-2
1.826919042E0,-3.113842756E-2,4.845878109E-3,-1.544384565E-2
1.836966042E0,-3.035991080E-2,1.144836098E-2,-1.649999246E-2
1.847012042E0,-2.766425908E-2,1.426491980E-2,-1.799056306E-2
1.857058042E0,-2.211431600E-2,1.572320424E-2,-1.818223670E-2
1.867105042E0,-1.751690172E-2,1.811285689E-2,-1.874229871E-2
1.877151042E0,-7.154306863E-3,1.671888120E-2,-1.967075281E-2
1.887197042E0,2.252510749E-3,1.527438220E-2,-2.157944068E-2
1.897244042E0,1.010698918E-2,1.589188352E-2,-2.245829441E-2
1.907290042E0,1.038395800E-2,1.536218077E-2,-2.147265896E-2
1.917336042E0,1.078324765E-2,1.803178899E-2,-2.589273266E-2
1.927383042E0,1.107859239E-2,1.760435104E-2,-2.339681797E-2
1.937429042E0,1.290582772E-2,1.409544237E-2,-2.456262521E-2
1.947475042E0,1.295855828E-2,1.111030579E-2,-2.645107359E-2
1.957522042E0,1.163034886E-2,1.169321500E-2,-2.651869133E-2
1.967568042E0,5.825190339E-3,1.534254476E-2,-2.392397448E-2
1.977614042E0,-1.501226565E-3,2.041127160E-2,-2.302997559E-2
1.987661042E0,-7.194798440E-3,2.445847727E-2,-2.594107576E-2
1.997707042E0,-7.644795347E-3,2.599376440E-2,-2.586963959E-2
2.007753042E0,-9.444292635E-3,2.562385052E-2,-2.385336161E-2
2.017799042E0,-6.766828708E-3,1.909034327E-2,-2.003631555E-2
2.027846042E0,-4.252005368E-3,1.021615788E-2,-1.840006933E-2
2.037892042E0,1.022744109E-4,2.201990224E-3,-1.687390171E-2
2.047938042E0,1.619743649E-3,1.298113260E-3,-1.524990611E-2
2.057985042E0,-6.861875881E-4,9.794898331E-3,-1.329331845E-2
2.068031042E0,-8.608559147E-3,2.189443819E-2,-1.271221600E-2
2.078077042E0,-1.421829499E-2,3.310893476E-2,-1.257637143E-2
2.088124042E0,-1.550726499E-2,3.263755515E-2,-1.062560640E-2
2.098170042E0,-1.446052920E-2,2.834574692E-2,-7.261499763E-3
2.108216042E0,-7.230845746E-3,2.088277042E-2,-4.522971343E-3
2.118263042E0,4.911285941E-4,7.914283313E-3,-5.163373426E-3
2.128309042E0,5.687488243E-3,-6.025061011E-4,-1.658387017E-3
2.138355042E0,7.182792295E-3,-4.988800269E-3,-3.881085897E-3
2.148402042E0,4.094324540E-3,1.204913598E-3,-3.852856345E-3
2.158448042E0,-9.899458382E-5,1.127819996E-2,-7.838175632E-3
2.168494042E0,-7.519626524E-3,1.431819890E-2,-4.816286732E-3
2.178540042E0,-1.417273935E-2,2.214647084E-2,-5.604976788E-3
2.188587042E0,-1.907322183E-2,2.429138124E-2,-5.118417554E-3
2.198633042E0,-2.273699455E-2,1.867683791E-2,-3.336787689E-3
2.208679042E0,-2.549842559E-2,1.012116577E-2,-7.098502479E-3
2.218726042E0,-2.393134311E-2,8.244676515E-3,-8.459581062E-3
2.228772042E0,-2.465519123E-2,8.372774348E-3,-1.203247719E-2
2.238818042E0,-2.656723000E-2,9.309903719E-3,-1.485887915E-2
2.248865042E0,-2.493790910E-2,1.233339030E-2,-2.035937086E-2
2.258911042E0,-1.905506477E-2,1.604462042E-2,-1.998673007E-2
2.268957042E0,-1.737860404E-2,1.846436970E-2,-1.965330355E-2
2.279004042E0,-2.118595317E-2,1.940378733E-2,-1.700329222E-2
2.289050042E0,-3.116694838E-2,1.644501463E-2,-1.566904970E-2
2.299096042E0,-3.727078810E-2,1.572085917E-2,-1.703453995E-2
2.309142042E0,-4.076405615E-2,1.214822847E-2,-1.338387839E-2
2.319189042E0,-3.865019232E-2,1.071336959E-2,-1.183404587E-2
2.329235042E0,-2.994645014E-2,5.084779114E-3,-5.581475794E-3
2.339281042E0,-1.765242219E-2,2.405346604E-3,2.921794541E-3
2.349328042E0,-2.911825199E-3,-3.742294153E-3,9.049993940E-3
2.359374042E0,7.382323965E-3,-5.788745359E-3,1.460287534E-2
2.369420042E0,1.166841574E-2,-9.051118046E-3,1.390486024E-2
2.379467042E0,5.108954385E-3,-7.487812079E-3,1.426282618E-2
2.389513042E0,-7.605775259E-3,-7.228686474E-3,1.273310464E-2
2.399559042E0,-1.943118125E-2,-3.299755743E-3,1.209098101E-2
2.409606042E0,-2.473619767E-2,3.749365453E-3,9.981224313E-3
2.419652042E0,-2.792826481E-2,9.518912993E-4,1.381658018E-2
2.429698042E0,-2.845237404E-2,-3.921959549E-3,1.779001765E-2
2.439744042E0,-2.550672926E-2,-3.446825547E-3,1.886826754E-2
2.449791042E0,-2.183502913E-2,5.322034704E-4,1.885868050E-2
2.459837042E0,-1.758816466E-2,1.890974469E-3,1.489876397E-2
2.469883042E0,-1.778710261E-2,1.021148823E-2,1.497173309E-2
2.479930042E0,-1.746146008E-2,1.455343887E-2,1.678958349E-2
2.489976042E0,-1.418870315E-2,1.179653406E-2,1.615362056E-2
2.500022750E0,-1.038812101E-2,6.614649203E-3,1.139957272E-2
2.510069750E0,-6.373671815E-3,-5.692276172E-4,1.011592895E-2
2.520115750E0,-8.885237388E-3,-5.391878542E-3,6.293518934E-3
2.530161750E0,-1.802254096E-2,-2.556676976E-3,6.788334344E-3
2.540207750E0,-2.830195054E-2,4.250498023E-3,4.175023641E-3
2.550254750E0,-3.718226030E-2,1.209883392E-2,2.045293804E-3
2.560300750E0,-4.089993984E-2,1.621223241E-2,-6.625065580E-4
2.570346750E0,-3.853771463E-2,2.036090568E-2,-4.801325500E-3
2.580393750E0,-3.271685913E-2,1.707021892E-2,-7.408203091E-3
2.590439750E0,-2.914849296E-2,8.320936933E-3,-9.578146972E-3
2.600485750E0,-3.003812954E-2,-3.025502898E-3,-8.054107428E-3
2.610532750E0,-3.835438192E-2,-1.022296213E-2,-6.868202239E-3
2.620578750E0,-4.556064680E-2,-8.885517716E-3,-9.037513286E-3
2.630624750E0,-5.171574280E-2,-3.399406094E-3,-1.106551103E-2
2.640670750E0,-5.194870755E-2,4.093378084E-4,-6.618677638E-3
2.650717750E0,-4.671479762E-2,6.125813350E-3,-6.225861143E-3
2.660763750E0,-3.746343032E-2,4.461044911E-3,8.781841025E-4
2.670809750E0,-2.927607298E-2,1.611995045E-3,8.587503806E-3
2.680856750E0,-2.228857763E-2,-9.567656089E-4,1.338811405E-2
2.690902750E0,-2.132318169E-2,-4.365345463E-3,1.736234874E-2
2.700948750E0,-1.958450302E-2,-1.121405512E-3,2.009664476E-2
2.710995750E0,-1.966253296E-2,5.363391712E-3,1.989903860E-2
2.721041750E0,-2.507620677E-2,1.161170006E-2,2.352919243E-2
2.731087750E0,-2.689914033E-2,1.246364508E-2,3.069682419E-2
2.741133750E0,-2.934114449E-2,1.189875230E-2,4.009086639E-2
2.751180750E0,-2.660448104E-2,9.917892516E-3,4.675462842E-2
2.761226750E0,-2.923181839E-2,7.292146329E-3,5.051603168E-2
2.771272750E0,-2.258962765E-2,6.185311358E-4,5.242338404E-2
2.781319750E0,-2.112363651E-2,-5.109103397E-3,5.319137871E-2
2.791365750E0,-2.020005137E-2,-4.522941075E-3,5.398340523E-2
2.801411750E0,-2.223738469E-2,-8.347678930E-3,5.484303460E-2
2.811458750E0,-2.642973326E-2,-1.214295067E-2,4.964188114E-2
2.821504750E0,-3.222134337E-2,-1.381602138E-2,4.335870594E-2
2.831550750E0,-3.926540539E-2,-1.123595238E-2,4.129502177E-2
2.841596750E0,-4.670630023E-2,-9.146519005E-3,3.909081593E-2
2.851643750E0,-4.840965942E-2,-2.423901111E-3,4.053744301E-2
2.861689750E0,-4.987987503E-2,8.254006505E-3,3.776696697E-2
2.871735750E0,-5.421124026E-2,1.559421141E-2,3.225502372E-2
2.881782750E0,-5.073621869E-2,2.012446895E-2,2.662571333E-2
2.891828750E0,-5.248032138E-2,3.069961444E-2,2.400276624E-2
2.901874750E0,-5.202419683E-2,3.591774777E-2,2.721354552E-2
2.911920750E0,-5.786530674E-2,3.665384650E-2,3.245437890E-2
2.921967750E0,-6.546068192E-2,3.548100218E-2,3.487098590E-2
2.932013750E0,-6.770972162E-2,3.667170182E-2,3.559057042E-2
2.942059750E0,-6.611342728E-2,3.316787630E-2,3.781241179E-2
2.952106750E0,-6.139484048E-2,2.702715620E-2,3.843319416E-2
2.962152750E0,-5.145271495E-2,2.147011086E-2,4.155445471E-2
2.972198750E0,-4.012415931E-2,1.289872639E-2,4.245886207E-2
2.982245750E0,-3.202235699E-2,6.997094490E-3,4.722829536E-2
2.992291750E0,-3.272090480E-2,3.787186462E-3,5.084034055E-2
3.002337750E0,-3.606672212E-2,1.017480902E-2,5.014156178E-2
3.012383750E0,-4.155123606E-2,1.569207944E-2,5.162574351E-2
3.022430750E0,-4.729911312E-2,1.944695413E-2,5.055559427E-2
3.032476750E0,-5.218148604E-2,2.349655703E-2,4.590677842E-2
3.042522750E0,-5.400142074E-2,2.361566573E-2,3.940416500E-2
3.052569750E0,-5.756526068E-2,2.207183465E-2,4.066304117E-2
3.062615750E0,-6.232171506E-2,2.382083237E-2,4.507235065E-2
3.072661750E0,-6.373905391E-2,2.453109622E-2,4.477141425E-2
3.082707750E0,-6.176686659E-2,3.343081102E-2,4.164780304E-2
3.092754750E0,-6.850333512E-2,4.613196105E-2,3.589431196E-2
3.102800750E0,-7.125323266E-2,5.038499832E-2,2.932515368E-2
3.112846750E0,-6.729257852E-2,4.634232074E-2,2.706173062E-2
3.122893750E0,-6.785949320E-2,4.595462978E-2,3.047290072E-2
3.132939750E0,-7.155942172E-2,4.327282682E-2,2.751599252E-2
3.142985750E0,-7.366577536E-2,4.268490896E-2,2.992067486E-2
3.153031750E0,-7.235416770E-2,4.394085705E-2,2.676669136E-2
3.163078750E0,-7.591874897E-2,4.687768221E-2,2.045036107E-2
3.173124750E0,-7.900802046E-2,4.749180749E-2,1.392828021E-2
3.183170750E0,-7.965461165E-2,5.049860477E-2,9.493858553E-3
3.193217750E0,-8.414790034E-2,4.937474802E-2,7.014721632E-3
3.203263750E0,-9.112393111E-2,4.611659050E-2,4.369484261E-3
3.213309750E0,-9.534104168E-2,4.625533894E-2,6.790031679E-3
3.223355750E0,-1.077055782E-1,4.560322687E-2,9.672332555E-3
3.233402750E0,-1.215950325E-1,4.382450134E-2,1.506549865E-2
3.243448750E0,-1.299800873E-1,5.340099335E-2,1.569830067E-2
3.253494750E0,-1.325122118E-1,7.007957250E-2,9.877962992E-3
3.263541750E0,-1.175092757E-1,9.077863395E-2,1.066097058E-2
3.273587750E0,-8.830079436E-2,1.072396338E-1,1.640754007E-2
3.283633750E0,-4.784708470E-2,1.163937896E-1,2.593454346E-2
3.293679750E0,-1.840975136E-3,1.284419447E-1,3.675976023E-2
3.303726750E0,4.743493721E-2,1.345639229E-1,4.370111600E-2
3.313772750E0,8.689233661E-2,1.312416345E-1,4.353919253E-2
3.323818750E0,1.064389795E-1,1.150914729E-1,3.594612703E-2
3.333865750E0,9.257935733E-2,8.849821240E-2,2.640215680E-2
3.343911750E0,4.480634257E-2,5.006433278E-2,1.267576404E-2
3.353957750E0,-3.797349334E-2,-2.941092942E-3,-4.241966177E-3
3.364003750E0,-1.444143653E-1,-4.473544285E-2,-3.080703318E-2
3.374050750E0,-2.541632354E-1,-7.354632020E-2,-5.812414363E-2
3.384096750E0,-3.555254638E-1,-8.234595507E-2,-7.462999225E-2
3.394142750E0,-4.575421214E-1,-5.191215128E-2,-7.137666643E-2
3.404189750E0,-5.321757793E-1,3.085683286E-2,-6.234959140E-2
3.414235750E0,-5.704800487E-1,1.454025805E-1,-4.868464544E-2
3.424281750E0,-5.723183155E-1,2.542807460E-1,-3.270263225E-2
3.434327750E0,-5.491072536E-1,2.900137007E-1,-2.630784921E-2
3.444374750E0,-5.179926157E-1,2.593562007E-1,-2.187509835E-2
3.454420750E0,-4.937879145E-1,1.792193204E-1,-1.536340453E-2
3.464466750E0,-4.856877923E-1,7.941100746E-2,8.518099785E-3
3.474513750E0,-4.706241488E-1,-3.039031848E-2,3.184206784E-2
3.484559750E0,-4.404140711E-1,-1.174825281E-1,6.224697456E-2
3.494605750E0,-4.029548466E-1,-1.696812809E-1,8.693527430E-2
3.504651750E0,-3.503973484E-1,-1.802768558E-1,9.947511554E-2
3.514698750E0,-2.996228635E-1,-1.726610214E-1,1.149049401E-1
3.524744750E0,-2.526225150E-1,-1.440101117E-1,1.307010651E-1
3.534790750E0,-2.105195373E-1,-1.131502017E-1,1.384450048E-1
3.544836750E0,-1.848216206E-1,-9.192161262E-2,1.365480274E-1
3.554883750E0,-1.889362037E-1,-8.470924199E-2,1.199024767E-1
3.564929750E0,-2.157278657E-1,-9.287911654E-2,9.948033094E-2
3.574975750E0,-2.522722781E-1,-1.019149572E-1,8.093753457E-2
3.585022750E0,-2.828581333E-1,-1.038680375E-1,6.246939674E-2
3.595068750E0,-3.013255596E-1,-9.239221364E-2,4.653357342E-2
3.605114750E0,-3.108916879E-1,-7.912406325E-2,2.649236843E-2
3.615160750E0,-3.150779009E-1,-6.200952455E-2,6.272319704E-3
3.625207750E0,-3.113515973E-1,-3.976787254E-2,-1.879664510E-2
3.635253750E0,-2.963955700E-1,-3.934895620E-2,-3.608934954E-2
3.645299750E0,-2.996732891E-1,-5.848478153E-2,-4.145991057E-2
3.655346750E0,-3.040075600E-1,-5.262636021E-2,-4.991571233E-2
3.665392750E0,-3.043279648E-1,-2.526672184E-2,-6.396113336E-2
3.675438750E0,-2.880491316E-1,8.753563277E-3,-7.744338363E-2
3.685484750E0,-2.649235725E-1,2.971743420E-2,-8.721452206E-2
3.695531750E0,-2.414965481E-1,3.502990678E-2,-9.136186540E-2
3.705577750E0,-2.177229524E-1,2.671433799E-2,-9.057469666E-2
3.715623750E0,-2.007764578E-1,1.191169024E-2,-8.908759058E-2
3.725669750E0,-1.872298568E-1,-4.691040609E-3,-8.662617207E-2
3.735716750E0,-1.700290293E-1,-1.812349260E-2,-8.128546923E-2
3.745762750E0,-1.409408599E-1,-2.787725627E-2,-7.115833461E-2
3.755808750E0,-1.116865650E-1,-4.034937173E-2,-6.493186951E-2
3.765855750E0,-8.214411139E-2,-5.286446214E-2,-5.946036428E-2
3.775901750E0,-5.130097643E-2,-6.435493380E-2,-5.778603256E-2
3.785947750E0,-2.719163708E-2,-7.335215807E-2,-5.797102675E-2
3.795993750E0,-7.513009012E-3,-8.517391980E-2,-6.120863184E-2
3.806040750E0,2.059550956E-2,-9.559857845E-2,-5.859826505E-2
3.816086750E0,4.357805848E-2,-1.011456773E-1,-4.757357389E-2
3.826132750E0,6.174367666E-2,-1.015316322E-1,-3.222101182E-2
3.836178750E0,7.931894064E-2,-9.636749327E-2,-1.800878532E-2
3.846225750E0,1.021642610E-1,-8.387245983E-2,-3.214636818E-4
3.856271750E0,1.290499270E-1,-7.237532735E-2,1.974731870E-2
3.866317750E0,1.689220816E-1,-3.933456913E-2,4.428185150E-2
3.876364750E0,2.122202814E-1,5.606503692E-4,7.213559002E-2
3.886410750E0,2.480349690E-1,2.722147293E-2,1.089916974E-1
3.896456750E0,2.822161019E-1,4.367022216E-2,1.452112198E-1
3.906502750E0,3.141640127E-1,5.030900240E-2,1.627624035E-1
3.916549750E0,3.043793142E-1,7.793764584E-3,1.570296735E-1
3.926595750E0,2.360180169E-1,-1.063101441E-1,1.383501887E-1
3.936641750E0,1.172303706E-1,-2.607735097E-1,1.025517136E-1
3.946687750E0,-1.608805172E-2,-3.975085914E-1,6.107816100E-2
3.956734750E0,-1.097714007E-1,-4.335603118E-1,3.617946431E-2
3.966780750E0,-1.415506750E-1,-3.290895820E-1,3.389495984E-2
3.976826750E0,-1.380667388E-1,-1.165493503E-1,5.614140630E-2
3.986872750E0,-1.024103686E-1,1.667359471E-1,8.810916543E-2
3.996919750E0,-5.126302317E-2,4.620802402E-1,1.082706228E-1
4.006965750E0,-4.861855414E-3,6.728766561E-1,1.158004180E-1
4.017011750E0,3.047776036E-2,7.784885764E-1,1.312859058E-1
4.027058750E0,5.510067567E-2,7.869820595E-1,1.639700383E-1
4.037104750E0,8.640000969E-2,7.314999104E-1,1.933742613E-1
4.047150750E0,1.252801418E-1,6.106775403E-1,2.051978260E-1
4.057196750E0,1.581214368E-1,4.193150103E-1,1.987657547E-1
4.067243750E0,1.811036915E-1,1.630905867E-1,1.886860579E-1
4.077289750E0,1.934546232E-1,-1.119667962E-1,1.825360209E-1
4.087335750E0,1.960519999E-1,-3.566358387E-1,1.749062836E-1
4.097381750E0,1.754806787E-1,-5.544429421E-1,1.692153811E-1
4.107428750E0,1.450513601E-1,-6.788520813E-1,1.785120517E-1
4.117474750E0,1.343569010E-1,-7.431114912E-1,1.914086789E-1
4.127520750E0,1.678230613E-1,-7.157921791E-1,1.848445237E-1
4.137566750E0,2.145362347E-1,-6.251256466E-1,1.563092917E-1
4.147613750E0,2.434275001E-1,-5.206689835E-1,1.201761961E-1
4.157659750E0,2.504089773E-1,-4.251288772E-1,1.001455039E-1
4.167705750E0,2.307355553E-1,-3.366347849E-1,9.926535189E-2
4.177752750E0,2.009195983E-1,-2.266973406E-1,1.092080027E-1
4.187798750E0,1.657035500E-1,-9.821116924E-2,1.295423508E-1
4.197844750E0,1.309130788E-1,3.619750217E-2,1.419308484E-1
4.207890750E0,9.963314980E-2,1.878360361E-1,1.267799139E-1
4.217937750E0,6.655482203E-2,3.369405866E-1,1.398416460E-1
4.227983750E0,2.481647208E-2,4.636988640E-1,1.654590368E-1
4.238029750E0,-1.418286003E-2,5.576685071E-1,2.003688216E-1
4.248075750E0,-2.946741879E-2,6.053948402E-1,2.339714915E-1
4.258122750E0,-3.187704831E-2,6.071175933E-1,2.654069066E-1
4.268168750E0,-1.037385408E-2,5.652008057E-1,3.025725186E-1
4.278214750E0,2.153906971E-2,5.032132864E-1,3.316744864E-1
4.288260750E0,5.917426944E-2,4.394003153E-1,3.615383804E-1
4.298307750E0,9.397060424E-2,3.590452969E-1,3.869555891E-1
4.308353750E0,1.124943271E-1,2.800334692E-1,4.105633795E-1
4.318399750E0,1.165508553E-1,2.076237053E-1,4.285783172E-1
4.328445750E0,9.054525942E-2,1.405059397E-1,4.458290637E-1
4.338492750E0,4.777142406E-2,1.032057106E-1,4.514600337E-1
4.348538750E0,-9.555649012E-3,9.128908813E-2,4.629262984E-1
4.358584750E0,-6.456270814E-2,1.017372012E-1,4.695327878E-1
4.368630750E0,-1.119327322E-1,1.282322407E-1,4.857012033E-1
4.378677750E0,-1.501941085E-1,1.518254429E-1,5.100667477E-1
4.388723750E0,-1.772110909E-1,1.619226485E-1,5.407385826E-1
4.398769750E0,-1.945698410E-1,1.607460678E-1,5.674410462E-1
4.408816750E0,-1.910342425E-1,1.469754726E-1,5.893225074E-1
4.418862750E0,-1.620686352E-1,1.305427104E-1,5.971931815E-1
4.428908750E0,-1.101106703E-1,1.312157065E-1,5.993577242E-1
4.438954750E0,-3.850146383E-2,1.366275251E-1,6.109861135E-1
4.449001750E0,3.890243918E-2,1.443348974E-1,6.259269714E-1
4.459047750E0,1.188990027E-1,1.455186754E-1,6.450804472E-1
4.469093750E0,1.843823940E-1,1.496343166E-1,6.507473588E-1
4.479139750E0,2.342514247E-1,1.351366043E-1,6.433427334E-1
4.489186750E0,2.901697457E-1,1.055348963E-1,6.316776872E-1
4.499233042E0,3.188709021E-1,8.919267356E-2,6.306262612E-1
4.509279042E0,3.092983961E-1,8.290434629E-2,6.345556974E-1
4.519325042E0,2.726359963E-1,8.985812217E-2,6.501564980E-1
4.529372042E0,2.391068041E-1,1.231328025E-1,6.799826026E-1
4.539418042E0,2.293303460E-1,1.828219593E-1,7.167174816E-1
4.549464042E0,2.420099974E-1,2.608566284E-1,7.485265732E-1
4.559510042E0,2.697287202E-1,3.357292712E-1,7.693977952E-1
4.569557042E0,2.808373272E-1,3.584231436E-1,7.814375162E-1
4.579603042E0,2.389111668E-1,2.977113426E-1,7.846087813E-1
4.589649042E0,1.582396477E-1,1.687360704E-1,7.917149663E-1
4.599695042E0,7.944816351E-2,3.473991528E-2,8.005872965E-1
4.609742042E0,4.342132434E-2,-5.934374034E-2,8.103296757E-1
4.619788042E0,9.152493626E-2,-6.416539848E-2,8.139843345E-1
4.629834042E0,2.259263247E-1,4.318178073E-2,7.971453071E-1
4.639880042E0,4.192912579E-1,2.356106192E-1,7.811176181E-1
4.649927042E0,6.178507805E-1,4.683967829E-1,7.809760571E-1
4.659973042E0,7.574225068E-1,7.176817060E-1,8.009386063E-1
4.670019042E0,8.191124797E-1,9.371834397E-1,8.171627522E-1
4.680065042E0,7.930361032E-1,1.105916858E0,8.113014102E-1
4.690112042E0,6.900230646E-1,1.214107990E0,7.911088467E-1
4.700158042E0,5.172054768E-1,1.239337206E0,7.738854289E-1
4.710204042E0,3.112152517E-1,1.206737041E0,7.555788755E-1
4.720250042E0,9.874743968E-2,1.134105921E0,7.555964589E-1
4.730297042E0,-9.146761894E-2,1.034045935E0,7.824584842E-1
4.740343042E0,-2.419905514E-1,9.256092906E-1,8.261324763E-1
4.750389042E0,-3.410955369E-1,8.284041882E-1,8.761605024E-1
4.760435042E0,-3.871535957E-1,7.462952137E-1,9.356230497E-1
4.770482042E0,-3.996685743E-1,6.475313306E-1,9.923297167E-1
4.780528042E0,-3.901586831E-1,5.331901312E-1,1.042068005E0
4.790574042E0,-3.676780760E-1,4.085228145E-1,1.061922669E0
4.800620042E0,-3.282702267E-1,2.901831269E-1,1.052637219E0
4.810667042E0,-2.726748586E-1,2.063864619E-1,1.025964499E0
4.820713042E0,-2.107694149E-1,1.680949926E-1,9.975878000E-1
4.830759042E0,-1.535694152E-1,1.747763902E-1,9.797625542E-1
4.840805042E0,-1.089731678E-1,2.075923979E-1,9.790887833E-1
4.850852042E0,-7.777500898E-2,2.612793148E-1,9.791003466E-1
4.860898042E0,-6.981988251E-2,3.199847043E-1,9.753388762E-1
4.870944042E0,-7.782376558E-2,3.774418235E-1,9.681949019E-1
4.880990042E0,-9.553484619E-2,4.172390103E-1,9.591393471E-1
4.891037042E0,-1.049432009E-1,4.418601096E-1,9.539653063E-1
4.901083042E0,-1.025117338E-1,4.571916461E-1,9.533759356E-1
4.911129042E0,-8.615745604E-2,4.502094388E-1,9.557145238E-1
4.921175042E0,-5.892317370E-2,4.157803655E-1,9.530090094E-1
4.931222042E0,-2.083993517E-2,3.657695651E-1,9.505702257E-1
4.941268042E0,2.628363483E-2,2.922327518E-1,9.448641539E-1
4.951314042E0,7.973623276E-2,1.997086704E-1,9.318611026E-1
4.961360042E0,1.279567629E-1,1.018484309E-1,9.065775871E-1
4.971407042E0,1.717883348E-1,3.148146672E-3,8.777946830E-1
4.981453042E0,2.022612840E-1,-9.068726748E-2,8.504157662E-1
4.991499042E0,2.120709568E-1,-1.683184803E-1,8.291935325E-1
5.001545042E0,2.216516733E-1,-2.194793969E-1,8.123921752E-1
5.011592042E0,2.284566611E-1,-2.521457672E-1,7.893266082E-1
5.021638042E0,2.505534589E-1,-2.674677372E-1,7.611117363E-1
5.031684042E0,3.004180193E-1,-2.405452579E-1,7.196930051E-1
5.041730042E0,3.702059090E-1,-1.836207211E-1,6.687624454E-1
5.051777042E0,4.408705831E-1,-1.236499846E-1,6.157656312E-1
5.061823042E0,4.898005724E-1,-8.199095726E-2,5.538407564E-1
5.071869042E0,5.042666793E-1,-6.504943967E-2,4.858400226E-1
5.081915042E0,4.810859561E-1,-4.360193759E-2,4.187400937E-1
5.091962042E0,4.266381860E-1,-2.051546425E-2,3.688270748E-1
5.102008042E0,3.598522246E-1,1.499166247E-2,3.380382657E-1
5.112054042E0,3.010963202E-1,7.231033593E-2,3.100108206E-1
5.122100042E0,2.593241036E-1,1.471992135E-1,2.756565809E-1
5.132146042E0,2.201907486E-1,2.175532877E-1,2.377273589E-1
5.142193042E0,1.329631656E-1,2.068125010E-1,2.046000361E-1
5.152239042E0,-2.913741581E-2,6.957602501E-2,1.767054051E-1
5.162285042E0,-2.465552241E-1,-1.618286967E-1,1.323808283E-1
5.172331042E0,-4.575480223E-1,-4.039876759E-1,9.247393161E-2
5.182378042E0,-6.221547723E-1,-5.432782173E-1,6.706098467E-2
5.192424042E0,-7.160299420E-1,-5.066425800E-1,4.956527054E-2
5.202470042E0,-7.294232845E-1,-3.152649105E-1,5.290860310E-2
5.212516042E0,-6.346299052E-1,1.093773637E-2,7.985524833E-2
5.222563042E0,-4.392023981E-1,4.103522301E-1,1.257566959E-1
5.232609042E0,-1.839819551E-1,7.783690691E-1,1.798699051E-1
5.242655042E0,6.463105232E-2,9.792622328E-1,2.373459935E-1
5.252701042E0,2.790064514E-1,1.008513570E0,2.909795642E-1
5.262748042E0,4.371380210E-1,9.120021462E-1,3.361747563E-1
5.272794042E0,5.282369852E-1,7.170034051E-1,3.658453226E-1
5.282840042E0,5.752324462E-1,4.728426635E-1,3.919725418E-1
5.292886042E0,5.909489393E-1,2.179718316E-1,4.107020199E-1
5.302933042E0,5.766152740E-1,-5.043146200E-3,4.276389182E-1
5.312979042E0,5.297624469E-1,-1.743275523E-1,4.375854731E-1
5.323025042E0,4.657357931E-1,-2.810630500E-1,4.479464889E-1
5.333071042E0,3.824621439E-1,-3.179117739E-1,4.641802013E-1
5.343117042E0,2.917490304E-1,-2.926562428E-1,4.752408266E-1
5.353164042E0,2.145995051E-1,-1.989257932E-1,4.678628147E-1
5.363210042E0,1.680788845E-1,-6.579302996E-2,4.444269836E-1
5.373256042E0,1.451223344E-1,7.325285673E-2,4.089000523E-1
5.383302042E0,1.369006336E-1,2.001807094E-1,3.697180450E-1
5.393349042E0,1.352196038E-1,3.193590343E-1,3.242622912E-1
5.403395042E0,1.333404779E-1,4.229719639E-1,2.836924791E-1
5.413441042E0,1.303718388E-1,5.131508708E-1,2.567278445E-1
5.423487042E0,1.118647382E-1,5.801488161E-1,2.422445267E-1
5.433534042E0,8.276599646E-2,6.264457107E-1,2.333997488E-1
5.443580042E0,5.119875073E-2,6.537295580E-1,2.220267206E-1
5.453626042E0,3.157986701E-2,6.706652641E-1,2.180193067E-1
5.463672042E0,1.114037167E-2,6.724693179E-1,2.231243104E-1
5.473719042E0,-4.174867179E-3,6.564090252E-1,2.400119454E-1
5.483765042E0,-1.311376784E-2,6.294085383E-1,2.610605061E-1
5.493811042E0,-2.461219020E-2,5.833223462E-1,2.733814418E-1
5.503856292E0,-3.663982451E-2,5.179736614E-1,2.753338218E-1
5.513902292E0,-4.320355877E-2,4.375944734E-1,2.714527249E-1
5.523949292E0,-4.661853239E-2,3.482118547E-1,2.635167539E-1
5.533995292E0,-4.650485888E-2,2.589656413E-1,2.528747916E-1
5.544041292E0,-5.136938766E-2,1.808932275E-1,2.465918660E-1
5.554087292E0,-6.547106802E-2,1.211089715E-1,2.440973967E-1
5.564134292E0,-8.934391290E-2,8.229446411E-2,2.345054895E-1
5.574180292E0,-1.108216718E-1,6.351167709E-2,2.364223301E-1
5.584226292E0,-1.171623915E-1,6.009484455E-2,2.548530102E-1
5.594272292E0,-9.977535903E-2,7.892329991E-2,2.792615592E-1
5.604319292E0,-5.026719719E-2,1.139534563E-1,3.048199117E-1
5.614365292E0,1.792631298E-2,1.491850168E-1,3.215280771E-1
5.624411292E0,9.220666438E-2,1.827046275E-1,3.211267591E-1
5.634457292E0,1.593221575E-1,1.923796833E-1,2.998133302E-1
5.644503292E0,2.030720413E-1,1.752070785E-1,2.806987464E-1
5.654550292E0,2.184580117E-1,1.314516664E-1,2.772572935E-1
5.664596292E0,2.074383944E-1,6.321375817E-2,2.870827615E-1
5.674642292E0,1.638725847E-1,-2.532854304E-2,2.902816534E-1
5.684688292E0,7.799656689E-2,-1.398295462E-1,2.875881195E-1
5.694735292E0,-4.278881475E-2,-2.610603273E-1,2.971662879E-1
5.704781292E0,-1.520324796E-1,-3.568787277E-1,3.353235126E-1
5.714827292E0,-1.873015910E-1,-3.681374192E-1,3.942342699E-1
5.724873292E0,-1.363920718E-1,-2.495761365E-1,4.566510320E-1
5.734920292E0,-5.279719085E-2,-7.492636889E-2,4.988336861E-1
5.744966292E0,4.083671141E-3,6.047113985E-2,5.161362290E-1
5.755012292E0,-1.931554521E-3,1.318258345E-1,5.111568570E-1
5.765058292E0,-4.521244764E-2,1.756156683E-1,4.978122413E-1
5.775104292E0,-7.192429900E-2,2.638983130E-1,4.941120446E-1
5.785151292E0,-6.120081246E-2,4.276808500E-1,5.030373335E-1
5.795197292E0,2.403910039E-3,6.291424036E-1,5.160623193E-1
5.805243292E0,1.066874340E-1,8.209145069E-1,5.302835703E-1
5.815289292E0,2.268418372E-1,9.678592682E-1,5.568513870E-1
5.825336292E0,3.207840621E-1,1.048381925E0,5.916717052E-1
5.835382292E0,3.670293689E-1,1.053746939E0,6.179253459E-1
5.845428292E0,3.674658835E-1,9.934990406E-1,6.328225732E-1
5.855474292E0,3.360336721E-1,8.741458058E-1,6.482071877E-1
5.865520292E0,2.861255109E-1,7.116839290E-1,6.707069278E-1
5.875567292E0,2.409271151E-1,5.377584696E-1,6.980552077E-1
5.885613292E0,2.078152299E-1,3.701005578E-1,7.264056206E-1
5.895659292E0,2.032203674E-1,2.367953509E-1,7.495583892E-1
5.905705292E0,2.286373228E-1,1.388818324E-1,7.662079334E-1
5.915752292E0,2.814950943E-1,7.348538190E-2,7.818468809E-1
5.925798292E0,3.369258642E-1,2.336655930E-2,7.964026928E-1
5.935844292E0,3.828675449E-1,-7.159315050E-3,7.955137491E-1
5.945890292E0,4.131141305E-1,-5.719859619E-4,7.717865705E-1
5.955936292E0,4.149898589E-1,3.296791762E-2,7.272717357E-1
5.965983292E0,3.890789151E-1,9.575513005E-2,6.668837667E-1
5.976029292E0,3.382735252E-1,1.827462316E-1,6.027332544E-1
5.986075292E0,2.657511234E-1,2.887283266E-1,5.432468057E-1
5.996121292E0,1.811970621E-1,3.987065852E-1,5.011332035E-1
6.006168292E0,9.924920648E-2,4.983498156E-1,4.766105711E-1
6.016214292E0,2.687542513E-2,5.744518042E-1,4.675335884E-1
6.026260292E0,-2.657475136E-2,6.120005250E-1,4.570575058E-1
6.036306292E0,-5.990707502E-2,6.141840219E-1,4.422875643E-1
6.046352292E0,-7.510067523E-2,5.843558311E-1,4.247866273E-1
6.056399292E0,-7.936492562E-2,5.215869546E-1,4.059846997E-1
6.066445292E0,-8.279268444E-2,4.429608285E-1,3.844578266E-1
6.076491292E0,-9.125805646E-2,3.651398122E-1,3.593368530E-1
6.086537292E0,-9.358406067E-2,3.016756177E-1,3.359660208E-1
6.096584292E0,-1.023615897E-1,2.336691469E-1,3.180122375E-1
6.106630292E0,-1.144544706E-1,1.656876951E-1,2.999197841E-1
6.116676292E0,-1.259021908E-1,1.098493934E-1,2.768598795E-1
6.126722292E0,-1.364475191E-1,5.210886523E-2,2.465520203E-1
6.136768292E0,-1.486149132E-1,7.232913747E-3,2.168861479E-1
6.146815292E0,-1.698504239E-1,-2.792853490E-2,1.921682954E-1
6.156861292E0,-1.938228756E-1,-4.836340621E-2,1.679712981E-1
6.166907292E0,-2.052723318E-1,-6.332717836E-2,1.460287124E-1
6.176953292E0,-1.964261085E-1,-7.115119696E-2,1.268708110E-1
6.187000292E0,-1.632503122E-1,-7.527909428E-2,1.045894697E-1
6.197046292E0,-1.065477431E-1,-8.423782140E-2,6.755069643E-2
6.207092292E0,-3.820543736E-2,-1.102100313E-1,2.623734251E-2
6.217138292E0,2.644912340E-2,-1.577831358E-1,-1.532922313E-2
6.227184292E0,9.084702283E-2,-2.202758044E-1,-6.040961668E-2
6.237231292E0,1.442600936E-1,-2.979499102E-1,-1.034415290E-1
6.247277292E0,1.512631476E-1,-3.787321150E-1,-1.412581503E-1
6.257323292E0,1.097804680E-1,-4.416470528E-1,-1.684095412E-1
6.267369292E0,3.294960037E-2,-4.454612136E-1,-1.986324340E-1
6.277416292E0,-5.377239361E-2,-3.686184585E-1,-2.290587574E-1
6.287462292E0,-1.573038399E-1,-2.853874862E-1,-2.564198077E-1
6.297508292E0,-2.948572934E-1,-2.764671445E-1,-2.815437019E-1
6.307554292E0,-4.493845403E-1,-3.198407292E-1,-3.075318933E-1
6.317600292E0,-5.907627344E-1,-3.550477922E-1,-3.302214742E-1
6.327647292E0,-7.033950090E-1,-3.287176490E-1,-3.510303497E-1
6.337693292E0,-7.814558744E-1,-2.259155959E-1,-3.730200529E-1
6.347739292E0,-8.100659251E-1,-5.811167881E-2,-3.880815506E-1
6.357785292E0,-7.764710784E-1,1.371498108E-1,-3.856270015E-1
6.367831292E0,-6.736677289E-1,3.381532431E-1,-3.563476801E-1
6.377878292E0,-4.972127080E-1,4.855447114E-1,-2.945095301E-1
6.387924292E0,-2.863350809E-1,5.428972244E-1,-2.167516053E-1
6.397970292E0,-6.368540972E-2,4.977992177E-1,-1.465540826E-1
6.408016292E0,1.474137753E-1,3.494518101E-1,-9.410764277E-2
6.418063292E0,3.194906414E-1,1.208231077E-1,-6.179166213E-2
6.428109292E0,4.197807610E-1,-1.406084895E-1,-4.677676037E-2
6.438155292E0,4.455273747E-1,-3.786609173E-1,-4.123487324E-2
6.448201292E0,4.066452384E-1,-5.454296470E-1,-3.679591790E-2
6.458247292E0,3.208696544E-1,-6.211771369E-1,-3.104500473E-2
6.468294292E0,2.158266008E-1,-5.992846489E-1,-2.570643276E-2
6.478340292E0,1.124566570E-1,-4.868977666E-1,-2.204716951E-2
6.488386292E0,2.114192210E-2,-3.156671822E-1,-2.415931970E-2
6.498432167E0,-3.791988641E-2,-1.264365017E-1,-5.236385763E-2
6.508478167E0,-5.910426751E-2,5.353913084E-2,-9.325429797E-2
6.518525167E0,-4.703169316E-2,1.956498474E-1,-1.346722245E-1
6.528571167E0,-2.621242777E-2,2.842364311E-1,-1.558733732E-1
6.538617167E0,7.098565809E-3,3.290016353E-1,-1.633694768E-1
6.548663167E0,4.748220742E-2,3.515974879E-1,-1.595049649E-1
6.558709167E0,8.584654331E-2,3.592649400E-1,-1.528160423E-1
6.568756167E0,1.135892272E-1,3.548076153E-1,-1.498189270E-1
6.578802167E0,1.345596462E-1,3.541876674E-1,-1.412528902E-1
6.588848167E0,1.476256400E-1,3.434349000E-1,-1.333795190E-1
6.598894167E0,1.551107019E-1,3.223331869E-1,-1.201799884E-1
6.608941167E0,1.543200165E-1,2.931175232E-1,-1.016702205E-1
6.618987167E0,1.537961215E-1,2.604852617E-1,-8.732987940E-2
6.629033167E0,1.546992064E-1,2.292088270E-1,-8.024640381E-2
6.639079167E0,1.514818370E-1,2.080947459E-1,-7.706765831E-2
6.649125167E0,1.355619878E-1,1.959685832E-1,-7.895770669E-2
6.659172167E0,9.047955275E-2,1.788381189E-1,-8.769311011E-2
6.669218167E0,2.235482447E-2,1.650754362E-1,-1.028073505E-1
6.679264167E0,-6.410045922E-2,1.520495862E-1,-1.174741089E-1
6.689310167E0,-1.599249989E-1,1.390863955E-1,-1.207143664E-1
6.699356167E0,-2.420689017E-1,1.231892407E-1,-1.186215654E-1
6.709403167E0,-2.945619226E-1,1.215974689E-1,-1.172460392E-1
6.719449167E0,-3.267643750E-1,1.322691292E-1,-1.159146130E-1
6.729495167E0,-3.330355883E-1,1.553483605E-1,-1.103707105E-1
6.739541167E0,-3.115096688E-1,1.826380789E-1,-8.981469274E-2
6.749587167E0,-2.566573322E-1,2.087519616E-1,-5.608576164E-2
6.759634167E0,-1.840294302E-1,2.176550925E-1,-1.325214095E-2
6.769680167E0,-9.510754049E-2,2.046277225E-1,3.086525202E-2
6.779726167E0,-1.520924736E-2,1.670113504E-1,6.967443228E-2
6.789772167E0,4.320745543E-2,1.168208942E-1,1.021325067E-1
6.799818167E0,6.102185324E-2,6.648585200E-2,1.209256724E-1
6.809865167E0,2.903755195E-2,1.491187420E-2,1.311594099E-1
6.819911167E0,-6.015710905E-2,-3.801986575E-2,1.538584083E-1
6.829957167E0,-1.783212870E-1,-8.587394655E-2,1.989989877E-1
6.840003167E0,-2.869273126E-1,-9.389320016E-2,2.688053846E-1
6.850050167E0,-3.378559947E-1,-5.299743265E-2,3.471230865E-1
6.860096167E0,-3.386120796E-1,-1.887444407E-2,4.187573493E-1
6.870142167E0,-3.096209168E-1,-4.548608139E-2,4.713070989E-1
6.880188167E0,-2.563088238E-1,-1.237759441E-1,5.026203990E-1
6.890234167E0,-1.815105081E-1,-2.072689831E-1,5.195927620E-1
6.900281167E0,-8.974811435E-2,-2.490799576E-1,5.275327563E-1
6.910327167E0,2.710153535E-2,-2.155792564E-1,5.301421285E-1
6.920373167E0,1.729834527E-1,-1.101846918E-1,5.277312398E-1
6.930419167E0,3.452337682E-1,5.907730758E-2,5.279943943E-1
6.940465167E0,5.086424351E-1,2.452215999E-1,5.380511284E-1
6.950512167E0,6.194238067E-1,3.884096444E-1,5.493493080E-1
6.960558167E0,6.711736321E-1,4.712103903E-1,5.452167392E-1
6.970604167E0,6.729909778E-1,4.986409545E-1,5.332881808E-1
6.980650167E0,6.141379476E-1,4.692464769E-1,5.312985778E-1
6.990696167E0,5.059020519E-1,3.891510963E-1,5.365908146E-1
7.000743167E0,3.651818633E-1,2.909868062E-1,5.359344482E-1
7.010789167E0,2.176267654E-1,2.064737678E-1,5.254163146E-1
7.020835167E0,9.263802320E-2,1.435027122E-1,5.176298618E-1
7.030881167E0,1.756377704E-2,9.188479185E-2,5.233336091E-1
7.040927167E0,-2.083532745E-3,4.987072572E-2,5.328357816E-1
7.050974167E0,8.010646328E-3,1.423363574E-2,5.470112562E-1
7.061020167E0,3.371762112E-2,1.380577334E-3,5.562632084E-1
7.071066167E0,5.780538172E-2,2.070447430E-2,5.502183437E-1
7.081112167E0,7.096388936E-2,7.532329857E-2,5.271264911E-1
7.091158167E0,5.558040366E-2,1.591705233E-1,4.919336140E-1
7.101205167E0,1.596268825E-2,2.598734200E-1,4.499403536E-1
7.111251167E0,-3.749068454E-2,3.616053760E-1,4.131511748E-1
7.121297167E0,-8.919153363E-2,4.585558772E-1,3.875760734E-1
7.131343167E0,-1.352056265E-1,5.349020362E-1,3.742666543E-1
7.141389167E0,-1.638792604E-1,5.792604685E-1,3.642056584E-1
7.151436167E0,-1.631048173E-1,5.912316442E-1,3.549682200E-1
7.161482167E0,-1.431684792E-1,5.668314695E-1,3.534364700E-1
7.171528167E0,-1.203819364E-1,5.071558952E-1,3.589806557E-1
7.181574167E0,-9.840133786E-2,4.223739803E-1,3.706446290E-1
7.191620167E0,-8.147482574E-2,3.218654692E-1,3.862001300E-1
7.201667167E0,-7.569897175E-2,2.085807472E-1,4.005866945E-1
7.211713167E0,-7.540363073E-2,9.928275645E-2,4.082270265E-1
7.221759167E0,-7.703446597E-2,5.705300719E-3,3.975613117E-1
7.231805167E0,-8.427426964E-2,-6.837318838E-2,3.785255849E-1
7.241851167E0,-1.070662290E-1,-1.313709319E-1,3.523426354E-1
7.251897167E0,-1.476386786E-1,-1.837675720E-1,3.190286160E-1
7.261944167E0,-1.798647046E-1,-2.140224576E-1,2.796006501E-1
7.271990167E0,-1.962319613E-1,-2.262279987E-1,2.347240150E-1
7.282036167E0,-1.860654354E-1,-2.237131447E-1,1.865071654E-1
7.292082167E0,-1.375064105E-1,-2.078566849E-1,1.450755596E-1
7.302128167E0,-7.314341515E-2,-2.035833448E-1,1.080702841E-1
7.312175167E0,-1.358075254E-2,-2.237924784E-1,7.414374501E-2
7.322221167E0,4.803070799E-2,-2.619445324E-1,3.752528504E-2
7.332267167E0,1.045784056E-1,-3.097895384E-1,-2.752895467E-3
7.342313167E0,1.394477636E-1,-3.731614053E-1,-4.478755966E-2
7.352359167E0,1.434550285E-1,-4.603421092E-1,-8.992654085E-2
7.362406167E0,1.201444566E-1,-5.500870943E-1,-1.362355500E-1
7.372452167E0,6.490570307E-2,-6.182690859E-1,-1.879799664E-1
7.382498167E0,3.361473558E-3,-6.291975379E-1,-2.389788330E-1
7.392544167E0,-6.472411007E-2,-5.681768060E-1,-2.996962368E-1
7.402590167E0,-1.625661552E-1,-4.830310047E-1,-3.720416725E-1
7.412637167E0,-3.118166327E-1,-4.491476119E-1,-4.598311782E-1
7.422683167E0,-5.108008385E-1,-4.662277997E-1,-5.504630804E-1
7.432729167E0,-7.265381813E-1,-5.002515912E-1,-6.215113997E-1
7.442775167E0,-9.133530855E-1,-5.023746490E-1,-6.708953977E-1
7.452821167E0,-1.035840631E0,-4.228939116E-1,-7.106302977E-1
7.462868167E0,-1.079310179E0,-2.626520395E-1,-7.366988063E-1
7.472914167E0,-1.031619906E0,-5.504610762E-2,-7.417125106E-1
7.482960167E0,-8.731064200E-1,1.564659327E-1,-7.092801332E-1
7.493006167E0,-6.201828718E-1,3.621373177E-1,-6.515401602E-1
7.503052667E0,-3.107953668E-1,4.948987365E-1,-5.695923567E-1
7.513099667E0,1.566821709E-2,5.290939212E-1,-4.877951741E-1
7.523145667E0,3.079444468E-1,5.062822104E-1,-4.109617770E-1
7.533191667E0,5.428440571E-1,3.906888068E-1,-3.415451348E-1
7.543237667E0,7.161125541E-1,1.878416985E-1,-2.761149108E-1
7.553283667E0,8.202147484E-1,-5.052346364E-2,-2.215930670E-1
7.563330667E0,8.560157418E-1,-2.684336603E-1,-1.756635606E-1
7.573376667E0,8.393222094E-1,-4.409739971E-1,-1.339166462E-1
7.583422667E0,7.920835018E-1,-5.504446030E-1,-9.337224811E-2
7.593468667E0,7.236061692E-1,-6.005104184E-1,-5.566029251E-2
7.603514667E0,6.548773050E-1,-5.982996821E-1,-2.921058238E-2
7.613560667E0,6.023216844E-1,-5.433442593E-1,-3.064629249E-2
7.623607667E0,5.614092946E-1,-4.382198155E-1,-6.054254621E-2
7.633653667E0,5.239218473E-1,-2.943803668E-1,-1.021776125E-1
7.643699667E0,4.723429680E-1,-1.407274604E-1,-1.476371139E-1
7.653745667E0,4.012120664E-1,2.439784631E-2,-1.787473708E-1
7.663791667E0,3.184870183E-1,1.894522607E-1,-2.049865574E-1
7.673838667E0,2.311726063E-1,3.402862251E-1,-2.236169726E-1
7.683884667E0,1.409518272E-1,4.708636105E-1,-2.381746322E-1
7.693930667E0,6.560140848E-2,5.720440745E-1,-2.423147857E-1
7.703976667E0,1.215611119E-2,6.317803264E-1,-2.381796241E-1
7.714022667E0,-2.581950091E-2,6.372017264E-1,-2.212248743E-1
7.724069667E0,-4.476202279E-2,6.046271324E-1,-1.924833655E-1
7.734115667E0,-3.756003454E-2,5.522273183E-1,-1.555730104E-1
7.744161667E0,-9.239808656E-3,4.862861633E-1,-1.225305572E-1
7.754207667E0,3.082531877E-2,4.121799767E-1,-9.413512796E-2
7.764253667E0,6.645264477E-2,3.440256715E-1,-7.755023241E-2
7.774299667E0,7.824325562E-2,2.811329961E-1,-7.068912685E-2
7.784346667E0,5.524277315E-2,2.165453434E-1,-6.562177092E-2
7.794392667E0,2.534023719E-3,1.517098844E-1,-6.534453481E-2
7.804438667E0,-7.619071007E-2,9.005134553E-2,-7.270328701E-2
7.814484667E0,-1.675824076E-1,4.094292223E-2,-7.598057389E-2
7.824530667E0,-2.636314332E-1,5.442797206E-3,-7.982557267E-2
7.834577667E0,-3.509591520E-1,-1.767237671E-2,-8.262748271E-2
7.844623667E0,-4.142729640E-1,-2.304643765E-2,-7.315677404E-2
7.854669667E0,-4.526288509E-1,-8.767631836E-3,-5.293352902E-2
7.864715667E0,-4.547137916E-1,1.812337711E-2,-1.857971959E-2
7.874761667E0,-4.210724831E-1,5.037958175E-2,2.488386817E-2
7.884807667E0,-3.463999331E-1,8.763599396E-2,6.534809619E-2
7.894854667E0,-2.463968843E-1,1.052067280E-1,9.187504649E-2
7.904900667E0,-1.358596385E-1,1.054845378E-1,1.083419025E-1
7.914946667E0,-5.100279674E-2,8.260771632E-2,1.266396791E-1
7.924992667E0,-1.251408923E-2,4.435074702E-2,1.486238539E-1
7.935038667E0,-1.887478493E-2,1.079171989E-2,1.741481274E-1
7.945085667E0,-5.954675749E-2,-7.413408719E-3,2.188189924E-1
7.955131667E0,-1.259513497E-1,-1.911507174E-2,2.820227146E-1
7.965177667E0,-1.958761662E-1,-6.409230642E-3,3.419581652E-1
7.975223667E0,-2.448341250E-1,1.232557464E-2,3.919222951E-1
7.985269667E0,-2.926298678E-1,-3.134494275E-2,4.238807559E-1
7.995316667E0,-3.211440742E-1,-1.067856401E-1,4.363885522E-1
8.005362667E0,-3.019253910E-1,-1.601325572E-1,4.341631234E-1
8.015408667E0,-2.416793555E-1,-1.610034108E-1,4.280948341E-1
8.025454667E0,-1.550204456E-1,-8.857145160E-2,4.277262688E-1
8.035500667E0,-4.548915103E-2,4.126883671E-2,4.324515164E-1
8.045546667E0,7.849572599E-2,1.832679510E-1,4.471388459E-1
8.055593667E0,2.266718745E-1,3.489296138E-1,4.671317339E-1
8.065639667E0,3.688905239E-1,4.977575243E-1,4.993551672E-1
8.075685667E0,4.741738141E-1,6.097980738E-1,5.226801634E-1
8.085731667E0,5.367689729E-1,6.594058275E-1,5.365676284E-1
8.095777667E0,5.390824676E-1,6.306618452E-1,5.431680083E-1
8.105823667E0,4.867105484E-1,5.365647078E-1,5.603772402E-1
8.115870667E0,4.062641859E-1,3.969703615E-1,5.813485384E-1
8.125916667E0,3.196938634E-1,2.364505529E-1,6.025261879E-1
8.135962667E0,2.537148297E-1,9.431631118E-2,6.141407490E-1
8.146008667E0,2.255851924E-1,-9.052876383E-3,6.185126305E-1
8.156054667E0,2.304302901E-1,-7.332960516E-2,6.272534132E-1
8.166101667E0,2.615732849E-1,-1.234935075E-1,6.395704746E-1
8.176147667E0,3.006658256E-1,-1.516993195E-1,6.485500932E-1
8.186193667E0,3.385174274E-1,-1.588848233E-1,6.419665217E-1
8.196239667E0,3.616728187E-1,-1.402948946E-1,6.243774295E-1
8.206285667E0,3.603966534E-1,-8.585285395E-2,5.959894061E-1
8.216331667E0,3.326667547E-1,-5.190237425E-3,5.544244051E-1
8.226378667E0,2.783939838E-1,9.715970606E-2,5.019403696E-1
8.236424667E0,2.045418769E-1,2.118540555E-1,4.550224245E-1
8.246470667E0,1.216516048E-1,3.195563555E-1,4.160556197E-1
8.256516667E0,3.500486538E-2,4.125800431E-1,3.883459568E-1
8.266562667E0,-5.251042172E-2,4.787614942E-1,3.717959523E-1
8.276608667E0,-1.099063382E-1,5.152105689E-1,3.607933819E-1
8.286655667E0,-1.396950334E-1,5.257744193E-1,3.603609502E-1
8.296701667E0,-1.443518400E-1,5.118119717E-1,3.621271849E-1
8.306747667E0,-1.362797171E-1,4.617492557E-1,3.717496991E-1
8.316793667E0,-1.207907721E-1,3.843396604E-1,3.758760095E-1
8.326839667E0,-1.070926264E-1,2.891626656E-1,3.708603382E-1
8.336886667E0,-9.885919839E-2,1.849760860E-1,3.622618020E-1
8.346932667E0,-1.014001146E-1,7.864537835E-2,3.477327824E-1
8.356978667E0,-1.186640561E-1,-1.421212405E-2,3.223744333E-1
8.367024667E0,-1.454893649E-1,-9.423857182E-2,2.870687544E-1
8.377070667E0,-1.766368896E-1,-1.617592871E-1,2.543669939E-1
8.387116667E0,-1.944474131E-1,-1.876267195E-1,2.274008095E-1
8.397163667E0,-1.949198693E-1,-1.811081022E-1,2.084140629E-1
8.407209667E0,-1.807774156E-1,-1.520423591E-1,1.898044348E-1
8.417255667E0,-1.489409208E-1,-1.142449155E-1,1.678171009E-1
8.427301667E0,-1.036266983E-1,-8.048348874E-2,1.331824362E-1
8.437347667E0,-5.535130948E-2,-6.777408719E-2,9.007997066E-2
8.447393667E0,-2.430478483E-2,-7.674015313E-2,4.176959395E-2
8.457440667E0,-1.352963597E-2,-1.066905931E-1,-1.009828411E-3
8.467486667E0,-3.184660152E-2,-1.510338932E-1,-4.976024851E-2
8.477532667E0,-8.128578961E-2,-2.049482465E-1,-9.579405189E-2
8.487578667E0,-1.689997613E-1,-2.716358900E-1,-1.345984638E-1
8.497624375E0,-2.738204598E-1,-3.238564730E-1,-1.652900726E-1
8.507671375E0,-3.735670149E-1,-3.277996480E-1,-1.952363551E-1
8.517717375E0,-4.450574219E-1,-2.773151696E-1,-2.168292701E-1
8.527763375E0,-5.008091331E-1,-2.061368525E-1,-2.246685177E-1
8.537809375E0,-5.665168166E-1,-2.219144702E-1,-2.150875330E-1
8.547855375E0,-6.414497495E-1,-3.416399658E-1,-2.130329460E-1
8.557901375E0,-6.909885406E-1,-4.790558815E-1,-2.079732120E-1
8.567948375E0,-6.875038743E-1,-5.741607547E-1,-1.927587539E-1
8.577994375E0,-6.247462034E-1,-5.868523121E-1,-1.685434282E-1
8.588040375E0,-5.122870803E-1,-5.094018579E-1,-1.429031342E-1
8.598086375E0,-3.681589365E-1,-3.828912675E-1,-1.048550680E-1
8.608132375E0,-2.104073912E-1,-2.432369888E-1,-4.875946417E-2
8.618178375E0,-7.223672420E-2,-8.438662440E-2,1.594070345E-2
8.628225375E0,2.149819583E-2,8.666761965E-2,6.324362755E-2
8.638271375E0,9.848858416E-2,2.307472974E-1,9.736111760E-2
8.648317375E0,1.816433966E-1,3.090536892E-1,1.282043755E-1
8.658363375E0,2.725962102E-1,2.988564372E-1,1.549763381E-1
8.668409375E0,3.549340367E-1,2.055612206E-1,1.725813746E-1
8.678455375E0,4.168994129E-1,5.452164635E-2,1.875709742E-1
8.688502375E0,4.648366868E-1,-1.078968793E-1,1.974140406E-1
8.698548375E0,5.007166266E-1,-2.407641262E-1,1.948930919E-1
8.708594375E0,5.147811770E-1,-3.115736842E-1,1.843922287E-1
8.718640375E0,5.078156590E-1,-2.908862531E-1,1.737158895E-1
8.728686375E0,4.784237444E-1,-1.939355880E-1,1.606630385E-1
8.738732375E0,4.366683066E-1,-4.764681682E-2,1.315317899E-1
8.748779375E0,3.973149657E-1,1.338536590E-1,8.665616810E-2
8.758825375E0,3.655000627E-1,3.108398914E-1,4.391216487E-2
8.768871375E0,3.443472683E-1,4.557305276E-1,5.273628980E-3
8.778917375E0,3.335891664E-1,5.686379075E-1,-2.292072400E-2
8.788963375E0,3.260258734E-1,6.418042183E-1,-3.544281051E-2
8.799009375E0,3.089821935E-1,6.850449443E-1,-4.180776700E-2
8.809056375E0,2.820411921E-1,6.579287648E-1,-4.425046593E-2
8.819102375E0,2.478746921E-1,5.543909073E-1,-1.937494427E-2
8.829148375E0,1.991051137E-1,4.050194323E-1,3.331819549E-2
8.839194375E0,1.598016471E-1,2.660700679E-1,8.983393759E-2
8.849240375E0,1.521007717E-1,1.832372993E-1,1.401590109E-1
8.859286375E0,1.767089069E-1,1.643150151E-1,1.774515212E-1
8.869333375E0,2.432538569E-1,2.020126581E-1,1.794914305E-1
8.879379375E0,3.261649907E-1,2.507357299E-1,1.688305289E-1
8.889425375E0,4.043073654E-1,3.044695556E-1,1.512283087E-1
8.899471375E0,4.600603878E-1,3.437551856E-1,1.278462857E-1
8.909517375E0,4.900323749E-1,3.810724616E-1,1.085972264E-1
8.919563375E0,4.841947258E-1,4.086721241E-1,8.825786412E-2
8.929609375E0,4.450221360E-1,4.233005345E-1,7.214096934E-2
8.939656375E0,3.813574016E-1,4.159012139E-1,5.441204458E-2
8.949702375E0,3.022304177E-1,3.926393688E-1,3.949250653E-2
8.959748375E0,2.197342366E-1,3.623957038E-1,3.065267578E-2
8.969794375E0,1.454806924E-1,3.448400497E-1,2.574025840E-2
8.979840375E0,9.098548442E-2,3.594666421E-1,2.120383084E-2
8.989887375E0,6.586699188E-2,3.912388086E-1,8.912707679E-3
8.999933375E0,6.895412505E-2,4.161089957E-1,-3.125313204E-3
9.009979375E0,9.595041722E-2,4.236314297E-1,-1.370363124E-2
9.020025375E0,1.381460726E-1,4.021101594E-1,-1.465065125E-2
9.030071375E0,1.839649677E-1,3.551163375E-1,-1.050311700E-2
9.040117375E0,2.214212567E-1,2.908665240E-1,-6.714770570E-3
9.050163375E0,2.299783379E-1,2.236012816E-1,-5.371830426E-3
9.060210375E0,2.001805007E-1,1.526890397E-1,-8.960439824E-3
9.070256375E0,1.208621562E-1,7.049360871E-2,-1.234222297E-2
9.080302375E0,-8.851098828E-3,-1.317598578E-2,-9.391972795E-3
9.090348375E0,-1.655357778E-1,-8.768413961E-2,1.305851433E-2
9.100394375E0,-3.321609795E-1,-1.303730011E-1,5.612475798E-2
9.110440375E0,-4.715383351E-1,-1.572895646E-1,1.184170470E-1
9.120487375E0,-6.068269014E-1,-2.326527685E-1,1.647778898E-1
9.130533375E0,-7.395581603E-1,-3.437334597E-1,1.843632460E-1
9.140579375E0,-8.391175270E-1,-4.122730792E-1,1.837198287E-1
9.150625375E0,-8.584219813E-1,-4.044989645E-1,1.800460666E-1
9.160671375E0,-7.924618721E-1,-3.049446940E-1,1.932212561E-1
9.170717375E0,-6.592133045E-1,-1.267025620E-1,2.309188545E-1
9.180764375E0,-4.761785269E-1,1.010083705E-1,2.801710963E-1
9.190810375E0,-2.459202707E-1,3.338075876E-1,3.350100219E-1
9.200856375E0,-1.602183841E-2,5.174988508E-1,3.884088099E-1
9.210902375E0,1.611809134E-1,6.207460165E-1,4.404910505E-1
9.220948375E0,2.771208286E-1,6.421881914E-1,4.723224938E-1
9.230994375E0,3.393436968E-1,5.962024927E-1,4.826726019E-1
9.241040375E0,3.517817259E-1,5.101749301E-1,4.852422774E-1
9.251087375E0,3.218759596E-1,4.074580669E-1,4.890092909E-1
9.261133375E0,2.548186481E-1,2.935267091E-1,5.063136816E-1
9.271179375E0,1.656745523E-1,1.930274665E-1,5.343049765E-1
9.281225375E0,7.867013663E-2,1.215266511E-1,5.598471165E-1
9.291271375E0,2.042565681E-2,8.045703918E-2,5.736230612E-1
9.301317375E0,5.889858119E-3,6.691113114E-2,5.722488761E-1
9.311364375E0,1.970979944E-2,6.839238107E-2,5.686400533E-1
9.321410375E0,4.657310620E-2,7.490248233E-2,5.610332489E-1
9.331456375E0,7.823267579E-2,8.306871355E-2,5.492022634E-1
9.341502375E0,1.050877199E-1,1.002474353E-1,5.238638520E-1
9.351548375E0,1.169629395E-1,1.370084882E-1,4.868746102E-1
9.361594375E0,1.172966287E-1,1.904352307E-1,4.332971275E-1
9.371641375E0,1.029292345E-1,2.502800822E-1,3.802933991E-1
9.381687375E0,7.707286626E-2,3.133035004E-1,3.349392414E-1
9.391733375E0,4.549460858E-2,3.645552695E-1,2.928452492E-1
9.401779375E0,2.242391184E-2,4.094593823E-1,2.617283463E-1
9.411825375E0,5.980404094E-3,4.357497692E-1,2.421578467E-1
9.421871375E0,-7.825688459E-3,4.366017282E-1,2.213851810E-1
9.431917375E0,-9.853778407E-3,4.188538194E-1,1.954697818E-1
9.441964375E0,-1.643604785E-2,3.678550720E-1,1.660088301E-1
9.452010375E0,-2.928313240E-2,2.897169590E-1,1.348363757E-1
9.462056375E0,-3.733013943E-2,2.023605108E-1,1.020009369E-1
9.472102375E0,-4.904369637E-2,1.174938828E-1,6.526185572E-2
9.482148375E0,-6.977054477E-2,2.886255085E-2,2.639674954E-2
9.492194375E0,-9.484376758E-2,-3.611198813E-2,-1.333417837E-2
9.502240792E0,-1.263058186E-1,-8.503586054E-2,-5.441024154E-2
9.512287792E0,-1.648210734E-1,-1.101774946E-1,-9.184392542E-2
9.522333792E0,-2.072034180E-1,-1.277623475E-1,-1.298576146E-1
9.532379792E0,-2.415812761E-1,-1.250185966E-1,-1.635575444E-1
9.542425792E0,-2.592945099E-1,-1.218331903E-1,-1.959674060E-1
9.552471792E0,-2.645936608E-1,-1.286816299E-1,-2.256195843E-1
9.562517792E0,-2.564840615E-1,-1.485243142E-1,-2.516295910E-1
9.572564792E0,-2.455613762E-1,-1.680482924E-1,-2.799069881E-1
9.582610792E0,-2.413804829E-1,-1.972237527E-1,-3.079889715E-1
9.592656792E0,-2.336111516E-1,-2.270645797E-1,-3.431779742E-1
9.602702792E0,-2.200886905E-1,-2.436896414E-1,-3.783961535E-1
9.612748792E0,-2.029267251E-1,-2.620721459E-1,-4.143229127E-1
9.622794792E0,-1.807774901E-1,-2.788271606E-1,-4.537281096E-1
9.632840792E0,-1.551900208E-1,-2.856874168E-1,-4.839399755E-1
9.642887792E0,-1.322916299E-1,-2.771088481E-1,-5.013918877E-1
9.652933792E0,-1.130525097E-1,-2.427506745E-1,-5.131410360E-1
9.662979792E0,-1.128141582E-1,-1.889513582E-1,-5.283383727E-1
9.673025792E0,-1.602708846E-1,-1.847532392E-1,-5.513499975E-1
9.683071792E0,-2.569651902E-1,-2.393110245E-1,-5.819835067E-1
9.693117792E0,-3.831984103E-1,-3.088750243E-1,-6.168585420E-1
9.703164792E0,-4.937821925E-1,-3.534278274E-1,-6.271498203E-1
9.713210792E0,-5.490983725E-1,-3.363537490E-1,-6.038681269E-1
9.723256792E0,-5.415933132E-1,-2.674886882E-1,-5.507305861E-1
9.733302792E0,-4.757504463E-1,-1.874034405E-1,-4.933428764E-1
9.743348792E0,-3.563204408E-1,-1.171684340E-1,-4.246410429E-1
9.753394792E0,-1.903097332E-1,-7.157447934E-2,-3.443547189E-1
9.763440792E0,-3.882077988E-3,-8.041591197E-2,-2.566456497E-1
9.773487792E0,1.889316887E-1,-1.234327108E-1,-1.885652542E-1
9.783533792E0,3.667714596E-1,-2.370503545E-1,-1.405521929E-1
9.793579792E0,5.063925385E-1,-3.749589026E-1,-1.242240965E-1
9.803625792E0,5.884722471E-1,-5.022271276E-1,-1.271892637E-1
9.813671792E0,6.108371615E-1,-6.108122468E-1,-1.419536769E-1
9.823717792E0,5.892623663E-1,-6.613438725E-1,-1.640621722E-1
9.833763792E0,5.343154073E-1,-6.567727923E-1,-1.916472614E-1
9.843810792E0,4.685755670E-1,-5.973649025E-1,-2.135003507E-1
9.853856792E0,4.039840698E-1,-4.888217151E-1,-2.295596749E-1
9.863902792E0,3.469189107E-1,-3.374484181E-1,-2.496779859E-1
9.873948792E0,2.987710834E-1,-1.750622541E-1,-2.719382048E-1
9.883994792E0,2.681146264E-1,-2.198534831E-2,-2.911739647E-1
9.894040792E0,2.545169890E-1,9.388171881E-2,-3.156546652E-1
9.904086792E0,2.603535652E-1,1.739182323E-1,-3.447784483E-1
9.914133792E0,2.749047279E-1,2.255687267E-1,-3.624574542E-1
9.924179792E0,2.948049307E-1,2.593421340E-1,-3.732334077E-1
9.934225792E0,3.104970753E-1,2.821994424E-1,-3.801895082E-1
9.944271792E0,3.249394000E-1,3.092923164E-1,-3.854977190E-1
9.954317792E0,3.282211423E-1,3.310647607E-1,-3.840713799E-1
9.964363792E0,3.202769458E-1,3.521604538E-1,-3.846852481E-1
9.974409792E0,2.958212793E-1,3.461591303E-1,-3.783363998E-1
9.984456792E0,2.561822534E-1,3.302097321E-1,-3.725070059E-1
9.994502792E0,2.018116862E-1,2.955083847E-1,-3.654079139E-1
1.000454879E1,1.392106265E-1,2.530746460E-1,-3.588179052E-1
1.001459479E1,7.224242389E-2,2.180373669E-1,-3.630841672E-1
1.002464079E1,8.423497900E-3,1.832663417E-1,-3.807816803E-1
1.003468679E1,-5.763362721E-2,1.514719129E-1,-3.976222873E-1
1.004473279E1,-1.365747899E-1,1.170582771E-1,-4.154596031E-1
1.005477979E1,-2.283209562E-1,9.016610682E-2,-4.263835549E-1
1.006482579E1,-3.167434931E-1,7.988844067E-2,-4.245944321E-1
1.007487179E1,-4.118577242E-1,7.137486339E-2,-4.179393351E-1
1.008491779E1,-5.094929338E-1,6.429591775E-2,-4.024149776E-1
1.009496379E1,-5.964902043E-1,6.724649668E-2,-3.785219491E-1
1.010500979E1,-6.437897682E-1,7.993006706E-2,-3.472575247E-1
1.011505579E1,-6.508023143E-1,8.553732187E-2,-3.064216077E-1
1.012510279E1,-6.079744697E-1,7.148914784E-2,-2.598271966E-1
1.013514879E1,-5.175530910E-1,4.719791561E-2,-2.135809213E-1
1.014519479E1,-3.801246583E-1,-6.634158082E-3,-1.625150740E-1
1.015524079E1,-2.116919011E-1,-7.819902152E-2,-1.198760644E-1
1.016528679E1,-5.352783576E-2,-1.526293308E-1,-9.746342897E-2
1.017533279E1,7.009912282E-2,-2.124053240E-1,-8.410707861E-2
1.018537879E1,1.298700422E-1,-2.483888865E-1,-7.090898603E-2
1.019542579E1,1.292982846E-1,-2.585166097E-1,-6.082436070E-2
1.020547179E1,8.528368175E-2,-2.365995795E-1,-3.656402603E-2
1.021551779E1,1.123156399E-2,-1.978703737E-1,-4.792058840E-3
1.022556379E1,-8.043763041E-2,-1.416009814E-1,2.311573923E-2
1.023560979E1,-1.819363981E-1,-9.194588661E-2,3.569154441E-2
1.024565579E1,-3.003557026E-1,-1.126588881E-1,1.961616985E-2
1.025570179E1,-4.370033145E-1,-1.952913404E-1,-1.953484863E-2
1.026574879E1,-5.570713878E-1,-3.012222946E-1,-6.377448142E-2
1.027579479E1,-6.305157542E-1,-3.684019744E-1,-1.047061607E-1
1.028584079E1,-6.394924521E-1,-3.755690753E-1,-1.353479624E-1
1.029588679E1,-5.812796354E-1,-3.019805849E-1,-1.529171914E-1
1.030593279E1,-4.554734826E-1,-1.811553687E-1,-1.484548002E-1
1.031597879E1,-2.800561190E-1,-5.108451098E-2,-1.266100109E-1
1.032602479E1,-6.432728469E-2,6.893777102E-2,-8.726339787E-2
1.033607179E1,1.568717360E-1,1.613493115E-1,-4.357177764E-2
1.034611779E1,3.487863243E-1,2.148977518E-1,-5.878242664E-4
1.035616379E1,4.845040441E-1,2.182668000E-1,2.561245672E-2
1.036620979E1,5.716304183E-1,1.638954431E-1,3.558652848E-2
1.037625579E1,6.057530642E-1,6.637558341E-2,4.594955966E-2
1.038630179E1,5.772348642E-1,-4.702154547E-2,6.275437027E-2
1.039634779E1,5.076256394E-1,-1.492555290E-1,8.247311413E-2
1.040639379E1,4.238582551E-1,-2.193019837E-1,1.070586145E-1
1.041644079E1,3.510077596E-1,-2.478726357E-1,1.350037009E-1
1.042648679E1,3.057492077E-1,-2.305637002E-1,1.541952342E-1
1.043653279E1,2.829755247E-1,-1.601754874E-1,1.681202352E-1
1.044657879E1,2.601898015E-1,-6.565032899E-2,1.745837331E-1
1.045662479E1,2.372683287E-1,3.708818555E-2,1.719057560E-1
1.046667079E1,2.083634436E-1,1.247234941E-1,1.602222025E-1
1.047671679E1,1.768298447E-1,1.974946111E-1,1.316827685E-1
1.048676379E1,1.372134537E-1,2.393557727E-1,8.726364374E-2
1.049680979E1,9.182707220E-2,2.551590502E-1,3.860578686E-2
1.050685592E1,4.391680285E-2,2.465844899E-1,-3.351516556E-3
1.051690192E1,5.755821709E-3,2.222871929E-1,-3.392254934E-2
1.052694792E1,-1.896230690E-2,1.967488229E-1,-5.571040139E-2
1.053699392E1,-3.506446630E-2,1.740529239E-1,-6.080337241E-2
1.054703992E1,-4.341134802E-2,1.461158246E-1,-5.491539091E-2
1.055708692E1,-4.714883119E-2,1.119183600E-1,-4.436763376E-2
1.056713292E1,-4.993449897E-2,7.514250278E-2,-4.190873727E-2
1.057717892E1,-5.300804973E-2,2.954118885E-2,-5.031527206E-2
1.058722492E1,-5.984118953E-2,-2.390792221E-2,-6.041850522E-2
1.059727092E1,-6.643907726E-2,-7.624828815E-2,-7.823849469E-2
1.060731692E1,-7.859747857E-2,-1.140310913E-1,-9.864123911E-2
1.061736292E1,-9.037566930E-2,-1.369162500E-1,-1.187852994E-1
1.062740892E1,-1.041775048E-1,-1.581871808E-1,-1.330318749E-1
1.063745592E1,-1.197981760E-1,-1.775639802E-1,-1.508098990E-1
1.064750192E1,-1.274006963E-1,-1.913655549E-1,-1.699199378E-1
1.065754792E1,-1.190784201E-1,-2.023514360E-1,-1.866485029E-1
1.066759392E1,-9.602370113E-2,-2.057538927E-1,-2.050520033E-1
1.067763992E1,-5.451088399E-2,-1.985296309E-1,-2.233028710E-1
1.068768592E1,2.569178585E-3,-1.922999620E-1,-2.487688214E-1
1.069773192E1,7.544790208E-2,-1.942501366E-1,-2.800093889E-1
1.070777892E1,1.433907300E-1,-2.042955756E-1,-3.150845468E-1
1.071782492E1,1.873775572E-1,-2.279312462E-1,-3.499208689E-1
1.072787092E1,2.021426558E-1,-2.584276497E-1,-3.954665065E-1
1.073791692E1,1.967837811E-1,-2.755210698E-1,-4.393897951E-1
1.074796292E1,1.704813391E-1,-2.707502842E-1,-4.796773195E-1
1.075800892E1,1.260789782E-1,-2.343565077E-1,-5.142906904E-1
1.076805492E1,7.021917403E-2,-1.880476028E-1,-5.439247489E-1
1.077810092E1,1.550041791E-2,-1.419046372E-1,-5.724024773E-1
1.078814792E1,-9.374039248E-3,-9.059510380E-2,-5.925261378E-1
1.079819392E1,3.359613707E-3,-2.527661249E-2,-6.024236679E-1
1.080823992E1,2.563589066E-2,4.975831136E-3,-5.996795297E-1
1.081828592E1,1.383429300E-2,-6.099557504E-2,-6.120092869E-1
1.082833192E1,-6.015018374E-2,-2.222614288E-1,-6.272324324E-1
1.083837792E1,-1.585716754E-1,-3.808840215E-1,-6.441352367E-1
1.084842392E1,-2.093030363E-1,-4.440502226E-1,-6.558914781E-1
1.085846992E1,-2.185473889E-1,-4.500146806E-1,-6.601154804E-1
1.086851692E1,-2.297702134E-1,-4.314303398E-1,-6.670977473E-1
1.087856292E1,-2.231158465E-1,-3.981661797E-1,-6.651192904E-1
1.088860892E1,-1.606641859E-1,-3.394796848E-1,-6.569678783E-1
1.089865492E1,-1.335856691E-2,-2.480291426E-1,-6.424097419E-1
1.090870092E1,1.834279895E-1,-1.923301965E-1,-6.241868138E-1
1.091874692E1,3.761578500E-1,-2.153655738E-1,-6.076142788E-1
1.092879292E1,5.292837620E-1,-2.932403982E-1,-6.036730409E-1
1.093883892E1,6.243289113E-1,-4.031338692E-1,-6.166989803E-1
1.094888592E1,6.416900158E-1,-5.168951154E-1,-6.474952698E-1
1.095893192E1,5.865494013E-1,-6.166406274E-1,-6.977635622E-1
1.096897792E1,4.840317965E-1,-6.835221648E-1,-7.551136613E-1
1.097902392E1,3.624422550E-1,-6.947242618E-1,-8.059229851E-1
1.098906992E1,2.292796820E-1,-6.533882618E-1,-8.466142416E-1
1.099911592E1,1.084528416E-1,-5.525029302E-1,-8.710970283E-1
1.100916192E1,8.091886528E-3,-4.301372766E-1,-8.795802593E-1
1.101920892E1,-5.268049613E-2,-3.307924271E-1,-8.896334767E-1
1.102925492E1,-7.172796130E-2,-2.753643394E-1,-9.001860023E-1
1.103930092E1,-5.777686834E-2,-2.687607408E-1,-9.161375165E-1
1.104934692E1,-1.528240368E-2,-2.875738442E-1,-9.193676710E-1
1.105939292E1,3.858423606E-2,-3.114299178E-1,-9.233319163E-1
1.106943892E1,8.364012092E-2,-3.302060068E-1,-9.279834032E-1
1.107948492E1,1.111428142E-1,-3.439172506E-1,-9.340202212E-1
1.108953092E1,1.170840636E-1,-3.331793845E-1,-9.377347827E-1
1.109957792E1,9.181092680E-2,-3.125208020E-1,-9.342387915E-1
1.110962392E1,4.511107132E-2,-2.922844887E-1,-9.230812192E-1
1.111966992E1,-4.600107204E-3,-2.718423009E-1,-9.125019908E-1
1.112971592E1,-3.861773014E-2,-2.643380463E-1,-9.030616283E-1
1.113976192E1,-5.217242241E-2,-2.737313807E-1,-8.896785975E-1
1.114980792E1,-5.105656013E-2,-2.841784358E-1,-8.763023615E-1
1.115985392E1,-4.306181520E-2,-3.049733639E-1,-8.626571894E-1
1.116989992E1,-4.550420120E-2,-3.312955201E-1,-8.564983606E-1
1.117994692E1,-5.778226256E-2,-3.556940556E-1,-8.534901142E-1
1.118999292E1,-8.112939447E-2,-3.718370795E-1,-8.446566463E-1
1.120003892E1,-1.188503578E-1,-3.812016249E-1,-8.274897933E-1
1.121008492E1,-1.689007431E-1,-3.843912780E-1,-8.113779426E-1
1.122013092E1,-2.162241340E-1,-3.757399917E-1,-7.935353518E-1
1.123017692E1,-2.513405979E-1,-3.691329360E-1,-7.705839276E-1
1.124022292E1,-2.576714754E-1,-3.508480489E-1,-7.457017303E-1
1.125026892E1,-2.310515493E-1,-3.188573420E-1,-7.211516500E-1
1.126031592E1,-1.726814359E-1,-2.902628779E-1,-6.927117705E-1
1.127036192E1,-9.702821076E-2,-2.714119554E-1,-6.593178511E-1
1.128040792E1,-1.223483868E-2,-2.675896287E-1,-6.278701425E-1
1.129045392E1,6.821765751E-2,-2.694623768E-1,-6.047605276E-1
1.130049992E1,1.326643676E-1,-2.664317489E-1,-5.926901102E-1
1.131054592E1,1.730408221E-1,-2.591086030E-1,-5.972827673E-1
1.132059192E1,1.785582453E-1,-2.448358387E-1,-6.164258718E-1
1.133063792E1,1.401240379E-1,-2.360900193E-1,-6.488924623E-1
1.134068392E1,5.464598164E-2,-2.315426767E-1,-6.815080047E-1
1.135073092E1,-6.050883606E-2,-2.001354843E-1,-7.146670222E-1
1.136077692E1,-1.693541706E-1,-1.627019644E-1,-7.394292951E-1
1.137082292E1,-2.469996959E-1,-1.042969748E-1,-7.548218369E-1
1.138086892E1,-2.951244414E-1,-2.708365768E-2,-7.624970675E-1
1.139091492E1,-3.416911662E-1,-1.387517620E-2,-7.740469575E-1
1.140096092E1,-4.216656089E-1,-6.255686283E-2,-7.952774167E-1
1.141100692E1,-5.328043699E-1,-1.644076109E-1,-8.158876300E-1
1.142105292E1,-6.494256258E-1,-2.842913568E-1,-8.260226250E-1
1.143109992E1,-7.174938917E-1,-3.215601742E-1,-8.246306181E-1
1.144114592E1,-6.736227870E-1,-2.499544173E-1,-7.917574644E-1
1.145119192E1,-5.061144829E-1,-1.351734996E-1,-7.285795212E-1
1.146123792E1,-2.015667558E-1,-3.223887831E-2,-6.486282945E-1
1.147128392E1,1.886023134E-1,-7.971087471E-3,-5.689747930E-1
1.148132992E1,5.688529015E-1,-9.438693523E-2,-5.063769817E-1
1.149137592E1,8.619555831E-1,-2.659035623E-1,-4.831457138E-1
1.150142125E1,1.037336230E0,-4.578008354E-1,-4.783406854E-1
1.151146825E1,1.074302435E0,-6.099490523E-1,-4.787505269E-1
1.152151425E1,9.705897570E-1,-6.841289401E-1,-4.764883220E-1
1.153156025E1,7.739638090E-1,-6.829680800E-1,-4.863865077E-1
1.154160625E1,5.418759584E-1,-6.309311390E-1,-5.023634434E-1
1.155165225E1,3.083750010E-1,-5.483611822E-1,-5.145447254E-1
1.156169825E1,1.149398088E-1,-4.539182782E-1,-5.255044699E-1
1.157174425E1,-9.396523237E-3,-3.735685945E-1,-5.339893103E-1
1.158179025E1,-5.848712474E-2,-3.210170865E-1,-5.421024561E-1
1.159183625E1,-5.025902390E-2,-2.884381115E-1,-5.440164804E-1
1.160188325E1,-9.430453181E-3,-2.751882374E-1,-5.374966264E-1
1.161192925E1,3.172204271E-2,-2.724510431E-1,-5.296379328E-1
1.162197525E1,5.974134803E-2,-2.637438774E-1,-5.279453397E-1
1.163202125E1,8.086394519E-2,-2.520640790E-1,-5.393831134E-1
1.164206725E1,9.427449852E-2,-2.390629649E-1,-5.566550493E-1
1.165211325E1,9.758107364E-2,-2.351521254E-1,-5.675615072E-1
1.166215925E1,9.935700893E-2,-2.191885263E-1,-5.725222230E-1
1.167220525E1,9.747308493E-2,-2.146126926E-1,-5.671530366E-1
1.168225225E1,8.487217873E-2,-2.348923087E-1,-5.493909121E-1
1.169229825E1,7.524511963E-2,-2.722082436E-1,-5.257976651E-1
1.170234425E1,7.050513476E-2,-3.270537257E-1,-5.046743155E-1
1.171239025E1,6.535271555E-2,-4.002627134E-1,-4.930277467E-1
1.172243625E1,5.983005464E-2,-4.704036415E-1,-4.924301803E-1
1.173248225E1,5.010152981E-2,-5.268469453E-1,-5.021550059E-1
1.174252825E1,1.723365299E-2,-5.708000660E-1,-5.173016787E-1
1.175257425E1,-3.256026655E-2,-5.983182192E-1,-5.332723856E-1
1.176262025E1,-9.449021518E-2,-6.083016992E-1,-5.561342239E-1
1.177266725E1,-1.545008272E-1,-6.014264822E-1,-5.851158500E-1
1.178271325E1,-1.968909651E-1,-5.841798186E-1,-6.187813878E-1
1.179275925E1,-2.200524658E-1,-5.509499907E-1,-6.467344761E-1
1.180280525E1,-2.100160867E-1,-5.099782944E-1,-6.714765429E-1
1.181285125E1,-1.588562280E-1,-4.727824628E-1,-6.897943020E-1
1.182289725E1,-7.364983112E-2,-4.458690286E-1,-7.008920908E-1
1.183294325E1,2.896336280E-2,-4.214760661E-1,-7.088584304E-1
1.184298925E1,1.288732886E-1,-4.176276922E-1,-7.144940495E-1
1.185303525E1,1.995810121E-1,-4.288814068E-1,-7.276055813E-1
1.186308225E1,2.307425886E-1,-4.455778003E-1,-7.445003390E-1
1.187312825E1,2.194928527E-1,-4.611370564E-1,-7.683212161E-1
1.188317425E1,1.682115346E-1,-4.622991085E-1,-7.926555872E-1
1.189322025E1,9.895443171E-2,-4.393306971E-1,-8.174048662E-1
1.190326625E1,2.892954089E-2,-4.014852941E-1,-8.383711576E-1
1.191331225E1,-3.260625899E-2,-3.700735867E-1,-8.534435630E-1
1.192335825E1,-6.507008523E-2,-3.474510908E-1,-8.525341749E-1
1.193340425E1,-7.478662580E-2,-2.964526117E-1,-8.414894938E-1
1.194345025E1,-6.482810527E-2,-2.364035696E-1,-8.427579999E-1
1.195349725E1,-5.696911737E-2,-2.174304128E-1,-8.437628150E-1
1.196354325E1,-1.001132056E-1,-2.715639174E-1,-8.436646461E-1
1.197358925E1,-2.131622583E-1,-3.999794126E-1,-8.394653797E-1
1.198363525E1,-3.177440166E-1,-5.648978353E-1,-8.135394454E-1
1.199368125E1,-3.890275359E-1,-6.243124604E-1,-7.816814184E-1
1.200372725E1,-4.019483328E-1,-6.593447924E-1,-7.766863704E-1
1.201377325E1,-3.997959495E-1,-6.630138159E-1,-7.693061829E-1
1.202381925E1,-3.431433737E-1,-6.188569069E-1,-7.342722416E-1
1.203386525E1,-2.020887583E-1,-5.047553778E-1,-6.968178153E-1
1.204391225E1,-1.465248875E-3,-4.140951633E-1,-6.771769524E-1
1.205395825E1,2.071614712E-1,-3.857825696E-1,-6.701278090E-1
1.206400425E1,3.785849214E-1,-4.086940885E-1,-6.619813442E-1
1.207405025E1,4.829829633E-1,-4.900662005E-1,-6.685239077E-1
1.208409625E1,4.993893206E-1,-5.990798473E-1,-7.136339545E-1
1.209414225E1,4.273963571E-1,-7.000152469E-1,-7.766552567E-1
1.210418825E1,2.820066810E-1,-7.602422833E-1,-8.305502534E-1
1.211423425E1,1.051144525E-1,-7.742488980E-1,-8.746750951E-1
1.212428025E1,-6.292196363E-2,-7.342212796E-1,-9.178572893E-1
1.213432725E1,-1.860867739E-1,-6.426194310E-1,-9.572723508E-1
1.214437325E1,-2.412704080E-1,-5.336564779E-1,-9.804330468E-1
1.215441925E1,-2.281271815E-1,-4.448405802E-1,-9.891807437E-1
1.216446525E1,-1.596318930E-1,-3.897826672E-1,-9.987823367E-1
1.217451125E1,-6.340521574E-2,-3.846470416E-1,-1.006573677E0
1.218455725E1,4.679369181E-2,-4.083080888E-1,-1.007915258E0
1.219460325E1,1.475725025E-1,-4.320336580E-1,-1.002973437E0
1.220464925E1,2.237851024E-1,-4.375072420E-1,-9.941854477E-1
1.221469525E1,2.722743452E-1,-4.170054495E-1,-9.905813932E-1
1.222474225E1,2.880356312E-1,-3.760049045E-1,-9.901764393E-1
1.223478825E1,2.708624899E-1,-3.244314492E-1,-9.887242317E-1
1.224483425E1,2.320581228E-1,-2.723156214E-1,-9.917867780E-1
1.225488025E1,1.752489060E-1,-2.180715352E-1,-9.927849174E-1
1.226492625E1,1.189987510E-1,-1.853514463E-1,-9.872176647E-1
1.227497225E1,7.529441267E-2,-1.752261072E-1,-9.805853367E-1
1.228501825E1,3.926321119E-2,-1.863757670E-1,-9.667243361E-1
1.229506425E1,1.341243833E-2,-2.056687623E-1,-9.563763142E-1
1.230511025E1,1.983984606E-3,-2.291284949E-1,-9.433940053E-1
1.231515625E1,-2.040584572E-3,-2.604179680E-1,-9.293990731E-1
1.232520325E1,6.545539480E-3,-2.730909288E-1,-9.083781838E-1
1.233524925E1,1.013281755E-2,-2.874070108E-1,-8.816089034E-1
1.234529525E1,1.983595267E-2,-3.074906766E-1,-8.519088626E-1
1.235534125E1,3.371315077E-2,-3.152745664E-1,-8.149724007E-1
1.236538725E1,6.693856418E-2,-2.996800840E-1,-7.726509571E-1
1.237543325E1,1.092918813E-1,-2.525916696E-1,-7.237145305E-1
1.238547925E1,1.605131030E-1,-2.121213973E-1,-6.772773266E-1
1.239552525E1,2.325585335E-1,-1.670748293E-1,-6.291390657E-1
1.240557125E1,3.272096515E-1,-1.395576596E-1,-5.744109154E-1
1.241561825E1,4.371427894E-1,-1.238143891E-1,-5.145609379E-1
1.242566425E1,5.538708568E-1,-1.245725155E-1,-4.630290270E-1
1.243571025E1,6.629981399E-1,-1.252268553E-1,-4.363774359E-1
1.244575625E1,7.434062362E-1,-1.282405257E-1,-4.261997342E-1
1.245580225E1,7.618489265E-1,-1.529988647E-1,-4.319271147E-1
1.246584825E1,7.198236585E-1,-1.799099594E-1,-4.421445727E-1
1.247589425E1,6.330121160E-1,-1.976830959E-1,-4.514925182E-1
1.248594025E1,5.046992302E-1,-2.058279663E-1,-4.682539999E-1
1.249598625E1,3.794723749E-1,-1.706257761E-1,-4.996705055E-1
1.250603275E1,2.573974133E-1,-8.151192963E-2,-5.296742916E-1
1.251607975E1,1.367159933E-1,5.223761126E-2,-5.567210913E-1
1.252612575E1,1.596542448E-2,1.829650551E-1,-5.716884136E-1
1.253617175E1,-1.047721803E-1,2.351622134E-1,-5.802574158E-1
1.254621775E1,-2.324640155E-1,1.924447864E-1,-6.049471498E-1
1.255626375E1,-3.638776839E-1,1.035910919E-1,-6.264953017E-1
1.256630975E1,-4.791173041E-1,-1.386005152E-2,-6.355986595E-1
1.257635575E1,-5.623010993E-1,-1.456793398E-1,-6.333197951E-1
1.258640175E1,-5.920624733E-1,-2.325971723E-1,-6.378083825E-1
1.259644775E1,-5.799059272E-1,-2.989492714E-1,-6.359449625E-1
1.260649475E1,-5.288229585E-1,-3.535611928E-1,-6.154733300E-1
1.261654075E1,-4.294391274E-1,-3.944681585E-1,-5.777419209E-1
1.262658675E1,-2.791568041E-1,-4.055532813E-1,-5.119560957E-1
1.263663275E1,-7.091519237E-2,-3.597724736E-1,-4.332178533E-1
1.264667875E1,1.942833066E-1,-2.309075445E-1,-3.641489148E-1
1.265672475E1,4.689747989E-1,-6.962729245E-2,-3.170660734E-1
1.266677075E1,6.749414206E-1,2.220099419E-2,-2.801218629E-1
1.267681675E1,7.817102075E-1,1.457023900E-2,-2.478861511E-1
1.268686275E1,7.956575751E-1,-7.264952362E-2,-2.370629311E-1
1.269690875E1,7.319718003E-1,-1.757543385E-1,-2.315946817E-1
1.270695475E1,6.221605539E-1,-3.058700264E-1,-2.212908864E-1
1.271700175E1,4.902887940E-1,-4.068339169E-1,-2.352277488E-1
1.272704775E1,3.710365295E-1,-4.687704742E-1,-2.696121931E-1
1.273709375E1,2.592378259E-1,-4.995134771E-1,-3.173970282E-1
1.274713975E1,1.451538950E-1,-4.902992845E-1,-3.720462620E-1
1.275718575E1,3.930762038E-2,-4.625518024E-1,-4.338041544E-1
1.276723175E1,-4.876193032E-2,-4.330737591E-1,-5.029254556E-1
1.277727775E1,-1.168485731E-1,-4.150494635E-1,-5.771909356E-1
1.278732375E1,-1.571717411E-1,-4.077282250E-1,-6.420432925E-1
1.279736975E1,-1.807002276E-1,-4.075982571E-1,-6.916244626E-1
1.280741575E1,-1.880926788E-1,-4.036138654E-1,-7.202001214E-1
1.281746275E1,-1.792429984E-1,-4.019848108E-1,-7.236976624E-1
1.282750875E1,-1.502828896E-1,-4.066345394E-1,-7.160950899E-1
1.283755475E1,-1.009371802E-1,-4.164331257E-1,-7.014892101E-1
1.284760075E1,-2.934541740E-2,-4.235183895E-1,-6.812853813E-1
1.285764675E1,5.147033557E-2,-4.351792932E-1,-6.658259630E-1
1.286769275E1,1.226373836E-1,-4.743279517E-1,-6.533396244E-1
1.287773875E1,1.764348447E-1,-5.333266258E-1,-6.523635983E-1
1.288778475E1,2.105256021E-1,-6.046590805E-1,-6.676576138E-1
1.289783075E1,2.172093391E-1,-6.753425598E-1,-7.013397217E-1
1.290787675E1,1.945313811E-1,-7.435567379E-1,-7.345939875E-1
1.291792375E1,1.534814090E-1,-8.012163043E-1,-7.768751383E-1
1.292796975E1,9.920811653E-2,-8.349984288E-1,-8.260200620E-1
1.293801575E1,4.760244861E-2,-8.350746036E-1,-8.791612983E-1
1.294806175E1,7.400273345E-3,-8.192278743E-1,-9.337776899E-1
1.295810775E1,-1.838152297E-2,-7.951899171E-1,-9.826475382E-1
1.296815375E1,-2.774450555E-2,-7.718011141E-1,-1.036925912E0
1.297819975E1,-2.644594759E-2,-7.480933666E-1,-1.092809200E0
1.298824575E1,-2.048862167E-2,-7.371666431E-1,-1.145827889E0
1.299829175E1,2.101907507E-3,-7.367383838E-1,-1.188477635E0
1.300833775E1,3.719450906E-2,-7.374111414E-1,-1.219147444E0
1.301838475E1,9.115149081E-2,-7.523427010E-1,-1.237631679E0
1.302843075E1,1.543258131E-1,-7.788430452E-1,-1.247605205E0
1.303847675E1,2.198718041E-1,-8.133381605E-1,-1.252509952E0
1.304852275E1,2.649852037E-1,-8.728951812E-1,-1.253649473E0
1.305856875E1,2.843756676E-1,-9.348022342E-1,-1.261547327E0
1.306861475E1,2.784764171E-1,-9.700983167E-1,-1.280671358E0
1.307866075E1,2.434657067E-1,-9.592925310E-1,-1.317009091E0
1.308870675E1,1.953874975E-1,-8.998199701E-1,-1.360403299E0
1.309875275E1,1.499579698E-1,-8.076285720E-1,-1.403970242E0
1.310879875E1,1.375428438E-1,-6.771606207E-1,-1.443132281E0
1.311884475E1,1.666218936E-1,-5.151472092E-1,-1.478558540E0
1.312889175E1,2.123288661E-1,-3.656482100E-1,-1.500446081E0
1.313893775E1,2.428279221E-1,-2.922794819E-1,-1.493215919E0
1.314898375E1,2.430254668E-1,-2.962226868E-1,-1.472970247E0
1.315902975E1,2.104337066E-1,-3.726623356E-1,-1.459809780E0
1.316907575E1,1.654667109E-1,-4.843908250E-1,-1.469139576E0
1.317912175E1,9.066411853E-2,-6.158871055E-1,-1.503481388E0
1.318916775E1,-2.349828742E-2,-7.889553905E-1,-1.536783218E0
1.319921375E1,-1.926577538E-1,-1.021315932E0,-1.566703558E0
1.320925975E1,-4.064645469E-1,-1.279888034E0,-1.604088306E0
1.321930575E1,-5.995972753E-1,-1.461741447E0,-1.669384837E0
1.322935275E1,-7.099419832E-1,-1.488101125E0,-1.743402481E0
1.323939875E1,-6.868768334E-1,-1.283246279E0,-1.781426311E0
1.324944475E1,-5.315414071E-1,-8.632570505E-1,-1.778998375E0
1.325949075E1,-2.950359881E-1,-3.858303130E-1,-1.718532681E0
1.326953675E1,-7.799594104E-2,-4.384917021E-2,-1.617578149E0
1.327958275E1,9.418381751E-2,5.040089786E-2,-1.510247707E0
1.328962875E1,2.396927923E-1,-6.103340536E-2,-1.427286744E0
1.329967475E1,3.940576017E-1,-2.586588562E-1,-1.380453706E0
1.330972075E1,5.444326997E-1,-4.719929695E-1,-1.348357797E0
1.331976675E1,6.508926153E-1,-6.742094755E-1,-1.312571645E0
1.332981275E1,6.847240329E-1,-8.446680307E-1,-1.254503369E0
1.333985975E1,6.569811106E-1,-9.804341197E-1,-1.205266833E0
1.334990575E1,5.770496130E-1,-1.093757153E0,-1.184555769E0
1.335995175E1,4.709545970E-1,-1.175567508E0,-1.213097692E0
1.336999775E1,3.596876264E-1,-1.228142381E0,-1.277822733E0
1.338004375E1,2.607847452E-1,-1.239102721E0,-1.358637094E0
1.339008975E1,1.767490357E-1,-1.197987318E0,-1.438100576E0
1.340013575E1,1.024947837E-1,-1.110156536E0,-1.512457013E0
1.341018175E1,4.216432944E-2,-1.009815335E0,-1.574827790E0
1.342022775E1,-6.419717800E-3,-9.260660410E-1,-1.632707596E0
1.343027375E1,-4.440782964E-2,-8.678582311E-1,-1.675291538E0
1.344031975E1,-6.781994551E-2,-8.564268947E-1,-1.706124067E0
1.345036675E1,-8.275258541E-2,-8.823861480E-1,-1.733402133E0
1.346041275E1,-9.651287645E-2,-9.352402687E-1,-1.758032680E0
1.347045875E1,-1.063420773E-1,-9.939676523E-1,-1.778841496E0
1.348050475E1,-1.087343991E-1,-1.027406573E0,-1.794693589E0
1.349055075E1,-1.057867259E-1,-1.033493280E0,-1.805847645E0
1.350059675E1,-1.040503383E-1,-1.000995040E0,-1.800843835E0
1.351064287E1,-9.882618487E-2,-9.508008957E-1,-1.785538077E0
1.352068887E1,-8.748857677E-2,-8.929626346E-1,-1.772151470E0
1.353073487E1,-6.518640369E-2,-8.383085132E-1,-1.760698080E0
1.354078087E1,-3.451450542E-2,-7.785027027E-1,-1.731826186E0
1.355082687E1,-7.529621478E-3,-7.265736461E-1,-1.695516348E0
1.356087387E1,2.468051203E-2,-6.816578507E-1,-1.655155301E0
1.357091987E1,7.337835431E-2,-6.322675943E-1,-1.611222863E0
1.358096587E1,1.372401565E-1,-6.084783673E-1,-1.563359976E0
1.359101187E1,2.038275898E-1,-6.082567573E-1,-1.517626643E0
1.360105787E1,2.699789405E-1,-6.105579734E-1,-1.492776155E0
1.361110387E1,3.263945878E-1,-5.927181244E-1,-1.484334588E0
1.362114987E1,3.590230942E-1,-5.421295166E-1,-1.475563884E0
1.363119588E1,3.769247234E-1,-4.640660584E-1,-1.472103715E0
1.364124187E1,3.851182163E-1,-3.684758842E-1,-1.466288686E0
1.365128787E1,3.777262568E-1,-2.698555291E-1,-1.466284513E0
1.366133388E1,3.511058390E-1,-1.786529273E-1,-1.467464328E0
1.367137987E1,2.810707390E-1,-1.470691115E-1,-1.470641613E0
1.368142688E1,1.567197591E-1,-2.083271444E-1,-1.466226101E0
1.369147287E1,-1.664118841E-2,-3.823728859E-1,-1.466909409E0
1.370151887E1,-1.993942261E-1,-6.213161945E-1,-1.476189971E0
1.371156488E1,-3.695675731E-1,-8.886249661E-1,-1.494594455E0
1.372161087E1,-5.088165402E-1,-1.126099586E0,-1.512462139E0
1.373165687E1,-5.717405081E-1,-1.248256803E0,-1.520353675E0
1.374170287E1,-4.708540738E-1,-1.160072088E0,-1.510802984E0
1.375174887E1,-1.997560114E-1,-8.371389508E-1,-1.480825186E0
1.376179487E1,1.593315750E-1,-4.110110700E-1,-1.414765716E0
1.377184087E1,5.121157765E-1,-7.155290991E-2,-1.309200168E0
1.378188687E1,7.747247815E-1,7.174992561E-2,-1.189743042E0
1.379193387E1,9.106009007E-1,6.124264561E-3,-1.109893322E0
1.380197987E1,9.200649261E-1,-2.356617302E-1,-1.068156242E0
1.381202587E1,8.305812478E-1,-5.717194080E-1,-1.064368606E0
1.382207187E1,6.531827450E-1,-9.170901179E-1,-1.093544602E0
1.383211787E1,4.193267822E-1,-1.187943459E0,-1.149906158E0
1.384216388E1,1.747559011E-1,-1.317186713E0,-1.216318130E0
1.385220987E1,-5.832585320E-2,-1.305872679E0,-1.272289753E0
1.386225587E1,-2.694074810E-1,-1.186480761E0,-1.316934705E0
1.387230188E1,-4.356088042E-1,-9.982671738E-1,-1.353653789E0
1.388234787E1,-5.320708752E-1,-7.988129854E-1,-1.386165857E0
1.389239387E1,-5.447762012E-1,-6.316010952E-1,-1.401996732E0
1.390243988E1,-4.933577478E-1,-5.267548561E-1,-1.399726152E0
1.391248687E1,-4.055202007E-1,-4.770427942E-1,-1.379753590E0
1.392253288E1,-3.129838705E-1,-4.830586016E-1,-1.335562944E0
1.393257887E1,-2.337543368E-1,-5.355192423E-1,-1.284780264E0
1.394262487E1,-1.633406132E-1,-6.200434566E-1,-1.241525292E0
1.395267087E1,-9.045504034E-2,-7.103500366E-1,-1.210114360E0
1.396271687E1,-2.700949460E-2,-7.819403410E-1,-1.189943314E0
1.397276287E1,2.803274430E-2,-8.261246085E-1,-1.167221665E0
1.398280887E1,5.901649222E-2,-8.509609699E-1,-1.145047545E0
1.399285487E1,6.762275845E-2,-8.610861301E-1,-1.125471830E0
1.400290087E1,6.516093016E-2,-8.588005900E-1,-1.114610314E0
1.401294687E1,5.030292645E-2,-8.492341638E-1,-1.113877773E0
1.402299287E1,3.509148583E-2,-8.464056253E-1,-1.131614447E0
1.403303987E1,2.164960280E-2,-8.462024927E-1,-1.161872149E0
1.404308587E1,1.016711723E-2,-8.551877141E-1,-1.195177674E0
1.405313187E1,-9.430666105E-4,-8.626156449E-1,-1.226596117E0
1.406317787E1,-1.143672038E-2,-8.808063865E-1,-1.261339426E0
1.407322387E1,-2.534391917E-2,-9.008725286E-1,-1.290069580E0
1.408326988E1,-4.583587870E-2,-9.187852144E-1,-1.322847247E0
1.409331587E1,-5.627889186E-2,-9.181557298E-1,-1.353836179E0
1.410336187E1,-6.937818974E-2,-9.146579504E-1,-1.377758265E0
1.411340788E1,-8.163695037E-2,-9.131435752E-1,-1.395891190E0
1.412345387E1,-8.518294245E-2,-9.183735251E-1,-1.408830404E0
1.413349987E1,-8.003395051E-2,-9.500764012E-1,-1.415443897E0
1.414354587E1,-5.601916090E-2,-9.993911982E-1,-1.411659360E0
1.415359287E1,-1.019841898E-2,-1.056396008E0,-1.397796750E0
1.416363888E1,5.663866550E-2,-1.114353061E0,-1.385438442E0
1.417368487E1,1.459667236E-1,-1.143088698E0,-1.388206601E0
1.418373087E1,2.480347753E-1,-1.105919242E0,-1.400756478E0
1.419377687E1,3.075005412E-1,-1.023495555E0,-1.411362410E0
1.420382287E1,2.799240351E-1,-9.579870701E-1,-1.419334888E0
1.421386887E1,1.732178330E-1,-9.420340061E-1,-1.430391431E0
1.422391487E1,2.072097547E-2,-9.561884403E-1,-1.459092617E0
1.423396087E1,-1.266621649E-1,-9.354973435E-1,-1.476025581E0
1.424400688E1,-2.181324214E-1,-8.522586226E-1,-1.465292335E0
1.425405287E1,-2.269120216E-1,-7.235174775E-1,-1.400269032E0
1.426409887E1,-1.669304520E-1,-5.800035000E-1,-1.284137607E0
1.427414488E1,-5.678353831E-2,-4.656018913E-1,-1.143936038E0
1.428419187E1,7.355396450E-2,-4.259825647E-1,-1.014969230E0
1.429423788E1,1.820245832E-1,-4.639459848E-1,-9.266597033E-1
1.430428387E1,2.356539816E-1,-5.574269295E-1,-8.770506382E-1
1.431432987E1,2.192974240E-1,-6.609597206E-1,-8.454575539E-1
1.432437588E1,1.434971988E-1,-7.375943661E-1,-8.055695295E-1
1.433442187E1,4.660248011E-2,-7.515566945E-1,-7.614091039E-1
1.434446787E1,-3.238261491E-2,-6.913189292E-1,-7.120436430E-1
1.435451387E1,-8.539281040E-2,-5.611220002E-1,-6.821471453E-1
1.436455987E1,-1.109194756E-1,-4.114800692E-1,-6.588223577E-1
1.437460587E1,-1.131602898E-1,-2.892265916E-1,-6.401950121E-1
1.438465187E1,-8.297468722E-2,-2.101996988E-1,-6.352729797E-1
1.439469787E1,-2.633524314E-2,-1.794551760E-1,-6.478736401E-1
1.440474387E1,5.124796554E-2,-2.089395672E-1,-6.734002829E-1
1.441479087E1,1.368063241E-1,-2.818525434E-1,-7.036626935E-1
1.442483687E1,2.108954638E-1,-3.546782732E-1,-7.328032851E-1
1.443488287E1,2.524310648E-1,-4.060662687E-1,-7.553879619E-1
1.444492887E1,2.689416111E-1,-4.272136390E-1,-7.830134630E-1
1.445497487E1,2.522246838E-1,-4.266639352E-1,-8.028652072E-1
1.446502087E1,2.118048072E-1,-3.932316899E-1,-8.068701029E-1
1.447506687E1,1.500560343E-1,-3.352207839E-1,-8.016317487E-1
1.448511288E1,9.915930033E-2,-2.760576010E-1,-7.940803766E-1
1.449515887E1,7.612222433E-2,-2.392724901E-1,-7.928223610E-1
1.450520429E1,9.235366434E-2,-2.180178016E-1,-8.038944602E-1
1.451525029E1,1.334561408E-1,-2.184811532E-1,-8.098764420E-1
1.452529629E1,1.877811700E-1,-2.325921804E-1,-8.048555851E-1
1.453534229E1,2.417298853E-1,-2.591726482E-1,-7.892462611E-1
1.454538929E1,2.985545397E-1,-2.960156202E-1,-7.673097849E-1
1.455543529E1,3.527018428E-1,-3.264032602E-1,-7.450206876E-1
1.456548129E1,3.855761588E-1,-3.597103357E-1,-7.230104208E-1
1.457552729E1,3.874217868E-1,-3.952102661E-1,-7.043784857E-1
1.458557329E1,3.517242372E-1,-4.190793633E-1,-6.957789063E-1
1.459561929E1,2.916049361E-1,-4.184524715E-1,-7.011156678E-1
1.460566529E1,2.211398333E-1,-3.897542357E-1,-7.092228532E-1
1.461571129E1,1.416618824E-1,-3.413752019E-1,-7.197650075E-1
1.462575729E1,6.538150460E-2,-2.883689702E-1,-7.229429483E-1
1.463580329E1,-3.777233884E-3,-2.405436784E-1,-7.171017528E-1
1.464584929E1,-6.076062471E-2,-2.174588591E-1,-7.013283968E-1
1.465589529E1,-1.057972759E-1,-2.091834098E-1,-6.773634553E-1
1.466594129E1,-1.372412145E-1,-2.068368942E-1,-6.541146040E-1
1.467598729E1,-1.619840562E-1,-2.123963088E-1,-6.360194683E-1
1.468603429E1,-1.780045778E-1,-2.106263638E-1,-6.151514649E-1
1.469608029E1,-1.899816096E-1,-1.930516362E-1,-5.837162733E-1
1.470612629E1,-2.070783079E-1,-1.642956138E-1,-5.374957919E-1
1.471617229E1,-2.317204326E-1,-1.246495023E-1,-4.682014585E-1
1.472621829E1,-2.612117529E-1,-8.849895746E-2,-3.912688494E-1
1.473626429E1,-2.776260376E-1,-6.212720275E-2,-3.099167049E-1
1.474631029E1,-2.862743735E-1,-4.638499022E-2,-2.317497581E-1
1.475635629E1,-2.865270376E-1,-3.796064109E-2,-1.596528590E-1
1.476640229E1,-2.876437008E-1,-4.795495421E-2,-8.746868372E-2
1.477644829E1,-2.979570031E-1,-7.045393437E-2,-1.477256045E-2
1.478649429E1,-3.228628933E-1,-1.080396548E-1,5.425710604E-2
1.479654029E1,-3.506677449E-1,-1.563799381E-1,1.124710068E-1
1.480658629E1,-3.759478033E-1,-1.945084184E-1,1.633357853E-1
1.481663229E1,-3.941339552E-1,-2.039128095E-1,2.078114152E-1
1.482667929E1,-3.984586596E-1,-1.694781333E-1,2.477694899E-1
1.483672529E1,-3.791489005E-1,-1.008072793E-1,2.874871194E-1
1.484677129E1,-3.448537588E-1,-2.561585978E-2,3.244270086E-1
1.485681729E1,-3.024498522E-1,3.978765011E-2,3.622729480E-1
1.486686329E1,-2.648952901E-1,6.494812667E-2,4.040771127E-1
1.487690929E1,-2.196322829E-1,4.804223403E-2,4.469141960E-1
1.488695529E1,-1.573689133E-1,-6.806632504E-3,4.618404210E-1
1.489700129E1,-8.764889836E-2,-1.022660062E-1,4.755583405E-1
1.490704729E1,-3.961457871E-3,-2.081785947E-1,4.613439739E-1
1.491709329E1,8.161900192E-2,-3.128232956E-1,4.370682836E-1
1.492713929E1,1.577851474E-1,-3.746837378E-1,4.032754302E-1
1.493718529E1,2.064833343E-1,-3.947684169E-1,3.497845531E-1
1.494723129E1,2.309905440E-1,-3.971402347E-1,2.853307128E-1
1.495727729E1,2.281177342E-1,-3.865113854E-1,2.080660760E-1
1.496732329E1,2.066891342E-1,-3.675749898E-1,1.229820698E-1
1.497737029E1,1.697502136E-1,-3.444655240E-1,3.910235316E-2
1.498741629E1,1.349240690E-1,-3.171321750E-1,-4.612892121E-2
1.499746229E1,1.041874215E-1,-2.842881680E-1,-1.184659973E-1
1.500750829E1,7.625671476E-2,-2.577404678E-1,-1.857382506E-1
1.501755429E1,5.295901373E-2,-2.368695736E-1,-2.461257130E-1
1.502760029E1,3.225639835E-2,-2.187888473E-1,-3.010906875E-1
1.503764629E1,1.903393120E-2,-1.951588988E-1,-3.508303463E-1
1.504769229E1,1.008277945E-2,-1.729342937E-1,-3.930345178E-1
1.505773829E1,3.173521254E-3,-1.459905207E-1,-4.349433780E-1
1.506778429E1,-9.302057326E-3,-1.139721274E-1,-4.686922729E-1
1.507783029E1,-3.940854967E-2,-9.222253412E-2,-4.879355133E-1
1.508787629E1,-6.858055294E-2,-5.443440378E-2,-4.931731522E-1
1.509792229E1,-9.908793867E-2,-7.744812407E-3,-4.966577291E-1
1.510796829E1,-1.233983412E-1,4.308374971E-2,-4.903867841E-1
1.511801429E1,-1.363627017E-1,9.067019820E-2,-4.743242562E-1
1.512806129E1,-1.315466464E-1,1.335806549E-1,-4.558546841E-1
1.513810729E1,-1.106704324E-1,1.709726602E-1,-4.185484648E-1
1.514815329E1,-7.565492392E-2,2.016975433E-1,-3.817353249E-1
1.515819929E1,-4.667283595E-2,2.143226713E-1,-3.393607438E-1
1.516824529E1,-2.109397203E-2,2.195528597E-1,-2.991203964E-1
1.517829129E1,2.026089700E-3,2.265095413E-1,-2.555882931E-1
1.518833729E1,5.566762295E-3,2.163639665E-1,-2.057946473E-1
1.519838329E1,-9.604574181E-3,1.746519357E-1,-1.556738466E-1
1.520842929E1,-4.084984586E-2,1.122865677E-1,-9.582064301E-2
1.521847529E1,-8.815564960E-2,3.812433034E-2,-3.446460888E-2
1.522852129E1,-1.393210888E-1,-3.999124467E-2,2.097228542E-2
1.523856729E1,-1.851211190E-1,-1.263602525E-1,6.554589421E-2
1.524861329E1,-2.308438569E-1,-1.896910220E-1,1.063404605E-1
1.525865929E1,-2.635806203E-1,-2.339409441E-1,1.374635100E-1
1.526870529E1,-2.914583087E-1,-2.614018619E-1,1.649390757E-1
1.527875229E1,-3.119698763E-1,-2.733517289E-1,1.929799765E-1
1.528879829E1,-3.216339648E-1,-2.847519219E-1,2.213484943E-1
1.529884429E1,-3.126426637E-1,-2.944528162E-1,2.397659421E-1
1.530889029E1,-2.735413313E-1,-3.022992909E-1,2.399425060E-1
1.531893629E1,-2.086834460E-1,-2.991283834E-1,2.271827608E-1
1.532898229E1,-1.314720213E-1,-2.804380655E-1,2.121774554E-1
1.533902829E1,-5.579572916E-2,-2.362407446E-1,2.027138323E-1
1.534907429E1,6.237015128E-3,-1.656773686E-1,1.985414624E-1
1.535912029E1,5.894674733E-2,-8.562156558E-2,2.031323910E-1
1.536916629E1,1.011618450E-1,-1.561611239E-2,2.136159241E-1
1.537921229E1,1.281721592E-1,2.639818192E-2,2.183126807E-1
1.538925829E1,1.523201019E-1,3.113807552E-2,2.104899138E-1
1.539930429E1,1.724507660E-1,1.467092708E-2,1.929405332E-1
1.540935029E1,1.871886998E-1,-5.802123807E-3,1.736454070E-1
1.541939629E1,1.942485124E-1,-2.107071131E-2,1.589069963E-1
1.542944229E1,1.881458759E-1,-4.188784212E-2,1.451845169E-1
1.543948929E1,1.724885106E-1,-5.693007633E-2,1.339559108E-1
1.544953529E1,1.509294212E-1,-6.566763669E-2,1.192129105E-1
1.545958129E1,1.222707853E-1,-5.996799096E-2,1.036904901E-1
1.546962729E1,9.797663242E-2,-4.669905826E-2,8.737303317E-2
1.547967329E1,8.036199212E-2,-3.286462650E-2,6.454586238E-2
1.548971929E1,5.580152199E-2,-3.344812244E-2,4.148874432E-2
1.549976529E1,3.124205209E-2,-3.971742839E-2,2.286295220E-2
1.550981167E1,9.509326890E-3,-4.526319355E-2,9.604937397E-3
1.551985767E1,-1.263457071E-2,-5.151717365E-2,6.729978602E-3
1.552990367E1,-2.909370512E-2,-4.588778317E-2,7.420003880E-3
1.553994967E1,-3.881238028E-2,-3.974546865E-2,1.168265939E-2
1.554999567E1,-3.564534709E-2,-3.143134713E-2,1.862285659E-2
1.556004167E1,-2.091605216E-2,-2.701998316E-2,3.007286415E-2
1.557008767E1,-3.596184775E-3,-3.431491181E-2,4.690617323E-2
1.558013367E1,8.354153484E-3,-5.405075848E-2,6.018105149E-2
1.559017967E1,2.193867229E-2,-7.607802749E-2,6.996710598E-2
1.560022567E1,3.239339218E-2,-9.171731025E-2,7.980487496E-2
1.561027267E1,3.454123065E-2,-9.235060960E-2,8.590750396E-2
1.562031867E1,2.844435908E-2,-7.991202176E-2,8.787338436E-2
1.563036467E1,1.988096535E-2,-5.701975152E-2,9.102018178E-2
1.564041067E1,9.840474464E-3,-3.009553254E-2,9.344948828E-2
1.565045667E1,2.420108765E-3,-2.416498959E-3,9.079697728E-2
1.566050267E1,-3.365671961E-3,1.815406606E-2,8.458338678E-2
1.567054867E1,-1.063450333E-2,2.846369520E-2,7.975640148E-2
1.568059467E1,-1.788950898E-2,2.171452343E-2,7.494361699E-2
1.569064067E1,-3.142369166E-2,2.449246682E-2,7.125354558E-2
1.570068667E1,-4.779082164E-2,1.983696595E-2,6.323541701E-2
1.571073267E1,-5.605514348E-2,3.153623268E-2,5.375215784E-2
1.572077867E1,-6.325185299E-2,5.367338285E-2,3.603483364E-2
1.573082467E1,-5.992476270E-2,8.729951829E-2,2.095335349E-2
1.574087067E1,-4.466602206E-2,1.263246089E-1,9.408523329E-3
1.575091667E1,-1.123243477E-2,1.692704856E-1,-2.824538387E-4
1.576096267E1,3.354352340E-2,2.040478736E-1,-2.461171942E-3
1.577100867E1,7.728780806E-2,2.164523453E-1,-5.057487637E-3
1.578105467E1,1.053780243E-1,2.060435563E-1,-9.603098966E-3
1.579110167E1,1.187883690E-1,1.731860191E-1,-1.202471182E-2
1.580114767E1,1.201578230E-1,1.414165050E-1,-2.341590077E-2
1.581119367E1,1.159886420E-1,1.125499606E-1,-4.164923355E-2
1.582123967E1,9.941316396E-2,9.098397195E-2,-5.920490250E-2
1.583128567E1,7.757870108E-2,6.685280055E-2,-7.897222042E-2
1.584133167E1,5.452902988E-2,4.736395925E-2,-9.868942201E-2
1.585137767E1,3.316355497E-2,2.722753398E-2,-1.199632883E-1
1.586142367E1,1.858648844E-2,1.129446737E-2,-1.412816644E-1
1.587146967E1,7.145015057E-3,-5.079711787E-3,-1.596556157E-1
1.588151567E1,6.837493740E-3,-2.274467424E-2,-1.751579940E-1
1.589156167E1,1.313586999E-2,-4.043472186E-2,-1.933910549E-1
1.590160767E1,2.336038463E-2,-6.339909136E-2,-2.169312537E-1
1.591165367E1,3.833267838E-2,-9.427604824E-2,-2.412480414E-1
1.592169967E1,4.384454712E-2,-1.160636842E-1,-2.686720788E-1
1.593174567E1,3.649662063E-2,-1.299501956E-1,-2.935936749E-1
1.594179167E1,1.312409993E-2,-1.324952692E-1,-3.169790208E-1
1.595183767E1,-1.182199642E-2,-1.217622012E-1,-3.368501961E-1
1.596188367E1,-3.647399321E-2,-1.101440117E-1,-3.592576385E-1
1.597192967E1,-4.772851244E-2,-1.077383831E-1,-3.833142221E-1
1.598197667E1,-5.046122149E-2,-1.079035252E-1,-4.080590010E-1
1.599202267E1,-5.416221544E-2,-1.238577291E-1,-4.288247526E-1
1.600206867E1,-4.537789524E-2,-1.549894512E-1,-4.468782842E-1
1.601211467E1,-4.094506428E-2,-1.813898981E-1,-4.683502614E-1
1.602216067E1,-4.683024064E-2,-2.078299224E-1,-4.923578799E-1
1.603220667E1,-6.399776787E-2,-2.195696682E-1,-5.179650187E-1
1.604225267E1,-8.602467179E-2,-2.128325999E-1,-5.467031002E-1
1.605229867E1,-1.071081236E-1,-1.888513565E-1,-5.733270049E-1
1.606234467E1,-1.265211701E-1,-1.613412201E-1,-5.856735110E-1
1.607239067E1,-1.396122128E-1,-1.356614232E-1,-5.922315121E-1
1.608243667E1,-1.409473717E-1,-1.245378554E-1,-5.975790024E-1
1.609248267E1,-1.281929612E-1,-1.281437725E-1,-6.016810536E-1
1.610252867E1,-1.069417223E-1,-1.401255131E-1,-6.097994447E-1
1.611257467E1,-7.728395611E-2,-1.595183760E-1,-6.218273640E-1
1.612262067E1,-5.416578427E-2,-1.800020337E-1,-6.372956634E-1
1.613266667E1,-4.051175714E-2,-1.999725401E-1,-6.579689980E-1
1.614271267E1,-3.677628562E-2,-2.049527317E-1,-6.780014634E-1
1.615275867E1,-4.747819901E-2,-1.982229352E-1,-7.010912895E-1
1.616280467E1,-6.717008352E-2,-1.766985208E-1,-7.187727690E-1
1.617285167E1,-8.101825416E-2,-1.435512304E-1,-7.388775349E-1
1.618289767E1,-8.852407336E-2,-1.115272194E-1,-7.574331760E-1
1.619294367E1,-8.298177272E-2,-9.452719986E-2,-7.712933421E-1
1.620298967E1,-7.108452171E-2,-9.760519862E-2,-7.841112614E-1
1.621303567E1,-5.798416212E-2,-1.280951947E-1,-8.024026752E-1
1.622308167E1,-4.724920541E-2,-1.693281978E-1,-8.210859299E-1
1.623312767E1,-4.187201709E-2,-2.020776272E-1,-8.346179724E-1
1.624317367E1,-4.407688230E-2,-2.202704847E-1,-8.457599878E-1
1.625321967E1,-5.561449379E-2,-2.303361595E-1,-8.601838946E-1
1.626326567E1,-8.325938135E-2,-2.469181418E-1,-8.784608841E-1
1.627331167E1,-1.094073653E-1,-2.542205155E-1,-9.036642313E-1
1.628335767E1,-1.055348366E-1,-2.183585614E-1,-9.213144779E-1
1.629340367E1,-6.601512432E-2,-1.209694147E-1,-9.286283255E-1
1.630344967E1,-1.312255207E-2,1.400281489E-2,-9.176520705E-1
1.631349567E1,3.554990888E-2,1.385940015E-1,-8.900303245E-1
1.632354167E1,6.020068750E-2,2.017188370E-1,-8.569582105E-1
1.633358767E1,5.717533827E-2,1.724818647E-1,-8.172826767E-1
1.634363367E1,1.338241342E-2,5.337834731E-2,-7.802876234E-1
1.635367967E1,-4.794912413E-2,-1.185577288E-1,-7.476378083E-1
1.636372567E1,-1.174525246E-1,-2.702252269E-1,-7.174804211E-1
1.637377167E1,-1.863221526E-1,-3.320806026E-1,-6.890631914E-1
1.638381867E1,-2.459217012E-1,-2.661914527E-1,-6.670030355E-1
1.639386467E1,-3.053506613E-1,-9.426921606E-2,-6.406551003E-1
1.640391067E1,-3.585076630E-1,1.360992342E-1,-6.029779911E-1
1.641395667E1,-3.827261925E-1,3.547378480E-1,-5.573742986E-1
1.642400267E1,-3.675002456E-1,5.183278918E-1,-5.074988008E-1
1.643404867E1,-2.950372398E-1,5.793092251E-1,-4.504674971E-1
1.644409467E1,-1.829629987E-1,5.339663625E-1,-3.927073479E-1
1.645414067E1,-4.086390138E-2,4.156075120E-1,-3.370710015E-1
1.646418667E1,9.589745849E-2,2.623629272E-1,-2.876572609E-1
1.647423267E1,2.081145495E-1,1.024110839E-1,-2.460011691E-1
1.648427867E1,2.735097408E-1,-1.441967674E-2,-2.223663032E-1
1.649432467E1,2.767508030E-1,-7.779545337E-2,-2.181888670E-1
1.650437067E1,2.351857424E-1,-1.010394841E-1,-2.390812635E-1
1.651441625E1,1.676077545E-1,-1.011209786E-1,-2.755625844E-1
1.652446225E1,8.944100142E-2,-6.103155017E-2,-3.272775114E-1
1.653450825E1,1.252358034E-2,-3.291288624E-3,-3.982414305E-1
1.654455425E1,-5.498751998E-2,5.949408188E-2,-4.810877144E-1
1.655460025E1,-1.128300428E-1,1.144843623E-1,-5.654425621E-1
1.656464625E1,-1.562775671E-1,1.273740381E-1,-6.338438988E-1
1.657469225E1,-1.714629084E-1,7.450150698E-2,-6.788350344E-1
1.658473825E1,-1.436003596E-1,-3.098965622E-2,-7.038756609E-1
1.659478425E1,-6.609039009E-2,-1.615900099E-1,-7.101103663E-1
1.660483025E1,3.042025305E-2,-2.905774415E-1,-7.035190463E-1
1.661487725E1,1.051573455E-1,-3.800244927E-1,-6.889262795E-1
1.662492325E1,1.278787851E-1,-4.178957641E-1,-6.567611694E-1
1.663496925E1,6.308088452E-2,-3.872838020E-1,-6.217166185E-1
1.664501525E1,-5.583855882E-2,-3.015491068E-1,-6.030669212E-1
1.665506125E1,-1.905822605E-1,-1.844001263E-1,-6.047644019E-1
1.666510725E1,-2.834802270E-1,-3.012831509E-2,-6.155474782E-1
1.667515325E1,-3.332501948E-1,1.302890480E-1,-6.121386290E-1
1.668519925E1,-3.508882225E-1,2.384510189E-1,-5.741547942E-1
1.669524525E1,-3.376621604E-1,2.432982475E-1,-4.977963865E-1
1.670529125E1,-3.243934512E-1,9.942436218E-2,-3.878796995E-1
1.671533725E1,-2.997924984E-1,-1.382302791E-1,-2.702489495E-1
1.672538325E1,-2.388977706E-1,-3.718653619E-1,-1.558860540E-1
1.673542925E1,-1.211311892E-1,-5.098176599E-1,-6.048975140E-2
1.674547525E1,4.157743230E-2,-5.511661768E-1,-1.245383359E-2
1.675552125E1,2.193519622E-1,-5.454339981E-1,3.785967082E-2
1.676556725E1,3.535770476E-1,-5.125295520E-1,7.521256804E-2
1.677561325E1,3.998065889E-1,-4.665290117E-1,1.086352393E-1
1.678565925E1,3.646401465E-1,-4.342814386E-1,1.289788038E-1
1.679570525E1,2.852518260E-1,-3.973814845E-1,1.465759128E-1
1.680575125E1,2.425477803E-1,-3.496514261E-1,1.555861533E-1
1.681579725E1,2.690707445E-1,-3.017885685E-1,1.710348874E-1
1.682584325E1,3.658339679E-1,-2.822974622E-1,1.845364273E-1
1.683588925E1,5.018634796E-1,-2.912688553E-1,1.911376119E-1
1.684593625E1,6.279158592E-1,-2.972384691E-1,1.842302233E-1
1.685598225E1,7.224127650E-1,-2.739744484E-1,1.460759044E-1
1.686602825E1,7.656880617E-1,-2.271463126E-1,9.394548833E-2
1.687607425E1,7.621870637E-1,-1.778978109E-1,4.127668217E-2
1.688612025E1,7.267362475E-1,-1.606436372E-1,-5.276144948E-3
1.689616625E1,6.644467711E-1,-1.342772841E-1,-3.911134228E-2
1.690621225E1,5.990259647E-1,-1.169269308E-1,-6.312617660E-2
1.691625825E1,5.444868207E-1,-1.335439831E-1,-7.391624898E-2
1.692630425E1,5.153759718E-1,-1.883909255E-1,-6.819254905E-2
1.693635025E1,5.242789388E-1,-2.561081946E-1,-4.890354350E-2
1.694639625E1,5.960746408E-1,-2.778585255E-1,-5.494139716E-2
1.695644225E1,7.111692429E-1,-2.530564964E-1,-9.645528346E-2
1.696648825E1,8.443809748E-1,-2.044336498E-1,-1.580730230E-1
1.697653425E1,9.377175570E-1,-1.902552545E-1,-2.113048136E-1
1.698658025E1,9.576460719E-1,-2.379759699E-1,-2.086317241E-1
1.699662625E1,8.999846578E-1,-3.364269137E-1,-1.597976089E-1
1.700667225E1,7.608411908E-1,-4.817221761E-1,-8.948925138E-2
1.701671825E1,5.213457942E-1,-6.669407487E-1,-1.494844165E-2
1.702676425E1,1.949670315E-1,-8.227445483E-1,4.185675830E-2
1.703681025E1,-1.631942987E-1,-8.802925348E-1,6.618793309E-2
1.704685625E1,-4.741807282E-1,-8.056566119E-1,5.870986730E-2
1.705690225E1,-6.921231747E-1,-6.133720875E-1,3.066145070E-2
1.706694825E1,-8.038529158E-1,-3.543154299E-1,-5.583563354E-3
1.707699425E1,-7.920095921E-1,-1.342120767E-1,-4.893769324E-2
1.708704025E1,-6.605817080E-1,-4.673023708E-3,-9.646414220E-2
1.709708625E1,-4.439079762E-1,2.301506326E-2,-1.327537000E-1
1.710713225E1,-2.335856259E-1,-3.057989292E-2,-3.500631452E-1
1.711717825E1,1.059522331E-1,6.356818136E-3,-3.272305429E-1
1.712722525E1,3.522036970E-1,-7.876735181E-2,-2.940714955E-1
1.713727125E1,5.247858763E-1,-4.583576694E-2,-2.368918210E-1
1.714731725E1,6.423419714E-1,-6.459972821E-3,-1.623459011E-1
1.715736325E1,6.683648229E-1,7.049739361E-2,-1.214821041E-1
1.716740925E1,6.580632925E-1,1.502686739E-1,-7.640789449E-2
1.717745525E1,6.448233724E-1,2.105589211E-1,-3.786556423E-2
1.718750125E1,6.538932920E-1,2.633421123E-1,-2.825935604E-3
1.719754725E1,6.760609150E-1,2.662641406E-1,2.293561958E-2
1.720759325E1,7.084957957E-1,2.248611450E-1,3.745700046E-2
1.721763925E1,7.357894778E-1,1.566019356E-1,4.645422474E-2
1.722768525E1,7.440139651E-1,8.691565692E-2,6.232874095E-2
1.723773125E1,7.293369770E-1,2.837830782E-2,8.014981449E-2
1.724777725E1,6.861101985E-1,-1.981688291E-2,9.651684761E-2
1.725782325E1,6.189820170E-1,-4.665622115E-2,1.061873138E-1
1.726786925E1,5.428456068E-1,-4.907365888E-2,1.145489365E-1
1.727791525E1,4.440691769E-1,-4.342402890E-2,1.242785230E-1
1.728796125E1,3.308158517E-1,-2.115381882E-2,1.389818043E-1
1.729800725E1,2.178216577E-1,2.191349119E-2,1.558715701E-1
1.730805325E1,1.152694523E-1,7.861725241E-2,1.701000482E-1
1.731809925E1,3.452374041E-2,1.313411742E-1,1.783324033E-1
1.732814525E1,-2.913418785E-2,1.671661288E-1,1.853362769E-1
1.733819125E1,-7.876539230E-2,1.802659482E-1,1.988629997E-1
1.734823725E1,-1.061730981E-1,1.869783401E-1,2.209980190E-1
1.735828325E1,-1.241270676E-1,1.754838675E-1,2.556364238E-1
1.736832925E1,-1.160991192E-1,1.516907215E-1,2.983929515E-1
1.737837525E1,-7.907292992E-2,1.190622076E-1,3.421708047E-1
1.738842125E1,-1.412499417E-2,8.450941741E-2,3.779935241E-1
1.739846725E1,-2.170666605E-1,2.450841814E-1,3.840394318E-1
1.740851325E1,-2.229113281E-1,2.459409535E-1,3.912730515E-1
1.741855925E1,-1.628056467E-1,3.397499919E-1,4.084706903E-1
1.742860525E1,-7.941877842E-2,3.116584122E-1,4.114620090E-1
1.743865225E1,9.491787106E-2,2.151071131E-1,3.988980055E-1
1.744869825E1,2.883019447E-1,7.607713342E-2,3.663715422E-1
1.745874425E1,4.659204185E-1,-8.326406032E-2,3.154239357E-1
1.746879025E1,5.960816741E-1,-2.310938686E-1,2.613457441E-1
1.747883625E1,6.367715597E-1,-3.053380251E-1,2.117488980E-1
1.748888225E1,5.779814720E-1,-2.971473038E-1,1.896026433E-1
1.749892825E1,4.474223554E-1,-2.185590416E-1,1.843085438E-1
1.750897417E1,2.865692079E-1,-8.511669934E-2,1.744821817E-1