"Time (s)","X (µT)","Y (µT)","Z (µT)"
8.532249980E-3,1.395908356E1,1.075137329E1,-5.203503418E1
1.857824999E-2,1.403536224E1,1.070819092E1,-5.200317383E1
2.862425000E-2,1.412024689E1,1.068405151E1,-5.195471191E1
3.867124999E-2,1.424906540E1,1.058886719E1,-5.176147461E1
4.871725000E-2,1.424387741E1,1.060034180E1,-5.179772949E1
5.876324998E-2,1.419383621E1,1.088442993E1,-5.183526611E1
6.881025000E-2,1.423679352E1,1.074200439E1,-5.197637939E1
7.885624998E-2,1.414919281E1,1.087039185E1,-5.198858643E1
8.890325000E-2,1.415478134E1,1.093685913E1,-5.200836182E1
9.894924998E-2,1.408269882E1,1.106509399E1,-5.211346436E1
1.089952500E-1,1.400569534E1,1.102600098E1,-5.206634521E1
1.190422500E-1,1.400553513E1,1.104760742E1,-5.193005371E1
1.290882500E-1,1.403240585E1,1.099966431E1,-5.193981934E1
1.391342500E-1,1.396155930E1,1.116952515E1,-5.190093994E1
1.491812500E-1,1.400996780E1,1.129519653E1,-5.189367676E1
1.592272500E-1,1.386691666E1,1.124288940E1,-5.187371826E1
1.692732500E-1,1.375214767E1,1.140692139E1,-5.192095947E1
1.793202500E-1,1.376762390E1,1.133642578E1,-5.184124756E1
1.893662500E-1,1.376762390E1,1.133642578E1,-5.184124756E1
1.994132500E-1,1.360377121E1,1.146612549E1,-5.185253906E1
2.094592500E-1,1.349449921E1,1.138717651E1,-5.188653564E1
2.195052500E-1,1.342329407E1,1.142617798E1,-5.185406494E1
2.295522500E-1,1.344026184E1,1.147946167E1,-5.192010498E1
2.395982500E-1,1.351659012E1,1.157968140E1,-5.187957764E1
2.496442500E-1,1.360001373E1,1.160751343E1,-5.187365723E1
2.596912500E-1,1.346275711E1,1.153469849E1,-5.188031006E1
2.697372500E-1,1.332898331E1,1.155978394E1,-5.170831299E1
2.797832500E-1,1.355948639E1,1.156472778E1,-5.174981689E1
2.898302500E-1,1.351320267E1,1.173257446E1,-5.174554443E1
2.998762500E-1,1.344137955E1,1.165316772E1,-5.191284180E1
3.099222500E-1,1.334289932E1,1.181204224E1,-5.183935547E1
3.199692500E-1,1.349456787E1,1.180447388E1,-5.189624023E1
3.300152500E-1,1.355767822E1,1.172253418E1,-5.190185547E1
3.400622500E-1,1.331227112E1,1.170758057E1,-5.209460449E1
3.501082500E-1,1.316196442E1,1.185559082E1,-5.190026855E1
3.601542500E-1,1.316789246E1,1.191992188E1,-5.188256836E1
3.702012500E-1,1.319087601E1,1.185128784E1,-5.179223633E1
3.802472500E-1,1.314307785E1,1.193212891E1,-5.192053223E1
3.902932500E-1,1.313504028E1,1.198858643E1,-5.181140137E1
4.003402500E-1,1.319549942E1,1.197250366E1,-5.194244385E1
4.103862500E-1,1.322919846E1,1.190359497E1,-5.206695557E1
4.204322500E-1,1.327571869E1,1.170004272E1,-5.197052002E1
4.304792500E-1,1.320385742E1,1.180499268E1,-5.192236328E1
4.405252500E-1,1.327128983E1,1.193344116E1,-5.199108887E1
4.505712500E-1,1.306809235E1,1.192810059E1,-5.192889404E1
4.606182500E-1,1.297729492E1,1.184344482E1,-5.183081055E1
4.706642500E-1,1.305254364E1,1.172891235E1,-5.194683838E1
4.807112500E-1,1.313526535E1,1.182376099E1,-5.180792236E1
4.907571250E-1,1.309891129E1,1.182455444E1,-5.171539307E1
5.008031250E-1,1.318436432E1,1.172042847E1,-5.169000244E1
5.108501250E-1,1.310124969E1,1.179022217E1,-5.168530273E1
5.208961250E-1,1.305088425E1,1.177621460E1,-5.153149414E1
5.309421250E-1,1.297653198E1,1.162567139E1,-5.170660400E1
5.409891250E-1,1.292792892E1,1.169635010E1,-5.175897217E1
5.510351250E-1,1.289775467E1,1.172805786E1,-5.176794434E1
5.610811250E-1,1.280305099E1,1.183010864E1,-5.186907959E1
5.711281250E-1,1.269100571E1,1.174227905E1,-5.159838867E1
5.811741250E-1,1.273279953E1,1.169622803E1,-5.160644531E1
5.912201250E-1,1.271543884E1,1.163522339E1,-5.175994873E1
6.012671250E-1,1.284188461E1,1.174279785E1,-5.175042725E1
6.113131250E-1,1.284488678E1,1.188601685E1,-5.159173584E1
6.213591250E-1,1.299521255E1,1.202468872E1,-5.170190430E1
6.314061250E-1,1.296135330E1,1.194674683E1,-5.169525146E1
6.414521250E-1,1.294320297E1,1.185205078E1,-5.170196533E1
6.514981250E-1,1.295396423E1,1.193557739E1,-5.160290527E1
6.615451250E-1,1.286864853E1,1.185809326E1,-5.164349365E1
6.715911250E-1,1.298192215E1,1.189056396E1,-5.162390137E1
6.816371250E-1,1.301048279E1,1.192510986E1,-5.155126953E1
6.916841250E-1,1.309030533E1,1.184411621E1,-5.154138184E1
7.017301250E-1,1.316901398E1,1.182980347E1,-5.144073486E1
7.117771250E-1,1.310611725E1,1.179693604E1,-5.143463135E1
7.218231250E-1,1.309007263E1,1.184729004E1,-5.158422852E1
7.318691250E-1,1.307285309E1,1.187503052E1,-5.148681641E1
7.419161250E-1,1.307500458E1,1.186523438E1,-5.155395508E1
7.519621250E-1,1.307121658E1,1.190826416E1,-5.158660889E1
7.620081250E-1,1.309230804E1,1.190835571E1,-5.146191406E1
7.720551250E-1,1.312379074E1,1.179196167E1,-5.148559570E1
7.821011250E-1,1.322296143E1,1.167916870E1,-5.126367188E1
7.921471250E-1,1.344996643E1,1.164950562E1,-5.165863037E1
8.021941250E-1,1.337368011E1,1.165661621E1,-5.138726807E1
8.122401250E-1,1.338193130E1,1.154067993E1,-5.153186035E1
8.222861250E-1,1.340929031E1,1.164590454E1,-5.161077881E1
8.323331250E-1,1.343861389E1,1.158880615E1,-5.144348145E1
8.423791250E-1,1.339433289E1,1.159771729E1,-5.142529297E1
8.524251250E-1,1.325125122E1,1.153256226E1,-5.146716309E1
8.624721250E-1,1.328460693E1,1.159707642E1,-5.163214111E1
8.725181250E-1,1.331138992E1,1.155386353E1,-5.139093018E1
8.825641250E-1,1.327896118E1,1.152566528E1,-5.128125000E1
8.926111250E-1,1.327896118E1,1.152566528E1,-5.128125000E1
9.026571250E-1,1.320320892E1,1.155947876E1,-5.135412598E1
9.127031250E-1,1.330616760E1,1.157904053E1,-5.130505371E1
9.227501250E-1,1.325457382E1,1.163400269E1,-5.136450195E1
9.327961250E-1,1.335613251E1,1.154983521E1,-5.168920898E1
9.428421250E-1,1.323660278E1,1.164343262E1,-5.155871582E1
9.528891250E-1,1.324098587E1,1.166656494E1,-5.134918213E1
9.629351250E-1,1.330076599E1,1.176800537E1,-5.137799072E1
9.729811250E-1,1.332733154E1,1.172515869E1,-5.137792969E1
9.830281250E-1,1.322309875E1,1.165277100E1,-5.136395264E1
9.930741250E-1,1.312930298E1,1.178274536E1,-5.129278564E1
1.003120125E0,1.321225739E1,1.185263062E1,-5.144445801E1
1.013167125E0,1.313216782E1,1.175506592E1,-5.142199707E1
1.023213125E0,1.323919678E1,1.166696167E1,-5.129498291E1
1.033259125E0,1.309532928E1,1.156625366E1,-5.149572754E1
1.043306125E0,1.305271149E1,1.167572021E1,-5.152191162E1
1.053352125E0,1.298003387E1,1.176129150E1,-5.167187500E1
1.063399125E0,1.295454407E1,1.165646362E1,-5.151446533E1
1.073445125E0,1.311027527E1,1.168844604E1,-5.154577637E1
1.083491125E0,1.293845367E1,1.171618652E1,-5.139532471E1
1.093538125E0,1.299117661E1,1.171575928E1,-5.147991943E1
1.103584125E0,1.301562500E1,1.163949585E1,-5.133044434E1
1.113630125E0,1.296392059E1,1.158935547E1,-5.159185791E1
1.123677125E0,1.283293915E1,1.154479980E1,-5.141339111E1
1.133723125E0,1.305427170E1,1.153295898E1,-5.145898438E1
1.143769125E0,1.297853470E1,1.149517822E1,-5.147900391E1
1.153816125E0,1.309692001E1,1.159576416E1,-5.161511230E1
1.163862125E0,1.306445312E1,1.151358032E1,-5.179174805E1
1.173908125E0,1.300184631E1,1.147695923E1,-5.169165039E1
1.183955125E0,1.306485748E1,1.145364380E1,-5.164904785E1
1.194001125E0,1.309889221E1,1.153820801E1,-5.160467529E1
1.204047125E0,1.303745270E1,1.147998047E1,-5.157952881E1
1.214094125E0,1.297092056E1,1.157162476E1,-5.160003662E1
1.224140125E0,1.306232452E1,1.168270874E1,-5.154687500E1
1.234186125E0,1.299143600E1,1.157489014E1,-5.154095459E1
1.244233125E0,1.309888077E1,1.164074707E1,-5.159503174E1
1.254279125E0,1.312554169E1,1.163943481E1,-5.150817871E1
1.264325125E0,1.320958328E1,1.157940674E1,-5.170251465E1
1.274372125E0,1.320133209E1,1.169036865E1,-5.149072266E1
1.284418125E0,1.308552551E1,1.160787964E1,-5.150158691E1
1.294464125E0,1.312730789E1,1.144729614E1,-5.136816406E1
1.304511125E0,1.323749542E1,1.155172729E1,-5.138397217E1
1.314557125E0,1.327218628E1,1.147448730E1,-5.155267334E1
1.324603125E0,1.320579910E1,1.139288330E1,-5.144610596E1
1.334650125E0,1.312968445E1,1.138049316E1,-5.144226074E1
1.344696125E0,1.322617722E1,1.153115845E1,-5.126000977E1
1.354742125E0,1.322775650E1,1.141683960E1,-5.144427490E1
1.364789125E0,1.343842697E1,1.135330200E1,-5.168762207E1
1.374835125E0,1.334363937E1,1.144189453E1,-5.145019531E1
1.384881125E0,1.332854080E1,1.138748169E1,-5.137756348E1
1.394928125E0,1.344353104E1,1.130599976E1,-5.142065430E1
1.404974125E0,1.349985886E1,1.134017944E1,-5.153466797E1
1.415020125E0,1.335216141E1,1.133752441E1,-5.137005615E1
1.425067125E0,1.335503387E1,1.142672729E1,-5.155413818E1
1.435113125E0,1.346720123E1,1.139056396E1,-5.136578369E1
1.445159125E0,1.335279465E1,1.134805298E1,-5.134564209E1
1.455205125E0,1.333444595E1,1.123593140E1,-5.148419189E1
1.465252125E0,1.350558472E1,1.122784424E1,-5.142462158E1
1.475298125E0,1.343164062E1,1.131793213E1,-5.140026855E1
1.485344125E0,1.360816193E1,1.119723511E1,-5.160681152E1
1.495391042E0,1.363863373E1,1.108688354E1,-5.139849854E1
1.505437042E0,1.363695908E1,1.119229126E1,-5.143737793E1
1.515483042E0,1.367915344E1,1.123498535E1,-5.152264404E1
1.525530042E0,1.376274872E1,1.109625244E1,-5.159497070E1
1.535576042E0,1.376231766E1,1.115264893E1,-5.154339600E1
1.545622042E0,1.371253967E1,1.122534180E1,-5.145440674E1
1.555669042E0,1.358990860E1,1.131390381E1,-5.151605225E1
1.565715042E0,1.385311127E1,1.124749756E1,-5.115777588E1
1.575761042E0,1.373517990E1,1.132922363E1,-5.130517578E1
1.585808042E0,1.366788483E1,1.142846680E1,-5.118096924E1
1.595854042E0,1.365293503E1,1.155960083E1,-5.112603760E1
1.605900042E0,1.364104843E1,1.154190063E1,-5.123059082E1
1.615947042E0,1.364104843E1,1.154190063E1,-5.123059082E1
1.625993042E0,1.372620773E1,1.140466309E1,-5.104504395E1
1.636039042E0,1.383562088E1,1.141818237E1,-5.121099854E1
1.646086042E0,1.375456619E1,1.143225098E1,-5.114416504E1
1.656132042E0,1.366076279E1,1.148559570E1,-5.132653809E1
1.666178042E0,1.358322906E1,1.140246582E1,-5.121484375E1
1.676225042E0,1.376998520E1,1.143640137E1,-5.138385010E1
1.686271042E0,1.379479980E1,1.155621338E1,-5.127557373E1
1.696317042E0,1.364638519E1,1.158261108E1,-5.125231934E1
1.706364042E0,1.371381760E1,1.151678467E1,-5.139007568E1
1.716410042E0,1.375609970E1,1.155984497E1,-5.133312988E1
1.726456042E0,1.379589081E1,1.162875366E1,-5.127801514E1
1.736503042E0,1.370602417E1,1.173788452E1,-5.135003662E1
1.746549042E0,1.361825943E1,1.180303955E1,-5.128826904E1
1.756595042E0,1.356634140E1,1.162088013E1,-5.122216797E1
1.766642042E0,1.353660965E1,1.158996582E1,-5.135888672E1
1.776688042E0,1.366876602E1,1.162161255E1,-5.141473389E1
1.786734042E0,1.361524200E1,1.167495728E1,-5.116210938E1
1.796780042E0,1.364123917E1,1.170831299E1,-5.134155273E1
1.806827042E0,1.359466934E1,1.166070557E1,-5.107025146E1
1.816873042E0,1.356484222E1,1.164810181E1,-5.104193115E1
1.826919042E0,1.333496857E1,1.165991211E1,-5.132897949E1
1.836966042E0,1.337927628E1,1.168893433E1,-5.132470703E1
1.847012042E0,1.338463974E1,1.173223877E1,-5.116296387E1
1.857058042E0,1.353487396E1,1.164788818E1,-5.110809326E1
1.867105042E0,1.354125977E1,1.176135254E1,-5.111798096E1
1.877151042E0,1.349490356E1,1.182244873E1,-5.113958740E1
1.887197042E0,1.350916672E1,1.167813110E1,-5.110955811E1
1.897244042E0,1.348146057E1,1.174572754E1,-5.109674072E1
1.907290042E0,1.340748978E1,1.169635010E1,-5.104632568E1
1.917336042E0,1.340967560E1,1.171633911E1,-5.115405273E1
1.927383042E0,1.333960724E1,1.164520264E1,-5.107397461E1
1.937429042E0,1.352545166E1,1.165423584E1,-5.098498535E1
1.947475042E0,1.362787247E1,1.171963501E1,-5.112445068E1
1.957522042E0,1.348777008E1,1.181152344E1,-5.097009277E1
1.967568042E0,1.361407852E1,1.174560547E1,-5.106530762E1
1.977614042E0,1.352534485E1,1.183950806E1,-5.137579346E1
1.987661042E0,1.351314545E1,1.179226685E1,-5.128289795E1
1.997707042E0,1.346713638E1,1.156747437E1,-5.120855713E1
2.007753042E0,1.353073502E1,1.165219116E1,-5.125451660E1
2.017799042E0,1.341164398E1,1.166711426E1,-5.113720703E1
2.027846042E0,1.352669907E1,1.165710449E1,-5.113458252E1
2.037892042E0,1.351893616E1,1.166027832E1,-5.096972656E1
2.047938042E0,1.363702011E1,1.158789062E1,-5.116845703E1
2.057985042E0,1.357737350E1,1.161935425E1,-5.133776855E1
2.068031042E0,1.366065979E1,1.160839844E1,-5.125042725E1
2.078077042E0,1.361119461E1,1.165295410E1,-5.113787842E1
2.088124042E0,1.354194641E1,1.159799194E1,-5.106188965E1
2.098170042E0,1.359100723E1,1.163262939E1,-5.086419678E1
2.108216042E0,1.362157440E1,1.166763306E1,-5.084002686E1
2.118263042E0,1.355184174E1,1.171945190E1,-5.097387695E1
2.128309042E0,1.356235504E1,1.161526489E1,-5.113720703E1
2.138355042E0,1.367065430E1,1.169451904E1,-5.104779053E1
2.148402042E0,1.373305511E1,1.168765259E1,-5.106097412E1
2.158448042E0,1.380288315E1,1.163848877E1,-5.100799561E1
2.168494042E0,1.377099609E1,1.169598389E1,-5.084497070E1
2.178540042E0,1.372402954E1,1.166415405E1,-5.104113770E1
2.188587042E0,1.369745636E1,1.180938721E1,-5.074884033E1
2.198633042E0,1.374952698E1,1.179449463E1,-5.110308838E1
2.208679042E0,1.369893646E1,1.172265625E1,-5.138854980E1
2.218726042E0,1.379916763E1,1.170440674E1,-5.104125977E1
2.228772042E0,1.378935623E1,1.177877808E1,-5.097875977E1
2.238818042E0,1.381530762E1,1.181341553E1,-5.102111816E1
2.248865042E0,1.367440033E1,1.179089355E1,-5.100817871E1
2.258911042E0,1.371017075E1,1.189788818E1,-5.083453369E1
2.268957042E0,1.370690536E1,1.179718018E1,-5.102398682E1
2.279004042E0,1.371651840E1,1.187588501E1,-5.083428955E1
2.289050042E0,1.355236053E1,1.188290405E1,-5.095837402E1
2.299096042E0,1.364869308E1,1.169412231E1,-5.084173584E1
2.309142042E0,1.357490921E1,1.173355103E1,-5.075061035E1
2.319189042E0,1.368635178E1,1.182565308E1,-5.106042480E1
2.329235042E0,1.368635178E1,1.182565308E1,-5.106042480E1
2.339281042E0,1.361201096E1,1.199572754E1,-5.097436523E1
2.349328042E0,1.359189987E1,1.193011475E1,-5.103826904E1
2.359374042E0,1.360086823E1,1.186340332E1,-5.108929443E1
2.369420042E0,1.358857727E1,1.203344727E1,-5.107513428E1
2.379467042E0,1.358571243E1,1.203839111E1,-5.094683838E1
2.389513042E0,1.366098022E1,1.209747314E1,-5.075555420E1
2.399559042E0,1.348696136E1,1.205273438E1,-5.113287354E1
2.409606042E0,1.367978287E1,1.185177612E1,-5.117895508E1
2.419652042E0,1.355345535E1,1.186486816E1,-5.119097900E1
2.429698042E0,1.349564743E1,1.206396484E1,-5.096179199E1
2.439744042E0,1.355974197E1,1.196289062E1,-5.106933594E1
2.449791042E0,1.354888153E1,1.194958496E1,-5.113385010E1
2.459837042E0,1.350375366E1,1.198083496E1,-5.082000732E1
2.469883042E0,1.348938370E1,1.196423340E1,-5.096276855E1
2.479930042E0,1.349141693E1,1.187750244E1,-5.113519287E1
2.489976042E0,1.342910767E1,1.194580078E1,-5.120861816E1
2.500022750E0,1.340766144E1,1.198202515E1,-5.125885010E1
2.510069750E0,1.330901337E1,1.203231812E1,-5.106225586E1
2.520115750E0,1.336446762E1,1.224911499E1,-5.099945068E1
2.530161750E0,1.340945053E1,1.216061401E1,-5.089703369E1
2.540207750E0,1.335641861E1,1.214312744E1,-5.090112305E1
2.550254750E0,1.334223175E1,1.231866455E1,-5.100616455E1
2.560300750E0,1.320201492E1,1.225051880E1,-5.098144531E1
2.570346750E0,1.333074951E1,1.228161621E1,-5.101367188E1
2.580393750E0,1.332553864E1,1.223889160E1,-5.117291260E1
2.590439750E0,1.346723938E1,1.227111816E1,-5.103198242E1
2.600485750E0,1.345196152E1,1.230969238E1,-5.085809326E1
2.610532750E0,1.341720200E1,1.212240601E1,-5.102386475E1
2.620578750E0,1.336513901E1,1.220068359E1,-5.103723145E1
2.630624750E0,1.345500946E1,1.215826416E1,-5.113409424E1
2.640670750E0,1.353552628E1,1.225863647E1,-5.098547363E1
2.650717750E0,1.346472549E1,1.232104492E1,-5.092144775E1
2.660763750E0,1.352475357E1,1.239028931E1,-5.094360352E1
2.670809750E0,1.349675751E1,1.226123047E1,-5.095715332E1
2.680856750E0,1.359145355E1,1.225112915E1,-5.091015625E1
2.690902750E0,1.357091141E1,1.228866577E1,-5.083325195E1
2.700948750E0,1.360299683E1,1.235882568E1,-5.077789307E1
2.710995750E0,1.342786789E1,1.234405518E1,-5.067242432E1
2.721041750E0,1.344318008E1,1.240203857E1,-5.072937012E1
2.731087750E0,1.339039230E1,1.237933350E1,-5.067840576E1
2.741133750E0,1.335063171E1,1.243237305E1,-5.071911621E1
2.751180750E0,1.337094116E1,1.240783691E1,-5.083221436E1
2.761226750E0,1.333863449E1,1.249142456E1,-5.065710449E1
2.771272750E0,1.330897141E1,1.234121704E1,-5.073461914E1
2.781319750E0,1.351512909E1,1.223431396E1,-5.095202637E1
2.791365750E0,1.335197830E1,1.231112671E1,-5.105511475E1
2.801411750E0,1.330773926E1,1.229406738E1,-5.085974121E1
2.811458750E0,1.327391434E1,1.245724487E1,-5.087615967E1
2.821504750E0,1.325000000E1,1.243331909E1,-5.083441162E1
2.831550750E0,1.334673309E1,1.228982544E1,-5.051574707E1
2.841596750E0,1.314385986E1,1.231933594E1,-5.066754150E1
2.851643750E0,1.318400192E1,1.228485107E1,-5.076165771E1
2.861689750E0,1.304341125E1,1.221166992E1,-5.097857666E1
2.871735750E0,1.315214920E1,1.229046631E1,-5.074285889E1
2.881782750E0,1.296642685E1,1.228445435E1,-5.083312988E1
2.891828750E0,1.296992874E1,1.241928101E1,-5.066229248E1
2.901874750E0,1.287950516E1,1.250875854E1,-5.067260742E1
2.911920750E0,1.295830917E1,1.249929810E1,-5.059313965E1
2.921967750E0,1.278459930E1,1.257211304E1,-5.059771729E1
2.932013750E0,1.282425690E1,1.250881958E1,-5.051458740E1
2.942059750E0,1.285213470E1,1.250561523E1,-5.052874756E1
2.952106750E0,1.288583374E1,1.252670288E1,-5.028649902E1
2.962152750E0,1.291334915E1,1.252029419E1,-5.026635742E1
2.972198750E0,1.287018967E1,1.254708862E1,-5.025585938E1
2.982245750E0,1.284416199E1,1.258770752E1,-5.039019775E1
2.992291750E0,1.267856216E1,1.259652710E1,-5.054003906E1
3.002337750E0,1.271791840E1,1.250375366E1,-5.045849609E1
3.012383750E0,1.271791840E1,1.250375366E1,-5.045849609E1
3.022430750E0,1.273816681E1,1.250601196E1,-5.040417480E1
3.032476750E0,1.251807404E1,1.253421021E1,-5.043334961E1
3.042522750E0,1.251807404E1,1.253421021E1,-5.043334961E1
3.052569750E0,1.251164246E1,1.245861816E1,-5.028796387E1
3.062615750E0,1.243687439E1,1.256167603E1,-5.061022949E1
3.072661750E0,1.239876175E1,1.251742554E1,-5.022692871E1
3.082707750E0,1.231915283E1,1.250335693E1,-5.013897705E1
3.092754750E0,1.227440262E1,1.245300293E1,-5.005126953E1
3.102800750E0,1.226158905E1,1.252880859E1,-5.016986084E1
3.112846750E0,1.224415588E1,1.266778564E1,-5.017303467E1
3.122893750E0,1.235656357E1,1.254110718E1,-4.988818359E1
3.132939750E0,1.215400314E1,1.257873535E1,-4.994500732E1
3.142985750E0,1.222592545E1,1.263555908E1,-4.990423584E1
3.153031750E0,1.222404099E1,1.265261841E1,-4.987445068E1
3.163078750E0,1.206808090E1,1.273483276E1,-5.018322754E1
3.173124750E0,1.197919083E1,1.272189331E1,-5.001153564E1
3.183170750E0,1.177949524E1,1.264254761E1,-4.973828125E1
3.193217750E0,1.185589218E1,1.272811890E1,-4.975866699E1
3.203263750E0,1.181464767E1,1.265121460E1,-4.944207764E1
3.213309750E0,1.172953415E1,1.269772339E1,-4.941662598E1
3.223355750E0,1.155434036E1,1.258499146E1,-4.926824951E1
3.233402750E0,1.137934875E1,1.267639160E1,-4.940240479E1
3.243448750E0,1.138536835E1,1.271368408E1,-4.934680176E1
3.253494750E0,1.137626266E1,1.281646729E1,-4.933074951E1
3.263541750E0,1.135807419E1,1.277178955E1,-4.920690918E1
3.273587750E0,1.126468658E1,1.296612549E1,-4.894659424E1
3.283633750E0,1.126178360E1,1.295855713E1,-4.901281738E1
3.293679750E0,1.114971161E1,1.296966553E1,-4.895727539E1
3.303726750E0,1.103433990E1,1.303433228E1,-4.896441650E1
3.313772750E0,1.109867859E1,1.271832275E1,-4.890551758E1
3.323818750E0,1.094113541E1,1.275006104E1,-4.860101318E1
3.333865750E0,1.100959396E1,1.264816284E1,-4.867364502E1
3.343911750E0,1.100892639E1,1.255484009E1,-4.863153076E1
3.353957750E0,1.107799911E1,1.251974487E1,-4.866058350E1
3.364003750E0,1.069420242E1,1.259439087E1,-4.863128662E1
3.374050750E0,1.049506378E1,1.260064697E1,-4.869604492E1
3.384096750E0,1.027338028E1,1.261087036E1,-4.860583496E1
3.394142750E0,1.004465866E1,1.278051758E1,-4.839636230E1
3.404189750E0,9.922496796E0,1.305380249E1,-4.809600830E1
3.414235750E0,9.673969269E0,1.325933838E1,-4.811230469E1
3.424281750E0,9.825355530E0,1.363531494E1,-4.767553711E1
3.434327750E0,9.828926086E0,1.380389404E1,-4.756640625E1
3.444374750E0,9.839427948E0,1.409622192E1,-4.759564209E1
3.454420750E0,9.886898041E0,1.422500610E1,-4.737310791E1
3.464466750E0,9.586944580E0,1.437451172E1,-4.746203613E1
3.474513750E0,9.480487823E0,1.480322266E1,-4.735559082E1
3.484559750E0,9.330429077E0,1.490121460E1,-4.731469727E1
3.494605750E0,9.157482147E0,1.508648682E1,-4.731134033E1
3.504651750E0,8.902927399E0,1.508242798E1,-4.718499756E1
3.514698750E0,8.540142059E0,1.524938965E1,-4.694238281E1
3.524744750E0,8.324172974E0,1.543957520E1,-4.706591797E1
3.534790750E0,8.090930939E0,1.541552734E1,-4.697497559E1
3.544836750E0,7.956748962E0,1.532653809E1,-4.705633545E1
3.554883750E0,7.814758301E0,1.542098999E1,-4.677075195E1
3.564929750E0,7.753868103E0,1.534725952E1,-4.673645020E1
3.574975750E0,7.430107117E0,1.548092651E1,-4.688336182E1
3.585022750E0,7.263675690E0,1.554635620E1,-4.647192383E1
3.595068750E0,6.938945770E0,1.568386841E1,-4.635644531E1
3.605114750E0,6.707126617E0,1.587091064E1,-4.663427734E1
3.615160750E0,6.381530762E0,1.587792969E1,-4.666357422E1
3.625207750E0,6.104042053E0,1.610794067E1,-4.641589355E1
3.635253750E0,5.764953613E0,1.597955322E1,-4.643481445E1
3.645299750E0,5.738025665E0,1.601242065E1,-4.632629395E1
3.655346750E0,5.425945282E0,1.619946289E1,-4.640368652E1
3.665392750E0,5.140918732E0,1.628848267E1,-4.600872803E1
3.675438750E0,4.957656860E0,1.636312866E1,-4.600817871E1
3.685484750E0,4.705410004E0,1.638916016E1,-4.604443359E1
3.695531750E0,4.504833221E0,1.647509766E1,-4.581506348E1
3.705577750E0,4.262336731E0,1.655618286E1,-4.574188232E1
3.715623750E0,4.180931091E0,1.650189209E1,-4.570880127E1
3.725669750E0,3.852645874E0,1.644772339E1,-4.558276367E1
3.735716750E0,3.679489136E0,1.660705566E1,-4.535375977E1
3.745762750E0,3.375946045E0,1.656527710E1,-4.510021973E1
3.755808750E0,3.375946045E0,1.656527710E1,-4.510021973E1
3.765855750E0,2.975852966E0,1.678625488E1,-4.541766357E1
3.775901750E0,2.648200989E0,1.680532837E1,-4.527459717E1
3.785947750E0,2.460006714E0,1.678500366E1,-4.537005615E1
3.795993750E0,2.125083923E0,1.668807983E1,-4.525738525E1
3.806040750E0,1.970901489E0,1.651040649E1,-4.484741211E1
3.816086750E0,1.746238708E0,1.637573242E1,-4.496954346E1
3.826132750E0,1.396682739E0,1.626876831E1,-4.476031494E1
3.836178750E0,1.034393311E0,1.618283081E1,-4.485241699E1
3.846225750E0,7.611236572E-1,1.608825684E1,-4.469134521E1
3.856271750E0,5.771484375E-1,1.613018799E1,-4.466772461E1
3.866317750E0,3.200912476E-1,1.577209473E1,-4.457324219E1
3.876364750E0,2.161788940E-1,1.566055298E1,-4.475775146E1
3.886410750E0,-9.896850586E-2,1.547540283E1,-4.473785400E1
3.896456750E0,-4.329833984E-1,1.533590698E1,-4.468487549E1
3.906502750E0,-5.474395752E-1,1.510336304E1,-4.488775635E1
3.916549750E0,-6.535186768E-1,1.477990723E1,-4.480163574E1
3.926595750E0,-8.410873413E-1,1.463040161E1,-4.459759521E1
3.936641750E0,-1.120269775E0,1.441894531E1,-4.468371582E1
3.946687750E0,-1.341461182E0,1.421047974E1,-4.448773193E1
3.956734750E0,-1.977874756E0,1.411358643E1,-4.457476807E1
3.966780750E0,-2.307312012E0,1.395980835E1,-4.423822021E1
3.976826750E0,-2.723930359E0,1.379986572E1,-4.416607666E1
3.986872750E0,-2.757614136E0,1.376177979E1,-4.401184082E1
3.996919750E0,-3.025611877E0,1.376104736E1,-4.399774170E1
4.006965750E0,-2.950515747E0,1.377285767E1,-4.400134277E1
4.017011750E0,-2.862594604E0,1.370730591E1,-4.401910400E1
4.027058750E0,-2.661849976E0,1.376556396E1,-4.401116943E1
4.037104750E0,-2.510772705E0,1.372842407E1,-4.381286621E1
4.047150750E0,-2.317535400E0,1.349218750E1,-4.395880127E1
4.057196750E0,-2.126296997E0,1.332958984E1,-4.393109131E1
4.067243750E0,-2.095008850E0,1.319711304E1,-4.387194824E1
4.077289750E0,-1.848968506E0,1.224356079E1,-4.358734131E1
4.087335750E0,-2.041305542E0,1.189404297E1,-4.354461670E1
4.097381750E0,-2.234451294E0,1.185134888E1,-4.374243164E1
4.107428750E0,-2.582405090E0,1.178228760E1,-4.381872559E1
4.117474750E0,-2.862892151E0,1.154391479E1,-4.349401855E1
4.127520750E0,-3.459365845E0,1.149478149E1,-4.341912842E1
4.137566750E0,-3.754051208E0,1.138943481E1,-4.346374512E1
4.147613750E0,-4.226028442E0,1.105270386E1,-4.328918457E1
4.157659750E0,-4.648384094E0,1.079452515E1,-4.354553223E1
4.167705750E0,-4.931579590E0,1.067953491E1,-4.360778809E1
4.177752750E0,-5.240493774E0,1.054373169E1,-4.361535645E1
4.187798750E0,-5.318229675E0,1.039468384E1,-4.370904541E1
4.197844750E0,-5.399635315E0,1.029946899E1,-4.358221436E1
4.207890750E0,-5.652618408E0,1.021426392E1,-4.345104980E1
4.217937750E0,-5.432189941E0,1.003475952E1,-4.367871094E1
4.227983750E0,-5.397476196E0,9.947906494E0,-4.364025879E1
4.238029750E0,-5.340049744E0,9.918792725E0,-4.383526611E1
4.248075750E0,-5.110603333E0,1.005300903E1,-4.371966553E1
4.258122750E0,-4.793060303E0,9.850738525E0,-4.367987061E1
4.268168750E0,-4.609657288E0,9.822113037E0,-4.360150146E1
4.278214750E0,-4.439567566E0,9.763946533E0,-4.386962891E1
4.288260750E0,-4.243392944E0,9.700531006E0,-4.369140625E1
4.298307750E0,-4.048423767E0,9.303009033E0,-4.358343506E1
4.308353750E0,-3.950965881E0,9.353851318E0,-4.325970459E1
4.318399750E0,-3.851463318E0,9.199005127E0,-4.325762939E1
4.328445750E0,-3.855316162E0,8.987182617E0,-4.334185791E1
4.338492750E0,-3.760650635E0,8.988342285E0,-4.337432861E1
4.348538750E0,-3.906654358E0,8.978240967E0,-4.332702637E1
4.358584750E0,-3.947853088E0,9.005706787E0,-4.327526855E1
4.368630750E0,-3.943824768E0,8.945800781E0,-4.332476807E1
4.378677750E0,-3.861343384E0,8.690551758E0,-4.292956543E1
4.388723750E0,-3.798767090E0,8.668121338E0,-4.305426025E1
4.398769750E0,-3.725807190E0,8.643127441E0,-4.298236084E1
4.408816750E0,-3.717437744E0,8.728607178E0,-4.295202637E1
4.418862750E0,-3.940513611E0,8.706787109E0,-4.322222900E1
4.428908750E0,-3.866500854E0,8.693084717E0,-4.289819336E1
4.438954750E0,-3.734169006E0,8.491943359E0,-4.270220947E1
4.449001750E0,-3.627609253E0,8.530181885E0,-4.225939941E1
4.459047750E0,-3.796493530E0,8.483489990E0,-4.274603271E1
4.469093750E0,-3.796493530E0,8.483489990E0,-4.274603271E1
4.479139750E0,-3.713233948E0,8.433593750E0,-4.276434326E1
4.489186750E0,-3.639205933E0,8.175598145E0,-4.286614990E1
4.499233042E0,-3.566314697E0,7.926757812E0,-4.299609375E1
4.509279042E0,-3.380699158E0,7.596435547E0,-4.295941162E1
4.519325042E0,-3.599044800E0,7.605834961E0,-4.304925537E1
4.529372042E0,-3.666290283E0,7.368347168E0,-4.286724854E1
4.539418042E0,-3.602989197E0,7.151153564E0,-4.285119629E1
4.549464042E0,-3.636169434E0,7.059265137E0,-4.281445312E1
4.559510042E0,-3.416320801E0,6.925750732E0,-4.306475830E1
4.569557042E0,-3.422554016E0,6.488952637E0,-4.315356445E1
4.579603042E0,-3.275794983E0,6.486450195E0,-4.310339355E1
4.589649042E0,-3.190483093E0,6.297698975E0,-4.319653320E1
4.599695042E0,-3.110160828E0,6.278839111E0,-4.329412842E1
4.609742042E0,-3.150779724E0,6.014556885E0,-4.311749268E1
4.619788042E0,-3.183082581E0,5.710968018E0,-4.302490234E1
4.629834042E0,-3.220146179E0,5.620330811E0,-4.315368652E1
4.639880042E0,-3.237434387E0,5.497009277E0,-4.318676758E1
4.649927042E0,-3.033439636E0,5.409820557E0,-4.325756836E1
4.659973042E0,-2.908378601E0,4.966308594E0,-4.317864990E1
4.670019042E0,-2.424171448E0,4.352508545E0,-4.342492676E1
4.680065042E0,-2.056388855E0,3.849334717E0,-4.343353271E1
4.690112042E0,-1.671745300E0,3.701721191E0,-4.341271973E1
4.700158042E0,-1.158073425E0,3.364807129E0,-4.365478516E1
4.710204042E0,-7.193679810E-1,3.203033447E0,-4.348937988E1
4.720250042E0,-2.528457642E-1,3.048889160E0,-4.358935547E1
4.730297042E0,1.454620361E-1,2.999114990E0,-4.345227051E1
4.740343042E0,7.073440552E-1,3.004974365E0,-4.334851074E1
4.750389042E0,9.619827271E-1,2.978912354E0,-4.316497803E1
4.760435042E0,1.292762756E0,3.166412354E0,-4.313800049E1
4.770482042E0,1.598052979E0,3.329681396E0,-4.328045654E1
4.780528042E0,1.709785461E0,3.304382324E0,-4.331817627E1
4.790574042E0,1.973999023E0,3.464111328E0,-4.314025879E1
4.800620042E0,2.160186768E0,3.540252686E0,-4.291900635E1
4.810667042E0,2.235076904E0,3.698455811E0,-4.303881836E1
4.820713042E0,2.347122192E0,3.662261963E0,-4.308190918E1
4.830759042E0,2.415161133E0,3.556518555E0,-4.319830322E1
4.840805042E0,2.487030029E0,3.481140137E0,-4.332305908E1
4.850852042E0,2.593612671E0,3.540191650E0,-4.308410645E1
4.860898042E0,2.523452759E0,3.321929932E0,-4.329895020E1
4.870944042E0,2.803947449E0,3.201263428E0,-4.315234375E1
4.880990042E0,3.002593994E0,3.144378662E0,-4.310272217E1
4.891037042E0,3.078971863E0,3.287689209E0,-4.330511475E1
4.901083042E0,3.139015198E0,3.287353516E0,-4.299517822E1
4.911129042E0,3.318771362E0,3.090820312E0,-4.317150879E1
4.921175042E0,3.653007507E0,3.065399170E0,-4.327545166E1
4.931222042E0,3.740158081E0,3.002624512E0,-4.317053223E1
4.941268042E0,3.815093994E0,3.001861572E0,-4.321234131E1
4.951314042E0,4.001617432E0,2.851135254E0,-4.311535645E1
4.961360042E0,3.882972717E0,2.817565918E0,-4.313677979E1
4.971407042E0,3.850288391E0,2.634338379E0,-4.291973877E1
4.981453042E0,3.868972778E0,2.465148926E0,-4.308557129E1
4.991499042E0,3.867813110E0,2.326904297E0,-4.334954834E1
5.001545042E0,3.654525757E0,2.045471191E0,-4.324713135E1
5.011592042E0,3.470146179E0,1.948333740E0,-4.326391602E1
5.021638042E0,3.388435364E0,1.913177490E0,-4.347766113E1
5.031684042E0,3.269165039E0,1.589111328E0,-4.340332031E1
5.041730042E0,2.984306335E0,1.279937744E0,-4.384930420E1
5.051777042E0,3.023536682E0,9.779968262E-1,-4.380926514E1
5.061823042E0,2.949058533E0,8.177490234E-1,-4.397546387E1
5.071869042E0,2.832626343E0,6.788635254E-1,-4.393688965E1
5.081915042E0,2.844909668E0,3.753051758E-1,-4.392803955E1
5.091962042E0,2.746932983E0,8.624267578E-2,-4.411376953E1
5.102008042E0,2.800689697E0,-1.854553223E-1,-4.417651367E1
5.112054042E0,2.799057007E0,-4.868774414E-1,-4.433728027E1
5.122100042E0,2.642471313E0,-5.082092285E-1,-4.409570312E1
5.132146042E0,2.660774231E0,-6.660461426E-1,-4.419543457E1
5.142193042E0,2.666213989E0,-8.321838379E-1,-4.434356689E1
5.152239042E0,2.766525269E0,-9.227294922E-1,-4.427124023E1
5.162285042E0,2.718421936E0,-8.307189941E-1,-4.424267578E1
5.172331042E0,2.436157227E0,-7.885131836E-1,-4.423223877E1
5.182378042E0,2.436157227E0,-7.885131836E-1,-4.423223877E1
5.192424042E0,2.264488220E0,-5.072326660E-1,-4.460278320E1
5.202470042E0,1.931770325E0,-3.896789551E-1,-4.468164062E1
5.212516042E0,1.787185669E0,-1.186523438E-1,-4.447979736E1
5.222563042E0,1.622970581E0,2.174682617E-1,-4.437939453E1
5.232609042E0,1.756050110E0,4.027404785E-1,-4.445983887E1
5.242655042E0,2.029586792E0,3.895568848E-1,-4.455712891E1
5.252701042E0,2.407615662E0,1.528015137E-1,-4.431579590E1
5.262748042E0,2.856918335E0,6.713867188E-3,-4.443121338E1
5.272794042E0,3.347976685E0,-7.870483398E-2,-4.440563965E1
5.282840042E0,3.652725220E0,-3.933105469E-1,-4.446929932E1
5.292886042E0,3.773643494E0,-6.732177734E-1,-4.444714355E1
5.302933042E0,3.814216614E0,-9.864501953E-1,-4.439984131E1
5.312979042E0,3.826843262E0,-1.407958984E0,-4.440997314E1
5.323025042E0,3.700958252E0,-1.892425537E0,-4.439147949E1
5.333071042E0,3.682388306E0,-2.125457764E0,-4.440270996E1
5.343117042E0,3.485466003E0,-2.326324463E0,-4.455908203E1
5.353164042E0,3.353897095E0,-2.439025879E0,-4.481683350E1
5.363210042E0,3.172492981E0,-2.625274658E0,-4.494952393E1
5.373256042E0,3.152778625E0,-2.845428467E0,-4.483734131E1
5.383302042E0,3.180191040E0,-3.007598877E0,-4.484033203E1
5.393349042E0,3.285263062E0,-3.225799561E0,-4.477996826E1
5.403395042E0,3.372070312E0,-3.217010498E0,-4.472198486E1
5.413441042E0,3.520797729E0,-3.387481689E0,-4.460339355E1
5.423487042E0,3.757835388E0,-3.379974365E0,-4.483734131E1
5.433534042E0,3.889831543E0,-3.537872314E0,-4.465270996E1
5.443580042E0,4.227493286E0,-3.816711426E0,-4.472241211E1
5.453626042E0,4.606178284E0,-3.732482910E0,-4.483020020E1
5.463672042E0,4.778190613E0,-3.851348877E0,-4.462707520E1
5.473719042E0,5.009178162E0,-3.853179932E0,-4.455114746E1
5.483765042E0,5.263317108E0,-3.859436035E0,-4.457916260E1
5.493811042E0,5.425083160E0,-3.895141602E0,-4.454821777E1
5.503856292E0,5.760951996E0,-4.115875244E0,-4.460455322E1
5.513902292E0,6.024444580E0,-4.113952637E0,-4.463519287E1
5.523949292E0,6.170349121E0,-4.038970947E0,-4.483288574E1
5.533995292E0,6.195072174E0,-4.117095947E0,-4.472314453E1
5.544041292E0,6.375751495E0,-4.135559082E0,-4.460137939E1
5.554087292E0,6.392929077E0,-4.300903320E0,-4.471905518E1
5.564134292E0,6.427326202E0,-4.282135010E0,-4.471606445E1
5.574180292E0,6.429767609E0,-4.248413086E0,-4.469256592E1
5.584226292E0,6.428989410E0,-4.223999023E0,-4.493994141E1
5.594272292E0,6.429367065E0,-4.215301514E0,-4.511206055E1
5.604319292E0,6.467674255E0,-4.236022949E0,-4.502557373E1
5.614365292E0,6.496356964E0,-4.324584961E0,-4.519641113E1
5.624411292E0,6.549713135E0,-4.382629395E0,-4.511779785E1
5.634457292E0,6.638481140E0,-4.553894043E0,-4.508770752E1
5.644503292E0,6.791027069E0,-4.705688477E0,-4.501116943E1
5.654550292E0,6.855270386E0,-4.977294922E0,-4.511431885E1
5.664596292E0,6.736503601E0,-5.125854492E0,-4.524914551E1
5.674642292E0,6.850681305E0,-5.287231445E0,-4.540374756E1
5.684688292E0,6.686786652E0,-5.339080811E0,-4.539221191E1
5.694735292E0,6.577754974E0,-5.320312500E0,-4.529797363E1
5.704781292E0,6.581207275E0,-5.452514648E0,-4.541925049E1
5.714827292E0,6.428916931E0,-5.428619385E0,-4.549865723E1
5.724873292E0,6.095874786E0,-5.314392090E0,-4.552886963E1
5.734920292E0,6.008941650E0,-5.368682861E0,-4.535974121E1
5.744966292E0,5.823135376E0,-5.574096680E0,-4.553808594E1
5.755012292E0,5.948673248E0,-5.609649658E0,-4.551983643E1
5.765058292E0,5.979011536E0,-5.604827881E0,-4.561047363E1
5.775104292E0,6.115909576E0,-5.750518799E0,-4.567089844E1
5.785151292E0,6.292488098E0,-5.922302246E0,-4.546258545E1
5.795197292E0,6.342308044E0,-5.944793701E0,-4.548992920E1
5.805243292E0,6.730960846E0,-6.041870117E0,-4.557995605E1
5.815289292E0,7.181308746E0,-6.159362793E0,-4.551684570E1
5.825336292E0,7.587947845E0,-6.428649902E0,-4.535247803E1
5.835382292E0,7.899711609E0,-6.569427490E0,-4.540185547E1
5.845428292E0,8.315414429E0,-6.878143311E0,-4.500134277E1
5.855474292E0,8.868255615E0,-7.175415039E0,-4.517498779E1
5.865520292E0,9.135379791E0,-7.200836182E0,-4.515979004E1
5.875567292E0,9.353488922E0,-7.588165283E0,-4.484136963E1
5.885613292E0,9.437694550E0,-7.745513916E0,-4.496508789E1
5.895659292E0,9.437694550E0,-7.745513916E0,-4.496508789E1
5.905705292E0,9.520141602E0,-7.948730469E0,-4.493591309E1
5.915752292E0,9.467082977E0,-8.257843018E0,-4.495849609E1
5.925798292E0,9.456577301E0,-8.506195068E0,-4.483715820E1
5.935844292E0,9.269481659E0,-8.829040527E0,-4.470574951E1
5.945890292E0,9.450214386E0,-9.182983398E0,-4.482580566E1
5.955936292E0,9.344627380E0,-9.574096680E0,-4.481665039E1
5.965983292E0,9.261558533E0,-9.862945557E0,-4.484149170E1
5.976029292E0,9.215843201E0,-1.007495117E1,-4.465686035E1
5.986075292E0,9.248142242E0,-1.024252319E1,-4.470617676E1
5.996121292E0,9.249935150E0,-1.058682251E1,-4.451428223E1
6.006168292E0,9.301227570E0,-1.075601196E1,-4.438519287E1
6.016214292E0,9.471214294E0,-1.077673340E1,-4.451391602E1
6.026260292E0,9.891456604E0,-1.084475708E1,-4.445562744E1
6.036306292E0,1.001316071E1,-1.076815796E1,-4.432537842E1
6.046352292E0,1.018700790E1,-1.083953857E1,-4.421386719E1
6.056399292E0,1.036883163E1,-1.103591919E1,-4.399957275E1
6.066445292E0,1.036212540E1,-1.095339966E1,-4.392681885E1
6.076491292E0,1.047020721E1,-1.107440186E1,-4.395361328E1
6.086537292E0,1.066155243E1,-1.106033325E1,-4.381713867E1
6.096584292E0,1.069340515E1,-1.105084229E1,-4.381634521E1
6.106630292E0,1.082841873E1,-1.098309326E1,-4.368707275E1
6.116676292E0,1.096104050E1,-1.096972656E1,-4.385485840E1
6.126722292E0,1.099928665E1,-1.111581421E1,-4.407952881E1
6.136768292E0,1.090570831E1,-1.110604858E1,-4.369091797E1
6.146815292E0,1.084922791E1,-1.099240112E1,-4.356597900E1
6.156861292E0,1.088222122E1,-1.089352417E1,-4.363580322E1
6.166907292E0,1.076926422E1,-1.086001587E1,-4.385736084E1
6.176953292E0,1.074600220E1,-1.084548950E1,-4.392395020E1
6.187000292E0,1.076081085E1,-1.072030640E1,-4.394482422E1
6.197046292E0,1.071210861E1,-1.075784302E1,-4.388287354E1
6.207092292E0,1.066429520E1,-1.081549072E1,-4.397882080E1
6.217138292E0,1.057475281E1,-1.083700562E1,-4.400848389E1
6.227184292E0,1.052736282E1,-1.080227661E1,-4.406207275E1
6.237231292E0,1.048945618E1,-1.094607544E1,-4.384527588E1
6.247277292E0,1.040742874E1,-1.099276733E1,-4.412133789E1
6.257323292E0,1.029409027E1,-1.107159424E1,-4.402355957E1
6.267369292E0,1.008497238E1,-1.126983643E1,-4.378747559E1
6.277416292E0,9.899909973E0,-1.132357788E1,-4.384289551E1
6.287462292E0,9.786045074E0,-1.127496338E1,-4.395635986E1
6.297508292E0,9.625038147E0,-1.115670776E1,-4.392926025E1
6.307554292E0,9.621009827E0,-1.095562744E1,-4.404248047E1
6.317600292E0,9.456943512E0,-1.069277954E1,-4.395025635E1
6.327647292E0,9.340648651E0,-1.040588379E1,-4.443920898E1
6.337693292E0,9.357433319E0,-1.018951416E1,-4.434338379E1
6.347739292E0,9.336524963E0,-9.971343994E0,-4.430847168E1
6.357785292E0,9.408580780E0,-9.524414062E0,-4.440008545E1
6.367831292E0,9.580612183E0,-9.180999756E0,-4.399450684E1
6.377878292E0,9.673213959E0,-8.714569092E0,-4.408624268E1
6.387924292E0,9.781536102E0,-8.557617188E0,-4.412829590E1
6.397970292E0,1.001140594E1,-8.336059570E0,-4.415582275E1
6.408016292E0,1.015166092E1,-8.412506104E0,-4.411230469E1
6.418063292E0,1.032173920E1,-8.539642334E0,-4.408428955E1
6.428109292E0,1.034970093E1,-8.780151367E0,-4.391796875E1
6.438155292E0,1.016390991E1,-8.893127441E0,-4.373010254E1
6.448201292E0,9.769767761E0,-9.109313965E0,-4.384967041E1
6.458247292E0,9.532951355E0,-9.278900146E0,-4.375494385E1
6.468294292E0,9.306602478E0,-9.385345459E0,-4.372137451E1
6.478340292E0,8.958038330E0,-9.473693848E0,-4.360516357E1
6.488386292E0,8.791362762E0,-9.547088623E0,-4.358013916E1
6.498432167E0,8.698131561E0,-9.610656738E0,-4.352020264E1
6.508478167E0,8.709583282E0,-9.488739014E0,-4.358972168E1
6.518525167E0,8.677028656E0,-9.500823975E0,-4.366333008E1
6.528571167E0,8.827671051E0,-9.507263184E0,-4.375946045E1
6.538617167E0,8.835659027E0,-9.424163818E0,-4.354595947E1
6.548663167E0,9.064426422E0,-9.385070801E0,-4.374133301E1
6.558709167E0,9.230705261E0,-9.280242920E0,-4.359460449E1
6.568756167E0,9.357749939E0,-9.511077881E0,-4.337243652E1
6.578802167E0,9.551929474E0,-9.452270508E0,-4.299438477E1
6.588848167E0,9.551929474E0,-9.452270508E0,-4.299438477E1
6.598894167E0,9.708541870E0,-9.532897949E0,-4.296771240E1
6.608941167E0,9.708541870E0,-9.532897949E0,-4.296771240E1
6.618987167E0,9.937751770E0,-9.694793701E0,-4.295788574E1
6.629033167E0,9.801147461E0,-9.623718262E0,-4.300085449E1
6.639079167E0,9.972152710E0,-9.608459473E0,-4.274591064E1
6.649125167E0,1.015031815E1,-9.628784180E0,-4.312536621E1
6.659172167E0,1.022569656E1,-9.534484863E0,-4.276654053E1
6.669218167E0,1.030119324E1,-9.826049805E0,-4.281579590E1
6.679264167E0,1.036343002E1,-9.746398926E0,-4.283917236E1
6.689310167E0,1.051291275E1,-9.616333008E0,-4.267010498E1
6.699356167E0,1.048604965E1,-9.581024170E0,-4.260864258E1
6.709403167E0,1.049697495E1,-9.591796875E0,-4.254241943E1
6.719449167E0,1.058182144E1,-9.407775879E0,-4.264111328E1
6.729495167E0,1.066421890E1,-9.307769775E0,-4.244909668E1
6.739541167E0,1.064581680E1,-9.066680908E0,-4.241033936E1
6.749587167E0,1.080517197E1,-8.924774170E0,-4.239691162E1
6.759634167E0,1.087376404E1,-8.740112305E0,-4.241271973E1
6.769680167E0,1.100544739E1,-8.581115723E0,-4.225732422E1
6.779726167E0,1.101779938E1,-8.538269043E0,-4.224053955E1
6.789772167E0,1.112991714E1,-8.547607422E0,-4.213488770E1
6.799818167E0,1.123806000E1,-8.499877930E0,-4.214215088E1
6.809865167E0,1.130247116E1,-8.605468750E0,-4.191058350E1
6.819911167E0,1.130134964E1,-8.633483887E0,-4.199847412E1
6.829957167E0,1.125679779E1,-8.701049805E0,-4.237115479E1
6.840003167E0,1.124422836E1,-8.471130371E0,-4.225451660E1
6.850050167E0,1.119630051E1,-8.319519043E0,-4.214672852E1
6.860096167E0,1.122333145E1,-8.292327881E0,-4.199688721E1
6.870142167E0,1.113567352E1,-8.020263672E0,-4.205114746E1
6.880188167E0,1.080104828E1,-8.046051025E0,-4.206903076E1
6.890234167E0,1.082007980E1,-7.987274170E0,-4.210150146E1
6.900281167E0,1.076682281E1,-7.968750000E0,-4.180395508E1
6.910327167E0,1.047906876E1,-7.956207275E0,-4.174847412E1
6.920373167E0,1.033277893E1,-7.973297119E0,-4.184265137E1
6.930419167E0,1.019167709E1,-8.084350586E0,-4.188897705E1
6.940465167E0,1.033676529E1,-8.477722168E0,-4.171569824E1
6.950512167E0,1.030073929E1,-8.689025879E0,-4.160223389E1
6.960558167E0,1.035863495E1,-8.825531006E0,-4.125451660E1
6.970604167E0,1.049730682E1,-9.292938232E0,-4.126794434E1
6.980650167E0,1.068225098E1,-9.487060547E0,-4.117449951E1
6.990696167E0,1.080902863E1,-9.489715576E0,-4.113287354E1
7.000743167E0,1.089867783E1,-9.694183350E0,-4.098901367E1
7.010789167E0,1.082724762E1,-9.895446777E0,-4.092932129E1
7.020835167E0,1.088349915E1,-9.954559326E0,-4.064855957E1
7.030881167E0,1.084563828E1,-1.005313110E1,-4.082830811E1
7.040927167E0,1.070919800E1,-1.000057983E1,-4.076763916E1
7.050974167E0,1.060330582E1,-1.003826904E1,-4.060064697E1
7.061020167E0,1.062459564E1,-1.003897095E1,-4.052502441E1
7.071066167E0,1.051519394E1,-1.004653931E1,-4.058843994E1
7.081112167E0,1.028482056E1,-1.009027100E1,-4.072863770E1
7.091158167E0,1.024604034E1,-1.024807739E1,-4.058862305E1
7.101205167E0,1.041393280E1,-1.023373413E1,-4.058984375E1
7.111251167E0,1.053454971E1,-1.026354980E1,-4.074536133E1
7.121297167E0,1.061828232E1,-1.016378784E1,-4.049420166E1
7.131343167E0,1.073777008E1,-1.010974121E1,-4.024731445E1
7.141389167E0,1.104186249E1,-1.006259155E1,-4.013537598E1
7.151436167E0,1.113245010E1,-9.992767334E0,-4.003057861E1
7.161482167E0,1.132304001E1,-9.855102539E0,-3.995715332E1
7.171528167E0,1.133489609E1,-9.795135498E0,-4.014257812E1
7.181574167E0,1.146299362E1,-9.673004150E0,-4.003930664E1
7.191620167E0,1.165533066E1,-9.626464844E0,-3.986297607E1
7.201667167E0,1.176632309E1,-9.558166504E0,-3.991070557E1
7.211713167E0,1.174168396E1,-9.551696777E0,-4.018322754E1
7.221759167E0,1.179587555E1,-9.567443848E0,-4.009106445E1
7.231805167E0,1.171229172E1,-9.579589844E0,-3.994128418E1
7.241851167E0,1.173863983E1,-9.470092773E0,-3.986791992E1
7.251897167E0,1.154567719E1,-9.366851807E0,-3.997143555E1
7.261944167E0,1.131482697E1,-9.200408936E0,-4.004882812E1
7.271990167E0,1.117786407E1,-9.148376465E0,-4.016058350E1
7.282036167E0,1.093583298E1,-9.050079346E0,-4.017962646E1
7.292082167E0,1.085813141E1,-8.957366943E0,-4.042565918E1
7.302128167E0,1.084894943E1,-9.032989502E0,-4.053344727E1
7.312175167E0,1.068014145E1,-8.827209473E0,-4.007861328E1
7.322221167E0,1.052813339E1,-8.822265625E0,-4.015509033E1
7.332267167E0,1.052813339E1,-8.822265625E0,-4.015509033E1
7.342313167E0,1.037119293E1,-8.777740479E0,-4.015991211E1
7.352359167E0,1.011607361E1,-8.696319580E0,-4.013720703E1
7.362406167E0,9.920509338E0,-8.585937500E0,-4.008862305E1
7.372452167E0,9.692241669E0,-8.653106689E0,-4.026147461E1
7.382498167E0,9.471164703E0,-8.654693604E0,-4.051165771E1
7.392544167E0,9.156116486E0,-8.375366211E0,-4.036383057E1
7.402590167E0,9.004337311E0,-8.352844238E0,-4.038922119E1
7.412637167E0,8.873580933E0,-8.292663574E0,-4.024902344E1
7.422683167E0,8.703651428E0,-8.064727783E0,-4.038165283E1
7.432729167E0,8.576038361E0,-7.850097656E0,-4.049981689E1
7.442775167E0,8.363502502E0,-7.241210938E0,-4.063446045E1
7.452821167E0,8.118896484E0,-6.812896729E0,-4.071875000E1
7.462868167E0,8.002113342E0,-6.284210205E0,-4.100195312E1
7.472914167E0,7.977989197E0,-5.708007812E0,-4.071191406E1
7.482960167E0,7.983390808E0,-5.059234619E0,-4.092742920E1
7.493006167E0,8.102123260E0,-4.656097412E0,-4.099169922E1
7.503052667E0,8.112773895E0,-4.261291504E0,-4.086602783E1
7.513099667E0,8.180057526E0,-4.137756348E0,-4.099975586E1
7.523145667E0,8.424831390E0,-3.848876953E0,-4.107574463E1
7.533191667E0,8.656429291E0,-3.987731934E0,-4.107647705E1
7.543237667E0,8.821384430E0,-4.127410889E0,-4.100054932E1
7.553283667E0,9.051361084E0,-4.434539795E0,-4.099139404E1
7.563330667E0,8.936306000E0,-4.614318848E0,-4.123529053E1
7.573376667E0,8.823307037E0,-5.042480469E0,-4.110266113E1
7.583422667E0,8.530715942E0,-5.271148682E0,-4.113977051E1
7.593468667E0,8.240444183E0,-5.653503418E0,-4.116040039E1
7.603514667E0,8.033016205E0,-5.878875732E0,-4.109228516E1
7.613560667E0,7.730041504E0,-6.034851074E0,-4.115936279E1
7.623607667E0,7.502952576E0,-6.258209229E0,-4.124578857E1
7.633653667E0,7.139614105E0,-6.552276611E0,-4.117407227E1
7.643699667E0,7.100238800E0,-6.735260010E0,-4.114367676E1
7.653745667E0,7.129791260E0,-6.874755859E0,-4.113482666E1
7.663791667E0,7.075904846E0,-6.997100830E0,-4.136981201E1
7.673838667E0,7.230049133E0,-7.068542480E0,-4.114245605E1
7.683884667E0,7.233127594E0,-6.971191406E0,-4.111798096E1
7.693930667E0,7.663471222E0,-7.148559570E0,-4.131555176E1
7.703976667E0,7.825981140E0,-7.184112549E0,-4.102166748E1
7.714022667E0,8.151584625E0,-7.251892090E0,-4.108520508E1
7.724069667E0,8.201873779E0,-7.137176514E0,-4.096343994E1
7.734115667E0,8.467807770E0,-7.036407471E0,-4.130700684E1
7.744161667E0,8.759044647E0,-7.078887939E0,-4.098968506E1
7.754207667E0,9.048725128E0,-7.076538086E0,-4.100122070E1
7.764253667E0,9.056297302E0,-6.931976318E0,-4.101196289E1
7.774299667E0,9.213687897E0,-6.873718262E0,-4.128802490E1
7.784346667E0,9.165489197E0,-6.910552979E0,-4.124291992E1
7.794392667E0,9.356197357E0,-6.716735840E0,-4.100488281E1
7.804438667E0,9.590816498E0,-6.722961426E0,-4.098852539E1
7.814484667E0,9.598438263E0,-6.561462402E0,-4.110351562E1
7.824530667E0,9.501079559E0,-6.548950195E0,-4.082684326E1
7.834577667E0,9.590152740E0,-6.496582031E0,-4.079528809E1
7.844623667E0,9.463462830E0,-6.416595459E0,-4.099761963E1
7.854669667E0,9.412342072E0,-6.168853760E0,-4.112500000E1
7.864715667E0,9.456859589E0,-5.958312988E0,-4.106243896E1
7.874761667E0,9.504035950E0,-5.707580566E0,-4.115502930E1
7.884807667E0,9.580066681E0,-5.632293701E0,-4.098284912E1
7.894854667E0,9.587963104E0,-5.328521729E0,-4.096447754E1
7.904900667E0,9.673793793E0,-5.332702637E0,-4.114276123E1
7.914946667E0,9.727214813E0,-5.408905029E0,-4.128320312E1
7.924992667E0,9.700698853E0,-5.339752197E0,-4.122650146E1
7.935038667E0,9.746910095E0,-5.232421875E0,-4.121075439E1
7.945085667E0,9.570301056E0,-5.268524170E0,-4.133172607E1
7.955131667E0,9.626224518E0,-5.141845703E0,-4.134814453E1
7.965177667E0,9.502941132E0,-5.089141846E0,-4.160461426E1
7.975223667E0,9.498741150E0,-5.070281982E0,-4.162725830E1
7.985269667E0,9.384140015E0,-5.106903076E0,-4.155474854E1
7.995316667E0,9.386585236E0,-4.923431396E0,-4.176879883E1
8.005362667E0,9.265533447E0,-4.901763916E0,-4.194165039E1
8.015408667E0,9.247325897E0,-4.911376953E0,-4.190106201E1
8.025454667E0,9.231315613E0,-5.029876709E0,-4.197296143E1
8.035500667E0,9.248424530E0,-4.968078613E0,-4.202062988E1
8.045546667E0,9.278858185E0,-5.000701904E0,-4.199316406E1
8.055593667E0,9.303237915E0,-5.072937012E0,-4.188024902E1
8.065639667E0,9.387100220E0,-5.205078125E0,-4.180676270E1
8.075685667E0,9.602817535E0,-5.413146973E0,-4.169055176E1
8.085731667E0,9.850208282E0,-5.570495605E0,-4.164135742E1
8.095777667E0,1.003421021E1,-6.057556152E0,-4.149938965E1
8.105823667E0,1.040115738E1,-6.210937500E0,-4.145477295E1
8.115870667E0,1.057225800E1,-6.457580566E0,-4.147442627E1
8.125916667E0,1.073550797E1,-6.681549072E0,-4.129125977E1
8.135962667E0,1.064392471E1,-6.963836670E0,-4.140209961E1
8.146008667E0,1.067660904E1,-7.310211182E0,-4.160424805E1
8.156054667E0,1.069771194E1,-7.534027100E0,-4.138183594E1
8.166101667E0,1.070291138E1,-7.655334473E0,-4.140997314E1
8.176147667E0,1.064153671E1,-7.976623535E0,-4.123919678E1
8.186193667E0,1.052603149E1,-8.388580322E0,-4.132135010E1
8.196239667E0,1.026344299E1,-8.522979736E0,-4.128240967E1
8.206285667E0,1.024930191E1,-8.696685791E0,-4.135888672E1
8.216331667E0,1.006578445E1,-8.973999023E0,-4.131292725E1
8.226378667E0,1.007257843E1,-9.170715332E0,-4.125848389E1
8.236424667E0,1.003112793E1,-9.249267578E0,-4.112072754E1
8.246470667E0,1.000985718E1,-9.325561523E0,-4.114581299E1
8.256516667E0,1.027225113E1,-9.493591309E0,-4.103283691E1
8.266562667E0,1.038554001E1,-9.609344482E0,-4.079913330E1
8.276608667E0,1.058902359E1,-9.680450439E0,-4.079980469E1
8.286655667E0,1.079821014E1,-9.810333252E0,-4.071081543E1
8.296701667E0,1.096648026E1,-9.840148926E0,-4.087072754E1
8.306747667E0,1.107028198E1,-9.921142578E0,-4.087933350E1
8.316793667E0,1.137981796E1,-9.859619141E0,-4.086138916E1
8.326839667E0,1.144559860E1,-9.838226318E0,-4.082653809E1
8.336886667E0,1.143071365E1,-9.832275391E0,-4.077368164E1
8.346932667E0,1.145941925E1,-9.814147949E0,-4.059826660E1
8.356978667E0,1.154853058E1,-9.864196777E0,-4.070947266E1
8.367024667E0,1.153590775E1,-9.843505859E0,-4.086511230E1
8.377070667E0,1.139632034E1,-9.906494141E0,-4.085217285E1
8.387116667E0,1.133537292E1,-9.899780273E0,-4.084588623E1
8.397163667E0,1.131762314E1,-9.938812256E0,-4.115179443E1
8.407209667E0,1.129487610E1,-9.931793213E0,-4.114514160E1
8.417255667E0,1.125555801E1,-9.995574951E0,-4.113568115E1
8.427301667E0,1.115119934E1,-1.004089355E1,-4.119451904E1
8.437347667E0,1.121205521E1,-1.012246704E1,-4.109576416E1
8.447393667E0,1.117330551E1,-1.011529541E1,-4.123706055E1
8.457440667E0,1.121332169E1,-1.023004150E1,-4.109130859E1
8.467486667E0,1.121428680E1,-1.016580200E1,-4.105157471E1
8.477532667E0,1.106960678E1,-1.027825928E1,-4.114184570E1
8.487578667E0,1.101833344E1,-1.025344849E1,-4.124633789E1
8.497624375E0,1.089746094E1,-1.018536377E1,-4.145043945E1
8.507671375E0,1.079236603E1,-1.016390991E1,-4.155072021E1
8.517717375E0,1.080090332E1,-1.010342407E1,-4.162066650E1
8.527763375E0,1.068342972E1,-9.916839600E0,-4.156494141E1
8.537809375E0,1.066009521E1,-9.710510254E0,-4.143231201E1
8.547855375E0,1.065390015E1,-9.400939941E0,-4.146447754E1
8.557901375E0,1.038191986E1,-9.314422607E0,-4.161181641E1
8.567948375E0,1.032848740E1,-9.053771973E0,-4.200677490E1
8.577994375E0,1.003630829E1,-8.909606934E0,-4.185668945E1
8.588040375E0,9.903636932E0,-8.617767334E0,-4.174981689E1
8.598086375E0,9.749019623E0,-8.505615234E0,-4.187945557E1
8.608132375E0,9.654430389E0,-8.384979248E0,-4.177996826E1
8.618178375E0,9.507152557E0,-8.450592041E0,-4.180053711E1
8.628225375E0,9.650447845E0,-8.405822754E0,-4.155413818E1
8.638271375E0,9.810325623E0,-8.674285889E0,-4.150640869E1
8.648317375E0,9.913146973E0,-8.781250000E0,-4.139923096E1
8.658363375E0,9.947334290E0,-8.752044678E0,-4.137084961E1
8.668409375E0,1.012935257E1,-9.066131592E0,-4.151855469E1
8.678455375E0,1.030329514E1,-9.361267090E0,-4.104473877E1
8.688502375E0,1.026292038E1,-9.640777588E0,-4.109240723E1
8.698548375E0,1.015961456E1,-9.839355469E0,-4.122332764E1
8.708594375E0,9.895225525E0,-1.024603271E1,-4.091351318E1
8.718640375E0,9.728610992E0,-1.051907349E1,-4.085546875E1
8.728686375E0,9.607845306E0,-1.086996460E1,-4.094653320E1
8.738732375E0,9.807765961E0,-1.114297485E1,-4.114739990E1
8.748779375E0,9.833152771E0,-1.126052856E1,-4.105566406E1
8.758825375E0,9.833152771E0,-1.126052856E1,-4.105566406E1
8.768871375E0,9.886085510E0,-1.141928101E1,-4.071618652E1
8.778917375E0,1.008628464E1,-1.163433838E1,-4.061676025E1
8.788963375E0,1.030354309E1,-1.182513428E1,-4.024218750E1
8.799009375E0,1.054962921E1,-1.206591797E1,-4.016339111E1
8.809056375E0,1.091775894E1,-1.236398315E1,-3.994665527E1
8.819102375E0,1.119679260E1,-1.253155518E1,-4.024017334E1
8.829148375E0,1.142261124E1,-1.268041992E1,-3.995062256E1
8.839194375E0,1.178196335E1,-1.288052368E1,-3.969793701E1
8.849240375E0,1.186172867E1,-1.297024536E1,-3.954449463E1
8.859286375E0,1.198778534E1,-1.302899170E1,-3.946154785E1
8.869333375E0,1.198726654E1,-1.316903687E1,-3.978179932E1
8.879379375E0,1.212166977E1,-1.325183105E1,-3.957391357E1
8.889425375E0,1.217698288E1,-1.343045044E1,-3.943438721E1
8.899471375E0,1.225102997E1,-1.385943604E1,-3.899957275E1
8.909517375E0,1.255459976E1,-1.412335205E1,-3.890466309E1
8.919563375E0,1.276179504E1,-1.435250854E1,-3.878094482E1
8.929609375E0,1.289714432E1,-1.458569336E1,-3.874682617E1
8.939656375E0,1.309197617E1,-1.501193237E1,-3.860833740E1
8.949702375E0,1.320133972E1,-1.517257690E1,-3.834716797E1
8.959748375E0,1.344689941E1,-1.533471680E1,-3.835015869E1
8.969794375E0,1.362672424E1,-1.551126099E1,-3.818457031E1
8.979840375E0,1.371219254E1,-1.558978271E1,-3.806079102E1
8.989887375E0,1.387265015E1,-1.561950684E1,-3.774475098E1
8.999933375E0,1.416421127E1,-1.564270020E1,-3.768774414E1
9.009979375E0,1.433283997E1,-1.577960205E1,-3.752825928E1
9.020025375E0,1.449454880E1,-1.585086060E1,-3.738757324E1
9.030071375E0,1.474959183E1,-1.601168823E1,-3.715814209E1
9.040117375E0,1.501134491E1,-1.614895630E1,-3.716125488E1
9.050163375E0,1.509178925E1,-1.624578857E1,-3.696508789E1
9.060210375E0,1.515274048E1,-1.644046021E1,-3.699224854E1
9.070256375E0,1.524185944E1,-1.639642334E1,-3.677740479E1
9.080302375E0,1.512233353E1,-1.664959717E1,-3.703460693E1
9.090348375E0,1.537219620E1,-1.684442139E1,-3.670391846E1
9.100394375E0,1.547326279E1,-1.681863403E1,-3.667553711E1
9.110440375E0,1.527850342E1,-1.673895264E1,-3.660961914E1
9.120487375E0,1.529738998E1,-1.650146484E1,-3.665606689E1
9.130533375E0,1.515242767E1,-1.642709351E1,-3.695562744E1
9.140579375E0,1.513625717E1,-1.620965576E1,-3.703729248E1
9.150625375E0,1.495862579E1,-1.597183228E1,-3.708538818E1
9.160671375E0,1.485007095E1,-1.597766113E1,-3.727832031E1
9.170717375E0,1.484914017E1,-1.577239990E1,-3.742510986E1
9.180764375E0,1.471878052E1,-1.560159302E1,-3.711700439E1
9.190810375E0,1.485172653E1,-1.523876953E1,-3.679925537E1
9.200856375E0,1.494950485E1,-1.543228149E1,-3.656683350E1
9.210902375E0,1.520608902E1,-1.553353882E1,-3.639044189E1
9.220948375E0,1.554825974E1,-1.576547241E1,-3.650976562E1
9.230994375E0,1.560497284E1,-1.594412231E1,-3.623016357E1
9.241040375E0,1.561383057E1,-1.629467773E1,-3.602990723E1
9.251087375E0,1.584663391E1,-1.642385864E1,-3.587695312E1
9.261133375E0,1.585518646E1,-1.663818359E1,-3.559167480E1
9.271179375E0,1.605152130E1,-1.672415161E1,-3.530944824E1
9.281225375E0,1.600363159E1,-1.707092285E1,-3.537402344E1
9.291271375E0,1.601885223E1,-1.725088501E1,-3.530749512E1
9.301317375E0,1.594680786E1,-1.732186890E1,-3.531817627E1
9.311364375E0,1.588463211E1,-1.739544678E1,-3.528967285E1
9.321410375E0,1.586469269E1,-1.754611206E1,-3.517578125E1
9.331456375E0,1.578512573E1,-1.777084351E1,-3.500061035E1
9.341502375E0,1.587981796E1,-1.795352173E1,-3.480322266E1
9.351548375E0,1.582123947E1,-1.811077881E1,-3.468841553E1
9.361594375E0,1.578989792E1,-1.830740356E1,-3.482128906E1
9.371641375E0,1.585212708E1,-1.841976929E1,-3.462420654E1
9.381687375E0,1.598899841E1,-1.852957153E1,-3.443463135E1
9.391733375E0,1.600590515E1,-1.869308472E1,-3.431646729E1
9.401779375E0,1.625870895E1,-1.889395142E1,-3.398211670E1
9.411825375E0,1.627305603E1,-1.885577393E1,-3.405877686E1
9.421871375E0,1.645120621E1,-1.894125366E1,-3.385998535E1
9.431917375E0,1.670424652E1,-1.889648438E1,-3.373870850E1
9.441964375E0,1.685981750E1,-1.899847412E1,-3.368786621E1
9.452010375E0,1.681792068E1,-1.904348755E1,-3.348986816E1
9.462056375E0,1.692894363E1,-1.907049561E1,-3.324230957E1
9.472102375E0,1.692894363E1,-1.907049561E1,-3.324230957E1
9.482148375E0,1.696546555E1,-1.914797974E1,-3.339648438E1
9.492194375E0,1.723508072E1,-1.917251587E1,-3.322668457E1
9.502240792E0,1.721252060E1,-1.901400757E1,-3.315368652E1
9.512287792E0,1.721818161E1,-1.896429443E1,-3.320129395E1
9.522333792E0,1.716687393E1,-1.894085693E1,-3.312695312E1
9.532379792E0,1.724253464E1,-1.910708618E1,-3.298828125E1
9.542425792E0,1.737861252E1,-1.905975342E1,-3.287084961E1
9.552471792E0,1.724006271E1,-1.893395996E1,-3.298278809E1
9.562517792E0,1.733245468E1,-1.884518433E1,-3.312390137E1
9.572564792E0,1.733032227E1,-1.885766602E1,-3.314776611E1
9.582610792E0,1.737371826E1,-1.886425781E1,-3.311682129E1
9.592656792E0,1.754762650E1,-1.879135132E1,-3.317449951E1
9.602702792E0,1.762801361E1,-1.874212646E1,-3.306896973E1
9.612748792E0,1.754416656E1,-1.856097412E1,-3.316082764E1
9.622794792E0,1.745556259E1,-1.842880249E1,-3.311712646E1
9.632840792E0,1.764512253E1,-1.842984009E1,-3.297991943E1
9.642887792E0,1.775835800E1,-1.837774658E1,-3.307293701E1
9.652933792E0,1.778269196E1,-1.818988037E1,-3.308496094E1
9.662979792E0,1.773372650E1,-1.801666260E1,-3.316278076E1
9.673025792E0,1.775478745E1,-1.796231079E1,-3.306756592E1
9.683071792E0,1.799766159E1,-1.781408691E1,-3.297314453E1
9.693117792E0,1.805292130E1,-1.768847656E1,-3.303411865E1
9.703164792E0,1.804170609E1,-1.752221680E1,-3.288256836E1
9.713210792E0,1.798593521E1,-1.721240234E1,-3.275933838E1
9.723256792E0,1.804075241E1,-1.696893311E1,-3.286810303E1
9.733302792E0,1.812459946E1,-1.668899536E1,-3.295959473E1
9.743348792E0,1.820509720E1,-1.640158081E1,-3.313470459E1
9.753394792E0,1.832413483E1,-1.622949219E1,-3.308416748E1
9.763440792E0,1.828477859E1,-1.613473511E1,-3.310064697E1
9.773487792E0,1.840958786E1,-1.602474976E1,-3.291046143E1
9.783533792E0,1.836974716E1,-1.603289795E1,-3.278521729E1
9.793579792E0,1.822639084E1,-1.607049561E1,-3.266473389E1
9.803625792E0,1.830288315E1,-1.632482910E1,-3.271759033E1
9.813671792E0,1.806427383E1,-1.652108765E1,-3.266198730E1
9.823717792E0,1.795137787E1,-1.672842407E1,-3.248040771E1
9.833763792E0,1.788626862E1,-1.694430542E1,-3.249908447E1
9.843810792E0,1.763929749E1,-1.715740967E1,-3.267126465E1
9.853856792E0,1.751294327E1,-1.724749756E1,-3.239019775E1
9.863902792E0,1.737530136E1,-1.731436157E1,-3.241577148E1
9.873948792E0,1.729351044E1,-1.725482178E1,-3.253735352E1
9.883994792E0,1.721012878E1,-1.739669800E1,-3.239855957E1
9.894040792E0,1.733266068E1,-1.741613770E1,-3.221636963E1
9.904086792E0,1.752662277E1,-1.751290894E1,-3.209295654E1
9.914133792E0,1.759607315E1,-1.754934692E1,-3.209393311E1
9.924179792E0,1.776287842E1,-1.757397461E1,-3.182318115E1
9.934225792E0,1.791342163E1,-1.748019409E1,-3.168243408E1
9.944271792E0,1.814756012E1,-1.779528809E1,-3.168865967E1
9.954317792E0,1.833255768E1,-1.778549194E1,-3.147210693E1
9.964363792E0,1.847027969E1,-1.780502319E1,-3.125280762E1
9.974409792E0,1.876512909E1,-1.768505859E1,-3.111529541E1
9.984456792E0,1.888167572E1,-1.789025879E1,-3.109869385E1
9.994502792E0,1.903822708E1,-1.785049438E1,-3.082928467E1
1.000454879E1,1.937471008E1,-1.781542969E1,-3.073016357E1
1.001459479E1,1.941100693E1,-1.769100952E1,-3.042547607E1
1.002464079E1,1.960168839E1,-1.771166992E1,-3.042938232E1
1.003468679E1,1.977360153E1,-1.769775391E1,-3.034906006E1
1.004473279E1,1.997279739E1,-1.773672485E1,-3.041540527E1
1.005477979E1,2.004208755E1,-1.761892700E1,-3.043640137E1
1.006482579E1,2.033659744E1,-1.750631714E1,-3.033239746E1
1.007487179E1,2.038983917E1,-1.710159302E1,-3.052099609E1
1.008491779E1,2.055715942E1,-1.698800659E1,-3.047320557E1
1.009496379E1,2.056834412E1,-1.653216553E1,-3.044152832E1
1.010500979E1,2.073390198E1,-1.638009644E1,-3.066253662E1
1.011505579E1,2.086668777E1,-1.602163696E1,-3.051397705E1
1.012510279E1,2.100123978E1,-1.573428345E1,-3.078833008E1
1.013514879E1,2.117250824E1,-1.557235718E1,-3.074694824E1
1.014519479E1,2.116736221E1,-1.549868774E1,-3.106713867E1
1.015524079E1,2.129207611E1,-1.551300049E1,-3.111340332E1
1.016528679E1,2.134494781E1,-1.526660156E1,-3.123907471E1
1.017533279E1,2.128588867E1,-1.521832275E1,-3.113177490E1
1.018537879E1,2.128588867E1,-1.521832275E1,-3.113177490E1
1.019542579E1,2.125248718E1,-1.525256348E1,-3.115777588E1
1.020547179E1,2.128572464E1,-1.534921265E1,-3.120495605E1
1.021551779E1,2.132847977E1,-1.524386597E1,-3.144116211E1
1.022556379E1,2.124617004E1,-1.534500122E1,-3.100000000E1
1.023560979E1,2.126190186E1,-1.537817383E1,-3.108526611E1
1.024565579E1,2.128840637E1,-1.530294800E1,-3.116070557E1
1.025570179E1,2.131652451E1,-1.526800537E1,-3.128540039E1
1.026574879E1,2.119079590E1,-1.504003906E1,-3.142376709E1
1.027579479E1,2.124721146E1,-1.488333130E1,-3.163610840E1
1.028584079E1,2.118637466E1,-1.466909790E1,-3.185162354E1
1.029588679E1,2.117595673E1,-1.453009033E1,-3.202569580E1
1.030593279E1,2.110763931E1,-1.432418823E1,-3.210827637E1
1.031597879E1,2.107966995E1,-1.433917236E1,-3.231988525E1
1.032602479E1,2.111205673E1,-1.402929688E1,-3.218688965E1
1.033607179E1,2.098636246E1,-1.402182007E1,-3.213128662E1
1.034611779E1,2.115797043E1,-1.422305298E1,-3.236364746E1
1.035616379E1,2.121990967E1,-1.431866455E1,-3.236108398E1
1.036620979E1,2.119448471E1,-1.452005005E1,-3.210601807E1
1.037625579E1,2.136621857E1,-1.475411987E1,-3.171289062E1
1.038630179E1,2.122512436E1,-1.488031006E1,-3.190051270E1
1.039634779E1,2.134166718E1,-1.505862427E1,-3.195166016E1
1.040639379E1,2.124057007E1,-1.523446655E1,-3.166638184E1
1.041644079E1,2.108290100E1,-1.545181274E1,-3.162841797E1
1.042648679E1,2.107530212E1,-1.560220337E1,-3.157354736E1
1.043653279E1,2.095545578E1,-1.590850830E1,-3.158062744E1
1.044657879E1,2.093764496E1,-1.593539429E1,-3.167926025E1
1.045662479E1,2.097541046E1,-1.612445068E1,-3.168542480E1
1.046667079E1,2.074234772E1,-1.630380249E1,-3.172528076E1
1.047671679E1,2.092179108E1,-1.650115967E1,-3.168536377E1
1.048676379E1,2.075960541E1,-1.655358887E1,-3.148626709E1
1.049680979E1,2.087208557E1,-1.647750854E1,-3.167669678E1
1.050685592E1,2.106887436E1,-1.652252197E1,-3.171325684E1
1.051690192E1,2.119999313E1,-1.675537109E1,-3.153692627E1
1.052694792E1,2.125955963E1,-1.678146362E1,-3.167712402E1
1.053699392E1,2.136004257E1,-1.679852295E1,-3.151782227E1
1.054703992E1,2.142862320E1,-1.679034424E1,-3.139440918E1
1.055708692E1,2.151766586E1,-1.681402588E1,-3.140655518E1
1.056713292E1,2.144749451E1,-1.676116943E1,-3.142059326E1
1.057717892E1,2.134993362E1,-1.682772827E1,-3.146704102E1
1.058722492E1,2.137676620E1,-1.676138306E1,-3.148596191E1
1.059727092E1,2.148983002E1,-1.672982788E1,-3.143420410E1
1.060731692E1,2.146988678E1,-1.676647949E1,-3.162457275E1
1.061736292E1,2.145212555E1,-1.659774780E1,-3.169763184E1
1.062740892E1,2.152932358E1,-1.660650635E1,-3.171789551E1
1.063745592E1,2.172808075E1,-1.662155151E1,-3.206018066E1
1.064750192E1,2.151884460E1,-1.643606567E1,-3.199536133E1
1.065754792E1,2.140127563E1,-1.642044067E1,-3.201171875E1
1.066759392E1,2.156139755E1,-1.641381836E1,-3.209960938E1
1.067763992E1,2.134297562E1,-1.641741943E1,-3.250646973E1
1.068768592E1,2.141690063E1,-1.633020020E1,-3.266534424E1
1.069773192E1,2.154902267E1,-1.627832031E1,-3.271539307E1
1.070777892E1,2.147528076E1,-1.630688477E1,-3.266729736E1
1.071782492E1,2.137542725E1,-1.613076782E1,-3.272015381E1
1.072787092E1,2.144438934E1,-1.635348511E1,-3.276684570E1
1.073791692E1,2.144805527E1,-1.630780029E1,-3.279437256E1
1.074796292E1,2.151013184E1,-1.638415527E1,-3.299591064E1
1.075800892E1,2.151498413E1,-1.635842896E1,-3.320031738E1
1.076805492E1,2.154701614E1,-1.615081787E1,-3.313385010E1
1.077810092E1,2.160394669E1,-1.603488159E1,-3.326477051E1
1.078814792E1,2.160965729E1,-1.592684937E1,-3.339312744E1
1.079819392E1,2.181709290E1,-1.582254028E1,-3.339245605E1
1.080823992E1,2.177270126E1,-1.549438477E1,-3.332623291E1
1.081828592E1,2.200411606E1,-1.547338867E1,-3.348779297E1
1.082833192E1,2.209806824E1,-1.516766357E1,-3.380364990E1
1.083837792E1,2.216442108E1,-1.506784058E1,-3.383105469E1
1.084842392E1,2.210167694E1,-1.496704102E1,-3.405853271E1
1.085846992E1,2.207016373E1,-1.471923828E1,-3.419787598E1
1.086851692E1,2.205380249E1,-1.452468872E1,-3.434539795E1
1.087856292E1,2.195930862E1,-1.444592285E1,-3.458044434E1
1.088860892E1,2.182218933E1,-1.435345459E1,-3.469219971E1
1.089865492E1,2.182218933E1,-1.435345459E1,-3.469219971E1
1.090870092E1,2.178289032E1,-1.420767212E1,-3.479345703E1
1.091874692E1,2.194434357E1,-1.423992920E1,-3.490228271E1
1.092879292E1,2.198344040E1,-1.422024536E1,-3.501269531E1
1.093883892E1,2.188496399E1,-1.436254883E1,-3.500897217E1
1.094888592E1,2.169675064E1,-1.452661133E1,-3.527032471E1
1.095893192E1,2.166030121E1,-1.468359375E1,-3.528649902E1
1.096897792E1,2.145917892E1,-1.478359985E1,-3.525622559E1
1.097902392E1,2.127871704E1,-1.482406616E1,-3.551049805E1
1.098906992E1,2.115802383E1,-1.476565552E1,-3.572888184E1
1.099911592E1,2.107781982E1,-1.476895142E1,-3.595397949E1
1.100916192E1,2.094578171E1,-1.473046875E1,-3.617449951E1
1.101920892E1,2.085117722E1,-1.472457886E1,-3.634204102E1
1.102925492E1,2.082106781E1,-1.453720093E1,-3.638171387E1
1.103930092E1,2.088718414E1,-1.434814453E1,-3.647827148E1
1.104934692E1,2.083694839E1,-1.422726440E1,-3.672839355E1
1.105939292E1,2.084288788E1,-1.397006226E1,-3.685797119E1
1.106943892E1,2.068338776E1,-1.392669678E1,-3.707073975E1
1.107948492E1,2.064403152E1,-1.380960083E1,-3.722424316E1
1.108953092E1,2.078281403E1,-1.367742920E1,-3.726879883E1
1.109957792E1,2.082494354E1,-1.363143921E1,-3.754010010E1
1.110962392E1,2.074885559E1,-1.348651123E1,-3.762872314E1
1.111966992E1,2.060372925E1,-1.338369751E1,-3.767089844E1
1.112971592E1,2.075362778E1,-1.321499634E1,-3.784814453E1
1.113976192E1,2.061106873E1,-1.298406982E1,-3.795349121E1
1.114980792E1,2.064091492E1,-1.284445190E1,-3.836608887E1
1.115985392E1,2.072983170E1,-1.265313721E1,-3.855468750E1
1.116989992E1,2.069585419E1,-1.257647705E1,-3.886242676E1
1.117994692E1,2.062055588E1,-1.255435181E1,-3.880078125E1
1.118999292E1,2.050912857E1,-1.235382080E1,-3.907775879E1
1.120003892E1,2.054123688E1,-1.220104980E1,-3.921368408E1
1.121008492E1,2.047999954E1,-1.194580078E1,-3.943389893E1
1.122013092E1,2.050197601E1,-1.172796631E1,-3.971075439E1
1.123017692E1,2.057276917E1,-1.153784180E1,-3.965600586E1
1.124022292E1,2.048019791E1,-1.120474243E1,-3.980889893E1
1.125026892E1,2.035525513E1,-1.099337769E1,-4.037640381E1
1.126031592E1,2.027259445E1,-1.083950806E1,-4.049322510E1
1.127036192E1,2.030164337E1,-1.070632935E1,-4.077111816E1
1.128040792E1,2.029879379E1,-1.045617676E1,-4.089959717E1
1.129045392E1,2.022160339E1,-1.041546631E1,-4.097497559E1
1.130049992E1,2.011649704E1,-1.038186646E1,-4.116662598E1
1.131054592E1,1.992664337E1,-1.031768799E1,-4.150347900E1
1.132059192E1,1.980693817E1,-1.031680298E1,-4.150128174E1
1.133063792E1,1.988085175E1,-1.036157227E1,-4.170147705E1
1.134068392E1,1.982522202E1,-1.013385010E1,-4.186547852E1
1.135073092E1,1.988959122E1,-1.008624268E1,-4.213299561E1
1.136077692E1,1.979338074E1,-9.841949463E0,-4.227087402E1
1.137082292E1,1.981121063E1,-9.515380859E0,-4.248040771E1
1.138086892E1,1.983596802E1,-9.364196777E0,-4.272894287E1
1.139091492E1,1.991774368E1,-9.156188965E0,-4.301867676E1
1.140096092E1,1.996886063E1,-8.951171875E0,-4.313061523E1
1.141100692E1,2.008758163E1,-8.604187012E0,-4.316442871E1
1.142105292E1,2.014238358E1,-8.183410645E0,-4.353283691E1
1.143109992E1,2.010557175E1,-7.931793213E0,-4.383831787E1
1.144114592E1,2.003447342E1,-7.377380371E0,-4.407885742E1
1.145119192E1,2.012087631E1,-7.063873291E0,-4.424700928E1
1.146123792E1,2.000757599E1,-6.983367920E0,-4.451849365E1
1.147128392E1,1.996501160E1,-6.847747803E0,-4.460839844E1
1.148132992E1,2.001393127E1,-6.944396973E0,-4.474346924E1
1.149137592E1,2.002437210E1,-7.526916504E0,-4.500885010E1
1.150142125E1,1.989076233E1,-7.886993408E0,-4.518768311E1
1.151146825E1,1.975782013E1,-8.446289062E0,-4.515130615E1
1.152151425E1,1.952691269E1,-9.053161621E0,-4.525634766E1
1.153156025E1,1.939065170E1,-9.230621338E0,-4.571948242E1
1.154160625E1,1.904084778E1,-9.656097412E0,-4.584674072E1
1.155165225E1,1.887984085E1,-9.921325684E0,-4.624279785E1
1.156169825E1,1.871426010E1,-1.000061035E1,-4.643328857E1
1.157174425E1,1.848005295E1,-9.990478516E0,-4.649353027E1
1.158179025E1,1.840390396E1,-9.876647949E0,-4.669061279E1
1.159183625E1,1.841251373E1,-1.000723267E1,-4.690039062E1
1.160188325E1,1.851470566E1,-9.952514648E0,-4.700384521E1
1.161192925E1,1.851470566E1,-9.952514648E0,-4.700384521E1
1.162197525E1,1.837011337E1,-9.954864502E0,-4.708557129E1
1.163202125E1,1.819549179E1,-9.922485352E0,-4.743457031E1
1.164206725E1,1.820560455E1,-1.008047485E1,-4.728063965E1
1.165211325E1,1.806281662E1,-9.980407715E0,-4.776855469E1
1.166215925E1,1.795839691E1,-1.007702637E1,-4.796820068E1
1.167220525E1,1.789476395E1,-1.025360107E1,-4.794787598E1
1.168225225E1,1.795073700E1,-1.032199097E1,-4.834283447E1
1.169229825E1,1.776643753E1,-1.036087036E1,-4.843780518E1
1.170234425E1,1.769512558E1,-1.028692627E1,-4.868603516E1
1.171239025E1,1.746863937E1,-1.031979370E1,-4.897210693E1
1.172243625E1,1.744862747E1,-1.048309326E1,-4.919488525E1
1.173248225E1,1.723133469E1,-1.051559448E1,-4.960302734E1
1.174252825E1,1.722573090E1,-1.042297363E1,-4.972088623E1
1.175257425E1,1.692796326E1,-1.037274170E1,-5.007012939E1
1.176262025E1,1.673128891E1,-1.045501709E1,-5.033453369E1
1.177266725E1,1.642317581E1,-1.049386597E1,-5.071704102E1
1.178271325E1,1.614144135E1,-1.028707886E1,-5.098175049E1
1.179275925E1,1.591766739E1,-1.019299316E1,-5.125628662E1
1.180280525E1,1.566172791E1,-1.000228882E1,-5.136444092E1
1.181285125E1,1.547493362E1,-9.828460693E0,-5.193194580E1
1.182289725E1,1.545009613E1,-9.640289307E0,-5.213928223E1
1.183294325E1,1.538228226E1,-9.643310547E0,-5.230645752E1
1.184298925E1,1.527381897E1,-9.467926025E0,-5.270501709E1
1.185303525E1,1.504046631E1,-9.416198730E0,-5.285498047E1
1.186308225E1,1.482008362E1,-9.575805664E0,-5.313635254E1
1.187312825E1,1.463088608E1,-9.635223389E0,-5.358068848E1
1.188317425E1,1.442530823E1,-9.678161621E0,-5.378778076E1
1.189322025E1,1.424425125E1,-9.759124756E0,-5.397290039E1
1.190326625E1,1.419007874E1,-9.759552002E0,-5.419116211E1
1.191331225E1,1.392214966E1,-9.618713379E0,-5.456530762E1
1.192335825E1,1.406838989E1,-9.505401611E0,-5.476922607E1
1.193340425E1,1.387924957E1,-9.413787842E0,-5.525048828E1
1.194345025E1,1.371983719E1,-9.133636475E0,-5.545214844E1
1.195349725E1,1.350654602E1,-9.088043213E0,-5.564971924E1
1.196354325E1,1.347412872E1,-9.100982666E0,-5.621051025E1
1.197358925E1,1.351687622E1,-8.982666016E0,-5.621179199E1
1.198363525E1,1.327214432E1,-8.722351074E0,-5.656268311E1
1.199368125E1,1.304346848E1,-8.613006592E0,-5.696704102E1
1.200372725E1,1.275317383E1,-8.521057129E0,-5.739715576E1
1.201377325E1,1.256578445E1,-8.185241699E0,-5.799774170E1
1.202381925E1,1.233490372E1,-8.028564453E0,-5.855993652E1
1.203386525E1,1.217481232E1,-7.879669189E0,-5.868395996E1
1.204391225E1,1.194890594E1,-7.916320801E0,-5.901873779E1
1.205395825E1,1.172634888E1,-8.048126221E0,-5.912823486E1
1.206400425E1,1.156793976E1,-8.358520508E0,-5.950921631E1
1.207405025E1,1.149967194E1,-8.736877441E0,-5.982281494E1
1.208409625E1,1.131154633E1,-8.970886230E0,-5.989880371E1
1.209414225E1,1.091436768E1,-9.289489746E0,-6.028485107E1
1.210418825E1,1.071914673E1,-9.448150635E0,-6.062811279E1
1.211423425E1,1.054653168E1,-9.617248535E0,-6.097424316E1
1.212428025E1,1.007078552E1,-9.535247803E0,-6.121411133E1
1.213432725E1,9.704673767E0,-9.377166748E0,-6.139416504E1
1.214437325E1,9.408706665E0,-9.285888672E0,-6.185083008E1
1.215441925E1,9.363269806E0,-9.157043457E0,-6.205041504E1
1.216446525E1,9.186836243E0,-9.130676270E0,-6.229644775E1
1.217451125E1,9.083679199E0,-8.932983398E0,-6.246130371E1
1.218455725E1,8.985820770E0,-8.918640137E0,-6.256036377E1
1.219460325E1,8.671344757E0,-8.755432129E0,-6.288348389E1
1.220464925E1,8.577507019E0,-8.827178955E0,-6.312310791E1
1.221469525E1,8.363033295E0,-8.846710205E0,-6.339001465E1
1.222474225E1,8.427928925E0,-9.132568359E0,-6.362329102E1
1.223478825E1,8.393894196E0,-9.393249512E0,-6.374475098E1
1.224483425E1,8.351776123E0,-9.460632324E0,-6.393096924E1
1.225488025E1,8.092227936E0,-9.436340332E0,-6.431390381E1
1.226492625E1,7.993480682E0,-9.334075928E0,-6.448608398E1
1.227497225E1,7.821804047E0,-9.403625488E0,-6.448620605E1
1.228501825E1,7.777626038E0,-9.442779541E0,-6.438446045E1
1.229506425E1,7.641384125E0,-9.402740479E0,-6.496002197E1
1.230511025E1,7.463523865E0,-9.290496826E0,-6.517187500E1
1.231515625E1,7.368946075E0,-9.278686523E0,-6.524493408E1
1.232520325E1,7.368946075E0,-9.278686523E0,-6.524493408E1
1.233524925E1,7.159786224E0,-9.200836182E0,-6.548999023E1
1.234529525E1,6.920593262E0,-8.963073730E0,-6.563189697E1
1.235534125E1,6.584663391E0,-8.993621826E0,-6.583032227E1
1.236538725E1,6.131504059E0,-8.840789795E0,-6.605364990E1
1.237543325E1,5.856800079E0,-8.902465820E0,-6.623675537E1
1.238547925E1,5.384223938E0,-8.823577881E0,-6.683538818E1
1.239552525E1,5.095771790E0,-8.921173096E0,-6.694274902E1
1.240557125E1,4.877777100E0,-9.048767090E0,-6.709143066E1
1.241561825E1,4.791641235E0,-9.077636719E0,-6.724182129E1
1.242566425E1,4.651069641E0,-9.564514160E0,-6.739514160E1
1.243571025E1,4.327529907E0,-9.981048584E0,-6.751068115E1
1.244575625E1,4.175888062E0,-1.054205322E1,-6.722735596E1
1.245580225E1,3.930816650E0,-1.097256470E1,-6.736181641E1
1.246584825E1,3.576126099E0,-1.176754761E1,-6.723809814E1
1.247589425E1,3.260078430E0,-1.238790894E1,-6.731622314E1
1.248594025E1,2.877334595E0,-1.297045898E1,-6.759216309E1
1.249598625E1,2.701728821E0,-1.340618896E1,-6.762194824E1
1.250603275E1,2.362510681E0,-1.369622803E1,-6.725091553E1
1.251607975E1,2.237655640E0,-1.400042725E1,-6.706353760E1
1.252612575E1,2.243591309E0,-1.421414185E1,-6.694104004E1
1.253617175E1,2.170707703E0,-1.458227539E1,-6.699182129E1
1.254621775E1,2.365783691E0,-1.455529785E1,-6.713519287E1
1.255626375E1,2.348655701E0,-1.454324341E1,-6.685565186E1
1.256630975E1,2.452667236E0,-1.454693604E1,-6.697784424E1
1.257635575E1,2.505546570E0,-1.442324829E1,-6.662890625E1
1.258640175E1,2.420089722E0,-1.419439697E1,-6.670037842E1
1.259644775E1,2.207130432E0,-1.397409058E1,-6.657775879E1
1.260649475E1,2.151512146E0,-1.371215820E1,-6.650537109E1
1.261654075E1,2.129623413E0,-1.353833008E1,-6.639697266E1
1.262658675E1,2.063743591E0,-1.361541748E1,-6.644610596E1
1.263663275E1,1.796569824E0,-1.358670044E1,-6.616009521E1
1.264667875E1,1.764953613E0,-1.380865479E1,-6.600805664E1
1.265672475E1,1.870079041E0,-1.414996338E1,-6.547283936E1
1.266677075E1,1.953277588E0,-1.445928955E1,-6.537774658E1
1.267681675E1,2.291206360E0,-1.503112793E1,-6.498675537E1
1.268686275E1,2.591712952E0,-1.555169678E1,-6.474304199E1
1.269690875E1,2.569587708E0,-1.611151123E1,-6.453375244E1
1.270695475E1,2.525848389E0,-1.647192383E1,-6.436401367E1
1.271700175E1,2.456527710E0,-1.716204834E1,-6.422137451E1
1.272704775E1,2.479682922E0,-1.748031616E1,-6.392779541E1
1.273709375E1,2.613296509E0,-1.779101562E1,-6.381298828E1
1.274713975E1,2.433250427E0,-1.790283203E1,-6.356176758E1
1.275718575E1,2.306556702E0,-1.807754517E1,-6.333972168E1
1.276723175E1,2.185874939E0,-1.820175171E1,-6.333917236E1
1.277727775E1,2.173339844E0,-1.812097168E1,-6.337982178E1
1.278732375E1,2.021331787E0,-1.796847534E1,-6.304779053E1
1.279736975E1,2.010787964E0,-1.782614136E1,-6.296032715E1
1.280741575E1,2.049789429E0,-1.771481323E1,-6.292108154E1
1.281746275E1,1.945945740E0,-1.760009766E1,-6.266864014E1
1.282750875E1,1.923049927E0,-1.750149536E1,-6.267150879E1
1.283755475E1,1.940444946E0,-1.737341309E1,-6.253771973E1
1.284760075E1,1.880874634E0,-1.723187256E1,-6.234173584E1
1.285764675E1,1.792144775E0,-1.733325195E1,-6.223803711E1
1.286769275E1,1.667465210E0,-1.722091675E1,-6.211914062E1
1.287773875E1,1.576934814E0,-1.725473022E1,-6.183758545E1
1.288778475E1,1.357055664E0,-1.724652100E1,-6.165881348E1
1.289783075E1,1.095176697E0,-1.738674927E1,-6.125952148E1
1.290787675E1,1.083068848E0,-1.754318237E1,-6.118176270E1
1.291792375E1,8.148498535E-1,-1.772915649E1,-6.101232910E1
1.292796975E1,4.414443970E-1,-1.761001587E1,-6.088507080E1
1.293801575E1,3.815460205E-2,-1.773773193E1,-6.059997559E1
1.294806175E1,-1.159439087E-1,-1.767916870E1,-6.044952393E1
1.295810775E1,-3.343887329E-1,-1.768692017E1,-6.048242188E1
1.296815375E1,-6.532516479E-1,-1.759545898E1,-6.027294922E1
1.297819975E1,-7.898635864E-1,-1.757449341E1,-6.006884766E1
1.298824575E1,-1.050048828E0,-1.745465088E1,-6.002423096E1
1.299829175E1,-1.211990356E0,-1.743362427E1,-5.987915039E1
1.300833775E1,-1.500480652E0,-1.727355957E1,-5.973394775E1
1.301838475E1,-1.627662659E0,-1.739578247E1,-5.962023926E1
1.302843075E1,-1.627662659E0,-1.739578247E1,-5.962023926E1
1.303847675E1,-1.774085999E0,-1.742813110E1,-5.944079590E1
1.304852275E1,-1.926689148E0,-1.753216553E1,-5.917218018E1
1.305856875E1,-2.261978149E0,-1.772921753E1,-5.900408936E1
1.306861475E1,-2.508598328E0,-1.775225830E1,-5.886059570E1
1.307866075E1,-2.855857849E0,-1.793127441E1,-5.852911377E1
1.308870675E1,-3.054176331E0,-1.809170532E1,-5.837939453E1
1.309875275E1,-3.256896973E0,-1.831448364E1,-5.799243164E1
1.310879875E1,-3.373390198E0,-1.836175537E1,-5.786932373E1
1.311884475E1,-3.481117249E0,-1.853890991E1,-5.792010498E1
1.312889175E1,-3.524063110E0,-1.875549316E1,-5.788024902E1
1.313893775E1,-3.315460205E0,-1.897973633E1,-5.754016113E1
1.314898375E1,-3.222816467E0,-1.900671387E1,-5.741857910E1
1.315902975E1,-3.054924011E0,-1.900360107E1,-5.716638184E1
1.316907575E1,-2.970779419E0,-1.907601929E1,-5.723083496E1
1.317912175E1,-2.923995972E0,-1.913168335E1,-5.698016357E1
1.318916775E1,-2.871360779E0,-1.901406860E1,-5.688446045E1
1.319921375E1,-3.067878723E0,-1.904959106E1,-5.663476562E1
1.320925975E1,-3.281211853E0,-1.895153809E1,-5.636267090E1
1.321930575E1,-3.648818970E0,-1.864596558E1,-5.631854248E1
1.322935275E1,-4.098396301E0,-1.852233887E1,-5.623486328E1
1.323939875E1,-4.522254944E0,-1.820739746E1,-5.637591553E1
1.324944475E1,-4.879241943E0,-1.781234741E1,-5.629382324E1
1.325949075E1,-5.096733093E0,-1.761181641E1,-5.623925781E1
1.326953675E1,-5.074310303E0,-1.744024658E1,-5.605029297E1
1.327958275E1,-4.744483948E0,-1.727713013E1,-5.611859131E1
1.328962875E1,-4.417510986E0,-1.730615234E1,-5.581958008E1
1.329967475E1,-4.221839905E0,-1.759576416E1,-5.595709229E1
1.330972075E1,-4.139617920E0,-1.774551392E1,-5.574572754E1
1.331976675E1,-4.096786499E0,-1.806817627E1,-5.543890381E1
1.332981275E1,-4.249542236E0,-1.841943359E1,-5.541467285E1
1.333985975E1,-4.532226562E0,-1.875259399E1,-5.514562988E1
1.334990575E1,-4.876754761E0,-1.914266968E1,-5.499249268E1
1.335995175E1,-5.088554382E0,-1.959475708E1,-5.481646729E1
1.336999775E1,-5.587425232E0,-1.973593140E1,-5.444091797E1
1.338004375E1,-6.071495056E0,-2.005828857E1,-5.422943115E1
1.339008975E1,-6.384941101E0,-2.033230591E1,-5.406774902E1
1.340013575E1,-6.768760681E0,-2.040853882E1,-5.383087158E1
1.341018175E1,-7.056068420E0,-2.052465820E1,-5.385479736E1
1.342022775E1,-7.249038696E0,-2.084143066E1,-5.391821289E1
1.343027375E1,-7.336769104E0,-2.092330933E1,-5.379296875E1
1.344031975E1,-7.409500122E0,-2.086737061E1,-5.339532471E1
1.345036675E1,-7.613006592E0,-2.104006958E1,-5.321813965E1
1.346041275E1,-7.791961670E0,-2.100198364E1,-5.311511230E1
1.347045875E1,-7.776672363E0,-2.099035645E1,-5.317004395E1
1.348050475E1,-8.045364380E0,-2.106787109E1,-5.314788818E1
1.349055075E1,-8.192893982E0,-2.121664429E1,-5.285644531E1
1.350059675E1,-8.313179016E0,-2.132168579E1,-5.275726318E1
1.351064287E1,-8.559799194E0,-2.141488647E1,-5.292559814E1
1.352068887E1,-8.783760071E0,-2.149960327E1,-5.253112793E1
1.353073487E1,-8.793800354E0,-2.157946777E1,-5.234191895E1
1.354078087E1,-8.663803101E0,-2.167950439E1,-5.230413818E1
1.355082687E1,-8.750717163E0,-2.175253296E1,-5.218066406E1
1.356087387E1,-8.700042725E0,-2.190771484E1,-5.204016113E1
1.357091987E1,-8.619888306E0,-2.213040161E1,-5.192034912E1
1.358096587E1,-8.534858704E0,-2.244033813E1,-5.184063721E1
1.359101187E1,-8.522552490E0,-2.259579468E1,-5.168353271E1
1.360105787E1,-8.468368530E0,-2.291479492E1,-5.136102295E1
1.361110387E1,-8.461128235E0,-2.313208008E1,-5.120654297E1
1.362114987E1,-8.511688232E0,-2.339807129E1,-5.123602295E1
1.363119588E1,-8.287826538E0,-2.375656128E1,-5.115997314E1
1.364124187E1,-8.113693237E0,-2.407192993E1,-5.099725342E1
1.365128787E1,-7.814659119E0,-2.437463379E1,-5.080352783E1
1.366133388E1,-7.345634460E0,-2.457870483E1,-5.058483887E1
1.367137987E1,-7.185272217E0,-2.486120605E1,-5.037457275E1
1.368142688E1,-6.979644775E0,-2.504830933E1,-5.030639648E1
1.369147287E1,-6.838516235E0,-2.520660400E1,-5.030767822E1
1.370151887E1,-6.602386475E0,-2.529183960E1,-5.030145264E1
1.371156488E1,-6.692260742E0,-2.522268677E1,-5.035150146E1
1.372161087E1,-6.944137573E0,-2.488287354E1,-5.034631348E1
1.373165687E1,-7.005485535E0,-2.466226196E1,-5.027673340E1
1.374170287E1,-7.005485535E0,-2.466226196E1,-5.027673340E1
1.375174887E1,-7.224334717E0,-2.464776611E1,-5.017089844E1
1.376179487E1,-7.137718201E0,-2.468341064E1,-5.004278564E1
1.377184087E1,-7.143783569E0,-2.468322754E1,-5.012713623E1
1.378188687E1,-6.911384583E0,-2.503271484E1,-4.984564209E1
1.379193387E1,-6.558311462E0,-2.557324219E1,-4.959094238E1
1.380197987E1,-6.411026001E0,-2.611871338E1,-4.933209229E1
1.381202587E1,-6.167716980E0,-2.650720215E1,-4.919287109E1
1.382207187E1,-6.155746460E0,-2.692669678E1,-4.905889893E1
1.383211787E1,-6.315536499E0,-2.726788330E1,-4.870471191E1
1.384216388E1,-6.626167297E0,-2.756158447E1,-4.841497803E1
1.385220987E1,-6.887611389E0,-2.779708862E1,-4.811163330E1
1.386225587E1,-7.198722839E0,-2.791098022E1,-4.824737549E1
1.387230188E1,-7.275688171E0,-2.797018433E1,-4.840179443E1
1.388234787E1,-7.379974365E0,-2.800106812E1,-4.814263916E1
1.389239387E1,-7.347801208E0,-2.781317139E1,-4.806408691E1
1.390243988E1,-7.284797668E0,-2.759512329E1,-4.806390381E1
1.391248687E1,-7.248291016E0,-2.754669189E1,-4.828948975E1
1.392253288E1,-7.056823730E0,-2.738583374E1,-4.836499023E1
1.393257887E1,-7.012138367E0,-2.734982300E1,-4.839654541E1
1.394262487E1,-6.850158691E0,-2.724923706E1,-4.851153564E1
1.395267087E1,-6.814208984E0,-2.726882935E1,-4.839654541E1
1.396271687E1,-6.949920654E0,-2.734457397E1,-4.833752441E1
1.397276287E1,-6.913635254E0,-2.741403198E1,-4.817205811E1
1.398280887E1,-6.937599182E0,-2.752273560E1,-4.831872559E1
1.399285487E1,-7.014244080E0,-2.765942383E1,-4.812121582E1
1.400290087E1,-7.211082458E0,-2.773599243E1,-4.793170166E1
1.401294687E1,-7.202865601E0,-2.789105225E1,-4.785345459E1
1.402299287E1,-7.403945923E0,-2.802856445E1,-4.778002930E1
1.403303987E1,-7.509292603E0,-2.810626221E1,-4.768096924E1
1.404308587E1,-7.621726990E0,-2.829525757E1,-4.767858887E1
1.405313187E1,-7.661521912E0,-2.843420410E1,-4.761944580E1
1.406317787E1,-7.773414612E0,-2.855169678E1,-4.771051025E1
1.407322387E1,-7.800811768E0,-2.861468506E1,-4.756683350E1
1.408326988E1,-7.745124817E0,-2.864474487E1,-4.763537598E1
1.409331587E1,-7.837348938E0,-2.864614868E1,-4.739514160E1
1.410336187E1,-7.842117310E0,-2.873458862E1,-4.737805176E1
1.411340788E1,-7.895210266E0,-2.891674805E1,-4.735052490E1
1.412345387E1,-7.942436218E0,-2.892144775E1,-4.694616699E1
1.413349987E1,-8.092292786E0,-2.903671265E1,-4.705389404E1
1.414354587E1,-8.101005554E0,-2.909545898E1,-4.703936768E1
1.415359287E1,-8.070495605E0,-2.906970215E1,-4.703698730E1
1.416363888E1,-8.104690552E0,-2.922219849E1,-4.702392578E1
1.417368487E1,-8.134437561E0,-2.923934937E1,-4.691760254E1
1.418373087E1,-8.248718262E0,-2.959680176E1,-4.676458740E1
1.419377687E1,-8.245407104E0,-2.982534790E1,-4.656646729E1
1.420382287E1,-8.349418640E0,-3.009091187E1,-4.624572754E1
1.421386887E1,-8.437927246E0,-3.028802490E1,-4.626800537E1
1.422391487E1,-8.390808105E0,-3.046893311E1,-4.624102783E1
1.423396087E1,-8.352729797E0,-3.058355713E1,-4.615673828E1
1.424400688E1,-8.247047424E0,-3.082525635E1,-4.599890137E1
1.425405287E1,-8.086959839E0,-3.078372192E1,-4.573297119E1
1.426409887E1,-7.982284546E0,-3.078887939E1,-4.589544678E1
1.427414488E1,-7.660667419E0,-3.091925049E1,-4.577966309E1
1.428419187E1,-7.599151611E0,-3.106622314E1,-4.572467041E1
1.429423788E1,-7.619186401E0,-3.120495605E1,-4.547619629E1
1.430428387E1,-7.454307556E0,-3.144006348E1,-4.550451660E1
1.431432987E1,-7.492370605E0,-3.164468384E1,-4.547485352E1
1.432437588E1,-7.534210205E0,-3.187759399E1,-4.549493408E1
1.433442187E1,-7.558128357E0,-3.194375610E1,-4.543029785E1
1.434446787E1,-7.883499146E0,-3.182739258E1,-4.523089600E1
1.435451387E1,-7.913368225E0,-3.199978638E1,-4.522534180E1
1.436455987E1,-7.825942993E0,-3.210198975E1,-4.513818359E1
1.437460587E1,-7.829910278E0,-3.195086670E1,-4.513336182E1
1.438465187E1,-7.761116028E0,-3.198159790E1,-4.536035156E1
1.439469787E1,-7.661979675E0,-3.204473877E1,-4.554595947E1
1.440474387E1,-7.472442627E0,-3.209848022E1,-4.531958008E1
1.441479087E1,-7.461151123E0,-3.218325806E1,-4.498590088E1
1.442483687E1,-7.273010254E0,-3.233258057E1,-4.492388916E1
1.443488287E1,-7.215042114E0,-3.268377686E1,-4.478015137E1
1.444492887E1,-7.257911682E0,-3.274337769E1,-4.484594727E1
1.445497487E1,-7.257911682E0,-3.274337769E1,-4.484594727E1
1.446502087E1,-7.159278870E0,-3.288348389E1,-4.487902832E1
1.447506687E1,-7.058906555E0,-3.299511719E1,-4.457263184E1
1.448511288E1,-6.889541626E0,-3.323809814E1,-4.473077393E1
1.449515887E1,-6.737266541E0,-3.322790527E1,-4.459265137E1
1.450520429E1,-6.647941589E0,-3.329077148E1,-4.461413574E1
1.451525029E1,-6.485054016E0,-3.343286133E1,-4.461431885E1
1.452529629E1,-6.282714844E0,-3.353839111E1,-4.434411621E1
1.453534229E1,-6.050201416E0,-3.364578247E1,-4.445312500E1
1.454538929E1,-5.877677917E0,-3.395959473E1,-4.450994873E1
1.455543529E1,-5.686668396E0,-3.410928345E1,-4.437005615E1
1.456548129E1,-5.663124084E0,-3.444308472E1,-4.425323486E1
1.457552729E1,-5.595230103E0,-3.457125854E1,-4.383331299E1
1.458557329E1,-5.522521973E0,-3.493429565E1,-4.366784668E1
1.459561929E1,-5.525833130E0,-3.505032349E1,-4.342938232E1
1.460566529E1,-5.470481873E0,-3.523846436E1,-4.329431152E1
1.461571129E1,-5.399452209E0,-3.545449829E1,-4.330981445E1
1.462575729E1,-5.249862671E0,-3.560946655E1,-4.302014160E1
1.463580329E1,-5.138565063E0,-3.557354736E1,-4.302142334E1
1.464584929E1,-5.106987000E0,-3.561474609E1,-4.315838623E1
1.465589529E1,-4.936836243E0,-3.555010986E1,-4.317840576E1
1.466594129E1,-4.710266113E0,-3.559304810E1,-4.312664795E1
1.467598729E1,-4.671142578E0,-3.550802612E1,-4.324127197E1
1.468603429E1,-4.565261841E0,-3.552249146E1,-4.338293457E1
1.469608029E1,-4.377243042E0,-3.545199585E1,-4.363012695E1
1.470612629E1,-4.106704712E0,-3.551925659E1,-4.351391602E1
1.471617229E1,-4.200325012E0,-3.544976807E1,-4.368371582E1
1.472621829E1,-3.969535828E0,-3.543533325E1,-4.381903076E1
1.473626429E1,-3.894592285E0,-3.527438354E1,-4.386566162E1
1.474631029E1,-3.765632629E0,-3.520065308E1,-4.411474609E1
1.475635629E1,-3.803649902E0,-3.503759766E1,-4.410791016E1
1.476640229E1,-3.704399109E0,-3.495318604E1,-4.428717041E1
1.477644829E1,-3.654426575E0,-3.506326294E1,-4.430017090E1
1.478649429E1,-3.733337402E0,-3.490228271E1,-4.449829102E1
1.479654029E1,-3.764564514E0,-3.468536377E1,-4.459930420E1
1.480658629E1,-3.833206177E0,-3.437182617E1,-4.452679443E1
1.481663229E1,-4.046104431E0,-3.428790283E1,-4.503784180E1
1.482667929E1,-4.298812866E0,-3.409771729E1,-4.512963867E1
1.483672529E1,-4.367752075E0,-3.393969727E1,-4.525262451E1
1.484677129E1,-4.381355286E0,-3.386325073E1,-4.544921875E1
1.485681729E1,-4.472465515E0,-3.375286865E1,-4.553582764E1
1.486686329E1,-4.608406067E0,-3.349777222E1,-4.571276855E1
1.487690929E1,-4.761825562E0,-3.339624023E1,-4.574566650E1
1.488695529E1,-4.945304871E0,-3.328543091E1,-4.596337891E1
1.489700129E1,-5.116165161E0,-3.316973877E1,-4.592199707E1
1.490704729E1,-5.376991272E0,-3.325897217E1,-4.598431396E1
1.491709329E1,-5.615005493E0,-3.332928467E1,-4.591552734E1
1.492713929E1,-5.867637634E0,-3.327096558E1,-4.562243652E1
1.493718529E1,-6.129211426E0,-3.339321899E1,-4.567712402E1
1.494723129E1,-6.455101013E0,-3.361691284E1,-4.570373535E1
1.495727729E1,-6.593933105E0,-3.378387451E1,-4.574780273E1
1.496732329E1,-6.950218201E0,-3.395816040E1,-4.561413574E1
1.497737029E1,-7.119834900E0,-3.403866577E1,-4.563983154E1
1.498741629E1,-7.301010132E0,-3.427160645E1,-4.563140869E1
1.499746229E1,-7.383560181E0,-3.428698730E1,-4.567077637E1
1.500750829E1,-7.408439636E0,-3.438397217E1,-4.567266846E1
1.501755429E1,-7.306884766E0,-3.438409424E1,-4.567565918E1
1.502760029E1,-7.463073730E0,-3.449859619E1,-4.574188232E1
1.503764629E1,-7.198501587E0,-3.455114746E1,-4.562249756E1
1.504769229E1,-7.225708008E0,-3.456408691E1,-4.551336670E1
1.505773829E1,-7.200340271E0,-3.449450684E1,-4.574737549E1
1.506778429E1,-7.052474976E0,-3.462152100E1,-4.540393066E1
1.507783029E1,-6.927261353E0,-3.466305542E1,-4.533538818E1
1.508787629E1,-6.869491577E0,-3.447534180E1,-4.533599854E1
1.509792229E1,-6.803970337E0,-3.447158813E1,-4.552557373E1
1.510796829E1,-6.475379944E0,-3.444921875E1,-4.568658447E1
1.511801429E1,-6.275154114E0,-3.439089966E1,-4.567742920E1
1.512806129E1,-5.948257446E0,-3.437319946E1,-4.585028076E1
1.513810729E1,-5.902931213E0,-3.431185913E1,-4.598602295E1
1.514815329E1,-5.523231506E0,-3.430096436E1,-4.625689697E1
1.515819929E1,-5.370971680E0,-3.429055786E1,-4.595800781E1
1.516824529E1,-5.370971680E0,-3.429055786E1,-4.595800781E1
1.517829129E1,-5.145362854E0,-3.436245728E1,-4.587341309E1
1.518833729E1,-4.977882385E0,-3.442724609E1,-4.605596924E1
1.519838329E1,-4.751098633E0,-3.438079834E1,-4.612908936E1
1.520842929E1,-4.557395935E0,-3.437646484E1,-4.587438965E1
1.521847529E1,-4.506790161E0,-3.432623291E1,-4.603601074E1
1.522852129E1,-4.480453491E0,-3.439349365E1,-4.604718018E1
1.523856729E1,-4.548919678E0,-3.424456787E1,-4.617291260E1
1.524861329E1,-4.777938843E0,-3.411389160E1,-4.625024414E1
1.525865929E1,-4.841384888E0,-3.401153564E1,-4.631964111E1
1.526870529E1,-4.830741882E0,-3.383007812E1,-4.648522949E1
1.527875229E1,-5.034416199E0,-3.350668335E1,-4.660974121E1
1.528879829E1,-5.317520142E0,-3.358755493E1,-4.655627441E1
1.529884429E1,-5.553642273E0,-3.330566406E1,-4.664862061E1
1.530889029E1,-5.661102295E0,-3.317776489E1,-4.643975830E1
1.531893629E1,-5.836051941E0,-3.309414673E1,-4.673010254E1
1.532898229E1,-6.098335266E0,-3.299264526E1,-4.657305908E1
1.533902829E1,-6.411491394E0,-3.284115601E1,-4.672210693E1
1.534907429E1,-6.622581482E0,-3.283157349E1,-4.687286377E1
1.535912029E1,-6.700057983E0,-3.283035278E1,-4.694171143E1
1.536916629E1,-6.840110779E0,-3.302636719E1,-4.679620361E1
1.537921229E1,-6.977966309E0,-3.303439331E1,-4.674670410E1
1.538925829E1,-7.043823242E0,-3.311489868E1,-4.654339600E1
1.539930429E1,-7.209220886E0,-3.308370972E1,-4.669335938E1
1.540935029E1,-7.140869141E0,-3.321478271E1,-4.640045166E1
1.541939629E1,-7.274696350E0,-3.324664307E1,-4.650543213E1
1.542944229E1,-7.304786682E0,-3.323916626E1,-4.640960693E1
1.543948929E1,-7.482002258E0,-3.347070312E1,-4.655609131E1
1.544953529E1,-7.492630005E0,-3.342697144E1,-4.618139648E1
1.545958129E1,-7.589736938E0,-3.359036255E1,-4.620489502E1
1.546962729E1,-7.585876465E0,-3.360092163E1,-4.627130127E1
1.547967329E1,-7.732849121E0,-3.364898682E1,-4.630364990E1
1.548971929E1,-7.665039062E0,-3.369198608E1,-4.632299805E1
1.549976529E1,-7.700157166E0,-3.368847656E1,-4.605413818E1
1.550981167E1,-7.712684631E0,-3.362271118E1,-4.609997559E1
1.551985767E1,-7.756492615E0,-3.356076050E1,-4.595983887E1
1.552990367E1,-7.859008789E0,-3.358602905E1,-4.616156006E1
1.553994967E1,-7.674415588E0,-3.372467041E1,-4.624847412E1
1.554999567E1,-7.724525452E0,-3.360848999E1,-4.602166748E1
1.556004167E1,-7.805854797E0,-3.355636597E1,-4.589562988E1
1.557008767E1,-7.760223389E0,-3.358422852E1,-4.589031982E1
1.558013367E1,-7.861351013E0,-3.358245850E1,-4.573767090E1
1.559017967E1,-7.921623230E0,-3.366387939E1,-4.571533203E1
1.560022567E1,-7.978897095E0,-3.370672607E1,-4.590856934E1
1.561027267E1,-8.116050720E0,-3.361413574E1,-4.587963867E1
1.562031867E1,-8.069557190E0,-3.369110107E1,-4.602471924E1
1.563036467E1,-8.132484436E0,-3.359716797E1,-4.614178467E1
1.564041067E1,-8.362709045E0,-3.361340332E1,-4.587890625E1
1.565045667E1,-8.217895508E0,-3.360879517E1,-4.578906250E1
1.566050267E1,-8.141487122E0,-3.365771484E1,-4.583386230E1
1.567054867E1,-8.210418701E0,-3.354058838E1,-4.578991699E1
1.568059467E1,-8.357818604E0,-3.359954834E1,-4.585321045E1
1.569064067E1,-8.282127380E0,-3.356271362E1,-4.598321533E1
1.570068667E1,-8.440925598E0,-3.343893433E1,-4.581152344E1
1.571073267E1,-8.491462708E0,-3.342330933E1,-4.564178467E1
1.572077867E1,-8.293869019E0,-3.342202759E1,-4.566748047E1
1.573082467E1,-8.428016663E0,-3.340274048E1,-4.576770020E1
1.574087067E1,-8.242668152E0,-3.336782837E1,-4.570623779E1
1.575091667E1,-8.209365845E0,-3.339300537E1,-4.569812012E1
1.576096267E1,-8.172210693E0,-3.338021851E1,-4.564837646E1
1.577100867E1,-8.032325745E0,-3.348919678E1,-4.573669434E1
1.578105467E1,-7.922103882E0,-3.359558105E1,-4.570538330E1
1.579110167E1,-7.739181519E0,-3.366488647E1,-4.558349609E1
1.580114767E1,-7.694427490E0,-3.373913574E1,-4.559796143E1
1.581119367E1,-7.635589600E0,-3.374261475E1,-4.542504883E1
1.582123967E1,-7.587654114E0,-3.380282593E1,-4.550134277E1
1.583128567E1,-7.508537292E0,-3.386645508E1,-4.535260010E1
1.584133167E1,-7.442131042E0,-3.396649170E1,-4.549230957E1
1.585137767E1,-7.411018372E0,-3.389709473E1,-4.551403809E1
1.586142367E1,-7.213478088E0,-3.397674561E1,-4.549414062E1
1.587146967E1,-7.214218140E0,-3.398931885E1,-4.543469238E1
1.588151567E1,-7.214218140E0,-3.398931885E1,-4.543469238E1
1.589156167E1,-7.119499207E0,-3.405459595E1,-4.567584229E1
1.590160767E1,-7.129119873E0,-3.414761353E1,-4.571105957E1
1.591165367E1,-7.030975342E0,-3.414135742E1,-4.556079102E1
1.592169967E1,-7.038017273E0,-3.420184326E1,-4.545318604E1
1.593174567E1,-6.910842896E0,-3.403582764E1,-4.537530518E1
1.594179167E1,-6.881652832E0,-3.418460083E1,-4.547894287E1
1.595183767E1,-6.857116699E0,-3.415634155E1,-4.525854492E1
1.596188367E1,-6.937011719E0,-3.420141602E1,-4.540606689E1
1.597192967E1,-6.919555664E0,-3.421533203E1,-4.528924561E1
1.598197667E1,-6.745674133E0,-3.435882568E1,-4.537097168E1
1.599202267E1,-6.582351685E0,-3.424664307E1,-4.532849121E1
1.600206867E1,-6.545059204E0,-3.419024658E1,-4.524932861E1
1.601211467E1,-6.353767395E0,-3.430065918E1,-4.530413818E1
1.602216067E1,-6.097290039E0,-3.424316406E1,-4.523999023E1
1.603220667E1,-6.203903198E0,-3.430688477E1,-4.541174316E1
1.604225267E1,-6.024284363E0,-3.415066528E1,-4.537530518E1
1.605229867E1,-5.956268311E0,-3.437570190E1,-4.529101562E1
1.606234467E1,-5.856208801E0,-3.426531982E1,-4.547717285E1
1.607239067E1,-5.635047913E0,-3.430395508E1,-4.540423584E1
1.608243667E1,-5.536125183E0,-3.423437500E1,-4.544580078E1
1.609248267E1,-5.284393311E0,-3.425259399E1,-4.537377930E1
1.610252867E1,-5.216598511E0,-3.435198975E1,-4.548663330E1
1.611257467E1,-4.999885559E0,-3.432250977E1,-4.535754395E1
1.612262067E1,-4.876274109E0,-3.430801392E1,-4.548205566E1
1.613266667E1,-4.729499817E0,-3.438146973E1,-4.555645752E1
1.614271267E1,-4.521347046E0,-3.439611816E1,-4.530731201E1
1.615275867E1,-4.421806335E0,-3.437115479E1,-4.572534180E1
1.616280467E1,-4.366813660E0,-3.441406250E1,-4.547137451E1
1.617285167E1,-4.190185547E0,-3.437020874E1,-4.549096680E1
1.618289767E1,-3.925048828E0,-3.440521240E1,-4.541265869E1
1.619294367E1,-3.676536560E0,-3.451943970E1,-4.557904053E1
1.620298967E1,-3.393013000E0,-3.445828247E1,-4.542297363E1
1.621303567E1,-3.132827759E0,-3.430621338E1,-4.535559082E1
1.622308167E1,-2.884613037E0,-3.439923096E1,-4.539648438E1
1.623312767E1,-2.611518860E0,-3.441577148E1,-4.530993652E1
1.624317367E1,-2.465629578E0,-3.446398926E1,-4.543426514E1
1.625321967E1,-2.173027039E0,-3.457574463E1,-4.532135010E1
1.626326567E1,-2.020599365E0,-3.444338989E1,-4.565032959E1
1.627331167E1,-1.753334045E0,-3.450457764E1,-4.537390137E1
1.628335767E1,-1.530487061E0,-3.461309814E1,-4.564154053E1
1.629340367E1,-1.221649170E0,-3.462924194E1,-4.553283691E1
1.630344967E1,-1.083023071E0,-3.457165527E1,-4.550463867E1
1.631349567E1,-6.802368164E-1,-3.467617798E1,-4.567108154E1
1.632354167E1,-1.968841553E-1,-3.484442139E1,-4.559826660E1
1.633358767E1,1.682968140E-1,-3.472927856E1,-4.522369385E1
1.634363367E1,5.334548950E-1,-3.468313599E1,-4.539471436E1
1.635367967E1,8.943252563E-1,-3.484301758E1,-4.549200439E1
1.636372567E1,1.032127380E0,-3.459695435E1,-4.537506104E1
1.637377167E1,1.307540894E0,-3.494430542E1,-4.559741211E1
1.638381867E1,1.578392029E0,-3.470477295E1,-4.576391602E1
1.639386467E1,1.607376099E0,-3.452148438E1,-4.565753174E1
1.640391067E1,1.946060181E0,-3.442626953E1,-4.542401123E1
1.641395667E1,2.127883911E0,-3.422787476E1,-4.565124512E1
1.642400267E1,2.461723328E0,-3.377688599E1,-4.583599854E1
1.643404867E1,2.897598267E0,-3.364324951E1,-4.594830322E1
1.644409467E1,3.258712769E0,-3.359136963E1,-4.590405273E1
1.645414067E1,3.709068298E0,-3.358328247E1,-4.592510986E1
1.646418667E1,4.017486572E0,-3.367321777E1,-4.602062988E1
1.647423267E1,4.222541809E0,-3.380459595E1,-4.609899902E1
1.648427867E1,4.388183594E0,-3.389138794E1,-4.616406250E1
1.649432467E1,4.473541260E0,-3.403585815E1,-4.591479492E1
1.650437067E1,4.443099976E0,-3.414566040E1,-4.574822998E1
1.651441625E1,4.583869934E0,-3.410202026E1,-4.576489258E1
1.652446225E1,4.800849915E0,-3.418228149E1,-4.564776611E1
1.653450825E1,5.088668823E0,-3.427426147E1,-4.535449219E1
1.654455425E1,5.217124939E0,-3.424743652E1,-4.552008057E1
1.655460025E1,5.379314423E0,-3.410955811E1,-4.561206055E1
1.656464625E1,5.773738861E0,-3.409667969E1,-4.578350830E1
1.657469225E1,6.255939484E0,-3.404473877E1,-4.587030029E1
1.658473825E1,6.255939484E0,-3.404473877E1,-4.587030029E1
1.659478425E1,6.586750031E0,-3.387597656E1,-4.567700195E1
1.660483025E1,6.749008179E0,-3.376004028E1,-4.578802490E1
1.661487725E1,6.959472656E0,-3.370272827E1,-4.577081299E1
1.662492325E1,7.158279419E0,-3.363046265E1,-4.581610107E1
1.663496925E1,7.281280518E0,-3.350869751E1,-4.574407959E1
1.664501525E1,7.388584137E0,-3.345153809E1,-4.574334717E1
1.665506125E1,7.530117035E0,-3.336016846E1,-4.567956543E1
1.666510725E1,7.581142426E0,-3.321023560E1,-4.565197754E1
1.667515325E1,7.838817596E0,-3.294833374E1,-4.559332275E1
1.668519925E1,8.140548706E0,-3.252310181E1,-4.578027344E1
1.669524525E1,8.583595276E0,-3.228628540E1,-4.586273193E1
1.670529125E1,8.898643494E0,-3.189837646E1,-4.578271484E1
1.671533725E1,9.129005432E0,-3.161306763E1,-4.602642822E1
1.672538325E1,9.273784637E0,-3.133731079E1,-4.605596924E1
1.673542925E1,9.282752991E0,-3.105221558E1,-4.612945557E1
1.674547525E1,9.125705719E0,-3.083547974E1,-4.619812012E1
1.675552125E1,8.804416656E0,-3.069549561E1,-4.621783447E1
1.676556725E1,8.494625092E0,-3.065219116E1,-4.594146729E1
1.677561325E1,8.312072754E0,-3.059997559E1,-4.583666992E1
1.678565925E1,8.025360107E0,-3.067236328E1,-4.557794189E1
1.679570525E1,7.840057373E0,-3.064773560E1,-4.547320557E1
1.680575125E1,7.617431641E0,-3.041525269E1,-4.512286377E1
1.681579725E1,7.295097351E0,-3.029016113E1,-4.496771240E1
1.682584325E1,7.103134155E0,-3.030761719E1,-4.450805664E1
1.683588925E1,6.857231140E0,-3.031976318E1,-4.400946045E1
1.684593625E1,6.550735474E0,-3.034704590E1,-4.388006592E1
1.685598225E1,6.360054016E0,-3.059356689E1,-4.334765625E1
1.686602825E1,6.230400085E0,-3.079702759E1,-4.265563965E1
1.687607425E1,5.928306580E0,-3.139633179E1,-4.204473877E1
1.688612025E1,5.667076111E0,-3.163195801E1,-4.152081299E1
1.689616625E1,5.560253143E0,-3.185238647E1,-4.125775146E1
1.690621225E1,5.455631256E0,-3.197030640E1,-4.070959473E1
1.691625825E1,5.440471649E0,-3.211172485E1,-4.034625244E1
1.692630425E1,5.313220978E0,-3.235583496E1,-3.992089844E1
1.693635025E1,5.318984985E0,-3.314950562E1,-3.941735840E1
1.694639625E1,5.148460388E0,-3.354153442E1,-3.884948730E1
1.695644225E1,5.103485107E0,-3.390869141E1,-3.866674805E1
1.696648825E1,4.826858521E0,-3.432580566E1,-3.836181641E1
1.697653425E1,4.714012146E0,-3.480538940E1,-3.770587158E1
1.698658025E1,4.779495239E0,-3.537045288E1,-3.746459961E1
1.699662625E1,4.541702271E0,-3.620596313E1,-3.750292969E1
1.700667225E1,4.452636719E0,-3.684860229E1,-3.688134766E1
1.701671825E1,4.148841858E0,-3.721945190E1,-3.691064453E1
1.702676425E1,3.792243958E0,-3.741708374E1,-3.693554688E1
1.703681025E1,3.302864075E0,-3.767373657E1,-3.714093018E1
1.704685625E1,2.861419678E0,-3.755795288E1,-3.724371338E1
1.705690225E1,2.498405457E0,-3.750341797E1,-3.756719971E1
1.706694825E1,2.165924072E0,-3.733767700E1,-3.762469482E1
1.707699425E1,1.947372437E0,-3.718176270E1,-3.786413574E1
1.708704025E1,2.121871948E0,-3.720159912E1,-3.842694092E1
1.709708625E1,1.966590881E0,-3.717388916E1,-3.838787842E1
1.710713225E1,1.990402222E0,-3.711721802E1,-3.866137695E1
1.711717825E1,2.152404785E0,-3.729486084E1,-3.885986328E1
1.712722525E1,2.042762756E0,-3.745806885E1,-3.899902344E1
1.713727125E1,2.172904968E0,-3.754470825E1,-3.908801270E1
1.714731725E1,2.250083923E0,-3.781152344E1,-3.942669678E1
1.715736325E1,2.393692017E0,-3.822064209E1,-3.935748291E1
1.716740925E1,2.413681030E0,-3.857537842E1,-3.892761230E1
1.717745525E1,2.516799927E0,-3.890731812E1,-3.921435547E1
1.718750125E1,2.668243408E0,-3.900311279E1,-3.905456543E1
1.719754725E1,2.649925232E0,-3.887356567E1,-3.908819580E1
1.720759325E1,2.691825867E0,-3.915689087E1,-3.878546143E1
1.721763925E1,2.918601990E0,-3.958419800E1,-3.883801270E1
1.722768525E1,2.788162231E0,-3.983990479E1,-3.872747803E1
1.723773125E1,2.789093018E0,-4.024588013E1,-3.842779541E1
1.724777725E1,2.781127930E0,-4.058627319E1,-3.813519287E1
1.725782325E1,2.670692444E0,-4.058883667E1,-3.826611328E1
1.726786925E1,2.630172729E0,-4.077566528E1,-3.811480713E1
1.727791525E1,2.587318420E0,-4.099914551E1,-3.817633057E1
1.728796125E1,2.512535095E0,-4.120028687E1,-3.787292480E1
1.729800725E1,2.512535095E0,-4.120028687E1,-3.787292480E1
1.730805325E1,2.296035767E0,-4.145693970E1,-3.756896973E1
1.731809925E1,2.367004395E0,-4.146807861E1,-3.761267090E1
1.732814525E1,2.309898376E0,-4.135964966E1,-3.778973389E1
1.733819125E1,2.198806763E0,-4.129998779E1,-3.797717285E1
1.734823725E1,1.949798584E0,-4.131515503E1,-3.818621826E1
1.735828325E1,2.148857117E0,-4.142053223E1,-3.825323486E1
1.736832925E1,1.988296509E0,-4.141311646E1,-3.824658203E1
1.737837525E1,2.036407471E0,-4.131280518E1,-3.838934326E1
1.738842125E1,1.888198853E0,-4.143942261E1,-3.852734375E1
1.739846725E1,1.826103210E0,-4.122119141E1,-3.841943359E1
1.740851325E1,1.664772034E0,-4.109582520E1,-3.867089844E1
1.741855925E1,1.592735291E0,-4.105957031E1,-3.893298340E1
1.742860525E1,1.700057983E0,-4.103021240E1,-3.888964844E1
1.743865225E1,1.649177551E0,-4.102572632E1,-3.885876465E1
1.744869825E1,1.475921631E0,-4.097921753E1,-3.913378906E1
1.745874425E1,1.374336243E0,-4.101446533E1,-3.901849365E1
1.746879025E1,1.062309265E0,-4.126959229E1,-3.894549561E1
1.747883625E1,9.864349365E-1,-4.140914917E1,-3.880413818E1
1.748888225E1,8.079910278E-1,-4.173037720E1,-3.830450439E1
1.749892825E1,5.433044434E-1,-4.196237183E1,-3.808892822E1
1.750897417E1,4.901962280E-1,-4.217181396E1,-3.793542480E1