"Time (s)","X (rad/s)","Y (rad/s)","Z (rad/s)"
5.788374983E-3,7.506855577E-2,-6.502491888E-4,-2.081376314E-2
1.583437499E-2,7.706485689E-2,-3.847906832E-3,-2.519892342E-2
2.588037497E-2,7.065095007E-2,5.804502871E-4,-2.496177144E-2
3.592637499E-2,5.416864529E-2,8.058340289E-3,-2.557456307E-2
4.597237500E-2,3.376226872E-2,1.978611760E-2,-2.866419405E-2
5.601737500E-2,7.800179068E-3,3.127099946E-2,-4.339626804E-2
6.606337498E-2,-1.607334241E-2,3.079484776E-2,-5.979915336E-2
7.610937499E-2,-4.182930291E-2,1.272183936E-2,-7.482443750E-2
8.615537500E-2,-6.646502763E-2,-2.068017609E-2,-8.723986149E-2
9.620137498E-2,-9.439839423E-2,-4.690432176E-2,-9.805229306E-2
1.062463750E-1,-1.140659004E-1,-6.322090328E-2,-1.028371304E-1
1.162923750E-1,-1.181927398E-1,-6.006291881E-2,-1.121704429E-1
1.263383750E-1,-1.317157745E-1,-4.985006154E-2,-1.167023107E-1
1.363843750E-1,-1.488944888E-1,-3.880380094E-2,-1.137946695E-1
1.464303750E-1,-1.618597358E-1,-2.301457152E-2,-1.026367247E-1
1.564753750E-1,-1.721693724E-1,-9.751230478E-3,-9.259900451E-2
1.665213750E-1,-1.771802008E-1,-3.252690192E-3,-8.276475221E-2
1.765673750E-1,-1.824197024E-1,-5.547003355E-3,-7.536968589E-2
1.866133750E-1,-1.929318905E-1,-1.778665185E-2,-6.964381784E-2
1.966583750E-1,-2.017195225E-1,-2.601049282E-2,-6.988403946E-2
2.067043750E-1,-2.118552178E-1,-4.329244792E-2,-7.993723452E-2
2.167503750E-1,-2.109880894E-1,-6.310237944E-2,-8.893792331E-2
2.267963750E-1,-1.989652961E-1,-9.092650563E-2,-7.984326035E-2
2.368423750E-1,-1.787247360E-1,-1.228729934E-1,-6.034599245E-2
2.468873750E-1,-1.096279100E-1,-1.127237231E-1,-6.150070205E-2
2.569333750E-1,-6.307905167E-2,-8.868177235E-2,-5.294982344E-2
2.669793750E-1,-3.537322208E-2,-7.634761930E-2,-4.157803208E-2
2.770253750E-1,-2.722900733E-2,-8.467879146E-2,-2.524646185E-2
2.870713750E-1,-1.824532077E-2,-1.305194646E-1,-1.983718388E-2
2.971163750E-1,6.992125418E-3,-2.039241642E-1,-1.718707196E-2
3.071623750E-1,4.122991860E-2,-2.696184516E-1,-1.668019965E-2
3.172083750E-1,6.611502916E-2,-2.976660728E-1,-1.288546063E-2
3.272543750E-1,5.442734808E-2,-2.586359382E-1,-1.925892895E-3
3.373003750E-1,2.120095305E-2,-2.004381716E-1,8.915303275E-3
3.473453750E-1,-1.591604203E-2,-1.395767182E-1,1.859818771E-2
3.573913750E-1,-5.044898391E-2,-9.467502683E-2,2.570696361E-2
3.674373750E-1,-8.181373775E-2,-5.483519286E-2,2.177550830E-2
3.774833750E-1,-1.081936806E-1,-2.312732860E-2,2.184794657E-2
3.875293750E-1,-1.359637827E-1,1.690446772E-2,2.049202845E-2
3.975743750E-1,-1.542695463E-1,5.973928422E-2,2.317037061E-2
4.076203750E-1,-1.538954824E-1,7.919050753E-2,3.260055929E-2
4.176663750E-1,-1.540438235E-1,8.455784619E-2,3.310549259E-2
4.277123750E-1,-1.472914070E-1,9.111621976E-2,3.124015220E-2
4.377583750E-1,-1.243179068E-1,1.067790687E-1,1.569927484E-2
4.478033750E-1,-1.093926504E-1,1.034690961E-1,9.989353828E-3
4.578493750E-1,-7.999560982E-2,1.023367196E-1,2.501330897E-2
4.678953750E-1,-5.629717186E-2,9.977050126E-2,3.494597599E-2
4.779413750E-1,-3.527444601E-2,7.789342850E-2,2.826969698E-2
4.879873750E-1,-2.122478187E-2,5.857861415E-2,1.029702090E-2
4.980323750E-1,-2.406823821E-2,6.124976277E-2,-1.235342957E-2
5.080783750E-1,-3.639803082E-2,5.825182050E-2,-2.749902382E-2
5.181243750E-1,-4.918892682E-2,6.105932593E-2,-3.930428624E-2
5.281700000E-1,-6.383655220E-2,7.673700154E-2,-5.390181020E-2
5.382150000E-1,-7.540665567E-2,8.420104533E-2,-6.133948639E-2
5.482610000E-1,-8.075293154E-2,9.055281430E-2,-6.374771148E-2
5.583070000E-1,-8.793281764E-2,9.414781630E-2,-6.889533252E-2
5.683530000E-1,-8.885882795E-2,8.957241476E-2,-7.054299861E-2
5.783990000E-1,-8.299135417E-2,7.741402090E-2,-7.430924475E-2
5.884440000E-1,-7.266546041E-2,7.050671428E-2,-7.766901702E-2
5.984900000E-1,-6.034860387E-2,7.281727344E-2,-8.426167071E-2
6.085360000E-1,-4.131889716E-2,7.546322793E-2,-8.339109272E-2
6.185820000E-1,-2.562675439E-2,7.576256245E-2,-7.587058842E-2
6.286280000E-1,-1.564789005E-2,7.501980662E-2,-6.695938855E-2
6.386730000E-1,-1.261135284E-2,7.219206542E-2,-5.597251281E-2
6.487190000E-1,-5.013841204E-3,6.624874473E-2,-4.352982342E-2
6.587650000E-1,6.858530920E-3,6.300953776E-2,-3.111683391E-2
6.688110000E-1,1.958286762E-2,5.065846816E-2,-1.933760196E-2
6.788560000E-1,2.733612806E-2,3.822017461E-2,-1.402219757E-2
6.889020000E-1,2.996618859E-2,2.511540987E-2,-1.396450587E-2
6.989480000E-1,2.619595081E-2,1.852808148E-2,-1.417036913E-2
7.089940000E-1,1.393126324E-2,2.142097987E-2,-1.276525296E-2
7.190400000E-1,-3.083929187E-4,1.966462471E-2,-4.262578674E-3
7.290850000E-1,-1.465432160E-2,1.991899870E-2,2.754421439E-3
7.391310000E-1,-2.669553831E-2,2.500803210E-2,7.689524908E-3
7.491770000E-1,-3.141250461E-2,2.373517677E-2,8.148992434E-3
7.592230000E-1,-3.008545563E-2,2.678236552E-2,1.011986285E-3
7.692690000E-1,-3.143376857E-2,3.622997925E-2,-6.653791294E-3
7.793140000E-1,-3.441251442E-2,3.676607460E-2,-1.242699195E-2
7.893600000E-1,-3.955199569E-2,3.358384222E-2,-1.029997878E-2
7.994060000E-1,-4.823709652E-2,2.722394466E-2,-2.953116782E-3
8.094520000E-1,-5.491544679E-2,1.652901992E-2,1.732995734E-3
8.194970000E-1,-5.367414653E-2,-1.119216904E-3,7.892620750E-3
8.295430000E-1,-4.817525297E-2,-1.647047512E-2,1.980147883E-2
8.395890000E-1,-3.636013716E-2,-2.280453779E-2,3.858928010E-2
8.496350000E-1,-1.761832088E-2,-2.804105729E-2,5.003875121E-2
8.596810000E-1,-6.079121958E-4,-2.683570981E-2,5.829961225E-2
8.697260000E-1,1.253615320E-2,-2.287549525E-2,6.042398140E-2
8.797720000E-1,1.915916800E-2,-2.166988142E-2,5.775389448E-2
8.898180000E-1,2.117048949E-2,-2.322111093E-2,5.600116029E-2
8.998640000E-1,2.146743238E-2,-1.832382381E-2,3.977185860E-2
9.099100000E-1,1.548675820E-2,-9.841879830E-3,2.738746442E-2
9.199550000E-1,4.835179076E-3,-7.649565116E-3,1.981796138E-2
9.300010000E-1,-3.899722826E-3,2.144826576E-4,1.997162588E-2
9.400470000E-1,-4.823040683E-3,5.641738884E-3,1.886961050E-2
9.500930000E-1,1.224822190E-4,1.153034717E-2,2.215299010E-2
9.601380000E-1,6.128709763E-3,1.963647828E-2,2.048105747E-2
9.701840000E-1,1.442761905E-2,2.434005775E-2,1.731885225E-2
9.802300000E-1,2.395880595E-2,2.736674063E-2,1.079037786E-2
9.902760000E-1,3.621207923E-2,2.544758841E-2,2.383513842E-3
1.000322000E0,4.740747437E-2,1.877956651E-2,-5.708767101E-3
1.010367000E0,5.416094884E-2,1.435383037E-2,-9.033158422E-3
1.020413000E0,5.153640360E-2,4.650337622E-3,-6.417668425E-3
1.030459000E0,4.020185769E-2,-1.368564554E-3,-5.939757917E-3
1.040505000E0,2.832123078E-2,-7.735915948E-3,-6.955221295E-3
1.050551000E0,1.840429567E-2,-5.610597320E-3,-9.417023510E-3
1.060596000E0,1.161137037E-2,8.784612874E-4,-8.223395795E-3
1.070642000E0,5.707718898E-3,5.977618974E-3,-4.262331408E-3
1.080688000E0,2.052796539E-3,1.426723972E-2,-3.358987160E-3
1.090734000E0,3.418066306E-3,2.071011811E-2,-2.233675681E-3
1.100779000E0,-1.747134607E-3,1.673215441E-2,-1.965495292E-3
1.110825000E0,-7.718951441E-3,9.535456076E-3,-7.666483521E-3
1.120871000E0,-8.944272064E-3,-1.377645647E-3,-1.056666579E-2
1.130917000E0,-6.928556599E-3,-4.829413258E-3,-1.088702492E-2
1.140963000E0,-6.086997688E-3,-1.227481291E-2,-6.323964801E-3
1.151008000E0,-5.474894773E-3,-1.677642949E-2,-4.007999320E-3
1.161054000E0,-7.742309943E-3,-2.151392587E-2,-1.282254234E-3
1.171100000E0,-1.299171057E-2,-2.798034996E-2,-1.976932399E-4
1.181146000E0,-1.996439882E-2,-3.230345994E-2,-6.759967655E-4
1.191191000E0,-2.300471812E-2,-2.511644922E-2,4.837978631E-4
1.201237000E0,-2.790626511E-2,-2.135819755E-2,7.502025925E-3
1.211283000E0,-3.194677085E-2,-1.358379330E-2,1.540507190E-2
1.221329000E0,-2.547635324E-2,-7.953072898E-3,1.529055648E-2
1.231375000E0,-1.748077758E-2,4.434646107E-4,1.494598854E-2
1.241420000E0,-1.142261922E-2,4.882954061E-3,1.355954725E-2
1.251466000E0,-7.682898431E-4,2.592208562E-3,1.388817653E-2
1.261512000E0,9.302453138E-3,-1.441681525E-3,1.921929233E-2
1.271558000E0,1.685360260E-2,-3.997599706E-3,1.868139207E-2
1.281603000E0,2.106672339E-2,-2.351233037E-3,1.451594196E-2
1.291649000E0,2.172983997E-2,-5.474826321E-5,1.105819829E-2
1.301695000E0,2.099054493E-2,2.905621426E-3,1.243744791E-2
1.311741000E0,1.444103383E-2,5.788759794E-3,1.476611756E-2
1.321787000E0,1.044096611E-2,1.097020600E-2,1.577731967E-2
1.331832000E0,1.291947160E-2,2.158683166E-2,1.260773372E-2
1.341878000E0,1.500738971E-2,2.814193629E-2,4.567916505E-3
1.351924000E0,2.193362825E-2,3.797968104E-2,-6.295768544E-4
1.361970000E0,3.130768985E-2,3.726062551E-2,4.729721695E-4
1.372015000E0,3.476682305E-2,2.365586534E-2,3.599645104E-3
1.382061000E0,3.738231212E-2,1.184288226E-2,2.666986547E-4
1.392107000E0,3.593144193E-2,-6.189784035E-4,-8.733291179E-4
1.402153000E0,2.562847361E-2,-5.597225390E-3,2.314741258E-3
1.412199000E0,1.631918550E-2,-3.013198031E-3,6.742820609E-3
1.422244000E0,1.045676880E-2,-1.350320410E-3,8.163351566E-3
1.432290000E0,1.179021224E-2,1.363058109E-4,7.593420334E-3
1.442336000E0,1.840257458E-2,-2.466401318E-3,9.547648020E-3
1.452382000E0,3.160592914E-2,-1.126034744E-2,1.373526640E-2
1.462427000E0,3.993283585E-2,-1.373016275E-2,1.765623875E-2
1.472473000E0,4.482277483E-2,-2.516611852E-2,1.700704172E-2
1.482519000E0,4.252659529E-2,-3.389196470E-2,1.418622117E-2
1.492565000E0,3.799346462E-2,-3.246742487E-2,1.033359766E-2
1.502610000E0,3.522297740E-2,-3.685152158E-2,3.758785315E-3
1.512656000E0,3.375309333E-2,-3.899462149E-2,1.691096928E-3
1.522702000E0,3.152881935E-2,-4.244261608E-2,5.517526995E-3
1.532748625E0,3.115058318E-2,-4.343909398E-2,5.541558843E-3
1.542794625E0,3.271891922E-2,-4.112001508E-2,7.132530678E-3
1.552839625E0,3.324414790E-2,-3.609333560E-2,5.599390715E-3
1.562885625E0,2.938070334E-2,-1.644346677E-2,4.734662361E-3
1.572931625E0,1.762222499E-2,2.864128910E-3,2.130879089E-3
1.582977625E0,1.903714961E-3,1.755721401E-3,1.773216762E-3
1.593022625E0,-6.670065690E-3,-2.909338102E-3,-1.562125981E-3
1.603068625E0,-2.124528028E-2,-5.312840920E-3,-4.414371680E-3
1.613114625E0,-3.316229209E-2,-3.145545721E-3,-5.491714925E-3
1.623160625E0,-3.574848920E-2,-6.549574900E-4,-6.458708551E-3
1.633206625E0,-3.179390356E-2,5.361667834E-3,-6.294097751E-3
1.643251625E0,-2.646811493E-2,8.968919516E-3,-8.463774808E-3
1.653297625E0,-2.622467093E-2,9.364759549E-3,-3.674378386E-3
1.663343625E0,-3.063912690E-2,8.711218834E-3,2.926662564E-4
1.673389625E0,-3.642574325E-2,6.159629673E-3,-4.158445634E-3
1.683434625E0,-3.908277676E-2,1.589379041E-3,-7.797388360E-3
1.693480625E0,-3.548990935E-2,2.419969300E-3,-6.675385404E-3
1.703526625E0,-3.539589792E-2,7.562533487E-3,-4.981082398E-3
1.713572625E0,-3.714998439E-2,7.100583054E-3,-2.217112808E-3
1.723617625E0,-3.662480786E-2,1.025642920E-2,-4.947119392E-3
1.733663625E0,-3.548381478E-2,1.427067630E-2,-3.077423433E-3
1.743709625E0,-3.250347450E-2,1.172895543E-2,9.652548470E-4
1.753755625E0,-2.704922482E-2,8.309777826E-3,2.587929368E-3
1.763801625E0,-1.924456470E-2,1.958671724E-3,4.092881456E-3
1.773846625E0,-1.473749056E-2,-1.174059138E-2,3.873928450E-3
1.783892625E0,-2.072081342E-2,-1.811779663E-2,-7.527815178E-4
1.793938625E0,-2.891725861E-2,-9.497237392E-3,-4.099544603E-3
1.803984625E0,-4.066606238E-2,4.539303482E-4,-2.488332335E-3
1.814029625E0,-4.935412481E-2,1.253793016E-2,1.677415334E-3
1.824075625E0,-5.518192053E-2,1.980862580E-2,2.604195848E-3
1.834121625E0,-5.721648410E-2,2.699495479E-2,1.835884526E-3
1.844167625E0,-4.635824263E-2,2.080390416E-2,-7.425881922E-4
1.854213625E0,-3.614768758E-2,9.383520111E-3,5.775257014E-4
1.864258625E0,-3.022241779E-2,4.470787477E-3,7.133465260E-4
1.874304625E0,-2.641462907E-2,3.374314401E-3,-3.365535289E-3
1.884350625E0,-2.691317350E-2,1.062903181E-2,-3.067527665E-3
1.894396625E0,-2.798756026E-2,1.296390407E-2,-4.469087347E-3
1.904441625E0,-3.565799445E-2,1.117798872E-2,-5.685086828E-3
1.914487625E0,-4.102054983E-2,1.505404338E-2,-8.247490972E-3
1.924533625E0,-3.799999133E-2,2.294072881E-2,-1.135087200E-2
1.934579625E0,-2.815633640E-2,2.701173164E-2,-1.062744297E-2
1.944624625E0,-1.427913643E-2,2.645140328E-2,-9.936353192E-3
1.954670625E0,-6.967040244E-3,2.684282139E-2,-6.166951731E-3
1.964716625E0,-6.110833958E-3,2.000701986E-2,-4.565326497E-3
1.974762625E0,-1.232752763E-2,9.168606251E-3,-2.369915834E-3
1.984808625E0,-2.099345438E-2,5.346386461E-4,-3.200822044E-3
1.994853625E0,-3.093283810E-2,-5.247696303E-3,-2.780654468E-4
2.004899625E0,-3.249957412E-2,-1.148322131E-2,5.194197875E-3
2.014945625E0,-2.531322464E-2,-1.754171588E-2,1.097440720E-2
2.024991625E0,-1.233644038E-2,-1.695155911E-2,1.362611540E-2
2.035036625E0,2.017124090E-3,-1.697332785E-2,1.304892451E-2
2.045082625E0,6.306411233E-3,-1.281560119E-2,1.677415520E-2
2.055128625E0,2.715090814E-4,-2.059254097E-3,2.060483955E-2
2.065174625E0,-8.392020129E-3,1.103311218E-2,2.275720611E-2
2.075219625E0,-1.977913082E-2,1.805808209E-2,2.247260883E-2
2.085265625E0,-2.711134590E-2,2.041924186E-2,1.733617112E-2
2.095311625E0,-3.051835299E-2,1.687550545E-2,1.479384117E-2
2.105357625E0,-2.258719318E-2,9.887902997E-3,1.275519095E-2
2.115402625E0,-1.520887949E-2,5.328182131E-3,1.309442800E-2
2.125448625E0,-8.712365292E-3,1.413335442E-3,1.219081786E-2
2.135494625E0,1.226508990E-3,-5.159132648E-3,1.342266519E-2
2.145540625E0,4.117902834E-3,-3.484536894E-3,1.444452163E-2
2.155586625E0,4.642313346E-3,6.254736334E-3,1.636968926E-2
2.165631625E0,9.114908753E-4,1.490015630E-2,1.709406823E-2
2.175677625E0,-4.149439279E-3,2.433824912E-2,1.494944654E-2
2.185723625E0,-4.972090013E-3,2.792472951E-2,1.180611737E-2
2.195769625E0,2.932849748E-4,3.259169683E-2,8.538670838E-3
2.205814625E0,4.728246946E-3,3.402341157E-2,6.470459048E-3
2.215860625E0,9.639536962E-3,2.735568024E-2,6.517262198E-3
2.225906625E0,9.203311056E-3,1.987006702E-2,-1.827180386E-4
2.235952625E0,5.603302736E-3,1.079109777E-2,1.568868291E-3
2.245997625E0,9.909740184E-4,3.362742718E-3,2.991262823E-3
2.256043625E0,-8.512739092E-3,-3.678602166E-3,2.260088921E-3
2.266089625E0,-1.048108097E-2,-4.987013526E-3,1.129576936E-3
2.276135625E0,-1.031319145E-2,-6.133301649E-4,-2.855509287E-3
2.286181625E0,-1.325971261E-2,5.418463610E-3,7.767761126E-4
2.296226625E0,-1.641436107E-2,8.731859736E-3,4.480560310E-3
2.306272625E0,-1.772703417E-2,1.085226890E-2,1.128733344E-2
2.316318625E0,-1.980452612E-2,1.150372252E-2,1.468684338E-2
2.326364625E0,-2.335931361E-2,6.213352084E-3,1.408310421E-2
2.336409625E0,-2.791411057E-2,-6.003119051E-5,1.002647355E-2
2.346455625E0,-3.027873114E-2,-7.479863707E-3,8.579311892E-3
2.356501625E0,-3.194618225E-2,-1.569465362E-2,7.993536070E-3
2.366547625E0,-3.217335045E-2,-2.151419222E-2,1.277417690E-2
2.376592625E0,-3.315869719E-2,-2.150287293E-2,1.682411879E-2
2.386638625E0,-2.920683101E-2,-1.724367961E-2,1.793332398E-2
2.396684625E0,-3.022373840E-2,-1.458075736E-2,1.757772267E-2
2.406730625E0,-3.285920247E-2,-1.388221141E-2,1.356460620E-2
2.416775625E0,-3.498827666E-2,-7.785504218E-3,9.942138568E-3
2.426821625E0,-3.571958095E-2,-5.339124706E-3,8.445974439E-3
2.436867625E0,-3.359059244E-2,-4.276561085E-3,9.630857036E-3
2.446913625E0,-3.058628179E-2,-3.292789217E-3,1.125005912E-2
2.456958625E0,-1.557769347E-2,-5.460722838E-3,1.012657210E-2
2.467004625E0,-6.887532771E-3,-1.397405006E-2,1.049994677E-2
2.477050625E0,-9.419117123E-3,-1.308304630E-2,9.343514219E-3
2.487096625E0,-1.211610064E-2,-5.655223969E-3,2.859516535E-3
2.497142625E0,-1.408653613E-2,-6.008637138E-5,-3.383619478E-3
2.507187625E0,-1.188063994E-2,3.138103755E-3,-1.019252278E-2
2.517233625E0,-1.114988793E-2,4.492403008E-3,-1.127036195E-2
2.527279625E0,-9.271561168E-3,6.055678707E-3,-1.491969172E-2
2.537325833E0,9.708411060E-3,-1.877319068E-3,-1.347020082E-2
2.547370833E0,1.765022427E-2,6.667985581E-4,-1.717785373E-2
2.557416833E0,1.436414942E-2,7.455196232E-3,-2.464162931E-2
2.567462833E0,3.639066592E-3,1.412561536E-2,-2.820919827E-2
2.577508833E0,-1.033615507E-2,1.953457668E-2,-2.620842122E-2
2.587553833E0,-1.749180257E-2,2.688010782E-2,-2.413488366E-2
2.597599833E0,-1.816223189E-2,2.499275282E-2,-2.486705594E-2
2.607645833E0,-1.092455909E-2,2.358527295E-2,-2.153517492E-2
2.617691833E0,-1.802742714E-3,2.109995671E-2,-1.654880308E-2
2.627736833E0,8.886386640E-3,1.670014858E-2,-1.622762531E-2
2.637782833E0,1.110650133E-2,1.460185833E-2,-1.240368374E-2
2.647828833E0,8.729097433E-3,1.789432392E-2,-6.692535244E-3
2.657874833E0,6.804061704E-4,1.879677549E-2,-4.908869043E-3
2.667919833E0,-8.694986813E-3,1.907321066E-2,-4.437223077E-3
2.677965833E0,-1.110228617E-2,1.598615386E-2,-4.338623490E-3
2.688011833E0,-1.007403899E-2,1.062281244E-2,-1.353565603E-4
2.698057833E0,-3.385098185E-3,2.020336920E-3,5.066632759E-3
2.708103833E0,-1.896657515E-3,9.084672201E-4,8.339392021E-3
2.718148833E0,-1.739419531E-3,-2.878308063E-3,1.030380651E-2
2.728194833E0,-6.679050624E-3,-3.513205564E-3,1.057332009E-2
2.738240833E0,-1.259306446E-2,2.751002787E-3,1.384441834E-2
2.748286833E0,-2.218869887E-2,1.738507301E-2,1.506521087E-2
2.758331833E0,-3.338821977E-2,2.502632141E-2,1.977675036E-2
2.768377833E0,-3.179351985E-2,2.017084695E-2,1.870882511E-2
2.778423833E0,-1.985307410E-2,7.161557674E-3,1.880132779E-2
2.788469833E0,-1.094879396E-2,-6.944407709E-3,1.714590751E-2
2.798514833E0,-4.806204699E-3,-1.789882779E-2,1.299606450E-2
2.808560833E0,-4.228032194E-3,-1.671691798E-2,1.337609626E-2
2.818606833E0,-9.634601884E-3,-1.338434406E-2,1.321365125E-2
2.828652833E0,-1.338593010E-2,-1.130574662E-2,1.055981219E-2
2.838697833E0,-1.735668443E-2,-1.051674318E-2,7.467795629E-3
2.848743833E0,-1.412440557E-2,-9.330570698E-3,5.252312403E-3
2.858789833E0,-1.242779382E-2,-9.079798125E-3,5.541412625E-3
2.868835833E0,-8.617874235E-3,-8.833721280E-3,5.305456463E-3
2.878880833E0,-4.101900384E-3,-7.475507446E-3,2.999042626E-3
2.888926833E0,-3.665505210E-4,8.050597971E-4,-6.233891472E-4
2.898972833E0,2.462971257E-3,4.796243273E-3,1.404755283E-3
2.909018833E0,4.637361271E-4,8.012352046E-4,-6.012680940E-3
2.919063833E0,-1.463730354E-3,-5.404580384E-3,-9.708367288E-3
2.929109833E0,-1.867465675E-3,-8.427001536E-3,-1.120053697E-2
2.939155833E0,-2.093027346E-3,-1.201591827E-2,-1.106508821E-2
2.949201833E0,-1.693553291E-3,-1.168834977E-2,-8.693808690E-3
2.959246833E0,3.133065999E-3,-2.925805748E-3,-7.175553124E-3
2.969292833E0,1.423445344E-2,4.727053922E-3,-6.349973381E-3
2.979338833E0,1.557560265E-2,3.880250501E-3,-6.274927873E-3
2.989384833E0,1.380087249E-2,3.754815552E-3,-4.404057283E-3
2.999429833E0,8.557534311E-4,6.127823610E-3,-3.673892701E-3
3.009475833E0,-1.322437916E-2,7.234899793E-3,-1.952425344E-3
3.019521833E0,-2.315523848E-2,1.366342604E-2,-4.325364251E-3
3.029567833E0,-2.700164169E-2,1.579688303E-2,-4.585555289E-3
3.039612833E0,-2.757304534E-2,1.609140262E-2,-3.699985333E-3
3.049658833E0,-2.522653341E-2,9.114986286E-3,-3.694392741E-3
3.059704833E0,-2.439952455E-2,4.005776253E-3,-3.700096859E-3
3.069750833E0,-2.623763867E-2,1.795086311E-3,-4.819689784E-3
3.079796833E0,-3.230724856E-2,7.207951508E-3,-9.593280964E-3
3.089841833E0,-3.999925777E-2,1.710159518E-2,-9.230825119E-3
3.099887833E0,-4.913704842E-2,2.275070548E-2,-2.370231785E-3
3.109933833E0,-5.290808156E-2,2.946719714E-2,2.200285438E-3
3.119979833E0,-5.044276267E-2,2.825874835E-2,2.552590799E-3
3.130024833E0,-4.602058232E-2,2.535164170E-2,-1.122837886E-3
3.140070833E0,-3.777610138E-2,2.204521932E-2,-1.616731286E-3
3.150116833E0,-2.921856940E-2,1.342376694E-2,1.617411617E-3
3.160162833E0,-3.380539641E-2,8.961443789E-3,4.936963320E-3
3.170207833E0,-4.008885846E-2,9.051991627E-3,9.541569278E-3
3.180253833E0,-5.355884507E-2,1.033795066E-2,1.317284442E-2
3.190299833E0,-6.409697980E-2,1.169296727E-2,2.012475953E-2
3.200345833E0,-6.637005508E-2,1.766788773E-2,2.149299346E-2
3.210390833E0,-6.250474602E-2,1.787508279E-2,2.634527162E-2
3.220436833E0,-5.334604532E-2,1.589508727E-2,3.139477968E-2
3.230482833E0,-4.011572525E-2,1.160846278E-2,3.826333955E-2
3.240528833E0,-2.524627373E-2,8.479994722E-3,4.145234078E-2
3.250573833E0,-1.752630249E-2,3.599485848E-3,3.901421651E-2
3.260619833E0,-1.439656503E-2,8.804393001E-4,4.099118710E-2
3.270665833E0,-1.656864025E-2,7.528739516E-4,4.081568494E-2
3.280711833E0,-2.178063616E-2,5.048136227E-4,4.089541733E-2
3.290756833E0,-2.905506082E-2,-6.536906585E-5,4.361743107E-2
3.300802833E0,-3.956270590E-2,4.387102555E-3,4.924012721E-2
3.310848833E0,-4.620063677E-2,1.317287050E-2,5.275283754E-2
3.320894833E0,-4.763144255E-2,2.720504068E-2,5.036351830E-2
3.330939833E0,-4.340500385E-2,3.290021047E-2,4.692537710E-2
3.340985833E0,-3.664145619E-2,3.577977791E-2,4.271625727E-2
3.351031833E0,-1.991707459E-2,3.244150802E-2,4.248802364E-2
3.361077833E0,-5.165265407E-3,2.104118280E-2,4.208489507E-2
3.371122833E0,1.225255895E-3,1.139974128E-2,4.535286129E-2
3.381168833E0,3.486861940E-3,6.983699277E-3,4.519096017E-2
3.391214833E0,-1.030125422E-3,9.325683117E-3,4.420985281E-2
3.401260833E0,-8.436719887E-3,1.870998368E-2,4.624520987E-2
3.411305833E0,-1.429620665E-2,3.198211268E-2,5.011798069E-2
3.421351833E0,-1.388769224E-2,4.020044208E-2,5.170144141E-2
3.431397833E0,-1.313215308E-2,4.326574132E-2,5.044655874E-2
3.441443833E0,-1.115254220E-2,3.614215925E-2,4.965692386E-2
3.451488833E0,-9.693928994E-3,2.769141458E-2,5.176907405E-2
3.461534833E0,-1.268448774E-2,2.726498805E-2,5.259570852E-2
3.471580833E0,-1.876741461E-2,2.904131636E-2,5.086572096E-2
3.481626833E0,-2.170485444E-2,3.419573233E-2,4.936590418E-2
3.491671833E0,-2.500770614E-2,3.243831173E-2,5.113530532E-2
3.501717833E0,-2.603613399E-2,2.968178131E-2,5.223438889E-2
3.511763833E0,-2.450028993E-2,2.463402599E-2,5.566959828E-2
3.521809833E0,-2.440086566E-2,1.727420837E-2,5.737760291E-2
3.531854583E0,-3.054051660E-2,1.189968362E-2,5.972118303E-2
3.541900583E0,-3.699110821E-2,8.213801309E-3,6.072595716E-2
3.551946583E0,-4.351425171E-2,1.197232027E-2,5.646197125E-2
3.561992583E0,-4.880353808E-2,1.768045872E-2,5.583325028E-2
3.572037583E0,-4.913803190E-2,2.201075852E-2,5.364519730E-2
3.582083583E0,-5.055874214E-2,2.405616269E-2,5.300003663E-2
3.592129583E0,-5.264426395E-2,2.198315784E-2,4.687023908E-2
3.602175583E0,-5.708130449E-2,2.602158673E-2,4.222916812E-2
3.612220583E0,-5.850396678E-2,2.749804221E-2,4.892329127E-2
3.622266583E0,-5.871534348E-2,2.865586616E-2,5.281826481E-2
3.632312583E0,-5.840508640E-2,2.943137847E-2,5.493601039E-2
3.642358583E0,-5.619117245E-2,2.897185087E-2,5.639656261E-2
3.652403583E0,-5.220202357E-2,2.475074120E-2,5.835398287E-2
3.662449583E0,-5.442161858E-2,2.422882803E-2,6.409659982E-2
3.672495583E0,-6.267315894E-2,1.760421507E-2,6.700503826E-2
3.682541583E0,-8.278728276E-2,1.710065082E-2,6.871713698E-2
3.692586583E0,-1.001012921E-1,1.423562132E-2,6.731391698E-2
3.702632583E0,-1.142597497E-1,5.056143738E-3,6.609368324E-2
3.712678583E0,-1.205256358E-1,-7.894275710E-3,6.892808527E-2
3.722724583E0,-1.182715073E-1,-1.766478643E-2,7.169242203E-2
3.732769583E0,-1.060350761E-1,-2.498262003E-2,7.493694872E-2
3.742815583E0,-9.183530509E-2,-3.155294433E-2,7.699455321E-2
3.752861583E0,-8.538326621E-2,-3.669897094E-2,7.736473531E-2
3.762907583E0,-8.568751067E-2,-4.126249626E-2,7.596874237E-2
3.772952583E0,-1.016222686E-1,-3.707334399E-2,7.888942957E-2
3.782998583E0,-1.233415082E-1,-2.109074593E-2,7.986376435E-2
3.793044583E0,-1.325722933E-1,-4.118685611E-3,8.430325240E-2
3.803090583E0,-1.150465086E-1,1.560549624E-2,9.021069854E-2
3.813135583E0,-7.187028229E-2,3.319327533E-2,9.501957148E-2
3.823181583E0,-1.567891240E-2,4.759991542E-2,1.009743959E-1
3.833227583E0,3.578481078E-2,5.086202174E-2,1.058900580E-1
3.843273583E0,7.326628268E-2,4.346599430E-2,1.047157496E-1
3.853318583E0,7.905758917E-2,3.108656034E-2,8.978286386E-2
3.863364583E0,5.618960038E-2,2.281137183E-2,6.338442117E-2
3.873410583E0,-1.068096608E-3,1.545971632E-2,3.528673574E-2
3.883456583E0,-8.491917700E-2,-6.737664808E-3,1.320144534E-2
3.893501583E0,-1.793487370E-1,-4.461766779E-2,1.220682170E-3
3.903547583E0,-2.713616788E-1,-7.554743439E-2,-3.266538959E-3
3.913593583E0,-3.438694477E-1,-7.287175953E-2,-3.362678923E-3
3.923639583E0,-3.905905783E-1,-4.075154662E-2,-4.957410041E-3
3.933684583E0,-4.006181657E-1,1.141578704E-2,1.385143213E-2
3.943730583E0,-3.804699779E-1,7.338990271E-2,3.228135034E-2
3.953776583E0,-3.440653682E-1,1.177664250E-1,5.027659610E-2
3.963822583E0,-2.963863313E-1,1.290544420E-1,6.091723964E-2
3.973867583E0,-2.644289434E-1,1.119859740E-1,6.972484291E-2
3.983913583E0,-2.566002309E-1,7.198274136E-2,8.089254051E-2
3.993959583E0,-2.594205141E-1,1.990542561E-2,9.559664875E-2
4.004005583E0,-2.464994788E-1,-2.302510478E-2,1.124219745E-1
4.014050583E0,-2.148946822E-1,-4.689501598E-2,1.325205863E-1
4.024096583E0,-1.710019857E-1,-5.625344440E-2,1.498688906E-1
4.034142583E0,-1.186908409E-1,-6.057149172E-2,1.552396864E-1
4.044188583E0,-6.525805593E-2,-5.445440114E-2,1.576520354E-1
4.054233583E0,-1.933290251E-2,-4.793631285E-2,1.546445340E-1
4.064279583E0,8.796167560E-3,-3.680839017E-2,1.528647691E-1
4.074325583E0,9.918157011E-3,-3.426373750E-2,1.478609592E-1
4.084370583E0,-8.737636730E-3,-2.384795435E-2,1.395511031E-1
4.094416583E0,-3.921964392E-2,-1.589202695E-2,1.240914464E-1
4.104462583E0,-6.693562120E-2,-5.478121806E-3,1.100564227E-1
4.114508583E0,-9.019806236E-2,-2.550775185E-3,9.051974118E-2
4.124553583E0,-1.093797162E-1,-3.552828915E-3,7.402915508E-2
4.134599583E0,-1.200704426E-1,-1.475594845E-2,5.708586052E-2
4.144645583E0,-1.271262914E-1,-3.668779880E-2,3.978176415E-2
4.154691583E0,-1.334225386E-1,-5.842744932E-2,2.326910011E-2
4.164736583E0,-1.350944340E-1,-7.482577115E-2,4.106026608E-3
4.174782583E0,-1.410854906E-1,-8.288582414E-2,-1.695797965E-2
4.184828583E0,-1.512682289E-1,-8.193377405E-2,-3.143405542E-2
4.194874583E0,-1.683039367E-1,-7.509690523E-2,-4.625294730E-2
4.204919583E0,-1.854679435E-1,-6.341738999E-2,-5.233342946E-2
4.214965583E0,-2.010149509E-1,-5.380070955E-2,-6.316850334E-2
4.225011583E0,-2.127287835E-1,-4.937043786E-2,-7.195614278E-2
4.235057583E0,-2.189339548E-1,-4.764231294E-2,-8.346605301E-2
4.245102583E0,-2.120883018E-1,-4.702995718E-2,-8.977048099E-2
4.255148583E0,-1.934403181E-1,-4.060428217E-2,-9.308904409E-2
4.265194583E0,-1.673821211E-1,-2.943664975E-2,-8.932066709E-2
4.275240583E0,-1.388649940E-1,-2.441845462E-2,-8.132079244E-2
4.285285583E0,-1.101495847E-1,-2.395205759E-2,-7.413621247E-2
4.295331583E0,-8.656650037E-2,-2.987386100E-2,-6.601250917E-2
4.305377583E0,-7.138265669E-2,-3.966838121E-2,-5.591671541E-2
4.315423583E0,-6.431435794E-2,-5.326088890E-2,-5.274249241E-2
4.325468583E0,-5.988677964E-2,-6.225849688E-2,-5.028456450E-2
4.335514583E0,-5.829713866E-2,-7.021948695E-2,-4.705015570E-2
4.345560583E0,-5.264132097E-2,-7.827907801E-2,-4.134745151E-2
4.355606583E0,-3.814999387E-2,-8.499823511E-2,-3.277766705E-2
4.365651583E0,-1.566954330E-2,-9.523762017E-2,-2.187110856E-2
4.375697583E0,1.013222616E-2,-1.053986475E-1,-1.215722784E-2
4.385743583E0,4.399434850E-2,-1.108028665E-1,-2.350859577E-3
4.395789583E0,7.711661607E-2,-9.710223228E-2,1.398816612E-2
4.405834583E0,1.153708324E-1,-6.534025073E-2,2.631899714E-2
4.415880583E0,1.450978518E-1,-3.515305743E-2,2.594855055E-2
4.425926583E0,1.444820613E-1,-3.931483626E-2,2.203224599E-2
4.435972583E0,7.558289915E-2,-9.738799185E-2,4.154708982E-2
4.446017583E0,-9.527854621E-2,-2.544854581E-1,6.188034639E-2
4.456063583E0,-3.018549085E-1,-3.779296279E-1,7.386963069E-2
4.466109583E0,-4.601398110E-1,-3.809926212E-1,6.941063702E-2
4.476154583E0,-5.409701467E-1,-2.362905592E-1,5.861178786E-2
4.486200583E0,-5.379191041E-1,-2.735496685E-2,3.590060398E-2
4.496246583E0,-4.701379240E-1,1.549711674E-1,-1.794052683E-2
4.506292583E0,-3.403838873E-1,2.381984591E-1,-7.777909935E-2
4.516337583E0,-1.770210415E-1,1.431960464E-1,-1.126928777E-1
4.526383583E0,3.777201986E-3,7.839108817E-3,-1.164198816E-1
4.536429208E0,1.708572805E-1,-9.373598546E-2,-1.094224229E-1
4.546475208E0,3.238480389E-1,-1.144460738E-1,-1.090636104E-1
4.556520208E0,4.569155574E-1,-1.187904850E-1,-1.237152591E-1
4.566566208E0,5.351253748E-1,-1.192683056E-1,-1.410934329E-1
4.576612208E0,5.362290144E-1,-1.284857690E-1,-1.568675935E-1
4.586658208E0,4.558686912E-1,-1.501062363E-1,-1.776056737E-1
4.596703208E0,3.085359633E-1,-1.710975319E-1,-1.933300495E-1
4.606749208E0,1.392880380E-1,-1.380594820E-1,-2.081378847E-1
4.616795208E0,-1.115951594E-2,-7.564111054E-2,-2.173881084E-1
4.626841208E0,-1.149261296E-1,-6.607940421E-3,-2.269066721E-1
4.636886208E0,-1.625913829E-1,5.038636923E-2,-2.325387299E-1
4.646932208E0,-1.595901400E-1,8.593737334E-2,-2.266089767E-1
4.656978208E0,-1.160432100E-1,9.676738083E-2,-2.061740011E-1
4.667024208E0,-6.239501387E-2,8.793055266E-2,-1.800278425E-1
4.677069208E0,-7.695015520E-3,7.105249912E-2,-1.549168974E-1
4.687115208E0,4.583831131E-2,5.841047689E-2,-1.322372705E-1
4.697161208E0,9.417894483E-2,6.904634833E-2,-1.154106185E-1
4.707206208E0,1.463784724E-1,1.054246798E-1,-1.008182839E-1
4.717252208E0,1.973324716E-1,1.504384875E-1,-7.980434597E-2
4.727298208E0,2.363684773E-1,2.007841170E-1,-5.214127898E-2
4.737344208E0,2.592167854E-1,2.493010610E-1,-2.103715762E-2
4.747389208E0,2.663613260E-1,2.826481760E-1,1.368166693E-2
4.757435208E0,2.543440759E-1,3.082592785E-1,4.986417294E-2
4.767481208E0,2.306792736E-1,3.193676770E-1,7.730349153E-2
4.777527208E0,1.961780190E-1,3.080013096E-1,8.509483933E-2
4.787572208E0,1.585586369E-1,3.030252159E-1,8.161401004E-2
4.797618208E0,1.169941425E-1,2.931547463E-1,7.576943934E-2
4.807664208E0,7.676146179E-2,2.902939916E-1,7.095389068E-2
4.817710208E0,3.394368663E-2,2.895315289E-1,6.707046926E-2
4.827755208E0,-1.684568264E-2,2.898849547E-1,5.684192851E-2
4.837801208E0,-6.312849373E-2,3.093950152E-1,4.869851470E-2
4.847847208E0,-1.059763953E-1,3.308304846E-1,3.949050605E-2
4.857893208E0,-1.430015266E-1,3.424453437E-1,4.485597461E-2
4.867938208E0,-1.790848076E-1,3.407290876E-1,6.042629108E-2
4.877984208E0,-2.083606571E-1,3.340948820E-1,8.678172529E-2
4.888030208E0,-2.223617733E-1,3.138347566E-1,1.114307866E-1
4.898075208E0,-2.316138595E-1,2.857842147E-1,1.406643093E-1
4.908121208E0,-2.302043736E-1,2.577175200E-1,1.790190190E-1
4.918167208E0,-2.182840556E-1,2.246434689E-1,2.264336795E-1
4.928213208E0,-1.960728019E-1,1.923128963E-1,2.740876079E-1
4.938258208E0,-1.578473896E-1,1.546006799E-1,3.155900538E-1
4.948304208E0,-9.457924962E-2,1.175515205E-1,3.478258848E-1
4.958350208E0,-5.354298279E-3,1.120419726E-1,3.665923774E-1
4.968396208E0,9.675864130E-2,1.292058080E-1,3.796671331E-1
4.978441208E0,1.816144139E-1,1.554568559E-1,3.883210719E-1
4.988487208E0,2.275795043E-1,1.717289984E-1,3.959820569E-1
4.998533208E0,2.343444675E-1,1.766193509E-1,4.043252170E-1
5.008579208E0,2.092064619E-1,1.519159228E-1,4.126534760E-1
5.018624208E0,1.569866687E-1,9.263396263E-2,4.196290970E-1
5.028670208E0,1.076996773E-1,2.882340737E-2,4.259996414E-1
5.038716208E0,7.958282530E-2,-2.665290050E-2,4.283581376E-1
5.048761208E0,6.929787993E-2,-5.667189136E-2,4.301778674E-1
5.058807208E0,7.743063569E-2,-5.215410516E-2,4.454340637E-1
5.068853208E0,1.071305871E-1,-7.120836526E-3,4.842463732E-1
5.078899208E0,1.474905312E-1,7.203416526E-2,5.337271094E-1
5.088944208E0,1.712783873E-1,1.196028069E-1,5.773510337E-1
5.098990208E0,1.457514614E-1,8.779560775E-2,6.189706326E-1
5.109036208E0,8.344625682E-2,-2.867358550E-2,6.652269363E-1
5.119082208E0,9.209572338E-3,-1.785965115E-1,7.352843285E-1
5.129127208E0,-5.868846923E-2,-2.914833724E-1,8.039017320E-1
5.139173208E0,-1.052913964E-1,-2.996613979E-1,8.374724984E-1
5.149219208E0,-8.846656978E-2,-1.829581261E-1,8.177562356E-1
5.159265208E0,1.388802938E-2,3.736199439E-2,7.747097015E-1
5.169310208E0,1.737361401E-1,2.796254754E-1,7.528069019E-1
5.179356208E0,3.533458412E-1,4.838068485E-1,7.664936781E-1
5.189402208E0,5.160911679E-1,6.388710737E-1,8.149248362E-1
5.199447208E0,6.209968328E-1,7.517549992E-1,8.743396997E-1
5.209493208E0,6.595730782E-1,8.100402355E-1,9.112825990E-1
5.219539208E0,6.305973530E-1,8.173628449E-1,9.182166457E-1
5.229585208E0,5.341700912E-1,7.546529770E-1,9.184702635E-1
5.239630208E0,3.856629431E-1,6.408432722E-1,9.193373919E-1
5.249676208E0,2.053971589E-1,5.140550733E-1,9.260116220E-1
5.259722208E0,2.605723031E-2,4.192507863E-1,9.373769164E-1
5.269768208E0,-1.270736605E-1,3.684490919E-1,9.397963881E-1
5.279813208E0,-2.497021258E-1,3.702246249E-1,9.401662946E-1
5.289859208E0,-3.382740021E-1,4.063933492E-1,9.502491951E-1
5.299905208E0,-3.992832899E-1,4.597841203E-1,9.797482491E-1
5.309951208E0,-4.283018112E-1,5.208249092E-1,1.023478627E0
5.319996208E0,-4.259510338E-1,5.596881509E-1,1.059435010E0
5.330042208E0,-3.893477321E-1,5.681297183E-1,1.065637708E0
5.340088208E0,-3.448412716E-1,5.375278592E-1,1.039523005E0
5.350133208E0,-2.897726297E-1,4.829477370E-1,9.992351532E-1
5.360179208E0,-2.161042690E-1,4.210745096E-1,9.635890722E-1
5.370225208E0,-1.369388402E-1,3.648214936E-1,9.446725845E-1
5.380271208E0,-6.273464859E-2,3.428280354E-1,9.332638979E-1
5.390316208E0,7.326686755E-3,3.457097113E-1,9.244959950E-1
5.400362208E0,5.855418742E-2,3.505502939E-1,9.123357534E-1
5.410408208E0,9.148763120E-2,3.437190056E-1,9.136100411E-1
5.420454208E0,9.874022007E-2,3.238006830E-1,9.189006686E-1
5.430499208E0,9.839377552E-2,2.949486971E-1,9.151126742E-1
5.440545208E0,9.141496569E-2,2.580159903E-1,8.952268362E-1
5.450591208E0,7.179126889E-2,2.230269611E-1,8.622934818E-1
5.460637208E0,2.984089218E-2,1.996127218E-1,8.276053071E-1
5.470682208E0,-2.521733008E-2,1.817539632E-1,7.915140390E-1
5.480728208E0,-8.845275640E-2,1.734931171E-1,7.581393123E-1
5.490774208E0,-1.600234658E-1,1.778011024E-1,7.193296552E-1
5.500819208E0,-2.184793055E-1,1.756806970E-1,6.757957339E-1
5.510865208E0,-2.511332333E-1,1.635500640E-1,6.293164492E-1
5.520911208E0,-2.553665936E-1,1.288024634E-1,5.891237855E-1
5.530957208E0,-2.342976183E-1,8.754938841E-2,5.528007150E-1
5.541002083E0,-1.968993843E-1,4.942596704E-2,5.157939196E-1
5.551048083E0,-1.410816908E-1,5.210476927E-3,4.801947176E-1
5.561094083E0,-7.919595391E-2,-2.653626725E-2,4.451863766E-1
5.571140083E0,-1.781052537E-2,-5.058478191E-2,4.046912491E-1
5.581185083E0,3.928977996E-2,-6.057563424E-2,3.659883440E-1
5.591231083E0,8.283345401E-2,-5.311550573E-2,3.296940327E-1
5.601277083E0,1.129820347E-1,-3.970488906E-2,2.946681380E-1
5.611322083E0,1.244655102E-1,-2.671467140E-2,2.566487789E-1
5.621368083E0,1.303649545E-1,-1.607454382E-2,2.171383798E-1
5.631414083E0,1.351656616E-1,4.522890784E-3,1.778036654E-1
5.641460083E0,1.349827051E-1,3.263149038E-2,1.446185559E-1
5.651505083E0,1.321141720E-1,6.563782692E-2,1.082388684E-1
5.661551083E0,1.103065982E-1,9.946503490E-2,7.767776400E-2
5.671597083E0,6.690966338E-2,1.362392157E-1,4.721273854E-2
5.681643083E0,-2.461332455E-2,1.185283959E-1,3.081618808E-2
5.691688083E0,-2.027354687E-1,-2.698804019E-3,2.404537424E-2
5.701734083E0,-4.520459473E-1,-1.904633790E-1,3.074845765E-3
5.711780083E0,-7.022477984E-1,-3.491859138E-1,-2.593603358E-2
5.721825083E0,-8.932412267E-1,-4.055993855E-1,-2.790224552E-2
5.731871083E0,-9.779280424E-1,-3.242821693E-1,8.612692356E-3
5.741917083E0,-9.164543152E-1,-1.353527457E-1,7.197435200E-2
5.751963083E0,-7.072789073E-1,1.192263141E-1,1.444622427E-1
5.762008083E0,-3.954883218E-1,3.703245819E-1,1.986048371E-1
5.772054083E0,-6.172421947E-2,5.512071848E-1,2.380971611E-1
5.782100083E0,2.257914543E-1,6.330229640E-1,2.787886560E-1
5.792146083E0,4.556157589E-1,6.484760642E-1,3.125861883E-1
5.802191083E0,6.379400492E-1,6.046244502E-1,3.329814970E-1
5.812237083E0,7.515521646E-1,4.987500608E-1,3.454804718E-1
5.822283083E0,7.812514305E-1,3.415239453E-1,3.522385061E-1
5.832328083E0,7.364442945E-1,1.597428918E-1,3.583244383E-1
5.842374083E0,6.338734627E-1,3.732516430E-3,3.585878015E-1
5.852420083E0,4.960566163E-1,-8.497700840E-2,3.471685946E-1
5.862466083E0,3.622532785E-1,-7.016237080E-2,3.295856118E-1
5.872511083E0,2.594630122E-1,-3.955928236E-2,3.072738349E-1
5.882557083E0,2.100123614E-1,4.247406870E-2,2.953641713E-1
5.892603083E0,2.026768774E-1,1.489028484E-1,2.761923671E-1
5.902649083E0,2.424266785E-1,2.471961379E-1,2.458555251E-1
5.912694083E0,3.008323312E-1,3.204079568E-1,2.026169300E-1
5.922740083E0,3.585227728E-1,3.787860572E-1,1.597347111E-1
5.932786083E0,4.016956389E-1,4.183498323E-1,1.342495829E-1
5.942831083E0,4.286372364E-1,4.641631246E-1,1.255748719E-1
5.952877083E0,4.362776577E-1,5.124210715E-1,1.288462281E-1
5.962923083E0,4.282628596E-1,5.617420077E-1,1.429620534E-1
5.972969083E0,3.947489262E-1,6.017216444E-1,1.664004773E-1
5.983014083E0,3.521662951E-1,6.298768520E-1,1.989485621E-1
5.993060083E0,2.944500744E-1,6.333444715E-1,2.336928844E-1
6.003106083E0,2.470338196E-1,6.253811121E-1,2.645040452E-1
6.013152083E0,2.112627774E-1,6.135941744E-1,2.912893295E-1
6.023197083E0,1.851334274E-1,5.863956213E-1,3.062299192E-1
6.033243083E0,1.537910551E-1,5.483984351E-1,3.226956427E-1
6.043289083E0,1.211545542E-1,5.128889084E-1,3.351741433E-1
6.053334083E0,8.014647663E-2,4.700263143E-1,3.390733898E-1
6.063380083E0,3.693616018E-2,4.367812574E-1,3.351611793E-1
6.073426083E0,-1.042967848E-2,4.078197777E-1,3.336727321E-1
6.083472083E0,-5.877137557E-2,3.808422089E-1,3.352003098E-1
6.093517083E0,-1.098252460E-1,3.528324068E-1,3.392557800E-1
6.103563083E0,-1.690283716E-1,3.317553699E-1,3.491137326E-1
6.113609083E0,-2.271073610E-1,3.210578263E-1,3.643497527E-1
6.123655083E0,-2.735345364E-1,3.119133413E-1,3.876242042E-1
6.133700083E0,-2.918651998E-1,2.978379726E-1,4.241505861E-1
6.143746083E0,-2.802762091E-1,2.810659111E-1,4.740060270E-1
6.153792083E0,-2.239251137E-1,2.675781548E-1,5.244426131E-1
6.163837083E0,-1.277932525E-1,2.552386522E-1,5.639660358E-1
6.173883083E0,-2.611270174E-2,2.343342155E-1,5.879008174E-1
6.183929083E0,6.403397024E-2,1.837341487E-1,5.971018076E-1
6.193975083E0,1.303393096E-1,9.473323077E-2,5.994020700E-1
6.204020083E0,1.571608037E-1,-2.366025187E-2,5.919236541E-1
6.214066083E0,1.561821252E-1,-1.619175225E-1,5.769335628E-1
6.224112083E0,1.243296415E-1,-2.998799086E-1,5.676236749E-1
6.234157083E0,6.027153134E-2,-3.994303346E-1,5.720475912E-1
6.244203083E0,-1.858253404E-2,-4.311864078E-1,5.905610919E-1
6.254249083E0,-8.747292310E-2,-3.927380443E-1,6.330000758E-1
6.264295083E0,-1.221805662E-1,-2.621139884E-1,6.924766898E-1
6.274340083E0,-1.333848536E-1,-6.460042298E-2,7.431403399E-1
6.284386083E0,-1.379953176E-1,9.568591416E-2,7.750729918E-1
6.294432083E0,-1.372637898E-1,1.592590213E-1,7.908181548E-1
6.304478083E0,-1.452402323E-1,1.238600165E-1,7.873368263E-1
6.314523083E0,-1.416892111E-1,4.167911783E-2,7.740210295E-1
6.324569083E0,-1.134072468E-1,-1.622306742E-2,7.688243985E-1
6.334615083E0,-6.693286449E-2,-2.385592833E-2,7.769976854E-1
6.344660083E0,1.612287201E-2,2.903844602E-2,7.871072888E-1
6.354706083E0,1.459538192E-1,1.554973722E-1,7.899635434E-1
6.364752083E0,2.979281545E-1,3.072293699E-1,7.912471890E-1
6.374798083E0,4.185816050E-1,4.056714475E-1,8.089955449E-1
6.384843083E0,4.807789326E-1,4.420289397E-1,8.312970996E-1
6.394889083E0,4.994148016E-1,4.257452190E-1,8.405027390E-1
6.404935083E0,4.830206335E-1,3.641534746E-1,8.469816446E-1
6.414981083E0,4.270187914E-1,2.842651904E-1,8.529586196E-1
6.425026083E0,3.482981324E-1,2.060308456E-1,8.533368111E-1
6.435072083E0,2.665747106E-1,1.500266194E-1,8.531273007E-1
6.445118083E0,2.006116658E-1,1.280321032E-1,8.504958153E-1
6.455163083E0,1.810899526E-1,1.313890070E-1,8.423624635E-1
6.465209083E0,2.049244493E-1,1.421098262E-1,8.302799463E-1
6.475255083E0,2.530939877E-1,1.556328386E-1,8.140862584E-1
6.485301083E0,2.971179187E-1,1.712349653E-1,7.935751081E-1
6.495346083E0,3.280867934E-1,1.966963857E-1,7.677013278E-1
6.505392083E0,3.402071297E-1,2.495673299E-1,7.375817895E-1
6.515438083E0,3.275889158E-1,3.212155700E-1,7.022247314E-1
6.525483083E0,2.909691334E-1,3.990025222E-1,6.573853493E-1
6.535529208E0,2.403757870E-1,4.654592276E-1,6.055021286E-1
6.545575208E0,1.718041748E-1,5.085603595E-1,5.646050572E-1
6.555621208E0,9.849706292E-2,5.315735340E-1,5.329645872E-1
6.565666208E0,2.262439765E-2,5.363296866E-1,5.080837011E-1
6.575712208E0,-3.878207505E-2,5.260721445E-1,4.910224676E-1
6.585758208E0,-8.029542863E-2,4.930737317E-1,4.854719043E-1
6.595803208E0,-1.095109284E-1,4.535297155E-1,4.873777628E-1
6.605849208E0,-1.346884519E-1,4.163312018E-1,4.885644615E-1
6.615895208E0,-1.625184864E-1,3.837591410E-1,4.814426303E-1
6.625941208E0,-2.015902549E-1,3.429321051E-1,4.539700150E-1
6.635986208E0,-2.656479180E-1,3.135260940E-1,4.254386425E-1
6.646032208E0,-3.581847847E-1,2.947809100E-1,3.973968923E-1
6.656078208E0,-4.569576383E-1,2.895997167E-1,3.628303111E-1
6.666124208E0,-5.427135825E-1,2.879948914E-1,3.233042061E-1
6.676169208E0,-5.951184630E-1,2.796914279E-1,2.759141326E-1
6.686215208E0,-6.107128859E-1,2.411584407E-1,2.178300619E-1
6.696261208E0,-5.871021152E-1,1.613237709E-1,1.652687639E-1
6.706306208E0,-5.147743821E-1,5.373126268E-2,1.162775159E-1
6.716352208E0,-4.029912651E-1,-7.428278774E-2,6.836324930E-2
6.726398208E0,-2.697024643E-1,-1.936392635E-1,2.351561189E-2
6.736444208E0,-1.430329233E-1,-2.848303914E-1,-1.920085028E-2
6.746489208E0,-4.439876229E-2,-3.256768882E-1,-4.902932048E-2
6.756535208E0,4.727504216E-3,-3.350528181E-1,-7.057535648E-2
6.766581208E0,1.382512879E-2,-3.244845867E-1,-8.467306942E-2
6.776626208E0,-1.528768241E-2,-2.987600863E-1,-9.861615300E-2
6.786672208E0,-7.292941213E-2,-2.596938908E-1,-1.080615819E-1
6.796718208E0,-1.506750584E-1,-2.227751315E-1,-1.218357831E-1
6.806764208E0,-2.221449912E-1,-1.879524440E-1,-1.364176571E-1
6.816809208E0,-2.617513239E-1,-1.360632181E-1,-1.531307399E-1
6.826855208E0,-2.622847557E-1,-7.338438183E-2,-1.697339416E-1
6.836901208E0,-2.394054979E-1,-2.281710878E-2,-1.988445222E-1
6.846946208E0,-2.400190979E-1,-1.375570334E-2,-2.167638689E-1
6.856992208E0,-3.145861328E-1,-1.161873862E-1,-2.118993402E-1
6.867038208E0,-4.763151109E-1,-3.050736785E-1,-1.815715283E-1
6.877084208E0,-6.642930508E-1,-4.845407903E-1,-1.377285272E-1
6.887129208E0,-8.016921878E-1,-5.547139645E-1,-9.496694058E-2
6.897175208E0,-8.497323990E-1,-5.015243888E-1,-5.025670305E-2
6.907221208E0,-7.965570688E-1,-3.457110822E-1,-6.787618622E-4
6.917266208E0,-6.306093335E-1,-1.554687023E-1,4.024434835E-2
6.927312208E0,-3.748938739E-1,3.248150274E-2,6.848610938E-2
6.937358208E0,-7.686704397E-2,1.813479364E-1,7.803378254E-2
6.947404208E0,1.995901167E-1,2.793684900E-1,1.065535769E-1
6.957449208E0,4.118925631E-1,3.103344142E-1,1.390476227E-1
6.967495208E0,5.687274337E-1,2.860847414E-1,1.575395465E-1
6.977541208E0,6.773628592E-1,2.141721696E-1,1.624116898E-1
6.987586208E0,7.520919442E-1,1.249117926E-1,1.660090834E-1
6.997632208E0,7.879149914E-1,2.851295285E-2,1.737336665E-1
7.007678208E0,7.669929266E-1,-5.969520286E-2,1.772535741E-1
7.017724208E0,6.931912303E-1,-1.238146499E-1,1.694847047E-1
7.027769208E0,5.997810960E-1,-1.295029074E-1,1.541411579E-1
7.037815208E0,5.257725716E-1,-7.806216925E-2,1.326574683E-1
7.047861208E0,4.768071771E-1,2.272355929E-2,1.017115340E-1
7.057907208E0,4.500185549E-1,1.340028793E-1,6.660384685E-2
7.067952208E0,4.317394197E-1,2.271346897E-1,2.238817886E-2
7.077998208E0,4.074576795E-1,3.014009893E-1,-1.002112031E-2
7.088044208E0,3.837779164E-1,3.709507585E-1,-2.818334661E-2
7.098089208E0,3.820060790E-1,4.373414516E-1,-4.442369565E-2
7.108135208E0,3.944515586E-1,5.024033189E-1,-6.434760243E-2
7.118181208E0,4.105533659E-1,5.689739585E-1,-8.610153943E-2
7.128227208E0,4.217429161E-1,6.326575875E-1,-9.941441566E-2
7.138272208E0,4.060408175E-1,6.854289174E-1,-9.681641310E-2
7.148318208E0,3.733094931E-1,7.217533588E-1,-8.356532454E-2
7.158364208E0,3.256444335E-1,7.501441836E-1,-6.053429097E-2
7.168409208E0,2.667387724E-1,7.547069788E-1,-2.685995027E-2
7.178455208E0,2.146712840E-1,7.333689928E-1,1.218007691E-2
7.188501208E0,1.801601797E-1,6.814040542E-1,4.556813091E-2
7.198547208E0,1.704544127E-1,6.076887250E-1,7.092499733E-2
7.208592208E0,1.710458994E-1,5.239674449E-1,9.692171216E-2
7.218638208E0,1.668863147E-1,4.291594028E-1,1.183571145E-1
7.228684208E0,1.537377536E-1,3.401512206E-1,1.312710494E-1
7.238729208E0,1.357099861E-1,2.496222705E-1,1.393978745E-1
7.248775208E0,1.112610996E-1,1.609216928E-1,1.478254497E-1
7.258821208E0,8.311240375E-2,7.381738722E-2,1.556528211E-1
7.268867208E0,5.102983117E-2,2.083541593E-3,1.661824137E-1
7.278912208E0,1.066630892E-2,-3.561312705E-2,1.849514693E-1
7.288958208E0,-5.170678720E-2,-2.607421950E-2,2.093870342E-1
7.299004208E0,-1.166019440E-1,3.236062080E-2,2.396630049E-1
7.309049208E0,-1.665527374E-1,1.061048806E-1,2.725855112E-1
7.319095208E0,-1.845771521E-1,1.822333187E-1,3.027876616E-1
7.329141208E0,-1.663920134E-1,2.356520742E-1,3.237688243E-1
7.339187208E0,-1.055520996E-1,2.613334656E-1,3.327109218E-1
7.349232208E0,-1.199152227E-2,2.482355088E-1,3.329897523E-1
7.359278208E0,8.310790360E-2,2.045615017E-1,3.311849833E-1
7.369324208E0,1.414819956E-1,1.488604248E-1,3.304992318E-1
7.379369208E0,1.451859921E-1,8.462188393E-2,3.199813366E-1
7.389415208E0,8.163604885E-2,3.664716333E-2,3.010065854E-1
7.399461208E0,-3.542988375E-2,5.444331095E-3,2.860021293E-1
7.409507208E0,-1.854864806E-1,-8.262160234E-3,2.826782465E-1
7.419552208E0,-3.443518579E-1,-8.808400482E-3,2.923049927E-1
7.429598208E0,-5.022464395E-1,-4.575097188E-2,3.110448718E-1
7.439644208E0,-6.413787603E-1,-1.251900494E-1,3.344644904E-1
7.449689208E0,-7.119796872E-1,-2.012485862E-1,3.468785584E-1
7.459735208E0,-6.874783635E-1,-2.438757420E-1,3.599573970E-1
7.469781208E0,-5.656512380E-1,-2.336366773E-1,3.695937693E-1
7.479827208E0,-3.584621847E-1,-1.684701592E-1,3.717897534E-1
7.489872208E0,-1.034903601E-1,-5.864859372E-2,3.729383647E-1
7.499918208E0,1.764257848E-1,8.795125782E-2,3.703660369E-1
7.509964208E0,4.444207847E-1,2.459078729E-1,3.730590343E-1
7.520009208E0,6.484410763E-1,3.762761354E-1,3.904572725E-1
7.530055208E0,7.772099376E-1,4.636251330E-1,4.102019668E-1
7.540101833E0,8.457646966E-1,5.095936060E-1,4.009184539E-1
7.550147833E0,8.412444592E-1,5.067674518E-1,3.770722449E-1
7.560192833E0,7.552098632E-1,4.527100623E-1,3.670402169E-1
7.570238833E0,6.024589539E-1,3.686785400E-1,3.690144122E-1
7.580284833E0,4.095215201E-1,2.734956443E-1,3.737031519E-1
7.590329833E0,2.179819047E-1,1.926857680E-1,3.846817613E-1
7.600375833E0,5.883117765E-2,1.498845220E-1,3.956436217E-1
7.610421833E0,-4.048395529E-2,1.450138688E-1,4.080518186E-1
7.620467833E0,-7.340653241E-2,1.620951444E-1,4.222151339E-1
7.630512833E0,-5.821932480E-2,1.855863482E-1,4.368191063E-1
7.640558833E0,-2.240771428E-2,2.045499831E-1,4.469741583E-1
7.650604833E0,1.828538626E-2,2.188207954E-1,4.452500045E-1
7.660649833E0,4.758311808E-2,2.240376621E-1,4.273065925E-1
7.670695833E0,5.033815652E-2,2.466942370E-1,3.984366059E-1
7.680741833E0,2.699098922E-2,2.798429430E-1,3.728570044E-1
7.690787833E0,2.911218209E-3,3.041411042E-1,3.481657803E-1
7.700832833E0,-1.271247212E-2,3.499910235E-1,3.562936783E-1
7.710878833E0,-2.141461894E-2,3.434106410E-1,3.557551801E-1
7.720924833E0,-1.832653955E-2,3.618971109E-1,3.487033844E-1
7.730969833E0,-1.528414339E-2,3.693174720E-1,3.508536220E-1
7.741015833E0,-4.238640424E-3,3.545678258E-1,3.693059087E-1
7.751061833E0,1.242395863E-2,3.194260895E-1,3.892785311E-1
7.761106833E0,1.935023256E-2,2.690455914E-1,4.035982490E-1
7.771152833E0,2.976612188E-2,2.111966759E-1,4.142668843E-1
7.781198833E0,3.916402906E-2,1.469963044E-1,4.206971824E-1
7.791244833E0,4.344026744E-2,1.013574526E-1,4.144472778E-1
7.801289833E0,3.761444986E-2,6.724544615E-2,3.968601227E-1
7.811335833E0,1.660504006E-2,4.262292758E-2,3.727169931E-1
7.821381833E0,-1.418129448E-2,3.477025032E-2,3.466933072E-1
7.831426833E0,-4.105418548E-2,2.611604333E-2,3.247866631E-1
7.841472833E0,-4.784147814E-2,3.961976618E-3,3.034328520E-1
7.851518833E0,-2.072863095E-2,-1.839579269E-2,2.807331085E-1
7.861564833E0,2.548128553E-2,-3.115005791E-2,2.473563552E-1
7.871609833E0,6.614509225E-2,-4.628586769E-2,2.155241221E-1
7.881655833E0,9.497935325E-2,-5.886710435E-2,1.847024858E-1
7.891701833E0,1.111846939E-1,-6.154517829E-2,1.551730931E-1
7.901746833E0,1.107510254E-1,-9.682070464E-2,1.385622919E-1
7.911792833E0,7.866286486E-2,-1.322500706E-1,1.002905369E-1
7.921838833E0,-2.938607475E-3,-2.058425993E-1,5.333194137E-2
7.931884833E0,-1.188220680E-1,-2.765527070E-1,2.991008107E-3
7.941929833E0,-2.462637126E-1,-3.285273612E-1,-5.403562263E-2
7.951975833E0,-3.311759531E-1,-3.233251572E-1,-1.192812026E-1
7.962021833E0,-3.672530651E-1,-2.569189370E-1,-1.896640807E-1
7.972066833E0,-3.896076381E-1,-1.527930647E-1,-2.465627789E-1
7.982112833E0,-4.477274120E-1,-9.073548019E-2,-2.797844410E-1
7.992158833E0,-5.608832240E-1,-7.929001004E-2,-3.015025258E-1
8.002204833E0,-6.951340437E-1,-8.273868263E-2,-3.249653280E-1
8.012249833E0,-8.158114552E-1,-4.900309071E-2,-3.343338072E-1
8.022295833E0,-8.975785375E-1,9.282248467E-2,-3.189516366E-1
8.032341833E0,-9.344153404E-1,3.159754276E-1,-2.816412747E-1
8.042386833E0,-9.101179838E-1,5.703981519E-1,-2.188273072E-1
8.052432833E0,-7.902219296E-1,7.897883058E-1,-1.446564049E-1
8.062478833E0,-5.927404761E-1,9.189221859E-1,-8.038368821E-2
8.072524833E0,-3.304553330E-1,9.238886833E-1,-2.176485024E-2
8.082569833E0,-3.149568290E-2,7.799983621E-1,2.951342985E-2
8.092615833E0,2.727622092E-1,5.293448567E-1,7.439728081E-2
8.102661833E0,5.249264836E-1,2.140885144E-1,1.072806716E-1
8.112706833E0,6.838149428E-1,-9.636308253E-2,1.247363538E-1
8.122752833E0,7.422492504E-1,-3.291565180E-1,1.244729608E-1
8.132798833E0,7.068076730E-1,-4.630309641E-1,1.056303009E-1
8.142844833E0,6.072247028E-1,-4.885108471E-1,6.091684848E-2
8.152889833E0,4.722765088E-1,-4.334881008E-1,3.074058797E-3
8.162935833E0,3.168304861E-1,-3.318344951E-1,-5.285772681E-2
8.172981833E0,1.725627929E-1,-1.954585612E-1,-1.048799083E-1
8.183026833E0,6.894839555E-2,-8.053590357E-2,-1.463048011E-1
8.193072833E0,2.350528352E-2,-1.428071596E-2,-1.781751215E-1
8.203118833E0,2.614707500E-2,-6.450038403E-3,-2.063648105E-1
8.213163833E0,6.623430550E-2,-1.618202776E-2,-2.382673472E-1
8.223209833E0,1.296279132E-1,-9.304026142E-3,-2.699255943E-1
8.233255833E0,2.038957626E-1,1.317651384E-2,-2.988360822E-1
8.243301833E0,2.755441368E-1,6.066432595E-2,-3.170901537E-1
8.253346833E0,3.326060772E-1,1.279062182E-1,-3.290112615E-1
8.263392833E0,3.547554910E-1,2.054352909E-1,-3.373388052E-1
8.273438833E0,3.440842032E-1,2.883222103E-1,-3.378962278E-1
8.283483833E0,3.066106439E-1,3.631563187E-1,-3.291379213E-1
8.293529833E0,2.581354976E-1,4.248143435E-1,-3.119331002E-1
8.303575833E0,2.069313824E-1,4.756134748E-1,-2.910788059E-1
8.313620833E0,1.680734754E-1,5.136138201E-1,-2.675763965E-1
8.323666833E0,1.431044936E-1,5.462272167E-1,-2.533819973E-1
8.333712833E0,1.269060820E-1,5.887799859E-1,-2.482250482E-1
8.343758833E0,1.180382147E-1,6.313348413E-1,-2.516769171E-1
8.353803833E0,1.059061885E-1,6.609196067E-1,-2.582884729E-1
8.363849833E0,9.319515526E-2,6.598015428E-1,-2.570860386E-1
8.373895833E0,6.381729245E-2,6.356269717E-1,-2.536785007E-1
8.383940833E0,1.157881599E-2,5.875234604E-1,-2.453647405E-1
8.393986833E0,-6.537774950E-2,5.151704550E-1,-2.355363518E-1
8.404032833E0,-1.528730094E-1,4.183252752E-1,-2.200130075E-1
8.414078833E0,-2.451872230E-1,3.122079074E-1,-1.964123398E-1
8.424123833E0,-3.251841962E-1,2.308973521E-1,-1.712186784E-1
8.434169833E0,-3.806759715E-1,1.762951016E-1,-1.444150209E-1
8.444215833E0,-4.106069505E-1,1.516665071E-1,-1.084036231E-1
8.454260833E0,-4.077331126E-1,1.403046697E-1,-6.110028923E-2
8.464306833E0,-3.589268923E-1,1.161581576E-1,-7.370929234E-4
8.474352833E0,-2.806573808E-1,8.300020546E-2,5.572671816E-2
8.484398833E0,-1.741755754E-1,3.626466915E-2,1.001420245E-1
8.494443833E0,-6.376064569E-2,-2.404873818E-2,1.203410327E-1
8.504489833E0,1.676942967E-2,-7.702951878E-2,1.195120960E-1
8.514535833E0,3.323416039E-2,-1.123936400E-1,1.102877110E-1
8.524580833E0,-2.588227764E-2,-1.388519853E-1,9.748562425E-2
8.534626833E0,-1.450555325E-1,-1.590616554E-1,1.038053036E-1
8.544672250E0,-2.973740399E-1,-1.435736865E-1,1.195006967E-1
8.554717250E0,-4.353526831E-1,-1.119891331E-1,1.361571699E-1
8.564763250E0,-5.494487286E-1,-1.371056437E-1,1.553598195E-1
8.574809250E0,-6.176421642E-1,-1.942243278E-1,1.797325462E-1
8.584855250E0,-6.152205467E-1,-2.688362896E-1,2.085007131E-1
8.594900250E0,-5.455495715E-1,-3.364872336E-1,2.334004790E-1
8.604946250E0,-4.068006277E-1,-3.637080491E-1,2.424171120E-1
8.614992250E0,-2.190837264E-1,-3.351304829E-1,2.417297512E-1
8.625037250E0,-6.097533274E-3,-2.581077516E-1,2.418632060E-1
8.635083250E0,2.236190140E-1,-1.278645098E-1,2.491567880E-1
8.645129250E0,4.534206688E-1,3.389600292E-2,2.574196756E-1
8.655175250E0,6.259892583E-1,1.568773091E-1,2.728521526E-1
8.665220250E0,7.317552567E-1,2.302061170E-1,2.825549543E-1
8.675266250E0,7.758739591E-1,2.662442923E-1,2.807107270E-1
8.685312250E0,7.475934029E-1,2.560001016E-1,2.757044435E-1
8.695357250E0,6.451237798E-1,1.926791519E-1,2.733720541E-1
8.705403250E0,4.881790280E-1,8.851341158E-2,2.749161720E-1
8.715449250E0,3.053306639E-1,-3.420718014E-2,2.633926570E-1
8.725494250E0,1.442403048E-1,-1.045873389E-1,2.508228123E-1
8.735540250E0,3.268900886E-2,-1.709764898E-1,2.346691638E-1
8.745586250E0,-7.937774062E-3,-2.086288929E-1,2.140394449E-1
8.755632250E0,9.113769047E-4,-2.365529388E-1,2.019779831E-1
8.765677250E0,4.606488347E-2,-2.625968456E-1,1.959269643E-1
8.775723250E0,1.048594862E-1,-2.633265555E-1,1.924776435E-1
8.785769250E0,1.507226676E-1,-2.405314595E-1,2.010056525E-1
8.795814250E0,1.799479276E-1,-1.931713969E-1,1.995726079E-1
8.805860250E0,1.912593991E-1,-1.352557242E-1,1.796239614E-1
8.815906250E0,1.827777624E-1,-6.101824343E-2,1.392893195E-1
8.825951250E0,1.465373486E-1,9.503696114E-3,9.332969785E-2
8.835997250E0,1.000518799E-1,7.606887817E-2,6.036669388E-2
8.846043250E0,4.448400065E-2,1.297515184E-1,4.074762762E-2
8.856089250E0,-1.899476396E-3,1.686621755E-1,3.184654564E-2
8.866134250E0,-2.646934986E-2,1.790809184E-1,3.353484347E-2
8.876180250E0,-3.084865026E-2,1.570922583E-1,4.040846229E-2
8.886226250E0,-2.337254584E-2,1.047506034E-1,4.799260199E-2
8.896271250E0,-7.410358638E-3,3.240609542E-2,4.094561189E-2
8.906317250E0,8.645378985E-3,-5.227714032E-2,3.262461349E-2
8.916363250E0,2.085783705E-2,-1.436816156E-1,1.921719685E-2
8.926409250E0,2.532722987E-2,-2.284285724E-1,3.898125142E-4
8.936454250E0,1.176002249E-2,-3.069761097E-1,-2.690545842E-2
8.946500250E0,-2.647055872E-2,-3.643513620E-1,-6.253921986E-2
8.956546250E0,-7.490200549E-2,-4.018707871E-1,-1.041354015E-1
8.966591250E0,-1.251602769E-1,-4.055077732E-1,-1.420776993E-1
8.976637250E0,-1.734308749E-1,-3.857338130E-1,-1.643206775E-1
8.986683250E0,-2.016531229E-1,-3.352280557E-1,-1.696244776E-1
8.996728250E0,-1.991217881E-1,-2.748371363E-1,-1.681373566E-1
9.006774250E0,-1.608500332E-1,-2.150380164E-1,-1.705186069E-1
9.016820250E0,-8.307773620E-2,-1.709131747E-1,-1.746800691E-1
9.026866250E0,2.420094050E-2,-1.500265002E-1,-1.856203973E-1
9.036911250E0,1.232947633E-1,-1.684747487E-1,-2.048617452E-1
9.046957250E0,1.949489862E-1,-2.213039696E-1,-2.242444307E-1
9.057003250E0,2.272499353E-1,-2.790758908E-1,-2.563853562E-1
9.067048250E0,2.240310311E-1,-3.129739761E-1,-2.922116220E-1
9.077094250E0,1.773421019E-1,-3.297145963E-1,-3.189833164E-1
9.087140250E0,1.049116850E-1,-3.222729564E-1,-3.416701555E-1
9.097185250E0,2.919295803E-2,-2.794147134E-1,-3.574264944E-1
9.107231250E0,-3.839707747E-2,-2.196799070E-1,-3.780289292E-1
9.117277250E0,-8.412835002E-2,-1.554532498E-1,-4.168573022E-1
9.127323250E0,-1.301600486E-1,-1.305163503E-1,-4.602000117E-1
9.137368250E0,-2.166246325E-1,-1.896001846E-1,-4.922026992E-1
9.147414250E0,-3.310908973E-1,-3.077672124E-1,-5.048460364E-1
9.157460250E0,-4.387736619E-1,-4.066517353E-1,-4.992659092E-1
9.167505250E0,-5.030206442E-1,-4.145503640E-1,-5.014564395E-1
9.177551250E0,-5.082694888E-1,-3.294732869E-1,-5.144739747E-1
9.187597250E0,-4.584934413E-1,-2.043100148E-1,-5.100287795E-1
9.197642250E0,-3.393896818E-1,-9.084257483E-2,-4.691860080E-1
9.207688250E0,-1.505982131E-1,-6.186410785E-3,-4.049333334E-1
9.217734250E0,8.304835111E-2,4.627999291E-2,-3.487907052E-1
9.227780250E0,3.185685873E-1,4.708934203E-2,-3.062568903E-1
9.237825250E0,5.285369754E-1,-4.920063540E-3,-2.682956755E-1
9.247871250E0,6.894395351E-1,-9.060390294E-2,-2.343227714E-1
9.257917250E0,7.789006829E-1,-1.981242299E-1,-2.133727372E-1
9.267962250E0,7.882983088E-1,-3.018505275E-1,-2.078453600E-1
9.278008250E0,7.276536226E-1,-3.872503638E-1,-2.061662376E-1
9.288054250E0,6.173904538E-1,-4.333156049E-1,-2.099873424E-1
9.298099250E0,4.741232991E-1,-4.549689889E-1,-2.131711543E-1
9.308145250E0,3.281542361E-1,-4.404888153E-1,-2.167316079E-1
9.318191250E0,2.072376758E-1,-4.113434553E-1,-2.186317742E-1
9.328237250E0,1.315171719E-1,-3.789011240E-1,-2.347755432E-1
9.338282250E0,1.068371087E-1,-3.378602266E-1,-2.633363307E-1
9.348328250E0,1.228885576E-1,-2.895227373E-1,-2.999134064E-1
9.358374250E0,1.493787616E-1,-2.408396155E-1,-3.311602771E-1
9.368419250E0,1.653326452E-1,-1.869605333E-1,-3.739038110E-1
9.378465250E0,1.626806706E-1,-1.298285276E-1,-3.988264799E-1
9.388511250E0,1.399496794E-1,-6.454027444E-2,-4.117119014E-1
9.398557250E0,1.092295870E-1,2.575376071E-3,-4.286684990E-1
9.408602250E0,7.901149243E-2,6.877760589E-2,-4.468388557E-1
9.418648250E0,5.641537160E-2,1.290460080E-1,-4.573445022E-1
9.428694250E0,3.227226064E-2,1.676666588E-1,-4.546794891E-1
9.438739250E0,8.605279028E-3,1.862864047E-1,-4.442476034E-1
9.448785250E0,-6.742403843E-3,1.874973178E-1,-4.204851985E-1
9.458831250E0,-1.208816748E-2,1.696293801E-1,-3.945060670E-1
9.468876250E0,-1.871061325E-2,1.369511485E-1,-3.700417578E-1
9.478922250E0,-2.038787119E-2,9.593500942E-2,-3.634384573E-1
9.488968250E0,-2.157031186E-2,4.358010739E-2,-3.669340909E-1
9.499013250E0,-3.158246353E-2,-1.328077912E-2,-3.697796762E-1
9.509059250E0,-5.529970303E-2,-6.400364637E-2,-3.748798370E-1
9.519105250E0,-9.541090578E-2,-9.572242945E-2,-3.780710995E-1
9.529151250E0,-1.570501179E-1,-1.082578972E-1,-3.819782734E-1
9.539196125E0,-2.259609997E-1,-1.064725146E-1,-3.817884028E-1
9.549242125E0,-3.003657758E-1,-9.841562063E-2,-3.687340021E-1
9.559288125E0,-3.714444935E-1,-8.724205941E-2,-3.467434943E-1
9.569333125E0,-4.259758890E-1,-6.016361341E-2,-3.115520477E-1
9.579379125E0,-4.373499751E-1,-2.177893929E-2,-2.688085735E-1
9.589425125E0,-4.006916881E-1,1.494966168E-2,-2.283613086E-1
9.599470125E0,-2.989083230E-1,4.595151916E-2,-1.966720819E-1
9.609516125E0,-1.562456191E-1,5.315762013E-2,-1.692670882E-1
9.619562125E0,-2.555914922E-3,2.889702097E-2,-1.532055587E-1
9.629608125E0,1.224871799E-1,-2.135794610E-2,-1.400326341E-1
9.639653125E0,1.823142916E-1,-7.646486908E-2,-1.338535696E-1
9.649699125E0,1.791408211E-1,-1.084923670E-1,-1.452908963E-1
9.659745125E0,1.210367829E-1,-1.064907387E-1,-1.585731506E-1
9.669790125E0,1.170280110E-2,-7.901260257E-2,-1.548550874E-1
9.679836125E0,-1.185393631E-1,-3.866783902E-2,-1.333793551E-1
9.689882125E0,-2.432422638E-1,2.576386556E-2,-1.193377525E-1
9.699927125E0,-3.353234529E-1,8.674013615E-2,-1.293714792E-1
9.709973125E0,-4.073369205E-1,5.777958781E-2,-1.492953897E-1
9.720019125E0,-4.445471466E-1,-2.003877610E-2,-1.682275236E-1
9.730065125E0,-4.462012649E-1,-1.051016748E-1,-1.855887324E-1
9.740110125E0,-4.160446823E-1,-1.727693975E-1,-1.903981417E-1
9.750156125E0,-3.529818058E-1,-1.956361234E-1,-1.824532300E-1
9.760202125E0,-2.345270514E-1,-1.605399251E-1,-1.748323292E-1
9.770247125E0,-4.927270487E-2,-9.016866982E-2,-1.530044377E-1
9.780293125E0,1.962286681E-1,-2.629541978E-2,-1.484594792E-1
9.790339125E0,4.872579575E-1,5.311602354E-2,-1.812541038E-1
9.800384125E0,7.312858105E-1,1.048055813E-1,-2.037042826E-1
9.810430125E0,8.956451416E-1,1.046983451E-1,-2.234795243E-1
9.820476125E0,9.690693021E-1,8.099834621E-2,-2.634791136E-1
9.830522125E0,9.334940314E-1,3.042513132E-2,-3.097150028E-1
9.840567125E0,7.946024537E-1,-1.445046440E-2,-3.271797597E-1
9.850613125E0,5.697889924E-1,-6.491298229E-2,-3.102086186E-1
9.860659125E0,3.151684105E-1,-9.049237520E-2,-2.746894956E-1
9.870704125E0,7.867091894E-2,-9.872269630E-2,-2.398614287E-1
9.880750125E0,-8.218747377E-2,-1.009807885E-1,-2.170477211E-1
9.890796125E0,-1.475926936E-1,-1.169331446E-1,-2.095915973E-1
9.900841125E0,-1.329295933E-1,-1.754566431E-1,-2.024974674E-1
9.910887125E0,-6.539605558E-2,-2.294043452E-1,-1.972131729E-1
9.920933125E0,3.805124015E-2,-2.840220630E-1,-2.064175904E-1
9.930978125E0,1.525757611E-1,-3.389309347E-1,-2.048328072E-1
9.941024125E0,2.577386796E-1,-3.127192855E-1,-1.737995297E-1
9.951070125E0,3.191764057E-1,-2.922269702E-1,-1.293638200E-1
9.961116125E0,3.465489149E-1,-2.339415550E-1,-1.084745079E-1
9.971161125E0,3.276723027E-1,-1.346586347E-1,-1.179346740E-1
9.981207125E0,2.718580365E-1,-2.196963318E-2,-1.410351992E-1
9.991253125E0,1.999943405E-1,9.210139513E-2,-1.691608429E-1
1.000129812E1,1.058936790E-1,1.923225373E-1,-1.960345358E-1
1.001134412E1,1.154248370E-3,2.739605606E-1,-2.180404216E-1
1.002139012E1,-1.194725633E-1,3.087939024E-1,-2.412954122E-1
1.003143512E1,-2.240219116E-1,3.167081773E-1,-2.558796406E-1
1.004148112E1,-3.043830693E-1,2.742946744E-1,-2.644624710E-1
1.005152712E1,-3.539783955E-1,1.800240278E-1,-2.831912935E-1
1.006157312E1,-3.644345105E-1,6.631585211E-2,-2.975209653E-1
1.007161812E1,-3.471659124E-1,-8.616004884E-2,-3.340590596E-1
1.008166412E1,-3.218488395E-1,-2.380092293E-1,-3.649551868E-1
1.009171012E1,-2.878800929E-1,-3.811298609E-1,-3.989222646E-1
1.010175512E1,-2.651872933E-1,-5.039753914E-1,-4.373436868E-1
1.011180112E1,-2.590733767E-1,-5.756672621E-1,-4.781297743E-1
1.012184713E1,-2.662287652E-1,-5.947581530E-1,-5.131438971E-1
1.013189212E1,-2.760438025E-1,-5.707299709E-1,-5.440138578E-1
1.014193812E1,-2.867869735E-1,-5.320709944E-1,-5.730164647E-1
1.015198412E1,-2.791536450E-1,-4.812942743E-1,-6.032125950E-1
1.016202913E1,-2.495582104E-1,-4.179637730E-1,-6.425311565E-1
1.017207512E1,-1.938207299E-1,-3.519552946E-1,-6.799957752E-1
1.018212112E1,-1.215611696E-1,-3.197033703E-1,-7.231456041E-1
1.019216713E1,-5.122750625E-2,-3.232488036E-1,-7.714442611E-1
1.020221212E1,1.865943335E-2,-3.627677262E-1,-7.948955297E-1
1.021225812E1,8.278594911E-2,-4.239029884E-1,-8.190168738E-1
1.022230412E1,1.379091293E-1,-4.787433445E-1,-8.555724621E-1
1.023234912E1,1.793300360E-1,-5.256443620E-1,-8.806356788E-1
1.024239512E1,2.244892567E-1,-5.413061380E-1,-8.801280856E-1
1.025244112E1,2.508840263E-1,-5.223799944E-1,-8.709341288E-1
1.026248612E1,2.689687610E-1,-4.488306940E-1,-8.237724900E-1
1.027253212E1,2.830456495E-1,-3.692868948E-1,-7.628765106E-1
1.028257812E1,2.666946352E-1,-2.577361465E-1,-7.488653660E-1
1.029262412E1,1.671852171E-1,-2.245916426E-1,-7.358795404E-1
1.030266912E1,3.573266044E-2,-2.405069619E-1,-7.031673193E-1
1.031271512E1,-8.776580542E-2,-2.876077592E-1,-6.483421326E-1
1.032276112E1,-1.593534350E-1,-3.129887581E-1,-5.988680720E-1
1.033280612E1,-1.506128311E-1,-3.073156774E-1,-5.592048764E-1
1.034285213E1,-6.554348767E-2,-2.707648575E-1,-5.189871788E-1
1.035289812E1,6.267791241E-2,-2.534305155E-1,-4.668148160E-1
1.036294312E1,2.169566900E-1,-2.557562590E-1,-4.233770370E-1
1.037298912E1,3.760510385E-1,-2.625518441E-1,-4.234108329E-1
1.038303512E1,5.237142444E-1,-2.729549408E-1,-4.632887542E-1
1.039308012E1,6.226720214E-1,-2.885858715E-1,-5.160695314E-1
1.040312612E1,6.756404042E-1,-3.055723011E-1,-5.754824877E-1
1.041317213E1,6.859515309E-1,-3.351402581E-1,-6.419088840E-1
1.042321812E1,6.615817547E-1,-3.695096672E-1,-7.105286717E-1
1.043326312E1,5.975483060E-1,-4.267798960E-1,-7.846978903E-1
1.044330912E1,5.000255108E-1,-4.886682928E-1,-8.499728441E-1
1.045335512E1,3.818574250E-1,-5.436102748E-1,-9.070124030E-1
1.046340012E1,2.620591223E-1,-5.814689398E-1,-9.451571107E-1
1.047344612E1,1.456487626E-1,-5.955139399E-1,-9.680450559E-1
1.048349213E1,3.775905445E-2,-5.970132947E-1,-9.770302773E-1
1.049353713E1,-4.278304055E-2,-5.930627584E-1,-9.831027389E-1
1.050358312E1,-8.193629980E-2,-6.013529301E-1,-1.001922011E0
1.051362912E1,-1.006860584E-1,-6.239475012E-1,-1.033753991E0
1.052367412E1,-1.095426679E-1,-6.416535378E-1,-1.076472402E0
1.053372012E1,-1.315037906E-1,-6.294472218E-1,-1.110382080E0
1.054376583E1,-1.526878923E-1,-5.969576836E-1,-1.126474500E0
1.055381183E1,-1.655185372E-1,-5.418400168E-1,-1.122928977E0
1.056385683E1,-1.720731109E-1,-4.792347252E-1,-1.105039477E0
1.057390283E1,-1.657565981E-1,-4.249692857E-1,-1.074813604E0
1.058394883E1,-1.538064480E-1,-3.928478360E-1,-1.041942716E0
1.059399383E1,-1.191196218E-1,-3.748291731E-1,-1.007694483E0
1.060403983E1,-8.143723011E-2,-3.708152473E-1,-9.716692567E-1
1.061408583E1,-4.990893602E-2,-3.773138523E-1,-9.333672523E-1
1.062413083E1,-1.706177555E-2,-3.868581057E-1,-9.036149383E-1
1.063417683E1,1.425688528E-2,-3.973791301E-1,-8.793766499E-1
1.064422283E1,3.574140370E-2,-4.191682935E-1,-8.608431816E-1
1.065426783E1,4.140887782E-2,-4.345634580E-1,-8.492516875E-1
1.066431383E1,1.941569522E-2,-4.407140315E-1,-8.400576711E-1
1.067435983E1,-3.071671352E-2,-4.224301279E-1,-8.341801167E-1
1.068440583E1,-9.939617664E-2,-3.854028881E-1,-8.252148628E-1
1.069445083E1,-1.833848208E-1,-3.451507390E-1,-8.156169057E-1
1.070449683E1,-2.632673979E-1,-3.052967787E-1,-7.963417172E-1
1.071454283E1,-3.072958589E-1,-2.619302571E-1,-7.667149901E-1
1.072458783E1,-3.093803227E-1,-2.241937965E-1,-7.183272243E-1
1.073463383E1,-2.622689009E-1,-1.956011057E-1,-6.498746872E-1
1.074467983E1,-1.693496257E-1,-1.815614551E-1,-5.689548254E-1
1.075472483E1,-4.505966231E-2,-1.692702323E-1,-4.958884120E-1
1.076477083E1,9.525430948E-2,-1.592151970E-1,-4.449692965E-1
1.077481683E1,2.190295458E-1,-1.631575972E-1,-4.175722301E-1
1.078486183E1,2.976042628E-1,-1.720408350E-1,-4.149314165E-1
1.079490783E1,3.003502488E-1,-1.779121310E-1,-4.257227778E-1
1.080495383E1,2.333496213E-1,-1.702374220E-1,-4.379661381E-1
1.081499983E1,1.214875057E-1,-1.469987780E-1,-4.493388534E-1
1.082504483E1,5.008031614E-3,-9.849995375E-2,-4.526220262E-1
1.083509083E1,-8.782025427E-2,-3.143926337E-2,-4.353729784E-1
1.084513683E1,-1.314641386E-1,3.820772469E-2,-4.068406820E-1
1.085518183E1,-1.360276639E-1,7.695819438E-2,-3.793703318E-1
1.086522783E1,-1.348625273E-1,5.564279109E-2,-3.697893322E-1
1.087527383E1,-1.566736996E-1,-1.882245764E-2,-3.825592399E-1
1.088531883E1,-2.170622051E-1,-1.122352257E-1,-3.966622949E-1
1.089536483E1,-3.134614229E-1,-2.063316703E-1,-3.950360119E-1
1.090541083E1,-4.220278561E-1,-2.551759183E-1,-3.854760528E-1
1.091545583E1,-4.867282510E-1,-2.425770760E-1,-3.834914267E-1
1.092550183E1,-4.774242342E-1,-2.007755786E-1,-3.902196288E-1
1.093554783E1,-3.789239526E-1,-1.584160775E-1,-3.859541714E-1
1.094559383E1,-1.867944598E-1,-1.338127255E-1,-3.772850335E-1
1.095563883E1,7.749455422E-2,-1.300968826E-1,-3.529179692E-1
1.096568483E1,3.642006218E-1,-1.527486593E-1,-3.159032166E-1
1.097573083E1,6.150562763E-1,-1.993491352E-1,-2.774871588E-1
1.098577583E1,7.870045900E-1,-2.763317823E-1,-2.601656914E-1
1.099582183E1,8.674914241E-1,-3.374873996E-1,-2.589053214E-1
1.100586783E1,8.547772169E-1,-3.540392220E-1,-2.603679001E-1
1.101591283E1,7.620922327E-1,-3.433953822E-1,-2.598922849E-1
1.102595883E1,6.193342805E-1,-3.129461408E-1,-2.580341995E-1
1.103600483E1,4.615442753E-1,-2.762588263E-1,-2.655594945E-1
1.104604983E1,3.237136900E-1,-2.555578053E-1,-2.726155519E-1
1.105609583E1,2.200885713E-1,-2.588337958E-1,-2.844889462E-1
1.106614183E1,1.509230882E-1,-2.775451839E-1,-2.911343277E-1
1.107618783E1,9.335234761E-2,-2.845130861E-1,-3.095411956E-1
1.108623283E1,5.482839420E-2,-2.830983996E-1,-3.219485879E-1
1.109627883E1,4.142615199E-2,-2.845197022E-1,-3.348833025E-1
1.110632483E1,4.659268260E-2,-2.790114880E-1,-3.560026884E-1
1.111636983E1,4.773981869E-2,-2.676252127E-1,-3.688431382E-1
1.112641583E1,4.438183829E-2,-2.528286874E-1,-3.746584356E-1
1.113646183E1,2.878929675E-2,-2.414523959E-1,-3.818672299E-1
1.114650683E1,9.644632228E-3,-2.562611997E-1,-3.872944713E-1
1.115655283E1,2.734414302E-3,-2.587864101E-1,-3.827025890E-1
1.116659883E1,2.708236314E-2,-2.767603397E-1,-3.739120364E-1
1.117664383E1,5.765016377E-2,-3.139787316E-1,-3.727000356E-1
1.118668983E1,9.809213132E-2,-3.665721714E-1,-3.744574487E-1
1.119673583E1,1.357375085E-1,-4.318859875E-1,-3.798615038E-1
1.120678183E1,1.540544778E-1,-5.076457262E-1,-3.960039616E-1
1.121682683E1,1.483549923E-1,-5.848726630E-1,-4.241733253E-1
1.122687283E1,1.130955443E-1,-6.430520415E-1,-4.583171904E-1
1.123691883E1,4.171860218E-2,-6.878604889E-1,-5.011308193E-1
1.124696383E1,-5.360365286E-2,-7.086853385E-1,-5.498187542E-1
1.125700983E1,-1.681402773E-1,-6.990458369E-1,-5.995924473E-1
1.126705583E1,-2.826500833E-1,-6.799781322E-1,-6.559771895E-1
1.127710083E1,-3.789429367E-1,-6.513651609E-1,-7.077177763E-1
1.128714683E1,-4.347265959E-1,-6.311709285E-1,-7.545366883E-1
1.129719283E1,-4.309479892E-1,-6.177716255E-1,-7.946321368E-1
1.130723783E1,-3.761856854E-1,-6.116274595E-1,-8.228189945E-1
1.131728383E1,-2.820309699E-1,-6.193776131E-1,-8.378311992E-1
1.132732983E1,-1.571912915E-1,-6.268360615E-1,-8.486721516E-1
1.133737483E1,-3.118976951E-2,-6.347614527E-1,-8.552362919E-1
1.134742083E1,8.201321214E-2,-6.370275617E-1,-8.645594716E-1
1.135746683E1,1.740430146E-1,-6.386232972E-1,-8.805142045E-1
1.136751283E1,2.426279336E-1,-6.444015503E-1,-9.066547155E-1
1.137755783E1,2.745165527E-1,-6.399614811E-1,-9.431298375E-1
1.138760383E1,2.693737149E-1,-6.253356338E-1,-9.894582033E-1
1.139764983E1,2.420087457E-1,-5.944928527E-1,-1.034721017E0
1.140769483E1,2.103256434E-1,-5.585686564E-1,-1.075164795E0
1.141774083E1,1.776944250E-1,-5.319702029E-1,-1.112421870E0
1.142778683E1,1.473250687E-1,-4.982569814E-1,-1.147649884E0
1.143783183E1,1.210938096E-1,-4.697407484E-1,-1.192690372E0
1.144787783E1,8.643437177E-2,-4.749208689E-1,-1.247782946E0
1.145792383E1,2.667946741E-2,-5.236446261E-1,-1.300128102E0
1.146796883E1,-8.268138021E-2,-6.382809281E-1,-1.329566956E0
1.147801483E1,-2.459000051E-1,-8.138480186E-1,-1.334152937E0
1.148806083E1,-4.384707808E-1,-1.016224504E0,-1.320084453E0
1.149810583E1,-6.151763201E-1,-1.189320326E0,-1.303570509E0
1.150815183E1,-7.188366652E-1,-1.314798951E0,-1.268830299E0
1.151819783E1,-6.789977551E-1,-1.385247350E0,-1.222298026E0
1.152824383E1,-4.821819365E-1,-1.378082871E0,-1.186874032E0
1.153828912E1,-1.763215363E-1,-1.323371053E0,-1.174938440E0
1.154833513E1,1.632717103E-1,-1.250080585E0,-1.169806480E0
1.155838112E1,4.340867400E-1,-1.177750826E0,-1.168413877E0
1.156842612E1,5.885684490E-1,-1.148913622E0,-1.191951394E0
1.157847212E1,5.992523432E-1,-1.140278459E0,-1.232727766E0
1.158851812E1,4.903908670E-1,-1.127209544E0,-1.287890792E0
1.159856312E1,3.323151767E-1,-1.097764850E0,-1.353911877E0
1.160860912E1,1.580070108E-1,-1.051091075E0,-1.415870547E0
1.161865512E1,9.538106620E-3,-9.433791637E-1,-1.466995001E0
1.162870013E1,-9.389587492E-2,-7.944288254E-1,-1.501880050E0
1.163874612E1,-1.491827071E-1,-6.324900389E-1,-1.528467655E0
1.164879212E1,-1.432217658E-1,-5.231499672E-1,-1.539483309E0
1.165883812E1,-8.247441053E-2,-4.752009511E-1,-1.539904594E0
1.166888312E1,1.881732233E-2,-4.878802598E-1,-1.545917153E0
1.167892912E1,1.316424012E-1,-5.274341702E-1,-1.551970243E0
1.168897512E1,2.333887368E-1,-5.826047659E-1,-1.560674787E0
1.169902013E1,3.031002283E-1,-6.238155365E-1,-1.560792923E0
1.170906612E1,3.337638676E-1,-6.456058025E-1,-1.549038529E0
1.171911212E1,3.377655149E-1,-6.265357137E-1,-1.537974834E0
1.172915712E1,3.212669492E-1,-5.770584345E-1,-1.524688363E0
1.173920312E1,2.912549675E-1,-5.218136311E-1,-1.514940143E0
1.174924912E1,2.578320205E-1,-4.696396291E-1,-1.504185796E0
1.175929412E1,2.289195359E-1,-4.223999977E-1,-1.484495282E0
1.176934012E1,2.202493548E-1,-3.929986954E-1,-1.456227899E0
1.177938612E1,2.340558171E-1,-3.898053467E-1,-1.421518445E0
1.178943212E1,2.405523360E-1,-4.126667380E-1,-1.389840484E0
1.179947712E1,2.379951775E-1,-4.662288725E-1,-1.373208046E0
1.180952312E1,2.247161120E-1,-5.278297067E-1,-1.365602136E0
1.181956912E1,2.005844563E-1,-5.912150741E-1,-1.359545469E0
1.182961412E1,1.710739583E-1,-6.310812831E-1,-1.356010914E0
1.183966012E1,1.337944269E-1,-6.190144420E-1,-1.344131351E0
1.184970612E1,9.561268985E-2,-5.708333254E-1,-1.325024247E0
1.185975112E1,6.105048954E-2,-5.062206388E-1,-1.294322610E0
1.186979712E1,1.914831437E-2,-4.247004390E-1,-1.248795867E0
1.187984312E1,-1.048460416E-2,-3.542572856E-1,-1.201452255E0
1.188988812E1,-2.859441563E-3,-3.083763719E-1,-1.158639550E0
1.189993412E1,4.544341564E-2,-3.033882380E-1,-1.121122479E0
1.190998012E1,1.297194064E-1,-3.351927698E-1,-1.105210900E0
1.192002513E1,2.324721962E-1,-3.758479357E-1,-1.110808969E0
1.193007112E1,3.410343528E-1,-4.096280038E-1,-1.138769269E0
1.194011712E1,4.316280186E-1,-4.074458182E-1,-1.162641883E0
1.195016313E1,4.846150875E-1,-3.866436183E-1,-1.171424389E0
1.196020812E1,4.948791564E-1,-3.405959904E-1,-1.150566578E0
1.197025412E1,4.687900245E-1,-2.954522073E-1,-1.124199510E0
1.198030012E1,4.214968085E-1,-2.566159368E-1,-1.114890218E0
1.199034512E1,3.688293397E-1,-2.132671028E-1,-1.112445712E0
1.200039112E1,3.094764650E-1,-1.704416424E-1,-1.126825690E0
1.201043712E1,2.421578765E-1,-9.381850064E-2,-1.163670301E0
1.202048212E1,7.700921595E-2,-9.737379104E-2,-1.246458054E0
1.203052812E1,-1.833882779E-1,-1.624633074E-1,-1.354101181E0
1.204057412E1,-5.056958199E-1,-3.084674776E-1,-1.456379056E0
1.205061912E1,-8.193677068E-1,-4.601438046E-1,-1.529773355E0
1.206066512E1,-1.023159504E0,-4.983556867E-1,-1.575951576E0
1.207071112E1,-1.034512281E0,-3.910412192E-1,-1.576758742E0
1.208075612E1,-7.704521418E-1,-1.651769280E-1,-1.513106823E0
1.209080212E1,-2.802291811E-1,1.238737926E-1,-1.404694319E0
1.210084813E1,2.956011891E-1,3.204093277E-1,-1.308817863E0
1.211089412E1,7.808650732E-1,2.727118433E-1,-1.264711618E0
1.212093912E1,1.099275708E0,-3.377467627E-3,-1.259259820E0
1.213098512E1,1.223776937E0,-4.042993188E-1,-1.254813671E0
1.214103112E1,1.150896668E0,-8.375492096E-1,-1.218420386E0
1.215107612E1,9.094928503E-1,-1.227654815E0,-1.176503539E0
1.216112212E1,5.816634297E-1,-1.520961761E0,-1.162555337E0
1.217116813E1,2.499642968E-1,-1.671267867E0,-1.172104359E0
1.218121312E1,-4.505905509E-2,-1.700924516E0,-1.184547663E0
1.219125912E1,-2.256954163E-1,-1.594871521E0,-1.230223060E0
1.220130512E1,-2.562405765E-1,-1.366985202E0,-1.310439348E0
1.221135012E1,-1.687181741E-1,-1.108289957E0,-1.399812102E0
1.222139612E1,-8.242159383E-4,-9.058950543E-1,-1.469666600E0
1.223144212E1,1.877488941E-1,-8.180096745E-1,-1.510047793E0
1.224148813E1,3.470154107E-1,-8.404859304E-1,-1.525565982E0
1.225153312E1,4.539716840E-1,-9.239616394E-1,-1.533685446E0
1.226157912E1,5.061323047E-1,-1.025932312E0,-1.544580817E0
1.227162512E1,5.049088597E-1,-1.119769335E0,-1.553781152E0
1.228167012E1,4.586869776E-1,-1.189962029E0,-1.555427313E0
1.229171612E1,3.892740905E-1,-1.245964646E0,-1.546454906E0
1.230176212E1,3.154005706E-1,-1.268584371E0,-1.541849256E0
1.231180712E1,2.517566085E-1,-1.276200175E0,-1.549721122E0
1.232185313E1,1.980030537E-1,-1.283431768E0,-1.566274166E0
1.233189912E1,1.476314962E-1,-1.317990065E0,-1.594796896E0
1.234194412E1,8.233732730E-2,-1.375252247E0,-1.625626445E0
1.235199012E1,1.055687852E-2,-1.422862411E0,-1.670117259E0
1.236203612E1,-5.711476505E-2,-1.434231520E0,-1.720902324E0
1.237208212E1,-1.132227778E-1,-1.403156877E0,-1.769171834E0
1.238212712E1,-1.564140022E-1,-1.342438936E0,-1.794700384E0
1.239217313E1,-1.724097431E-1,-1.287427902E0,-1.798336387E0
1.240221912E1,-1.617047936E-1,-1.260296702E0,-1.793214321E0
1.241226412E1,-1.266562641E-1,-1.257928967E0,-1.793104053E0
1.242231012E1,-8.474741876E-2,-1.271859169E0,-1.797971845E0
1.243235612E1,-4.596753418E-2,-1.289184093E0,-1.808999777E0
1.244240112E1,-1.189299859E-2,-1.296276450E0,-1.819822311E0
1.245244712E1,1.289730240E-2,-1.292653441E0,-1.838169575E0
1.246249313E1,3.098104149E-2,-1.287999749E0,-1.859987617E0
1.247253813E1,3.035227023E-2,-1.279174209E0,-1.884808540E0
1.248258412E1,1.182389911E-2,-1.258385181E0,-1.901854634E0
1.249263012E1,-3.167350963E-2,-1.243371248E0,-1.909973025E0
1.250267512E1,-9.313272685E-2,-1.240052462E0,-1.904622674E0
1.251272112E1,-1.646655053E-1,-1.254635453E0,-1.891455173E0
1.252276712E1,-2.382381409E-1,-1.307708859E0,-1.876180172E0
1.253281212E1,-2.899452746E-1,-1.382628083E0,-1.872228265E0
1.254285825E1,-3.126715124E-1,-1.472763419E0,-1.866945863E0
1.255290425E1,-3.081603646E-1,-1.542731285E0,-1.854833007E0
1.256295025E1,-2.698347270E-1,-1.559883595E0,-1.833425403E0
1.257299525E1,-1.781197190E-1,-1.510226607E0,-1.821508288E0
1.258304125E1,-2.830176055E-2,-1.387731433E0,-1.823521018E0
1.259308725E1,1.469116062E-1,-1.252868176E0,-1.848360658E0
1.260313225E1,2.766943872E-1,-1.164589882E0,-1.861335874E0
1.261317825E1,3.056658506E-1,-1.135960340E0,-1.851979136E0
1.262322425E1,2.156192213E-1,-1.164992690E0,-1.836099982E0
1.263326925E1,-4.870279692E-3,-1.252130032E0,-1.807534695E0
1.264331525E1,-3.090521097E-1,-1.390368104E0,-1.778230786E0
1.265336125E1,-6.319686770E-1,-1.556452870E0,-1.739264965E0
1.266340625E1,-8.742308617E-1,-1.661366940E0,-1.696186900E0
1.267345225E1,-9.670777321E-1,-1.645474792E0,-1.635690570E0
1.268349825E1,-8.735503554E-1,-1.511813641E0,-1.556499958E0
1.269354325E1,-6.276561618E-1,-1.303032756E0,-1.510649323E0
1.270358925E1,-3.356551826E-1,-1.086070180E0,-1.519349456E0
1.271363525E1,-1.015188321E-1,-9.290741086E-1,-1.561676979E0
1.272368125E1,1.523715816E-2,-8.433873653E-1,-1.576609373E0
1.273372625E1,1.732587442E-2,-8.143095970E-1,-1.574109197E0
1.274377225E1,-4.060076922E-2,-8.112249970E-1,-1.570053339E0
1.275381825E1,-1.035477817E-1,-8.172869086E-1,-1.566589355E0
1.276386325E1,-1.560105383E-1,-8.175778985E-1,-1.564900398E0
1.277390925E1,-1.885495633E-1,-8.135959506E-1,-1.568391204E0
1.278395525E1,-1.971800327E-1,-8.215048313E-1,-1.568305492E0
1.279400025E1,-1.963917464E-1,-8.404316902E-1,-1.560501456E0
1.280404625E1,-1.910690963E-1,-8.564731479E-1,-1.553572536E0
1.281409225E1,-1.727076769E-1,-8.781078458E-1,-1.546842098E0
1.282413725E1,-1.445766240E-1,-9.122326374E-1,-1.542912483E0
1.283418325E1,-8.995705843E-2,-9.622553587E-1,-1.545369029E0
1.284422925E1,-2.405774593E-2,-1.014785290E0,-1.542528033E0
1.285427525E1,5.742859095E-2,-1.039787889E0,-1.536859989E0
1.286432025E1,1.391383260E-1,-1.030707598E0,-1.528963804E0
1.287436625E1,2.117595375E-1,-1.001018167E0,-1.527250290E0
1.288441225E1,2.616090477E-1,-9.639167786E-1,-1.529404640E0
1.289445725E1,2.856794894E-1,-9.341005683E-1,-1.532083511E0
1.290450325E1,2.836069167E-1,-9.069953561E-1,-1.525812268E0
1.291454925E1,2.583998144E-1,-8.814207911E-1,-1.513508797E0
1.292459425E1,2.157375067E-1,-8.437214494E-1,-1.492118239E0
1.293464025E1,1.659656912E-1,-7.934563756E-1,-1.453453183E0
1.294468625E1,1.090374142E-1,-7.518730760E-1,-1.390275478E0
1.295473125E1,5.933670700E-2,-7.234025598E-1,-1.322306514E0
1.296477725E1,1.838527806E-2,-7.114688754E-1,-1.258299232E0
1.297482325E1,-1.131748874E-2,-7.067415118E-1,-1.208354592E0
1.298486825E1,-3.204292804E-2,-7.030996084E-1,-1.180047512E0
1.299491425E1,-5.873046443E-2,-6.913188696E-1,-1.156302810E0
1.300496025E1,-1.003959253E-1,-6.683181524E-1,-1.131407499E0
1.301500625E1,-1.560802311E-1,-6.142799854E-1,-1.096796989E0
1.302505125E1,-2.214689851E-1,-5.367649198E-1,-1.049515605E0
1.303509725E1,-2.794611752E-1,-4.369296432E-1,-9.820101261E-1
1.304514325E1,-3.164339364E-1,-3.177349567E-1,-9.063465595E-1
1.305518825E1,-3.244351149E-1,-1.770878434E-1,-8.244239688E-1
1.306523425E1,-3.059012592E-1,-4.349142313E-2,-7.280557156E-1
1.307528025E1,-2.573688924E-1,6.246536970E-2,-6.236198545E-1
1.308532525E1,-1.916824281E-1,1.324831396E-1,-5.230361223E-1
1.309537125E1,-1.282616407E-1,1.597091705E-1,-4.310364127E-1
1.310541725E1,-7.752979547E-2,1.458085328E-1,-3.570823371E-1
1.311546225E1,-4.252680391E-2,9.958218038E-2,-3.004438281E-1
1.312550825E1,-3.169732913E-2,5.336838216E-2,-2.531496882E-1
1.313555425E1,-5.350648612E-2,3.090435266E-2,-2.014076561E-1
1.314559925E1,-1.190346330E-1,3.850497305E-2,-1.510596424E-1
1.315564525E1,-2.203189135E-1,6.001852080E-2,-1.087265685E-1
1.316569125E1,-3.406750858E-1,8.907371759E-2,-8.033382893E-2
1.317573725E1,-4.711004496E-1,1.130520180E-1,-6.137451902E-2
1.318578225E1,-5.873336196E-1,1.272505522E-1,-4.467621818E-2
1.319582825E1,-6.688545942E-1,1.432822496E-1,-2.298130654E-2
1.320587425E1,-7.153148055E-1,1.525569409E-1,8.370909840E-3
1.321591925E1,-6.969248652E-1,1.679063439E-1,5.157271028E-2
1.322596525E1,-6.091911793E-1,1.847895533E-1,8.425313979E-2
1.323601125E1,-4.562674463E-1,2.012201846E-1,9.726028889E-2
1.324605625E1,-2.771379352E-1,2.036878169E-1,9.349419177E-2
1.325610225E1,-1.191267371E-1,1.809327006E-1,8.013097942E-2
1.326614825E1,-2.072712034E-2,1.356377751E-1,7.280141115E-2
1.327619325E1,6.125533022E-3,7.611132413E-2,7.552715391E-2
1.328623925E1,-1.980813965E-2,2.565424889E-2,6.908334047E-2
1.329628525E1,-7.905149460E-2,-1.525137108E-2,5.305856839E-2
1.330633025E1,-1.434043050E-1,-5.045421794E-2,2.817595750E-2
1.331637625E1,-2.010036856E-1,-8.738533407E-2,-2.242403338E-3
1.332642225E1,-2.568472624E-1,-1.344596744E-1,-3.196552396E-2
1.333646725E1,-3.134460747E-1,-1.862160861E-1,-6.266830862E-2
1.334651325E1,-3.650459647E-1,-2.209672481E-1,-1.018841416E-1
1.335655925E1,-4.158095419E-1,-2.327733040E-1,-1.463424265E-1
1.336660525E1,-4.536606669E-1,-2.168760896E-1,-1.880233735E-1
1.337665025E1,-4.760152400E-1,-1.789846420E-1,-2.233565897E-1
1.338669625E1,-4.834228456E-1,-1.298068017E-1,-2.490739077E-1
1.339674225E1,-4.699552357E-1,-7.519254833E-2,-2.620400488E-1
1.340678725E1,-4.301694334E-1,-2.825392224E-2,-2.644687593E-1
1.341683325E1,-3.621243238E-1,-3.564554499E-3,-2.666535974E-1
1.342687925E1,-2.717325091E-1,-7.709737401E-3,-2.642996907E-1
1.343692425E1,-1.553856432E-1,-3.753314912E-2,-2.684230804E-1
1.344697025E1,-2.800523676E-2,-7.766368240E-2,-2.772906125E-1
1.345701625E1,1.018893793E-1,-1.209765375E-1,-2.850031257E-1
1.346706125E1,2.179863155E-1,-1.506851017E-1,-2.930317223E-1
1.347710725E1,3.156803548E-1,-1.607350707E-1,-3.067808151E-1
1.348715325E1,3.950623572E-1,-1.596313417E-1,-3.298965394E-1
1.349719825E1,4.606725276E-1,-1.686999351E-1,-3.614808321E-1
1.350724425E1,5.013005733E-1,-1.851682365E-1,-4.008018672E-1
1.351729025E1,5.137013197E-1,-2.022705227E-1,-4.405183792E-1
1.352733625E1,5.037699342E-1,-2.131211311E-1,-4.803848863E-1
1.353738125E1,4.664872885E-1,-2.183659524E-1,-5.094652772E-1
1.354742771E1,4.005028903E-1,-2.229307890E-1,-5.298042893E-1
1.355747371E1,3.153682947E-1,-2.240373343E-1,-5.405037999E-1
1.356751871E1,2.166197598E-1,-2.295574248E-1,-5.453360081E-1
1.357756471E1,1.217310727E-1,-2.369719297E-1,-5.464912653E-1
1.358761071E1,4.230366275E-2,-2.442963272E-1,-5.527608991E-1
1.359765571E1,-1.829523779E-2,-2.569135725E-1,-5.608968735E-1
1.360770171E1,-6.129585207E-2,-2.736100256E-1,-5.604850650E-1
1.361774771E1,-9.154776484E-2,-2.950748205E-1,-5.476970673E-1
1.362779271E1,-1.108271480E-1,-3.060545325E-1,-5.271457434E-1
1.363783871E1,-1.198259667E-1,-3.163015544E-1,-4.942471683E-1
1.364788471E1,-1.275013238E-1,-3.244462907E-1,-4.669319987E-1
1.365792971E1,-1.330880970E-1,-3.199860156E-1,-4.434341192E-1
1.366797571E1,-1.502114087E-1,-3.176919520E-1,-4.133123159E-1
1.367802171E1,-1.780315936E-1,-3.238742054E-1,-3.809674382E-1
1.368806771E1,-2.178669423E-1,-3.368969262E-1,-3.455943763E-1
1.369811271E1,-2.570809126E-1,-3.439574838E-1,-2.905383110E-1
1.370815871E1,-2.910031378E-1,-3.374257386E-1,-2.248330861E-1
1.371820471E1,-3.064244390E-1,-3.145092428E-1,-1.515703201E-1
1.372824971E1,-2.944181263E-1,-2.822793424E-1,-7.855404913E-2
1.373829571E1,-2.628721893E-1,-2.527265251E-1,-2.356163785E-2
1.374834171E1,-2.172163725E-1,-2.439101785E-1,1.683517918E-2
1.375838671E1,-1.712145209E-1,-2.623986304E-1,4.157807678E-2
1.376843271E1,-1.310568601E-1,-2.925323248E-1,6.448958069E-2
1.377847871E1,-9.682778269E-2,-3.430809975E-1,8.671525866E-2
1.378852371E1,-6.927909702E-2,-3.888802528E-1,1.162219942E-1
1.379856971E1,-5.698221549E-2,-4.227505922E-1,1.495898068E-1
1.380861571E1,-5.738739669E-2,-4.390371442E-1,1.761683524E-1
1.381866071E1,-6.289188564E-2,-4.320511222E-1,1.951282024E-1
1.382870671E1,-7.122316211E-2,-3.976331353E-1,2.126992345E-1
1.383875271E1,-7.546957582E-2,-3.572340608E-1,2.275487632E-1
1.384879871E1,-6.556033343E-2,-3.091728091E-1,2.353665531E-1
1.385884371E1,-4.969668388E-2,-2.614042163E-1,2.417802364E-1
1.386888971E1,-3.465971351E-2,-2.318252623E-1,2.450323403E-1
1.387893571E1,-1.778565906E-2,-2.123208046E-1,2.447212636E-1
1.388898071E1,2.271633595E-3,-1.952654868E-1,2.462731153E-1
1.389902671E1,2.741400525E-2,-1.901575476E-1,2.467695326E-1
1.390907271E1,5.680217594E-2,-1.916914731E-1,2.483130544E-1
1.391911771E1,8.093228191E-2,-1.947719604E-1,2.492731065E-1
1.392916371E1,1.002812460E-1,-1.969721615E-1,2.508640587E-1
1.393920971E1,1.142141074E-1,-1.884186268E-1,2.493851930E-1
1.394925471E1,1.220124885E-1,-1.695775837E-1,2.451921403E-1
1.395930071E1,1.203797013E-1,-1.457031518E-1,2.356138080E-1
1.396934671E1,1.170570329E-1,-1.271373928E-1,2.244980782E-1
1.397939171E1,1.069119871E-1,-1.107203215E-1,2.174513489E-1
1.398943771E1,9.087910503E-2,-8.953329921E-2,2.116934210E-1
1.399948371E1,7.574196905E-2,-7.471333444E-2,2.188506573E-1
1.400952871E1,6.096587703E-2,-7.209369540E-2,2.362448573E-1
1.401957471E1,4.590889439E-2,-7.580774277E-2,2.517420650E-1
1.402962071E1,3.725932911E-2,-7.777592540E-2,2.540303469E-1
1.403966571E1,2.810764313E-2,-7.375801355E-2,2.460235506E-1
1.404971171E1,1.751001179E-2,-6.754931808E-2,2.342979759E-1
1.405975771E1,1.174719818E-2,-5.314347893E-2,2.351581752E-1
1.406980371E1,7.788218558E-3,-2.657887340E-2,2.387909591E-1
1.407984871E1,4.057130311E-3,2.627481474E-3,2.388652712E-1
1.408989471E1,5.030276370E-4,2.599949017E-2,2.365050614E-1
1.409994071E1,-2.024699189E-2,3.421267867E-2,2.281850725E-1
1.410998571E1,-5.360738188E-2,2.606810629E-2,2.084721327E-1
1.412003171E1,-9.925849736E-2,9.394587018E-3,1.756412089E-1
1.413007771E1,-1.591171771E-1,-2.449502237E-3,1.435482949E-1
1.414012271E1,-2.195736021E-1,-1.406874740E-3,1.235940158E-1
1.415016871E1,-2.682841718E-1,1.666387171E-2,1.288406402E-1
1.416021471E1,-3.020493388E-1,3.825039044E-2,1.571039557E-1
1.417025971E1,-3.152329326E-1,4.987129197E-2,1.987490952E-1
1.418030571E1,-3.064096272E-1,3.565587103E-2,2.322711051E-1
1.419035171E1,-2.752545178E-1,8.429817855E-3,2.475499958E-1
1.420039671E1,-2.292390913E-1,-2.608501539E-2,2.515998781E-1
1.421044271E1,-1.805281639E-1,-6.735821813E-2,2.428984642E-1
1.422048871E1,-1.272699982E-1,-9.785034508E-2,2.186935395E-1
1.423053371E1,-8.011934161E-2,-1.145101264E-1,1.897439361E-1
1.424057971E1,-3.408500552E-2,-1.031799763E-1,1.518229097E-1
1.425062571E1,1.144135371E-2,-6.432678550E-2,1.121016368E-1
1.426067171E1,4.798045754E-2,-2.468210878E-3,6.752537936E-2
1.427071671E1,8.207569271E-2,5.897773430E-2,3.168626875E-2
1.428076271E1,1.005268693E-1,1.031710282E-1,1.007152069E-2
1.429080871E1,1.114871055E-1,1.200108081E-1,-1.170146000E-2
1.430085371E1,1.249152943E-1,1.182778850E-1,-3.267198801E-2
1.431089971E1,1.358038932E-1,1.009243876E-1,-5.500308424E-2
1.432094571E1,1.462400258E-1,7.282377779E-2,-7.284280658E-2
1.433099071E1,1.427467912E-1,3.384805471E-2,-1.061041504E-1
1.434103671E1,1.235925481E-1,-6.831467152E-3,-1.552746296E-1
1.435108271E1,8.441790193E-2,-3.940743953E-2,-2.125048488E-1
1.436112771E1,3.561201319E-2,-4.402270168E-2,-2.816426158E-1
1.437117371E1,-1.660241745E-2,-5.359938368E-3,-3.524333239E-1
1.438121971E1,-6.424157321E-2,5.595402047E-2,-4.118250012E-1
1.439126471E1,-1.046503633E-1,1.082667038E-1,-4.552526772E-1
1.440131071E1,-1.267767102E-1,1.475877464E-1,-4.900769889E-1
1.441135671E1,-1.277733296E-1,1.557600498E-1,-5.264499784E-1
1.442140271E1,-1.030674577E-1,1.279366761E-1,-5.721995831E-1
1.443144771E1,-5.212400481E-2,7.066464424E-2,-6.427100301E-1
1.444149371E1,8.131082170E-3,9.468137287E-4,-7.394146919E-1
1.445153971E1,4.319505766E-2,-8.004310727E-2,-8.678837419E-1
1.446158471E1,2.278965339E-2,-1.719426811E-1,-9.992274046E-1
1.447163071E1,-7.115004212E-2,-2.529741526E-1,-1.114885688E0
1.448167671E1,-2.594397962E-1,-3.101117611E-1,-1.192515492E0
1.449172171E1,-4.997698963E-1,-2.979227006E-1,-1.240568876E0
1.450176771E1,-7.621006370E-1,-2.169048041E-1,-1.276992321E0
1.451181371E1,-1.019463897E0,-8.455315977E-2,-1.301365256E0
1.452185871E1,-1.243196011E0,3.955253959E-2,-1.302660346E0
1.453190471E1,-1.415690064E0,1.172415614E-1,-1.280945897E0
1.454195075E1,-1.498145819E0,1.623959839E-1,-1.251850367E0
1.455199575E1,-1.479995847E0,1.890541911E-1,-1.224611759E0
1.456204175E1,-1.400731921E0,1.908020228E-1,-1.203112602E0
1.457208775E1,-1.295764804E0,2.115304619E-1,-1.188536644E0
1.458213275E1,-1.177149534E0,2.627502680E-1,-1.156532645E0
1.459217875E1,-1.055521488E0,3.204008639E-1,-1.080438852E0
1.460222475E1,-9.324495792E-1,3.394019604E-1,-9.725052118E-1
1.461226975E1,-8.224840164E-1,3.479805589E-1,-8.584706783E-1
1.462231575E1,-7.153029442E-1,3.748699427E-1,-7.473435998E-1
1.463236175E1,-5.960849524E-1,4.182960093E-1,-6.476662755E-1
1.464240775E1,-4.650361240E-1,4.904809892E-1,-5.523528457E-1
1.465245275E1,-3.460584581E-1,5.543206334E-1,-4.564430118E-1
1.466249875E1,-2.464562356E-1,5.732296109E-1,-3.769740164E-1
1.467254475E1,-1.625738442E-1,5.521656275E-1,-3.268390894E-1
1.468258975E1,-9.487389773E-2,4.795524776E-1,-3.027582467E-1
1.469263575E1,-5.474603921E-2,3.592151999E-1,-2.868133187E-1
1.470268175E1,-4.338871688E-2,2.272962928E-1,-2.839131355E-1
1.471272675E1,-5.033519492E-2,1.226215288E-1,-3.074208200E-1
1.472277275E1,-8.959685266E-2,6.489697844E-2,-3.465445042E-1
1.473281875E1,-1.523239464E-1,3.733219579E-2,-3.954365849E-1
1.474286375E1,-2.135212570E-1,3.387514874E-2,-4.458188117E-1
1.475290975E1,-2.704925835E-1,5.358067900E-2,-4.828163385E-1
1.476295575E1,-3.201261759E-1,9.197680652E-2,-5.039412975E-1
1.477300075E1,-3.476330638E-1,1.499169618E-1,-5.253897905E-1
1.478304675E1,-3.411733210E-1,2.055035233E-1,-5.439991355E-1
1.479309275E1,-3.039160073E-1,2.388334572E-1,-5.626682639E-1
1.480313775E1,-2.328063995E-1,2.397421300E-1,-5.675991178E-1
1.481318375E1,-1.350533962E-1,2.169579864E-1,-5.552933216E-1
1.482322975E1,-2.372979559E-2,1.807970554E-1,-5.357419848E-1
1.483327475E1,7.280431688E-2,1.303377301E-1,-5.015746951E-1
1.484332075E1,1.527689248E-1,7.490589470E-2,-4.607835710E-1
1.485336675E1,2.163529843E-1,1.896047406E-2,-4.140559435E-1
1.486341275E1,2.593694329E-1,-1.514716167E-2,-3.830626011E-1
1.487345775E1,3.020771146E-1,-3.001073003E-2,-3.604041040E-1
1.488350375E1,3.400063813E-1,-4.484027624E-2,-3.455815017E-1
1.489354975E1,3.653758466E-1,-4.331531003E-2,-3.232546747E-1
1.490359475E1,3.738457561E-1,-4.194751009E-2,-2.918999195E-1
1.491364075E1,3.737929761E-1,-5.563993752E-2,-2.554083765E-1
1.492368675E1,3.627280891E-1,-7.585066557E-2,-2.220504135E-1
1.493373175E1,3.535580635E-1,-8.569659293E-2,-1.955515593E-1
1.494377775E1,3.507130146E-1,-8.618474752E-2,-1.715772450E-1
1.495382375E1,3.668427169E-1,-7.388804853E-2,-1.486235112E-1
1.496386875E1,3.867990971E-1,-4.342761636E-2,-1.155640930E-1
1.497391475E1,3.973983526E-1,8.093486540E-3,-7.274340093E-2
1.498396075E1,3.956880569E-1,6.802792847E-2,-2.365521342E-2
1.499400575E1,3.905544281E-1,1.315348446E-1,1.525159460E-2
1.500405175E1,3.861618042E-1,1.868452430E-1,4.455861449E-2
1.501409775E1,3.917389512E-1,2.235118002E-1,5.715086684E-2
1.502414275E1,4.044659436E-1,2.527570426E-1,7.212556154E-2
1.503418875E1,3.998092711E-1,2.615505159E-1,9.843339771E-2
1.504423475E1,3.855629563E-1,2.709072530E-1,1.394985467E-1
1.505427975E1,3.866524100E-1,2.884163857E-1,1.902261972E-1
1.506432575E1,4.027357697E-1,3.090122044E-1,2.263980508E-1
1.507437175E1,4.366619885E-1,3.228152990E-1,2.513120472E-1
1.508441675E1,4.757017791E-1,3.168950975E-1,2.586914003E-1
1.509446275E1,5.049422383E-1,2.952442467E-1,2.487903684E-1
1.510450875E1,5.240378976E-1,2.832576036E-1,2.292289138E-1
1.511455475E1,5.350396633E-1,2.647381425E-1,1.789410859E-1
1.512459975E1,5.597767234E-1,2.482190728E-1,1.329613477E-1
1.513464575E1,6.016450524E-1,2.334001213E-1,1.082537398E-1
1.514469175E1,6.695663333E-1,2.307414860E-1,1.077011302E-1
1.515473675E1,7.670881152E-1,2.519476116E-1,1.268771589E-1
1.516478275E1,8.904100657E-1,2.659398913E-1,1.402393132E-1
1.517482875E1,9.905482531E-1,2.778933942E-1,1.357970089E-1
1.518487375E1,1.040004253E0,3.091858029E-1,1.007551327E-1
1.519491975E1,1.019233465E0,3.755268753E-1,3.982449323E-2
1.520496575E1,9.218713045E-1,4.622484446E-1,-3.702341393E-2
1.521501075E1,7.621846795E-1,5.363880396E-1,-1.092324331E-1
1.522505675E1,5.615029931E-1,5.871553421E-1,-1.763134599E-1
1.523510275E1,3.480209410E-1,6.065661311E-1,-2.377012819E-1
1.524514775E1,1.427133232E-1,5.875970125E-1,-2.852698565E-1
1.525519375E1,-1.866054349E-2,5.539994836E-1,-3.257532418E-1
1.526523975E1,-1.285135448E-1,5.238069296E-1,-3.617179096E-1
1.527528475E1,-1.997101456E-1,4.914296567E-1,-3.795439005E-1
1.528533075E1,-2.093758285E-1,4.884903133E-1,-3.875794709E-1
1.529537675E1,-1.528327316E-1,4.927219450E-1,-3.867723644E-1
1.530542175E1,-4.299331829E-2,4.930308759E-1,-3.849299848E-1
1.531546775E1,1.006836519E-1,4.883982837E-1,-3.826617599E-1
1.532551375E1,2.424711436E-1,4.584731460E-1,-3.832599521E-1
1.533555975E1,3.667356372E-1,4.102956057E-1,-3.921832740E-1
1.534560475E1,4.858156741E-1,3.970921934E-1,-4.236163199E-1
1.535565075E1,5.672748685E-1,4.031994641E-1,-4.661624730E-1
1.536569675E1,5.928518772E-1,4.283929765E-1,-4.873961210E-1
1.537574175E1,5.960732698E-1,4.959575534E-1,-4.858301580E-1
1.538578775E1,5.880550146E-1,5.996596813E-1,-4.606329203E-1
1.539583375E1,5.862523317E-1,7.039678097E-1,-4.248506129E-1
1.540587875E1,5.934197307E-1,7.929570675E-1,-4.008520544E-1
1.541592475E1,6.192916632E-1,8.198842406E-1,-3.827564120E-1
1.542597075E1,6.700028181E-1,7.994652987E-1,-4.128922224E-1
1.543601575E1,7.297093272E-1,7.580014467E-1,-4.357132018E-1
1.544606175E1,7.679646015E-1,6.790653467E-1,-3.601984680E-1
1.545610775E1,7.454879880E-1,5.552181602E-1,-3.718856275E-1
1.546615275E1,7.785639167E-1,6.231604815E-1,-4.599824548E-1
1.547619875E1,7.787982225E-1,6.575812697E-1,-3.900030851E-1
1.548624475E1,7.480722666E-1,5.983115435E-1,-3.494298160E-1
1.549628975E1,6.740337014E-1,5.405005217E-1,-2.808698416E-1
1.550633575E1,5.418828726E-1,3.428271413E-1,-1.197805852E-1
1.551638175E1,4.065057337E-1,5.369933322E-2,-1.090400591E-1
1.552642675E1,2.827308178E-1,-2.451267838E-1,-9.209874086E-3
1.553647275E1,1.972267032E-1,-5.610284209E-1,7.064901292E-2
1.554651871E1,1.258606464E-1,-8.039997816E-1,1.399428695E-1
1.555656371E1,3.320957720E-2,-9.906597733E-1,2.120630592E-1
1.556660971E1,-6.434520334E-2,-1.165938139E0,2.789752781E-1
1.557665571E1,-1.606467068E-1,-1.302339435E0,3.184025586E-1
1.558670071E1,-2.208304256E-1,-1.404533982E0,3.032382727E-1
1.559674671E1,-2.444380522E-1,-1.469516158E0,2.400384992E-1
1.560679271E1,-2.410603762E-1,-1.485276699E0,1.437998414E-1
1.561683771E1,-2.244813889E-1,-1.433301449E0,3.607475385E-2
1.562688371E1,-2.164221406E-1,-1.303092360E0,-3.088377416E-2
1.563692971E1,-2.108560950E-1,-1.124806762E0,-6.233504787E-2
1.564697571E1,-1.820646524E-1,-8.926131725E-1,-8.999516815E-2
1.565702071E1,-1.441248506E-1,-6.060506701E-1,-1.048089191E-1
1.566706671E1,-1.166330278E-1,-3.208053112E-1,-1.078720912E-1
1.567711271E1,-1.098260283E-1,-9.717462212E-2,-9.924026579E-2
1.568715771E1,-1.288468540E-1,5.695981532E-2,-8.807549626E-2
1.569720371E1,-1.424631327E-1,1.246698201E-1,-8.166380972E-2
1.570724971E1,-1.216398850E-1,1.103159115E-1,-8.617014438E-2
1.571729471E1,-6.752004474E-2,4.937240854E-3,-8.916915953E-2
1.572734071E1,-7.565627340E-3,-1.663913727E-1,-9.551280737E-2
1.573738671E1,4.752029851E-2,-3.634625673E-1,-9.657022357E-2
1.574743171E1,7.279796153E-2,-5.696074963E-1,-9.283514321E-2
1.575747771E1,5.460408330E-2,-7.575921416E-1,-8.293384314E-2
1.576752371E1,7.768037030E-4,-9.047757387E-1,-7.611961663E-2
1.577756871E1,-8.970408887E-2,-9.936665297E-1,-8.403490484E-2
1.578761471E1,-2.277759463E-1,-9.912099838E-1,-1.164205447E-1
1.579766071E1,-4.006489813E-1,-9.351663589E-1,-1.655028015E-1
1.580770571E1,-5.874620080E-1,-8.579940796E-1,-2.157350779E-1
1.581775171E1,-7.698311806E-1,-7.800355554E-1,-2.469374388E-1
1.582779771E1,-9.083690643E-1,-7.132032514E-1,-2.715389132E-1
1.583784271E1,-9.643841982E-1,-6.535429955E-1,-2.896152139E-1
1.584788871E1,-9.175612926E-1,-6.149079800E-1,-2.841474712E-1
1.585793471E1,-7.820545435E-1,-5.820919275E-1,-2.626779079E-1
1.586797971E1,-5.889796615E-1,-5.373539925E-1,-2.275220454E-1
1.587802571E1,-3.617251813E-1,-4.192576706E-1,-2.115988880E-1
1.588807171E1,-1.377272308E-1,-2.729497254E-1,-1.851955205E-1
1.589811671E1,5.877443776E-2,-1.207973510E-1,-1.564051658E-1
1.590816271E1,2.094811201E-1,-3.938382491E-3,-1.227137893E-1
1.591820871E1,2.977539599E-1,5.936508998E-2,-9.967566282E-2
1.592825371E1,3.462993801E-1,8.108716458E-2,-9.601621330E-2
1.593829971E1,3.585820794E-1,8.107533306E-2,-1.146932170E-1
1.594834571E1,3.447733223E-1,7.379851490E-2,-1.506898403E-1
1.595839171E1,3.193762302E-1,6.723251939E-2,-1.842800975E-1
1.596843671E1,2.774783075E-1,6.968102604E-2,-2.024694830E-1
1.597848271E1,2.189710289E-1,8.759442717E-2,-1.922232062E-1
1.598852871E1,1.596696228E-1,1.007493734E-1,-1.509644538E-1
1.599857371E1,9.545213729E-2,9.991440177E-2,-1.077477783E-1
1.600861971E1,3.475363553E-2,9.694817662E-2,-8.337505907E-2
1.601866571E1,-1.806342788E-2,8.986857533E-2,-8.090834320E-2
1.602871071E1,-7.833502442E-2,7.263951749E-2,-8.562853187E-2
1.603875671E1,-1.456109285E-1,3.681859374E-2,-8.458382636E-2
1.604880271E1,-2.073970586E-1,5.125912838E-3,-7.097747177E-2
1.605884771E1,-2.678393722E-1,-2.584931254E-2,-4.619356245E-2
1.606889371E1,-3.156620264E-1,-2.989865094E-2,-8.168678731E-3
1.607893971E1,-3.500267267E-1,-6.375361234E-3,3.851643577E-2
1.608898471E1,-3.748937249E-1,2.968863398E-2,8.037839830E-2
1.609903071E1,-3.739622235E-1,7.662954926E-2,1.124888733E-1
1.610907671E1,-3.489889801E-1,1.089579314E-1,1.391708106E-1
1.611912171E1,-3.053477705E-1,1.189887896E-1,1.623663753E-1
1.612916771E1,-2.452884316E-1,1.051123887E-1,1.899037212E-1
1.613921371E1,-1.872842908E-1,8.573985100E-2,2.234833091E-1
1.614925871E1,-1.371894330E-1,7.790403813E-2,2.666414380E-1
1.615930471E1,-9.934733063E-2,7.500450313E-2,3.016171753E-1
1.616935071E1,-6.752335280E-2,7.437732816E-2,3.171814680E-1
1.617939571E1,-3.351006657E-2,9.059845656E-2,3.264304399E-1
1.618944171E1,-6.155674346E-3,1.006063446E-1,3.283468485E-1
1.619948771E1,1.963502914E-2,1.131997332E-1,3.467736542E-1
1.620953271E1,2.630385011E-2,1.059948131E-1,3.814136684E-1
1.621957871E1,1.067071036E-2,8.476556093E-2,4.168430567E-1
1.622962471E1,-6.965807639E-3,7.256029546E-2,4.428448081E-1
1.623966971E1,-2.135231718E-2,5.981744081E-2,4.544049501E-1
1.624971571E1,-2.105537429E-2,5.039863661E-2,4.536059797E-1
1.625976171E1,-5.523249507E-3,4.054978862E-2,4.445614815E-1
1.626980671E1,1.942497678E-2,2.098860592E-2,4.362398982E-1
1.627985271E1,4.992182925E-2,6.360140629E-3,4.379755855E-1
1.628989871E1,7.577553391E-2,5.530033261E-3,4.549388587E-1
1.629994371E1,7.866661251E-2,-3.587244544E-3,4.733423293E-1
1.630998971E1,6.750530750E-2,-2.133454941E-2,4.875636101E-1
1.632003571E1,4.284154624E-2,-3.543829173E-2,4.896970391E-1
1.633008171E1,6.028403062E-3,-5.477230623E-2,4.851331711E-1
1.634012671E1,-2.401071973E-2,-6.486906856E-2,4.777140915E-1
1.635017271E1,-4.814828187E-2,-7.408733666E-2,4.740706384E-1
1.636021871E1,-6.047255546E-2,-9.194359183E-2,4.818006158E-1
1.637026371E1,-6.031969190E-2,-1.221329197E-1,4.932404757E-1
1.638030971E1,-3.786920384E-2,-1.680127084E-1,5.083411336E-1
1.639035571E1,2.523758914E-3,-2.220202833E-1,5.147548318E-1
1.640040071E1,5.862249061E-2,-2.810450792E-1,5.256942511E-1
1.641044671E1,1.223916188E-1,-3.369786441E-1,5.294527411E-1
1.642049271E1,1.969586760E-1,-3.616633117E-1,4.168959558E-1
1.643053771E1,2.347228378E-1,-3.572107553E-1,3.580544591E-1
1.644058371E1,2.641791999E-1,-3.372962177E-1,3.270802796E-1
1.645062971E1,2.695244253E-1,-3.197079003E-1,3.109910786E-1
1.646067471E1,2.540846467E-1,-3.120299876E-1,3.500325680E-1
1.647072071E1,2.432767451E-1,-2.879081368E-1,3.829755783E-1
1.648076671E1,2.560643852E-1,-2.400200665E-1,4.128425419E-1
1.649081171E1,2.857162952E-1,-2.037275583E-1,4.128555954E-1
1.650085771E1,3.263982534E-1,-1.930457652E-1,3.993790150E-1
1.651090371E1,3.658993244E-1,-2.197149247E-1,3.780273795E-1
1.652094871E1,4.177388847E-1,-2.731168270E-1,3.235155642E-1
1.653099471E1,4.519381225E-1,-3.282996416E-1,2.550305128E-1
1.654104071E1,5.056775212E-1,-3.408817351E-1,2.154339403E-1
1.655108558E1,5.192428827E-1,-3.483851850E-1,1.703010798E-1
1.656113158E1,5.045952201E-1,-3.338690698E-1,1.448194236E-1
1.657117758E1,4.764416218E-1,-3.109366000E-1,1.326706111E-1
1.658122258E1,4.510880709E-1,-2.780465484E-1,1.305771321E-1
1.659126858E1,4.289601445E-1,-2.515004277E-1,1.215439513E-1
1.660131458E1,4.223708808E-1,-2.372943610E-1,9.465771168E-2
1.661135958E1,4.364914894E-1,-2.264574319E-1,5.170092359E-2
1.662140558E1,4.593276680E-1,-2.359021306E-1,-1.229727641E-2
1.663145158E1,4.963048697E-1,-2.288679183E-1,-7.846324146E-2
1.664149658E1,5.313875079E-1,-2.106987983E-1,-1.327204704E-1
1.665154258E1,5.539047718E-1,-1.833023280E-1,-1.726915836E-1
1.666158858E1,5.674883127E-1,-1.580580771E-1,-1.912814230E-1
1.667163358E1,5.585778952E-1,-1.564972103E-1,-2.047775239E-1
1.668167958E1,5.312374830E-1,-1.557215899E-1,-2.097841203E-1
1.669172558E1,5.008361936E-1,-1.556358486E-1,-2.269162387E-1
1.670177058E1,4.705586433E-1,-1.523310691E-1,-2.492503524E-1
1.671181658E1,4.440385997E-1,-1.422448903E-1,-2.693636119E-1
1.672186258E1,4.265797734E-1,-1.288966835E-1,-2.908971906E-1
1.673190758E1,4.121885896E-1,-1.220624819E-1,-3.135614991E-1
1.674195358E1,3.940755725E-1,-1.184541434E-1,-3.335417509E-1
1.675199958E1,3.738667071E-1,-1.311443746E-1,-3.544899225E-1
1.676204558E1,3.512943387E-1,-1.471854597E-1,-3.678533435E-1
1.677209058E1,3.265676796E-1,-1.668118834E-1,-3.672434688E-1
1.678213658E1,2.920057774E-1,-1.856943816E-1,-3.533385992E-1
1.679218258E1,2.370930016E-1,-1.903562546E-1,-3.318876326E-1
1.680222758E1,1.758526415E-1,-1.801975816E-1,-3.143496513E-1
1.681227358E1,1.229923517E-1,-1.638055593E-1,-3.057670593E-1
1.682231958E1,7.871136069E-2,-1.518969685E-1,-3.022896945E-1
1.683236458E1,6.020398811E-2,-1.536179036E-1,-2.934099138E-1
1.684241058E1,6.492082775E-2,-1.674812287E-1,-2.780262530E-1
1.685245658E1,9.464623779E-2,-1.885151416E-1,-2.430882305E-1
1.686250158E1,1.360478848E-1,-2.056731135E-1,-2.049839050E-1
1.687254758E1,1.673363000E-1,-2.130564600E-1,-1.747511625E-1
1.688259358E1,1.774170846E-1,-2.039542645E-1,-1.551232040E-1
1.689263858E1,1.638536155E-1,-1.768579334E-1,-1.332554519E-1
1.690268458E1,1.299289763E-1,-1.460362375E-1,-1.125151962E-1
1.691273058E1,7.577944547E-2,-1.300703287E-1,-9.299049526E-2
1.692277558E1,2.235065587E-2,-1.243872121E-1,-7.402937859E-2
1.693282158E1,-3.984321281E-2,-1.019783169E-1,-5.878277868E-2
1.694286758E1,-2.051385045E-1,-3.847755864E-2,-5.211097375E-2
1.695291258E1,-2.220873833E-1,2.507239021E-2,-4.263544828E-2
1.696295858E1,-1.930409819E-1,4.087045789E-2,-7.685762830E-3
1.697300458E1,-1.125834286E-1,9.486172348E-3,2.286682092E-2
1.698304958E1,-9.412030689E-3,-1.905408688E-2,3.544238210E-2
1.699309558E1,2.902297676E-2,-5.166981742E-2,6.044653803E-2
1.700314158E1,4.095759243E-2,-6.296150386E-2,6.485929340E-2