"Time (s)","X (rad/s)","Y (rad/s)","Z (rad/s)"
4.029833304E-3,1.066304147E-1,1.907138228E-1,-8.652672172E-2
1.407383330E-2,9.539841861E-2,2.210899442E-1,-9.073647857E-2
2.411883330E-2,8.498518914E-2,2.755718231E-1,-8.666690439E-2
3.416283330E-2,7.971571386E-2,3.415758312E-1,-7.975379378E-2
4.420783330E-2,8.476480097E-2,4.081519246E-1,-7.292997837E-2
5.425283330E-2,1.011859775E-1,4.752301574E-1,-6.574014574E-2
6.429683330E-2,1.230468005E-1,5.387409925E-1,-5.860793591E-2
7.434183330E-2,1.480437815E-1,5.902735591E-1,-4.994857311E-2
8.438583330E-2,1.699192524E-1,6.237524152E-1,-4.714266583E-2
9.443083330E-2,1.877719462E-1,6.220154762E-1,-5.583862215E-2
1.044748333E-1,1.982205808E-1,5.789289474E-1,-7.315609604E-2
1.145198333E-1,2.029124945E-1,4.992240965E-1,-9.384097159E-2
1.245648333E-1,1.988003105E-1,3.937802315E-1,-1.112322137E-1
1.346088333E-1,1.802690029E-1,2.786341906E-1,-1.214014515E-1
1.446538333E-1,1.469240934E-1,1.675521433E-1,-1.253093779E-1
1.546985000E-1,1.006259099E-1,7.025761157E-2,-1.231203154E-1
1.647435000E-1,4.667532817E-2,-5.137010477E-3,-1.192667261E-1
1.747875000E-1,-1.296834648E-2,-5.597476289E-2,-1.122827232E-1
1.848325000E-1,-6.946810335E-2,-7.874824852E-2,-1.075188592E-1
1.948775000E-1,-1.184303761E-1,-8.302138746E-2,-9.639366716E-2
2.049215000E-1,-1.506748497E-1,-6.864590943E-2,-8.245201409E-2
2.149665000E-1,-1.657933593E-1,-4.198500514E-2,-7.396318763E-2
2.250105000E-1,-1.766361445E-1,4.343579058E-4,-6.346261501E-2
2.350555000E-1,-1.819530874E-1,5.933259055E-2,-4.795000330E-2
2.450995000E-1,-1.930339634E-1,1.358665228E-1,-2.460473403E-2
2.551445000E-1,-2.030648291E-1,2.198178917E-1,-2.111402107E-3
2.651895000E-1,-2.187535167E-1,3.058907092E-1,1.836884022E-2
2.752335000E-1,-2.343513072E-1,3.947025836E-1,3.154082596E-2
2.852785000E-1,-2.518142164E-1,4.824984968E-1,3.849434108E-2
2.953225000E-1,-2.682952881E-1,5.626863837E-1,5.308942869E-2
3.053675000E-1,-2.762948871E-1,6.280462146E-1,6.833922118E-2
3.154115000E-1,-2.775096297E-1,6.630846858E-1,8.633760363E-2
3.254565000E-1,-2.636702657E-1,6.653065681E-1,8.152473718E-2
3.355015000E-1,-2.330939621E-1,6.101329327E-1,3.514801711E-2
3.455455000E-1,-1.830150783E-1,4.742888510E-1,-3.645959124E-2
3.555905000E-1,-9.580577910E-2,2.040248364E-1,-1.024015546E-1
3.656345000E-1,1.059416588E-2,-1.332871616E-1,-1.547672898E-1
3.756795000E-1,8.747565746E-2,-3.590273857E-1,-1.857155859E-1
3.857235000E-1,1.005387306E-1,-3.756601512E-1,-2.091545910E-1
3.957685000E-1,6.158941612E-2,-2.182994485E-1,-2.023897469E-1
4.058135000E-1,1.213664468E-2,2.953378484E-2,-1.578289270E-1
4.158575000E-1,-1.027741656E-2,2.900764346E-1,-1.045939475E-1
4.259025000E-1,2.086265944E-2,5.091006160E-1,-5.159118399E-2
4.359465000E-1,1.112387031E-1,6.498975158E-1,-5.206968635E-3
4.459915000E-1,2.534983754E-1,6.984517574E-1,2.854220755E-2
4.560355000E-1,4.133747220E-1,6.889739633E-1,5.609217286E-2
4.660805000E-1,5.433306098E-1,6.825097203E-1,6.144566089E-2
4.761245000E-1,6.104934812E-1,6.998066306E-1,4.376524314E-2
4.861695000E-1,6.209567785E-1,7.528434396E-1,1.509551611E-2
4.962145000E-1,5.963284373E-1,8.114411831E-1,3.220338374E-3
5.062585000E-1,5.467746854E-1,8.562472463E-1,-5.849855486E-3
5.163035000E-1,4.773723185E-1,9.000766277E-1,-2.361413464E-2
5.263475000E-1,4.099512100E-1,9.402278066E-1,-4.445017129E-2
5.363925000E-1,3.539625704E-1,9.496278167E-1,-5.952566117E-2
5.464365000E-1,3.219636381E-1,9.231155515E-1,-7.299539447E-2
5.564815000E-1,3.165978193E-1,8.846493363E-1,-9.199459106E-2
5.665265000E-1,3.234735727E-1,8.230703473E-1,-1.117166281E-1
5.765705000E-1,3.261845410E-1,7.504863143E-1,-1.371581852E-1
5.866155000E-1,3.085570931E-1,6.649489999E-1,-1.635559648E-1
5.966595000E-1,2.675856352E-1,5.647152066E-1,-1.877415627E-1
6.067045000E-1,2.030870914E-1,4.544568658E-1,-2.227807641E-1
6.167485000E-1,1.240894496E-1,3.318603933E-1,-2.573635280E-1
6.267935000E-1,5.981778353E-2,1.780774891E-1,-2.761763632E-1
6.368385000E-1,1.300743502E-2,-6.485421211E-3,-2.682311237E-1
6.468825000E-1,-3.309534490E-2,-1.913889498E-1,-2.433795333E-1
6.569275000E-1,-9.412200004E-2,-3.428422809E-1,-1.988268495E-1
6.669715000E-1,-1.616256833E-1,-4.404537976E-1,-1.323740780E-1
6.770165000E-1,-2.222072333E-1,-4.676264822E-1,-6.064429134E-2
6.870605000E-1,-2.571787834E-1,-4.219785631E-1,-1.480036974E-2
6.971055000E-1,-2.738651335E-1,-3.211146891E-1,-2.514011227E-3
7.071505000E-1,-2.793499231E-1,-1.415880620E-1,8.213734254E-3
7.171945000E-1,-2.975024879E-1,1.179995984E-1,2.347760648E-2
7.272395000E-1,-3.445056677E-1,4.432216287E-1,1.525163464E-2
7.372835000E-1,-3.875434697E-1,7.628325820E-1,-4.255945794E-3
7.473285000E-1,-4.107438624E-1,1.025487065E0,-1.206087228E-2
7.573725000E-1,-4.074087739E-1,1.197715044E0,-1.131245680E-2
7.674175000E-1,-3.764881492E-1,1.275264144E0,-1.752774045E-2
7.774615000E-1,-3.210352957E-1,1.264027119E0,-2.499484830E-2
7.875065000E-1,-2.634500563E-1,1.181242466E0,-2.885243669E-2
7.975515000E-1,-2.128028572E-1,1.059867382E0,-2.374752052E-2
8.075955000E-1,-1.740682572E-1,9.236285686E-1,-1.921056025E-2
8.176405000E-1,-1.570430696E-1,7.917388678E-1,-2.801723778E-2
8.276845000E-1,-1.617629975E-1,6.702749729E-1,-4.240629822E-2
8.377295000E-1,-1.787651032E-1,5.542624593E-1,-5.070265383E-2
8.477735000E-1,-1.880070716E-1,4.378013313E-1,-5.186192691E-2
8.578185000E-1,-1.779916137E-1,3.196972609E-1,-6.271050870E-2
8.678635000E-1,-1.461921334E-1,2.055222243E-1,-7.646600157E-2
8.779075000E-1,-1.079993024E-1,1.153851748E-1,-9.487593174E-2
8.879525000E-1,-8.577575535E-2,9.161753207E-2,-1.028742045E-1
8.979965000E-1,-9.785485268E-2,1.759651750E-1,-1.061304435E-1
9.080415000E-1,-1.417501420E-1,3.316991031E-1,-1.225693375E-1
9.180855000E-1,-2.156015784E-1,5.137182474E-1,-1.402008981E-1
9.281305000E-1,-3.013487160E-1,6.643839478E-1,-1.610454619E-1
9.381745000E-1,-3.666369319E-1,7.419943213E-1,-1.683428138E-1
9.482195000E-1,-4.068243206E-1,7.275136709E-1,-1.597956717E-1
9.582645000E-1,-4.290954769E-1,6.465273499E-1,-1.560439467E-1
9.683085000E-1,-4.541957676E-1,5.370283127E-1,-1.603302956E-1
9.783535000E-1,-4.744004309E-1,4.075456858E-1,-1.751792878E-1
9.883975000E-1,-4.869002402E-1,2.726389766E-1,-1.875640452E-1
9.984425000E-1,-4.839017987E-1,1.463103741E-1,-2.014354318E-1
1.008486500E0,-4.713916183E-1,4.847675934E-2,-1.969591826E-1
1.018531500E0,-4.543042183E-1,-1.844961196E-2,-1.885634959E-1
1.028576500E0,-4.389822781E-1,-5.820447952E-2,-2.012665123E-1
1.038620500E0,-4.237861931E-1,-5.550773069E-2,-2.185099870E-1
1.048665500E0,-4.073185325E-1,-1.195626147E-2,-2.309445441E-1
1.058709500E0,-3.679384589E-1,4.092929512E-2,-2.566362917E-1
1.068754500E0,-2.870633006E-1,1.065889969E-1,-2.756882906E-1
1.078798500E0,-1.702129394E-1,2.260629535E-1,-2.680884600E-1
1.088843500E0,-5.237765238E-2,4.059120715E-1,-2.480138093E-1
1.098888500E0,4.343574494E-2,5.713288784E-1,-2.274823040E-1
1.108932500E0,7.671806216E-2,6.552879214E-1,-2.238105983E-1
1.118977500E0,3.353521973E-2,6.409797072E-1,-2.425862551E-1
1.129021500E0,-2.116477489E-2,5.061367154E-1,-2.505752146E-1
1.139066500E0,-4.007830098E-2,2.777762711E-1,-2.400566190E-1
1.149110500E0,-1.399263553E-2,-1.133833360E-2,-2.325196117E-1
1.159155333E0,6.920105964E-2,-3.386954367E-1,-2.094015032E-1
1.169199333E0,2.123709917E-1,-6.402292252E-1,-1.509170979E-1
1.179244333E0,3.637147844E-1,-9.040709138E-1,-5.630383641E-2
1.189289333E0,4.869197905E-1,-1.113915205E0,5.825762823E-2
1.199333333E0,5.883632302E-1,-1.265495062E0,1.485133916E-1
1.209378333E0,6.759747863E-1,-1.333822727E0,2.095120400E-1
1.219422333E0,7.737447619E-1,-1.299759388E0,2.856337726E-1
1.229467333E0,8.829990625E-1,-1.168283105E0,4.024085999E-1
1.239511333E0,9.924756289E-1,-9.524854422E-1,5.667515397E-1
1.249556333E0,1.129081726E0,-6.909009814E-1,7.431257963E-1
1.259600333E0,1.304192662E0,-4.199928343E-1,8.686646223E-1
1.269645333E0,1.507091403E0,-1.931106895E-1,8.996737003E-1
1.279690333E0,1.707873464E0,-3.598576039E-2,8.086929321E-1
1.289734333E0,1.879508615E0,1.470458321E-2,6.160869598E-1
1.299779333E0,2.011140585E0,2.154767513E-2,4.059075117E-1
1.309823333E0,2.130774736E0,5.749236047E-2,1.956629455E-1
1.319868333E0,2.271599293E0,6.359328981E-4,1.672387123E-2
1.329912333E0,2.436023951E0,-1.520982236E-1,-1.332664192E-1
1.339957333E0,2.577308416E0,-3.654106259E-1,-2.322400063E-1
1.350002333E0,2.657243013E0,-6.544703841E-1,-2.608200014E-1
1.360046333E0,2.598316669E0,-9.311900139E-1,-2.460339814E-1
1.370091333E0,2.409516811E0,-1.152355671E0,-2.197342068E-1
1.380135333E0,2.097046375E0,-1.273921490E0,-2.594724000E-1
1.390180333E0,1.685931683E0,-1.308080435E0,-3.417371809E-1
1.400224333E0,1.229165554E0,-1.258105874E0,-3.949965239E-1
1.410269333E0,8.306947947E-1,-1.218608856E0,-3.827036321E-1
1.420313333E0,6.101875901E-1,-1.213160634E0,-3.084841371E-1
1.430358333E0,5.868383646E-1,-1.218555689E0,-1.995847970E-1
1.440403333E0,6.934912801E-1,-1.156303763E0,-1.206832230E-1
1.450447333E0,8.443761468E-1,-1.006554842E0,-1.149901822E-1
1.460492333E0,9.687279463E-1,-8.050649762E-1,-1.516804844E-1
1.470536333E0,1.025870323E0,-5.631008148E-1,-1.924204528E-1
1.480581333E0,1.012513399E0,-2.860318124E-1,-2.236546129E-1
1.490625333E0,9.242942333E-1,-1.448047068E-2,-2.341163009E-1
1.500670333E0,7.527227998E-1,2.156200856E-1,-2.314664274E-1
1.510715333E0,5.040663481E-1,3.619437516E-1,-2.069640011E-1
1.520759333E0,1.984484494E-1,3.946770132E-1,-1.650536805E-1
1.530804333E0,-1.279232800E-1,3.240864575E-1,-1.233131588E-1
1.540848333E0,-4.351980686E-1,1.979922652E-1,-8.310428262E-2
1.550893333E0,-7.021749616E-1,7.053469867E-2,-5.200256035E-2
1.560937333E0,-9.235019088E-1,-5.294330418E-2,-1.325543225E-2
1.570982333E0,-1.104381680E0,-1.684352756E-1,3.158128262E-2
1.581026333E0,-1.246838689E0,-2.598749995E-1,7.561378926E-2
1.591071333E0,-1.355012536E0,-3.167209625E-1,9.003853053E-2
1.601116333E0,-1.392991543E0,-3.170273602E-1,5.521254241E-2
1.611160333E0,-1.323625803E0,-2.751768529E-1,-1.566669159E-2
1.621205333E0,-1.088240981E0,-2.046630532E-1,-8.560366184E-2
1.631249333E0,-6.669528484E-1,-1.447802782E-1,-1.283386052E-1
1.641294333E0,1.729908632E-3,-1.090842783E-1,-9.051327407E-2
1.651338333E0,6.558169127E-1,-6.224939227E-2,5.766021833E-2
1.661383333E0,1.054113030E0,6.250040233E-2,3.038294017E-1
1.671428333E0,1.084422231E0,2.273327559E-1,5.156646967E-1
1.681472333E0,8.424875140E-1,2.889240086E-1,5.914112926E-1
1.691517333E0,2.626534104E-1,1.525891386E-2,5.234029889E-1
1.701561333E0,1.188317463E-1,-5.303581357E-1,5.097000003E-1
1.711606333E0,7.287286520E-1,-9.423062801E-1,4.816012681E-1
1.721650333E0,1.425282717E0,-9.988061190E-1,3.656443954E-1
1.731695333E0,1.662706733E0,-6.665599942E-1,1.293058693E-1
1.741739333E0,1.241757035E0,-2.307995223E-3,-1.416012496E-1
1.751784333E0,4.010407329E-1,6.985739470E-1,-3.148342967E-1
1.761829333E0,-5.383076072E-1,1.280637980E0,-3.726813495E-1
1.771873333E0,-1.403762221E0,1.788258553E0,-2.998161912E-1
1.781918333E0,-2.133442879E0,2.275759459E0,-1.195657998E-1
1.791962333E0,-2.618004084E0,2.528892994E0,9.913539141E-2
1.802007333E0,-2.843890190E0,2.566588402E0,3.775625825E-1
1.812051333E0,-2.852871656E0,2.552949905E0,5.924764872E-1
1.822096333E0,-2.681051970E0,2.477775574E0,6.842694879E-1
1.832140333E0,-2.255977631E0,2.193967342E0,6.468238235E-1
1.842185333E0,-1.567885160E0,1.536037803E0,5.464047790E-1
1.852230333E0,-6.795246005E-1,6.558707952E-1,4.282783568E-1
1.862274333E0,1.237104461E-1,-1.139708981E-1,2.740426064E-1
1.872319333E0,6.501792669E-1,-7.451765537E-1,1.105521917E-1
1.882363333E0,8.508408070E-1,-1.270532966E0,5.320122465E-2
1.892408333E0,8.004143834E-1,-1.648650169E0,4.675717279E-2
1.902452333E0,5.744936466E-1,-1.843833566E0,4.207140580E-2
1.912497333E0,2.602350414E-1,-1.802012920E0,2.840645984E-2
1.922542333E0,-6.312979758E-2,-1.486137033E0,1.729165763E-2
1.932586333E0,-3.873275816E-1,-9.496344924E-1,3.420850262E-3
1.942631333E0,-7.044460177E-1,-3.268752694E-1,-9.709166363E-3
1.952675333E0,-9.926874042E-1,2.565410435E-1,1.686305553E-2
1.962720333E0,-1.231129289E0,6.784979701E-1,1.335262209E-1
1.972764333E0,-1.389512300E0,9.149541855E-1,2.861543894E-1
1.982809333E0,-1.468394399E0,1.030940056E0,3.798807859E-1
1.992853333E0,-1.479706526E0,1.104148149E0,3.921680748E-1
2.002898333E0,-1.422065139E0,1.139163256E0,3.554950356E-1
2.012943333E0,-1.314892292E0,1.128441691E0,2.805640697E-1
2.022987333E0,-1.167972207E0,1.078712702E0,1.878438294E-1
2.033032333E0,-8.678283691E-1,7.943078279E-1,9.784522653E-2
2.043076333E0,-1.429843158E-1,-1.092366427E-1,6.186245009E-2
2.053121333E0,4.711174667E-1,-8.467730284E-1,-2.199037187E-2
2.063165333E0,6.662940383E-1,-1.129954219E0,-2.136652321E-1
2.073210333E0,5.044130087E-1,-1.107663512E0,-4.021102190E-1
2.083254333E0,1.002126411E-1,-9.259343743E-1,-4.951747358E-1
2.093299333E0,-5.072413683E-1,-5.097749829E-1,-4.934974909E-1
2.103344333E0,-1.216138124E0,1.798621863E-1,-4.579145908E-1
2.113388333E0,-1.644984841E0,7.187435031E-1,-4.297141135E-1
2.123433333E0,-1.569223523E0,8.107118607E-1,-3.466504514E-1
2.133477333E0,-1.215694666E0,6.539629698E-1,-2.744574845E-1
2.143522333E0,-8.616834283E-1,4.971264303E-1,-3.005348742E-1
2.153566333E0,-6.205147505E-1,4.556306601E-1,-3.948674798E-1
2.163611000E0,-5.034120679E-1,5.963875055E-1,-4.593209624E-1
2.173655000E0,-4.847156703E-1,8.386120796E-1,-4.364009798E-1
2.183700000E0,-5.076575875E-1,1.008725882E0,-3.762296438E-1
2.193745000E0,-5.207291842E-1,8.943617344E-1,-3.246873617E-1
2.203789000E0,-5.148729086E-1,4.441505671E-1,-2.861548364E-1
2.213834000E0,-5.034777522E-1,1.794680767E-2,-2.449938357E-1
2.223878000E0,-4.819757044E-1,-3.348378837E-2,-2.150722444E-1
2.233923000E0,-4.095763266E-1,2.044302374E-1,-1.998661309E-1
2.243967000E0,-2.904755473E-1,5.106263161E-1,-1.882488430E-1
2.254012000E0,-1.485391855E-1,7.590484023E-1,-1.875159442E-1
2.264057000E0,-2.710867859E-2,8.708853722E-1,-1.900913864E-1
2.274101000E0,2.800197713E-2,7.640180588E-1,-1.921548098E-1
2.284146000E0,1.800345071E-2,3.841946721E-1,-1.823041439E-1
2.294190000E0,7.397677749E-3,-8.782695234E-2,-1.534469277E-1
2.304235000E0,8.023129404E-2,-3.657352924E-1,-9.417665005E-2
2.314279000E0,2.472045720E-1,-3.812495470E-1,1.067840960E-3
2.324324000E0,4.372150898E-1,-4.097134173E-1,1.037095338E-1
2.334368000E0,5.757466555E-1,-5.173389316E-1,1.572747529E-1
2.344413000E0,6.775947809E-1,-6.689460278E-1,1.310860366E-1
2.354458000E0,8.014996648E-1,-8.546309471E-1,9.513761848E-2
2.364502000E0,9.706696868E-1,-1.020804524E0,8.813223988E-2
2.374547000E0,1.144349337E0,-1.154429197E0,1.028781682E-1
2.384591000E0,1.288684130E0,-1.251584649E0,1.251623631E-1
2.394636000E0,1.414464474E0,-1.290187240E0,1.509801000E-1
2.404680000E0,1.540592074E0,-1.276587486E0,1.993944794E-1
2.414725000E0,1.654524803E0,-1.177431107E0,3.140504956E-1
2.424769000E0,1.726798296E0,-1.008188248E0,4.816594720E-1
2.434814000E0,1.766367555E0,-7.201834321E-1,6.430803537E-1
2.444859000E0,1.775333047E0,-3.253697455E-1,7.487242222E-1
2.454903000E0,1.767577291E0,1.502183676E-1,7.574082613E-1
2.464948000E0,1.784716368E0,6.466515064E-1,6.717495322E-1
2.474992000E0,1.928802133E0,1.052079797E0,5.183600187E-1
2.485037000E0,2.288222551E0,1.259832382E0,3.460835218E-1
2.495081000E0,2.772364140E0,1.205044746E0,1.617546678E-1
2.505126000E0,3.172330379E0,9.901778102E-1,-3.715150803E-2
2.515171000E0,3.319862843E0,7.927648425E-1,-2.537251115E-1
2.525215000E0,3.201019287E0,6.422107816E-1,-4.536989033E-1
2.535260000E0,2.853073120E0,5.436258316E-1,-6.139029264E-1
2.545304000E0,2.349255085E0,4.607805014E-1,-7.043763995E-1
2.555349000E0,1.799851418E0,3.732138872E-1,-6.684964299E-1
2.565393000E0,1.296373010E0,2.367010862E-1,-5.187266469E-1
2.575438000E0,9.126709104E-1,-9.683117270E-3,-3.220876455E-1
2.585482000E0,6.665811539E-1,-3.571163118E-1,-1.407038718E-1
2.595527000E0,5.172177553E-1,-7.576270103E-1,-3.426172538E-3
2.605572000E0,4.318949282E-1,-1.169151664E0,5.744330585E-2
2.615616000E0,3.819491863E-1,-1.516133547E0,4.393282160E-2
2.625661000E0,3.447628319E-1,-1.743950248E0,-1.005394384E-2
2.635705000E0,3.032065928E-1,-1.842277408E0,-5.521423370E-2
2.645750000E0,2.429571003E-1,-1.809884906E0,-5.314698815E-2
2.655794000E0,1.538109779E-1,-1.650924802E0,-1.598816738E-2
2.665839000E0,2.148112655E-2,-1.386190057E0,2.409653366E-2
2.675883000E0,-1.584215313E-1,-1.046754122E0,4.736324027E-2
2.685928000E0,-3.759961128E-1,-6.805939674E-1,5.872771144E-2
2.695973000E0,-6.161048412E-1,-3.507982194E-1,8.670235425E-2
2.706017000E0,-8.576403856E-1,-1.305665821E-1,1.203125790E-1
2.716062000E0,-1.093987942E0,-1.859271433E-4,1.186235994E-1
2.726106000E0,-1.314579248E0,6.666991860E-2,1.077735275E-1
2.736151000E0,-1.546728015E0,1.097026020E-1,1.147515401E-1
2.746195000E0,-1.755563855E0,1.381634325E-1,1.409150660E-1
2.756240000E0,-1.915550351E0,1.484914422E-1,1.514199078E-1
2.766285000E0,-1.950219154E0,1.206631362E-1,1.132225841E-1
2.776329000E0,-1.750618219E0,2.489027008E-2,-1.458651479E-2
2.786374000E0,-1.131507039E0,-2.334619462E-1,-2.331768870E-1
2.796418000E0,-2.229050994E-1,-7.488693595E-1,-4.197638035E-1
2.806463000E0,4.405349195E-1,-1.376576304E0,-3.930824101E-1
2.816507000E0,1.474242210E-1,-1.911049128E0,-1.157155260E-1
2.826552000E0,-6.129781604E-1,-1.503043771E0,3.661637902E-1
2.836596000E0,-9.914242625E-1,-6.964245439E-1,6.664953828E-1
2.846641000E0,-4.244368970E-1,-5.417969227E-1,5.793740749E-1
2.856686000E0,9.090794921E-1,-1.030664563E0,3.429418504E-1
2.866730000E0,1.945617676E0,-1.117364287E0,1.793539673E-1
2.876775000E0,2.313984156E0,-5.756653547E-1,2.826857567E-2
2.886819000E0,2.057200909E0,4.024158418E-1,-1.113339290E-1
2.896864000E0,1.303495169E0,1.593841076E0,-2.487125546E-1
2.906908000E0,2.210852206E-1,2.700487375E0,-3.532660007E-1
2.916953000E0,-8.481345177E-1,3.530898333E0,-2.921469808E-1
2.926997000E0,-1.624672294E0,4.011898041E0,-1.161140203E-2
2.937042000E0,-2.068109751E0,4.091443062E0,3.315808475E-1
2.947087000E0,-2.278923750E0,3.932404041E0,6.186279655E-1
2.957131000E0,-2.319184542E0,3.704514742E0,7.854006886E-1
2.967176000E0,-2.221205950E0,3.466048717E0,7.891268134E-1
2.977220000E0,-1.876982689E0,3.038375139E0,6.233615279E-1
2.987265000E0,-1.218975782E0,2.168227911E0,3.673853278E-1
2.997309000E0,-3.458376229E-1,1.063320994E0,1.082592532E-1
3.007354000E0,4.332053661E-1,2.056409977E-2,-1.009242013E-1
3.017399000E0,8.839600682E-1,-9.153098464E-1,-2.793384194E-1
3.027443000E0,9.360946417E-1,-1.613387108E0,-3.843893111E-1
3.037488000E0,6.971356273E-1,-2.084560156E0,-4.040181637E-1
3.047532000E0,3.085874915E-1,-2.369189501E0,-3.563804328E-1
3.057577000E0,-1.093402505E-1,-2.500025272E0,-2.698649764E-1
3.067621000E0,-4.924805164E-1,-2.503583193E0,-1.540358514E-1
3.077666000E0,-8.158064485E-1,-2.424194574E0,-1.656960323E-2
3.087710000E0,-1.075282454E0,-2.282348394E0,1.241033524E-1
3.097755000E0,-1.285894990E0,-2.103362322E0,2.671779692E-1
3.107800000E0,-1.458056211E0,-1.894635797E0,3.927194476E-1
3.117844000E0,-1.600438833E0,-1.645242929E0,4.733956456E-1
3.127889000E0,-1.712990642E0,-1.352786660E0,5.230734944E-1
3.137933000E0,-1.797541499E0,-1.018055797E0,5.430197716E-1
3.147978000E0,-1.853307366E0,-6.576506495E-1,5.274420381E-1
3.158021958E0,-1.883181930E0,-3.109976053E-1,4.914126694E-1
3.168066958E0,-1.881072164E0,1.699925587E-2,4.390931427E-1
3.178111958E0,-1.842655540E0,3.277073205E-1,3.712810874E-1
3.188155958E0,-1.574985981E0,4.379975498E-1,2.631075382E-1
3.198200958E0,-6.686065793E-1,5.898952484E-2,1.152256802E-1
3.208244958E0,2.463183254E-1,-2.525148094E-1,3.003618494E-2
3.218289958E0,5.554168224E-1,5.733627081E-2,-1.045611501E-2
3.228333958E0,1.324923784E-1,1.227695107E0,-7.265863568E-2
3.238378958E0,-4.239141345E-1,2.332635641E0,-2.008642703E-1
3.248422958E0,-6.842529178E-1,2.659809589E0,-3.205406666E-1
3.258467958E0,-7.549406886E-1,2.356491566E0,-3.605096638E-1
3.268512958E0,-8.108689189E-1,1.748044252E0,-3.692604601E-1
3.278556958E0,-8.778857589E-1,1.175874114E0,-3.700644672E-1
3.288601958E0,-9.181437492E-1,7.381126881E-1,-3.480687439E-1
3.298645958E0,-9.070663452E-1,3.637518287E-1,-3.232387602E-1
3.308690958E0,-8.530037999E-1,-1.201002672E-2,-3.194592893E-1
3.318734958E0,-7.818058133E-1,-3.743227124E-1,-3.219895363E-1
3.328779958E0,-7.271613479E-1,-6.862275004E-1,-2.989953458E-1
3.338824958E0,-7.087722421E-1,-9.076307416E-1,-2.520086467E-1
3.348868958E0,-6.965843439E-1,-9.044268727E-1,-1.916344017E-1
3.358913958E0,-6.336162686E-1,-6.236809492E-1,-1.573174298E-1
3.368957958E0,-4.810073674E-1,-1.206795722E-1,-1.560777277E-1
3.379002958E0,-2.830154300E-1,4.433968365E-1,-1.625686586E-1
3.389046958E0,-1.437678188E-1,7.759327292E-1,-1.746010780E-1
3.399091958E0,-1.028030813E-1,7.312294245E-1,-1.836901903E-1
3.409135958E0,-1.204550043E-1,4.292517900E-1,-1.821956933E-1
3.419180958E0,-1.285456866E-1,8.817782998E-2,-1.480734050E-1
3.429225958E0,-7.879744470E-2,-6.599400192E-2,-8.163489401E-2
3.439269958E0,3.405320272E-2,2.598110819E-3,9.887299500E-3
3.449314958E0,1.991066635E-1,1.387941986E-1,1.145858541E-1
3.459358958E0,3.673073947E-1,1.464806199E-1,2.011369914E-1
3.469403958E0,5.177592039E-1,3.155373037E-2,2.183479667E-1
3.479447958E0,6.661412120E-1,-1.997897476E-1,1.967262924E-1
3.489492958E0,8.422443867E-1,-4.621965587E-1,2.016206235E-1
3.499536958E0,1.021071672E0,-6.308319569E-1,1.839140654E-1
3.509581958E0,1.172876477E0,-6.906977892E-1,1.570916325E-1
3.519626958E0,1.294560075E0,-6.583155990E-1,1.558407396E-1
3.529670958E0,1.395364642E0,-5.960717201E-1,2.284068614E-1
3.539715958E0,1.522860289E0,-5.977428555E-1,4.037049115E-1
3.549759958E0,1.670385718E0,-6.140490770E-1,6.244689226E-1
3.559804958E0,1.785073876E0,-5.378773212E-1,8.250011802E-1
3.569848958E0,1.824913025E0,-3.598865867E-1,9.228013754E-1
3.579893958E0,1.798889399E0,-1.169671565E-1,9.089984894E-1
3.589938958E0,1.753798723E0,6.332813948E-2,7.769563794E-1
3.599982958E0,1.788436890E0,1.700378209E-1,5.522069335E-1
3.610027958E0,1.994922519E0,9.459844977E-2,3.243234456E-1
3.620071958E0,2.364365816E0,-1.370664686E-1,1.639662683E-1
3.630116958E0,2.768907070E0,-4.356852472E-1,6.538948417E-2
3.640160958E0,3.071341515E0,-7.289259434E-1,-8.826161735E-3
3.650205958E0,3.210483313E0,-9.518344998E-1,-1.228753328E-1
3.660249958E0,3.154045582E0,-1.073616624E0,-2.661613822E-1
3.670294958E0,2.918675661E0,-1.120712519E0,-3.858765364E-1
3.680339958E0,2.537729740E0,-1.060567737E0,-4.919467866E-1
3.690383958E0,2.055649757E0,-9.284325242E-1,-5.908406377E-1
3.700428958E0,1.557241201E0,-8.170748353E-1,-6.271680593E-1
3.710472958E0,1.162270427E0,-7.639012933E-1,-5.812515020E-1
3.720517958E0,9.064747691E-1,-7.484786510E-1,-4.899133742E-1
3.730561958E0,8.020980358E-1,-7.234710455E-1,-3.747931719E-1
3.740606958E0,7.635574341E-1,-6.656299233E-1,-2.851090431E-1
3.750651958E0,7.239010930E-1,-5.744703412E-1,-2.464413494E-1
3.760695958E0,6.473820806E-1,-4.350216091E-1,-2.462823540E-1
3.770740958E0,5.205044746E-1,-2.359013408E-1,-2.483921200E-1
3.780784958E0,3.469054997E-1,4.691188224E-4,-2.076252550E-1
3.790829958E0,1.328084767E-1,2.374591082E-1,-1.249698475E-1
3.800873958E0,-1.124327108E-1,4.460599720E-1,-4.747345299E-2
3.810918958E0,-3.904120326E-1,6.003142595E-1,-1.001233421E-2
3.820963958E0,-6.766480207E-1,6.952223778E-1,1.467037573E-2
3.831007958E0,-9.594906569E-1,7.330841422E-1,4.370345920E-2
3.841052958E0,-1.226236820E0,7.228573561E-1,6.262522191E-2
3.851096958E0,-1.477446914E0,6.728768349E-1,4.356297478E-2
3.861141958E0,-1.711294055E0,6.121714115E-1,-3.566720057E-3
3.871185958E0,-1.912417769E0,5.442274809E-1,-3.032079898E-2
3.881230958E0,-2.052935362E0,4.593669772E-1,-4.530054703E-2
3.891274958E0,-2.073911905E0,3.383257985E-1,-6.262285262E-2
3.901319958E0,-1.888571262E0,1.076648831E-1,-8.833380789E-2
3.911364958E0,-1.284888029E0,-4.208597541E-1,-1.286550313E-1
3.921408958E0,-3.098174930E-1,-1.379590511E0,-1.654676348E-1
3.931453958E0,4.634831548E-1,-2.376279593E0,-2.134309709E-1
3.941497958E0,6.560478210E-1,-2.946835756E0,-1.975108683E-1
3.951542958E0,-9.037735313E-2,-2.749007225E0,-4.644241929E-2
3.961586958E0,-9.872626066E-1,-1.709311485E0,3.317637444E-1
3.971631958E0,-1.175802588E0,-7.600162029E-1,6.114035249E-1
3.981675958E0,-1.527836919E-1,-8.193905950E-1,5.099309683E-1
3.991720958E0,1.134404540E0,-1.238601804E0,2.452344298E-1
4.001765958E0,1.737327456E0,-9.472964406E-1,1.509643942E-1
4.011809958E0,1.663230062E0,-1.121498346E-1,3.090610355E-2
4.021854958E0,1.257033587E0,8.738150001E-1,-3.155562282E-1
4.031898958E0,7.217935324E-1,1.889928222E0,-6.889594793E-1
4.041943958E0,9.546224028E-2,2.876473665E0,-8.931139708E-1
4.051987958E0,-5.157238245E-1,3.655646324E0,-8.011130691E-1
4.062032958E0,-1.056607246E0,4.092123032E0,-4.573626518E-1
4.072077958E0,-1.439035892E0,4.185760021E0,-8.938395977E-2
4.082121958E0,-1.637047529E0,4.032317162E0,1.931920797E-1
4.092166958E0,-1.675303340E0,3.710207939E0,3.148175478E-1
4.102210958E0,-1.514691114E0,3.251188755E0,2.696388662E-1
4.112255958E0,-1.191243529E0,2.543505192E0,1.646053791E-1
4.122299958E0,-6.810770631E-1,1.553364158E0,5.763791502E-2
4.132344958E0,-2.197878622E-2,4.207798243E-1,-7.159388065E-2
4.142389958E0,5.901801586E-1,-6.590888500E-1,-2.198794782E-1
4.152433958E0,9.395133257E-1,-1.565535426E0,-2.581264675E-1
4.162479458E0,1.018908024E0,-2.273758173E0,-1.720307320E-1
4.172523458E0,9.136760831E-1,-2.691365957E0,-4.911623523E-2
4.182568458E0,6.872410774E-1,-2.741880894E0,4.003361613E-2
4.192612458E0,3.913123906E-1,-2.463351965E0,1.141320392E-1
4.202657458E0,3.622592986E-2,-1.928579926E0,1.950213015E-1
4.212701458E0,-3.881853819E-1,-1.236028075E0,2.730550468E-1
4.222746458E0,-8.177029490E-1,-5.392534733E-1,3.757534623E-1
4.232791458E0,-1.182510018E0,2.643639594E-2,4.919396341E-1
4.242835458E0,-1.478033066E0,4.521253705E-1,5.829518437E-1
4.252880458E0,-1.695322394E0,7.538121343E-1,6.319482327E-1
4.262924458E0,-1.836454511E0,9.608755708E-1,6.310009956E-1
4.272969458E0,-1.909459949E0,1.099982142E0,5.884033442E-1
4.283013458E0,-1.918648124E0,1.189541101E0,5.180495381E-1
4.293058458E0,-1.887140036E0,1.238555908E0,4.348395169E-1
4.303103458E0,-1.833940268E0,1.272399902E0,3.662612438E-1
4.313147458E0,-1.767182946E0,1.342680454E0,3.078427017E-1
4.323192458E0,-1.700900316E0,1.455906034E0,2.656845748E-1
4.333236458E0,-1.650295734E0,1.556329250E0,2.211027741E-1
4.343281458E0,-1.346579552E0,1.021337748E0,9.606230259E-2
4.353325458E0,-5.930226445E-1,-8.253549933E-1,-6.009227782E-2
4.363370458E0,-2.785073519E-1,-2.257389307E0,-7.906277478E-2
4.373415458E0,-6.888926029E-1,-2.181091070E0,-7.334025949E-2
4.383459458E0,-1.456932068E0,-8.288942575E-1,-1.608048528E-1
4.393504458E0,-1.750249028E0,3.128747046E-1,-2.221218944E-1
4.403548458E0,-1.441193938E0,7.618431449E-1,-2.333018482E-1
4.413593458E0,-9.345797300E-1,9.296062589E-1,-2.945372164E-1
4.423637458E0,-5.152767301E-1,1.091989040E0,-4.216464460E-1
4.433682458E0,-2.551699281E-1,1.285030961E0,-5.620685220E-1
4.443726458E0,-1.282271594E-1,1.380776167E0,-6.565175056E-1
4.453771458E0,-9.001617879E-2,1.207563639E0,-6.704968214E-1
4.463816458E0,-1.410740465E-1,7.133092284E-1,-6.129230261E-1
4.473860458E0,-2.719180584E-1,1.551484317E-1,-5.249667168E-1
4.483905458E0,-4.138893187E-1,-1.090126336E-1,-4.342256486E-1
4.493949458E0,-5.177547932E-1,-4.346403107E-2,-3.415880799E-1
4.503994458E0,-5.478791595E-1,1.869156510E-1,-2.582899928E-1
4.514038458E0,-5.328191519E-1,3.281785846E-1,-1.977548003E-1
4.524083458E0,-4.589486420E-1,3.013549745E-1,-1.681156754E-1
4.534128458E0,-3.567712307E-1,1.725460440E-1,-1.622582525E-1
4.544172458E0,-2.566899061E-1,1.821825840E-2,-1.836959124E-1
4.554217458E0,-1.699655950E-1,-1.257831305E-1,-2.075639516E-1
4.564261458E0,-6.356431544E-2,-2.500877678E-1,-2.214669883E-1
4.574306458E0,9.322781116E-2,-3.140197396E-1,-2.054352015E-1
4.584350458E0,2.746892273E-1,-2.275548577E-1,-1.752312332E-1
4.594395458E0,4.384022653E-1,-4.149098694E-2,-1.190055013E-1
4.604439458E0,5.548961163E-1,-3.381416202E-2,-2.892647684E-2
4.614484458E0,6.243710518E-1,-1.572622806E-1,6.502449512E-2
4.624529458E0,7.124026418E-1,-3.539402187E-1,1.838986874E-1
4.634573458E0,8.370944262E-1,-6.034381390E-1,2.359962016E-1
4.644618458E0,9.933434129E-1,-7.950355411E-1,1.984360516E-1
4.654662458E0,1.157268286E0,-8.959800601E-1,1.937159300E-1
4.664707458E0,1.296848059E0,-9.340414405E-1,2.637141943E-1
4.674751458E0,1.419698238E0,-9.157060385E-1,4.035119414E-1
4.684796458E0,1.522927165E0,-8.612059951E-1,5.421382785E-1
4.694841458E0,1.593695045E0,-7.546278834E-1,6.469349861E-1
4.704885458E0,1.633660316E0,-5.846676230E-1,7.497729659E-1
4.714930458E0,1.653566003E0,-3.632538915E-1,8.384510279E-1
4.724974458E0,1.662270069E0,-9.161543846E-2,8.691386580E-1
4.735019458E0,1.673670053E0,2.045416832E-1,8.292313814E-1
4.745063458E0,1.705445290E0,5.302135348E-1,6.914721727E-1
4.755108458E0,1.826015115E0,7.087562084E-1,4.374014139E-1
4.765153458E0,2.095608711E0,5.530753136E-1,2.011116594E-1
4.775197458E0,2.432677507E0,1.646802872E-1,-8.900440298E-4
4.785242458E0,2.696938992E0,-2.419615090E-1,-2.232722491E-1
4.795286458E0,2.769153595E0,-5.535948873E-1,-4.688350558E-1
4.805331458E0,2.670584917E0,-7.846672535E-1,-6.500482559E-1
4.815375458E0,2.442209005E0,-9.140927196E-1,-7.056418657E-1
4.825420458E0,2.142095327E0,-1.003410339E0,-6.288799644E-1
4.835464458E0,1.805324316E0,-1.067540288E0,-5.449984670E-1
4.845509458E0,1.452822447E0,-1.114716768E0,-4.677532613E-1
4.855554458E0,1.116722703E0,-1.158782244E0,-3.857033253E-1
4.865598458E0,8.576228619E-1,-1.255865455E0,-2.923637927E-1
4.875643458E0,7.348715663E-1,-1.354755282E0,-1.990045309E-1
4.885687458E0,7.296909094E-1,-1.421656609E0,-1.049672440E-1
4.895732458E0,7.777650356E-1,-1.398635507E0,-4.036318511E-2
4.905776458E0,8.251418471E-1,-1.246528745E0,-6.771704555E-2
4.915821458E0,8.253741860E-1,-9.969629049E-1,-1.651915908E-1
4.925866458E0,7.345843315E-1,-6.746791601E-1,-2.336851656E-1
4.935910458E0,5.476542711E-1,-3.111649752E-1,-2.144482285E-1
4.945955458E0,2.770587802E-1,7.030009478E-2,-1.140215024E-1
4.955999458E0,-3.914694861E-2,3.836311996E-1,1.735883579E-2
4.966044458E0,-3.693128824E-1,5.711622238E-1,1.144515574E-1
4.976088458E0,-6.835214496E-1,6.453214288E-1,1.732322872E-1
4.986133458E0,-9.678061604E-1,6.603704095E-1,2.144630700E-1
4.996178458E0,-1.212699890E0,6.389718652E-1,2.242374569E-1
5.006222458E0,-1.408950567E0,5.980893970E-1,2.338456064E-1
5.016267458E0,-1.591722488E0,5.954606533E-1,2.548336387E-1
5.026311458E0,-1.743721366E0,5.356774926E-1,2.521316111E-1
5.036356458E0,-1.827529550E0,4.134267569E-1,2.240484953E-1
5.046400458E0,-1.809656024E0,1.979272366E-1,1.568055302E-1
5.056445458E0,-1.600437760E0,-1.805990636E-1,6.818303466E-2
5.066490458E0,-1.035894752E0,-9.937212467E-1,-7.471979409E-2
5.076534458E0,-4.140765965E-1,-2.063375950E0,-2.505193949E-1
5.086579458E0,7.146827132E-2,-2.994333506E0,-3.240511417E-1
5.096623458E0,2.792478539E-2,-3.596555948E0,-2.675500512E-1
5.106668458E0,-4.536114931E-1,-3.340624094E0,3.803677857E-2
5.116712458E0,-8.542844653E-1,-2.307852507E0,5.162194967E-1
5.126757458E0,-8.715297580E-1,-1.365151882E0,7.044022083E-1
5.136801458E0,-1.400451362E-1,-1.163104177E0,5.347186923E-1
5.146846458E0,1.101253867E0,-1.523842335E0,2.614243031E-1
5.156891458E0,1.997569919E0,-1.471040845E0,6.989900768E-2
5.166935625E0,2.098279953E0,-7.145547271E-1,-7.014784217E-2
5.176980625E0,1.558554053E0,4.517514110E-1,-2.122645527E-1
5.187024625E0,8.058454394E-1,1.707365036E0,-3.984192312E-1
5.197069625E0,1.268030554E-1,2.955436468E0,-5.798205733E-1
5.207113625E0,-3.036116958E-1,4.038847923E0,-5.608420968E-1
5.217158625E0,-4.193146825E-1,4.609735012E0,-2.729749084E-1
5.227203625E0,-3.024676740E-1,4.510316372E0,4.022723436E-2
5.237247625E0,-1.365159750E-1,3.856194735E0,2.390909195E-1
5.247292625E0,-1.224334463E-1,3.103437662E0,3.496227562E-1
5.257336625E0,-2.768119276E-1,2.430806875E0,3.911714852E-1
5.267381625E0,-5.294212699E-1,1.873207211E0,3.096548021E-1
5.277425625E0,-7.595394254E-1,1.383265972E0,1.312957108E-1
5.287470625E0,-8.470575213E-1,8.972676992E-1,-5.943561718E-2
5.297515625E0,-7.620762587E-1,3.561004996E-1,-2.365725040E-1
5.307559625E0,-5.247364044E-1,-3.088708520E-1,-4.184541404E-1
5.317604625E0,-2.143926620E-1,-9.904069901E-1,-5.460379720E-1
5.327648625E0,5.684017763E-2,-1.560143232E0,-5.248655677E-1
5.337693625E0,1.618431360E-1,-1.923724532E0,-3.620047867E-1
5.347737625E0,6.645429134E-2,-2.050316334E0,-1.520358473E-1
5.357782625E0,-1.742612273E-1,-1.998299599E0,3.367106616E-2
5.367826625E0,-4.588282704E-1,-1.808066845E0,1.844712347E-1
5.377871625E0,-7.319352031E-1,-1.544597030E0,3.377052248E-1
5.387916625E0,-9.702998400E-1,-1.256423593E0,5.103648901E-1
5.397960625E0,-1.169769645E0,-9.554700255E-1,6.707990766E-1
5.408005625E0,-1.338790059E0,-6.214398146E-1,7.859501839E-1
5.418049625E0,-1.485830069E0,-2.742666602E-1,8.412927985E-1
5.428094625E0,-1.613710999E0,6.872081012E-2,8.351305127E-1
5.438138625E0,-1.722986102E0,3.669284284E-1,7.995294333E-1
5.448183625E0,-1.804623485E0,6.037687063E-1,7.486007810E-1
5.458228625E0,-1.855566502E0,7.864562869E-1,6.736922860E-1
5.468272625E0,-1.877517700E0,9.157085419E-1,5.753952861E-1
5.478317625E0,-1.428972006E0,3.720078468E-1,3.540846407E-1
5.488361625E0,-2.321248651E-1,-1.362204313E0,1.938919537E-2
5.498406625E0,4.632821381E-1,-2.478512287E0,-1.014645547E-1
5.508450625E0,4.845642447E-1,-2.581313848E0,-2.907238528E-2
5.518495625E0,-2.778677046E-1,-1.262725830E0,4.150235653E-2
5.528540625E0,-1.134721160E0,5.042936206E-1,-5.987565964E-2
5.538584625E0,-1.426203728E0,1.609573722E0,-1.586822420E-1
5.548629625E0,-1.309565306E0,2.044095039E0,-1.657390893E-1
5.558673625E0,-1.080752254E0,2.152410507E0,-1.618702114E-1
5.568718625E0,-8.886005878E-1,2.115873337E0,-1.890451014E-1
5.578762625E0,-7.478215694E-1,1.984972000E0,-2.315340042E-1
5.588807625E0,-6.096231937E-1,1.787307143E0,-2.759672701E-1
5.598852625E0,-4.662150145E-1,1.547088504E0,-3.274209201E-1
5.608896625E0,-3.467272520E-1,1.270860434E0,-3.633221984E-1
5.618941625E0,-2.968285680E-1,9.926801920E-1,-3.609397411E-1
5.628985625E0,-3.736863434E-1,5.370942950E-1,-3.297863603E-1
5.639030625E0,-5.907243490E-1,-2.323509604E-1,-2.858530879E-1
5.649074625E0,-8.438026905E-1,-8.800104260E-1,-2.312851697E-1
5.659119625E0,-1.028062105E0,-8.715470433E-1,-2.188834697E-1
5.669164625E0,-1.087664962E0,-2.674480975E-1,-2.527426183E-1
5.679208625E0,-8.913525939E-1,3.971499503E-1,-2.732543945E-1
5.689253625E0,-5.045319200E-1,8.907255530E-1,-2.682686746E-1
5.699297625E0,-1.421236098E-1,1.205980897E0,-3.026919961E-1
5.709342625E0,7.746200264E-2,1.305992365E0,-3.915856481E-1
5.719386625E0,1.784006059E-1,1.147352219E0,-4.881196022E-1
5.729431625E0,1.887025088E-1,7.904096842E-1,-5.570893884E-1
5.739476625E0,1.242911890E-1,4.323929548E-1,-5.875234008E-1
5.749520625E0,3.993437858E-4,2.384882122E-1,-5.808857679E-1
5.759565625E0,-1.495960951E-1,1.193339229E-1,-5.227777958E-1
5.769609625E0,-2.878032625E-1,5.515999347E-2,-4.266337156E-1
5.779654625E0,-3.557977080E-1,4.068390653E-2,-2.923366725E-1
5.789698625E0,-3.191134632E-1,3.682445362E-2,-1.085287631E-1
5.799743625E0,-1.875974983E-1,8.912129328E-3,1.152300313E-1
5.809787625E0,-5.144874565E-3,-2.849755995E-2,3.290363252E-1
5.819832625E0,1.714429259E-1,-7.729691267E-2,4.861736298E-1
5.829877625E0,3.351540864E-1,-1.378872991E-1,5.433058739E-1
5.839921625E0,4.941309392E-1,-1.993304193E-1,5.578219891E-1
5.849966625E0,6.433193088E-1,-2.371355891E-1,6.063066721E-1
5.860010625E0,7.618269324E-1,-2.535980642E-1,6.593455672E-1
5.870055625E0,8.514369726E-1,-1.624663025E-1,6.699167490E-1
5.880099625E0,9.087414145E-1,7.938008010E-2,6.389426589E-1
5.890144625E0,9.363152385E-1,3.944794238E-1,5.690040588E-1
5.900189625E0,9.659668207E-1,7.635071278E-1,5.282053351E-1
5.910233625E0,1.008210897E0,1.192808151E0,5.205484629E-1
5.920278625E0,1.045462728E0,1.613962770E0,5.724216700E-1
5.930322625E0,1.067998409E0,2.049235582E0,6.638157368E-1
5.940367625E0,1.093411684E0,2.398228407E0,7.275630832E-1
5.950411625E0,1.184082747E0,2.501126051E0,6.596165299E-1
5.960456625E0,1.434343100E0,2.127624512E0,4.232396781E-1
5.970501625E0,1.735161304E0,1.465591311E0,5.148344487E-2
5.980545625E0,1.933579922E0,9.205355644E-1,-1.844487786E-1
5.990590625E0,2.013220549E0,5.801702738E-1,-3.305876255E-1
6.000634625E0,2.004448175E0,3.890520632E-1,-4.886668026E-1
6.010679625E0,1.923921466E0,3.564547002E-1,-6.854048967E-1
6.020723625E0,1.826087832E0,3.710241020E-1,-8.467818499E-1
6.030768625E0,1.739683986E0,3.607142270E-1,-9.295806289E-1
6.040813625E0,1.628724217E0,3.392517865E-1,-9.639465809E-1
6.050857625E0,1.471099377E0,3.302707970E-1,-9.718641639E-1
6.060902625E0,1.259123564E0,3.450693786E-1,-9.527758360E-1
6.070946625E0,9.972658753E-1,3.973355293E-1,-9.236896038E-1
6.080991625E0,7.097956538E-1,5.303497314E-1,-8.934094310E-1
6.091035625E0,4.062938392E-1,7.839034200E-1,-8.727914691E-1
6.101080625E0,1.180726886E-1,1.140876651E0,-8.746285439E-1
6.111125625E0,-1.041164398E-1,1.554509044E0,-8.719762564E-1
6.121169625E0,-2.600452602E-1,1.981790423E0,-8.630819321E-1
6.131214625E0,-3.641676605E-1,2.381922960E0,-8.316004276E-1
6.141258625E0,-4.340784550E-1,2.717386723E0,-7.957582474E-1
6.151303625E0,-4.873510003E-1,2.988741159E0,-7.466367483E-1
6.161347958E0,-5.269838572E-1,3.194716454E0,-6.800696850E-1
6.171392958E0,-5.522245169E-1,3.347100019E0,-5.905600786E-1
6.181437958E0,-5.662785172E-1,3.440797567E0,-4.913377762E-1
6.191481958E0,-5.655400157E-1,3.472672462E0,-4.015724659E-1
6.201526958E0,-5.650820136E-1,3.457723856E0,-3.425342441E-1
6.211570958E0,-5.733806491E-1,3.426916838E0,-3.198800683E-1
6.221615958E0,-5.774971843E-1,3.391269684E0,-3.178701699E-1
6.231659958E0,-6.318113208E-1,3.335874081E0,-3.533820808E-1
6.241704958E0,-7.280916572E-1,3.266942978E0,-4.184837043E-1
6.251749958E0,-8.305093646E-1,3.163330793E0,-5.066029429E-1
6.261793958E0,-8.733946681E-1,2.988708258E0,-5.837520361E-1
6.271838958E0,-8.681070209E-1,2.735087633E0,-6.165426970E-1
6.281882958E0,-8.356192112E-1,2.421375275E0,-5.641204715E-1
6.291927958E0,-7.955596447E-1,2.070244551E0,-4.367809296E-1
6.301971958E0,-7.631958723E-1,1.704648972E0,-2.678925693E-1
6.312016958E0,-7.478026748E-1,1.334190011E0,-9.397672862E-2
6.322061958E0,-7.542549372E-1,9.764554501E-1,4.417010769E-2
6.332105958E0,-8.034323454E-1,6.550702453E-1,1.089994386E-1
6.342150958E0,-8.429563046E-1,4.191615582E-1,1.065945923E-1
6.352194958E0,-2.605064809E-1,6.191745400E-1,2.744802535E-1
6.362239958E0,1.031112909E0,1.665799141E0,6.482313275E-1
6.372283958E0,1.841688871E0,2.945118427E0,7.737125754E-1
6.382328958E0,1.817782402E0,3.883496284E0,5.794857740E-1
6.392373958E0,1.035091281E0,4.351154327E0,4.909079373E-1
6.402417958E0,4.361523092E-1,3.998111725E0,3.427687883E-1
6.412462958E0,1.150821522E-1,3.274656534E0,2.318766266E-1
6.422506958E0,-1.858538836E-1,2.583538771E0,3.117994070E-1
6.432551958E0,-5.702303052E-1,1.992125988E0,5.201702118E-1
6.442595958E0,-9.161252379E-1,1.499601483E0,7.135964036E-1
6.452640958E0,-1.130964041E0,1.134871960E0,8.068794608E-1
6.462685958E0,-1.233229041E0,8.714364767E-1,8.170722723E-1
6.472729958E0,-1.186977744E0,6.125212908E-1,7.638876438E-1
6.482774958E0,-8.808909655E-1,2.151552290E-1,6.108973622E-1
6.492818958E0,-4.157706499E-1,-2.379600555E-1,4.287605882E-1
6.502863958E0,9.226586670E-3,-5.418686271E-1,2.552650869E-1
6.512907958E0,3.243171573E-1,-6.084617972E-1,8.814425766E-2
6.522952958E0,5.184826255E-1,-4.593461752E-1,-5.602984130E-2
6.532997958E0,6.013535261E-1,-1.342890114E-1,-1.518117636E-1
6.543041958E0,5.982858539E-1,3.080099225E-1,-2.186225355E-1
6.553086958E0,5.536369085E-1,7.917579412E-1,-2.905481160E-1
6.563130958E0,4.913099408E-1,1.255947590E0,-3.604419231E-1
6.573175958E0,4.134271145E-1,1.692490339E0,-3.723848760E-1
6.583219958E0,3.153780401E-1,2.079233408E0,-2.912574112E-1
6.593264958E0,2.022163421E-1,2.365725756E0,-6.742057949E-2
6.603309958E0,8.939220756E-2,2.469810724E0,2.172534019E-1
6.613353958E0,-9.217188694E-3,2.482043028E0,3.624865115E-1
6.623398958E0,-7.429065555E-2,2.447094679E0,3.443907797E-1
6.633442958E0,-9.062009305E-2,2.352162838E0,2.538720667E-1
6.643487958E0,-6.550692022E-2,2.187938690E0,1.510317326E-1
6.653531958E0,-1.894980669E-2,1.945030212E0,4.621344432E-2
6.663576958E0,2.017222345E-2,1.644674063E0,-8.923566341E-2
6.673621958E0,3.013031557E-2,1.287314534E0,-2.279850245E-1
6.683665958E0,-1.316928677E-2,8.981415629E-1,-3.336720765E-1
6.693710958E0,-1.069786027E-1,5.040426850E-1,-3.837040663E-1
6.703754958E0,-2.308295965E-1,1.177648753E-1,-3.738552928E-1
6.713799958E0,-2.294822931E-1,-3.080317080E-1,-3.447575867E-1
6.723843958E0,-9.811618924E-2,-7.322682738E-1,-3.031016886E-1
6.733888958E0,-4.123054072E-2,-9.838672280E-1,-2.362907082E-1
6.743933958E0,-1.652564257E-1,-1.009081960E0,-1.475171447E-1
6.753977958E0,-3.929713368E-1,-8.249617219E-1,-8.282363415E-2
6.764022958E0,-6.394323111E-1,-4.205064774E-1,-7.356904447E-2
6.774066958E0,-8.040584922E-1,9.517018497E-2,-9.436567128E-2
6.784111958E0,-8.210669160E-1,5.721025467E-1,-1.231881753E-1
6.794155958E0,-7.435523868E-1,9.195821881E-1,-1.296372861E-1
6.804200958E0,-6.505257487E-1,1.127855897E0,-1.352167428E-1
6.814245958E0,-5.917987823E-1,1.213430285E0,-1.616550088E-1
6.824289958E0,-5.656256080E-1,1.196537137E0,-1.900032163E-1
6.834334958E0,-5.674932599E-1,1.081979394E0,-2.064152211E-1
6.844378958E0,-5.565798283E-1,9.076403975E-1,-2.219563276E-1
6.854423958E0,-5.137639642E-1,6.986445785E-1,-2.229744494E-1
6.864467958E0,-4.498477876E-1,4.626796544E-1,-2.083379477E-1
6.874512958E0,-3.884944022E-1,1.938045174E-1,-1.951579601E-1
6.884557958E0,-3.503479362E-1,-1.027834043E-1,-2.021746635E-1
6.894601958E0,-3.467119336E-1,-4.036556184E-1,-2.096919715E-1
6.904646958E0,-3.616045415E-1,-6.051840186E-1,-2.141391039E-1
6.914690958E0,-3.616439700E-1,-5.968357921E-1,-2.041852772E-1
6.924735958E0,-3.121177256E-1,-3.830832541E-1,-1.979530156E-1
6.934779958E0,-1.807618290E-1,-2.655574866E-2,-2.065425217E-1
6.944824958E0,8.620060980E-3,4.020004570E-1,-2.087724358E-1
6.954869958E0,1.974637508E-1,8.727216125E-1,-1.881478578E-1
6.964913958E0,3.046732247E-1,1.339480758E0,-1.435792446E-1
6.974958958E0,3.250490725E-1,1.705489397E0,-1.011857241E-1
6.985002958E0,3.135665357E-1,1.873791456E0,-6.437405944E-2
6.995047958E0,3.273121715E-1,1.876401782E0,-2.368628234E-2
7.005091958E0,4.018294811E-1,1.804939032E0,1.449105889E-2
7.015136958E0,5.423879623E-1,1.710852504E0,4.435201734E-2
7.025181958E0,7.161477208E-1,1.594694376E0,6.463815272E-2
7.035225958E0,8.705817461E-1,1.402921796E0,5.705613270E-2
7.045270958E0,1.003910065E0,1.115599513E0,1.101235114E-2
7.055314958E0,1.150314689E0,7.844272256E-1,-2.528174035E-2
7.065359958E0,1.329794645E0,4.416399002E-1,-1.979922689E-2
7.075403958E0,1.534332633E0,1.399088204E-1,2.763513289E-2
7.085448958E0,1.732718587E0,-7.897894084E-2,7.493250817E-2
7.095493958E0,1.905876994E0,-2.054303586E-1,8.932875842E-2
7.105537958E0,2.040322065E0,-2.121452540E-1,1.334533393E-1
7.115582958E0,2.111267328E0,-9.594328701E-2,2.209195346E-1
7.125626958E0,2.108926058E0,1.382751167E-1,3.062660992E-1
7.135671958E0,2.024714708E0,3.973388970E-1,3.433730006E-1
7.145715958E0,1.898366570E0,6.152184606E-1,2.890444994E-1
7.155760958E0,1.764219999E0,7.903072238E-1,1.593269855E-1
7.165805083E0,1.669085145E0,9.227758050E-1,1.219609380E-2
7.175849083E0,1.656227350E0,9.748818874E-1,-9.588164091E-2
7.185894083E0,1.765205622E0,9.192714095E-1,-1.258561015E-1
7.195938083E0,1.998440266E0,7.395862937E-1,-8.472783864E-2
7.205983083E0,2.279428244E0,4.589780867E-1,-2.867574245E-2
7.216027083E0,2.471806765E0,1.202706099E-1,-1.267110929E-5
7.226072083E0,2.462943554E0,-2.091203332E-1,-3.360542469E-3
7.236117083E0,2.231638193E0,-4.387311637E-1,-4.570160806E-2
7.246161083E0,1.793373942E0,-5.422457457E-1,-8.542035520E-2
7.256206083E0,1.340833187E0,-6.032819152E-1,-2.296017483E-2
7.266250083E0,1.010520458E0,-6.667667627E-1,1.198865697E-1
7.276295083E0,8.540760279E-1,-7.634586692E-1,2.241471857E-1
7.286339083E0,8.515566587E-1,-8.731951118E-1,2.337352484E-1
7.296384083E0,9.422940612E-1,-9.476565719E-1,2.090341598E-1
7.306429083E0,1.040070295E0,-9.411857724E-1,1.513688713E-1
7.316473083E0,1.095872641E0,-8.418661356E-1,8.945864439E-2
7.326518083E0,1.085265160E0,-6.755970716E-1,5.302187800E-2
7.336562083E0,1.002623320E0,-4.680652022E-1,3.553370014E-2
7.346607083E0,8.545948863E-1,-2.425994575E-1,4.380511492E-2
7.356651083E0,6.565648913E-1,-1.396362577E-2,6.557326019E-2
7.366696083E0,4.337194264E-1,1.962042004E-1,8.725492656E-2
7.376741083E0,1.967095435E-1,3.347817659E-1,6.820347160E-2
7.386785083E0,-3.833534196E-2,3.726177514E-1,1.334911026E-2
7.396830083E0,-2.744482756E-1,3.287512064E-1,-6.574650854E-2
7.406874083E0,-5.058389306E-1,1.957595050E-1,-1.432585269E-1
7.416919083E0,-7.335988879E-1,2.829997567E-3,-1.959837824E-1
7.426963083E0,-9.535667896E-1,-2.068747580E-1,-2.192496806E-1
7.437008083E0,-1.157317758E0,-4.244904518E-1,-2.016922683E-1
7.447053083E0,-1.341979861E0,-6.221945286E-1,-1.772811711E-1
7.457097083E0,-1.500962019E0,-7.970275879E-1,-1.634100974E-1
7.467142083E0,-1.611636639E0,-9.755798578E-1,-1.912922114E-1
7.477186083E0,-1.628170371E0,-1.174015641E0,-2.511060238E-1
7.487231083E0,-1.486055136E0,-1.379512548E0,-3.273813128E-1
7.497275083E0,-1.103422046E0,-1.564064264E0,-4.095544815E-1
7.507320083E0,-6.075612307E-1,-1.664108157E0,-4.348079562E-1
7.517365083E0,-2.120018899E-1,-1.729194164E0,-3.988497257E-1
7.527409083E0,-3.273888826E-1,-1.690230966E0,-3.067294657E-1
7.537454083E0,-5.566105843E-1,-1.295906305E0,2.865945920E-2
7.547498083E0,-6.244346499E-1,-7.961292267E-1,4.850077629E-1
7.557543083E0,-5.390422940E-1,-5.343969464E-1,7.153331637E-1
7.567587083E0,-2.023611814E-1,-6.156402230E-1,6.860547066E-1
7.577632083E0,4.468120337E-1,-9.840188026E-1,6.027712822E-1
7.587677083E0,1.064841628E0,-1.207907557E0,5.215302706E-1
7.597721083E0,1.325824022E0,-1.019410372E0,4.591163993E-1
7.607766083E0,1.052543163E0,-4.597639441E-1,4.019261897E-1
7.617810083E0,5.412064195E-1,3.011821508E-1,3.129044473E-1
7.627855083E0,1.631417274E-1,1.117412448E0,1.607086360E-1
7.637899083E0,-5.988709256E-2,1.840952277E0,4.533756897E-2
7.647944083E0,-2.613801360E-1,2.348012447E0,8.723162115E-2
7.657989083E0,-5.033397675E-1,2.626092672E0,2.100592703E-1
7.668033083E0,-6.814975739E-1,2.620837688E0,2.825162709E-1
7.678078083E0,-6.861402988E-1,2.291265726E0,2.999629080E-1
7.688122083E0,-5.988698602E-1,1.790913343E0,3.060938716E-1
7.698167083E0,-5.675737262E-1,1.350528479E0,3.109467030E-1
7.708211083E0,-6.236060858E-1,1.060921192E0,2.932577729E-1
7.718256083E0,-7.022388577E-1,9.595677257E-1,2.375777215E-1
7.728301083E0,-7.375640869E-1,9.787598848E-1,1.722343564E-1
7.738345083E0,-6.823098660E-1,9.724045396E-1,7.070001960E-2
7.748390083E0,-5.516139269E-1,7.727326751E-1,-8.668880910E-2
7.758434083E0,-3.493372500E-1,3.700533807E-1,-2.825699151E-1
7.768479083E0,-1.304060817E-1,-2.105998993E-1,-3.481995165E-1
7.778523083E0,1.717778854E-2,-8.435970545E-1,-2.502995729E-1
7.788568083E0,-1.682373323E-2,-1.400122046E0,-1.522626281E-1
7.798613083E0,-1.913103163E-1,-1.799918413E0,-1.293634325E-1
7.808657083E0,-4.222162962E-1,-2.015949726E0,-1.070400253E-1
7.818702083E0,-6.476102471E-1,-2.022019625E0,-3.814671189E-2
7.828746083E0,-8.515025973E-1,-1.873551488E0,8.460810781E-2
7.838791083E0,-1.028740764E0,-1.641947508E0,2.292065620E-1
7.848835083E0,-1.184257030E0,-1.396476626E0,3.531837165E-1
7.858880083E0,-1.305176854E0,-1.145620108E0,4.143530428E-1
7.868925083E0,-1.384015441E0,-9.057874680E-1,4.257244170E-1
7.878969083E0,-1.422378778E0,-6.644797921E-1,4.059102237E-1
7.889014083E0,-1.426315784E0,-4.186051488E-1,3.746251464E-1
7.899058083E0,-1.411931038E0,-1.722438484E-1,3.486042023E-1
7.909103083E0,-1.398481846E0,6.088537723E-2,3.301808834E-1
7.919148083E0,-1.174828291E0,1.547839046E-1,2.837465405E-1
7.929192083E0,-2.848936915E-1,-1.904103756E-1,1.741559803E-1
7.939237083E0,5.387333632E-1,-4.728050530E-1,1.021377146E-1
7.949281083E0,7.805584073E-1,-2.723026276E-1,7.934775203E-2
7.959326083E0,2.730645537E-1,8.004437089E-1,4.110316187E-2
7.969370083E0,-3.817729950E-1,1.976712823E0,-7.602458447E-2
7.979415083E0,-6.650673151E-1,2.481837511E0,-1.509694010E-1
7.989460083E0,-7.012860179E-1,2.466784000E0,-1.507189721E-1
7.999504083E0,-7.095503211E-1,2.266459465E0,-1.445718557E-1
8.009549083E0,-7.232444286E-1,2.016067743E0,-1.444666237E-1
8.019593083E0,-7.075102329E-1,1.727099657E0,-1.524856687E-1
8.029638083E0,-6.166213751E-1,1.421163201E0,-1.714988798E-1
8.039682083E0,-4.650574327E-1,1.098521709E0,-1.957954317E-1
8.049727083E0,-2.892335951E-1,7.900248170E-1,-2.162385136E-1
8.059772083E0,-1.450103968E-1,5.539779663E-1,-2.330894023E-1
8.069816083E0,-8.676531166E-2,4.311446846E-1,-2.263143659E-1
8.079861083E0,-1.348215342E-1,4.351724386E-1,-1.977714002E-1
8.089905083E0,-2.839965820E-1,5.077589154E-1,-1.648910940E-1
8.099950083E0,-5.366836786E-1,5.001648664E-1,-1.388533711E-1
8.109994083E0,-8.542770743E-1,2.923789322E-1,-1.151727512E-1
8.120039083E0,-1.112123847E0,1.742615998E-1,-1.053171903E-1
8.130084083E0,-1.129897356E0,2.455111444E-1,-1.544646323E-1
8.140128083E0,-7.750124931E-1,3.971358240E-1,-2.861388028E-1
8.150173083E0,-2.928998470E-1,7.383494973E-1,-3.362034261E-1
8.160217083E0,1.046773698E-2,1.190434933E0,-3.385462165E-1
8.170262000E0,1.640422791E-1,1.551476479E0,-3.738477528E-1
8.180306000E0,2.209676206E-1,1.706349730E0,-4.158902764E-1
8.190351000E0,1.816779226E-1,1.553730011E0,-4.384171069E-1
8.200396000E0,6.856868416E-2,1.136751413E0,-4.289247990E-1
8.210440000E0,-4.395139217E-2,7.520584464E-1,-3.879856765E-1
8.220485000E0,-1.332351863E-1,5.383011699E-1,-3.257100582E-1
8.230529000E0,-1.997311860E-1,4.765070975E-1,-2.366980314E-1
8.240574000E0,-2.457588762E-1,5.021882653E-1,-9.028808028E-2
8.250618000E0,-2.610068917E-1,5.584625006E-1,4.950305074E-2
8.260663000E0,-2.429543883E-1,6.324043870E-1,1.607400924E-1
8.270708000E0,-1.945329309E-1,7.098924518E-1,2.751860619E-1
8.280752000E0,-1.314969808E-1,7.887073755E-1,3.821849525E-1
8.290797000E0,-4.455142468E-2,8.534240127E-1,4.530090690E-1
8.300841000E0,7.996387035E-2,8.650196791E-1,4.547161460E-1
8.310886000E0,2.442375720E-1,8.037302494E-1,4.308054745E-1
8.320930000E0,4.262859225E-1,6.934745908E-1,4.451796114E-1
8.330975000E0,5.908194780E-1,5.920606256E-1,5.006460547E-1
8.341020000E0,7.134950757E-1,5.572810769E-1,5.524413586E-1
8.351064000E0,7.865712643E-1,6.350414157E-1,5.626334548E-1
8.361109000E0,8.073492050E-1,8.253623843E-1,5.308220387E-1
8.371153000E0,7.918460369E-1,1.080111623E0,4.953351021E-1
8.381198000E0,7.510701418E-1,1.397810698E0,4.752497971E-1
8.391243000E0,6.868150234E-1,1.725471139E0,4.786744118E-1
8.401287000E0,6.023115516E-1,2.054847956E0,4.813631475E-1
8.411332000E0,5.040422678E-1,2.409447432E0,4.708661139E-1
8.421376000E0,4.254534543E-1,2.779459476E0,4.797115326E-1
8.431421000E0,4.249118865E-1,3.036382914E0,4.890095592E-1
8.441465000E0,6.280437112E-1,2.742072582E0,4.233522415E-1
8.451510000E0,1.051657796E0,1.880921721E0,2.560143769E-1
8.461555000E0,1.449822187E0,1.035576582E0,9.687665105E-2
8.471599000E0,1.666406035E0,6.269360781E-1,-1.647729240E-2
8.481644000E0,1.730944633E0,5.451712012E-1,-2.286766320E-1
8.491688000E0,1.684612751E0,6.973968148E-1,-5.511669517E-1
8.501733000E0,1.537855268E0,9.943238497E-1,-9.175209403E-1
8.511777000E0,1.342049360E0,1.286201119E0,-1.181533337E0
8.521822000E0,1.151337504E0,1.468577862E0,-1.264283061E0
8.531867000E0,1.000187397E0,1.565104127E0,-1.205369234E0
8.541911000E0,9.041098952E-1,1.606814265E0,-1.087124109E0
8.551956000E0,8.378579617E-1,1.606197953E0,-9.520875216E-1
8.562000000E0,7.620968819E-1,1.643743992E0,-8.738084435E-1
8.572045000E0,6.707210541E-1,1.739320040E0,-8.628360033E-1
8.582089000E0,5.424347520E-1,1.940479755E0,-9.091414213E-1
8.592134000E0,3.810658157E-1,2.232327223E0,-9.990649223E-1
8.602179000E0,1.929238588E-1,2.576424360E0,-1.089687467E0
8.612223000E0,-1.021889271E-3,2.953276396E0,-1.138059735E0
8.622268000E0,-1.649751514E-1,3.288988590E0,-1.117965460E0
8.632312000E0,-2.893803120E-1,3.532712460E0,-1.030992508E0
8.642357000E0,-3.704953790E-1,3.665684462E0,-8.818168640E-1
8.652401000E0,-4.048018754E-1,3.717304945E0,-6.983247995E-1
8.662446000E0,-3.892359734E-1,3.738498926E0,-5.099554658E-1
8.672491000E0,-3.369776905E-1,3.739465237E0,-3.518218398E-1
8.682535000E0,-2.692596316E-1,3.762685776E0,-2.403725535E-1
8.692580000E0,-1.938906461E-1,3.788324118E0,-1.943339556E-1
8.702624000E0,-1.163953319E-1,3.869154215E0,-2.316733450E-1
8.712669000E0,-6.014690176E-2,3.881847143E0,-3.121820688E-1
8.722714000E0,-4.930330813E-2,3.798595428E0,-4.297478199E-1
8.732758000E0,-3.320568427E-2,3.621033907E0,-5.703993440E-1
8.742803000E0,1.060970686E-2,3.352427006E0,-6.952302456E-1
8.752847000E0,6.041323766E-2,3.010895729E0,-7.709035873E-1
8.762892000E0,9.437493980E-2,2.596565962E0,-7.836880684E-1
8.772936000E0,8.325456828E-2,2.123356581E0,-7.392106056E-1
8.782981000E0,3.181036096E-3,1.597503185E0,-6.757836938E-1
8.793026000E0,-1.420619339E-1,1.072656274E0,-6.153371930E-1
8.803070000E0,-3.542061448E-1,5.885633230E-1,-5.751485229E-1
8.813115000E0,-6.233396530E-1,1.456259936E-1,-5.371119976E-1
8.823159000E0,-9.255030155E-1,-2.474195808E-1,-4.699700177E-1
8.833204000E0,-1.102784991E0,-4.818726778E-1,-3.393061459E-1
8.843248000E0,4.179578274E-2,3.577594161E-1,1.907438636E-1
8.853293000E0,1.105717421E0,1.751627922E0,5.198212266E-1
8.863338000E0,-1.036307402E-2,2.464310646E0,3.058269024E-1
8.873382000E0,-1.028070927E0,2.575247526E0,2.387479991E-1
8.883427000E0,-1.110807538E0,2.526471615E0,2.282869071E-1
8.893471000E0,-8.295158744E-1,2.364078522E0,8.327064663E-2
8.903516000E0,-5.592705607E-1,1.995678782E0,7.146166265E-2
8.913561000E0,-3.303132653E-1,1.524631977E0,2.500380278E-1
8.923605000E0,-1.912387162E-1,1.048797250E0,5.121945143E-1
8.933650000E0,-1.775694042E-1,6.520342231E-1,6.978508234E-1
8.943694000E0,-2.714942694E-1,3.562834859E-1,7.422555685E-1
8.953739000E0,-4.137336910E-1,1.558165103E-1,7.087195516E-1
8.963783000E0,-5.295497775E-1,-1.033144444E-2,6.663337350E-1
8.973828000E0,-5.462871194E-1,-2.191330642E-1,6.247414947E-1
8.983873000E0,-4.354660511E-1,-5.213818550E-1,5.842377543E-1
8.993917000E0,-2.253540307E-1,-8.740653396E-1,5.694971681E-1
9.003962000E0,-1.695156470E-2,-1.143377185E0,5.860734582E-1
9.014006000E0,1.092578471E-1,-1.180492640E0,6.219022274E-1
9.024051000E0,1.330553144E-1,-9.264755249E-1,6.122949123E-1
9.034095000E0,6.526121497E-2,-4.525998235E-1,5.183473825E-1
9.044140000E0,-7.129237056E-2,7.887523621E-2,3.678572178E-1
9.054185000E0,-2.233847231E-1,5.260050893E-1,2.158162892E-1
9.064229000E0,-3.627391756E-1,8.566886783E-1,9.514418989E-2
9.074274000E0,-4.844612181E-1,1.054606199E0,-4.540163651E-2
9.084318000E0,-5.663382411E-1,1.112471581E0,-2.210032940E-1
9.094363000E0,-6.041956544E-1,1.040745616E0,-3.849790096E-1
9.104407000E0,-5.902411938E-1,8.598722816E-1,-4.403133690E-1
9.114452000E0,-5.526840091E-1,6.043771505E-1,-3.475694358E-1
9.124497000E0,-5.155627728E-1,3.478229046E-1,-1.630906612E-1
9.134541000E0,-4.839018583E-1,1.371616572E-1,-3.095874563E-4
9.144586000E0,-4.465744793E-1,-3.608574346E-2,8.334669471E-2
9.154630000E0,-4.030791223E-1,-1.802446991E-1,1.411805898E-1
9.164675583E0,-3.645423949E-1,-2.873815298E-1,2.014196962E-1
9.174719583E0,-3.207783103E-1,-3.630168140E-1,2.716378272E-1
9.184764583E0,-1.982507855E-1,-4.767431021E-1,3.081806600E-1
9.194809583E0,4.493017867E-2,-6.608265638E-1,2.850497067E-1
9.204853583E0,3.182698488E-1,-8.147231936E-1,2.323886305E-1
9.214898583E0,4.742508829E-1,-8.242274523E-1,2.302332669E-1
9.224942583E0,4.280679524E-1,-6.879308820E-1,2.572054863E-1
9.234987583E0,2.307620049E-1,-3.563696742E-1,2.363231182E-1
9.245032583E0,-3.860023245E-2,9.261451662E-2,1.587692052E-1
9.255076583E0,-2.909557819E-1,5.236076713E-1,6.445099413E-2
9.265121583E0,-4.377529621E-1,8.127601147E-1,9.937152267E-3
9.275165583E0,-4.655823708E-1,9.464952946E-1,-7.237876300E-3
9.285210583E0,-4.209840000E-1,9.659198523E-1,-2.234013006E-2
9.295254583E0,-3.582833111E-1,9.341171384E-1,-3.951261193E-2
9.305299583E0,-3.250686228E-1,9.010270834E-1,-4.791462049E-2
9.315344583E0,-3.471585512E-1,8.863311410E-1,-6.421976537E-2
9.325388583E0,-4.093020856E-1,8.853021264E-1,-8.782602102E-2
9.335433583E0,-4.791267514E-1,8.767388463E-1,-1.114670411E-1
9.345477583E0,-5.530004501E-1,8.397936225E-1,-1.469597816E-1
9.355522583E0,-6.207534075E-1,7.667903304E-1,-1.920836568E-1
9.365566583E0,-6.766057611E-1,6.070552468E-1,-2.374767065E-1
9.375611583E0,-7.378298640E-1,2.187708467E-1,-2.795767188E-1
9.385656583E0,-7.935178876E-1,-3.391187787E-1,-3.121296167E-1
9.395700583E0,-8.030338883E-1,-7.875362635E-1,-3.113857806E-1
9.405745583E0,-7.402200699E-1,-9.402243495E-1,-2.758965194E-1
9.415789583E0,-5.848563313E-1,-8.366280198E-1,-2.267014235E-1
9.425834583E0,-3.285822272E-1,-4.924708903E-1,-1.776547879E-1
9.435879583E0,-9.355603904E-2,9.497655928E-2,-1.248841882E-1
9.445923583E0,2.255618572E-2,8.222174048E-1,-9.188256413E-2
9.455968583E0,5.233182758E-2,1.369643450E0,-8.015083522E-2
9.466012583E0,4.687128216E-2,1.598096848E0,-6.288236380E-2
9.476057583E0,2.754852362E-2,1.512020588E0,-5.922004953E-2
9.486101583E0,4.875953496E-2,1.215238810E0,-8.362206072E-2
9.496146583E0,1.428073049E-1,9.103087187E-1,-9.079258889E-2
9.506191583E0,2.725152373E-1,6.613425612E-1,-8.812383562E-2
9.516235583E0,3.962820172E-1,4.272022545E-1,-9.465017915E-2
9.526280583E0,4.978637695E-1,2.043883353E-1,-9.003305435E-2
9.536324583E0,5.847238302E-1,-2.189918607E-2,-7.969912142E-2
9.546369583E0,6.661167145E-1,-2.648135722E-1,-5.476154387E-2
9.556413583E0,7.589403987E-1,-5.192549825E-1,-1.023025066E-2
9.566458583E0,8.507959843E-1,-7.480109334E-1,2.568620443E-2
9.576503583E0,9.461940527E-1,-8.896500468E-1,6.135340407E-2
9.586547583E0,1.025365353E0,-9.879750013E-1,1.437622607E-1
9.596592583E0,1.088004112E0,-1.015015125E0,2.622395158E-1
9.606636583E0,1.190386653E0,-9.657489657E-1,4.099309742E-1
9.616681583E0,1.344255924E0,-8.715513349E-1,5.670400858E-1
9.626726583E0,1.535102248E0,-7.081674933E-1,6.495639682E-1
9.636770583E0,1.746467829E0,-4.547825456E-1,6.394276619E-1
9.646815583E0,1.936912656E0,-5.006861687E-2,5.905048847E-1
9.656859583E0,2.072653294E0,4.412826896E-1,5.089645982E-1
9.666904583E0,2.152594328E0,8.917737007E-1,4.058482945E-1
9.676948583E0,2.201428175E0,1.285711288E0,2.970766127E-1
9.686993583E0,2.269115925E0,1.513459802E0,1.932913512E-1
9.697038583E0,2.429175615E0,1.474539280E0,1.373356730E-1
9.707082583E0,2.677450657E0,1.208217025E0,1.370238215E-1
9.717127583E0,2.923830986E0,7.784144282E-1,1.272555292E-1
9.727171583E0,3.017860889E0,3.256250918E-1,2.323511429E-2
9.737216583E0,2.856039047E0,-3.254714236E-2,-1.675750762E-1
9.747260583E0,2.504350662E0,-3.362061083E-1,-3.433602452E-1
9.757305583E0,2.050219297E0,-6.020178199E-1,-3.989230394E-1
9.767350583E0,1.584908843E0,-8.868090510E-1,-3.045030534E-1
9.777394583E0,1.206531405E0,-1.150671840E0,-1.564867496E-1
9.787439583E0,9.699864984E-1,-1.467726469E0,-2.148632705E-2
9.797483583E0,8.703091741E-1,-1.767905593E0,5.698080175E-3
9.807528583E0,8.680012822E-1,-1.959077477E0,-6.223596632E-2
9.817573583E0,8.996654153E-1,-1.968973756E0,-1.333355457E-1
9.827617583E0,9.409760833E-1,-1.788188696E0,-1.499787122E-1
9.837662583E0,9.554252625E-1,-1.463415146E0,-1.228350028E-1
9.847706583E0,9.199296236E-1,-1.040274501E0,-8.914627880E-2
9.857751583E0,8.172025681E-1,-5.799812078E-1,-6.409366429E-2
9.867795583E0,6.351595521E-1,-1.401093155E-1,-7.590531558E-2
9.877840583E0,4.028103054E-1,1.854916215E-1,-8.413680643E-2
9.887885583E0,1.303510964E-1,3.794224858E-1,-8.300016820E-2
9.897929583E0,-1.696858406E-1,4.741912186E-1,-9.644104540E-2
9.907974583E0,-4.738063216E-1,5.214207768E-1,-1.261233091E-1
9.918018583E0,-7.698975801E-1,5.443615317E-1,-1.586543620E-1
9.928063583E0,-1.039526343E0,5.465463996E-1,-1.642102450E-1
9.938107583E0,-1.268519878E0,5.183945298E-1,-1.560062468E-1
9.948152583E0,-1.461542010E0,4.637419283E-1,-1.360743642E-1
9.958197583E0,-1.621586561E0,3.872709870E-1,-1.312209219E-1
9.968241583E0,-1.725763798E0,3.118209839E-1,-1.404540986E-1
9.978286583E0,-1.737006783E0,2.295760959E-1,-1.705162674E-1
9.988330583E0,-1.596364379E0,1.186391935E-1,-2.207837105E-1
9.998375583E0,-1.243265033E0,-2.929844148E-2,-2.738092542E-1
1.000841958E1,-6.195878386E-1,-2.395171970E-1,-2.842288613E-1
1.001846458E1,1.606751606E-2,-4.752992392E-1,-2.422916889E-1
1.002850958E1,4.556230605E-1,-6.718314290E-1,-1.402140707E-1
1.003855358E1,6.164794564E-1,-7.081518173E-1,3.829674423E-2
1.004859858E1,3.610277176E-1,-7.058010697E-1,1.822291464E-1
1.005864258E1,-5.359574035E-2,-9.443811178E-1,3.874054551E-1
1.006868758E1,-1.605275124E-1,-1.474651098E0,6.303434968E-1
1.007873258E1,1.523006558E-1,-1.863627791E0,6.574842334E-1
1.008877658E1,8.195686936E-1,-1.801044583E0,5.312570333E-1
1.009882158E1,1.335203648E0,-1.084056377E0,2.654118538E-1
1.010886558E1,1.360979676E0,1.442536712E-1,-7.077762485E-2
1.011891058E1,9.082354307E-1,1.453237295E0,-3.280363977E-1
1.012895458E1,1.901388466E-1,2.510162354E0,-4.657527208E-1
1.013899958E1,-6.577367783E-1,3.172135592E0,-4.888631403E-1
1.014904458E1,-1.459349990E0,3.560395718E0,-3.531572521E-1
1.015908858E1,-2.042077303E0,3.733377934E0,-1.398046464E-1
1.016913300E1,-2.377395868E0,3.594444036E0,1.212456003E-1
1.017917700E1,-2.419187546E0,3.152963161E0,3.601773679E-1
1.018922200E1,-2.017148972E0,2.375238657E0,4.472672343E-1
1.019926600E1,-1.332532763E0,1.296383858E0,4.150006473E-1
1.020931100E1,-6.293994784E-1,1.765337586E-1,3.260470629E-1
1.021935600E1,-9.579129517E-2,-6.646629572E-1,2.133729458E-1
1.022940000E1,1.519425958E-1,-1.229648232E0,5.403308570E-2
1.023944500E1,2.082702518E-1,-1.660300493E0,-6.173337251E-2
1.024948900E1,1.920055300E-1,-1.940063119E0,-1.114396565E-2
1.025953400E1,1.372815073E-1,-1.988240600E0,5.453078449E-2
1.026957900E1,5.319353193E-2,-1.824760318E0,2.255101129E-2
1.027962300E1,-6.713145226E-2,-1.516101718E0,-8.156310767E-2
1.028966800E1,-2.353105992E-1,-1.075680614E0,-1.788894087E-1
1.029971200E1,-4.327903688E-1,-5.281828642E-1,-2.067651898E-1
1.030975700E1,-6.467924118E-1,-5.902110599E-3,-1.312757581E-1
1.031980100E1,-8.531208634E-1,3.715192974E-1,1.927022263E-2
1.032984600E1,-1.022081614E0,5.871141553E-1,1.853715926E-1
1.033989100E1,-1.145996690E0,7.084506750E-1,3.192463517E-1
1.034993500E1,-1.225607395E0,7.792755961E-1,3.793088794E-1
1.035998000E1,-1.267769337E0,8.095325232E-1,3.801957369E-1
1.037002400E1,-1.278083205E0,8.006796241E-1,3.407199681E-1
1.038006900E1,-1.273919940E0,7.552436590E-1,2.902123928E-1
1.039011400E1,-1.245314121E0,6.714670062E-1,2.455948293E-1
1.040015800E1,-1.042787552E0,4.196518958E-1,2.067408413E-1
1.041020300E1,-4.835554063E-1,-1.958576441E-1,1.781360954E-1
1.042024700E1,3.780808672E-2,-7.783539891E-1,1.313352436E-1
1.043029200E1,2.530767322E-1,-1.120618701E0,7.837243378E-2
1.044033600E1,1.306070834E-1,-1.175640702E0,3.708700836E-2
1.045038100E1,-2.885345519E-1,-9.316293001E-1,8.622875437E-3
1.046042600E1,-8.975538015E-1,-4.362401366E-1,-2.455122396E-2
1.047047000E1,-1.487523079E0,2.028319538E-1,-9.816551954E-2
1.048051500E1,-1.808484316E0,6.900724173E-1,-1.463191509E-1
1.049055900E1,-1.837228417E0,9.410939813E-1,-1.331487447E-1
1.050060400E1,-1.664774060E0,1.016969085E0,-1.139521897E-1
1.051064800E1,-1.383344769E0,9.663509130E-1,-1.566613019E-1
1.052069300E1,-1.038376451E0,8.316006064E-1,-2.627348304E-1
1.053073800E1,-6.755852103E-1,6.787385941E-1,-3.790223002E-1
1.054078200E1,-3.931268156E-1,5.744998455E-1,-4.430100918E-1
1.055082700E1,-2.481530905E-1,5.632930398E-1,-4.175899327E-1
1.056087100E1,-2.729227245E-1,5.857878327E-1,-3.737051785E-1
1.057091600E1,-4.397689700E-1,5.510525107E-1,-3.511519134E-1
1.058096100E1,-6.717075706E-1,3.334900141E-1,-3.418339789E-1
1.059100500E1,-8.217164874E-1,9.627718478E-2,-3.087769747E-1
1.060105000E1,-8.077340126E-1,5.090181902E-2,-2.348354757E-1
1.061109400E1,-6.465168595E-1,2.012660205E-1,-1.629085541E-1
1.062113900E1,-4.259865880E-1,4.148133397E-1,-1.084465459E-1
1.063118300E1,-2.099301964E-1,5.913282037E-1,-7.995098829E-2
1.064122800E1,-3.713203222E-2,6.518185735E-1,-8.909193426E-2
1.065127300E1,6.142383441E-2,5.805758238E-1,-1.166042536E-1
1.066131700E1,9.709852934E-2,3.872275651E-1,-1.114857867E-1
1.067136200E1,7.449947298E-2,1.542811245E-1,-5.762282386E-2
1.068140600E1,3.063464724E-2,8.659299463E-3,3.363247961E-2
1.069145100E1,2.539115027E-2,-8.609170094E-3,1.449688524E-1
1.070149500E1,8.417105675E-2,1.413769834E-2,2.561019659E-1
1.071154000E1,2.036838681E-1,1.774015650E-2,3.271769285E-1
1.072158500E1,3.584402800E-1,-5.095130950E-2,3.085852265E-1
1.073162900E1,5.532004237E-1,-1.751763225E-1,2.171221375E-1
1.074167400E1,7.884410024E-1,-3.186474144E-1,1.365870386E-1
1.075171800E1,1.026002526E0,-4.412990510E-1,1.242875010E-1
1.076176300E1,1.249851108E0,-5.099784732E-1,1.625099629E-1
1.077180800E1,1.436277151E0,-5.309975147E-1,2.508670092E-1
1.078185200E1,1.556325912E0,-5.528598428E-1,3.546364605E-1
1.079189700E1,1.625838637E0,-5.442330837E-1,4.629893005E-1
1.080194100E1,1.674470663E0,-4.135761261E-1,5.853574276E-1
1.081198600E1,1.689630389E0,-1.588847041E-1,7.322956920E-1
1.082203000E1,1.661639214E0,1.831064671E-1,8.515530825E-1
1.083207500E1,1.597977519E0,6.118125916E-1,9.029608369E-1
1.084212000E1,1.506101966E0,1.128553867E0,8.807015419E-1
1.085216400E1,1.513970852E0,1.563124180E0,7.494383454E-1
1.086220900E1,1.839832783E0,1.649968743E0,5.619965196E-1
1.087225300E1,2.498417616E0,1.299722075E0,3.919070661E-1
1.088229800E1,3.143736839E0,8.145785332E-1,1.600505114E-1
1.089234300E1,3.492828846E0,4.392562807E-1,-1.159325987E-1
1.090238700E1,3.505698204E0,1.811298877E-1,-4.317243397E-1
1.091243200E1,3.244080544E0,6.555855274E-2,-6.663174033E-1
1.092247600E1,2.803683519E0,-1.408607513E-2,-7.382940054E-1
1.093252100E1,2.248996735E0,-1.214833781E-1,-6.863514781E-1
1.094256500E1,1.663473248E0,-2.608425021E-1,-5.613976121E-1
1.095261000E1,1.128568053E0,-4.741712809E-1,-4.086831808E-1
1.096265500E1,7.230418921E-1,-7.600409985E-1,-2.653426528E-1
1.097269900E1,4.880147278E-1,-1.083468080E0,-1.564667672E-1
1.098274400E1,4.120609462E-1,-1.402187228E0,-2.474758960E-2
1.099278800E1,4.174503684E-1,-1.681229472E0,1.781371795E-2
1.100283300E1,4.471046627E-1,-1.827262044E0,-2.301924303E-2
1.101287700E1,4.715428948E-1,-1.824350357E0,-5.601288006E-2
1.102292200E1,4.455175996E-1,-1.663590908E0,-1.157933101E-2
1.103296700E1,3.658345044E-1,-1.386280656E0,1.062636822E-1
1.104301100E1,2.270967811E-1,-1.032997012E0,2.253416330E-1
1.105305600E1,3.058292903E-2,-6.741738319E-1,2.821117342E-1
1.106310000E1,-1.960235089E-1,-3.403574228E-1,2.832152843E-1
1.107314500E1,-4.321558774E-1,-6.065600365E-2,2.944197357E-1
1.108319000E1,-6.603099108E-1,1.241739914E-1,3.340166807E-1
1.109323400E1,-8.816910386E-1,2.295504808E-1,3.845277727E-1
1.110327900E1,-1.094897032E0,2.988560498E-1,4.006330371E-1
1.111332300E1,-1.284613013E0,3.263172209E-1,3.753966689E-1
1.112336800E1,-1.435178876E0,2.756718695E-1,3.073667884E-1
1.113341200E1,-1.534770131E0,1.374599189E-1,2.143785208E-1
1.114345700E1,-1.547595143E0,-7.697565854E-2,1.142726466E-1
1.115350200E1,-1.461510658E0,-3.541593254E-1,1.622916944E-2
1.116354600E1,-1.252033830E0,-7.041442990E-1,-9.084820747E-2
1.117359112E1,-8.624116182E-1,-1.182686567E0,-2.013230473E-1
1.118363512E1,-4.659753740E-1,-1.740174174E0,-3.032381535E-1
1.119368012E1,-1.410266012E-1,-2.328372002E0,-3.057556450E-1
1.120372513E1,-1.367352456E-1,-2.850135803E0,-1.504775882E-1
1.121376912E1,-6.022994518E-1,-2.929171562E0,1.175317466E-1
1.122381412E1,-6.985886693E-1,-2.240785122E0,3.857771754E-1
1.123385812E1,-1.770530641E-1,-1.522883415E0,4.177114069E-1
1.124390312E1,6.137084365E-1,-1.095044971E0,2.241520882E-1
1.125394712E1,1.244555354E0,-6.967846751E-1,6.034285761E-4
1.126399212E1,1.550420880E0,-1.832245290E-1,-1.398507655E-1
1.127403712E1,1.409592628E0,5.024299622E-1,-2.279990017E-1
1.128408112E1,8.721302152E-1,1.293798566E0,-2.377638668E-1
1.129412612E1,1.953693479E-1,2.066414356E0,-2.000867873E-1
1.130417012E1,-5.172926188E-1,2.740725040E0,-1.532458812E-1
1.131421512E1,-1.198767304E0,3.292214394E0,-8.130456507E-2
1.132426012E1,-1.696273208E0,3.629042149E0,6.363309175E-2
1.133430412E1,-1.963907599E0,3.812900066E0,3.146437407E-1
1.134434912E1,-2.029800653E0,3.811217546E0,6.592665911E-1
1.135439312E1,-1.966672897E0,3.594933033E0,9.454003572E-1
1.136443812E1,-1.771709561E0,3.115967035E0,1.050138831E0
1.137448212E1,-1.370955706E0,2.382862806E0,9.421999454E-1
1.138452712E1,-7.651351690E-1,1.529529333E0,6.864687204E-1
1.139457212E1,-6.590412557E-2,7.414520979E-1,3.516734242E-1
1.140461612E1,5.583902001E-1,1.986762881E-1,-1.618164591E-2
1.141466112E1,9.549207687E-1,-1.419316232E-1,-3.413046002E-1
1.142470512E1,1.065719008E0,-4.590831697E-1,-5.220781565E-1
1.143475012E1,9.067885280E-1,-7.297354341E-1,-5.526840091E-1
1.144479412E1,5.488690138E-1,-8.774279356E-1,-4.759871066E-1
1.145483912E1,8.662198484E-2,-8.979846239E-1,-3.594916165E-1
1.146488412E1,-3.847642839E-1,-8.568946719E-1,-2.333356589E-1
1.147492812E1,-7.974802256E-1,-8.397880793E-1,-1.093268991E-1
1.148497312E1,-1.136010885E0,-8.637213707E-1,-1.000666618E-2
1.149501712E1,-1.398749352E0,-9.023465514E-1,2.898547240E-2
1.150506212E1,-1.584563971E0,-9.402160645E-1,1.883499511E-2
1.151510712E1,-1.703041077E0,-9.733548760E-1,-7.437887602E-3
1.152515112E1,-1.763027072E0,-1.018101811E0,-2.919251285E-2
1.153519612E1,-1.775679946E0,-1.068584442E0,-5.086851120E-2
1.154524012E1,-1.758911490E0,-1.107231617E0,-7.232619822E-2
1.155528512E1,-1.719644785E0,-1.132699370E0,-9.621395171E-2
1.156532912E1,-1.573359013E0,-1.256071329E0,-1.127350032E-1
1.157537412E1,-9.711810350E-1,-1.838963747E0,-9.354772419E-2
1.158541912E1,-2.197224796E-1,-2.376892805E0,-6.678169221E-2
1.159546312E1,2.781991661E-1,-2.464857578E0,-5.459586531E-2
1.160550812E1,3.616256714E-1,-1.925769925E0,-2.187533770E-3
1.161555212E1,-2.610341609E-1,-1.068649888E-1,5.784064531E-2
1.162559712E1,-9.571994543E-1,1.955911756E0,2.545531839E-2
1.163564212E1,-1.093472004E0,3.048415899E0,-2.705502883E-2
1.164568612E1,-8.897393346E-1,3.279935598E0,-7.717882097E-2
1.165573112E1,-6.655309796E-1,3.096256733E0,-1.702491045E-1
1.166577512E1,-5.682703853E-1,2.689204454E0,-2.354329377E-1
1.167582012E1,-5.289903879E-1,2.218392372E0,-2.662486434E-1
1.168586412E1,-4.986383319E-1,1.714375138E0,-2.951154411E-1
1.169590912E1,-4.455788434E-1,1.242576122E0,-3.400560319E-1
1.170595412E1,-3.710827529E-1,8.291289806E-1,-3.758830428E-1
1.171599812E1,-3.055367768E-1,4.946333170E-1,-3.755922019E-1
1.172604312E1,-2.968593538E-1,2.547151744E-1,-3.494797945E-1
1.173608712E1,-3.788178861E-1,7.748073339E-2,-3.322739005E-1
1.174613212E1,-5.367742181E-1,-1.583016813E-1,-3.170353472E-1
1.175617712E1,-6.784911752E-1,-4.864965975E-1,-2.882415056E-1
1.176622112E1,-6.951553822E-1,-7.390835285E-1,-2.765524387E-1
1.177626612E1,-5.966969728E-1,-5.454509258E-1,-2.838716209E-1
1.178631012E1,-4.655755460E-1,1.063590422E-1,-3.075276315E-1
1.179635512E1,-3.174313307E-1,8.105353117E-1,-3.219270706E-1
1.180639912E1,-2.251316905E-1,1.206001520E0,-3.098105490E-1
1.181644412E1,-2.359364033E-1,1.152832508E0,-3.148457706E-1
1.182648912E1,-3.311843574E-1,7.433893085E-1,-3.715790808E-1
1.183653312E1,-4.415356219E-1,2.169939727E-1,-4.581776261E-1
1.184657812E1,-5.285663009E-1,-1.262550056E-1,-5.693163872E-1
1.185662212E1,-6.086611152E-1,-2.153641135E-1,-6.600843668E-1
1.186666712E1,-6.853322387E-1,-1.466860324E-1,-7.045097947E-1
1.187671212E1,-7.597417235E-1,-3.843358532E-2,-6.885761023E-1
1.188675612E1,-7.323360443E-1,-9.965617210E-2,-6.087104082E-1
1.189680112E1,-5.296782851E-1,-3.401758373E-1,-4.582894444E-1
1.190684512E1,-3.418405652E-1,-4.043776095E-1,-3.172735870E-1
1.191689012E1,-2.226135135E-1,-4.583012760E-1,-3.118330240E-1
1.192693412E1,-5.192940310E-2,-5.617559552E-1,-3.591347933E-1
1.193697912E1,1.924521178E-1,-7.284733057E-1,-3.500099778E-1
1.194702412E1,4.460396469E-1,-9.328960776E-1,-2.933312058E-1
1.195706812E1,7.090334892E-1,-1.140329361E0,-1.436250657E-1
1.196711312E1,9.621915221E-1,-1.299073339E0,8.459164202E-2
1.197715712E1,1.155277133E0,-1.336460829E0,2.567112148E-1
1.198720212E1,1.269595146E0,-1.289150000E0,3.331954181E-1
1.199724612E1,1.326803327E0,-1.213105798E0,4.087665975E-1
1.200729112E1,1.367329359E0,-1.069326162E0,5.545248389E-1
1.201733612E1,1.427208900E0,-7.020839453E-1,7.644170523E-1
1.202738012E1,1.524516940E0,-1.652556472E-2,9.376876354E-1
1.203742512E1,1.613303542E0,9.825251698E-1,1.083327413E0
1.204746912E1,1.652461410E0,2.030970335E0,1.181320548E0
1.205751412E1,1.838233709E0,2.754976273E0,1.063717008E0
1.206755912E1,2.490742922E0,2.162180424E0,7.056292892E-1
1.207760312E1,3.193601370E0,9.295942187E-1,5.055566430E-1
1.208764812E1,3.636008501E0,-1.208284050E-1,4.505005181E-1
1.209769213E1,3.828174829E0,-8.699971437E-1,3.588821888E-1
1.210773712E1,3.813432693E0,-1.336405754E0,1.545509547E-1
1.211778212E1,3.603384972E0,-1.594508052E0,-1.419190615E-1
1.212782613E1,3.282963991E0,-1.783709407E0,-4.193302095E-1
1.213787112E1,2.969001770E0,-1.945934772E0,-6.293974519E-1
1.214791513E1,2.731773376E0,-2.099660158E0,-7.347120643E-1
1.215796012E1,2.539231300E0,-2.199732065E0,-7.084540725E-1
1.216800383E1,2.362060070E0,-2.161319017E0,-5.496467948E-1
1.217804883E1,2.209579229E0,-1.885717154E0,-3.018462956E-1
1.218809383E1,2.071846724E0,-1.410260201E0,-6.221923232E-2
1.219813783E1,1.928535819E0,-8.359146118E-1,1.230446249E-1
1.220818283E1,1.752426982E0,-2.537669539E-1,2.096820176E-1
1.221822683E1,1.532353163E0,2.832400203E-1,1.972466409E-1
1.222827183E1,1.265128493E0,7.112341523E-1,1.226101071E-1
1.223831583E1,9.607636929E-1,1.025822639E0,1.910448447E-2
1.224836083E1,6.298621893E-1,1.238339424E0,-6.779126823E-2
1.225840583E1,2.980118692E-1,1.373662949E0,-1.033742875E-1
1.226844983E1,-3.299079090E-2,1.433163285E0,-5.761276931E-2
1.227849483E1,-3.492747247E-1,1.413044453E0,2.017949522E-2
1.228853883E1,-6.271033883E-1,1.312383413E0,1.018990129E-1
1.229858383E1,-8.414942026E-1,1.142746806E0,1.837771088E-1
1.230862883E1,-9.750830531E-1,9.467183948E-1,2.420056462E-1
1.231867283E1,-1.040134907E0,7.314516306E-1,2.331466377E-1
1.232871783E1,-1.063391089E0,4.900688827E-1,1.572206467E-1
1.233876183E1,-1.098360777E0,2.234382331E-1,6.768304855E-2
1.234880683E1,-1.170680046E0,-3.467350453E-2,1.434635185E-2
1.235885083E1,-1.286334276E0,-2.492606491E-1,7.928665727E-3
1.236889583E1,-1.442416549E0,-4.258245826E-1,1.380205527E-2
1.237894083E1,-1.612015486E0,-5.784010291E-1,1.713766530E-2
1.238898483E1,-1.755641103E0,-7.272083759E-1,3.208281007E-3
1.239902983E1,-1.804607749E0,-8.462388515E-1,-2.730275504E-2
1.240907383E1,-1.618752837E0,-9.589406848E-1,-1.382473409E-1
1.241911883E1,-9.823119044E-1,-1.068253875E0,-3.135259449E-1
1.242916383E1,-4.029539526E-1,-1.116607070E0,-4.992927909E-1
1.243920783E1,-3.871851265E-1,-1.265678883E0,-6.892858744E-1
1.244925283E1,-1.468847275E0,-1.956590176E0,-7.921074629E-1
1.245929683E1,-2.214222670E0,-1.979809523E0,-4.214870334E-1
1.246934183E1,-1.492363811E0,-1.159106493E0,4.545625746E-1
1.247938583E1,-5.144907236E-1,-7.232284546E-1,1.075522542E0
1.248943083E1,-1.442095190E-1,-8.007127047E-1,7.811235189E-1
1.249947583E1,-1.674219072E-1,-6.757433414E-1,3.592390716E-1
1.250951983E1,-1.488656253E-1,-1.870803833E-1,1.068086699E-1
1.251956483E1,3.374758735E-2,7.025685310E-1,-7.859714329E-2
1.252960883E1,1.752418429E-1,1.661258817E0,-2.222741991E-1
1.253965383E1,-3.654311225E-2,2.088404179E0,-2.604114711E-1
1.254969883E1,-3.679953218E-1,2.162452221E0,5.277843401E-2
1.255974283E1,-6.739996672E-1,2.075775146E0,4.624581039E-1
1.256978783E1,-8.913441300E-1,1.918338656E0,7.139376402E-1
1.257983183E1,-9.621596932E-1,1.664985299E0,7.502991557E-1
1.258987683E1,-6.448002458E-1,1.128366113E0,5.806123018E-1
1.259992083E1,3.726514429E-2,2.506185770E-1,3.671186566E-1
1.260996583E1,6.378244758E-1,-5.138223767E-1,2.420131862E-1
1.262001083E1,9.083046913E-1,-8.730583191E-1,1.953229159E-1
1.263005483E1,8.678260446E-1,-9.430162907E-1,1.433257163E-1
1.264009983E1,6.606885791E-1,-9.795538187E-1,2.123629861E-2
1.265014383E1,3.242235780E-1,-1.016967893E0,-1.038528085E-1
1.266018883E1,-6.466904283E-2,-1.008331895E0,-1.694352776E-1
1.267023383E1,-4.576102793E-1,-9.415261149E-1,-1.660317779E-1
1.268027783E1,-8.364555836E-1,-8.101981878E-1,-1.332735717E-1
1.269032283E1,-1.147636890E0,-6.564838290E-1,-8.385289460E-2
1.270036683E1,-1.366701126E0,-5.882331133E-1,2.572539262E-3
1.271041183E1,-1.497421265E0,-6.251525879E-1,1.405493468E-1
1.272045583E1,-1.539335132E0,-6.794027686E-1,2.666002214E-1
1.273050083E1,-1.525962234E0,-7.241692543E-1,3.417416513E-1
1.274054583E1,-1.482171893E0,-7.465139627E-1,3.928740621E-1
1.275058983E1,-1.441030979E0,-7.420282960E-1,4.635103345E-1
1.276063483E1,-1.416306496E0,-6.890287399E-1,5.732426643E-1
1.277067883E1,-1.408404469E0,-5.742101073E-1,6.777263284E-1
1.278072383E1,-1.427156329E0,-4.154814184E-1,7.495453954E-1
1.279076883E1,-1.473681211E0,-2.107556611E-1,7.756413221E-1
1.280081283E1,-1.539396644E0,6.822749972E-2,7.436397076E-1
1.281085783E1,-1.610845804E0,4.336459637E-1,6.800434589E-1
1.282090183E1,-1.663355589E0,8.276271224E-1,6.020674109E-1
1.283094683E1,-1.394117355E0,8.625874519E-1,4.104935229E-1
1.284099083E1,-7.256633639E-1,3.833976686E-1,1.051751599E-1
1.285103583E1,-2.702974677E-1,9.496497363E-2,-3.787165508E-2
1.286108083E1,-3.688578904E-1,4.919213951E-1,-5.088599026E-2
1.287112483E1,-7.690359950E-1,1.224151731E0,-1.355729401E-1
1.288116983E1,-1.080153346E0,1.681034565E0,-3.134878278E-1
1.289121383E1,-1.148114204E0,1.668440223E0,-4.577420056E-1
1.290125883E1,-1.070370078E0,1.294663668E0,-5.355755687E-1
1.291130383E1,-9.622806907E-1,8.589174747E-1,-5.655748844E-1
1.292134783E1,-8.552038074E-1,5.339798331E-1,-5.782073140E-1
1.293139283E1,-7.578780055E-1,3.324585557E-1,-5.814066529E-1
1.294143683E1,-6.707377434E-1,1.855657846E-1,-5.599637032E-1
1.295148183E1,-6.164120436E-1,5.370204523E-2,-5.153078437E-1
1.296152583E1,-6.211109161E-1,-7.132510841E-2,-4.340715706E-1
1.297157083E1,-6.946869493E-1,-1.214526594E-1,-3.273862004E-1
1.298161583E1,-7.785778046E-1,-3.512256593E-2,-2.334876806E-1
1.299165983E1,-7.306075692E-1,9.664164484E-2,-1.855987161E-1
1.300170483E1,-4.847296476E-1,2.508645058E-1,-1.514205039E-1
1.301174883E1,-1.648560911E-1,5.585259795E-1,-1.064051837E-1
1.302179383E1,8.110360056E-2,9.011770487E-1,-9.273411334E-2
1.303183883E1,2.100125551E-1,1.023277998E0,-9.535606205E-2
1.304188283E1,2.291351259E-1,8.023951650E-1,-1.045138761E-1
1.305192783E1,1.640221477E-1,3.223758638E-1,-1.111278981E-1
1.306197183E1,7.628190517E-2,-1.520835608E-1,-1.048849225E-1
1.307201683E1,4.328945279E-2,-2.847236991E-1,-1.020890549E-1
1.308206083E1,7.703223825E-2,-2.412635833E-1,-8.666376024E-2
1.309210583E1,1.675267816E-1,-3.490062654E-1,-1.013234407E-1
1.310215083E1,3.031354845E-1,-5.911938548E-1,-1.716484725E-1
1.311219483E1,4.827710092E-1,-9.007149339E-1,-2.890493870E-1
1.312223983E1,7.170234919E-1,-1.236315131E0,-3.062502146E-1
1.313228383E1,9.589383602E-1,-1.523420691E0,-1.645178050E-1
1.314232883E1,1.163308024E0,-1.701126218E0,4.309290648E-2
1.315237383E1,1.303380013E0,-1.690835357E0,1.834911257E-1
1.316241783E1,1.371796608E0,-1.546605945E0,2.721914351E-1
1.317246333E1,1.405029178E0,-1.299031138E0,3.652834594E-1
1.318250733E1,1.439686537E0,-9.696950912E-1,5.063734651E-1
1.319255233E1,1.486014009E0,-5.894092321E-1,6.732872725E-1
1.320259633E1,1.559852242E0,-2.248198092E-1,8.370381594E-1
1.321264133E1,1.647986412E0,1.261401474E-1,9.522576332E-1
1.322268633E1,1.753870487E0,5.150694847E-1,9.656125903E-1
1.323273033E1,1.886155248E0,9.557209015E-1,8.490859866E-1
1.324277533E1,2.054327488E0,1.400768876E0,6.135613322E-1
1.325281933E1,2.282681227E0,1.736208200E0,3.152413070E-1
1.326286433E1,2.613946438E0,1.697444797E0,6.878013164E-2
1.327290933E1,2.987708330E0,1.195103049E0,-4.481460899E-2
1.328295333E1,3.205106735E0,6.678624749E-1,-1.713680178E-1
1.329299833E1,3.170426607E0,3.077940047E-1,-3.392287195E-1
1.330304233E1,2.915296793E0,7.038946450E-2,-4.628041685E-1
1.331308733E1,2.494893312E0,-4.777237400E-2,-5.299717188E-1
1.332313233E1,2.004577875E0,-1.883241534E-1,-5.360120535E-1
1.333317633E1,1.507025957E0,-3.431215286E-1,-4.890066385E-1
1.334322133E1,1.071711540E0,-5.004214048E-1,-4.032225013E-1
1.335326533E1,7.429050803E-1,-6.614531279E-1,-3.042253256E-1
1.336331033E1,5.447791815E-1,-8.436421156E-1,-2.336835265E-1
1.337335433E1,4.584556818E-1,-1.041654468E0,-1.943940073E-1
1.338339933E1,4.431390166E-1,-1.220956326E0,-1.822776943E-1
1.339344433E1,4.566397071E-1,-1.327545524E0,-1.975819319E-1
1.340348833E1,4.642688632E-1,-1.349832535E0,-2.371229380E-1
1.341353333E1,4.356936812E-1,-1.288432240E0,-2.606008351E-1
1.342357733E1,3.533644676E-1,-1.151605725E0,-2.367743403E-1
1.343362233E1,2.009912878E-1,-9.389824271E-1,-1.715208590E-1
1.344366733E1,-1.228556223E-2,-6.730314493E-1,-7.223128527E-2
1.345371133E1,-2.601208687E-1,-4.347319603E-1,4.922577366E-2
1.346375633E1,-5.195971727E-1,-2.492867261E-1,1.793840379E-1
1.347380033E1,-7.770593166E-1,-1.041813567E-1,2.674223781E-1
1.348384533E1,-1.019600034E0,2.078641206E-2,2.961459160E-1
1.349388933E1,-1.248196721E0,1.069303975E-1,2.950971425E-1
1.350393433E1,-1.458871365E0,1.589509845E-1,2.895995677E-1
1.351397933E1,-1.620131850E0,1.749806106E-1,2.869581878E-1
1.352402333E1,-1.698904753E0,1.283854097E-1,2.645572722E-1
1.353406833E1,-1.621513724E0,1.343370881E-3,1.947802603E-1
1.354411233E1,-1.231303930E0,-2.371219248E-1,8.357596397E-2
1.355415733E1,-4.740287960E-1,-5.899186730E-1,-3.534285352E-2
1.356420233E1,4.891595840E-1,-9.865347147E-1,-9.454385936E-2
1.357424633E1,1.166590452E0,-1.267445087E0,-4.817467183E-2
1.358429133E1,1.090324163E0,-1.353906989E0,8.896081150E-2
1.359433533E1,-1.013523638E-1,-1.012939692E0,3.618632555E-1
1.360438033E1,-9.788993597E-1,-2.613223195E-1,5.723614097E-1
1.361442433E1,-8.914009929E-1,5.745574832E-2,5.679060221E-1
1.362446933E1,1.110581160E-1,-4.629645348E-1,4.288073182E-1
1.363451433E1,1.325918555E0,-1.430507064E0,2.501575351E-1
1.364455833E1,1.994910717E0,-1.779984593E0,1.836173832E-1
1.365460333E1,1.858367920E0,-1.240833163E0,1.518419832E-1
1.366464733E1,1.147439957E0,-3.246476650E-1,-4.158233479E-2
1.367469233E1,2.311293930E-1,5.550091267E-1,-2.861545384E-1
1.368473733E1,-7.363644838E-1,1.445937753E0,-4.510548115E-1
1.369478133E1,-1.476734042E0,2.368378401E0,-5.472335219E-1
1.370482633E1,-1.771510243E0,3.104891300E0,-5.228903890E-1
1.371487033E1,-1.493853569E0,3.300816059E0,-4.207526743E-1
1.372491533E1,-5.849810839E-1,2.696298599E0,-3.239867389E-1
1.373495933E1,4.529223740E-1,1.573887825E0,-1.257639229E-1
1.374500433E1,1.001864672E0,5.708454251E-1,9.828674793E-2
1.375504933E1,1.016187906E0,4.875810072E-2,2.250574231E-1
1.376509333E1,6.280362010E-1,-4.593165591E-2,2.407034934E-1
1.377513833E1,1.122861952E-1,-5.514460057E-2,1.459604651E-1
1.378518233E1,-3.530918658E-1,-1.362157464E-1,-5.792529881E-2
1.379522733E1,-6.886046529E-1,-2.794103026E-1,-2.511534691E-1
1.380527233E1,-8.641069531E-1,-4.517509341E-1,-3.461580276E-1
1.381531633E1,-8.937887549E-1,-6.345226765E-1,-3.259126246E-1
1.382536133E1,-8.179195523E-1,-8.157126904E-1,-2.260131985E-1
1.383540533E1,-6.875270605E-1,-9.397105575E-1,-8.010469377E-2
1.384545033E1,-5.546885729E-1,-9.703055024E-1,1.063176468E-1
1.385549433E1,-4.813278317E-1,-8.806392550E-1,2.802345157E-1
1.386553933E1,-5.006552339E-1,-6.836340427E-1,4.068390727E-1
1.387558433E1,-5.997453928E-1,-3.743641376E-1,4.983989298E-1
1.388562833E1,-7.467542291E-1,-1.257077605E-2,5.855441689E-1
1.389567333E1,-9.164313674E-1,3.434572816E-1,6.843824983E-1
1.390571733E1,-1.080012202E0,6.426807046E-1,8.101143241E-1
1.391576233E1,-1.226593018E0,8.740335703E-1,9.227457643E-1
1.392580733E1,-1.348920584E0,1.074993253E0,9.641747475E-1
1.393585133E1,-1.441804290E0,1.268743753E0,9.141873121E-1
1.394589633E1,-1.505476713E0,1.452930927E0,7.991478443E-1
1.395594033E1,-1.547497392E0,1.606932044E0,6.540300846E-1
1.396598533E1,-1.568068385E0,1.726816654E0,5.127954483E-1
1.397602933E1,-1.553524971E0,1.777229071E0,4.023410976E-1
1.398607433E1,-1.177227736E0,9.757125974E-1,2.377279103E-1
1.399611933E1,-1.109653115E-1,-1.407330871E0,-2.196050808E-2
1.400616333E1,6.019424200E-1,-2.891197681E0,-1.649938375E-1
1.401620833E1,7.968298793E-1,-3.209987640E0,-2.503651977E-1
1.402625233E1,5.674406886E-1,-2.718795300E0,-2.972924113E-1
1.403629733E1,-2.076266259E-1,-1.197936893E0,-3.347816467E-1
1.404634233E1,-9.854369164E-1,6.254197359E-1,-3.455938101E-1
1.405638633E1,-1.178240657E0,1.840843320E0,-2.878705859E-1
1.406643133E1,-8.954204917E-1,2.362679482E0,-2.170696557E-1
1.407647533E1,-5.349950790E-1,2.547943592E0,-2.613379657E-1
1.408652033E1,-2.964967191E-1,2.667729378E0,-4.036681950E-1
1.409656533E1,-2.038436383E-1,2.695180655E0,-5.096371770E-1
1.410660933E1,-1.879602820E-1,2.623627186E0,-4.966771305E-1
1.411665433E1,-1.687933654E-1,2.482364655E0,-4.110624492E-1
1.412669833E1,-1.280177087E-1,2.247731209E0,-3.129779398E-1
1.413674333E1,-8.757678419E-2,1.931267381E0,-2.613663673E-1
1.414678733E1,-7.011603564E-2,1.576340437E0,-2.493799776E-1
1.415683233E1,-1.087474078E-1,1.248190522E0,-2.377638370E-1
1.416687796E1,-2.167846709E-1,9.979109168E-1,-2.003906369E-1
1.417692196E1,-3.741647601E-1,8.426588774E-1,-1.514557302E-1
1.418696696E1,-5.158092380E-1,7.073708177E-1,-1.218379289E-1
1.419701096E1,-5.472074747E-1,4.719967246E-1,-1.518392563E-1
1.420705596E1,-4.331471920E-1,3.370255828E-1,-2.490744740E-1
1.421710096E1,-2.588836551E-1,5.611333251E-1,-3.584867716E-1
1.422714496E1,-9.748410434E-2,1.019421697E0,-4.686545730E-1
1.423718996E1,1.801714487E-2,1.524514079E0,-5.917811990E-1
1.424723396E1,8.563773334E-2,1.908088923E0,-7.021039724E-1
1.425727896E1,1.379487962E-1,2.109610319E0,-7.697148919E-1
1.426732296E1,1.875485778E-1,2.123772621E0,-8.088620305E-1
1.427736796E1,1.978823692E-1,1.906933427E0,-8.517149091E-1
1.428741296E1,1.669481546E-1,1.473756909E0,-8.797572255E-1
1.429745696E1,1.351411790E-1,1.050765753E0,-8.513252139E-1
1.430750196E1,1.484529823E-1,7.724087238E-1,-7.304539084E-1
1.431754596E1,2.133140564E-1,6.038355827E-1,-5.047708154E-1
1.432759096E1,3.056141436E-1,5.248539448E-1,-2.053242028E-1
1.433763596E1,3.691044152E-1,5.265669227E-1,7.147539407E-2
1.434767996E1,3.907444775E-1,6.178238392E-1,2.852950096E-1
1.435772496E1,3.888633549E-1,7.918571234E-1,4.407643080E-1
1.436776896E1,3.757241070E-1,1.025544405E0,5.395356417E-1
1.437781396E1,3.530532718E-1,1.297040582E0,6.031163335E-1
1.438785896E1,3.298006952E-1,1.582118034E0,6.501911879E-1
1.439790296E1,3.096801639E-1,1.878568888E0,6.885585189E-1
1.440794796E1,2.807734013E-1,2.193872690E0,7.168937325E-1
1.441799196E1,2.339970171E-1,2.538169146E0,7.550674677E-1
1.442803696E1,1.699538529E-1,2.898332357E0,7.889833450E-1
1.443808096E1,4.809473753E-1,2.555888176E0,6.684328914E-1
1.444812596E1,1.396803379E0,1.036343217E0,2.429060638E-1
1.445817096E1,2.120742798E0,-1.954491138E-1,-1.937876642E-1
1.446821496E1,2.385900497E0,-6.825364828E-1,-4.456009865E-1
1.447825996E1,2.294321060E0,-5.729259253E-1,-5.093098283E-1
1.448830396E1,1.940275788E0,-1.233020201E-1,-4.264562428E-1
1.449834896E1,1.403556943E0,4.751105309E-1,-2.603597045E-1
1.450839396E1,8.044728041E-1,1.129918218E0,-1.403134614E-1
1.451843796E1,4.159077406E-1,1.496628642E0,-1.877886057E-1
1.452848296E1,3.630929887E-1,1.490657806E0,-3.804520667E-1
1.453852696E1,4.935301542E-1,1.388158917E0,-6.509446502E-1
1.454857196E1,6.222686768E-1,1.367636561E0,-8.709923029E-1
1.455861696E1,6.926091909E-1,1.513878345E0,-9.370334744E-1
1.456866096E1,7.170546055E-1,1.789113879E0,-8.861841559E-1
1.457870596E1,7.146753669E-1,2.113557100E0,-8.152194619E-1
1.458874996E1,6.703142524E-1,2.446431160E0,-7.626177669E-1
1.459879496E1,5.685480833E-1,2.777906895E0,-7.337972522E-1
1.460883896E1,4.205085337E-1,3.081721544E0,-7.345107198E-1
1.461888396E1,2.549294531E-1,3.343592405E0,-7.456182241E-1
1.462892896E1,1.035726964E-1,3.544183969E0,-7.507463694E-1
1.463897296E1,-1.322005759E-3,3.646645546E0,-7.455195785E-1
1.464901796E1,-4.159619287E-2,3.618351936E0,-7.287552357E-1
1.465906196E1,-1.301468723E-2,3.473454475E0,-6.915928721E-1
1.466910696E1,9.771582484E-2,3.237713814E0,-6.541323662E-1
1.467915196E1,2.704897821E-1,2.979961872E0,-6.259275079E-1
1.468919596E1,4.398931861E-1,2.775053978E0,-6.244451404E-1
1.469924096E1,5.338832140E-1,2.678090572E0,-6.644654274E-1
1.470928496E1,4.900595248E-1,2.719670057E0,-7.330804467E-1
1.471932996E1,3.175921738E-1,2.833138466E0,-8.194131851E-1
1.472937496E1,3.478658572E-2,2.960151196E0,-8.994156122E-1
1.473941896E1,-2.752008140E-1,3.038631201E0,-9.613155723E-1
1.474946396E1,-5.469952822E-1,3.043464184E0,-9.739447832E-1
1.475950796E1,-7.264318466E-1,2.988417625E0,-9.407526851E-1
1.476955296E1,-7.871937752E-1,2.892964363E0,-8.747752309E-1
1.477959696E1,-6.729097962E-1,2.798202753E0,-7.652902007E-1
1.478964196E1,-3.018049002E-1,2.717550039E0,-6.041668057E-1
1.479968696E1,2.337136865E-1,2.661630869E0,-4.614084363E-1
1.480973096E1,7.559731603E-1,2.652439833E0,-4.155631959E-1
1.481977596E1,1.134753108E0,2.665996552E0,-4.893673062E-1
1.482981996E1,1.308578491E0,2.619448423E0,-6.440141201E-1
1.483986496E1,1.278307438E0,2.419646025E0,-7.985017300E-1
1.484990996E1,1.071581125E0,2.036831379E0,-9.069315195E-1
1.485995396E1,7.470033169E-1,1.512081146E0,-9.363319278E-1
1.486999896E1,4.551014304E-1,1.107176781E0,-8.210858107E-1
1.488004296E1,2.680958509E-1,9.410813451E-1,-6.265056729E-1
1.489008796E1,1.594703197E-1,1.005296826E0,-4.649156928E-1
1.490013196E1,8.191005886E-2,1.138222575E0,-4.159192145E-1
1.491017696E1,-5.576115102E-3,1.244532943E0,-4.427260458E-1
1.492022196E1,-1.045037583E-1,1.243688464E0,-4.774957597E-1
1.493026596E1,-1.985586137E-1,1.078867793E0,-4.853933752E-1
1.494031096E1,-2.559708655E-1,7.643862963E-1,-4.201954305E-1
1.495035496E1,-2.602529526E-1,3.365185559E-1,-2.990421057E-1
1.496039996E1,-2.108096033E-1,-1.686974615E-1,-1.731196046E-1
1.497044496E1,-1.349111050E-1,-6.660180092E-1,-6.820703298E-2
1.498048896E1,-2.988706529E-2,-1.046159983E0,1.695281267E-2
1.499053396E1,9.212938696E-2,-1.245472312E0,8.129238337E-2
1.500057796E1,2.042403519E-1,-1.280486941E0,1.093099862E-1
1.501062296E1,2.471705079E-1,-1.190884948E0,9.730525315E-2
1.502066796E1,1.709816605E-1,-1.009588003E0,1.102129072E-1
1.503071196E1,2.077165246E-2,-7.275441289E-1,1.832903177E-1
1.504075696E1,-1.478724629E-1,-3.329819441E-1,2.682231069E-1
1.505080096E1,-3.093037009E-1,2.211576849E-1,3.473075330E-1
1.506084596E1,-4.852404892E-1,9.153375626E-1,3.994396329E-1
1.507088996E1,-7.032407522E-1,1.676108122E0,3.668310940E-1
1.508093496E1,-9.340690374E-1,2.371894836E0,2.879149318E-1
1.509097996E1,-1.107840061E0,2.833207846E0,2.249873728E-1
1.510102396E1,-1.188505650E0,2.983013391E0,1.903512776E-1
1.511106896E1,-1.144390702E0,2.851905823E0,1.825258434E-1
1.512111296E1,-1.002456427E0,2.513300180E0,1.979194283E-1
1.513115796E1,-8.151035905E-1,2.010030746E0,2.163357139E-1
1.514120296E1,-6.247606874E-1,1.428905487E0,2.297422886E-1
1.515124696E1,-4.592444897E-1,8.525388241E-1,2.268993706E-1
1.516129196E1,-3.004106879E-1,3.452835679E-1,1.927036494E-1
1.517133500E1,-1.116317064E-1,-6.662835926E-2,1.208949685E-1
1.518138000E1,-7.401414961E-2,-3.636388779E-1,1.080334038E-1
1.519142500E1,-2.412220538E-1,-5.479890108E-1,1.193137541E-1
1.520146900E1,-4.981548786E-1,-6.354274750E-1,1.342990547E-1
1.521151400E1,-7.543591857E-1,-6.932367086E-1,1.439684480E-1
1.522155800E1,-9.471234083E-1,-7.867664099E-1,1.489366144E-1
1.523160300E1,-1.060590863E0,-8.951429129E-1,1.808964014E-1
1.524164700E1,-1.091703415E0,-9.330738187E-1,2.450093329E-1
1.525169200E1,-1.068558693E0,-8.667786717E-1,3.529861271E-1
1.526173700E1,-1.023998737E0,-7.348985076E-1,4.726130664E-1
1.527178100E1,-9.702396393E-1,-5.655784607E-1,5.605983138E-1
1.528182600E1,-8.170969486E-1,-4.505292773E-1,5.626083612E-1
1.529187000E1,-4.782043993E-1,-4.931427836E-1,4.896031320E-1
1.530191500E1,-5.615867302E-2,-6.653245687E-1,4.004763365E-1
1.531196000E1,2.248892486E-1,-7.735247612E-1,3.584324718E-1
1.532200400E1,2.569149137E-1,-6.755970716E-1,3.629094660E-1
1.533204900E1,7.477065176E-2,-4.143801630E-1,3.861711025E-1
1.534209300E1,-2.101176083E-1,-1.129024103E-1,3.933076262E-1
1.535213800E1,-4.994972050E-1,1.353867501E-1,3.801382780E-1
1.536218300E1,-7.434159517E-1,2.947622836E-1,3.622994125E-1
1.537222700E1,-8.977011442E-1,3.436935842E-1,3.504648507E-1
1.538227200E1,-9.553214312E-1,2.894177437E-1,3.442693651E-1
1.539231600E1,-9.365903735E-1,1.602333784E-1,3.288483322E-1
1.540236100E1,-8.768694401E-1,1.088969782E-2,2.911323607E-1
1.541240600E1,-8.132923245E-1,-1.086289734E-1,2.338349968E-1
1.542245000E1,-7.558870912E-1,-1.675437391E-1,1.629425287E-1
1.543249500E1,-7.159865499E-1,-1.452134103E-1,8.638437837E-2
1.544253900E1,-6.938856244E-1,-4.818356037E-2,1.722318865E-2
1.545258400E1,-6.793154478E-1,9.288088232E-2,-3.151452169E-2
1.546262800E1,-6.624487042E-1,2.545753419E-1,-6.937438250E-2
1.547267300E1,-6.389214993E-1,4.248309731E-1,-9.243921936E-2
1.548271800E1,-5.991716385E-1,5.739343166E-1,-1.195016801E-1
1.549276200E1,-5.270620584E-1,6.756399274E-1,-1.528649628E-1
1.550280700E1,-4.200090170E-1,6.583227515E-1,-1.979736388E-1
1.551285100E1,-3.337758780E-1,3.268460333E-1,-2.615507245E-1
1.552289600E1,-3.879894316E-1,-2.354061753E-1,-3.076741993E-1
1.553294100E1,-6.083412170E-1,-5.747109652E-1,-3.016956747E-1
1.554298500E1,-8.333067298E-1,-4.480007887E-1,-2.296845913E-1
1.555303000E1,-8.540625572E-1,-8.547904342E-2,-1.275510341E-1
1.556307400E1,-5.799286366E-1,2.507051528E-1,-3.519241512E-2
1.557311900E1,-2.164888978E-1,5.759889483E-1,1.327312086E-2
1.558316300E1,3.659813851E-2,8.904894590E-1,1.948294695E-3
1.559320800E1,2.040904611E-1,1.163795233E0,-4.124205187E-2
1.560325300E1,3.176337779E-1,1.270400524E0,-8.834090084E-2
1.561329700E1,3.797219098E-1,1.173401237E0,-1.116733924E-1
1.562334200E1,3.982327580E-1,9.533353448E-1,-8.587113023E-2
1.563338600E1,3.996034861E-1,8.279222846E-1,-4.336841404E-2
1.564343100E1,4.184080362E-1,7.718628049E-1,2.453044523E-3
1.565347600E1,4.604534805E-1,6.173887849E-1,2.411280014E-2
1.566352000E1,5.441056490E-1,3.576696515E-1,2.600707673E-2
1.567356500E1,6.831876636E-1,2.894317172E-2,1.941175945E-2
1.568360900E1,8.935881257E-1,-3.344851434E-1,5.090073869E-2
1.569365400E1,1.145870090E0,-6.980164647E-1,1.469138265E-1
1.570369900E1,1.389515758E0,-9.634128809E-1,2.819095850E-1
1.571374300E1,1.535858035E0,-1.190325975E0,3.868700862E-1
1.572378800E1,1.576806426E0,-1.389580369E0,4.373265207E-1
1.573383200E1,1.591006398E0,-1.447170615E0,4.549925923E-1
1.574387700E1,1.613806963E0,-1.345895171E0,4.803502262E-1
1.575392200E1,1.633730292E0,-1.135726571E0,5.195791125E-1
1.576396600E1,1.646767855E0,-8.287835121E-1,5.407953262E-1
1.577401100E1,1.655490756E0,-4.156404436E-1,5.286526680E-1
1.578405500E1,1.646165371E0,1.178768128E-1,4.660699368E-1
1.579410000E1,1.598311782E0,7.497704029E-1,3.577466607E-1
1.580414400E1,1.528556824E0,1.371609807E0,2.140918970E-1
1.581418900E1,1.548165679E0,1.839868069E0,9.192070365E-2
1.582423400E1,1.865934968E0,1.949470878E0,4.173437133E-2
1.583427800E1,2.506522894E0,1.607222199E0,7.546038181E-2
1.584432300E1,3.163612604E0,1.004359007E0,7.361364365E-2
1.585436700E1,3.501987219E0,5.378632545E-1,-2.872497588E-2
1.586441200E1,3.439565659E0,3.230867684E-1,-2.465851307E-1
1.587445700E1,3.038616180E0,3.202941716E-1,-4.494796693E-1
1.588450100E1,2.404348850E0,4.041565955E-1,-5.586815476E-1
1.589454600E1,1.687320113E0,4.921426475E-1,-5.676899552E-1
1.590459000E1,1.046528220E0,3.754124641E-1,-4.988402128E-1
1.591463500E1,5.887278914E-1,4.369686358E-3,-3.872460425E-1
1.592468000E1,3.506202102E-1,-5.113750696E-1,-2.591702044E-1
1.593472400E1,2.719259262E-1,-1.018986940E0,-1.755650789E-1
1.594476900E1,2.742545009E-1,-1.431337357E0,-1.542947143E-1
1.595481300E1,2.897413075E-1,-1.690239787E0,-1.726582795E-1
1.596485800E1,3.028026521E-1,-1.800559044E0,-1.817670017E-1
1.597490200E1,2.893643379E-1,-1.749323010E0,-1.582108140E-1
1.598494700E1,2.206400633E-1,-1.547303915E0,-1.128213704E-1
1.599499200E1,7.795988768E-2,-1.229783416E0,-5.979090929E-2
1.600503600E1,-1.246458292E-1,-8.643794060E-1,-2.411695663E-3
1.601508100E1,-3.573027849E-1,-5.108240247E-1,6.784676015E-2
1.602512500E1,-6.025645733E-1,-1.961018592E-1,1.286335140E-1
1.603517000E1,-8.438917398E-1,5.911685526E-2,1.347982138E-1
1.604521500E1,-1.041112185E0,2.187275887E-1,1.216658726E-1
1.605525900E1,-1.188573003E0,2.962535620E-1,9.516928345E-2
1.606530400E1,-1.292261124E0,3.091396987E-1,3.965122998E-2
1.607534800E1,-1.349149704E0,2.941772640E-1,-1.228653733E-2
1.608539300E1,-1.322513938E0,2.447630912E-1,-5.383128673E-2
1.609543800E1,-1.166221499E0,1.240800768E-1,-9.169051796E-2
1.610548200E1,-8.246354461E-1,-1.600128561E-1,-1.558756679E-1
1.611552700E1,-4.772521257E-1,-5.727663636E-1,-2.473997325E-1
1.612557100E1,-2.159864157E-1,-1.014585137E0,-3.317611217E-1
1.613561600E1,-9.193477780E-2,-1.370838761E0,-3.439858258E-1
1.614566000E1,-1.079086810E-1,-1.448425412E0,-1.895267963E-1
1.615570500E1,-1.646257639E-1,-1.091722488E0,1.713339239E-1
1.616575000E1,-2.010900974E-1,-5.911027789E-1,4.680628181E-1
1.617579433E1,-6.331532728E-3,-3.435603678E-1,5.301179290E-1
1.618583933E1,7.474209070E-1,-5.497794151E-1,4.399220645E-1
1.619588333E1,1.736186385E0,-8.901662827E-1,3.184249401E-1
1.620592833E1,2.220739365E0,-7.594336867E-1,1.762420982E-1
1.621597333E1,1.941231370E0,-5.107758939E-2,-7.283829898E-2
1.622601733E1,1.070350885E0,9.001742601E-1,-2.888979018E-1
1.623606233E1,-5.304663442E-3,1.733704209E0,-4.015288353E-1
1.624610633E1,-9.773569703E-1,2.397069693E0,-4.287362993E-1
1.625615133E1,-1.724483371E0,2.930273056E0,-3.586413562E-1
1.626619633E1,-2.144326687E0,3.275645971E0,-2.011505216E-1
1.627624033E1,-2.110356092E0,3.195062876E0,4.776503146E-2
1.628628533E1,-1.662739754E0,2.735729218E0,2.877314687E-1
1.629632933E1,-1.138110638E0,2.156760454E0,4.858948588E-1
1.630637433E1,-7.722579837E-1,1.534707665E0,5.272420049E-1
1.631641933E1,-5.924363136E-1,8.218288422E-1,3.693231940E-1
1.632646333E1,-4.202070534E-1,5.651261657E-2,9.434259683E-2
1.633650833E1,-1.657305956E-1,-6.989553571E-1,-1.564523429E-1
1.634655233E1,1.360009909E-1,-1.388312817E0,-3.332184851E-1
1.635659733E1,3.835061193E-1,-1.981527686E0,-4.119268656E-1
1.636664133E1,5.063871741E-1,-2.442315817E0,-3.859862089E-1
1.637668633E1,4.700022936E-1,-2.716801643E0,-3.061600626E-1
1.638673133E1,2.928334773E-1,-2.789685011E0,-2.026668489E-1
1.639677533E1,2.701485157E-2,-2.659834623E0,-8.758153766E-2
1.640682033E1,-2.680859268E-1,-2.304369211E0,4.109416157E-2
1.641686433E1,-5.544928908E-1,-1.770021319E0,1.726524532E-1
1.642690933E1,-8.159417510E-1,-1.111457229E0,3.126928210E-1
1.643695433E1,-1.037847281E0,-4.271198511E-1,4.760130346E-1
1.644699833E1,-1.225089192E0,1.659750044E-1,6.590746045E-1
1.645704333E1,-1.375154495E0,6.160212755E-1,8.096641302E-1
1.646708733E1,-1.484710455E0,9.631105661E-1,8.384195566E-1
1.647713233E1,-1.559299469E0,1.240781426E0,7.551686168E-1
1.648717733E1,-1.589207172E0,1.444401026E0,6.275023818E-1
1.649722133E1,-1.581368446E0,1.563137293E0,5.012270212E-1
1.650726633E1,-1.537882924E0,1.598554492E0,3.944846392E-1
1.651731033E1,-1.220879316E0,1.279076099E0,2.517988682E-1
1.652735533E1,-1.600687802E-1,5.316632241E-2,5.157364998E-3
1.653740033E1,7.247286439E-1,-1.050728321E0,-1.436686069E-1
1.654744433E1,1.061778426E0,-1.610629559E0,-1.956203431E-1
1.655748933E1,9.734314680E-1,-1.754623413E0,-1.668944210E-1
1.656753333E1,5.619729757E-1,-1.580188274E0,-1.187616065E-1
1.657757833E1,-9.602914006E-2,-1.166671753E0,-8.831448853E-2
1.658762233E1,-8.747971058E-1,-5.407809019E-1,-1.096895486E-1
1.659766733E1,-1.399350762E0,1.065647043E-2,-1.779398322E-1
1.660771233E1,-1.417421579E0,2.164431363E-1,-2.023628056E-1
1.661775633E1,-1.132053733E0,2.295075357E-1,-1.857651770E-1
1.662780133E1,-8.378405571E-1,2.699991167E-1,-2.198731899E-1
1.663784533E1,-6.365503073E-1,3.995472789E-1,-2.888978124E-1
1.664789033E1,-5.206212997E-1,5.924410820E-1,-3.212272227E-1
1.665793533E1,-4.700694382E-1,8.019232154E-1,-2.670888901E-1
1.666797933E1,-4.431221485E-1,9.887127280E-1,-1.755394638E-1
1.667802433E1,-4.032628834E-1,1.145873666E0,-1.250102520E-1
1.668806833E1,-3.649584651E-1,1.293019772E0,-1.453845948E-1
1.669811333E1,-3.627901375E-1,1.410484314E0,-2.087188363E-1
1.670815833E1,-3.952970207E-1,1.456873775E0,-2.750774622E-1
1.671820233E1,-4.617503285E-1,1.396276474E0,-3.313985169E-1
1.672824733E1,-5.331425071E-1,1.221122503E0,-3.841947019E-1
1.673829133E1,-5.771824121E-1,9.321423769E-1,-4.396739602E-1
1.674833633E1,-5.373265147E-1,6.865614057E-1,-4.748047590E-1
1.675838133E1,-3.921732903E-1,5.816326141E-1,-4.541274309E-1
1.676842533E1,-1.672130972E-1,5.537245870E-1,-3.598420024E-1
1.677847033E1,7.954316586E-2,5.423984528E-1,-1.883038133E-1
1.678851433E1,2.952453196E-1,5.242056847E-1,1.819257252E-2
1.679855933E1,4.481680393E-1,4.995391667E-1,2.221635431E-1
1.680860333E1,5.208132863E-1,4.680007696E-1,3.793756962E-1
1.681864833E1,5.163328052E-1,4.515331089E-1,4.582388401E-1
1.682869333E1,4.659422338E-1,4.366848469E-1,4.950560927E-1
1.683873733E1,3.828580081E-1,4.173721373E-1,5.205619931E-1
1.684878233E1,2.963664830E-1,3.970510364E-1,5.158751607E-1
1.685882633E1,2.260888517E-1,3.839826286E-1,4.743237495E-1
1.686887133E1,2.042609155E-1,3.652805388E-1,4.237655997E-1
1.687891633E1,2.728386223E-1,3.085115254E-1,3.606989980E-1
1.688896033E1,6.494823098E-1,-3.185114637E-2,1.909056604E-1
1.689900533E1,1.279129267E0,-6.637878418E-1,-7.379789650E-2
1.690904933E1,1.826633573E0,-1.245929360E0,-3.063775003E-1
1.691909433E1,2.109307766E0,-1.561586976E0,-4.346302748E-1
1.692913933E1,2.141331434E0,-1.620543361E0,-4.736416638E-1
1.693918333E1,1.992331028E0,-1.452116251E0,-4.235020578E-1