"Time (s)","w","x","y","z","Direct (°)","Yaw (°)","Pitch (°)","Roll (°)"
1.364583150E-4,9.668327312E-1,1.714651967E-1,-6.382513273E-3,1.891917660E-1,2.959580868E1,1.927648736E1,-4.428860940E0,2.139120895E1
1.018145832E-2,9.668774911E-1,1.711357980E-1,-6.155805374E-3,1.892688948E-1,2.957572017E1,1.924298025E1,-4.398055259E0,2.140557683E1
2.022745833E-2,9.669351059E-1,1.707779080E-1,-5.907518290E-3,1.893055204E-1,2.954984270E1,1.920682884E1,-4.363438525E0,2.141576142E1
3.027245833E-2,9.669955023E-1,1.704167675E-1,-5.649468942E-3,1.893304292E-1,2.952269203E1,1.917056472E1,-4.327433857E0,2.142476513E1
4.031845834E-2,9.670596077E-1,1.700857198E-1,-5.391546034E-3,1.893077120E-1,2.949384732E1,1.913795435E1,-4.291165548E0,2.142812567E1
5.036345831E-2,9.671346291E-1,1.698193780E-1,-5.173936586E-3,1.891698918E-1,2.946005579E1,1.911242865E1,-4.258544745E0,2.141720743E1
6.040945833E-2,9.672047614E-1,1.696202921E-1,-5.005860223E-3,1.889941394E-1,2.942843208E1,1.909375633E1,-4.232153675E0,2.140074223E1
7.045545834E-2,9.672655372E-1,1.694876033E-1,-4.876237590E-3,1.888057430E-1,2.940100050E1,1.908196026E1,-4.211231670E0,2.138185970E1
8.050045834E-2,9.673309912E-1,1.694286241E-1,-4.757557333E-3,1.885259301E-1,2.937142932E1,1.907875370E1,-4.191350714E0,2.135193397E1
9.054645832E-2,9.673996063E-1,1.694417370E-1,-4.630289656E-3,1.881649002E-1,2.934039874E1,1.908430230E1,-4.170497578E0,2.131250583E1
1.005914583E-1,9.674669570E-1,1.695090139E-1,-4.503269591E-3,1.877609648E-1,2.930990873E1,1.909621419E1,-4.150001882E0,2.126791525E1
1.106374583E-1,9.675375951E-1,1.695915691E-1,-4.389947252E-3,1.873248292E-1,2.927789710E1,1.910971829E1,-4.130724275E0,2.121931453E1
1.206824583E-1,9.676085704E-1,1.696354228E-1,-4.271314410E-3,1.869203881E-1,2.924569816E1,1.911875218E1,-4.110633573E0,2.117462470E1
1.307284583E-1,9.676847719E-1,1.696108776E-1,-4.141781340E-3,1.865509288E-1,2.921108963E1,1.912001705E1,-4.088544073E0,2.113444408E1
1.407734583E-1,9.677597933E-1,1.695098410E-1,-4.017416527E-3,1.862563223E-1,2.917697784E1,1.911210416E1,-4.066850638E0,2.110310572E1
1.508194583E-1,9.678350254E-1,1.693366280E-1,-3.894410949E-3,1.860250626E-1,2.914273100E1,1.909563202E1,-4.045004088E0,2.107932553E1
1.608644583E-1,9.679022918E-1,1.691324634E-1,-3.754351703E-3,1.858638930E-1,2.911207693E1,1.907567391E1,-4.021966785E0,2.106404967E1
1.709104583E-1,9.679565769E-1,1.689202699E-1,-3.582260852E-3,1.857774077E-1,2.908731551E1,1.905513816E1,-3.996646442E0,2.105797989E1
1.809554583E-1,9.679948041E-1,1.687239551E-1,-3.400370859E-3,1.857597481E-1,2.906986632E1,1.903634880E1,-3.971905682E0,2.105995066E1
1.910014583E-1,9.680150767E-1,1.685708883E-1,-3.270737690E-3,1.857956994E-1,2.906060851E1,1.902126661E1,-3.954929452E0,2.106699865E1
2.010464583E-1,9.680261192E-1,1.684510174E-1,-3.203550345E-3,1.858480458E-1,2.905556458E1,1.900867661E1,-3.945917566E0,2.107469040E1
2.110924583E-1,9.680389318E-1,1.683544748E-1,-3.145666917E-3,1.858699622E-1,2.904971101E1,1.899869217E1,-3.937849005E0,2.107861845E1
2.211374583E-1,9.680619440E-1,1.682733631E-1,-3.070740357E-3,1.858244436E-1,2.903919478E1,1.899107447E1,-3.926914495E0,2.107501466E1
2.311834583E-1,9.680855463E-1,1.682079723E-1,-2.963877023E-3,1.857626563E-1,2.902840504E1,1.898596062E1,-3.912450755E0,2.107004707E1
2.412284583E-1,9.681050602E-1,1.681323082E-1,-2.830029169E-3,1.857312569E-1,2.901948127E1,1.898009162E1,-3.895353468E0,2.106909990E1
2.512744583E-1,9.681306012E-1,1.680169575E-1,-2.677873777E-3,1.857052101E-1,2.900779729E1,1.897002621E1,-3.875479492E0,2.106924654E1
2.613194583E-1,9.681629279E-1,1.678742220E-1,-2.500535644E-3,1.856675730E-1,2.899300254E1,1.895736960E1,-3.852000096E0,2.106860120E1
2.713654583E-1,9.681995535E-1,1.677182628E-1,-2.328803041E-3,1.856199892E-1,2.897623137E1,1.894312774E1,-3.828672212E0,2.106675751E1
2.814104583E-1,9.682373171E-1,1.675557182E-1,-2.188195886E-3,1.855718575E-1,2.895892916E1,1.892751115E1,-3.808655676E0,2.106431599E1
2.914564583E-1,9.682749542E-1,1.674113020E-1,-2.103881116E-3,1.855062349E-1,2.894167482E1,1.891290468E1,-3.794949806E0,2.105878141E1
3.015014583E-1,9.683167639E-1,1.673085744E-1,-2.075911413E-3,1.853813959E-1,2.892249580E1,1.890216570E1,-3.787262360E0,2.104526645E1
3.115474583E-1,9.683625775E-1,1.672433310E-1,-2.077165282E-3,1.852010495E-1,2.890146579E1,1.889533775E1,-3.782559886E0,2.102469454E1
3.215924583E-1,9.684101613E-1,1.671906264E-1,-2.068620008E-3,1.849992926E-1,2.887960734E1,1.889021729E1,-3.776626112E0,2.100178104E1
3.316384583E-1,9.684655422E-1,1.671215214E-1,-2.041345729E-3,1.847719525E-1,2.885414672E1,1.888368708E1,-3.767774511E0,2.097631420E1
3.416834583E-1,9.685266130E-1,1.670174345E-1,-1.969711892E-3,1.845471833E-1,2.882604476E1,1.887402520E1,-3.753301682E0,2.095206257E1
3.517294583E-1,9.685885689E-1,1.668930380E-1,-1.830500851E-3,1.843357747E-1,2.879750810E1,1.886332817E1,-3.731143328E0,2.093062283E1
3.617744583E-1,9.686401566E-1,1.667755537E-1,-1.626615471E-3,1.841727507E-1,2.877372583E1,1.885452898E1,-3.702866577E0,2.091588280E1
3.718204583E-1,9.686816713E-1,1.666812817E-1,-1.401045538E-3,1.840416319E-1,2.875457333E1,1.884870051E1,-3.673280179E0,2.090512156E1
3.818654583E-1,9.687154309E-1,1.666042953E-1,-1.198324465E-3,1.839345367E-1,2.873898935E1,1.884430467E1,-3.647060521E0,2.089665795E1
3.919114583E-1,9.687521830E-1,1.665280095E-1,-1.049324819E-3,1.838112150E-1,2.872201460E1,1.883897662E1,-3.626522422E0,2.088536821E1
4.019564583E-1,9.688031806E-1,1.663700905E-1,-1.048434467E-3,1.836852803E-1,2.869844392E1,1.882135675E1,-3.620690873E0,2.087142460E1
4.120024583E-1,9.688743245E-1,1.660295492E-1,-1.216099899E-3,1.836171710E-1,2.866553014E1,1.877926699E1,-3.630871023E0,2.086179064E1
4.220474583E-1,9.689570588E-1,1.655574729E-1,-1.365173302E-3,1.836056649E-1,2.862720763E1,1.872228790E1,-3.637296499E0,2.085948087E1
4.320934583E-1,9.690444292E-1,1.650127565E-1,-1.423167365E-3,1.836348726E-1,2.858668304E1,1.865866554E1,-3.632832741E0,2.086373712E1
4.421384583E-1,9.691053735E-1,1.645062146E-1,-1.385077151E-3,1.837678038E-1,2.855838220E1,1.860096279E1,-3.620434608E0,2.088150214E1
4.521844583E-1,9.691360986E-1,1.640687303E-1,-1.314765671E-3,1.839972091E-1,2.854410392E1,1.855147624E1,-3.607706118E0,2.091070595E1
4.622294583E-1,9.691438536E-1,1.637007567E-1,-1.266286258E-3,1.842839762E-1,2.854049898E1,1.850931697E1,-3.599928829E0,2.094589332E1
4.722754583E-1,9.691454131E-1,1.634001917E-1,-1.266554945E-3,1.845427158E-1,2.853977401E1,1.847400475E1,-3.598453549E0,2.097676601E1
4.823204583E-1,9.691454552E-1,1.631724354E-1,-1.309571072E-3,1.847434612E-1,2.853975442E1,1.844637255E1,-3.602175299E0,2.099995460E1
4.923664583E-1,9.691493327E-1,1.630250163E-1,-1.399596740E-3,1.848528744E-1,2.853795173E1,1.842731351E1,-3.611114617E0,2.101151939E1
5.024114583E-1,9.691477311E-1,1.629465863E-1,-1.512523953E-3,1.849290759E-1,2.853869633E1,1.841580247E1,-3.623441688E0,2.101861646E1
5.124574583E-1,9.691451602E-1,1.628845514E-1,-1.609203555E-3,1.849963001E-1,2.853989158E1,1.840652533E1,-3.634139679E0,2.102490722E1
5.225024583E-1,9.691382902E-1,1.627983295E-1,-1.653025740E-3,1.851079471E-1,2.854308518E1,1.839538328E1,-3.639270410E0,2.103732626E1
5.325484583E-1,9.691353821E-1,1.626462900E-1,-1.662861761E-3,1.852570205E-1,2.854443697E1,1.837726026E1,-3.639916882E0,2.105488423E1
5.425934583E-1,9.691365622E-1,1.624310091E-1,-1.652962520E-3,1.854393478E-1,2.854388842E1,1.835217905E1,-3.637636675E0,2.107683971E1
5.526394583E-1,9.691343284E-1,1.621901136E-1,-1.646129462E-3,1.856622625E-1,2.854492673E1,1.832396654E1,-3.635897936E0,2.110351779E1
5.626844583E-1,9.691267420E-1,1.619561037E-1,-1.638248002E-3,1.859056184E-1,2.854845278E1,1.829648964E1,-3.634556298E0,2.113254597E1
5.727304583E-1,9.691089560E-1,1.617255289E-1,-1.626215076E-3,1.861993819E-1,2.855671774E1,1.826931551E1,-3.633747207E0,2.116745450E1
5.827754583E-1,9.690896949E-1,1.615241301E-1,-1.613128480E-3,1.864743058E-1,2.856566553E1,1.824556769E1,-3.633080447E0,2.120010577E1
5.928214583E-1,9.690670621E-1,1.613764581E-1,-1.589968787E-3,1.867197269E-1,2.857617618E1,1.822827516E1,-3.631884957E0,2.122933951E1
6.028664583E-1,9.690337239E-1,1.613320933E-1,-1.578647089E-3,1.869306719E-1,2.859165145E1,1.822267853E1,-3.633575634E0,2.125403030E1
6.129124583E-1,9.689902705E-1,1.613939912E-1,-1.615004015E-3,1.871025046E-1,2.861180982E1,1.822840542E1,-3.642125842E0,2.127302091E1
6.229574583E-1,9.689378398E-1,1.615251891E-1,-1.715698104E-3,1.872596280E-1,2.863611433E1,1.824079654E1,-3.659051955E0,2.128896292E1
6.330034583E-1,9.688833440E-1,1.616639049E-1,-1.849345761E-3,1.874203340E-1,2.866135478E1,1.825336061E1,-3.679876022E0,2.130472345E1
6.430484583E-1,9.688321777E-1,1.617882592E-1,-1.973963455E-3,1.875763616E-1,2.868503329E1,1.826448027E1,-3.699303918E0,2.132014905E1
6.530944583E-1,9.687916746E-1,1.618864613E-1,-2.048352643E-3,1.877003998E-1,2.870376359E1,1.827374554E1,-3.711991457E0,2.133283800E1
6.631394583E-1,9.687523094E-1,1.619498238E-1,-2.050770818E-3,1.878481666E-1,2.872195619E1,1.828040057E1,-3.716364973E0,2.134962250E1
6.731854583E-1,9.687159788E-1,1.619857540E-1,-2.009403686E-3,1.880052901E-1,2.873873636E1,1.828478026E1,-3.715452472E0,2.136834227E1
6.832304583E-1,9.686861388E-1,1.620046358E-1,-1.973357594E-3,1.881433632E-1,2.875251150E1,1.828717196E1,-3.714412207E0,2.138483281E1
6.932764583E-1,9.686646018E-1,1.619978555E-1,-1.957779065E-3,1.882596463E-1,2.876244972E1,1.828628880E1,-3.714691144E0,2.139854512E1
7.033218333E-1,9.686518735E-1,1.619664666E-1,-1.964680612E-3,1.883524537E-1,2.876832161E1,1.828222185E1,-3.716503517E0,2.140925315E1
7.133678333E-1,9.686485860E-1,1.619266642E-1,-1.947279232E-3,1.884039571E-1,2.876983800E1,1.827783954E1,-3.714663964E0,2.141564063E1
7.234128333E-1,9.686466894E-1,1.618826787E-1,-1.897192971E-3,1.884512037E-1,2.877071281E1,1.827365959E1,-3.709019006E0,2.142210932E1
7.334588333E-1,9.686416318E-1,1.618557732E-1,-1.828056334E-3,1.885014428E-1,2.877304549E1,1.827181629E1,-3.701679301E0,2.142919459E1
7.435038333E-1,9.686280605E-1,1.618677745E-1,-1.759536095E-3,1.885614599E-1,2.877930395E1,1.827437224E1,-3.695430405E0,2.143725755E1
7.535498333E-1,9.686043740E-1,1.619237771E-1,-1.689150858E-3,1.886355541E-1,2.879022391E1,1.828194658E1,-3.690187316E0,2.144682151E1
7.635948333E-1,9.685772314E-1,1.619986194E-1,-1.602496937E-3,1.887116713E-1,2.880273218E1,1.829200315E1,-3.683581413E0,2.145683467E1
7.736408333E-1,9.685508475E-1,1.620626773E-1,-1.509041569E-3,1.887925932E-1,2.881488576E1,1.830094860E1,-3.676076735E0,2.146755726E1
7.836868333E-1,9.685283832E-1,1.621008202E-1,-1.390693219E-3,1.888760861E-1,2.882522981E1,1.830743575E1,-3.665291910E0,2.147909994E1
7.937318333E-1,9.685093750E-1,1.620997718E-1,-1.230793344E-3,1.889758477E-1,2.883397964E1,1.831024071E1,-3.649340634E0,2.149337709E1
8.037768333E-1,9.684945814E-1,1.620549539E-1,-1.020380471E-3,1.890906979E-1,2.884078757E1,1.830902828E1,-3.627104086E0,2.151041772E1
8.138228333E-1,9.684858149E-1,1.619752647E-1,-7.769297371E-4,1.892051687E-1,2.884482116E1,1.830452175E1,-3.600429760E0,2.152810886E1
8.238688333E-1,9.684828225E-1,1.618749974E-1,-5.494210488E-4,1.893073748E-1,2.884619788E1,1.829738802E1,-3.574852408E0,2.154417945E1
8.339138333E-1,9.684844662E-1,1.617683606E-1,-3.908066528E-4,1.893903620E-1,2.884544166E1,1.828817937E1,-3.556438900E0,2.155686079E1
8.439598333E-1,9.684954665E-1,1.616695104E-1,-3.088889844E-4,1.894183053E-1,2.884038030E1,1.827847336E1,-3.545699814E0,2.156183546E1
8.540048333E-1,9.685105129E-1,1.615765292E-1,-2.668211612E-4,1.894207920E-1,2.883345588E1,1.826870665E1,-3.539046631E0,2.156316451E1
8.640508333E-1,9.685225669E-1,1.614797759E-1,-2.332459280E-4,1.894421183E-1,2.882790742E1,1.825826997E1,-3.533604803E0,2.156653561E1
8.740958333E-1,9.685339466E-1,1.613748829E-1,-1.907092212E-4,1.894732227E-1,2.882266839E1,1.824705298E1,-3.527170047E0,2.157121450E1
8.841418333E-1,9.685425445E-1,1.612462823E-1,-1.226315241E-4,1.895388032E-1,2.881870940E1,1.823353674E1,-3.518016797E0,2.158039289E1
8.941868333E-1,9.685498781E-1,1.610842119E-1,-2.396048338E-5,1.896392813E-1,2.881533220E1,1.821671098E1,-3.505376517E0,2.159423799E1
9.042328333E-1,9.685726374E-1,1.609142652E-1,8.181756967E-5,1.896674354E-1,2.880484874E1,1.819938447E1,-3.490434435E0,2.159987849E1
9.142778333E-1,9.685965768E-1,1.607619834E-1,1.410286235E-4,1.896738417E-1,2.879381767E1,1.818318717E1,-3.480652384E0,2.160214349E1
9.243238333E-1,9.686101902E-1,1.606429291E-1,1.205768652E-4,1.897051568E-1,2.878754287E1,1.816905445E1,-3.480911486E0,2.160580618E1
9.343688333E-1,9.686122133E-1,1.605528297E-1,1.937174525E-5,1.897716645E-1,2.878661028E1,1.815643967E1,-3.491429134E0,2.161205402E1
9.444148333E-1,9.686155850E-1,1.604652801E-1,-1.152979725E-4,1.898283099E-1,2.878505589E1,1.814345402E1,-3.505540834E0,2.161658171E1
9.544598333E-1,9.686196733E-1,1.603731261E-1,-2.177042776E-4,1.898854189E-1,2.878317109E1,1.813060912E1,-3.515972030E0,2.162173552E1
9.645058333E-1,9.686330760E-1,1.602426657E-1,-2.639867856E-4,1.899264699E-1,2.877699120E1,1.811460227E1,-3.519030431E0,2.162612310E1
9.745508333E-1,9.686469423E-1,1.600663866E-1,-2.799393678E-4,1.900048209E-1,2.877059617E1,1.809386441E1,-3.518400980E0,2.163549648E1
9.845968333E-1,9.686680157E-1,1.598569009E-1,-2.834322879E-4,1.900735202E-1,2.876087461E1,1.806962345E1,-3.515481207E0,2.164407764E1
9.946418333E-1,9.686959169E-1,1.596451499E-1,-2.720789806E-4,1.901092608E-1,2.874799833E1,1.804554729E1,-3.510253750E0,2.164911307E1
1.004687833E0,9.687277799E-1,1.594654094E-1,-2.515903438E-4,1.900977968E-1,2.873328677E1,1.802548112E1,-3.503843218E0,2.164874320E1
1.014732833E0,9.687621718E-1,1.593252553E-1,-2.467592613E-4,1.900398871E-1,2.871739936E1,1.800977154E1,-3.499188874E0,2.164260789E1
1.024778833E0,9.687913795E-1,1.592053212E-1,-2.532762178E-4,1.899915446E-1,2.870389998E1,1.799610405E1,-3.496414273E0,2.163731719E1
1.034823833E0,9.688223575E-1,1.591007338E-1,-2.445939670E-4,1.899213701E-1,2.868957566E1,1.798457992E1,-3.491886450E0,2.162971154E1
1.044869833E0,9.688503430E-1,1.590189531E-1,-2.113769820E-4,1.898473603E-1,2.867662902E1,1.797618212E1,-3.485058315E0,2.162200226E1
1.054914833E0,9.688803515E-1,1.589788714E-1,-1.430042570E-4,1.897278318E-1,2.866274013E1,1.797342941E1,-3.474398773E0,2.160949132E1
1.064960833E0,9.689046281E-1,1.589819165E-1,-6.785642610E-5,1.896008012E-1,2.865149934E1,1.797576464E1,-3.463788156E0,2.159608340E1
1.075005833E0,9.689274717E-1,1.590002241E-1,-7.558510445E-5,1.894692187E-1,2.864091813E1,1.797814560E1,-3.462644685E0,2.158069790E1
1.085051833E0,9.689492616E-1,1.589896031E-1,-1.825116591E-4,1.893665911E-1,2.863082142E1,1.797507124E1,-3.472434860E0,2.156706756E1
1.095096833E0,9.689776265E-1,1.589341273E-1,-3.362738992E-4,1.892676725E-1,2.861767289E1,1.796589561E1,-3.486529309E0,2.155322218E1
1.105142833E0,9.690045583E-1,1.588419258E-1,-4.679986059E-4,1.892069389E-1,2.860518314E1,1.795285268E1,-3.498073282E0,2.154428663E1
1.115187833E0,9.690369271E-1,1.587112021E-1,-5.421191073E-4,1.891506307E-1,2.859016493E1,1.793658449E1,-3.502455425E0,2.153696924E1
1.125233833E0,9.690644068E-1,1.585680556E-1,-5.810048434E-4,1.891298102E-1,2.857740902E1,1.791950288E1,-3.503295801E0,2.153438938E1
1.135278833E0,9.690894420E-1,1.584380325E-1,-6.205175139E-4,1.891102540E-1,2.856578299E1,1.790390294E1,-3.504514605E0,2.153190095E1
1.145324833E0,9.691032662E-1,1.583609776E-1,-6.679327185E-4,1.891039320E-1,2.855936125E1,1.789414576E1,-3.508003086E0,2.153063088E1
1.155369833E0,9.691080288E-1,1.583457520E-1,-7.339136098E-4,1.890919201E-1,2.855714855E1,1.789108703E1,-3.514795597E0,2.152818166E1
1.165415833E0,9.691172168E-1,1.583714089E-1,-8.089350002E-4,1.890233051E-1,2.855287933E1,1.789270945E1,-3.522452843E0,2.151890641E1
1.175460833E0,9.691267841E-1,1.583946740E-1,-9.074321852E-4,1.889536363E-1,2.854843319E1,1.789357703E1,-3.532650930E0,2.150911798E1
1.185506833E0,9.691404819E-1,1.583853595E-1,-1.024231639E-3,1.888907111E-1,2.854206640E1,1.789032745E1,-3.544302016E0,2.149991398E1
1.195551833E0,9.691607124E-1,1.583269598E-1,-1.152268497E-3,1.888350772E-1,2.853266059E1,1.788121552E1,-3.556273397E0,2.149153082E1
1.205597833E0,9.691833031E-1,1.582081004E-1,-1.263436078E-3,1.888181342E-1,2.852215385E1,1.786541076E1,-3.565761844E0,2.148811016E1
1.215642833E0,9.692203502E-1,1.580437119E-1,-1.360052460E-3,1.887650713E-1,2.850491537E1,1.784483218E1,-3.571992075E0,2.148092192E1
1.225688833E0,9.692603475E-1,1.578498891E-1,-1.423852252E-3,1.887215336E-1,2.848629261E1,1.782153369E1,-3.574108525E0,2.147548868E1
1.235733833E0,9.692984061E-1,1.576448763E-1,-1.496734689E-3,1.886966248E-1,2.846856147E1,1.779670452E1,-3.577332756E0,2.147209382E1
1.245779833E0,9.693301005E-1,1.574467334E-1,-1.605031017E-3,1.886982264E-1,2.845378707E1,1.777184029E1,-3.585127093E0,2.147114807E1
1.255824833E0,9.693481394E-1,1.572970383E-1,-1.738193985E-3,1.887291622E-1,2.844537488E1,1.775189618E1,-3.597266598E0,2.147301294E1
1.265870833E0,9.693569481E-1,1.572182553E-1,-1.898752404E-3,1.887485919E-1,2.844126618E1,1.773953189E1,-3.613782113E0,2.147285328E1
1.275915833E0,9.693608256E-1,1.571923561E-1,-2.048331569E-3,1.887485919E-1,2.843945737E1,1.773350111E1,-3.629870253E0,2.147044917E1
1.285961833E0,9.693657989E-1,1.571955540E-1,-2.181015117E-3,1.887191734E-1,2.843713723E1,1.773124846E1,-3.644178120E0,2.146482970E1
1.296006833E0,9.693764621E-1,1.571904331E-1,-2.304990072E-3,1.886665320E-1,2.843216204E1,1.772830640E1,-3.656919112E0,2.145669903E1
1.306052833E0,9.693872938E-1,1.571583330E-1,-2.407580769E-3,1.886365656E-1,2.842710733E1,1.772264420E1,-3.667105259E0,2.145164326E1
1.316097833E0,9.694038575E-1,1.570907190E-1,-2.484899163E-3,1.886067678E-1,2.841937604E1,1.771344304E1,-3.673714383E0,2.144715319E1
1.326143833E0,9.694238773E-1,1.569921111E-1,-2.533721019E-3,1.885852307E-1,2.841002886E1,1.770125600E1,-3.676630957E0,2.144420154E1
1.336188833E0,9.694510199E-1,1.568661553E-1,-2.549894872E-3,1.885499960E-1,2.839735125E1,1.768666341E1,-3.675077105E0,2.144030636E1
1.346234833E0,9.694803962E-1,1.567314329E-1,-2.541918581E-3,1.885117688E-1,2.838362403E1,1.767157866E1,-3.670592950E0,2.143650093E1
1.356279833E0,9.695098569E-1,1.565861632E-1,-2.532835935E-3,1.884809594E-1,2.836985090E1,1.765528250E1,-3.665891919E0,2.143360405E1
1.366325833E0,9.695425207E-1,1.564086302E-1,-2.529927802E-3,1.884600124E-1,2.835457259E1,1.763513868E1,-3.661359186E0,2.143185612E1
1.376370833E0,9.695771232E-1,1.562088857E-1,-2.527061816E-3,1.884481692E-1,2.833837864E1,1.761242771E1,-3.656515254E0,2.143123975E1
1.386416833E0,9.696120630E-1,1.560204155E-1,-2.530317660E-3,1.884244405E-1,2.832201769E1,1.759092071E1,-3.652384559E0,2.142910645E1
1.396461833E0,9.696402171E-1,1.558769161E-1,-2.561190227E-3,1.883978880E-1,2.830882747E1,1.757399457E1,-3.652250075E0,2.142603281E1
1.406507833E0,9.696574551E-1,1.558081377E-1,-2.620822749E-3,1.883653928E-1,2.830074844E1,1.756503524E1,-3.656825457E0,2.142153704E1
1.416552833E0,9.696658845E-1,1.558278519E-1,-2.703219838E-3,1.883038584E-1,2.829679699E1,1.756581893E1,-3.665327675E0,2.141299698E1
1.426598833E0,9.696678654E-1,1.559162496E-1,-2.790216202E-3,1.882194382E-1,2.829586833E1,1.757444039E1,-3.675414787E0,2.140149787E1
1.436643833E0,9.696727966E-1,1.560286026E-1,-2.894318918E-3,1.880995304E-1,2.829355641E1,1.758557952E1,-3.687287743E0,2.138553035E1
1.446689833E0,9.696763791E-1,1.561001100E-1,-3.015485839E-3,1.880199993E-1,2.829187669E1,1.759156147E1,-3.700899567E0,2.137408937E1
1.456734833E0,9.696836283E-1,1.560899947E-1,-3.130999814E-3,1.879888107E-1,2.828847743E1,1.758815999E1,-3.712987195E0,2.136861517E1
1.466780833E0,9.696986326E-1,1.559742542E-1,-3.204372209E-3,1.880062595E-1,2.828144049E1,1.757337754E1,-3.718976853E0,2.136983510E1
1.476825833E0,9.697191581E-1,1.557738038E-1,-3.208449916E-3,1.880662344E-1,2.827181134E1,1.755017772E1,-3.716183719E0,2.137741279E1
1.486871833E0,9.697484923E-1,1.555186468E-1,-3.149349498E-3,1.881270102E-1,2.825804418E1,1.752201950E1,-3.705188173E0,2.138631657E1
1.496916833E0,9.697805661E-1,1.552527107E-1,-3.048218135E-3,1.881835291E-1,2.824298376E1,1.749351087E1,-3.689200401E0,2.139545494E1
1.506962833E0,9.698126398E-1,1.550269616E-1,-2.951838829E-3,1.882059091E-1,2.822791548E1,1.746962057E1,-3.673998842E0,2.140042041E1
1.517007833E0,9.698378436E-1,1.548460199E-1,-2.936913576E-3,1.882252966E-1,2.821606917E1,1.744919331E1,-3.668779613E0,2.140354402E1
1.527053833E0,9.698557560E-1,1.546910144E-1,-2.993927726E-3,1.882596463E-1,2.820764700E1,1.743020191E1,-3.672395028E0,2.140712790E1
1.537098833E0,9.698702546E-1,1.545608860E-1,-3.114309662E-3,1.882897392E-1,2.820082820E1,1.741276876E1,-3.683527783E0,2.140909814E1
1.547144833E0,9.698769981E-1,1.544721089E-1,-3.261976414E-3,1.883253954E-1,2.819765611E1,1.739947920E1,-3.698688948E0,2.141112427E1
1.557189833E0,9.698785996E-1,1.544115070E-1,-3.396503886E-3,1.883644234E-1,2.819690269E1,1.738966298E1,-3.713053705E0,2.141365745E1
1.567235833E0,9.698793161E-1,1.543721471E-1,-3.492561822E-3,1.883909338E-1,2.819656563E1,1.738310437E1,-3.723370958E0,2.141529616E1
1.577280833E0,9.698801169E-1,1.543121458E-1,-3.553448213E-3,1.884348929E-1,2.819618890E1,1.737484554E1,-3.729633453E0,2.141960075E1
1.587326833E0,9.698837415E-1,1.542043236E-1,-3.584520977E-3,1.885035923E-1,2.819448368E1,1.736164410E1,-3.731979086E0,2.142742080E1
1.597371833E0,9.698730362E-1,1.540492970E-1,-3.557178209E-3,1.886859195E-1,2.819951976E1,1.734383332E1,-3.728798955E0,2.144949479E1
1.607417833E0,9.698905272E-1,1.538475611E-1,-3.498678384E-3,1.887619946E-1,2.819129106E1,1.732172203E1,-3.719263485E0,2.145996069E1
1.617462833E0,9.699173747E-1,1.536171337E-1,-3.396693547E-3,1.888136245E-1,2.817865592E1,1.729731926E1,-3.703831430E0,2.146840391E1
1.627508833E0,9.699489427E-1,1.533762592E-1,-3.291194717E-3,1.888491543E-1,2.816379212E1,1.727185828E1,-3.687496559E0,2.147507440E1
1.637553833E0,9.699907102E-1,1.531467222E-1,-3.209551003E-3,1.888219696E-1,2.814411404E1,1.724743075E1,-3.672963044E0,2.147406246E1
1.647599833E0,9.700243856E-1,1.529815119E-1,-3.160950418E-3,1.887835738E-1,2.812823864E1,1.722970920E1,-3.663305552E0,2.147099077E1
1.657644833E0,9.700473556E-1,1.528852590E-1,-3.133207255E-3,1.887439979E-1,2.811740495E1,1.721943521E1,-3.657442419E0,2.146720230E1
1.667690833E0,9.700713793E-1,1.528448191E-1,-3.107149966E-3,1.886538036E-1,2.810606993E1,1.721567978E1,-3.652089197E0,2.145733911E1
1.677735833E0,9.701018093E-1,1.528233822E-1,-3.066125277E-3,1.885155620E-1,2.809170580E1,1.721457307E1,-3.644640054E0,2.144209743E1
1.687781833E0,9.701365383E-1,1.527738701E-1,-3.009511523E-3,1.883778261E-1,2.807530359E1,1.721057709E1,-3.634857944E0,2.142726336E1
1.697826083E0,9.701753134E-1,1.526862679E-1,-2.934015981E-3,1.882504583E-1,2.805697934E1,1.720258166E1,-3.622333551E0,2.141406569E1
1.707872083E0,9.702186404E-1,1.525409614E-1,-2.815272503E-3,1.881464399E-1,2.803649009E1,1.718879900E1,-3.604157450E0,2.140446172E1
1.717917083E0,9.702738528E-1,1.523448837E-1,-2.656421031E-3,1.880232868E-1,2.801035898E1,1.717011111E1,-3.580088672E0,2.139346720E1
1.727963083E0,9.703360615E-1,1.521064116E-1,-2.448294625E-3,1.878980264E-1,2.798088794E1,1.714759701E1,-3.549585132E0,2.138315972E1
1.738008083E0,9.704138225E-1,1.518562753E-1,-2.224110269E-3,1.877015799E-1,2.794400631E1,1.712432545E1,-3.515808920E0,2.136491450E1
1.748054083E0,9.704912884E-1,1.516355206E-1,-1.993071783E-3,1.874812362E-1,2.790721710E1,1.710461931E1,-3.481493951E0,2.134390621E1
1.758099083E0,9.705649611E-1,1.514513653E-1,-1.772290785E-3,1.872511144E-1,2.787218518E1,1.708890770E1,-3.448946200E0,2.132147816E1
1.768145083E0,9.706349248E-1,1.512987304E-1,-1.571482125E-3,1.870138276E-1,2.783887687E1,1.707639932E1,-3.419182588E0,2.129779224E1
1.778190083E0,9.707089768E-1,1.511543195E-1,-1.419474248E-3,1.867472488E-1,2.780357962E1,1.706391970E1,-3.394531583E0,2.126990550E1
1.788236083E0,9.707859791E-1,1.510110466E-1,-1.339347820E-3,1.864627997E-1,2.776682946E1,1.705015200E1,-3.377612730E0,2.123879094E1
1.798281083E0,9.708635715E-1,1.508592284E-1,-1.320460764E-3,1.861818067E-1,2.772974939E1,1.703414516E1,-3.367404232E0,2.120712089E1
1.808327083E0,9.709365277E-1,1.507068622E-1,-1.331993195E-3,1.859245002E-1,2.769484047E1,1.701737436E1,-3.360993008E0,2.117770012E1
1.818372083E0,9.710055642E-1,1.505440332E-1,-1.358245414E-3,1.856957271E-1,2.766176729E1,1.699901489E1,-3.356501172E0,2.115137458E1
1.828418083E0,9.710740528E-1,1.503606628E-1,-1.376010310E-3,1.854859622E-1,2.762891825E1,1.697841940E1,-3.350962939E0,2.112744716E1
1.838463083E0,9.711346600E-1,1.501764389E-1,-1.379687623E-3,1.853178806E-1,2.759981740E1,1.695787390E1,-3.344562588E0,2.110856337E1
1.848509083E0,9.711859106E-1,1.500071350E-1,-1.357244426E-3,1.851861295E-1,2.757518567E1,1.693943856E1,-3.336198728E0,2.109424359E1
1.858554083E0,9.712301648E-1,1.498868268E-1,-1.344842716E-3,1.850518497E-1,2.755389912E1,1.692640133E1,-3.329955413E0,2.107931581E1
1.868600083E0,9.712703729E-1,1.498002677E-1,-1.358824933E-3,1.849104049E-1,2.753454478E1,1.691670228E1,-3.327249718E0,2.106302801E1
1.878645083E0,9.713062398E-1,1.497224594E-1,-1.403284590E-3,1.847848494E-1,2.751726880E1,1.690733494E1,-3.328402922E0,2.104806384E1
1.888691083E0,9.713418539E-1,1.496477330E-1,-1.495227940E-3,1.846571023E-1,2.750010409E1,1.689736615E1,-3.334880620E0,2.103207842E1
1.898736083E0,9.713735905E-1,1.495668163E-1,-1.640703056E-3,1.845547276E-1,2.748479934E1,1.688553043E1,-3.347633930E0,2.101819529E1
1.908782083E0,9.714010702E-1,1.494370304E-1,-1.818125483E-3,1.845139295E-1,2.747154066E1,1.686727194E1,-3.363973376E0,2.101107932E1
1.918827083E0,9.714284657E-1,1.492415059E-1,-1.996759632E-3,1.845258149E-1,2.745831640E1,1.684131060E1,-3.379961013E0,2.101024808E1
1.928873083E0,9.714567041E-1,1.489686525E-1,-2.113669721E-3,1.845963687E-1,2.744467871E1,1.680757448E1,-3.388431642E0,2.101743495E1
1.938918083E0,9.714964907E-1,1.486305610E-1,-2.188870236E-3,1.846582403E-1,2.742545251E1,1.676726297E1,-3.390719073E0,2.102449566E1
1.948964083E0,9.715416300E-1,1.482554856E-1,-2.246484978E-3,1.847222613E-1,2.740362373E1,1.672308398E1,-3.390294874E0,2.103221062E1
1.959009083E0,9.715847462E-1,1.478867692E-1,-2.314683847E-3,1.847894855E-1,2.738275732E1,1.667940419E1,-3.391234942E0,2.104010635E1
1.969055083E0,9.716388628E-1,1.475126000E-1,-2.426573193E-3,1.848029725E-1,2.735654514E1,1.663440489E1,-3.396020458E0,2.104113352E1
1.979100083E0,9.717180988E-1,1.471253916E-1,-2.574092431E-3,1.846929693E-1,2.731812142E1,1.658761379E1,-3.402425690E0,2.102738047E1
1.989146083E0,9.718198835E-1,1.467245330E-1,-2.763837543E-3,1.844730892E-1,2.726868537E1,1.653878681E1,-3.411421268E0,2.100032410E1
1.999191083E0,9.719442167E-1,1.463006516E-1,-3.076788430E-3,1.841494014E-1,2.720817807E1,1.648521301E1,-3.431965656E0,2.095945015E1
2.009237083E0,9.720787494E-1,1.458634149E-1,-3.494563797E-3,1.837788463E-1,2.714255807E1,1.642819315E1,-3.463186156E0,2.091161513E1
2.019282083E0,9.722288343E-1,1.453831042E-1,-3.995199869E-3,1.833548068E-1,2.706916810E1,1.636481603E1,-3.501913781E0,2.085650912E1
2.029328083E0,9.724001191E-1,1.448455369E-1,-4.506530704E-3,1.828593285E-1,2.698517232E1,1.629498734E1,-3.539521416E0,2.079323206E1
2.039373083E0,9.725810556E-1,1.442820652E-1,-4.950031454E-3,1.823300905E-1,2.689616390E1,1.622372064E1,-3.568541414E0,2.072723225E1
2.049419083E0,9.727518767E-1,1.437320277E-1,-5.284635284E-3,1.818430837E-1,2.681186534E1,1.615603754E1,-3.586457792E0,2.066776468E1
2.059464083E0,9.728998122E-1,1.432477815E-1,-5.532943442E-3,1.814263356E-1,2.673864988E1,1.609734609E1,-3.597320143E0,2.061752478E1
2.069510083E0,9.729692280E-1,1.428300114E-1,-5.668803808E-3,1.813788361E-1,2.670422699E1,1.604715594E1,-3.603060268E0,2.061143948E1
2.079555083E0,9.730253255E-1,1.424651092E-1,-5.771110015E-3,1.813617667E-1,2.667637676E1,1.600355731E1,-3.606648032E0,2.060920098E1
2.089601083E0,9.730790206E-1,1.421300418E-1,-5.861114610E-3,1.813339497E-1,2.664969245E1,1.596364689E1,-3.609308325E0,2.060580609E1
2.099646083E0,9.731314934E-1,1.417980827E-1,-5.923765900E-3,1.813099682E-1,2.662359018E1,1.592461786E1,-3.609041886E0,2.060325332E1
2.109692083E0,9.731749889E-1,1.414677673E-1,-5.912523228E-3,1.813350877E-1,2.660193453E1,1.588706322E1,-3.601346812E0,2.060747208E1
2.119737083E0,9.731952616E-1,1.411670074E-1,-5.758571327E-3,1.814653636E-1,2.659183524E1,1.585532911E1,-3.580007730E0,2.062585659E1
2.129783083E0,9.731813953E-1,1.409268810E-1,-5.427460417E-3,1.817363257E-1,2.659874348E1,1.583353651E1,-3.542383468E0,2.066291367E1
2.139828083E0,9.731294704E-1,1.407662172E-1,-4.972790752E-3,1.821516407E-1,2.662459699E1,1.582279246E1,-3.494913764E0,2.071821393E1
2.149874083E0,9.730471154E-1,1.406936930E-1,-4.476227120E-3,1.826596789E-1,2.666555120E1,1.582267084E1,-3.446085908E0,2.078456048E1
2.159919083E0,9.729497562E-1,1.407149297E-1,-4.069431006E-3,1.831705829E-1,2.671388735E1,1.583149531E1,-3.409298423E0,2.084960624E1
2.169965083E0,9.728517648E-1,1.408148705E-1,-3.879369793E-3,1.836176346E-1,2.676245082E1,1.584519726E1,-3.397354974E0,2.090380199E1
2.180010083E0,9.727711378E-1,1.409048593E-1,-3.947305244E-3,1.839745762E-1,2.680234385E1,1.585288874E1,-3.412575676E0,2.094378228E1
2.190056083E0,9.727239755E-1,1.408813202E-1,-4.294626886E-3,1.842334000E-1,2.682565208E1,1.584232872E1,-3.455027253E0,2.096863701E1
2.200101083E0,9.727171899E-1,1.406374217E-1,-4.931555329E-3,1.844402146E-1,2.682900400E1,1.580097921E1,-3.524331675E0,2.098395307E1
2.210147083E0,9.727541105E-1,1.400739394E-1,-5.817871943E-3,1.846477457E-1,2.681076127E1,1.571815319E1,-3.614746926E0,2.099685498E1
2.220192083E0,9.728270667E-1,1.392177367E-1,-6.818164172E-3,1.848766452E-1,2.677467726E1,1.559957618E1,-3.712039947E0,2.101177702E1
2.230238083E0,9.729240466E-1,1.381399786E-1,-7.744731027E-3,1.851383350E-1,2.672663712E1,1.545709565E1,-3.796909608E0,2.103260321E1
2.240283083E0,9.730293294E-1,1.369491615E-1,-8.356323945E-3,1.854428038E-1,2.667438786E1,1.530790071E1,-3.844817288E0,2.106351772E1
2.250329083E0,9.731289646E-1,1.357664893E-1,-8.585961049E-3,1.857790514E-1,2.662484869E1,1.516722196E1,-3.850632419E0,2.110359828E1
2.260374083E0,9.732122889E-1,1.346833469E-1,-8.476136899E-3,1.861354030E-1,2.658334976E1,1.504469800E1,-3.820840939E0,2.115039920E1
2.270420083E0,9.732762257E-1,1.337477132E-1,-8.113637123E-3,1.864919232E-1,2.655146343E1,1.494415749E1,-3.765860775E0,2.120013568E1
2.280465083E0,9.733296257E-1,1.329527447E-1,-7.658382671E-3,1.868005646E-1,2.652480309E1,1.486176882E1,-3.702712813E0,2.124502046E1
2.290511083E0,9.733930989E-1,1.321931531E-1,-7.324421580E-3,1.870220041E-1,2.649307942E1,1.478131088E1,-3.652509007E0,2.127794090E1
2.300556083E0,9.734856534E-1,1.313321615E-1,-7.288960275E-3,1.871481075E-1,2.644675402E1,1.468358671E1,-3.632035277E0,2.129604514E1
2.310602083E0,9.736227149E-1,1.302689598E-1,-7.754603926E-3,1.871595714E-1,2.637800514E1,1.455302407E1,-3.661530994E0,2.129479409E1
2.320647083E0,9.738022605E-1,1.289300124E-1,-8.697834590E-3,1.871113554E-1,2.628767945E1,1.438155456E1,-3.737675244E0,2.128135954E1
2.330693083E0,9.740153971E-1,1.272943827E-1,-1.001552947E-2,1.870555952E-1,2.618005740E1,1.416875390E1,-3.849321908E0,2.126354499E1
2.340738083E0,9.742418521E-1,1.254007722E-1,-1.151819633E-2,1.870688714E-1,2.606523196E1,1.392263074E1,-3.977238895E0,2.125287752E1
2.350784083E0,9.744674221E-1,1.233079073E-1,-1.296285332E-2,1.871905915E-1,2.595035899E1,1.365464532E1,-4.096006149E0,2.125697313E1
2.360829083E0,9.746883137E-1,1.211061348E-1,-1.409843693E-2,1.873959731E-1,2.583738205E1,1.338026097E1,-4.179006321E0,2.127565109E1
2.370875083E0,9.748955076E-1,1.189277433E-1,-1.481164590E-2,1.876579579E-1,2.573096778E1,1.311694065E1,-4.215907618E0,2.130631813E1
2.380920083E0,9.750785514E-1,1.169236660E-1,-1.511765836E-2,1.879416483E-1,2.563659570E1,1.288170870E1,-4.211103150E0,2.134378537E1
2.390966083E0,9.752319237E-1,1.151995964E-1,-1.510062050E-2,1.882115989E-1,2.555725751E1,1.268503335E1,-4.175803425E0,2.138226778E1
2.401011083E0,9.753504828E-1,1.138384218E-1,-1.487522969E-2,1.884431958E-1,2.549576158E1,1.253409053E1,-4.124346499E0,2.141713555E1
2.411057083E0,9.754292974E-1,1.128848810E-1,-1.450447440E-2,1.886380829E-1,2.545480003E1,1.243264799E1,-4.064817598E0,2.144767338E1
2.421102083E0,9.754698848E-1,1.123202186E-1,-1.406042574E-2,1.887987888E-1,2.543368063E1,1.237705736E1,-4.004963175E0,2.147347598E1
2.431148083E0,9.754729194E-1,1.120867883E-1,-1.365349792E-2,1.889517819E-1,2.543210091E1,1.235836607E1,-3.956278699E0,2.149667211E1
2.441193083E0,9.754389069E-1,1.121139888E-1,-1.337570277E-2,1.891312010E-1,2.544980136E1,1.236650069E1,-3.928001461E0,2.152051710E1
2.451239083E0,9.753791427E-1,1.122789990E-1,-1.327303832E-2,1.893481730E-1,2.548087396E1,1.238650547E1,-3.922790654E0,2.154626334E1
2.461285083E0,9.752943854E-1,1.124707987E-1,-1.339110217E-2,1.896623777E-1,2.552487717E1,1.240458380E1,-3.944118005E0,2.158075384E1
2.471330083E0,9.751896505E-1,1.126389805E-1,-1.370524898E-2,1.900782407E-1,2.557914927E1,1.241548259E1,-3.988191230E0,2.162496280E1
2.481376083E0,9.750772870E-1,1.127331997E-1,-1.415094136E-2,1.905657111E-1,2.563724876E1,1.241492252E1,-4.046306773E0,2.167632018E1
2.491421083E0,9.749756288E-1,1.126559656E-1,-1.469348721E-2,1.910896808E-1,2.568970157E1,1.239268002E1,-4.112001299E0,2.173153394E1
2.501466083E0,9.748956340E-1,1.123544155E-1,-1.532400406E-2,1.916246929E-1,2.573090270E1,1.234303077E1,-4.182775104E0,2.178799943E1
2.511512083E0,9.748415175E-1,1.118319632E-1,-1.602917352E-2,1.921479038E-1,2.575873860E1,1.226673331E1,-4.256887134E0,2.184326189E1
2.521558083E0,9.748148807E-1,1.111220627E-1,-1.676259191E-2,1.926312439E-1,2.577242890E1,1.216867531E1,-4.329492570E0,2.189447562E1
2.531603083E0,9.748057770E-1,1.102997303E-1,-1.747449959E-2,1.930863456E-1,2.577710622E1,1.205838127E1,-4.396793558E0,2.194326200E1
2.541649083E0,9.748019416E-1,1.094016652E-1,-1.811732333E-2,1.935567465E-1,2.577907651E1,1.194083462E1,-4.454791393E0,2.199503979E1
2.551694083E0,9.747989492E-1,1.084546097E-1,-1.859555835E-2,1.940587576E-1,2.578061367E1,1.182102928E1,-4.493557276E0,2.205256704E1
2.561739083E0,9.747951981E-1,1.075227798E-1,-1.889636567E-2,1.945665850E-1,2.578254040E1,1.170666474E1,-4.512745167E0,2.211263332E1
2.571785083E0,9.747886232E-1,1.066917414E-1,-1.901248814E-2,1.950450360E-1,2.578591725E1,1.160778797E1,-4.513023927E0,2.217077357E1
2.581830083E0,9.747808260E-1,1.059937606E-1,-1.899157014E-2,1.954662938E-1,2.578992128E1,1.152719383E1,-4.500146914E0,2.222307241E1
2.591876083E0,9.747644309E-1,1.054670804E-1,-1.885536469E-2,1.958459105E-1,2.579833858E1,1.146869394E1,-4.477618924E0,2.227093146E1
2.601922083E0,9.747238435E-1,1.051807532E-1,-1.861538317E-2,1.962243470E-1,2.581916466E1,1.143969096E1,-4.448774383E0,2.231865096E1
2.611967083E0,9.746549755E-1,1.051700479E-1,-1.832448562E-2,1.965989482E-1,2.585446423E1,1.144306023E1,-4.420326598E0,2.236526126E1
2.622013083E0,9.745579113E-1,1.054640116E-1,-1.804454626E-2,1.969479663E-1,2.590413602E1,1.148085139E1,-4.399639561E0,2.240751155E1
2.632058083E0,9.744284362E-1,1.061036454E-1,-1.782859371E-2,1.972646577E-1,2.597024847E1,1.155658581E1,-4.393526453E0,2.244392895E1
2.642104083E0,9.742650329E-1,1.070597387E-1,-1.773707973E-2,1.975631838E-1,2.605344995E1,1.166557484E1,-4.408294029E0,2.247565904E1
2.652149083E0,9.740630652E-1,1.083114685E-1,-1.778247188E-2,1.978726260E-1,2.615592816E1,1.180505919E1,-4.445239055E0,2.250600102E1
2.662195083E0,9.738291923E-1,1.097637857E-1,-1.788732271E-2,1.982136361E-1,2.627410429E1,1.196585359E1,-4.493830677E0,2.253849407E1
2.672240083E0,9.735896296E-1,1.112148701E-1,-1.798999243E-2,1.985718843E-1,2.639461653E1,1.212648535E1,-4.542470133E0,2.257294161E1
2.682286083E0,9.733606458E-1,1.125515574E-1,-1.809422158E-2,1.989316077E-1,2.650930402E1,1.227411415E1,-4.588826173E0,2.260796137E1
2.692331083E0,9.731435474E-1,1.137307208E-1,-1.818504804E-2,1.993146804E-1,2.661759044E1,1.240406715E1,-4.630511795E0,2.264646957E1
2.702377458E0,9.729441507E-1,1.146881866E-1,-1.834477933E-2,1.997242213E-1,2.671666773E1,1.250725278E1,-4.675303144E0,2.268823458E1
2.712422458E0,9.727748889E-1,1.153116965E-1,-1.878028272E-2,2.001487244E-1,2.680048917E1,1.256647579E1,-4.743603636E0,2.273016130E1
2.722468458E0,9.726732307E-1,1.154854048E-1,-1.980160622E-2,2.004439209E-1,2.685070865E1,1.256251307E1,-4.865540800E0,2.275260869E1
2.732513458E0,9.726830931E-1,1.151693719E-1,-2.141066226E-2,2.004128165E-1,2.684584065E1,1.249182181E1,-5.037884384E0,2.273300940E1
2.742559458E0,9.728164036E-1,1.145180766E-1,-2.334708868E-2,1.999217636E-1,2.677995421E1,1.237848614E1,-5.233461436E0,2.265820208E1
2.752604458E0,9.730375059E-1,1.137445055E-1,-2.539001755E-2,1.990362583E-1,2.667032587E1,1.225141019E1,-5.433445474E0,2.253735548E1
2.762650458E0,9.732862988E-1,1.130176594E-1,-2.722626355E-2,1.979884455E-1,2.654643638E1,1.213541336E1,-5.609636247E0,2.239996065E1
2.772695458E0,9.734988875E-1,1.123811735E-1,-2.869755208E-2,1.970956910E-1,2.644012356E1,1.203695535E1,-5.749176441E0,2.228427069E1
2.782741458E0,9.736380142E-1,1.118821153E-1,-2.963533789E-2,1.965529660E-1,2.637032022E1,1.196359180E1,-5.836479593E0,2.221427257E1
2.792786458E0,9.736948703E-1,1.116057136E-1,-2.991192922E-2,1.963866124E-1,2.634174180E1,1.192733249E1,-5.859299733E0,2.219364254E1
2.802832458E0,9.736650725E-1,1.117007705E-1,-2.942548610E-2,1.965540618E-1,2.635672332E1,1.194741704E1,-5.808945000E0,2.221750513E1
2.812877458E0,9.735471035E-1,1.122968587E-1,-2.817083237E-2,1.969822316E-1,2.641595291E1,1.203919866E1,-5.686899809E0,2.227681328E1
2.822923458E0,9.733314802E-1,1.134897357E-1,-2.628415504E-2,1.976234538E-1,2.652387677E1,1.221114504E1,-5.510194424E0,2.236456612E1
2.832968458E0,9.730241875E-1,1.152045592E-1,-2.414400656E-2,1.984157724E-1,2.667694200E1,1.244725013E1,-5.319082332E0,2.247061369E1
2.843014458E0,9.726396818E-1,1.173345925E-1,-2.226944645E-2,1.992705526E-1,2.686726168E1,1.272482291E1,-5.168379320E0,2.257993982E1
2.853059458E0,9.721998795E-1,1.197303458E-1,-2.117072026E-2,2.001095700E-1,2.708334193E1,1.301617843E1,-5.110838816E0,2.267828207E1
2.863105458E0,9.717341568E-1,1.222015894E-1,-2.115020001E-2,2.008785814E-1,2.731032803E1,1.329324289E1,-5.175119221E0,2.275607527E1
2.873150458E0,9.712715951E-1,1.245996818E-1,-2.212212741E-2,2.015366201E-1,2.753395623E1,1.354107940E1,-5.347496708E0,2.280947218E1
2.883196458E0,9.708293904E-1,1.268663868E-1,-2.378010540E-2,2.020634557E-1,2.774608995E1,1.375985549E1,-5.591944310E0,2.283953936E1
2.893241458E0,9.704241906E-1,1.289028645E-1,-2.580609914E-2,2.024718587E-1,2.793908515E1,1.394526543E1,-5.870716133E0,2.285193497E1
2.903287458E0,9.700696513E-1,1.306166239E-1,-2.789860061E-2,2.027952093E-1,2.810688541E1,1.409318763E1,-6.148401899E0,2.285479535E1
2.913332458E0,9.697777422E-1,1.320025071E-1,-2.985370862E-2,2.030157216E-1,2.824431003E1,1.420754646E1,-6.401796566E0,2.284876151E1
2.923378458E0,9.695553333E-1,1.330773834E-1,-3.152629050E-2,2.031232382E-1,2.834857735E1,1.429342975E1,-6.614883104E0,2.283452446E1
2.933423458E0,9.694000222E-1,1.338681531E-1,-3.289670581E-2,2.031274950E-1,2.842116642E1,1.435422767E1,-6.786196317E0,2.281347629E1
2.943469458E0,9.693017357E-1,1.343981814E-1,-3.398885710E-2,2.030663821E-1,2.846700972E1,1.439179222E1,-6.919483560E0,2.278973418E1
2.953514458E0,9.692569758E-1,1.346511942E-1,-3.485648685E-2,2.029653140E-1,2.848786296E1,1.440290299E1,-7.020752199E0,2.276582452E1
2.963560458E0,9.692435731E-1,1.346592916E-1,-3.552613179E-2,2.029079943E-1,2.849410424E1,1.439002155E1,-7.094940206E0,2.275105397E1
2.973605458E0,9.692362395E-1,1.344936440E-1,-3.599774449E-2,2.029701187E-1,2.849751871E1,1.436068448E1,-7.144780834E0,2.275381246E1
2.983651458E0,9.692187907E-1,1.342488972E-1,-3.626800061E-2,2.031668602E-1,2.850564120E1,1.432562051E1,-7.172273109E0,2.277526047E1
2.993696458E0,9.691710383E-1,1.340278950E-1,-3.632999336E-2,2.035293652E-1,2.852785854E1,1.429648517E1,-7.179437931E0,2.281840272E1
3.003742458E0,9.690682000E-1,1.339153787E-1,-3.613028579E-2,2.041277662E-1,2.857564780E1,1.428359651E1,-7.163264969E0,2.289146663E1
3.013787458E0,9.689002448E-1,1.339482321E-1,-3.564627138E-2,2.049869297E-1,2.865352925E1,1.429153229E1,-7.122470020E0,2.299738119E1
3.023833458E0,9.686749278E-1,1.341247906E-1,-3.486556950E-2,2.060674063E-1,2.875768524E1,1.432076340E1,-7.055129232E0,2.313173023E1
3.033878458E0,9.684108356E-1,1.344108307E-1,-3.382706061E-2,2.072921937E-1,2.887929745E1,1.436724540E1,-6.963765173E0,2.328535671E1
3.043924458E0,9.681247850E-1,1.347628359E-1,-3.263200253E-2,2.085871557E-1,2.901045840E1,1.442446093E1,-6.857666250E0,2.344874093E1
3.053969458E0,9.678291670E-1,1.351506343E-1,-3.138448216E-2,2.098955624E-1,2.914539926E1,1.448715659E1,-6.746957934E0,2.361425086E1
3.064015458E0,9.675214107E-1,1.355880343E-1,-3.021581327E-2,2.111995016E-1,2.928523453E1,1.455411950E1,-6.646374882E0,2.377812776E1
3.074060458E0,9.672023169E-1,1.361071360E-1,-2.920048515E-2,2.124659723E-1,2.942953491E1,1.462749583E1,-6.564510437E0,2.393539382E1
3.084106458E0,9.668647206E-1,1.367261731E-1,-2.838615008E-2,2.137120860E-1,2.958145299E1,1.470807549E1,-6.507380883E0,2.408732766E1
3.094151458E0,9.665075682E-1,1.374300676E-1,-2.778334478E-2,2.149514562E-1,2.974134537E1,1.479370542E1,-6.476011238E0,2.423543969E1
3.104197458E0,9.661372660E-1,1.382039311E-1,-2.736414696E-2,2.161705960E-1,2.990624236E1,1.488332456E1,-6.466732322E0,2.437855287E1
3.114242458E0,9.657604311E-1,1.390069287E-1,-2.711689774E-2,2.173671028E-1,3.007314126E1,1.497249206E1,-6.477205346E0,2.451673354E1
3.124288458E0,9.653856191E-1,1.397787745E-1,-2.702123493E-2,2.185458238E-1,3.023825134E1,1.505473346E1,-6.503733588E0,2.465114220E1
3.134333458E0,9.650250107E-1,1.404425663E-1,-2.701749440E-2,2.197105941E-1,3.039627770E1,1.512262086E1,-6.537792636E0,2.478343562E1
3.144379458E0,9.646965182E-1,1.408684128E-1,-2.705680160E-2,2.208726670E-1,3.053953517E1,1.516243556E1,-6.570816824E0,2.491635394E1
3.154424458E0,9.644178011E-1,1.409666518E-1,-2.715873903E-2,2.220117698E-1,3.066057282E1,1.516366363E1,-6.602313122E0,2.504785063E1
3.164470458E0,9.641808936E-1,1.407373835E-1,-2.733436494E-2,2.231617466E-1,3.076308843E1,1.512582927E1,-6.633904015E0,2.518177703E1
3.174515458E0,9.639833513E-1,1.401769832E-1,-2.752600140E-2,2.243408047E-1,3.084831557E1,1.504976715E1,-6.659233006E0,2.532105259E1
3.184561458E0,9.638108021E-1,1.393269129E-1,-2.769620091E-2,2.255870870E-1,3.092257222E1,1.494085156E1,-6.675641852E0,2.547038612E1
3.194606458E0,9.636511920E-1,1.382297356E-1,-2.782179851E-2,2.269249544E-1,3.099110597E1,1.480435178E1,-6.681876197E0,2.563266571E1
3.204652458E0,9.634977354E-1,1.369516798E-1,-2.795755878E-2,2.283302568E-1,3.105685843E1,1.464666324E1,-6.685218749E0,2.580396395E1
3.214697458E0,9.633356807E-1,1.356493211E-1,-2.814453274E-2,2.297639661E-1,3.112614781E1,1.448481384E1,-6.693606871E0,2.597824466E1
3.224743458E0,9.631339238E-1,1.345464487E-1,-2.831342043E-2,2.312330788E-1,3.121220299E1,1.434578650E1,-6.705288650E0,2.615577270E1
3.234788458E0,9.628446278E-1,1.339555236E-1,-2.835600455E-2,2.327704273E-1,3.133519391E1,1.426739187E1,-6.717069840E0,2.633969614E1
3.244834458E0,9.624341175E-1,1.340983540E-1,-2.827271711E-2,2.343905521E-1,3.150891437E1,1.427461521E1,-6.735381980E0,2.653029942E1
3.254879458E0,9.619055960E-1,1.349757776E-1,-2.814231476E-2,2.360659736E-1,3.173120983E1,1.436572966E1,-6.769009916E0,2.672340294E1
3.264925458E0,9.612885661E-1,1.363851629E-1,-2.807497990E-2,2.377712351E-1,3.198882727E1,1.451515657E1,-6.824771009E0,2.691596151E1
3.274970458E0,9.606126571E-1,1.380310448E-1,-2.817833978E-2,2.395341114E-1,3.226872826E1,1.468646851E1,-6.907294395E0,2.711176476E1
3.285016458E0,9.599134831E-1,1.396000192E-1,-2.859696862E-2,2.413712504E-1,3.255579822E1,1.484027751E1,-7.024404357E0,2.731297840E1
3.295061458E0,9.592485744E-1,1.407912313E-1,-2.928144925E-2,2.432335510E-1,3.282653298E1,1.494400228E1,-7.161507339E0,2.751636590E1
3.305107458E0,9.586657256E-1,1.414118806E-1,-3.003386005E-2,2.450728816E-1,3.306208128E1,1.498120918E1,-7.290335612E0,2.772006002E1
3.315152458E0,9.581880754E-1,1.414081506E-1,-3.051087809E-2,2.468771461E-1,3.325390597E1,1.495490870E1,-7.370858465E0,2.792729033E1
3.325198458E0,9.578132213E-1,1.408260763E-1,-3.038224064E-2,2.486740348E-1,3.340369784E1,1.487907322E1,-7.367935171E0,2.814497380E1
3.335243458E0,9.575010185E-1,1.397443932E-1,-2.963814329E-2,2.505690203E-1,3.352795791E1,1.476258786E1,-7.284041687E0,2.838495297E1
3.345289458E0,9.580130817E-1,1.381984257E-1,-2.917669852E-2,2.495211864E-1,3.332391496E1,1.460805369E1,-7.173259368E0,2.827686434E1
3.355334458E0,9.584939351E-1,1.365270556E-1,-2.898554676E-2,2.486155771E-1,3.313119680E1,1.443103512E1,-7.091279847E0,2.818311945E1
3.365380458E0,9.589140127E-1,1.350409788E-1,-2.926658195E-2,2.477729352E-1,3.296194042E1,1.426189658E1,-7.068002057E0,2.809011265E1
3.375425458E0,9.592623985E-1,1.340280583E-1,-2.990750380E-2,2.468961121E-1,3.282092622E1,1.413690403E1,-7.097622561E0,2.798596701E1
3.385471458E0,9.595143524E-1,1.336862421E-1,-3.058077337E-2,2.460185305E-1,3.271857602E1,1.408691192E1,-7.149801646E0,2.787706215E1
3.395516458E0,9.596309727E-1,1.340784870E-1,-3.103702881E-2,2.452919609E-1,3.267109623E1,1.412452176E1,-7.200675961E0,2.778357336E1
3.405562458E0,9.596026501E-1,1.351388174E-1,-3.109715128E-2,2.448129199E-1,3.268263345E1,1.424624263E1,-7.229802946E0,2.771925264E1
3.415607458E0,9.594580021E-1,1.367078813E-1,-3.063057514E-2,2.445671194E-1,3.274149400E1,1.443753366E1,-7.218063352E0,2.768504006E1
3.425653458E0,9.592220640E-1,1.385716940E-1,-2.968534250E-2,2.445604602E-1,3.283728235E1,1.467289672E1,-7.165047565E0,2.768280853E1
3.435698458E0,9.589185646E-1,1.405539499E-1,-2.846622910E-2,2.447641560E-1,3.296010177E1,1.492730486E1,-7.088293788E0,2.770824062E1
3.445744458E0,9.585789031E-1,1.425009867E-1,-2.722090563E-2,2.451103923E-1,3.309702963E1,1.517747187E1,-7.010066024E0,2.775152370E1
3.455789458E0,9.582196012E-1,1.442168271E-1,-2.617507373E-2,2.456250475E-1,3.324127833E1,1.539518853E1,-6.950365380E0,2.781411885E1
3.465835458E0,9.578680965E-1,1.455814472E-1,-2.540187926E-2,2.462710744E-1,3.338181049E1,1.556522167E1,-6.913358589E0,2.789129435E1
3.475880458E0,9.575310482E-1,1.466287332E-1,-2.478998077E-2,2.470219205E-1,3.351602525E1,1.569448276E1,-6.887218662E0,2.798095194E1
3.485926458E0,9.571752445E-1,1.474733560E-1,-2.419952450E-2,2.479547145E-1,3.365714439E1,1.579906800E1,-6.860927101E0,2.809317529E1
3.495971458E0,9.567766617E-1,1.482358610E-1,-2.357120455E-2,2.490963462E-1,3.381455133E1,1.589401219E1,-6.831783786E0,2.823113535E1
3.506017458E0,9.563120138E-1,1.490338431E-1,-2.290327710E-2,2.504632739E-1,3.399715527E1,1.599257563E1,-6.803254288E0,2.839607107E1
3.516062458E0,9.557697524E-1,1.499640188E-1,-2.224807800E-2,2.520318953E-1,3.420906450E1,1.610446900E1,-6.783586659E0,2.858392491E1
3.526108458E0,9.551685276E-1,1.510564229E-1,-2.169559603E-2,2.537013741E-1,3.444253710E1,1.623132964E1,-6.782019157E0,2.878143072E1
3.536153458E0,9.545304033E-1,1.522800724E-1,-2.125128396E-2,2.554032849E-1,3.468867161E1,1.636990810E1,-6.797212233E0,2.898061140E1
3.546199458E0,9.538811732E-1,1.535422493E-1,-2.087802620E-2,2.570984312E-1,3.493736457E1,1.651095736E1,-6.821770576E0,2.917789409E1
3.556244458E0,9.532720037E-1,1.546558850E-1,-2.049114974E-2,2.587165119E-1,3.516916238E1,1.663614766E1,-6.839664198E0,2.936729196E1
3.566290458E0,9.527421757E-1,1.554338947E-1,-2.003424629E-2,2.602332505E-1,3.536957320E1,1.672612553E1,-6.838610317E0,2.954789273E1
3.576335458E0,9.523084846E-1,1.557273790E-1,-1.949957664E-2,2.616819220E-1,3.553280505E1,1.676415225E1,-6.813694880E0,2.972466536E1
3.586381458E0,9.519550412E-1,1.555313014E-1,-1.883304530E-2,2.631289919E-1,3.566529870E1,1.675082581E1,-6.759728542E0,2.990620279E1
3.596426458E0,9.516650919E-1,1.549730822E-1,-1.802189232E-2,2.645601092E-1,3.577363603E1,1.670112643E1,-6.678670577E0,3.009012782E1
3.606472458E0,9.514066264E-1,1.542509960E-1,-1.715647528E-2,2.659656434E-1,3.586994287E1,1.663501769E1,-6.586119911E0,3.027275595E1
3.616517458E0,9.511256755E-1,1.536186774E-1,-1.629546785E-2,2.673866666E-1,3.597434513E1,1.657913751E1,-6.496887986E0,3.045658247E1
3.626563458E0,9.508054437E-1,1.532832728E-1,-1.550001984E-2,2.687620025E-1,3.609298815E1,1.655538656E1,-6.423034475E0,3.063234529E1
3.636608458E0,9.504223710E-1,1.533276639E-1,-1.486992445E-2,2.701236407E-1,3.623441981E1,1.656985737E1,-6.378745265E0,3.080203061E1
3.646654458E0,9.499915249E-1,1.537380847E-1,-1.449301046E-2,2.714233020E-1,3.639285481E1,1.661859679E1,-6.372541876E0,3.095882306E1
3.656699458E0,9.495314499E-1,1.544312792E-1,-1.443314613E-2,2.726402501E-1,3.656130568E1,1.669035315E1,-6.408584067E0,3.109983200E1
3.666745458E0,9.490574875E-1,1.553164104E-1,-1.470664229E-2,2.737707761E-1,3.673406093E1,1.677433837E1,-6.485806905E0,3.122484416E1
3.676790458E0,9.485917648E-1,1.563185307E-1,-1.522291485E-2,2.747846607E-1,3.690305219E1,1.686493548E1,-6.591428064E0,3.133190698E1
3.686836458E0,9.481548074E-1,1.573747992E-1,-1.584074023E-2,2.756532019E-1,3.706092939E1,1.695944759E1,-6.707496584E0,3.141990269E1
3.696881458E0,9.477597439E-1,1.583975241E-1,-1.646273288E-2,2.763886433E-1,3.720311333E1,1.705086944E1,-6.820773996E0,3.149216053E1
3.706927708E0,9.467023005E-1,1.593477301E-1,-1.658843059E-2,2.794420771E-1,3.758113528E1,1.713259504E1,-6.918970516E0,3.184700640E1
3.716972708E0,9.464658567E-1,1.600668186E-1,-1.701735907E-2,2.798063102E-1,3.766516035E1,1.719792070E1,-6.995310764E0,3.187971882E1
3.727018708E0,9.463153714E-1,1.605716535E-1,-1.733069981E-2,2.800063602E-1,3.771854440E1,1.724379913E1,-7.049268358E0,3.189586195E1
3.737063708E0,9.462214471E-1,1.609230318E-1,-1.754505869E-2,2.801089667E-1,3.775182676E1,1.727610792E1,-7.085768437E0,3.190278578E1
3.747109708E0,9.461528321E-1,1.612738569E-1,-1.783450744E-2,2.801206836E-1,3.777612288E1,1.730675817E1,-7.128821016E0,3.189783394E1
3.757154708E0,9.461298620E-1,1.617385048E-1,-1.820392456E-2,2.799065354E-1,3.778425304E1,1.734945893E1,-7.180171499E0,3.186415762E1
3.767200708E0,9.461419371E-1,1.623705442E-1,-1.863518692E-2,2.794710531E-1,3.777997932E1,1.741079662E1,-7.239593858E0,3.180218289E1
3.777245708E0,9.462250085E-1,1.631841997E-1,-1.912709333E-2,2.786814319E-1,3.775056528E1,1.749346387E1,-7.304925698E0,3.169603037E1
3.787291708E0,9.463863677E-1,1.641344794E-1,-1.963336654E-2,2.775381354E-1,3.769336781E1,1.759388438E1,-7.369555985E0,3.154670586E1
3.797336708E0,9.466369729E-1,1.651500867E-1,-2.017502203E-2,2.760379605E-1,3.760436885E1,1.770353082E1,-7.433317395E0,3.135401491E1
3.807382708E0,9.469789524E-1,1.661555367E-1,-2.079500744E-2,2.742095459E-1,3.748259097E1,1.781252978E1,-7.498933486E0,3.112128543E1
3.817427708E0,9.474173007E-1,1.670362583E-1,-2.154338796E-2,2.720941745E-1,3.732593638E1,1.790630652E1,-7.569015656E0,3.085351106E1
3.827473708E0,9.479322509E-1,1.677440567E-1,-2.255328440E-2,2.697735690E-1,3.714109237E1,1.797512138E1,-7.658235647E0,3.055881651E1
3.837518708E0,9.485520836E-1,1.682648389E-1,-2.380835960E-2,2.671500752E-1,3.691741633E1,1.801884771E1,-7.762717800E0,3.022603355E1
3.847564708E0,9.492942685E-1,1.685671846E-1,-2.513686514E-2,2.641850655E-1,3.664785458E1,1.803928643E1,-7.862164515E0,2.985345809E1
3.857609708E0,9.501443704E-1,1.686467105E-1,-2.634513626E-2,2.609404325E-1,3.633672534E1,1.804084043E1,-7.936577494E0,2.945143987E1
3.867655708E0,9.510502326E-1,1.686078300E-1,-2.720600672E-2,2.575553241E-1,3.600233007E1,1.804018001E1,-7.966856648E0,2.903912525E1
3.877700708E0,9.519879579E-1,1.684548738E-1,-2.761241297E-2,2.541246971E-1,3.565297950E1,1.803941164E1,-7.943149287E0,2.862934417E1
3.887746708E0,9.529526571E-1,1.680684557E-1,-2.782392166E-2,2.507188524E-1,3.529008922E1,1.801705427E1,-7.891963983E0,2.822748086E1
3.897791708E0,9.540243039E-1,1.671752586E-1,-2.843496667E-2,2.471468859E-1,3.488268481E1,1.792796260E1,-7.867865112E0,2.780423463E1
3.907837708E0,9.553189287E-1,1.654807024E-1,-2.984338791E-2,2.430870907E-1,3.438427634E1,1.773146496E1,-7.901608419E0,2.731819112E1
3.917882708E0,9.568684997E-1,1.628680720E-1,-3.194395523E-2,2.384452897E-1,3.377834613E1,1.741860150E1,-7.978562541E0,2.676132301E1
3.927928708E0,9.586157816E-1,1.594348160E-1,-3.412888473E-2,2.333915032E-1,3.308218945E1,1.701478763E1,-8.039423280E0,2.616235168E1
3.937973708E0,9.604625722E-1,1.554534930E-1,-3.572539155E-2,2.281875476E-1,3.233055988E1,1.656487932E1,-8.023017171E0,2.555941862E1
3.948019708E0,9.622899753E-1,1.513060745E-1,-3.636069207E-2,2.231198105E-1,3.156969168E1,1.611772061E1,-7.903081880E0,2.498752033E1
3.958064708E0,9.639553658E-1,1.474958361E-1,-3.593523544E-2,2.185030447E-1,3.086037100E1,1.572914519E1,-7.685564423E0,2.448003555E1
3.968110708E0,9.653441888E-1,1.446060532E-1,-3.448140624E-2,2.145008643E-1,3.025644799E1,1.546268577E1,-7.389224751E0,2.405079720E1
3.978155708E0,9.663832350E-1,1.431494002E-1,-3.226028313E-2,2.111182846E-1,2.979681088E1,1.537044815E1,-7.053409010E0,2.369371905E1
3.988201708E0,9.670775201E-1,1.433140469E-1,-2.981011824E-2,2.081666987E-1,2.948578256E1,1.546335508E1,-6.737677337E0,2.337970785E1
3.998246708E0,9.675170274E-1,1.448614210E-1,-2.777311364E-2,2.053161387E-1,2.928722144E1,1.570281429E1,-6.501354134E0,2.306446668E1
4.008292708E0,9.677927942E-1,1.473652915E-1,-2.667017276E-2,2.023595795E-1,2.916196012E1,1.603108920E1,-6.388182380E0,2.271961583E1
4.018337708E0,9.679935397E-1,1.502526246E-1,-2.679440059E-2,1.992352757E-1,2.907044363E1,1.637819782E1,-6.415908863E0,2.233648945E1
4.028383708E0,9.681934000E-1,1.529812537E-1,-2.804898583E-2,1.959884511E-1,2.897904974E1,1.668545222E1,-6.562029319E0,2.192382633E1
4.038428708E0,9.684456068E-1,1.551857077E-1,-2.993028944E-2,1.927036100E-1,2.886331430E1,1.692193355E1,-6.764078498E0,2.150038515E1
4.048474708E0,9.687533209E-1,1.567417694E-1,-3.179825884E-2,1.895729843E-1,2.872148885E1,1.708511512E1,-6.951974629E0,2.109879913E1
4.058519708E0,9.691134236E-1,1.577369671E-1,-3.324530240E-2,1.866356861E-1,2.855464193E1,1.719210968E1,-7.083496032E0,2.072946388E1
4.068565708E0,9.695067380E-1,1.583364534E-1,-3.393795424E-2,1.839414067E-1,2.837130931E1,1.726695712E1,-7.126210214E0,2.040235374E1
4.078610708E0,9.699310725E-1,1.586860878E-1,-3.390414720E-2,1.813914380E-1,2.817220729E1,1.732569995E1,-7.084785591E0,2.010481991E1
4.088656708E0,9.703698633E-1,1.589896347E-1,-3.329914500E-2,1.788734589E-1,2.796486178E1,1.738908872E1,-6.978854378E0,1.982025674E1
4.098701708E0,9.708341530E-1,1.594123992E-1,-3.228691467E-2,1.761426803E-1,2.774381371E1,1.747442641E1,-6.825687464E0,1.951688715E1
4.108747708E0,9.713265968E-1,1.600433480E-1,-3.104525798E-2,1.730523890E-1,2.750745877E1,1.758938814E1,-6.644113345E0,1.917469178E1
4.118792708E0,9.718219065E-1,1.608593479E-1,-2.971652063E-2,1.697158759E-1,2.726770190E1,1.772776680E1,-6.451325389E0,1.880498551E1
4.128838708E0,9.723040665E-1,1.617505904E-1,-2.837883761E-2,1.663016440E-1,2.703230681E1,1.787436729E1,-6.256779570E0,1.842685630E1
4.138883708E0,9.727580723E-1,1.626037006E-1,-2.707633667E-2,1.629986798E-1,2.680880299E1,1.801423441E1,-6.066681426E0,1.806209541E1
4.148929708E0,9.731851463E-1,1.633835490E-1,-2.576111792E-2,1.598524597E-1,2.659687486E1,1.814392862E1,-5.875961487E0,1.771684305E1
4.158974708E0,9.735827597E-1,1.641315397E-1,-2.434033712E-2,1.568596120E-1,2.639806448E1,1.826978526E1,-5.675018368E0,1.739194293E1
4.169020708E0,9.739520504E-1,1.648273262E-1,-2.278663043E-2,1.540460570E-1,2.621208928E1,1.838975335E1,-5.460999110E0,1.709093656E1
4.179065708E0,9.742994669E-1,1.654494189E-1,-2.115337156E-2,1.513923649E-1,2.603593864E1,1.850064713E1,-5.239262291E0,1.681076655E1
4.189111708E0,9.746431744E-1,1.659964639E-1,-1.953649201E-2,1.487755936E-1,2.586050836E1,1.860150975E1,-5.018342788E0,1.653561218E1
4.199156708E0,9.749935412E-1,1.664740562E-1,-1.796582121E-2,1.461202999E-1,2.568046690E1,1.869292943E1,-4.800330841E0,1.625620069E1
4.209202708E0,9.753452566E-1,1.669279462E-1,-1.641282575E-2,1.434130814E-1,2.549847545E1,1.878067101E1,-4.582567478E0,1.597122895E1
4.219247708E0,9.754585052E-1,1.673803136E-1,-1.458402658E-2,1.423090447E-1,2.543960370E1,1.886452716E1,-4.363950828E0,1.587526664E1
4.229293708E0,9.755851143E-1,1.677827686E-1,-1.279230609E-2,1.411349178E-1,2.537362747E1,1.894206139E1,-4.147250219E0,1.577124459E1
4.239338708E0,9.757283715E-1,1.681112716E-1,-1.103072588E-2,1.398966013E-1,2.529877188E1,1.901053965E1,-3.931418995E0,1.566001667E1
4.249384708E0,9.758893724E-1,1.683580730E-1,-9.360224998E-3,1.385925778E-1,2.521438378E1,1.906815759E1,-3.723146690E0,1.554027960E1
4.259429708E0,9.760722898E-1,1.685018254E-1,-7.834972698E-3,1.372172418E-1,2.511816987E1,1.911166403E1,-3.528080253E0,1.541039972E1
4.269475708E0,9.762849628E-1,1.684966624E-1,-6.553192204E-3,1.357704248E-1,2.500584665E1,1.913435046E1,-3.356546960E0,1.526861356E1
4.279520708E0,9.765260006E-1,1.683217267E-1,-5.555708009E-3,1.342901010E-1,2.487793925E1,1.913313648E1,-3.213598388E0,1.511845023E1
4.289566708E0,9.767859202E-1,1.680164096E-1,-4.785300496E-3,1.328034553E-1,2.473928289E1,1.911337193E1,-3.094028781E0,1.496384462E1
4.299611708E0,9.770489587E-1,1.676443741E-1,-4.123568633E-3,1.313531400E-1,2.459817951E1,1.908401570E1,-2.986409839E0,1.481159995E1
4.309657708E0,9.773113228E-1,1.672176847E-1,-3.443987579E-3,1.299574472E-1,2.445663948E1,1.904821585E1,-2.877116950E0,1.466607169E1
4.319702708E0,9.775848559E-1,1.666810815E-1,-2.660530349E-3,1.286004872E-1,2.430820999E1,1.900083489E1,-2.755403293E0,1.452715736E1
4.329748708E0,9.778827919E-1,1.659432483E-1,-1.760442252E-3,1.272987818E-1,2.414551605E1,1.893145330E1,-2.618856741E0,1.439716696E1
4.339793708E0,9.782149934E-1,1.649216297E-1,-7.649653005E-4,1.260782091E-1,2.396282784E1,1.883018756E1,-2.469218189E0,1.427876582E1
4.349839708E0,9.785739159E-1,1.636506441E-1,3.247994197E-4,1.249458076E-1,2.376388970E1,1.870100545E1,-2.307308297E0,1.417250991E1
4.359884708E0,9.789453983E-1,1.622366332E-1,1.473453824E-3,1.238668482E-1,2.355624655E1,1.855580560E1,-2.138007962E0,1.407342475E1
4.369930708E0,9.793171756E-1,1.608088981E-1,2.606972241E-3,1.227660990E-1,2.334661594E1,1.840866830E1,-1.970082824E0,1.397125405E1
4.379975708E0,9.796891637E-1,1.594142273E-1,3.593134739E-3,1.215862401E-1,2.313499207E1,1.826330180E1,-1.818004639E0,1.385700781E1
4.390021708E0,9.800721521E-1,1.579507096E-1,4.223430322E-3,1.203835798E-1,2.291509636E1,1.810507423E1,-1.704847456E0,1.373363626E1
4.400066708E0,9.804760875E-1,1.562759413E-1,4.374442480E-3,1.192698072E-1,2.268089504E1,1.791584956E1,-1.644610704E0,1.361205301E1
4.410112708E0,9.808872300E-1,1.543723157E-1,4.198637439E-3,1.183718686E-1,2.244003827E1,1.769557557E1,-1.622254487E0,1.350963321E1
4.420157708E0,9.812745174E-1,1.523379716E-1,4.072165283E-3,1.178000623E-1,2.221079848E1,1.746042226E1,-1.598703597E0,1.344545657E1
4.430203708E0,9.816130830E-1,1.502976163E-1,4.262158008E-3,1.175935849E-1,2.200846648E1,1.722821514E1,-1.546055870E0,1.342831005E1
4.440248708E0,9.818950455E-1,1.482983859E-1,4.671714740E-3,1.177622565E-1,2.183854858E1,1.700314488E1,-1.475737926E0,1.345744859E1
4.450294708E0,9.821415624E-1,1.462710908E-1,4.931729185E-3,1.182303816E-1,2.168891374E1,1.677257096E1,-1.426815892E0,1.351813712E1
4.460339708E0,9.823768261E-1,1.441615199E-1,4.807685741E-3,1.188696650E-1,2.154515209E1,1.652732204E1,-1.422625340E0,1.359210695E1
4.470385708E0,9.826092238E-1,1.420048709E-1,4.339671330E-3,1.195613791E-1,2.140220494E1,1.627207651E1,-1.457085263E0,1.366668161E1
4.480430708E0,9.828198316E-1,1.399936760E-1,3.767148540E-3,1.202196707E-1,2.127184073E1,1.603223343E1,-1.504481059E0,1.373580056E1
4.490476708E0,9.829526785E-1,1.384897079E-1,3.520600013E-3,1.208810390E-1,2.118920206E1,1.585508373E1,-1.521977412E0,1.380982760E1
4.500521708E0,9.829313522E-1,1.379305825E-1,3.940166622E-3,1.216785417E-1,2.120248975E1,1.579535320E1,-1.479573415E0,1.390840189E1
4.510567708E0,9.826827279E-1,1.386832409E-1,5.044298149E-3,1.227852758E-1,2.135679596E1,1.589538851E1,-1.383405254E0,1.405113867E1
4.520612708E0,9.821832456E-1,1.408412597E-1,6.467897519E-3,1.242503424E-1,2.166351124E1,1.616117383E1,-1.277448105E0,1.423835104E1
4.530658708E0,9.814673814E-1,1.442086295E-1,7.735406036E-3,1.259596078E-1,2.209576429E1,1.656390367E1,-1.211599667E0,1.445013417E1
4.540703708E0,9.806096087E-1,1.484409950E-1,8.472438513E-3,1.276647850E-1,2.260295300E1,1.705892553E1,-1.219636565E0,1.465222099E1
4.550749708E0,9.797147890E-1,1.530049086E-1,8.446697325E-3,1.291400512E-1,2.312034353E1,1.758159216E1,-1.316051660E0,1.481465584E1
4.560794708E0,9.789017341E-1,1.572853057E-1,7.644121231E-3,1.302086002E-1,2.358074646E1,1.806098649E1,-1.489520681E0,1.491669968E1
4.570840708E0,9.782697843E-1,1.607426907E-1,6.201460948E-3,1.308118059E-1,2.393256457E1,1.843710574E1,-1.714584555E0,1.495425021E1
4.580885708E0,9.778694735E-1,1.630175036E-1,4.461902459E-3,1.310601352E-1,2.415281188E1,1.867347164E1,-1.948654214E0,1.494687391E1
4.590931708E0,9.776880313E-1,1.640815008E-1,2.797723609E-3,1.311319112E-1,2.425199065E1,1.877192979E1,-2.152652753E0,1.492248624E1
4.600976708E0,9.776734064E-1,1.641592091E-1,1.498568077E-3,1.311654180E-1,2.425996746E1,1.876216111E1,-2.300115240E0,1.490238912E1
4.611022708E0,9.777598496E-1,1.636145928E-1,6.568902442E-4,1.312077756E-1,2.421278168E1,1.868723599E1,-2.387085608E0,1.489315688E1
4.621067708E0,9.778858265E-1,1.628236070E-1,2.352373666E-4,1.312541792E-1,2.414385341E1,1.858992492E1,-2.423330507E0,1.489269922E1
4.631113708E0,9.780018568E-1,1.621130323E-1,9.937700043E-5,1.312696471E-1,2.408019549E1,1.850604887E1,-2.428157537E0,1.489372263E1
4.641158708E0,9.780806714E-1,1.616760801E-1,1.239749549E-4,1.312211783E-1,2.403686055E1,1.845615628E1,-2.417919776E0,1.488967592E1
4.651204708E0,9.781274965E-1,1.615207373E-1,2.412801710E-4,1.310634226E-1,2.401107801E1,1.844029844E1,-2.399498913E0,1.487413347E1
4.661249708E0,9.781748696E-1,1.614897067E-1,3.696594716E-4,1.307478270E-1,2.398496600E1,1.843928567E1,-2.378783234E0,1.484046926E1
4.671295708E0,9.782498067E-1,1.613804884E-1,4.791622524E-4,1.303202894E-1,2.394360339E1,1.842923739E1,-2.356943482E0,1.479386698E1
4.681340708E0,9.783704731E-1,1.610113769E-1,5.872794555E-4,1.298698660E-1,2.387685144E1,1.838925775E1,-2.330971058E0,1.474522797E1
4.691386708E0,9.785393134E-1,1.603055752E-1,7.554664545E-4,1.294693867E-1,2.378314011E1,1.831120153E1,-2.294210147E0,1.470411642E1
4.701431625E0,9.787294800E-1,1.593951453E-1,1.045547408E-3,1.291536225E-1,2.367715435E1,1.821109279E1,-2.242344498E0,1.467525737E1
4.711477625E0,9.789080983E-1,1.584667609E-1,1.486250661E-3,1.289384207E-1,2.357717709E1,1.811082747E1,-2.175189636E0,1.466050539E1
4.721522625E0,9.790447384E-1,1.577171844E-1,1.984168261E-3,1.288126545E-1,2.350041308E1,1.803178784E1,-2.105908347E0,1.465649786E1
4.731568625E0,9.791166831E-1,1.572962481E-1,2.378499444E-3,1.287738372E-1,2.345989525E1,1.798897014E1,-2.054701819E0,1.465985775E1
4.741613625E0,9.791176946E-1,1.572715026E-1,2.542361122E-3,1.287937305E-1,2.345932508E1,1.798840481E1,-2.036298125E0,1.466505725E1
4.751659625E0,9.790513133E-1,1.576501973E-1,2.366656179E-3,1.288390384E-1,2.349671308E1,1.802943811E1,-2.062454246E0,1.466637743E1
4.761704625E0,9.789304361E-1,1.583824303E-1,1.762507448E-3,1.288680354E-1,2.356464462E1,1.810516395E1,-2.141648883E0,1.465752055E1
4.771750625E0,9.787763051E-1,1.593543419E-1,7.459728769E-4,1.288507131E-1,2.365098541E1,1.820283029E1,-2.269825106E0,1.463544962E1
4.781795625E0,9.786223005E-1,1.603993572E-1,-5.427565784E-4,1.287246940E-1,2.373694615E1,1.830545954E1,-2.427604963E0,1.459576063E1
4.791841625E0,9.784966608E-1,1.613541940E-1,-1.935615091E-3,1.284727823E-1,2.380684789E1,1.839673474E1,-2.593360747E0,1.453982387E1
4.801886625E0,9.784228195E-1,1.620868064E-1,-3.315771598E-3,1.280841040E-1,2.384783647E1,1.846314928E1,-2.751824762E0,1.446887596E1
4.811932625E0,9.784128728E-1,1.625179476E-1,-4.600439150E-3,1.275737057E-1,2.385335246E1,1.849668547E1,-2.892849021E0,1.438645049E1
4.821977625E0,9.784658093E-1,1.626501675E-1,-5.740885456E-3,1.269517868E-1,2.382398171E1,1.849825069E1,-3.011246750E0,1.429469996E1
4.832023625E0,9.785702913E-1,1.625467444E-1,-6.744775972E-3,1.262269875E-1,2.376590691E1,1.847497947E1,-3.109022058E0,1.419437410E1
4.842068625E0,9.787152765E-1,1.622950908E-1,-7.638241745E-3,1.253733452E-1,2.368508655E1,1.843666178E1,-3.189944985E0,1.408182311E1
4.852114625E0,9.788829366E-1,1.620240023E-1,-8.488006505E-3,1.243557517E-1,2.359128599E1,1.839737606E1,-3.262738805E0,1.395145688E1
4.862159625E0,9.790522405E-1,1.618497725E-1,-9.368996811E-3,1.231810769E-1,2.349619124E1,1.836957593E1,-3.337597878E0,1.380235303E1
4.872205625E0,9.792099540E-1,1.618349421E-1,-1.037028476E-2,1.218603632E-1,2.340726392E1,1.835937079E1,-3.425572236E0,1.363397253E1
4.882250625E0,9.793447397E-1,1.620528307E-1,-1.152655194E-2,1.203746868E-1,2.333099971E1,1.837497965E1,-3.531142366E0,1.344325256E1
4.892296625E0,9.794625401E-1,1.624839192E-1,-1.285089021E-2,1.186889393E-1,2.326414415E1,1.841429268E1,-3.654741176E0,1.322595696E1
4.902341625E0,9.795809306E-1,1.630054707E-1,-1.430670031E-2,1.168151326E-1,2.319676225E1,1.846374416E1,-3.790712184E0,1.298448405E1
4.912387625E0,9.797235134E-1,1.634668575E-1,-1.588334543E-2,1.147525922E-1,2.311535418E1,1.850623943E1,-3.935823373E0,1.271949398E1
4.922432625E0,9.799221936E-1,1.636913580E-1,-1.751263195E-2,1.124764095E-1,2.300144321E1,1.852238073E1,-4.079747167E0,1.243009889E1
4.932478625E0,9.802030181E-1,1.635274067E-1,-1.913751940E-2,1.099748676E-1,2.283947993E1,1.849539953E1,-4.214185771E0,1.211672010E1
4.942523625E0,9.805709601E-1,1.629242748E-1,-2.063561860E-2,1.072870788E-1,2.262554113E1,1.842058631E1,-4.325855682E0,1.178635954E1
4.952569625E0,9.810151879E-1,1.619086306E-1,-2.181196875E-2,1.044940915E-1,2.236455521E1,1.830254705E1,-4.395041212E0,1.145167250E1
4.962614625E0,9.815202335E-1,1.605230529E-1,-2.256637627E-2,1.016917896E-1,2.206413711E1,1.814645430E1,-4.413069685E0,1.112512804E1
4.972660625E0,9.820920398E-1,1.587028622E-1,-2.308578876E-2,9.887246051E-2,2.171905549E1,1.794263767E1,-4.400482453E0,1.080276225E1
4.982705625E0,9.827465804E-1,1.563459104E-1,-2.379848670E-2,9.591054858E-2,2.131727191E1,1.767562409E1,-4.402711140E0,1.046330895E1
4.992751625E0,9.834790926E-1,1.534587196E-1,-2.503189841E-2,9.269744144E-2,2.085855913E1,1.734394300E1,-4.455635856E0,1.008905705E1
5.002796625E0,9.842548054E-1,1.502188544E-1,-2.675085236E-2,8.922567909E-2,2.036165770E1,1.696913514E1,-4.557876009E0,9.679480795E0
5.012842625E0,9.850278629E-1,1.469054062E-1,-2.848081191E-2,8.560231452E-2,1.985422217E1,1.658753556E1,-4.660975395E0,9.253632949E0
5.022887625E0,9.857415354E-1,1.438881028E-1,-2.956883280E-2,8.207112511E-2,1.937409350E1,1.624585675E1,-4.698508828E0,8.847757738E0
5.032933625E0,9.863406950E-1,1.415214624E-1,-2.967220848E-2,7.888827941E-2,1.896171068E1,1.598567589E1,-4.638148733E0,8.494045876E0
5.042978625E0,9.867761141E-1,1.401040375E-1,-2.884439696E-2,7.623425021E-2,1.865636049E1,1.583943689E1,-4.490130851E0,8.210374167E0
5.053024625E0,9.870030749E-1,1.399278321E-1,-2.735603369E-2,7.414102698E-2,1.849521708E1,1.583842847E1,-4.286844541E0,7.995089261E0
5.063069625E0,9.869949827E-1,1.411624081E-1,-2.556787989E-2,7.252950008E-2,1.850098650E1,1.600009338E1,-4.068416957E0,7.833655989E0
5.073115625E0,9.867536077E-1,1.437619204E-1,-2.388865461E-2,7.126833993E-2,1.867226505E1,1.631712312E1,-3.878205398E0,7.705833135E0
5.083160625E0,9.863176407E-1,1.474293442E-1,-2.278790010E-2,7.016358674E-2,1.897774247E1,1.675310843E1,-3.763633013E0,7.583594903E0
5.093206625E0,9.857569612E-1,1.516996998E-1,-2.262652509E-2,6.898208413E-2,1.936358556E1,1.725314928E1,-3.757723018E0,7.435643642E0
5.103251625E0,9.851672846E-1,1.559763457E-1,-2.364945544E-2,6.751061121E-2,1.976133302E1,1.774799024E1,-3.879450274E0,7.234438316E0
5.113297625E0,9.846409126E-1,1.596699270E-1,-2.572708434E-2,6.577243303E-2,2.010980072E1,1.817091986E1,-4.109776502E0,6.985694054E0
5.123342625E0,9.842413605E-1,1.623877243E-1,-2.883181086E-2,6.378032009E-2,2.037037223E1,1.847749155E1,-4.443110191E0,6.692274213E0
5.133388625E0,9.839964030E-1,1.640552591E-1,-3.246911023E-2,6.150481174E-2,2.052850511E1,1.866284322E1,-4.823086051E0,6.360271569E0
5.143433625E0,9.839208337E-1,1.646917187E-1,-3.602223707E-2,5.898143777E-2,2.057704638E1,1.873250803E1,-5.181646666E0,6.005767888E0
5.153478625E0,9.840001120E-1,1.644640783E-1,-3.886662778E-2,5.643345004E-2,2.052611979E1,1.870712387E1,-5.454317506E0,5.665680500E0
5.163524625E0,9.841920066E-1,1.636882654E-1,-4.064888629E-2,5.403651662E-2,2.040233034E1,1.862278217E1,-5.606908824E0,5.365249922E0
5.173570625E0,9.844456463E-1,1.627033041E-1,-4.137673076E-2,5.179228123E-2,2.023756023E1,1.851771997E1,-5.642427332E0,5.102631089E0
5.183615625E0,9.847134474E-1,1.617733287E-1,-4.129771069E-2,4.963191807E-2,2.006213736E1,1.842141057E1,-5.588955976E0,4.863820520E0
5.193661625E0,9.849517457E-1,1.610937739E-1,-4.074948555E-2,4.752162537E-2,1.990475382E1,1.835526329E1,-5.484900692E0,4.637668943E0
5.203706625E0,9.851420808E-1,1.607068659E-1,-4.003640302E-2,4.544774754E-2,1.977815693E1,1.832314638E1,-5.364452104E0,4.416952896E0
5.213752625E0,9.852930508E-1,1.605310556E-1,-3.931899517E-2,4.337521841E-2,1.967716941E1,1.831523474E1,-5.244590723E0,4.195336977E0
5.223797625E0,9.854249705E-1,1.604563134E-1,-3.859792055E-2,4.124907849E-2,1.958850315E1,1.831898400E1,-5.123801525E0,3.967214778E0
5.233843625E0,9.855537712E-1,1.603844056E-1,-3.782533194E-2,3.911189610E-2,1.950154801E1,1.832284082E1,-4.997005262E0,3.738819393E0
5.243888625E0,9.856902006E-1,1.602395416E-1,-3.694023231E-2,3.706174694E-2,1.940902198E1,1.831761631E1,-4.858817895E0,3.522760337E0
5.253934625E0,9.858325305E-1,1.600166638E-1,-3.590797697E-2,3.520783352E-2,1.931202629E1,1.830226813E1,-4.707339963E0,3.332043746E0
5.263979625E0,9.859674426E-1,1.597810208E-1,-3.476065546E-2,3.361531485E-2,1.921963816E1,1.828407039E1,-4.547636986E0,3.173131807E0
5.274025625E0,9.860769822E-1,1.596355562E-1,-3.359071689E-2,3.225367661E-2,1.914430025E1,1.827505169E1,-4.389926691E0,3.040410847E0
5.284070625E0,9.861469460E-1,1.596768127E-1,-3.245492781E-2,3.105308149E-2,1.909602729E1,1.828672982E1,-4.239605526E0,2.924547230E0
5.294116625E0,9.861704218E-1,1.599461627E-1,-3.144200207E-2,2.994263847E-2,1.907980257E1,1.832412436E1,-4.105475511E0,2.815793723E0
5.304161625E0,9.861503177E-1,1.604184497E-1,-3.064160180E-2,2.888909370E-2,1.909369783E1,1.838436492E1,-3.996936628E0,2.708920702E0
5.314207625E0,9.861093931E-1,1.609531246E-1,-3.010894993E-2,2.785552653E-2,1.912195266E1,1.845123993E1,-3.919124807E0,2.599311616E0
5.324252625E0,9.860685528E-1,1.614284621E-1,-2.985503098E-2,2.680476345E-2,1.915010813E1,1.851079543E1,-3.872263923E0,2.482983088E0
5.334297625E0,9.860489546E-1,1.617344956E-1,-2.979382848E-2,2.572331746E-2,1.916360471E1,1.855047626E1,-3.846119277E0,2.360352781E0
5.344343625E0,9.860599127E-1,1.618327083E-1,-2.983092825E-2,2.461856427E-2,1.915605940E1,1.856593995E1,-3.830115075E0,2.234103771E0
5.354389625E0,9.861103204E-1,1.616779398E-1,-2.990015971E-2,2.350858487E-2,1.912131295E1,1.855196055E1,-3.817080401E0,2.107659849E0
5.364434625E0,9.862126951E-1,1.612044094E-1,-2.992942016E-2,2.240235654E-2,1.905055189E1,1.850092448E1,-3.798987372E0,1.983605193E0
5.374480625E0,9.863735696E-1,1.603871662E-1,-2.982170862E-2,2.130354605E-2,1.893882674E1,1.840997972E1,-3.764997433E0,1.864199538E0
5.384525625E0,9.865850203E-1,1.592764861E-1,-2.952776070E-2,2.022505034E-2,1.879097601E1,1.828492720E1,-3.709975097E0,1.751538996E0
5.394570625E0,9.868283341E-1,1.579839740E-1,-2.900804264E-2,1.922123885E-2,1.861940648E1,1.813854524E1,-3.630696723E0,1.651973071E0
5.404616625E0,9.870706785E-1,1.567018774E-1,-2.824991567E-2,1.838234798E-2,1.844694848E1,1.799285284E1,-3.527661934E0,1.575133752E0
5.414661625E0,9.872779145E-1,1.556344716E-1,-2.732333301E-2,1.770871490E-2,1.829819645E1,1.787156218E1,-3.409025452E0,1.519023131E0
5.424707625E0,9.874257235E-1,1.549311197E-1,-2.631733515E-2,1.715250294E-2,1.819136382E1,1.779215623E1,-3.284143778E0,1.476171583E0
5.434753625E0,9.875109023E-1,1.546032488E-1,-2.536478476E-2,1.663506608E-2,1.812951523E1,1.775615108E1,-3.166611992E0,1.435404271E0
5.444798625E0,9.875470221E-1,1.545581412E-1,-2.459081057E-2,1.606604148E-2,1.810322523E1,1.775298818E1,-3.068821769E0,1.384697440E0
5.454844625E0,9.875556201E-1,1.546471658E-1,-2.411736449E-2,1.538225101E-2,1.809696158E1,1.776553115E1,-3.003222409E0,1.315272395E0
5.464889625E0,9.875672948E-1,1.546621280E-1,-2.403146921E-2,1.459448426E-2,1.808845309E1,1.776957341E1,-2.979566743E0,1.227456193E0
5.474935625E0,9.876191775E-1,1.543550039E-1,-2.436910761E-2,1.374863916E-2,1.805059288E1,1.773626752E1,-3.002477561E0,1.126555798E0
5.484980625E0,9.877374838E-1,1.535582757E-1,-2.506925633E-2,1.288745260E-2,1.796396582E1,1.764618934E1,-3.065734823E0,1.019065465E0
5.495025625E0,9.879286197E-1,1.522312769E-1,-2.601802930E-2,1.207313334E-2,1.782312856E1,1.749457190E1,-3.157663381E0,9.143362048E-1
5.505071625E0,9.881780448E-1,1.504663196E-1,-2.710880555E-2,1.136270606E-2,1.763766390E1,1.729203621E1,-3.267404490E0,8.206245649E-1
5.515116625E0,9.884567197E-1,1.484784003E-1,-2.812335395E-2,1.079380790E-2,1.742813432E1,1.706339159E1,-3.371092958E0,7.454112772E-1
5.525162625E0,9.887278925E-1,1.465507510E-1,-2.882222245E-2,1.045300849E-2,1.722181751E1,1.684107710E1,-3.443168503E0,7.015830766E-1
5.535207625E0,9.889691833E-1,1.448149120E-1,-2.935634946E-2,1.033765256E-2,1.703615133E1,1.664029865E1,-3.500608635E0,6.856803518E-1
5.545253625E0,9.891772622E-1,1.432491355E-1,-3.000980474E-2,1.037107501E-2,1.687441249E1,1.645882389E1,-3.574212702E0,6.843075985E-1
5.555298625E0,9.893559227E-1,1.417870929E-1,-3.100661985E-2,1.047808586E-2,1.673430234E1,1.628926652E1,-3.688067564E0,6.855726890E-1
5.565344625E0,9.895051226E-1,1.404639189E-1,-3.219841156E-2,1.061565317E-2,1.661639725E1,1.613579735E1,-3.824652687E0,6.869790551E-1
5.575389625E0,9.896173175E-1,1.394443550E-1,-3.309982728E-2,1.082326855E-2,1.652718514E1,1.601716370E1,-3.929606276E0,7.001344657E-1
5.585435625E0,9.896732042E-1,1.389698816E-1,-3.330383383E-2,1.118446704E-2,1.648256774E1,1.596085082E1,-3.958185484E0,7.398394050E-1
5.595480625E0,9.896371265E-1,1.393239520E-1,-3.267620931E-2,1.180318278E-2,1.651138422E1,1.599933855E1,-3.897060872E0,8.187627531E-1
5.605526625E0,9.894711522E-1,1.407218629E-1,-3.131676798E-2,1.278065249E-2,1.664331522E1,1.615750707E1,-3.759645376E0,9.462143635E-1
5.615571625E0,9.891531542E-1,1.431869899E-1,-2.957106658E-2,1.410612873E-2,1.689323025E1,1.643858474E1,-3.585632707E0,1.115962288E0
5.625617625E0,9.886832590E-1,1.465820029E-1,-2.783270928E-2,1.563095956E-2,1.725594439E1,1.682749551E1,-3.417880912E0,1.305833625E0
5.635662625E0,9.880916859E-1,1.505958369E-1,-2.645854289E-2,1.719578775E-2,1.770209583E1,1.728867495E1,-3.294383373E0,1.493067562E0
5.645708625E0,9.874451111E-1,1.547276242E-1,-2.574168295E-2,1.867805027E-2,1.817730480E1,1.776405086E1,-3.245651777E0,1.659957151E0
5.655753625E0,9.868234029E-1,1.584613450E-1,-2.585746561E-2,2.002434705E-2,1.862289919E1,1.819340577E1,-3.289419886E0,1.798114567E0
5.665799625E0,9.863006977E-1,1.613773906E-1,-2.677954383E-2,2.123910352E-2,1.898951597E1,1.852764116E1,-3.421467458E0,1.909015270E0
5.675844625E0,9.859212075E-1,1.632756162E-1,-2.828600390E-2,2.236813329E-2,1.925134954E1,1.874327428E1,-3.616612280E0,2.002275451E0
5.685890625E0,9.856881354E-1,1.642104860E-1,-3.004703621E-2,2.347389801E-2,1.941042585E1,1.884654735E1,-3.838441126E0,2.091167928E0
5.695935625E0,9.855695342E-1,1.644406710E-1,-3.176100103E-2,2.456162388E-2,1.949087986E1,1.886770306E1,-4.053229461E0,2.181432438E0
5.705981333E0,9.855148275E-1,1.642912815E-1,-3.333819932E-2,2.564218478E-2,1.952787986E1,1.884457780E1,-4.251589409E0,2.275033664E0
5.716026333E0,9.854725964E-1,1.640600744E-1,-3.481710062E-2,2.675789615E-2,1.955639485E1,1.881161185E1,-4.439271215E0,2.374929609E0
5.726072333E0,9.853980386E-1,1.640119638E-1,-3.621774577E-2,2.791217189E-2,1.960663692E1,1.879959689E1,-4.619240692E0,2.479931438E0
5.736117333E0,9.852640117E-1,1.643172650E-1,-3.753006165E-2,2.908941767E-2,1.969663425E1,1.882845291E1,-4.790569450E0,2.587528887E0
5.746163333E0,9.850724964E-1,1.649723377E-1,-3.871600548E-2,3.028916986E-2,1.982453218E1,1.889782883E1,-4.949052741E0,2.698220264E0
5.756208333E0,9.848516890E-1,1.658235881E-1,-3.968216930E-2,3.154358651E-2,1.997098550E1,1.898982459E1,-5.084419799E0,2.818053365E0
5.766254333E0,9.846567599E-1,1.665771527E-1,-4.028857815E-2,3.286122343E-2,2.009939689E1,1.907037455E1,-5.180215986E0,2.952158557E0
5.776299333E0,9.845438485E-1,1.669604783E-1,-4.033687844E-2,3.421316789E-2,2.017340829E1,1.910822224E1,-5.212586215E0,3.102548492E0
5.786345333E0,9.845387908E-1,1.668513706E-1,-3.973389402E-2,3.557105506E-2,2.017671718E1,1.908963830E1,-5.169893833E0,3.268479873E0
5.796390333E0,9.846387632E-1,1.662399516E-1,-3.856612602E-2,3.692649771E-2,2.011121147E1,1.901373341E1,-5.061484948E0,3.447305308E0
5.806436333E0,9.848138412E-1,1.652356080E-1,-3.705310157E-2,3.828725086E-2,1.999598199E1,1.889317625E1,-4.912463138E0,3.634963488E0
5.816481333E0,9.850150924E-1,1.640531254E-1,-3.545698988E-2,3.968336522E-2,1.986270896E1,1.875253281E1,-4.753650428E0,3.828685795E0
5.826527333E0,9.851901704E-1,1.629568965E-1,-3.400499934E-2,4.109739198E-2,1.974604416E1,1.862215186E1,-4.611385038E0,4.020982148E0
5.836572333E0,9.852999629E-1,1.621744402E-1,-3.284161988E-2,4.248465550E-2,1.967253347E1,1.852817496E1,-4.502209748E0,4.203221968E0
5.846618333E0,9.853246610E-1,1.618177514E-1,-3.208455712E-2,4.382787556E-2,1.965595958E1,1.848310279E1,-4.439803675E0,4.371000569E0
5.856663333E0,9.852640959E-1,1.618864192E-1,-3.178220616E-2,4.513716741E-2,1.969657778E1,1.848642420E1,-4.430048782E0,4.524739194E0
5.866709333E0,9.851324292E-1,1.622937263E-1,-3.197167732E-2,4.639584090E-2,1.978459578E1,1.852777497E1,-4.476613733E0,4.662285380E0
5.876754333E0,9.849535158E-1,1.629104296E-1,-3.258884416E-2,4.758931321E-2,1.990358011E1,1.859223979E1,-4.571470475E0,4.783662616E0
5.886800333E0,9.847579966E-1,1.635746481E-1,-3.352064249E-2,4.869613159E-2,2.003280795E1,1.866138261E1,-4.700680558E0,4.889148993E0
5.896845333E0,9.845696002E-1,1.641771215E-1,-3.462524290E-2,4.969619202E-2,2.015655217E1,1.872305802E1,-4.847266560E0,4.979529252E0
5.906891333E0,9.844134040E-1,1.645949601E-1,-3.579680412E-2,5.057132918E-2,2.025857915E1,1.876343793E1,-4.998247914E0,5.055307092E0
5.916936333E0,9.843041172E-1,1.647586690E-1,-3.695842395E-2,5.132419833E-2,2.032966370E1,1.877472517E1,-5.144557770E0,5.118632407E0
5.926982333E0,9.842414448E-1,1.646840638E-1,-3.805511129E-2,5.195998354E-2,2.037031761E1,1.875896716E1,-5.280102972E0,5.171123200E0
5.937027333E0,9.842140072E-1,1.644463292E-1,-3.904908676E-2,5.249183462E-2,2.038809040E1,1.872502154E1,-5.401219052E0,5.214636527E0
5.947073333E0,9.842014896E-1,1.641633395E-1,-3.990938296E-2,5.296341571E-2,2.039619364E1,1.868652845E1,-5.505830831E0,5.254078633E0
5.957118333E0,9.841846309E-1,1.639567777E-1,-4.064589914E-2,5.335403270E-2,2.040710206E1,1.865775511E1,-5.595322371E0,5.286217763E0
5.967164333E0,9.841604386E-1,1.638496563E-1,-4.131123456E-2,5.361728192E-2,2.042274558E1,1.864147575E1,-5.674916308E0,5.304653624E0
5.977209333E0,9.841335067E-1,1.638009872E-1,-4.197638558E-2,5.374427038E-2,2.044014663E1,1.863274598E1,-5.752269021E0,5.307290923E0
5.987255333E0,9.841120540E-1,1.637455904E-1,-4.270623729E-2,5.373183705E-2,2.045399709E1,1.862379521E1,-5.834316486E0,5.292959163E0
5.997300333E0,9.841106210E-1,1.635884301E-1,-4.353414364E-2,5.357075180E-2,2.045492193E1,1.860352756E1,-5.924158337E0,5.260573391E0
6.007346333E0,9.841518406E-1,1.631917598E-1,-4.443545926E-2,5.328272024E-2,2.042830244E1,1.855590617E1,-6.018701928E0,5.213918318E0
6.017391333E0,9.842497477E-1,1.624735142E-1,-4.537773636E-2,5.287309502E-2,2.036493633E1,1.847148587E1,-6.113998587E0,5.154767825E0
6.027437333E0,9.844128139E-1,1.613727071E-1,-4.644533183E-2,5.227886660E-2,2.025896361E1,1.834331241E1,-6.218222006E0,5.074925803E0
6.037482333E0,9.846444951E-1,1.598475496E-1,-4.776795262E-2,5.140200142E-2,2.010744926E1,1.816681649E1,-6.344247040E0,4.961357439E0
6.047528333E0,9.849316838E-1,1.579838159E-1,-4.931625925E-2,5.018572766E-2,1.991805111E1,1.795265026E1,-6.488475158E0,4.807802462E0
6.057573333E0,9.852510304E-1,1.559633434E-1,-5.094468177E-2,4.858503250E-2,1.970532935E1,1.772294612E1,-6.634862874E0,4.610653505E0
6.067619333E0,9.855857185E-1,1.538589250E-1,-5.271833179E-2,4.657340557E-2,1.947992045E1,1.748643071E1,-6.791019957E0,4.365337336E0
6.077664333E0,9.859387827E-1,1.515290524E-1,-5.490589547E-2,4.414890811E-2,1.923930127E1,1.722639199E1,-6.987187560E0,4.068176775E0
6.087710333E0,9.863146904E-1,1.488343621E-1,-5.762962502E-2,4.135899747E-2,1.897979310E1,1.692670691E1,-7.238113791E0,3.723925338E0
6.097755333E0,9.867142426E-1,1.457833780E-1,-6.058714841E-2,3.836075496E-2,1.870005089E1,1.658847358E1,-7.512883539E0,3.355987295E0
6.107801333E0,9.871448569E-1,1.425261036E-1,-6.311717894E-2,3.532049204E-2,1.839384095E1,1.622889821E1,-7.740103611E0,2.993171094E0
6.117846333E0,9.876096102E-1,1.393357110E-1,-6.452804733E-2,3.238770359E-2,1.805758034E1,1.587853832E1,-7.844358282E0,2.660919649E0
6.127892333E0,9.880883563E-1,1.365202989E-1,-6.451532161E-2,2.968916732E-2,1.770457537E1,1.557126822E1,-7.793317800E0,2.374929964E0
6.137937333E0,9.885338485E-1,1.343415176E-1,-6.328863759E-2,2.734504390E-2,1.736969984E1,1.533557590E1,-7.612525062E0,2.142670233E0
6.147983333E0,9.888830351E-1,1.330100275E-1,-6.140710481E-2,2.545311402E-2,1.710266945E1,1.519471436E1,-7.366740802E0,1.964931581E0
6.158028333E0,9.890871101E-1,1.326805103E-1,-5.937032938E-2,2.403579980E-2,1.694467546E1,1.516647712E1,-7.112791723E0,1.836013120E0
6.168074333E0,9.891269811E-1,1.333901341E-1,-5.749854832E-2,2.299468834E-2,1.691363650E1,1.525603838E1,-6.885249818E0,1.740275551E0
6.178119333E0,9.890240163E-1,1.349659811E-1,-5.583200135E-2,2.232476419E-2,1.699367814E1,1.544352704E1,-6.688105134E0,1.678314372E0
6.188165333E0,9.888121862E-1,1.369767493E-1,-5.483581317E-2,2.192934246E-2,1.715718260E1,1.567970762E1,-6.572033302E0,1.635044505E0
6.198210333E0,9.885454810E-1,1.389418592E-1,-5.486174138E-2,2.152490130E-2,1.736086983E1,1.591078328E1,-6.571791758E0,1.575382521E0
6.208256333E0,9.882843391E-1,1.404210240E-1,-5.604792228E-2,2.084970878E-2,1.755803618E1,1.608755867E1,-6.698113865E0,1.469529159E0
6.218301333E0,9.880726355E-1,1.412194170E-1,-5.812276422E-2,1.978284561E-2,1.771627792E1,1.618860571E1,-6.917870294E0,1.308976307E0
6.228347333E0,9.879370491E-1,1.413512365E-1,-6.052460248E-2,1.836144314E-2,1.781689201E1,1.621557360E1,-7.168040831E0,1.107048829E0
6.238392333E0,9.878899710E-1,1.409378708E-1,-6.269614509E-2,1.671025606E-2,1.785169546E1,1.618145729E1,-7.387774856E0,8.864986427E-1
6.248438333E0,9.879276503E-1,1.401940579E-1,-6.418593609E-2,1.499091752E-2,1.782384563E1,1.610931397E1,-7.528850103E0,6.717501042E-1
6.258483333E0,9.880293928E-1,1.393944137E-1,-6.472462813E-2,1.333530502E-2,1.774842829E1,1.602921448E1,-7.563065917E0,4.801294851E-1
6.268529333E0,9.881570556E-1,1.387928965E-1,-6.435000324E-2,1.188844585E-2,1.765334524E1,1.596917653E1,-7.497092638E0,3.255118312E-1
6.278574333E0,9.882701356E-1,1.385271105E-1,-6.340023191E-2,1.061582176E-2,1.756869709E1,1.594575817E1,-7.368724873E0,1.974275952E-1
6.288620333E0,9.883481494E-1,1.386212771E-1,-6.215541420E-2,9.417629006E-3,1.751006173E1,1.596290202E1,-7.208091655E0,7.990981041E-2
6.298665333E0,9.883827520E-1,1.390441444E-1,-6.081745459E-2,8.217750376E-3,1.748399190E1,1.601783461E1,-7.036817001E0,-3.856731875E-2
6.308711333E0,9.883578432E-1,1.398281996E-1,-5.956736062E-2,6.975050547E-3,1.750276225E1,1.611494380E1,-6.874694039E0,-1.656704432E-1
6.318756333E0,9.882718215E-1,1.409687433E-1,-5.843098939E-2,5.705629617E-3,1.756743204E1,1.625362219E1,-6.724766523E0,-2.997991854E-1
6.328802333E0,9.881383846E-1,1.424047839E-1,-5.730076633E-2,4.482780954E-3,1.766728311E1,1.642606916E1,-6.575877432E0,-4.302952573E-1
6.338847333E0,9.879720310E-1,1.440594850E-1,-5.609389659E-2,3.405971122E-3,1.779098717E1,1.662254513E1,-6.420225494E0,-5.438156709E-1
6.348893333E0,9.877869220E-1,1.458292970E-1,-5.480881547E-2,2.589418079E-3,1.792764279E1,1.683035435E1,-6.259637999E0,-6.265458587E-1
6.358938333E0,9.875961232E-1,1.476206171E-1,-5.345744527E-2,2.082686519E-3,1.806742594E1,1.703846202E1,-6.096517048E0,-6.724104660E-1
6.368984333E0,9.874084855E-1,1.493644008E-1,-5.207001316E-2,1.872542332E-3,1.820385508E1,1.723913782E1,-5.934307654E0,-6.830257915E-1
6.379029333E0,9.872280126E-1,1.510172422E-1,-5.070709998E-2,1.868749116E-3,1.833412490E1,1.742813510E1,-5.778523063E0,-6.695110608E-1
6.389075333E0,9.870590881E-1,1.525333750E-1,-4.943828491E-2,1.923540019E-3,1.845523284E1,1.760119519E1,-5.634596614E0,-6.497177293E-1
6.399120333E0,9.869049571E-1,1.538818265E-1,-4.832475991E-2,1.930578543E-3,1.856505143E1,1.775543999E1,-5.507615316E0,-6.367591386E-1
6.409166333E0,9.867777579E-1,1.549844829E-1,-4.739309328E-2,1.840805756E-3,1.865519839E1,1.788205685E1,-5.399722603E0,-6.363825718E-1
6.419211333E0,9.866923262E-1,1.557532256E-1,-4.665336868E-2,1.639385967E-3,1.871550281E1,1.797084497E1,-5.311803866E0,-6.501154530E-1
6.429257333E0,9.866577658E-1,1.561356977E-1,-4.611335164E-2,1.320081442E-3,1.873984364E1,1.801572756E1,-5.244637447E0,-6.786574901E-1
6.439302333E0,9.866787971E-1,1.560933296E-1,-4.581470961E-2,9.107091026E-4,1.872503509E1,1.801216019E1,-5.203482811E0,-7.195012997E-1
6.449348333E0,9.867667997E-1,1.555354212E-1,-4.582310737E-2,4.431319652E-4,1.866294434E1,1.794960702E1,-5.196473682E0,-7.697870651E-1
6.459393333E0,9.869334483E-1,1.543987681E-1,-4.608015573E-2,-1.584721504E-5,1.854479993E1,1.782029087E1,-5.218331304E0,-8.205076480E-1
6.469439333E0,9.871786165E-1,1.526942442E-1,-4.650427947E-2,-4.084451089E-4,1.836962059E1,1.762504207E1,-5.260915322E0,-8.635819876E-1
6.479484333E0,9.875021357E-1,1.504765350E-1,-4.686086815E-2,-6.596403260E-4,1.813589030E1,1.736929731E1,-5.298924345E0,-8.865061903E-1
6.489530333E0,9.878980211E-1,1.478127435E-1,-4.699477396E-2,-6.311069096E-4,1.784574906E1,1.705978718E1,-5.316971013E0,-8.712282216E-1
6.499575333E0,9.883327658E-1,1.448281303E-1,-4.715072256E-2,-2.706249143E-4,1.752163949E1,1.671144316E1,-5.343286320E0,-8.167433288E-1
6.509621333E0,9.887632538E-1,1.418354406E-1,-4.722071794E-2,4.433426995E-4,1.719473253E1,1.636023363E1,-5.365336267E0,-7.204279723E-1
6.519666333E0,9.891499932E-1,1.391428786E-1,-4.710933436E-2,1.534608901E-3,1.689569608E1,1.604161823E1,-5.372096485E0,-5.797505464E-1
6.529712333E0,9.894661367E-1,1.369760091E-1,-4.674490636E-2,3.046964266E-3,1.664728580E1,1.578145041E1,-5.355768482E0,-3.899487828E-1
6.539757333E0,9.897029599E-1,1.354001805E-1,-4.614730620E-2,5.024536545E-3,1.645876317E1,1.558724075E1,-5.319237091E0,-1.468001606E-1
6.549803333E0,9.898615163E-1,1.343544645E-1,-4.546047062E-2,7.510526258E-3,1.633133685E1,1.545206735E1,-5.279670750E0,1.526608624E-1
6.559848333E0,9.899393616E-1,1.337886589E-1,-4.484818755E-2,1.045646453E-2,1.626841254E1,1.537061096E1,-5.255193691E0,5.007088487E-1
6.569894333E0,9.899307215E-1,1.337023211E-1,-4.441125117E-2,1.373527861E-2,1.627540848E1,1.534345462E1,-5.255718207E0,8.814069448E-1
6.579939333E0,9.898312970E-1,1.341008353E-1,-4.420366213E-2,1.723452071E-2,1.635569910E1,1.537159632E1,-5.286194512E0,1.281133280E0
6.589985333E0,9.896407511E-1,1.349345264E-1,-4.432522945E-2,2.095511805E-2,1.650849136E1,1.544895972E1,-5.358503051E0,1.698702967E0
6.600030333E0,9.893613175E-1,1.361026368E-1,-4.489595046E-2,2.499160603E-2,1.673005348E1,1.556284525E1,-5.488126932E0,2.143476202E0
6.610076333E0,9.889960308E-1,1.375134709E-1,-4.591787456E-2,2.946857072E-2,1.701536861E1,1.570127364E1,-5.677549377E0,2.629942520E0
6.620121333E0,9.885552169E-1,1.390909326E-1,-4.720648284E-2,3.440552611E-2,1.735347607E1,1.585478240E1,-5.906387194E0,3.163445512E0
6.630167333E0,9.880580527E-1,1.407447644E-1,-4.852058997E-2,3.972310969E-2,1.772712652E1,1.601320062E1,-6.146093128E0,3.739156683E0
6.640212333E0,9.875311328E-1,1.422900365E-1,-4.987910934E-2,4.525395633E-2,1.811479504E1,1.615572250E1,-6.395606049E0,4.338893961E0
6.650258333E0,9.870012626E-1,1.435133857E-1,-5.144756743E-2,5.084844471E-2,1.849650934E1,1.625773733E1,-6.670103531E0,4.944545744E0
6.660303333E0,9.864819713E-1,1.443150925E-1,-5.329538010E-2,5.644508257E-2,1.886317349E1,1.630737180E1,-6.975309742E0,5.549009350E0
6.670349333E0,9.859616684E-1,1.448404529E-1,-5.524372354E-2,6.203961310E-2,1.922360130E1,1.632180498E1,-7.290958316E0,6.153995387E0
6.680394333E0,9.854197021E-1,1.453683528E-1,-5.689536370E-2,6.766853545E-2,1.959205175E1,1.633490456E1,-7.573929163E0,6.768060250E0
6.690440333E0,9.848294776E-1,1.461896947E-1,-5.791092889E-2,7.338777850E-2,1.998565868E1,1.638235372E1,-7.788797226E0,7.400557418E0
6.700485333E0,9.841665077E-1,1.475278782E-1,-5.804674711E-2,7.926170048E-2,2.041882219E1,1.649216464E1,-7.911418929E0,8.060635420E0
6.710531083E0,9.834107726E-1,1.494713379E-1,-5.722138011E-2,8.536528065E-2,2.090176328E1,1.667617092E1,-7.935808769E0,8.757363514E0
6.720576083E0,9.825617665E-1,1.518701153E-1,-5.562075871E-2,9.172861183E-2,2.143147238E1,1.691722406E1,-7.883733537E0,9.492736239E0
6.730622083E0,9.816301104E-1,1.545082814E-1,-5.352327337E-2,9.830929432E-2,2.199824215E1,1.718993984E1,-7.785180606E0,1.025962174E1
6.740667083E0,9.806329159E-1,1.571675685E-1,-5.129411602E-2,1.050060914E-1,2.258932038E1,1.746758736E1,-7.678163956E0,1.104258965E1
6.750713083E0,9.795950498E-1,1.595991940E-1,-4.935048776E-2,1.117412842E-1,2.318871343E1,1.771807526E1,-7.605678344E0,1.182792362E1
6.760758083E0,9.785476585E-1,1.615524476E-1,-4.809640828E-2,1.184570052E-1,2.377849891E1,1.790778750E1,-7.608491622E0,1.260407349E1
6.770804083E0,9.775203290E-1,1.628699897E-1,-4.777437475E-2,1.250795816E-1,2.434330505E1,1.801472575E1,-7.709139825E0,1.335960572E1
6.780849083E0,9.765314797E-1,1.635287923E-1,-4.838174771E-2,1.315435595E-1,2.487502423E1,1.803480439E1,-7.904070682E0,1.408739449E1
6.790895083E0,9.755872217E-1,1.636610597E-1,-4.957544130E-2,1.377926727E-1,2.537252791E1,1.798636749E1,-8.153923551E0,1.478605420E1
6.800940083E0,9.746776927E-1,1.634264703E-1,-5.097853096E-2,1.438623247E-1,2.584282536E1,1.789168357E1,-8.418190400E0,1.546497271E1
6.810986083E0,9.737888578E-1,1.629134114E-1,-5.235142767E-2,1.498457863E-1,2.629443260E1,1.776329517E1,-8.672261823E0,1.613829163E1
6.821031083E0,9.728952603E-1,1.622106285E-1,-5.351209392E-2,1.558812993E-1,2.674090559E1,1.761306727E1,-8.899080557E0,1.682419461E1
6.831077083E0,9.719702634E-1,1.614316283E-1,-5.437344907E-2,1.620409348E-1,2.719548558E1,1.745523452E1,-9.091745759E0,1.753132608E1
6.841122083E0,9.709945639E-1,1.606890536E-1,-5.492438213E-2,1.683208995E-1,2.766703979E1,1.730360802E1,-9.250849829E0,1.825825640E1
6.851168083E0,9.699676981E-1,1.600444280E-1,-5.514899323E-2,1.746627358E-1,2.815495751E1,1.716671495E1,-9.374860973E0,1.899767028E1
6.861213083E0,9.688960302E-1,1.595422536E-1,-5.501767945E-2,1.809969435E-1,2.865548095E1,1.705153717E1,-9.460414413E0,1.974125517E1
6.871259083E0,9.677842806E-1,1.591778783E-1,-5.449187117E-2,1.873139975E-1,2.916583515E1,1.695908109E1,-9.503348247E0,2.048822687E1
6.881304083E0,9.666254951E-1,1.589385738E-1,-5.349347028E-2,1.936803632E-1,2.968864416E1,1.688957874E1,-9.496239110E0,2.124732354E1
6.891350083E0,9.654202639E-1,1.587585909E-1,-5.199529207E-2,2.001395364E-1,3.022302680E1,1.683663201E1,-9.435799456E0,2.202443263E1
6.901395083E0,9.641602417E-1,1.585734082E-1,-5.003538985E-2,2.067509439E-1,3.077200924E1,1.679268017E1,-9.326176827E0,2.282646844E1
6.911441083E0,9.628345547E-1,1.583487076E-1,-4.770034381E-2,2.135414755E-1,3.133946790E1,1.675288908E1,-9.176895471E0,2.365567268E1
6.921486083E0,9.614172826E-1,1.581456546E-1,-4.507260371E-2,2.205338484E-1,3.193525368E1,1.672329283E1,-8.999166685E0,2.451309562E1
6.931532083E0,9.598868041E-1,1.580242506E-1,-4.231202728E-2,2.277177366E-1,3.256670341E1,1.670799490E1,-8.812380097E0,2.539500420E1
6.941577083E0,9.582306858E-1,1.580598331E-1,-3.961183675E-2,2.350361154E-1,3.323683729E1,1.671180848E1,-8.639333779E0,2.629170468E1
6.951623083E0,9.564466940E-1,1.583358686E-1,-3.714580883E-2,2.424039746E-1,3.394432484E1,1.674036644E1,-8.500524211E0,2.719045475E1
6.961668083E0,9.545602432E-1,1.588930710E-1,-3.507108807E-2,2.496754439E-1,3.467719962E1,1.679463198E1,-8.412469763E0,2.807185979E1
6.971714083E0,9.526027329E-1,1.597209984E-1,-3.345356051E-2,2.567452827E-1,3.542213586E1,1.687127323E1,-8.380777998E0,2.892279152E1
6.981759083E0,9.505987345E-1,1.607427276E-1,-3.227681523E-2,2.635944828E-1,3.616937225E1,1.696084703E1,-8.401353127E0,2.974180098E1
6.991805083E0,9.485713447E-1,1.618319971E-1,-3.147205804E-2,2.702449604E-1,3.691044471E1,1.704968701E1,-8.463280732E0,3.053331174E1
7.001850083E0,9.465359469E-1,1.628837137E-1,-3.087681283E-2,2.767405063E-1,3.764027124E1,1.712942457E1,-8.546096938E0,3.130544590E1
7.011896083E0,9.445042370E-1,1.638178512E-1,-3.036212078E-2,2.831143531E-1,3.835542071E1,1.719417931E1,-8.633456201E0,3.206446321E1
7.021941083E0,9.424754984E-1,1.646165234E-1,-2.987190025E-2,2.893943600E-1,3.905694317E1,1.724330924E1,-8.718805591E0,3.281455391E1
7.031987083E0,9.404570227E-1,1.652806682E-1,-2.941901656E-2,2.955627831E-1,3.974310088E1,1.727670883E1,-8.802924073E0,3.355340886E1
7.042032083E0,9.384531507E-1,1.658069559E-1,-2.909216775E-2,3.016077791E-1,4.041322996E1,1.729129323E1,-8.894793457E0,3.427846130E1
7.052078083E0,9.364706684E-1,1.661561584E-1,-2.898098963E-2,3.075306547E-1,4.106588911E1,1.727958035E1,-9.002404680E0,3.498903272E1
7.062123083E0,9.345213134E-1,1.663138982E-1,-2.915599915E-2,3.133044147E-1,4.169810615E1,1.723755936E1,-9.131886481E0,3.568113675E1
7.072169083E0,9.326161705E-1,1.663186608E-1,-2.962290194E-2,3.188852685E-1,4.230725729E1,1.716935674E1,-9.283913128E0,3.634921549E1
7.082214083E0,9.307616459E-1,1.662645337E-1,-3.028986528E-2,3.242241574E-1,4.289229086E1,1.708872853E1,-9.450720233E0,3.698777278E1
7.092260083E0,9.289376357E-1,1.662574899E-1,-3.100449144E-2,3.293508789E-1,4.346037437E1,1.701232687E1,-9.620212968E0,3.760136584E1
7.102305083E0,9.270900864E-1,1.664115841E-1,-3.164524471E-2,3.343795037E-1,4.402867464E1,1.695600569E1,-9.785797526E0,3.820421705E1
7.112351083E0,9.251744489E-1,1.667696373E-1,-3.214749290E-2,3.394210044E-1,4.461064978E1,1.692580434E1,-9.944509247E0,3.881011101E1
7.122396083E0,9.231553620E-1,1.673391730E-1,-3.253831535E-2,3.445620770E-1,4.521635423E1,1.692076143E1,-1.010154693E1,3.942919697E1
7.132442083E0,9.210315191E-1,1.680646467E-1,-3.290461361E-2,3.498177679E-1,4.584529622E1,1.693134021E1,-1.026472115E1,4.006284598E1
7.142487083E0,9.188188096E-1,1.688522659E-1,-3.323083022E-2,3.551851691E-1,4.649198742E1,1.694768903E1,-1.042882013E1,4.071178531E1
7.152532083E0,9.165505294E-1,1.695725450E-1,-3.340773108E-2,3.606439657E-1,4.714621733E1,1.695993762E1,-1.057662797E1,4.137594851E1
7.162578083E0,9.142462347E-1,1.701074676E-1,-3.324936957E-2,3.662126180E-1,4.780218364E1,1.696244258E1,-1.068370923E1,4.206071724E1
7.172623083E0,9.119193283E-1,1.703534524E-1,-3.267442860E-2,3.719074791E-1,4.845609851E1,1.694759981E1,-1.073718730E1,4.276989555E1
7.182669083E0,9.095751206E-1,1.702212957E-1,-3.206515903E-2,3.777162421E-1,4.910659555E1,1.689125631E1,-1.077321207E1,4.349872217E1
7.192714083E0,9.072289320E-1,1.696033754E-1,-3.228565553E-2,3.835725888E-1,4.974964789E1,1.674702412E1,-1.087642408E1,4.423119944E1
7.202760083E0,9.050123449E-1,1.682452986E-1,-3.469179804E-2,3.891563719E-1,5.035010847E1,1.643258494E1,-1.117115480E1,4.491747195E1
7.212805083E0,9.031047786E-1,1.658664567E-1,-3.984849657E-2,3.940839285E-1,5.086154792E1,1.589455575E1,-1.169520501E1,4.551134546E1
7.222851083E0,9.015347452E-1,1.624622979E-1,-4.696343251E-2,3.982907530E-1,5.127891652E1,1.516418576E1,-1.236230899E1,4.601905522E1
7.232896083E0,9.001175153E-1,1.583116657E-1,-5.459389816E-2,4.021758495E-1,5.165296320E1,1.432763384E1,-1.303934525E1,4.650465565E1
7.242942083E0,8.985352594E-1,1.540266273E-1,-6.087155534E-2,4.064540707E-1,5.206760680E1,1.352323852E1,-1.356804396E1,4.706328639E1
7.252987083E0,8.963976134E-1,1.506187885E-1,-6.435593277E-2,4.118782437E-1,5.262296610E1,1.291571436E1,-1.385409378E1,4.778008918E1
7.263033083E0,8.934377666E-1,1.489410384E-1,-6.465109769E-2,4.188148142E-1,5.338306879E1,1.261409472E1,-1.390311938E1,4.868720100E1
7.273078083E0,8.896758443E-1,1.492477779E-1,-6.228015307E-2,4.269932205E-1,5.433491629E1,1.263129116E1,-1.378468539E1,4.974369101E1
7.283124083E0,8.853274275E-1,1.513122332E-1,-5.833308226E-2,4.357721140E-1,5.541631679E1,1.290560025E1,-1.360123472E1,5.086879554E1
7.293169083E0,8.806443015E-1,1.547015247E-1,-5.396179026E-2,4.445460131E-1,5.655963390E1,1.334578271E1,-1.344937884E1,5.198829968E1
7.303215083E0,8.758192039E-1,1.589386528E-1,-4.990979224E-2,4.529771108E-1,5.771584624E1,1.386845205E1,-1.338039612E1,5.306172288E1
7.313260083E0,8.709598408E-1,1.635727831E-1,-4.647252709E-2,4.609915026E-1,5.885925705E1,1.441004153E1,-1.340087361E1,5.408200361E1
7.323306083E0,8.660923856E-1,1.682087415E-1,-4.367149495E-2,4.687030272E-1,5.998464712E1,1.492409751E1,-1.349302513E1,5.506645171E1
7.333351083E0,8.612062593E-1,1.725002600E-1,-4.142814465E-2,4.762889120E-1,6.109541482E1,1.537414922E1,-1.363149035E1,5.604096454E1
7.343397083E0,8.562863523E-1,1.760947066E-1,-3.963176694E-2,4.839355515E-1,6.219572538E1,1.572526704E1,-1.378677299E1,5.703349100E1
7.353442083E0,8.513598493E-1,1.787359126E-1,-3.813602797E-2,4.917169977E-1,6.328023289E1,1.595702187E1,-1.392844530E1,5.805692544E1
7.363488083E0,8.465227293E-1,1.803207816E-1,-3.679788660E-2,4.995292638E-1,6.432909476E1,1.606849847E1,-1.403127572E1,5.909904335E1
7.373533083E0,8.418781887E-1,1.808887104E-1,-3.548905837E-2,5.072089675E-1,6.532202722E1,1.607459579E1,-1.407853699E1,6.013785062E1
7.383579083E0,8.374467321E-1,1.807273301E-1,-3.420075565E-2,5.146366436E-1,6.625705022E1,1.600874950E1,-1.408141696E1,6.115405552E1
7.393624083E0,8.332114479E-1,1.802243918E-1,-3.308826851E-2,5.217115295E-1,6.713988265E1,1.590432072E1,-1.407485424E1,6.212923761E1
7.403670083E0,8.291444035E-1,1.797374640E-1,-3.223241880E-2,5.283700994E-1,6.797810477E1,1.579402786E1,-1.408649873E1,6.305080494E1
7.413715083E0,8.252160327E-1,1.795278203E-1,-3.164820552E-2,5.345900786E-1,6.877920031E1,1.570316348E1,-1.413342652E1,6.391305177E1
7.423761083E0,8.214144818E-1,1.796728792E-1,-3.124539756E-2,5.403885472E-1,6.954671901E1,1.564380175E1,-1.421239930E1,6.471762064E1
7.433806083E0,8.177158746E-1,1.801420474E-1,-3.084870088E-2,5.458369230E-1,7.028641325E1,1.562168395E1,-1.430640327E1,6.547478534E1
7.443852083E0,8.140855137E-1,1.808042850E-1,-3.034139507E-2,5.510481279E-1,7.100592069E1,1.562875778E1,-1.439851043E1,6.620123356E1
7.453897083E0,8.104947602E-1,1.814551272E-1,-2.966041790E-2,5.561408265E-1,7.171140195E1,1.564665201E1,-1.447209393E1,6.691497498E1
7.463943083E0,8.069094226E-1,1.818815848E-1,-2.878838380E-2,5.612375500E-1,7.240987319E1,1.565359409E1,-1.451401342E1,6.763467740E1
7.473988083E0,8.033112830E-1,1.818958462E-1,-2.769878767E-2,5.664254688E-1,7.310503953E1,1.563183029E1,-1.451079326E1,6.837400492E1
7.484034083E0,7.996912585E-1,1.813844733E-1,-2.637909082E-2,5.717495746E-1,7.379874036E1,1.557117024E1,-1.445403567E1,6.914011340E1
7.494079083E0,7.960510563E-1,1.803163193E-1,-2.480377333E-2,5.772117851E-1,7.449071286E1,1.547141924E1,-1.433858636E1,6.993348172E1
7.504125083E0,7.924021507E-1,1.787268089E-1,-2.301692081E-2,5.827741576E-1,7.517886742E1,1.533521881E1,-1.416954464E1,7.074818400E1
7.514170083E0,7.887414335E-1,1.767712373E-1,-2.119050820E-2,5.883789403E-1,7.586389685E1,1.516851112E1,-1.397181811E1,7.157436504E1
7.524216083E0,7.850107736E-1,1.746940720E-1,-1.948480417E-2,5.940206227E-1,7.655665060E1,1.498481573E1,-1.377651184E1,7.240938502E1
7.534261083E0,7.811150351E-1,1.727160783E-1,-1.803295060E-2,5.997526994E-1,7.727443873E1,1.479517626E1,-1.361198886E1,7.325974706E1
7.544307083E0,7.769757773E-1,1.710163485E-1,-1.687116219E-2,6.056215796E-1,7.803098329E1,1.461255401E1,-1.349493184E1,7.413183433E1
7.554352083E0,7.725545623E-1,1.696842131E-1,-1.596197037E-2,6.116469879E-1,7.883231238E1,1.444646344E1,-1.342878922E1,7.502905214E1
7.564398083E0,7.678838328E-1,1.686944786E-1,-1.520022931E-2,6.177909184E-1,7.967152532E1,1.430131268E1,-1.340188190E1,7.594701780E1
7.574443083E0,7.630300120E-1,1.679227172E-1,-1.442515930E-2,6.240023734E-1,8.053589970E1,1.417683485E1,-1.339022902E1,7.687967819E1
7.584489083E0,7.580269598E-1,1.671647008E-1,-1.352223156E-2,6.302921689E-1,8.141886716E1,1.406185240E1,-1.336924079E1,7.783012818E1
7.594534083E0,7.528878998E-1,1.661836328E-1,-1.244788205E-2,6.367006920E-1,8.231768046E1,1.393743017E1,-1.331839618E1,7.880575237E1
7.604580083E0,7.476533718E-1,1.648168843E-1,-1.130749369E-2,6.432122695E-1,8.322497492E1,1.378224311E1,-1.323424089E1,7.980487665E1
7.614625083E0,7.423881030E-1,1.629932270E-1,-1.026048695E-2,6.497598983E-1,8.412951080E1,1.358024933E1,-1.312330498E1,8.081740846E1
7.624671083E0,7.370915006E-1,1.607096054E-1,-9.394095260E-3,6.563385235E-1,8.503151624E1,1.332554789E1,-1.299161317E1,8.184247862E1
7.634716083E0,7.317401601E-1,1.580693424E-1,-8.702944896E-3,6.629439857E-1,8.593504626E1,1.302839711E1,-1.284526554E1,8.287922334E1
7.644762083E0,7.262804257E-1,1.552432329E-1,-8.065879476E-3,6.695903224E-1,8.684906274E1,1.271321801E1,-1.268641603E1,8.392966835E1
7.654807083E0,7.206152307E-1,1.524033941E-1,-7.350958289E-3,6.763377642E-1,8.778940318E1,1.240446758E1,-1.251802647E1,8.500338603E1
7.664853083E0,7.146146917E-1,1.496634538E-1,-6.435713132E-3,6.832900633E-1,8.877673871E1,1.211999985E1,-1.234074904E1,8.611747003E1
7.674898083E0,7.081843016E-1,1.471297855E-1,-5.352180877E-3,6.905064079E-1,8.982524703E1,1.186565421E1,-1.216740853E1,8.728261579E1
7.684944083E0,7.012625280E-1,1.448805978E-1,-4.127035211E-3,6.980138541E-1,9.094323047E1,1.164539422E1,-1.200784391E1,8.850497593E1
7.694989083E0,6.938498114E-1,1.429743854E-1,-2.760586967E-3,7.057783283E-1,9.212873448E1,1.146427967E1,-1.186739463E1,8.978111148E1
7.705035583E0,6.860079305E-1,1.414560294E-1,-1.285715956E-3,7.137097291E-1,9.337014637E1,1.132423565E1,-1.175230346E1,9.109832891E1
7.715080583E0,6.778345068E-1,1.402710444E-1,3.333710350E-4,7.217093392E-1,9.465069071E1,1.122461402E1,-1.165498547E1,9.244196615E1
7.725126583E0,6.693600031E-1,1.392740028E-1,2.129116541E-3,7.297638917E-1,9.596462253E1,1.115607734E1,-1.156175365E1,9.381117096E1
7.735171583E0,6.605624807E-1,1.382950368E-1,4.109049044E-3,7.379124370E-1,9.731443024E1,1.110506221E1,-1.145923525E1,9.521393409E1
7.745217583E0,6.513999533E-1,1.371915059E-1,6.245356891E-3,7.462021873E-1,9.870552860E1,1.105768365E1,-1.133871782E1,9.665998238E1
7.755262583E0,6.418564686E-1,1.358108700E-1,8.561558024E-3,7.546539001E-1,1.001392172E2,1.100475372E1,-1.118571789E1,9.815469039E1
7.765308583E0,6.319684807E-1,1.340246971E-1,1.093057970E-2,7.632390446E-1,1.016089935E2,1.092742723E1,-1.099773558E1,9.969476482E1
7.775353583E0,6.218203204E-1,1.318627587E-1,1.298311541E-2,7.718699184E-1,1.031016278E2,1.079830066E1,-1.080199188E1,1.012660574E2
7.785399583E0,6.115700014E-1,1.295768558E-1,1.416550837E-2,7.803788982E-1,1.045937779E2,1.058934920E1,-1.065598366E1,1.028392156E2
7.795444583E0,6.014266247E-1,1.275110070E-1,1.390425059E-2,7.885643009E-1,1.060557188E2,1.027446696E1,-1.062478219E1,1.043775932E2
7.805490583E0,5.915626395E-1,1.259175611E-1,1.192635168E-2,7.962764366E-1,1.074640471E2,9.844024877E0,-1.074393308E1,1.058539236E2
7.815535583E0,5.820104672E-1,1.248434961E-1,8.647405886E-3,8.034943478E-1,1.088158544E2,9.333954906E0,-1.098525249E1,1.072651602E2
7.825581583E0,5.726429403E-1,1.240821343E-1,4.978849361E-3,8.103448649E-1,1.101305352E2,8.808380251E0,-1.126788314E1,1.086342799E2
7.835626583E0,5.631896340E-1,1.232258579E-1,2.065079673E-3,8.170853472E-1,1.114466590E2,8.341721254E0,-1.148117859E1,1.100055458E2
7.845672583E0,5.534380334E-1,1.219590026E-1,7.958852822E-4,8.239124623E-1,1.127936047E2,7.996822659E0,-1.154199619E1,1.114104506E2
7.855717583E0,5.432703063E-1,1.202696200E-1,1.311868075E-3,8.308976808E-1,1.141869170E2,7.790631905E0,-1.144563814E1,1.128619105E2
7.865763583E0,5.326914895E-1,1.183882373E-1,2.946301787E-3,8.379828611E-1,1.156250221E2,7.679955502E0,-1.126082896E1,1.143548743E2
7.875808583E0,5.218367267E-1,1.165019446E-1,4.794367337E-3,8.450388441E-1,1.170889273E2,7.593776721E0,-1.106331222E1,1.158703562E2
7.885854583E0,5.109211882E-1,1.147757625E-1,6.187220582E-3,8.519083695E-1,1.185495818E2,7.479801487E0,-1.090811394E1,1.173794558E2
7.895899583E0,5.001926868E-1,1.133510989E-1,6.794446033E-3,8.584362630E-1,1.199745022E2,7.315084749E0,-1.082514132E1,1.188490721E2
7.905945583E0,4.898285028E-1,1.122547224E-1,6.680660079E-3,8.645358603E-1,1.213413796E2,7.106720579E0,-1.080993918E1,1.202567137E2
7.915990583E0,4.798921515E-1,1.114281595E-1,6.229530749E-3,8.702002914E-1,1.226432830E2,6.887840137E0,-1.083320928E1,1.215949986E2
7.926036583E0,4.702442742E-1,1.107532725E-1,5.844340164E-3,8.755398335E-1,1.238996919E2,6.689166388E0,-1.086183237E1,1.228836741E2
7.936081583E0,4.606981395E-1,1.100574333E-1,5.786488346E-3,8.806879446E-1,1.251356673E2,6.524974092E0,-1.086647589E1,1.241495495E2
7.946127583E0,4.511070551E-1,1.091508230E-1,6.257194887E-3,8.857479898E-1,1.263705327E2,6.404378759E0,-1.081945917E1,1.254138539E2
7.956172583E0,4.414230581E-1,1.078793474E-1,7.358112717E-3,8.907601774E-1,1.276105737E2,6.330723499E0,-1.070154851E1,1.266843256E2
7.966218583E0,4.317065868E-1,1.061633069E-1,9.120999486E-3,8.956984604E-1,1.288481735E2,6.306258390E0,-1.050407346E1,1.279536866E2
7.976263583E0,4.220848195E-1,1.040062680E-1,1.148947852E-2,9.004971109E-1,1.300674380E2,6.329399123E0,-1.023090704E1,1.292055718E2
7.986309583E0,4.126788231E-1,1.014554775E-1,1.431741615E-2,9.050955849E-1,1.312535485E2,6.390837010E0,-9.894632892E0,1.304249468E2
7.996354583E0,4.035789181E-1,9.863086160E-2,1.736955131E-2,9.094473103E-1,1.323957891E2,6.474252322E0,-9.519262167E0,1.316006310E2
8.006400583E0,3.948338896E-1,9.573037081E-2,2.042051689E-2,9.135233109E-1,1.334887708E2,6.566430023E0,-9.135998838E0,1.327258300E2
8.016445583E0,3.864230434E-1,9.293437785E-2,2.327686413E-2,9.173323113E-1,1.345357740E2,6.654667969E0,-8.772643706E0,1.338027966E2
8.026491583E0,3.783027576E-1,9.042592387E-2,2.582303954E-2,9.208926452E-1,1.355428178E2,6.733484041E0,-8.453533793E0,1.348360640E2
8.036536583E0,3.704130362E-1,8.829381227E-2,2.806070793E-2,9.242353118E-1,1.365178149E2,6.804824825E0,-8.187929486E0,1.358327329E2
8.046582583E0,3.626916071E-1,8.663247570E-2,3.007907045E-2,9.273859994E-1,1.374688217E2,6.880109049E0,-7.982153036E0,1.367994297E2
8.056627583E0,3.550842484E-1,8.550295859E-2,3.202128416E-2,9.303649598E-1,1.384027843E2,6.975143770E0,-7.837119425E0,1.377417856E2
8.066673583E0,3.475767989E-1,8.487948026E-2,3.396109286E-2,9.331839939E-1,1.393216545E2,7.095045031E0,-7.747527376E0,1.386619230E2
8.076718583E0,3.402027231E-1,8.465182933E-2,3.594634114E-2,9.358440290E-1,1.402215489E2,7.239322845E0,-7.699858137E0,1.395572381E2
8.086763583E0,3.329810713E-1,8.469053858E-2,3.797214258E-2,9.383545060E-1,1.411003708E2,7.401356147E0,-7.680649180E0,1.404273721E2
8.096809583E0,3.259493332E-1,8.490808217E-2,3.993857492E-2,9.407191550E-1,1.419538001E2,7.566445430E0,-7.684229491E0,1.412697827E2
8.106854583E0,3.191807390E-1,8.528143344E-2,4.169157430E-2,9.429276288E-1,1.427732266E2,7.716963039E0,-7.713180147E0,1.420771072E2
8.116900583E0,3.127627434E-1,8.581403263E-2,4.312589478E-2,9.449631951E-1,1.435483893E2,7.841691343E0,-7.770523858E0,1.428397065E2
8.126945583E0,3.067844236E-1,8.649364134E-2,4.420675993E-2,9.468092692E-1,1.442688973E2,7.936528575E0,-7.854740453E0,1.435476148E2
8.136991583E0,3.012751351E-1,8.727717101E-2,4.495027380E-2,9.484701290E-1,1.449315864E2,8.001435122E0,-7.959597926E0,1.441982241E2
8.147036583E0,2.962110859E-1,8.812299109E-2,4.541228097E-2,9.499637501E-1,1.455396528E2,8.040554517E0,-8.078172006E0,1.447949919E2
8.157082583E0,2.914994054E-1,8.896875717E-2,4.566743272E-2,9.513292237E-1,1.461045108E2,8.058955713E0,-8.201398839E0,1.453498189E2
8.167127583E0,2.870175095E-1,8.974906919E-2,4.578183507E-2,9.526122581E-1,1.466410347E2,8.060562811E0,-8.320587651E0,1.458781175E2
8.177173583E0,2.826728649E-1,9.042414580E-2,4.582426641E-2,9.538446951E-1,1.471604108E2,8.050878793E0,-8.429631615E0,1.463912266E2
8.187218583E0,2.784022722E-1,9.096564061E-2,4.586666351E-2,9.550464071E-1,1.476702591E2,8.036490639E0,-8.523442290E0,1.468966550E2
8.197264583E0,2.741812443E-1,9.138072121E-2,4.599235858E-2,9.562211452E-1,1.481735448E2,8.026877381E0,-8.600262392E0,1.473966441E2
8.207309583E0,2.700435407E-1,9.169047420E-2,4.622455084E-2,9.573571503E-1,1.486662844E2,8.025855306E0,-8.661454417E0,1.478866819E2
8.217355583E0,2.660883118E-1,9.193848997E-2,4.655029066E-2,9.584244771E-1,1.491367390E2,8.034528379E0,-8.711500069E0,1.483544189E2
8.227400583E0,2.624283638E-1,9.217508920E-2,4.694484048E-2,9.593911572E-1,1.495715968E2,8.052952578E0,-8.755868365E0,1.487859556E2
8.237446583E0,2.591159587E-1,9.240438123E-2,4.735948908E-2,9.602486770E-1,1.499647745E2,8.076378144E0,-8.796134871E0,1.491754752E2
8.247491583E0,2.561797352E-1,9.264043783E-2,4.777628716E-2,9.609927585E-1,1.503129975E2,8.103561929E0,-8.834157180E0,1.495196232E2
8.257537583E0,2.535980090E-1,9.285669331E-2,4.820023178E-2,9.616353083E-1,1.506189471E2,8.134052688E0,-8.867014354E0,1.498214181E2
8.267582583E0,2.512700278E-1,9.307878086E-2,4.866752969E-2,9.622012140E-1,1.508946428E2,8.171819231E0,-8.897289514E0,1.500923091E2
8.277628583E0,2.490108303E-1,9.334579826E-2,4.923428231E-2,9.627336551E-1,1.511620281E2,8.222669065E0,-8.929239314E0,1.503534152E2
8.287673583E0,2.466793509E-1,9.369265893E-2,4.998469378E-2,9.632613337E-1,1.514378002E2,8.295793998E0,-8.965554298E0,1.506203796E2
8.297719583E0,2.442169213E-1,9.412158082E-2,5.095886155E-2,9.637958822E-1,1.517288781E2,8.395187917E0,-9.006003295E0,1.508997812E2
8.307764583E0,2.416252273E-1,9.460212470E-2,5.215245371E-2,9.643380592E-1,1.520350351E2,8.519436419E0,-9.047553716E0,1.511917621E2
8.317810583E0,2.389711981E-1,9.510597051E-2,5.349624144E-2,9.648760637E-1,1.523483448E2,8.660550690E0,-9.088671154E0,1.514892571E2
8.327855583E0,2.363537102E-1,9.558481798E-2,5.486030707E-2,9.653967459E-1,1.526571344E2,8.803442679E0,-9.126902089E0,1.517822354E2
8.337901583E0,2.338635479E-1,9.598310965E-2,5.611687980E-2,9.658913392E-1,1.529507154E2,8.932987547E0,-9.158788547E0,1.520617855E2
8.347946583E0,2.316225157E-1,9.634473620E-2,5.709640812E-2,9.663378429E-1,1.532147703E2,9.032597789E0,-9.192588875E0,1.523143606E2
8.357992583E0,2.297137692E-1,9.673612105E-2,5.770489402E-2,9.667181761E-1,1.534395585E2,9.094406903E0,-9.237191356E0,1.525300797E2
8.368037583E0,2.281411017E-1,9.724630338E-2,5.795383965E-2,9.670244151E-1,1.536246894E2,9.122282594E0,-9.301856296E0,1.527072503E2
8.378083583E0,2.268022228E-1,9.790403261E-2,5.795978631E-2,9.672726178E-1,1.537822440E2,9.129143889E0,-9.387397873E0,1.528566891E2
8.388128583E0,2.255526530E-1,9.863831501E-2,5.790154990E-2,9.674936359E-1,1.539292435E2,9.131650841E0,-9.482374137E0,1.529949944E2
8.398174583E0,2.243073401E-1,9.936144034E-2,5.791489860E-2,9.677082898E-1,1.540756988E2,9.141745018E0,-9.574174696E0,1.531322855E2
8.408219583E0,2.230892119E-1,1.000028192E-1,5.803497629E-2,9.679165795E-1,1.542189153E2,9.161616517E0,-9.653817934E0,1.532665104E2
8.418265583E0,2.219256638E-1,1.005054230E-1,5.819146490E-2,9.681226355E-1,1.543556766E2,9.182026884E0,-9.716590467E0,1.533958529E2
8.428310583E0,2.208753644E-1,1.008429205E-1,5.829860614E-2,9.683212314E-1,1.544790949E2,9.193194272E0,-9.761262565E0,1.535145147E2
8.438356583E0,2.199648238E-1,1.009819801E-1,5.833363412E-2,9.685119038E-1,1.545860661E2,9.191932854E0,-9.784435463E0,1.536200669E2
8.448401583E0,2.192012072E-1,1.009016719E-1,5.828959857E-2,9.686960855E-1,1.546757592E2,9.177000697E0,-9.783854279E0,1.537120255E2
8.458447583E0,2.185653799E-1,1.005553723E-1,5.822070955E-2,9.688798458E-1,1.547504304E2,9.153074435E0,-9.753056801E0,1.537927947E2
8.468492583E0,2.180723039E-1,9.997805005E-2,5.814344910E-2,9.690553874E-1,1.548083294E2,9.123207247E0,-9.695361786E0,1.538599449E2
8.478538583E0,2.177219372E-1,9.923582561E-2,5.808696969E-2,9.692138174E-1,1.548494669E2,9.092572807E0,-9.617381294E0,1.539122465E2
8.488583583E0,2.174402276E-1,9.841679381E-2,5.810515869E-2,9.693593926E-1,1.548825408E2,9.068991624E0,-9.528238946E0,1.539567422E2
8.498629583E0,2.171792122E-1,9.760661548E-2,5.820090580E-2,9.694941361E-1,1.549131833E2,9.054703251E0,-9.437871246E0,1.539979251E2
8.508674583E0,2.169442014E-1,9.690726755E-2,5.833740363E-2,9.696086069E-1,1.549407713E2,9.048419389E0,-9.358557182E0,1.540340948E2
8.518720583E0,2.167536133E-1,9.636528542E-2,5.856592911E-2,9.696915519E-1,1.549631434E2,9.057371166E0,-9.293998601E0,1.540620474E2
8.528765583E0,2.165952676E-1,9.599683767E-2,5.896581841E-2,9.697392200E-1,1.549817300E2,9.090816330E0,-9.244067095E0,1.540823269E2
8.538811583E0,2.164670569E-1,9.581938100E-2,5.957073896E-2,9.697484080E-1,1.549967789E2,9.152999417E0,-9.209866861E0,1.540946839E2
8.548856583E0,2.163823839E-1,9.582678172E-2,6.039062819E-2,9.697158285E-1,1.550067173E2,9.244989786E0,-9.190328534E0,1.540975275E2
8.558902583E0,2.163563371E-1,9.602780902E-2,6.139802480E-2,9.696385312E-1,1.550097744E2,9.364075405E0,-9.186977620E0,1.540891621E2
8.568947583E0,2.164208639E-1,9.646379578E-2,6.252276745E-2,9.695090139E-1,1.550022008E2,9.503799580E0,-9.205884892E0,1.540657618E2
8.578993583E0,2.166157931E-1,9.719594185E-2,6.365443931E-2,9.693186366E-1,1.549793208E2,9.653817587E0,-9.256269315E0,1.540225796E2
8.589038583E0,2.169791411E-1,9.830004440E-2,6.465875393E-2,9.690595599E-1,1.549366698E2,9.801540423E0,-9.349595865E0,1.539550437E2
8.599084583E0,2.175430238E-1,9.982850908E-2,6.539313247E-2,9.687275692E-1,1.548704724E2,9.932823152E0,-9.495004808E0,1.538596280E2
8.609129583E0,2.183720944E-1,1.017680412E-1,6.568208336E-2,9.683196299E-1,1.547731275E2,1.002838454E1,-9.694904422E0,1.537302704E2
8.619175583E0,2.195847436E-1,1.040845110E-1,6.531752892E-2,9.678236457E-1,1.546307117E2,1.006533699E1,-9.949809863E0,1.535553080E2
8.629220583E0,2.212771924E-1,1.066772850E-1,6.418804080E-2,9.672313139E-1,1.544318806E2,1.002976401E1,-1.025075557E1,1.533260663E2
8.639266583E0,2.234961397E-1,1.094035039E-1,6.233326073E-2,9.665376611E-1,1.541710770E2,9.923174206E0,-1.058084498E1,1.530390796E2
8.649311583E0,2.261770164E-1,1.120730141E-1,5.997142246E-2,9.657571858E-1,1.538557988E2,9.764575798E0,-1.091440540E1,1.527030547E2
8.659357583E0,2.291555342E-1,1.144761221E-1,5.737215256E-2,9.649307704E-1,1.535052807E2,9.576680650E0,-1.122303835E1,1.523381870E2
8.669402583E0,2.321925518E-1,1.164895218E-1,5.477915990E-2,9.641141330E-1,1.531476182E2,9.380403926E0,-1.148899790E1,1.519723249E2
8.679448583E0,2.350624993E-1,1.181002400E-1,5.246264003E-2,9.633511908E-1,1.528093862E2,9.202699041E0,-1.170542523E1,1.516296406E2
8.689493583E0,2.376570593E-1,1.193921437E-1,5.060064758E-2,9.626548405E-1,1.525034015E2,9.064345015E0,-1.187725046E1,1.513197780E2
8.699539583E0,2.399736609E-1,1.205267158E-1,4.924498366E-2,9.620088558E-1,1.522300284E2,8.975701763E0,-1.202043477E1,1.510398631E2
8.709584125E0,2.421062914E-1,1.216677310E-1,4.829905560E-2,9.613785918E-1,1.519782224E2,8.931927198E0,-1.215461451E1,1.507770953E2
8.719630125E0,2.441816865E-1,1.228604289E-1,4.760758913E-2,9.607362738E-1,1.517330418E2,8.918466802E0,-1.228784689E1,1.505172437E2
8.729675125E0,2.462667332E-1,1.239350524E-1,4.701130079E-2,9.600950938E-1,1.514865878E2,8.912736107E0,-1.240521562E1,1.502567165E2
8.739721125E0,2.483437721E-1,1.245801836E-1,4.636655937E-2,9.595077775E-1,1.512409465E2,8.888049861E0,-1.247664389E1,1.500043160E2
8.749766125E0,2.502987958E-1,1.244238162E-1,4.559977386E-2,9.590567219E-1,1.510096118E2,8.822074883E0,-1.246433513E1,1.497806533E2
8.759812125E0,2.519588127E-1,1.231256722E-1,4.477246283E-2,9.588285178E-1,1.508130901E2,8.707826374E0,-1.233054200E1,1.496111868E2
8.769857125E0,2.531563521E-1,1.205972274E-1,4.396140205E-2,9.588721187E-1,1.506712644E2,8.548699874E0,-1.206471827E1,1.495160265E2
8.779902125E0,2.537931699E-1,1.170422013E-1,4.324374922E-2,9.591767772E-1,1.505958269E2,8.359292117E0,-1.168777671E1,1.495018561E2
8.789948125E0,2.539253846E-1,1.128769442E-1,4.266215432E-2,9.596669029E-1,1.505801630E2,8.159640480E0,-1.124370287E1,1.495541047E2
8.799993125E0,2.536915750E-1,1.085903779E-1,4.225057981E-2,9.602414277E-1,1.506078627E2,7.971920723E0,-1.078410066E1,1.496480325E2
8.810039125E0,2.531967710E-1,1.046502192E-1,4.198965657E-2,9.608208626E-1,1.506664768E2,7.810602553E0,-1.036026198E1,1.497647558E2
8.820084125E0,2.525041297E-1,1.014564074E-1,4.177440998E-2,9.613549474E-1,1.507485134E2,7.677307347E0,-1.001900428E1,1.498928820E2
8.830130125E0,2.517048147E-1,9.920402977E-2,4.159623155E-2,9.618071410E-1,1.508431654E2,7.577804670E0,-9.781443546E0,1.500198339E2
8.840175125E0,2.508712343E-1,9.786583835E-2,4.153217624E-2,9.621647148E-1,1.509418534E2,7.520085095E0,-9.641778085E0,1.501374072E2
8.850221125E0,2.500260214E-1,9.726570147E-2,4.165073269E-2,9.624404395E-1,1.510418960E2,7.506101853E0,-9.578419283E0,1.502450451E2
8.860266125E0,2.490994651E-1,9.713101858E-2,4.194322391E-2,9.626816038E-1,1.511515408E2,7.525425031E0,-9.562095722E0,1.503548348E2
8.870312125E0,2.479436721E-1,9.723038505E-2,4.232287746E-2,9.629532402E-1,1.512882748E2,7.559542039E0,-9.570975679E0,1.504881652E2
8.880357125E0,2.464123085E-1,9.742462670E-2,4.266234135E-2,9.633116570E-1,1.514693757E2,7.588343088E0,-9.594581817E0,1.506653754E2
8.890403125E0,2.444419433E-1,9.770984496E-2,4.281616681E-2,9.637778012E-1,1.517022866E2,7.594687211E0,-9.637208326E0,1.508953030E2
8.900448125E0,2.420680221E-1,9.808705662E-2,4.271582833E-2,9.643429483E-1,1.519827422E2,7.571121343E0,-9.700550521E0,1.511742955E2
8.910494125E0,2.393854594E-1,9.856726201E-2,4.233391993E-2,9.649802086E-1,1.522994549E2,7.515647933E0,-9.785648292E0,1.514911529E2
8.920539125E0,2.365068718E-1,9.922550622E-2,4.168837246E-2,9.656504699E-1,1.526390713E2,7.433418041E0,-9.899188063E0,1.518314242E2
8.930585125E0,2.335224535E-1,1.000939736E-1,4.084452933E-2,9.663229651E-1,1.529909151E2,7.333344487E0,-1.004199701E1,1.521834745E2
8.940630125E0,2.305061300E-1,1.011339682E-1,3.990051368E-2,9.669782221E-1,1.533462569E2,7.225814099E0,-1.020636441E1,1.525382270E2
8.950676125E0,2.274939790E-1,1.022496427E-1,3.899506767E-2,9.676109306E-1,1.537008469E2,7.123881455E0,-1.037753343E1,1.528913250E2
8.960721125E0,2.244739887E-1,1.032701680E-1,3.832624723E-2,9.682343668E-1,1.540561025E2,7.044862864E0,-1.053131875E1,1.532443752E2
8.970767125E0,2.213814637E-1,1.040801067E-1,3.804194303E-2,9.688706578E-1,1.544196281E2,7.001692603E0,-1.065161535E1,1.536048760E2
8.980812125E0,2.181448808E-1,1.046194731E-1,3.821075960E-2,9.695399076E-1,1.547998075E2,6.999995047E0,-1.073078496E1,1.539811756E2
8.990858125E0,2.147477184E-1,1.049345418E-1,3.880926592E-2,9.702402617E-1,1.551985462E2,7.038604219E0,-1.077513642E1,1.543747053E2
9.000903125E0,2.112153067E-1,1.051341730E-1,3.975778865E-2,9.709553252E-1,1.556128363E2,7.112076799E0,-1.079912207E1,1.547818040E2
9.010949125E0,2.075827120E-1,1.052865971E-1,4.095253590E-2,9.716723695E-1,1.560385390E2,7.211076492E0,-1.081311048E1,1.551984761E2
9.020994125E0,2.038808700E-1,1.054135750E-1,4.229755774E-2,9.723844827E-1,1.564720118E2,7.325747023E0,-1.082195634E1,1.556217084E2
9.031040125E0,2.001569852E-1,1.055250060E-1,4.373508664E-2,9.730822237E-1,1.569077215E2,7.450376459E0,-1.082799536E1,1.560463711E2
9.041085125E0,1.964643312E-1,1.055694209E-1,4.524772386E-2,9.737605351E-1,1.573394431E2,7.582312747E0,-1.082556254E1,1.564669717E2
9.051131125E0,1.928482159E-1,1.054386102E-1,4.675863307E-2,9.744259496E-1,1.577619006E2,7.710699220E0,-1.080398292E1,1.568803225E2
9.061176125E0,1.893650739E-1,1.050539860E-1,4.815609876E-2,9.750823024E-1,1.581685341E2,7.821689858E0,-1.075643634E1,1.572819436E2
9.071222125E0,1.860846582E-1,1.044587223E-1,4.927026387E-2,9.757219652E-1,1.585512462E2,7.897975774E0,-1.069077812E1,1.576648704E2
9.081267125E0,1.830444796E-1,1.037636550E-1,4.998773230E-2,9.763345696E-1,1.589057148E2,7.929811330E0,-1.062126390E1,1.580244831E2
9.091313125E0,1.802856733E-1,1.030900825E-1,5.027888537E-2,9.769040157E-1,1.592272002E2,7.917094708E0,-1.056139985E1,1.583547346E2
9.101358125E0,1.778245502E-1,1.025694872E-1,5.015759464E-2,9.774160156E-1,1.595138568E2,7.864489793E0,-1.052517959E1,1.586520152E2
9.111404125E0,1.756297531E-1,1.023524389E-1,4.973676099E-2,9.778569981E-1,1.597693842E2,7.787758555E0,-1.052715932E1,1.589171448E2
9.121449125E0,1.736446365E-1,1.025442465E-1,4.922202417E-2,9.782174379E-1,1.600004120E2,7.711869992E0,-1.057525719E1,1.591536069E2
9.131495125E0,1.718282760E-1,1.031132896E-1,4.880705947E-2,9.784990631E-1,1.602117282E2,7.657524324E0,-1.066227796E1,1.593647434E2
9.141540125E0,1.701684488E-1,1.039457531E-1,4.862159226E-2,9.787103874E-1,1.604047737E2,7.636720793E0,-1.077296808E1,1.595520441E2
9.151586125E0,1.686811286E-1,1.049155705E-1,4.867150730E-2,9.788619054E-1,1.605777081E2,7.647480157E0,-1.089301798E1,1.597149745E2
9.161631125E0,1.674021404E-1,1.058485489E-1,4.885410325E-2,9.789719086E-1,1.607263836E2,7.674658203E0,-1.100466679E1,1.598523931E2
9.171677125E0,1.663439594E-1,1.066619199E-1,4.904164619E-2,9.790546429E-1,1.608493666E2,7.702053415E0,-1.110106068E1,1.599651592E2
9.181722125E0,1.655455717E-1,1.073681667E-1,4.910503242E-2,9.791095602E-1,1.609421414E2,7.715689334E0,-1.118585415E1,1.600499474E2
9.191768125E0,1.650193683E-1,1.080487540E-1,4.895956257E-2,9.791307601E-1,1.610032808E2,7.707856386E0,-1.126979531E1,1.601052922E2
9.201813125E0,1.647341184E-1,1.087817193E-1,4.863118594E-2,9.791139857E-1,1.610364216E2,7.682925668E0,-1.136140495E1,1.601336933E2
9.211859125E0,1.646160229E-1,1.096226780E-1,4.821785969E-2,9.790604592E-1,1.610501416E2,7.652530584E0,-1.146560211E1,1.601421075E2
9.221904125E0,1.646163180E-1,1.105826226E-1,4.781628716E-2,9.789722458E-1,1.610501073E2,7.627477010E0,-1.158210445E1,1.601350711E2
9.231950125E0,1.647267006E-1,1.116014331E-1,4.751588022E-2,9.788525909E-1,1.610372834E2,7.616659313E0,-1.170240718E1,1.601132210E2
9.241995125E0,1.649853136E-1,1.125611405E-1,4.734783811E-2,9.787073529E-1,1.610072374E2,7.621587501E0,-1.181225609E1,1.600730956E2
9.252041125E0,1.654576534E-1,1.133446636E-1,4.722153190E-2,9.785432752E-1,1.609523570E2,7.630122265E0,-1.189969573E1,1.600093860E2
9.262086125E0,1.662235880E-1,1.138718153E-1,4.699079898E-2,9.783633503E-1,1.608633549E2,7.624704801E0,-1.195796765E1,1.599153584E2
9.272132125E0,1.673642082E-1,1.141506536E-1,4.649024720E-2,9.781603289E-1,1.607307925E2,7.587507165E0,-1.199074425E1,1.597832999E2
9.282177125E0,1.689225879E-1,1.142253431E-1,4.565049759E-2,9.779232529E-1,1.605496361E2,7.512051971E0,-1.200426124E1,1.596083784E2
9.292223125E0,1.708752936E-1,1.141665456E-1,4.450476976E-2,9.776435243E-1,1.603225713E2,7.403420976E0,-1.200627623E1,1.593920411E2
9.302268125E0,1.731796304E-1,1.140226589E-1,4.316147330E-2,9.773150317E-1,1.600545176E2,7.274599784E0,-1.200064727E1,1.591374062E2
9.312314125E0,1.757607455E-1,1.138210020E-1,4.176431054E-2,9.769383653E-1,1.597541363E2,7.141738465E0,-1.198825368E1,1.588512181E2
9.322359125E0,1.784969611E-1,1.135199760E-1,4.041500290E-2,9.765339663E-1,1.594355515E2,7.013970634E0,-1.196325343E1,1.585471100E2
9.332405125E0,1.812595605E-1,1.130249244E-1,3.915915852E-2,9.761336134E-1,1.591137315E2,6.892586585E0,-1.191491572E1,1.582408460E2
9.342450125E0,1.839471386E-1,1.123050325E-1,3.799818406E-2,9.757597287E-1,1.588004910E2,6.775586401E0,-1.184039582E1,1.579447297E2
9.352496125E0,1.865304454E-1,1.114346738E-1,3.687752570E-2,9.754120594E-1,1.584992524E2,6.658005764E0,-1.174942271E1,1.576619547E2
9.362541125E0,1.890430298E-1,1.106058086E-1,3.573362336E-2,9.750651487E-1,1.582061164E2,6.537596597E0,-1.166478173E1,1.573870231E2
9.372587125E0,1.915479434E-1,1.100030217E-1,3.453959524E-2,9.746874708E-1,1.579137316E2,6.416659199E0,-1.160744219E1,1.571106854E2
9.382632125E0,1.940822756E-1,1.097575559E-1,3.330372583E-2,9.742567721E-1,1.576177646E2,6.300032917E0,-1.159174345E1,1.568270150E2
9.392678125E0,1.966091056E-1,1.099185674E-1,3.204176489E-2,9.737742328E-1,1.573225232E2,6.190593357E0,-1.162307020E1,1.565397195E2
9.402723125E0,1.990612514E-1,1.104235103E-1,3.076133046E-2,9.732599991E-1,1.570358621E2,6.087136457E0,-1.169458762E1,1.562574289E2
9.412769125E0,2.013568216E-1,1.111323439E-1,2.946669782E-2,9.727469877E-1,1.567673730E2,5.985810594E0,-1.179090489E1,1.559914470E2
9.422814125E0,2.034726356E-1,1.118278328E-1,2.819619951E-2,9.722646170E-1,1.565197936E2,5.885156565E0,-1.188676676E1,1.557465951E2
9.432860125E0,2.054083139E-1,1.123121817E-1,2.694336600E-2,9.718371215E-1,1.562931952E2,5.779174805E0,-1.196004379E1,1.555252399E2
9.442905125E0,2.071893133E-1,1.124281962E-1,2.569602475E-2,9.714793369E-1,1.560846211E2,5.662464415E0,-1.199319151E1,1.553262846E2
9.452950125E0,2.088528915E-1,1.120803003E-1,2.442252084E-2,9.711961523E-1,1.558897255E2,5.529132276E0,-1.197603148E1,1.551466709E2
9.462996125E0,2.104497513E-1,1.113305289E-1,2.308573871E-2,9.709704137E-1,1.557025798E2,5.377046822E0,-1.191618123E1,1.549799653E2
9.473041125E0,2.119764366E-1,1.103202927E-1,2.169546959E-2,9.707856841E-1,1.555235966E2,5.210940683E0,-1.182931552E1,1.548247549E2
9.483087125E0,2.134054677E-1,1.092188585E-1,2.032442207E-2,9.706267905E-1,1.553560072E2,5.043228576E0,-1.173274024E1,1.546815717E2
9.493132125E0,2.147007246E-1,1.081840691E-1,1.909510387E-2,9.704818896E-1,1.552040599E2,4.891625318E0,-1.164117874E1,1.545516912E2
9.503178125E0,2.158206507E-1,1.072867469E-1,1.810546953E-2,9.703520773E-1,1.550726450E2,4.768680587E0,-1.156016184E1,1.544383705E2
9.513223125E0,2.167636443E-1,1.065712725E-1,1.740833958E-2,9.702335604E-1,1.549619659E2,4.681599745E0,-1.149316649E1,1.543409030E2
9.523269125E0,2.175715572E-1,1.060701465E-1,1.698375223E-2,9.701151699E-1,1.548671224E2,4.629534543E0,-1.144400452E1,1.542543053E2
9.533314125E0,2.183095907E-1,1.057948433E-1,1.668691197E-2,9.699845568E-1,1.547804670E2,4.597199350E0,-1.141727581E1,1.541723392E2
9.543360125E0,2.190521338E-1,1.057166188E-1,1.635529003E-2,9.698312266E-1,1.546932673E2,4.566323646E0,-1.141355423E1,1.540882038E2
9.553405125E0,2.198392684E-1,1.057897277E-1,1.591420746E-2,9.696525239E-1,1.546008147E2,4.527721783E0,-1.142946429E1,1.539984068E2
9.563451125E0,2.206791708E-1,1.059376842E-1,1.535974459E-2,9.694545180E-1,1.545021458E2,4.478993557E0,-1.145652815E1,1.539027704E2
9.573496125E0,2.215850330E-1,1.060294906E-1,1.472780528E-2,9.692475349E-1,1.543957066E2,4.420783562E0,-1.147911474E1,1.538006375E2
9.583542125E0,2.225541576E-1,1.059823757E-1,1.403474777E-2,9.690410153E-1,1.542818092E2,4.352617295E0,-1.148758254E1,1.536929903E2
9.593587125E0,2.235665249E-1,1.057681538E-1,1.324688620E-2,9.688424194E-1,1.541628020E2,4.269627241E0,-1.147978738E1,1.535828049E2
9.603633125E0,2.246131998E-1,1.053698977E-1,1.233303715E-2,9.686557931E-1,1.540397321E2,4.167670006E0,-1.145475189E1,1.534716204E2
9.613678125E0,2.256843619E-1,1.048425616E-1,1.129633532E-2,9.684767112E-1,1.539137513E2,4.048480916E0,-1.141864614E1,1.533599756E2
9.623724125E0,2.267820344E-1,1.042808864E-1,1.017293741E-2,9.682933724E-1,1.537846193E2,3.918804117E0,-1.138115453E1,1.532462770E2
9.633769125E0,2.279085354E-1,1.037657254E-1,9.001676490E-3,9.680957036E-1,1.536520606E2,3.785324771E0,-1.135031387E1,1.531290495E2
9.643815125E0,2.290570370E-1,1.033785697E-1,7.784997072E-3,9.678766243E-1,1.535168761E2,3.650547635E0,-1.133522524E1,1.530083600E2
9.653860125E0,2.301981208E-1,1.031811118E-1,6.481742759E-3,9.676365559E-1,1.533825276E2,3.511255867E0,-1.134401852E1,1.528876263E2
9.663906125E0,2.313337676E-1,1.031791256E-1,5.039556628E-3,9.673744446E-1,1.532487821E2,3.361783214E0,-1.137876742E1,1.527671811E2
9.673951125E0,2.324647783E-1,1.033332672E-1,3.418314880E-3,9.670938731E-1,1.531155458E2,3.196552891E0,-1.143620107E1,1.526477877E2
9.683997125E0,2.335884555E-1,1.035327324E-1,1.633780436E-3,9.668063894E-1,1.529831367E2,3.014201782E0,-1.150356757E1,1.525306539E2
9.694042125E0,2.347073278E-1,1.036783023E-1,-2.236575200E-4,9.665211817E-1,1.528512572E2,2.822142726E0,-1.156734188E1,1.524154079E2
9.704088125E0,2.357643287E-1,1.036426145E-1,-2.033875200E-3,9.662656453E-1,1.527266368E2,2.629574984E0,-1.161016026E1,1.523086454E2
9.714133458E0,2.366744477E-1,1.033534660E-1,-3.719496260E-3,9.660690724E-1,1.526193074E2,2.442069078E0,-1.162198581E1,1.522202282E2
9.724179458E0,2.373778365E-1,1.027965323E-1,-5.251107466E-3,9.659488275E-1,1.525363407E2,2.261751128E0,-1.160043585E1,1.521570166E2
9.734224458E0,2.378584791E-1,1.020480464E-1,-6.593263320E-3,9.659017073E-1,1.524796391E2,2.094603761E0,-1.155294084E1,1.521198142E2
9.744270458E0,2.381346253E-1,1.012134756E-1,-7.728130437E-3,9.659130869E-1,1.524470589E2,1.945911331E0,-1.149062034E1,1.521053589E2
9.754315458E0,2.382372528E-1,1.003945992E-1,-8.656462190E-3,9.659653912E-1,1.524349502E2,1.818913417E0,-1.142470508E1,1.521091635E2
9.764361458E0,2.382023553E-1,9.969027269E-2,-9.371283278E-3,9.660402440E-1,1.524390677E2,1.717680393E0,-1.136591545E1,1.521261476E2
9.774406458E0,2.380717843E-1,9.921214830E-2,-9.909119212E-3,9.661162769E-1,1.524544732E2,1.641784079E0,-1.132763575E1,1.521509517E2
9.784452458E0,2.378788360E-1,9.906017204E-2,-1.030665356E-2,9.661751982E-1,1.524772374E2,1.590314149E0,-1.132198676E1,1.521793332E2
9.794497458E0,2.376322348E-1,9.928646900E-2,-1.058864758E-2,9.662095479E-1,1.525063301E2,1.562032892E0,-1.135547338E1,1.522101957E2
9.804543458E0,2.373439925E-1,9.988874747E-2,-1.076978420E-2,9.662164178E-1,1.525403330E2,1.555326584E0,-1.142824639E1,1.522422968E2
9.814588458E0,2.370361941E-1,1.007882560E-1,-1.089378023E-2,9.661971567E-1,1.525766402E2,1.563258614E0,-1.153269568E1,1.522739635E2
9.824634458E0,2.367503963E-1,1.018577692E-1,-1.101527379E-2,9.661536190E-1,1.526103497E2,1.576531673E0,-1.165605845E1,1.523016842E2
9.834679458E0,2.365556357E-1,1.029474075E-1,-1.123794086E-2,9.660833602E-1,1.526333201E2,1.580025677E0,-1.178433120E1,1.523194123E2
9.844725458E0,2.365473750E-1,1.038665618E-1,-1.167278570E-2,9.659818706E-1,1.526342944E2,1.556985218E0,-1.189909707E1,1.523183594E2
9.854770458E0,2.367563812E-1,1.044206400E-1,-1.232341187E-2,9.658628058E-1,1.526096438E2,1.501881401E0,-1.197865739E1,1.522963909E2
9.864816458E0,2.372036014E-1,1.045049179E-1,-1.310098434E-2,9.657337100E-1,1.525568936E2,1.422047798E0,-1.200886587E1,1.522507944E2
9.874861458E0,2.378958634E-1,1.040451432E-1,-1.382420846E-2,9.656030126E-1,1.524752286E2,1.335909109E0,-1.197647468E1,1.521791816E2
9.884907458E0,2.387792613E-1,1.030409103E-1,-1.433020245E-2,9.654852543E-1,1.523709948E2,1.261068845E0,-1.187706435E1,1.520860657E2
9.894952458E0,2.397367956E-1,1.015664844E-1,-1.452509211E-2,9.654012556E-1,1.522579873E2,1.208620634E0,-1.171649640E1,1.519838278E2
9.904998458E0,2.406353664E-1,9.973206392E-2,-1.434654752E-2,9.653716685E-1,1.521519136E2,1.186959776E0,-1.150547613E1,1.518869959E2
9.915043458E0,2.413758022E-1,9.765465366E-2,-1.376043501E-2,9.654077462E-1,1.520644889E2,1.202016075E0,-1.125617302E1,1.518063939E2
9.925089458E0,2.418845990E-1,9.547023782E-2,-1.276765282E-2,9.655124390E-1,1.520044047E2,1.256751367E0,-1.098383282E1,1.517501065E2
9.935134458E0,2.421491547E-1,9.335127604E-2,-1.139204027E-2,9.656705318E-1,1.519731600E2,1.353410025E0,-1.070837823E1,1.517189794E2
9.945180458E0,2.421994359E-1,9.140688123E-2,-9.679047468E-3,9.658625950E-1,1.519672214E2,1.490488871E0,-1.044324692E1,1.517093717E2
9.955225458E0,2.421030039E-1,8.963171392E-2,-7.692808743E-3,9.660709690E-1,1.519786107E2,1.661461842E0,-1.018960034E1,1.517140449E2
9.965271458E0,2.419055881E-1,8.794661970E-2,-5.540622071E-3,9.662899641E-1,1.520019259E2,1.852539610E0,-9.941610847E0,1.517291966E2
9.975316458E0,2.416286412E-1,8.625133911E-2,-3.333357370E-3,9.665221511E-1,1.520346319E2,2.048658312E0,-9.691231646E0,1.517540295E2
9.985362458E0,2.412581282E-1,8.445798544E-2,-1.174211200E-3,9.667781089E-1,1.520783840E2,2.235634514E0,-9.431645491E0,1.517917521E2
9.995407458E0,2.407974632E-1,8.249421889E-2,8.488612366E-4,9.670628530E-1,1.521327759E2,2.401663970E0,-9.157294634E0,1.518431612E2
1.000545346E1,2.402578992E-1,8.033945072E-2,2.700282730E-3,9.673750768E-1,1.521964754E2,2.542410547E0,-8.866878193E0,1.519072375E2
1.001549846E1,2.396219876E-1,7.802630523E-2,4.422202762E-3,9.677156234E-1,1.522715383E2,2.663523566E0,-8.562909257E0,1.519853173E2
1.002554446E1,2.388666317E-1,7.563090490E-2,6.039667099E-3,9.680837339E-1,1.523606846E2,2.769937700E0,-8.253249410E0,1.520793045E2
1.003558946E1,2.379785976E-1,7.327926090E-2,7.587907872E-3,9.684723279E-1,1.524654676E2,2.869216981E0,-7.951011093E0,1.521895082E2
1.004563546E1,2.369651767E-1,7.112008576E-2,9.076500317E-3,9.688689719E-1,1.525850168E2,2.966795151E0,-7.672495810E0,1.523139120E2
1.005568046E1,2.358505190E-1,6.924643180E-2,1.053736804E-2,9.692618227E-1,1.527164735E2,3.069068998E0,-7.427142237E0,1.524487515E2
1.006572646E1,2.346693957E-1,6.770643601E-2,1.202552848E-2,9.696399642E-1,1.528557288E2,3.183750549E0,-7.218737857E0,1.525892116E2
1.007577146E1,2.334318378E-1,6.656834202E-2,1.357644558E-2,9.699969058E-1,1.530015940E2,3.316668574E0,-7.053946911E0,1.527334054E2
1.008581646E1,2.321418070E-1,6.580873200E-2,1.522341007E-2,9.703337434E-1,1.531535965E2,3.470791112E0,-6.929322273E0,1.528807878E2
1.009586246E1,2.307922649E-1,6.531761322E-2,1.699492377E-2,9.706594543E-1,1.533125597E2,3.646112464E0,-6.831953682E0,1.530327265E2
1.010590746E1,2.293600307E-1,6.498559878E-2,1.891424121E-2,9.709856709E-1,1.534812060E2,3.842008418E0,-6.749217135E0,1.531925105E2
1.011595346E1,2.278584650E-1,6.469699692E-2,2.099595966E-2,9.713155543E-1,1.536579533E2,4.057035985E0,-6.667893672E0,1.533592598E2
1.012599846E1,2.263051429E-1,6.438315437E-2,2.319546276E-2,9.716494838E-1,1.538407257E2,4.284476247E0,-6.581546945E0,1.535316951E2
1.013604446E1,2.246974513E-1,6.399457359E-2,2.544024869E-2,9.719920112E-1,1.540298243E2,4.514892218E0,-6.486650201E0,1.537109567E2
1.014608946E1,2.230546936E-1,6.355824044E-2,2.764267177E-2,9.723388376E-1,1.542229731E2,4.739356127E0,-6.388452029E0,1.538951186E2
1.015613546E1,2.214049817E-1,6.311055925E-2,2.972409125E-2,9.726835988E-1,1.544168645E2,4.950220139E0,-6.292896992E0,1.540810359E2
1.016618046E1,2.198096392E-1,6.271399955E-2,3.161411399E-2,9.730114170E-1,1.546042951E2,5.141611962E0,-6.208376744E0,1.542613528E2
1.017622646E1,2.183639601E-1,6.245460414E-2,3.330106531E-2,9.732972991E-1,1.547740827E2,5.315010129E0,-6.144152907E0,1.544241530E2
1.018627146E1,2.170475454E-1,6.234682279E-2,3.481943846E-2,9.735454597E-1,1.549286398E2,5.474422840E0,-6.100916991E0,1.545714587E2
1.019631746E1,2.158002937E-1,6.235728970E-2,3.623183862E-2,9.737705661E-1,1.550750340E2,5.625549225E0,-6.073588575E0,1.547102279E2
1.020636246E1,2.145438962E-1,6.242434270E-2,3.762760790E-2,9.739909098E-1,1.552224598E2,5.776291543E0,-6.053435697E0,1.548496442E2
1.021640846E1,2.132195158E-1,6.250727453E-2,3.909795603E-2,9.742184606E-1,1.553778177E2,5.935472917E0,-6.033998907E0,1.549964540E2
1.022645346E1,2.117839098E-1,6.253014315E-2,4.071703380E-2,9.744638396E-1,1.555461711E2,6.109235194E0,-6.005290955E0,1.551559919E2
1.023649946E1,2.102144455E-1,6.246700914E-2,4.250727190E-2,9.747311349E-1,1.557301608E2,6.299358017E0,-5.964128241E0,1.553310285E2
1.024654446E1,2.085209430E-1,6.233969010E-2,4.440042799E-2,9.750186185E-1,1.559286204E2,6.498851233E0,-5.914708127E0,1.555206411E2
1.025659046E1,2.067480358E-1,6.218434999E-2,4.628268254E-2,9.753185777E-1,1.561363069E2,6.696138120E0,-5.863646920E0,1.557198911E2
1.026663546E1,2.049717568E-1,6.206393973E-2,4.802937109E-2,9.756165980E-1,1.563443085E2,6.879216567E0,-5.820479197E0,1.559199217E2
1.027668146E1,2.032689820E-1,6.207155119E-2,4.952839356E-2,9.758974225E-1,1.565436287E2,7.038165798E0,-5.797665522E0,1.561114171E2
1.028672646E1,2.016714057E-1,6.223524428E-2,5.076692612E-2,9.761548133E-1,1.567305693E2,7.172305771E0,-5.798254698E0,1.562904005E2
1.029677246E1,2.001550464E-1,6.254948065E-2,5.179338100E-2,9.763928587E-1,1.569079483E2,7.286705923E0,-5.820503900E0,1.564594324E2
1.030681746E1,1.986692014E-1,6.300785298E-2,5.268023071E-2,9.766193558E-1,1.570817033E2,7.388992243E0,-5.862270505E0,1.566240985E2
1.031686346E1,1.971737891E-1,6.358896385E-2,5.353073238E-2,9.768383930E-1,1.572565233E2,7.489983171E0,-5.919010413E0,1.567887044E2
1.032690846E1,1.956361877E-1,6.420777738E-2,5.445515732E-2,9.770559551E-1,1.574362194E2,7.599839918E0,-5.978910060E0,1.569572901E2
1.033695446E1,1.940287069E-1,6.478608910E-2,5.546860562E-2,9.772813564E-1,1.576240221E2,7.718227906E0,-6.033127964E0,1.571337845E2
1.034699946E1,1.923213803E-1,6.529354737E-2,5.651151918E-2,9.775252602E-1,1.578234232E2,7.837535327E0,-6.079911356E0,1.573223360E2
1.035704546E1,1.904941879E-1,6.572384792E-2,5.746043209E-2,9.777988354E-1,1.580367483E2,7.943557820E0,-6.121526636E0,1.575260856E2
1.036709046E1,1.886005722E-1,6.612478892E-2,5.815544614E-2,9.780977830E-1,1.582577471E2,8.019665607E0,-6.166421983E0,1.577392368E2
1.037713646E1,1.866940173E-1,6.653556527E-2,5.851968711E-2,9.784138844E-1,1.584801733E2,8.058365239E0,-6.220098988E0,1.579556045E2
1.038718146E1,1.848327282E-1,6.700976506E-2,5.851557219E-2,9.787351276E-1,1.586972395E2,8.056935552E0,-6.288709133E0,1.581681067E2
1.039722746E1,1.830595682E-1,6.757398492E-2,5.813338457E-2,9.790522827E-1,1.589039561E2,8.015068658E0,-6.374877505E0,1.583715907E2
1.040727246E1,1.813919859E-1,6.822775531E-2,5.745783480E-2,9.793571730E-1,1.590983009E2,7.942383087E0,-6.476396966E0,1.585636238E2
1.041731846E1,1.798186441E-1,6.894416777E-2,5.663276776E-2,9.796451203E-1,1.592816070E2,7.854450709E0,-6.587151207E0,1.587450126E2
1.042736346E1,1.783112199E-1,6.967240144E-2,5.575835829E-2,9.799192434E-1,1.594571829E2,7.761294761E0,-6.699494345E0,1.589190258E2
1.043740946E1,1.768115929E-1,7.034232625E-2,5.495262579E-2,9.801886039E-1,1.596318022E2,7.674373099E0,-6.803519944E0,1.590924296E2
1.044745446E1,1.752524967E-1,7.089490832E-2,5.431738322E-2,9.804641600E-1,1.598132956E2,7.603524019E0,-6.891024471E0,1.592729794E2
1.045750046E1,1.735801097E-1,7.132381835E-2,5.391046330E-2,9.807531188E-1,1.600079203E2,7.554864684E0,-6.960586475E0,1.594665782E2
1.046754546E1,1.717513158E-1,7.164434053E-2,5.375456672E-2,9.810601585E-1,1.602206802E2,7.531066828E0,-7.013891269E0,1.596778541E2
1.047759146E1,1.697425970E-1,7.191793087E-2,5.382096447E-2,9.813860380E-1,1.604542931E2,7.530075838E0,-7.058753974E0,1.599090713E2
1.048763646E1,1.675760804E-1,7.224412047E-2,5.406606486E-2,9.817208525E-1,1.607061659E2,7.549217599E0,-7.107233763E0,1.601568740E2
1.049768246E1,1.653001927E-1,7.268342103E-2,5.444996601E-2,9.820530119E-1,1.609706526E2,7.585526170E0,-7.166709507E0,1.604152289E2
1.050772746E1,1.629367239E-1,7.330714631E-2,5.492877067E-2,9.823749716E-1,1.612452090E2,7.635545741E0,-7.246038689E0,1.606811247E2
1.051777346E1,1.605061152E-1,7.411591272E-2,5.546243407E-2,9.826844138E-1,1.615274517E2,7.694742532E0,-7.346004239E0,1.609523965E2
1.052781846E1,1.579942894E-1,7.502459878E-2,5.601132301E-2,9.829912007E-1,1.618190065E2,7.756650597E0,-7.457925593E0,1.612317954E2
1.053786446E1,1.553758322E-1,7.595668226E-2,5.658081584E-2,9.833043939E-1,1.621228121E2,7.820084601E0,-7.573301708E0,1.615230350E2
1.054790946E1,1.526533986E-1,7.683338742E-2,5.722270378E-2,9.836254686E-1,1.624385473E2,7.889391945E0,-7.682301835E0,1.618262136E2
1.055795546E1,1.498456177E-1,7.756182128E-2,5.799824860E-2,9.839545934E-1,1.627640400E2,7.969964401E0,-7.773253016E0,1.621396695E2
1.056800046E1,1.469439337E-1,7.810104016E-2,5.892201006E-2,9.842946763E-1,1.631002713E2,8.062757671E0,-7.841457504E0,1.624647065E2
1.057804646E1,1.439191386E-1,7.842340296E-2,5.994923149E-2,9.846538517E-1,1.634506122E2,8.162090687E0,-7.884936460E0,1.628053539E2
1.058809146E1,1.407675237E-1,7.852679708E-2,6.101280984E-2,9.850358286E-1,1.638154761E2,8.260432257E0,-7.904721716E0,1.631626010E2
1.059813746E1,1.374923343E-1,7.845344510E-2,6.203428679E-2,9.854403119E-1,1.641944714E2,8.349802226E0,-7.906903887E0,1.635362289E2
1.060818246E1,1.341247168E-1,7.825453964E-2,6.300126589E-2,9.858588301E-1,1.645839809E2,8.430104375E0,-7.897180533E0,1.639221739E2
1.061822846E1,1.307122551E-1,7.801600560E-2,6.394455846E-2,9.862752410E-1,1.649784945E2,8.506842717E0,-7.884341058E0,1.643137294E2
1.062827346E1,1.272874865E-1,7.779388644E-2,6.488766268E-2,9.866790921E-1,1.653742510E2,8.583943626E0,-7.874079505E0,1.647063336E2
1.063831946E1,1.238644459E-1,7.760999644E-2,6.586220648E-2,9.870646093E-1,1.657696326E2,8.665477657E0,-7.868281707E0,1.650978741E2
1.064836446E1,1.204276654E-1,7.743127372E-2,6.686870384E-2,9.874362181E-1,1.661664300E2,8.750813635E0,-7.863366128E0,1.654905035E2
1.065841046E1,1.169723403E-1,7.718599651E-2,6.790135794E-2,9.878001561E-1,1.665652005E2,8.838131125E0,-7.851353757E0,1.658856056E2
1.066845546E1,1.134918536E-1,7.684026032E-2,6.896507623E-2,9.881594159E-1,1.669667098E2,8.927509767E0,-7.828415131E0,1.662842991E2
1.067850146E1,1.099626451E-1,7.637163708E-2,7.006492228E-2,9.885173269E-1,1.673736755E2,9.019136523E0,-7.792178584E0,1.666895198E2
1.068854646E1,1.064035966E-1,7.581259536E-2,7.116590926E-2,9.888711075E-1,1.677839204E2,9.109756923E0,-7.746659096E0,1.670990046E2
1.069859246E1,1.028725336E-1,7.517155414E-2,7.223691155E-2,9.892160373E-1,1.681907842E2,9.196467646E0,-7.692671177E0,1.675062247E2
1.070863700E1,9.941265667E-2,7.448997432E-2,7.324527696E-2,9.895471851E-1,1.685893007E2,9.276489069E0,-7.634873343E0,1.679059839E2
1.071868300E1,9.604752584E-2,7.375980190E-2,7.415596433E-2,9.898662789E-1,1.689767713E2,9.345885996E0,-7.572445769E0,1.682959223E2
1.072872800E1,9.274999856E-2,7.292938007E-2,7.496813657E-2,9.901810737E-1,1.693563352E2,9.403727861E0,-7.499641840E0,1.686797634E2
1.073877400E1,8.943013345E-2,7.200559631E-2,7.568316699E-2,9.904995775E-1,1.697383521E2,9.449678034E0,-7.417952684E0,1.690677876E2
1.074881900E1,8.604304412E-2,7.096724663E-2,7.628859478E-2,9.908280700E-1,1.701279867E2,9.481829073E0,-7.325409113E0,1.694654758E2
1.075886500E1,8.259707563E-2,6.979455914E-2,7.677809240E-2,9.911667199E-1,1.705242771E2,9.499435917E0,-7.219610590E0,1.698720758E2
1.076891000E1,7.910364980E-2,6.849076679E-2,7.716476932E-2,9.915125348E-1,1.709259093E2,9.504308353E0,-7.100542804E0,1.702860871E2
1.077895500E1,7.560031946E-2,6.706085462E-2,7.744045844E-2,9.918620165E-1,1.713285680E2,9.496002417E0,-6.968357883E0,1.707031256E2
1.078900100E1,7.208750608E-2,6.550372712E-2,7.756467739E-2,9.922179466E-1,1.717322090E2,9.470014077E0,-6.823144161E0,1.711233684E2
1.079904600E1,6.855581091E-2,6.377253346E-2,7.748339851E-2,9.925873638E-1,1.721379160E2,9.419774782E0,-6.659907848E0,1.715486502E2
1.080909200E1,6.501846806E-2,6.176785615E-2,7.714660765E-2,9.929782758E-1,1.725441729E2,9.338945941E0,-6.467313188E0,1.719786445E2
1.081913700E1,6.151981602E-2,5.944269749E-2,7.648978194E-2,9.933938016E-1,1.729458940E2,9.220362549E0,-6.239732691E0,1.724088715E2
1.082918300E1,5.811890252E-2,5.678981877E-2,7.547392501E-2,9.938313701E-1,1.733363093E2,9.060280143E0,-5.975666656E0,1.728324650E2
1.083922800E1,5.484476674E-2,5.380374814E-2,7.409246525E-2,9.942873990E-1,1.737120977E2,8.858489183E0,-5.673850989E0,1.732456928E2
1.084927400E1,5.165543042E-2,5.051390805E-2,7.229846818E-2,9.947627312E-1,1.740780881E2,8.609976570E0,-5.337915556E0,1.736527821E2
1.085931900E1,4.850103383E-2,4.693041308E-2,7.004701646E-2,9.952579988E-1,1.744400096E2,8.309789967E0,-4.969247058E0,1.740589126E2
1.086936500E1,4.536252661E-2,4.317613645E-2,6.725940677E-2,9.957681443E-1,1.748000529E2,7.949991337E0,-4.581940005E0,1.744647923E2
1.087941000E1,4.221925680E-2,3.953993422E-2,6.383363058E-2,9.962827994E-1,1.751605911E2,7.520701386E0,-4.209059853E0,1.748701186E2
1.088945600E1,3.905343842E-2,3.648512537E-2,5.966560756E-2,9.967867072E-1,1.755236673E2,7.012201761E0,-3.903456704E0,1.752734195E2
1.089950100E1,3.588319462E-2,3.450967822E-2,5.484391656E-2,9.972529777E-1,1.758872059E2,6.436353238E0,-3.720755966E0,1.756692597E2
1.090954700E1,3.270254055E-2,3.379413010E-2,4.977279194E-2,9.976527827E-1,1.762518966E2,5.838911772E0,-3.679440574E0,1.760573828E2
1.091959200E1,2.952508964E-2,3.402448304E-2,4.502059318E-2,9.979698113E-1,1.766161822E2,5.282343949E0,-3.741341904E0,1.764381311E2
1.092963800E1,2.637714153E-2,3.469951190E-2,4.113545487E-2,9.982024619E-1,1.769770516E2,4.826759272E0,-3.847679093E0,1.768104375E2
1.093968300E1,2.327791517E-2,3.535717232E-2,3.847486031E-2,9.983625357E-1,1.773323065E2,4.511329314E0,-3.945486697E0,1.771731860E2
1.094972900E1,2.024287846E-2,3.571645045E-2,3.704023168E-2,9.984701366E-1,1.776801785E2,4.335562457E0,-4.003879374E0,1.775254807E2
1.095977400E1,1.727978642E-2,3.571893316E-2,3.646194399E-2,9.985470124E-1,1.780197838E2,4.257259635E0,-4.018235176E0,1.778677853E2
1.096982000E1,1.444768679E-2,3.538922561E-2,3.622544024E-2,9.986123400E-1,1.783443594E2,4.217997402E0,-3.992936212E0,1.781951304E2
1.097986500E1,1.185940667E-2,3.482448492E-2,3.584227196E-2,9.986800700E-1,1.786409802E2,4.162615605E0,-3.939719325E0,1.784960475E2
1.098991100E1,9.605477510E-3,3.410991145E-2,3.501897543E-2,9.987581260E-1,1.788992764E2,4.058069771E0,-3.868246156E0,1.787608617E2
1.099995600E1,7.725138010E-3,3.328541138E-2,3.368627335E-2,9.988481517E-1,1.791147556E2,3.896667763E0,-3.782760969E0,1.789850327E2
1.101000200E1,6.219568288E-3,3.230651414E-2,3.201197906E-2,9.989458481E-1,1.792872854E2,3.697637067E0,-3.677861261E0,1.791677880E2
1.102004700E1,5.051847703E-3,3.110696627E-2,3.027432359E-2,9.990447246E-1,1.794210984E2,3.492721027E0,-3.545927945E0,1.793124054E2
1.103009300E1,4.143793852E-3,2.965954574E-2,2.872224247E-2,9.991387542E-1,1.795251548E2,3.310185753E0,-3.384135164E0,1.794269372E2
1.104013800E1,3.402767961E-3,2.800108431E-2,2.750100994E-2,9.992238065E-1,1.796100708E2,3.166393249E0,-3.197132807E0,1.795213817E2
1.105018400E1,2.798887916E-3,2.619579907E-2,2.665180764E-2,9.992976478E-1,1.796792707E2,3.065970800E0,-2.992521484E0,1.795989424E2
1.106022900E1,2.321532710E-3,2.427126403E-2,2.607515376E-2,9.993626382E-1,1.797339717E2,2.997421886E0,-2.773655784E0,1.796612203E2
1.107027500E1,1.973905503E-3,2.230054934E-2,2.561541248E-2,9.994212224E-1,1.797738069E2,2.942859724E0,-2.549022430E0,1.797081891E2
1.108032000E1,1.779229210E-3,2.035636988E-2,2.518118206E-2,9.994741167E-1,1.797961152E2,2.891794913E0,-2.326947020E0,1.797372657E2
1.109036600E1,1.757059968E-3,1.855884087E-2,2.471651058E-2,9.995207311E-1,1.797986557E2,2.837786551E0,-2.121175238E0,1.797460132E2
1.110041100E1,1.939429381E-3,1.703593628E-2,2.422744053E-2,9.995594640E-1,1.797777576E2,2.781519729E0,-1.946304426E0,1.797304030E2
1.111045700E1,2.379948242E-3,1.590400331E-2,2.377204416E-2,9.995881239E-1,1.797272778E2,2.729693272E0,-1.815534551E0,1.796839064E2
1.112050200E1,3.054129230E-3,1.520804952E-2,2.341103665E-2,9.996056570E-1,1.796500220E2,2.689190110E0,-1.734098274E0,1.796091799E2
1.113054800E1,3.881429720E-3,1.490496067E-2,2.316987798E-2,9.996129484E-1,1.795552198E2,2.662800476E0,-1.697264343E0,1.795156011E2
1.114059300E1,4.850343620E-3,1.485811115E-2,2.306330769E-2,9.996118104E-1,1.794441894E2,2.652192150E0,-1.689379178E0,1.794048700E2
1.115063900E1,5.996569312E-3,1.488671438E-2,2.308039692E-2,9.996048140E-1,1.793128397E2,2.656108609E0,-1.689602698E0,1.792734074E2
1.116068400E1,7.319685328E-3,1.489848289E-2,2.313626356E-2,9.995944881E-1,1.791612184E2,2.664757554E0,-1.687385885E0,1.791216515E2
1.117073000E1,8.795962991E-3,1.486734197E-2,2.310451612E-2,9.995838249E-1,1.789920439E2,2.663569782E0,-1.679915515E0,1.789526055E2
1.118077500E1,1.040226368E-2,1.480343286E-2,2.288695540E-2,9.995743840E-1,1.788079669E2,2.641236429E0,-1.668580786E0,1.787690551E2
1.119082100E1,1.212046425E-2,1.475635747E-2,2.244104438E-2,9.995658282E-1,1.786110631E2,2.592904723E0,-1.659283336E0,1.785730078E2
1.120086600E1,1.389745968E-2,1.475608121E-2,2.180006688E-2,9.995568931E-1,1.784074172E2,2.522363656E0,-1.655686216E0,1.783704123E2
1.121091200E1,1.570425293E-2,1.471965415E-2,2.108030045E-2,9.995461456E-1,1.782003512E2,2.442767659E0,-1.648274340E0,1.781646122E2
1.122095700E1,1.751374358E-2,1.456070620E-2,2.042907533E-2,9.995318578E-1,1.779929702E2,2.370757860E0,-1.626971884E0,1.779586713E2
1.123100300E1,1.922566427E-2,1.424907174E-2,1.993203030E-2,9.995149148E-1,1.777967654E2,2.315846644E0,-1.588322478E0,1.777639980E2
1.124104800E1,2.071825276E-2,1.377749954E-2,1.963158551E-2,9.994976346E-1,1.776256932E2,2.282612537E0,-1.531566341E0,1.775944960E2
1.125109400E1,2.192470630E-2,1.316884801E-2,1.957893454E-2,9.994811552E-1,1.774874124E2,2.276839170E0,-1.459223766E0,1.774577137E2
1.126113900E1,2.286934362E-2,1.249418958E-2,1.986248603E-2,9.994630742E-1,1.773791378E2,2.308887267E0,-1.379040774E0,1.773506249E2
1.127118500E1,2.364050450E-2,1.179770533E-2,2.054446122E-2,9.994398513E-1,1.772907453E2,2.386162710E0,-1.295615594E0,1.772630013E2
1.128123000E1,2.432876254E-2,1.117065177E-2,2.163813309E-2,9.994073982E-1,1.772118541E2,2.510591750E0,-1.219071491E0,1.771843130E2
1.129127600E1,2.501432318E-2,1.069848754E-2,2.314867186E-2,9.993617953E-1,1.771332707E2,2.683145168E0,-1.158898920E0,1.771051967E2
1.130132100E1,2.573958615E-2,1.032898809E-2,2.507940384E-2,9.993006824E-1,1.770501349E2,2.904130982E0,-1.108883662E0,1.770209395E2
1.131136700E1,2.651070489E-2,9.894701038E-3,2.736191449E-2,9.992249866E-1,1.769617410E2,3.165214401E0,-1.049906383E0,1.769314453E2
1.132141200E1,2.729598497E-2,9.271186488E-3,2.979711396E-2,9.991401872E-1,1.768717220E2,3.443124550E0,-9.683302662E-1,1.768410925E2
1.133145800E1,2.811118931E-2,8.449274868E-3,3.216382085E-2,9.990515102E-1,1.767782706E2,3.712442854E0,-8.637204728E-1,1.767484950E2
1.134150300E1,2.897578976E-2,7.561730727E-3,3.432558276E-2,9.989619903E-1,1.766791543E2,3.957934319E0,-7.516586172E-1,1.766511283E2
1.135154900E1,2.988325356E-2,6.693696626E-3,3.625358903E-2,9.988733555E-1,1.765751215E2,4.176556276E0,-6.420447337E-1,1.765493802E2
1.136159400E1,3.081659552E-2,5.931347064E-3,3.801823279E-2,9.987842149E-1,1.764681191E2,4.376670014E0,-5.446095490E-1,1.764446906E2
1.137164000E1,3.179579325E-2,5.285197681E-3,3.980832667E-2,9.986874036E-1,1.763558563E2,4.579990584E0,-4.598062045E-1,1.763345268E2
1.138168500E1,3.283677826E-2,4.720316641E-3,4.184623480E-2,9.985732278E-1,1.762365058E2,4.811907082E0,-3.826797857E-1,1.762170850E2
1.139173100E1,3.395468127E-2,4.225018732E-3,4.423386298E-2,9.984350704E-1,1.761083321E2,5.084078237E0,-3.112849356E-1,1.760906630E2
1.140177600E1,3.512758592E-2,3.830753403E-3,4.695566695E-2,9.982717514E-1,1.759738469E2,5.394862887E0,-2.492023253E-1,1.759576283E2
1.141182200E1,3.633682115E-2,3.535559510E-3,4.997377379E-2,9.980830599E-1,1.758351902E2,5.739946887E0,-1.962835748E-1,1.758201115E2
1.142186700E1,3.757990030E-2,3.275152572E-3,5.323833434E-2,9.978691225E-1,1.756926464E2,6.113380612E0,-1.452429315E-1,1.756787476E2
1.143191300E1,3.879297089E-2,2.920028495E-3,5.665882505E-2,9.976354604E-1,1.755535373E2,6.504218964E0,-8.195130681E-2,1.755417048E2
1.144195800E1,3.992735332E-2,2.369040110E-3,6.005662758E-2,9.973933267E-1,1.754234458E2,6.891487269E0,4.014989361E-3,1.754153948E2
1.145200400E1,4.095029948E-2,1.637470919E-3,6.325942455E-2,9.971553235E-1,1.753061288E2,7.255447505E0,1.097420582E-1,1.753036555E2
1.146204900E1,4.185291639E-2,9.062046582E-4,6.611241585E-2,9.969336311E-1,1.752026078E2,7.579177472E0,2.135500594E-1,1.752062258E2
1.147209500E1,4.258576579E-2,3.561118940E-4,6.853778523E-2,9.967391655E-1,1.751185545E2,7.854662070E0,2.937892239E-1,1.751272114E2
1.148214000E1,4.315559118E-2,2.121250886E-4,7.050289521E-2,9.965776588E-1,1.750531972E2,8.079313791E0,3.244327825E-1,1.750637622E2
1.149218600E1,4.362885815E-2,6.775421999E-4,7.206046361E-2,9.964453598E-1,1.749989137E2,8.260240543E0,2.829027236E-1,1.750062971E2
1.150223100E1,4.408792162E-2,1.648837397E-3,7.344583052E-2,9.963228811E-1,1.749462582E2,8.424014770E0,1.828081776E-1,1.749460197E2
1.151227700E1,4.459882572E-2,2.802839183E-3,7.493512629E-2,9.961866625E-1,1.748876553E2,8.600782307E0,6.301020125E-2,1.748779497E2
1.152232200E1,4.518003076E-2,3.837876220E-3,7.668017440E-2,9.960242285E-1,1.748209869E2,8.806471401E0,-4.104728019E-2,1.748024844E2
1.153236800E1,4.574522000E-2,4.531265635E-3,7.876355108E-2,9.958329661E-1,1.747561539E2,9.049372399E0,-1.042013393E-1,1.747315016E2
1.154241300E1,4.615143132E-2,5.158197373E-3,8.090738477E-2,9.956392592E-1,1.747095563E2,9.298958849E0,-1.606245966E-1,1.746790093E2
1.155245900E1,4.629797591E-2,5.940661518E-3,8.292015230E-2,9.954624532E-1,1.746927456E2,9.534374912E0,-2.377403834E-1,1.746544712E2
1.156250400E1,4.618354722E-2,7.119687995E-3,8.467629558E-2,9.953121997E-1,1.747058722E2,9.742456079E0,-3.639063485E-1,1.746556271E2
1.157255000E1,4.575777976E-2,8.860052542E-3,8.616449553E-2,9.951901424E-1,1.747547132E2,9.922685962E0,-5.586130142E-1,1.746864178E2
1.158259500E1,4.492626458E-2,1.118442490E-2,8.755256511E-2,9.950834687E-1,1.748500959E2,1.009421495E1,-8.246323782E-1,1.747570737E2
1.159264100E1,4.357659605E-2,1.400659368E-2,8.904322011E-2,9.949754463E-1,1.750049082E2,1.027939939E1,-1.152412292E0,1.748808195E2
1.160268600E1,4.166839749E-2,1.711911473E-2,9.079531992E-2,9.948501438E-1,1.752237706E2,1.049478741E1,-1.518247486E0,1.750637937E2
1.161273200E1,3.924929482E-2,2.012040235E-2,9.295687373E-2,9.946927253E-1,1.755012065E2,1.075480667E1,-1.875640302E0,1.753041392E2
1.162277700E1,3.641158966E-2,2.267498869E-2,9.555575114E-2,9.944993977E-1,1.758266166E2,1.106083450E1,-2.185897345E0,1.755946593E2
1.163282300E1,3.334026451E-2,2.464148689E-2,9.853342599E-2,9.942696974E-1,1.761787790E2,1.140593045E1,-2.431807532E0,1.759160169E2
1.164286800E1,3.024006878E-2,2.588098882E-2,1.018699654E-1,9.940010955E-1,1.765342150E2,1.178809355E1,-2.595834030E0,1.762468788E2
1.165291400E1,2.722458821E-2,2.646767559E-2,1.053501545E-1,9.937099872E-1,1.768799065E2,1.218377767E1,-2.686217019E0,1.765745885E2
1.166295900E1,2.424855709E-2,2.661840326E-2,1.086189377E-1,9.934311015E-1,1.772210477E2,1.255333628E1,-2.729422524E0,1.769032394E2
1.167300400E1,2.126144135E-2,2.643813855E-2,1.116551255E-1,9.931677680E-1,1.775634347E2,1.289490941E1,-2.737896013E0,1.772377741E2
1.168305000E1,1.829573620E-2,2.565847454E-2,1.149484486E-1,9.928714757E-1,1.779033461E2,1.326456201E1,-2.679267673E0,1.775770618E2
1.169309500E1,1.541343968E-2,2.366597701E-2,1.191788911E-1,9.924709542E-1,1.782336800E2,1.373994967E1,-2.481779279E0,1.779214387E2
1.170314100E1,1.272885401E-2,2.039251031E-2,1.244394026E-1,9.919359421E-1,1.785413414E2,1.433335844E1,-2.136951077E0,1.782608755E2
1.171318608E1,1.017441782E-2,1.637028377E-2,1.300682460E-1,9.913176478E-1,1.788340775E2,1.497074498E1,-1.708215320E0,1.785994638E2
1.172323208E1,7.591701088E-3,1.216953372E-2,1.353797867E-1,9.906899548E-1,1.791300468E2,1.557436639E1,-1.263872288E0,1.789490492E2
1.173327708E1,5.208001777E-3,7.995204479E-3,1.403591208E-1,9.900546753E-1,1.794032043E2,1.614316463E1,-8.233341976E-1,1.792804544E2
1.174332308E1,3.251460775E-3,4.025556137E-3,1.452896646E-1,9.893756053E-1,1.796274094E2,1.670986106E1,-4.022636106E-1,1.795643322E2
1.175336808E1,1.810923640E-3,3.200842410E-4,1.502481623E-1,9.886465913E-1,1.797924833E2,1.728265497E1,-5.083538805E-3,1.797893280E2
1.176341408E1,8.632938980E-4,-3.148127239E-3,1.551725790E-1,9.878819631E-1,1.799010738E2,1.785357091E1,3.717304815E-1,1.799582500E2
1.177345908E1,3.410101513E-4,-6.409218569E-3,1.600442489E-1,9.870889280E-1,1.799609231E2,1.841981505E1,7.312337911E-1,-1.799210226E2
1.178350508E1,1.045241843E-4,-9.467235847E-3,1.647911115E-1,9.862830382E-1,1.799880224E2,1.897262012E1,1.072020606E0,-1.798330077E2
1.179355008E1,6.208230786E-5,1.217526569E-2,-1.691466090E-1,-9.855156705E-1,1.799928859E2,1.948078150E1,1.373902726E0,-1.797569279E2
1.180359608E1,3.625471909E-4,1.441431702E-2,-1.727019064E-1,-9.848685899E-1,1.799584552E2,1.989660356E1,1.619806504E0,-1.796736897E2
1.181364108E1,8.786774978E-4,1.647338023E-2,-1.751697940E-1,-9.844000013E-1,1.798993110E2,2.018676184E1,1.840941107E0,-1.795699859E2
1.182368708E1,1.569380051E-3,1.851602724E-2,-1.762201356E-1,-9.841753586E-1,1.798201622E2,2.031277951E1,2.056954814E0,-1.794487440E2
1.183373208E1,2.305179732E-3,2.044713262E-2,-1.754872652E-1,-9.842666486E-1,1.797358456E2,2.023160824E1,2.260435128E0,-1.793282851E2
1.184377808E1,2.976579029E-3,2.233713429E-2,-1.729591181E-1,-9.846711741E-1,1.796589087E2,1.994168526E1,2.462173627E0,-1.792206799E2
1.185382308E1,3.548427470E-3,2.432330979E-2,-1.691808796E-1,-9.852784259E-1,1.795933793E2,1.950675216E1,2.678396435E0,-1.791268298E2
1.186386908E1,4.124026980E-3,2.649760249E-2,-1.649136377E-1,-9.859433767E-1,1.795274200E2,1.901597478E1,2.917045375E0,-1.790320199E2
1.187391408E1,4.809419030E-3,2.888675981E-2,-1.608372366E-1,-9.865464138E-1,1.794488791E2,1.854891011E1,3.178634904E0,-1.789221740E2
1.188396008E1,5.687169298E-3,3.129956679E-2,-1.574789072E-1,-9.870097763E-1,1.793482949E2,1.816678001E1,3.439510757E0,-1.787896696E2
1.189400508E1,6.792976162E-3,3.340473339E-2,-1.551870512E-1,-9.872967542E-1,1.792215763E2,1.790939831E1,3.660963949E0,-1.786345144E2
1.190405108E1,8.072723070E-3,3.499790533E-2,-1.542517705E-1,-9.873786033E-1,1.790749240E2,1.780957216E1,3.819983195E0,-1.784643938E2
1.191409608E1,9.429598711E-3,3.587475471E-2,-1.548216538E-1,-9.872458408E-1,1.789194316E2,1.788332392E1,3.894217055E0,-1.782925717E2
1.192414208E1,1.086023134E-2,3.572841559E-2,-1.566934217E-1,-9.869411190E-1,1.787554847E2,1.810571395E1,3.848599408E0,-1.781256705E2
1.193418708E1,1.242552314E-2,3.445205623E-2,-1.595804229E-1,-9.865053628E-1,1.785761033E2,1.844286251E1,3.669927886E0,-1.779607334E2
1.194423308E1,1.417878989E-2,3.216097989E-2,-1.632493008E-1,-9.859585917E-1,1.783751759E2,1.886778564E1,3.370329762E0,-1.777920451E2
1.195427808E1,1.610506946E-2,2.929927736E-2,-1.674645704E-1,-9.853110475E-1,1.781544152E2,1.935422321E1,3.000446948E0,-1.776153935E2
1.196432408E1,1.808150377E-2,2.659601538E-2,-1.719814323E-1,-9.845751636E-1,1.779278994E2,1.987573841E1,2.645265152E0,-1.774322343E2
1.197436908E1,1.996652157E-2,2.480065446E-2,-1.764899545E-1,-9.837873968E-1,1.777118531E2,2.039874067E1,2.392757661E0,-1.772440606E2
1.198441508E1,2.171612155E-2,2.414830027E-2,-1.806964049E-1,-9.830026225E-1,1.775113201E2,2.089024746E1,2.271090892E0,-1.770501734E2
1.199446008E1,2.336427406E-2,2.448435817E-2,-1.844320908E-1,-9.822623974E-1,1.773224078E2,2.133062378E1,2.262733496E0,-1.768486352E2
1.200450608E1,2.497221848E-2,2.552382589E-2,-1.877126961E-1,-9.815746873E-1,1.771380970E2,2.172116595E1,2.334410498E0,-1.766373766E2
1.201455108E1,2.654231502E-2,2.692932319E-2,-1.906461115E-1,-9.809303041E-1,1.769581175E2,2.207336813E1,2.447916155E0,-1.764225788E2
1.202459708E1,2.799528548E-2,2.834230156E-2,-1.933677390E-1,-9.803172360E-1,1.767915574E2,2.240133969E1,2.564390911E0,-1.762205794E2
1.203464208E1,2.918243576E-2,2.926467480E-2,-1.959639111E-1,-9.797398664E-1,1.766554644E2,2.271219465E1,2.631152115E0,-1.760592717E2
1.204468808E1,2.997218341E-2,2.932876962E-2,-1.984785080E-1,-9.792078046E-1,1.765649263E2,2.300845872E1,2.610166963E0,-1.759622747E2
1.205473308E1,3.028044546E-2,2.844437069E-2,-2.009000868E-1,-9.787304493E-1,1.765295861E2,2.328787388E1,2.493844474E0,-1.759418572E2
1.206477908E1,3.010701118E-2,2.673285566E-2,-2.032148497E-1,-9.783060727E-1,1.765494692E2,2.354962517E1,2.296424964E0,-1.759958440E2
1.207482408E1,2.947291184E-2,2.438224689E-2,-2.054008328E-1,-9.779301650E-1,1.766221639E2,2.379265618E1,2.039057094E0,-1.761178752E2
1.208487008E1,2.845772070E-2,2.165555653E-2,-2.073481226E-1,-9.776133471E-1,1.767385451E2,2.400616237E1,1.750097395E0,-1.762931311E2
1.209491508E1,2.722349239E-2,1.883102225E-2,-2.089525056E-1,-9.773653551E-1,1.768800321E2,2.417994024E1,1.457346007E0,-1.764968192E2
1.210496108E1,2.595533587E-2,1.618754031E-2,-2.102097145E-1,-9.771775909E-1,1.770254035E2,2.431501488E1,1.187487089E0,-1.767011566E2
1.211500608E1,2.480405255E-2,1.404057984E-2,-2.112453890E-1,-9.770174328E-1,1.771573734E2,2.442720765E1,9.715709346E-1,-1.768811218E2
1.212505208E1,2.383096611E-2,1.253467294E-2,-2.122167896E-1,-9.768515428E-1,1.772689139E2,2.453499363E1,8.236189252E-1,-1.770259227E2
1.213509708E1,2.297749243E-2,1.156554831E-2,-2.131867993E-1,-9.766727559E-1,1.773667416E2,2.464489459E1,7.330917554E-1,-1.771444395E2
1.214514308E1,2.210707572E-2,1.096409171E-2,-2.141877237E-1,-9.764807349E-1,1.774665093E2,2.475979661E1,6.842608108E-1,-1.772559481E2
1.215518808E1,2.111422240E-2,1.056217936E-2,-2.153551282E-1,-9.762503180E-1,1.775803085E2,2.489489713E1,6.605518786E-1,-1.773762069E2
1.216523408E1,1.999817386E-2,1.022324494E-2,-2.168031569E-1,-9.759569760E-1,1.777082253E2,2.506315313E1,6.465140845E-1,-1.775085479E2
1.217527908E1,1.880811544E-2,9.815284522E-3,-2.185076387E-1,-9.756046283E-1,1.778446216E2,2.526140963E1,6.263837030E-1,-1.776507625E2
1.218532508E1,1.759727863E-2,9.232488437E-3,-2.203705610E-1,-9.752138006E-1,1.779833963E2,2.547799131E1,5.873754481E-1,-1.777996812E2
1.219537008E1,1.638694758E-2,8.435617972E-3,-2.223102222E-1,-9.748018152E-1,1.781221101E2,2.570333141E1,5.248446734E-1,-1.779540950E2
1.220541608E1,1.515609102E-2,7.431016228E-3,-2.242142377E-1,-9.743937494E-1,1.782631734E2,2.592435054E1,4.403251925E-1,-1.781163919E2
1.221546108E1,1.386905271E-2,6.270513291E-3,-2.260086503E-1,-9.740064620E-1,1.784106727E2,2.613256340E1,3.406820916E-1,-1.782893527E2
1.222550708E1,1.250374769E-2,5.049087084E-3,-2.277138380E-1,-9.736348111E-1,1.785671387E2,2.633062416E1,2.370551541E-1,-1.784730081E2
1.223555208E1,1.104930210E-2,3.876235121E-3,-2.294167920E-1,-9.732578918E-1,1.787338175E2,2.652898122E1,1.418279380E-1,-1.786656753E2
1.224559808E1,9.525819966E-3,2.828696275E-3,-2.311595431E-1,-9.728651253E-1,1.789084049E2,2.673266696E1,6.302030115E-2,-1.788630369E2
1.225564308E1,7.977176165E-3,1.983019759E-3,-2.328818530E-1,-9.724703779E-1,1.790858733E2,2.693459181E1,8.100294873E-3,-1.790580867E2
1.226568908E1,6.393381891E-3,1.356232902E-3,-2.344325199E-1,-9.721104438E-1,1.792673674E2,2.711680385E1,-2.067328706E-2,-1.792513499E2
1.227573408E1,4.740635374E-3,9.426564138E-4,-2.357068193E-1,-9.718122127E-1,1.794567612E2,2.726679580E1,-2.306900834E-2,-1.794466061E2
1.228578008E1,2.844617247E-3,7.674519645E-4,-2.366788731E-1,-9.715835239E-1,1.796740304E2,2.738136157E1,8.294467071E-3,-1.796624775E2
1.229582508E1,7.177186833E-4,7.743324376E-4,-2.373924509E-1,-9.714132507E-1,1.799177555E2,2.746545756E1,6.667119383E-2,-1.798990422E2
1.230587108E1,1.391056735E-3,-6.195165263E-4,2.378939668E-1,9.712899290E-1,1.798405966E2,2.752445138E1,1.068743571E-1,1.798620612E2
1.231591608E1,3.376046859E-3,-4.181704942E-4,2.382982709E-1,9.711860370E-1,1.796131328E2,2.757197048E1,1.387278252E-1,1.796356961E2
1.232596208E1,5.229918138E-3,-2.421441814E-4,2.387934543E-1,9.710562247E-1,1.794006928E2,2.763021134E1,1.700547916E-1,1.794246553E2
1.233600708E1,7.039788107E-3,-8.761276134E-5,2.394936609E-1,9.708723802E-1,1.791932930E2,2.771263265E1,2.029472820E-1,1.792191723E2
1.234605308E1,8.888011708E-3,-4.846887579E-7,2.404328297E-1,9.706250625E-1,1.789814955E2,2.782318289E1,2.449333573E-1,1.790113822E2
1.235609808E1,1.084261395E-2,4.595060159E-5,2.415396375E-1,9.703303717E-1,1.787575036E2,2.795342705E1,2.949982247E-1,1.787930145E2
1.236614408E1,1.280526625E-2,1.866789288E-4,2.427128372E-1,9.700137224E-1,1.785325845E2,2.809159067E1,3.354023997E-1,1.785712615E2
1.237618908E1,1.468421490E-2,5.046136805E-4,2.439059302E-1,9.696876323E-1,1.783172524E2,2.823239576E1,3.543479443E-1,1.783539578E2
1.238623508E1,1.644114843E-2,1.038350833E-3,2.451142487E-1,9.693542507E-1,1.781158983E2,2.837549246E1,3.464616632E-1,1.781441968E2
1.239628008E1,1.811893017E-2,1.724680651E-3,2.463044652E-1,9.690215435E-1,1.779236099E2,2.851694269E1,3.198863709E-1,1.779388883E2
1.240632608E1,1.973319662E-2,2.399999605E-3,2.473948042E-1,9.687107948E-1,1.777385955E2,2.864681167E1,2.930101506E-1,1.777408417E2
1.241637108E1,2.129701329E-2,2.974787788E-3,2.483337833E-1,9.684358287E-1,1.775593575E2,2.875876946E1,2.759234236E-1,1.775511459E2
1.242641708E1,2.280582832E-2,3.433545698E-3,2.490654420E-1,9.682120711E-1,1.773864180E2,2.884608048E1,2.699492984E-1,1.773707703E2
1.243646208E1,2.423759891E-2,3.776663191E-3,2.495985997E-1,9.680386368E-1,1.772223037E2,2.890971321E1,2.743005654E-1,1.772021824E2
1.244650808E1,2.555152691E-2,4.065474471E-3,2.499990158E-1,9.679003530E-1,1.770716920E2,2.895757401E1,2.810807463E-1,1.770481903E2
1.245655308E1,2.675962418E-2,4.435133942E-3,2.502982057E-1,9.677887481E-1,1.769332069E2,2.899377216E1,2.756640296E-1,1.769035948E2
1.246659908E1,2.790812580E-2,4.944046601E-3,2.505835715E-1,9.676799250E-1,1.768015491E2,2.902885862E1,2.531408188E-1,1.767616016E2
1.247664408E1,2.902902123E-2,5.522796588E-3,2.509298816E-1,9.675541166E-1,1.766730518E2,2.907150627E1,2.223820128E-1,1.766206602E2
1.248669008E1,3.008066940E-2,6.136191285E-3,2.513038612E-1,9.674211855E-1,1.765524892E2,2.911768725E1,1.859946790E-1,1.764863811E2
1.249673508E1,3.103403111E-2,6.814555348E-3,2.516500238E-1,9.672965151E-1,1.764431909E2,2.916096309E1,1.395748372E-1,1.763610944E2
1.250678108E1,3.187945475E-2,7.556561153E-3,2.519633118E-1,9.671820021E-1,1.763462645E2,2.920074924E1,8.295091643E-2,1.762459020E2
1.251682608E1,3.259198937E-2,8.327100374E-3,2.522406908E-1,9.670796696E-1,1.762645716E2,2.923655621E1,1.925784903E-2,1.761445821E2
1.252687208E1,3.314103636E-2,9.105036367E-3,2.524994619E-1,9.669864829E-1,1.762016214E2,2.927033140E1,-5.000240506E-2,1.760611412E2
1.253691708E1,3.352292896E-2,9.904667451E-3,2.527924668E-1,9.668889129E-1,1.761578354E2,2.930836184E1,-1.263223122E-1,1.759955642E2
1.254696308E1,3.377534643E-2,1.071999824E-2,2.532515724E-1,9.667513035E-1,1.761288941E2,2.936621331E1,-2.074011681E-1,1.759438028E2
1.255700808E1,3.392130097E-2,1.149749169E-2,2.539264383E-1,9.665601675E-1,1.761121594E2,2.944951822E1,-2.864230645E-1,1.759048003E2
1.256705408E1,3.398296181E-2,1.225594530E-2,2.547667200E-1,9.663274748E-1,1.761050895E2,2.955238842E1,-3.650371989E-1,1.758755186E2
1.257709908E1,3.398291966E-2,1.307217170E-2,2.557430201E-1,9.660588729E-1,1.761050943E2,2.967169180E1,-4.512195797E-1,1.758511698E2
1.258714508E1,3.393310209E-2,1.404929370E-2,2.568207677E-1,9.657609790E-1,1.761108063E2,2.980382170E1,-5.561827983E-1,1.758273422E2
1.259719008E1,3.386486634E-2,1.521857372E-2,2.579919233E-1,9.654334558E-1,1.761186301E2,2.994802760E1,-6.824842997E-1,1.757995356E2
1.260723608E1,3.382402604E-2,1.655312207E-2,2.592688990E-1,9.650706979E-1,1.761233127E2,3.010574718E1,-8.257083279E-1,1.757633423E2
1.261728108E1,3.383831382E-2,1.795432566E-2,2.606068191E-1,9.646847592E-1,1.761216745E2,3.027128288E1,-9.742779146E-1,1.757185747E2
1.262732708E1,3.390279850E-2,1.933503534E-2,2.619256151E-1,9.642985255E-1,1.761142808E2,3.043473808E1,-1.119027315E0,1.756684431E2
1.263737208E1,3.397474317E-2,2.064465383E-2,2.631487693E-1,9.639358518E-1,1.761060318E2,3.058673386E1,-1.255990859E0,1.756193375E2
1.264741808E1,3.401967171E-2,2.185325686E-2,2.642128719E-1,9.636164630E-1,1.761008804E2,3.071949681E1,-1.383222725E0,1.755761459E2
1.265746308E1,3.403640401E-2,2.293088855E-2,2.650880933E-1,9.633503900E-1,1.760989619E2,3.082926097E1,-1.497634116E0,1.755400662E2
1.266750908E1,3.404791010E-2,2.381338034E-2,2.657710198E-1,9.631404565E-1,1.760976427E2,3.091523639E1,-1.591501214E0,1.755106477E2
1.267755408E1,3.408242837E-2,2.448565418E-2,2.662607135E-1,9.629870841E-1,1.760936849E2,3.097719920E1,-1.662333009E0,1.754853422E2
1.268760008E1,3.414628085E-2,2.497784508E-2,2.665762037E-1,9.628848780E-1,1.760863637E2,3.101754483E1,-1.713193204E0,1.754625763E2
1.269764508E1,3.423285047E-2,2.535975875E-2,2.667683512E-1,9.628186232E-1,1.760764377E2,3.104267339E1,-1.751759839E0,1.754408891E2
1.270769108E1,3.435183103E-2,2.573524502E-2,2.668761207E-1,9.627745797E-1,1.760627955E2,3.105780892E1,-1.789014079E0,1.754159566E2
1.271773596E1,3.448248626E-2,2.619764863E-2,2.669605514E-1,9.627340345E-1,1.760478147E2,3.107071211E1,-1.835601447E0,1.753870822E2
1.272778196E1,3.459712568E-2,2.680022213E-2,2.671033660E-1,9.626736802E-1,1.760346701E2,3.109137659E1,-1.897852584E0,1.753555181E2
1.273782696E1,3.467252640E-2,2.754977222E-2,2.673333719E-1,9.625859726E-1,1.760260246E2,3.112325603E1,-1.977085368E0,1.753235392E2
1.274787196E1,3.470961562E-2,2.843351787E-2,2.676418552E-1,9.624731876E-1,1.760217720E2,3.116526595E1,-2.071894791E0,1.752914168E2
1.275791796E1,3.471597980E-2,2.940026121E-2,2.679934231E-1,9.623461149E-1,1.760210422E2,3.121293146E1,-2.176568229E0,1.752599390E2
1.276796296E1,3.470139699E-2,3.037638222E-2,2.683247395E-1,9.622239733E-1,1.760227143E2,3.125829784E1,-2.282997474E0,1.752304357E2
1.277800896E1,3.465216947E-2,3.133095566E-2,2.685482126E-1,9.621327675E-1,1.760283588E2,3.129072079E1,-2.388637958E0,1.752056061E2
1.278805396E1,3.454536935E-2,3.223330915E-2,2.685996634E-1,9.620923908E-1,1.760406045E2,3.130230056E1,-2.491151236E0,1.751891435E2
1.279809996E1,3.436793112E-2,3.302123394E-2,2.684570279E-1,9.621118627E-1,1.760609495E2,3.128995539E1,-2.584206208E0,1.751845511E2
1.280814496E1,3.410249027E-2,3.367513176E-2,2.681111603E-1,9.621950606E-1,1.760913846E2,3.125238948E1,-2.666222844E0,1.751944394E2
1.281819096E1,3.374866748E-2,3.419350639E-2,2.675477940E-1,9.623460727E-1,1.761319531E2,3.118786856E1,-2.737098336E0,1.752189831E2
1.282823596E1,3.330970805E-2,3.431580601E-2,2.663597480E-1,9.626864928E-1,1.761822824E2,3.104629781E1,-2.769954427E0,1.752671027E2
1.283828196E1,3.285970615E-2,3.408851859E-2,2.644001198E-1,9.632501226E-1,1.762338771E2,3.081080655E1,-2.768194764E0,1.753295054E2
1.284832696E1,3.239410991E-2,3.351180219E-2,2.619159002E-1,9.639645538E-1,1.762872589E2,3.051094189E1,-2.730565132E0,1.754057416E2
1.285837296E1,3.198359961E-2,3.287622771E-2,2.591622359E-1,9.647441020E-1,1.763343243E2,3.017916496E1,-2.685657954E0,1.754781586E2
1.286841796E1,3.169746465E-2,3.255792418E-2,2.566298741E-1,9.654410001E-1,1.763671296E2,2.987616596E1,-2.670748538E0,1.755264159E2
1.287846396E1,3.163196845E-2,3.277926889E-2,2.548140509E-1,9.659165851E-1,1.763746387E2,2.966207673E1,-2.705568938E0,1.755321471E2
1.288850896E1,3.186942380E-2,3.363507118E-2,2.539995104E-1,9.660938548E-1,1.763474146E2,2.957131922E1,-2.797124062E0,1.754828143E2
1.289855496E1,3.236722022E-2,3.506642031E-2,2.541662644E-1,9.659825450E-1,1.762903419E2,2.960123428E1,-2.940207892E0,1.753847829E2
1.290859996E1,3.294555928E-2,3.685123397E-2,2.549075010E-1,9.657011726E-1,1.762240337E2,2.970208260E1,-3.117191477E0,1.752653873E2
1.291864596E1,3.338531950E-2,3.869925738E-2,2.557148134E-1,9.654002441E-1,1.761736132E2,2.981129276E1,-3.304721942E0,1.751588968E2
1.292869096E1,3.354189504E-2,4.030093245E-2,2.561840026E-1,9.652048935E-1,1.761556609E2,2.987831124E1,-3.474914202E0,1.750920126E2
1.293873696E1,3.339969157E-2,4.142524178E-2,2.560584261E-1,9.651956211E-1,1.761719653E2,2.987075214E1,-3.604125396E0,1.750745872E2
1.294878196E1,3.304068472E-2,4.192893877E-2,2.553299810E-1,9.653792128E-1,1.762131272E2,2.978668419E1,-3.674151292E0,1.751020960E2
1.295882796E1,3.258549875E-2,4.179386865E-2,2.541748307E-1,9.657052608E-1,1.762653158E2,2.964725063E1,-3.678411026E0,1.751610266E2
1.296887296E1,3.215159695E-2,4.115479599E-2,2.527796436E-1,9.661133688E-1,1.763150633E2,2.947605031E1,-3.627289190E0,1.752334062E2
1.297891896E1,3.181910046E-2,4.027458013E-2,2.513219316E-1,9.665416229E-1,1.763531841E2,2.929631582E1,-3.546606592E0,1.753016604E2
1.298896396E1,3.160486803E-2,3.939655591E-2,2.499015196E-1,9.669531026E-1,1.763777457E2,2.912159440E1,-3.462372917E0,1.753563007E2
1.299900996E1,3.147792172E-2,3.870026890E-2,2.485140875E-1,9.673428766E-1,1.763922999E2,2.895240197E1,-3.395469757E0,1.753955740E2
1.300905496E1,3.140260530E-2,3.831060021E-2,2.471425869E-1,9.677121252E-1,1.764009348E2,2.878734543E1,-3.360916370E0,1.754199954E2
1.301910096E1,3.138675809E-2,3.829255082E-2,2.457953102E-1,9.680563806E-1,1.764027517E2,2.862778804E1,-3.365728219E0,1.754269482E2
1.302914596E1,3.146742715E-2,3.867148260E-2,2.445162903E-1,9.683625353E-1,1.763935031E2,2.847919687E1,-3.411540225E0,1.754115980E2
1.303919196E1,3.165101883E-2,3.941661781E-2,2.433691796E-1,9.686155007E-1,1.763724546E2,2.834895780E1,-3.494534662E0,1.753740210E2
1.304923696E1,3.191043268E-2,4.042788929E-2,2.424143427E-1,9.688047822E-1,1.763427129E2,2.824354476E1,-3.604124983E0,1.753199251E2
1.305928296E1,3.217562065E-2,4.157318776E-2,2.416639813E-1,9.689349317E-1,1.763123090E2,2.816336310E1,-3.727545049E0,1.752607954E2
1.306932796E1,3.241252809E-2,4.270836044E-2,2.410459715E-1,9.690316587E-1,1.762851472E2,2.809883011E1,-3.850061271E0,1.752047326E2
1.307937396E1,3.257243323E-2,4.368748441E-2,2.404583918E-1,9.691285965E-1,1.762668138E2,2.803669180E1,-3.957296372E0,1.751616455E2
1.308941896E1,3.263750796E-2,4.442305228E-2,2.397699230E-1,9.692635507E-1,1.762593528E2,2.796068953E1,-4.040655802E0,1.751365080E2
1.309946496E1,3.260720438E-2,4.485581613E-2,2.389044796E-1,9.694583113E-1,1.762628272E2,2.786135202E1,-4.093924229E0,1.751313519E2
1.310950996E1,3.253306807E-2,4.503653128E-2,2.378528630E-1,9.697109816E-1,1.762713271E2,2.773811742E1,-4.121324587E0,1.751390066E2
1.311955596E1,3.245867888E-2,4.514915819E-2,2.366985557E-1,9.699906260E-1,1.762798560E2,2.760230576E1,-4.141660396E0,1.751490729E2
1.312960096E1,3.239495285E-2,4.535744792E-2,2.356086803E-1,9.702483118E-1,1.762871623E2,2.747484201E1,-4.172005845E0,1.751550654E2
1.313964696E1,3.237396372E-2,4.576955980E-2,2.346827773E-1,9.704539884E-1,1.762895687E2,2.736835091E1,-4.223042593E0,1.751500175E2
1.314969196E1,3.238509049E-2,4.640516589E-2,2.340231686E-1,9.705827049E-1,1.762882930E2,2.729501478E1,-4.296762451E0,1.751341524E2
1.315973796E1,3.242816457E-2,4.723995798E-2,2.336751726E-1,9.706248517E-1,1.762833545E2,2.726003572E1,-4.390243194E0,1.751079302E2
1.316978296E1,3.249159557E-2,4.822167398E-2,2.336458911E-1,9.705815669E-1,1.762760820E2,2.726387730E1,-4.497930084E0,1.750739713E2
1.317982896E1,3.253319451E-2,4.930601757E-2,2.338563830E-1,9.704749775E-1,1.762713126E2,2.729676980E1,-4.616405124E0,1.750384652E2
1.318987396E1,3.253816784E-2,5.048041843E-2,2.341771205E-1,9.703370731E-1,1.762707424E2,2.734330101E1,-4.745311242E0,1.750039413E2
1.319991996E1,3.253045497E-2,5.170109653E-2,2.345094062E-1,9.701928044E-1,1.762716267E2,2.739161648E1,-4.879628550E0,1.749693732E2
1.320996496E1,3.254094953E-2,5.290422046E-2,2.348346113E-1,9.700489572E-1,1.762704234E2,2.743918314E1,-5.011511229E0,1.749331654E2
1.322001096E1,3.260872166E-2,5.406483930E-2,2.351079126E-1,9.699165318E-1,1.762626532E2,2.748069714E1,-5.137352775E0,1.748918914E2
1.323005596E1,3.273651091E-2,5.521566954E-2,2.352982583E-1,9.698012180E-1,1.762480018E2,2.751275979E1,-5.260882700E0,1.748445262E2
1.324010196E1,3.296056356E-2,5.642368251E-2,2.354534430E-1,9.696864100E-1,1.762223134E2,2.754174603E1,-5.388310694E0,1.747849161E2
1.325014696E1,3.328197542E-2,5.779840734E-2,2.356412704E-1,9.695487584E-1,1.761854621E2,2.757661855E1,-5.531416450E0,1.747094854E2
1.326019296E1,3.361312321E-2,5.952487397E-2,2.358439493E-1,9.693835849E-1,1.761474941E2,2.761647265E1,-5.713256230E0,1.746228831E2
1.327023796E1,3.388383242E-2,6.160579032E-2,2.360465914E-1,9.691948092E-1,1.761164554E2,2.765938812E1,-5.936126236E0,1.745328733E2
1.328028396E1,3.408124826E-2,6.382226147E-2,2.362422476E-1,9.689968033E-1,1.760938202E2,2.770274431E1,-6.176078149E0,1.744470333E2
1.329032896E1,3.421506450E-2,6.589143466E-2,2.363375679E-1,9.688303654E-1,1.760784770E2,2.773306066E1,-6.401943151E0,1.743728856E2
1.330037496E1,3.430133910E-2,6.761828587E-2,2.362693217E-1,9.687249561E-1,1.760685849E2,2.774103987E1,-6.591993391E0,1.743147086E2
1.331041996E1,3.429510137E-2,6.889080460E-2,2.359756003E-1,9.687071701E-1,1.760693001E2,2.771784676E1,-6.735404420E0,1.742812948E2
1.332046596E1,3.416558410E-2,6.968433492E-2,2.353919823E-1,9.687969008E-1,1.760841504E2,2.765523790E1,-6.830661228E0,1.742773530E2
1.333051096E1,3.390979488E-2,7.011125089E-2,2.345323657E-1,9.689835692E-1,1.761134787E2,2.755578353E1,-6.890221804E0,1.742999810E2
1.334055696E1,3.357578110E-2,7.032065750E-2,2.334693590E-1,9.692366610E-1,1.761517756E2,2.742974362E1,-6.928860515E0,1.743390464E2
1.335060196E1,3.324054507E-2,7.032396603E-2,2.323152308E-1,9.695252826E-1,1.761902123E2,2.729103225E1,-6.945037217E0,1.743847554E2
1.336064796E1,3.296861360E-2,7.016087880E-2,2.311742102E-1,9.698191304E-1,1.762213904E2,2.715279524E1,-6.940799615E0,1.744279438E2
1.337069296E1,3.279206046E-2,6.990039547E-2,2.301120622E-1,9.700964988E-1,1.762416329E2,2.702366634E1,-6.922608280E0,1.744625578E2
1.338073896E1,3.270776676E-2,6.959306065E-2,2.291758753E-1,9.703429736E-1,1.762512974E2,2.690965221E1,-6.895947000E0,1.744871744E2
1.339078396E1,3.273697452E-2,6.928949798E-2,2.283885301E-1,9.705493667E-1,1.762479487E2,2.681403708E1,-6.865801140E0,1.744978493E2
1.340082996E1,3.284074007E-2,6.899931166E-2,2.277385256E-1,9.707192185E-1,1.762360516E2,2.673527559E1,-6.834376664E0,1.744987729E2
1.341087496E1,3.296153293E-2,6.879491525E-2,2.271346297E-1,9.708710315E-1,1.762222023E2,2.666285019E1,-6.811805978E0,1.744950700E2
1.342092096E1,3.309846804E-2,6.864172199E-2,2.264809848E-1,9.710298829E-1,1.762065021E2,2.658511704E1,-6.794807509E0,1.744884779E2
1.343096596E1,3.326987928E-2,6.838104373E-2,2.257198759E-1,9.712196702E-1,1.761868490E2,2.649397151E1,-6.765536893E0,1.744816647E2
1.344101196E1,3.346501919E-2,6.786456044E-2,2.248140506E-1,9.714592329E-1,1.761644751E2,2.638365080E1,-6.707947264E0,1.744800623E2
1.345105696E1,3.363895923E-2,6.705684770E-2,2.237055147E-1,9.717651769E-1,1.761445319E2,2.624676923E1,-6.619577870E0,1.744899439E2
1.346110296E1,3.372759405E-2,6.598273000E-2,2.223790322E-1,9.721399888E-1,1.761343693E2,2.608144790E1,-6.504905571E0,1.745177535E2
1.347114796E1,3.368822890E-2,6.468651948E-2,2.208544385E-1,9.725759558E-1,1.761388828E2,2.589029467E1,-6.369777233E0,1.745667592E2
1.348119396E1,3.350876761E-2,6.327961553E-2,2.191829366E-1,9.730527209E-1,1.761594591E2,2.568037072E1,-6.226531863E0,1.746348456E2
1.349123896E1,3.325146110E-2,6.189831052E-2,2.174620228E-1,9.735364403E-1,1.761889607E2,2.546475709E1,-6.088164014E0,1.747107358E2
1.350128496E1,3.299912792E-2,6.066146384E-2,2.158296385E-1,9.739860208E-1,1.762178919E2,2.526112213E1,-5.965088192E0,1.747812213E2
1.351132996E1,3.281507264E-2,5.958498591E-2,2.144352153E-1,9.743665646E-1,1.762389945E2,2.508743514E1,-5.856759817E0,1.748380196E2
1.352137596E1,3.274468740E-2,5.854306840E-2,2.133508454E-1,9.746701063E-1,1.762470644E2,2.495132473E1,-5.747701324E0,1.748789787E2
1.353142096E1,3.273899757E-2,5.746380878E-2,2.125737049E-1,9.749043163E-1,1.762477167E2,2.485156033E1,-5.631182803E0,1.749115561E2
1.354146696E1,3.270882043E-2,5.633892520E-2,2.119973098E-1,9.750965059E-1,1.762511766E2,2.477505703E1,-5.509075206E0,1.749466803E2
1.355151196E1,3.257711153E-2,5.509269557E-2,2.114516241E-1,9.752905922E-1,1.762662774E2,2.470087827E1,-5.375684865E0,1.749959120E2
1.356155796E1,3.232237598E-2,5.364949265E-2,2.107850611E-1,9.755237485E-1,1.762954833E2,2.461063117E1,-5.223817790E0,1.750643485E2
1.357160296E1,3.196973329E-2,5.198511360E-2,2.099121367E-1,9.758136767E-1,1.763359141E2,2.449437328E1,-5.050508831E0,1.751500884E2
1.358164896E1,3.156811598E-2,5.012929830E-2,2.088032794E-1,9.761616832E-1,1.763819593E2,2.434924741E1,-4.857942907E0,1.752468399E2
1.359169396E1,3.115979731E-2,4.812996244E-2,2.075024749E-1,9.765527217E-1,1.764287722E2,2.418109233E1,-4.650153725E0,1.753482316E2
1.360173996E1,3.079729226E-2,4.607666808E-2,2.060875683E-1,9.769627684E-1,1.764703321E2,2.399995937E1,-4.435483973E0,1.754456278E2
1.361178496E1,3.050529890E-2,4.414571549E-2,2.046481639E-1,9.773635849E-1,1.765038079E2,2.381758599E1,-4.232685495E0,1.755315152E2
1.362183096E1,3.028318500E-2,4.250709343E-2,2.033219869E-1,9.777198944E-1,1.765292720E2,2.365104575E1,-4.060258777E0,1.756013980E2
1.363187596E1,3.014696639E-2,4.122846868E-2,2.022263533E-1,9.780060715E-1,1.765448886E2,2.351435539E1,-3.924986054E0,1.756516246E2
1.364192196E1,3.009470430E-2,4.033715767E-2,2.014469843E-1,9.782056789E-1,1.765508801E2,2.341751987E1,-3.829699077E0,1.756816921E2
1.365196696E1,3.008770792E-2,3.981190784E-2,2.010012129E-1,9.783190540E-1,1.765516822E2,2.336216462E1,-3.772912391E0,1.756966011E2
1.366201296E1,3.008163878E-2,3.958107481E-2,2.008478563E-1,9.783601050E-1,1.765523780E2,2.334281876E1,-3.747834999E0,1.757033090E2
1.367205796E1,3.001277082E-2,3.952940278E-2,2.009250693E-1,9.783484725E-1,1.765602733E2,2.335131192E1,-3.743299049E0,1.757119746E2
1.368210396E1,2.987431843E-2,3.958014232E-2,2.011606966E-1,9.783022374E-1,1.765761459E2,2.337871395E1,-3.751175760E0,1.757254458E2
1.369214896E1,2.968132801E-2,3.964702410E-2,2.014791634E-1,9.782399022E-1,1.765982707E2,2.341572029E1,-3.761778636E0,1.757443462E2
1.370219496E1,2.943818284E-2,3.965834052E-2,2.018075295E-1,9.781791686E-1,1.766261453E2,2.345338334E1,-3.767289061E0,1.757701543E2
1.371224062E1,2.915495602E-2,3.955707218E-2,2.020421083E-1,9.781433437E-1,1.766586147E2,2.347926367E1,-3.761529003E0,1.758034895E2
1.372228663E1,2.884909634E-2,3.933217660E-2,2.021173615E-1,9.781459147E-1,1.766936783E2,2.348569353E1,-3.743125859E0,1.758429080E2
1.373233162E1,2.853897983E-2,3.894867716E-2,2.020373931E-1,9.781867971E-1,1.767292297E2,2.347303511E1,-3.707692160E0,1.758871466E2
1.374237762E1,2.824386759E-2,3.841546684E-2,2.017970191E-1,9.782660332E-1,1.767630607E2,2.344083126E1,-3.655775575E0,1.759338250E2
1.375242262E1,2.796595127E-2,3.773819859E-2,2.013864561E-1,9.783849716E-1,1.767949202E2,2.338800919E1,-3.587974348E0,1.759825554E2
1.376246863E1,2.767336785E-2,3.691775224E-2,2.008280894E-1,9.785393977E-1,1.768284607E2,2.331712952E1,-3.505007341E0,1.760367572E2
1.377251363E1,2.734934288E-2,3.604245702E-2,2.001714310E-1,9.787156558E-1,1.768656053E2,2.323445825E1,-3.416940596E0,1.760960058E2
1.378255962E1,2.702350559E-2,3.518815621E-2,1.994999948E-1,9.788928833E-1,1.769029573E2,2.315029340E1,-3.331247909E0,1.761548812E2
1.379260462E1,2.670769926E-2,3.443575594E-2,1.989216716E-1,9.790460028E-1,1.769391591E2,2.307770834E1,-3.256319049E0,1.762098195E2
1.380265063E1,2.641882476E-2,3.383528452E-2,1.985138850E-1,9.791575234E-1,1.769722734E2,2.302603100E1,-3.197109779E0,1.762575568E2
1.381269563E1,2.621019786E-2,3.339818482E-2,1.983007853E-1,9.792213337E-1,1.769961886E2,2.299825783E1,-3.153629139E0,1.762918141E2
1.382274162E1,2.608485313E-2,3.315284802E-2,1.982846009E-1,9.792363380E-1,1.770105569E2,2.299475973E1,-3.129016453E0,1.763116293E2
1.383278662E1,2.601118044E-2,3.312910354E-2,1.983915854E-1,9.792174562E-1,1.770190021E2,2.300694027E1,-3.127633377E0,1.763201213E2
1.384283262E1,2.595217485E-2,3.327266097E-2,1.985746450E-1,9.791769952E-1,1.770257659E2,2.302890145E1,-3.144409851E0,1.763228511E2
1.385287763E1,2.588431843E-2,3.349214595E-2,1.987919699E-1,9.791271776E-1,1.770335443E2,2.305522822E1,-3.169784030E0,1.763247008E2
1.386292362E1,2.579403988E-2,3.371726807E-2,1.989804559E-1,9.790835978E-1,1.770438929E2,2.307814550E1,-3.196414785E0,1.763290239E2
1.387296862E1,2.568066485E-2,3.386770071E-2,1.990817874E-1,9.790607542E-1,1.770568890E2,2.309041721E1,-3.215520700E0,1.763379512E2
1.388301462E1,2.553985223E-2,3.388452784E-2,1.990634430E-1,9.790676241E-1,1.770730303E2,2.308792981E1,-3.220709488E0,1.763534544E2
1.389305962E1,2.540161057E-2,3.372480182E-2,1.989372659E-1,9.791023531E-1,1.770888767E2,2.307194738E1,-3.206421817E0,1.763731151E2
1.390310563E1,2.527028099E-2,3.350260891E-2,1.987453871E-1,9.791523393E-1,1.771039308E2,2.304799510E1,-3.185200863E0,1.763936543E2
1.391315062E1,2.519319440E-2,3.348165665E-2,1.985726535E-1,9.791901450E-1,1.771127671E2,2.302745097E1,-3.185249372E0,1.764033691E2
1.392319662E1,2.516217432E-2,3.364861086E-2,1.985044704E-1,9.791989959E-1,1.771163229E2,2.302020623E1,-3.204949993E0,1.764032181E2
1.393324162E1,2.515968766E-2,3.392539975E-2,1.986000911E-1,9.791701253E-1,1.771166079E2,2.303276186E1,-3.235725147E0,1.763967812E2
1.394328763E1,2.513949932E-2,3.422962624E-2,1.988108570E-1,9.791173153E-1,1.771189221E2,2.305888014E1,-3.269560407E0,1.763913084E2
1.395333263E1,2.507316018E-2,3.442358604E-2,1.990612514E-1,9.790613443E-1,1.771265264E2,2.308894675E1,-3.291930211E0,1.763934330E2
1.396337862E1,2.493142033E-2,3.444145630E-2,1.992760528E-1,9.790205882E-1,1.771427736E2,2.311373327E1,-3.296401169E0,1.764082329E2
1.397342362E1,2.474298177E-2,3.429287812E-2,1.994212592E-1,9.790010743E-1,1.771643738E2,2.312940495E1,-3.283526004E0,1.764323847E2
1.398346963E1,2.455353168E-2,3.402952354E-2,1.994972079E-1,9.789995148E-1,1.771860897E2,2.313640672E1,-3.258049541E0,1.764595505E2
1.399351463E1,2.437761074E-2,3.367870898E-2,1.995224802E-1,9.790108945E-1,1.772062548E2,2.313710678E1,-3.222631750E0,1.764873971E2
1.400356062E1,2.420303849E-2,3.328723324E-2,1.995201357E-1,9.790291019E-1,1.772262652E2,2.313440308E1,-3.182718466E0,1.765161252E2
1.401360562E1,2.404182680E-2,3.294109698E-2,1.995036827E-1,9.790481101E-1,1.772447441E2,2.313032907E1,-3.147635363E0,1.765423398E2
1.402365163E1,2.389022458E-2,3.269139271E-2,1.995047205E-1,9.790600377E-1,1.772621214E2,2.312881067E1,-3.123091825E0,1.765651771E2
1.403369663E1,2.377174979E-2,3.258884416E-2,1.995463247E-1,9.790578039E-1,1.772757015E2,2.313284306E1,-3.114160314E0,1.765807433E2
1.404374262E1,2.367877384E-2,3.262572265E-2,1.996356339E-1,9.790406080E-1,1.772863588E2,2.314319674E1,-3.120126002E0,1.765900547E2
1.405378762E1,2.361066454E-2,3.276286323E-2,1.997619111E-1,9.790119481E-1,1.772941657E2,2.315842562E1,-3.136645246E0,1.765941221E2
1.406383362E1,2.357323813E-2,3.290248520E-2,1.999270109E-1,9.789744375E-1,1.772984556E2,2.317829966E1,-3.152602292E0,1.765945526E2
1.407387863E1,2.355755951E-2,3.296123264E-2,2.001031689E-1,9.789368425E-1,1.773002528E2,2.319914985E1,-3.158943986E0,1.765943804E2
1.408392462E1,2.353884631E-2,3.295732879E-2,2.002390556E-1,9.789096156E-1,1.773023978E2,2.321498004E1,-3.158465068E0,1.765961364E2
1.409396962E1,2.350171493E-2,3.294562250E-2,2.003242660E-1,9.788934734E-1,1.773066539E2,2.322478796E1,-3.157712359E0,1.766003082E2
1.410401562E1,2.347115847E-2,3.296188065E-2,2.003749581E-1,9.788832317E-1,1.773101563E2,2.323070682E1,-3.160066071E0,1.766031997E2
1.411406062E1,2.349674160E-2,3.301002815E-2,2.004433467E-1,9.788670051E-1,1.773072239E2,2.323901676E1,-3.164640889E0,1.765989808E2
1.412410663E1,2.357045644E-2,3.305201168E-2,2.005420282E-1,9.788436136E-1,1.772987745E2,2.325098707E1,-3.167305948E0,1.765893972E2
1.413415162E1,2.365078834E-2,3.307069854E-2,2.006422166E-1,9.788205172E-1,1.772895666E2,2.326304294E1,-3.167196718E0,1.765796082E2
1.414419762E1,2.371173268E-2,3.303493694E-2,2.007161632E-1,9.788050914E-1,1.772825809E2,2.327170920E1,-3.161516327E0,1.765733547E2
1.415424262E1,2.372479820E-2,3.291934921E-2,2.007658965E-1,9.787985165E-1,1.772810833E2,2.327701825E1,-3.148070784E0,1.765744264E2
1.416428863E1,2.369900433E-2,3.275982339E-2,2.008176950E-1,9.787938804E-1,1.772840399E2,2.328224514E1,-3.130587145E0,1.765808862E2
1.417433363E1,2.365740539E-2,3.258992417E-2,2.008900242E-1,9.787856617E-1,1.772888081E2,2.328978101E1,-3.112234266E0,1.765893001E2
1.418437962E1,2.363047355E-2,3.247318794E-2,2.009791121E-1,9.787718797E-1,1.772918951E2,2.329957698E1,-3.099449741E0,1.765947725E2
1.419442462E1,2.364366552E-2,3.244705162E-2,2.010975500E-1,9.787481510E-1,1.772903830E2,2.331335704E1,-3.095800050E0,1.765935271E2
1.420447063E1,2.370195461E-2,3.253967459E-2,2.012564805E-1,9.787110196E-1,1.772837017E2,2.333257157E1,-3.104287382E0,1.765843066E2
1.421451563E1,2.377314064E-2,3.271278223E-2,2.014245306E-1,9.786689992E-1,1.772755421E2,2.335327828E1,-3.121470074E0,1.765717192E2
1.422456162E1,2.383180905E-2,3.292146709E-2,2.015760537E-1,9.786292969E-1,1.772688173E2,2.337218664E1,-3.142987909E0,1.765597489E2
1.423460662E1,2.386674879E-2,3.314262741E-2,2.016972101E-1,9.785960430E-1,1.772648123E2,2.338753801E1,-3.166560421E0,1.765502438E2
1.424465262E1,2.389199475E-2,3.334355724E-2,2.017628802E-1,9.785750118E-1,1.772619185E2,2.339627012E1,-3.188282198E0,1.765424761E2
1.425469763E1,2.390430163E-2,3.353145316E-2,2.017755822E-1,9.785657395E-1,1.772605079E2,2.339870496E1,-3.209029539E0,1.765366397E2
1.426474362E1,2.392803031E-2,3.370639946E-2,2.017822677E-1,9.785577737E-1,1.772577880E2,2.340040866E1,-3.228079508E0,1.765298421E2
1.427478862E1,2.395331841E-2,3.389069182E-2,2.018278443E-1,9.785414207E-1,1.772548893E2,2.340672007E1,-3.248003508E0,1.765225201E2
1.428483462E1,2.396221140E-2,3.409469310E-2,2.019622190E-1,9.785063124E-1,1.772538700E2,2.342347663E1,-3.270202787E0,1.765162769E2
1.429487962E1,2.394623774E-2,3.434499270E-2,2.021905179E-1,9.784508893E-1,1.772557010E2,2.345139020E1,-3.297838999E0,1.765114168E2
1.430492563E1,2.391896873E-2,3.464212798E-2,2.024889387E-1,9.783793661E-1,1.772588267E2,2.348771571E1,-3.330739427E0,1.765064680E2
1.431497062E1,2.388735860E-2,3.497342855E-2,2.028228840E-1,9.782991185E-1,1.772624500E2,2.352836481E1,-3.367443308E0,1.765010551E2
1.432501662E1,2.385600134E-2,3.534372023E-2,2.031713857E-1,9.782142347E-1,1.772660443E2,2.357092530E1,-3.408458788E0,1.764946130E2
1.433506162E1,2.383341063E-2,3.574353577E-2,2.035408766E-1,9.781234504E-1,1.772686337E2,2.361613452E1,-3.452500053E0,1.764863801E2
1.434510763E1,2.383433786E-2,3.619235229E-2,2.039381370E-1,9.780241525E-1,1.772685274E2,2.366493693E1,-3.501377032E0,1.764742040E2
1.435515263E1,2.385418903E-2,3.672201174E-2,2.043351814E-1,9.779211034E-1,1.772662520E2,2.371421196E1,-3.558863937E0,1.764579331E2
1.436519862E1,2.389039317E-2,3.731895336E-2,2.047005577E-1,9.778211732E-1,1.772621021E2,2.376020539E1,-3.623609920E0,1.764382817E2
1.437524362E1,2.392533291E-2,3.794705730E-2,2.050038991E-1,9.777325384E-1,1.772580972E2,2.379912247E1,-3.692091860E0,1.764182045E2
1.438528963E1,2.392567008E-2,3.856347604E-2,2.051883337E-1,9.776697396E-1,1.772580585E2,2.382395865E1,-3.760508904E0,1.764027018E2
1.439533463E1,2.390278434E-2,3.916853619E-2,2.052243482E-1,9.776386774E-1,1.772606818E2,2.383128244E1,-3.828745070E0,1.763906283E2
1.440538062E1,2.387298652E-2,3.978177811E-2,2.051150351E-1,9.776376237E-1,1.772640973E2,2.382161235E1,-3.898599798E0,1.763797034E2
1.441542562E1,2.385882518E-2,4.039049977E-2,2.048785544E-1,9.776625746E-1,1.772657206E2,2.379708850E1,-3.968052767E0,1.763676544E2
1.442547162E1,2.386868754E-2,4.097394386E-2,2.045826361E-1,9.777000010E-1,1.772645901E2,2.376557394E1,-4.034332224E0,1.763537833E2
1.443551663E1,2.390990716E-2,4.153900139E-2,2.043153249E-1,9.777310211E-1,1.772598653E2,2.373745735E1,-4.097712359E0,1.763367414E2
1.444556262E1,2.399651893E-2,4.209617219E-2,2.041586124E-1,9.777378068E-1,1.772499375E2,2.372246720E1,-4.158731778E0,1.763143443E2
1.445560762E1,2.414546590E-2,4.267652903E-2,2.041467744E-1,9.777115071E-1,1.772328645E2,2.372486934E1,-4.220339423E0,1.762837745E2
1.446565362E1,2.434359823E-2,4.328894908E-2,2.042482377E-1,9.776584443E-1,1.772101535E2,2.374097317E1,-4.283947247E0,1.762464046E2
1.447569862E1,2.456255111E-2,4.395872572E-2,2.043753947E-1,9.775965305E-1,1.771850559E2,2.376055539E1,-4.353386030E0,1.762051824E2
1.448574463E1,2.475495147E-2,4.468456821E-2,2.044674751E-1,9.775395058E-1,1.771630017E2,2.377630080E1,-4.429863424E0,1.761657275E2
1.449578962E1,2.489327743E-2,4.542972449E-2,2.045040375E-1,9.774939872E-1,1.771471458E2,2.378548756E1,-4.509995641E0,1.761321153E2
1.450583562E1,2.498123790E-2,4.616284785E-2,2.045282297E-1,9.774523040E-1,1.771370632E2,2.379299748E1,-4.590015800E0,1.761044932E2
1.451588062E1,2.503227774E-2,4.689293136E-2,2.045853229E-1,9.774042988E-1,1.771312126E2,2.380424033E1,-4.670435337E0,1.760809223E2
1.452592663E1,2.505259252E-2,4.762756674E-2,2.047112419E-1,9.773419214E-1,1.771288840E2,2.382349588E1,-4.751812937E0,1.760603409E2
1.453597163E1,2.505516347E-2,4.836469405E-2,2.049426913E-1,9.772571641E-1,1.771285893E2,2.385511255E1,-4.833458514E0,1.760411398E2
1.454601762E1,2.503918982E-2,4.909153752E-2,2.052882533E-1,9.771488046E-1,1.771304203E2,2.390001713E1,-4.913919355E0,1.760236480E2
1.455606262E1,2.500100477E-2,4.979998390E-2,2.057216915E-1,9.770227855E-1,1.771347973E2,2.395506418E1,-4.992476970E0,1.760085821E2
1.456610863E1,2.496964752E-2,5.051628013E-2,2.062053371E-1,9.768847967E-1,1.771383917E2,2.401612969E1,-5.071533742E0,1.759922147E2
1.457615363E1,2.494945918E-2,5.131535803E-2,2.067289538E-1,9.767330259E-1,1.771407059E2,2.408251448E1,-5.159422350E0,1.759722711E2
1.458619962E1,2.494317930E-2,5.221576750E-2,2.072928523E-1,9.765659136E-1,1.771414257E2,2.415440547E1,-5.258145770E0,1.759479550E2
1.459624462E1,2.493740518E-2,5.324382396E-2,2.079136016E-1,9.763785709E-1,1.771420876E2,2.423388384E1,-5.370896641E0,1.759199979E2
1.460629063E1,2.494094552E-2,5.436824393E-2,2.086095672E-1,9.761680895E-1,1.771416818E2,2.432298746E1,-5.493869659E0,1.758880222E2
1.461633563E1,2.493829026E-2,5.553614891E-2,2.093439181E-1,9.759451749E-1,1.771419861E2,2.441699103E1,-5.621659278E0,1.758552343E2
1.462638162E1,2.490815527E-2,5.665639107E-2,2.100864613E-1,9.757219230E-1,1.771454404E2,2.451163092E1,-5.744700526E0,1.758264459E2
1.463642662E1,2.486752571E-2,5.765143601E-2,2.107922103E-1,9.755125375E-1,1.771500977E2,2.460116272E1,-5.854099682E0,1.758019726E2
1.464647262E1,2.481859321E-2,5.850298675E-2,2.114290123E-1,9.753251947E-1,1.771557067E2,2.468164558E1,-5.947902743E0,1.757822712E2
1.465651763E1,2.478137755E-2,5.916420758E-2,2.119381041E-1,9.751757841E-1,1.771599726E2,2.474591885E1,-6.020642862E0,1.757666981E2
1.466656362E1,2.478158828E-2,5.960958386E-2,2.122729924E-1,9.750757697E-1,1.771599484E2,2.478843582E1,-6.069042103E0,1.757533665E2
1.467660862E1,2.486242594E-2,5.977039517E-2,2.122777971E-1,9.750628727E-1,1.771506823E2,2.479058812E1,-6.085031909E0,1.757401915E2
1.468665462E1,2.501015064E-2,5.946019963E-2,2.114202510E-1,9.752643768E-1,1.771337490E2,2.468833971E1,-6.050415819E0,1.757367401E2
1.469669962E1,2.516723195E-2,5.880862516E-2,2.101811179E-1,9.755676234E-1,1.771157431E2,2.453891129E1,-5.979016276E0,1.757430545E2
1.470674563E1,2.521519506E-2,5.775091838E-2,2.088659360E-1,9.759119631E-1,1.771102452E2,2.437723281E1,-5.865089008E0,1.757719787E2
1.471678996E1,2.517018222E-2,5.670812632E-2,2.078123438E-1,9.761991518E-1,1.771154049E2,2.424606103E1,-5.753883517E0,1.758091057E2
1.472683596E1,2.507358165E-2,5.592572277E-2,2.073593389E-1,9.763430411E-1,1.771264780E2,2.418706537E1,-5.670470499E0,1.758418861E2
1.473688096E1,2.503130836E-2,5.553630696E-2,2.076036221E-1,9.763144234E-1,1.771313237E2,2.421295569E1,-5.626812063E0,1.758548036E2
1.474692696E1,2.511189313E-2,5.559551801E-2,2.085227658E-1,9.761130458E-1,1.771220865E2,2.432178467E1,-5.627595264E0,1.758389794E2
1.475697196E1,2.530572649E-2,5.600450049E-2,2.098546168E-1,9.757991782E-1,1.770998678E2,2.448209922E1,-5.663005402E0,1.757993372E2
1.476701796E1,2.556206362E-2,5.649155474E-2,2.113666086E-1,9.754380640E-1,1.770704842E2,2.466455235E1,-5.704741337E0,1.757495483E2
1.477706296E1,2.583028617E-2,5.671490143E-2,2.128995843E-1,9.750845362E-1,1.770397380E2,2.484783371E1,-5.716432703E0,1.757048077E2