"Time (s)","w","x","y","z","Direct (°)","Yaw (°)","Pitch (°)","Roll (°)"
4.590666620E-3,8.235266606E-2,-4.142187214E-1,6.172060360E-1,-6.638506276E-1,1.705523801E2,-9.674846802E1,-2.663476791E1,-1.360255335E2
1.463466662E-2,8.232548134E-2,-4.139713721E-1,6.171139346E-1,-6.640939414E-1,1.705555059E2,-9.670705358E1,-2.662975338E1,-1.360615916E2
2.467866667E-2,8.227189163E-2,-4.136820024E-1,6.170351095E-1,-6.643539664E-1,1.705616677E2,-9.666324971E1,-2.662397922E1,-1.361044661E2
3.472266666E-2,8.221389756E-2,-4.133767433E-1,6.169686334E-1,-6.646129166E-1,1.705683359E2,-9.661967555E1,-2.661699263E1,-1.361492869E2
4.476666666E-2,8.216538654E-2,-4.130744766E-1,6.169233571E-1,-6.648488968E-1,1.705739137E2,-9.657971671E1,-2.660805107E1,-1.361923354E2
5.481066665E-2,8.213150047E-2,-4.127980776E-1,6.168937700E-1,-6.650521289E-1,1.705778100E2,-9.654499479E1,-2.659824240E1,-1.362305140E2
6.485466665E-2,8.210941552E-2,-4.125604115E-1,6.168767006E-1,-6.652181032E-1,1.705803493E2,-9.651642942E1,-2.658868757E1,-1.362625359E2
7.489866664E-2,8.209521204E-2,-4.123487711E-1,6.168722962E-1,-6.653552069E-1,1.705819824E2,-9.649266283E1,-2.657906066E1,-1.362903023E2
8.494166663E-2,8.207569805E-2,-4.121684458E-1,6.168727387E-1,-6.654689612E-1,1.705842261E2,-9.647311495E1,-2.657123289E1,-1.363143767E2
9.498566663E-2,8.206311721E-2,-4.120150524E-1,6.168826643E-1,-6.655561420E-1,1.705856727E2,-9.645796467E1,-2.656364658E1,-1.363342291E2
1.050296666E-1,8.205550971E-2,-4.119030155E-1,6.168977634E-1,-6.656124713E-1,1.705865474E2,-9.644811760E1,-2.655750864E1,-1.363483788E2
1.150736666E-1,8.205279123E-2,-4.118209345E-1,6.169174671E-1,-6.656453669E-1,1.705868599E2,-9.644223802E1,-2.655225287E1,-1.363582596E2
1.251176666E-1,8.205852320E-2,-4.117732770E-1,6.169406795E-1,-6.656526161E-1,1.705862009E2,-9.644062345E1,-2.654787453E1,-1.363630755E2
1.351616667E-1,8.208642442E-2,-4.117716332E-1,6.169671898E-1,-6.656256421E-1,1.705829928E2,-9.644443723E1,-2.654382788E1,-1.363603583E2
1.452056667E-1,8.214494532E-2,-4.118279520E-1,6.170030884E-1,-6.655502625E-1,1.705762641E2,-9.645589135E1,-2.653965075E1,-1.363477758E2
1.552496667E-1,8.223258969E-2,-4.119304742E-1,6.170447927E-1,-6.654373300E-1,1.705661867E2,-9.647315252E1,-2.653506616E1,-1.363270369E2
1.652936667E-1,8.233279382E-2,-4.120575996E-1,6.170937568E-1,-6.653007953E-1,1.705546651E2,-9.649417239E1,-2.653025954E1,-1.363020404E2
1.753376666E-1,8.244737003E-2,-4.122184530E-1,6.171532471E-1,-6.651317654E-1,1.705414908E2,-9.652044959E1,-2.652535804E1,-1.362714096E2
1.853816666E-1,8.259581123E-2,-4.124566460E-1,6.172339372E-1,-6.648908540E-1,1.705244225E2,-9.655832272E1,-2.652033622E1,-1.362278820E2
1.954256666E-1,8.278644143E-2,-4.127886578E-1,6.173495250E-1,-6.645536371E-1,1.705025028E2,-9.661170448E1,-2.651448622E1,-1.361683061E2
2.054696666E-1,8.300149572E-2,-4.131732899E-1,6.174779886E-1,-6.641683095E-1,1.704777743E2,-9.667276359E1,-2.650846436E1,-1.360998837E2
2.155136666E-1,8.319893263E-2,-4.135165549E-1,6.176000248E-1,-6.638163622E-1,1.704550712E2,-9.672841234E1,-2.650211094E1,-1.360381590E2
2.255576666E-1,8.337243013E-2,-4.137937547E-1,6.177012193E-1,-6.635277195E-1,1.704351205E2,-9.677371296E1,-2.649557846E1,-1.359871824E2
2.356016666E-1,8.354502148E-2,-4.140430112E-1,6.177941953E-1,-6.632640067E-1,1.704152737E2,-9.681468722E1,-2.648812968E1,-1.359400377E2
2.456456667E-1,8.371443074E-2,-4.142402268E-1,6.178819766E-1,-6.630376149E-1,1.703957926E2,-9.684916411E1,-2.647852988E1,-1.358998152E2
2.556896667E-1,8.383914326E-2,-4.142989058E-1,6.179390329E-1,-6.629319528E-1,1.703814512E2,-9.686386030E1,-2.646742967E1,-1.358813227E2
2.657336667E-1,8.389094174E-2,-4.141963625E-1,6.179535736E-1,-6.629758276E-1,1.703754946E2,-9.685458891E1,-2.645680104E1,-1.358898831E2
2.757776667E-1,8.388027858E-2,-4.139854175E-1,6.179350711E-1,-6.631262497E-1,1.703767208E2,-9.682858887E1,-2.644791362E1,-1.359177890E2
2.858216667E-1,8.384413766E-2,-4.137049197E-1,6.179014063E-1,-6.633371315E-1,1.703808769E2,-9.679274387E1,-2.643849325E1,-1.359567819E2
2.958656666E-1,8.380350810E-2,-4.133670179E-1,6.178532430E-1,-6.635978519E-1,1.703855491E2,-9.674839871E1,-2.642733064E1,-1.360037694E2
3.059096666E-1,8.373645246E-2,-4.129790140E-1,6.178026668E-1,-6.638947764E-1,1.703932602E2,-9.669836941E1,-2.641591820E1,-1.360590431E2
3.159536666E-1,8.365494046E-2,-4.125769436E-1,6.177498884E-1,-6.642041343E-1,1.704026337E2,-9.664658149E1,-2.640510363E1,-1.361172201E2
3.259976666E-1,8.354270340E-2,-4.121423358E-1,6.176847189E-1,-6.645486005E-1,1.704155403E2,-9.658951916E1,-2.639590257E1,-1.361821217E2
3.360416666E-1,8.337776171E-2,-4.116488595E-1,6.176082013E-1,-6.649461928E-1,1.704345074E2,-9.652459228E1,-2.638873765E1,-1.362586663E2
3.460856666E-1,8.315343511E-2,-4.111189787E-1,6.175209678E-1,-6.653829395E-1,1.704603029E2,-9.645439807E1,-2.638528542E1,-1.363445110E2
3.561296666E-1,8.291644338E-2,-4.106175788E-1,6.174314690E-1,-6.658051245E-1,1.704875543E2,-9.638708649E1,-2.638445420E1,-1.364277887E2
3.661736667E-1,8.269367621E-2,-4.101781768E-1,6.173481657E-1,-6.661808004E-1,1.705131695E2,-9.632746998E1,-2.638521787E1,-1.365020156E2
3.762176667E-1,8.250896765E-2,-4.098223626E-1,6.172685187E-1,-6.664964171E-1,1.705344081E2,-9.627735605E1,-2.638686945E1,-1.365628059E2
3.862616667E-1,8.237631044E-2,-4.095793754E-1,6.171952359E-1,-6.667300582E-1,1.705496614E2,-9.624024247E1,-2.638964103E1,-1.366053916E2
3.963056667E-1,8.230780074E-2,-4.094697515E-1,6.171304562E-1,-6.668657499E-1,1.705575388E2,-9.621860788E1,-2.639348999E1,-1.366262311E2
4.063496666E-1,8.230851724E-2,-4.094874426E-1,6.170786261E-1,-6.669027127E-1,1.705574564E2,-9.621245365E1,-2.639742473E1,-1.366255733E2
4.163936666E-1,8.234522714E-2,-4.095874044E-1,6.170344667E-1,-6.668776354E-1,1.705532355E2,-9.621623566E1,-2.640220647E1,-1.366117073E2
4.264376666E-1,8.240438024E-2,-4.097424521E-1,6.169836903E-1,-6.668220226E-1,1.705464339E2,-9.622485551E1,-2.640838538E1,-1.365894791E2
4.364816666E-1,8.249554388E-2,-4.099383507E-1,6.169333670E-1,-6.667370967E-1,1.705359516E2,-9.623783157E1,-2.641397919E1,-1.365597448E2
4.465256666E-1,8.264562880E-2,-4.102050243E-1,6.168936963E-1,-6.665912264E-1,1.705186942E2,-9.625988177E1,-2.641764508E1,-1.365163772E2
4.565696666E-1,8.285613124E-2,-4.105560233E-1,6.168820637E-1,-6.663595663E-1,1.704944894E2,-9.629519000E1,-2.641892072E1,-1.364570195E2
4.666136666E-1,8.312047627E-2,-4.109677348E-1,6.169070779E-1,-6.660497027E-1,1.704640928E2,-9.634257669E1,-2.641659901E1,-1.363848899E2
4.766576666E-1,8.340812851E-2,-4.113986020E-1,6.169573591E-1,-6.657009375E-1,1.704310155E2,-9.639591295E1,-2.641171761E1,-1.363077811E2
4.867016667E-1,8.368884760E-2,-4.117995871E-1,6.170275757E-1,-6.653526992E-1,1.703987346E2,-9.644916980E1,-2.640461216E1,-1.362343217E2
4.967456667E-1,8.394588015E-2,-4.121428732E-1,6.171235441E-1,-6.650186222E-1,1.703691768E2,-9.650029073E1,-2.639489774E1,-1.361690418E2
5.067896667E-1,8.417720313E-2,-4.124143516E-1,6.172477403E-1,-6.647057872E-1,1.703425750E2,-9.654811233E1,-2.638188964E1,-1.361138216E2
5.168336667E-1,8.437019355E-2,-4.125874592E-1,6.174156850E-1,-6.644178821E-1,1.703203810E2,-9.659219530E1,-2.636436519E1,-1.360724575E2
5.268776666E-1,8.450032195E-2,-4.126596146E-1,6.176246491E-1,-6.641623246E-1,1.703054159E2,-9.663194339E1,-2.634447711E1,-1.360472139E2
5.369216666E-1,8.454394393E-2,-4.126340420E-1,6.178779832E-1,-6.639369654E-1,1.703003992E2,-9.666834952E1,-2.632423224E1,-1.360393486E2
5.469656666E-1,8.448856298E-2,-4.125068007E-1,6.181604093E-1,-6.637602016E-1,1.703067682E2,-9.669867849E1,-2.630543479E1,-1.360507715E2
5.570096666E-1,8.432669800E-2,-4.122931689E-1,6.184547945E-1,-6.636392612E-1,1.703253830E2,-9.672198857E1,-2.629055272E1,-1.360806316E2
5.670536666E-1,8.407779979E-2,-4.120143991E-1,6.187343229E-1,-6.635833534E-1,1.703540063E2,-9.673634457E1,-2.628063396E1,-1.361256189E2
5.770976666E-1,8.377465858E-2,-4.116913751E-1,6.189741490E-1,-6.635985473E-1,1.703888667E2,-9.673999950E1,-2.627544206E1,-1.361814272E2
5.871416666E-1,8.345191909E-2,-4.113451809E-1,6.191442537E-1,-6.636951268E-1,1.704259799E2,-9.673040354E1,-2.627487534E1,-1.362437171E2
5.971856666E-1,8.316706961E-2,-4.110141174E-1,6.192089491E-1,-6.638757050E-1,1.704587351E2,-9.670586731E1,-2.627813126E1,-1.363045177E2
6.072296667E-1,8.297329948E-2,-4.107356532E-1,6.191688674E-1,-6.641096832E-1,1.704810165E2,-9.667029048E1,-2.628254648E1,-1.363551161E2
6.172736667E-1,8.290592774E-2,-4.105423045E-1,6.190270644E-1,-6.643698346E-1,1.704887634E2,-9.662750023E1,-2.628661956E1,-1.363887139E2
6.273176667E-1,8.296316316E-2,-4.104416684E-1,6.187931388E-1,-6.646426933E-1,1.704821821E2,-9.657982755E1,-2.629034010E1,-1.364041924E2
6.373616667E-1,8.312454344E-2,-4.104154636E-1,6.184841919E-1,-6.649261309E-1,1.704636252E2,-9.652806184E1,-2.629350099E1,-1.364048447E2
6.474056666E-1,8.334431819E-2,-4.104672936E-1,6.181311804E-1,-6.651948381E-1,1.704383531E2,-9.647765149E1,-2.629839043E1,-1.363927156E2
6.574496666E-1,8.359368001E-2,-4.105466456E-1,6.177688545E-1,-6.654509856E-1,1.704096783E2,-9.642867320E1,-2.630274856E1,-1.363751793E2
6.674936666E-1,8.381859667E-2,-4.105907734E-1,6.174184035E-1,-6.657207887E-1,1.703838140E2,-9.637786873E1,-2.630665643E1,-1.363635279E2
6.775376666E-1,8.394569049E-2,-4.105389222E-1,6.171032399E-1,-6.660289875E-1,1.703691986E2,-9.632262890E1,-2.631176922E1,-1.363701239E2
6.875816666E-1,8.395633257E-2,-4.103776578E-1,6.168388211E-1,-6.663717889E-1,1.703679748E2,-9.626398040E1,-2.631802103E1,-1.363975637E2
6.976256666E-1,8.387376690E-2,-4.101445331E-1,6.166417951E-1,-6.667080786E-1,1.703774696E2,-9.620846934E1,-2.632441778E1,-1.364389401E2
7.076696666E-1,8.371738102E-2,-4.098828011E-1,6.165407269E-1,-6.669820542E-1,1.703954534E2,-9.616513291E1,-2.632987638E1,-1.364864797E2
7.177136666E-1,8.353459013E-2,-4.096517205E-1,6.165301376E-1,-6.671567529E-1,1.704164733E2,-9.613931095E1,-2.633384274E1,-1.365294135E2
7.277576667E-1,8.333439260E-2,-4.094575921E-1,6.165840012E-1,-6.672511618E-1,1.704394945E2,-9.612759488E1,-2.633743330E1,-1.365670621E2
7.378016667E-1,8.313556484E-2,-4.092778358E-1,6.166599920E-1,-6.673160469E-1,1.704623578E2,-9.612087539E1,-2.634036014E1,-1.366021346E2
7.478456667E-1,8.295393300E-2,-4.091091957E-1,6.167300927E-1,-6.673773073E-1,1.704832434E2,-9.611437246E1,-2.634275333E1,-1.366347006E2
7.578896667E-1,8.283236042E-2,-4.089977595E-1,6.167822705E-1,-6.674123946E-1,1.704972227E2,-9.611099848E1,-2.634411337E1,-1.366561412E2
7.679336666E-1,8.282460540E-2,-4.089948829E-1,6.168198761E-1,-6.673803630E-1,1.704981145E2,-9.611657123E1,-2.634240602E1,-1.366559229E2
7.779776666E-1,8.295222605E-2,-4.091378345E-1,6.168537727E-1,-6.672455773E-1,1.704834397E2,-9.613670857E1,-2.633712850E1,-1.366274362E2
7.880216666E-1,8.319280027E-2,-4.093965740E-1,6.168971418E-1,-6.670168043E-1,1.704557763E2,-9.617032691E1,-2.632779184E1,-1.365757002E2
7.980656666E-1,8.348009426E-2,-4.096857014E-1,6.169391200E-1,-6.667644921E-1,1.704227399E2,-9.620681607E1,-2.631612565E1,-1.365166842E2
8.081096666E-1,8.373571489E-2,-4.099411429E-1,6.169894961E-1,-6.665288491E-1,1.703933451E2,-9.624112364E1,-2.630485050E1,-1.364640056E2
8.181536666E-1,8.390586172E-2,-4.101501491E-1,6.170787209E-1,-6.662962407E-1,1.703737788E2,-9.627684834E1,-2.629608680E1,-1.364223643E2
8.281976666E-1,8.398151531E-2,-4.103329927E-1,6.172266458E-1,-6.660370797E-1,1.703650788E2,-9.631931433E1,-2.629051129E1,-1.363893096E2
8.382416666E-1,8.396381364E-2,-4.105054260E-1,6.174340399E-1,-6.657407030E-1,1.703671145E2,-9.637035283E1,-2.628881077E1,-1.363627531E2
8.482856667E-1,8.387612712E-2,-4.106683657E-1,6.176830435E-1,-6.654202395E-1,1.703771982E2,-9.642718734E1,-2.629010505E1,-1.363413748E2
8.583296667E-1,8.374692596E-2,-4.108024348E-1,6.179454077E-1,-6.651101019E-1,1.703920558E2,-9.648319345E1,-2.629261534E1,-1.363262967E2
8.683736667E-1,8.360004419E-2,-4.109127753E-1,6.181717362E-1,-6.648500137E-1,1.704089465E2,-9.653112558E1,-2.629751827E1,-1.363165991E2
8.784186667E-1,8.346610150E-2,-4.110138856E-1,6.183452548E-1,-6.646429884E-1,1.704243490E2,-9.656978968E1,-2.630396692E1,-1.363087006E2
8.884626667E-1,8.339179661E-2,-4.111493245E-1,6.184523289E-1,-6.644688797E-1,1.704328935E2,-9.660156443E1,-2.631105527E1,-1.362940567E2
8.985066667E-1,8.342597770E-2,-4.113644209E-1,6.185143901E-1,-6.642736134E-1,1.704289629E2,-9.663447956E1,-2.631569353E1,-1.362626727E2
9.085506666E-1,8.356731716E-2,-4.116572151E-1,6.185302795E-1,-6.640596128E-1,1.704127099E2,-9.666815533E1,-2.631795021E1,-1.362149331E2
9.185946666E-1,8.378152852E-2,-4.119655720E-1,6.185020305E-1,-6.638677392E-1,1.703880767E2,-9.669631415E1,-2.631738676E1,-1.361611283E2
9.286386666E-1,8.401403161E-2,-4.122491254E-1,6.184217092E-1,-6.637371472E-1,1.703613395E2,-9.671358930E1,-2.631704798E1,-1.361106394E2
9.386826666E-1,8.423734669E-2,-4.124745268E-1,6.183009163E-1,-6.636814080E-1,1.703356585E2,-9.671827800E1,-2.631688033E1,-1.360693661E2
9.487266666E-1,8.446129396E-2,-4.125928224E-1,6.181578383E-1,-6.637125335E-1,1.703099042E2,-9.670781063E1,-2.631240220E1,-1.360421154E2
9.587706666E-1,8.465441082E-2,-4.125777339E-1,6.180092285E-1,-6.638356023E-1,1.702876951E2,-9.668207449E1,-2.630396078E1,-1.360340591E2
9.688146666E-1,8.478015595E-2,-4.124621461E-1,6.178825562E-1,-6.640093527E-1,1.702732338E2,-9.664912189E1,-2.629475270E1,-1.360429835E2
9.788586667E-1,8.484409272E-2,-4.122657313E-1,6.178024034E-1,-6.641976226E-1,1.702658807E2,-9.661490769E1,-2.628382370E1,-1.360652107E2
9.889026667E-1,8.482451551E-2,-4.119571531E-1,6.177735539E-1,-6.644185775E-1,1.702681322E2,-9.657687393E1,-2.627112172E1,-1.361061889E2
9.989466667E-1,8.467244968E-2,-4.115196583E-1,6.177843540E-1,-6.646988540E-1,1.702856206E2,-9.653165586E1,-2.626060337E1,-1.361719697E2
1.008990667E0,8.438378591E-2,-4.109492955E-1,6.178188617E-1,-6.650562172E-1,1.703188178E2,-9.647640279E1,-2.625334045E1,-1.362638685E2
1.019034667E0,8.397529865E-2,-4.102968307E-1,6.178715769E-1,-6.654618384E-1,1.703657937E2,-9.641573823E1,-2.625084173E1,-1.363744454E2
1.029078667E0,8.348978803E-2,-4.096607189E-1,6.179436796E-1,-6.658477982E-1,1.704216252E2,-9.636033733E1,-2.625451741E1,-1.364881202E2
1.039122667E0,8.300029453E-2,-4.091250008E-1,6.180299437E-1,-6.661581676E-1,1.704779124E2,-9.631811211E1,-2.626289868E1,-1.365890968E2
1.049166667E0,8.252846057E-2,-4.087156601E-1,6.181035426E-1,-6.663997112E-1,1.705321667E2,-9.628754531E1,-2.627715627E1,-1.366733794E2
1.059210667E0,8.208505465E-2,-4.084468159E-1,6.181173984E-1,-6.666063361E-1,1.705831503E2,-9.626273790E1,-2.629992836E1,-1.367398631E2
1.069254667E0,8.168461744E-2,-4.083050760E-1,6.180514386E-1,-6.668035412E-1,1.706291916E2,-9.623901787E1,-2.633047443E1,-1.367897793E2
1.079298667E0,8.137753550E-2,-4.083416806E-1,6.178927768E-1,-6.669657223E-1,1.706644982E2,-9.621966558E1,-2.636798561E1,-1.368133374E2
1.089342667E0,8.121274132E-2,-4.086244332E-1,6.176552898E-1,-6.670327358E-1,1.706834449E2,-9.621396166E1,-2.641110577E1,-1.367979721E2
1.099386667E0,8.121868403E-2,-4.091943008E-1,6.173470699E-1,-6.669679561E-1,1.706827617E2,-9.622755568E1,-2.645909230E1,-1.367360927E2
1.109430667E0,8.141182196E-2,-4.100614722E-1,6.169889481E-1,-6.667432080E-1,1.706605562E2,-9.626488773E1,-2.650980870E1,-1.366244566E2
1.119474667E0,8.178707643E-2,-4.111728530E-1,6.166002172E-1,-6.663721682E-1,1.706174113E2,-9.632345010E1,-2.655959591E1,-1.364693030E2
1.129518667E0,8.227239739E-2,-4.124326749E-1,6.161625960E-1,-6.659386036E-1,1.705616095E2,-9.639051165E1,-2.661052491E1,-1.362885401E2
1.139562667E0,8.279107758E-2,-4.137430205E-1,6.156779072E-1,-6.655096119E-1,1.705019697E2,-9.645615646E1,-2.666381093E1,-1.361000533E2
1.149606667E0,8.332120064E-2,-4.150475286E-1,6.151663498E-1,-6.651040749E-1,1.704410115E2,-9.651749110E1,-2.671717704E1,-1.359119366E2
1.159650667E0,8.387159633E-2,-4.163271070E-1,6.146803124E-1,-6.646844187E-1,1.703777192E2,-9.658049546E1,-2.676574677E1,-1.357243156E2
1.169694667E0,8.444614217E-2,-4.176087083E-1,6.142913813E-1,-6.641670240E-1,1.703116467E2,-9.665921441E1,-2.680624277E1,-1.355312751E2
1.179738667E0,8.500656882E-2,-4.189177578E-1,6.140720807E-1,-6.634736662E-1,1.702471948E2,-9.676790398E1,-2.683877397E1,-1.353302349E2
1.189782667E0,8.545589637E-2,-4.201507323E-1,6.140381841E-1,-6.626671863E-1,1.701955176E2,-9.689795405E1,-2.686525585E1,-1.351410873E2
1.199826667E0,8.566361711E-2,-4.211676725E-1,6.141378824E-1,-6.619020313E-1,1.701716270E2,-9.702624795E1,-2.689294724E1,-1.349930672E2
1.209870667E0,8.558046138E-2,-4.218625687E-1,6.143179548E-1,-6.613028296E-1,1.701811910E2,-9.713271943E1,-2.692415216E1,-1.349050885E2
1.219914667E0,8.518027705E-2,-4.222200582E-1,6.145464751E-1,-6.609138563E-1,1.702272168E2,-9.721065135E1,-2.696252929E1,-1.348821642E2
1.229958667E0,8.451460973E-2,-4.223247089E-1,6.148045402E-1,-6.606924167E-1,1.703037728E2,-9.726625034E1,-2.700919810E1,-1.349103056E2
1.240002667E0,8.365059933E-2,-4.222864395E-1,6.150840581E-1,-6.605666506E-1,1.704031329E2,-9.731025154E1,-2.706444380E1,-1.349707227E2
1.250046667E0,8.264061333E-2,-4.221092963E-1,6.153435563E-1,-6.605654494E-1,1.705192709E2,-9.733635645E1,-2.712651953E1,-1.350603284E2
1.260090667E0,8.151421773E-2,-4.217750507E-1,6.155167166E-1,-6.607574493E-1,1.706487833E2,-9.733199305E1,-2.719596478E1,-1.351813355E2
1.270134667E0,8.031334865E-2,-4.213064305E-1,6.155574620E-1,-6.611653676E-1,1.707868455E2,-9.729226612E1,-2.727304688E1,-1.353292736E2
1.280178667E0,7.910400805E-2,-4.207300091E-1,6.154217703E-1,-6.618042085E-1,1.709258681E2,-9.721289537E1,-2.735595278E1,-1.354973054E2
1.290222667E0,7.798041522E-2,-4.200672288E-1,6.150945211E-1,-6.626623604E-1,1.710550213E2,-9.709338641E1,-2.743840836E1,-1.356762615E2
1.300266667E0,7.704037191E-2,-4.192969952E-1,6.145909927E-1,-6.637264841E-1,1.711630674E2,-9.693324710E1,-2.750980521E1,-1.358610868E2
1.310310667E0,7.627589130E-2,-4.182830263E-1,6.139529737E-1,-6.650435942E-1,1.712509290E2,-9.672389190E1,-2.756103656E1,-1.360683849E2
1.320354667E0,7.558778077E-2,-4.168178649E-1,6.132447064E-1,-6.666934958E-1,1.713300089E2,-9.645303084E1,-2.758551032E1,-1.363297541E2
1.330398667E0,7.485012663E-2,-4.146722952E-1,6.125041441E-1,-6.687923245E-1,1.714147780E2,-9.610253546E1,-2.757874645E1,-1.366819951E2
1.340441667E0,7.389472079E-2,-4.115938368E-1,6.116798888E-1,-6.715488338E-1,1.715245635E2,-9.563896697E1,-2.754278777E1,-1.371702443E2
1.350486667E0,7.259482769E-2,-4.074435417E-1,6.106671948E-1,-6.751335919E-1,1.716739215E2,-9.503434428E1,-2.748362470E1,-1.378230891E2
1.360529667E0,7.108898402E-2,-4.024983466E-1,6.093482724E-1,-6.794381549E-1,1.718469255E2,-9.430371924E1,-2.740708521E1,-1.385966302E2
1.370573667E0,6.973071753E-2,-3.972145227E-1,6.077493474E-1,-6.841044432E-1,1.720029586E2,-9.350197499E1,-2.730420976E1,-1.394040098E2
1.380617667E0,6.877600712E-2,-3.918088733E-1,6.059993049E-1,-6.888545616E-1,1.721126237E2,-9.267328452E1,-2.715776858E1,-1.401928359E2
1.390661667E0,6.819562394E-2,-3.862194214E-1,6.041994027E-1,-6.936332767E-1,1.721792872E2,-9.182879932E1,-2.696086304E1,-1.409678290E2
1.400705667E0,6.810755810E-2,-3.805867059E-1,6.022306812E-1,-6.984507247E-1,1.721894024E2,-9.096581439E1,-2.671861332E1,-1.417049802E2
1.410749667E0,6.833494035E-2,-3.749214529E-1,6.001441172E-1,-7.032718605E-1,1.721632854E2,-9.009458627E1,-2.644392867E1,-1.424142286E2
1.420793667E0,6.881657346E-2,-3.694405714E-1,5.979503105E-1,-7.079784202E-1,1.721079641E2,-8.923793595E1,-2.615583681E1,-1.430745182E2
1.430837667E0,6.947634023E-2,-3.643404655E-1,5.957044735E-1,-7.124360394E-1,1.720321790E2,-8.842157273E1,-2.587210786E1,-1.436685739E2
1.440881667E0,6.989279324E-2,-3.592169155E-1,5.937128769E-1,-7.166471418E-1,1.719843407E2,-8.765294133E1,-2.558636033E1,-1.442683896E2
1.450925667E0,6.930794249E-2,-3.529722277E-1,5.924077997E-1,-7.208744075E-1,1.720515226E2,-8.689868347E1,-2.526339384E1,-1.450452477E2
1.460969667E0,6.688913486E-2,-3.440808759E-1,5.920824788E-1,-7.256532701E-1,1.723293425E2,-8.607640285E1,-2.484462976E1,-1.462217061E2
1.471013667E0,6.235082543E-2,-3.318428640E-1,5.926801211E-1,-7.312475266E-1,1.728504842E2,-8.513987960E1,-2.429346210E1,-1.478853227E2
1.481057667E0,5.635946125E-2,-3.170042442E-1,5.938184864E-1,-7.373679445E-1,1.735382576E2,-8.412576173E1,-2.361337628E1,-1.498940398E2
1.491101667E0,5.008168817E-2,-3.012791180E-1,5.952732797E-1,-7.432176742E-1,1.742586595E2,-8.315971144E1,-2.284300133E1,-1.519663320E2
1.501145667E0,4.434356333E-2,-2.856504765E-1,5.974286695E-1,-7.480083378E-1,1.749169352E2,-8.237967321E1,-2.198436974E1,-1.539205840E2
1.511189667E0,3.966806591E-2,-2.706294451E-1,6.005350398E-1,-7.513613514E-1,1.754531815E2,-8.185483625E1,-2.104105956E1,-1.556609939E2
1.521233667E0,3.642680467E-2,-2.568624404E-1,6.040124814E-1,-7.535673175E-1,1.758248720E2,-8.152805070E1,-2.006718500E1,-1.571201459E2
1.531277667E0,3.502057507E-2,-2.450923324E-1,6.070017993E-1,-7.551503110E-1,1.759861170E2,-8.129718139E1,-1.912608056E1,-1.582283184E2
1.541321667E0,3.507671467E-2,-2.348831223E-1,6.092408717E-1,-7.565877714E-1,1.759796799E2,-8.107814532E1,-1.822075747E1,-1.590724062E2
1.551365667E0,3.589836748E-2,-2.255821137E-1,6.106579752E-1,-7.582352496E-1,1.758854661E2,-8.081129557E1,-1.735224652E1,-1.597768092E2
1.561409667E0,3.682285861E-2,-2.170743719E-1,6.112876280E-1,-7.601646901E-1,1.757794571E2,-8.048727844E1,-1.655919704E1,-1.604105601E2
1.571453667E0,3.751200173E-2,-2.092979412E-1,6.114287357E-1,-7.621957046E-1,1.757004325E2,-8.014176991E1,-1.585359241E1,-1.610037839E2
1.581497667E0,3.800962957E-2,-2.019520827E-1,6.113623966E-1,-7.642033697E-1,1.756433678E2,-7.979921238E1,-1.520002548E1,-1.615737547E2
1.591541667E0,3.848070489E-2,-1.948928016E-1,6.110845856E-1,-7.662321926E-1,1.755893471E2,-7.945102770E1,-1.457436387E1,-1.621189263E2
1.601585667E0,3.920251182E-2,-1.883353210E-1,6.105447898E-1,-7.682630806E-1,1.755065716E2,-7.909808062E1,-1.397581881E1,-1.625986761E2
1.611629667E0,4.044833052E-2,-1.826243598E-1,6.097343692E-1,-7.702183994E-1,1.753636979E2,-7.875137913E1,-1.341460193E1,-1.629619391E2
1.621673667E0,4.251592846E-2,-1.781336552E-1,6.085548053E-1,-7.720893401E-1,1.751265645E2,-7.840844181E1,-1.290432217E1,-1.631552824E2
1.631717667E0,4.574007808E-2,-1.752632652E-1,6.067962913E-1,-7.739437172E-1,1.747567438E2,-7.805108783E1,-1.246117405E1,-1.631217858E2
1.641761667E0,5.031941747E-2,-1.743589624E-1,6.042455640E-1,-7.758570998E-1,1.742313834E2,-7.765917012E1,-1.210739192E1,-1.628207191E2
1.651805667E0,5.605168389E-2,-1.754456135E-1,6.008179926E-1,-7.778784205E-1,1.735735821E2,-7.722055375E1,-1.186444868E1,-1.622700933E2
1.661849667E0,6.243878590E-2,-1.781522420E-1,5.965895258E-1,-7.800282470E-1,1.728403849E2,-7.673331016E1,-1.173742738E1,-1.615428370E2
1.671893667E0,6.890744206E-2,-1.818650843E-1,5.917859230E-1,-7.822827240E-1,1.720975266E2,-7.620835735E1,-1.171144645E1,-1.607355353E2
1.681937667E0,7.499222473E-2,-1.858967043E-1,5.867228010E-1,-7.845859229E-1,1.713984489E2,-7.566512103E1,-1.175367680E1,-1.599397983E2
1.691981667E0,8.039085670E-2,-1.896429059E-1,5.818206800E-1,-7.868021306E-1,1.707779349E2,-7.513863742E1,-1.182228473E1,-1.592247100E2
1.702025667E0,8.499613747E-2,-1.926975198E-1,5.775439760E-1,-7.887243851E-1,1.702483945E2,-7.467594634E1,-1.187589232E1,-1.586255990E2
1.712069667E0,8.872389978E-2,-1.948967213E-1,5.742905133E-1,-7.901479792E-1,1.698196035E2,-7.432312710E1,-1.189319186E1,-1.581578192E2
1.722113667E0,9.147442419E-2,-1.963732308E-1,5.722531979E-1,-7.909464724E-1,1.695031294E2,-7.410965934E1,-1.188502105E1,-1.578182015E2
1.732157667E0,9.328581145E-2,-1.973588559E-1,5.714246119E-1,-7.910885915E-1,1.692946682E2,-7.404258572E1,-1.186726293E1,-1.575860381E2
1.742201667E0,9.435145236E-2,-1.981013569E-1,5.715921456E-1,-7.906554062E-1,1.691720138E2,-7.410252009E1,-1.185284070E1,-1.574276528E2
1.752245667E0,9.483963931E-2,-1.987754747E-1,5.724751010E-1,-7.897885720E-1,1.691158197E2,-7.425802873E1,-1.185259557E1,-1.573180007E2
1.762289667E0,9.483552999E-2,-1.994774094E-1,5.738448525E-1,-7.886171214E-1,1.691162927E2,-7.448160448E1,-1.187521245E1,-1.572448268E2
1.772333667E0,9.445991728E-2,-2.003271531E-1,5.754459481E-1,-7.872789590E-1,1.691595289E2,-7.474320899E1,-1.192982716E1,-1.571909924E2
1.782377667E0,9.417567893E-2,-2.018222493E-1,5.767628896E-1,-7.859665061E-1,1.691922460E2,-7.499391489E1,-1.204131622E1,-1.570820159E2
1.792421667E0,9.415192918E-2,-2.043764958E-1,5.772748263E-1,-7.849327914E-1,1.691949797E2,-7.517959680E1,-1.224782349E1,-1.568769588E2
1.802465667E0,9.429910598E-2,-2.080415647E-1,5.767450615E-1,-7.843414711E-1,1.691780391E2,-7.527031894E1,-1.256682677E1,-1.565829917E2
1.812509667E0,9.452412800E-2,-2.125205524E-1,5.753027542E-1,-7.841727573E-1,1.691521378E2,-7.527290883E1,-1.297616354E1,-1.562299654E2
1.822553667E0,9.454397917E-2,-2.173084555E-1,5.733718174E-1,-7.842724346E-1,1.691498528E2,-7.522471704E1,-1.344078844E1,-1.558776053E2
1.832597667E0,9.431524822E-2,-2.221253977E-1,5.713335325E-1,-7.844380296E-1,1.691761811E2,-7.516689964E1,-1.392882027E1,-1.555463859E2
1.842641667E0,9.400064307E-2,-2.269998810E-1,5.693147512E-1,-7.845481382E-1,1.692123930E2,-7.511961364E1,-1.442738271E1,-1.552169183E2
1.852685667E0,9.359896253E-2,-2.317540244E-1,5.674605638E-1,-7.845494237E-1,1.692586261E2,-7.509449762E1,-1.491688266E1,-1.549010110E2
1.862729667E0,9.301836862E-2,-2.362158795E-1,5.657942249E-1,-7.844912400E-1,1.693254488E2,-7.508502642E1,-1.538834900E1,-1.546206659E2
1.872773667E0,9.214999602E-2,-2.402803108E-1,5.643202232E-1,-7.844210022E-1,1.694253862E2,-7.508473412E1,-1.584033925E1,-1.543946361E2
1.882817042E0,9.097985200E-2,-2.438371571E-1,5.631477084E-1,-7.843028014E-1,1.695600405E2,-7.510186799E1,-1.626104866E1,-1.542315493E2
1.892861042E0,8.958620323E-2,-2.467777743E-1,5.624353951E-1,-7.840544932E-1,1.697203958E2,-7.515212365E1,-1.663068394E1,-1.541303127E2
1.902905042E0,8.809043265E-2,-2.490890864E-1,5.622401076E-1,-7.836330880E-1,1.698924789E2,-7.524234390E1,-1.693777473E1,-1.540798385E2
1.912949042E0,8.676660014E-2,-2.510633396E-1,5.624255432E-1,-7.830174068E-1,1.700447620E2,-7.537008864E1,-1.719198565E1,-1.540331067E2
1.922993042E0,8.604506716E-2,-2.531496613E-1,5.627965514E-1,-7.821582644E-1,1.701277540E2,-7.553492738E1,-1.740682544E1,-1.539165009E2
1.933037042E0,8.630184684E-2,-2.557279632E-1,5.632456577E-1,-7.809670891E-1,1.700982194E2,-7.574555270E1,-1.759050742E1,-1.536651598E2
1.943081042E0,8.760420553E-2,-2.589628075E-1,5.636848384E-1,-7.794378118E-1,1.699484126E2,-7.600031730E1,-1.775386134E1,-1.532602301E2
1.953125042E0,8.958017623E-2,-2.626857651E-1,5.640701027E-1,-7.776866523E-1,1.697210892E2,-7.628261436E1,-1.790956228E1,-1.527506638E2
1.963169042E0,9.187707411E-2,-2.667532310E-1,5.643858248E-1,-7.758027936E-1,1.694567940E2,-7.658106078E1,-1.807053452E1,-1.521810470E2
1.973213042E0,9.442746420E-2,-2.712853027E-1,5.645634105E-1,-7.737932318E-1,1.691632644E2,-7.689391180E1,-1.825320197E1,-1.515479620E2
1.983257042E0,9.708305284E-2,-2.763780856E-1,5.646594105E-1,-7.715892046E-1,1.688575515E2,-7.723608898E1,-1.847331663E1,-1.508543486E2
1.993301042E0,9.959669088E-2,-2.819433346E-1,5.649657233E-1,-7.690267605E-1,1.685681067E2,-7.764461043E1,-1.872985484E1,-1.501228644E2
2.003346042E0,1.016137969E-1,-2.876495015E-1,5.657217640E-1,-7.660883243E-1,1.683357847E2,-7.813238859E1,-1.901160004E1,-1.494088096E2
2.013390042E0,1.026072192E-1,-2.927587638E-1,5.669326745E-1,-7.631195635E-1,1.682213487E2,-7.864907275E1,-1.929773666E1,-1.488261876E2
2.023433042E0,1.020252344E-1,-2.961751452E-1,5.687768099E-1,-7.605024339E-1,1.682883911E2,-7.914094227E1,-1.953755579E1,-1.485226922E2
2.033478042E0,9.924143509E-2,-2.966887361E-1,5.716900106E-1,-7.584835999E-1,1.686090188E2,-7.958100816E1,-1.966964391E1,-1.486594435E2
2.043522042E0,9.407602271E-2,-2.935517884E-1,5.759237037E-1,-7.571584819E-1,1.692037167E2,-7.995450985E1,-1.964365390E1,-1.493171475E2
2.053566042E0,8.735431687E-2,-2.882137952E-1,5.808119057E-1,-7.562800994E-1,1.699771580E2,-8.027563122E1,-1.954018209E1,-1.502999406E2
2.063609042E0,8.109266495E-2,-2.840611926E-1,5.848381520E-1,-7.554452336E-1,1.706972502E2,-8.056180501E1,-1.953199404E1,-1.511479070E2
2.073654042E0,7.703959219E-2,-2.836798374E-1,5.866838573E-1,-7.545811178E-1,1.711631570E2,-8.078963015E1,-1.973821526E1,-1.514998264E2
2.083698042E0,7.502122176E-2,-2.866688287E-1,5.867478152E-1,-7.536045332E-1,1.713951167E2,-8.098698656E1,-2.012276435E1,-1.513995889E2
2.093742042E0,7.407264372E-2,-2.912008266E-1,5.865589657E-1,-7.521062338E-1,1.715041190E2,-8.125840430E1,-2.055656693E1,-1.510633563E2
2.103786042E0,7.383067866E-2,-2.968326149E-1,5.869119455E-1,-7.496491147E-1,1.715319223E2,-8.169492169E1,-2.100051859E1,-1.505417341E2
2.113830042E0,7.375854433E-2,-3.034836194E-1,5.876595674E-1,-7.464004988E-1,1.715402109E2,-8.227285758E1,-2.149073822E1,-1.498891290E2
2.123874042E0,7.358523649E-2,-3.109060272E-1,5.881894270E-1,-7.429372922E-1,1.715601246E2,-8.288879783E1,-2.204923820E1,-1.491648103E2
2.133918042E0,7.363865762E-2,-3.187593654E-1,5.880960823E-1,-7.396707640E-1,1.715539864E2,-8.346307179E1,-2.264006228E1,-1.483817226E2
2.143962042E0,7.385950710E-2,-3.265987213E-1,5.871499277E-1,-7.369756416E-1,1.715286098E2,-8.392897084E1,-2.324460844E1,-1.475957749E2
2.154006042E0,7.388441589E-2,-3.340010356E-1,5.852986906E-1,-7.351257743E-1,1.715257476E2,-8.424275201E1,-2.386459970E1,-1.468852750E2
2.164050042E0,7.341595367E-2,-3.406300921E-1,5.827148043E-1,-7.341829914E-1,1.715795756E2,-8.439817986E1,-2.449466516E1,-1.463095689E2
2.174094042E0,7.226888504E-2,-3.464147049E-1,5.796381265E-1,-7.340256994E-1,1.717113701E2,-8.441963149E1,-2.513642184E1,-1.458893867E2
2.184138042E0,7.063708551E-2,-3.515134621E-1,5.763686269E-1,-7.343350151E-1,1.718988398E2,-8.436161362E1,-2.577455889E1,-1.455856807E2
2.194182042E0,6.893728203E-2,-3.561689292E-1,5.732411516E-1,-7.347012080E-1,1.720940990E2,-8.429362639E1,-2.637984788E1,-1.453281019E2
2.204226042E0,6.758441034E-2,-3.606822982E-1,5.705644579E-1,-7.347087523E-1,1.722494891E2,-8.428851689E1,-2.692799280E1,-1.450386379E2
2.214270042E0,6.699713616E-2,-3.653297364E-1,5.685347605E-1,-7.340393760E-1,1.723169387E2,-8.440215130E1,-2.739694345E1,-1.446432622E2
2.224314042E0,6.747815814E-2,-3.703547997E-1,5.672681002E-1,-7.324554553E-1,1.722616926E2,-8.467662609E1,-2.777368863E1,-1.440831326E2
2.234358042E0,6.891298437E-2,-3.759379928E-1,5.668006074E-1,-7.298347853E-1,1.720968899E2,-8.513589711E1,-2.807490063E1,-1.433445841E2
2.244402042E0,7.093314604E-2,-3.820119121E-1,5.671355378E-1,-7.262180168E-1,1.718648284E2,-8.577548007E1,-2.831966974E1,-1.424647601E2
2.254446042E0,7.323430075E-2,-3.883596279E-1,5.682256450E-1,-7.217569204E-1,1.716004477E2,-8.656862253E1,-2.851411743E1,-1.414947227E2
2.264490042E0,7.560381765E-2,-3.947090980E-1,5.699797494E-1,-7.166671616E-1,1.713281660E2,-8.747520795E1,-2.865698278E1,-1.404868617E2
2.274534042E0,7.783930757E-2,-4.007397799E-1,5.722823424E-1,-7.112253923E-1,1.710712404E2,-8.844440824E1,-2.874684505E1,-1.395008986E2
2.284578042E0,7.975671522E-2,-4.061426529E-1,5.749978797E-1,-7.057367979E-1,1.708508363E2,-8.942134966E1,-2.878601365E1,-1.385958953E2
2.294622042E0,8.112505480E-2,-4.106240799E-1,5.780204462E-1,-7.004991247E-1,1.706935263E2,-9.035560058E1,-2.878339805E1,-1.378328879E2
2.304666042E0,8.173458253E-2,-4.140126497E-1,5.812421881E-1,-6.957517880E-1,1.706234469E2,-9.120903642E1,-2.875628302E1,-1.372562146E2
2.314710042E0,8.151261615E-2,-4.162627803E-1,5.846255738E-1,-6.915879533E-1,1.706489675E2,-9.196836201E1,-2.871518366E1,-1.368804856E2
2.324754042E0,8.043860908E-2,-4.174156125E-1,5.881618314E-1,-6.880112242E-1,1.707724451E2,-9.263520691E1,-2.866916773E1,-1.367034830E2
2.334798042E0,7.853985141E-2,-4.176212576E-1,5.918375740E-1,-6.849469376E-1,1.709907174E2,-9.322363452E1,-2.862867029E1,-1.367047875E2
2.344842042E0,7.593083505E-2,-4.170756350E-1,5.955978209E-1,-6.823090085E-1,1.712905845E2,-9.374706866E1,-2.860056046E1,-1.368520920E2
2.354886042E0,7.275639764E-2,-4.159468370E-1,5.994426461E-1,-6.799729984E-1,1.716553578E2,-9.422450258E1,-2.858347805E1,-1.371122900E2
2.364930042E0,6.912957703E-2,-4.143915972E-1,6.034053139E-1,-6.777924890E-1,1.720720109E2,-9.467901136E1,-2.857552168E1,-1.374549871E2
2.374974042E0,6.505100543E-2,-4.124774033E-1,6.075202477E-1,-6.756848305E-1,1.725404365E2,-9.512447503E1,-2.857898790E1,-1.378697620E2
2.385018042E0,6.051954486E-2,-4.102949657E-1,6.117911459E-1,-6.735778252E-1,1.730607306E2,-9.557272283E1,-2.859926128E1,-1.383442292E2
2.395062042E0,5.562005801E-2,-4.080449773E-1,6.161300164E-1,-6.714086112E-1,1.736231200E2,-9.603279113E1,-2.864566410E1,-1.388487100E2
2.405106042E0,5.063653035E-2,-4.060163230E-1,6.204072894E-1,-6.690900288E-1,1.741949985E2,-9.651511241E1,-2.871756647E1,-1.393291023E2
2.415150042E0,4.581868195E-2,-4.044583964E-1,6.245421586E-1,-6.665291441E-1,1.747477270E2,-9.703269552E1,-2.881187077E1,-1.397377118E2
2.425194042E0,4.125150193E-2,-4.035309971E-1,6.285107059E-1,-6.636529378E-1,1.752715844E2,-9.759833027E1,-2.893093832E1,-1.400486361E2
2.435238042E0,3.684648192E-2,-4.032899593E-1,6.322941020E-1,-6.604571109E-1,1.757767482E2,-9.821554319E1,-2.908560355E1,-1.402615324E2
2.445282042E0,3.247657022E-2,-4.036891110E-1,6.358506006E-1,-6.570193189E-1,1.762778047E2,-9.887370418E1,-2.928555630E1,-1.403922494E2
2.455326042E0,2.822292061E-2,-4.047627072E-1,6.391719936E-1,-6.533220077E-1,1.767654620E2,-9.957562653E1,-2.952492695E1,-1.404295231E2
2.465370042E0,2.445621461E-2,-4.065614398E-1,6.423145574E-1,-6.492624232E-1,1.771972448E2,-1.003345406E2,-2.976956659E1,-1.403370097E2
2.475414042E0,2.153257202E-2,-4.090328467E-1,6.453961664E-1,-6.447420473E-1,1.775323583E2,-1.011620225E2,-2.997666639E1,-1.400913710E2
2.485458042E0,1.954157597E-2,-4.122101923E-1,6.485111767E-1,-6.396359355E-1,1.777605578E2,-1.020778871E2,-3.013128403E1,-1.396782002E2
2.495502042E0,1.831796867E-2,-4.161857043E-1,6.516962457E-1,-6.338342954E-1,1.779007980E2,-1.031026679E2,-3.024575949E1,-1.390945888E2
2.505546042E0,1.760617162E-2,-4.208905043E-1,6.549829096E-1,-6.273265480E-1,1.779823771E2,-1.042393400E2,-3.033188948E1,-1.383647134E2
2.515590042E0,1.685024681E-2,-4.256367347E-1,6.582757691E-1,-6.206630681E-1,1.780690126E2,-1.053974213E2,-3.040903612E1,-1.376226763E2
2.525634042E0,1.388123314E-2,-4.276939118E-1,6.609988876E-1,-6.164135910E-1,1.784092768E2,-1.061670171E2,-3.059203276E1,-1.374126542E2
2.535678042E0,7.961961152E-3,-4.260192068E-1,6.628702498E-1,-6.156680975E-1,1.790876168E2,-1.063715869E2,-3.093179754E1,-1.379435150E2
2.545722042E0,1.217727821E-3,-4.230907384E-1,6.643255172E-1,-6.161690760E-1,1.798604586E2,-1.063624453E2,-3.131702088E1,-1.387180074E2
2.555766042E0,4.808323212E-3,4.208611279E-1,-6.657549276E-1,6.161356747E-1,1.794490046E2,-1.064287053E2,-3.166941730E1,-1.393479165E2
2.565810042E0,9.753391875E-3,4.197614745E-1,-6.671982464E-1,6.152656162E-1,1.788823259E2,-1.066255159E2,-3.197468345E1,-1.397472733E2
2.575854042E0,1.364641198E-2,4.194471855E-1,-6.684993618E-1,6.139922756E-1,1.784361878E2,-1.068819986E2,-3.223004271E1,-1.399734812E2
2.585898042E0,1.663723664E-2,4.195912750E-1,-6.694526076E-1,6.127801744E-1,1.780934252E2,-1.071219114E2,-3.244638158E1,-1.400922453E2
2.595942042E0,1.901752206E-2,4.200181804E-1,-6.698967932E-1,6.119325170E-1,1.778206211E2,-1.072981020E2,-3.265131747E1,-1.401548244E2
2.605986042E0,2.116321812E-2,4.205846446E-1,-6.697733767E-1,6.116080705E-1,1.775746928E2,-1.073875245E2,-3.287547762E1,-1.402081815E2
2.616030042E0,2.337373603E-2,4.211800215E-1,-6.691023041E-1,6.118521429E-1,1.773213232E2,-1.073843324E2,-3.313945074E1,-1.402861950E2
2.626074042E0,2.569790291E-2,4.217790968E-1,-6.680128923E-1,6.125362917E-1,1.770549130E2,-1.073090083E2,-3.343860130E1,-1.403901511E2
2.636118042E0,2.794765954E-2,4.224428149E-1,-6.666842656E-1,6.134273182E-1,1.767970171E2,-1.071980919E2,-3.374794810E1,-1.404917937E2
2.646162042E0,2.982504876E-2,4.231895095E-1,-6.653500439E-1,6.142721939E-1,1.765817943E2,-1.070905608E2,-3.402781410E1,-1.405593736E2
2.656206042E0,3.101510718E-2,4.240648047E-1,-6.642534777E-1,6.147963743E-1,1.764453605E2,-1.070305208E2,-3.423793067E1,-1.405551485E2
2.666250042E0,3.141876862E-2,4.251820755E-1,-6.635572539E-1,6.147560186E-1,1.763990817E2,-1.070606366E2,-3.436499436E1,-1.404478790E2
2.676294042E0,3.108730473E-2,4.267440167E-1,-6.632385606E-1,6.140338956E-1,1.764370832E2,-1.072049402E2,-3.442362519E1,-1.402112996E2
2.686338042E0,3.030269900E-2,4.288297483E-1,-6.630733765E-1,6.127972228E-1,1.765270348E2,-1.074394644E2,-3.445488802E1,-1.398612742E2
2.696382042E0,2.936657534E-2,4.312925572E-1,-6.628124032E-1,6.113950393E-1,1.766343545E2,-1.077062261E2,-3.449326236E1,-1.394494467E2
2.706426042E0,2.837808423E-2,4.338497751E-1,-6.622972002E-1,6.101897448E-1,1.767476745E2,-1.079410887E2,-3.454482535E1,-1.390314824E2
2.716470042E0,2.753630630E-2,4.359739131E-1,-6.613989454E-1,6.096884291E-1,1.768441728E2,-1.080529064E2,-3.461376400E1,-1.387049252E2
2.726514042E0,2.756713672E-2,4.365201573E-1,-6.598383952E-1,6.109857302E-1,1.768406386E2,-1.078480919E2,-3.473592367E1,-1.387001462E2
2.736558042E0,2.927695007E-2,4.345978079E-1,-6.575657001E-1,6.147154312E-1,1.766446292E2,-1.072107987E2,-3.494647847E1,-1.392038400E2
2.746602042E0,3.330825398E-2,4.299385371E-1,-6.551406758E-1,6.203500856E-1,1.761824491E2,-1.062191346E2,-3.524458455E1,-1.402693968E2
2.756646042E0,4.061527418E-2,4.209488145E-1,-6.530178760E-1,6.282674764E-1,1.753445519E2,-1.047658692E2,-3.559005992E1,-1.421712139E2
2.766690042E0,5.042566967E-2,4.067100918E-1,-6.507883920E-1,6.391546817E-1,1.742191923E2,-1.026753250E2,-3.584073772E1,-1.450054973E2
2.776734042E0,5.777471028E-2,3.912524190E-1,-6.483452025E-1,6.505630118E-1,1.733758172E2,-1.004230226E2,-3.573129017E1,-1.478341256E2
2.786778042E0,5.888549047E-2,3.782745508E-1,-6.457734966E-1,6.606190391E-1,1.732483141E2,-9.845657160E1,-3.515876780E1,-1.498398217E2
2.796822042E0,5.335047130E-2,3.686721817E-1,-6.425569861E-1,6.695932411E-1,1.738835825E2,-9.677792961E1,-3.421377712E1,-1.508867807E2
2.806866042E0,4.267056525E-2,3.618561090E-1,-6.382696401E-1,6.781233207E-1,1.751088283E2,-9.524669086E1,-3.304084619E1,-1.511839111E2
2.816910042E0,2.782231481E-2,3.579246194E-1,-6.328819557E-1,6.859856467E-1,1.768113861E2,-9.386386657E1,-3.175437039E1,-1.507966272E2
2.826954042E0,9.315928661E-3,3.575481321E-1,-6.261310737E-1,6.928436976E-1,1.789324578E2,-9.264420243E1,-3.047191316E1,-1.497004715E2
2.836998042E0,1.126766492E-2,-3.603128705E-1,6.178091890E-1,-6.988271592E-1,1.787087934E2,-9.151336002E1,-2.931891403E1,-1.480838869E2
2.847042042E0,3.198364175E-2,-3.648001507E-1,6.081823536E-1,-7.042812565E-1,1.763343195E2,-9.038608065E1,-2.835544637E1,-1.462602469E2
2.857086042E0,5.126656252E-2,-3.696022151E-1,5.976771463E-1,-7.096111680E-1,1.741227082E2,-8.920136371E1,-2.759805903E1,-1.445052372E2
2.867130042E0,6.817570955E-2,-3.733831773E-1,5.868384414E-1,-7.152325461E-1,1.721815746E2,-8.791522086E1,-2.700674234E1,-1.430349902E2
2.877174667E0,8.264596598E-2,-3.751617110E-1,5.763313796E-1,-7.212942955E-1,1.705186555E2,-8.652889674E1,-2.648356433E1,-1.419509435E2
2.887218667E0,9.445839999E-2,-3.741656756E-1,5.669109057E-1,-7.277978703E-1,1.691597035E2,-8.507332353E1,-2.594670796E1,-1.413398880E2
2.897262667E0,1.026282505E-1,-3.696953912E-1,5.593477591E-1,-7.347944790E-1,1.682189259E2,-8.358765550E1,-2.537180162E1,-1.413436889E2
2.907307667E0,1.067197822E-1,-3.614495500E-1,5.542994728E-1,-7.421032483E-1,1.677474807E2,-8.214066168E1,-2.471824364E1,-1.420123886E2
2.917351667E0,1.080530767E-1,-3.503065870E-1,5.518512572E-1,-7.490459932E-1,1.675938078E2,-8.084147904E1,-2.392453438E1,-1.431254316E2
2.927395667E0,1.084127368E-1,-3.380378818E-1,5.514797854E-1,-7.548821727E-1,1.675523502E2,-7.978751592E1,-2.300320853E1,-1.443475023E2
2.937439667E0,1.081793487E-1,-3.250809080E-1,5.530383126E-1,-7.594525559E-1,1.675792528E2,-7.900069360E1,-2.196946461E1,-1.456046696E2
2.947483667E0,1.071911526E-1,-3.109604598E-1,5.562892571E-1,-7.631224717E-1,1.676931540E2,-7.841645890E1,-2.081448322E1,-1.469653325E2
2.957527667E0,1.066355307E-1,-2.966478853E-1,5.601055805E-1,-7.661009473E-1,1.677571907E2,-7.795830841E1,-1.957680319E1,-1.482571343E2
2.967571667E0,1.078325644E-1,-2.837800837E-1,5.630657539E-1,-7.686338254E-1,1.676192251E2,-7.753603691E1,-1.834948254E1,-1.492468141E2
2.977615667E0,1.108075208E-1,-2.729470476E-1,5.644576430E-1,-7.711091309E-1,1.672762646E2,-7.706807084E1,-1.720861109E1,-1.499025444E2
2.987659667E0,1.149450347E-1,-2.641190003E-1,5.643315080E-1,-7.736657166E-1,1.667990905E2,-7.653908167E1,-1.619727427E1,-1.502885215E2
2.997703667E0,1.200130458E-1,-2.571150581E-1,5.630337012E-1,-7.761970352E-1,1.662142890E2,-7.597363016E1,-1.530760722E1,-1.504397282E2
3.007747667E0,1.259295571E-1,-2.518089911E-1,5.608308013E-1,-7.785903651E-1,1.655311206E2,-7.539307990E1,-1.452851254E1,-1.503732882E2
3.017791667E0,1.322862291E-1,-2.479123464E-1,5.580255071E-1,-7.807992814E-1,1.647965504E2,-7.481617178E1,-1.385711350E1,-1.501489406E2
3.027835667E0,1.388087490E-1,-2.451822527E-1,5.547766489E-1,-7.828413384E-1,1.640421609E2,-7.424725177E1,-1.328894139E1,-1.498120821E2
3.037879667E0,1.453656396E-1,-2.433495286E-1,5.511297769E-1,-7.847966782E-1,1.632830937E2,-7.367590811E1,-1.281061393E1,-1.493980368E2
3.047923667E0,1.515533027E-1,-2.420031791E-1,5.472679560E-1,-7.867425139E-1,1.625660931E2,-7.310277377E1,-1.241012093E1,-1.489764383E2
3.057967667E0,1.573164627E-1,-2.411264193E-1,5.432487693E-1,-7.886636515E-1,1.618976634E2,-7.253445104E1,-1.208785722E1,-1.485543243E2
3.068011667E0,1.629537091E-1,-2.409914756E-1,5.389249979E-1,-7.905245824E-1,1.612432363E2,-7.196697721E1,-1.185172820E1,-1.480850254E2
3.078055667E0,1.685159130E-1,-2.416343837E-1,5.343087379E-1,-7.922938228E-1,1.605969154E2,-7.140473164E1,-1.170143437E1,-1.475617563E2
3.088099667E0,1.738051528E-1,-2.429022768E-1,5.295885964E-1,-7.939309118E-1,1.599817342E2,-7.086473153E1,-1.163081897E1,-1.470140143E2
3.098143667E0,1.786880970E-1,-2.446880704E-1,5.249535073E-1,-7.953754739E-1,1.594132910E2,-7.036638634E1,-1.163240396E1,-1.464616189E2
3.108187667E0,1.829588793E-1,-2.469081767E-1,5.205859347E-1,-7.965881652E-1,1.589156924E2,-6.992864536E1,-1.170522683E1,-1.459297107E2
3.118231667E0,1.863636703E-1,-2.495399207E-1,5.166498300E-1,-7.975408526E-1,1.585187045E2,-6.957060084E1,-1.185684078E1,-1.454436236E2
3.128275667E0,1.889044720E-1,-2.527198161E-1,5.131777726E-1,-7.981831495E-1,1.582222853E2,-6.930403461E1,-1.209599677E1,-1.449928947E2
3.138319667E0,1.906033272E-1,-2.565074375E-1,5.102277777E-1,-7.984622459E-1,1.580240085E2,-6.914036103E1,-1.242261360E1,-1.445701391E2
3.148363667E0,1.914545039E-1,-2.607497286E-1,5.079346941E-1,-7.983465317E-1,1.579246409E2,-6.908899178E1,-1.281739326E1,-1.441855148E2
3.158407667E0,1.918548357E-1,-2.655365147E-1,5.061150461E-1,-7.978281887E-1,1.578778998E2,-6.913402752E1,-1.326785986E1,-1.437943705E2
3.168451667E0,1.919070557E-1,-2.707958619E-1,5.045361303E-1,-7.970474183E-1,1.578718025E2,-6.924258622E1,-1.377007425E1,-1.433939736E2
3.178495667E0,1.910085270E-1,-2.761486803E-1,5.033218796E-1,-7.961939025E-1,1.579767069E2,-6.940510951E1,-1.432715529E1,-1.430706586E2
3.188539667E0,1.889477990E-1,-2.813488216E-1,5.026815215E-1,-7.952691164E-1,1.582172294E2,-6.963201629E1,-1.492384335E1,-1.428609509E2
3.198583667E0,1.856560248E-1,-2.861341538E-1,5.029635892E-1,-7.941578936E-1,1.586012351E2,-6.995101410E1,-1.552833835E1,-1.427865358E2
3.208627667E0,1.810641678E-1,-2.901615907E-1,5.044986934E-1,-7.927819255E-1,1.591364986E2,-7.038191143E1,-1.610368568E1,-1.428759139E2
3.218671667E0,1.763536463E-1,-2.940726075E-1,5.064539278E-1,-7.911542352E-1,1.596851168E2,-7.086402011E1,-1.665951081E1,-1.429730075E2
3.228715667E0,1.726387177E-1,-2.984390526E-1,5.078213086E-1,-7.894602902E-1,1.601174495E2,-7.130981808E1,-1.720985305E1,-1.429383923E2
3.238759667E0,1.698424640E-1,-3.027963835E-1,5.090254230E-1,-7.876300001E-1,1.604426806E2,-7.174493307E1,-1.770250834E1,-1.428122386E2
3.248803667E0,1.672588622E-1,-3.061851692E-1,5.112966218E-1,-7.853985773E-1,1.607430368E2,-7.226272285E1,-1.805422921E1,-1.427241734E2
3.258847667E0,1.640681139E-1,-3.078513395E-1,5.156157255E-1,-7.825916604E-1,1.611137928E2,-7.293556041E1,-1.821910005E1,-1.428020223E2
3.268891667E0,1.602089167E-1,-3.082444221E-1,5.216762526E-1,-7.792127265E-1,1.615619546E2,-7.375436964E1,-1.825348545E1,-1.430189296E2
3.278935667E0,1.560220909E-1,-3.081596753E-1,5.283211564E-1,-7.756104775E-1,1.620478421E2,-7.462313139E1,-1.825002392E1,-1.432943460E2
3.288979667E0,1.517302773E-1,-3.078649529E-1,5.348021932E-1,-7.721294007E-1,1.625455760E2,-7.546115992E1,-1.824806863E1,-1.435978455E2
3.299023667E0,1.473436544E-1,-3.075750775E-1,5.408876818E-1,-7.688484161E-1,1.630539626E2,-7.625139604E1,-1.827417492E1,-1.439137618E2
3.309067667E0,1.429743117E-1,-3.076808028E-1,5.466371652E-1,-7.655578219E-1,1.635600128E2,-7.702940017E1,-1.834781958E1,-1.441948355E2
3.319111667E0,1.393673422E-1,-3.087778115E-1,5.522769930E-1,-7.617237653E-1,1.639775225E2,-7.787232789E1,-1.844946086E1,-1.443125248E2
3.329155667E0,1.374491759E-1,-3.126891234E-1,5.578180392E-1,-7.564207434E-1,1.641994644E2,-7.891779134E1,-1.864513499E1,-1.440112427E2
3.339199667E0,1.371063956E-1,-3.201987119E-1,5.625539647E-1,-7.498050791E-1,1.642391195E2,-8.013260712E1,-1.902094332E1,-1.432342301E2
3.349243667E0,1.375346287E-1,-3.294209165E-1,5.656620735E-1,-7.433656939E-1,1.641895783E2,-8.127226493E1,-1.952171957E1,-1.422396255E2
3.359287667E0,1.372648678E-1,-3.364787856E-1,5.668767035E-1,-7.393181002E-1,1.642207866E2,-8.199508096E1,-1.999299182E1,-1.415428166E2
3.369332667E0,1.349644928E-1,-3.384915821E-1,5.667231731E-1,-7.389404645E-1,1.644868666E2,-8.212429481E1,-2.032074706E1,-1.415505717E2
3.379376667E0,1.315259632E-1,-3.360797708E-1,5.658481202E-1,-7.413280202E-1,1.648844384E2,-8.179411026E1,-2.045326645E1,-1.421163643E2
3.389420667E0,1.302210968E-1,-3.340948966E-1,5.633967015E-1,-7.443166532E-1,1.650352623E2,-8.128324996E1,-2.052478401E1,-1.424853703E2
3.399464667E0,1.329469653E-1,-3.362812222E-1,5.584842334E-1,-7.465489400E-1,1.647201609E2,-8.077092980E1,-2.070786273E1,-1.421373416E2
3.409508667E0,1.384434833E-1,-3.424849433E-1,5.518976503E-1,-7.476272460E-1,1.640844253E2,-8.036306777E1,-2.105653036E1,-1.411780772E2
3.419552667E0,1.439477142E-1,-3.498670902E-1,5.454968506E-1,-7.478672091E-1,1.634473032E2,-8.009560228E1,-2.148528126E1,-1.400892566E2
3.429596667E0,1.471959297E-1,-3.554601246E-1,5.406138221E-1,-7.481431445E-1,1.630710773E2,-7.989755669E1,-2.188332915E1,-1.393432105E2
3.439640667E0,1.477066230E-1,-3.582980721E-1,5.375368177E-1,-7.489055389E-1,1.630119094E2,-7.971210547E1,-2.220164229E1,-1.390807449E2
3.449684667E0,1.458074439E-1,-3.588942076E-1,5.359878262E-1,-7.501014557E-1,1.632319215E2,-7.953674501E1,-2.246457283E1,-1.392302830E2
3.459728667E0,1.422557079E-1,-3.583282176E-1,5.356201792E-1,-7.513156432E-1,1.636432091E2,-7.941690845E1,-2.270863886E1,-1.396215295E2
3.469772667E0,1.380693247E-1,-3.577396263E-1,5.362204873E-1,-7.519487099E-1,1.641277165E2,-7.942598442E1,-2.295029941E1,-1.400495352E2
3.479816667E0,1.338307636E-1,-3.577450633E-1,5.375753820E-1,-7.517449088E-1,1.646179719E2,-7.959089709E1,-2.320223807E1,-1.404020972E2
3.489860667E0,1.296355085E-1,-3.582401623E-1,5.393788878E-1,-7.509521688E-1,1.651029395E2,-7.986161951E1,-2.346552133E1,-1.406875557E2
3.499904667E0,1.256489645E-1,-3.591214529E-1,5.414426504E-1,-7.497226188E-1,1.655635316E2,-8.020482234E1,-2.372952272E1,-1.409052016E2
3.509948667E0,1.221283750E-1,-3.604261718E-1,5.436786882E-1,-7.480582186E-1,1.659700938E2,-8.061361248E1,-2.398154262E1,-1.410294352E2
3.519992667E0,1.192103380E-1,-3.621443935E-1,5.459862493E-1,-7.460155716E-1,1.663069377E2,-8.107439225E1,-2.421465388E1,-1.410511037E2
3.530036667E0,1.168759715E-1,-3.642544333E-1,5.481864833E-1,-7.437408430E-1,1.665763199E2,-8.156033727E1,-2.443635213E1,-1.409787258E2
3.540080667E0,1.150159679E-1,-3.667925376E-1,5.501292634E-1,-7.413450265E-1,1.667909079E2,-8.205313408E1,-2.466375971E1,-1.408220595E2
3.550124667E0,1.135563382E-1,-3.697792845E-1,5.517624854E-1,-7.388683933E-1,1.669592723E2,-8.254745134E1,-2.490558310E1,-1.405865542E2
3.560168667E0,1.122705433E-1,-3.730694256E-1,5.532091444E-1,-7.363248100E-1,1.671075619E2,-8.304765229E1,-2.516220709E1,-1.403039269E2
3.570212667E0,1.109302945E-1,-3.764770088E-1,5.546293983E-1,-7.337205351E-1,1.672621085E2,-8.355953805E1,-2.542995939E1,-1.400094784E2
3.580256667E0,1.094099102E-1,-3.798331044E-1,5.561942845E-1,-7.310295221E-1,1.674373988E2,-8.409206463E1,-2.569828367E1,-1.397275078E2
3.590300667E0,1.076855140E-1,-3.831268701E-1,5.580361123E-1,-7.281575515E-1,1.676361746E2,-8.466353586E1,-2.596159778E1,-1.394572066E2
3.600344667E0,1.056593465E-1,-3.863643381E-1,5.602879341E-1,-7.250077489E-1,1.678696887E2,-8.529402020E1,-2.622101780E1,-1.392019510E2
3.610388667E0,1.032795247E-1,-3.895479583E-1,5.630088345E-1,-7.215308447E-1,1.681438967E2,-8.599311958E1,-2.647755289E1,-1.389633311E2
3.620432667E0,1.007181553E-1,-3.929157601E-1,5.660565416E-1,-7.176719003E-1,1.684389469E2,-8.676513020E1,-2.674014622E1,-1.387024171E2
3.630476667E0,9.804686697E-2,-3.964743924E-1,5.693781295E-1,-7.134447610E-1,1.687465771E2,-8.760492403E1,-2.700534854E1,-1.384124442E2
3.640520667E0,9.499269559E-2,-4.000107712E-1,5.730593986E-1,-7.089222778E-1,1.690982012E2,-8.850500802E1,-2.727618623E1,-1.381372444E2
3.650564667E0,9.130682725E-2,-4.034282484E-1,5.771172550E-1,-7.041621705E-1,1.695224153E2,-8.945948947E1,-2.756588762E1,-1.379068662E2
3.660608667E0,8.693796922E-2,-4.066584513E-1,5.815252411E-1,-6.992131190E-1,1.700250501E2,-9.045926244E1,-2.787658458E1,-1.377326974E2
3.670652667E0,8.198670497E-2,-4.096467893E-1,5.862334234E-1,-6.941167432E-1,1.705944585E2,-9.149287958E1,-2.820051569E1,-1.376130438E2
3.680696667E0,7.661494162E-2,-4.123980197E-1,5.911677552E-1,-6.888966663E-1,1.712119626E2,-9.255093192E1,-2.852972828E1,-1.375354067E2
3.690740667E0,7.099314208E-2,-4.150584657E-1,5.961977603E-1,-6.835457024E-1,1.718579360E2,-9.363028712E1,-2.886653448E1,-1.374714162E2
3.700784667E0,6.532925892E-2,-4.178031844E-1,6.011676850E-1,-6.780633457E-1,1.725084831E2,-9.472679500E1,-2.921225593E1,-1.373870589E2
3.710828667E0,5.975814097E-2,-4.207118649E-1,6.059806444E-1,-6.724715337E-1,1.731481393E2,-9.583466397E1,-2.956488948E1,-1.372644753E2
3.720872667E0,5.425251922E-2,-4.238258848E-1,6.105859041E-1,-6.667931520E-1,1.737800655E2,-9.695149764E1,-2.993100299E1,-1.371014739E2
3.730917667E0,4.879709437E-2,-4.271957887E-1,6.149374714E-1,-6.610404654E-1,1.744060434E2,-9.807689793E1,-3.031629023E1,-1.368933076E2
3.740961667E0,4.347154503E-2,-4.308904342E-1,6.190206897E-1,-6.551772066E-1,1.750169576E2,-9.921731848E1,-3.071710608E1,-1.366243804E2
3.751005667E0,3.849088336E-2,-4.351538618E-1,6.229587858E-1,-6.489082843E-1,1.755881798E2,-1.004223725E2,-3.111740545E1,-1.362399412E2
3.761049667E0,3.421852054E-2,-4.408070292E-1,6.274824808E-1,-6.409243858E-1,1.760780808E2,-1.019152755E2,-3.147355053E1,-1.355689177E2
3.771093667E0,3.091290107E-2,-4.481865630E-1,6.333908368E-1,-6.300708979E-1,1.764570780E2,-1.038821975E2,-3.170990478E1,-1.345064919E2
3.781137667E0,2.826491994E-2,-4.562208271E-1,6.405868422E-1,-6.170186722E-1,1.767606473E2,-1.061884358E2,-3.178823481E1,-1.332241929E2
3.791181667E0,2.359589207E-2,-4.610738787E-1,6.479943932E-1,-6.057701420E-1,1.772958590E2,-1.081807359E2,-3.187241699E1,-1.324981266E2
3.801225667E0,1.049593505E-2,-4.554333027E-1,6.539121268E-1,-6.040441021E-1,1.787972324E2,-1.086620860E2,-3.244411733E1,-1.338781837E2
3.811269667E0,7.944744165E-3,4.430996386E-1,-6.588891428E-1,6.078361383E-1,1.790895898E2,-1.081938806E2,-3.330757799E1,-1.365975593E2
3.821313667E0,2.564698952E-2,4.310352086E-1,-6.646320513E-1,6.097664008E-1,1.770607492E2,-1.079261822E2,-3.403873146E1,-1.391799714E2
3.831357667E0,4.069891460E-2,4.212665490E-1,-6.708097151E-1,6.090094223E-1,1.753349595E2,-1.080374248E2,-3.459090325E1,-1.412205016E2
3.841401667E0,5.305108116E-2,4.136293504E-1,-6.755957637E-1,6.080023444E-1,1.739179387E2,-1.081576024E2,-3.507564330E1,-1.428367659E2
3.851445667E0,6.175370995E-2,4.084537069E-1,-6.778299786E-1,6.081928271E-1,1.729190407E2,-1.080716035E2,-3.548953587E1,-1.439982041E2
3.861489667E0,6.723924873E-2,4.056648183E-1,-6.777525443E-1,6.095625154E-1,1.722891319E2,-1.078037239E2,-3.585240616E1,-1.447400411E2
3.871533667E0,7.025137862E-2,4.052112866E-1,-6.760936760E-1,6.113639349E-1,1.719431486E2,-1.074930897E2,-3.618938531E1,-1.450773445E2
3.881577667E0,7.109298797E-2,4.072282451E-1,-6.735735684E-1,6.127068389E-1,1.718464655E2,-1.073014616E2,-3.649807485E1,-1.449657863E2
3.891621667E0,6.991167502E-2,4.114587877E-1,-6.708499442E-1,6.130044588E-1,1.719821717E2,-1.073289992E2,-3.674485370E1,-1.444103556E2
3.901665667E0,6.699462842E-2,4.172598589E-1,-6.682838966E-1,6.122112341E-1,1.723172267E2,-1.075716944E2,-3.690179004E1,-1.434993919E2
3.911709667E0,6.268169926E-2,4.240200553E-1,-6.660291982E-1,6.104776921E-1,1.728124945E2,-1.079880902E2,-3.695626641E1,-1.423344230E2
3.921753667E0,5.729929383E-2,4.312214555E-1,-6.642095291E-1,6.079395667E-1,1.734303863E2,-1.085386359E2,-3.690074645E1,-1.410072935E2
3.931797667E0,5.109746936E-2,4.383539140E-1,-6.628904697E-1,6.048232287E-1,1.741421103E2,-1.091674427E2,-3.672659979E1,-1.396108418E2
3.941841667E0,4.461060576E-2,4.447715619E-1,-6.618526141E-1,6.017800998E-1,1.748863040E2,-1.097491734E2,-3.646706712E1,-1.382926015E2
3.951885667E0,3.890088790E-2,4.493622178E-1,-6.605940039E-1,6.001465301E-1,1.755411615E2,-1.100501927E2,-3.621108210E1,-1.373165133E2
3.961929667E0,3.531608770E-2,4.507270592E-1,-6.586749314E-1,6.014526188E-1,1.759522327E2,-1.098148503E2,-3.606520619E1,-1.370008145E2
3.971973667E0,3.412982250E-2,4.485610062E-1,-6.561139624E-1,6.059230086E-1,1.760882507E2,-1.090100387E2,-3.604163438E1,-1.374058509E2
3.982017667E0,3.430264565E-2,4.435647080E-1,-6.533544818E-1,6.125370503E-1,1.760684351E2,-1.078020887E2,-3.603102294E1,-1.383364490E2
3.992061667E0,3.512914535E-2,4.357879717E-1,-6.505132469E-1,6.210373531E-1,1.759736681E2,-1.062211292E2,-3.594335702E1,-1.397279208E2
4.002105667E0,3.764341560E-2,4.241030635E-1,-6.472483307E-1,6.322889180E-1,1.756853629E2,-1.041010803E2,-3.580585898E1,-1.418121220E2
4.012149667E0,4.075922674E-2,4.096503823E-1,-6.440961047E-1,6.447212057E-1,1.753280425E2,-1.017185118E2,-3.550164260E1,-1.442920659E2
4.022193667E0,4.118320297E-2,3.954001009E-1,-6.416422414E-1,6.559404649E-1,1.752794175E2,-9.954682724E1,-3.485961297E1,-1.464590631E2
4.032238667E0,3.780793582E-2,3.823386871E-1,-6.393412974E-1,6.660558561E-1,1.756664969E2,-9.760686168E1,-3.389427647E1,-1.481092951E2
4.042282667E0,3.088310325E-2,3.711262767E-1,-6.362164458E-1,6.756775812E-1,1.764604943E2,-9.580067315E1,-3.273948314E1,-1.492158324E2
4.052326667E0,2.065083888E-2,3.628891704E-1,-6.317116326E-1,6.847081968E-1,1.776334199E2,-9.413762856E1,-3.153619751E1,-1.496852654E2
4.062370667E0,7.328915488E-3,3.582272127E-1,-6.257439865E-1,6.928664990E-1,1.791601606E2,-9.264163256E1,-3.036981640E1,-1.494794083E2
4.072414667E0,7.969631879E-3,-3.562549193E-1,6.186434964E-1,-7.002135798E-1,1.790867378E2,-9.126619632E1,-2.927805109E1,-1.487924713E2
4.082458667E0,2.395007311E-2,-3.558499408E-1,6.108010954E-1,-7.069081431E-1,1.772552613E2,-8.996189309E1,-2.828443365E1,-1.478527255E2
4.092502667E0,3.922668304E-2,-3.560022173E-1,6.025344546E-1,-7.132151872E-1,1.755037997E2,-8.868120101E1,-2.742205632E1,-1.468830150E2
4.102546667E0,5.235066376E-2,-3.556637571E-1,5.942251402E-1,-7.194853317E-1,1.739983123E2,-8.738206193E1,-2.671632674E1,-1.461140859E2
4.112590667E0,6.244521330E-2,-3.537909408E-1,5.863634675E-1,-7.260236987E-1,1.728396470E2,-8.603868502E1,-2.613515123E1,-1.457259633E2
4.122634667E0,6.958670175E-2,-3.496324693E-1,5.794031789E-1,-7.329440005E-1,1.720195018E2,-8.464982224E1,-2.558721667E1,-1.457843869E2
4.132678667E0,7.429796077E-2,-3.432385184E-1,5.734850238E-1,-7.401230418E-1,1.714782282E2,-8.324409926E1,-2.501527939E1,-1.462341432E2
4.142722667E0,7.617037666E-2,-3.343126588E-1,5.690350752E-1,-7.474171440E-1,1.712630553E2,-8.186513556E1,-2.439687715E1,-1.471254108E2
4.152766667E0,7.488338049E-2,-3.226464955E-1,5.664397566E-1,-7.546109367E-1,1.714109567E2,-8.056506479E1,-2.371023259E1,-1.484896935E2
4.162810667E0,7.172356804E-2,-3.095707939E-1,5.653699642E-1,-7.611691338E-1,1.717740214E2,-7.942066140E1,-2.296512525E1,-1.500818560E2
4.172854667E0,6.861890474E-2,-2.970808283E-1,5.653386913E-1,-7.664376163E-1,1.721306689E2,-7.852031932E1,-2.219759978E1,-1.515498454E2
4.182898667E0,6.648345037E-2,-2.858395262E-1,5.661290922E-1,-7.703074135E-1,1.723759343E2,-7.787240705E1,-2.141325582E1,-1.527637010E2
4.192942667E0,6.551706528E-2,-2.752799599E-1,5.672923557E-1,-7.733742290E-1,1.724869158E2,-7.736400994E1,-2.057628587E1,-1.537776969E2
4.202986667E0,6.619567168E-2,-2.652551424E-1,5.679671479E-1,-7.763189871E-1,1.724089841E2,-7.685723198E1,-1.967298234E1,-1.545870402E2
4.213030667E0,6.886120697E-2,-2.563647388E-1,5.674873797E-1,-7.794185506E-1,1.721028373E2,-7.628728899E1,-1.875215825E1,-1.551250428E2
4.223074667E0,7.343308636E-2,-2.493526623E-1,5.656726418E-1,-7.825887944E-1,1.715776070E2,-7.566145540E1,-1.789075224E1,-1.553411375E2
4.233118667E0,7.928051905E-2,-2.444014823E-1,5.627383150E-1,-7.856895592E-1,1.709055777E2,-7.500796614E1,-1.714668500E1,-1.552766511E2
4.243162667E0,8.536574426E-2,-2.409316903E-1,5.591542418E-1,-7.886768646E-1,1.702058862E2,-7.435063503E1,-1.653310316E1,-1.550697128E2
4.253206667E0,9.115101035E-2,-2.384110454E-1,5.553448516E-1,-7.914819691E-1,1.695403454E2,-7.371539385E1,-1.603089213E1,-1.548087284E2
4.263250667E0,9.617792819E-2,-2.359565920E-1,5.518783471E-1,-7.940431699E-1,1.689617588E2,-7.313188211E1,-1.557873968E1,-1.545999666E2
4.273294667E0,1.005021106E-1,-2.332076271E-1,5.490018879E-1,-7.963105861E-1,1.684638301E2,-7.261546313E1,-1.513295072E1,-1.544643231E2
4.283338667E0,1.044700467E-1,-2.302159700E-1,5.467532587E-1,-7.982152232E-1,1.680067309E2,-7.217537404E1,-1.467199341E1,-1.543654749E2
4.293383667E0,1.082921969E-1,-2.271758967E-1,5.450194427E-1,-7.997611485E-1,1.675662449E2,-7.180622333E1,-1.420134875E1,-1.542711421E2
4.303427667E0,1.120897754E-1,-2.245832966E-1,5.434749925E-1,-8.010201803E-1,1.671284079E2,-7.148730365E1,-1.376590519E1,-1.541375109E2
4.313471667E0,1.158604432E-1,-2.229259771E-1,5.417310613E-1,-8.021270830E-1,1.666934869E2,-7.118770117E1,-1.342071118E1,-1.539343596E2
4.323515667E0,1.195577966E-1,-2.224748057E-1,5.395317018E-1,-8.031913963E-1,1.662668351E2,-7.088443067E1,-1.320108206E1,-1.536502840E2
4.333559667E0,1.230064835E-1,-2.231689642E-1,5.368727414E-1,-8.042590813E-1,1.658687055E2,-7.057328210E1,-1.311425817E1,-1.533076196E2
4.343603667E0,1.259468373E-1,-2.247078932E-1,5.339681702E-1,-8.053085167E-1,1.655291246E2,-7.026837150E1,-1.314493877E1,-1.529517312E2
4.353647667E0,1.282849970E-1,-2.269854035E-1,5.310859369E-1,-8.062061393E-1,1.652589998E2,-7.000135556E1,-1.328137264E1,-1.525963735E2
4.363691667E0,1.299679628E-1,-2.299906530E-1,5.284956654E-1,-8.067868807E-1,1.650645180E2,-6.980882673E1,-1.351688282E1,-1.522437796E2
4.373735667E0,1.307816499E-1,-2.334999787E-1,5.265551296E-1,-8.069161029E-1,1.649704736E2,-6.972753261E1,-1.383356277E1,-1.519260188E2
4.383779667E0,1.305858356E-1,-2.371701368E-1,5.256036962E-1,-8.064976690E-1,1.649931064E2,-6.978537960E1,-1.419847184E1,-1.516769357E2
4.393823667E0,1.294685437E-1,-2.407724490E-1,5.257744541E-1,-8.054985147E-1,1.651222348E2,-6.998901010E1,-1.458057105E1,-1.515023121E2
4.403867667E0,1.277099875E-1,-2.443800085E-1,5.269580641E-1,-8.039178604E-1,1.653254376E2,-7.032936634E1,-1.497083266E1,-1.513696834E2
4.413911667E0,1.255708242E-1,-2.484133039E-1,5.288373815E-1,-8.017817317E-1,1.655725573E2,-7.078849606E1,-1.539865028E1,-1.512243005E2
4.423955667E0,1.233355240E-1,-2.533210199E-1,5.310324210E-1,-7.991379442E-1,1.658307109E2,-7.134322480E1,-1.589567106E1,-1.510070836E2
4.433999667E0,1.212690219E-1,-2.592807950E-1,5.331843969E-1,-7.961041719E-1,1.660693058E2,-7.195991269E1,-1.646989697E1,-1.506813744E2
4.444043667E0,1.195427080E-1,-2.661308274E-1,5.349736255E-1,-7.928979557E-1,1.662685766E2,-7.259108714E1,-1.710506315E1,-1.502466243E2
4.454087667E0,1.181718185E-1,-2.735012892E-1,5.362335739E-1,-7.897379747E-1,1.664267905E2,-7.319594393E1,-1.777340460E1,-1.497331984E2
4.464131667E0,1.164510049E-1,-2.799167771E-1,5.373875757E-1,-7.869564091E-1,1.666253523E2,-7.373888583E1,-1.838532279E1,-1.493247069E2
4.474175667E0,1.136825259E-1,-2.837803260E-1,5.397541739E-1,-7.843535251E-1,1.669447180E2,-7.429237281E1,-1.881097152E1,-1.492010987E2
4.484219667E0,1.099733082E-1,-2.853225003E-1,5.444074178E-1,-7.811002520E-1,1.673724462E2,-7.501614422E1,-1.902558791E1,-1.493133842E2
4.494263667E0,1.071104835E-1,-2.864652278E-1,5.501302433E-1,-7.770596758E-1,1.677024516E2,-7.587522014E1,-1.910811435E1,-1.493538954E2
4.504307667E0,1.057696448E-1,-2.884011274E-1,5.554192408E-1,-7.727529212E-1,1.678569782E2,-7.673962285E1,-1.916153873E1,-1.491886637E2
4.514351667E0,1.050580374E-1,-2.907845422E-1,5.597781416E-1,-7.688014013E-1,1.679389793E2,-7.751042073E1,-1.923798985E1,-1.489426505E2
4.524395667E0,1.041779690E-1,-2.930323390E-1,5.633976919E-1,-7.654162928E-1,1.680403842E2,-7.817050245E1,-1.934139596E1,-1.487377988E2
4.534440667E0,1.031904894E-1,-2.951461088E-1,5.668827937E-1,-7.621578146E-1,1.681541542E2,-7.880558578E1,-1.944501008E1,-1.485551949E2
4.544484667E0,1.027947727E-1,-2.978084199E-1,5.708213535E-1,-7.582258930E-1,1.681997424E2,-7.954991886E1,-1.952737546E1,-1.482552266E2
4.554528667E0,1.029623907E-1,-3.017480333E-1,5.750153232E-1,-7.534614868E-1,1.681804324E2,-8.042740806E1,-1.965167896E1,-1.477757469E2
4.564572667E0,1.033849339E-1,-3.067195175E-1,5.786248530E-1,-7.486174019E-1,1.681317527E2,-8.130241310E1,-1.985183281E1,-1.471836260E2
4.574616667E0,1.034189254E-1,-3.107077579E-1,5.808996344E-1,-7.451985128E-1,1.681278366E2,-8.192000513E1,-2.005523547E1,-1.467449504E2
4.584660667E0,1.024320147E-1,-3.118223313E-1,5.816412925E-1,-7.442901639E-1,1.682415320E2,-8.210521136E1,-2.018272420E1,-1.467069655E2
4.594704667E0,1.011995145E-1,-3.103084586E-1,5.811728302E-1,-7.454564937E-1,1.683835039E2,-8.192194581E1,-2.018265615E1,-1.469731667E2
4.604748667E0,1.015469520E-1,-3.090292069E-1,5.791408569E-1,-7.475192658E-1,1.683434844E2,-8.153540299E1,-2.014459982E1,-1.471135971E2
4.614792667E0,1.047002528E-1,-3.107098757E-1,5.744927971E-1,-7.499701472E-1,1.679802058E2,-8.099703186E1,-2.022741310E1,-1.467816386E2
4.624836667E0,1.101185673E-1,-3.155220975E-1,5.676185829E-1,-7.524152545E-1,1.673556990E2,-8.038283779E1,-2.047487406E1,-1.459973393E2
4.634880667E0,1.159276042E-1,-3.215384021E-1,5.604543667E-1,-7.543638508E-1,1.666857386E2,-7.983308184E1,-2.080384099E1,-1.450644732E2
4.644924667E0,1.208080196E-1,-3.272327996E-1,5.543546009E-1,-7.556555042E-1,1.661225241E2,-7.942219800E1,-2.113763648E1,-1.442163231E2
4.654968667E0,1.244874606E-1,-3.325641547E-1,5.495263106E-1,-7.562570872E-1,1.656976835E2,-7.917003688E1,-2.148081895E1,-1.434779339E2
4.665012667E0,1.269112837E-1,-3.377702809E-1,5.457635453E-1,-7.562717122E-1,1.654177131E2,-7.906165410E1,-2.186155407E1,-1.428368770E2
4.675056667E0,1.283456463E-1,-3.428362057E-1,5.429356182E-1,-7.557854851E-1,1.652519920E2,-7.907673894E1,-2.226274024E1,-1.422735538E2
4.685100667E0,1.289218359E-1,-3.476567725E-1,5.410681124E-1,-7.548239890E-1,1.651854124E2,-7.920957702E1,-2.266412645E1,-1.417854658E2
4.695144667E0,1.288719972E-1,-3.521338531E-1,5.401710695E-1,-7.533982665E-1,1.651911716E2,-7.945348115E1,-2.303966086E1,-1.413606627E2
4.705188667E0,1.283315271E-1,-3.562581857E-1,5.400857537E-1,-7.516105447E-1,1.652536235E2,-7.978498140E1,-2.338544629E1,-1.409915220E2
4.715232667E0,1.272953890E-1,-3.601143694E-1,5.406150338E-1,-7.495657482E-1,1.653733380E2,-8.018271375E1,-2.371723468E1,-1.406747182E2
4.725276667E0,1.259405785E-1,-3.637897854E-1,5.416249987E-1,-7.472872474E-1,1.655298475E2,-8.063605326E1,-2.403444686E1,-1.403883431E2
4.735320667E0,1.243184728E-1,-3.672391519E-1,5.430150176E-1,-7.448591253E-1,1.657171997E2,-8.112702324E1,-2.433488965E1,-1.401349360E2
4.745364667E0,1.223812772E-1,-3.702991870E-1,5.447938622E-1,-7.423617981E-1,1.659408943E2,-8.164182239E1,-2.461046167E1,-1.399358907E2
4.755409667E0,1.200234139E-1,-3.728687960E-1,5.470067404E-1,-7.398289411E-1,1.662130923E2,-8.217669373E1,-2.486053963E1,-1.398106207E2
4.765453667E0,1.172489922E-1,-3.750508279E-1,5.495910113E-1,-7.372512188E-1,1.665332789E2,-8.273166032E1,-2.509594777E1,-1.397496812E2
4.775497667E0,1.142120589E-1,-3.770739030E-1,5.523929917E-1,-7.345971474E-1,1.668836402E2,-8.330639890E1,-2.532897080E1,-1.397187798E2
4.785541667E0,1.111527456E-1,-3.791112290E-1,5.552632448E-1,-7.318487093E-1,1.672364589E2,-8.389674979E1,-2.556063595E1,-1.396817562E2
4.795585667E0,1.082476898E-1,-3.811417588E-1,5.581782262E-1,-7.290065366E-1,1.675713752E2,-8.449824590E1,-2.577680956E1,-1.396260718E2
4.805629667E0,1.053865088E-1,-3.830575016E-1,5.612288994E-1,-7.260736217E-1,1.679011291E2,-8.511349959E1,-2.597404745E1,-1.395709124E2
4.815673667E0,1.022082571E-1,-3.847758919E-1,5.645748745E-1,-7.230187759E-1,1.682673080E2,-8.575689672E1,-2.616718928E1,-1.395520448E2
4.825717667E0,9.850110463E-2,-3.863662611E-1,5.682997286E-1,-7.197597287E-1,1.686942721E2,-8.644753934E1,-2.637379383E1,-1.395766862E2
4.835761667E0,9.433627950E-2,-3.879970385E-1,5.724020184E-1,-7.161807448E-1,1.691737603E2,-8.720326294E1,-2.659976769E1,-1.396181775E2
4.845805667E0,8.984321471E-2,-3.897576178E-1,5.768645899E-1,-7.122108910E-1,1.696908252E2,-8.803256901E1,-2.684153656E1,-1.396540419E2
4.855849667E0,8.509119969E-2,-3.916374410E-1,5.816764219E-1,-7.078362588E-1,1.702374615E2,-8.893511593E1,-2.709320138E1,-1.396782023E2
4.865893667E0,8.014063086E-2,-3.935015223E-1,5.868337526E-1,-7.031075510E-1,1.708067015E2,-8.989902955E1,-2.734125871E1,-1.396999935E2
4.875937208E0,7.506754115E-2,-3.952871052E-1,5.922695265E-1,-6.980900952E-1,1.713897939E2,-9.090954417E1,-2.757902574E1,-1.397217154E2
4.885981208E0,6.993770070E-2,-3.970332702E-1,5.978644995E-1,-6.928429600E-1,1.719791821E2,-9.195372704E1,-2.780973141E1,-1.397365838E2
4.896025208E0,6.481736437E-2,-3.987538310E-1,6.035360745E-1,-6.874142773E-1,1.725672664E2,-9.302112780E1,-2.803292805E1,-1.397399545E2
4.906069208E0,5.972330660E-2,-4.004437931E-1,6.092105997E-1,-6.818653286E-1,1.731521382E2,-9.410029401E1,-2.825062878E1,-1.397334263E2
4.916113208E0,5.465034332E-2,-4.021668828E-1,6.147897045E-1,-6.762460579E-1,1.737344104E2,-9.518289511E1,-2.847208924E1,-1.397128087E2
4.926157208E0,4.962584893E-2,-4.040491294E-1,6.201525011E-1,-6.705911310E-1,1.743109599E2,-9.626348286E1,-2.870841620E1,-1.396641951E2
4.936201208E0,4.462651620E-2,-4.061485904E-1,6.251939807E-1,-6.649693736E-1,1.748844790E2,-9.733189032E1,-2.897004485E1,-1.395852737E2
4.946245208E0,3.962962798E-2,-4.085350714E-1,6.298181222E-1,-6.594374311E-1,1.754575896E2,-9.838064658E1,-2.926750084E1,-1.394716437E2
4.956290208E0,3.459499727E-2,-4.113255721E-1,6.339541189E-1,-6.540005509E-1,1.760349141E2,-9.941211792E1,-2.961378317E1,-1.393126458E2
4.966334208E0,2.950620785E-2,-4.146063460E-1,6.375682322E-1,-6.486430332E-1,1.766183468E2,-1.004318926E2,-3.001578651E1,-1.390977577E2
4.976378208E0,2.447033380E-2,-4.186955702E-1,6.408265524E-1,-6.429902978E-1,1.771956264E2,-1.015063319E2,-3.046898651E1,-1.387678356E2
4.986422208E0,1.983915380E-2,-4.247446650E-1,6.445862936E-1,-6.353794199E-1,1.777264513E2,-1.029219486E2,-3.094212265E1,-1.381010394E2
4.996466208E0,1.586915247E-2,-4.327468659E-1,6.496337686E-1,-6.248633387E-1,1.781814527E2,-1.048295135E2,-3.134546868E1,-1.370341127E2
5.006510208E0,9.139628393E-3,-4.371589349E-1,6.552716155E-1,-6.159771182E-1,1.789526612E2,-1.064669101E2,-3.177479876E1,-1.365939501E2
5.016554208E0,4.626248827E-3,4.317442872E-1,-6.601199783E-1,6.146681635E-1,1.794698690E2,-1.068338042E2,-3.247059483E1,-1.380186816E2
5.026598208E0,2.113314634E-2,4.213875842E-1,-6.647127625E-1,6.165573539E-1,1.775781395E2,-1.065853831E2,-3.321033651E1,-1.403259275E2
5.036642208E0,3.618471317E-2,4.115401943E-1,-6.697947768E-1,6.170092945E-1,1.758526319E2,-1.064980687E2,-3.380174431E1,-1.424320801E2
5.046686208E0,4.871693106E-2,4.034816537E-1,-6.747388339E-1,6.160818321E-1,1.744152403E2,-1.066007837E2,-3.425644077E1,-1.441162709E2
5.056730208E0,5.849162817E-2,3.968149600E-1,-6.783473523E-1,6.155984499E-1,1.732935253E2,-1.066063627E2,-3.460479504E1,-1.454882221E2
5.066774208E0,6.493404792E-2,3.920505538E-1,-6.798660297E-1,6.163294237E-1,1.725538673E2,-1.064119591E2,-3.485890587E1,-1.464879560E2
5.076818208E0,6.882257938E-2,3.894539813E-1,-6.794034996E-1,6.180615117E-1,1.721072742E2,-1.060728417E2,-3.509470467E1,-1.471256322E2
5.086862208E0,7.101440517E-2,3.890427545E-1,-6.775931660E-1,6.200566381E-1,1.718554933E2,-1.057209378E2,-3.535879663E1,-1.474193370E2
5.096906208E0,7.173574848E-2,3.908509386E-1,-6.753026534E-1,6.213340248E-1,1.717726221E2,-1.055287424E2,-3.563253968E1,-1.473292853E2
5.106950208E0,7.093251384E-2,3.945847174E-1,-6.732571931E-1,6.212859353E-1,1.718649011E2,-1.055999525E2,-3.586034094E1,-1.468503299E2
5.116994208E0,6.875166731E-2,3.995314403E-1,-6.716717656E-1,6.200846658E-1,1.721154195E2,-1.058934162E2,-3.600414278E1,-1.460792993E2
5.127038208E0,6.555192072E-2,4.050315408E-1,-6.704652489E-1,6.181656355E-1,1.724829131E2,-1.063193155E2,-3.606153084E1,-1.451379346E2
5.137082208E0,6.181798390E-2,4.106571652E-1,-6.695330975E-1,6.158447560E-1,1.729116613E2,-1.068120854E2,-3.605634046E1,-1.441253350E2
5.147126208E0,5.824523769E-2,4.157943708E-1,-6.687307796E-1,6.136137126E-1,1.733218078E2,-1.072758489E2,-3.602760887E1,-1.431842364E2
5.157171208E0,5.684722673E-2,4.179208479E-1,-6.676136352E-1,6.135165220E-1,1.734822740E2,-1.073259572E2,-3.606528231E1,-1.428409011E2
5.167215208E0,5.965389074E-2,4.144716446E-1,-6.657926280E-1,6.175556020E-1,1.731601068E2,-1.065814883E2,-3.625306682E1,-1.436278562E2
5.177259208E0,6.455516883E-2,4.078461390E-1,-6.636113810E-1,6.237901535E-1,1.725973749E2,-1.053929436E2,-3.647698936E1,-1.450387423E2
5.187303208E0,6.876991690E-2,4.010621928E-1,-6.614741881E-1,6.299775848E-1,1.721133232E2,-1.041907591E2,-3.660532127E1,-1.464260670E2
5.197347208E0,7.194715707E-2,3.937418015E-1,-6.590659909E-1,6.367284984E-1,1.717483337E2,-1.028689607E2,-3.660172898E1,-1.478346520E2
5.207391208E0,7.562978011E-2,3.833292329E-1,-6.556124150E-1,6.461511007E-1,1.713251824E2,-1.010083858E2,-3.648019279E1,-1.497641468E2
5.217435208E0,7.866039140E-2,3.705983137E-1,-6.515350867E-1,6.572453314E-1,1.709768617E2,-9.880872754E1,-3.613203552E1,-1.519723785E2
5.227479208E0,7.781425127E-2,3.589686811E-1,-6.478502404E-1,6.673652955E-1,1.710741203E2,-9.684808912E1,-3.544705711E1,-1.536759784E2
5.237523208E0,7.161556674E-2,3.498336256E-1,-6.440209253E-1,6.765535403E-1,1.717864294E2,-9.516864682E1,-3.444439772E1,-1.546027273E2
5.247567208E0,5.996708397E-2,3.438056148E-1,-6.395973606E-1,6.849209752E-1,1.731241532E2,-9.373982283E1,-3.320723842E1,-1.546938823E2
5.257611208E0,4.335380781E-2,3.412144687E-1,-6.343312383E-1,6.923272723E-1,1.750304620E2,-9.253705121E1,-3.183436922E1,-1.539680226E2
5.267655208E0,2.328484832E-2,3.415434459E-1,-6.278162839E-1,6.990370295E-1,1.773315118E2,-9.143639627E1,-3.044694203E1,-1.526328357E2
5.277699208E0,1.772317127E-3,3.438668647E-1,-6.198591801E-1,7.053559590E-1,1.797969073E2,-9.032410698E1,-2.916289563E1,-1.509667055E2
5.287743208E0,1.968483311E-2,-3.475866191E-1,6.103882354E-1,-7.114929405E-1,1.777441386E2,-8.914156171E1,-2.807195674E1,-1.491597666E2
5.297787208E0,4.011973261E-2,-3.520394863E-1,5.996783313E-1,-7.175266833E-1,1.754013831E2,-8.787961058E1,-2.719868935E1,-1.473542899E2
5.307831208E0,5.876697353E-2,-3.564220842E-1,5.883153724E-1,-7.234602431E-1,1.732619187E2,-8.655944030E1,-2.652366345E1,-1.456850048E2
5.317875208E0,7.489478122E-2,-3.599556971E-1,5.769185063E-1,-7.293748157E-1,1.714096466E2,-8.520019948E1,-2.601898060E1,-1.442855182E2
5.327919208E0,8.828371810E-2,-3.619231436E-1,5.659752140E-1,-7.354519909E-1,1.698702434E2,-8.380080278E1,-2.562132673E1,-1.432465369E2
5.337964208E0,9.881903938E-2,-3.612799721E-1,5.561089002E-1,-7.419262104E-1,1.686576608E2,-8.234919895E1,-2.522524133E1,-1.426797839E2
5.348008208E0,1.052383416E-1,-3.563545018E-1,5.484273210E-1,-7.491087078E-1,1.679182028E2,-8.084674169E1,-2.473773693E1,-1.428457431E2
5.358052208E0,1.080969516E-1,-3.475777156E-1,5.427415847E-1,-7.569255573E-1,1.675887505E2,-7.931262349E1,-2.413220537E1,-1.436486765E2
5.368096208E0,1.084578550E-1,-3.360799921E-1,5.387590236E-1,-7.648699432E-1,1.675471494E2,-7.782281087E1,-2.340635445E1,-1.448728318E2
5.378140208E0,1.084438834E-1,-3.242724576E-1,5.358267936E-1,-7.719954370E-1,1.675487599E2,-7.650186090E1,-2.261018566E1,-1.460950476E2
5.388184208E0,1.093082309E-1,-3.140118811E-1,5.340259536E-1,-7.773445464E-1,1.674491207E2,-7.550261481E1,-2.180469899E1,-1.470258783E2
5.398228208E0,1.118517932E-1,-3.067160825E-1,5.338371462E-1,-7.800207027E-1,1.671558513E2,-7.497917938E1,-2.104300070E1,-1.474637010E2
5.408272208E0,1.144669630E-1,-3.009208803E-1,5.359330352E-1,-7.804612637E-1,1.668542375E2,-7.489185482E1,-2.030520959E1,-1.476946095E2
5.418316208E0,1.170695731E-1,-2.941516750E-1,5.388241405E-1,-7.806651280E-1,1.665539814E2,-7.485846013E1,-1.945753262E1,-1.479912961E2
5.428360208E0,1.183743974E-1,-2.842064939E-1,5.414930896E-1,-7.823039239E-1,1.664034126E2,-7.459267352E1,-1.844981319E1,-1.486869412E2
5.438404208E0,1.199714468E-1,-2.734768545E-1,5.429526982E-1,-7.848692129E-1,1.662190906E2,-7.413746017E1,-1.739812025E1,-1.494320208E2
5.448448208E0,1.229269946E-1,-2.645138109E-1,5.429819587E-1,-7.874592632E-1,1.658778839E2,-7.362400343E1,-1.644491682E1,-1.499098563E2
5.458492208E0,1.270175148E-1,-2.579295459E-1,5.418514116E-1,-7.897695848E-1,1.654054406E2,-7.311158711E1,-1.565002055E1,-1.500903523E2
5.468536208E0,1.308381899E-1,-2.526908929E-1,5.401734297E-1,-7.919856872E-1,1.649639385E2,-7.260773376E1,-1.500506978E1,-1.501857002E2
5.478580208E0,1.358748015E-1,-2.496336764E-1,5.376447557E-1,-7.938256711E-1,1.643815831E2,-7.212092508E1,-1.449091524E1,-1.499961317E2
5.488624208E0,1.409523166E-1,-2.477668239E-1,5.348956011E-1,-7.953808898E-1,1.637940871E2,-7.167243005E1,-1.408425297E1,-1.497055195E2
5.498668208E0,1.461166542E-1,-2.467752877E-1,5.321825979E-1,-7.965761744E-1,1.631961050E2,-7.127895463E1,-1.374665288E1,-1.493324984E2
5.508713208E0,1.511992481E-1,-2.462326681E-1,5.297514202E-1,-7.974156343E-1,1.626071377E2,-7.094892277E1,-1.344450970E1,-1.489245250E2
5.518757208E0,1.562519598E-1,-2.464195893E-1,5.273253212E-1,-7.979916342E-1,1.620211739E2,-7.066010080E1,-1.320820638E1,-1.484595657E2
5.528801208E0,1.615168177E-1,-2.479265710E-1,5.243431998E-1,-7.984415518E-1,1.614101026E2,-7.037115096E1,-1.309282058E1,-1.478766512E2
5.538845208E0,1.663804165E-1,-2.505395491E-1,5.208768323E-1,-7.988959580E-1,1.608451299E2,-7.007876950E1,-1.311949301E1,-1.472508775E2
5.548889208E0,1.705259383E-1,-2.539723362E-1,5.172033867E-1,-7.993243808E-1,1.603632008E2,-6.980467637E1,-1.327466381E1,-1.466317423E2
5.558933208E0,1.732841756E-1,-2.577332365E-1,5.137056514E-1,-7.997827910E-1,1.600423537E2,-6.956951550E1,-1.354606699E1,-1.461178980E2
5.568977208E0,1.761495923E-1,-2.625687865E-1,5.102115512E-1,-7.998207020E-1,1.597088716E2,-6.940323698E1,-1.390240504E1,-1.455076453E2
5.579021208E0,1.769974605E-1,-2.668977104E-1,5.076896313E-1,-7.998054870E-1,1.596101621E2,-6.932968861E1,-1.431265033E1,-1.451185795E2
5.589065208E0,1.768578280E-1,-2.713135833E-1,5.058747248E-1,-7.995004703E-1,1.596264192E2,-6.935318087E1,-1.476735548E1,-1.448068766E2
5.599109208E0,1.769250733E-1,-2.765499499E-1,5.043296634E-1,-7.986670796E-1,1.596185900E2,-6.946879332E1,-1.526510513E1,-1.444022779E2
5.609153208E0,1.762494171E-1,-2.820428854E-1,5.034196076E-1,-7.974689711E-1,1.596972507E2,-6.968579910E1,-1.580630165E1,-1.440354207E2
5.619197208E0,1.750642688E-1,-2.880832664E-1,5.030371039E-1,-7.958104716E-1,1.598352036E2,-7.001120267E1,-1.640300170E1,-1.436591379E2
5.629241208E0,1.736198542E-1,-2.947485797E-1,5.031694871E-1,-7.935993214E-1,1.600032957E2,-7.045286886E1,-1.704388686E1,-1.432395518E2
5.639285208E0,1.722696799E-1,-3.021039634E-1,5.035134897E-1,-7.909049156E-1,1.601603813E2,-7.098119023E1,-1.772151698E1,-1.427383980E2
5.649329208E0,1.709679745E-1,-3.096235407E-1,5.039318499E-1,-7.880075305E-1,1.603117922E2,-7.154519035E1,-1.840059846E1,-1.422049142E2
5.659373208E0,1.679677722E-1,-3.154891598E-1,5.054079589E-1,-7.853764924E-1,1.606606360E2,-7.213382254E1,-1.901229485E1,-1.419491497E2
5.669417208E0,1.633797505E-1,-3.187684796E-1,5.086796924E-1,-7.829039896E-1,1.611937524E2,-7.277307605E1,-1.944575781E1,-1.420322932E2
5.679462208E0,1.572541486E-1,-3.180525733E-1,5.149151500E-1,-7.803691728E-1,1.619048941E2,-7.351583937E1,-1.953920321E1,-1.425560596E2
5.689506208E0,1.499376875E-1,-3.151120614E-1,5.242962904E-1,-7.767474309E-1,1.627533690E2,-7.452625653E1,-1.940852208E1,-1.433236775E2
5.699550208E0,1.437829411E-1,-3.134959721E-1,5.341053898E-1,-7.718666994E-1,1.634663833E2,-7.571425273E1,-1.929085299E1,-1.438453534E2
5.709594208E0,1.394056326E-1,-3.139409375E-1,5.421724863E-1,-7.668482109E-1,1.639730915E2,-7.683445530E1,-1.928858149E1,-1.440423688E2
5.719638208E0,1.359956997E-1,-3.156749536E-1,5.479685104E-1,-7.626172574E-1,1.643675994E2,-7.774692974E1,-1.941667411E1,-1.440728364E2
5.729682208E0,1.330504147E-1,-3.180824343E-1,5.518755548E-1,-7.593119119E-1,1.647082002E2,-7.845340153E1,-1.964510119E1,-1.440326888E2
5.739726208E0,1.312409451E-1,-3.215998522E-1,5.545812034E-1,-7.561673566E-1,1.649173847E2,-7.908442274E1,-1.992556689E1,-1.438047631E2
5.749770208E0,1.313804512E-1,-3.269403953E-1,5.565279347E-1,-7.524133368E-1,1.649012588E2,-7.976213639E1,-2.022788113E1,-1.432359114E2
5.759814208E0,1.322116924E-1,-3.332522757E-1,5.579728446E-1,-7.484178788E-1,1.648051674E2,-8.045722063E1,-2.056580030E1,-1.425134273E2
5.769858208E0,1.336161308E-1,-3.397834041E-1,5.586959475E-1,-7.446829726E-1,1.646427899E2,-8.108247196E1,-2.090136461E1,-1.417250397E2
5.779902208E0,1.345749505E-1,-3.448890838E-1,5.591376360E-1,-7.418262802E-1,1.645319159E2,-8.156194121E1,-2.117413980E1,-1.411176802E2
5.789946208E0,1.337622539E-1,-3.471991421E-1,5.597285453E-1,-7.404486894E-1,1.646258937E2,-8.183153278E1,-2.137221256E1,-1.409430430E2
5.799990208E0,1.308133443E-1,-3.463058501E-1,5.605457200E-1,-7.407757279E-1,1.649668102E2,-8.186144713E1,-2.149476507E1,-1.412771559E2
5.810034208E0,1.271651131E-1,-3.434425513E-1,5.612969560E-1,-7.421739075E-1,1.653883888E2,-8.171838680E1,-2.153277646E1,-1.418740042E2
5.820078208E0,1.257908940E-1,-3.418793668E-1,5.607207664E-1,-7.435638894E-1,1.655471376E2,-8.150333003E1,-2.155234957E1,-1.421679525E2
5.830122208E0,1.274602885E-1,-3.432348622E-1,5.580874629E-1,-7.446355574E-1,1.653542867E2,-8.124609907E1,-2.164790362E1,-1.419455989E2
5.840167208E0,1.315315266E-1,-3.471765619E-1,5.534498345E-1,-7.455609125E-1,1.648837953E2,-8.092990098E1,-2.184459218E1,-1.412943674E2
5.850211208E0,1.357972934E-1,-3.516818071E-1,5.478191841E-1,-7.468421767E-1,1.643905480E2,-8.052969868E1,-2.211809682E1,-1.405892963E2
5.860255208E0,1.388018790E-1,-3.554478282E-1,5.423784158E-1,-7.484761889E-1,1.640429558E2,-8.009744216E1,-2.242800222E1,-1.400657337E2
5.870299208E0,1.399235331E-1,-3.579346293E-1,5.378799457E-1,-7.503261406E-1,1.639131571E2,-7.968504139E1,-2.274380780E1,-1.398195454E2
5.880343208E0,1.387447068E-1,-3.585286996E-1,5.350447588E-1,-7.522859479E-1,1.640495713E2,-7.933295286E1,-2.301443017E1,-1.399363100E2
5.890387208E0,1.352539573E-1,-3.568451648E-1,5.343364599E-1,-7.542231646E-1,1.644533895E2,-7.907007420E1,-2.318738540E1,-1.404453068E2
5.900431208E0,1.299969598E-1,-3.535081986E-1,5.354776596E-1,-7.559077109E-1,1.650611667E2,-7.891633368E1,-2.327958400E1,-1.412374017E2
5.910475208E0,1.239902121E-1,-3.496705595E-1,5.378480827E-1,-7.570181750E-1,1.657551089E2,-7.889239317E1,-2.333073606E1,-1.421152442E2
5.920519208E0,1.181687208E-1,-3.464243776E-1,5.409683298E-1,-7.572183725E-1,1.664271480E2,-7.902917436E1,-2.337745488E1,-1.428939707E2
5.930563208E0,1.130410719E-1,-3.446131063E-1,5.446319551E-1,-7.562007580E-1,1.670187001E2,-7.936909659E1,-2.345706954E1,-1.434477481E2
5.940607208E0,1.091624871E-1,-3.446468975E-1,5.486624688E-1,-7.538379846E-1,1.674659222E2,-7.992306861E1,-2.356749674E1,-1.436892993E2
5.950651208E0,1.066044474E-1,-3.463013615E-1,5.529035902E-1,-7.503389321E-1,1.677607730E2,-8.065174047E1,-2.369093020E1,-1.436379100E2
5.960695208E0,1.048925267E-1,-3.489957779E-1,5.571930752E-1,-7.461470066E-1,1.679580508E2,-8.148353310E1,-2.382306130E1,-1.433983029E2
5.970739208E0,1.034724308E-1,-3.522580072E-1,5.613647071E-1,-7.416721071E-1,1.681216722E2,-8.235426964E1,-2.397564840E1,-1.430717162E2
5.980783208E0,1.019395499E-1,-3.557990379E-1,5.652988414E-1,-7.371923185E-1,1.682982613E2,-8.322159851E1,-2.416288003E1,-1.427261469E2
5.990827208E0,1.000759848E-1,-3.593401002E-1,5.689545221E-1,-7.329053940E-1,1.685129079E2,-8.405526021E1,-2.438381910E1,-1.424104538E2
6.000872208E0,9.780658778E-2,-3.626540542E-1,5.723663621E-1,-7.289120222E-1,1.687742440E2,-8.483990141E1,-2.462789406E1,-1.421542210E2
6.010916208E0,9.498529882E-2,-3.656174097E-1,5.756736991E-1,-7.251906030E-1,1.690990527E2,-8.558378980E1,-2.489290835E1,-1.419796769E2
6.020960208E0,9.166197767E-2,-3.683638037E-1,5.789420818E-1,-7.216177725E-1,1.694815467E2,-8.630828916E1,-2.518242875E1,-1.418661046E2
6.031004208E0,8.808299373E-2,-3.711829748E-1,5.821615426E-1,-7.180199068E-1,1.698933346E2,-8.703917202E1,-2.549780173E1,-1.417603292E2
6.041048208E0,8.453283824E-2,-3.743368445E-1,5.852895763E-1,-7.142564040E-1,1.703016764E2,-8.779584374E1,-2.583573889E1,-1.416093479E2
6.051092208E0,8.110640482E-2,-3.778434413E-1,5.883921955E-1,-7.102469532E-1,1.706956705E2,-8.859149157E1,-2.618555029E1,-1.413999388E2
6.061136208E0,7.778487491E-2,-3.816629256E-1,5.915562753E-1,-7.059350145E-1,1.710774969E2,-8.943708954E1,-2.654049300E1,-1.411341766E2
6.071180208E0,7.457117771E-2,-3.858171298E-1,5.948194951E-1,-7.012659866E-1,1.714468328E2,-9.034244764E1,-2.689828913E1,-1.408065548E2
6.081224208E0,7.141357797E-2,-3.902571844E-1,5.982185015E-1,-6.962283846E-1,1.718096350E2,-9.131056254E1,-2.725647698E1,-1.404241944E2
6.091268208E0,6.837704505E-2,-3.950116228E-1,6.017135499E-1,-6.908192791E-1,1.721584493E2,-9.234048459E1,-2.761166823E1,-1.399780555E2
6.101312208E0,6.559170734E-2,-4.001849904E-1,6.052150153E-1,-6.850287446E-1,1.724783440E2,-9.343141990E1,-2.796176676E1,-1.394463584E2
6.111356208E0,6.312200739E-2,-4.058565443E-1,6.086058768E-1,-6.788924796E-1,1.727619388E2,-9.457611824E1,-2.830942652E1,-1.388164614E2
6.121400208E0,6.100143085E-2,-4.121339486E-1,6.117773744E-1,-6.724231069E-1,1.730054083E2,-9.577225768E1,-2.866046837E1,-1.380738391E2
6.131444208E0,5.872615431E-2,-4.186306746E-1,6.150019034E-1,-6.656367268E-1,1.732666043E2,-9.702553488E1,-2.901761633E1,-1.372940084E2
6.141488208E0,5.749449696E-2,-4.268451164E-1,6.178989724E-1,-6.577982980E-1,1.734079808E2,-9.844581853E1,-2.937373978E1,-1.362024249E2
6.151533208E0,5.713683880E-2,-4.371047657E-1,6.215242651E-1,-6.475974120E-1,1.734490329E2,-1.002569314E2,-2.967713381E1,-1.347203941E2
6.161577208E0,5.725938076E-2,-4.482878208E-1,6.260262440E-1,-6.354923946E-1,1.734349676E2,-1.023687042E2,-2.987274114E1,-1.330121967E2
6.171621208E0,5.214553504E-2,-4.526324655E-1,6.305296558E-1,-6.283605999E-1,1.740218505E2,-1.037137728E2,-3.020359688E1,-1.325841432E2
6.181665208E0,3.988293054E-2,-4.471624051E-1,6.344122973E-1,-6.292663989E-1,1.754285403E2,-1.037995136E2,-3.080808781E1,-1.340256773E2
6.191709208E0,2.622794168E-2,-4.390313192E-1,6.382646351E-1,-6.318084860E-1,1.769941546E2,-1.035719907E2,-3.141859982E1,-1.359281284E2
6.201753208E0,1.452270818E-2,-4.325699334E-1,6.424696473E-1,-6.323805452E-1,1.783357617E2,-1.036096345E2,-3.189989793E1,-1.374417376E2
6.211797208E0,5.343166720E-3,-4.281030207E-1,6.466062972E-1,-6.313474838E-1,1.793877153E2,-1.038708398E2,-3.225265326E1,-1.385004477E2
6.221841208E0,1.622780108E-3,4.247856212E-1,-6.500540148E-1,6.300668097E-1,1.798140430E2,-1.041405174E2,-3.250657794E1,-1.392741445E2
6.231885208E0,6.746003499E-3,4.224658692E-1,-6.524127105E-1,6.291539722E-1,1.792269591E2,-1.043289287E2,-3.271049932E1,-1.398303071E2
6.241929208E0,1.008346492E-2,4.217449474E-1,-6.533704133E-1,6.285989192E-1,1.788445005E2,-1.044531131E2,-3.291493640E1,-1.401043186E2
6.251973208E0,1.170584463E-2,4.233479922E-1,-6.528557687E-1,6.280276819E-1,1.786585784E2,-1.045913937E2,-3.316369965E1,-1.400015560E2
6.262017208E0,1.187734016E-2,4.271430736E-1,-6.512498790E-1,6.271214404E-1,1.786389251E2,-1.048014253E2,-3.345015926E1,-1.395379566E2
6.272061208E0,1.087365511E-2,4.321877563E-1,-6.490431964E-1,6.259700728E-1,1.787539464E2,-1.050585175E2,-3.372367481E1,-1.388406925E2
6.282105208E0,9.037316919E-3,4.375548414E-1,-6.464224843E-1,6.249815184E-1,1.789643857E2,-1.052834195E2,-3.395980922E1,-1.380559592E2
6.292150208E0,6.631026896E-3,4.427602300E-1,-6.433682708E-1,6.244970826E-1,1.792401347E2,-1.054132122E2,-3.416218106E1,-1.372727104E2
6.302194208E0,3.760025723E-3,4.477590254E-1,-6.398817886E-1,6.245391030E-1,1.795691318E2,-1.054433253E2,-3.433967714E1,-1.365048554E2
6.312238208E0,5.063100912E-4,4.527959215E-1,-6.360682469E-1,6.248141744E-1,1.799419811E2,-1.054269697E2,-3.450448285E1,-1.357161064E2
6.322282208E0,3.091956027E-3,-4.582121076E-1,6.322028120E-1,-6.247814474E-1,1.796456874E2,-1.054605055E2,-3.465651312E1,-1.348441118E2
6.332326208E0,7.071208582E-3,-4.641348515E-1,6.287279571E-1,-6.238829608E-1,1.791896924E2,-1.056382571E2,-3.476695764E1,-1.338461237E2
6.342370208E0,1.141357731E-2,-4.703159871E-1,6.259829697E-1,-6.219469664E-1,1.786920720E2,-1.059831636E2,-3.480141123E1,-1.327460213E2
6.352414208E0,1.591719988E-2,-4.763555884E-1,6.239456332E-1,-6.192930847E-1,1.781759462E2,-1.064355907E2,-3.476030340E1,-1.316204442E2
6.362458208E0,2.022616723E-2,-4.818543033E-1,6.224402479E-1,-6.164215357E-1,1.776820939E2,-1.069109000E2,-3.467157489E1,-1.305633835E2
6.372502208E0,2.381126246E-2,-4.861904290E-1,6.212479399E-1,-6.140870217E-1,1.772711724E2,-1.072867452E2,-3.457893444E1,-1.297160489E2
6.382546208E0,2.538527867E-2,-4.877933948E-1,6.201662463E-1,-6.138461525E-1,1.770907488E2,-1.073160862E2,-3.456730983E1,-1.294136089E2
6.392590208E0,2.371206985E-2,-4.851073867E-1,6.191606119E-1,-6.170483647E-1,1.772825423E2,-1.067823595E2,-3.470186470E1,-1.299786254E2
6.402634208E0,1.908057374E-2,-4.785878909E-1,6.184611955E-1,-6.229730525E-1,1.778133946E2,-1.057908579E2,-3.493826816E1,-1.313120896E2
6.412678208E0,1.245856627E-2,-4.693041414E-1,6.182310527E-1,-6.303877579E-1,1.785723165E2,-1.045209189E2,-3.518950484E1,-1.331759934E2
6.422722208E0,4.405441487E-3,-4.571711121E-1,6.183042670E-1,-6.392769919E-1,1.794951720E2,-1.029432847E2,-3.538516779E1,-1.355454563E2
6.432767208E0,3.605030687E-3,4.425814536E-1,-6.179116480E-1,6.498413945E-1,1.795868930E2,-1.009932259E2,-3.542738328E1,-1.382808251E2
6.442811208E0,8.810482580E-3,4.276247172E-1,-6.165500519E-1,6.610034183E-1,1.789903800E2,-9.886779867E1,-3.518280145E1,-1.408824793E2
6.452855208E0,8.831260976E-3,4.145505646E-1,-6.147447654E-1,6.709386528E-1,1.789879989E2,-9.694056177E1,-3.455060735E1,-1.428111906E2
6.462899208E0,3.451342204E-3,4.039308232E-1,-6.128593683E-1,6.791401766E-1,1.796045045E2,-9.533761849E1,-3.356493348E1,-1.439455963E2
6.472943208E0,7.050914875E-3,-3.961054073E-1,6.099419740E-1,-6.863100510E-1,1.791920180E2,-9.392711829E1,-3.235075763E1,-1.443073259E2
6.482987208E0,2.199530227E-2,-3.914431124E-1,6.054367393E-1,-6.926290437E-1,1.774793207E2,-9.264651043E1,-3.103865215E1,-1.439312719E2
6.493031208E0,4.056195842E-2,-3.899768973E-1,5.993586685E-1,-6.978838706E-1,1.753506664E2,-9.149280631E1,-2.971557999E1,-1.428832070E2
6.503075208E0,6.118072355E-2,-3.906644072E-1,5.918528100E-1,-7.023877461E-1,1.729848245E2,-9.037905807E1,-2.844896729E1,-1.414136923E2
6.513119208E0,8.197401877E-2,-3.925072992E-1,5.830797960E-1,-7.065665429E-1,1.705959171E2,-8.923173739E1,-2.732712951E1,-1.397880336E2
6.523163208E0,1.014712984E-1,-3.949991474E-1,5.731668994E-1,-7.107453397E-1,1.683521986E2,-8.802176182E1,-2.643406401E1,-1.381831121E2
6.533207208E0,1.189340022E-1,-3.976061512E-1,5.624462900E-1,-7.151351026E-1,1.663388304E2,-8.674513825E1,-2.577869260E1,-1.367169692E2
6.543251208E0,1.343621722E-1,-3.996444729E-1,5.514754495E-1,-7.197958064E-1,1.645565220E2,-8.541251357E1,-2.528555714E1,-1.354591649E2
6.553295208E0,1.480687488E-1,-4.006050259E-1,5.407616100E-1,-7.246847566E-1,1.629699515E2,-8.404150186E1,-2.486520639E1,-1.344334368E2
6.563339208E0,1.596937347E-1,-3.998480527E-1,5.308480970E-1,-7.299450626E-1,1.616217601E2,-8.263713170E1,-2.446819097E1,-1.337351634E2
6.573384208E0,1.680738558E-1,-3.960246697E-1,5.227592633E-1,-7.359608719E-1,1.606483044E2,-8.119707905E1,-2.402862452E1,-1.335976351E2
6.583428208E0,1.726707493E-1,-3.885909561E-1,5.171164114E-1,-7.428139284E-1,1.601137230E2,-7.975075044E1,-2.349817091E1,-1.341140163E2
6.593472208E0,1.746894358E-1,-3.788296248E-1,5.134586076E-1,-7.498880873E-1,1.598788286E2,-7.837229035E1,-2.287786598E1,-1.350405458E2
6.603516208E0,1.761290457E-1,-3.688676377E-1,5.109393113E-1,-7.562118426E-1,1.597112634E2,-7.715965928E1,-2.220376616E1,-1.359851094E2
6.613560208E0,1.783032120E-1,-3.605090536E-1,5.091185043E-1,-7.609464720E-1,1.594581154E2,-7.621370906E1,-2.153695491E1,-1.366570849E2
6.623604208E0,1.810971266E-1,-3.541670013E-1,5.086092492E-1,-7.636008805E-1,1.591326583E2,-7.563602754E1,-2.089577567E1,-1.370257314E2
6.633648208E0,1.838982272E-1,-3.492339919E-1,5.099902065E-1,-7.642819525E-1,1.588061931E2,-7.543693708E1,-2.025835635E1,-1.372082763E2
6.643692208E0,1.854877535E-1,-3.425831349E-1,5.132161262E-1,-7.647485182E-1,1.586208584E2,-7.534588309E1,-1.948677542E1,-1.376276474E2
6.653736208E0,1.856689217E-1,-3.326130450E-1,5.172765536E-1,-7.663685376E-1,1.585997310E2,-7.511387980E1,-1.852533691E1,-1.384675510E2
6.663780208E0,1.856360893E-1,-3.211850008E-1,5.209454473E-1,-7.687620993E-1,1.586035599E2,-7.474807963E1,-1.748266042E1,-1.394517026E2
6.673824208E0,1.868229024E-1,-3.111342418E-1,5.232917624E-1,-7.710112659E-1,1.584651397E2,-7.434442805E1,-1.651403702E1,-1.401993858E2
6.683868208E0,1.899988992E-1,-3.040107501E-1,5.236790076E-1,-7.728118846E-1,1.580945601E2,-7.391675568E1,-1.571719648E1,-1.405170213E2
6.693912208E0,1.945019318E-1,-2.993558835E-1,5.222939779E-1,-7.744444217E-1,1.575687414E2,-7.343931711E1,-1.509941274E1,-1.405117286E2
6.703957208E0,1.990751388E-1,-2.959760435E-1,5.200385314E-1,-7.760974843E-1,1.570342382E2,-7.293760828E1,-1.461715204E1,-1.403962893E2
6.714001208E0,2.030130453E-1,-2.930954223E-1,5.177877738E-1,-7.776739029E-1,1.565735814E2,-7.246972324E1,-1.421906642E1,-1.402938603E2
6.724045208E0,2.062156789E-1,-2.904584099E-1,5.160171531E-1,-7.789964078E-1,1.561986540E2,-7.207984663E1,-1.386945215E1,-1.402308314E2
6.734089208E0,2.090448915E-1,-2.882388093E-1,5.146185310E-1,-7.799911788E-1,1.558672273E2,-7.176613133E1,-1.356160363E1,-1.401608495E2
6.744133208E0,2.116611150E-1,-2.865340009E-1,5.133819109E-1,-7.807284115E-1,1.555605688E2,-7.150726492E1,-1.330204639E1,-1.400644983E2
6.754177208E0,2.140090527E-1,-2.853265780E-1,5.122431030E-1,-7.812784068E-1,1.552852058E2,-7.129270064E1,-1.309637387E1,-1.399504164E2
6.764221208E0,2.162662272E-1,-2.849563706E-1,5.109104091E-1,-7.816644298E-1,1.550203507E2,-7.110675126E1,-1.297319499E1,-1.397778921E2
6.774265208E0,2.186745402E-1,-2.858437725E-1,5.089746465E-1,-7.819332002E-1,1.547376114E2,-7.092457193E1,-1.296888485E1,-1.394945623E2
6.784309208E0,2.207062080E-1,-2.876478684E-1,5.066393318E-1,-7.822174175E-1,1.544989693E2,-7.074886595E1,-1.308342005E1,-1.391775314E2
6.794353208E0,2.222358436E-1,-2.901834017E-1,5.040619045E-1,-7.825129090E-1,1.543192223E2,-7.058861551E1,-1.330315179E1,-1.388523072E2
6.804397208E0,2.235046534E-1,-2.934384344E-1,5.013746741E-1,-7.826640266E-1,1.541700761E2,-7.046292780E1,-1.360389976E1,-1.384942477E2
6.814441208E0,2.242854027E-1,-2.972151714E-1,4.987753515E-1,-7.826763967E-1,1.540782783E2,-7.038426875E1,-1.397571067E1,-1.381388989E2
6.824485208E0,2.245989120E-1,-3.016469652E-1,4.961536806E-1,-7.825572686E-1,1.540414123E2,-7.034874187E1,-1.443259691E1,-1.377738380E2
6.834530208E0,2.244654118E-1,-3.068663993E-1,4.933586175E-1,-7.823334478E-1,1.540571111E2,-7.034805263E1,-1.499055462E1,-1.373868606E2
6.844574208E0,2.238820573E-1,-3.127182679E-1,4.904465758E-1,-7.820142697E-1,1.541257043E2,-7.038114701E1,-1.563427330E1,-1.369889672E2
6.854618208E0,2.229063788E-1,-3.188228385E-1,4.877250485E-1,-7.815299813E-1,1.542404076E2,-7.046286883E1,-1.631423522E1,-1.366008711E2
6.864662208E0,2.216202888E-1,-3.250206274E-1,4.855041519E-1,-7.807250819E-1,1.543915636E2,-7.062280525E1,-1.699620549E1,-1.362221026E2
6.874706208E0,2.206666532E-1,-3.315914950E-1,4.837988008E-1,-7.792894127E-1,1.545036165E2,-7.088938940E1,-1.765561389E1,-1.357624797E2
6.884750583E0,2.199605038E-1,-3.386054471E-1,4.825811362E-1,-7.772252497E-1,1.545865736E2,-7.126614327E1,-1.830334153E1,-1.352219168E2
6.894794583E0,2.192536379E-1,-3.461727082E-1,4.818588604E-1,-7.745349110E-1,1.546696013E2,-7.176378526E1,-1.896236884E1,-1.346115591E2
6.904838583E0,2.180093154E-1,-3.539896579E-1,4.821120207E-1,-7.711881773E-1,1.548157253E2,-7.241890478E1,-1.961969985E1,-1.339998767E2
6.914882583E0,2.144330078E-1,-3.590119343E-1,4.848401283E-1,-7.681529088E-1,1.552354695E2,-7.315864994E1,-2.009761901E1,-1.338220000E2
6.924926583E0,2.067813107E-1,-3.580384791E-1,4.917256062E-1,-7.663262011E-1,1.561324096E2,-7.391396836E1,-2.020555605E1,-1.345278156E2
6.934970583E0,1.973761782E-1,-3.539885410E-1,5.017333385E-1,-7.641979328E-1,1.572328663E2,-7.482367093E1,-2.005818265E1,-1.356290685E2
6.945014583E0,1.896913748E-1,-3.504375689E-1,5.119579269E-1,-7.609926650E-1,1.581304525E2,-7.583674516E1,-1.982405038E1,-1.365029936E2
6.955058583E0,1.846763213E-1,-3.481229325E-1,5.205616318E-1,-7.574435632E-1,1.587154764E2,-7.676854937E1,-1.957838394E1,-1.370303703E2
6.965103583E0,1.811568697E-1,-3.463924724E-1,5.271698309E-1,-7.545106693E-1,1.591256971E2,-7.749853415E1,-1.937276604E1,-1.373972413E2
6.975147583E0,1.782447122E-1,-3.450681763E-1,5.319628969E-1,-7.524441883E-1,1.594649282E2,-7.802501743E1,-1.924752970E1,-1.377022946E2
6.985191583E0,1.764065827E-1,-3.449964002E-1,5.350879593E-1,-7.506924177E-1,1.596789541E2,-7.843432219E1,-1.921939387E1,-1.378181210E2
6.995235583E0,1.768477549E-1,-3.474989537E-1,5.364540651E-1,-7.484560427E-1,1.596275920E2,-7.882481563E1,-1.929511899E1,-1.375067335E2
7.005279583E0,1.801802219E-1,-3.536457449E-1,5.357927705E-1,-7.452488362E-1,1.592394852E2,-7.925550528E1,-1.951354160E1,-1.366086197E2
7.015323583E0,1.856179661E-1,-3.629747391E-1,5.331626807E-1,-7.413048605E-1,1.586056734E2,-7.971003798E1,-1.989032281E1,-1.352301795E2
7.025367583E0,1.919438920E-1,-3.735599675E-1,5.290504496E-1,-7.373711055E-1,1.578675014E2,-8.010481760E1,-2.035334066E1,-1.336555098E2
7.035411583E0,1.978328604E-1,-3.830236683E-1,5.240915726E-1,-7.344951310E-1,1.571794817E2,-8.031582609E1,-2.081140083E1,-1.322344228E2
7.045455583E0,2.024233898E-1,-3.900374254E-1,5.191126653E-1,-7.330877845E-1,1.566425837E2,-8.031844823E1,-2.120477409E1,-1.311754366E2
7.055499583E0,2.060486931E-1,-3.946949367E-1,5.148838718E-1,-7.325670180E-1,1.562182091E2,-8.021073850E1,-2.147521348E1,-1.304319299E2
7.065543583E0,2.095294327E-1,-3.980371607E-1,5.116719658E-1,-7.320216378E-1,1.558104455E2,-8.012037485E1,-2.161222670E1,-1.298175744E2
7.075587583E0,2.129805221E-1,-4.018247136E-1,5.092973439E-1,-7.306110460E-1,1.554058482E2,-8.018806230E1,-2.172883557E1,-1.291388334E2
7.085632583E0,2.159065038E-1,-4.068188517E-1,5.067852337E-1,-7.287328349E-1,1.550625694E2,-8.035775919E1,-2.196796024E1,-1.283777250E2
7.095676583E0,2.182179423E-1,-4.123476806E-1,5.030976320E-1,-7.274909991E-1,1.547912286E2,-8.043191016E1,-2.235775502E1,-1.276330157E2
7.105720583E0,2.197237439E-1,-4.166185208E-1,4.986590473E-1,-7.276603662E-1,1.546143847E2,-8.028812484E1,-2.277908857E1,-1.271109434E2
7.115764583E0,2.199284722E-1,-4.184450941E-1,4.945308346E-1,-7.293658174E-1,1.545903363E2,-7.993669268E1,-2.313358839E1,-1.269724288E2
7.125808583E0,2.188259949E-1,-4.179733997E-1,4.911647212E-1,-7.322366921E-1,1.547198252E2,-7.944515420E1,-2.340023792E1,-1.271964058E2
7.135852583E0,2.165697477E-1,-4.157825591E-1,4.886422798E-1,-7.358336306E-1,1.549847255E2,-7.888226622E1,-2.359338981E1,-1.277028438E2
7.145896583E0,2.134664542E-1,-4.125925827E-1,4.868861549E-1,-7.396900040E-1,1.553488538E2,-7.831379786E1,-2.373540359E1,-1.283833466E2
7.155940583E0,2.099262453E-1,-4.091770469E-1,4.857212556E-1,-7.433571592E-1,1.557639399E2,-7.779846472E1,-2.385341420E1,-1.291165279E2
7.165984583E0,2.066567246E-1,-4.061952285E-1,4.849990403E-1,-7.463741359E-1,1.561470013E2,-7.738735087E1,-2.394694871E1,-1.297662852E2
7.176028583E0,2.041182410E-1,-4.039646592E-1,4.847391523E-1,-7.484492571E-1,1.564442268E2,-7.711680846E1,-2.400434322E1,-1.302543494E2
7.186072583E0,2.021253905E-1,-4.024953542E-1,4.850306215E-1,-7.495920057E-1,1.566774527E2,-7.699722568E1,-2.403788408E1,-1.305957863E2
7.196116583E0,2.005576963E-1,-4.020064086E-1,4.856986912E-1,-7.498427794E-1,1.568608530E2,-7.702542427E1,-2.408314970E1,-1.307827394E2
7.206161583E0,1.997078473E-1,-4.028388984E-1,4.863844152E-1,-7.491780393E-1,1.569602495E2,-7.718944645E1,-2.416253632E1,-1.307587048E2
7.216205583E0,1.997610155E-1,-4.051026821E-1,4.868005810E-1,-7.476714792E-1,1.569540316E2,-7.746475843E1,-2.428526064E1,-1.304997500E2
7.226249583E0,2.006092208E-1,-4.086125926E-1,4.867348267E-1,-7.455742098E-1,1.568548263E2,-7.780725867E1,-2.445730373E1,-1.300388825E2
7.236293583E0,2.018837837E-1,-4.127088790E-1,4.862710085E-1,-7.432731183E-1,1.567057215E2,-7.816316091E1,-2.465606949E1,-1.294789927E2
7.246337583E0,2.032404697E-1,-4.168057002E-1,4.856378153E-1,-7.410278082E-1,1.565469657E2,-7.850278387E1,-2.485521600E1,-1.289110359E2
7.256381583E0,2.044593776E-1,-4.207156449E-1,4.849976232E-1,-7.388992027E-1,1.564042933E2,-7.882663679E1,-2.504995455E1,-1.283731681E2
7.266425583E0,2.053943422E-1,-4.243990371E-1,4.844922719E-1,-7.368620980E-1,1.562948311E2,-7.914746813E1,-2.524077979E1,-1.278808626E2
7.276469583E0,2.059926589E-1,-4.278986243E-1,4.841652466E-1,-7.348834720E-1,1.562247710E2,-7.947433685E1,-2.543217107E1,-1.274336964E2
7.286513583E0,2.062151732E-1,-4.312423129E-1,4.840659381E-1,-7.329293966E-1,1.561987132E2,-7.981584446E1,-2.562612144E1,-1.270312729E2
7.296557583E0,2.060148281E-1,-4.344011244E-1,4.842888212E-1,-7.309704743E-1,1.562221749E2,-8.018051863E1,-2.581886016E1,-1.266793277E2
7.306601583E0,2.053724048E-1,-4.373895388E-1,4.849332965E-1,-7.289391016E-1,1.562973997E2,-8.058241003E1,-2.600673788E1,-1.263757923E2
7.316645583E0,2.043300289E-1,-4.402994310E-1,4.860389032E-1,-7.267406377E-1,1.564194352E2,-8.103681744E1,-2.618955606E1,-1.261049509E2
7.326690583E0,2.029381503E-1,-4.432433646E-1,4.875788042E-1,-7.243053296E-1,1.565823462E2,-8.155319745E1,-2.637155122E1,-1.258489152E2
7.336734583E0,2.012889441E-1,-4.462898850E-1,4.895007228E-1,-7.215934327E-1,1.567753138E2,-8.213354957E1,-2.655249237E1,-1.255915302E2
7.346778583E0,1.994692961E-1,-4.494498937E-1,4.917659408E-1,-7.185910598E-1,1.569881467E2,-8.277539001E1,-2.672809047E1,-1.253235475E2
7.356822583E0,1.974663514E-1,-4.527205129E-1,4.943312271E-1,-7.153235411E-1,1.572223258E2,-8.347358955E1,-2.690134946E1,-1.250466313E2
7.366866583E0,1.951942991E-1,-4.560820415E-1,4.972076850E-1,-7.118095055E-1,1.574878515E2,-8.422800131E1,-2.707669997E1,-1.247697882E2
7.376910583E0,1.926166611E-1,-4.595582292E-1,5.004612531E-1,-7.079855430E-1,1.577889418E2,-8.505117517E1,-2.725340929E1,-1.244906650E2
7.386954583E0,1.897147452E-1,-4.636384327E-1,5.046500928E-1,-7.031186989E-1,1.581277249E2,-8.607663228E1,-2.741980073E1,-1.241343520E2
7.396998583E0,1.862369558E-1,-4.688317174E-1,5.106801767E-1,-6.962171524E-1,1.585334837E2,-8.749135135E1,-2.755515858E1,-1.236315932E2
7.407042583E0,1.812293413E-1,-4.740979977E-1,5.190767246E-1,-6.877108858E-1,1.591172527E2,-8.925095364E1,-2.764169669E1,-1.231772914E2
7.417086583E0,1.724159927E-1,-4.752646646E-1,5.298260675E-1,-6.809409429E-1,1.601433604E2,-9.085307247E1,-2.768132029E1,-1.235021218E2
7.427130583E0,1.593630505E-1,-4.697909823E-1,5.418238291E-1,-6.784739825E-1,1.616601453E2,-9.184800583E1,-2.769653634E1,-1.249954834E2
7.437175583E0,1.438121910E-1,-4.586617618E-1,5.534728045E-1,-6.801583602E-1,1.634629963E2,-9.216211776E1,-2.769294301E1,-1.274076171E2
7.447219583E0,1.279977662E-1,-4.450594197E-1,5.635015997E-1,-6.841087000E-1,1.652921877E2,-9.202079590E1,-2.768978270E1,-1.301610265E2
7.457263583E0,1.132645345E-1,-4.323020270E-1,5.717702687E-1,-6.880151650E-1,1.669929277E2,-9.178768633E1,-2.773210641E1,-1.327273726E2
7.467307583E0,1.005706624E-1,-4.226660299E-1,5.786711039E-1,-6.902019964E-1,1.684559346E2,-9.175068865E1,-2.784331253E1,-1.347471120E2
7.477351583E0,9.059444014E-2,-4.169781441E-1,5.845303588E-1,-6.901059648E-1,1.696043886E2,-9.201825525E1,-2.800884149E1,-1.360707285E2
7.487395583E0,8.337150290E-2,-4.146709729E-1,5.894692635E-1,-6.882028449E-1,1.704352271E2,-9.252655899E1,-2.819446399E1,-1.367732735E2
7.497439583E0,7.819565917E-2,-4.144043045E-1,5.934065009E-1,-6.855824489E-1,1.710302806E2,-9.310964490E1,-2.838624453E1,-1.370851838E2
7.507483583E0,7.410718306E-2,-4.149955405E-1,5.961744531E-1,-6.832737077E-1,1.715001502E2,-9.361069201E1,-2.860375939E1,-1.372378998E2
7.517527583E0,7.066024520E-2,-4.160191294E-1,5.977790573E-1,-6.816124476E-1,1.718961792E2,-9.398227695E1,-2.885856916E1,-1.373214377E2
7.527571583E0,6.804159828E-2,-4.178196955E-1,5.985068807E-1,-6.801372025E-1,1.721969784E2,-9.430506051E1,-2.913720805E1,-1.372689020E2
7.537615583E0,6.667835847E-2,-4.210352260E-1,5.987223565E-1,-6.780965785E-1,1.723535498E2,-9.470687542E1,-2.941694858E1,-1.369525225E2
7.547659583E0,6.687379340E-2,-4.259653853E-1,5.985330434E-1,-6.751589010E-1,1.723311045E2,-9.524196194E1,-2.967873803E1,-1.363036099E2
7.557704583E0,6.859646154E-2,-4.322344339E-1,5.976701710E-1,-6.717576082E-1,1.721332468E2,-9.583192379E1,-2.991518149E1,-1.353789950E2
7.567748583E0,7.166763917E-2,-4.389367575E-1,5.957906270E-1,-6.687539498E-1,1.717804469E2,-9.632252969E1,-3.011144643E1,-1.343214361E2
7.577792583E0,7.594263616E-2,-4.453117686E-1,5.927417608E-1,-6.667737644E-1,1.712892283E2,-9.660045069E1,-3.025276508E1,-1.332492243E2
7.587836583E0,8.117449306E-2,-4.511539698E-1,5.886058326E-1,-6.658933168E-1,1.706878424E2,-9.665400221E1,-3.035002524E1,-1.322069102E2
7.597880583E0,8.699214900E-2,-4.565193585E-1,5.836359500E-1,-6.658765002E-1,1.700188179E2,-9.653133541E1,-3.042616120E1,-1.312060467E2
7.607924583E0,9.306274925E-2,-4.615671812E-1,5.781771113E-1,-6.663379871E-1,1.693203410E2,-9.630760596E1,-3.049784730E1,-1.302376784E2
7.617968583E0,9.925119209E-2,-4.666919324E-1,5.727574164E-1,-6.665558652E-1,1.686078951E2,-9.611353795E1,-3.056122407E1,-1.292398375E2
7.628012583E0,1.059959523E-1,-4.726334632E-1,5.682896766E-1,-6.651535553E-1,1.678308987E2,-9.617742142E1,-3.054898627E1,-1.280473248E2
7.638056583E0,1.136294209E-1,-4.797730893E-1,5.654510521E-1,-6.611892227E-1,1.669508431E2,-9.664633453E1,-3.039362813E1,-1.265608384E2
7.648100583E0,1.215506049E-1,-4.875703379E-1,5.641203102E-1,-6.551861417E-1,1.660367983E2,-9.743366976E1,-3.011653080E1,-1.249073668E2
7.658144583E0,1.286351319E-1,-4.950259626E-1,5.637118071E-1,-6.485608468E-1,1.652185421E2,-9.832569842E1,-2.980717530E1,-1.233328402E2
7.668189583E0,1.337731699E-1,-5.008368777E-1,5.636432315E-1,-6.430968451E-1,1.646246315E2,-9.906623095E1,-2.956249147E1,-1.221244437E2
7.678233583E0,1.362781468E-1,-5.037874890E-1,5.634594766E-1,-6.404216792E-1,1.643349292E2,-9.942389047E1,-2.945227589E1,-1.215215486E2
7.688277583E0,1.368207875E-1,-5.037671979E-1,5.630119376E-1,-6.407153163E-1,1.642721592E2,-9.935258050E1,-2.943785456E1,-1.214968228E2
7.698321583E0,1.364922739E-1,-5.013849948E-1,5.623546786E-1,-6.432262780E-1,1.643101606E2,-9.893496784E1,-2.943881673E1,-1.218813132E2
7.708365583E0,1.357639974E-1,-4.972413669E-1,5.615543969E-1,-6.472834812E-1,1.643943991E2,-9.826320196E1,-2.942175445E1,-1.225495988E2
7.718409583E0,1.347385646E-1,-4.919454890E-1,5.606476917E-1,-6.523109259E-1,1.645129948E2,-9.742988064E1,-2.938798870E1,-1.234021648E2
7.728453583E0,1.334804812E-1,-4.861403638E-1,5.596140692E-1,-6.577861387E-1,1.646584747E2,-9.652176505E1,-2.935094563E1,-1.243408043E2
7.738497583E0,1.321530872E-1,-4.804300243E-1,5.584651777E-1,-6.632038842E-1,1.648119425E2,-9.562032214E1,-2.931694371E1,-1.252675646E2
7.748541583E0,1.310250690E-1,-4.753689201E-1,5.572438727E-1,-6.680838992E-1,1.649423377E2,-9.480057676E1,-2.928451927E1,-1.260850195E2
7.758585583E0,1.304011692E-1,-4.713769550E-1,5.559953829E-1,-6.720628568E-1,1.650144501E2,-9.411787519E1,-2.924761943E1,-1.267131843E2
7.768629583E0,1.305479877E-1,-4.687457141E-1,5.547840114E-1,-6.748699422E-1,1.649974809E2,-9.361338426E1,-2.919824451E1,-1.270923329E2
7.778674583E0,1.315369846E-1,-4.676275239E-1,5.536997758E-1,-6.763424899E-1,1.648831644E2,-9.331562309E1,-2.913629114E1,-1.271958461E2
7.788718583E0,1.332801993E-1,-4.679877267E-1,5.528368454E-1,-6.764578669E-1,1.646816322E2,-9.323215504E1,-2.906382115E1,-1.270339666E2
7.798762583E0,1.355621983E-1,-4.695740946E-1,5.522650365E-1,-6.753713211E-1,1.644177393E2,-9.334184545E1,-2.898241932E1,-1.266561068E2
7.808806583E0,1.381352845E-1,-4.720453592E-1,5.519554837E-1,-6.733772484E-1,1.641200849E2,-9.359941127E1,-2.889723634E1,-1.261283015E2
7.818850583E0,1.407577457E-1,-4.749718994E-1,5.518526981E-1,-6.708558553E-1,1.638166078E2,-9.394479161E1,-2.881089356E1,-1.255286996E2
7.828894583E0,1.432717209E-1,-4.778990850E-1,5.518988884E-1,-6.682015311E-1,1.635255777E2,-9.431341977E1,-2.871955205E1,-1.249326334E2
7.838938583E0,1.455249336E-1,-4.803962910E-1,5.520503589E-1,-6.657945667E-1,1.632646438E2,-9.464461347E1,-2.862117453E1,-1.244120626E2
7.848982583E0,1.473511565E-1,-4.821608320E-1,5.522360368E-1,-6.639607573E-1,1.630530935E2,-9.488943839E1,-2.852397839E1,-1.240236412E2
7.859026583E0,1.486044352E-1,-4.830143294E-1,5.523741705E-1,-6.629454398E-1,1.629078796E2,-9.501330452E1,-2.844101566E1,-1.238056968E2
7.869070583E0,1.491604575E-1,-4.828834477E-1,5.524298623E-1,-6.628695544E-1,1.628434460E2,-9.500210721E1,-2.838384000E1,-1.237788649E2
7.879114458E0,1.490269574E-1,-4.818635519E-1,5.524245781E-1,-6.636457096E-1,1.628589169E2,-9.487134459E1,-2.835420970E1,-1.239286741E2
7.889159458E0,1.483782752E-1,-4.802164399E-1,5.524122001E-1,-6.649937766E-1,1.629340862E2,-9.466200897E1,-2.834307048E1,-1.242039976E2
7.899203458E0,1.474328582E-1,-4.782763572E-1,5.524431991E-1,-6.665746838E-1,1.630436278E2,-9.442351582E1,-2.834094268E1,-1.245406685E2
7.909247458E0,1.464113872E-1,-4.763527566E-1,5.525591214E-1,-6.680795792E-1,1.631619639E2,-9.420038373E1,-2.833859525E1,-1.248781766E2
7.919291458E0,1.454893406E-1,-4.747099541E-1,5.527762646E-1,-6.692695954E-1,1.632687663E2,-9.402750087E1,-2.833147165E1,-1.251666527E2
7.929335458E0,1.447844767E-1,-4.735504732E-1,5.530956745E-1,-6.699796013E-1,1.633504022E2,-9.392964870E1,-2.831892311E1,-1.253697976E2
7.939379458E0,1.443764952E-1,-4.730200341E-1,5.534840788E-1,-6.701214676E-1,1.633976498E2,-9.391964608E1,-2.830347283E1,-1.254629005E2
7.949423458E0,1.443107882E-1,-4.731560262E-1,5.538975130E-1,-6.696979339E-1,1.634052590E2,-9.399551344E1,-2.828622116E1,-1.254387681E2
7.959467458E0,1.445656924E-1,-4.738763448E-1,5.542814418E-1,-6.688155475E-1,1.633757396E2,-9.413934128E1,-2.826898813E1,-1.253115881E2
7.969511458E0,"","","","","","","",""