"Time (s)","w","x","y","z","Direct (°)","Yaw (°)","Pitch (°)","Roll (°)"
2.628999995E-3,2.717160751E-1,-1.469060226E-1,7.297417673E-1,-6.099720563E-1,1.484671823E2,-9.636483746E1,1.255331588E1,-1.459957199E2
1.267299999E-2,2.707810578E-1,-1.465676255E-1,7.297763698E-1,-6.104276111E-1,1.485785008E2,-9.635752342E1,1.249071413E1,-1.461025521E2
2.271699999E-2,2.697412635E-1,-1.463467339E-1,7.299152437E-1,-6.107750170E-1,1.487022578E2,-9.637197558E1,1.241591817E1,-1.462099913E2
3.276199999E-2,2.686379327E-1,-1.462204619E-1,7.301301083E-1,-6.110345678E-1,1.488335360E2,-9.640260778E1,1.233280549E1,-1.463159628E2
4.280599998E-2,2.675392381E-1,-1.461655657E-1,7.303752555E-1,-6.112367989E-1,1.489642210E2,-9.644086180E1,1.224688448E1,-1.464159629E2
5.284999998E-2,2.665285462E-1,-1.461779779E-1,7.306008886E-1,-6.114056498E-1,1.490844019E2,-9.647814593E1,1.216360589E1,-1.465025525E2
6.289399997E-2,2.656915519E-1,-1.462861689E-1,7.307607516E-1,-6.115530373E-1,1.491839021E2,-9.650755432E1,1.208663138E1,-1.465654935E2
7.293899998E-2,2.650719300E-1,-1.465245936E-1,7.308273015E-1,-6.116852730E-1,1.492575461E2,-9.652554405E1,1.201628713E1,-1.465978474E2
8.298299997E-2,2.646912597E-1,-1.469037256E-1,7.307861872E-1,-6.118081732E-1,1.493027836E2,-9.653004292E1,1.195314004E1,-1.465967532E2
9.302699997E-2,2.643175752E-1,-1.471053350E-1,7.306651626E-1,-6.120659539E-1,1.493471861E2,-9.651485985E1,1.189852258E1,-1.466087166E2
1.030710000E-1,2.617215927E-1,-1.447839077E-1,7.309379159E-1,-6.134079833E-1,1.496555202E2,-9.648030824E1,1.182840211E1,-1.470233068E2
1.131160000E-1,2.560804162E-1,-1.375625931E-1,7.311448991E-1,-6.171924226E-1,1.503247714E2,-9.627532849E1,1.180951455E1,-1.480996508E2
1.231600000E-1,2.494126162E-1,-1.263470849E-1,7.302294484E-1,-6.233736794E-1,1.511144869E2,-9.577198616E1,1.193102345E1,-1.495743862E2
1.332040000E-1,2.427648570E-1,-1.126371576E-1,7.279735594E-1,-6.312152059E-1,1.519004358E2,-9.500450504E1,1.219598015E1,-1.512276497E2
1.432480000E-1,2.374123969E-1,-9.871379870E-2,7.246348336E-1,-6.393710215E-1,1.525322638E2,-9.409410239E1,1.258249685E1,-1.527648698E2
1.532930000E-1,2.334648177E-1,-8.562878274E-2,7.208788961E-1,-6.469123782E-1,1.529977074E2,-9.317747654E1,1.305057722E1,-1.541000822E2
1.633370000E-1,2.310636906E-1,-7.460249282E-2,7.173651134E-1,-6.530172017E-1,1.532805925E2,-9.237901569E1,1.353743580E1,-1.551342216E2
1.733810000E-1,2.297400267E-1,-6.607690186E-2,7.146166752E-1,-6.574013169E-1,1.534364670E2,-9.177667052E1,1.397355476E1,-1.558834952E2
1.834250000E-1,2.288390535E-1,-5.960285091E-2,7.127597272E-1,-6.603437148E-1,1.535425368E2,-9.136958361E1,1.432949336E1,-1.564454053E2
1.934700000E-1,2.278421963E-1,-5.393981068E-2,7.115661496E-1,-6.624590651E-1,1.536598679E2,-9.109394754E1,1.464230185E1,-1.569617490E2
2.035140000E-1,2.267021240E-1,-4.777381104E-2,7.107469834E-1,-6.642005729E-1,1.537940212E2,-9.088309344E1,1.499845012E1,-1.575375441E2
2.135580000E-1,2.263603342E-1,-4.048641019E-2,7.100000991E-1,-6.655987314E-1,1.538342328E2,-9.068257102E1,1.551771556E1,-1.581365582E2
2.236030000E-1,2.268591421E-1,-3.077215167E-2,7.090730370E-1,-6.669358402E-1,1.537755469E2,-9.044551041E1,1.630039346E1,-1.588542911E2
2.336470000E-1,2.269366080E-1,-1.680125110E-2,7.074534812E-1,-6.691240202E-1,1.537664323E2,-9.009277912E1,1.737413234E1,-1.599326353E2
2.436910000E-1,2.266073147E-1,1.304149933E-3,7.046788277E-1,-6.723653236E-1,1.538051759E2,-8.958544413E1,1.873094255E1,-1.613475488E2
2.537350000E-1,2.262429130E-1,2.233161305E-2,7.009402547E-1,-6.760164208E-1,1.538480466E2,-8.899985148E1,2.032584041E1,-1.629734711E2
2.637800000E-1,2.261367240E-1,4.422841814E-2,6.969996930E-1,-6.790415319E-1,1.538605388E2,-8.848719678E1,2.204287566E1,-1.646440263E2
2.738240000E-1,2.263477112E-1,6.501408479E-2,6.937801584E-1,-6.805945590E-1,1.538357178E2,-8.819177022E1,2.373878790E1,-1.662296538E2
2.838680000E-1,2.268216736E-1,8.390272178E-2,6.918523405E-1,-6.803326796E-1,1.537799554E2,-8.818647502E1,2.534182648E1,-1.676999168E2
2.939120000E-1,2.274124881E-1,1.011388230E-1,6.911355280E-1,-6.785176677E-1,1.537104364E2,-8.844542462E1,2.684604158E1,-1.690941043E2
3.039570000E-1,2.277131005E-1,1.173600492E-1,6.911362866E-1,-6.757988377E-1,1.536750606E2,-8.888670682E1,2.825425883E1,-1.704888019E2
3.140010000E-1,2.272624453E-1,1.331034354E-1,6.913956372E-1,-6.727609139E-1,1.537280923E2,-8.943936484E1,2.956101307E1,-1.719550795E2
3.240450000E-1,2.261338370E-1,1.483590141E-1,6.916478229E-1,-6.696837725E-1,1.538608784E2,-9.005162424E1,3.076494265E1,-1.734745321E2
3.340890000E-1,2.248079814E-1,1.625388155E-1,6.917198940E-1,-6.667578540E-1,1.540168259E2,-9.066043421E1,3.185398675E1,-1.749395571E2
3.441340000E-1,2.235287614E-1,1.750912428E-1,6.915738973E-1,-6.641562766E-1,1.541672418E2,-9.121771677E1,3.280279466E1,-1.762660513E2
3.541780000E-1,2.225272890E-1,1.859467748E-1,6.913101213E-1,-6.618125535E-1,1.542849673E2,-9.171859217E1,3.362772673E1,-1.774222298E2
3.642220000E-1,2.221671020E-1,1.955966540E-1,6.909824506E-1,-6.594900093E-1,1.543273014E2,-9.218308249E1,3.440334791E1,-1.784216291E2
3.742660000E-1,2.227168655E-1,2.044788916E-1,6.906918481E-1,-6.569097792E-1,1.542626843E2,-9.264642631E1,3.519113053E1,-1.792886545E2
3.843110000E-1,2.247327493E-1,2.123647777E-1,6.904351316E-1,-6.539846194E-1,1.540256733E2,-9.309009334E1,3.602182418E1,-1.799507430E2
3.943550000E-1,2.287894256E-1,2.184138620E-1,6.899788499E-1,-6.510606818E-1,1.535483787E2,-9.340797489E1,3.687857023E1,1.797499971E2
4.043990000E-1,2.349975510E-1,2.218765206E-1,6.890616923E-1,-6.486455198E-1,1.528170432E2,-9.348369180E1,3.771209432E1,1.799338748E2
4.144430000E-1,2.427889017E-1,2.226535610E-1,6.875491894E-1,-6.471128918E-1,1.518975955E2,-9.326514068E1,3.846398669E1,-1.794107056E2
4.244880000E-1,2.515499671E-1,2.211687275E-1,6.854531423E-1,-6.464991494E-1,1.508614995E2,-9.277185876E1,3.911081047E1,-1.783714188E2
4.345320000E-1,2.608261724E-1,2.179171403E-1,6.828822267E-1,-6.466480753E-1,1.497618201E2,-9.205657610E1,3.964719961E1,-1.770444133E2
4.445760000E-1,2.701821406E-1,2.134109889E-1,6.799039408E-1,-6.474473060E-1,1.486497889E2,-9.117013290E1,4.007131133E1,-1.755286058E2
4.546200000E-1,2.791985527E-1,2.082784721E-1,6.766416482E-1,-6.487097516E-1,1.475752447E2,-9.018414400E1,4.039543993E1,-1.739417458E2
4.646650000E-1,2.874698085E-1,2.031865217E-1,6.733067578E-1,-6.501803184E-1,1.465869248E2,-8.918851974E1,4.064168791E1,-1.724118191E2
4.747090000E-1,2.945871678E-1,1.987485218E-1,6.701911152E-1,-6.515837031E-1,1.457344324E2,-8.828182535E1,4.083341704E1,-1.710661668E2
4.847530000E-1,3.002687105E-1,1.954826046E-1,6.676006435E-1,-6.526366367E-1,1.450525136E2,-8.755527559E1,4.100139379E1,-1.700097944E2
4.947980000E-1,3.042937662E-1,1.937901769E-1,6.658460491E-1,-6.530694532E-1,1.445686395E2,-8.709187764E1,4.117358411E1,-1.693289412E2
5.048420000E-1,3.064052179E-1,1.937776382E-1,6.651571799E-1,-6.527879334E-1,1.443145497E2,-8.694329052E1,4.134615726E1,-1.690774592E2
5.148860000E-1,3.064338988E-1,1.950729373E-1,6.656136724E-1,-6.519228061E-1,1.443110970E2,-8.710744214E1,4.147385197E1,-1.692421079E2
5.249300000E-1,3.044822153E-1,1.971725668E-1,6.671097591E-1,-6.506751224E-1,1.445459691E2,-8.753718786E1,4.151657485E1,-1.697555364E2
5.349750000E-1,3.009676739E-1,1.996559434E-1,6.693716962E-1,-6.492283897E-1,1.449685338E2,-8.815256224E1,4.146505233E1,-1.705135347E2
5.450190000E-1,2.963078761E-1,2.021763882E-1,6.720493908E-1,-6.478240988E-1,1.455280401E2,-8.885956725E1,4.131638856E1,-1.714113112E2
5.550630000E-1,2.908556545E-1,2.044152709E-1,6.748505125E-1,-6.466794958E-1,1.461816205E2,-8.957576006E1,4.106771346E1,-1.723563988E2
5.651070000E-1,2.849696574E-1,2.061380655E-1,6.775560873E-1,-6.459235710E-1,1.468859303E2,-9.023818321E1,4.072769021E1,-1.732709426E2
5.751520000E-1,2.789255675E-1,2.071885125E-1,6.800371248E-1,-6.456184067E-1,1.476078206E2,-9.080810019E1,4.030744812E1,-1.741015718E2
5.851960000E-1,2.729098846E-1,2.074941825E-1,6.822021873E-1,-6.458067821E-1,1.483250088E2,-9.126133322E1,3.981879891E1,-1.748168020E2
5.952400000E-1,2.670196518E-1,2.071364611E-1,6.840195384E-1,-6.464613648E-1,1.490260091E2,-9.159728161E1,3.927955912E1,-1.754159114E2
6.052840000E-1,2.613741657E-1,2.061464738E-1,6.855152036E-1,-6.474998631E-1,1.496967682E2,-9.182517750E1,3.870505849E1,-1.758962048E2
6.153290000E-1,2.562060349E-1,2.044217615E-1,6.866680674E-1,-6.488891918E-1,1.503098797E2,-9.193749335E1,3.810839342E1,-1.762283441E2
6.253730000E-1,2.518570491E-1,2.018683790E-1,6.873134621E-1,-6.507052363E-1,1.508251399E2,-9.190011718E1,3.751167699E1,-1.763660975E2
6.354170000E-1,2.486936752E-1,1.985735281E-1,6.872709570E-1,-6.529766986E-1,1.511995518E2,-9.168842682E1,3.695357055E1,-1.762809258E2
6.454610000E-1,2.468895372E-1,1.945880378E-1,6.865188886E-1,-6.556468700E-1,1.514129459E2,-9.130689264E1,3.645211373E1,-1.759672164E2
6.555060000E-1,2.462729499E-1,1.898547149E-1,6.853257746E-1,-6.585085356E-1,1.514858528E2,-9.080955322E1,3.598661931E1,-1.754548604E2
6.655500000E-1,2.462622657E-1,1.847505840E-1,6.841993368E-1,-6.611303857E-1,1.514871160E2,-9.031848191E1,3.554015726E1,-1.748663174E2
6.755940000E-1,2.460959542E-1,1.798429417E-1,6.836964195E-1,-6.630629873E-1,1.515067791E2,-8.996978558E1,3.509992926E1,-1.743577228E2
6.856390000E-1,2.452740485E-1,1.754206837E-1,6.841600770E-1,-6.640732051E-1,1.516039406E2,-8.983944474E1,3.465250212E1,-1.740181082E2
6.956830000E-1,2.436461686E-1,1.715689885E-1,6.855227479E-1,-6.642733184E-1,1.517963188E2,-8.991373972E1,3.419335037E1,-1.738602510E2
7.057270000E-1,2.411079590E-1,1.684682870E-1,6.875055463E-1,-6.639438565E-1,1.520961156E2,-9.014404171E1,3.372677070E1,-1.738903506E2
7.157710000E-1,2.372603310E-1,1.663824817E-1,6.899702519E-1,-6.632988832E-1,1.525502018E2,-9.051269626E1,3.323866470E1,-1.741567454E2
7.258160000E-1,2.327008639E-1,1.650268915E-1,6.926652689E-1,-6.624434076E-1,1.530877296E2,-9.095641554E1,3.275239083E1,-1.745631235E2
7.358600000E-1,2.279402720E-1,1.643406987E-1,6.954087337E-1,-6.613940564E-1,1.536483256E2,-9.143740754E1,3.230399159E1,-1.750488160E2
7.459040000E-1,2.220168064E-1,1.658352681E-1,6.983195215E-1,-6.599674488E-1,1.543449652E2,-9.204633281E1,3.193582733E1,-1.758485518E2
7.559480000E-1,2.144323335E-1,1.704895656E-1,7.015471904E-1,-6.578628670E-1,1.552355486E2,-9.286065469E1,3.168078647E1,-1.771089495E2
7.659930000E-1,2.070503340E-1,1.763352492E-1,7.045627131E-1,-6.554597169E-1,1.561008999E2,-9.369995667E1,3.152840428E1,-1.784572953E2
7.760370000E-1,2.022308208E-1,1.809869547E-1,7.068238494E-1,-6.532584081E-1,1.566651165E2,-9.435225907E1,3.148972394E1,-1.794378619E2
7.860810000E-1,1.981365495E-1,1.849787881E-1,7.092832655E-1,-6.507242445E-1,1.571439787E2,-9.501689504E1,3.145375747E1,1.796950563E2
7.961250000E-1,1.894137113E-1,1.914688760E-1,7.135139872E-1,-6.468074115E-1,1.581628579E2,-9.614230197E1,3.119722901E1,1.781105569E2
8.061700000E-1,1.729758925E-1,2.019903731E-1,7.177952220E-1,-6.434666415E-1,1.600782219E2,-9.747660512E1,3.054870859E1,1.755134648E2
8.162140000E-1,1.528474638E-1,2.124429390E-1,7.195822694E-1,-6.432007160E-1,1.624160450E2,-9.831919557E1,2.955504849E1,1.727938948E2
8.262573750E-1,1.350005072E-1,2.195471486E-1,7.204041962E-1,-6.438880046E-1,1.644827016E2,-9.879513526E1,2.850512811E1,1.706694991E2
8.363013750E-1,1.236168963E-1,2.220564455E-1,7.217960116E-1,-6.437549049E-1,1.657982194E2,-9.913435223E1,2.766830673E1,1.694997423E2
8.463463750E-1,1.186884125E-1,2.196562668E-1,7.230768543E-1,-6.440683931E-1,1.663671736E2,-9.918511871E1,2.703849323E1,1.693395187E2
8.563903750E-1,1.186060575E-1,2.130068849E-1,7.235743135E-1,-6.457561215E-1,1.663766779E2,-9.886433394E1,2.653481933E1,1.700185454E2
8.664343750E-1,1.222106035E-1,2.029800654E-1,7.231650676E-1,-6.487649218E-1,1.659606000E2,-9.821713842E1,2.611214858E1,1.713527983E2
8.764783750E-1,1.284890931E-1,1.904816914E-1,7.219498686E-1,-6.526835251E-1,1.652354170E2,-9.733374684E1,2.573273895E1,1.731584100E2
8.865233750E-1,1.366259637E-1,1.762120118E-1,7.201191149E-1,-6.570473255E-1,1.642946960E2,-9.630549922E1,2.536182714E1,1.752868639E2
8.965673750E-1,1.458775973E-1,1.608178543E-1,7.178770922E-1,-6.614452859E-1,1.632237956E2,-9.521654246E1,2.497285252E1,1.776028977E2
9.066113750E-1,1.555398045E-1,1.449402514E-1,7.153825467E-1,-6.656031147E-1,1.621037910E2,-9.413319916E1,2.454994411E1,1.799798497E2
9.166553750E-1,1.650469113E-1,1.291588908E-1,7.127569456E-1,-6.693691463E-1,1.610000807E2,-9.310254537E1,2.409097175E1,-1.776874014E2
9.267003750E-1,1.740072891E-1,1.139565858E-1,7.100991021E-1,-6.726772103E-1,1.599582127E2,-9.215482175E1,2.360549004E1,-1.754770088E2
9.367443750E-1,1.821949677E-1,9.969440835E-2,7.075285868E-1,-6.754771308E-1,1.590047267E2,-9.131275009E1,2.311007675E1,-1.734407574E2
9.467883750E-1,1.893893715E-1,8.665939963E-2,7.051912069E-1,-6.777368552E-1,1.581656985E2,-9.059643360E1,2.261741892E1,-1.716225158E2
9.568333750E-1,1.953898183E-1,7.516114930E-2,7.032253936E-1,-6.794465842E-1,1.574650068E2,-9.002166941E1,2.214439967E1,-1.700650614E2
9.668773750E-1,2.001177464E-1,6.547512916E-2,7.017362612E-1,-6.806116285E-1,1.569123108E2,-8.959552233E1,2.171475553E1,-1.687961401E2
9.769213750E-1,2.035274897E-1,5.770192267E-2,7.008203891E-1,-6.812472240E-1,1.565133735E2,-8.932072405E1,2.133934755E1,-1.678257368E2
9.869653750E-1,2.055937179E-1,5.175030297E-2,7.005176693E-1,-6.814162961E-1,1.562714861E2,-8.919017424E1,2.101246606E1,-1.671452518E2
9.970103750E-1,2.064576861E-1,4.727713150E-2,7.007978194E-1,-6.811921170E-1,1.561703121E2,-8.918558183E1,2.071868034E1,-1.667101304E2
1.007054375E0,2.063546582E-1,4.396786632E-2,7.016255625E-1,-6.805924727E-1,1.561823781E2,-8.929205855E1,2.045158724E1,-1.664711873E2
1.017098375E0,2.055087498E-1,4.160814857E-2,7.029329577E-1,-6.796470557E-1,1.562814352E2,-8.949274546E1,2.021082219E1,-1.663882224E2
1.027142375E0,2.041264386E-1,3.997934146E-2,7.046094750E-1,-6.784242703E-1,1.564432672E2,-8.976500323E1,1.999296469E1,-1.664214615E2
1.037187375E0,2.024434095E-1,3.886447302E-2,7.065183058E-1,-6.770066399E-1,1.566402411E2,-9.008264179E1,1.979665331E1,-1.665284725E2
1.047231375E0,2.007307513E-1,3.801369674E-2,7.085448106E-1,-6.754453310E-1,1.568406108E2,-9.042346270E1,1.962154641E1,-1.666621544E2
1.057275375E0,1.992408180E-1,3.710987865E-2,7.106178665E-1,-6.737568018E-1,1.570148647E2,-9.077236846E1,1.946155239E1,-1.667729278E2
1.067319375E0,1.981142539E-1,3.594569840E-2,7.126748856E-1,-6.719770879E-1,1.571465853E2,-9.111686863E1,1.931075075E1,-1.668300765E2
1.077364375E0,1.973701302E-1,3.438373619E-2,7.146789683E-1,-6.701468821E-1,1.572335733E2,-9.144961167E1,1.915936928E1,-1.668196314E2
1.087408375E0,1.969811148E-1,3.231207107E-2,7.166000849E-1,-6.683103753E-1,1.572790438E2,-9.176479702E1,1.899601259E1,-1.667337559E2
1.097452375E0,1.969718003E-1,2.963226908E-2,7.184135162E-1,-6.664879034E-1,1.572801325E2,-9.205799183E1,1.881499932E1,-1.665615582E2
1.107497375E0,1.973612372E-1,2.629822155E-2,7.201215383E-1,-6.646668224E-1,1.572346128E2,-9.233031182E1,1.861499048E1,-1.662978141E2
1.117541375E0,1.981758515E-1,2.235251789E-2,7.217556560E-1,-6.627938165E-1,1.571393840E2,-9.258903650E1,1.840303533E1,-1.659450159E2
1.127585375E0,1.993983208E-1,1.785757757E-2,7.233873923E-1,-6.607814309E-1,1.569964466E2,-9.284869665E1,1.818488953E1,-1.655120283E2
1.137629375E0,2.009861401E-1,1.288833769E-2,7.251084588E-1,-6.585257526E-1,1.568107365E2,-9.312743312E1,1.796573097E1,-1.650112932E2
1.147674375E0,2.028406225E-1,7.530082396E-3,7.270205349E-1,-6.559269569E-1,1.565937595E2,-9.344502350E1,1.774715235E1,-1.644608262E2
1.157718375E0,2.048696140E-1,1.871446514E-3,7.291979254E-1,-6.529129936E-1,1.563562670E2,-9.381629194E1,1.753118101E1,-1.638774556E2
1.167762375E0,2.069508043E-1,-4.012970034E-3,7.316898578E-1,-6.494498924E-1,1.561125577E2,-9.425135033E1,1.731562077E1,-1.632784674E2
1.177806375E0,2.089072610E-1,-1.002568159E-2,7.345234326E-1,-6.455481901E-1,1.558833547E2,-9.475605049E1,1.709461157E1,-1.626867761E2
1.187851375E0,2.105062703E-1,-1.604623246E-2,7.376929177E-1,-6.412790936E-1,1.556959548E2,-9.532979046E1,1.685782087E1,-1.621306875E2
1.197895375E0,2.115812888E-1,-2.192837308E-2,7.411704964E-1,-6.367251056E-1,1.555699282E2,-9.596740694E1,1.660134875E1,-1.616345224E2
1.207939375E0,2.121273856E-1,-2.751076531E-2,7.449270871E-1,-6.319247060E-1,1.555058966E2,-9.666307773E1,1.633598145E1,-1.612108101E2
1.217983375E0,2.121856747E-1,-3.268475458E-2,7.489197002E-1,-6.269197256E-1,1.554990616E2,-9.740818937E1,1.607161446E1,-1.608637668E2
1.228028375E0,2.118610175E-1,-3.741329381E-2,7.530886136E-1,-6.217496981E-1,1.555371301E2,-9.819135312E1,1.581766105E1,-1.605863256E2
1.238072375E0,2.113162273E-1,-4.176280643E-2,7.573560241E-1,-6.164520921E-1,1.556010046E2,-9.899870528E1,1.558060074E1,-1.603579204E2
1.248116375E0,2.107991066E-1,-4.594385809E-2,7.616502822E-1,-6.110170664E-1,1.556616279E2,-9.981918197E1,1.536489896E1,-1.601394110E2
1.258160375E0,2.099552424E-1,-4.992171980E-2,7.659960859E-1,-6.055382289E-1,1.557605413E2,-1.006554699E2,1.514072984E1,-1.599618488E2
1.268205375E0,2.073447087E-1,-5.275086916E-2,7.703704231E-1,-6.006287533E-1,1.560664188E2,-1.014871328E2,1.483860227E1,-1.600166708E2
1.278249375E0,2.049660459E-1,-5.559734086E-2,7.725905083E-1,-5.983324876E-1,1.563449772E2,-1.019198049E2,1.448806051E1,-1.599974930E2
1.288293375E0,2.038811861E-1,-5.886641902E-2,7.727057378E-1,-5.982416190E-1,1.564719748E2,-1.019688987E2,1.416101137E1,-1.597932012E2
1.298338375E0,2.033601878E-1,-6.170277549E-2,7.722328080E-1,-5.987436512E-1,1.565329544E2,-1.019080803E2,1.389802182E1,-1.595715656E2
1.308382375E0,2.037488239E-1,-6.440354554E-2,7.714380027E-1,-5.993513666E-1,1.564874676E2,-1.017919761E2,1.371889116E1,-1.592867360E2
1.318426375E0,2.054200096E-1,-6.730402843E-2,7.702732956E-1,-5.999597353E-1,1.562918258E2,-1.016173861E2,1.363287018E1,-1.588798820E2
1.328470375E0,2.083017793E-1,-7.038787119E-2,7.687677681E-1,-6.005431952E-1,1.559542986E2,-1.013897482E2,1.363462665E1,-1.583580235E2
1.338515375E0,2.121901422E-1,-7.365393585E-2,7.669872955E-1,-6.010665958E-1,1.554985377E2,-1.011210126E2,1.370674076E1,-1.577373313E2
1.348559375E0,2.167461112E-1,-7.700271370E-2,7.650582764E-1,-6.014794874E-1,1.549640240E2,-1.008322571E2,1.382845388E1,-1.570542372E2
1.358603375E0,2.215388822E-1,-8.026079153E-2,7.631569899E-1,-6.017226747E-1,1.544011299E2,-1.005517345E2,1.397794720E1,-1.563601182E2
1.368647375E0,2.259718034E-1,-8.322034323E-2,7.615324818E-1,-6.017303455E-1,1.538799395E2,-1.003190669E2,1.412376813E1,-1.557244027E2
1.378692375E0,2.295791522E-1,-8.577952095E-2,7.603978676E-1,-6.014402066E-1,1.534554081E2,-1.001688554E2,1.423860279E1,-1.551972012E2
1.388736375E0,2.321406058E-1,-8.796076787E-2,7.598842029E-1,-6.007908711E-1,1.531537380E2,-1.001236612E2,1.430643870E1,-1.547973289E2
1.398780375E0,2.337625430E-1,-8.986679587E-2,7.600179980E-1,-5.997096780E-1,1.529626197E2,-1.001899849E2,1.433196043E1,-1.545086862E2
1.408824375E0,2.347571243E-1,-9.151343110E-2,7.607288889E-1,-5.981688735E-1,1.528453870E2,-1.003562512E2,1.434098334E1,-1.543041458E2
1.418869375E0,2.354526738E-1,-9.284189976E-2,7.618776434E-1,-5.962256088E-1,1.527633843E2,-1.005971445E2,1.436290942E1,-1.541601451E2
1.428913375E0,2.360750774E-1,-9.384284527E-2,7.633009004E-1,-5.939982532E-1,1.526899933E2,-1.008834561E2,1.441288290E1,-1.540564234E2
1.438957375E0,2.366542594E-1,-9.449102165E-2,7.648456245E-1,-5.916734331E-1,1.526216884E2,-1.011865953E2,1.448889151E1,-1.539896730E2
1.449001375E0,2.343692890E-1,-9.136703402E-2,7.663810131E-1,-5.910865171E-1,1.528911051E2,-1.014034506E2,1.454975883E1,-1.544734742E2
1.459046375E0,2.251913702E-1,-7.680961791E-2,7.650316185E-1,-5.984276763E-1,1.539717367E2,-1.008628736E2,1.463302118E1,-1.564205533E2
1.469090375E0,2.180805015E-1,-5.770609521E-2,7.588904434E-1,-6.108978540E-1,1.548073668E2,-9.944825521E1,1.509933824E1,-1.584880703E2
1.479134375E0,2.169762751E-1,-4.027266245E-2,7.505590862E-1,-6.228646719E-1,1.549370062E2,-9.776749278E1,1.599408946E1,-1.598751746E2
1.489179375E0,2.201503121E-1,-2.544839357E-2,7.413268612E-1,-6.334988697E-1,1.545642766E2,-9.603150533E1,1.710739131E1,-1.606510700E2
1.499223375E0,2.264200352E-1,-1.333307123E-2,7.310772112E-1,-6.434922668E-1,1.538272092E2,-9.418589618E1,1.829451708E1,-1.608862527E2
1.509267375E0,2.337864824E-1,-2.643366045E-3,7.198605018E-1,-6.535578404E-1,1.529597983E2,-9.221320538E1,1.945899333E1,-1.608444065E2
1.519311375E0,2.400173250E-1,8.766165169E-3,7.085374560E-1,-6.635431664E-1,1.522248742E2,-9.025733802E1,2.059475683E1,-1.609132511E2
1.529356375E0,2.433238506E-1,2.275938249E-2,6.988497921E-1,-6.722234573E-1,1.518343997E2,-8.863144467E1,2.175832735E1,-1.614592212E2
1.539400375E0,2.429339080E-1,4.032414483E-2,6.930801625E-1,-6.774931621E-1,1.518804662E2,-8.775624709E1,2.304064397E1,-1.627245274E2
1.549444375E0,2.408432979E-1,5.914096359E-2,6.905072449E-1,-6.794825355E-1,1.521273644E2,-8.752026186E1,2.439208289E1,-1.643538212E2
1.559488375E0,2.396867673E-1,7.648120967E-2,6.885192413E-1,-6.801779796E-1,1.522638923E2,-8.744343014E1,2.572801205E1,-1.658162062E2
1.569533375E0,2.408273242E-1,9.139508275E-2,6.850098839E-1,-6.814767136E-1,1.521292503E2,-8.711600837E1,2.703311763E1,-1.668250231E2
1.579577375E0,2.439455588E-1,1.040292117E-1,6.801564004E-1,-6.834146679E-1,1.517609438E2,-8.654063331E1,2.829637128E1,-1.674104672E2
1.589621375E0,2.476511097E-1,1.150217420E-1,6.755087409E-1,-6.849283298E-1,1.513228792E2,-8.598733713E1,2.948161644E1,-1.678074718E2
1.599665375E0,2.510161141E-1,1.248836199E-1,6.719777412E-1,-6.854493491E-1,1.509247026E2,-8.562384202E1,3.056777823E1,-1.681862119E2
1.609710375E0,2.538794024E-1,1.335930554E-1,6.697815954E-1,-6.849019459E-1,1.505856107E2,-8.548504224E1,3.153933426E1,-1.685760619E2
1.619754375E0,2.565318089E-1,1.414334650E-1,6.687994895E-1,-6.832973100E-1,1.502712580E2,-8.555502680E1,3.244018885E1,-1.689750917E2
1.629798375E0,2.594331558E-1,1.489121072E-1,6.684455192E-1,-6.809554203E-1,1.499271394E2,-8.574304485E1,3.334224176E1,-1.693600759E2
1.639843375E0,2.631419942E-1,1.562175469E-1,6.679955173E-1,-6.783321162E-1,1.494868420E2,-8.592152325E1,3.429750696E1,-1.696592916E2
1.649887375E0,2.680589720E-1,1.630140002E-1,6.669422465E-1,-6.758393408E-1,1.489024061E2,-8.597886676E1,3.530313327E1,-1.697737586E2
1.659931375E0,2.740826207E-1,1.687262047E-1,6.651748184E-1,-6.737599628E-1,1.481852964E2,-8.586260061E1,3.629818423E1,-1.696449440E2
1.669975375E0,2.809131075E-1,1.729148849E-1,6.628261010E-1,-6.721976635E-1,1.473705813E2,-8.556895825E1,3.721869938E1,-1.692574579E2
1.680020375E0,2.882475864E-1,1.756161397E-1,6.600681166E-1,-6.711053014E-1,1.464938587E2,-8.512429338E1,3.804207098E1,-1.686456351E2
1.690064375E0,2.957046494E-1,1.771357443E-1,6.571283317E-1,-6.703462156E-1,1.456004079E2,-8.458291102E1,3.876417212E1,-1.678848683E2
1.700108375E0,3.031148451E-1,1.777609085E-1,6.541848380E-1,-6.697497323E-1,1.447104313E2,-8.399172686E1,3.939750872E1,-1.670295441E2
1.710152375E0,3.103185844E-1,1.777405937E-1,6.513416116E-1,-6.692270271E-1,1.438431382E2,-8.338376116E1,3.995191089E1,-1.661267505E2
1.720197375E0,3.171557199E-1,1.770821757E-1,6.486634322E-1,-6.687973084E-1,1.430179964E2,-8.277493166E1,4.041496625E1,-1.651996980E2
1.730241375E0,3.235640745E-1,1.755588832E-1,6.461386042E-1,-6.685733295E-1,1.422427949E2,-8.215655953E1,4.075928068E1,-1.642361055E2
1.740285375E0,3.293943534E-1,1.730878767E-1,6.437710682E-1,-6.686544833E-1,1.415359613E2,-8.153189547E1,4.096372514E1,-1.632484230E2
1.750330375E0,3.345486180E-1,1.696770165E-1,6.416627985E-1,-6.689962521E-1,1.409098160E2,-8.092805135E1,4.102295786E1,-1.622604697E2
1.760374375E0,3.391577762E-1,1.653832010E-1,6.399060968E-1,-6.694330831E-1,1.403488609E2,-8.036984237E1,4.095637703E1,-1.612761607E2
1.770418375E0,3.434360501E-1,1.602634758E-1,6.385116051E-1,-6.698285575E-1,1.398272887E2,-7.986439801E1,4.078889810E1,-1.602835856E2
1.780462375E0,3.472840890E-1,1.545121168E-1,6.375099431E-1,-6.701499377E-1,1.393574249E2,-7.943026335E1,4.053305938E1,-1.593155655E2
1.790507375E0,3.504150309E-1,1.484006552E-1,6.369466083E-1,-6.704369367E-1,1.389745953E2,-7.909164292E1,4.019401444E1,-1.584307506E2
1.800551375E0,3.524770760E-1,1.421812555E-1,6.368866334E-1,-6.707607404E-1,1.387222016E2,-7.887378602E1,3.977057738E1,-1.576924142E2
1.810595375E0,3.532417357E-1,1.360496266E-1,6.373248974E-1,-6.712135345E-1,1.386285543E2,-7.878252574E1,3.926412417E1,-1.571392187E2
1.820639375E0,3.527528112E-1,1.301298067E-1,6.381692252E-1,-6.718420494E-1,1.386884358E2,-7.879987477E1,3.868845061E1,-1.567676705E2
1.830684292E0,3.514128259E-1,1.243672156E-1,6.391701496E-1,-6.726836904E-1,1.388524915E2,-7.886942466E1,3.806425213E1,-1.565116910E2
1.840728292E0,3.496895045E-1,1.184672047E-1,6.400750003E-1,-6.737854301E-1,1.390633500E2,-7.893047605E1,3.739438416E1,-1.562812189E2
1.850772292E0,3.477988179E-1,1.120807981E-1,6.406752347E-1,-6.752844881E-1,1.392945201E2,-7.893633108E1,3.665712674E1,-1.560142154E2
1.860817292E0,3.455935262E-1,1.050357206E-1,6.407853855E-1,-6.774412266E-1,1.395639380E2,-7.885599101E1,3.581808248E1,-1.557046864E2
1.870861292E0,3.431743288E-1,9.748456479E-2,6.400287231E-1,-6.805082212E-1,1.398592204E2,-7.862953767E1,3.488708230E1,-1.553375407E2
1.880905292E0,3.411424819E-1,8.963279657E-2,6.380292555E-1,-6.844752828E-1,1.401070089E2,-7.819485739E1,3.391902170E1,-1.548528440E2
1.890949292E0,3.399152078E-1,8.176758351E-2,6.356355885E-1,-6.882870859E-1,1.402565837E2,-7.770651932E1,3.300304119E1,-1.542783780E2
1.900994292E0,3.391479771E-1,7.475411611E-2,6.347506522E-1,-6.902767438E-1,1.403500545E2,-7.750163067E1,3.225923707E1,-1.538033400E2
1.911038292E0,3.380773734E-1,6.935185951E-2,6.371407578E-1,-6.891629606E-1,1.404804390E2,-7.788222695E1,3.176221591E1,-1.536330631E2
1.921082292E0,3.344093437E-1,6.813980044E-2,6.435937775E-1,-6.850651806E-1,1.409267511E2,-7.901712895E1,3.158802998E1,-1.542201620E2
1.931126292E0,3.254876777E-1,7.479645262E-2,6.530679043E-1,-6.796805203E-1,1.420097532E2,-8.080553458E1,3.178993540E1,-1.560707596E2
1.941171292E0,3.135072042E-1,8.667549972E-2,6.628205586E-1,-6.744402130E-1,1.434585628E2,-8.278446206E1,3.217540084E1,-1.586622685E2
1.951215292E0,3.002713236E-1,1.010705872E-1,6.714055345E-1,-6.699526694E-1,1.450521997E2,-8.468820531E1,3.259060764E1,-1.615520324E2
1.961259292E0,2.858376507E-1,1.172135889E-1,6.781721267E-1,-6.668136354E-1,1.467821490E2,-8.639992942E1,3.295727498E1,-1.646427050E2
1.971303292E0,2.721959170E-1,1.321832222E-1,6.826557085E-1,-6.651451891E-1,1.484100428E2,-8.773875821E1,3.319390874E1,-1.674644538E2
1.981348292E0,2.624701945E-1,1.426107951E-1,6.851318991E-1,-6.643536713E-1,1.495666293E2,-8.859354030E1,3.330813046E1,-1.694280290E2
1.991392292E0,2.557932697E-1,1.494268888E-1,6.870313522E-1,-6.634978585E-1,1.503588096E2,-8.922358605E1,3.335088105E1,-1.707608942E2
2.001436292E0,2.475545091E-1,1.580065331E-1,6.898492272E-1,-6.617089566E-1,1.513343046E2,-9.011778898E1,3.341225203E1,-1.724541273E2
2.011481292E0,2.363027968E-1,1.707487266E-1,6.929331754E-1,-6.594311934E-1,1.526631387E2,-9.128043711E1,3.355094118E1,-1.748356735E2
2.021525292E0,2.246129047E-1,1.849481052E-1,6.954304393E-1,-6.570538161E-1,1.540397668E2,-9.245771034E1,3.374150984E1,-1.773857383E2
2.031569292E0,2.130272629E-1,1.989598671E-1,6.983239469E-1,-6.537415585E-1,1.554003663E2,-9.376339338E1,3.389417657E1,-1.799549492E2
2.041613292E0,2.005705933E-1,2.123047816E-1,7.013385003E-1,-6.502479219E-1,1.568593445E2,-9.510667175E1,3.387875074E1,1.774488691E2
2.051658292E0,1.904738732E-1,2.206397424E-1,7.025984382E-1,-6.491479945E-1,1.580391196E2,-9.583661378E1,3.364936573E1,1.756768611E2
2.061702292E0,1.851679432E-1,2.210788493E-1,7.022334254E-1,-6.509264019E-1,1.586581520E2,-9.576389790E1,3.322130691E1,1.752388371E2
2.071746292E0,1.840868554E-1,2.144211224E-1,7.013568974E-1,-6.543959515E-1,1.587842025E2,-9.515950271E1,3.260564611E1,1.759265463E2
2.081790292E0,1.859322131E-1,2.030552975E-1,7.005956410E-1,-6.583035544E-1,1.585690254E2,-9.433045128E1,3.186169541E1,1.773195205E2
2.091835292E0,1.897128486E-1,1.887764088E-1,6.999140843E-1,-6.621878291E-1,1.581279463E2,-9.341448443E1,3.103598146E1,1.791304460E2
2.101879292E0,1.950377657E-1,1.726154105E-1,6.991606251E-1,-6.658367346E-1,1.575061405E2,-9.246904375E1,3.017168803E1,-1.787834532E2
2.111923292E0,2.020482407E-1,1.551663623E-1,6.981907418E-1,-6.690512537E-1,1.566864796E2,-9.151783744E1,2.932513166E1,-1.764694248E2
2.121968292E0,2.109621938E-1,1.368865787E-1,6.968735896E-1,-6.716578045E-1,1.556425096E2,-9.057018736E1,2.854897915E1,-1.739485259E2
2.132012292E0,2.217944607E-1,1.181634102E-1,6.951214819E-1,-6.735360999E-1,1.543710956E2,-8.963138667E1,2.787361806E1,-1.712484865E2
2.142056292E0,2.340665904E-1,9.942789275E-2,6.929442389E-1,-6.746520009E-1,1.529267843E2,-8.871785008E1,2.729349375E1,-1.684434898E2
2.152100292E0,2.468197631E-1,8.111123064E-2,6.904465113E-1,-6.751182715E-1,1.514211968E2,-8.785557751E1,2.676620831E1,-1.656519414E2
2.162145292E0,2.590363643E-1,6.363373335E-2,6.877835470E-1,-6.751331072E-1,1.499742178E2,-8.707233214E1,2.624716927E1,-1.629994005E2
2.172189292E0,2.700328986E-1,4.726562541E-2,6.851740248E-1,-6.748219791E-1,1.486675510E2,-8.639801632E1,2.571092056E1,-1.605728518E2
2.182233292E0,2.794849826E-1,3.207800855E-2,6.828411968E-1,-6.742307642E-1,1.475410614E2,-8.585704490E1,2.514709862E1,-1.584113894E2
2.192277292E0,2.871115392E-1,1.829225909E-2,6.810219913E-1,-6.733806623E-1,1.466297863E2,-8.547535720E1,2.456301921E1,-1.565623834E2
2.202322292E0,2.927213479E-1,6.275560376E-3,6.799860639E-1,-6.722304116E-1,1.459581008E2,-8.528130769E1,2.398704789E1,-1.550762287E2
2.212366292E0,2.962036048E-1,-3.484553921E-3,6.799051419E-1,-6.708057638E-1,1.455405504E2,-8.528318732E1,2.345981557E1,-1.540004692E2
2.222410292E0,2.975857475E-1,-1.071157940E-2,6.808218570E-1,-6.691858286E-1,1.453746898E2,-8.546775808E1,2.300862477E1,-1.533493405E2
2.232455292E0,2.971026814E-1,-1.552148312E-2,6.826682472E-1,-6.674228048E-1,1.454326674E2,-8.580925623E1,2.263916805E1,-1.530857415E2
2.242499292E0,2.951738730E-1,-1.848457516E-2,6.852934479E-1,-6.655100966E-1,1.456640723E2,-8.627704656E1,2.233108727E1,-1.531199156E2
2.252543292E0,2.922368699E-1,-2.017938423E-2,6.885199578E-1,-6.634235325E-1,1.460161566E2,-8.684131129E1,2.206429948E1,-1.533602466E2
2.262587292E0,2.886346631E-1,-2.104080259E-2,6.921830879E-1,-6.611579708E-1,1.464475341E2,-8.747612477E1,2.182379940E1,-1.537359678E2
2.272632292E0,2.845344490E-1,-2.138118054E-2,6.961359565E-1,-6.587699304E-1,1.469379552E2,-8.815879596E1,2.159101632E1,-1.542026656E2
2.282676292E0,2.800660612E-1,-2.139808143E-2,7.002364656E-1,-6.563338215E-1,1.474717050E2,-8.886661492E1,2.135444302E1,-1.547283619E2
2.292720292E0,2.754800626E-1,-2.128321019E-2,7.043425591E-1,-6.538802006E-1,1.480187504E2,-8.957637695E1,2.111440317E1,-1.552708911E2
2.302764292E0,2.710797631E-1,-2.124546769E-2,7.083252466E-1,-6.514136827E-1,1.485429417E2,-9.026687418E1,2.087596652E1,-1.557829053E2
2.312809292E0,2.671106890E-1,-2.148661088E-2,7.120944603E-1,-6.489311701E-1,1.490151838E2,-9.092335909E1,2.064210405E1,-1.562243602E2
2.322853292E0,2.637182891E-1,-2.218194959E-2,7.156029326E-1,-6.464311033E-1,1.494183855E2,-9.153827169E1,2.041130394E1,-1.565676210E2
2.332897292E0,2.610077410E-1,-2.340764317E-2,7.188388201E-1,-6.438927672E-1,1.497402673E2,-9.210988434E1,2.018795941E1,-1.567977255E2
2.342942292E0,2.589911618E-1,-2.518451215E-2,7.218305298E-1,-6.412877759E-1,1.499795806E2,-9.264350334E1,1.997404429E1,-1.569134812E2
2.352986292E0,2.575908749E-1,-2.750467509E-2,7.246422515E-1,-6.385796723E-1,1.501456779E2,-9.315082292E1,1.976691809E1,-1.569246467E2
2.363030292E0,2.566603568E-1,-3.035487679E-2,7.273482688E-1,-6.357424307E-1,1.502560172E2,-9.364546842E1,1.955838006E1,-1.568472807E2
2.373074292E0,2.560303668E-1,-3.367665959E-2,7.300432858E-1,-6.327331247E-1,1.503307044E2,-9.414460752E1,1.934222336E1,-1.567033856E2
2.383119292E0,2.555048378E-1,-3.742054307E-2,7.328351984E-1,-6.294995763E-1,1.503929976E2,-9.466788510E1,1.910943160E1,-1.565165020E2
2.393163292E0,2.549110730E-1,-4.154907976E-2,7.358207126E-1,-6.259887438E-1,1.504633683E2,-9.523319423E1,1.885166508E1,-1.563065022E2
2.403207292E0,2.541800359E-1,-4.605784425E-2,7.390665468E-1,-6.221348782E-1,1.505499923E2,-9.585373957E1,1.856640520E1,-1.560806899E2
2.413252292E0,2.532889672E-1,-5.088658761E-2,7.426020141E-1,-6.178976026E-1,1.506555559E2,-9.653585898E1,1.825824055E1,-1.558459487E2
2.423296292E0,2.522508060E-1,-5.600791439E-2,7.464361339E-1,-6.132420617E-1,1.507785133E2,-9.728271631E1,1.793184190E1,-1.556028459E2
2.433340292E0,2.511185520E-1,-6.143963164E-2,7.505202479E-1,-6.081809206E-1,1.509125756E2,-9.808772953E1,1.759016645E1,-1.553432804E2
2.443384292E0,2.499128676E-1,-6.713560963E-2,7.548225982E-1,-6.027265600E-1,1.510552876E2,-9.894663802E1,1.723856274E1,-1.550678123E2
2.453429292E0,2.485704589E-1,-7.294784970E-2,7.593314469E-1,-5.969145412E-1,1.512141291E2,-9.985695810E1,1.688235211E1,-1.547930898E2
2.463473292E0,2.461993194E-1,-7.816638819E-2,7.644033987E-1,-5.907312192E-1,1.514945583E2,-1.008718891E2,1.650150567E1,-1.546589750E2
2.473517292E0,2.393177927E-1,-8.039555608E-2,7.714351578E-1,-5.840815002E-1,1.523074411E2,-1.021996193E2,1.598115675E1,-1.551762963E2
2.483561292E0,2.293772161E-1,-8.011785049E-2,7.785667839E-1,-5.786198481E-1,1.534791827E2,-1.035022001E2,1.533459545E1,-1.561337245E2
2.493606292E0,2.252906261E-1,-8.148294477E-2,7.796145967E-1,-5.786240101E-1,1.539600628E2,-1.036995527E2,1.489116320E1,-1.563440815E2
2.503650292E0,2.246531550E-1,-8.323387237E-2,7.770602659E-1,-5.820484837E-1,1.540350335E2,-1.032324988E2,1.461044590E1,-1.561755628E2
2.513694292E0,2.228408616E-1,-8.357361811E-2,7.744094398E-1,-5.862145100E-1,1.542481091E2,-1.027220291E2,1.430928241E1,-1.562206865E2
2.523739292E0,2.205564392E-1,-8.316730142E-2,7.720595212E-1,-5.902222328E-1,1.545165651E2,-1.022581663E2,1.402770320E1,-1.563764967E2
2.533783292E0,2.195317228E-1,-8.291654875E-2,7.697499372E-1,-5.936461163E-1,1.546369394E2,-1.018142836E2,1.385838239E1,-1.564255540E2
2.543827292E0,2.203515001E-1,-8.317115786E-2,7.675523583E-1,-5.961469206E-1,1.545406418E2,-1.014110617E2,1.383331962E1,-1.562928640E2
2.553871292E0,2.230185527E-1,-8.408174052E-2,7.656214848E-1,-5.975087696E-1,1.542272215E2,-1.010786660E2,1.394653901E1,-1.559667673E2
2.563916292E0,2.271137512E-1,-8.562716009E-2,7.640599651E-1,-5.977454241E-1,1.537455889E2,-1.008333386E2,1.416354773E1,-1.554822057E2
2.573960292E0,2.320242595E-1,-8.764481402E-2,7.629163525E-1,-5.970274315E-1,1.531674446E2,-1.006786389E2,1.444067814E1,-1.549010706E2
2.584004292E0,2.371695257E-1,-8.986824994E-2,7.621640102E-1,-5.956343307E-1,1.525609131E2,-1.006026904E2,1.474200018E1,-1.542909450E2
2.594049292E0,2.419480089E-1,-9.190286798E-2,7.617149566E-1,-5.939742927E-1,1.519969160E2,-1.005793374E2,1.503535032E1,-1.537313501E2
2.604093292E0,2.456539708E-1,-9.320505808E-2,7.614809362E-1,-5.925485597E-1,1.515590307E2,-1.005781652E2,1.528761734E1,-1.533231406E2
2.614137292E0,2.451854348E-1,-9.070846844E-2,7.617680195E-1,-5.927609271E-1,1.516144148E2,-1.005826797E2,1.542709315E1,-1.535830445E2
2.624181292E0,2.373605773E-1,-7.773625852E-2,7.605130549E-1,-5.993637788E-1,1.525383766E2,-1.000931732E2,1.553619328E1,-1.552888249E2
2.634226292E0,2.314753811E-1,-5.864255604E-2,7.530715230E-1,-6.130770779E-1,1.532321017E2,-9.844419244E1,1.606515065E1,-1.572151100E2
2.644270292E0,2.327895830E-1,-4.206432498E-2,7.419677040E-1,-6.273145572E-1,1.530772760E2,-9.627838970E1,1.701784755E1,-1.582401140E2
2.654314292E0,2.392445204E-1,-2.977411429E-2,7.297788565E-1,-6.397642516E-1,1.523160887E2,-9.403821190E1,1.812519390E1,-1.584181914E2
2.664358292E0,2.475296846E-1,-1.972459866E-2,7.175367353E-1,-6.507541899E-1,1.513372407E2,-9.185100048E1,1.924155886E1,-1.582100725E2
2.674403292E0,2.554999066E-1,-1.018933780E-2,7.062502729E-1,-6.601715660E-1,1.503935821E2,-8.986475239E1,2.033083428E1,-1.579689817E2
2.684447292E0,2.610568000E-1,1.276712335E-3,6.975840379E-1,-6.672513093E-1,1.497344437E2,-8.835290751E1,2.146432836E1,-1.581344822E2
2.694491292E0,2.636773856E-1,1.562636555E-2,6.925780882E-1,-6.712417940E-1,1.494232447E2,-8.750324118E1,2.271903430E1,-1.588818174E2
2.704536292E0,2.646316957E-1,3.078378420E-2,6.899220991E-1,-6.730749080E-1,1.493098615E2,-8.710643854E1,2.399080914E1,-1.599142922E2
2.714580292E0,2.650692642E-1,4.500033767E-2,6.879163306E-1,-6.741546259E-1,1.492578629E2,-8.686514904E1,2.517378935E1,-1.609440084E2
2.724624292E0,2.662834306E-1,5.767593914E-2,6.847836186E-1,-6.758979882E-1,1.491135432E2,-8.645210511E1,2.627366980E1,-1.617393081E2
2.734668292E0,2.692169567E-1,6.868555998E-2,6.796594680E-1,-6.788722702E-1,1.487646469E2,-8.569450959E1,2.733608724E1,-1.621590458E2
2.744713292E0,2.730963633E-1,7.848170983E-2,6.737336632E-1,-6.821597665E-1,1.483027962E2,-8.479380036E1,2.836342314E1,-1.623475190E2
2.754757292E0,2.766863265E-1,8.789546133E-2,6.686945017E-1,-6.845194211E-1,1.478749331E2,-8.405645010E1,2.936487399E1,-1.625569065E2
2.764801292E0,2.797500231E-1,9.726285129E-2,6.653779662E-1,-6.852386570E-1,1.475094282E2,-8.363670052E1,3.036956505E1,-1.628815768E2
2.774846292E0,2.825246766E-1,1.060219779E-1,6.638265407E-1,-6.843051465E-1,1.471781135E2,-8.353331595E1,3.134550220E1,-1.632659119E2
2.784890292E0,2.856589480E-1,1.135773063E-1,6.635883267E-1,-6.820188696E-1,1.468035178E2,-8.365051084E1,3.227907522E1,-1.635855269E2
2.794934292E0,2.896382217E-1,1.195364492E-1,6.640485703E-1,-6.788669386E-1,1.463274038E2,-8.386271966E1,3.315914190E1,-1.637332165E2
2.804978292E0,2.945774741E-1,1.244541013E-1,6.643720474E-1,-6.755331440E-1,1.457355948E2,-8.402710487E1,3.402563834E1,-1.636990583E2
2.815023292E0,3.002623253E-1,1.291632952E-1,6.639281146E-1,-6.725762897E-1,1.450532807E2,-8.404738767E1,3.492121678E1,-1.635355028E2
2.825067292E0,3.064984362E-1,1.339534109E-1,6.625801319E-1,-6.701513497E-1,1.443033277E2,-8.390299150E1,3.585229228E1,-1.632721974E2
2.835111750E0,3.130984852E-1,1.385792172E-1,6.605935613E-1,-6.681177432E-1,1.435078816E2,-8.363228003E1,3.678658874E1,-1.629152934E2
2.845156750E0,3.201199815E-1,1.425783631E-1,6.582268472E-1,-6.662822479E-1,1.426596380E2,-8.326389712E1,3.769210414E1,-1.624292392E2
2.855200750E0,3.274407627E-1,1.457638851E-1,6.557424801E-1,-6.644827882E-1,1.417729728E2,-8.283796549E1,3.854644447E1,-1.618222007E2
2.865244750E0,3.345158382E-1,1.484427599E-1,6.534119069E-1,-6.626589571E-1,1.409138020E2,-8.241907537E1,3.933749246E1,-1.611919641E2
2.875288750E0,3.410766380E-1,1.508073245E-1,6.513425388E-1,-6.608152327E-1,1.401150355E2,-8.203738581E1,4.006281062E1,-1.605915191E2
2.885333750E0,3.469573667E-1,1.529637259E-1,6.495051891E-1,-6.590642208E-1,1.393973468E2,-8.169409995E1,4.071728269E1,-1.600480177E2
2.895377750E0,3.522267553E-1,1.547759139E-1,6.477980310E-1,-6.575245753E-1,1.387528519E2,-8.136545440E1,4.129083832E1,-1.595380035E2
2.905421750E0,3.572686458E-1,1.556481640E-1,6.461018943E-1,-6.562660388E-1,1.381349027E2,-8.100362147E1,4.175579389E1,-1.589622760E2
2.915466750E0,3.623309565E-1,1.552258948E-1,6.442672841E-1,-6.553936307E-1,1.375131655E2,-8.056453763E1,4.209362724E1,-1.582539386E2
2.925510750E0,3.673402886E-1,1.535569849E-1,6.422163131E-1,-6.550110953E-1,1.368966416E2,-8.003796679E1,4.229801659E1,-1.574214248E2
2.935554750E0,3.719978841E-1,1.508430440E-1,6.400283227E-1,-6.551546159E-1,1.363222303E2,-7.945513755E1,4.236331198E1,-1.565241601E2
2.945598750E0,3.761003319E-1,1.471740976E-1,6.378692872E-1,-6.557523846E-1,1.358153272E2,-7.886076729E1,4.228549385E1,-1.556096642E2
2.955643750E0,3.795022148E-1,1.426701800E-1,6.359832368E-1,-6.566190503E-1,1.353942958E2,-7.831472100E1,4.207277719E1,-1.547273336E2
2.965687750E0,3.819947372E-1,1.375660491E-1,6.346974839E-1,-6.575063679E-1,1.350854078E2,-7.789471783E1,4.174398222E1,-1.539468721E2
2.975731750E0,3.835013185E-1,1.320601534E-1,6.342524132E-1,-6.581875452E-1,1.348985365E2,-7.765436711E1,4.132382231E1,-1.533103664E2
2.985776750E0,3.840688996E-1,1.263249367E-1,6.347050282E-1,-6.585459304E-1,1.348281029E2,-7.760600546E1,4.083799629E1,-1.528278375E2
2.995820750E0,3.836666606E-1,1.205094303E-1,6.359098380E-1,-6.587079324E-1,1.348780203E2,-7.772249503E1,4.029444574E1,-1.525006610E2
3.005864750E0,3.823760187E-1,1.146384796E-1,6.375913919E-1,-6.588807555E-1,1.350381268E2,-7.794780154E1,3.969238044E1,-1.522994447E2
3.015908750E0,3.803192736E-1,1.086374217E-1,6.394653462E-1,-6.592717729E-1,1.352930788E2,-7.822301796E1,3.902394816E1,-1.521833267E2
3.025953750E0,3.777390646E-1,1.023232127E-1,6.412360406E-1,-6.600451465E-1,1.356125895E2,-7.848570700E1,3.828077578E1,-1.520912977E2
3.035997750E0,3.750474404E-1,9.507123624E-2,6.425906614E-1,-6.613456718E-1,1.359455101E2,-7.866530046E1,3.742726951E1,-1.519126176E2
3.046041750E0,3.727117885E-1,8.645446058E-2,6.431220700E-1,-6.633292290E-1,1.362340844E2,-7.868394695E1,3.644806486E1,-1.515457727E2
3.056086750E0,3.714619448E-1,7.642774639E-2,6.420255565E-1,-6.663167872E-1,1.363883850E2,-7.840324253E1,3.536803342E1,-1.508756427E2
3.066130750E0,3.720465637E-1,6.518069128E-2,6.385507595E-1,-6.705116209E-1,1.363162207E2,-7.770829123E1,3.423233504E1,-1.498158547E2
3.076174750E0,3.733516619E-1,5.413090449E-2,6.342940332E-1,-6.747959534E-1,1.361550559E2,-7.692122589E1,3.313982398E1,-1.486848752E2
3.086218750E0,3.733806274E-1,4.517965144E-2,6.322309661E-1,-6.773696402E-1,1.361514779E2,-7.656875436E1,3.223087844E1,-1.479645527E2
3.096263750E0,3.706240654E-1,3.978925917E-2,6.347908603E-1,-6.768272840E-1,1.364917797E2,-7.704315815E1,3.162775610E1,-1.480024353E2
3.106307750E0,3.637652559E-1,4.082609272E-2,6.424822176E-1,-6.732195981E-1,1.373367716E2,-7.842470442E1,3.149305892E1,-1.491446747E2
3.116351750E0,3.526768626E-1,4.992778895E-2,6.533580432E-1,-6.680190774E-1,1.386977367E2,-8.042822648E1,3.184033430E1,-1.514545811E2
3.126396750E0,3.405053690E-1,6.280767619E-2,6.643186052E-1,-6.624138732E-1,1.401846663E2,-8.255147878E1,3.238579543E1,-1.541904502E2
3.136440750E0,3.289686281E-1,7.661062157E-2,6.735216013E-1,-6.574793728E-1,1.415876252E2,-8.446101102E1,3.294780225E1,-1.568891461E2
3.146484750E0,3.172380327E-1,9.165831089E-2,6.802758867E-1,-6.543573345E-1,1.430080504E2,-8.603709765E1,3.347501803E1,-1.596208829E2
3.156528750E0,3.038549332E-1,1.085131939E-1,6.849363798E-1,-6.532681335E-1,1.446214256E2,-8.736332638E1,3.391891012E1,-1.625858371E2
3.166573750E0,2.901044712E-1,1.246266295E-1,6.881417109E-1,-6.532752668E-1,1.462715787E2,-8.848557361E1,3.420094115E1,-1.654690528E2
3.176617750E0,2.778754577E-1,1.371488586E-1,6.905473055E-1,-6.535441005E-1,1.477331076E2,-8.939895925E1,3.426615383E1,-1.678605124E2
3.186661750E0,2.663772917E-1,1.466053680E-1,6.933352141E-1,-6.533269599E-1,1.491023845E2,-9.030547324E1,3.412082940E1,-1.699287377E2
3.196706750E0,2.551959014E-1,1.550482036E-1,6.966048191E-1,-6.523625558E-1,1.504296129E2,-9.128391538E1,3.390632099E1,-1.718996692E2
3.206750750E0,2.454251871E-1,1.636116425E-1,6.993949827E-1,-6.510333074E-1,1.515860753E2,-9.219623751E1,3.380247745E1,-1.737335221E2
3.216794750E0,2.381163968E-1,1.715300238E-1,7.013671180E-1,-6.495861743E-1,1.524492096E2,-9.294517112E1,3.383899765E1,-1.752526139E2
3.226838750E0,2.327093354E-1,1.778447175E-1,7.033385790E-1,-6.477132948E-1,1.530867314E2,-9.363529788E1,3.389907317E1,-1.764573862E2
3.236883750E0,2.265434411E-1,1.836601818E-1,7.061663375E-1,-6.451945780E-1,1.538126907E2,-9.447508321E1,3.384498025E1,-1.777270245E2
3.246927750E0,2.190934588E-1,1.877838084E-1,7.087279597E-1,-6.437701199E-1,1.546884139E2,-9.516982711E1,3.352731935E1,-1.789059839E2
3.256971750E0,2.119551946E-1,1.873037769E-1,7.097753721E-1,-6.451442968E-1,1.555260874E2,-9.530921548E1,3.285788067E1,-1.794818765E2
3.267016750E0,2.061876302E-1,1.820907385E-1,7.097499786E-1,-6.485249166E-1,1.562019387E2,-9.498878414E1,3.192873834E1,-1.793952494E2
3.277060750E0,2.023931284E-1,1.735481835E-1,7.093916251E-1,-6.524428244E-1,1.566461247E2,-9.445922473E1,3.090475854E1,-1.788064408E2
3.287104750E0,2.007034401E-1,1.626916400E-1,7.088111154E-1,-6.563812999E-1,1.568438054E2,-9.381960339E1,2.987418869E1,-1.778295048E2
3.297148750E0,2.013474650E-1,1.499654412E-1,7.078928621E-1,-6.601948100E-1,1.567684676E2,-9.309041171E1,2.888660373E1,-1.764943976E2
3.307193750E0,2.049196844E-1,1.354158434E-1,7.065700411E-1,-6.636484703E-1,1.563504050E2,-9.228180348E1,2.798998716E1,-1.747611378E2
3.317237750E0,2.120546190E-1,1.189857796E-1,7.047612248E-1,-6.664735103E-1,1.555144292E2,-9.139784964E1,2.722574240E1,-1.725728415E2
3.327281750E0,2.229832125E-1,1.007848105E-1,7.024028768E-1,-6.683944794E-1,1.542313758E2,-9.045211575E1,2.661390799E1,-1.699187108E2
3.337326750E0,2.372190904E-1,8.124795501E-2,6.995282299E-1,-6.691682744E-1,1.525550665E2,-8.948185406E1,2.614344681E1,-1.668773892E2
3.347370750E0,2.537355552E-1,6.093715691E-2,6.962523029E-1,-6.686835435E-1,1.506026524E2,-8.853398544E1,2.577404927E1,-1.635847878E2
3.357414750E0,2.713414950E-1,4.029953107E-2,6.927304279E-1,-6.669889663E-1,1.485117816E2,-8.765154784E1,2.544799656E1,-1.601825959E2
3.367458750E0,2.888676930E-1,1.975926445E-2,6.891197074E-1,-6.642884280E-1,1.464196428E2,-8.686960133E1,2.511146001E1,-1.568108894E2
3.377503750E0,3.053474268E-1,-2.681593237E-4,6.856188216E-1,-6.608249897E-1,1.444418657E2,-8.622163010E1,2.473042661E1,-1.535947746E2
3.387547750E0,3.200004847E-1,-1.928721974E-2,6.825045910E-1,-6.568220190E-1,1.426740916E2,-8.574453651E1,2.429702650E1,-1.506525022E2
3.397591750E0,3.320623121E-1,-3.657210593E-2,6.801116193E-1,-6.525681481E-1,1.412120053E2,-8.547183091E1,2.382517577E1,-1.481201465E2
3.407636750E0,3.407343634E-1,-5.120703009E-2,6.787666923E-1,-6.485011458E-1,1.401567565E2,-8.542069208E1,2.333725655E1,-1.461501261E2
3.417680750E0,3.454699412E-1,-6.234621035E-2,6.787078343E-1,-6.450728790E-1,1.395790293E2,-8.558472348E1,2.286185705E1,-1.448619025E2
3.427724750E0,3.463620846E-1,-6.947901655E-2,6.799860217E-1,-6.425146706E-1,1.394700707E2,-8.593101127E1,2.244275477E1,-1.442824254E2
3.437769750E0,3.440518894E-1,-7.274415398E-2,6.825125356E-1,-6.407131879E-1,1.397521394E2,-8.642492880E1,2.211230122E1,-1.443339516E2
3.447813750E0,3.394995661E-1,-7.317310353E-2,6.860161399E-1,-6.393493580E-1,1.403072243E2,-8.703213486E1,2.185370754E1,-1.448373734E2
3.457857750E0,3.334296191E-1,-7.174407248E-2,6.901695433E-1,-6.382347003E-1,1.410458557E2,-8.771649482E1,2.163342026E1,-1.456394211E2
3.467901750E0,3.264040556E-1,-6.911044236E-2,6.946934596E-1,-6.372480637E-1,1.418986780E2,-8.844563761E1,2.143346537E1,-1.466286757E2
3.477946750E0,3.189369722E-1,-6.586949722E-2,6.993769227E-1,-6.362486881E-1,1.428027007E2,-8.919676488E1,2.124124094E1,-1.477049874E2
3.487990750E0,3.113527100E-1,-6.255197126E-2,7.040840303E-1,-6.351475807E-1,1.437184600E2,-8.995666912E1,2.103741257E1,-1.487931857E2
3.498034750E0,3.038665341E-1,-5.951200337E-2,7.087115857E-1,-6.339175354E-1,1.446200302E2,-9.071271979E1,2.080913861E1,-1.498426293E2
3.508079750E0,2.966910648E-1,-5.694485990E-2,7.131809850E-1,-6.325382903E-1,1.454820625E2,-9.145284641E1,2.055762406E1,-1.508162423E2
3.518123750E0,2.900240866E-1,-5.495348453E-2,7.174356461E-1,-6.309930394E-1,1.462812039E2,-9.216711817E1,2.029151187E1,-1.516867401E2
3.528167750E0,2.840441864E-1,-5.361074916E-2,7.214615342E-1,-6.292360426E-1,1.469965530E2,-9.285278053E1,2.002232585E1,-1.524327622E2
3.538211750E0,2.788082623E-1,-5.299331890E-2,7.253059800E-1,-6.272071987E-1,1.476218181E2,-9.351816328E1,1.975306211E1,-1.530452839E2
3.548256750E0,2.742794781E-1,-5.318247396E-2,7.290496317E-1,-6.248432873E-1,1.481618393E2,-9.417789542E1,1.947923948E1,-1.535237589E2
3.558300750E0,2.703609486E-1,-5.419302894E-2,7.327961072E-1,-6.220755565E-1,1.486285070E2,-9.485048214E1,1.919684136E1,-1.538784757E2
3.568344750E0,2.669323024E-1,-5.596757985E-2,7.366490035E-1,-6.188401115E-1,1.490363956E2,-9.555431794E1,1.890505354E1,-1.541273034E2
3.578389750E0,2.638204847E-1,-5.837612473E-2,7.407414414E-1,-6.150554404E-1,1.494062448E2,-9.631285996E1,1.860466203E1,-1.542990292E2
3.588433750E0,2.607608237E-1,-6.119897313E-2,7.452107565E-1,-6.106713779E-1,1.497695770E2,-9.714953585E1,1.829433723E1,-1.544372069E2
3.598477750E0,2.574781111E-1,-6.417344482E-2,7.501906595E-1,-6.056408776E-1,1.501590507E2,-9.808683497E1,1.797386978E1,-1.545892555E2
3.608521750E0,2.538792338E-1,-6.706979732E-2,7.557283129E-1,-5.999347422E-1,1.505856307E2,-9.913269141E1,1.765305778E1,-1.547823504E2
3.618566750E0,2.498806148E-1,-6.970372247E-2,7.618019266E-1,-5.935983639E-1,1.510591046E2,-1.002829928E2,1.733553945E1,-1.550372876E2
3.628610750E0,2.424441405E-1,-7.004599703E-2,7.692387802E-1,-5.870145204E-1,1.519383189E2,-1.016537320E2,1.690339183E1,-1.557876683E2
3.638654750E0,2.311581101E-1,-6.651278457E-2,7.749922886E-1,-5.844047349E-1,1.532694718E2,-1.026423043E2,1.629307692E1,-1.571144377E2
3.648699750E0,2.250108553E-1,-6.366142383E-2,7.734717568E-1,-5.891169738E-1,1.539929670E2,-1.022810265E2,1.584709321E1,-1.577925692E2
3.658743750E0,2.215603982E-1,-6.101460174E-2,7.694005398E-1,-5.959959085E-1,1.543986015E2,-1.014597418E2,1.555768838E1,-1.581855105E2
3.668787750E0,2.186152607E-1,-5.802462002E-2,7.655983040E-1,-6.022455275E-1,1.547445728E2,-1.006987307E2,1.535820692E1,-1.585795346E2
3.678832750E0,2.171722158E-1,-5.562313473E-2,7.621237599E-1,-6.073792876E-1,1.549140046E2,-1.000204867E2,1.527520040E1,-1.588161576E2
3.688876750E0,2.175646240E-1,-5.420539904E-2,7.588958171E-1,-6.113956083E-1,1.548679364E2,-9.941130197E1,1.530373223E1,-1.588313990E2
3.698920750E0,2.193409662E-1,-5.376633425E-2,7.560792907E-1,-6.142823934E-1,1.546593445E2,-9.889643242E1,1.540396885E1,-1.586632771E2
3.708964750E0,2.220784040E-1,-5.432899468E-2,7.538355611E-1,-6.160044294E-1,1.543377259E2,-9.850194703E1,1.553859307E1,-1.583460609E2
3.719009750E0,2.253601684E-1,-5.590229439E-2,7.522570352E-1,-6.166012709E-1,1.539518835E2,-9.824235417E1,1.567132988E1,-1.579140266E2
3.729053750E0,2.287440124E-1,-5.845580335E-2,7.513405941E-1,-6.162357313E-1,1.535537244E2,-9.811552056E1,1.576451206E1,-1.574051435E2
3.739097750E0,2.319281646E-1,-6.188931744E-2,7.510006587E-1,-6.151236024E-1,1.531787650E2,-9.810507276E1,1.579624879E1,-1.568504047E2
3.749142750E0,2.348651256E-1,-6.590412086E-2,7.511170894E-1,-6.134477594E-1,1.528326549E2,-9.818722470E1,1.578122626E1,-1.562765140E2
3.759186750E0,2.377000280E-1,-7.011193577E-2,7.515280633E-1,-6.113825427E-1,1.524983324E2,-9.832936903E1,1.575628694E1,-1.557012048E2
3.769230750E0,2.406916956E-1,-7.412874117E-2,7.520665736E-1,-6.090717153E-1,1.521452632E2,-9.849702938E1,1.576741166E1,-1.551326115E2
3.779274750E0,2.440521271E-1,-7.766869712E-2,7.525775198E-1,-6.066574806E-1,1.517483514E2,-9.865782106E1,1.584880046E1,-1.545745488E2
3.789319750E0,2.477822075E-1,-8.044257089E-2,7.529407203E-1,-6.043287830E-1,1.513073733E2,-9.878393749E1,1.601584058E1,-1.540487486E2
3.799363750E0,2.482700994E-1,-7.836355114E-2,7.531871108E-1,-6.040946994E-1,1.512496617E2,-9.879795630E1,1.621900775E1,-1.541938583E2
3.809407750E0,2.406405504E-1,-6.364193091E-2,7.504964349E-1,-6.122065769E-1,1.521513015E2,-9.806745652E1,1.645580839E1,-1.559938874E2
3.819452750E0,2.339190343E-1,-4.420138094E-2,7.429179047E-1,-6.256205911E-1,1.529441758E2,-9.646990355E1,1.699322896E1,-1.579926267E2
3.829497042E0,2.327790463E-1,-2.712067515E-2,7.331259485E-1,-6.384392179E-1,1.530785175E2,-9.460507923E1,1.785944066E1,-1.592642911E2
3.839541042E0,2.363310773E-1,-1.333446208E-2,7.226021965E-1,-6.494735368E-1,1.526598036E2,-9.270616902E1,1.891868605E1,-1.598253280E2
3.849586042E0,2.431827008E-1,-2.736384140E-3,7.119620560E-1,-6.587599416E-1,1.518510752E2,-9.084135763E1,2.003953537E1,-1.598063759E2
3.859630042E0,2.521336799E-1,5.120589213E-3,7.017266517E-1,-6.663197375E-1,1.507923833E2,-8.907192674E1,2.114207023E1,-1.593568087E2
3.869674042E0,2.613078477E-1,1.205715969E-2,6.924818248E-1,-6.723404359E-1,1.497046413E2,-8.748351680E1,2.221696415E1,-1.588066433E2
3.879718042E0,2.677747969E-1,2.117053059E-2,6.849618576E-1,-6.772560861E-1,1.489362058E2,-8.620700282E1,2.329758475E1,-1.586953591E2
3.889763042E0,2.698374215E-1,3.434888075E-2,6.798328390E-1,-6.810544865E-1,1.486908146E2,-8.538232925E1,2.443594032E1,-1.593650497E2
3.899807042E0,2.692312655E-1,4.971307183E-2,6.765241639E-1,-6.836359810E-1,1.487629444E2,-8.493018871E1,2.561070281E1,-1.605109689E2
3.909851042E0,2.683322943E-1,6.476881120E-2,6.736700215E-1,-6.855447064E-1,1.488698946E2,-8.460502393E1,2.676541514E1,-1.616803102E2
3.919896042E0,2.685137786E-1,7.810137667E-2,6.701480622E-1,-6.875333633E-1,1.488483057E2,-8.418314066E1,2.785804709E1,-1.625890647E2
3.929940042E0,2.698669032E-1,8.955712190E-2,6.659836375E-1,-6.896500201E-1,1.486873061E2,-8.364708015E1,2.888021374E1,-1.632099120E2
3.939984042E0,2.716599566E-1,9.976679556E-2,6.619923099E-1,-6.913852480E-1,1.484738643E2,-8.313859009E1,2.984320570E1,-1.636926984E2
3.950029042E0,2.731107776E-1,1.092941960E-1,6.589688425E-1,-6.922611017E-1,1.483010791E2,-8.280569397E1,3.074800935E1,-1.641944073E2
3.960073042E0,2.748188418E-1,1.174296968E-1,6.574428947E-1,-6.917034778E-1,1.480975628E2,-8.271898699E1,3.158806322E1,-1.646300406E2
3.970117042E0,2.766045406E-1,1.244389285E-1,6.572451839E-1,-6.899520023E-1,1.478846857E2,-8.285306582E1,3.236478670E1,-1.650350724E2
3.980161042E0,2.792363584E-1,1.296038351E-1,6.580618423E-1,-6.871569076E-1,1.475707330E2,-8.312501474E1,3.306744760E1,-1.652627344E2
3.990206042E0,2.831736116E-1,1.326020565E-1,6.594157044E-1,-6.836669168E-1,1.471005851E2,-8.343139908E1,3.369484215E1,-1.652155895E2
4.000250042E0,2.886546828E-1,1.337796395E-1,6.606362771E-1,-6.799568561E-1,1.464451380E2,-8.365404323E1,3.428572941E1,-1.648606985E2
4.010294042E0,2.957148911E-1,1.337675855E-1,6.610790719E-1,-6.764860421E-1,1.455991794E2,-8.368954333E1,3.488741129E1,-1.642082223E2
4.020339042E0,3.035806099E-1,1.335574834E-1,6.604658774E-1,-6.736363883E-1,1.446544193E2,-8.351744802E1,3.551722147E1,-1.633961697E2
4.030383042E0,3.115453106E-1,1.335746583E-1,6.589970808E-1,-6.714314759E-1,1.436952344E2,-8.318853204E1,3.615611126E1,-1.625358313E2
4.040427042E0,3.195029517E-1,1.333562112E-1,6.570100677E-1,-6.696803797E-1,1.427342636E2,-8.274987345E1,3.675863772E1,-1.616142885E2
4.050472042E0,3.273763202E-1,1.326372702E-1,6.548120252E-1,-6.681716911E-1,1.417807881E2,-8.225095779E1,3.730003173E1,-1.606338338E2
4.060516042E0,3.349495609E-1,1.316369148E-1,6.527021961E-1,-6.666786390E-1,1.408610584E2,-8.175690452E1,3.778960342E1,-1.596538844E2
4.070560042E0,3.420394195E-1,1.306716044E-1,6.509246739E-1,-6.650045662E-1,1.399976493E2,-8.132550407E1,3.824885259E1,-1.587368830E2
4.080604042E0,3.485992709E-1,1.297691140E-1,6.495491272E-1,-6.631172830E-1,1.391966716E2,-8.097240734E1,3.867991135E1,-1.578966571E2
4.090649042E0,3.546716729E-1,1.285771800E-1,6.485500151E-1,-6.611042125E-1,1.384533534E2,-8.068448959E1,3.905384610E1,-1.571002734E2
4.100693042E0,3.600971419E-1,1.269108622E-1,6.478940415E-1,-6.591336050E-1,1.377876761E2,-8.045453925E1,3.933933717E1,-1.563496604E2
4.110737042E0,3.647254243E-1,1.247529436E-1,6.475600699E-1,-6.573263798E-1,1.372186283E2,-8.028226661E1,3.952167230E1,-1.556607350E2
4.120782042E0,3.684640816E-1,1.220776513E-1,6.474897479E-1,-6.558111373E-1,1.367581513E2,-8.015938654E1,3.958878790E1,-1.550400257E2
4.130826042E0,3.713511723E-1,1.187216453E-1,6.476033125E-1,-6.546858692E-1,1.364020565E2,-8.006870724E1,3.952592265E1,-1.544671997E2
4.140870042E0,3.733153735E-1,1.146449492E-1,6.479314679E-1,-6.539702262E-1,1.361595383E2,-8.001848946E1,3.932469327E1,-1.539505008E2
4.150915042E0,3.744639594E-1,1.098080293E-1,6.485209970E-1,-6.535592102E-1,1.360176277E2,-8.001778820E1,3.899315764E1,-1.534795223E2
4.160959042E0,3.750504434E-1,1.042313059E-1,6.493434716E-1,-6.533193419E-1,1.359451388E2,-8.006076717E1,3.855501250E1,-1.530274347E2
4.171003042E0,3.752621048E-1,9.799081166E-2,6.502529795E-1,-6.532589033E-1,1.359189731E2,-8.012148940E1,3.802878901E1,-1.525714000E2
4.181047042E0,3.751335675E-1,9.118807850E-2,6.510514727E-1,-6.535223949E-1,1.359348633E2,-8.016689767E1,3.741973454E1,-1.521042662E2
4.191092042E0,3.744788689E-1,8.406344879E-2,6.515451387E-1,-6.543606009E-1,1.360157852E2,-8.016940582E1,3.672646259E1,-1.516541389E2
4.201136042E0,3.733188401E-1,7.665866897E-2,6.516149339E-1,-6.558616820E-1,1.361591101E2,-8.011001053E1,3.594973117E1,-1.512168060E2
4.211180042E0,3.719800771E-1,6.869500087E-2,6.511927278E-1,-6.579208189E-1,1.363244286E2,-7.997374082E1,3.508935127E1,-1.507353919E2
4.221225042E0,3.709375010E-1,5.956955490E-2,6.501860714E-1,-6.603899815E-1,1.364531060E2,-7.974164175E1,3.412740982E1,-1.501143681E2
4.231269042E0,3.707070104E-1,4.912767318E-2,6.484823272E-1,-6.630486363E-1,1.364815459E2,-7.940030563E1,3.308905762E1,-1.492894962E2
4.241313042E0,3.715341107E-1,3.833683663E-2,6.460258192E-1,-6.656901374E-1,1.363794780E2,-7.895277441E1,3.207860152E1,-1.483097613E2
4.251358042E0,3.725446762E-1,2.927507454E-2,6.439023135E-1,-6.676400508E-1,1.362547202E2,-7.859345099E1,3.125549068E1,-1.474655178E2
4.261402042E0,3.722324735E-1,2.385539021E-2,6.442102173E-1,-6.677328371E-1,1.362932685E2,-7.866809893E1,3.076046053E1,-1.471308874E2
4.271446042E0,3.700864297E-1,2.251406676E-2,6.482481804E-1,-6.650588829E-1,1.365581046E2,-7.938111849E1,3.064798261E1,-1.474350570E2
4.281491042E0,3.656937692E-1,2.555078934E-2,6.559932117E-1,-6.597636688E-1,1.370994306E2,-8.074265094E1,3.089726056E1,-1.484475042E2
4.291535042E0,3.585317026E-1,3.344240740E-2,6.662657053E-1,-6.530134822E-1,1.379798996E2,-8.259709995E1,3.142831881E1,-1.502290479E2
4.301579042E0,3.504178547E-1,4.351984532E-2,6.767324536E-1,-6.460237540E-1,1.389742498E2,-8.456573547E1,3.203978321E1,-1.523140071E2
4.311623042E0,3.432770722E-1,5.297230870E-2,6.852471918E-1,-6.401491682E-1,1.398466854E2,-8.624040042E1,3.256660434E1,-1.541923865E2
4.321668042E0,3.364518221E-1,6.211718437E-2,6.909602603E-1,-6.368010121E-1,1.406783066E2,-8.744312128E1,3.296060428E1,-1.558957245E2
4.331712042E0,3.273142800E-1,7.340069651E-2,6.946922373E-1,-6.363021830E-1,1.417883119E2,-8.835357360E1,3.324192938E1,-1.579074277E2
4.341756042E0,3.156812019E-1,8.602209713E-2,6.975369599E-1,-6.374854558E-1,1.431961156E2,-8.917085632E1,3.337210927E1,-1.602297596E2
4.351801042E0,3.054806425E-1,9.518332579E-2,6.991670104E-1,-6.393647100E-1,1.444258343E2,-8.971134439E1,3.329005211E1,-1.620561451E2
4.361845042E0,2.970769929E-1,1.006283404E-1,7.003098854E-1,-6.412372840E-1,1.454357503E2,-9.007654530E1,3.303458645E1,-1.633609721E2
4.371889042E0,2.878640079E-1,1.062608873E-1,7.027022669E-1,-6.419132562E-1,1.465397592E2,-9.069242507E1,3.275078037E1,-1.648198772E2
4.381934042E0,2.752645869E-1,1.162319677E-1,7.068442274E-1,-6.411635902E-1,1.480444351E2,-9.178663210E1,3.256022222E1,-1.670649579E2
4.391978042E0,2.588793884E-1,1.320963997E-1,7.117840698E-1,-6.394494146E-1,1.499928412E2,-9.327477105E1,3.251160214E1,-1.702346410E2
4.402022042E0,2.433988509E-1,1.484204431E-1,7.165823410E-1,-6.365831761E-1,1.518255390E2,-9.483348554E1,3.253363021E1,-1.733811489E2
4.412066042E0,2.309887325E-1,1.613675546E-1,7.217727887E-1,-6.321778821E-1,1.532894209E2,-9.639938101E1,3.251149211E1,-1.759805202E2
4.422111042E0,2.210187479E-1,1.698861281E-1,7.262907411E-1,-6.283241218E-1,1.544622480E2,-9.766450469E1,3.231237125E1,-1.778999949E2
4.432155042E0,2.141732990E-1,1.720577023E-1,7.278779915E-1,-6.282672657E-1,1.552659378E2,-9.804270226E1,3.186910701E1,-1.787421940E2
4.442199042E0,2.117823082E-1,1.668236117E-1,7.273545698E-1,-6.310890815E-1,1.555463589E2,-9.764540428E1,3.124125576E1,-1.783494232E2
4.452244042E0,2.134283113E-1,1.562856983E-1,7.263608524E-1,-6.343681906E-1,1.553533278E2,-9.693979849E1,3.055314090E1,-1.770882668E2
4.462288042E0,2.180406306E-1,1.425467108E-1,7.250461658E-1,-6.375317120E-1,1.548120484E2,-9.609131622E1,2.986348396E1,-1.752833266E2
4.472332042E0,2.254166662E-1,1.264277540E-1,7.230808372E-1,-6.405914889E-1,1.539452383E2,-9.510443120E1,2.920698206E1,-1.730271256E2
4.482377042E0,2.352965619E-1,1.089139050E-1,7.202314363E-1,-6.434594133E-1,1.527817906E2,-9.399748900E1,2.862659345E1,-1.704305793E2
4.492421042E0,2.486132590E-1,8.929730766E-2,7.166266374E-1,-6.454948743E-1,1.512090657E2,-9.279865703E1,2.813870499E1,-1.673593184E2
4.502465042E0,2.645578122E-1,6.839908785E-2,7.122313533E-1,-6.465734332E-1,1.493186408E2,-9.154748359E1,2.772982072E1,-1.639529025E2
4.512509042E0,2.815295052E-1,4.727167348E-2,7.072239284E-1,-6.467926811E-1,1.472969768E2,-9.030965917E1,2.734573655E1,-1.604442236E2
4.522554042E0,2.978277020E-1,2.672837229E-2,7.018808881E-1,-6.464885389E-1,1.453456470E2,-8.914552979E1,2.691308203E1,-1.570592175E2
4.532598042E0,3.123730852E-1,7.230734404E-3,6.965166058E-1,-6.459375953E-1,1.435953961E2,-8.810481559E1,2.639054030E1,-1.539439075E2
4.542642042E0,3.247824767E-1,-1.068043288E-2,6.914432843E-1,-6.452196554E-1,1.420952061E2,-8.722505514E1,2.580787722E1,-1.511870057E2
4.552687042E0,3.351779863E-1,-2.668765843E-2,6.869671414E-1,-6.442201113E-1,1.408332769E2,-8.653175970E1,2.522202438E1,-1.488085932E2
4.562731042E0,3.437208259E-1,-4.051519649E-2,6.833624901E-1,-6.428298448E-1,1.397925405E2,-8.603993603E1,2.468839708E1,-1.468173947E2
4.572775042E0,3.506919778E-1,-5.210444187E-2,6.807957891E-1,-6.409502850E-1,1.389407092E2,-8.574781165E1,2.424922563E1,-1.451893485E2
4.582820042E0,3.562134889E-1,-6.154272283E-2,6.793639764E-1,-6.385836341E-1,1.382643307E2,-8.564889490E1,2.391599966E1,-1.439034460E2
4.592864042E0,3.599996036E-1,-6.896176935E-2,6.791047522E-1,-6.359728265E-1,1.377996566E2,-8.573490763E1,2.365567352E1,-1.429751033E2
4.602908042E0,3.618534432E-1,-7.443339967E-2,6.800176951E-1,-6.333226643E-1,1.375718680E2,-8.599541821E1,2.344401327E1,-1.424161651E2
4.612953042E0,3.619569770E-1,-7.817696704E-2,6.820367820E-1,-6.306356973E-1,1.375591412E2,-8.641577860E1,2.327430482E1,-1.421894116E2
4.622997042E0,3.603828343E-1,-8.040714646E-2,6.850145201E-1,-6.280239835E-1,1.377525819E2,-8.697199743E1,2.312508029E1,-1.422663320E2
4.633041042E0,3.574773465E-1,-8.148157500E-2,6.887071530E-1,-6.255023903E-1,1.381092963E2,-8.762897315E1,2.298316052E1,-1.425782547E2
4.643085042E0,3.535582480E-1,-8.165618939E-2,6.928658247E-1,-6.231096610E-1,1.385897828E2,-8.834985413E1,2.284101085E1,-1.430668554E2
4.653130042E0,3.489815428E-1,-8.114385230E-2,6.972293722E-1,-6.208853821E-1,1.391499312E2,-8.909484603E1,2.269827706E1,-1.436733808E2
4.663174042E0,3.441581837E-1,-8.013129534E-2,7.015686642E-1,-6.188179001E-1,1.397391667E2,-8.982870613E1,2.256478536E1,-1.443375283E2
4.673218042E0,3.393123603E-1,-7.870599429E-2,7.057366293E-1,-6.169346419E-1,1.403300302E2,-9.052803738E1,2.244630299E1,-1.450274337E2
4.683263042E0,3.345576163E-1,-7.694332879E-2,7.096236645E-1,-6.152927588E-1,1.409087219E2,-9.117532444E1,2.234202389E1,-1.457239492E2
4.693307042E0,3.299777079E-1,-7.502254939E-2,7.131600169E-1,-6.139128499E-1,1.414651551E2,-9.176146919E1,2.224322674E1,-1.464036895E2
4.703351042E0,3.255652174E-1,-7.311188523E-2,7.163245498E-1,-6.128141342E-1,1.420003560E2,-9.228506590E1,2.213639453E1,-1.470536673E2
4.713396042E0,3.213579399E-1,-7.141176566E-2,7.191305184E-1,-6.119482799E-1,1.425098656E2,-9.275097843E1,2.201170430E1,-1.476549722E2
4.723440042E0,3.173603956E-1,-7.004037043E-2,7.216294261E-1,-6.112510024E-1,1.429932646E2,-9.316927935E1,2.186424539E1,-1.481993634E2
4.733484042E0,3.135332826E-1,-6.902178646E-2,7.239059249E-1,-6.106497460E-1,1.434554158E2,-9.355454143E1,2.169347416E1,-1.486910099E2
4.743529042E0,3.098698048E-1,-6.836612902E-2,7.260651291E-1,-6.100296711E-1,1.438972310E2,-9.392518229E1,2.150365538E1,-1.491329874E2
4.753573042E0,3.063302808E-1,-6.809021467E-2,7.282051985E-1,-6.092967690E-1,1.443235706E2,-9.429868903E1,2.129490079E1,-1.495303941E2
4.763617042E0,3.028166456E-1,-6.817771153E-2,7.304430276E-1,-6.083640803E-1,1.447462876E2,-9.469554034E1,2.106500253E1,-1.498965218E2
4.773662042E0,2.992539935E-1,-6.864463539E-2,7.328985662E-1,-6.071199685E-1,1.451743965E2,-9.513756765E1,2.081150006E1,-1.502397832E2
4.783706042E0,2.955596326E-1,-6.949397868E-2,7.356970327E-1,-6.054460854E-1,1.456178032E2,-9.564765502E1,2.053227603E1,-1.505701562E2
4.793750042E0,2.917277254E-1,-7.071676412E-2,7.389499053E-1,-6.031974667E-1,1.460771585E2,-9.624669732E1,2.023259267E1,-1.508913120E2
4.803794042E0,2.878238841E-1,-7.230135919E-2,7.427349031E-1,-6.002289272E-1,1.465445602E2,-9.695024958E1,1.992312044E1,-1.511999376E2
4.813839042E0,2.839598821E-1,-7.425756301E-2,7.470520048E-1,-5.964610622E-1,1.470066284E2,-9.776077545E1,1.961402195E1,-1.514848508E2
4.823883042E0,2.802682818E-1,-7.664480266E-2,7.518186869E-1,-5.918986237E-1,1.474475655E2,-9.866687953E1,1.931065840E1,-1.517268183E2
4.833927375E0,2.769586479E-1,-7.957716965E-2,7.568775310E-1,-5.865985837E-1,1.478424583E2,-9.964472749E1,1.901937349E1,-1.518939036E2
4.843972375E0,2.737449928E-1,-8.287575060E-2,7.621806160E-1,-5.807547124E-1,1.482255242E2,-1.006837437E2,1.872494135E1,-1.520227997E2
4.854016375E0,2.685838372E-1,-8.526336957E-2,7.680084294E-1,-5.751139679E-1,1.488399714E2,-1.018057086E2,1.832924320E1,-1.523926630E2
4.864060375E0,2.659527992E-1,-8.738440972E-2,7.698205331E-1,-5.735932885E-1,1.491528481E2,-1.021723818E2,1.801256953E1,-1.524646378E2
4.874105375E0,2.661883368E-1,-8.870002359E-2,7.676992401E-1,-5.761197181E-1,1.491248482E2,-1.017880675E2,1.784852073E1,-1.522705370E2
4.884149375E0,2.655471568E-1,-8.858224422E-2,7.651918609E-1,-5.797578762E-1,1.492010651E2,-1.013023426E2,1.767855901E1,-1.522605267E2
4.894193375E0,2.651762119E-1,-8.854049777E-2,7.625383163E-1,-5.834188042E-1,1.492451528E2,-1.007952822E2,1.752378348E1,-1.522199674E2
4.904238375E0,2.657688703E-1,-8.917944399E-2,7.597138874E-1,-5.867271737E-1,1.491747116E2,-1.002770049E2,1.740767398E1,-1.520408340E2
4.914282375E0,2.670589959E-1,-9.053640393E-2,7.569147466E-1,-5.895445957E-1,1.490213307E2,-9.978370672E1,1.730938680E1,-1.517459835E2
4.924326375E0,2.687895244E-1,-9.256305621E-2,7.543545996E-1,-5.917207429E-1,1.488155016E2,-9.935316724E1,1.721644776E1,-1.513655569E2
4.934370375E0,2.709303841E-1,-9.513443544E-2,7.521509937E-1,-5.931400275E-1,1.485607248E2,-9.900463847E1,1.713985065E1,-1.509155204E2
4.944415375E0,2.736817620E-1,-9.805843628E-2,7.503298916E-1,-5.937068710E-1,1.482330576E2,-9.873986873E1,1.711360542E1,-1.503962635E2
4.954459375E0,2.772540657E-1,-1.010832524E-1,7.488972149E-1,-5.933509619E-1,1.478072262E2,-9.855533868E1,1.717636144E1,-1.498114883E2
4.964503375E0,2.817651061E-1,-1.040353019E-1,7.478173283E-1,-5.920762094E-1,1.472688399E2,-9.844081206E1,1.735096383E1,-1.491644297E2
4.974548375E0,2.872561029E-1,-1.068941437E-1,7.470115438E-1,-5.899418719E-1,1.466124920E2,-9.838125251E1,1.764056020E1,-1.484504685E2
4.984592375E0,2.936632035E-1,-1.095448012E-1,7.464144494E-1,-5.870496498E-1,1.458452110E2,-9.836174120E1,1.804551735E1,-1.476819258E2
4.994636375E0,3.003390325E-1,-1.109611671E-1,7.458766767E-1,-5.840822377E-1,1.450440653E2,-9.832723899E1,1.856684795E1,-1.469942352E2
5.004681375E0,3.025973555E-1,-1.028464447E-1,7.421974465E-1,-5.890673564E-1,1.447726534E2,-9.747332992E1,1.914785322E1,-1.473854714E2
5.014725375E0,3.032625382E-1,-8.718608772E-2,7.330505056E-1,-6.025507023E-1,1.446926709E2,-9.548637752E1,1.984918207E1,-1.483692398E2
5.024769375E0,3.063941333E-1,-7.234961733E-2,7.222627879E-1,-6.158122924E-1,1.443158840E2,-9.329682962E1,2.070071973E1,-1.489938353E2
5.034814375E0,3.108929617E-1,-5.879169266E-2,7.116637406E-1,-6.272350261E-1,1.437738945E2,-9.122323771E1,2.163855201E1,-1.493629520E2
5.044858375E0,3.154145915E-1,-4.597489925E-2,7.020734149E-1,-6.367831945E-1,1.432283118E2,-8.938194010E1,2.260254390E1,-1.496654539E2
5.054902375E0,3.179212015E-1,-3.202035166E-2,6.946842083E-1,-6.444490635E-1,1.429254911E2,-8.795007986E1,2.360560692E1,-1.502815903E2
5.064947375E0,3.166815573E-1,-1.510393429E-2,6.908570427E-1,-6.497702085E-1,1.430752845E2,-8.716224315E1,2.470429621E1,-1.515773332E2
5.074991375E0,3.131140584E-1,3.154438730E-3,6.894930653E-1,-6.531071641E-1,1.435060026E2,-8.686760749E1,2.584259629E1,-1.532815210E2
5.085035375E0,3.094547531E-1,2.026270855E-2,6.883930536E-1,-6.556997327E-1,1.439472511E2,-8.669491726E1,2.691225914E1,-1.549239453E2
5.095080375E0,3.076007027E-1,3.484705650E-2,6.854013649E-1,-6.590846409E-1,1.441706059E2,-8.623644707E1,2.787824400E1,-1.561298373E2
5.105124375E0,3.082185123E-1,4.674549115E-2,6.804551372E-1,-6.631719369E-1,1.440961950E2,-8.544594155E1,2.878069162E1,-1.568064400E2
5.115168375E0,3.101711126E-1,5.711193001E-2,6.755360100E-1,-6.664708340E-1,1.438609143E2,-8.466499487E1,2.968230518E1,-1.572278969E2
5.125212375E0,3.118314877E-1,6.718608048E-2,6.720795048E-1,-6.682486302E-1,1.436607217E2,-8.415977677E1,3.059358997E1,-1.577131122E2
5.135257375E0,3.124720987E-1,7.657604008E-2,6.704150625E-1,-6.686111142E-1,1.435834521E2,-8.398904594E1,3.142427297E1,-1.583250544E2
5.145301375E0,3.127285412E-1,8.428221201E-2,6.702034432E-1,-6.677759111E-1,1.435525155E2,-8.407331344E1,3.212355197E1,-1.589137609E2
5.155345375E0,3.137322789E-1,8.963130036E-2,6.708531158E-1,-6.659537659E-1,1.434314008E2,-8.428146157E1,3.270523176E1,-1.592877685E2
5.165390375E0,3.161175061E-1,9.254172991E-2,6.718229780E-1,-6.634453014E-1,1.431434204E2,-8.450149704E1,3.319859884E1,-1.593490243E2
5.175434375E0,3.200164373E-1,9.374729836E-2,6.725421718E-1,-6.606723654E-1,1.426721621E2,-8.463662265E1,3.366400085E1,-1.591117868E2
5.185478375E0,3.253178365E-1,9.416280307E-2,6.725042186E-1,-6.580575749E-1,1.420303358E2,-8.460908018E1,3.415851108E1,-1.586316016E2
5.195523375E0,3.315374680E-1,9.471126001E-2,6.715081621E-1,-6.558883398E-1,1.412757597E2,-8.439994076E1,3.471538428E1,-1.580164622E2
5.205567375E0,3.379624179E-1,9.609890285E-2,6.697639569E-1,-6.541885574E-1,1.404944358E2,-8.406382234E1,3.534115492E1,-1.574017617E2
5.215611375E0,3.436843162E-1,9.878180264E-2,6.676916807E-1,-6.529250371E-1,1.397969956E2,-8.369317840E1,3.601128191E1,-1.569364495E2
5.225656375E0,3.480190879E-1,1.026724625E-1,6.657540214E-1,-6.520066045E-1,1.392675971E2,-8.338013417E1,3.667508662E1,-1.567100478E2
5.235700375E0,3.508619561E-1,1.072362708E-1,6.643233256E-1,-6.512071842E-1,1.389199095E2,-8.318919427E1,3.728914070E1,-1.567159047E2
5.245744375E0,3.521866842E-1,1.123482831E-1,6.635449365E-1,-6.504233687E-1,1.387577581E2,-8.315090541E1,3.784527780E1,-1.569609154E2
5.255789375E0,3.527972867E-1,1.173746109E-1,6.633766231E-1,-6.493756191E-1,1.386829892E2,-8.323990840E1,3.835377905E1,-1.573123952E2
5.265833375E0,3.533342481E-1,1.219290836E-1,6.636083465E-1,-6.480064261E-1,1.386172224E2,-8.340194504E1,3.882713058E1,-1.576612576E2
5.275877375E0,3.539623099E-1,1.258902341E-1,6.639747501E-1,-6.465291896E-1,1.385402797E2,-8.357998804E1,3.925903940E1,-1.579630631E2
5.285922375E0,3.546806924E-1,1.290085530E-1,6.642236272E-1,-6.452638253E-1,1.384522479E2,-8.371514898E1,3.961782704E1,-1.581780495E2
5.295966375E0,3.555219540E-1,1.309586245E-1,6.642332156E-1,-6.443976127E-1,1.383491258E2,-8.376986846E1,3.987223770E1,-1.582639117E2
5.306010375E0,3.560502437E-1,1.318906177E-1,6.641042884E-1,-6.440486157E-1,1.382843498E2,-8.376920901E1,4.000069688E1,-1.582831347E2
5.316055375E0,3.557168199E-1,1.319042101E-1,6.640262114E-1,-6.443103898E-1,1.383252340E2,-8.375696858E1,3.996990049E1,-1.583127749E2
5.326099375E0,3.544572614E-1,1.309144124E-1,6.641396075E-1,-6.450892214E-1,1.384796303E2,-8.375868837E1,3.977103067E1,-1.583615874E2
5.336143375E0,3.524719868E-1,1.289641092E-1,6.645472518E-1,-6.461491198E-1,1.387228248E2,-8.379469995E1,3.942952845E1,-1.584198070E2
5.346187375E0,3.499274340E-1,1.262383882E-1,6.652707446E-1,-6.473249115E-1,1.390342466E2,-8.387409216E1,3.897840788E1,-1.584876266E2
5.356232375E0,3.470046976E-1,1.228831408E-1,6.662073530E-1,-6.485794757E-1,1.393915638E2,-8.398036710E1,3.844427050E1,-1.585518652E2
5.366276375E0,3.437450814E-1,1.190872270E-1,6.671999955E-1,-6.500013207E-1,1.397895806E2,-8.408901176E1,3.784352657E1,-1.586140049E2
5.376320375E0,3.400614574E-1,1.151183847E-1,6.681155515E-1,-6.517112078E-1,1.402387631E2,-8.418316779E1,3.718917250E1,-1.586971401E2
5.386365375E0,3.360480658E-1,1.110460087E-1,6.688344714E-1,-6.537591232E-1,1.407274342E2,-8.424185814E1,3.649237075E1,-1.587905895E2
5.396409375E0,3.321409160E-1,1.062758706E-1,6.692974545E-1,-6.560706776E-1,1.412024560E2,-8.423805482E1,3.573598312E1,-1.587985806E2
5.406453375E0,3.287359670E-1,1.002753184E-1,6.694188585E-1,-6.586014168E-1,1.416158564E2,-8.414597365E1,3.490427355E1,-1.586359509E2
5.416498375E0,3.263108162E-1,9.272521621E-2,6.690396212E-1,-6.612936942E-1,1.419099814E2,-8.393583561E1,3.400511631E1,-1.582266856E2
5.426542375E0,3.251828190E-1,8.373771687E-2,6.680770925E-1,-6.640159381E-1,1.420466972E2,-8.360596986E1,3.307256289E1,-1.575528677E2
5.436586375E0,3.249910193E-1,7.435898940E-2,6.668842103E-1,-6.664211218E-1,1.420699382E2,-8.325064871E1,3.217937005E1,-1.567589333E2
5.446631375E0,3.239401508E-1,6.677767751E-2,6.669745942E-1,-6.676438651E-1,1.421972466E2,-8.317785305E1,3.141862827E1,-1.562662222E2
5.456675375E0,3.197097557E-1,6.328469422E-2,6.701087392E-1,-6.668844948E-1,1.427092539E2,-8.372037132E1,3.085637450E1,-1.565512731E2
5.466719375E0,3.108482755E-1,6.570655751E-2,6.765844971E-1,-6.642961936E-1,1.437792821E2,-8.494950820E1,3.052587859E1,-1.579000686E2
5.476764375E0,2.974763132E-1,7.422378231E-2,6.853990679E-1,-6.604746861E-1,1.453878249E2,-8.671456234E1,3.038618844E1,-1.602707244E2
5.486808375E0,2.822893075E-1,8.599356372E-2,6.948179403E-1,-6.558550333E-1,1.472062293E2,-8.869432694E1,3.033652856E1,-1.631080066E2
5.496852375E0,2.682697905E-1,9.809815968E-2,7.031828042E-1,-6.511083288E-1,1.488773296E2,-9.054293362E1,3.033337471E1,-1.658233961E2
5.506897375E0,2.561519394E-1,1.096994380E-1,7.095516777E-1,-6.472161095E-1,1.503162926E2,-9.205867082E1,3.036485215E1,-1.682371479E2
5.516941375E0,2.445113381E-1,1.216115282E-1,7.137937159E-1,-6.449212768E-1,1.516940856E2,-9.322868421E1,3.039251197E1,-1.705401851E2
5.526985375E0,2.324637668E-1,1.340255031E-1,7.160202917E-1,-6.444476937E-1,1.531156650E2,-9.407415646E1,3.037400566E1,-1.728293790E2
5.537030375E0,2.201743358E-1,1.458141874E-1,7.165582963E-1,-6.456049619E-1,1.545614544E2,-9.461052997E1,3.025253656E1,-1.749975857E2
5.547074375E0,2.074148832E-1,1.563294468E-1,7.160975891E-1,-6.478769299E-1,1.560581987E2,-9.493169922E1,2.997506628E1,-1.770312159E2
5.557118375E0,1.922995060E-1,1.675086876E-1,7.160642509E-1,-6.497797758E-1,1.578259775E2,-9.538292562E1,2.954355996E1,-1.793406947E2
5.567162375E0,1.734350192E-1,1.818482467E-1,7.177856757E-1,-6.493345154E-1,1.600248025E2,-9.634050129E1,2.902158175E1,1.776522132E2
5.577207375E0,1.536775038E-1,1.982598080E-1,7.205999051E-1,-6.463838146E-1,1.623197923E2,-9.766304722E1,2.854076161E1,1.743122871E2
5.587251375E0,1.369557628E-1,2.140302315E-1,7.233897736E-1,-6.419823981E-1,1.642565452E2,-9.902441778E1,2.822609364E1,1.712648642E2
5.597295375E0,1.250281625E-1,2.266949169E-1,7.260664567E-1,-6.370281625E-1,1.656352357E2,-1.002564241E2,2.805894018E1,1.688997031E2
5.607340375E0,1.175072892E-1,2.352460910E-1,7.290863627E-1,-6.318896398E-1,1.665034742E2,-1.013475644E2,2.794638031E1,1.672789287E2
5.617384375E0,1.130590054E-1,2.407619544E-1,7.328534269E-1,-6.262406345E-1,1.670166318E2,-1.024152111E2,2.785666129E1,1.661739696E2
5.627428375E0,1.063582255E-1,2.466360661E-1,7.365842449E-1,-6.207270891E-1,1.677891492E2,-1.034893292E2,2.757252111E1,1.648745719E2
5.637473375E0,9.425521003E-2,2.520033619E-1,7.371854486E-1,-6.198128818E-1,1.691830917E2,-1.038689266E2,2.683078095E1,1.634152079E2
5.647517375E0,8.266689189E-2,2.541487208E-1,7.358844597E-1,-6.221323493E-1,1.705162493E2,-1.036548293E2,2.596964083E1,1.624434376E2
5.657561375E0,7.569308467E-2,2.533643047E-1,7.345259614E-1,-6.249389712E-1,1.713179073E2,-1.032684527E2,2.533255757E1,1.621135147E2
5.667606375E0,7.394234673E-2,2.500372325E-1,7.331109231E-1,-6.281420474E-1,1.715190910E2,-1.027442923E2,2.499465310E1,1.624221989E2
5.677650375E0,7.670366073E-2,2.447266031E-1,7.313864848E-1,-6.319012723E-1,1.712017662E2,-1.020706130E2,2.492844966E1,1.632701379E2
5.687694375E0,8.329719801E-2,2.379365351E-1,7.293433320E-1,-6.360078927E-1,1.704437716E2,-1.012783856E2,2.509772973E1,1.645582758E2
5.697739375E0,9.305602683E-2,2.300597106E-1,7.270137071E-1,-6.402063299E-1,1.693211147E2,-1.003977011E2,2.545977862E1,1.662003789E2
5.707783375E0,1.048358181E-1,2.216590639E-1,7.244194211E-1,-6.442773783E-1,1.679645852E2,-9.946249386E1,2.594511991E1,1.680583269E2
5.717827375E0,1.172544924E-1,2.132459418E-1,7.216292365E-1,-6.480962832E-1,1.665326443E2,-9.850803152E1,2.646405908E1,1.699784020E2
5.727872375E0,1.291182402E-1,2.051098721E-1,7.187980219E-1,-6.516039968E-1,1.651627165E2,-9.757199417E1,2.693122777E1,1.718365993E2
5.737916375E0,1.397818775E-1,1.973509323E-1,7.161704610E-1,-6.546857111E-1,1.639295507E2,-9.670114967E1,2.729815723E1,1.735615507E2
5.747960375E0,1.490299076E-1,1.898953866E-1,7.139880339E-1,-6.572297792E-1,1.628585750E2,-9.593483790E1,2.754343749E1,1.751300633E2
5.758005375E0,1.565323628E-1,1.828821088E-1,7.123839670E-1,-6.592123037E-1,1.619886418E2,-9.530358268E1,2.765448561E1,1.764926167E2
5.768049375E0,1.617352226E-1,1.766906947E-1,7.113261233E-1,-6.607854770E-1,1.613847418E2,-9.481730632E1,2.761980067E1,1.775662682E2
5.778093375E0,1.642447724E-1,1.715287805E-1,7.107485639E-1,-6.621465252E-1,1.610932708E2,-9.446966544E1,2.742762856E1,1.783007817E2
5.788138375E0,1.642947797E-1,1.672991124E-1,7.105896492E-1,-6.633857057E-1,1.610874615E2,-9.424210974E1,2.709453658E1,1.787268522E2
5.798182375E0,1.623133931E-1,1.640788614E-1,7.107357934E-1,-6.645202778E-1,1.613176012E2,-9.411553937E1,2.666616383E1,1.788771182E2
5.808226375E0,1.581715802E-1,1.623456565E-1,7.110094529E-1,-6.656508670E-1,1.617984318E2,-9.407526603E1,2.617115184E1,1.787049132E2
5.818271375E0,1.518071742E-1,1.627083723E-1,7.110757921E-1,-6.669721497E-1,1.625366610E2,-9.408445474E1,2.565407660E1,1.781631649E2
5.828314750E0,1.437476853E-1,1.655554762E-1,7.104759581E-1,-6.686942699E-1,1.634704657E2,-9.407923651E1,2.519311413E1,1.772762763E2
5.838358750E0,1.339716395E-1,1.714869286E-1,7.089872893E-1,-6.708061642E-1,1.646016820E2,-9.405297547E1,2.483694599E1,1.759923027E2
5.848403750E0,1.227108655E-1,1.801951419E-1,7.068625823E-1,-6.729167730E-1,1.659028394E2,-9.405152018E1,2.458180963E1,1.743456010E2
5.858447750E0,1.104211185E-1,1.904013174E-1,7.046267974E-1,-6.745780964E-1,1.673208165E2,-9.412344413E1,2.436150462E1,1.724718241E2
5.868491750E0,9.725164023E-2,2.015358404E-1,7.025359765E-1,-6.755506138E-1,1.688381410E2,-9.429523580E1,2.413831948E1,1.704261762E2
5.878536750E0,8.341904455E-2,2.133138404E-1,7.006760572E-1,-6.757154923E-1,1.704297602E2,-9.457350560E1,2.390230632E1,1.682489880E2
5.888580750E0,6.924326815E-2,2.254155915E-1,6.990683657E-1,-6.750530492E-1,1.720589516E2,-9.494862034E1,2.364987265E1,1.659953437E2
5.898624750E0,5.510302155E-2,2.374958476E-1,6.976507564E-1,-6.736785351E-1,1.736824591E2,-9.539136925E1,2.338309169E1,1.637312908E2
5.908669750E0,4.146984368E-2,2.491729903E-1,6.962722805E-1,-6.718616899E-1,1.752465428E2,-9.585139404E1,2.311439360E1,1.615375689E2
5.918713750E0,2.874330775E-2,2.599780724E-1,6.947633601E-1,-6.699919292E-1,1.767058058E2,-9.626534245E1,2.284913568E1,1.594997299E2
5.928757750E0,1.706911540E-2,2.695301288E-1,6.929517410E-1,-6.684908481E-1,1.780439285E2,-9.657080112E1,2.258247946E1,1.576759004E2
5.938801750E0,6.532761519E-3,2.774075013E-1,6.907861938E-1,-6.676952210E-1,1.792513953E2,-9.672100498E1,2.230103104E1,1.561205541E2
5.948846750E0,2.902147695E-3,-2.833684776E-1,-6.882606914E-1,6.678255812E-1,1.796674379E2,-9.668880601E1,2.199258317E1,1.548585271E2
5.958890750E0,1.133729152E-2,-2.874087587E-1,-6.853918397E-1,6.689586992E-1,1.787008143E2,-9.647000890E1,2.165323077E1,1.538828990E2
5.968934750E0,1.871174667E-2,-2.896061901E-1,-6.822941518E-1,6.710087852E-1,1.778556666E2,-9.608661036E1,2.129210002E1,1.531859788E2
5.978979750E0,2.526121942E-2,-2.905276255E-1,-6.790863340E-1,6.736447544E-1,1.771049695E2,-9.559881725E1,2.092316806E1,1.526851823E2
5.989023750E0,3.089334493E-2,-2.906326766E-1,-6.761062779E-1,6.763568198E-1,1.764593201E2,-9.509680195E1,2.057103646E1,1.523287116E2
5.999067750E0,3.583200727E-2,-2.905981161E-1,-6.736309092E-1,6.785943328E-1,1.758930753E2,-9.467413311E1,2.025026365E1,1.520215036E2
6.009112750E0,4.048984516E-2,-2.909534141E-1,-6.718470860E-1,6.799472256E-1,1.753589368E2,-9.439702167E1,1.995365650E1,1.516732689E2
6.019156750E0,4.535997673E-2,-2.920712749E-1,-6.708038250E-1,6.801905182E-1,1.748003454E2,-9.429754989E1,1.966213109E1,1.512077959E2
6.029200750E0,5.092359254E-2,-2.942452094E-1,-6.704819074E-1,6.791764019E-1,1.741620611E2,-9.439201236E1,1.935389998E1,1.505594402E2
6.039245750E0,5.734875315E-2,-2.974500979E-1,-6.709083071E-1,6.768431102E-1,1.734247094E2,-9.468288048E1,1.900814655E1,1.497183296E2
6.049289750E0,6.448077964E-2,-3.013713564E-1,-6.721444741E-1,6.732305984E-1,1.726059171E2,-9.515820425E1,1.860874955E1,1.487288306E2
6.059333750E0,7.204346262E-2,-3.057158114E-1,-6.741929374E-1,6.684395765E-1,1.717372691E2,-9.579819803E1,1.815343177E1,1.476442697E2
6.069378750E0,7.985765692E-2,-3.104967813E-1,-6.768890713E-1,6.625977704E-1,1.708392322E2,-9.657901090E1,1.765948865E1,1.464824746E2
6.079422750E0,8.790652488E-2,-3.160250148E-1,-6.799642740E-1,6.557814449E-1,1.699136352E2,-9.748346507E1,1.715394488E1,1.452189486E2
6.089466750E0,9.620334274E-2,-3.226464322E-1,-6.831774022E-1,6.480068265E-1,1.689588329E2,-9.850362879E1,1.666086827E1,1.438208113E2
6.099511750E0,1.046019242E-1,-3.304915202E-1,-6.864073259E-1,6.392800054E-1,1.679915356E2,-9.963694619E1,1.619779727E1,1.422855840E2
6.109555750E0,1.129738056E-1,-3.394195819E-1,-6.895781071E-1,6.296930303E-1,1.670264580E2,-1.008674206E2,1.576258011E1,1.406363256E2
6.119599750E0,1.211621374E-1,-3.490929159E-1,-6.926465241E-1,6.194308206E-1,1.660816449E2,-1.021671324E2,1.534513225E1,1.389189258E2
6.129644750E0,1.289590515E-1,-3.592633508E-1,-6.955314127E-1,6.087161645E-1,1.651811119E2,-1.035076525E2,1.495075066E1,1.371744457E2
6.139688750E0,1.374945470E-1,-3.705453140E-1,-6.975925516E-1,5.976253899E-1,1.641942154E2,-1.048376209E2,1.454049687E1,1.352621453E2
6.149732750E0,1.605752571E-1,-3.905024895E-1,-6.914679718E-1,5.861701294E-1,1.615194245E2,-1.055938452E2,1.363504060E1,1.314607573E2
6.159777750E0,1.928943245E-1,-4.137057100E-1,-6.761407329E-1,5.783365265E-1,1.577565159E2,-1.052447252E2,1.257250098E1,1.266988208E2
6.169821750E0,2.209917213E-1,-4.335171627E-1,-6.585122340E-1,5.740968591E-1,1.544654236E2,-1.043898572E2,1.192962964E1,1.225525059E2
6.179865750E0,2.413747485E-1,-4.492349343E-1,-6.420613602E-1,5.724363891E-1,1.520646133E2,-1.034753845E2,1.179215653E1,1.193535871E2
6.189910750E0,2.560818597E-1,-4.634276800E-1,-6.283844076E-1,5.699033109E-1,1.503246003E2,-1.029492960E2,1.191042621E1,1.166782255E2
6.199954750E0,2.679736984E-1,-4.772266531E-1,-6.166760868E-1,5.658227162E-1,1.489125488E2,-1.027663212E2,1.209571396E1,1.142043192E2
6.209998750E0,2.758580777E-1,-4.865122571E-1,-6.058824686E-1,5.657867544E-1,1.479736870E2,-1.022751208E2,1.248882753E1,1.125500589E2
6.220043750E0,2.781026082E-1,-4.908445949E-1,-5.970090608E-1,5.703602354E-1,1.477060100E2,-1.015344079E2,1.317093264E1,1.119180750E2
6.230087750E0,2.759860250E-1,-4.923370042E-1,-5.898595328E-1,5.774961710E-1,1.479584331E2,-1.007337389E2,1.406718481E1,1.119681172E2
6.240131750E0,2.718451182E-1,-4.925544187E-1,-5.831570670E-1,5.860190013E-1,1.484518166E2,-9.986137353E1,1.508404782E1,1.123384102E2
6.250176750E0,2.668546890E-1,-4.921772466E-1,-5.763278867E-1,5.953119494E-1,1.490456242E2,-9.891152627E1,1.616511634E1,1.128586252E2
6.260220750E0,2.611902896E-1,-4.914481061E-1,-5.696883250E-1,6.047425070E-1,1.497185971E2,-9.795337187E1,1.726580482E1,1.134827256E2
6.270264750E0,2.549286903E-1,-4.904314214E-1,-5.635826138E-1,6.138916711E-1,1.504612805E2,-9.703790904E1,1.834854569E1,1.141930207E2
6.280309750E0,2.482486045E-1,-4.894585088E-1,-5.578798871E-1,6.225536703E-1,1.512522044E2,-9.618426265E1,1.941709710E1,1.149346511E2
6.290353750E0,2.415694248E-1,-4.892948368E-1,-5.520486757E-1,6.304578903E-1,1.520416248E2,-9.541148817E1,2.050220442E1,1.155832356E2
6.300397750E0,2.354899316E-1,-4.905972745E-1,-5.452449784E-1,6.376258680E-1,1.527589914E2,-9.468726754E1,2.164382491E1,1.160174226E2
6.310442750E0,2.310196050E-1,-4.938096441E-1,-5.366655448E-1,6.440280375E-1,1.532857848E2,-9.396427827E1,2.283595362E1,1.161074327E2
6.320486750E0,2.286640387E-1,-4.988753528E-1,-5.263542393E-1,6.494516415E-1,1.535631382E2,-9.325458342E1,2.403372278E1,1.158120730E2
6.330530750E0,2.280791880E-1,-5.052349369E-1,-5.151887344E-1,6.536804245E-1,1.536319763E2,-9.261979252E1,2.518337446E1,1.152088070E2
6.340575750E0,2.286931411E-1,-5.121632196E-1,-5.041305663E-1,6.566890773E-1,1.535597126E2,-9.210313862E1,2.623676965E1,1.144162831E2
6.350619750E0,2.301740339E-1,-5.192533752E-1,-4.936722875E-1,6.585465521E-1,1.533853639E2,-9.171805548E1,2.717075924E1,1.135031482E2
6.360663750E0,2.321371919E-1,-5.262217112E-1,-4.840567079E-1,6.594635411E-1,1.531541402E2,-9.145620668E1,2.798970698E1,1.125340255E2
6.370708750E0,2.345959548E-1,-5.331905293E-1,-4.750748721E-1,6.595275200E-1,1.528643862E2,-9.130514339E1,2.871194594E1,1.114934617E2
6.380752750E0,2.375863580E-1,-5.403874672E-1,-4.664113081E-1,6.587827009E-1,1.525117422E2,-9.125685587E1,2.936489708E1,1.103496972E2
6.390796750E0,2.410172800E-1,-5.478725473E-1,-4.578731469E-1,6.573420373E-1,1.521068224E2,-9.129807074E1,2.997146502E1,1.091022588E2
6.400841750E0,2.445405248E-1,-5.554783465E-1,-4.494641973E-1,6.554583050E-1,1.516906364E2,-9.140724771E1,3.055474291E1,1.078027754E2
6.410885750E0,2.477098835E-1,-5.629434542E-1,-4.412768612E-1,6.534593643E-1,1.513159277E2,-9.155730557E1,3.113819752E1,1.065260927E2
6.420929750E0,2.503193635E-1,-5.700506141E-1,-4.333496079E-1,6.516062516E-1,1.510071775E2,-9.171802735E1,3.173191512E1,1.053234888E2
6.430974750E0,2.524287289E-1,-5.766090957E-1,-4.257341676E-1,6.500399904E-1,1.507574430E2,-9.186186157E1,3.232376321E1,1.042215840E2
6.441018750E0,2.541044666E-1,-5.823776242E-1,-4.185540569E-1,6.489065985E-1,1.505589458E2,-9.195893116E1,3.289522371E1,1.032558150E2
6.451062750E0,2.554001661E-1,-5.871241707E-1,-4.119800231E-1,6.483274797E-1,1.504054037E2,-9.198334712E1,3.342589083E1,1.024628610E2
6.461107750E0,2.563821876E-1,-5.907141181E-1,-4.061489591E-1,6.483579940E-1,1.502889966E2,-9.191939016E1,3.389893798E1,1.018644457E2
6.471151750E0,2.570163713E-1,-5.932367756E-1,-4.010787776E-1,6.489596403E-1,1.502138049E2,-9.177541152E1,3.431940669E1,1.014551291E2
6.481195750E0,2.571359419E-1,-5.948539501E-1,-3.967365564E-1,6.501000919E-1,1.501996266E2,-9.156854919E1,3.470831003E1,1.012275289E2
6.491240750E0,2.566317602E-1,-5.958155410E-1,-3.931409560E-1,6.516012151E-1,1.502594077E2,-9.133817868E1,3.507746001E1,1.011522720E2
6.501284750E0,2.554884426E-1,-5.966266255E-1,-3.903337125E-1,6.529945478E-1,1.503949408E2,-9.117070650E1,3.543200191E1,1.011470761E2
6.511328750E0,2.539110125E-1,-5.975901235E-1,-3.883168804E-1,6.539305871E-1,1.505818658E2,-9.111620120E1,3.575842922E1,1.011432580E2
6.521373750E0,2.521871432E-1,-5.985960635E-1,-3.870514845E-1,6.544276460E-1,1.507860522E2,-9.115157014E1,3.603340342E1,1.011347493E2
6.531417750E0,2.507174405E-1,-5.995173830E-1,-3.864615235E-1,6.544976519E-1,1.509600587E2,-9.124640796E1,3.622659357E1,1.011097406E2
6.541461750E0,2.499861083E-1,-6.004169548E-1,-3.864487214E-1,6.539601110E-1,1.510466197E2,-9.139978326E1,3.630502459E1,1.010177033E2
6.551506750E0,2.502955294E-1,-6.014626497E-1,-3.868259883E-1,6.526565300E-1,1.510099984E2,-9.161912584E1,3.626035743E1,1.008070276E2
6.561550750E0,2.516006277E-1,-6.026479456E-1,-3.875104953E-1,6.506520470E-1,1.508555014E2,-9.189359223E1,3.610256092E1,1.004845164E2
6.571594750E0,2.534830324E-1,-6.035541028E-1,-3.887003008E-1,6.483678142E-1,1.506325675E2,-9.217266694E1,3.584484057E1,1.001563086E2
6.581639750E0,2.557339269E-1,-6.037971742E-1,-3.904620707E-1,6.461954814E-1,1.503658438E2,-9.239785910E1,3.549509187E1,9.990569600E1
6.591683750E0,2.582078205E-1,-6.030207871E-1,-3.927910634E-1,6.445230523E-1,1.500725058E2,-9.250941925E1,3.506309475E1,9.980494924E1
6.601727750E0,2.607159162E-1,-6.009145194E-1,-3.956913777E-1,6.437059724E-1,1.497749074E2,-9.245952142E1,3.456205249E1,9.991923525E1
6.611772750E0,2.630832626E-1,-5.972357950E-1,-3.992903603E-1,6.439439756E-1,1.494938180E2,-9.222896974E1,3.399216727E1,1.002961961E2
6.621816750E0,2.650221230E-1,-5.917571156E-1,-4.037870181E-1,6.454013083E-1,1.492634653E2,-9.181399550E1,3.335443514E1,1.009855805E2
6.631860750E0,2.664166147E-1,-5.843418623E-1,-4.091723106E-1,6.481856766E-1,1.490977094E2,-9.120827770E1,3.264984274E1,1.020052280E2
6.641905750E0,2.677108812E-1,-5.755505776E-1,-4.147643124E-1,6.519531623E-1,1.489438075E2,-9.044377963E1,3.189675147E1,1.032190266E2
6.651949750E0,2.695247130E-1,-5.667979995E-1,-4.194076570E-1,6.558914482E-1,1.487280271E2,-8.962005602E1,3.116031727E1,1.043573634E2
6.661993750E0,2.716714205E-1,-5.597596550E-1,-4.224831020E-1,6.590688991E-1,1.484724993E2,-8.891186372E1,3.054980754E1,1.051954144E2
6.672038750E0,2.728296581E-1,-5.552635345E-1,-4.250185510E-1,6.607614744E-1,1.483345648E2,-8.853698714E1,3.012433682E1,1.057302959E2
6.682082750E0,2.725286453E-1,-5.539194083E-1,-4.281419486E-1,6.599968462E-1,1.483704169E2,-8.869609525E1,2.985509960E1,1.059138384E2
6.692126750E0,2.721764873E-1,-5.564428982E-1,-4.314626251E-1,6.558439276E-1,1.484123567E2,-8.944459086E1,2.967050393E1,1.055261902E2
6.702171750E0,2.720926783E-1,-5.611830278E-1,-4.344570322E-1,6.498356625E-1,1.484223371E2,-9.048458415E1,2.953323490E1,1.047879372E2
6.712215750E0,2.709088365E-1,-5.650713433E-1,-4.372715829E-1,6.450553880E-1,1.485632899E2,-9.138385251E1,2.947759368E1,1.042715567E2
6.722259750E0,2.683658854E-1,-5.667142854E-1,-4.400978926E-1,6.427507773E-1,1.488658988E2,-9.195554222E1,2.949170661E1,1.042072827E2
6.732304750E0,2.660807254E-1,-5.664200477E-1,-4.429023123E-1,6.420334801E-1,1.491376409E2,-9.223686670E1,2.944749232E1,1.044120970E2
6.742348750E0,2.656294169E-1,-5.654779550E-1,-4.451586281E-1,6.414901229E-1,1.491912876E2,-9.235632438E1,2.927504591E1,1.045644277E2
6.752392750E0,2.670358573E-1,-5.658891607E-1,-4.455722362E-1,6.402553045E-1,1.490240821E2,-9.246223769E1,2.912125866E1,1.043776192E2
6.762437750E0,2.706623828E-1,-5.694218411E-1,-4.427893482E-1,6.375251581E-1,1.485926274E2,-9.266371879E1,2.910087068E1,1.035691387E2
6.772481750E0,2.780131304E-1,-5.775689849E-1,-4.356537287E-1,6.319245163E-1,1.477166843E2,-9.307039364E1,2.919116764E1,1.017812967E2
6.782525750E0,2.886723423E-1,-5.895635513E-1,-4.249406795E-1,6.233044532E-1,1.464430244E2,-9.370338574E1,2.931547240E1,9.911744786E1
6.792570750E0,2.998269378E-1,-6.022833332E-1,-4.135674894E-1,6.134497508E-1,1.451055822E2,-9.444812777E1,2.940263196E1,9.624162751E1
6.802614750E0,3.094108256E-1,-6.133877950E-1,-4.040431972E-1,6.039614521E-1,1.439525446E2,-9.520199149E1,2.939939066E1,9.368806565E1
6.812658750E0,3.170127051E-1,-6.230374740E-1,-3.970866175E-1,5.946844039E-1,1.430352764E2,-9.603591021E1,2.929184554E1,9.148848007E1
6.822703750E0,3.233064730E-1,-6.327065827E-1,-3.921033111E-1,5.843033190E-1,1.422739906E2,-9.710608157E1,2.906791722E1,8.936483270E1
6.832748375E0,3.293722263E-1,-6.416138239E-1,-3.885725748E-1,5.734605576E-1,1.415386468E2,-9.821207676E1,2.867955119E1,8.736659663E1
6.842792375E0,3.358681726E-1,-6.475131499E-1,-3.864394912E-1,5.644322601E-1,1.407493206E2,-9.895082547E1,2.812320907E1,8.582800439E1
6.852837375E0,3.416412371E-1,-6.490917917E-1,-3.863746799E-1,5.591742300E-1,1.400462026E2,-9.916125888E1,2.751028034E1,8.507932262E1
6.862881375E0,3.447410957E-1,-6.464546213E-1,-3.890154750E-1,5.584952864E-1,1.396680158E2,-9.894005025E1,2.699189636E1,8.526858331E1
6.872925375E0,3.444448139E-1,-6.403250470E-1,-3.940627181E-1,5.621886885E-1,1.397041823E2,-9.840238365E1,2.664756806E1,8.632318465E1
6.882970375E0,3.410259774E-1,-6.315272296E-1,-4.007425722E-1,5.694558694E-1,1.401212110E2,-9.762995572E1,2.648263252E1,8.806319657E1
6.893014375E0,3.348825896E-1,-6.207265728E-1,-4.085403503E-1,5.793504953E-1,1.408692031E2,-9.669784717E1,2.646239821E1,9.032669231E1
6.903058375E0,3.263900101E-1,-6.082517379E-1,-4.172455711E-1,5.911054094E-1,1.419003808E2,-9.565294977E1,2.653293778E1,9.301123055E1
6.913103375E0,3.160970227E-1,-5.944614892E-1,-4.266942729E-1,6.038462015E-1,1.431458945E2,-9.454929167E1,2.662652876E1,9.599700869E1
6.923147375E0,3.046915271E-1,-5.797673224E-1,-4.367092123E-1,6.166992729E-1,1.445207872E2,-9.344476458E1,2.667704095E1,9.914828529E1
6.933191375E0,2.929613426E-1,-5.646232116E-1,-4.470456320E-1,6.289074868E-1,1.459293385E2,-9.239137103E1,2.663193238E1,1.023209919E2
6.943236375E0,2.818973207E-1,-5.496437739E-1,-4.572571654E-1,6.397980323E-1,1.472530491E2,-9.143273724E1,2.645679671E1,1.053407094E2
6.953280375E0,2.722593059E-1,-5.354819296E-1,-4.668421991E-1,6.489933367E-1,1.484024939E2,-9.059781480E1,2.615775315E1,1.080603743E2
6.963325375E0,2.643668659E-1,-5.227844250E-1,-4.753753422E-1,6.563725966E-1,1.493413295E2,-8.990904449E1,2.578120640E1,1.103821909E2
6.973369375E0,2.582475439E-1,-5.121856542E-1,-4.824577171E-1,6.619733438E-1,1.500677941E2,-8.937835753E1,2.539900585E1,1.122430638E2
6.983413375E0,2.536245615E-1,-5.039869042E-1,-4.880381363E-1,6.659508051E-1,1.506158015E2,-8.901116254E1,2.506866170E1,1.136488129E2
6.993458375E0,2.502906825E-1,-4.983122788E-1,-4.922770714E-1,6.683582963E-1,1.510105721E2,-8.881973428E1,2.481423237E1,1.146161119E2
7.003502375E0,2.480103905E-1,-4.950574680E-1,-4.954503703E-1,6.692817127E-1,1.512803830E2,-8.880892020E1,2.463979092E1,1.151865800E2
7.013546375E0,2.466099772E-1,-4.938791778E-1,-4.979565390E-1,6.688095415E-1,1.514460033E2,-8.897689248E1,2.452058301E1,1.154197569E2
7.023591375E0,2.460602348E-1,-4.943487994E-1,-5.001349196E-1,6.670373298E-1,1.515110021E2,-8.930979729E1,2.441680858E1,1.153704122E2
7.033635375E0,2.462281057E-1,-4.959915334E-1,-5.022220974E-1,6.641814172E-1,1.514911549E2,-8.977803645E1,2.430125538E1,1.151079938E2
7.043679375E0,2.468779047E-1,-4.984109107E-1,-5.043317362E-1,6.605204787E-1,1.514143215E2,-9.034715259E1,2.416743204E1,1.147023071E2
7.053724375E0,2.478107198E-1,-5.011900474E-1,-5.065196899E-1,6.563811313E-1,1.513040008E2,-9.097271351E1,2.401033131E1,1.142236244E2
7.063768375E0,2.487794441E-1,-5.038922106E-1,-5.088596385E-1,6.521221712E-1,1.511894045E2,-9.160937058E1,2.382916170E1,1.137492260E2
7.073812375E0,2.495251904E-1,-5.061757948E-1,-5.113952935E-1,6.480725334E-1,1.511011656E2,-9.221938158E1,2.363228017E1,1.133457997E2
7.083857375E0,2.499278403E-1,-5.078376131E-1,-5.141239124E-1,6.444482627E-1,1.510535156E2,-9.277634036E1,2.342587907E1,1.130508038E2
7.093901375E0,2.499668894E-1,-5.087920443E-1,-5.170003769E-1,6.413717746E-1,1.510488942E2,-9.326342598E1,2.321507703E1,1.128781487E2
7.103945375E0,2.496357837E-1,-5.090240097E-1,-5.200127916E-1,6.388765968E-1,1.510880784E2,-9.367732731E1,2.300300791E1,1.128304653E2
7.113990375E0,2.489590739E-1,-5.085873717E-1,-5.231663841E-1,6.369106992E-1,1.511681518E2,-9.402602531E1,2.279004692E1,1.128980682E2
7.124034375E0,2.480525795E-1,-5.075799243E-1,-5.264799384E-1,6.353356715E-1,1.512753925E2,-9.432487342E1,2.256788867E1,1.130575773E2
7.134078375E0,2.470833495E-1,-5.061390079E-1,-5.300187563E-1,6.339189684E-1,1.513900266E2,-9.460019498E1,2.232034193E1,1.132755256E2
7.144123375E0,2.461589005E-1,-5.044908580E-1,-5.338131923E-1,6.324068238E-1,1.514993370E2,-9.488518484E1,2.204169286E1,1.135124596E2
7.154167375E0,2.452778839E-1,-5.029570341E-1,-5.378426154E-1,6.305540272E-1,1.516034872E2,-9.521835306E1,2.174284026E1,1.137265805E2
7.164211375E0,2.443520441E-1,-5.017872878E-1,-5.420725601E-1,6.282189654E-1,1.517129104E2,-9.562702799E1,2.144152723E1,1.138933473E2
7.174256375E0,2.432779738E-1,-5.011148862E-1,-5.465027747E-1,6.253275230E-1,1.518398197E2,-9.612824063E1,2.115042139E1,1.140041791E2
7.184300375E0,2.419731073E-1,-5.009599834E-1,-5.511507845E-1,6.218688683E-1,1.519939519E2,-9.672741105E1,2.087531631E1,1.140630120E2
7.194344375E0,2.404497306E-1,-5.012346465E-1,-5.560595094E-1,6.178556665E-1,1.521738293E2,-9.741991883E1,2.060801660E1,1.140794860E2
7.204389375E0,2.387209722E-1,-5.017724113E-1,-5.612681302E-1,6.133634657E-1,1.523778732E2,-9.819123829E1,2.033843850E1,1.140732180E2
7.214433375E0,2.367290279E-1,-5.024037658E-1,-5.668005837E-1,6.085121106E-1,1.526128700E2,-9.902501848E1,2.006471203E1,1.140701070E2
7.224477375E0,2.343595320E-1,-5.029375820E-1,-5.726466202E-1,6.034941911E-1,1.528922552E2,-9.989809797E1,1.979339356E1,1.141035064E2
7.234522375E0,2.314989411E-1,-5.031643373E-1,-5.787397006E-1,5.985768340E-1,1.532293265E2,-1.007773875E2,1.953665075E1,1.142096583E2
7.244566375E0,2.286731846E-1,-5.034255925E-1,-5.848670647E-1,5.934659174E-1,1.535620617E2,-1.016745543E2,1.927150887E1,1.143058147E2
7.254610375E0,2.269845711E-1,-5.038095292E-1,-5.900814939E-1,5.886065965E-1,1.537607888E2,-1.024606735E2,1.897844579E1,1.143108357E2
7.264655375E0,2.258697659E-1,-5.018865950E-1,-5.924034744E-1,5.883458129E-1,1.538919424E2,-1.025510031E2,1.884164563E1,1.146140543E2
7.274699375E0,2.264626456E-1,-5.001511300E-1,-5.921052697E-1,5.898939088E-1,1.538221962E2,-1.022868404E2,1.877742958E1,1.147999835E2
7.284743375E0,2.287947361E-1,-4.997964327E-1,-5.905142999E-1,5.908887220E-1,1.535477536E2,-1.020036225E2,1.868923532E1,1.146920119E2
7.294788375E0,2.312340271E-1,-4.996615417E-1,-5.883287540E-1,5.922317734E-1,1.532605301E2,-1.016656198E2,1.864766318E1,1.145541973E2
7.304832375E0,2.330486808E-1,-4.992242313E-1,-5.858259846E-1,5.943664481E-1,1.530467459E2,-1.012517077E2,1.868665242E1,1.145062752E2
7.314876375E0,2.342701807E-1,-4.985027299E-1,-5.830918658E-1,5.971736811E-1,1.529027873E2,-1.007761286E2,1.879501596E1,1.145428656E2
7.324921375E0,2.349149854E-1,-4.975068868E-1,-5.802623766E-1,6.004976766E-1,1.528267770E2,-1.002588613E2,1.895823252E1,1.146602365E2
7.334965375E0,2.348439258E-1,-4.961410207E-1,-5.775905747E-1,6.042197491E-1,1.528351542E2,-9.972345656E1,1.916375236E1,1.148786684E2
7.345010375E0,2.339679035E-1,-4.943365956E-1,-5.752568536E-1,6.082515587E-1,1.529384159E2,-9.918619487E1,1.940106897E1,1.152120003E2
7.355054375E0,2.323348607E-1,-4.921968844E-1,-5.733619313E-1,6.123879558E-1,1.531308523E2,-9.867282548E1,1.965811712E1,1.156420611E2
7.365098375E0,2.302824777E-1,-4.900012786E-1,-5.718992750E-1,6.162791215E-1,1.533725941E2,-9.821459232E1,1.991089546E1,1.161065398E2
7.375143375E0,2.291263686E-1,-4.889079366E-1,-5.702321669E-1,6.191167213E-1,1.535087142E2,-9.785926345E1,2.012513956E1,1.163627514E2
7.385187375E0,2.355283906E-1,-4.947030466E-1,-5.636834712E-1,6.181069671E-1,1.527544567E2,-9.765264030E1,2.024479816E1,1.152077438E2
7.395231375E0,2.498565489E-1,-5.058245555E-1,-5.483190391E-1,6.173001078E-1,1.510619527E2,-9.693132502E1,2.051722131E1,1.128326629E2
7.405276375E0,2.615679991E-1,-5.137414360E-1,-5.296169487E-1,6.222200569E-1,1.496737560E2,-9.546993058E1,2.123897917E1,1.110841136E2
7.415320375E0,2.670834621E-1,-5.172605090E-1,-5.123832912E-1,6.313250828E-1,1.490184214E2,-9.372999136E1,2.229781405E1,1.103807549E2
7.425364375E0,2.683256140E-1,-5.179931640E-1,-4.968516976E-1,6.425128794E-1,1.488706892E2,-9.189720930E1,2.351558385E1,1.103830108E2
7.435409375E0,2.689484180E-1,-5.188209011E-1,-4.809828461E-1,6.535649211E-1,1.487965976E2,-9.006559380E1,2.479968751E1,1.104374836E2
7.445453375E0,2.706356617E-1,-5.231914950E-1,-4.638042463E-1,6.617497337E-1,1.485958082E2,-8.857513412E1,2.619322336E1,1.099426491E2
7.455497375E0,2.721461626E-1,-5.310564605E-1,-4.466582077E-1,6.666423506E-1,1.484159679E2,-8.760799252E1,2.770613321E1,1.089720326E2
7.465542375E0,2.730584944E-1,-5.394926106E-1,-4.305905277E-1,6.700586687E-1,1.483073071E2,-8.690844184E1,2.919809257E1,1.079324386E2
7.475586375E0,2.743043552E-1,-5.463322327E-1,-4.159176609E-1,6.732687413E-1,1.481588748E2,-8.620257218E1,3.049617083E1,1.070438564E2
7.485630375E0,2.767042600E-1,-5.515237024E-1,-4.023752146E-1,6.762769516E-1,1.478727946E2,-8.543442849E1,3.155304103E1,1.062538286E2
7.495675375E0,2.801605545E-1,-5.561468482E-1,-3.896897982E-1,6.784928643E-1,1.474604253E2,-8.471883996E1,3.243428384E1,1.054204325E2
7.505719375E0,2.843097642E-1,-5.615497106E-1,-3.775103126E-1,6.792024275E-1,1.469648114E2,-8.421553171E1,3.324033264E1,1.043760250E2
7.515763375E0,2.888135554E-1,-5.686601896E-1,-3.653787953E-1,6.780197237E-1,1.464261227E2,-8.402420452E1,3.406084297E1,1.030046562E2
7.525808375E0,2.928566815E-1,-5.770057292E-1,-3.533082329E-1,6.756275740E-1,1.459418820E2,-8.408504390E1,3.494183828E1,1.014408052E2
7.535852375E0,2.960761528E-1,-5.857704087E-1,-3.415528973E-1,6.727210852E-1,1.455558412E2,-8.430426488E1,3.586439574E1,9.983481925E1
7.545896375E0,2.985858290E-1,-5.944900753E-1,-3.301717415E-1,6.696377903E-1,1.452546309E2,-8.461578468E1,3.679951601E1,9.824685552E1
7.555941375E0,3.003075067E-1,-6.027426179E-1,-3.193866791E-1,6.667150117E-1,1.450478528E2,-8.496716548E1,3.772604677E1,9.675494880E1
7.565985375E0,3.007406709E-1,-6.098486609E-1,-3.098759898E-1,6.645422785E-1,1.449958101E2,-8.529231627E1,3.862025302E1,9.552909228E1
7.576030375E0,2.997316965E-1,-6.151140351E-1,-3.020024844E-1,6.637696214E-1,1.451170222E2,-8.547891424E1,3.946068398E1,9.472455108E1
7.586074375E0,2.975257304E-1,-6.183778343E-1,-2.954866343E-1,6.646615330E-1,1.453818936E2,-8.544614249E1,4.025526903E1,9.437174232E1
7.596118375E0,2.947947832E-1,-6.201123457E-1,-2.899199628E-1,6.667107128E-1,1.457095358E2,-8.522644258E1,4.099075948E1,9.433946366E1
7.606163375E0,2.920116371E-1,-6.208368711E-1,-2.851382132E-1,6.693183594E-1,1.460431435E2,-8.489309844E1,4.164763392E1,9.449642274E1
7.616207375E0,2.893571865E-1,-6.208925682E-1,-2.811317548E-1,6.721085229E-1,1.463610487E2,-8.450551751E1,4.221537737E1,9.476553195E1
7.626251375E0,2.870145593E-1,-6.206606130E-1,-2.777338548E-1,6.747347141E-1,1.466413876E2,-8.412017620E1,4.269809250E1,9.505885762E1
7.636296375E0,2.853079912E-1,-6.205922719E-1,-2.746808004E-1,6.767680045E-1,1.468454808E2,-8.380216133E1,4.309866277E1,9.525917801E1
7.646340375E0,2.844537589E-1,-6.210413466E-1,-2.717063708E-1,6.779154103E-1,1.469476002E2,-8.359885296E1,4.342868649E1,9.527662441E1
7.656384375E0,2.844931451E-1,-6.221091054E-1,-2.686496179E-1,6.781380089E-1,1.469428924E2,-8.351800060E1,4.370089550E1,9.508574763E1
7.666429375E0,2.854114617E-1,-6.236957235E-1,-2.655716757E-1,6.775068809E-1,1.468331096E2,-8.354842051E1,4.390954752E1,9.470449810E1
7.676473375E0,2.871562991E-1,-6.256386721E-1,-2.626219232E-1,6.761266137E-1,1.466244317E2,-8.367332785E1,4.404274504E1,9.416721394E1
7.686517375E0,2.895501558E-1,-6.277214851E-1,-2.600116846E-1,6.741811995E-1,1.463379471E2,-8.386798068E1,4.409285196E1,9.353252004E1
7.696562375E0,2.924621237E-1,-6.297228703E-1,-2.579900688E-1,6.718303747E-1,1.459891652E2,-8.410846033E1,4.404548885E1,9.285724139E1
7.706606375E0,2.959452868E-1,-6.316363794E-1,-2.567345564E-1,6.689837134E-1,1.455715409E2,-8.440729910E1,4.387998975E1,9.213906793E1
7.716650375E0,3.000464491E-1,-6.335233149E-1,-2.564647112E-1,6.654669593E-1,1.450792140E2,-8.479326382E1,4.357274748E1,9.136359001E1
7.726695375E0,3.047082067E-1,-6.353439534E-1,-2.573625444E-1,6.612529698E-1,1.445187804E2,-8.526953695E1,4.311031336E1,9.054797288E1
7.736739375E0,3.099360175E-1,-6.369685458E-1,-2.595175971E-1,6.564003503E-1,1.438892507E2,-8.581323784E1,4.248095122E1,8.972199713E1
7.746783375E0,3.157204195E-1,-6.382666687E-1,-2.628471981E-1,6.510358151E-1,1.431913793E2,-8.638733573E1,4.168972647E1,8.891599243E1
7.756828375E0,3.219900161E-1,-6.392268793E-1,-2.670968437E-1,6.452678503E-1,1.424333692E2,-8.696539658E1,4.076363942E1,8.814046951E1
7.766872375E0,3.285603832E-1,-6.399523319E-1,-2.719963938E-1,6.391612672E-1,1.416371602E2,-8.754343593E1,3.974195253E1,8.739249385E1
7.776916375E0,3.351439527E-1,-6.404294132E-1,-2.774291437E-1,6.328996153E-1,1.408374163E2,-8.810905261E1,3.865999985E1,8.670055485E1
7.786961375E0,3.414422513E-1,-6.404130813E-1,-2.834931269E-1,6.268332929E-1,1.400704636E2,-8.862662089E1,3.753684038E1,8.613694865E1
7.797005375E0,3.472419738E-1,-6.395519369E-1,-2.902175722E-1,6.214259576E-1,1.393625712E2,-8.903947282E1,3.639274081E1,8.578197245E1
7.807050375E0,3.522206967E-1,-6.375994630E-1,-2.973686070E-1,6.172353808E-1,1.387535937E2,-8.929263975E1,3.528325919E1,8.570146616E1
7.817094375E0,3.561991906E-1,-6.346319034E-1,-3.045022139E-1,6.145266028E-1,1.382660842E2,-8.937313170E1,3.426834043E1,8.588715908E1
7.827138375E0,3.593232731E-1,-6.316250313E-1,-3.111622063E-1,6.124661382E-1,1.378827165E2,-8.941984921E1,3.337265534E1,8.614632538E1
7.837182625E0,3.624113200E-1,-6.308662827E-1,-3.167152432E-1,6.085698833E-1,1.375032850E2,-8.976895771E1,3.256731161E1,8.600815388E1
7.847226625E0,3.662737204E-1,-6.334508328E-1,-3.204941086E-1,6.015540557E-1,1.370280187E2,-9.053629994E1,3.182541237E1,8.521794267E1
7.857270625E0,3.708717308E-1,-6.384764125E-1,-3.223194991E-1,5.923784761E-1,1.364612215E2,-9.154571790E1,3.115539765E1,8.393646406E1
7.867315625E0,3.750500535E-1,-6.433878585E-1,-3.231137249E-1,5.839409615E-1,1.359451870E2,-9.244373898E1,3.059946708E1,8.271003287E1
7.877359625E0,3.781906365E-1,-6.467691000E-1,-3.234779053E-1,5.779478798E-1,1.355566971E2,-9.304387158E1,3.019370787E1,8.184030991E1
7.887403625E0,3.804966275E-1,-6.481769628E-1,-3.238219184E-1,5.746548939E-1,1.352711034E2,-9.330578295E1,2.990278203E1,8.138702077E1
7.897448625E0,3.825210566E-1,-6.476795035E-1,-3.244245762E-1,5.735307215E-1,1.350201392E2,-9.326396045E1,2.965192952E1,8.128868256E1
7.907492625E0,3.850661783E-1,-6.458613938E-1,-3.252384107E-1,5.734170515E-1,1.347043025E2,-9.301434699E1,2.935499316E1,8.136736581E1
7.917536625E0,3.889971622E-1,-6.439415206E-1,-3.257997225E-1,5.726037543E-1,1.342157714E2,-9.272558470E1,2.894542605E1,8.132692563E1
7.927581625E0,3.944728597E-1,-6.436933810E-1,-3.252027334E-1,5.694674598E-1,1.335337965E2,-9.262057714E1,2.846081144E1,8.084347141E1
7.937625625E0,4.011765319E-1,-6.474262852E-1,-3.216606701E-1,5.625221175E-1,1.326965004E2,-9.293927094E1,2.805362818E1,7.954078573E1
7.947669625E0,4.097345970E-1,-6.579376460E-1,-3.121563661E-1,5.493579076E-1,1.316236726E2,-9.393293478E1,2.784517668E1,7.682543906E1
7.957714625E0,4.203457036E-1,-6.750706245E-1,-2.960595258E-1,5.290917167E-1,1.302871698E2,-9.562440955E1,2.773959851E1,7.258991112E1
7.967758625E0,4.315451275E-1,-6.949674562E-1,-2.764333611E-1,5.043547250E-1,1.288686843E2,-9.769940861E1,2.754423573E1,6.756195846E1
7.977803625E0,4.417257343E-1,-7.141349157E-1,-2.562569904E-1,4.787713838E-1,1.275719166E2,-9.979699747E1,2.722101447E1,6.252823110E1
7.987847625E0,4.502295413E-1,-7.309164210E-1,-2.375336955E-1,4.545681287E-1,1.264831759E2,-1.017190109E2,2.678303598E1,5.793776814E1
7.997891625E0,4.575325187E-1,-7.454475796E-1,-2.204991827E-1,4.316850629E-1,1.255440006E2,-1.034474575E2,2.622045025E1,5.378231167E1
8.007936625E0,4.669065494E-1,-7.586791402E-1,-2.025377342E-1,4.066727813E-1,1.243326388E2,-1.049545970E2,2.533663977E1,4.948212551E1
8.017980625E0,4.807066867E-1,-7.694819043E-1,-1.826198712E-1,3.787725000E-1,1.225368660E2,-1.059459813E2,2.403809680E1,4.494852148E1
8.028024625E0,4.959728390E-1,-7.765286466E-1,-1.636800468E-1,3.524529153E-1,1.205321582E2,-1.063353143E2,2.264484877E1,4.086324376E1
8.038069625E0,5.061392858E-1,-7.825790164E-1,-1.485247777E-1,3.306562143E-1,1.191859801E2,-1.068087658E2,2.154185340E1,3.757315587E1
8.048113625E0,5.088789100E-1,-7.876643919E-1,-1.401837267E-1,3.177664488E-1,1.188216334E2,-1.074580503E2,2.097211511E1,3.565168626E1
8.058157625E0,5.085963364E-1,-7.893347136E-1,-1.387073647E-1,3.147073674E-1,1.188592449E2,-1.077277892E2,2.083799388E1,3.522725585E1
8.068202625E0,5.073655115E-1,-7.876289464E-1,-1.420796184E-1,3.194280357E-1,1.190229869E2,-1.075278709E2,2.103934398E1,3.595035546E1
8.078246625E0,5.054747090E-1,-7.833425698E-1,-1.486953670E-1,3.297871515E-1,1.192742606E2,-1.069630725E2,2.149063437E1,3.749364632E1
8.088290625E0,5.027400476E-1,-7.770803910E-1,-1.575860761E-1,3.443328771E-1,1.196371075E2,-1.061314278E2,2.212935983E1,3.965343028E1
8.098335625E0,4.991158296E-1,-7.693251601E-1,-1.680566599E-1,3.616339161E-1,1.201169580E2,-1.051119474E2,2.287168502E1,4.225597830E1
8.108379625E0,4.946621721E-1,-7.605326743E-1,-1.795823689E-1,3.803282350E-1,1.207050479E2,-1.039795787E2,2.363063203E1,4.514254146E1
8.118424625E0,4.893633913E-1,-7.511249076E-1,-1.919964702E-1,3.993398302E-1,1.214025046E2,-1.028148773E2,2.433028842E1,4.820039753E1
8.128468625E0,4.832794278E-1,-7.415324113E-1,-2.051993498E-1,4.176887794E-1,1.222003868E2,-1.017016331E2,2.490546244E1,5.131933399E1
8.138512625E0,4.766027480E-1,-7.323300684E-1,-2.185632725E-1,4.344796071E-1,1.230724876E2,-1.007229381E2,2.534255615E1,5.433659734E1
8.148557625E0,4.696566563E-1,-7.242177063E-1,-2.310864710E-1,4.489213472E-1,1.239759767E2,-9.995309759E1,2.566896737E1,5.705699938E1
8.158601625E0,4.629864718E-1,-7.176155710E-1,-2.419369243E-1,4.605843317E-1,1.248400248E2,-9.940692023E1,2.591376760E1,5.934088922E1
8.168645625E0,4.572884516E-1,-7.127055685E-1,-2.505934444E-1,4.691918332E-1,1.255754517E2,-9.906358900E1,2.607863589E1,6.109681277E1
8.178690625E0,4.529771042E-1,-7.095175809E-1,-2.568630410E-1,4.747820002E-1,1.261302942E2,-9.889586160E1,2.616937504E1,6.229900496E1
8.188734625E0,4.503168715E-1,-7.080254982E-1,-2.606173137E-1,4.774864028E-1,1.264719682E2,-9.887554284E1,2.619479561E1,6.294224430E1
8.198778625E0,4.496338331E-1,-7.080867586E-1,-2.616781709E-1,4.774589296E-1,1.265596130E2,-9.895552356E1,2.615787004E1,6.302715045E1
8.208823625E0,4.510704519E-1,-7.094133518E-1,-2.600235067E-1,4.750324499E-1,1.263752324E2,-9.907983784E1,2.606629924E1,6.259476884E1
8.218867625E0,4.545432963E-1,-7.116566178E-1,-2.558065881E-1,4.706359996E-1,1.259288941E2,-9.920010224E1,2.593250839E1,6.171611207E1
8.228911625E0,4.598112830E-1,-7.144993173E-1,-2.491714308E-1,4.647341242E-1,1.252501388E2,-9.927906525E1,2.578279690E1,6.046569831E1
8.238956625E0,4.666635527E-1,-7.176974413E-1,-2.401671570E-1,4.576628595E-1,1.243641249E2,-9.929055797E1,2.564363328E1,5.889462464E1
8.249000625E0,4.747785244E-1,-7.210109211E-1,-2.289751668E-1,4.497766609E-1,1.233101385E2,-9.922033328E1,2.554137609E1,5.706593157E1
8.259045625E0,4.834880864E-1,-7.240717728E-1,-2.164373434E-1,4.417173405E-1,1.221730733E2,-9.906715915E1,2.549170127E1,5.512822712E1
8.269089625E0,4.922404511E-1,-7.266122584E-1,-2.037158650E-1,4.338591633E-1,1.210241068E2,-9.885180623E1,2.546377748E1,5.322382428E1
8.279133625E0,5.009239478E-1,-7.286861151E-1,-1.914682648E-1,4.259478811E-1,1.198777065E2,-9.861328431E1,2.540046948E1,5.138000280E1
8.289178625E0,5.094489514E-1,-7.305427681E-1,-1.797794264E-1,4.176700267E-1,1.187457367E2,-9.839590854E1,2.528205944E1,4.956490577E1
8.299222625E0,5.176805101E-1,-7.323957965E-1,-1.685030371E-1,4.089132340E-1,1.176464142E2,-9.822904490E1,2.511972732E1,4.774852807E1
8.309266625E0,5.254940142E-1,-7.343193786E-1,-1.575547189E-1,3.997592914E-1,1.165969880E2,-9.812071432E1,2.493020110E1,4.592910944E1
8.319311625E0,5.326958991E-1,-7.362478920E-1,-1.471380831E-1,3.905437987E-1,1.156244250E2,-9.806433623E1,2.472821355E1,4.415652424E1
8.329355625E0,5.391346258E-1,-7.380423151E-1,-1.377380926E-1,3.816486695E-1,1.147505030E2,-9.804596527E1,2.450842139E1,4.250968133E1
8.339399625E0,5.447344246E-1,-7.395800007E-1,-1.297968677E-1,3.734150297E-1,1.139869660E2,-9.804900589E1,2.426332791E1,4.105892666E1
8.349444625E0,5.495081242E-1,-7.407954316E-1,-1.235237307E-1,3.660668321E-1,1.133334504E2,-9.805845477E1,2.399184964E1,3.984235151E1
8.359488625E0,5.534968809E-1,-7.417190797E-1,-1.189403031E-1,3.596486468E-1,1.127855081E2,-9.807244400E1,2.369390405E1,3.886304786E1
8.369532625E0,5.567480888E-1,-7.424421300E-1,-1.159419974E-1,3.540744732E-1,1.123375932E2,-9.809893797E1,2.336945948E1,3.810023347E1
8.379577625E0,5.592544144E-1,-7.431209893E-1,-1.143585824E-1,3.491817930E-1,1.119914976E2,-9.815864828E1,2.302031957E1,3.751914603E1
8.389621625E0,5.609706340E-1,-7.439423681E-1,-1.139703889E-1,3.447789646E-1,1.117540997E2,-9.827852238E1,2.265139362E1,3.707796751E1
8.399666625E0,5.618608281E-1,-7.450780360E-1,-1.145274227E-1,3.406679926E-1,1.116308313E2,-9.848311904E1,2.226875329E1,3.673302177E1
8.409710625E0,5.618891824E-1,-7.467004790E-1,-1.157843682E-1,3.366198405E-1,1.116269035E2,-9.879782247E1,2.187558792E1,3.643903622E1
8.419754625E0,5.610422310E-1,-7.489531227E-1,-1.175285944E-1,3.323971162E-1,1.117441887E2,-9.924373230E1,2.147053537E1,3.615448921E1
8.429799625E0,5.593497084E-1,-7.519061627E-1,-1.195864775E-1,3.278172605E-1,1.119783247E2,-9.982974444E1,2.105072435E1,3.584886468E1
8.439843625E0,5.568976469E-1,-7.555323300E-1,-1.218649151E-1,3.227768767E-1,1.123169606E2,-1.005490702E2,2.060994775E1,3.550872752E1
8.449887625E0,5.537718364E-1,-7.597286388E-1,-1.243458472E-1,3.173127380E-1,1.127476730E2,-1.013835327E2,2.014668084E1,3.514125780E1
8.459932625E0,5.500515762E-1,-7.643115186E-1,-1.270635602E-1,3.116506039E-1,1.132588972E2,-1.023022358E2,1.967066993E1,3.477567381E1
8.469976625E0,5.457875585E-1,-7.690456001E-1,-1.301279101E-1,3.061888149E-1,1.138430019E2,-1.032674646E2,1.920214086E1,3.446194561E1
8.480020625E0,5.410434460E-1,-7.737220037E-1,-1.336590152E-1,3.012667163E-1,1.144906020E2,-1.042463313E2,1.875745710E1,3.424364604E1
8.490065625E0,5.358591624E-1,-7.782313582E-1,-1.377092641E-1,2.970639695E-1,1.151956071E2,-1.052222323E2,1.834774144E1,3.414157447E1
8.500109625E0,5.302510395E-1,-7.825391876E-1,-1.422563190E-1,2.936485364E-1,1.159551638E2,-1.061903164E2,1.798209977E1,3.415848597E1
8.510153625E0,5.242893151E-1,-7.866658277E-1,-1.471222148E-1,2.909168833E-1,1.167591748E2,-1.071503123E2,1.766430697E1,3.426834837E1
8.520198625E0,5.185409485E-1,-7.910914364E-1,-1.510786027E-1,2.871669517E-1,1.175311360E2,-1.081446900E2,1.731769646E1,3.421786021E1
8.530242625E0,5.188614648E-1,-7.959399467E-1,-1.469323433E-1,2.750877176E-1,1.174881765E2,-1.088859011E2,1.658464582E1,3.281357227E1
8.540286625E0,5.292123304E-1,-7.942477507E-1,-1.375722869E-1,2.649123515E-1,1.160954988E2,-1.081521248E2,1.597406299E1,3.126263221E1
8.550331625E0,5.422428294E-1,-7.890136179E-1,-1.274884848E-1,2.591849741E-1,1.143271023E2,-1.067598763E2,1.570839606E1,3.006439352E1
8.560375625E0,5.543003263E-1,-7.836183366E-1,-1.173287130E-1,2.548085718E-1,1.126749270E2,-1.053938335E2,1.562110891E1,2.896330180E1
8.570420625E0,5.649453663E-1,-7.784555795E-1,-1.077970557E-1,2.514427982E-1,1.112030049E2,-1.041390930E2,1.564494053E1,2.799023271E1
8.580464625E0,5.743190889E-1,-7.735738575E-1,-9.921698992E-2,2.487914138E-1,1.098960770E2,-1.029990702E2,1.572096262E1,2.715152689E1
8.590508625E0,5.823342604E-1,-7.691024983E-1,-9.202142706E-2,2.467799765E-1,1.087702198E2,-1.019954481E2,1.580854416E1,2.647626382E1
8.600553625E0,5.885404155E-1,-7.652179076E-1,-8.696186649E-2,2.459661735E-1,1.078930001E2,-1.011662823E2,1.590685581E1,2.606805231E1
8.610597625E0,5.921292196E-1,-7.622254603E-1,-8.478879605E-2,2.473989135E-1,1.073834998E2,-1.005749031E2,1.606547456E1,2.606566465E1
8.620641625E0,5.931543258E-1,-7.602949660E-1,-8.460512009E-2,2.509213680E-1,1.072376606E2,-1.002286760E2,1.633068640E1,2.637491212E1
8.630686625E0,5.928112399E-1,-7.587289156E-1,-8.508285461E-2,2.562543035E-1,1.072864857E2,-9.997116924E1,1.673699760E1,2.687735289E1
8.640730625E0,5.962985545E-1,-7.535627024E-1,-8.347657500E-2,2.638239618E-1,1.067894829E2,-9.901982237E1,1.734123187E1,2.747867277E1
8.650774625E0,6.038511011E-1,-7.456919049E-1,-7.740536362E-2,2.707689195E-1,1.057075735E2,-9.750087422E1,1.807958633E1,2.773800692E1
8.660819625E0,6.107157901E-1,-7.387742794E-1,-6.910030604E-2,2.765213111E-1,1.047174455E2,-9.613648483E1,1.891544074E1,2.770761056E1
8.670863625E0,6.157166296E-1,-7.332310627E-1,-6.020089361E-2,2.822078166E-1,1.039919793E2,-9.503249464E1,1.985943160E1,2.760406264E1
8.680908625E0,6.188520496E-1,-7.285789146E-1,-5.244155343E-2,2.888681671E-1,1.035352931E2,-9.412101522E1,2.085593311E1,2.766981154E1
8.690952625E0,6.207473091E-1,-7.245228916E-1,-4.614504607E-2,2.959898044E-1,1.032585450E2,-9.334227561E1,2.181518834E1,2.789412839E1
8.700996625E0,6.220886536E-1,-7.210022389E-1,-4.040873355E-2,3.025370855E-1,1.030623601E2,-9.266880138E1,2.270485437E1,2.811185348E1
8.711041625E0,6.234613027E-1,-7.180204758E-1,-3.416564732E-2,3.075311394E-1,1.028613199E2,-9.209007741E1,2.351726516E1,2.814543024E1
8.721085625E0,6.252846175E-1,-7.153547298E-1,-2.688785596E-2,3.107473232E-1,1.025938387E2,-9.156579014E1,2.426540676E1,2.793490802E1
8.731129625E0,6.278296233E-1,-7.125551254E-1,-1.851601671E-2,3.126536989E-1,1.022196460E2,-9.102121561E1,2.498090444E1,2.753011131E1
8.741174625E0,6.312540021E-1,-7.092213729E-1,-8.948028820E-3,3.137568189E-1,1.017145975E2,-9.039107797E1,2.570572548E1,2.698230455E1
8.751218625E0,6.355974561E-1,-7.051869079E-1,1.981239055E-3,3.142027642E-1,1.010713785E2,-8.965342045E1,2.646569424E1,2.629862454E1
8.761262625E0,6.406058715E-1,-7.005580882E-1,1.387533259E-2,3.140859121E-1,1.003259747E2,-8.883653457E1,2.724833570E1,2.551657635E1
8.771307625E0,6.457273985E-1,-6.955701772E-1,2.585776591E-2,3.139262493E-1,9.955952952E1,-8.798542184E1,2.804141176E1,2.474551972E1
8.781351625E0,6.503373470E-1,-6.906582571E-1,3.761062535E-2,3.140669249E-1,9.886591756E1,-8.717560017E1,2.886483750E1,2.402454105E1
8.791396625E0,6.537577007E-1,-6.867235748E-1,5.006942343E-2,3.138545364E-1,9.834896153E1,-8.657828156E1,2.977063556E1,2.317504377E1
8.801440625E0,6.555333475E-1,-6.843503700E-1,6.356577156E-2,3.128897950E-1,9.807979287E1,-8.631337061E1,3.076989436E1,2.209669916E1
8.811484625E0,6.556914614E-1,-6.832265243E-1,7.699658133E-2,3.119963029E-1,9.805579794E1,-8.631930251E1,3.182322788E1,2.095931828E1
8.821529625E0,6.547454016E-1,-6.826614826E-1,8.911955332E-2,3.119927099E-1,9.819930445E1,-8.644637682E1,3.286572260E1,1.997072046E1
8.831574125E0,6.531823963E-1,-6.820698041E-1,9.884689845E-2,3.136284607E-1,9.843605425E1,-8.654720026E1,3.384603589E1,1.932687919E1
8.841618125E0,6.512587614E-1,-6.811560604E-1,1.055173959E-1,3.174184423E-1,9.872685109E1,-8.652661992E1,3.474055075E1,1.915956564E1
8.851663125E0,6.491998879E-1,-6.798030412E-1,1.094394341E-1,3.231569043E-1,9.903739205E1,-8.635081753E1,3.555345391E1,1.944143388E1
8.861707125E0,6.472215885E-1,-6.780762637E-1,1.115831282E-1,3.299484580E-1,9.933510474E1,-8.604995246E1,3.629184432E1,2.000781195E1
8.871751125E0,6.455189085E-1,-6.760906836E-1,1.125684793E-1,3.369496712E-1,9.959081479E1,-8.566191398E1,3.693776823E1,2.072094588E1
8.881796125E0,6.442092058E-1,-6.739240194E-1,1.127788553E-1,3.436596497E-1,9.978717940E1,-8.521360169E1,3.748165190E1,2.149474196E1
8.891840125E0,6.432519665E-1,-6.716775924E-1,1.126522462E-1,3.498365232E-1,9.993051980E1,-8.473851181E1,3.794336596E1,2.225978282E1
8.901885125E0,6.424773391E-1,-6.694814044E-1,1.126041145E-1,3.554404209E-1,1.000464051E2,-8.427418116E1,3.836089002E1,2.296611471E1
8.911929125E0,6.418138739E-1,-6.674412230E-1,1.129375171E-1,3.603365255E-1,1.001455823E2,-8.385082585E1,3.875390569E1,2.356558613E1
8.921973125E0,6.413379622E-1,-6.656941940E-1,1.138277850E-1,3.641156542E-1,1.002166790E2,-8.350387200E1,3.910795241E1,2.399050088E1
8.932018125E0,6.411083251E-1,-6.642947500E-1,1.152470380E-1,3.666208840E-1,1.002509715E2,-8.324636843E1,3.940962603E1,2.422063615E1
8.942062125E0,6.411342560E-1,-6.631638237E-1,1.169054743E-1,3.680947909E-1,1.002470996E2,-8.305534022E1,3.965166392E1,2.430822893E1
8.952106125E0,6.413824693E-1,-6.622783605E-1,1.184198527E-1,3.687717852E-1,1.002100317E2,-8.291552741E1,3.981896606E1,2.430992185E1
8.962151125E0,6.418299529E-1,-6.616652503E-1,1.195380508E-1,3.687329574E-1,1.001431796E2,-8.282535124E1,3.989642571E1,2.425276448E1
8.972195125E0,6.423944046E-1,-6.613795157E-1,1.201317945E-1,3.680692078E-1,1.000588064E2,-8.279137006E1,3.988216920E1,2.415296386E1
8.982239125E0,6.429836702E-1,-6.614242546E-1,1.200816608E-1,3.669747700E-1,9.997066841E1,-8.280897837E1,3.978235914E1,2.404069007E1
8.992284125E0,6.436127330E-1,-6.616817508E-1,1.192164071E-1,3.656876263E-1,9.987651505E1,-8.284829527E1,3.959792263E1,2.396340994E1
9.002328125E0,6.443692690E-1,-6.620049539E-1,1.173994354E-1,3.643558702E-1,9.976319624E1,-8.287619569E1,3.932422193E1,2.395794327E1
9.012373125E0,6.453551154E-1,-6.623152601E-1,1.145684948E-1,3.629454365E-1,9.961538796E1,-8.287765159E1,3.895010071E1,2.403064200E1
9.022417125E0,6.466341247E-1,-6.625369736E-1,1.106855689E-1,3.614661453E-1,9.942338524E1,-8.283980497E1,3.847078488E1,2.418932463E1
9.032461125E0,6.481438670E-1,-6.625130131E-1,1.053127097E-1,3.604098188E-1,9.919639371E1,-8.272302857E1,3.788422806E1,2.452830863E1
9.042506125E0,6.498036941E-1,-6.621459562E-1,9.826276420E-2,3.600867211E-1,9.894639422E1,-8.251141160E1,3.719739842E1,2.509551898E1
9.052550125E0,6.515890241E-1,-6.614135493E-1,8.980344916E-2,3.604154771E-1,9.867697022E1,-8.221896343E1,3.642693772E1,2.585519919E1
9.062594125E0,6.535094031E-1,-6.602786822E-1,8.048117740E-2,3.612205662E-1,9.838655718E1,-8.186078822E1,3.560563190E1,2.674151157E1
9.072639125E0,6.555526507E-1,-6.587183637E-1,7.100037027E-2,3.623531679E-1,9.807686370E1,-8.145068186E1,3.478275101E1,2.768110231E1
9.082683125E0,6.576005977E-1,-6.570173380E-1,6.220666213E-2,3.633456103E-1,9.776572711E1,-8.105356729E1,3.400484512E1,2.854490755E1
9.092727125E0,6.592557993E-1,-6.560286994E-1,5.482434659E-2,3.633214074E-1,9.751371903E1,-8.082725983E1,3.329741288E1,2.914834188E1
9.102772125E0,6.598139500E-1,-6.570827710E-1,4.947247654E-2,3.611652168E-1,9.742862979E1,-8.100581866E1,3.267793053E1,2.927395208E1
9.112816125E0,6.587343690E-1,-6.610850357E-1,4.697063962E-2,3.561311445E-1,9.759316027E1,-8.174407374E1,3.219133448E1,2.875311235E1
9.122861125E0,6.559747725E-1,-6.680799585E-1,4.858050172E-2,3.478595621E-1,9.801279249E1,-8.305700632E1,3.190626557E1,2.746029186E1
9.132905125E0,6.519598953E-1,-6.770543923E-1,5.462610889E-2,3.369890996E-1,9.862093384E1,-8.478428741E1,3.183992989E1,2.547810902E1
9.142949125E0,6.475237182E-1,-6.864219298E-1,6.377427202E-2,3.247627730E-1,9.928968004E1,-8.665637267E1,3.190006422E1,2.309619960E1
9.152994125E0,6.435690478E-1,-6.948051066E-1,7.449567163E-2,3.122741033E-1,9.988305563E1,-8.841946466E1,3.199366534E1,2.060149386E1
9.163038125E0,6.408684042E-1,-7.014601572E-1,8.658113293E-2,2.995747100E-1,1.002867905E2,-8.993813942E1,3.209019954E1,1.805023495E1
9.173082125E0,6.396423418E-1,-7.064451178E-1,1.006038109E-1,2.857827544E-1,1.004696900E2,-9.124367789E1,3.217321118E1,1.530716322E1
9.183127125E0,6.392964005E-1,-7.100283797E-1,1.146366673E-1,2.720629437E-1,1.005212523E2,-9.234103662E1,3.220285495E1,1.263341844E1
9.193171125E0,6.392147199E-1,-7.125818886E-1,1.254004667E-1,2.605885485E-1,1.005334239E2,-9.318097949E1,3.212018671E1,1.050593683E1
9.203216125E0,6.387183776E-1,-7.152664321E-1,1.331852846E-1,2.503888636E-1,1.006073632E2,-9.396364606E1,3.189237016E1,8.761665744E0
9.213260125E0,6.375281084E-1,-7.185679423E-1,1.404025320E-1,2.398025447E-1,1.007845145E2,-9.485517888E1,3.157740385E1,7.010816318E0
9.223304125E0,6.364026190E-1,-7.215245226E-1,1.487595145E-1,2.286148323E-1,1.009518162E2,-9.573859547E1,3.128157460E1,5.123121876E0
9.233349125E0,6.357505229E-1,-7.232653139E-1,1.578317501E-1,2.186270407E-1,1.010486568E2,-9.644222572E1,3.112681045E1,3.326803467E0
9.243393125E0,6.346956505E-1,-7.244534757E-1,1.655176916E-1,2.119729174E-1,1.012051698E2,-9.701058053E1,3.114701315E1,1.959027968E0
9.253437125E0,6.320546026E-1,-7.264751336E-1,1.702631317E-1,2.091682553E-1,1.015962588E2,-9.763201596E1,3.127473387E1,1.141559786E0
9.263482125E0,6.288564154E-1,-7.288998629E-1,1.710263900E-1,2.097485331E-1,1.020683975E2,-9.815505603E1,3.139085833E1,9.720224004E-1
9.273526125E0,6.276472855E-1,-7.298919154E-1,1.671858849E-1,2.129918385E-1,1.022464879E2,-9.817467207E1,3.138522958E1,1.564815256E0
9.283570125E0,6.295292477E-1,-7.286141494E-1,1.587844585E-1,2.181784929E-1,1.019692004E2,-9.753520467E1,3.118846512E1,2.902253967E0
9.293615125E0,6.334103824E-1,-7.258745621E-1,1.471044289E-1,2.241822272E-1,1.013956301E2,-9.648755168E1,3.078455481E1,4.703130069E0
9.303659125E0,6.376773715E-1,-7.227961352E-1,1.339387860E-1,2.302032838E-1,1.007623117E2,-9.536296647E1,3.023843167E1,6.644832536E0
9.313704125E0,6.414828315E-1,-7.199283161E-1,1.202795614E-1,2.360847711E-1,1.001950408E2,-9.432294091E1,2.961983017E1,8.580581357E0
9.323748125E0,6.446930516E-1,-7.172526867E-1,1.065174141E-1,2.420194900E-1,9.971466913E1,-9.338128260E1,2.898105067E1,1.048939362E1
9.333792125E0,6.472380469E-1,-7.147063005E-1,9.291683686E-2,2.482825116E-1,9.933263065E1,-9.253239401E1,2.837086044E1,1.237571496E1
9.343837125E0,6.490644384E-1,-7.122322384E-1,7.964256048E-2,2.551424170E-1,9.905779675E1,-9.176482508E1,2.782856655E1,1.425497914E1
9.353881125E0,6.501355163E-1,-7.097882269E-1,6.670659685E-2,2.628207720E-1,9.889636000E1,-9.106455437E1,2.737619214E1,1.615278445E1
9.363925125E0,6.504153924E-1,-7.073779329E-1,5.414582447E-2,2.713752125E-1,9.885414399E1,-9.042647425E1,2.702403507E1,1.807662766E1
9.373970125E0,6.498903691E-1,-7.050565688E-1,4.203298880E-2,2.806616384E-1,9.893332663E1,-8.985516530E1,2.676924343E1,2.001108124E1
9.384014125E0,6.486576160E-1,-7.029178059E-1,3.033569998E-2,2.902236203E-1,9.911906367E1,-8.936110246E1,2.657453679E1,2.191945250E1
9.394059125E0,6.469231783E-1,-7.010426505E-1,1.896485957E-2,2.994494074E-1,9.937995523E1,-8.895364638E1,2.638439622E1,2.375401590E1
9.404103125E0,6.449700617E-1,-6.995126777E-1,8.055274275E-3,3.076210386E-1,9.967313832E1,-8.864448190E1,2.615241118E1,2.543677697E1
9.414147125E0,6.430184098E-1,-6.984539278E-1,-2.088313123E-3,3.141418304E-1,9.996547056E1,-8.845162908E1,2.585795431E1,2.688422717E1
9.424192125E0,6.411595020E-1,-6.979955808E-1,-1.115742984E-2,3.187354786E-1,1.002433298E2,-8.839012594E1,2.550847038E1,2.804228426E1
9.434236125E0,6.393615385E-1,-6.982502953E-1,-1.896195144E-2,3.214093379E-1,1.005115450E2,-8.847000341E1,2.512542616E1,2.889417879E1
9.444280125E0,6.375802019E-1,-6.992583004E-1,-2.534001295E-2,3.223152844E-1,1.007767660E2,-8.868826990E1,2.473681196E1,2.944229154E1
9.454325125E0,6.358570912E-1,-7.009163785E-1,-3.021950112E-2,3.216966319E-1,1.010328353E2,-8.901837543E1,2.436413582E1,2.970975544E1
9.464369125E0,6.343409321E-1,-7.029918158E-1,-3.354332803E-2,3.198263761E-1,1.012577605E2,-8.941317280E1,2.402372181E1,2.972735599E1
9.474413125E0,6.331757825E-1,-7.052313096E-1,-3.541121314E-2,3.169910311E-1,1.014303668E2,-8.982541406E1,2.371959798E1,2.953899194E1
9.484458125E0,6.323866460E-1,-7.074533336E-1,-3.622148630E-2,3.135043699E-1,1.015471495E2,-9.022509239E1,2.343868528E1,2.921126316E1
9.494502125E0,6.318903247E-1,-7.095667874E-1,-3.645645498E-2,3.096781104E-1,1.016205493E2,-9.060004910E1,2.316632575E1,2.881376152E1
9.504547125E0,6.315929997E-1,-7.115370893E-1,-3.650785306E-2,3.057325964E-1,1.016645016E2,-9.094760230E1,2.289004898E1,2.839860732E1
9.514591125E0,6.313932237E-1,-7.133759563E-1,-3.649166867E-2,3.018373003E-1,1.016940260E2,-9.127089281E1,2.261678482E1,2.798963393E1
9.524635125E0,6.311802557E-1,-7.151127436E-1,-3.641698446E-2,2.981596085E-1,1.017254931E2,-9.157539759E1,2.236243355E1,2.760106482E1
9.534680125E0,6.308601820E-1,-7.167669653E-1,-3.640379249E-2,2.948481411E-1,1.017727725E2,-9.186583892E1,2.213210717E1,2.725454144E1
9.544724125E0,6.303493516E-1,-7.183794194E-1,-3.659657218E-2,2.919783727E-1,1.018481965E2,-9.215085301E1,2.192331170E1,2.696654502E1
9.554768125E0,6.295874103E-1,-7.199836971E-1,-3.715805249E-2,2.895900900E-1,1.019606220E2,-9.243791730E1,2.172868032E1,2.675229120E1
9.564813125E0,6.285157003E-1,-7.216301216E-1,-3.821357817E-2,2.876766230E-1,1.021186034E2,-9.273725417E1,2.154036182E1,2.661952908E1
9.574857125E0,6.270948352E-1,-7.233891414E-1,-3.982681201E-2,2.861364191E-1,1.023277830E2,-9.306227525E1,2.134762759E1,2.656230741E1
9.584902125E0,6.253035309E-1,-7.253268006E-1,-4.201971254E-2,2.848346505E-1,1.025910614E2,-9.342547965E1,2.113989050E1,2.656882625E1
9.594946125E0,6.231289537E-1,-7.275112717E-1,-4.475925770E-2,2.836094100E-1,1.029100220E2,-9.383947753E1,2.090849502E1,2.662067234E1
9.604990125E0,6.205248791E-1,-7.300380175E-1,-4.794914193E-2,2.823019199E-1,1.032910519E2,-9.432138134E1,2.065101743E1,2.669394906E1
9.615035125E0,6.174453248E-1,-7.330008566E-1,-5.140265469E-2,2.807647085E-1,1.037403648E2,-9.488718161E1,2.037266758E1,2.675863328E1
9.625079125E0,6.138829783E-1,-7.364661916E-1,-5.495873181E-2,2.788273970E-1,1.042583995E2,-9.554793398E1,2.007301974E1,2.678604962E1
9.635123125E0,6.098641815E-1,-7.404491741E-1,-5.854009705E-2,2.763577708E-1,1.048406339E2,-9.630625440E1,1.974622760E1,2.675964557E1
9.645168125E0,6.054160347E-1,-7.449306485E-1,-6.211339116E-2,2.732978780E-1,1.054824293E2,-9.715921333E1,1.938821068E1,2.667414012E1
9.655212125E0,6.005360829E-1,-7.498538640E-1,-6.567517918E-2,2.697450883E-1,1.061833972E2,-9.809802420E1,1.900545441E1,2.654079776E1
9.665257125E0,5.952115135E-1,-7.551504163E-1,-6.922702054E-2,2.658550079E-1,1.069445762E2,-9.911224077E1,1.860920676E1,2.637605207E1
9.675301125E0,5.894679938E-1,-7.607506999E-1,-7.272657874E-2,2.617188005E-1,1.077614710E2,-1.001904160E2,1.820787839E1,2.618682829E1
9.685345125E0,5.833280304E-1,-7.665945501E-1,-7.608583008E-2,2.574337410E-1,1.086300787E2,-1.013221632E2,1.781404008E1,2.597572348E1
9.695390125E0,5.768278379E-1,-7.725857246E-1,-7.921911109E-2,2.531900275E-1,1.095445249E2,-1.024905875E2,1.744741832E1,2.575291418E1
9.705434125E0,5.701180701E-1,-7.786257474E-1,-8.194639151E-2,2.489823285E-1,1.104830809E2,-1.036750999E2,1.711495952E1,2.550420791E1
9.715478125E0,5.645644747E-1,-7.847699571E-1,-8.203713368E-2,2.422249980E-1,1.112558938E2,-1.048328518E2,1.671141258E1,2.483474669E1
9.725523125E0,5.660376230E-1,-7.859226523E-1,-7.866237230E-2,2.360915884E-1,1.110512465E2,-1.049637276E2,1.638245774E1,2.404545704E1
9.735567125E0,5.726455745E-1,-7.823263460E-1,-7.411388441E-2,2.335586471E-1,1.101301670E2,-1.041753416E2,1.629340267E1,2.354692601E1
9.745612125E0,5.798531070E-1,-7.783460398E-1,-6.837723471E-2,2.308081438E-1,1.091195767E2,-1.033090909E2,1.626018712E1,2.293582756E1
9.755656125E0,5.864355702E-1,-7.747158896E-1,-6.263282999E-2,2.280037241E-1,1.081910573E2,-1.025257690E2,1.624922196E1,2.231070901E1
9.765700125E0,5.922877023E-1,-7.712217473E-1,-5.783584428E-2,2.259808861E-1,1.073609618E2,-1.017965127E2,1.626329805E1,2.182522684E1
9.775745125E0,5.974267308E-1,-7.679267066E-1,-5.428244348E-2,2.245517075E-1,1.066283555E2,-1.011301661E2,1.626133517E1,2.148955090E1
9.785789125E0,6.016657133E-1,-7.650307967E-1,-5.207951201E-2,2.236376899E-1,1.060214221E2,-1.005604980E2,1.623099359E1,2.130141786E1
9.795833125E0,6.047916607E-1,-7.626634082E-1,-5.111763663E-2,2.235143682E-1,1.055722971E2,-1.001084251E2,1.620658191E1,2.126888753E1
9.805878125E0,6.066573753E-1,-7.608588066E-1,-5.117643148E-2,2.245926110E-1,1.053036002E2,-9.977777161E1,1.624071394E1,2.140391962E1
9.815922125E0,6.072353139E-1,-7.595714311E-1,-5.210235560E-2,2.271600917E-1,1.052202690E2,-9.955865544E1,1.636837146E1,2.171731441E1
9.825967125E0,6.066107187E-1,-7.587173252E-1,-5.388209057E-2,2.312320462E-1,1.053103255E2,-9.943531806E1,1.658925315E1,2.221192202E1
9.836011125E0,6.050581552E-1,-7.581120754E-1,-5.637787942E-2,2.366268007E-1,1.055339464E2,-9.937238476E1,1.689121463E1,2.286691996E1
9.846055125E0,6.075139046E-1,-7.544603881E-1,-5.555104255E-2,2.421373958E-1,1.051800833E2,-9.871203657E1,1.732972035E1,2.332846379E1
9.856100125E0,6.197101700E-1,-7.434573001E-1,-4.725896621E-2,2.469760436E-1,1.034100547E2,-9.663633776E1,1.797840775E1,2.330951113E1
9.866144125E0,6.321455765E-1,-7.317820330E-1,-3.734687037E-2,2.519766197E-1,1.015828055E2,-9.447011185E1,1.875769320E1,2.321401611E1
9.876188125E0,6.419450560E-1,-7.220111080E-1,-2.678371110E-2,2.566886374E-1,1.001259784E2,-9.268000436E1,1.965019535E1,2.301719051E1
9.886233125E0,6.484540256E-1,-7.145088215E-1,-1.606701086E-2,2.621571277E-1,9.914971362E1,-9.132095435E1,2.071928765E1,2.283327691E1
9.896277125E0,6.523746519E-1,-7.086917977E-1,-5.557609885E-3,2.685745333E-1,9.855823872E1,-9.028101978E1,2.192680707E1,2.272072067E1
9.906322125E0,6.546726877E-1,-7.039947843E-1,4.691576442E-3,2.752687805E-1,9.821032787E1,-8.945530970E1,2.318607197E1,2.263781455E1
9.916366125E0,6.559448904E-1,-7.000870971E-1,1.440541350E-2,2.817923119E-1,9.801732913E1,-8.878284833E1,2.442216116E1,2.257276045E1
9.926410125E0,6.567824958E-1,-6.965917325E-1,2.335980649E-2,2.878387198E-1,9.789010638E1,-8.819393362E1,2.557528965E1,2.252494003E1
9.936455125E0,6.578748156E-1,-6.930292280E-1,3.150021740E-2,2.931191720E-1,9.772401030E1,-8.760048207E1,2.659792508E1,2.248793874E1
9.946499125E0,6.598341383E-1,-6.889537121E-1,3.901508479E-2,2.973877206E-1,9.742555107E1,-8.692205442E1,2.746842470E1,2.244076104E1
9.956543125E0,6.626134280E-1,-6.842018656E-1,4.592358546E-2,3.011680821E-1,9.700101291E1,-8.612664714E1,2.822782452E1,2.243678259E1
9.966588125E0,6.656520682E-1,-6.790252843E-1,5.202470003E-2,3.051645938E-1,9.653526050E1,-8.525268233E1,2.892665737E1,2.254783823E1
9.976632125E0,6.685491372E-1,-6.739316902E-1,5.791014918E-2,3.090379946E-1,9.608962991E1,-8.439477882E1,2.960202235E1,2.267304404E1
9.986677125E0,6.709068741E-1,-6.695358160E-1,6.463640688E-2,3.121344814E-1,9.572580717E1,-8.367630770E1,3.031146951E1,2.263692024E1
9.996721125E0,6.721298913E-1,-6.663754346E-1,7.256899168E-2,3.145137553E-1,9.553667114E1,-8.320114799E1,3.111249549E1,2.238673434E1
1.000676512E1,6.717730129E-1,-6.647520012E-1,8.148964612E-2,3.165204299E-1,9.559189059E1,-8.302679886E1,3.202574501E1,2.195072010E1
1.001681012E1,6.697403125E-1,-6.646233269E-1,9.067272791E-2,3.185940127E-1,9.590594967E1,-8.314286746E1,3.302086336E1,2.142092279E1
1.002685412E1,6.663652877E-1,-6.655263652E-1,9.910007456E-2,3.212649323E-1,9.642569605E1,-8.345154777E1,3.403465675E1,2.094616525E1
1.003689812E1,6.623648142E-1,-6.667869564E-1,1.069474174E-1,3.243919545E-1,9.703904537E1,-8.383520103E1,3.504902001E1,2.053050549E1
1.004694312E1,6.585159324E-1,-6.677257775E-1,1.144263335E-1,3.277281620E-1,9.762642532E1,-8.417262371E1,3.604129681E1,2.017069629E1
1.005698712E1,6.551927799E-1,-6.678856194E-1,1.209675876E-1,3.316898394E-1,9.813146168E1,-8.435383529E1,3.698284872E1,1.998820817E1
1.006703212E1,6.524538774E-1,-6.671057552E-1,1.260142302E-1,3.367408336E-1,9.854625953E1,-8.431711161E1,3.785900408E1,2.009680850E1
1.007707612E1,6.502236453E-1,-6.655520959E-1,1.294403896E-1,3.427751560E-1,9.888306821E1,-8.407817660E1,3.865282360E1,2.049762582E1
1.008712013E1,6.482936674E-1,-6.636511044E-1,1.314030841E-1,3.493077383E-1,9.917385018E1,-8.371931899E1,3.934678239E1,2.110815070E1
1.009716512E1,6.464953878E-1,-6.618120899E-1,1.321691241E-1,3.557806935E-1,9.944422537E1,-8.332994573E1,3.992717248E1,2.182345344E1
1.010720913E1,6.447826874E-1,-6.602063371E-1,1.318106652E-1,3.619516032E-1,9.970123185E1,-8.294872977E1,4.038375479E1,2.259914814E1
1.011725313E1,6.431390551E-1,-6.588458790E-1,1.304398389E-1,3.678040198E-1,9.994741762E1,-8.258414549E1,4.072538518E1,2.341994249E1
1.012729813E1,6.415186669E-1,-6.577596283E-1,1.283349832E-1,3.732778101E-1,1.001896878E2,-8.225375872E1,4.097371442E1,2.425042996E1
1.013734213E1,6.399495924E-1,-6.570082132E-1,1.255238937E-1,3.782175367E-1,1.004238783E2,-8.197507191E1,4.112028416E1,2.506451539E1
1.014738713E1,6.385451540E-1,-6.565147158E-1,1.219163342E-1,3.826028530E-1,1.006331587E2,-8.173419507E1,4.115261545E1,2.586994411E1
1.015743113E1,6.374707887E-1,-6.561734527E-1,1.176179036E-1,3.863073503E-1,1.007930398E2,-8.151820147E1,4.106579137E1,2.664873340E1
1.016747512E1,6.368579524E-1,-6.559492526E-1,1.127686347E-1,3.891346663E-1,1.008841561E2,-8.132927263E1,4.085450191E1,2.736785870E1
1.017752012E1,6.367325550E-1,-6.558966112E-1,1.074310314E-1,3.909347266E-1,1.009027928E2,-8.118402136E1,4.051410277E1,2.800004242E1
1.018756412E1,6.370410910E-1,-6.560644188E-1,1.015856217E-1,3.917124834E-1,1.008569334E2,-8.109356686E1,4.004624353E1,2.854287128E1
1.019760912E1,6.377182012E-1,-6.564088850E-1,9.508898007E-2,3.916644571E-1,1.007562376E2,-8.104634559E1,3.945440741E1,2.903159115E1
1.020765312E1,6.387404520E-1,-6.567931800E-1,8.783643467E-2,3.910474904E-1,1.006040757E2,-8.101419218E1,3.874710144E1,2.951062470E1
1.021769712E1,6.401141547E-1,-6.570148724E-1,7.975578799E-2,3.901592351E-1,1.003993355E2,-8.095865407E1,3.793640557E1,3.002891408E1
1.022774212E1,6.417819371E-1,-6.569111069E-1,7.083448027E-2,3.893151707E-1,1.001503545E2,-8.085194163E1,3.704280450E1,3.062814094E1
1.023778612E1,6.436430366E-1,-6.564949067E-1,6.119393658E-2,3.885787177E-1,9.987197780E1,-8.070438059E1,3.608423392E1,3.130120713E1
1.024783012E1,6.456108308E-1,-6.559802305E-1,5.106758725E-2,3.876452072E-1,9.957702215E1,-8.056574860E1,3.506565759E1,3.198360449E1
1.025787512E1,6.475795312E-1,-6.555948819E-1,4.079939269E-2,3.862274504E-1,9.928128697E1,-8.048330674E1,3.400458076E1,3.260763622E1
1.026791912E1,6.495486530E-1,-6.550228859E-1,3.041700125E-2,3.848461085E-1,9.898483823E1,-8.039502042E1,3.293455070E1,3.324401153E1
1.027796412E1,6.520076161E-1,-6.531926801E-1,2.017116560E-2,3.844717286E-1,9.861372181E1,-8.010573909E1,3.190900408E1,3.402550073E1
1.028800812E1,6.535284219E-1,-6.520770741E-1,1.140615947E-2,3.841431728E-1,9.838367786E1,-7.996099599E1,3.105698990E1,3.466304670E1
1.029805212E1,6.524819999E-1,-6.541661248E-1,5.322430471E-3,3.824991086E-1,9.854200705E1,-8.037515034E1,3.048956959E1,3.483141405E1
1.030809712E1,6.490193834E-1,-6.601743898E-1,2.892306406E-3,3.780677889E-1,9.906458335E1,-8.146195286E1,3.019441314E1,3.428866948E1
1.031814112E1,6.443907533E-1,-6.698952443E-1,6.423643328E-3,3.687270990E-1,9.975997679E1,-8.319901446E1,3.015200105E1,3.265739076E1
1.032818512E1,6.395333922E-1,-6.816049243E-1,1.583703658E-2,3.551914911E-1,1.004859309E2,-8.532802300E1,3.029532448E1,3.007711842E1
1.033823012E1,6.349779923E-1,-6.927350852E-1,2.746495169E-2,3.408325656E-1,1.011632956E2,-8.742464985E1,3.047036476E1,2.726142691E1
1.034827412E1,6.318300758E-1,-7.012773452E-1,3.923115060E-2,3.278135410E-1,1.016294567E2,-8.911165715E1,3.062062724E1,2.467229626E1
1.035831912E1,6.311758197E-1,-7.063229552E-1,5.086894915E-2,3.164449871E-1,1.017261485E2,-9.019730222E1,3.074640875E1,2.240710194E1
1.036836312E1,6.331367967E-1,-7.079253362E-1,6.226844941E-2,3.067608530E-1,1.014361385E2,-9.067233664E1,3.087564429E1,2.047885218E1
1.037840713E1,6.367743542E-1,-7.074219764E-1,7.558672710E-2,2.972528296E-1,1.008965808E2,-9.082446802E1,3.111983643E1,1.849871259E1
1.038845212E1,6.412122277E-1,-7.060326688E-1,9.280360935E-2,2.859236092E-1,1.002354565E2,-9.095371299E1,3.151733005E1,1.604578521E1
1.039849613E1,6.455681466E-1,-7.043078933E-1,1.127720697E-1,2.729005280E-1,9.958342695E1,-9.118482004E1,3.200654291E1,1.319032258E1
1.040854013E1,6.481209180E-1,-7.036764913E-1,1.328583726E-1,2.590893219E-1,9.919984698E1,-9.174043211E1,3.246923767E1,1.016280815E1
1.041858513E1,6.461166246E-1,-7.073539935E-1,1.529923225E-1,2.424399258E-1,9.950110428E1,-9.323780123E1,3.273017743E1,6.611062002E0
1.042862913E1,6.406426973E-1,-7.143947510E-1,1.727807315E-1,2.221799147E-1,1.003204789E2,-9.547842308E1,3.260401085E1,2.572367594E0
1.043867413E1,6.376656125E-1,-7.192627331E-1,1.880702384E-1,2.016758944E-1,1.007640609E2,-9.714101394E1,3.200327635E1,-9.013634609E-1
1.044871813E1,6.393646363E-1,-7.202564715E-1,1.957720692E-1,1.847074046E-1,1.005110833E2,-9.766316948E1,3.109194086E1,-3.067274718E0
1.045876212E1,6.429064045E-1,-7.196381772E-1,1.964933704E-1,1.737318594E-1,9.998222848E1,-9.750954789E1,3.017891451E1,-3.941529781E0
1.046880712E1,6.461261287E-1,-7.191305606E-1,1.918308331E-1,1.690364898E-1,9.949967734E1,-9.711457471E1,2.940714796E1,-3.782227129E0
1.047885112E1,6.490777147E-1,-7.185850328E-1,1.827561741E-1,1.700994755E-1,9.905579689E1,-9.652138375E1,2.879700025E1,-2.736344532E0
1.048889612E1,6.517906019E-1,-7.177143632E-1,1.698314215E-1,1.766705274E-1,9.864651595E1,-9.573353938E1,2.835850354E1,-8.774821951E-1
1.049894012E1,6.540852660E-1,-7.162585479E-1,1.535323712E-1,1.886107085E-1,9.829934735E1,-9.475981887E1,2.810147486E1,1.740821271E0
1.050898412E1,6.556630755E-1,-7.140308130E-1,1.344897717E-1,2.053740274E-1,9.806010602E1,-9.362731862E1,2.801136696E1,5.019988206E0
1.051902912E1,6.563192387E-1,-7.110191045E-1,1.138155414E-1,2.252616712E-1,9.796048506E1,-9.240234032E1,2.801673030E1,8.719858798E0
1.052907312E1,6.561586170E-1,-7.073755306E-1,9.279958433E-2,2.458941973E-1,9.798487815E1,-9.116721032E1,2.801233058E1,1.252126736E1
1.053911712E1,6.554127232E-1,-7.033655108E-1,7.229177078E-2,2.654902691E-1,9.809809555E1,-8.999340439E1,2.791980625E1,1.618640871E1
1.054916212E1,6.542916170E-1,-6.993066429E-1,5.286211576E-2,2.829812112E-1,9.826808318E1,-8.894171829E1,2.770735895E1,1.955769883E1
1.055920612E1,6.529168500E-1,-6.954950505E-1,3.478423662E-2,2.979534788E-1,9.847623482E1,-8.805402776E1,2.737889775E1,2.256119911E1
1.056925112E1,6.512132428E-1,-6.921835937E-1,1.801381593E-2,3.106102090E-1,9.873372449E1,-8.735599681E1,2.696590784E1,2.520867861E1
1.057929512E1,6.490279182E-1,-6.896171456E-1,2.515323919E-3,3.212234703E-1,9.906329779E1,-8.687116440E1,2.650701983E1,2.752074249E1
1.058933912E1,6.462923454E-1,-6.880704406E-1,-1.147325725E-2,3.297476599E-1,9.947471925E1,-8.662763473E1,2.603684743E1,2.946829262E1
1.059938412E1,6.430607990E-1,-6.877867923E-1,-2.346959903E-2,3.359633718E-1,9.995912786E1,-8.664397762E1,2.559185746E1,3.098993507E1
1.060942812E1,6.394363702E-1,-6.888956337E-1,-3.309210387E-2,3.397775456E-1,1.005003923E2,-8.691746773E1,2.520270099E1,3.204866885E1
1.061947312E1,6.354487726E-1,-6.913352197E-1,-4.037874607E-2,3.415112984E-1,1.010934459E2,-8.741891476E1,2.489017874E1,3.268466284E1
1.062951712E1,6.310835181E-1,-6.948911704E-1,-4.579880971E-2,3.417049421E-1,1.017397843E2,-8.810480187E1,2.465098687E1,3.299515753E1
1.063956112E1,6.263931428E-1,-6.992905217E-1,-4.992332138E-2,3.407814414E-1,1.024309727E2,-8.892981269E1,2.446058808E1,3.307451970E1
1.064960612E1,6.215180696E-1,-7.042589186E-1,-5.319362180E-2,3.389764921E-1,1.031458462E2,-8.985041686E1,2.428858934E1,3.298904079E1
1.065965012E1,6.166310582E-1,-7.095203415E-1,-5.594498914E-2,3.364776055E-1,1.038589366E2,-9.082220427E1,2.410942260E1,3.279252619E1
1.066969413E1,6.118909075E-1,-7.148107826E-1,-5.844640460E-2,3.334951891E-1,1.045472923E2,-9.180156270E1,2.390656042E1,3.253554437E1
1.067973912E1,6.073705526E-1,-7.199270939E-1,-6.091298569E-2,3.302962644E-1,1.052007626E2,-9.275447263E1,2.367729893E1,3.226734640E1
1.068978313E1,6.031197585E-1,-7.247157977E-1,-6.350604947E-2,3.271093199E-1,1.058126757E2,-9.365479692E1,2.342317534E1,3.202718646E1
1.069982813E1,5.991430558E-1,-7.290846979E-1,-6.641203253E-2,3.241183898E-1,1.063829037E2,-9.448782700E1,2.314372131E1,3.184980718E1
1.070987213E1,5.953218645E-1,-7.329999715E-1,-7.000285973E-2,3.215625101E-1,1.069288390E2,-9.525298382E1,2.283397468E1,3.178761144E1
1.071991613E1,5.915175951E-1,-7.364814066E-1,-7.459692944E-2,3.195894581E-1,1.074704491E2,-9.596004292E1,2.248816542E1,3.187874343E1
1.072996113E1,5.876836965E-1,-7.395816655E-1,-8.012674348E-2,3.181609855E-1,1.080143840E2,-9.661991684E1,2.211295209E1,3.211210612E1
1.074000513E1,5.837634600E-1,-7.424201293E-1,-8.625485310E-2,3.171635276E-1,1.085686358E2,-9.725148741E1,2.172994524E1,3.244538447E1
1.075005013E1,5.796581463E-1,-7.451650482E-1,-9.261399068E-2,3.164617405E-1,1.091469959E2,-9.788106084E1,2.136226721E1,3.283030972E1
1.076009412E1,5.752417887E-1,-7.480143859E-1,-9.889349179E-2,3.158978578E-1,1.097668669E2,-9.853999727E1,2.102755839E1,3.322075833E1
1.077013812E1,5.704052904E-1,-7.511615754E-1,-1.048389791E-1,3.152821555E-1,1.104430146E2,-9.925865344E1,2.073549358E1,3.357306192E1
1.078018312E1,5.650765273E-1,-7.547776064E-1,-1.103343381E-1,3.143651771E-1,1.111847887E2,-1.000653203E2,2.047856289E1,3.385132045E1
1.079022712E1,5.591874325E-1,-7.595046705E-1,-1.147975629E-1,3.119033797E-1,1.120007562E2,-1.010613114E2,2.020605876E1,3.388410793E1
1.080027112E1,5.526849851E-1,-7.676229122E-1,-1.155910195E-1,3.032048075E-1,1.128971803E2,-1.025928938E2,1.973821194E1,3.299818982E1
1.081031612E1,5.469529399E-1,-7.776736711E-1,-1.124611945E-1,2.888228593E-1,1.136835560E2,-1.043850313E2,1.903816548E1,3.128290943E1
1.082036012E1,5.474947377E-1,-7.803661172E-1,-1.102042097E-1,2.813061796E-1,1.136093786E2,-1.048049134E2,1.856444886E1,3.042268636E1
1.083040512E1,5.525221191E-1,-7.772952556E-1,-1.088148389E-1,2.805185182E-1,1.129195729E2,-1.041568368E2,1.841190663E1,3.033125766E1
1.084044850E1,5.583935439E-1,-7.740219417E-1,-1.057381400E-1,2.791167667E-1,1.121104535E2,-1.034343765E2,1.830033542E1,3.004805574E1
1.085049250E1,5.641865439E-1,-7.713043972E-1,-1.016547004E-1,2.764948955E-1,1.113083550E2,-1.027991261E2,1.816888789E1,2.956450835E1
1.086053750E1,5.697069592E-1,-7.684737306E-1,-9.784614260E-2,2.744236097E-1,1.105404127E2,-1.021603578E2,1.807655221E1,2.915072674E1
1.087058150E1,5.748329116E-1,-7.654331516E-1,-9.455896237E-2,2.733821084E-1,1.098241365E2,-1.015061040E2,1.804719307E1,2.886899588E1
1.088062650E1,5.794151170E-1,-7.623403737E-1,-9.186329209E-2,2.732697449E-1,1.091811688E2,-1.008653565E2,1.807099205E1,2.871374118E1
1.089067050E1,5.832296070E-1,-7.594206507E-1,-8.992044881E-2,2.739303230E-1,1.086439638E2,-1.002807148E2,1.812964287E1,2.868080466E1
1.090071450E1,5.860125739E-1,-7.569052215E-1,-8.910433831E-2,2.752163814E-1,1.082508881E2,-9.979926587E1,1.819143505E1,2.878435033E1
1.091075950E1,5.875517663E-1,-7.548930466E-1,-8.996093086E-2,2.771756304E-1,1.080330682E2,-9.944774765E1,1.822579095E1,2.907206047E1
1.092080350E1,5.877511314E-1,-7.534050943E-1,-9.285768376E-2,2.798333158E-1,1.080048329E2,-9.923725532E1,1.821003371E1,2.957639404E1
1.093084750E1,5.867455287E-1,-7.524397207E-1,-9.761930826E-2,2.829041141E-1,1.081472009E2,-9.916622242E1,1.813042950E1,3.025899150E1
1.094089250E1,5.848729021E-1,-7.519787817E-1,-1.035713073E-1,2.858750876E-1,1.084119767E2,-9.922016786E1,1.798643974E1,3.102109027E1
1.095093650E1,5.824699838E-1,-7.519758103E-1,-1.098433695E-1,2.884364780E-1,1.087510874E2,-9.937353749E1,1.780832094E1,3.176485654E1
1.096098150E1,5.798800810E-1,-7.523721804E-1,-1.154118743E-1,2.904397810E-1,1.091157828E2,-9.959076221E1,1.764915446E1,3.239287494E1
1.097102550E1,5.789924789E-1,-7.541652759E-1,-1.154439902E-1,2.875327337E-1,1.092405797E2,-9.991072543E1,1.745832404E1,3.211179554E1
1.098106950E1,5.855258200E-1,-7.569577997E-1,-9.978740537E-2,2.724274823E-1,1.083197091E2,-9.999974796E1,1.719208069E1,2.947758480E1
1.099111450E1,6.001520935E-1,-7.530627354E-1,-7.512418651E-2,2.589797190E-1,1.062384174E2,-9.877261939E1,1.745064057E1,2.638858462E1
1.100115850E1,6.176369876E-1,-7.414986728E-1,-5.184831547E-2,2.569358286E-1,1.037124412E2,-9.635724453E1,1.848088607E1,2.456439838E1
1.101120350E1,6.340763026E-1,-7.258193708E-1,-3.480471999E-2,2.644278313E-1,1.012969816E2,-9.341653509E1,1.985957148E1,2.422101367E1
1.102124750E1,6.488081645E-1,-7.085318294E-1,-2.310635642E-2,2.765803483E-1,9.909639451E1,-9.031361790E1,2.121992529E1,2.484238989E1
1.103129150E1,6.615465648E-1,-6.937638687E-1,-9.065892482E-3,2.845444800E-1,9.716414093E1,-8.769104242E1,2.250836666E1,2.490650904E1
1.104133650E1,6.690236054E-1,-6.865209538E-1,1.178948505E-2,2.845301290E-1,9.601649829E1,-8.641697234E1,2.398181529E1,2.351370637E1
1.105138050E1,6.717041449E-1,-6.830112172E-1,3.044161501E-2,2.852762968E-1,9.560254368E1,-8.586129676E1,2.550496691E1,2.224383210E1
1.106142450E1,6.732235177E-1,-6.787326166E-1,4.238242832E-2,2.903375643E-1,9.536730472E1,-8.517583686E1,2.681998459E1,2.193643953E1
1.107146950E1,6.749816735E-1,-6.729809416E-1,4.900190698E-2,2.984883855E-1,9.509454587E1,-8.419481963E1,2.789837621E1,2.241484672E1
1.108151350E1,6.764426308E-1,-6.671125830E-1,5.330442586E-2,3.074815325E-1,9.486744157E1,-8.316571480E1,2.883993700E1,2.318474080E1
1.109155850E1,6.769936798E-1,-6.622358765E-1,5.714575286E-2,3.160026770E-1,9.478167419E1,-8.229960171E1,2.972985693E1,2.392609752E1
1.110160250E1,6.767677516E-1,-6.586326160E-1,6.176340373E-2,3.230693759E-1,9.481684566E1,-8.166407392E1,3.060836102E1,2.442788550E1
1.111164650E1,6.765946440E-1,-6.558008746E-1,6.873211117E-2,3.277512691E-1,9.484378755E1,-8.120022163E1,3.152608521E1,2.449076004E1
1.112169150E1,6.769476765E-1,-6.530417311E-1,7.826922650E-2,3.303822334E-1,9.478883658E1,-8.080025601E1,3.251192372E1,2.415509589E1
1.113173550E1,6.774769039E-1,-6.501168663E-1,8.859431930E-2,3.324519492E-1,9.470641470E1,-8.040188927E1,3.352538936E1,2.371377301E1
1.114178050E1,6.775198516E-1,-6.472148872E-1,9.819553998E-2,3.353167970E-1,9.469972364E1,-8.000591482E1,3.454844832E1,2.341142286E1
1.115182450E1,6.766052439E-1,-6.446822409E-1,1.064119417E-1,3.395094179E-1,9.484213798E1,-7.965055401E1,3.557366211E1,2.333833650E1
1.116186850E1,6.745938909E-1,-6.426394042E-1,1.129570733E-1,3.452221914E-1,9.515475712E1,-7.934081520E1,3.659159291E1,2.353351357E1
1.117191350E1,6.717043557E-1,-6.409053354E-1,1.183613740E-1,3.521989595E-1,9.560251108E1,-7.904920841E1,3.762277757E1,2.394266273E1
1.118195750E1,6.683323654E-1,-6.393424881E-1,1.234855457E-1,3.596169629E-1,9.612302783E1,-7.877421588E1,3.867452381E1,2.442209282E1
1.119200250E1,6.648197417E-1,-6.379221393E-1,1.285530299E-1,3.668025158E-1,9.666300409E1,-7.852361953E1,3.971074346E1,2.488416495E1
1.120204650E1,6.613113432E-1,-6.366349956E-1,1.332517081E-1,3.736403468E-1,9.720007976E1,-7.829071927E1,4.069156408E1,2.534046983E1
1.121209050E1,6.578816856E-1,-6.353015115E-1,1.370169811E-1,3.805391958E-1,9.772296501E1,-7.802062097E1,4.159003756E1,2.589279309E1
1.122213550E1,6.545898270E-1,-6.338797508E-1,1.397082892E-1,3.875438545E-1,9.822288843E1,-7.769795071E1,4.239327078E1,2.656204407E1
1.123217950E1,6.515009477E-1,-6.324099216E-1,1.417364798E-1,3.943540477E-1,9.869027456E1,-7.734394187E1,4.311537834E1,2.727954966E1
1.124222450E1,6.486401250E-1,-6.308470321E-1,1.435218203E-1,4.008734697E-1,9.912169715E1,-7.696184151E1,4.378607193E1,2.800356981E1
1.125226850E1,6.461188373E-1,-6.291850133E-1,1.452627380E-1,4.068849380E-1,9.950077206E1,-7.655988292E1,4.440500847E1,2.869273925E1
1.126231250E1,6.440422726E-1,-6.274258039E-1,1.468762037E-1,4.122787125E-1,9.981218743E1,-7.613961510E1,4.495389649E1,2.933881711E1
1.127235750E1,6.423775353E-1,-6.255267512E-1,1.480426599E-1,4.173137647E-1,1.000613287E2,-7.568046176E1,4.542075953E1,2.999897909E1
1.128240150E1,6.410364226E-1,-6.234922596E-1,1.484786058E-1,4.222366852E-1,1.002617072E2,-7.517212741E1,4.579773101E1,3.072298506E1
1.129244550E1,6.399472954E-1,-6.213920189E-1,1.481087040E-1,4.270868286E-1,1.004242209E2,-7.462773385E1,4.608257697E1,3.151386277E1
1.130249050E1,6.390754983E-1,-6.193072461E-1,1.469757335E-1,4.317859809E-1,1.005541675E2,-7.406934657E1,4.627565743E1,3.234931154E1
1.131253450E1,6.383991573E-1,-6.173498832E-1,1.451702257E-1,4.361780724E-1,1.006548960E2,-7.352888727E1,4.637758894E1,3.319051105E1
1.132257950E1,6.379810079E-1,-6.155719816E-1,1.428418441E-1,4.400539493E-1,1.007171349E2,-7.302900098E1,4.638825904E1,3.399198031E1
1.133262350E1,6.379410948E-1,-6.140193971E-1,1.401640652E-1,4.431312171E-1,1.007230742E2,-7.259291929E1,4.630398201E1,3.469795704E1
1.134266750E1,6.383391297E-1,-6.127931767E-1,1.372054407E-1,4.451768566E-1,1.006638324E2,-7.225050205E1,4.611808007E1,3.526297538E1
1.135271250E1,6.391679685E-1,-6.120679769E-1,1.339660550E-1,4.459711772E-1,1.005403901E2,-7.204300600E1,4.582238871E1,3.564405483E1
1.136275650E1,6.403872347E-1,-6.119615351E-1,1.303564092E-1,4.454373873E-1,1.003585986E2,-7.199326202E1,4.540915705E1,3.582972763E1
1.137280150E1,6.419284607E-1,-6.124912999E-1,1.261383737E-1,4.437018644E-1,1.001284586E2,-7.209563391E1,4.486758273E1,3.585484260E1
1.138284550E1,6.436982490E-1,-6.136177166E-1,1.211169982E-1,4.409721395E-1,9.986371065E1,-7.233146534E1,4.419497570E1,3.576737683E1
1.139288950E1,6.455501604E-1,-6.152807891E-1,1.152366277E-1,4.375100498E-1,9.958612570E1,-7.267877684E1,4.340611913E1,3.561460058E1
1.140293450E1,6.474448720E-1,-6.174292879E-1,1.085865083E-1,4.333648651E-1,9.930153591E1,-7.312477160E1,4.251256495E1,3.540626681E1
1.141297850E1,6.495402131E-1,-6.199415351E-1,1.013667110E-1,4.283628244E-1,9.898611024E1,-7.364951561E1,4.151402228E1,3.512195360E1
1.142302350E1,6.520824689E-1,-6.223248129E-1,9.373901651E-2,4.227448603E-1,9.860240854E1,-7.415560816E1,4.042261021E1,3.481673476E1
1.143306750E1,6.552628701E-1,-6.238673876E-1,8.565702113E-2,4.172326425E-1,9.812082968E1,-7.450083373E1,3.926080899E1,3.462253194E1
1.144311150E1,6.590963051E-1,-6.241940046E-1,7.694946115E-2,4.123746177E-1,9.753802351E1,-7.461661667E1,3.804191176E1,3.462786529E1
1.145315650E1,6.633369102E-1,-6.235436576E-1,6.820763579E-2,4.080748383E-1,9.689027234E1,-7.456163940E1,3.682652554E1,3.475567876E1
1.146320050E1,6.672377802E-1,-6.229560252E-1,6.041521034E-2,4.038185861E-1,9.629153670E1,-7.453142199E1,3.571438395E1,3.481981516E1
1.147324550E1,6.694074999E-1,-6.246182969E-1,5.421654689E-2,3.985048801E-1,9.595729636E1,-7.491028873E1,3.477901693E1,3.454848402E1
1.148328950E1,6.687365221E-1,-6.304327075E-1,5.009365787E-2,3.909432297E-1,9.606075257E1,-7.602509800E1,3.405066057E1,3.370019324E1
1.149333350E1,6.651802869E-1,-6.406524332E-1,4.874845691E-2,3.804250306E-1,9.660768400E1,-7.792617231E1,3.352449718E1,3.215198266E1
1.150337850E1,6.594983544E-1,-6.544731856E-1,5.148863426E-2,3.661634959E-1,9.747674868E1,-8.050815056E1,3.317525015E1,2.976884506E1
1.151342250E1,6.527522455E-1,-6.705898666E-1,5.980717883E-2,3.473425678E-1,9.850113552E1,-8.360498273E1,3.295139312E1,2.641047122E1
1.152346750E1,6.459364679E-1,-6.869730841E-1,7.355701917E-2,3.246896061E-1,9.952815004E1,-8.691106733E1,3.276075698E1,2.224812595E1
1.153351150E1,6.401790082E-1,-7.013376573E-1,9.170621078E-2,2.998103530E-1,1.003896620E2,-9.003867938E1,3.254442381E1,1.762427548E1
1.154355550E1,6.365176377E-1,-7.113747607E-1,1.107775754E-1,2.766215679E-1,1.009347282E2,-9.248562135E1,3.231590471E1,1.330850930E1
1.155360050E1,6.357413349E-1,-7.159580830E-1,1.258703408E-1,2.596027126E-1,1.010500208E2,-9.385099470E1,3.212521124E1,1.019131351E1
1.156364450E1,6.384141616E-1,-7.156602944E-1,1.362244517E-1,2.483958234E-1,1.006526622E2,-9.415418325E1,3.196960421E1,8.280643301E0
1.157368850E1,6.438854126E-1,-7.122255159E-1,1.465409676E-1,2.380592246E-1,9.983568223E1,-9.388035478E1,3.185793435E1,6.613740468E0
1.158373350E1,6.500444580E-1,-7.074761983E-1,1.587291197E-1,2.274306744E-1,9.891009220E1,-9.347270070E1,3.188159183E1,4.802141580E0
1.159377750E1,6.555510702E-1,-7.024003058E-1,1.680397590E-1,2.205656693E-1,9.807710353E1,-9.292095644E1,3.201681167E1,3.592020670E0
1.160382250E1,6.583735393E-1,-6.997203563E-1,1.738927761E-1,2.160946684E-1,9.764810539E1,-9.268572889E1,3.209904649E1,2.786947881E0
1.161386650E1,6.526144043E-1,-7.058681696E-1,1.831835220E-1,2.056415967E-1,9.852198399E1,-9.430017902E1,3.196547295E1,6.620416209E-1
1.162391050E1,6.402113875E-1,-7.180173991E-1,1.932154203E-1,1.929982586E-1,1.003848321E2,-9.713598121E1,3.163793019E1,-2.042556615E0
1.163395550E1,6.315754772E-1,-7.270838395E-1,1.967238293E-1,1.837423260E-1,1.016670915E2,-9.904554339E1,3.104318844E1,-3.611897062E0
1.164399950E1,6.360517254E-1,-7.262888024E-1,1.902648037E-1,1.781632634E-1,1.010039346E2,-9.846363408E1,3.005509172E1,-3.293905039E0
1.165404450E1,6.425496947E-1,-7.236954647E-1,1.812512365E-1,1.747651948E-1,1.000355848E2,-9.743990055E1,2.907010511E1,-2.475477926E0
1.166408850E1,6.461052660E-1,-7.227551895E-1,1.728816100E-1,1.740253701E-1,9.950280963E1,-9.682160852E1,2.835641465E1,-1.629533089E0
1.167413250E1,6.484534145E-1,-7.220020254E-1,1.637869101E-1,1.771867420E-1,9.914980561E1,-9.625216805E1,2.792236404E1,-4.353895910E-1
1.168417750E1,6.505901543E-1,-7.205546604E-1,1.530284634E-1,1.847044964E-1,9.882777646E1,-9.552569641E1,2.772944473E1,1.281955927E0
1.169422150E1,6.524329621E-1,-7.183455755E-1,1.404016048E-1,1.964643312E-1,9.854942212E1,-9.463146940E1,2.774024484E1,3.539811830E0
1.170426650E1,6.538340076E-1,-7.153919033E-1,1.262097705E-1,2.116284301E-1,9.833740549E1,-9.359569406E1,2.789385393E1,6.246254524E0
1.171431050E1,6.548465013E-1,-7.118276497E-1,1.114452026E-1,2.281609950E-1,9.818397620E1,-9.248401391E1,2.808504461E1,9.141200103E0
1.172435450E1,6.555938071E-1,-7.079928344E-1,9.678918393E-2,2.440798176E-1,9.807061819E1,-9.138123595E1,2.819814963E1,1.198310983E1
1.173439950E1,6.561241831E-1,-7.042790438E-1,8.255372760E-2,2.582189051E-1,9.799010694E1,-9.036709261E1,2.816727486E1,1.462337478E1
1.174444350E1,6.564207283E-1,-7.009537838E-1,6.897059912E-2,2.702197145E-1,9.794506983E1,-8.949298173E1,2.799344367E1,1.699325831E1
1.175448850E1,6.564247955E-1,-6.981454761E-1,5.613424957E-2,2.802647204E-1,9.794445203E1,-8.877776855E1,2.771196427E1,1.909183662E1
1.176453250E1,6.560111452E-1,-6.959991268E-1,4.412001644E-2,2.885966677E-1,9.800727025E1,-8.823996808E1,2.736210582E1,2.092792105E1
1.177457650E1,6.550214108E-1,-6.946755471E-1,3.313705348E-2,2.954228977E-1,9.815745309E1,-8.789978323E1,2.699142117E1,2.249848327E1
1.178462150E1,6.533893900E-1,-6.943125785E-1,2.357856971E-2,3.007597951E-1,9.840472500E1,-8.777196937E1,2.664457534E1,2.377153490E1
1.179466550E1,6.511977749E-1,-6.950174845E-1,1.577419563E-2,3.043736977E-1,9.873606008E1,-8.786395900E1,2.633599637E1,2.469947187E1
1.180471050E1,6.485623746E-1,-6.967895277E-1,9.778616764E-3,3.061953266E-1,9.913340285E1,-8.816417966E1,2.606506161E1,2.527548918E1
1.181475450E1,6.455576731E-1,-6.995003287E-1,5.374102507E-3,3.064730427E-1,9.958499846E1,-8.864141679E1,2.582949897E1,2.554747109E1
1.182479850E1,6.423171284E-1,-7.028939719E-1,2.332511964E-3,3.055539464E-1,1.000703605E2,-8.924571143E1,2.562889368E1,2.557683865E1
1.183484387E1,6.390598513E-1,-7.066732798E-1,5.992228187E-4,3.036692236E-1,1.005564987E2,-8.992225812E1,2.546475075E1,2.540102835E1
1.184488787E1,6.359733112E-1,-7.105671217E-1,-1.518129483E-4,3.010521151E-1,1.010155789E2,-9.062189188E1,2.531803192E1,2.507786564E1
1.185493287E1,6.331353215E-1,-7.143871014E-1,-4.456186293E-4,2.979774919E-1,1.014363569E2,-9.131036742E1,2.516194846E1,2.468197746E1
1.186497687E1,6.305852054E-1,-7.180330566E-1,-6.483449706E-4,2.946020141E-1,1.018133777E2,-9.196889069E1,2.497673980E1,2.426152797E1
1.187502088E1,6.283586506E-1,-7.214464877E-1,-9.467868049E-4,2.909972152E-1,1.021417394E2,-9.258587627E1,2.475178276E1,2.384108398E1
1.188506587E1,6.264367227E-1,-7.245892097E-1,-1.522259875E-3,2.873066159E-1,1.024245661E2,-9.315347392E1,2.448477004E1,2.345021737E1
1.189510988E1,6.247604898E-1,-7.274288114E-1,-2.533531358E-3,2.837519190E-1,1.026707796E2,-9.366533071E1,2.418303502E1,2.312278971E1
1.190515488E1,6.232840857E-1,-7.299600669E-1,-4.047530450E-3,2.804616832E-1,1.028872911E2,-9.412048035E1,2.385391788E1,2.287544453E1
1.191519888E1,6.219518239E-1,-7.322056509E-1,-6.078502786E-3,2.775135954E-1,1.030823850E2,-9.452352119E1,2.350524228E1,2.271467460E1
1.192524288E1,6.206672406E-1,-7.342456849E-1,-8.626321925E-3,2.749201628E-1,1.032702474E2,-9.488989898E1,2.314190405E1,2.263799117E1
1.193528788E1,6.193157703E-1,-7.361960724E-1,-1.168795329E-2,2.726293868E-1,1.034676288E2,-9.524179127E1,2.276424939E1,2.263608338E1
1.194533188E1,6.177459055E-1,-7.381975420E-1,-1.522592835E-2,2.705967075E-1,1.036965705E2,-9.560622283E1,2.237680977E1,2.269678343E1
1.195537688E1,6.157989530E-1,-7.403967224E-1,-1.915641700E-2,2.687701685E-1,1.039800068E2,-9.601135286E1,2.198724025E1,2.280354961E1
1.196542087E1,6.133088855E-1,-7.429386831E-1,-2.338711765E-2,2.671091085E-1,1.043417132E2,-9.648508904E1,2.160491587E1,2.294049033E1
1.197546487E1,6.100932390E-1,-7.459702216E-1,-2.789295293E-2,2.655871120E-1,1.048075099E2,-9.705605094E1,2.123570830E1,2.309891054E1
1.198550987E1,6.060518093E-1,-7.495381631E-1,-3.270768247E-2,2.642424274E-1,1.053908654E2,-9.773530616E1,2.088383814E1,2.328399905E1
1.199555387E1,6.011724792E-1,-7.536141426E-1,-3.791420910E-2,2.630966969E-1,1.060921670E2,-9.852080374E1,2.054609473E1,2.350624924E1
1.200559887E1,5.955050557E-1,-7.581200201E-1,-4.358561548E-2,2.621604679E-1,1.069027105E2,-9.940175982E1,2.021765022E1,2.377601304E1
1.201564287E1,5.891277002E-1,-7.629975484E-1,-4.966601487E-2,2.613361914E-1,1.078097369E2,-1.003701000E2,1.989384248E1,2.408315696E1
1.202568687E1,5.820464817E-1,-7.688374157E-1,-5.522459414E-2,2.589616801E-1,1.088107793E2,-1.015245907E2,1.950640882E1,2.419851973E1
1.203573187E1,5.746133055E-1,-7.762381073E-1,-5.881301896E-2,2.526160401E-1,1.098548875E2,-1.029526445E2,1.894079207E1,2.379495250E1
1.204577587E1,5.697598957E-1,-7.811050146E-1,-6.205980144E-2,2.477842727E-1,1.105330315E2,-1.039039977E2,1.844370258E1,2.356839576E1
1.205582087E1,5.698402170E-1,-7.802525946E-1,-6.604213071E-2,2.492518365E-1,1.105218313E2,-1.037886854E2,1.828186063E1,2.406078107E1
1.206586487E1,5.718349747E-1,-7.780422453E-1,-6.860912667E-2,2.508941833E-1,1.102434330E2,-1.033956763E2,1.817656585E1,2.448023911E1
1.207590887E1,5.742224988E-1,-7.761549937E-1,-7.007566841E-2,2.508811283E-1,1.099095970E2,-1.030438737E2,1.799700202E1,2.466554852E1
1.208595387E1,5.763948738E-1,-7.744802676E-1,-7.162563984E-2,2.506374773E-1,1.096052506E2,-1.027354808E2,1.779777065E1,2.483314575E1
1.209599787E1,5.780071278E-1,-7.729533505E-1,-7.374851338E-2,2.510221411E-1,1.093790073E2,-1.024700092E2,1.762600441E1,2.509394664E1
1.210604287E1,5.788805580E-1,-7.716782398E-1,-7.643486921E-2,2.521264096E-1,1.092563090E2,-1.022682285E2,1.749530263E1,2.545155915E1
1.211608687E1,5.789997493E-1,-7.707084619E-1,-7.950844921E-2,2.538623540E-1,1.092395579E2,-1.021376282E2,1.741178041E1,2.588272158E1
1.212613087E1,5.784685198E-1,-7.700196981E-1,-8.269213785E-2,2.561363556E-1,1.093142032E2,-1.020689156E2,1.738497111E1,2.635704969E1
1.213617587E1,5.774223718E-1,-7.695471897E-1,-8.564060493E-2,2.589326936E-1,1.094611010E2,-1.020438698E2,1.743479595E1,2.684525397E1
1.214621987E1,5.761951926E-1,-7.693238747E-1,-8.755088977E-2,2.616764851E-1,1.096332494E2,-1.020508459E2,1.756184897E1,2.723176473E1
1.215626487E1,5.763255001E-1,-7.696400814E-1,-8.534464976E-2,2.611883508E-1,1.096149786E2,-1.020716669E2,1.767813281E1,2.699166040E1
1.216630887E1,5.823543328E-1,-7.679628054E-1,-7.493572688E-2,2.558928732E-1,1.087673904E2,-1.015579880E2,1.780353975E1,2.571636199E1
1.217635287E1,5.945669933E-1,-7.611805135E-1,-5.986715379E-2,2.520124761E-1,1.070364596E2,-1.000616282E2,1.820777973E1,2.429380153E1
1.218639787E1,6.077221943E-1,-7.516581285E-1,-4.575215315E-2,2.521718018E-1,1.051500312E2,-9.815143655E1,1.887380057E1,2.336610250E1
1.219644188E1,6.193774838E-1,-7.412713538E-1,-3.508472257E-2,2.562372868E-1,1.034586214E2,-9.618311215E1,1.965899249E1,2.309744684E1
1.220648687E1,6.293136876E-1,-7.307769360E-1,-2.681030576E-2,2.630788161E-1,1.020009884E2,-9.425658973E1,2.053378742E1,2.329255200E1
1.221653088E1,6.378764943E-1,-7.208806663E-1,-1.807050345E-2,2.704037698E-1,1.007326867E2,-9.246374668E1,2.151865855E1,2.350444845E1
1.222657488E1,6.448974217E-1,-7.124711478E-1,-6.955578703E-3,2.764848646E-1,9.968403013E1,-9.095156603E1,2.264397047E1,2.339907258E1
1.223661988E1,6.496198285E-1,-7.061846714E-1,5.892909139E-3,2.815362276E-1,9.897411059E1,-8.984099812E1,2.390926608E1,2.301758025E1
1.224666388E1,6.522868600E-1,-7.015648499E-1,1.870582504E-2,2.863192416E-1,9.857151191E1,-8.905540587E1,2.522323315E1,2.257416902E1
1.225670888E1,6.539829335E-1,-6.977885134E-1,3.042743259E-2,2.906400523E-1,9.831484899E1,-8.844278249E1,2.644948532E1,2.215799884E1
1.226675288E1,6.556217505E-1,-6.942986911E-1,4.110278678E-2,2.939727932E-1,9.806637761E1,-8.789849855E1,2.752306255E1,2.173435899E1
1.227679687E1,6.576776737E-1,-6.906262887E-1,5.125762739E-2,2.964254026E-1,9.775400286E1,-8.733847566E1,2.848054621E1,2.128704205E1
1.228684188E1,6.602998399E-1,-6.862727300E-1,6.117608739E-2,2.988165198E-1,9.735451140E1,-8.667202359E1,2.940161951E1,2.089013893E1
1.229688587E1,6.631981101E-1,-6.813629171E-1,7.080390273E-2,3.014957949E-1,9.691152527E1,-8.591714640E1,3.031609478E1,2.057787433E1
1.230693087E1,6.658898607E-1,-6.766176667E-1,8.015099899E-2,3.038996826E-1,9.649874131E1,-8.520323618E1,3.119760562E1,2.026432396E1
1.231697487E1,6.679705664E-1,-6.726829212E-1,8.901389117E-2,3.055970205E-1,9.617875057E1,-8.464423872E1,3.200931370E1,1.989098012E1
1.232701887E1,6.690922204E-1,-6.698920623E-1,9.687451023E-2,3.068804342E-1,9.600591890E1,-8.428793113E1,3.273739945E1,1.950631489E1
1.233706387E1,6.689233591E-1,-6.683597714E-1,1.031202517E-1,3.085498919E-1,9.603195314E1,-8.413439085E1,3.339471706E1,1.922756463E1
1.234710787E1,6.673665599E-1,-6.679088634E-1,1.074361944E-1,3.114115576E-1,9.627172289E1,-8.413439265E1,3.401346547E1,1.916608283E1
1.235715287E1,6.647534342E-1,-6.679884366E-1,1.097343777E-1,3.159948798E-1,9.667317536E1,-8.417682298E1,3.461466849E1,1.941100942E1
1.236719687E1,6.616350205E-1,-6.679424966E-1,1.105462946E-1,3.222909130E-1,9.715062346E1,-8.414957964E1,3.522762224E1,1.995640278E1
1.237724087E1,6.585177974E-1,-6.673437795E-1,1.110275063E-1,3.296657264E-1,9.762614134E1,-8.400234599E1,3.588978448E1,2.067189110E1
1.238728587E1,6.556694186E-1,-6.662273306E-1,1.118135239E-1,3.372485451E-1,9.805914335E1,-8.376013211E1,3.658351119E1,2.142058610E1
1.239732987E1,6.531330107E-1,-6.648800433E-1,1.127705313E-1,3.444339189E-1,9.844352785E1,-8.347629838E1,3.725207326E1,2.213865827E1
1.240737487E1,6.508499475E-1,-6.635471703E-1,1.136360801E-1,3.509792086E-1,9.878857007E1,-8.319271858E1,3.785770890E1,2.280832781E1
1.241741887E1,6.487033664E-1,-6.624469479E-1,1.143221675E-1,3.567611240E-1,9.911217511E1,-8.295096295E1,3.838868384E1,2.340865119E1
1.242746287E1,6.466206166E-1,-6.617413043E-1,1.150567239E-1,3.615830817E-1,9.942541448E1,-8.279120543E1,3.885451341E1,2.388696473E1
1.243750787E1,6.446453519E-1,-6.614440847E-1,1.160615891E-1,3.653132569E-1,9.972181924E1,-8.272493532E1,3.926482766E1,2.420683454E1
1.244755187E1,6.429410282E-1,-6.614454545E-1,1.172614888E-1,3.679217992E-1,9.997704841E1,-8.273127457E1,3.960601290E1,2.437591981E1
1.245759687E1,6.416236231E-1,-6.615650251E-1,1.182853622E-1,3.696745812E-1,1.001740084E2,-8.276437307E1,3.986022538E1,2.446343774E1
1.246764087E1,6.407418161E-1,-6.615820735E-1,1.187341207E-1,3.710272527E-1,1.003056857E2,-8.276656860E1,4.002230589E1,2.456505244E1
1.247768487E1,6.402638709E-1,-6.612928197E-1,1.182026911E-1,3.725347612E-1,1.003770030E2,-8.268189340E1,4.009605421E1,2.478691703E1
1.248772987E1,6.401730550E-1,-6.606248554E-1,1.164552196E-1,3.744214543E-1,1.003905500E2,-8.248875227E1,4.007630414E1,2.517695868E1
1.249777387E1,6.404186130E-1,-6.597249780E-1,1.135842184E-1,3.764643858E-1,1.003539170E2,-8.222314905E1,3.995672296E1,2.569239745E1
1.250781887E1,6.408861796E-1,-6.589018711E-1,1.098718186E-1,3.782081801E-1,1.002841371E2,-8.196032637E1,3.973478523E1,2.623854970E1
1.251786288E1,6.414095171E-1,-6.584394570E-1,1.055438219E-1,3.793572296E-1,1.002059918E2,-8.176636832E1,3.941710385E1,2.674479659E1
1.252790688E1,6.418390251E-1,-6.584309644E-1,1.006613413E-1,3.799720362E-1,1.001418239E2,-8.166144594E1,3.901969285E1,2.720594816E1
1.253795188E1,6.422492825E-1,-6.586473884E-1,9.503992113E-2,3.803510207E-1,1.000805039E2,-8.159660243E1,3.854382435E1,2.768320630E1
1.254799588E1,6.428205830E-1,-6.588047226E-1,8.862706740E-2,3.806616851E-1,9.999506748E1,-8.151839049E1,3.798869912E1,2.821534451E1
1.255804088E1,6.437254232E-1,-6.587267720E-1,8.154241397E-2,3.808509771E-1,9.985964158E1,-8.140047272E1,3.735381781E1,2.879594346E1
1.256808488E1,6.451776877E-1,-6.582917533E-1,7.388068589E-2,3.807090582E-1,9.964200163E1,-8.122842776E1,3.662446411E1,2.939989993E1
1.257812888E1,6.471938665E-1,-6.573608137E-1,6.504400905E-2,3.805078070E-1,9.933927195E1,-8.097448079E1,3.576442773E1,3.010576166E1
1.258817388E1,6.496176790E-1,-6.558441805E-1,5.474173877E-2,3.806162613E-1,9.897443458E1,-8.062900296E1,3.477619302E1,3.097239843E1
1.259821787E1,6.523541685E-1,-6.535889448E-1,4.347681339E-2,3.812681256E-1,9.856133570E1,-8.017999694E1,3.371827956E1,3.198676659E1
1.260826288E1,6.555808154E-1,-6.500548894E-1,3.194585710E-2,3.829125586E-1,9.807258973E1,-7.954142090E1,3.266420873E1,3.316438617E1
1.261830687E1,6.587146548E-1,-6.458560517E-1,2.133062540E-2,3.853698358E-1,9.759616283E1,-7.882587214E1,3.172807405E1,3.436815142E1
1.262835087E1,6.601779829E-1,-6.433100449E-1,1.323358360E-2,3.874818249E-1,9.737310362E1,-7.841946970E1,3.106531924E1,3.526773849E1
1.263839587E1,6.590918586E-1,-6.442912025E-1,8.612497759E-3,3.878308008E-1,9.753870102E1,-7.861773467E1,3.073744799E1,3.558269535E1
1.264843987E1,6.557818874E-1,-6.492358286E-1,7.959600929E-3,3.852005951E-1,9.804207316E1,-7.948842527E1,3.070457532E1,3.513940831E1
1.265848487E1,6.512588457E-1,-6.576068460E-1,1.249824753E-2,3.784955478E-1,9.872683836E1,-8.095848684E1,3.093609530E1,3.375191263E1
1.266852887E1,6.464374570E-1,-6.678115042E-1,2.194223939E-2,3.683271570E-1,9.945292640E1,-8.279585566E1,3.135336978E1,3.155461954E1
1.267857287E1,6.418770837E-1,-6.777010514E-1,3.369113703E-2,3.571834460E-1,1.001361365E2,-8.465316533E1,3.182848978E1,2.907417124E1
1.268861787E1,6.384133924E-1,-6.859395380E-1,4.652042698E-2,3.460507563E-1,1.006527767E2,-8.629387572E1,3.228549319E1,2.656152015E1
1.269866187E1,6.367713301E-1,-6.921568304E-1,6.070423235E-2,3.342996460E-1,1.008970303E2,-8.765281691E1,3.268942510E1,2.395509634E1
1.270870687E1,6.368710707E-1,-6.958838762E-1,7.483463766E-2,3.233276201E-1,1.008822063E2,-8.861292053E1,3.304632806E1,2.153462673E1
1.271875087E1,6.383268017E-1,-6.971151964E-1,8.659314478E-2,3.147556466E-1,1.006656677E2,-8.910414430E1,3.332526630E1,1.965907691E1
1.272879487E1,6.409742139E-1,-6.967718049E-1,9.625571020E-2,3.072390933E-1,1.002709948E2,-8.927959552E1,3.347313511E1,1.814185361E1
1.273883987E1,6.441905452E-1,-6.964831412E-1,1.079481311E-1,2.971143877E-1,9.978997514E1,-8.955186498E1,3.356953914E1,1.619776490E1
1.274888387E1,6.468625817E-1,-6.971134262E-1,1.242637451E-1,2.831257539E-1,9.938906097E1,-9.019412173E1,3.374548172E1,1.342362918E1
1.275892887E1,6.476166310E-1,-6.988877453E-1,1.424629861E-1,2.680539987E-1,9.927570768E1,-9.120813225E1,3.400063612E1,1.028795620E1
1.276897287E1,6.452489896E-1,-7.026072047E-1,1.589144184E-1,2.544468043E-1,9.963130716E1,-9.262215907E1,3.423794849E1,7.300622613E0
1.277901687E1,6.401455541E-1,-7.082712565E-1,1.722906269E-1,2.426551698E-1,1.003946521E2,-9.435324282E1,3.435463460E1,4.628073119E0
1.278906187E1,6.356637004E-1,-7.134710185E-1,1.824285245E-1,2.315397393E-1,1.010615454E2,-9.587499023E1,3.421640524E1,2.359784059E0
1.279910587E1,6.354808252E-1,-7.153422965E-1,1.875483972E-1,2.219800333E-1,1.010886890E2,-9.647791999E1,3.377618950E1,9.516588525E-1
1.280915087E1,6.375764087E-1,-7.153371967E-1,1.866502900E-1,2.166812893E-1,1.007773302E2,-9.638969537E1,3.323046154E1,6.347025538E-1
1.281919487E1,6.390653304E-1,-7.154985138E-1,1.813036461E-1,2.163015041E-1,1.005556824E2,-9.611818296E1,3.276921925E1,1.159585601E0
1.282923987E1,6.401293065E-1,-7.155778763E-1,1.726705807E-1,2.199264491E-1,1.003970755E2,-9.569142662E1,3.239899609E1,2.337995848E0
1.283928367E1,6.411389554E-1,-7.150874766E-1,1.612868645E-1,2.271062702E-1,1.002463979E2,-9.506162495E1,3.211472573E1,4.099161375E0
1.284932767E1,6.419805015E-1,-7.138875137E-1,1.475656629E-1,2.375918582E-1,1.001206809E2,-9.424444421E1,3.191740986E1,6.383158423E0
1.285937267E1,6.425255445E-1,-7.118703444E-1,1.317148443E-1,2.511031263E-1,1.000391963E2,-9.325181734E1,3.178720860E1,9.148920317E0
1.286941667E1,6.426161392E-1,-7.090320071E-1,1.140892008E-1,2.670238665E-1,1.000256476E2,-9.212051281E1,3.168763730E1,1.230889951E1
1.287946167E1,6.420636994E-1,-7.055959431E-1,9.527518484E-2,2.842729489E-1,1.001082459E2,-9.093383254E1,3.156793437E1,1.570238304E1
1.288950567E1,6.408043726E-1,-7.019476065E-1,7.605742311E-2,3.014207103E-1,1.002963486E2,-8.980071035E1,3.137512083E1,1.911105621E1
1.289954967E1,6.390114667E-1,-6.984165857E-1,5.725853782E-2,3.171749284E-1,1.005637070E2,-8.880433703E1,3.107891502E1,2.232807897E1
1.290959467E1,6.369302238E-1,-6.952401463E-1,3.940336263E-2,3.307695102E-1,1.008734140E2,-8.798934075E1,3.067201443E1,2.522585629E1
1.291963867E1,6.348005856E-1,-6.925780249E-1,2.302016611E-2,3.418097508E-1,1.011896083E2,-8.737368572E1,3.017788217E1,2.771752151E1
1.292968367E1,6.327185103E-1,-6.905872607E-1,8.624867859E-3,3.502599621E-1,1.014980494E2,-8.696395703E1,2.964893900E1,2.975541170E1
1.293972767E1,6.306923953E-1,-6.894397495E-1,-3.267645165E-3,3.562150905E-1,1.017975506E2,-8.676245249E1,2.914725923E1,3.130746175E1
1.294977167E1,6.287745978E-1,-6.892644819E-1,-1.210489099E-2,3.597366599E-1,1.020804553E2,-8.676162555E1,2.873014406E1,3.233892509E1
1.295981667E1,6.269832198E-1,-6.900935314E-1,-1.768313176E-2,3.610405675E-1,1.023442020E2,-8.694170204E1,2.843291499E1,3.286001700E1
1.296986067E1,6.252495829E-1,-6.918729925E-1,-2.017390514E-2,3.605103285E-1,1.025989830E2,-8.727904787E1,2.827000916E1,3.292680520E1
1.297990567E1,6.235978585E-1,-6.944196526E-1,-2.031065059E-2,3.584611382E-1,1.028413043E2,-8.774108273E1,2.819758135E1,3.263458987E1
1.298994967E1,6.221591758E-1,-6.974648256E-1,-1.901069427E-2,3.551047739E-1,1.030520381E2,-8.828672588E1,2.814410758E1,3.208572028E1
1.299999367E1,6.209894322E-1,-7.007855968E-1,-1.687365939E-2,3.506950335E-1,1.032231518E2,-8.888113180E1,2.807112935E1,3.136084871E1
1.301003867E1,6.200562377E-1,-7.042183734E-1,-1.426620246E-2,3.455479550E-1,1.033595173E2,-8.949749507E1,2.796880333E1,3.052649873E1
1.302008267E1,6.193123248E-1,-7.076442799E-1,-1.139545417E-2,3.399441311E-1,1.034681317E2,-9.011537284E1,2.784001741E1,2.963133756E1
1.303012767E1,6.187122906E-1,-7.110130143E-1,-8.410508987E-3,3.340430981E-1,1.035556801E2,-9.072602238E1,2.768502429E1,2.870501296E1
1.304017167E1,6.182196888E-1,-7.143062637E-1,-5.433613857E-3,3.279352506E-1,1.036275141E2,-9.132599432E1,2.750164457E1,2.776719962E1
1.305021667E1,6.177908552E-1,-7.175061789E-1,-2.592958414E-3,3.217337106E-1,1.036900203E2,-9.191152455E1,2.728958636E1,2.684002884E1
1.306026067E1,6.173862138E-1,-7.205930984E-1,2.714257044E-5,3.155626850E-1,1.037489756E2,-9.247823978E1,2.705323112E1,2.594292963E1
1.307030467E1,6.169765570E-1,-7.235557689E-1,2.409113861E-3,3.095177205E-1,1.038086375E2,-9.302334785E1,2.680011923E1,2.508654001E1
1.308034967E1,6.165190319E-1,-7.264182564E-1,4.544652528E-3,3.036449576E-1,1.038752421E2,-9.355073129E1,2.653537124E1,2.427458179E1
1.309039367E1,6.159913112E-1,-7.291893696E-1,6.376312418E-3,2.979881340E-1,1.039520278E2,-9.406135389E1,2.625935139E1,2.351524002E1
1.310043867E1,6.153617321E-1,-7.318689398E-1,7.785492297E-3,2.926382554E-1,1.040435818E2,-9.455434089E1,2.597172128E1,2.282629743E1
1.311048267E1,6.145925732E-1,-7.344852054E-1,8.656962684E-3,2.876326217E-1,1.041553562E2,-9.503395928E1,2.566857592E1,2.221946317E1
1.312052667E1,6.136350073E-1,-7.371381809E-1,8.943476960E-3,2.828416103E-1,1.042943914E2,-9.551785361E1,2.533834117E1,2.168376872E1
1.313057167E1,6.124118004E-1,-7.399029299E-1,8.625183960E-3,2.782463605E-1,1.044718062E2,-9.601981375E1,2.498082479E1,2.121659901E1
1.314061567E1,6.108053206E-1,-7.428260246E-1,7.718141634E-3,2.739834702E-1,1.047044886E2,-9.654958000E1,2.461209168E1,2.082627881E1
1.315066067E1,6.087471003E-1,-7.459337224E-1,6.295221881E-3,2.701299206E-1,1.050020696E2,-9.711362934E1,2.424645445E1,2.051175954E1
1.316070467E1,6.062117988E-1,-7.492669481E-1,4.455511943E-3,2.666203526E-1,1.053678150E2,-9.772101663E1,2.388746777E1,2.025738204E1
1.317074867E1,6.032194252E-1,-7.528031108E-1,2.227924559E-3,2.634555773E-1,1.057983567E2,-9.836880331E1,2.353743833E1,2.006151897E1
1.318079367E1,5.998103985E-1,-7.564631010E-1,-4.041882772E-4,2.607507822E-1,1.062873607E2,-9.904376719E1,2.320435792E1,1.993772048E1
1.319083767E1,5.960592763E-1,-7.601339651E-1,-3.472099527E-3,2.586457684E-1,1.068236352E2,-9.972635896E1,2.289675098E1,1.990362198E1
1.320088267E1,5.920285519E-1,-7.637628087E-1,-6.981330428E-3,2.571378069E-1,1.073978142E2,-1.004078484E2,2.261383858E1,1.996072240E1
1.321092667E1,5.876396846E-1,-7.680959262E-1,-9.731918055E-3,2.541920266E-1,1.080206173E2,-1.012247603E2,2.227484974E1,1.981557907E1
1.322097067E1,5.840978847E-1,-7.725267401E-1,-1.061236572E-2,2.488365425E-1,1.085214295E2,-1.020527370E2,2.184324034E1,1.931970402E1
1.323101567E1,5.842537859E-1,-7.732445852E-1,-1.115555430E-2,2.462029124E-1,1.084994182E2,-1.021712686E2,2.157475121E1,1.914234428E1
1.324105967E1,5.865807556E-1,-7.718292941E-1,-1.099050725E-2,2.451159030E-1,1.081705164E2,-1.018838845E2,2.143722596E1,1.909645909E1
1.325110467E1,5.896263922E-1,-7.697907775E-1,-1.040226368E-2,2.442430207E-1,1.077389993E2,-1.014788301E2,2.133160774E1,1.905046939E1
1.326114867E1,5.930206044E-1,-7.672588898E-1,-9.954790590E-3,2.440109180E-1,1.072566925E2,-1.009843126E2,2.126194286E1,1.908294639E1
1.327119367E1,5.966305241E-1,-7.643486499E-1,-9.675356985E-3,2.443552156E-1,1.067420881E2,-1.004230577E2,2.122306958E1,1.918750182E1
1.328123767E1,6.003402370E-1,-7.612363159E-1,-9.440219717E-3,2.449933716E-1,1.062114616E2,-9.982817382E1,2.120223978E1,1.932536245E1
1.329128167E1,6.040746164E-1,-7.580807814E-1,-9.085258959E-3,2.456114130E-1,1.056754373E2,-9.922886519E1,2.118682867E1,1.945216747E1
1.330132667E1,6.077800198E-1,-7.550105942E-1,-8.515222833E-3,2.459468808E-1,1.051416871E2,-9.864831311E1,2.116372562E1,1.953447832E1
1.331137067E1,6.113967041E-1,-7.521387501E-1,-7.609950673E-3,2.458118634E-1,1.046188752E2,-9.810696941E1,2.112868585E1,1.954291656E1
1.332141567E1,6.147641108E-1,-7.495989810E-1,-6.167264049E-3,2.452108915E-1,1.041304357E2,-9.763013262E1,2.110245873E1,1.945560745E1
1.333145967E1,6.177488453E-1,-7.474421581E-1,-3.876751420E-3,2.443390628E-1,1.036961421E2,-9.722862852E1,2.112899651E1,1.925973986E1
1.334150367E1,6.202776141E-1,-7.456601894E-1,-5.004516792E-4,2.434057209E-1,1.033271797E2,-9.690292968E1,2.124612928E1,1.895218870E1
1.335154867E1,6.223746094E-1,-7.441809615E-1,3.982160688E-3,2.425466627E-1,1.030205017E2,-9.664202212E1,2.146630583E1,1.854471721E1
1.336159267E1,6.241668199E-1,-7.428817427E-1,9.356052460E-3,2.417744903E-1,1.027578793E2,-9.642504771E1,2.177108300E1,1.806089684E1
1.337163767E1,6.257785154E-1,-7.416780709E-1,1.539708670E-2,2.409930878E-1,1.025212975E2,-9.623766852E1,2.213244740E1,1.751484053E1
1.338168167E1,6.273640587E-1,-7.404864952E-1,2.206370661E-2,2.400150491E-1,1.022881716E2,-9.606625340E1,2.252830262E1,1.689734581E1
1.339172567E1,6.290776231E-1,-7.392136603E-1,2.953002082E-2,2.386474260E-1,1.020357920E2,-9.589773383E1,2.295302007E1,1.618027435E1
1.340177067E1,6.316056333E-1,-7.376051891E-1,3.934869816E-2,2.355091295E-1,1.016626343E2,-9.570424117E1,2.339895992E1,1.512386720E1
1.341181467E1,6.396702641E-1,-7.325300763E-1,5.815188243E-2,2.254771680E-1,1.004655274E2,-9.501671087E1,2.387443887E1,1.284334042E1
1.342185967E1,6.530507927E-1,-7.218848782E-1,8.191107246E-2,2.137697850E-1,9.845596908E1,-9.350810166E1,2.455827443E1,1.019224533E1
1.343190367E1,6.669785771E-1,-7.084653427E-1,1.037708515E-1,2.060292423E-1,9.633140790E1,-9.161138698E1,2.549009305E1,8.139253338E0
1.344194867E1,6.798475061E-1,-6.943587082E-1,1.239405631E-1,2.007788619E-1,9.433654443E1,-8.967907650E1,2.657356311E1,6.476471764E0
1.345199267E1,6.903636717E-1,-6.816107195E-1,1.455052510E-1,1.939925239E-1,9.268219294E1,-8.815675512E1,2.773338370E1,4.503180553E0
1.346203667E1,6.965745788E-1,-6.722485979E-1,1.715201825E-1,1.828840687E-1,9.169435207E1,-8.755405325E1,2.900201083E1,1.584011926E0
1.347208167E1,6.987893957E-1,-6.656556507E-1,1.996342378E-1,1.695346445E-1,9.134008488E1,-8.773639410E1,3.031196834E1,-1.914261016E0
1.348212567E1,7.003449515E-1,-6.589080878E-1,2.243370325E-1,1.582091962E-1,9.109062787E1,-8.791432079E1,3.151469667E1,-4.981929005E0
1.349217067E1,7.023932462E-1,-6.517387613E-1,2.437765710E-1,1.498446062E-1,9.076133751E1,-8.785068158E1,3.253217310E1,-7.308958293E0
1.350221467E1,7.041420665E-1,-6.452441216E-1,2.596970162E-1,1.428339205E-1,9.047945097E1,-8.777417401E1,3.337062728E1,-9.232224216E0
1.351225867E1,7.051966017E-1,-6.397631558E-1,2.736247162E-1,1.361268186E-1,9.030914121E1,-8.780943269E1,3.406245683E1,-1.100325906E1
1.352230367E1,7.056298081E-1,-6.353010900E-1,2.857484890E-1,1.297188749E-1,9.023910445E1,-8.794709357E1,3.461689130E1,-1.263428274E1
1.353234767E1,7.057371983E-1,-6.316527745E-1,2.959267843E-1,1.240045209E-1,9.022173602E1,-8.811799514E1,3.505403252E1,-1.405604591E1
1.354239267E1,7.058974195E-1,-6.284992103E-1,3.040999539E-1,1.192507146E-1,9.019581823E1,-8.824086492E1,3.539603101E1,-1.521219401E1
1.355243667E1,7.063775353E-1,-6.254300768E-1,3.106682873E-1,1.155559744E-1,9.011811849E1,-8.826108952E1,3.569304020E1,-1.610939736E1
1.356248167E1,7.072754739E-1,-6.219344383E-1,3.166526973E-1,1.126497385E-1,8.997265891E1,-8.816801527E1,3.601824745E1,-1.685536659E1
1.357252567E1,7.084767856E-1,-6.177004186E-1,3.230915030E-1,1.100850606E-1,8.977776565E1,-8.799745668E1,3.642747831E1,-1.759047705E1
1.358256967E1,7.098492345E-1,-6.128286643E-1,3.301455367E-1,1.075126909E-1,8.955470009E1,-8.778612416E1,3.690434236E1,-1.837012753E1
1.359261467E1,7.113085270E-1,-6.076365519E-1,3.374427156E-1,1.046443450E-1,8.931703870E1,-8.756037836E1,3.738899336E1,-1.919399705E1
1.360265867E1,7.128382257E-1,-6.023148063E-1,3.446926795E-1,1.013188533E-1,8.906737420E1,-8.732855038E1,3.784097151E1,-2.005252172E1
1.361270367E1,7.144048873E-1,-5.968366959E-1,3.520788620E-1,9.722228495E-2,8.881110254E1,-8.710571094E1,3.825083355E1,-2.099420275E1
1.362274767E1,7.159294653E-1,-5.912474654E-1,3.596797617E-1,9.220592489E-2,8.856115183E1,-8.691048670E1,3.861203324E1,-2.204587481E1
1.363279167E1,7.173435131E-1,-5.856395532E-1,3.673706554E-1,8.650596403E-2,8.832882150E1,-8.674787853E1,3.893103723E1,-2.317885148E1
1.364283667E1,7.185247628E-1,-5.801495258E-1,3.751261602E-1,8.018043856E-2,8.813436788E1,-8.664011192E1,3.920583039E1,-2.439422405E1
1.365288067E1,7.192800554E-1,-5.749574977E-1,3.830026897E-1,7.327339195E-2,8.800985514E1,-8.662512013E1,3.943708706E1,-2.570721809E1
1.366292567E1,7.194932553E-1,-5.702406121E-1,3.909049498E-1,6.594217946E-2,8.797468302E1,-8.672251248E1,3.962147698E1,-2.710295332E1
1.367296967E1,7.191786080E-1,-5.660636645E-1,3.986932080E-1,5.829014516E-2,8.802658726E1,-8.692582399E1,3.975120109E1,-2.855735848E1
1.368301467E1,7.184066252E-1,-5.623880431E-1,4.063165561E-1,5.018473721E-2,8.815383065E1,-8.722029482E1,3.981028518E1,-3.007105709E1
1.369305867E1,7.172931687E-1,-5.592069781E-1,4.135775203E-1,4.161487099E-2,8.833710149E1,-8.757752925E1,3.978103137E1,-3.161487899E1
1.370310267E1,7.159913579E-1,-5.565155910E-1,4.202128409E-1,3.267971803E-2,8.855099289E1,-8.795886283E1,3.965111055E1,-3.313954697E1
1.371314767E1,7.145922301E-1,-5.542879720E-1,4.261211442E-1,2.331226485E-2,8.878041820E1,-8.834080190E1,3.940879587E1,-3.463005579E1
1.372319167E1,7.131247190E-1,-5.524893605E-1,4.313110597E-1,1.339372055E-2,8.902055374E1,-8.871233182E1,3.904694518E1,-3.609079272E1
1.373323667E1,7.115462773E-1,-5.510931249E-1,4.358789299E-1,2.795178993E-3,8.927827127E1,-8.907581871E1,3.856315278E1,-3.754049306E1
1.374328067E1,7.097792286E-1,-5.501135163E-1,4.399053342E-1,-8.475984117E-3,8.956608881E1,-8.943919139E1,3.796251737E1,-3.898721861E1
1.375332467E1,7.077901291E-1,-5.495450238E-1,4.434174469E-1,-2.035374574E-2,8.988920515E1,-8.980115319E1,3.725204400E1,-4.042622049E1
1.376336967E1,7.056389118E-1,-5.493735072E-1,4.463152746E-1,-3.263622248E-2,9.023763219E1,-9.014366810E1,3.644250940E1,-4.182409184E1
1.377341367E1,7.034051710E-1,-5.496332582E-1,4.484414566E-1,-4.499675519E-2,9.059831236E1,-9.045020363E1,3.554968087E1,-4.313270887E1
1.378345867E1,7.011557726E-1,-5.503591376E-1,4.496902414E-1,-5.713312988E-2,9.096038899E1,-9.071222752E1,3.459127123E1,-4.431451538E1
1.379350267E1,6.989499119E-1,-5.515744314E-1,4.499934985E-1,-6.885246150E-2,9.131436823E1,-9.092551173E1,3.357934986E1,-4.534664674E1
1.380354767E1,6.968243621E-1,-5.532495685E-1,4.493865312E-1,-8.001572868E-2,9.165445170E1,-9.109192688E1,3.253057749E1,-4.622359456E1
1.381359167E1,6.947922307E-1,-5.551881127E-1,4.481584985E-1,-9.046492287E-2,9.197867401E1,-9.122022260E1,3.148692561E1,-4.696695375E1
1.382363567E1,6.929421948E-1,-5.573517423E-1,4.463811870E-1,-9.966907809E-2,9.227307458E1,-9.131636883E1,3.049952702E1,-4.754428787E1
1.383368075E1,6.911842919E-1,-5.600608943E-1,4.439485183E-1,-1.072649096E-1,9.255214181E1,-9.141765449E1,2.957422864E1,-4.792428119E1
1.384372475E1,6.887637984E-1,-5.636738697E-1,4.415095012E-1,-1.137786207E-1,9.293533542E1,-9.165369202E1,2.868040262E1,-4.824451309E1
1.385376975E1,6.849415850E-1,-5.681443543E-1,4.401075601E-1,-1.198855305E-1,9.353797338E1,-9.213607690E1,2.781844365E1,-4.868794975E1
1.386381375E1,6.799002950E-1,-5.729200611E-1,4.401080184E-1,-1.257110890E-1,9.432829552E1,-9.282253993E1,2.702725776E1,-4.928979844E1
1.387385775E1,6.742849651E-1,-5.771752912E-1,4.415355322E-1,-1.313576919E-1,9.520270355E1,-9.359371846E1,2.634714577E1,-5.003611102E1
1.388390275E1,6.690056508E-1,-5.803488435E-1,4.438661054E-1,-1.364168310E-1,9.601926646E1,-9.430963460E1,2.582087976E1,-5.081485756E1
1.389394675E1,6.645903259E-1,-5.821696085E-1,4.467369591E-1,-1.407989442E-1,9.669819203E1,-9.489159416E1,2.545844663E1,-5.156996469E1
1.390399175E1,6.609061223E-1,-5.827169749E-1,4.501870527E-1,-1.448301849E-1,9.726196901E1,-9.535705828E1,2.523125059E1,-5.233781336E1
1.391403575E1,6.574274479E-1,-5.824259614E-1,4.542335189E-1,-1.491346847E-1,9.779206158E1,-9.577146510E1,2.505773750E1,-5.318284826E1
1.392407975E1,6.532960874E-1,-5.815033089E-1,4.592893442E-1,-1.552788101E-1,9.841884760E1,-9.620947754E1,2.480388153E1,-5.428643082E1
1.393412475E1,6.475554970E-1,-5.792459712E-1,4.669931506E-1,-1.645098340E-1,9.928490127E1,-9.676505008E1,2.447049826E1,-5.594344450E1
1.394416875E1,6.403657082E-1,-5.750730486E-1,4.779133622E-1,-1.755606112E-1,1.003618103E2,-9.744795679E1,2.421477969E1,-5.812876273E1
1.395421375E1,6.328215066E-1,-5.693422441E-1,4.904523157E-1,-1.866622597E-1,1.014828074E2,-9.814816494E1,2.409106649E1,-6.052198612E1
1.396425775E1,6.254403923E-1,-5.624517849E-1,5.034319830E-1,-1.975567353E-1,1.025709632E2,-9.879264393E1,2.404795525E1,-6.296698024E1
1.397430275E1,6.175655486E-1,-5.545067326E-1,5.170687143E-1,-2.092249639E-1,1.037228499E2,-9.942930273E1,2.399233002E1,-6.557813102E1
1.398434675E1,6.073126534E-1,-5.451194453E-1,5.329843798E-1,-2.234807982E-1,1.052091141E2,-1.002282597E2,2.381149536E1,-6.872438545E1
1.399439075E1,5.939013787E-1,-5.346538119E-1,5.511730018E-1,-2.400728113E-1,1.071312931E2,-1.012702133E2,2.345152967E1,-7.241615439E1
1.400443575E1,5.792553488E-1,-5.244361995E-1,5.689765412E-1,-2.563113177E-1,1.092036303E2,-1.023893988E2,2.297488161E1,-7.610203714E1
1.401447975E1,5.660378232E-1,-5.150858421E-1,5.838050616E-1,-2.710337387E-1,1.110512186E2,-1.032778210E2,2.243903737E1,-7.931162922E1
1.402452475E1,5.561407000E-1,-5.063858712E-1,5.942986338E-1,-2.847631062E-1,1.124213613E2,-1.036652853E2,2.187774054E1,-8.185730714E1
1.403456875E1,5.498416744E-1,-4.990121589E-1,6.006850983E-1,-2.963755851E-1,1.132876963E2,-1.036463140E2,2.139363552E1,-8.366875777E1
1.404461375E1,5.466261543E-1,-4.947945079E-1,6.038947653E-1,-3.028026107E-1,1.137282810E2,-1.035807485E2,2.113454292E1,-8.463300110E1
1.405465775E1,5.472516241E-1,-4.946839831E-1,6.035291993E-1,-3.025821721E-1,1.136426671E2,-1.035148080E2,2.117388344E1,-8.456061401E1
1.406470175E1,5.524181112E-1,-4.977704021E-1,5.990011052E-1,-2.970802804E-1,1.129338716E2,-1.032412648E2,2.147175877E1,-8.346683087E1
1.407474675E1,5.611627920E-1,-5.027640265E-1,5.909090130E-1,-2.883592861E-1,1.117274985E2,-1.026956455E2,2.191551105E1,-8.161095216E1
1.408479075E1,5.721170846E-1,-5.088647908E-1,5.802450095E-1,-2.775867307E-1,1.102040223E2,-1.019405703E2,2.242216057E1,-7.924368355E1
1.409483575E1,5.842777464E-1,-5.155854851E-1,5.678170419E-1,-2.652827696E-1,1.084960350E2,-1.010499082E2,2.295287118E1,-7.653486136E1
1.410487975E1,5.968953011E-1,-5.224872633E-1,5.542715716E-1,-2.520042680E-1,1.067042758E2,-1.000725461E2,2.347482913E1,-7.362733204E1
1.411492375E1,6.092064377E-1,-5.291081355E-1,5.403689041E-1,-2.385656189E-1,1.049357093E2,-9.905982493E1,2.394994615E1,-7.069212586E1
1.412496875E1,6.205848646E-1,-5.351248342E-1,5.267956969E-1,-2.258364699E-1,1.032822861E2,-9.805977440E1,2.433942949E1,-6.788758099E1
1.413501275E1,6.306486891E-1,-5.404916674E-1,5.140184363E-1,-2.143270085E-1,1.018040043E2,-9.712096949E1,2.462302724E1,-6.531192750E1
1.414505775E1,6.389633561E-1,-5.453355507E-1,5.025393746E-1,-2.044241639E-1,1.005708741E2,-9.631579277E1,2.478718045E1,-6.305913457E1
1.415510175E1,6.454697969E-1,-5.497370185E-1,4.926100947E-1,-1.961973730E-1,9.959818326E1,-9.567625778E1,2.484822256E1,-6.116189001E1
1.416514675E1,6.503179489E-1,-5.536754202E-1,4.843408514E-1,-1.895895058E-1,9.886884370E1,-9.520216642E1,2.483515567E1,-5.962168310E1
1.417519075E1,6.536869151E-1,-5.571542132E-1,4.777495980E-1,-1.844665564E-1,9.835968053E1,-9.488577281E1,2.477428906E1,-5.842269497E1
1.418523475E1,6.557530801E-1,-5.602030187E-1,4.727971036E-1,-1.806194342E-1,9.804644567E1,-9.471779862E1,2.469004455E1,-5.753745639E1
1.419527975E1,6.567195916E-1,-5.628354003E-1,4.693710969E-1,-1.778379108E-1,9.789966508E1,-9.468009854E1,2.460142759E1,-5.693016040E1
1.420532375E1,6.568095962E-1,-5.650440532E-1,4.673068391E-1,-1.759283425E-1,9.788598808E1,-9.474760362E1,2.452238372E1,-5.656075677E1
1.421536875E1,6.562076760E-1,-5.669216584E-1,4.663002407E-1,-1.748013989E-1,9.797742821E1,-9.489435545E1,2.444264898E1,-5.638316779E1
1.422541275E1,6.550527048E-1,-5.685827711E-1,4.659976895E-1,-1.745444507E-1,9.815270713E1,-9.509256248E1,2.433180136E1,-5.636040347E1
1.423545675E1,6.535013215E-1,-5.699846964E-1,4.661922025E-1,-1.752665526E-1,9.838778068E1,-9.531043740E1,2.417443023E1,-5.647294560E1
1.424550175E1,6.518257313E-1,-5.708932613E-1,4.668269709E-1,-1.768521171E-1,9.864120791E1,-9.550819225E1,2.399471025E1,-5.669895682E1
1.425554575E1,6.502380174E-1,-5.710982267E-1,4.679195384E-1,-1.791333153E-1,9.888090046E1,-9.565885434E1,2.382300979E1,-5.702309961E1
1.426559075E1,6.488430621E-1,-5.706736762E-1,4.693049527E-1,-1.818983803E-1,9.909113919E1,-9.575431945E1,2.366580917E1,-5.740962978E1
1.427563475E1,6.476742457E-1,-5.699257541E-1,4.706807786E-1,-1.848302837E-1,9.926704277E1,-9.580305201E1,2.351671321E1,-5.780168289E1
1.428567975E1,6.466970499E-1,-5.691657463E-1,4.718244913E-1,-1.876559559E-1,9.941393198E1,-9.582314726E1,2.336831651E1,-5.815577450E1
1.429572375E1,6.457854979E-1,-5.686741402E-1,4.726009258E-1,-1.903132304E-1,9.955081004E1,-9.583756825E1,2.320020655E1,-5.845522094E1
1.430576775E1,6.447620460E-1,-5.686209719E-1,4.730332471E-1,-1.928513558E-1,9.970432632E1,-9.587226748E1,2.299614026E1,-5.871003263E1
1.431581275E1,6.434689174E-1,-5.690419346E-1,4.732714611E-1,-1.953283050E-1,9.989804602E1,-9.594974745E1,2.275372748E1,-5.894443903E1
1.432585675E1,6.417779227E-1,-5.699125041E-1,4.734946866E-1,-1.977969934E-1,1.001509543E2,-9.608771650E1,2.247640353E1,-5.918471887E1
1.433590175E1,6.395781733E-1,-5.711911763E-1,4.738714584E-1,-2.003156259E-1,1.004792557E2,-9.630024210E1,2.216769209E1,-5.945575474E1
1.434594575E1,6.368178286E-1,-5.727993894E-1,4.745410295E-1,-2.029158968E-1,1.008901196E2,-9.659286009E1,2.183482881E1,-5.977581450E1
1.435599075E1,6.334725068E-1,-5.746985106E-1,4.755931993E-1,-2.055367986E-1,1.013864300E2,-9.697120484E1,2.148804285E1,-6.015030628E1
1.436603475E1,6.295574229E-1,-5.768868645E-1,4.770618431E-1,-2.080168666E-1,1.019650449E2,-9.744002896E1,2.114142569E1,-6.057041919E1
1.437607875E1,6.251213195E-1,-5.793816313E-1,4.789184855E-1,-2.101842894E-1,1.026178149E2,-9.799968130E1,2.080634466E1,-6.101920998E1
1.438612375E1,6.202622305E-1,-5.821822683E-1,4.810772682E-1,-2.119038597E-1,1.033294271E2,-9.864138339E1,2.049066570E1,-6.147533982E1
1.439616775E1,6.151206943E-1,-5.852964463E-1,4.833768529E-1,-2.130759215E-1,1.040786187E2,-9.934844308E1,2.019675533E1,-6.191104590E1
1.440621275E1,6.098413589E-1,-5.887309666E-1,4.856245707E-1,-2.136777152E-1,1.048439339E2,-1.000997843E2,1.992016873E1,-6.230058638E1
1.441625675E1,6.045620236E-1,-5.924858188E-1,4.876267251E-1,-2.137415466E-1,1.056053360E2,-1.008726515E2,1.965304116E1,-6.262206863E1
1.442630075E1,5.993457189E-1,-5.965607237E-1,4.892750251E-1,-2.133309942E-1,1.063538949E2,-1.016541970E2,1.938778269E1,-6.286675985E1
1.443634575E1,5.942125489E-1,-6.009207308E-1,4.905612627E-1,-2.124980249E-1,1.070869663E2,-1.024389423E2,1.912355671E1,-6.303730821E1
1.444638975E1,5.891429152E-1,-6.054804667E-1,4.915901990E-1,-2.112889583E-1,1.078075791E2,-1.032281731E2,1.886691724E1,-6.314984289E1
1.445643475E1,5.841269766E-1,-6.101442894E-1,4.924754303E-1,-2.097321802E-1,1.085173223E2,-1.040228322E2,1.862679957E1,-6.322028294E1
1.446647875E1,5.788770387E-1,-6.148101615E-1,4.935413610E-1,-2.081508725E-1,1.092568035E2,-1.048466060E2,1.838816193E1,-6.331331626E1
1.447652375E1,5.702773747E-1,-6.185934313E-1,4.979154452E-1,-2.102523355E-1,1.104608596E2,-1.059309687E2,1.792539736E1,-6.408997447E1
1.448656775E1,5.618282276E-1,-6.177402421E-1,5.048694750E-1,-2.187531546E-1,1.116353472E2,-1.066124002E2,1.727958055E1,-6.559683433E1
1.449661175E1,5.634425256E-1,-6.111931295E-1,5.071763617E-1,-2.274811874E-1,1.114115855E2,-1.058795966E2,1.706519017E1,-6.644403508E1
1.450665675E1,5.689253881E-1,-6.023884580E-1,5.080972124E-1,-2.351368464E-1,1.106493525E2,-1.046747453E2,1.714862465E1,-6.701724073E1
1.451670075E1,5.742157659E-1,-5.932086979E-1,5.095213623E-1,-2.424203065E-1,1.099105394E2,-1.035089255E2,1.730983335E1,-6.763704874E1
1.452674575E1,5.795524525E-1,-5.846110226E-1,5.104973700E-1,-2.484781046E-1,1.091618586E2,-1.023994817E2,1.752932731E1,-6.812364731E1
1.453678975E1,5.851074493E-1,-5.773433834E-1,5.102792232E-1,-2.528618405E-1,1.083788377E2,-1.013503640E2,1.776779787E1,-6.834909149E1
1.454683475E1,5.907853673E-1,-5.724728304E-1,5.082074316E-1,-2.548978072E-1,1.075744798E2,-1.004179911E2,1.797722282E1,-6.818266464E1
1.455687875E1,5.964914500E-1,-5.705863269E-1,5.041502180E-1,-2.538934584E-1,1.067619452E2,-9.966191389E1,1.816209123E1,-6.755718040E1
1.456692275E1,6.018968360E-1,-5.710075056E-1,4.992353422E-1,-2.498693932E-1,1.059882607E2,-9.913040372E1,1.839835223E1,-6.661243412E1
1.457696775E1,6.065436631E-1,-5.726662870E-1,4.947389821E-1,-2.437035094E-1,1.053199906E2,-9.883300181E1,1.872583261E1,-6.557030925E1
1.458701175E1,6.086771787E-1,-5.731068191E-1,4.936717264E-1,-2.394763913E-1,1.050121686E2,-9.878305053E1,1.905540520E1,-6.510573971E1
1.459705675E1,6.122128357E-1,-5.642256773E-1,4.968965925E-1,-2.448233512E-1,1.045006441E2,-9.795347684E1,1.939881972E1,-6.582269797E1
1.460710075E1,6.223833338E-1,-5.503252304E-1,4.969320749E-1,-2.506783492E-1,1.030192244E2,-9.608575320E1,2.003872859E1,-6.611181023E1
1.461714575E1,6.335272556E-1,-5.367496146E-1,4.961748963E-1,-2.536800057E-1,1.013783217E2,-9.420917423E1,2.087653354E1,-6.607520708E1
1.462718975E1,6.436944452E-1,-5.244721336E-1,4.957284966E-1,-2.546362966E-1,9.986428022E1,-9.256984073E1,2.178323100E1,-6.592339646E1
1.463723375E1,6.525925090E-1,-5.134505622E-1,4.958516517E-1,-2.542096651E-1,9.852529535E1,-9.118027273E1,2.271390724E1,-6.573965132E1
1.464727875E1,6.600429970E-1,-5.033153949E-1,4.970338168E-1,-2.529311615E-1,9.739369586E1,-9.004616964E1,2.367317823E1,-6.562579396E1
1.465732275E1,6.662022953E-1,-4.941708093E-1,4.990227104E-1,-2.508902847E-1,9.645074311E1,-8.914626500E1,2.464122181E1,-6.556018020E1
1.466736775E1,6.713635563E-1,-4.862966641E-1,5.011683403E-1,-2.482274046E-1,9.565521570E1,-8.843155693E1,2.556329979E1,-6.547708034E1
1.467741175E1,6.757522022E-1,-4.795581298E-1,5.031102260E-1,-2.454851832E-1,9.497481940E1,-8.783703872E1,2.639179186E1,-6.537606825E1
1.468745675E1,6.795827185E-1,-4.731901625E-1,5.050237772E-1,-2.433299198E-1,9.437791240E1,-8.728946720E1,2.713754905E1,-6.532712071E1
1.469750075E1,6.832234055E-1,-4.661339608E-1,5.072529847E-1,-2.421143625E-1,9.380790452E1,-8.670399877E1,2.786687332E1,-6.538981637E1
1.470754475E1,6.872395576E-1,-4.577894169E-1,5.096512826E-1,-2.416325608E-1,9.317601760E1,-8.599045235E1,2.863782587E1,-6.551606531E1
1.471758975E1,6.918490530E-1,-4.483133302E-1,5.118666474E-1,-2.415628710E-1,9.244668750E1,-8.512402190E1,2.945087881E1,-6.563194879E1
1.472763375E1,6.966654052E-1,-4.382994893E-1,5.138911317E-1,-2.417988301E-1,9.167984502E1,-8.417734350E1,3.026895565E1,-6.573738002E1
1.473767875E1,7.010308283E-1,-4.283569186E-1,5.161056562E-1,-2.422832449E-1,9.098046777E1,-8.327609663E1,3.106729927E1,-6.589213851E1
1.474772275E1,7.041240698E-1,-4.189493153E-1,5.193183472E-1,-2.428978303E-1,9.048235530E1,-8.258739411E1,3.185728986E1,-6.621026566E1
1.475776775E1,7.054140373E-1,-4.104616354E-1,5.242279282E-1,-2.430995240E-1,9.027399358E1,-8.225577908E1,3.268564176E1,-6.675438968E1
1.476781175E1,7.051340347E-1,-4.033704492E-1,5.305863493E-1,-2.419843816E-1,9.031925294E1,-8.230621075E1,3.357652826E1,-6.742468936E1
1.477785575E1,7.039095213E-1,-3.977167129E-1,5.376410468E-1,-2.393218598E-1,9.051697376E1,-8.264243401E1,3.450907047E1,-6.810159325E1
1.478790075E1,7.024659706E-1,-3.929718787E-1,5.446145221E-1,-2.356052032E-1,9.074962896E1,-8.309514331E1,3.544870686E1,-6.871108190E1
1.479794475E1,7.014608315E-1,-3.884949087E-1,5.508101563E-1,-2.315871966E-1,9.091135093E1,-8.348626677E1,3.635614294E1,-6.920255254E1
1.480798975E1,7.014661420E-1,-3.840101943E-1,5.555879599E-1,-2.276038980E-1,9.091049709E1,-8.367729165E1,3.720350578E1,-6.949237842E1
1.481803375E1,7.026744711E-1,-3.795259434E-1,5.586757170E-1,-2.238081739E-1,9.071605404E1,-8.361399289E1,3.797025596E1,-6.953851184E1
1.482807775E1,7.048970430E-1,-3.754030439E-1,5.601170655E-1,-2.201401337E-1,9.035754618E1,-8.333340208E1,3.863575476E1,-6.933887138E1
1.483812275E1,7.078130149E-1,-3.722386901E-1,5.600526335E-1,-2.162873217E-1,8.988549270E1,-8.291848634E1,3.918334913E1,-6.889381918E1
1.484816675E1,7.110836946E-1,-3.704224349E-1,5.588155181E-1,-2.118309668E-1,8.935368753E1,-8.246301973E1,3.962761793E1,-6.822595345E1
1.485821175E1,7.143527517E-1,-3.700170349E-1,5.568517595E-1,-2.066485271E-1,8.881964020E1,-8.204695372E1,3.998972502E1,-6.740053189E1
1.486825575E1,7.173328921E-1,-3.708449781E-1,5.544846977E-1,-2.011323265E-1,8.833056836E1,-8.170847096E1,4.026489682E1,-6.650705878E1
1.487830075E1,7.198631360E-1,-3.725879294E-1,5.518929088E-1,-1.959324169E-1,8.791363630E1,-8.144830903E1,4.043391873E1,-6.563197446E1
1.488834475E1,7.218928229E-1,-3.749055267E-1,5.492249027E-1,-1.914904130E-1,8.757804535E1,-8.125674476E1,4.049497849E1,-6.483517414E1
1.489838875E1,7.234181384E-1,-3.775589500E-1,5.465840391E-1,-1.880461515E-1,8.732517164E1,-8.112555273E1,4.045273916E1,-6.415117459E1
1.490843375E1,7.244976878E-1,-3.804220487E-1,5.439637906E-1,-1.857031239E-1,8.714584519E1,-8.104007042E1,4.030902406E1,-6.358560610E1
1.491847775E1,7.251245589E-1,-3.834438249E-1,5.414218984E-1,-1.844656292E-1,8.704157870E1,-8.100343304E1,4.007068792E1,-6.314671447E1
1.492852275E1,7.252451621E-1,-3.866815827E-1,5.390203340E-1,-1.842659585E-1,8.702150750E1,-8.103149440E1,3.974256847E1,-6.283917349E1
1.493856675E1,7.248136206E-1,-3.902038370E-1,5.368009232E-1,-1.850161302E-1,8.709330906E1,-8.113748089E1,3.932905675E1,-6.266219202E1
1.494861175E1,7.238431051E-1,-3.940714583E-1,5.347242057E-1,-1.866247490E-1,8.725461458E1,-8.132057353E1,3.883103698E1,-6.260102930E1
1.495865575E1,7.224930361E-1,-3.982405245E-1,5.326468876E-1,-1.889329001E-1,8.747860887E1,-8.155038378E1,3.825670597E1,-6.261528941E1
1.496869975E1,7.210938029E-1,-4.027304757E-1,5.302285383E-1,-1.915450353E-1,8.771027836E1,-8.177390315E1,3.761893608E1,-6.261485018E1
1.497874475E1,7.200098703E-1,-4.078590096E-1,5.268931000E-1,-1.939601340E-1,8.788940930E1,-8.194318195E1,3.690712669E1,-6.247516154E1
1.498878875E1,7.192498362E-1,-4.139176190E-1,5.224382624E-1,-1.959850794E-1,8.801483959E1,-8.207022152E1,3.610620905E1,-6.216068451E1
1.499883375E1,7.186618876E-1,-4.206770832E-1,5.171727354E-1,-1.977075368E-1,8.811177275E1,-8.218005654E1,3.523999708E1,-6.172547060E1
1.500887775E1,7.186288445E-1,-4.271995978E-1,5.112016702E-1,-1.993642451E-1,8.811721795E1,-8.217810492E1,3.436007306E1,-6.118713544E1
1.501892275E1,7.196118144E-1,-4.325645649E-1,5.046607217E-1,-2.009086531E-1,8.795511918E1,-8.197160483E1,3.353922281E1,-6.054203489E1
1.502896675E1,7.204026157E-1,-4.367492254E-1,4.993879138E-1,-2.021927412E-1,8.782453771E1,-8.180380686E1,3.288166049E1,-6.003443931E1
1.503901075E1,7.190848102E-1,-4.402674600E-1,4.976238311E-1,-2.035977907E-1,8.804205545E1,-8.202656801E1,3.243839752E1,-6.001155230E1
1.504905575E1,7.144811099E-1,-4.434659869E-1,5.004702581E-1,-2.058742262E-1,8.879861927E1,-8.282363938E1,3.217836116E1,-6.069378230E1
1.505909975E1,7.065231738E-1,-4.462407063E-1,5.077766434E-1,-2.094213261E-1,9.009453864E1,-8.417233987E1,3.204649619E1,-6.210110997E1
1.506914475E1,6.957657386E-1,-4.481709871E-1,5.187482715E-1,-2.143666265E-1,9.182346375E1,-8.593770025E1,3.198577790E1,-6.414444842E1
1.507918875E1,6.837292098E-1,-4.490752267E-1,5.313988799E-1,-2.201385321E-1,9.372850305E1,-8.784625484E1,3.193442659E1,-6.650673346E1
1.508923375E1,6.730339412E-1,-4.492826603E-1,5.425479146E-1,-2.254153175E-1,9.539668015E1,-8.948911110E1,3.185395745E1,-6.861923302E1
1.509927775E1,6.656618463E-1,-4.491742270E-1,5.499366260E-1,-2.295789415E-1,9.653375903E1,-9.056421671E1,3.172896999E1,-7.008436604E1
1.510932175E1,6.618906306E-1,-4.486640657E-1,5.533050179E-1,-2.333558048E-1,9.711155418E1,-9.100115232E1,3.153760632E1,-7.090637427E1
1.511936675E1,6.604803549E-1,-4.466334833E-1,5.546554345E-1,-2.379948663E-1,9.732696464E1,-9.095584596E1,3.133795895E1,-7.147049299E1
1.512941075E1,6.589681681E-1,-4.411743074E-1,5.577973767E-1,-2.449248619E-1,9.755754634E1,-9.077393081E1,3.126736369E1,-7.244951801E1
1.513945575E1,6.554050525E-1,-4.317547291E-1,5.650943554E-1,-2.543628267E-1,9.809925937E1,-9.077118370E1,3.140517242E1,-7.423183677E1
1.514949975E1,6.503113319E-1,-4.207182870E-1,5.746575965E-1,-2.643101784E-1,9.886984185E1,-9.097420005E1,3.166908091E1,-7.642151205E1
1.515954475E1,6.449452583E-1,-4.108254470E-1,5.838249207E-1,-2.727941072E-1,9.967685750E1,-9.130028326E1,3.193310038E1,-7.848161692E1
1.516958875E1,6.389260562E-1,-4.033842207E-1,5.923465393E-1,-2.796075246E-1,1.005764305E2,-9.183903434E1,3.209690031E1,-8.035800802E1
1.517963275E1,6.294917054E-1,-3.983641623E-1,6.027799390E-1,-2.858366075E-1,1.019747371E2,-9.298188030E1,3.208358238E1,-8.254664548E1
1.518967775E1,6.162680052E-1,-3.954360205E-1,6.155082345E-1,-2.915369267E-1,1.039117726E2,-9.475806606E1,3.187498711E1,-8.511520829E1
1.519972175E1,6.023046068E-1,-3.936387103E-1,6.272827153E-1,-2.979832661E-1,1.059297363E2,-9.651669851E1,3.140170566E1,-8.761999505E1
1.520976675E1,5.915887284E-1,-3.917742602E-1,6.339543507E-1,-3.076322391E-1,1.074603392E2,-9.739396963E1,3.059962024E1,-8.953879243E1
1.521981075E1,5.863338067E-1,-3.907033193E-1,6.343037375E-1,-3.181545054E-1,1.082054533E2,-9.727280539E1,2.968421935E1,-9.047003808E1
1.522985575E1,5.859480682E-1,-3.916866263E-1,6.302194339E-1,-3.256836290E-1,1.082600101E2,-9.663790290E1,2.890899876E1,-9.042496444E1
1.523989975E1,5.889672682E-1,-3.951413930E-1,6.241090787E-1,-3.278240461E-1,1.078324868E2,-9.595909147E1,2.843007890E1,-8.960656798E1
1.524994375E1,5.950465086E-1,-4.006511346E-1,6.165259650E-1,-3.244903358E-1,1.069681047E2,-9.529360427E1,2.827528757E1,-8.809971651E1
1.525998875E1,6.038573810E-1,-4.074242490E-1,6.073278895E-1,-3.170404694E-1,1.057066707E2,-9.454221903E1,2.836839465E1,-8.600673171E1
1.527003275E1,6.144755630E-1,-4.151845691E-1,5.965866914E-1,-3.067994174E-1,1.041723527E2,-9.369476621E1,2.858220295E1,-8.346653688E1
1.528007775E1,6.261120866E-1,-4.237876365E-1,5.844491893E-1,-2.946299890E-1,1.024722834E2,-9.277097041E1,2.882528254E1,-8.059100225E1
1.529012175E1,6.380685153E-1,-4.330098042E-1,5.712407726E-1,-2.811672319E-1,1.007041123E2,-9.181090609E1,2.904426413E1,-7.749753539E1
1.530016675E1,6.497051548E-1,-4.426284790E-1,5.573602928E-1,-2.670446870E-1,9.896124900E1,-9.086254798E1,2.919848277E1,-7.430977324E1
1.531021075E1,6.604281349E-1,-4.524404708E-1,5.432558974E-1,-2.529930331E-1,9.733493406E1,-8.997758700E1,2.925086307E1,-7.116101552E1
1.532025475E1,6.698174623E-1,-4.622806457E-1,5.293816791E-1,-2.395752256E-1,9.589404396E1,-8.920564746E1,2.918795942E1,-6.816435483E1
1.533029975E1,6.776746043E-1,-4.720942325E-1,5.161087632E-1,-2.269710841E-1,9.467561084E1,-8.858990321E1,2.902584694E1,-6.538303076E1
1.534034375E1,6.837945374E-1,-4.818061505E-1,5.039068937E-1,-2.153268793E-1,9.371824412E1,-8.817684204E1,2.879295577E1,-6.288528539E1
1.535038875E1,6.881442397E-1,-4.912954968E-1,4.931049259E-1,-2.047772070E-1,9.303322342E1,-8.798123219E1,2.851849324E1,-6.071305494E1
1.536043275E1,6.908564105E-1,-5.004100434E-1,4.838555937E-1,-1.954248845E-1,9.260412107E1,-8.798712902E1,2.822689014E1,-5.887890129E1
1.537047775E1,6.921297932E-1,-5.090171253E-1,4.761962259E-1,-1.873365250E-1,9.240212439E1,-8.816583235E1,2.793465001E1,-5.737768521E1
1.538052175E1,6.920905123E-1,-5.170639043E-1,4.701565640E-1,-1.805783621E-1,9.240836061E1,-8.849951206E1,2.764815472E1,-5.620668524E1
1.539056675E1,6.907938224E-1,-5.244700223E-1,4.658100544E-1,-1.753742378E-1,9.261404064E1,-8.897390398E1,2.736132215E1,-5.538330273E1
1.540061075E1,6.884690865E-1,-5.310157308E-1,4.631208668E-1,-1.719059737E-1,9.298190871E1,-8.954424985E1,2.707260710E1,-5.490530164E1
1.541065475E1,6.856201914E-1,-5.363056239E-1,4.619391113E-1,-1.700398166E-1,9.343119755E1,-9.012986569E1,2.681061786E1,-5.472688193E1
1.542069975E1,6.827122906E-1,-5.401821304E-1,4.619579009E-1,-1.694173287E-1,9.388808739E1,-9.066665483E1,2.659853637E1,-5.477182029E1
1.543074375E1,6.800302759E-1,-5.426796051E-1,4.628260206E-1,-1.698524949E-1,9.430798209E1,-9.111455320E1,2.643104495E1,-5.497941761E1
1.544078875E1,6.776893767E-1,-5.438901126E-1,4.643237853E-1,-1.712430670E-1,9.467330882E1,-9.145899596E1,2.629927017E1,-5.531524645E1
1.545083275E1,6.756574772E-1,-5.441343036E-1,4.661983164E-1,-1.733895217E-1,9.498954417E1,-9.171434258E1,2.618598630E1,-5.573854964E1
1.546087775E1,6.738166293E-1,-5.437462496E-1,4.683046974E-1,-1.760734751E-1,9.527535608E1,-9.191015937E1,2.607991895E1,-5.622125075E1
1.547092175E1,6.719652025E-1,-5.430194588E-1,4.706153667E-1,-1.792033001E-1,9.556215628E1,-9.208428037E1,2.596694496E1,-5.675964480E1
1.548096575E1,6.698828532E-1,-5.422360095E-1,4.731283541E-1,-1.827200753E-1,9.588395200E1,-9.227571914E1,2.583152068E1,-5.735544614E1
1.549101075E1,6.673960837E-1,-5.416568855E-1,4.758158321E-1,-1.865194662E-1,9.626717997E1,-9.251709671E1,2.566166738E1,-5.800240790E1
1.550105475E1,6.643780322E-1,-5.415191733E-1,4.786489196E-1,-1.904048998E-1,9.673074520E1,-9.283734318E1,2.545435094E1,-5.868559013E1
1.551109975E1,6.607108560E-1,-5.420102051E-1,4.816511871E-1,-1.941602473E-1,9.729178147E1,-9.326486411E1,2.521338542E1,-5.939381370E1
1.552114375E1,6.563166045E-1,-5.432366020E-1,4.848610832E-1,-1.976164785E-1,9.796088514E1,-9.381905493E1,2.494447405E1,-6.011985148E1
1.553118875E1,6.511915688E-1,-5.452444200E-1,4.882438472E-1,-2.006887941E-1,9.873699718E1,-9.450229059E1,2.464732531E1,-6.085254615E1
1.554123275E1,6.454855809E-1,-5.480308113E-1,4.916409042E-1,-2.032238217E-1,9.959581515E1,-9.529547502E1,2.432728900E1,-6.155807645E1
1.555127675E1,6.394559685E-1,-5.515675773E-1,4.948059930E-1,-2.050276225E-1,1.004974712E2,-9.616546645E1,2.399394596E1,-6.218752397E1
1.556132175E1,6.333621664E-1,-5.558166171E-1,4.975003093E-1,-2.059457916E-1,1.014027700E2,-9.707874432E1,2.365694336E1,-6.269627652E1
1.557136575E1,6.274613547E-1,-5.607154586E-1,4.995345401E-1,-2.058051054E-1,1.022738535E2,-9.800518245E1,2.333341223E1,-6.304496280E1
1.558141075E1,6.219516447E-1,-5.662230691E-1,5.007659577E-1,-2.044533927E-1,1.030824112E2,-9.892398989E1,2.303989416E1,-6.320332787E1
1.559145475E1,6.157005295E-1,-5.720756569E-1,5.023699061E-1,-2.031422675E-1,1.039943207E2,-9.994424692E1,2.271784440E1,-6.342122635E1
1.560149975E1,6.126475593E-1,-5.759618940E-1,5.019484771E-1,-2.024317770E-1,1.044376282E2,-1.004333120E2,2.244826354E1,-6.337863117E1
1.561154375E1,6.146810394E-1,-5.762115904E-1,4.991011862E-1,-2.025970137E-1,1.041425046E2,-1.001024417E2,2.233978887E1,-6.301472471E1
1.562158775E1,6.160778913E-1,-5.744514458E-1,4.983314241E-1,-2.052297377E-1,1.039394328E2,-9.974301407E1,2.222426771E1,-6.308128867E1
1.563163275E1,6.165001185E-1,-5.720729463E-1,4.989327595E-1,-2.091084279E-1,1.038779948E2,-9.946626709E1,2.208203059E1,-6.341624351E1
1.564167675E1,6.175631252E-1,-5.697940662E-1,4.988733324E-1,-2.123111037E-1,1.037232029E2,-9.912588866E1,2.197638008E1,-6.361575577E1
1.565172175E1,6.195532362E-1,-5.679187159E-1,4.976507208E-1,-2.143967615E-1,1.034329665E2,-9.870241844E1,2.190831081E1,-6.358407429E1
1.566176575E1,6.223775808E-1,-5.665903947E-1,4.952711308E-1,-2.152390242E-1,1.030200667E2,-9.821728412E1,2.187522641E1,-6.331447784E1
1.567181075E1,6.260149381E-1,-5.659214505E-1,4.917403945E-1,-2.145450342E-1,1.024865599E2,-9.768917947E1,2.189102208E1,-6.278716295E1
1.568185475E1,6.303975781E-1,-5.659343711E-1,4.871936531E-1,-2.120366645E-1,1.018410776E2,-9.714108494E1,2.197819602E1,-6.199914346E1
1.569189875E1,6.352974865E-1,-5.665859956E-1,4.819094999E-1,-2.077034627E-1,1.011158961E2,-9.660337255E1,2.214476497E1,-6.098602085E1
1.570194375E1,6.402454000E-1,-5.678070372E-1,4.763149641E-1,-2.020023006E-1,1.003797584E2,-9.611816159E1,2.236591333E1,-5.983875789E1
1.571198775E1,6.447065386E-1,-5.695000603E-1,4.708952323E-1,-1.956548377E-1,9.971264739E1,-9.572829247E1,2.260200237E1,-5.867563831E1
1.572203275E1,6.483743470E-1,-5.715068825E-1,4.659934274E-1,-1.893170265E-1,9.916170711E1,-9.544992696E1,2.282292456E1,-5.758951140E1
1.573207675E1,6.511830341E-1,-5.736164008E-1,4.617763138E-1,-1.835415384E-1,9.873828587E1,-9.527017244E1,2.300658558E1,-5.664063968E1
1.574212175E1,6.532628335E-1,-5.756368733E-1,4.582227076E-1,-1.786665600E-1,9.842388066E1,-9.515689482E1,2.314040072E1,-5.584822416E1
1.575216575E1,6.547155932E-1,-5.768099571E-1,4.558787844E-1,-1.755344169E-1,9.820382351E1,-9.506141240E1,2.323117125E1,-5.533021257E1
1.576221075E1,6.556691657E-1,-5.703025100E-1,4.601030523E-1,-1.820938574E-1,9.805918173E1,-9.461407407E1,2.330674372E1,-5.624561690E1
1.577225475E1,6.581443237E-1,-5.541141610E-1,4.698067715E-1,-1.976993603E-1,9.768299709E1,-9.347191428E1,2.353475595E1,-5.840048204E1
1.578229875E1,6.623918620E-1,-5.350493844E-1,4.791700179E-1,-2.129677516E-1,9.703490820E1,-9.199270489E1,2.401025286E1,-6.048081386E1
1.579234375E1,6.678029062E-1,-5.170609685E-1,4.861428492E-1,-2.243932775E-1,9.620456462E1,-9.046489524E1,2.466078747E1,-6.200195177E1
1.580238775E1,6.737472345E-1,-5.010090249E-1,4.908783640E-1,-2.325790174E-1,9.528611766E1,-8.898179649E1,2.536653892E1,-6.302336957E1
1.581243275E1,6.796625447E-1,-4.868214447E-1,4.940913263E-1,-2.386157948E-1,9.436544256E1,-8.759114110E1,2.605949252E1,-6.371105090E1
1.582247675E1,6.850732939E-1,-4.743909525E-1,4.965289693E-1,-2.430777762E-1,9.351725686E1,-8.635237958E1,2.672377572E1,-6.419982036E1
1.583252175E1,6.891759735E-1,-4.631575411E-1,4.996770136E-1,-2.466668965E-1,9.287016925E1,-8.537308129E1,2.740256424E1,-6.473208058E1
1.584256617E1,6.912770992E-1,-4.526315514E-1,5.047957312E-1,-2.498836915E-1,9.253742491E1,-8.475460880E1,2.814450713E1,-6.551295087E1
1.585261017E1,6.916635226E-1,-4.429439455E-1,5.114561819E-1,-2.526156291E-1,9.247612845E1,-8.446447122E1,2.892877795E1,-6.648557579E1
1.586265517E1,6.914224848E-1,-4.342802868E-1,5.181929710E-1,-2.545813160E-1,9.251436679E1,-8.433438737E1,2.970017024E1,-6.743440997E1
1.587269917E1,6.915668377E-1,-4.266521260E-1,5.237208700E-1,-2.557728496E-1,9.249146804E1,-8.418586146E1,3.040598859E1,-6.817830443E1
1.588274417E1,6.925202205E-1,-4.200543424E-1,5.275291222E-1,-2.562873572E-1,9.234012250E1,-8.393577393E1,3.102017932E1,-6.864556500E1
1.589278817E1,6.941271324E-1,-4.145217256E-1,5.298358193E-1,-2.561898926E-1,9.208459662E1,-8.360720963E1,3.154407339E1,-6.886551239E1
1.590283317E1,6.959676852E-1,-4.102185219E-1,5.310452758E-1,-2.556181285E-1,9.179124108E1,-8.326955662E1,3.196911971E1,-6.890700720E1
1.591287717E1,6.976026879E-1,-4.072653343E-1,5.315740080E-1,-2.547833259E-1,9.153003528E1,-8.299323271E1,3.228466376E1,-6.885015723E1
1.592292217E1,6.987069986E-1,-4.056341301E-1,5.318358611E-1,-2.538109348E-1,9.135328370E1,-8.283306506E1,3.249908374E1,-6.876595994E1
1.593296617E1,6.991242313E-1,-4.051405589E-1,5.321625308E-1,-2.527636067E-1,9.128643377E1,-8.281492427E1,3.263503765E1,-6.870547106E1
1.594301017E1,6.987664046E-1,-4.055210554E-1,5.328021566E-1,-2.517940606E-1,9.134376787E1,-8.294465772E1,3.271038982E1,-6.871469495E1
1.595305517E1,6.976171654E-1,-4.065577994E-1,5.339036908E-1,-2.509740305E-1,9.152771980E1,-8.321897776E1,3.274151123E1,-6.881838174E1
1.596309917E1,6.956760923E-1,-4.080232295E-1,5.355932052E-1,-2.503834267E-1,9.183776493E1,-8.363036497E1,3.274317386E1,-6.903855339E1
1.597314417E1,6.929870601E-1,-4.097623033E-1,5.378762052E-1,-2.501061636E-1,9.226594366E1,-8.416263157E1,3.271865940E1,-6.938140808E1
1.598318817E1,6.896571008E-1,-4.117241127E-1,5.406248119E-1,-2.501620714E-1,9.279405689E1,-8.479205884E1,3.266294440E1,-6.982938301E1
1.599323317E1,6.858925654E-1,-4.140193615E-1,5.435302312E-1,-2.504282498E-1,9.338831431E1,-8.548628210E1,3.256407144E1,-7.032739400E1
1.600327717E1,6.818922183E-1,-4.168087928E-1,5.462422282E-1,-2.508243670E-1,9.401662961E1,-8.621194125E1,3.240259575E1,-7.081797663E1
1.601332117E1,6.777737337E-1,-4.201447369E-1,5.485296851E-1,-2.514287317E-1,9.466016253E1,-8.694026519E1,3.215998083E1,-7.127300656E1
1.602336617E1,6.736207939E-1,-4.239589424E-1,5.503053319E-1,-2.523051755E-1,9.530572339E1,-8.764934082E1,3.183400804E1,-7.168219565E1
1.603341017E1,6.695835473E-1,-4.281373757E-1,5.515105684E-1,-2.533623870E-1,9.593013816E1,-8.831623745E1,3.144077866E1,-7.202541116E1
1.604345517E1,6.658418133E-1,-4.325985774E-1,5.520845663E-1,-2.543930671E-1,9.650612107E1,-8.892222908E1,3.100426100E1,-7.227347233E1
1.605349917E1,6.625611448E-1,-4.372850805E-1,5.519606283E-1,-2.552138770E-1,9.700901201E1,-8.945164046E1,3.054486440E1,-7.239998802E1
1.606354417E1,6.598354870E-1,-4.421912739E-1,5.510824934E-1,-2.557187330E-1,9.742534539E1,-8.989738272E1,3.007243046E1,-7.238865288E1
1.607358817E1,6.576677692E-1,-4.473036814E-1,5.494553774E-1,-2.559128825E-1,9.775550952E1,-9.026115535E1,2.958911263E1,-7.224251619E1
1.608363317E1,6.560981363E-1,-4.526365327E-1,5.470252639E-1,-2.557711005E-1,9.799406199E1,-9.053984040E1,2.909517682E1,-7.195408615E1
1.609367717E1,6.552926468E-1,-4.583523934E-1,5.435038210E-1,-2.551634061E-1,9.811631258E1,-9.071555378E1,2.858086412E1,-7.147580546E1
1.610372117E1,6.557345776E-1,-4.647788158E-1,5.381653773E-1,-2.537140814E-1,9.804925398E1,-9.073237645E1,2.803075448E1,-7.068137269E1
1.611376617E1,6.583136908E-1,-4.722168100E-1,5.297333919E-1,-2.510315398E-1,9.765721655E1,-9.046550875E1,2.741155753E1,-6.937285445E1
1.612381017E1,6.645768178E-1,-4.807166637E-1,5.160224175E-1,-2.469208523E-1,9.670026360E1,-8.966250962E1,2.664589225E1,-6.725962707E1
1.613385517E1,6.724440118E-1,-4.895172885E-1,4.993644400E-1,-2.425425745E-1,9.548804760E1,-8.859960234E1,2.573005470E1,-6.479623782E1
1.614389917E1,6.742619739E-1,-4.971721447E-1,4.900151962E-1,-2.409889574E-1,9.520627112E1,-8.839459450E1,2.490855445E1,-6.357579536E1
1.615394417E1,6.708363835E-1,-5.033060679E-1,4.881553849E-1,-2.415902875E-1,9.573669972E1,-8.894526796E1,2.431525912E1,-6.349580760E1
1.616398817E1,6.647655936E-1,-5.080830708E-1,4.906595030E-1,-2.432933152E-1,9.667131023E1,-8.986152122E1,2.389868992E1,-6.404624750E1
1.617403217E1,6.589094365E-1,-5.121026032E-1,4.935571957E-1,-2.449298984E-1,9.756649367E1,-9.073101291E1,2.355070672E1,-6.462673950E1
1.618407717E1,6.553950215E-1,-5.159635884E-1,4.938969868E-1,-2.455703198E-1,9.810078127E1,-9.126589260E1,2.320265907E1,-6.478753361E1
1.619412117E1,6.546463038E-1,-5.197000857E-1,4.912633883E-1,-2.449698326E-1,9.821432745E1,-9.142137733E1,2.286653462E1,-6.445715146E1
1.620416617E1,6.555711110E-1,-5.230161760E-1,4.871939652E-1,-2.435620225E-1,9.807406237E1,-9.135337176E1,2.258209645E1,-6.387027869E1
1.621421017E1,6.571240960E-1,-5.257782236E-1,4.830301977E-1,-2.417168756E-1,9.783818586E1,-9.120966187E1,2.237349401E1,-6.322963221E1
1.622425517E1,6.587579396E-1,-5.280123727E-1,4.793668490E-1,-2.396839856E-1,9.758957027E1,-9.106346005E1,2.223839934E1,-6.263142703E1
1.623429917E1,6.603007250E-1,-5.297961854E-1,4.762766526E-1,-2.376541512E-1,9.735437635E1,-9.093090910E1,2.215757473E1,-6.210077951E1
1.624434417E1,6.617332753E-1,-5.312885869E-1,4.735850890E-1,-2.357086737E-1,9.713560687E1,-9.081020218E1,2.210563395E1,-6.162422728E1
1.625438817E1,6.630361819E-1,-5.327258208E-1,4.710302050E-1,-2.339159365E-1,9.693631514E1,-9.070055609E1,2.204866770E1,-6.117834019E1
1.626443217E1,6.641672347E-1,-5.343076289E-1,4.684121745E-1,-2.323516140E-1,9.676306082E1,-9.060475812E1,2.195717996E1,-6.074807901E1
1.627447717E1,6.651135369E-1,-5.361847626E-1,4.656132049E-1,-2.309420338E-1,9.661792756E1,-9.052951874E1,2.182149211E1,-6.031542125E1
1.628452117E1,6.659058555E-1,-5.383866535E-1,4.626599199E-1,-2.294666833E-1,9.649628454E1,-9.048263923E1,2.165964797E1,-5.986570123E1
1.629456617E1,6.665175748E-1,-5.408248909E-1,4.597834396E-1,-2.277320876E-1,9.640228964E1,-9.047941218E1,2.150492017E1,-5.940933423E1
1.630461017E1,6.669083183E-1,-5.434052685E-1,4.571941269E-1,-2.256489796E-1,9.634221313E1,-9.053111057E1,2.138145713E1,-5.896250930E1
1.631465517E1,6.670157295E-1,-5.461124791E-1,4.550006021E-1,-2.232166639E-1,9.632569379E1,-9.064747824E1,2.129576142E1,-5.853777293E1
1.632469917E1,6.667888109E-1,-5.489639873E-1,4.532132175E-1,-2.205201929E-1,9.636059029E1,-9.083157721E1,2.124026735E1,-5.814372418E1
1.633474317E1,6.662068261E-1,-5.519635680E-1,4.518088107E-1,-2.176544811E-1,9.645004693E1,-9.108109561E1,2.120595936E1,-5.778565746E1
1.634478817E1,6.652637693E-1,-5.551433212E-1,4.507199627E-1,-2.146895136E-1,9.659487153E1,-9.139285006E1,2.118180148E1,-5.746203801E1
1.635483217E1,6.639878578E-1,-5.585164125E-1,4.498692760E-1,-2.116535496E-1,9.679055324E1,-9.176024180E1,2.116110061E1,-5.716633727E1
1.636487717E1,6.624500036E-1,-5.620060082E-1,4.492567084E-1,-2.085128508E-1,9.702601452E1,-9.217315120E1,2.115236153E1,-5.689459233E1
1.637492117E1,6.607115093E-1,-5.655110666E-1,4.489323041E-1,-2.052250805E-1,9.729168174E1,-9.262361904E1,2.116871065E1,-5.664782663E1
1.638496617E1,6.587939120E-1,-5.689766070E-1,4.489091497E-1,-2.018331864E-1,9.758409119E1,-9.310568371E1,2.121081253E1,-5.643057342E1
1.639501017E1,6.567328678E-1,-5.724239295E-1,4.490779425E-1,-1.983981972E-1,9.789764772E1,-9.361021127E1,2.126688837E1,-5.623536934E1
1.640505517E1,6.546237974E-1,-5.758537557E-1,4.492595112E-1,-1.950024677E-1,9.821773913E1,-9.411724591E1,2.132182656E1,-5.604730675E1
1.641509917E1,6.526517464E-1,-5.791976234E-1,4.492650535E-1,-1.916681463E-1,9.851633632E1,-9.459588288E1,2.137064843E1,-5.584369359E1
1.642514317E1,6.508777012E-1,-5.823375426E-1,4.491374539E-1,-1.884589166E-1,9.878438097E1,-9.503374680E1,2.141827303E1,-5.563225284E1
1.643518817E1,6.480930168E-1,-5.851444489E-1,4.504708010E-1,-1.861652430E-1,9.920404532E1,-9.558916588E1,2.147079009E1,-5.566888936E1
1.644523217E1,6.442423964E-1,-5.872863412E-1,4.535439069E-1,-1.853223060E-1,9.978220661E1,-9.624578405E1,2.151285136E1,-5.602449376E1
1.645527717E1,6.420343652E-1,-5.882376272E-1,4.555292447E-1,-1.850985484E-1,1.001126304E2,-9.660939002E1,2.154100440E1,-5.627245780E1