"Time (s)","w","x","y","z","Direct (°)","Yaw (°)","Pitch (°)","Roll (°)"
-1.221249695E-4,5.890586478E-1,2.057445509E-1,-1.709671421E-1,-7.625282380E-1,1.078195292E2,3.041979068E1,6.450956992E0,-1.028717009E2
9.921875026E-3,5.890518095E-1,2.044002917E-1,-1.711785783E-1,-7.628475530E-1,1.078204989E2,3.033442593E1,6.326062091E0,-1.029346732E2
1.996587502E-2,5.890173334E-1,2.031695154E-1,-1.716311973E-1,-7.631011928E-1,1.078253877E2,3.028011564E1,6.193714776E0,-1.029954713E2
3.001087502E-2,5.889745333E-1,2.021081063E-1,-1.722353552E-1,-7.632799586E-1,1.078314566E2,3.025305947E1,6.064366954E0,-1.030491116E2
4.005487502E-2,5.889492294E-1,2.011364437E-1,-1.729235804E-1,-7.634005144E-1,1.078350445E2,3.024099803E1,5.935504813E0,-1.030958371E2
5.009987502E-2,5.889823884E-1,2.001133329E-1,-1.736521268E-1,-7.634784545E-1,1.078303428E2,3.022922220E1,5.797238550E0,-1.031364678E2
6.014387502E-2,5.891154671E-1,1.988767536E-1,-1.743660009E-1,-7.635362167E-1,1.078114717E2,3.020042119E1,5.638740050E0,-1.031725723E2
7.018887502E-2,5.893465214E-1,1.972600373E-1,-1.749982511E-1,-7.636326435E-1,1.077787018E2,3.013561208E1,5.451272990E0,-1.032118400E2
8.023287501E-2,5.896699879E-1,1.951800627E-1,-1.754865078E-1,-7.638053296E-1,1.077328139E2,3.002275371E1,5.232697191E0,-1.032584514E2
9.027787502E-2,5.900872417E-1,1.926510911E-1,-1.757696424E-1,-7.640600652E-1,1.076736012E2,2.985751157E1,4.988463858E0,-1.033110575E2
1.003218750E-1,5.906063065E-1,1.897971107E-1,-1.758042095E-1,-7.643651399E-1,1.075999093E2,2.964559123E1,4.731500819E0,-1.033624292E2
1.103668750E-1,5.911993337E-1,1.868112620E-1,-1.755955378E-1,-7.646901553E-1,1.075156744E2,2.940215959E1,4.478300852E0,-1.034076393E2
1.204108750E-1,5.918227383E-1,1.839173872E-1,-1.751852682E-1,-7.650035066E-1,1.074270756E2,2.914781807E1,4.245929521E0,-1.034430375E2
1.304548750E-1,5.924326295E-1,1.813320054E-1,-1.746261158E-1,-7.652764232E-1,1.073403487E2,2.890348130E1,4.050161584E0,-1.034658717E2
1.404998750E-1,5.929874453E-1,1.791176281E-1,-1.739404949E-1,-7.655242520E-1,1.072614115E2,2.867556458E1,3.896176768E0,-1.034798937E2
1.505438750E-1,5.934510870E-1,1.771725446E-1,-1.731814155E-1,-7.657896665E-1,1.071954156E2,2.846100178E1,3.773041279E0,-1.034947961E2
1.605888750E-1,5.938573826E-1,1.754003664E-1,-1.723015454E-1,-7.660810698E-1,1.071375594E2,2.824824928E1,3.674990346E0,-1.035100825E2
1.706328750E-1,5.942798100E-1,1.739106553E-1,-1.710574855E-1,-7.663720200E-1,1.070773832E2,2.802334040E1,3.626292634E0,-1.035115412E2
1.806778750E-1,5.948209913E-1,1.728991042E-1,-1.690664529E-1,-7.666227780E-1,1.070002559E2,2.776605806E1,3.667613951E0,-1.034776011E2
1.907218750E-1,5.955387153E-1,1.724494072E-1,-1.660352838E-1,-7.668292501E-1,1.068979092E2,2.745613112E1,3.825479656E0,-1.033975261E2
2.007658750E-1,5.965363470E-1,1.727247049E-1,-1.617079882E-1,-7.669166469E-1,1.067555351E2,2.708346052E1,4.128955914E0,-1.032509272E2
2.108108750E-1,5.980692384E-1,1.740199536E-1,-1.558658110E-1,-7.666395630E-1,1.065365164E2,2.665321737E1,4.610642341E0,-1.029904196E2
2.208548750E-1,6.004374329E-1,1.757271492E-1,-1.491550258E-1,-7.657333583E-1,1.061975342E2,2.618322242E1,5.163823319E0,-1.025959750E2
2.308998750E-1,6.024835465E-1,1.771728967E-1,-1.427927009E-1,-7.650055981E-1,1.059040472E2,2.572773117E1,5.682510785E0,-1.022565785E2
2.409438750E-1,6.043727579E-1,1.788824427E-1,-1.371397693E-1,-7.641514290E-1,1.056325610E2,2.535984629E1,6.178106390E0,-1.019272609E2
2.509888750E-1,6.059902486E-1,1.812384634E-1,-1.324397727E-1,-7.631436347E-1,1.053997337E2,2.512982901E1,6.667510247E0,-1.016081871E2
2.610328750E-1,6.073163360E-1,1.839703589E-1,-1.289738899E-1,-7.620285344E-1,1.052085830E2,2.504134782E1,7.107156674E0,-1.013119482E2
2.710778750E-1,6.082829213E-1,1.865044118E-1,-1.269411526E-1,-7.609822916E-1,1.050690994E2,2.506574215E1,7.436126117E0,-1.010713472E2
2.811218750E-1,6.088256673E-1,1.884540223E-1,-1.262635762E-1,-7.601802581E-1,1.049907212E2,2.516344887E1,7.629865381E0,-1.009124643E2
2.911668750E-1,6.089570601E-1,1.896234762E-1,-1.267513996E-1,-7.597027554E-1,1.049717405E2,2.530085460E1,7.685918874E0,-1.008429985E2
3.012108750E-1,6.087154902E-1,1.899133912E-1,-1.281798748E-1,-7.595843070E-1,1.050066352E2,2.544978212E1,7.611787596E0,-1.008627745E2
3.112548750E-1,6.081503273E-1,1.894391522E-1,-1.301792608E-1,-7.598154139E-1,1.050882412E2,2.558682253E1,7.443037822E0,-1.009606175E2
3.212998750E-1,6.073770169E-1,1.884385518E-1,-1.323295640E-1,-7.603111452E-1,1.051998302E2,2.569459165E1,7.226725544E0,-1.011103403E2
3.313438750E-1,6.065365192E-1,1.871943241E-1,-1.342677395E-1,-7.609493380E-1,1.053210202E2,2.576429632E1,7.008363193E0,-1.012800645E2
3.413888750E-1,6.057534465E-1,1.859434399E-1,-1.357454581E-1,-7.616173498E-1,1.054338423E2,2.579320455E1,6.821637082E0,-1.014422428E2
3.514328750E-1,6.051414796E-1,1.847908501E-1,-1.366607401E-1,-7.622203816E-1,1.055219534E2,2.578096992E1,6.678874608E0,-1.015763758E2
3.614778750E-1,6.047443720E-1,1.837418440E-1,-1.370199076E-1,-7.627246265E-1,1.055791014E2,2.572860359E1,6.578525330E0,-1.016761169E2
3.715218750E-1,6.045374836E-1,1.827473311E-1,-1.369202883E-1,-7.631451994E-1,1.056088662E2,2.564065995E1,6.510114226E0,-1.017468724E2
3.815668750E-1,6.044532848E-1,1.817027241E-1,-1.365372762E-1,-7.635298210E-1,1.056209782E2,2.552426019E1,6.454265237E0,-1.018023873E2
3.916108750E-1,6.044169278E-1,1.805182949E-1,-1.360941837E-1,-7.639186098E-1,1.056262078E2,2.539206587E1,6.389528836E0,-1.018565940E2
4.016548750E-1,6.043624161E-1,1.791188036E-1,-1.357726085E-1,-7.643483971E-1,1.056340485E2,2.525423924E1,6.298403625E0,-1.019215483E2
4.116998750E-1,6.042334573E-1,1.775219675E-1,-1.356976477E-1,-7.648359413E-1,1.056525956E2,2.512316869E1,6.174923886E0,-1.020041434E2
4.217438750E-1,6.040153316E-1,1.758305631E-1,-1.359353441E-1,-7.653565128E-1,1.056839617E2,2.501281413E1,6.023252799E0,-1.021021624E2
4.317888750E-1,6.037028338E-1,1.741908557E-1,-1.364892643E-1,-7.658793234E-1,1.057288871E2,2.493484425E1,5.855528202E0,-1.022105329E2
4.418328750E-1,6.032791842E-1,1.727449752E-1,-1.373376079E-1,-7.663888682E-1,1.057897706E2,2.489813146E1,5.685838954E0,-1.023262086E2
4.518778750E-1,6.027370440E-1,1.715478493E-1,-1.384440549E-1,-7.668850683E-1,1.058676470E2,2.490353923E1,5.521786858E0,-1.024483348E2
4.619218750E-1,6.021012377E-1,1.706266891E-1,-1.397378354E-1,-7.673551532E-1,1.059589272E2,2.494685505E1,5.370164907E0,-1.025726061E2
4.719668750E-1,6.014291957E-1,1.699217185E-1,-1.411199162E-1,-7.677856095E-1,1.060553501E2,2.501483160E1,5.231473678E0,-1.026934363E2
4.820108750E-1,6.007487717E-1,1.692035112E-1,-1.426452357E-1,-7.681949450E-1,1.061529134E2,2.509518367E1,5.081613840E0,-1.028156057E2
4.920548750E-1,6.000823668E-1,1.683380348E-1,-1.442775739E-1,-7.686008824E-1,1.062484061E2,2.517464888E1,4.911256601E0,-1.029410794E2
5.020998750E-1,5.994657584E-1,1.673392988E-1,-1.458830138E-1,-7.689969784E-1,1.063367100E2,2.524235096E1,4.730158198E0,-1.030644146E2
5.121438750E-1,5.989235866E-1,1.662493180E-1,-1.473708397E-1,-7.693720801E-1,1.064143119E2,2.529331510E1,4.547608000E0,-1.031805889E2
5.221888750E-1,5.984429703E-1,1.651179682E-1,-1.486703134E-1,-7.697396586E-1,1.064830704E2,2.532470687E1,4.373294184E0,-1.032896140E2
5.322328750E-1,5.980008551E-1,1.640879084E-1,-1.496619141E-1,-7.701113042E-1,1.065462936E2,2.533607340E1,4.228599396E0,-1.033895577E2
5.422778750E-1,5.975868572E-1,1.632791743E-1,-1.502821043E-1,-7.704836611E-1,1.066054724E2,2.533037022E1,4.128561458E0,-1.034775524E2
5.523218750E-1,5.971910772E-1,1.626638435E-1,-1.505493022E-1,-7.708684829E-1,1.066620257E2,2.530698905E1,4.069786599E0,-1.035561210E2
5.623668750E-1,5.968399781E-1,1.621582479E-1,-1.504983908E-1,-7.712567555E-1,1.067121772E2,2.526289485E1,4.041808628E0,-1.036245974E2
5.724108750E-1,5.965871181E-1,1.616155223E-1,-1.501995070E-1,-7.716245078E-1,1.067482859E2,2.519376744E1,4.025406488E0,-1.036807670E2
5.824548750E-1,5.964658300E-1,1.607906943E-1,-1.497739013E-1,-7.719732203E-1,1.067656030E2,2.509263881E1,3.989990040E0,-1.037287115E2
5.924998750E-1,5.965086934E-1,1.596033195E-1,-1.492674575E-1,-7.722845591E-1,1.067594834E2,2.495793804E1,3.924372875E0,-1.037665456E2
6.025438750E-1,5.967678385E-1,1.581614893E-1,-1.487088086E-1,-7.724887763E-1,1.067224797E2,2.480062193E1,3.834039398E0,-1.037826634E2
6.125888750E-1,5.971912089E-1,1.565780855E-1,-1.482001692E-1,-7.725817892E-1,1.066620069E2,2.463822853E1,3.722895871E0,-1.037800020E2
6.226328750E-1,5.976664620E-1,1.550208227E-1,-1.478150102E-1,-7.726020987E-1,1.065940950E2,2.448943290E1,3.603453618E0,-1.037683585E2
6.326778750E-1,5.980879358E-1,1.536709125E-1,-1.476059085E-1,-7.725856561E-1,1.065338430E2,2.437200584E1,3.490627291E0,-1.037563388E2
6.427218750E-1,5.984244257E-1,1.527567526E-1,-1.475551585E-1,-7.725161244E-1,1.064857228E2,2.430105815E1,3.406113554E0,-1.037406240E2
6.527668750E-1,5.987120990E-1,1.525483766E-1,-1.474975878E-1,-7.723452821E-1,1.064445718E2,2.428150639E1,3.383727197E0,-1.037071076E2
6.628108750E-1,5.989676775E-1,1.531288062E-1,-1.472912747E-1,-7.720715805E-1,1.064080026E2,2.430657798E1,3.440235993E0,-1.036508006E2
6.728548750E-1,5.991669741E-1,1.542821903E-1,-1.469166801E-1,-7.717586560E-1,1.063794803E2,2.435855715E1,3.559324673E0,-1.035824788E2
6.828998750E-1,5.991999066E-1,1.554974864E-1,-1.464843671E-1,-7.715712974E-1,1.063747667E2,2.440931516E1,3.692860319E0,-1.035353858E2
6.929437500E-1,5.988883782E-1,1.560351060E-1,-1.462603411E-1,-7.717471130E-1,1.064193500E2,2.442736897E1,3.764292728E0,-1.035608118E2
7.029887500E-1,5.981146727E-1,1.552576745E-1,-1.465276693E-1,-7.724528778E-1,1.065300200E2,2.439073763E1,3.702610609E0,-1.036978636E2
7.130327500E-1,5.969402718E-1,1.530724641E-1,-1.474056952E-1,-7.736295546E-1,1.066978528E2,2.430462620E1,3.489060997E0,-1.039401844E2
7.230777500E-1,5.955693402E-1,1.499426718E-1,-1.488469583E-1,-7.750218125E-1,1.068935406E2,2.420138179E1,3.159762701E0,-1.042410853E2
7.331217500E-1,5.941739845E-1,1.465928889E-1,-1.506392044E-1,-7.763862324E-1,1.070924606E2,2.411659728E1,2.786452883E0,-1.045504608E2
7.431667500E-1,5.928498675E-1,1.436682901E-1,-1.524842116E-1,-7.775840775E-1,1.072809893E2,2.407027189E1,2.443136788E0,-1.048334158E2
7.532107500E-1,5.916759197E-1,1.415391331E-1,-1.540708966E-1,-7.785553832E-1,1.074479461E2,2.405990831E1,2.181893905E0,-1.050677545E2
7.632547500E-1,5.907734187E-1,1.403633717E-1,-1.550854042E-1,-7.792518704E-1,1.075761769E2,2.406698262E1,2.035354756E0,-1.052324485E2
7.732997500E-1,5.902684889E-1,1.400813895E-1,-1.553270097E-1,-7.796370188E-1,1.076478734E2,2.406791996E1,2.008972198E0,-1.053124732E2
7.833437500E-1,5.902326746E-1,1.404528139E-1,-1.547855228E-1,-7.797050333E-1,1.076529575E2,2.404426984E1,2.080556744E0,-1.053058171E2
7.933887500E-1,5.906543749E-1,1.412231595E-1,-1.536016323E-1,-7.794805803E-1,1.075930832E2,2.399092143E1,2.218500770E0,-1.052222358E2
8.034327500E-1,5.914225750E-1,1.422014909E-1,-1.520373332E-1,-7.790267957E-1,1.074839529E2,2.391855665E1,2.391126736E0,-1.050832806E2
8.134777500E-1,5.923570233E-1,1.432610917E-1,-1.504056944E-1,-7.784391316E-1,1.073511025E2,2.384687157E1,2.570712250E0,-1.049180849E2
8.235217500E-1,5.933223653E-1,1.443304911E-1,-1.489393138E-1,-7.777881209E-1,1.072137410E2,2.379191636E1,2.738579452E0,-1.047478282E2
8.335667500E-1,5.942844725E-1,1.453247125E-1,-1.477688975E-1,-7.770914546E-1,1.070767189E2,2.375940123E1,2.879044457E0,-1.045799830E2
8.436107500E-1,5.952818776E-1,1.461657866E-1,-1.469332392E-1,-7.763283859E-1,1.069345417E2,2.374718032E1,2.981408156E0,-1.044116680E2
8.536547500E-1,5.963592143E-1,1.467799781E-1,-1.464710082E-1,-7.754724887E-1,1.067808236E2,2.375338095E1,3.035173544E0,-1.042390296E2
8.636997500E-1,5.975057877E-1,1.470192121E-1,-1.464680073E-1,-7.745445732E-1,1.066170581E2,2.377475941E1,3.021741987E0,-1.040685337E2
8.737437500E-1,5.986435946E-1,1.467647323E-1,-1.470096547E-1,-7.736110942E-1,1.064543722E2,2.380986524E1,2.927074821E0,-1.039152073E2
8.837887500E-1,5.996631637E-1,1.459984773E-1,-1.481557792E-1,-7.727472999E-1,1.063084453E2,2.386225138E1,2.748543190E0,-1.037951567E2
8.938327500E-1,6.004810180E-1,1.448062621E-1,-1.498598046E-1,-7.720075858E-1,1.061912884E2,2.393365462E1,2.499297014E0,-1.037173848E2
9.038777500E-1,6.010852827E-1,1.434131032E-1,-1.519220448E-1,-7.713940488E-1,1.061046702E2,2.402242963E1,2.213303004E0,-1.036762015E2
9.139217500E-1,6.015151015E-1,1.420262901E-1,-1.540537191E-1,-7.708927490E-1,1.060430279E2,2.411761048E1,1.927954106E0,-1.036594221E2
9.239667500E-1,6.018730547E-1,1.407570713E-1,-1.560022608E-1,-7.704542110E-1,1.059916732E2,2.420450060E1,1.667923320E0,-1.036489692E2
9.340107500E-1,6.022916308E-1,1.397129470E-1,-1.575306524E-1,-7.700059635E-1,1.059315989E2,2.426940212E1,1.455516198E0,-1.036226408E2
9.440547500E-1,6.028635847E-1,1.390298573E-1,-1.584389960E-1,-7.694954598E-1,1.058494735E2,2.430390545E1,1.313992529E0,-1.035629782E2
9.540997500E-1,6.036347719E-1,1.387439614E-1,-1.586669189E-1,-7.688953044E-1,1.057386701E2,2.430511494E1,1.249457681E0,-1.034623123E2
9.641437500E-1,6.045796990E-1,1.387854516E-1,-1.582679812E-1,-7.682273664E-1,1.056027932E2,2.427292361E1,1.252949267E0,-1.033264622E2
9.741887500E-1,6.056363046E-1,1.390600989E-1,-1.573468223E-1,-7.675344038E-1,1.054507124E2,2.421018748E1,1.310865565E0,-1.031672151E2
9.842327500E-1,6.067474958E-1,1.395102299E-1,-1.560989569E-1,-7.668294240E-1,1.052906091E2,2.413076765E1,1.405938655E0,-1.029944239E2
9.942777500E-1,6.078825473E-1,1.401093388E-1,-1.547496551E-1,-7.660944303E-1,1.051268914E2,2.405348550E1,1.520507026E0,-1.028132715E2
1.004321750E0,6.089963989E-1,1.408970469E-1,-1.535070561E-1,-7.653150561E-1,1.049660572E2,2.400030757E1,1.644085875E0,-1.026287592E2
1.014366750E0,6.100534366E-1,1.419161462E-1,-1.525321899E-1,-7.644792894E-1,1.048132662E2,2.398905555E1,1.769479594E0,-1.024443965E2
1.024410750E0,6.110097697E-1,1.430892346E-1,-1.519587458E-1,-7.636106217E-1,1.046748965E2,2.402605101E1,1.881493921E0,-1.022688885E2
1.034454750E0,6.118429971E-1,1.443084099E-1,-1.518315954E-1,-7.627388721E-1,1.045542334E2,2.410718080E1,1.968214685E0,-1.021089062E2
1.044499750E0,6.125542409E-1,1.455006135E-1,-1.520968930E-1,-7.618881222E-1,1.044511575E2,2.422195102E1,2.027271759E0,-1.019667316E2
1.054543750E0,6.132043403E-1,1.466104121E-1,-1.526691540E-1,-7.610374039E-1,1.043568800E2,2.435847332E1,2.058348940E0,-1.018355841E2
1.064588750E0,6.138909440E-1,1.475449774E-1,-1.535046721E-1,-7.601346710E-1,1.042572431E2,2.450596337E1,2.053797315E0,-1.017046707E2
1.074632750E0,6.147033825E-1,1.482504791E-1,-1.545694645E-1,-7.591243953E-1,1.041392586E2,2.465739648E1,2.008764081E0,-1.015630591E2
1.084677750E0,6.157003609E-1,1.486990252E-1,-1.558850590E-1,-7.579588294E-1,1.039943452E2,2.481261608E1,1.917388930E0,-1.014033210E2
1.094721750E0,6.168699360E-1,1.488179498E-1,-1.574675394E-1,-7.566562389E-1,1.038241617E2,2.496738186E1,1.772674932E0,-1.012296863E2
1.104766750E0,6.182106167E-1,1.485129308E-1,-1.591918536E-1,-7.552599244E-1,1.036288367E2,2.510304087E1,1.576035604E0,-1.010456865E2
1.114810750E0,6.195826547E-1,1.477215562E-1,-1.610523251E-1,-7.538951357E-1,1.034286718E2,2.521390352E1,1.327241987E0,-1.008735466E2
1.124854750E0,6.208684655E-1,1.468476558E-1,-1.627209887E-1,-7.526486058E-1,1.032408356E2,2.530055991E1,1.088267310E0,-1.007165038E2
1.134899750E0,6.220109980E-1,1.461788406E-1,-1.640034198E-1,-7.515563965E-1,1.030737252E2,2.536721240E1,8.995476734E-1,-1.005731599E2
1.144943750E0,6.229546133E-1,1.457812582E-1,-1.649401658E-1,-7.506464987E-1,1.029355630E2,2.542263972E1,7.654890976E-1,-1.004493953E2
1.154988750E0,6.236934950E-1,1.457136816E-1,-1.654968565E-1,-7.499232114E-1,1.028272848E2,2.546836899E1,6.938412586E-1,-1.003442028E2
1.165032750E0,6.242944036E-1,1.458670968E-1,-1.657344798E-1,-7.493406787E-1,1.027391654E2,2.550186874E1,6.688908356E-1,-1.002515899E2
1.175077750E0,6.248535448E-1,1.461201788E-1,-1.657931581E-1,-7.488121362E-1,1.026571223E2,2.552675190E1,6.669517639E-1,-1.001616483E2
1.185121750E0,6.254388644E-1,1.464612903E-1,-1.657911179E-1,-7.482569937E-1,1.025711876E2,2.555287850E1,6.759312719E-1,-1.000648448E2
1.195165750E0,6.260765989E-1,1.468280562E-1,-1.659018548E-1,-7.476270142E-1,1.024774987E2,2.559117039E1,6.767192514E-1,-9.995945413E1
1.205210750E0,6.267194121E-1,1.470731170E-1,-1.663094800E-1,-7.469494720E-1,1.023830014E2,2.564691962E1,6.447982622E-1,-9.985733746E1
1.215254750E0,6.272990419E-1,1.469960884E-1,-1.671534338E-1,-7.462893417E-1,1.022977386E2,2.571729430E1,5.553681141E-1,-9.977526537E1
1.225299750E0,6.278237807E-1,1.465155755E-1,-1.684656937E-1,-7.456472661E-1,1.022205062E2,2.579894015E1,3.990304642E-1,-9.971486765E1
1.235343750E0,6.283334152E-1,1.457906471E-1,-1.701518653E-1,-7.449769679E-1,1.021454566E2,2.589550573E1,1.946423387E-1,-9.966490738E1
1.245388750E0,6.288244997E-1,1.451792043E-1,-1.719330517E-1,-7.442727046E-1,1.020731012E2,2.600914739E1,-7.195914198E-3,-9.961376667E1
1.255432750E0,6.292160545E-1,1.448454671E-1,-1.735653754E-1,-7.436276787E-1,1.020153838E2,2.613043904E1,-1.717755550E-1,-9.956781499E1
1.265477750E0,6.293161374E-1,1.445671701E-1,-1.749784131E-1,-7.432658638E-1,1.020006272E2,2.623629483E1,-3.053760854E-1,-9.956262487E1
1.275521750E0,6.289100631E-1,1.439142746E-1,-1.762128297E-1,-7.434445981E-1,1.020604907E2,2.629802057E1,-4.388592295E-1,-9.964403988E1
1.285565750E0,6.278710695E-1,1.424954352E-1,-1.773568506E-1,-7.443235179E-1,1.022135440E2,2.629443465E1,-6.067199984E-1,-9.984337802E1
1.295610750E0,6.262565449E-1,1.402909390E-1,-1.784157955E-1,-7.458477639E-1,1.024510519E2,2.622535177E1,-8.134413484E-1,-1.001519879E2
1.305654750E0,6.243386894E-1,1.377310461E-1,-1.792869906E-1,-7.477215338E-1,1.027326691E2,2.611445228E1,-1.025802309E0,-1.005149392E2
1.315699750E0,6.224261234E-1,1.353850762E-1,-1.798835081E-1,-7.495989494E-1,1.030129598E2,2.599620893E1,-1.200971240E0,-1.008684519E2
1.325743750E0,6.207730239E-1,1.338056915E-1,-1.801284392E-1,-7.511928747E-1,1.032547865E2,2.590370784E1,-1.295567272E0,-1.011584793E2
1.335788750E0,6.195641943E-1,1.334546214E-1,-1.799476793E-1,-7.522957471E-1,1.034313668E2,2.586310941E1,-1.271130332E0,-1.013445483E2
1.345832750E0,6.188453482E-1,1.345178863E-1,-1.792468352E-1,-7.528651405E-1,1.035362707E2,2.587888581E1,-1.106134254E0,-1.014146267E2
1.355877750E0,6.184896025E-1,1.366715284E-1,-1.780462809E-1,-7.530544904E-1,1.035881581E2,2.592933261E1,-8.249347827E-1,-1.013968566E2
1.365921750E0,6.182912647E-1,1.392358190E-1,-1.765092775E-1,-7.531094447E-1,1.036170787E2,2.597979677E1,-4.898085704E-1,-1.013420569E2
1.375965750E0,6.180383941E-1,1.414684680E-1,-1.748864934E-1,-7.532794545E-1,1.036539426E2,2.599831556E1,-1.743257908E-1,-1.013049785E2
1.386010750E0,6.175392069E-1,1.427963453E-1,-1.734921084E-1,-7.537606872E-1,1.037266877E2,2.597047638E1,5.684800199E-2,-1.013329139E2
1.396054750E0,6.166600816E-1,1.429536044E-1,-1.726498366E-1,-7.546434372E-1,1.038547119E2,2.590545528E1,1.618879586E-1,-1.014545265E2
1.406099750E0,6.153541246E-1,1.421161808E-1,-1.725795435E-1,-7.558827178E-1,1.040446878E2,2.583650608E1,1.404471106E-1,-1.016706320E2
1.416143750E0,6.136804785E-1,1.407851477E-1,-1.732702395E-1,-7.573329856E-1,1.042877921E2,2.580061742E1,3.307946405E-2,-1.019554857E2
1.426188750E0,6.117409701E-1,1.394044235E-1,-1.745587042E-1,-7.588601293E-1,1.045690137E2,2.581653719E1,-1.141621668E-1,-1.022794116E2
1.436232750E0,6.096818278E-1,1.381838337E-1,-1.762436891E-1,-7.603495304E-1,1.048669988E2,2.588173005E1,-2.732516534E-1,-1.026144282E2
1.446276750E0,6.077253659E-1,1.372416580E-1,-1.780510132E-1,-7.616642645E-1,1.051495736E2,2.597968807E1,-4.210189768E-1,-1.029249913E2
1.456321750E0,6.060549546E-1,1.365899610E-1,-1.797328213E-1,-7.627166344E-1,1.053904122E2,2.608807819E1,-5.441497998E-1,-1.031847302E2
1.466365750E0,6.047704240E-1,1.361699901E-1,-1.811267216E-1,-7.634811572E-1,1.055753529E2,2.618713020E1,-6.390746307E-1,-1.033815803E2
1.476410750E0,6.038509062E-1,1.359559236E-1,-1.821487010E-1,-7.640039045E-1,1.057076016E2,2.626682255E1,-7.012951253E-1,-1.035195850E2
1.486454750E0,6.031736432E-1,1.358772697E-1,-1.828196024E-1,-7.643925459E-1,1.058049343E2,2.632379599E1,-7.343679135E-1,-1.036185787E2
1.496499750E0,6.025760799E-1,1.358869187E-1,-1.831807193E-1,-7.647755817E-1,1.058907611E2,2.635846371E1,-7.399752171E-1,-1.037032629E2
1.506543750E0,6.019180359E-1,1.359522595E-1,-1.832485204E-1,-7.652657127E-1,1.059852186E2,2.637003541E1,-7.174749813E-1,-1.037946022E2
1.516588750E0,6.011296317E-1,1.359851999E-1,-1.830665909E-1,-7.659228716E-1,1.060983111E2,2.635618435E1,-6.752552813E-1,-1.039053761E2
1.526632750E0,6.002195811E-1,1.359643319E-1,-1.827073153E-1,-7.667255320E-1,1.062287488E2,2.632201816E1,-6.207756547E-1,-1.040349833E2
1.536676750E0,5.992427752E-1,1.358926349E-1,-1.822654952E-1,-7.676070860E-1,1.063686307E2,2.627648777E1,-5.625540947E-1,-1.041755981E2
1.546721750E0,5.982655268E-1,1.357751769E-1,-1.818732292E-1,-7.684827605E-1,1.065084482E2,2.623218062E1,-5.119561245E-1,-1.043176242E2
1.556765750E0,5.973558977E-1,1.356218150E-1,-1.816755289E-1,-7.692637575E-1,1.066384769E2,2.620328705E1,-4.808320122E-1,-1.044511347E2
1.566810750E0,5.965840625E-1,1.355071387E-1,-1.817582368E-1,-7.698631278E-1,1.067487222E2,2.620318057E1,-4.712192845E-1,-1.045638700E2
1.576854750E0,5.959827797E-1,1.355395681E-1,-1.821116407E-1,-7.702395992E-1,1.068345520E2,2.623876539E1,-4.741233202E-1,-1.046477642E2
1.586899750E0,5.955477136E-1,1.357592480E-1,-1.826613305E-1,-7.704071172E-1,1.068966256E2,2.630599488E1,-4.805621670E-1,-1.047021074E2
1.596943750E0,5.952315912E-1,1.361193902E-1,-1.832828727E-1,-7.704402657E-1,1.069417131E2,2.638994590E1,-4.840286795E-1,-1.047351157E2
1.606987750E0,5.949757071E-1,1.365294527E-1,-1.838600158E-1,-7.704278429E-1,1.069781993E2,2.647331403E1,-4.819951114E-1,-1.047579521E2
1.617032750E0,5.947022742E-1,1.369073887E-1,-1.843252275E-1,-7.704607016E-1,1.070171784E2,2.654395629E1,-4.740556994E-1,-1.047842351E2
1.627076750E0,5.943167991E-1,1.371822283E-1,-1.846370931E-1,-7.706345995E-1,1.070721129E2,2.659296576E1,-4.601536054E-1,-1.048296088E2
1.637121750E0,5.937968756E-1,1.373258411E-1,-1.847387328E-1,-7.709854299E-1,1.071461769E2,2.661301146E1,-4.378654554E-1,-1.048981362E2
1.647165750E0,5.931499952E-1,1.372960485E-1,-1.845978517E-1,-7.715221384E-1,1.072382770E2,2.659803101E1,-4.087829484E-1,-1.049901017E2
1.657210750E0,5.924411379E-1,1.370261296E-1,-1.842226499E-1,-7.722041903E-1,1.073391384E2,2.654398729E1,-3.814695161E-1,-1.050985681E2
1.667254750E0,5.917742378E-1,1.365801000E-1,-1.836670175E-1,-7.729265557E-1,1.074339703E2,2.646045910E1,-3.578744039E-1,-1.052067708E2
1.677299750E0,5.912235260E-1,1.361695397E-1,-1.830279106E-1,-7.735718450E-1,1.075122371E2,2.637159605E1,-3.292788971E-1,-1.052974180E2
1.687343750E0,5.908332040E-1,1.360102298E-1,-1.823910243E-1,-7.740483994E-1,1.075676856E2,2.630076408E1,-2.846663787E-1,-1.053573309E2
1.697388042E0,5.906058745E-1,1.362082436E-1,-1.817735440E-1,-7.743322900E-1,1.075999706E2,2.625712197E1,-2.161295542E-1,-1.053827643E2
1.707433042E0,5.905268386E-1,1.367235731E-1,-1.812296389E-1,-7.744292805E-1,1.076111936E2,2.624293491E1,-1.304313593E-1,-1.053770790E2
1.717477042E0,5.905722413E-1,1.375166306E-1,-1.807666334E-1,-7.743623829E-1,1.076047466E2,2.625614207E1,-3.071627383E-2,-1.053448120E2
1.727522042E0,5.907273522E-1,1.385804711E-1,-1.803197807E-1,-7.741585502E-1,1.075827194E2,2.629029054E1,8.748266924E-2,-1.052881566E2
1.737566042E0,5.909813186E-1,1.398567606E-1,-1.798380646E-1,-7.738471798E-1,1.075466470E2,2.633656282E1,2.230900779E-1,-1.052104011E2
1.747611042E0,5.913086099E-1,1.412022079E-1,-1.793183373E-1,-7.734732740E-1,1.075001476E2,2.638451335E1,3.648227177E-1,-1.051197481E2
1.757655042E0,5.916779006E-1,1.425288300E-1,-1.787303176E-1,-7.730835843E-1,1.074476645E2,2.642505235E1,5.083256176E-1,-1.050235311E2
1.767700042E0,5.920210392E-1,1.437607007E-1,-1.780949513E-1,-7.727394342E-1,1.073988824E2,2.645464046E1,6.478691514E-1,-1.049339008E2
1.777744042E0,5.922605281E-1,1.449003555E-1,-1.774712372E-1,-7.724865426E-1,1.073648265E2,2.647884377E1,7.820390171E-1,-1.048617054E2
1.787788042E0,5.923446216E-1,1.459752410E-1,-1.769704338E-1,-7.723345083E-1,1.073528664E2,2.650986924E1,9.069419830E-1,-1.048133053E2
1.797833042E0,5.922960263E-1,1.470866468E-1,-1.766856963E-1,-7.722260645E-1,1.073597779E2,2.656364626E1,1.023804768E0,-1.047820346E2
1.807877042E0,5.922015015E-1,1.484047131E-1,-1.766068738E-1,-7.720645051E-1,1.073732209E2,2.665161077E1,1.144978300E0,-1.047497636E2
1.817922042E0,5.922028818E-1,1.500832996E-1,-1.765926453E-1,-7.717420501E-1,1.073730246E2,2.677200949E1,1.288910794E0,-1.046909805E2
1.827966042E0,5.924373236E-1,1.521678999E-1,-1.764058965E-1,-7.711963959E-1,1.073396810E2,2.690653070E1,1.471735035E0,-1.045845805E2
1.838011042E0,5.929092840E-1,1.544454464E-1,-1.758428627E-1,-7.705093180E-1,1.072725345E2,2.702112187E1,1.689644152E0,-1.044372180E2
1.848055042E0,5.934242711E-1,1.564129884E-1,-1.749419942E-1,-7.699206582E-1,1.071992334E2,2.708248465E1,1.903803828E0,-1.042942259E2
1.858100042E0,5.935604054E-1,1.574039207E-1,-1.739448031E-1,-7.698398206E-1,1.071798509E2,2.706296103E1,2.054959277E0,-1.042396645E2
1.868144042E0,5.929286189E-1,1.568502402E-1,-1.731844292E-1,-7.706106074E-1,1.072697830E2,2.695029379E1,2.084244633E0,-1.043492047E2
1.878188042E0,5.914227857E-1,1.546429492E-1,-1.729815316E-1,-7.722577168E-1,1.074839229E2,2.676648931E1,1.962075395E0,-1.046407405E2
1.888233042E0,5.892275671E-1,1.513707094E-1,-1.735004232E-1,-7.744645679E-1,1.077955737E2,2.657217456E1,1.719133472E0,-1.050648715E2
1.898277042E0,5.866461780E-1,1.480676082E-1,-1.746258178E-1,-7.768063943E-1,1.081612595E2,2.643410913E1,1.441289389E0,-1.055410931E2
1.908322042E0,5.840178795E-1,1.456421413E-1,-1.761207876E-1,-7.789050756E-1,1.085327241E2,2.639631575E1,1.212894895E0,-1.059909169E2
1.918366042E0,5.817069572E-1,1.445891747E-1,-1.777152147E-1,-7.804667112E-1,1.088586186E2,2.646804401E1,1.085116396E0,-1.063481047E2
1.928411042E0,5.800756635E-1,1.449261085E-1,-1.790913818E-1,-7.813033682E-1,1.090882708E2,2.661953189E1,1.070886619E0,-1.065628615E2
1.938455042E0,5.793077268E-1,1.461737922E-1,-1.800679980E-1,-7.814161743E-1,1.091962669E2,2.679912027E1,1.135422600E0,-1.066262651E2
1.948499042E0,5.793729912E-1,1.476480890E-1,-1.805995751E-1,-7.809677950E-1,1.091870915E2,2.695398886E1,1.223230207E0,-1.065659506E2
1.958544042E0,5.801157241E-1,1.490146399E-1,-1.807140644E-1,-7.801299789E-1,1.090826351E2,2.706306764E1,1.308258553E0,-1.064151071E2
1.968588042E0,5.812889132E-1,1.502228992E-1,-1.805545030E-1,-7.790612297E-1,1.089175018E2,2.713605041E1,1.384229456E0,-1.062097254E2
1.978633042E0,5.826387608E-1,1.512170275E-1,-1.803753473E-1,-7.779011271E-1,1.087272923E2,2.719252468E1,1.436925631E0,-1.059868952E2
1.988677042E0,5.839774712E-1,1.519738913E-1,-1.804123615E-1,-7.767404451E-1,1.085384283E2,2.725253548E1,1.454038007E0,-1.057735594E2
1.998722042E0,5.852129428E-1,1.525457306E-1,-1.808097523E-1,-7.756051986E-1,1.083639303E2,2.733298296E1,1.432893860E0,-1.055806889E2
2.008766042E0,5.863502439E-1,1.529862231E-1,-1.816117067E-1,-7.744713536E-1,1.082031281E2,2.744169782E1,1.374701044E0,-1.054058060E2
2.018810042E0,5.874208687E-1,1.533104417E-1,-1.827970196E-1,-7.733160979E-1,1.080516039E2,2.757769363E1,1.281085494E0,-1.052440384E2
2.028855042E0,5.884540460E-1,1.535219306E-1,-1.843186091E-1,-7.721266401E-1,1.079052416E2,2.773678024E1,1.154627201E0,-1.050913440E2
2.038899042E0,5.894396290E-1,1.535639220E-1,-1.861556928E-1,-7.709249281E-1,1.077654947E2,2.791282623E1,9.922650295E-1,-1.049512453E2
2.048944042E0,5.903507069E-1,1.534207861E-1,-1.883080111E-1,-7.697324778E-1,1.076362012E2,2.810461394E1,7.935941877E-1,-1.048281403E2
2.058988042E0,5.911693884E-1,1.531445359E-1,-1.907238672E-1,-7.685636403E-1,1.075199289E2,2.831110327E1,5.673761547E-1,-1.047228534E2
2.069033042E0,5.918705802E-1,1.528386867E-1,-1.933448006E-1,-7.674290946E-1,1.074202742E2,2.853438583E1,3.274764617E-1,-1.046351721E2
2.079077042E0,5.924610207E-1,1.526393730E-1,-1.960615456E-1,-7.663230296E-1,1.073363102E2,2.877422103E1,9.307626743E-2,-1.045593410E2
2.089122042E0,5.929561144E-1,1.526941810E-1,-1.987444072E-1,-7.652372899E-1,1.072658702E2,2.902925498E1,-1.145263424E-1,-1.044878931E2
2.099166042E0,5.933906748E-1,1.531225932E-1,-2.012599945E-1,-7.641566184E-1,1.072040164E2,2.929570432E1,-2.768727302E-1,-1.044115284E2
2.109210042E0,5.938000893E-1,1.539574327E-1,-2.034825717E-1,-7.630815365E-1,1.071457193E2,2.956420143E1,-3.834141811E-1,-1.043238709E2
2.119255042E0,5.942301294E-1,1.551649952E-1,-2.052923021E-1,-7.620166806E-1,1.070844616E2,2.982111720E1,-4.300153508E-1,-1.042194005E2
2.129299042E0,5.947250335E-1,1.566360150E-1,-2.066001925E-1,-7.609753848E-1,1.070139343E2,3.005026539E1,-4.210308929E-1,-1.040956255E2
2.139344042E0,5.952999112E-1,1.582453345E-1,-2.073756682E-1,-7.599814831E-1,1.069319699E2,3.023981608E1,-3.652278729E-1,-1.039548916E2
2.149388042E0,5.959334258E-1,1.598813540E-1,-2.076233600E-1,-7.590743512E-1,1.068415949E2,3.038222035E1,-2.713383707E-1,-1.038042403E2
2.159433042E0,5.965808540E-1,1.614041512E-1,-2.074232573E-1,-7.582978692E-1,1.067491803E2,3.047486518E1,-1.549646455E-1,-1.036553509E2
2.169477042E0,5.972249474E-1,1.626837875E-1,-2.069437368E-1,-7.576481282E-1,1.066571868E2,3.052397181E1,-3.837616870E-2,-1.035157607E2
2.179522042E0,5.978615809E-1,1.636210373E-1,-2.064382815E-1,-7.570817957E-1,1.065662046E2,3.054580362E1,5.190899848E-2,-1.033900717E2
2.189566042E0,5.984895373E-1,1.641667033E-1,-2.062080846E-1,-7.565301250E-1,1.064764097E2,3.056463157E1,8.980262740E-2,-1.032805569E2
2.199610042E0,5.991004137E-1,1.644055640E-1,-2.065009486E-1,-7.559146125E-1,1.063890067E2,3.060958290E1,6.437348003E-2,-1.031851906E2
2.209655042E0,5.996792111E-1,1.645286038E-1,-2.073402056E-1,-7.551987535E-1,1.063061474E2,3.069680096E1,-9.833606718E-3,-1.030987617E2
2.219699042E0,6.002113730E-1,1.646555949E-1,-2.086362185E-1,-7.543909512E-1,1.062299248E2,3.082675588E1,-1.158682271E-1,-1.030187578E2
2.229744042E0,6.007007717E-1,1.648349995E-1,-2.101970151E-1,-7.535285529E-1,1.061597935E2,3.098517588E1,-2.357877545E-1,-1.029427888E2
2.239788042E0,6.011528283E-1,1.650405971E-1,-2.118096326E-1,-7.526708751E-1,1.060949848E2,3.115031914E1,-3.562341061E-1,-1.028710678E2
2.249833042E0,6.015656566E-1,1.652209593E-1,-2.133244588E-1,-7.518733303E-1,1.060357759E2,3.130448179E1,-4.702243187E-1,-1.028059119E2
2.259877042E0,6.019468011E-1,1.653639214E-1,-2.145663578E-1,-7.511831651E-1,1.059810908E2,3.143045643E1,-5.659699064E-1,-1.027466549E2
2.269921042E0,6.023042907E-1,1.653997383E-1,-2.154078276E-1,-7.506477315E-1,1.059297816E2,3.151120692E1,-6.399063673E-1,-1.026948655E2
2.279966042E0,6.026376512E-1,1.652000413E-1,-2.159303695E-1,-7.502739101E-1,1.058819200E2,3.154481852E1,-7.084791933E-1,-1.026556172E2
2.290010042E0,6.029755214E-1,1.648426149E-1,-2.161986552E-1,-7.500037277E-1,1.058333955E2,3.154305311E1,-7.712154466E-1,-1.026218086E2
2.300055042E0,6.033180383E-1,1.644555330E-1,-2.162687507E-1,-7.497930461E-1,1.057841878E2,3.152061832E1,-8.217898415E-1,-1.025884185E2
2.310099042E0,6.036576576E-1,1.640973902E-1,-2.162395640E-1,-7.496065042E-1,1.057353806E2,3.149106826E1,-8.624712989E-1,-1.025542287E2
2.320144042E0,6.039992473E-1,1.637863754E-1,-2.161653987E-1,-7.494206893E-1,1.056862744E2,3.146080475E1,-8.960095593E-1,-1.025178772E2
2.330188042E0,6.043416904E-1,1.634710775E-1,-2.160753704E-1,-7.492395000E-1,1.056370294E2,3.142873745E1,-9.287326366E-1,-1.024815465E2
2.340233042E0,6.046905768E-1,1.630504546E-1,-2.160287112E-1,-7.490630785E-1,1.055868414E2,3.139288286E1,-9.735537694E-1,-1.024483191E2
2.350277042E0,6.050489462E-1,1.625453167E-1,-2.160911808E-1,-7.488653729E-1,1.055352718E2,3.136088928E1,-1.033807404E0,-1.024169649E2
2.360321042E0,6.054047604E-1,1.620888321E-1,-2.162580322E-1,-7.486286657E-1,1.054840525E2,3.134218526E1,-1.097773640E0,-1.023840927E2
2.370366042E0,6.057432365E-1,1.616938186E-1,-2.164897688E-1,-7.483732189E-1,1.054353128E2,3.133405564E1,-1.160879276E0,-1.023512635E2
2.380410042E0,6.061049407E-1,1.613020900E-1,-2.166567704E-1,-7.481165446E-1,1.053832109E2,3.132009830E1,-1.219802034E0,-1.023149521E2
2.390455042E0,6.065763269E-1,1.609619412E-1,-2.164805360E-1,-7.478586744E-1,1.053152826E2,3.127788579E1,-1.253179739E0,-1.022609031E2
2.400499042E0,6.072365362E-1,1.608814961E-1,-2.155755035E-1,-7.476016418E-1,1.052200927E2,3.118697059E1,-1.218205950E0,-1.021698042E2
2.410544042E0,6.081327520E-1,1.612158576E-1,-2.136053386E-1,-7.473666257E-1,1.050907782E2,3.102791498E1,-1.078719906E0,-1.020289054E2
2.420588042E0,6.091871608E-1,1.618044357E-1,-2.105164408E-1,-7.472570650E-1,1.049384948E2,3.078468405E1,-8.404910691E-1,-1.018554154E2
2.430632042E0,6.101763105E-1,1.622413404E-1,-2.065625080E-1,-7.474586481E-1,1.047954951E2,3.045148440E1,-5.467081248E-1,-1.016968967E2
2.440677042E0,6.108779818E-1,1.621560945E-1,-2.021551106E-1,-7.481087949E-1,1.046939723E2,3.003890778E1,-2.500058341E-1,-1.015994687E2
2.450721042E0,6.111565777E-1,1.613120051E-1,-1.978685799E-1,-7.492089066E-1,1.046536438E2,2.958166537E1,-8.284187647E-3,-1.015914623E2
2.460766042E0,6.110255800E-1,1.597394192E-1,-1.942945298E-1,-7.505868610E-1,1.046726079E2,2.913578034E1,1.351472900E-1,-1.016692997E2
2.470810042E0,6.105769637E-1,1.577447274E-1,-1.918563635E-1,-7.519997129E-1,1.047375342E2,2.876279617E1,1.697004694E-1,-1.018075915E2
2.480855042E0,6.099625469E-1,1.558887448E-1,-1.906741062E-1,-7.531851351E-1,1.048264102E2,2.851570091E1,1.270846487E-1,-1.019635523E2
2.490899042E0,6.093765477E-1,1.547958784E-1,-1.905468636E-1,-7.539167096E-1,1.049111261E2,2.842260435E1,6.742676271E-2,-1.020870264E2
2.500944042E0,6.089732076E-1,1.548135181E-1,-1.910628661E-1,-7.541083882E-1,1.049694077E2,2.847132873E1,4.514978790E-2,-1.021439778E2
2.510988042E0,6.088709330E-1,1.558512276E-1,-1.917523557E-1,-7.538020912E-1,1.049841825E2,2.861186921E1,8.348520059E-2,-1.021207903E2
2.521032042E0,6.091088572E-1,1.574425780E-1,-1.922460520E-1,-7.531532352E-1,1.049498092E2,2.877576112E1,1.695515139E-1,-1.020284621E2
2.531077042E0,6.096059214E-1,1.590246798E-1,-1.923295936E-1,-7.523968837E-1,1.048779721E2,2.890159385E1,2.755266531E-1,-1.018989280E2
2.541121042E0,6.101666799E-1,1.601430806E-1,-1.919842924E-1,-7.517931354E-1,1.047968880E2,2.895372832E1,3.726601551E-1,-1.017771745E2
2.551166042E0,6.105381254E-1,1.605202870E-1,-1.913405704E-1,-7.515751887E-1,1.047431538E2,2.892309900E1,4.380135259E-1,-1.017100397E2
2.561210042E0,6.105132903E-1,1.600842766E-1,-1.906379627E-1,-7.518668133E-1,1.047467471E2,2.882598886E1,4.555114055E-1,-1.017299716E2
2.571255042E0,6.100110896E-1,1.590240963E-1,-1.901175940E-1,-7.526308303E-1,1.048193904E2,2.869865353E1,4.254361868E-1,-1.018412876E2
2.581299042E0,6.091100848E-1,1.577480978E-1,-1.898514814E-1,-7.536954492E-1,1.049496318E2,2.857850484E1,3.728344633E-1,-1.020171957E2
2.591344042E0,6.079844162E-1,1.566080717E-1,-1.898295611E-1,-7.548467430E-1,1.051121892E2,2.849111501E1,3.210503245E-1,-1.022197122E2
2.601388042E0,6.068347450E-1,1.558137327E-1,-1.899787372E-1,-7.558980435E-1,1.052780307E2,2.844542136E1,2.857463631E-1,-1.024126052E2
2.611432042E0,6.058313128E-1,1.555169306E-1,-1.902163230E-1,-7.567038912E-1,1.054226275E2,2.844497717E1,2.797491145E-1,-1.025662662E2
2.621477042E0,6.050734124E-1,1.557538143E-1,-1.903925416E-1,-7.572170871E-1,1.055317505E2,2.847850934E1,3.137515093E-1,-1.026654161E2
2.631521042E0,6.045330793E-1,1.563328659E-1,-1.904315103E-1,-7.575194591E-1,1.056094998E2,2.852475025E1,3.785033393E-1,-1.027210481E2
2.641566042E0,6.041116687E-1,1.569825636E-1,-1.903437777E-1,-7.577432852E-1,1.056701094E2,2.856454437E1,4.541982852E-1,-1.027570943E2
2.651610042E0,6.037104465E-1,1.574780511E-1,-1.902007221E-1,-7.579961505E-1,1.057277928E2,2.858779701E1,5.204354577E-1,-1.027958615E2
2.661655042E0,6.032250360E-1,1.577020550E-1,-1.901117988E-1,-7.583582393E-1,1.057975506E2,2.859586336E1,5.631642564E-1,-1.028565092E2
2.671699042E0,6.025923802E-1,1.576773135E-1,-1.901773806E-1,-7.588497032E-1,1.058884206E2,2.859967293E1,5.791489689E-1,-1.029471420E2
2.681743042E0,6.017954781E-1,1.575377324E-1,-1.904676367E-1,-7.594379784E-1,1.060028044E2,2.861566109E1,5.749813322E-1,-1.030651789E2
2.691788042E0,6.008783680E-1,1.574058272E-1,-1.910026343E-1,-7.600569417E-1,1.061343359E2,2.865484063E1,5.578451577E-1,-1.031998284E2
2.701831375E0,5.998841554E-1,1.573396949E-1,-1.917735884E-1,-7.606616331E-1,1.062767973E2,2.872077398E1,5.317505245E-1,-1.033427856E2
2.711876375E0,5.988427490E-1,1.573679767E-1,-1.926607361E-1,-7.612519840E-1,1.064258789E2,2.880452821E1,5.068679551E-1,-1.034887594E2
2.721920375E0,5.977512562E-1,1.574456494E-1,-1.935048361E-1,-7.618794399E-1,1.065819751E2,2.888800760E1,4.912421938E-1,-1.036398132E2
2.731965375E0,5.966285590E-1,1.574971160E-1,-1.941724791E-1,-7.625785613E-1,1.067423687E2,2.895323718E1,4.876018776E-1,-1.037960594E2
2.742009375E0,5.955135325E-1,1.575199438E-1,-1.945980727E-1,-7.633365197E-1,1.069015013E2,2.899390232E1,4.990456725E-1,-1.039521374E2
2.752054375E0,5.944212285E-1,1.575776441E-1,-1.947602735E-1,-7.641342173E-1,1.070572324E2,2.901259460E1,5.318074355E-1,-1.041035932E2
2.762098375E0,5.933627683E-1,1.578122756E-1,-1.946248346E-1,-7.649425781E-1,1.072079893E2,2.901640863E1,5.998059024E-1,-1.042436227E2
2.772142375E0,5.923690194E-1,1.582917145E-1,-1.941691244E-1,-7.657291331E-1,1.073493963E2,2.900810053E1,7.092027469E-1,-1.043653740E2
2.782187375E0,5.914605124E-1,1.589144500E-1,-1.934619688E-1,-7.664810223E-1,1.074785615E2,2.898665429E1,8.456929054E-1,-1.044697362E2
2.792231375E0,5.906336861E-1,1.595453672E-1,-1.926160816E-1,-7.672002056E-1,1.075960212E2,2.895274925E1,9.898558637E-1,-1.045622517E2
2.802276375E0,5.898632154E-1,1.601099348E-1,-1.917308608E-1,-7.678967508E-1,1.077053957E2,2.891023795E1,1.129134168E0,-1.046492694E2
2.812320375E0,5.891577825E-1,1.605686585E-1,-1.909043005E-1,-7.685481514E-1,1.078054707E2,2.886544148E1,1.252813753E0,-1.047310588E2
2.822365375E0,5.885659986E-1,1.609549620E-1,-1.902104935E-1,-7.690926465E-1,1.078893740E2,2.882783780E1,1.356644289E0,-1.047995802E2
2.832409375E0,5.881465742E-1,1.613136422E-1,-1.897044679E-1,-7.694632648E-1,1.079488130E2,2.880598447E1,1.438377000E0,-1.048449239E2
2.842453375E0,5.879361034E-1,1.616362566E-1,-1.894184160E-1,-7.696268684E-1,1.079786316E2,2.880239504E1,1.493718973E0,-1.048622997E2
2.852498375E0,5.879127541E-1,1.618650244E-1,-1.893781921E-1,-7.696065536E-1,1.079819392E2,2.881527569E1,1.516742466E0,-1.048569439E2
2.862542375E0,5.880132848E-1,1.620064863E-1,-1.896013847E-1,-7.694450785E-1,1.079676975E2,2.884664655E1,1.508996985E0,-1.048374468E2
2.872587375E0,5.881928515E-1,1.622673042E-1,-1.900333345E-1,-7.691461519E-1,1.079422559E2,2.890638524E1,1.493414416E0,-1.048022503E2
2.882631375E0,5.884291794E-1,1.628443617E-1,-1.905888893E-1,-7.687058333E-1,1.079087659E2,2.900087791E1,1.493451484E0,-1.047470433E2
2.892676375E0,5.887363035E-1,1.637767264E-1,-1.911330762E-1,-7.681373144E-1,1.078652327E2,2.912044099E1,1.521500253E0,-1.046683055E2
2.902720375E0,5.891347598E-1,1.649557792E-1,-1.915424117E-1,-7.674772105E-1,1.078087357E2,2.924572630E1,1.576464079E0,-1.045671652E2
2.912765375E0,5.896324614E-1,1.662015900E-1,-1.917243254E-1,-7.667805758E-1,1.077381382E2,2.935503162E1,1.649574556E0,-1.044493894E2
2.922809375E0,5.901953905E-1,1.673566284E-1,-1.916379204E-1,-7.661175900E-1,1.076582501E2,2.943297322E1,1.731861288E0,-1.043258104E2
2.932853375E0,5.907713272E-1,1.683397194E-1,-1.913685441E-1,-7.655253004E-1,1.075764739E2,2.948144536E1,1.812368967E0,-1.042069279E2
2.942898375E0,5.913170814E-1,1.692277693E-1,-1.910695807E-1,-7.649826650E-1,1.074989438E2,2.952029904E1,1.888077565E0,-1.040958256E2
2.952942375E0,5.918150886E-1,1.701665871E-1,-1.908828734E-1,-7.644356832E-1,1.074281631E2,2.957344723E1,1.961508412E0,-1.039891431E2
2.962987375E0,5.922275061E-1,1.712351559E-1,-1.909487292E-1,-7.638610004E-1,1.073695227E2,2.965970100E1,2.030387785E0,-1.038889490E2
2.973031375E0,5.925205847E-1,1.724854151E-1,-1.912816741E-1,-7.632688477E-1,1.073278374E2,2.978418058E1,2.099146899E0,-1.037977964E2
2.983076375E0,5.926953466E-1,1.739383922E-1,-1.917264011E-1,-7.626916677E-1,1.073029752E2,2.993403520E1,2.180747397E0,-1.037146712E2
2.993120375E0,5.928491773E-1,1.756777531E-1,-1.919840000E-1,-7.621084448E-1,1.072810875E2,3.008803364E1,2.300234698E0,-1.036225167E2
3.003164375E0,5.930996929E-1,1.777789632E-1,-1.916921120E-1,-7.614995967E-1,1.072454365E2,3.021868919E1,2.485821036E0,-1.035017272E2
3.013209375E0,5.934569929E-1,1.799950981E-1,-1.906678899E-1,-7.609576093E-1,1.071945748E2,3.029096931E1,2.730082153E0,-1.033608813E2
3.023253375E0,5.937459306E-1,1.816591492E-1,-1.891043591E-1,-7.607267500E-1,1.071534322E2,3.027227108E1,2.970745457E0,-1.032522952E2
3.033298375E0,5.936635651E-1,1.821661803E-1,-1.874703213E-1,-7.610742191E-1,1.071651616E2,3.015894673E1,3.135378374E0,-1.032441562E2
3.043342375E0,5.929639696E-1,1.813352331E-1,-1.862599280E-1,-7.621145298E-1,1.072647524E2,2.998172156E1,3.181870678E0,-1.033782916E2
3.053387375E0,5.916166612E-1,1.794185931E-1,-1.857891176E-1,-7.637284591E-1,1.074563690E2,2.978916085E1,3.108233074E0,-1.036473099E2
3.063431375E0,5.898556605E-1,1.769276044E-1,-1.860805044E-1,-7.655983672E-1,1.077064678E2,2.962376685E1,2.945710009E0,-1.039959452E2
3.073476375E0,5.880900869E-1,1.744779173E-1,-1.869930117E-1,-7.672946514E-1,1.079568164E2,2.952073619E1,2.740612423E0,-1.043413486E2
3.083520375E0,5.867535893E-1,1.728072228E-1,-1.882839631E-1,-7.683794481E-1,1.081460602E2,2.951345973E1,2.556839311E0,-1.045939111E2
3.093564375E0,5.861356006E-1,1.724022732E-1,-1.897000998E-1,-7.685936700E-1,1.082334889E2,2.961412082E1,2.443524893E0,-1.046951120E2
3.103609375E0,5.863001524E-1,1.732166287E-1,-1.910393640E-1,-7.679531116E-1,1.082102140E2,2.979984487E1,2.408947613E0,-1.046384914E2
3.113653375E0,5.871225323E-1,1.747488780E-1,-1.921330319E-1,-7.667039528E-1,1.080938417E2,3.001754255E1,2.427204846E0,-1.044611877E2
3.123698375E0,5.883605538E-1,1.763091471E-1,-1.928368494E-1,-7.652195408E-1,1.079184915E2,3.020233695E1,2.459616262E0,-1.042244084E2
3.133742375E0,5.897180564E-1,1.773257561E-1,-1.931392260E-1,-7.638622911E-1,1.077259936E2,3.030992017E1,2.470760320E0,-1.039928884E2
3.143787375E0,5.909285823E-1,1.776209783E-1,-1.931431621E-1,-7.628563459E-1,1.075541381E2,3.033566238E1,2.449048833E0,-1.038113750E2
3.153831375E0,5.918515140E-1,1.773651878E-1,-1.930178187E-1,-7.622318982E-1,1.074229847E2,3.030744388E1,2.402028751E0,-1.036927194E2
3.163875375E0,5.924836008E-1,1.768541151E-1,-1.929805188E-1,-7.618689612E-1,1.073330983E2,3.026750243E1,2.338531123E0,-1.036250937E2
3.173920375E0,5.929737898E-1,1.764240526E-1,-1.931646965E-1,-7.615405319E-1,1.072633549E2,3.025377364E1,2.270935762E0,-1.035737924E2
3.183964375E0,5.935075743E-1,1.762770247E-1,-1.935938134E-1,-7.610496528E-1,1.071873731E2,3.028400856E1,2.207140814E0,-1.035046060E2
3.194009375E0,5.942032555E-1,1.764408086E-1,-1.942487741E-1,-7.603016252E-1,1.070882904E2,3.035878981E1,2.146226487E0,-1.033998207E2
3.204053375E0,5.950791460E-1,1.767964892E-1,-1.950673047E-1,-7.593237393E-1,1.069634511E2,3.046347451E1,2.082046650E0,-1.032616931E2
3.214098375E0,5.960804287E-1,1.771889119E-1,-1.960049101E-1,-7.582046141E-1,1.068206164E2,3.058216408E1,2.006995663E0,-1.031042421E2
3.224142375E0,5.971080005E-1,1.774981110E-1,-1.970409119E-1,-7.570543950E-1,1.066738940E2,3.070367431E1,1.916445095E0,-1.029463311E2
3.234187375E0,5.980427122E-1,1.777590745E-1,-1.981586984E-1,-7.559628969E-1,1.065403091E2,3.082879878E1,1.819091299E0,-1.028033307E2
3.244231375E0,5.988020404E-1,1.780812153E-1,-1.993045744E-1,-7.549840680E-1,1.064317036E2,3.096064150E1,1.731110950E0,-1.026824097E2
3.254275375E0,5.993551967E-1,1.785773740E-1,-2.004308587E-1,-7.541293088E-1,1.063525381E2,3.110329847E1,1.666528583E0,-1.025833256E2
3.264320375E0,5.997263629E-1,1.793303781E-1,-2.015202197E-1,-7.533647439E-1,1.062993953E2,3.126153765E1,1.632485492E0,-1.024991736E2
3.274364375E0,5.999870201E-1,1.803736601E-1,-2.025173931E-1,-7.526404714E-1,1.062620639E2,3.143299474E1,1.633002904E0,-1.024184180E2
3.284409375E0,6.002439051E-1,1.816644528E-1,-2.033492421E-1,-7.519005835E-1,1.062252639E2,3.160796209E1,1.665761640E0,-1.023275989E2
3.294453375E0,6.005944141E-1,1.831429340E-1,-2.039281594E-1,-7.511046666E-1,1.061750374E2,3.177410493E1,1.728463176E0,-1.022153195E2
3.304498375E0,6.011070621E-1,1.847858563E-1,-2.041864814E-1,-7.502214636E-1,1.061015473E2,3.192370373E1,1.821439339E0,-1.020728047E2
3.314542375E0,6.017744995E-1,1.865564823E-1,-2.040855449E-1,-7.492751825E-1,1.060058144E2,3.205060093E1,1.944839300E0,-1.019025189E2
3.324586375E0,6.025613022E-1,1.884148185E-1,-2.036322582E-1,-7.483004893E-1,1.058928830E2,3.215255360E1,2.096345269E0,-1.017109999E2
3.334631375E0,6.034252494E-1,1.902783151E-1,-2.028985501E-1,-7.473314278E-1,1.057687821E2,3.223000475E1,2.265705374E0,-1.015077302E2
3.344675375E0,6.042870576E-1,1.920422420E-1,-2.020267876E-1,-7.464194649E-1,1.056448870E2,3.228790658E1,2.437168523E0,-1.013084682E2
3.354720375E0,6.050502791E-1,1.936074136E-1,-2.011655527E-1,-7.456291008E-1,1.055350800E2,3.233190611E1,2.595704579E0,-1.011313437E2
3.364764375E0,6.056351245E-1,1.949452776E-1,-2.004051848E-1,-7.450102007E-1,1.054508824E2,3.236760446E1,2.735629461E0,-1.009890920E2
3.374809375E0,6.060069862E-1,1.960382985E-1,-1.998156502E-1,-7.445791649E-1,1.053973226E2,3.239966673E1,2.851797379E0,-1.008875924E2
3.384853375E0,6.061455650E-1,1.968086629E-1,-1.995068780E-1,-7.443459242E-1,1.053773580E2,3.243178143E1,2.930640963E0,-1.008333782E2
3.394898375E0,6.060844152E-1,1.971960522E-1,-1.996207412E-1,-7.442627632E-1,1.053861680E2,3.247214438E1,2.955326949E0,-1.008244661E2
3.404942375E0,6.059741749E-1,1.973062258E-1,-2.002024502E-1,-7.441670741E-1,1.054020492E2,3.253356320E1,2.924647492E0,-1.008346967E2
3.414986375E0,6.059997158E-1,1.972912642E-1,-2.011808467E-1,-7.438862075E-1,1.053983699E2,3.262200260E1,2.848396879E0,-1.008310158E2
3.425031375E0,6.062646193E-1,1.972461876E-1,-2.024021996E-1,-7.433509741E-1,1.053602041E2,3.273111789E1,2.741371543E0,-1.007946118E2
3.435075375E0,6.068049735E-1,1.972408977E-1,-2.036615690E-1,-7.425670111E-1,1.052823229E2,3.284761140E1,2.622969304E0,-1.007172489E2
3.445120375E0,6.075789214E-1,1.973175006E-1,-2.047630970E-1,-7.416103145E-1,1.051707033E2,3.295662073E1,2.512990884E0,-1.006030980E2
3.455164375E0,6.084850154E-1,1.974305882E-1,-2.056021910E-1,-7.406043325E-1,1.050399197E2,3.304470076E1,2.419987517E0,-1.004685710E2
3.465209375E0,6.093715217E-1,1.974901756E-1,-2.061764922E-1,-7.396994502E-1,1.049118525E2,3.310423262E1,2.343511210E0,-1.003393648E2
3.475253375E0,6.100923382E-1,1.974448707E-1,-2.065365919E-1,-7.390165659E-1,1.048076402E2,3.313548050E1,2.281965113E0,-1.002385364E2
3.485298375E0,6.105902558E-1,1.973391038E-1,-2.067392544E-1,-7.385768952E-1,1.047356109E2,3.314700617E1,2.237066508E0,-1.001722747E2
3.495342375E0,6.108878705E-1,1.972627644E-1,-2.068212416E-1,-7.383281708E-1,1.046925410E2,3.314927972E1,2.212174479E0,-1.001332559E2
3.505386375E0,6.110589234E-1,1.972432747E-1,-2.068083203E-1,-7.381954715E-1,1.046677811E2,3.314700780E1,2.204371243E0,-1.001097547E2
3.515431375E0,6.111716136E-1,1.972822059E-1,-2.066704283E-1,-7.381303230E-1,1.046514669E2,3.313774818E1,2.213184907E0,-1.000919720E2
3.525475375E0,6.112762168E-1,1.973142385E-1,-2.063450115E-1,-7.381261136E-1,1.046363219E2,3.311082771E1,2.236133672E0,-1.000757531E2
3.535520375E0,6.114013192E-1,1.971635220E-1,-2.058328002E-1,-7.382057606E-1,1.046182068E2,3.305265427E1,2.258130181E0,-1.000650122E2
3.545564375E0,6.115712869E-1,1.967393035E-1,-2.051961404E-1,-7.383553503E-1,1.045935917E2,3.296189195E1,2.266232101E0,-1.000603166E2
3.555609375E0,6.118135680E-1,1.961463632E-1,-2.044855630E-1,-7.385095024E-1,1.045584968E2,3.285142250E1,2.263647357E0,-1.000529086E2
3.565653375E0,6.121756200E-1,1.955326300E-1,-2.038311818E-1,-7.385531560E-1,1.045060375E2,3.274479051E1,2.250097822E0,-1.000292043E2
3.575697375E0,6.126998846E-1,1.950348991E-1,-2.033309175E-1,-7.383878982E-1,1.044300415E2,3.266169215E1,2.227141208E0,-9.997690416E1
3.585742375E0,6.134418746E-1,1.947490908E-1,-2.029355484E-1,-7.379559404E-1,1.043224177E2,3.260525411E1,2.203805028E0,-9.988380130E1
3.595786375E0,6.143459614E-1,1.946046160E-1,-2.025676861E-1,-7.373427512E-1,1.041911759E2,3.256277179E1,2.182770994E0,-9.976101849E1
3.605831375E0,6.151950782E-1,1.942984646E-1,-2.022149558E-1,-7.368122646E-1,1.040678072E2,3.250887499E1,2.150224703E0,-9.965321566E1
3.615875375E0,6.157152230E-1,1.934442151E-1,-2.019421143E-1,-7.366773420E-1,1.039921839E2,3.241850380E1,2.082258802E0,-9.961684092E1
3.625920375E0,6.157616583E-1,1.918803757E-1,-2.017636029E-1,-7.370962922E-1,1.039854308E2,3.228015176E1,1.970907725E0,-9.967960278E1
3.635964375E0,6.154045269E-1,1.897635289E-1,-2.016073017E-1,-7.379848110E-1,1.040373604E2,3.210010518E1,1.830631524E0,-9.982394173E1
3.646009375E0,6.148674391E-1,1.874464426E-1,-2.013916995E-1,-7.390826205E-1,1.041154224E2,3.189932685E1,1.685794470E0,-1.000017740E2
3.656053375E0,6.143808854E-1,1.852808888E-1,-2.011223034E-1,-7.401059565E-1,1.041861038E2,3.170615674E1,1.554257345E0,-1.001647364E2
3.666097375E0,6.140880649E-1,1.835887811E-1,-2.008452682E-1,-7.408456179E-1,1.042286254E2,3.154971252E1,1.452519009E0,-1.002788742E2
3.676142375E0,6.140818219E-1,1.827315445E-1,-2.005280829E-1,-7.411485747E-1,1.042295318E2,3.145468951E1,1.408537826E0,-1.003161508E2
3.686186375E0,6.144117843E-1,1.830039633E-1,-2.000585854E-1,-7.409346847E-1,1.041816162E2,3.143345210E1,1.452675996E0,-1.002575105E2
3.696231375E0,6.150518263E-1,1.843753954E-1,-1.993241187E-1,-7.402613467E-1,1.040886276E2,3.147364209E1,1.592032329E0,-1.001078539E2
3.706275375E0,6.158670465E-1,1.864989729E-1,-1.982878034E-1,-7.393293798E-1,1.039701031E2,3.154561841E1,1.806863609E0,-9.990048530E1
3.716320375E0,6.166461836E-1,1.888548682E-1,-1.970507384E-1,-7.384120852E-1,1.038567349E2,3.161845383E1,2.056458290E0,-9.968731592E1
3.726364375E0,6.171578411E-1,1.909227964E-1,-1.958043787E-1,-7.377841024E-1,1.037822385E2,3.166841986E1,2.294460781E0,-9.952408095E1
3.736408375E0,6.172161671E-1,1.922611237E-1,-1.947843022E-1,-7.376578358E-1,1.037737440E2,3.168116385E1,2.475822488E0,-9.945734888E1
3.746453375E0,6.166892630E-1,1.926042899E-1,-1.942517702E-1,-7.381491679E-1,1.038504641E2,3.165837992E1,2.565154128E0,-9.951824029E1
3.756497375E0,6.155285388E-1,1.919318970E-1,-1.943740203E-1,-7.392601588E-1,1.040193302E2,3.161333193E1,2.549913474E0,-9.971461161E1
3.766542375E0,6.138021775E-1,1.904028193E-1,-1.951456770E-1,-7.408858734E-1,1.042701283E2,3.155892435E1,2.439923871E0,-1.000289232E2
3.776586375E0,6.116641153E-1,1.882259598E-1,-1.964733618E-1,-7.428567812E-1,1.045801463E2,3.150472957E1,2.252215359E0,-1.004289325E2
3.786631375E0,6.092814539E-1,1.855809500E-1,-1.982107813E-1,-7.450156429E-1,1.049248690E2,3.145319248E1,2.005137919E0,-1.008820173E2
3.796675375E0,6.068221958E-1,1.826829558E-1,-2.001519578E-1,-7.472168780E-1,1.052798400E2,3.140351440E1,1.724535301E0,-1.013543869E2
3.806720375E0,6.044594540E-1,1.798342450E-1,-2.020218502E-1,-7.493167077E-1,1.056200908E2,3.135425422E1,1.448452601E0,-1.018085497E2
3.816764375E0,6.023428656E-1,1.773445819E-1,-2.035501858E-1,-7.511986225E-1,1.059242441E2,3.130373428E1,1.216366569E0,-1.022109587E2
3.826808375E0,6.005808955E-1,1.754444321E-1,-2.045525656E-1,-7.527815527E-1,1.061769749E2,3.125126782E1,1.056705115E0,-1.025376179E2
3.836853375E0,5.992156695E-1,1.742148215E-1,-2.049977812E-1,-7.540329822E-1,1.063725105E2,3.119885986E1,9.770364980E-1,-1.027802181E2
3.846897375E0,5.982198712E-1,1.736189599E-1,-2.049371635E-1,-7.549769399E-1,1.065149772E2,3.114761229E1,9.718778496E-1,-1.029447326E2
3.856942375E0,5.974982750E-1,1.735016125E-1,-2.044725893E-1,-7.557008963E-1,1.066181318E2,3.109487243E1,1.024881881E0,-1.030512152E2
3.866986375E0,5.969330068E-1,1.736696230E-1,-2.037111933E-1,-7.563145492E-1,1.066988904E2,3.103594356E1,1.116986371E0,-1.031242206E2
3.877031375E0,5.964368593E-1,1.739603283E-1,-2.027169307E-1,-7.569059485E-1,1.067697391E2,3.096452438E1,1.233531075E0,-1.031825542E2
3.887075375E0,5.959717267E-1,1.742344817E-1,-2.015680616E-1,-7.575158977E-1,1.068361293E2,3.087748216E1,1.358784939E0,-1.032372885E2
3.897119375E0,5.955082273E-1,1.743499535E-1,-2.003721554E-1,-7.581709124E-1,1.069022581E2,3.077417812E1,1.474245139E0,-1.032982716E2
3.907164375E0,5.949896683E-1,1.741922295E-1,-1.992222734E-1,-7.589169801E-1,1.069762088E2,3.065462810E1,1.565772994E0,-1.033780577E2
3.917208375E0,5.943824428E-1,1.738070218E-1,-1.981570816E-1,-7.597593850E-1,1.070627593E2,3.052578081E1,1.635492422E0,-1.034794200E2
3.927253375E0,5.937130086E-1,1.733218654E-1,-1.972137127E-1,-7.606386262E-1,1.071581206E2,3.040066525E1,1.690122111E0,-1.035934496E2
3.937297375E0,5.929956218E-1,1.729115185E-1,-1.964090925E-1,-7.614993122E-1,1.072602479E2,3.029388956E1,1.742320388E0,-1.037110238E2
3.947342375E0,5.922388910E-1,1.727290977E-1,-1.956980843E-1,-7.623123513E-1,1.073679036E2,3.021262452E1,1.807810834E0,-1.038248498E2
3.957386375E0,5.914651064E-1,1.728044391E-1,-1.950402735E-1,-7.630641352E-1,1.074779087E2,3.015531322E1,1.891259282E0,-1.039305935E2
3.967431375E0,5.907133489E-1,1.730811496E-1,-1.943672561E-1,-7.637552855E-1,1.075847081E2,3.011145975E1,1.991579487E0,-1.040251563E2
3.977475375E0,5.899956776E-1,1.734416962E-1,-1.936315605E-1,-7.644147098E-1,1.076865971E2,3.006793441E1,2.102034883E0,-1.041115274E2
3.987519375E0,5.892961769E-1,1.737169579E-1,-1.928257964E-1,-7.650951602E-1,1.077858426E2,3.001148437E1,2.209701006E0,-1.041988065E2
3.997564375E0,5.885845854E-1,1.737708328E-1,-1.919839019E-1,-7.658419865E-1,1.078867394E2,2.993511928E1,2.301873733E0,-1.042966782E2
4.007608375E0,5.878390603E-1,1.735687281E-1,-1.911736393E-1,-7.666627859E-1,1.079923783E2,2.984257089E1,2.371502195E0,-1.044095598E2
4.017653375E0,5.870532955E-1,1.731833854E-1,-1.904582327E-1,-7.675296412E-1,1.081036425E2,2.974514884E1,2.420234325E0,-1.045352748E2
4.027697375E0,5.862477533E-1,1.727500664E-1,-1.898651074E-1,-7.683892999E-1,1.082176259E2,2.965551046E1,2.456599823E0,-1.046654402E2
4.037742375E0,5.854563198E-1,1.724280513E-1,-1.893679985E-1,-7.691873083E-1,1.083295331E2,2.958307325E1,2.494618655E0,-1.047890305E2
4.047786375E0,5.847318260E-1,1.722434251E-1,-1.889288935E-1,-7.698875255E-1,1.084319060E2,2.952633794E1,2.537350961E0,-1.048976945E2
4.057831375E0,5.841293158E-1,1.721774771E-1,-1.884846117E-1,-7.704682880E-1,1.085169921E2,2.947815743E1,2.585822504E0,-1.049845723E2
4.067875375E0,5.837300481E-1,1.722109397E-1,-1.880186803E-1,-7.708771652E-1,1.085733514E2,2.943581880E1,2.636688542E0,-1.050392071E2
4.077919375E0,5.835668450E-1,1.723418597E-1,-1.875488996E-1,-7.710858869E-1,1.085963828E2,2.940096986E1,2.687361565E0,-1.050571131E2
4.087964375E0,5.836443741E-1,1.725775639E-1,-1.871018711E-1,-7.710830420E-1,1.085854422E2,2.937669649E1,2.736418433E0,-1.050373226E2
4.098008375E0,5.839295186E-1,1.729350496E-1,-1.866798586E-1,-7.708894404E-1,1.085451973E2,2.936441374E1,2.786351825E0,-1.049837705E2
4.108053375E0,5.843628304E-1,1.733517232E-1,-1.862916763E-1,-7.705613272E-1,1.084840207E2,2.936019171E1,2.833422938E0,-1.049071370E2
4.118097375E0,5.848549897E-1,1.737598403E-1,-1.859680636E-1,-7.701740293E-1,1.084145073E2,2.936164573E1,2.872978997E0,-1.048225267E2
4.128142375E0,5.853143482E-1,1.741371455E-1,-1.857468282E-1,-7.697931482E-1,1.083495993E2,2.937035621E1,2.903766617E0,-1.047435754E2
4.138186375E0,5.856513122E-1,1.744873140E-1,-1.856872622E-1,-7.694718628E-1,1.083019689E2,2.939180420E1,2.925084386E0,-1.046825684E2
4.148230375E0,5.858047584E-1,1.747873930E-1,-1.858666036E-1,-7.692435638E-1,1.082802743E2,2.943126332E1,2.931675877E0,-1.046488969E2
4.158275375E0,5.857602197E-1,1.750637222E-1,-1.863578949E-1,-7.690958286E-1,1.082865716E2,2.949743742E1,2.921027979E0,-1.046434877E2
4.168319375E0,5.856021585E-1,1.755027778E-1,-1.871629722E-1,-7.689205925E-1,1.083089177E2,2.960459566E1,2.905529194E0,-1.046469819E2
4.178364375E0,5.855576303E-1,1.765263233E-1,-1.880692888E-1,-7.684990608E-1,1.083152124E2,2.976492341E1,2.927358182E0,-1.046107458E2
4.188408375E0,5.858570204E-1,1.784278761E-1,-1.887464908E-1,-7.676651644E-1,1.082728847E2,2.997031106E1,3.025982884E0,-1.044904698E2
4.198453375E0,5.865630961E-1,1.809886841E-1,-1.889824635E-1,-7.664675722E-1,1.081730150E2,3.018556720E1,3.195531524E0,-1.042857189E2
4.208497375E0,5.875484683E-1,1.836289419E-1,-1.887530475E-1,-7.651402204E-1,1.080335352E2,3.036544677E1,3.393931846E0,-1.040376799E2
4.218542375E0,5.886033670E-1,1.858131843E-1,-1.882259349E-1,-7.639310642E-1,1.078840772E2,3.048480073E1,3.572763811E0,-1.037981939E2
4.228586375E0,5.894956422E-1,1.872552548E-1,-1.876849219E-1,-7.630234476E-1,1.077575488E2,3.054706771E1,3.697077841E0,-1.036122900E2
4.238630375E0,5.900867148E-1,1.878890042E-1,-1.874965803E-1,-7.624569044E-1,1.076736760E2,3.058003252E1,3.740406856E0,-1.035025317E2
4.248675375E0,5.903931488E-1,1.880190944E-1,-1.878983412E-1,-7.620885989E-1,1.076301756E2,3.062842730E1,3.710008810E0,-1.034535624E2
4.258719375E0,5.905972976E-1,1.883298846E-1,-1.888883292E-1,-7.616088098E-1,1.076011886E2,3.074461010E1,3.655286925E0,-1.034104514E2
4.268764375E0,5.908891856E-1,1.893796032E-1,-1.903061401E-1,-7.607685913E-1,1.075597342E2,3.095685756E1,3.626288454E0,-1.033225030E2
4.278808375E0,5.913831730E-1,1.912275019E-1,-1.919100683E-1,-7.595186580E-1,1.074895522E2,3.124795928E1,3.640555900E0,-1.031708733E2
4.288853375E0,5.921539440E-1,1.934614764E-1,-1.934312093E-1,-7.579647985E-1,1.073799839E2,3.156231450E1,3.680453859E0,-1.029626125E2
4.298897375E0,5.932045174E-1,1.955780488E-1,-1.946412455E-1,-7.562885130E-1,1.072305164E2,3.184059012E1,3.721268255E0,-1.027195651E2
4.308941375E0,5.944293259E-1,1.972111471E-1,-1.954090425E-1,-7.547030960E-1,1.070560786E2,3.204209416E1,3.747408496E0,-1.024733061E2
4.318986375E0,5.956491505E-1,1.982030652E-1,-1.957181976E-1,-7.534003264E-1,1.068821552E2,3.215218109E1,3.755203440E0,-1.022566513E2
4.329030375E0,5.967142014E-1,1.985423043E-1,-1.956493305E-1,-7.524854869E-1,1.067301393E2,3.217651765E1,3.744476789E0,-1.020914897E2
4.339075375E0,5.975281571E-1,1.982799190E-1,-1.954156896E-1,-7.519692565E-1,1.066138614E2,3.213813890E1,3.707793864E0,-1.019890613E2
4.349119375E0,5.980881939E-1,1.975678172E-1,-1.952145113E-1,-7.517637590E-1,1.065338060E2,3.206689841E1,3.642893693E0,-1.019426805E2
4.359164375E0,5.984593760E-1,1.966179052E-1,-1.951842141E-1,-7.517253685E-1,1.064807238E2,3.199223249E1,3.553796572E0,-1.019333318E2
4.369208375E0,5.987153443E-1,1.955885105E-1,-1.953804920E-1,-7.517390557E-1,1.064441075E2,3.193185905E1,3.446037580E0,-1.019433494E2
4.379253375E0,5.988949531E-1,1.945220194E-1,-1.958230411E-1,-7.517574528E-1,1.064184092E2,3.189107185E1,3.319964598E0,-1.019653335E2
4.389297375E0,5.990081385E-1,1.933965073E-1,-1.965057163E-1,-7.517796431E-1,1.064022125E2,3.186772203E1,3.173864962E0,-1.019989120E2
4.399341375E0,5.990399751E-1,1.921993976E-1,-1.974147945E-1,-7.518231650E-1,1.063976563E2,3.185960602E1,3.008333974E0,-1.020467024E2
4.409386375E0,5.989909320E-1,1.909651464E-1,-1.985102561E-1,-7.518881396E-1,1.064046748E2,3.186578396E1,2.829107040E0,-1.021071070E2
4.419430375E0,5.989090670E-1,1.897687320E-1,-1.997521048E-1,-7.519274363E-1,1.064163896E2,3.188855099E1,2.643300815E0,-1.021701674E2
4.429475375E0,5.988995102E-1,1.887706630E-1,-2.010564970E-1,-7.518387067E-1,1.064177571E2,3.193272863E1,2.465906781E0,-1.022141505E2
4.439519375E0,5.990674233E-1,1.881608699E-1,-2.023017382E-1,-7.515237011E-1,1.063937282E2,3.200170363E1,2.317096736E0,-1.022161740E2
4.449564375E0,5.994794456E-1,1.880890155E-1,-2.033053752E-1,-7.509419113E-1,1.063347505E2,3.208999944E1,2.219796278E0,-1.021605495E2
4.459608375E0,6.001652802E-1,1.885859387E-1,-2.038643148E-1,-7.501175821E-1,1.062365282E2,3.218122696E1,2.190303042E0,-1.020418737E2
4.469653375E0,6.010996864E-1,1.895824087E-1,-2.037883741E-1,-7.491381631E-1,1.061026049E2,3.225269142E1,2.238117114E0,-1.018665123E2
4.479697375E0,6.022194280E-1,1.909725540E-1,-2.029698665E-1,-7.481071827E-1,1.059419632E2,3.228671273E1,2.365330785E0,-1.016477540E2
4.489741375E0,6.034467232E-1,1.927631309E-1,-2.014021200E-1,-7.470820239E-1,1.057656962E2,3.228372329E1,2.576246905E0,-1.013959734E2
4.499786375E0,6.047147058E-1,1.949167134E-1,-1.992397710E-1,-7.460772061E-1,1.055833698E2,3.225571188E1,2.859065188E0,-1.011218081E2
4.509830375E0,6.059193629E-1,1.973604862E-1,-1.968291677E-1,-7.450966017E-1,1.054099448E2,3.222916407E1,3.186143992E0,-1.008426283E2
4.519875375E0,6.069843979E-1,2.001405512E-1,-1.944637856E-1,-7.441085268E-1,1.052564535E2,3.223462686E1,3.541966687E0,-1.005665588E2
4.529919375E0,6.078692763E-1,2.032766814E-1,-1.922877606E-1,-7.431008326E-1,1.051288066E2,3.228685802E1,3.918561641E0,-1.002978212E2
4.539964375E0,6.086102706E-1,2.065502538E-1,-1.903806733E-1,-7.420820062E-1,1.050218317E2,3.237607822E1,4.290833308E0,-1.000408167E2
4.550008375E0,6.092715283E-1,2.096046780E-1,-1.887605484E-1,-7.410962178E-1,1.049263033E2,3.247566683E1,4.626596251E0,-9.980311539E1
4.560052375E0,6.099430013E-1,2.121387455E-1,-1.873598941E-1,-7.401777642E-1,1.048292366E2,3.255534450E1,4.903802835E0,-9.958689871E1
4.570097375E0,6.107035834E-1,2.139461432E-1,-1.861202986E-1,-7.393425823E-1,1.047192119E2,3.259299405E1,5.107824657E0,-9.939178174E1
4.580141375E0,6.115811966E-1,2.149428899E-1,-1.851007927E-1,-7.385836545E-1,1.045921564E2,3.258664002E1,5.226793566E0,-9.921864150E1
4.590186375E0,6.125621593E-1,2.152419876E-1,-1.843950200E-1,-7.378597876E-1,1.044500096E2,3.255317593E1,5.263140050E0,-9.906421714E1
4.600230375E0,6.135977969E-1,2.151318316E-1,-1.840772591E-1,-7.371104114E-1,1.042997915E2,3.252193504E1,5.235696759E0,-9.892140095E1
4.610275375E0,6.146397197E-1,2.149482465E-1,-1.841641593E-1,-7.362736595E-1,1.041485073E2,3.252109369E1,5.171215351E0,-9.878064461E1
4.620319375E0,6.156746988E-1,2.149263657E-1,-1.846050641E-1,-7.353042609E-1,1.039980770E2,3.256497286E1,5.092229401E0,-9.863244180E1
4.630364375E0,6.167395547E-1,2.151168760E-1,-1.852812616E-1,-7.341852884E-1,1.038431431E2,3.264721340E1,5.010064165E0,-9.846915958E1
4.640408375E0,6.178557192E-1,2.153939468E-1,-1.860444172E-1,-7.329715962E-1,1.036805675E2,3.274442347E1,4.925369371E0,-9.829399091E1
4.650452375E0,6.189937262E-1,2.155022325E-1,-1.867493970E-1,-7.317993659E-1,1.035146236E2,3.282267272E1,4.830907911E0,-9.812384768E1
4.660497375E0,6.201279559E-1,2.152056873E-1,-1.872600903E-1,-7.307951171E-1,1.033490418E2,3.285040592E1,4.720327763E0,-9.797414428E1
4.670541375E0,6.212344792E-1,2.143876868E-1,-1.874907745E-1,-7.300361366E-1,1.031873223E2,3.281034149E1,4.592592215E0,-9.785403453E1
4.680586375E0,6.223019008E-1,2.130707967E-1,-1.875191512E-1,-7.295051601E-1,1.030311460E2,3.271127019E1,4.444043435E0,-9.776374107E1
4.690630375E0,6.233630162E-1,2.114682918E-1,-1.874243603E-1,-7.290897344E-1,1.028757244E2,3.257787569E1,4.283519380E0,-9.768768218E1
4.700675875E0,6.244484398E-1,2.097269750E-1,-1.873660910E-1,-7.286788290E-1,1.027165683E2,3.243654087E1,4.108549969E0,-9.761398120E1
4.710719875E0,6.255783336E-1,2.079565420E-1,-1.874953257E-1,-7.281835825E-1,1.025507036E2,3.230970229E1,3.914917941E0,-9.753417959E1
4.720763875E0,6.268100015E-1,2.062499074E-1,-1.879020250E-1,-7.275047126E-1,1.023696792E2,3.221308623E1,3.700316579E0,-9.743551893E1
4.730808875E0,6.281961271E-1,2.046843127E-1,-1.886101843E-1,-7.265673667E-1,1.021656778E2,3.215514085E1,3.466533016E0,-9.730669940E1
4.740852875E0,6.298066635E-1,2.033204288E-1,-1.895552128E-1,-7.253090093E-1,1.019282801E2,3.213508624E1,3.220228526E0,-9.713483632E1
4.750897875E0,6.316983827E-1,2.022572515E-1,-1.905960101E-1,-7.236865243E-1,1.016489248E2,3.214833527E1,2.977472504E0,-9.690713206E1
4.760941875E0,6.338614696E-1,2.015841100E-1,-1.915516619E-1,-7.217281025E-1,1.013288143E2,3.218582403E1,2.759480234E0,-9.662096832E1
4.770986875E0,6.362359993E-1,2.013566142E-1,-1.922738353E-1,-7.195068187E-1,1.009765668E2,3.223871438E1,2.584448574E0,-9.628245193E1
4.781030875E0,6.387327365E-1,2.014415661E-1,-1.926562077E-1,-7.171648447E-1,1.006052247E2,3.228676827E1,2.454268359E0,-9.591068945E1
4.791075875E0,6.412644819E-1,2.014342332E-1,-1.927090170E-1,-7.148897736E-1,1.002276530E2,3.229798934E1,2.341278701E0,-9.553701834E1
4.801119875E0,6.436422806E-1,2.007955165E-1,-1.926672729E-1,-7.129411984E-1,9.987209100E1,3.224855606E1,2.194574538E0,-9.521413764E1
4.811163875E0,6.455914828E-1,1.989569393E-1,-1.930157061E-1,-7.115987423E-1,9.957992537E1,3.213362587E1,1.944787264E0,-9.500863910E1
4.821208875E0,6.470495398E-1,1.958840059E-1,-1.940708591E-1,-7.108395642E-1,9.936096515E1,3.197827890E1,1.566506069E0,-9.493036170E1
4.831252875E0,6.482736002E-1,1.922424623E-1,-1.957935832E-1,-7.102457678E-1,9.917687032E1,3.183480807E1,1.101474258E0,-9.490961776E1
4.841297875E0,6.496024614E-1,1.889127289E-1,-1.979594314E-1,-7.093241295E-1,9.897672826E1,3.175592819E1,6.194279256E-1,-9.485660372E1
4.851341875E0,6.513170031E-1,1.866078679E-1,-2.003299993E-1,-7.076944716E-1,9.871805598E1,3.177798961E1,1.814012248E-1,-9.469937093E1
4.861386875E0,6.536683336E-1,1.859255657E-1,-2.025095682E-1,-7.050810719E-1,9.836249416E1,3.191363597E1,-1.468486531E-1,-9.437587106E1
4.871430875E0,6.568615738E-1,1.870538085E-1,-2.039881080E-1,-7.013792036E-1,9.787808897E1,3.213332853E1,-3.204338644E-1,-9.384680057E1
4.881475875E0,6.608889528E-1,1.894372826E-1,-2.044982679E-1,-6.967924516E-1,9.726459066E1,3.237038834E1,-3.612153344E-1,-9.313447436E1
4.891519875E0,6.654466840E-1,1.921144899E-1,-2.040921857E-1,-6.918230300E-1,9.656679420E1,3.255332524E1,-3.326886288E-1,-9.232375936E1
4.901563875E0,6.700768031E-1,1.942302640E-1,-2.030986136E-1,-6.870389906E-1,9.585401444E1,3.264139446E1,-3.034289975E-1,-9.152101586E1
4.911608875E0,6.742941478E-1,1.951925764E-1,-2.020537777E-1,-6.829359482E-1,9.520127862E1,3.263078264E1,-3.368613216E-1,-9.082822369E1
4.921652875E0,6.777162674E-1,1.948255606E-1,-2.014808345E-1,-6.798156000E-1,9.466911830E1,3.254967523E1,-4.699892241E-1,-9.031442576E1
4.931697875E0,6.801247992E-1,1.933041121E-1,-2.017773692E-1,-6.777533467E-1,9.429320787E1,3.244528441E1,-7.129250058E-1,-9.000730070E1
4.941741875E0,6.815725320E-1,1.910633587E-1,-2.030498829E-1,-6.765532688E-1,9.406670242E1,3.236320263E1,-1.046128134E0,-8.988006906E1
4.951786875E0,6.823067543E-1,1.885666953E-1,-2.051807117E-1,-6.758704656E-1,9.395166999E1,3.233308324E1,-1.438220697E0,-8.987391068E1
4.961830875E0,6.826458593E-1,1.861581235E-1,-2.079158374E-1,-6.753597387E-1,9.389850518E1,3.236273039E1,-1.857761147E0,-8.992430364E1
4.971874875E0,6.829306413E-1,1.841381455E-1,-2.108721497E-1,-6.747087006E-1,9.385383931E1,3.244442586E1,-2.266231394E0,-8.996546880E1
4.981919875E0,6.834521851E-1,1.827192758E-1,-2.136224383E-1,-6.737005292E-1,9.377199693E1,3.255845075E1,-2.625368913E0,-8.994344117E1
4.991963875E0,6.844345992E-1,1.820315696E-1,-2.157601225E-1,-6.722063681E-1,9.361768442E1,3.267957644E1,-2.901657129E0,-8.981800488E1
5.002008875E0,6.860175235E-1,1.820831837E-1,-2.169843357E-1,-6.701817448E-1,9.336863552E1,3.278187230E1,-3.075536355E0,-8.956687753E1
5.012052875E0,6.882068745E-1,1.827599185E-1,-2.171810943E-1,-6.676844689E-1,9.302333095E1,3.284631613E1,-3.145922754E0,-8.919319930E1
5.022097875E0,6.908659897E-1,1.839098861E-1,-2.163719262E-1,-6.648793571E-1,9.260260280E1,3.286357159E1,-3.119131911E0,-8.872390308E1
5.032141875E0,6.937414689E-1,1.853475520E-1,-2.147193535E-1,-6.620156790E-1,9.214597360E1,3.283419978E1,-3.010184709E0,-8.820606993E1
5.042186875E0,6.966277167E-1,1.868803828E-1,-2.124769805E-1,-6.592716346E-1,9.168586495E1,3.276529707E1,-2.844461989E0,-8.768010398E1
5.052230875E0,6.993881285E-1,1.883541909E-1,-2.099387116E-1,-6.567378886E-1,9.124413188E1,3.266952369E1,-2.651369737E0,-8.717446298E1
5.062274875E0,7.019732819E-1,1.896343013E-1,-2.073819310E-1,-6.544196091E-1,9.082892828E1,3.255865277E1,-2.461745067E0,-8.670318696E1
5.072319875E0,7.044094250E-1,1.906661201E-1,-2.050556139E-1,-6.522314580E-1,9.043629576E1,3.244803886E1,-2.302152545E0,-8.626480827E1
5.082363875E0,7.067338790E-1,1.914628753E-1,-2.031313884E-1,-6.500822506E-1,9.006041546E1,3.235212537E1,-2.188453611E0,-8.585308477E1
5.092408875E0,7.089883298E-1,1.920839733E-1,-2.016790280E-1,-6.478927060E-1,8.969467487E1,3.228089947E1,-2.124816500E0,-8.545881609E1
5.102452875E0,7.112394088E-1,1.926314582E-1,-2.006993272E-1,-6.455628124E-1,8.932830658E1,3.224245735E1,-2.107764287E0,-8.506675298E1
5.112497875E0,7.135436165E-1,1.932198411E-1,-2.001044959E-1,-6.430239310E-1,8.895205991E1,3.223901210E1,-2.124820157E0,-8.466258506E1
5.122541875E0,7.159110287E-1,1.938692796E-1,-1.997884811E-1,-6.402895884E-1,8.856417781E1,3.226342782E1,-2.166101131E0,-8.424359587E1
5.132585875E0,7.183697283E-1,1.945438680E-1,-1.996054092E-1,-6.373816033E-1,8.815990860E1,3.230055364E1,-2.222694168E0,-8.380653796E1
5.142630875E0,7.209506538E-1,1.952113355E-1,-1.993946871E-1,-6.343220582E-1,8.773395190E1,3.233450622E1,-2.284056458E0,-8.334754167E1
5.152674875E0,7.236860817E-1,1.958675476E-1,-1.989561635E-1,-6.311345632E-1,8.728069041E1,3.234888798E1,-2.334076568E0,-8.286114956E1
5.162719875E0,7.265904316E-1,1.964954917E-1,-1.981502754E-1,-6.278473514E-1,8.679737143E1,3.233130229E1,-2.361818736E0,-8.234536577E1
5.172763875E0,7.296301361E-1,1.970771089E-1,-1.969329152E-1,-6.245140519E-1,8.628920797E1,3.227716600E1,-2.362489182E0,-8.180628258E1
5.182808875E0,7.327563469E-1,1.975626839E-1,-1.953661470E-1,-6.211836817E-1,8.576406239E1,3.218753319E1,-2.342109430E0,-8.125409029E1
5.192852875E0,7.359230662E-1,1.978913074E-1,-1.936060480E-1,-6.178777936E-1,8.522945671E1,3.206960175E1,-2.316126468E0,-8.069909002E1
5.202897875E0,7.391226284E-1,1.980916776E-1,-1.917935608E-1,-6.145508636E-1,8.468653898E1,3.193697813E1,-2.294914112E0,-8.014110942E1
5.212941875E0,7.423764547E-1,1.982546187E-1,-1.900079661E-1,-6.111213693E-1,8.413150311E1,3.180382529E1,-2.280952262E0,-7.957206387E1
5.222985875E0,7.457422862E-1,1.984725347E-1,-1.882798021E-1,-6.074765256E-1,8.355420927E1,3.168059705E1,-2.274185791E0,-7.897737665E1
5.233030875E0,7.493097798E-1,1.988673568E-1,-1.865337098E-1,-6.034830959E-1,8.293875157E1,3.157238607E1,-2.264740696E0,-7.833526382E1
5.243074875E0,7.531594993E-1,1.995080929E-1,-1.846589140E-1,-5.990394430E-1,8.227038057E1,3.147716238E1,-2.242487383E0,-7.762730981E1
5.253119875E0,7.573210475E-1,2.003982403E-1,-1.825633667E-1,-5.941178186E-1,8.154281368E1,3.138888346E1,-2.200574551E0,-7.684671017E1
5.263163875E0,7.617785193E-1,2.015247202E-1,-1.801420513E-1,-5.887529251E-1,8.075751984E1,3.129949282E1,-2.129610262E0,-7.599510232E1
5.273208875E0,7.664726930E-1,2.028095642E-1,-1.773441776E-1,-5.830411579E-1,7.992362434E1,3.119939343E1,-2.026761948E0,-7.508503999E1
5.283252875E0,7.712834081E-1,2.040694244E-1,-1.742875973E-1,-5.771493762E-1,7.906144386E1,3.108150345E1,-1.907911392E0,-7.414544487E1
5.293297875E0,7.761080527E-1,2.051123087E-1,-1.711581068E-1,-5.712182082E-1,7.818879854E1,3.094189594E1,-1.796322092E0,-7.320362025E1
5.303341875E0,7.808752616E-1,2.058549440E-1,-1.681289628E-1,-5.653231496E-1,7.731843294E1,3.078487931E1,-1.709178310E0,-7.227671451E1
5.313385875E0,7.855358180E-1,2.063213371E-1,-1.653396461E-1,-5.594889721E-1,7.645947587E1,3.062185105E1,-1.655585817E0,-7.137316992E1
5.323430875E0,7.900640016E-1,2.065872772E-1,-1.628726291E-1,-5.537086056E-1,7.561701410E1,3.046483271E1,-1.637810664E0,-7.049464572E1
5.333474875E0,7.944617197E-1,2.067502933E-1,-1.608018780E-1,-5.479304096E-1,7.479111350E1,3.032725268E1,-1.657931608E0,-6.963645040E1
5.343519875E0,7.987791481E-1,2.069932962E-1,-1.590704592E-1,-5.420352562E-1,7.397264556E1,3.022187857E1,-1.703597411E0,-6.878007764E1
5.353563875E0,8.030748286E-1,2.074809089E-1,-1.575069217E-1,-5.359236365E-1,7.315052352E1,3.015253876E1,-1.753056940E0,-6.790577488E1
5.363608875E0,8.074061233E-1,2.082887533E-1,-1.559390010E-1,-5.295226787E-1,7.231345737E1,3.011507546E1,-1.789349920E0,-6.699770215E1
5.373652875E0,8.118263899E-1,2.094982862E-1,-1.540752226E-1,-5.227898145E-1,7.145047921E1,3.009884168E1,-1.783190596E0,-6.603992682E1
5.383697875E0,8.163989331E-1,2.110398204E-1,-1.516999395E-1,-5.156957096E-1,7.054815803E1,3.008428809E1,-1.720889810E0,-6.502134509E1
5.393741875E0,8.211380933E-1,2.126460157E-1,-1.488100776E-1,-5.083006236E-1,6.960223187E1,3.004653951E1,-1.616588119E0,-6.395054089E1
5.403785875E0,8.259858449E-1,2.139553760E-1,-1.456165002E-1,-5.007655889E-1,6.862286299E1,2.996428613E1,-1.505411033E0,-6.285674616E1
5.413830875E0,8.308247984E-1,2.147095728E-1,-1.423899272E-1,-4.933104120E-1,6.763288363E1,2.982876098E1,-1.419088206E0,-6.177827460E1
5.423874875E0,8.355028562E-1,2.147447154E-1,-1.394734996E-1,-4.861756144E-1,6.666352925E1,2.964353398E1,-1.389772452E0,-6.075766234E1
5.433919875E0,8.398984353E-1,2.139974728E-1,-1.372171470E-1,-4.795280449E-1,6.574120761E1,2.942132555E1,-1.447522984E0,-5.982723853E1
5.443963875E0,8.439773441E-1,2.126622027E-1,-1.357816201E-1,-4.733290653E-1,6.487493650E1,2.918902500E1,-1.597316375E0,-5.898609373E1
5.454008875E0,8.478063010E-1,2.111806857E-1,-1.350169840E-1,-4.673303044E-1,6.405226754E1,2.898082963E1,-1.808224434E0,-5.819647865E1
5.464052875E0,8.515197544E-1,2.100577461E-1,-1.345694056E-1,-4.611735981E-1,6.324529401E1,2.882650999E1,-2.030462638E0,-5.740085560E1
5.474096875E0,8.552799277E-1,2.097561617E-1,-1.340750467E-1,-4.544476354E-1,6.241865249E1,2.875210146E1,-2.217729032E0,-5.653582836E1
5.484141875E0,8.592385704E-1,2.106355979E-1,-1.330637542E-1,-4.468062853E-1,6.153760635E1,2.876861608E1,-2.317696373E0,-5.554358407E1
5.494185875E0,8.634348160E-1,2.127062067E-1,-1.312037532E-1,-4.382031653E-1,6.059108119E1,2.886143364E1,-2.301314186E0,-5.440891097E1
5.504230875E0,8.678433342E-1,2.155821206E-1,-1.283947895E-1,-4.288205603E-1,5.958203988E1,2.898947769E1,-2.175529696E0,-5.315246926E1
5.514274875E0,8.723799999E-1,2.186991382E-1,-1.247294204E-1,-4.190065191E-1,5.852720025E1,2.910354380E1,-1.968507256E0,-5.182124379E1
5.524319875E0,8.769534177E-1,2.215177350E-1,-1.204694645E-1,-4.091086057E-1,5.744597646E1,2.916403432E1,-1.721572871E0,-5.046705537E1
5.534363875E0,8.814574617E-1,2.236558973E-1,-1.160380500E-1,-3.994322161E-1,5.636264195E1,2.915332134E1,-1.483809622E0,-4.914117312E1
5.544408875E0,8.857681782E-1,2.249844819E-1,-1.119385420E-1,-3.902134149E-1,5.530759541E1,2.908151710E1,-1.301830345E0,-4.788818653E1
5.554452875E0,8.897749316E-1,2.255890468E-1,-1.086298353E-1,-3.815883784E-1,5.431004300E1,2.897703818E1,-1.211775255E0,-4.673819784E1
5.564496875E0,8.934092543E-1,2.257208137E-1,-1.063971112E-1,-3.735634499E-1,5.339034208E1,2.887665208E1,-1.230248432E0,-4.569954199E1
5.574541875E0,8.966678168E-1,2.256916955E-1,-1.052506906E-1,-3.660225147E-1,5.255306856E1,2.881104979E1,-1.348484982E0,-4.475725220E1
5.584585875E0,8.995906165E-1,2.257833859E-1,-1.049696765E-1,-3.588036867E-1,5.179138467E1,2.879817266E1,-1.537754059E0,-4.388421599E1
5.594630875E0,9.022557724E-1,2.261367978E-1,-1.051790936E-1,-3.517585460E-1,5.108763779E1,2.883501804E1,-1.759588544E0,-4.305059890E1
5.604674875E0,9.047579887E-1,2.267228655E-1,-1.054455513E-1,-3.448057911E-1,5.041858419E1,2.889866916E1,-1.974499447E0,-4.223279402E1
5.614719875E0,9.071902833E-1,2.274116241E-1,-1.054236402E-1,-3.378988499E-1,4.976017566E1,2.895997832E1,-2.154505390E0,-4.141390166E1
5.624763875E0,9.096191430E-1,2.280574876E-1,-1.049188421E-1,-3.310210532E-1,4.909445428E1,2.899526812E1,-2.286061524E0,-4.058526943E1
5.634808875E0,9.120885479E-1,2.285933585E-1,-1.038034100E-1,-3.241365130E-1,4.840882397E1,2.899272490E1,-2.359241360E0,-3.973828667E1
5.644852875E0,9.145893944E-1,2.290019669E-1,-1.020957092E-1,-3.172708546E-1,4.770503450E1,2.895256499E1,-2.375017553E0,-3.887655146E1
5.654896875E0,9.170994499E-1,2.293134901E-1,-9.985984527E-2,-3.104383025E-1,4.698868306E1,2.888211819E1,-2.337596453E0,-3.800399235E1
5.664941875E0,9.195941008E-1,2.296013478E-1,-9.714546705E-2,-3.036323662E-1,4.626637159E1,2.879283361E1,-2.248863525E0,-3.712179554E1
5.674985875E0,9.220535802E-1,2.299299351E-1,-9.399304083E-2,-2.968412024E-1,4.554365574E1,2.869475334E1,-2.110559526E0,-3.623024502E1
5.685030875E0,9.244666769E-1,2.303364942E-1,-9.043636312E-2,-2.900480365E-1,4.482385730E1,2.859457565E1,-1.925128688E0,-3.532877638E1
5.695074875E0,9.268405139E-1,2.307986186E-1,-8.656934235E-2,-2.832039363E-1,4.410490853E1,2.849432283E1,-1.704559828E0,-3.441479324E1
5.705119917E0,9.291786946E-1,2.312827858E-1,-8.250178688E-2,-2.762763852E-1,4.338570335E1,2.839500824E1,-1.462453729E0,-3.348801072E1
5.715163917E0,9.314807554E-1,2.317341785E-1,-7.837070030E-2,-2.692599465E-1,4.266634647E1,2.829573405E1,-1.215227637E0,-3.255196267E1
5.725207917E0,9.337329144E-1,2.321064985E-1,-7.432365981E-2,-2.621936058E-1,4.195121347E1,2.819632768E1,-9.788437579E-1,-3.161548651E1
5.735252917E0,9.359114007E-1,2.323523147E-1,-7.051061862E-2,-2.551677262E-1,4.124821920E1,2.809589930E1,-7.681164792E-1,-3.069322520E1
5.745296917E0,9.379924225E-1,2.324797299E-1,-6.706580391E-2,-2.482452960E-1,4.056580455E1,2.799868668E1,-5.953386719E-1,-2.979604811E1
5.755341917E0,9.399531149E-1,2.325363384E-1,-6.404075073E-2,-2.414823073E-1,3.991263166E1,2.791046507E1,-4.631717052E-1,-2.893149255E1
5.765385917E0,9.417746596E-1,2.325731115E-1,-6.143238765E-2,-2.349389669E-1,3.929648919E1,2.783573786E1,-3.684120412E-1,-2.810597774E1
5.775430917E0,9.434503761E-1,2.326032834E-1,-5.924659413E-2,-2.286632590E-1,3.872136337E1,2.777503652E1,-3.103609150E-1,-2.732475972E1
5.785474917E0,9.449714137E-1,2.326528902E-1,-5.748778507E-2,-2.227033996E-1,3.819211917E1,2.773041493E1,-2.878235727E-1,-2.659312157E1
5.795519917E0,9.463530296E-1,2.327538214E-1,-5.609077509E-2,-2.170148816E-1,3.770519214E1,2.770282994E1,-2.945740193E-1,-2.590382483E1
5.805563917E0,9.476243471E-1,2.328993861E-1,-5.496205088E-2,-2.115307337E-1,3.725172236E1,2.768834672E1,-3.229206729E-1,-2.524636591E1
5.815607917E0,9.488179880E-1,2.330430647E-1,-5.397046197E-2,-2.062099891E-1,3.682105877E1,2.767777915E1,-3.612336403E-1,-2.461221688E1
5.825652917E0,9.499686813E-1,2.330995625E-1,-5.298350922E-2,-2.010393294E-1,3.640123648E1,2.765776691E1,-3.976925848E-1,-2.399599573E1
5.835696917E0,9.511139376E-1,2.329864826E-1,-5.192326310E-2,-1.959683471E-1,3.597870059E1,2.761686634E1,-4.270824954E-1,-2.338966354E1
5.845741917E0,9.522761369E-1,2.326575264E-1,-5.076140093E-2,-1.909551059E-1,3.554495095E1,2.754911956E1,-4.482556053E-1,-2.278758839E1
5.855785917E0,9.534408230E-1,2.321399210E-1,-4.947737612E-2,-1.860476111E-1,3.510507272E1,2.745735508E1,-4.566146629E-1,-2.219463671E1
5.865830917E0,9.545707800E-1,2.315089616E-1,-4.811441025E-2,-1.813376165E-1,3.467314790E1,2.735146773E1,-4.523350348E-1,-2.162242902E1
5.875874917E0,9.556265164E-1,2.308634299E-1,-4.673242563E-2,-1.769074348E-1,3.426482713E1,2.724435948E1,-4.374332246E-1,-2.108195537E1
5.885918917E0,9.565878438E-1,2.302767774E-1,-4.538194577E-2,-1.727800361E-1,3.388887086E1,2.714565435E1,-4.153507990E-1,-2.057716834E1
5.895963917E0,9.574440571E-1,2.297876737E-1,-4.406710108E-2,-1.689875362E-1,3.355058096E1,2.705988559E1,-3.850914086E-1,-2.011174188E1
5.906007917E0,9.582128577E-1,2.293934848E-1,-4.282624517E-2,-1.654474117E-1,3.324397983E1,2.698744073E1,-3.534141206E-1,-1.967729809E1
5.916052917E0,9.589300285E-1,2.290498405E-1,-4.171738266E-2,-1.620153938E-1,3.295547066E1,2.692416842E1,-3.316814868E-1,-1.925900979E1
5.926096917E0,9.596185394E-1,2.287294928E-1,-4.066593469E-2,-1.586234997E-1,3.267616142E1,2.686527006E1,-3.142015703E-1,-1.884711069E1
5.936141917E0,9.602845439E-1,2.284054678E-1,-3.966745478E-2,-1.552775457E-1,3.240375463E1,2.680745185E1,-3.008962709E-1,-1.844209832E1
5.946185917E0,9.609176739E-1,2.281011149E-1,-3.880322311E-2,-1.519912717E-1,3.214271147E1,2.675487761E1,-2.999246504E-1,-1.804769387E1
5.956230917E0,9.615061282E-1,2.278202167E-1,-3.818854294E-2,-1.488137364E-1,3.189822381E1,2.670995140E1,-3.226617851E-1,-1.767249496E1
5.966274917E0,9.620351554E-1,2.275798848E-1,-3.793390222E-2,-1.457969493E-1,3.167685796E1,2.667639164E1,-3.796783701E-1,-1.732528016E1
5.976318917E0,9.624976328E-1,2.273894443E-1,-3.805821435E-2,-1.429817506E-1,3.148209696E1,2.665531294E1,-4.719392601E-1,-1.701111354E1
5.986363917E0,9.629032962E-1,2.272232909E-1,-3.851528638E-2,-1.403691096E-1,3.131028978E1,2.664267782E1,-5.948973198E-1,-1.672882832E1
5.996407917E0,9.632678664E-1,2.270523222E-1,-3.920957142E-2,-1.379304929E-1,3.115509842E1,2.663326396E1,-7.393516767E-1,-1.647260569E1
6.006452917E0,9.636153672E-1,2.268479732E-1,-3.999727494E-2,-1.355937452E-1,3.100646820E1,2.662116984E1,-8.918817823E-1,-1.623041892E1
6.016496917E0,9.639688950E-1,2.265770743E-1,-4.074051354E-2,-1.332924430E-1,3.085454357E1,2.660012363E1,-1.039583083E0,-1.599101547E1
6.026541917E0,9.643414731E-1,2.261731600E-1,-4.143713773E-2,-1.310501464E-1,3.069363826E1,2.656240305E1,-1.182614396E0,-1.575687672E1
6.036585917E0,9.647306571E-1,2.255597548E-1,-4.221114353E-2,-1.289795560E-1,3.052467754E1,2.650131114E1,-1.332795642E0,-1.554385254E1
6.046630917E0,9.651318530E-1,2.246557681E-1,-4.321272124E-2,-1.272117907E-1,3.034954090E1,2.641006609E1,-1.504428998E0,-1.537049690E1
6.056674917E0,9.655341025E-1,2.234479342E-1,-4.449759952E-2,-1.258362862E-1,3.017294784E1,2.628824819E1,-1.701486859E0,-1.524815846E1
6.066718917E0,9.659288499E-1,2.219875301E-1,-4.594706652E-2,-1.248672458E-1,2.999866129E1,2.614010167E1,-1.909749845E0,-1.517514333E1
6.076763917E0,9.663055163E-1,2.203767092E-1,-4.736439128E-2,-1.242751247E-1,2.983143032E1,2.597449092E1,-2.106797016E0,-1.514294424E1
6.086807917E0,9.666565995E-1,2.187771783E-1,-4.841476977E-2,-1.239656826E-1,2.967472845E1,2.580474489E1,-2.255698067E0,-1.513242594E1
6.096852917E0,9.669615320E-1,2.173959155E-1,-4.884163832E-2,-1.238499895E-1,2.953796610E1,2.565060465E1,-2.327250005E0,-1.512748055E1
6.106896917E0,9.671978072E-1,2.164167968E-1,-4.851062224E-2,-1.238497366E-1,2.943156933E1,2.553108538E1,-2.305769522E0,-1.511650145E1
6.116941917E0,9.673550149E-1,2.159642555E-1,-4.735009823E-2,-1.238618749E-1,2.936056845E1,2.545932416E1,-2.184027179E0,-1.508654286E1
6.126985917E0,9.674315958E-1,2.160899480E-1,-4.532273999E-2,-1.238025743E-1,2.932592080E1,2.544076660E1,-1.959228109E0,-1.502735571E1
6.137030917E0,9.674283083E-1,2.167478392E-1,-4.258964330E-2,-1.236484011E-1,2.932740898E1,2.547306404E1,-1.650564784E0,-1.494023337E1
6.147074917E0,9.673392942E-1,2.178332575E-1,-3.946832146E-2,-1.234728173E-1,2.936767609E1,2.554968928E1,-1.293020208E0,-1.484117355E1
6.157118917E0,9.671680515E-1,2.191881944E-1,-3.632037334E-2,-1.233826652E-1,2.944498926E1,2.565827973E1,-9.263849005E-1,-1.475099955E1
6.167163917E0,9.669300483E-1,2.205922218E-1,-3.355531881E-2,-1.235293784E-1,2.955211520E1,2.577944694E1,-5.954314365E-1,-1.469694201E1
6.177207917E0,9.666511204E-1,2.218600517E-1,-3.149405343E-2,-1.239833000E-1,2.967718019E1,2.589603539E1,-3.365367961E-1,-1.469515274E1
6.187252917E0,9.663528472E-1,2.228734305E-1,-3.035988173E-2,-1.247715725E-1,2.981035168E1,2.599717932E1,-1.753356446E-1,-1.475466848E1
6.197296917E0,9.660444587E-1,2.235907383E-1,-3.027517710E-2,-1.258917093E-1,2.994743077E1,2.607970424E1,-1.259301348E-1,-1.487867478E1
6.207341917E0,9.657245641E-1,2.240468936E-1,-3.119393625E-2,-1.273027858E-1,3.008897947E1,2.614724980E1,-1.836856323E-1,-1.506163648E1
6.217385917E0,9.653942171E-1,2.242719789E-1,-3.292509698E-2,-1.289653946E-1,3.023447369E1,2.620099100E1,-3.280056864E-1,-1.529432832E1
6.227429917E0,9.650547664E-1,2.242873414E-1,-3.527358260E-2,-1.308440483E-1,3.038326851E1,2.624109579E1,-5.379322272E-1,-1.556777178E1
6.237474917E0,9.647065491E-1,2.241459493E-1,-3.792890782E-2,-1.328953354E-1,3.053517032E1,2.626939392E1,-7.795118902E-1,-1.586898233E1
6.247518917E0,9.643544965E-1,2.239366059E-1,-4.041862752E-2,-1.350522004E-1,3.068799897E1,2.628863664E1,-1.000979978E0,-1.617793877E1
6.257563917E0,9.640211149E-1,2.237028911E-1,-4.232468714E-2,-1.372192227E-1,3.083204072E1,2.629638492E1,-1.158090185E0,-1.647271350E1
6.267607917E0,9.637364130E-1,2.234397894E-1,-4.341304521E-2,-1.392912882E-1,3.095453203E1,2.628713950E1,-1.228001739E0,-1.673506839E1
6.277652917E0,9.635230235E-1,2.231481859E-1,-4.369000269E-2,-1.411363508E-1,3.104603243E1,2.626022888E1,-1.214991091E0,-1.695020505E1
6.287696917E0,9.633892072E-1,2.228605547E-1,-4.330775184E-2,-1.426140615E-1,3.110327824E1,2.622151850E1,-1.139020222E0,-1.710639464E1
6.297741917E0,9.633240903E-1,2.226268926E-1,-4.249680433E-2,-1.436593455E-1,3.113109772E1,2.618076480E1,-1.026309578E0,-1.720253558E1
6.307785917E0,9.632976221E-1,2.225009788E-1,-4.157054304E-2,-1.443017477E-1,3.114239865E1,2.614997360E1,-9.096115899E-1,-1.725034962E1
6.317829917E0,9.632762537E-1,2.225046456E-1,-4.084924188E-2,-1.446443595E-1,3.115151925E1,2.613765980E1,-8.210838130E-1,-1.726992835E1
6.327874917E0,9.632169952E-1,2.226744658E-1,-4.058303184E-2,-1.448518905E-1,3.117679867E1,2.615275941E1,-7.833091168E-1,-1.728644475E1
6.337918917E0,9.630798072E-1,2.230361595E-1,-4.089381217E-2,-1.451202395E-1,3.123524593E1,2.620063275E1,-8.041089311E-1,-1.732525388E1
6.347963917E0,9.628473252E-1,2.235549240E-1,-4.171816238E-2,-1.456294578E-1,3.133404932E1,2.627631794E1,-8.723090800E-1,-1.740506422E1
6.358007917E0,9.625300437E-1,2.241504168E-1,-4.287599953E-2,-1.464728162E-1,3.146840385E1,2.636747192E1,-9.669115885E-1,-1.753168765E1
6.368052917E0,9.621701518E-1,2.247200104E-1,-4.412268223E-2,-1.475894126E-1,3.162012838E1,2.645781122E1,-1.064299772E0,-1.769170785E1
6.378096917E0,9.618170876E-1,2.251952267E-1,-4.530868401E-2,-1.488025254E-1,3.176828817E1,2.653650569E1,-1.153905918E0,-1.786109646E1
6.388141917E0,9.615158641E-1,2.255258055E-1,-4.636380929E-2,-1.499192061E-1,3.189416343E1,2.659613565E1,-1.234119140E0,-1.801606243E1
6.398185917E0,9.612889033E-1,2.256961209E-1,-4.723437352E-2,-1.508440344E-1,3.198868705E1,2.663364879E1,-1.301982819E0,-1.814428569E1
6.408229917E0,9.611373011E-1,2.257059516E-1,-4.789714325E-2,-1.515840067E-1,3.205167441E1,2.664845391E1,-1.354864174E0,-1.824584656E1
6.418274917E0,9.610463482E-1,2.255796797E-1,-4.835433119E-2,-1.522025538E-1,3.208940555E1,2.664341509E1,-1.390928648E0,-1.832795087E1
6.428318917E0,9.609945497E-1,2.253768427E-1,-4.861634234E-2,-1.527457002E-1,3.211087446E1,2.662564229E1,-1.409010438E0,-1.839613255E1
6.438363917E0,9.609626446E-1,2.251490601E-1,-4.869092119E-2,-1.532575737E-1,3.212409125E1,2.660129790E1,-1.407825360E0,-1.845565530E1
6.448407917E0,9.609271148E-1,2.249392214E-1,-4.860484679E-2,-1.538145443E-1,3.213880331E1,2.657595681E1,-1.387471696E0,-1.851594255E1
6.458452917E0,9.608669712E-1,2.247955692E-1,-4.839994462E-2,-1.544637322E-1,3.216369243E1,2.655607792E1,-1.350374036E0,-1.858353216E1
6.468496917E0,9.607733631E-1,2.247772511E-1,-4.809605003E-2,-1.551662780E-1,3.220239290E1,2.654884294E1,-1.298611654E0,-1.865465214E1
6.478540917E0,9.606542982E-1,2.249141072E-1,-4.765632670E-2,-1.558390682E-1,3.225155261E1,2.655686638E1,-1.229759271E0,-1.871893593E1
6.488585917E0,9.605329574E-1,2.252032767E-1,-4.702492476E-2,-1.563602140E-1,3.230157709E1,2.657857550E1,-1.140967019E0,-1.876106801E1
6.498629917E0,9.604424260E-1,2.255775302E-1,-4.620865621E-2,-1.566200071E-1,3.233885090E1,2.660622574E1,-1.037201871E0,-1.876872923E1
6.508674917E0,9.604032294E-1,2.259597178E-1,-4.525925630E-2,-1.565866268E-1,3.235497604E1,2.663194065E1,-9.264977640E-1,-1.873963427E1
6.518718917E0,9.604162528E-1,2.263270592E-1,-4.422650046E-2,-1.562709891E-1,3.234961920E1,2.665417506E1,-8.144865297E-1,-1.867635460E1
6.528763917E0,9.604753848E-1,2.266813456E-1,-4.310796524E-2,-1.557057577E-1,3.232528585E1,2.667322878E1,-7.000055480E-1,-1.858253666E1
6.538807917E0,9.605652841E-1,2.270419541E-1,-4.188853048E-2,-1.549567661E-1,3.228825734E1,2.669121523E1,-5.792680465E-1,-1.846524018E1
6.548852917E0,9.606602831E-1,2.274489451E-1,-4.061927813E-2,-1.541068327E-1,3.224908332E1,2.671391296E1,-4.549207438E-1,-1.833522922E1
6.558896917E0,9.607254421E-1,2.279821449E-1,-3.935607386E-2,-1.532375961E-1,3.222218738E1,2.675174261E1,-3.294463165E-1,-1.820324041E1
6.568940917E0,9.607216910E-1,2.287350140E-1,-3.818533978E-2,-1.524335607E-1,3.222373631E1,2.681722227E1,-2.083957019E-1,-1.808111743E1
6.578985917E0,9.606307803E-1,2.297363494E-1,-3.714860106E-2,-1.517556286E-1,3.226125412E1,2.691442673E1,-9.422931216E-2,-1.797677406E1
6.589029917E0,9.604565874E-1,2.309383143E-1,-3.627150407E-2,-1.512453567E-1,3.233302312E1,2.703818696E1,1.044418529E-2,-1.789551701E1
6.599074917E0,9.602242318E-1,2.322464576E-1,-3.550718151E-2,-1.508981088E-1,3.242851497E1,2.717656566E1,1.089417058E-1,-1.783551513E1
6.609118917E0,9.599689905E-1,2.335927755E-1,-3.469937394E-2,-1.506317408E-1,3.253309783E1,2.731876270E1,2.149929974E-1,-1.778324112E1
6.619163917E0,9.597271518E-1,2.349388932E-1,-3.361515680E-2,-1.503249117E-1,3.263188814E1,2.745613993E1,3.501698832E-1,-1.771861136E1
6.629207917E0,9.595303682E-1,2.362552868E-1,-3.205266776E-2,-1.498588097E-1,3.271205945E1,2.758183210E1,5.327928777E-1,-1.762263738E1
6.639252917E0,9.594051921E-1,2.375032971E-1,-2.994972968E-2,-1.491203969E-1,3.276295796E1,2.769064845E1,7.657992030E-1,-1.748084364E1
6.649296917E0,9.593724861E-1,2.385449354E-1,-2.755431354E-2,-1.481266585E-1,3.277624403E1,2.777131853E1,1.019920332E0,-1.730212503E1
6.659340917E0,9.594365493E-1,2.391324730E-1,-2.553951506E-2,-1.471223834E-1,3.275021485E1,2.780644406E1,1.223724068E0,-1.713301511E1
6.669385917E0,9.595916497E-1,2.390621510E-1,-2.449534796E-2,-1.464004079E-1,3.268711336E1,2.778140327E1,1.317147171E0,-1.702316942E1
6.679429917E0,9.598121620E-1,2.383541577E-1,-2.448309376E-2,-1.461108591E-1,3.259719495E1,2.769884681E1,1.298085003E0,-1.699116560E1
6.689474917E0,9.600504182E-1,2.372829323E-1,-2.507803868E-2,-1.461884514E-1,3.249976912E1,2.758368680E1,1.216118932E0,-1.701749361E1
6.699518625E0,9.602668422E-1,2.361507731E-1,-2.575416896E-2,-1.464821728E-1,3.241102373E1,2.746264866E1,1.130061071E0,-1.707029627E1
6.709563625E0,9.604424682E-1,2.351940396E-1,-2.620050408E-2,-1.467913199E-1,3.233883356E1,2.735828203E1,1.072681677E0,-1.711827817E1
6.719607625E0,9.605617859E-1,2.346358784E-1,-2.627353403E-2,-1.468901543E-1,3.228969898E1,2.729430824E1,1.057550787E0,-1.713197893E1
6.729652625E0,9.606123621E-1,2.346413891E-1,-2.596481891E-2,-1.466049887E-1,3.226884991E1,2.728997160E1,1.083811115E0,-1.709150150E1
6.739696625E0,9.605973157E-1,2.352679336E-1,-2.535155065E-2,-1.458048308E-1,3.227505388E1,2.735350950E1,1.140326581E0,-1.698408871E1
6.749740625E0,9.605389844E-1,2.364499841E-1,-2.457870389E-2,-1.444025208E-1,3.229909415E1,2.748005127E1,1.207330956E0,-1.680383968E1
6.759785625E0,9.604466828E-1,2.381071771E-1,-2.379129539E-2,-1.424117566E-1,3.233709920E1,2.766288396E1,1.267370324E0,-1.655629411E1
6.769829625E0,9.603086941E-1,2.401744063E-1,-2.307733831E-2,-1.399674080E-1,3.239383495E1,2.789586925E1,1.312786437E0,-1.625916022E1
6.779874625E0,9.601121212E-1,2.425360101E-1,-2.247136146E-2,-1.373175513E-1,3.247449166E1,2.816581417E1,1.344216350E0,-1.594153314E1
6.789918625E0,9.598579757E-1,2.449984292E-1,-2.205578300E-2,-1.347667397E-1,3.257848322E1,2.845092830E1,1.357718511E0,-1.564027632E1
6.799963625E0,9.595714614E-1,2.473361674E-1,-2.193756109E-2,-1.325376772E-1,3.269533355E1,2.872595871E1,1.344362960E0,-1.538380921E1
6.810007625E0,9.592924493E-1,2.493474150E-1,-2.217330949E-2,-1.307375853E-1,3.280873516E1,2.896768606E1,1.298249025E0,-1.518616276E1
6.820052625E0,9.590621589E-1,2.508936354E-1,-2.274947798E-2,-1.293625022E-1,3.290204794E1,2.915942309E1,1.219124443E0,-1.504677534E1
6.830096625E0,9.589111467E-1,2.519144004E-1,-2.363509917E-2,-1.283355100E-1,3.296309804E1,2.929359253E1,1.107665512E0,-1.495622420E1
6.840140625E0,9.588410144E-1,2.524694639E-1,-2.478491788E-2,-1.275494713E-1,3.299141329E1,2.937664626E1,9.669179984E-1,-1.490106850E1
6.850185625E0,9.588328379E-1,2.526969093E-1,-2.605897497E-2,-1.269047088E-1,3.299471293E1,2.942287126E1,8.115905469E-1,-1.486583983E1
6.860229625E0,9.588693792E-1,2.526953815E-1,-2.739872845E-2,-1.263479911E-1,3.297996411E1,2.944308380E1,6.481152680E-1,-1.484268077E1
6.870274625E0,9.589322623E-1,2.525671497E-1,-2.877303181E-2,-1.258212397E-1,3.295456820E1,2.944891300E1,4.797916882E-1,-1.482403493E1
6.880318625E0,9.590078316E-1,2.523995317E-1,-3.005678267E-2,-1.252796106E-1,3.292402366E1,2.944875678E1,3.203796233E-1,-1.480113354E1
6.890363625E0,9.590860140E-1,2.522631234E-1,-3.110885230E-2,-1.246982791E-1,3.289239389E1,2.944876570E1,1.857202652E-1,-1.476702704E1
6.900407625E0,9.591536175E-1,2.522182687E-1,-3.180675143E-2,-1.240917017E-1,3.286502008E1,2.945413215E1,9.059995748E-2,-1.471971825E1
6.910452625E0,9.592095464E-1,2.522836490E-1,-3.197903721E-2,-1.234801087E-1,3.284235678E1,2.946445680E1,5.470769501E-2,-1.465642809E1
6.920496625E0,9.592582260E-1,2.524524682E-1,-3.156370109E-2,-1.228618566E-1,3.282261860E1,2.947809058E1,8.468766550E-2,-1.457513889E1
6.930540625E0,9.593106145E-1,2.526900499E-1,-3.058184811E-2,-1.222112357E-1,3.280136367E1,2.949145397E1,1.769378708E-1,-1.447359017E1
6.940585625E0,9.593823906E-1,2.529539840E-1,-2.909898500E-2,-1.214619069E-1,3.277222110E1,2.950080519E1,3.216853450E-1,-1.434630953E1
6.950629625E0,9.594846810E-1,2.531916607E-1,-2.729251839E-2,-1.205749265E-1,3.273064547E1,2.950287220E1,4.975413239E-1,-1.419420367E1
6.960674625E0,9.596163899E-1,2.533743778E-1,-2.538970408E-2,-1.195540877E-1,3.267703702E1,2.949778412E1,6.792649864E-1,-1.402441599E1
6.970718625E0,9.597658848E-1,2.535302158E-1,-2.355165895E-2,-1.183941642E-1,3.261608543E1,2.949121877E1,8.494317901E-1,-1.384108488E1
6.980763625E0,9.599147053E-1,2.537115526E-1,-2.192575997E-2,-1.171040914E-1,3.255529853E1,2.949134032E1,9.928481976E-1,-1.364945319E1
6.990807625E0,9.600459506E-1,2.539558252E-1,-2.067285007E-2,-1.157193145E-1,3.250159858E1,2.950455018E1,1.093350960E0,-1.345809164E1
7.000852625E0,9.601479460E-1,2.542931053E-1,-1.986811922E-2,-1.142638995E-1,3.245980675E1,2.953509831E1,1.143721255E0,-1.327180928E1
7.010896625E0,9.602261705E-1,2.546961346E-1,-1.950144164E-2,-1.127616173E-1,3.242771933E1,2.957934886E1,1.145321896E0,-1.309300835E1
7.020940625E0,9.602858083E-1,2.551341141E-1,-1.956789668E-2,-1.112427713E-1,3.240323535E1,2.963334953E1,1.099121060E0,-1.292501909E1
7.030985625E0,9.603295568E-1,2.555835048E-1,-2.001267237E-2,-1.097435236E-1,3.238526321E1,2.969339720E1,1.011881582E0,-1.277037056E1
7.041029625E0,9.603638643E-1,2.560036457E-1,-2.075462549E-2,-1.083171899E-1,3.237116266E1,2.975351860E1,8.935757283E-1,-1.263274480E1
7.051074625E0,9.603877194E-1,2.563824300E-1,-2.171653248E-2,-1.070133350E-1,3.236135458E1,2.981123068E1,7.540396989E-1,-1.251544758E1
7.061118625E0,9.604013328E-1,2.567309528E-1,-2.273807726E-2,-1.058364686E-1,3.235575609E1,2.986584486E1,6.112220806E-1,-1.241425659E1
7.071163625E0,9.603999420E-1,2.570985892E-1,-2.363286539E-2,-1.047562027E-1,3.235632811E1,2.992091865E1,4.853777633E-1,-1.232022779E1
7.081207625E0,9.603816081E-1,2.575288664E-1,-2.424679746E-2,-1.037214554E-1,3.236386752E1,2.997972580E1,3.924895303E-1,-1.222304016E1
7.091252625E0,9.603471741E-1,2.580476941E-1,-2.451617904E-2,-1.026820720E-1,3.237802314E1,3.004461644E1,3.383712047E-1,-1.211515727E1
7.101296625E0,9.603032150E-1,2.586460424E-1,-2.450379840E-2,-1.015857060E-1,3.239608575E1,3.011540089E1,3.144023636E-1,-1.199257375E1
7.111340625E0,9.602566006E-1,2.593076109E-1,-2.428481391E-2,-1.003846894E-1,3.241522869E1,3.019116882E1,3.106433257E-1,-1.185219054E1
7.121385625E0,9.602172354E-1,2.599907270E-1,-2.394005269E-2,-9.906819047E-2,3.243138605E1,3.026806298E1,3.173239442E-1,-1.169521176E1
7.131429625E0,9.601864682E-1,2.606611991E-1,-2.362793421E-2,-9.767009521E-2,3.244400894E1,3.034396288E1,3.176014644E-1,-1.153016696E1
7.141474625E0,9.601632874E-1,2.613007143E-1,-2.342086674E-2,-9.622875729E-2,3.245351618E1,3.041751241E1,3.044467526E-1,-1.136352198E1
7.151518625E0,9.601369457E-1,2.619202624E-1,-2.340675808E-2,-9.480002127E-2,3.246431657E1,3.049094543E1,2.700191907E-1,-1.120415988E1
7.161563625E0,9.600882660E-1,2.625633496E-1,-2.369073301E-2,-9.343383118E-2,3.248426650E1,3.057050517E1,2.047875728E-1,-1.106084437E1
7.171607625E0,9.600024129E-1,2.632733554E-1,-2.427994595E-2,-9.215808822E-2,3.251942190E1,3.066131322E1,1.093161064E-1,-1.093696031E1
7.181651625E0,9.598750030E-1,2.640553059E-1,-2.510575023E-2,-9.101949111E-2,3.257152605E1,3.076315558E1,-7.357065838E-3,-1.083569760E1
7.191696625E0,9.597116840E-1,2.648834599E-1,-2.606930094E-2,-9.005959663E-2,3.263819683E1,3.087190689E1,-1.333520548E-1,-1.075872567E1
7.201740625E0,9.595206323E-1,2.657254274E-1,-2.706042623E-2,-8.931945583E-2,3.271602099E1,3.098256537E1,-2.556072566E-1,-1.070724455E1
7.211785625E0,9.593174423E-1,2.665274293E-1,-2.799763517E-2,-8.882182799E-2,3.279859253E1,3.108792780E1,-3.649956387E-1,-1.068122946E1
7.221829625E0,9.591159382E-1,2.672385625E-1,-2.883904431E-2,-8.859141116E-2,3.288027979E1,3.118156443E1,-4.566459718E-1,-1.068203826E1
7.231874625E0,9.589229900E-1,2.678607132E-1,-2.950053910E-2,-8.858348756E-2,3.295831410E1,3.126276448E1,-5.226260023E-1,-1.070202139E1
7.241918625E0,9.587471955E-1,2.684145650E-1,-2.986848109E-2,-8.868704236E-2,3.302925483E1,3.133262635E1,-5.536495496E-1,-1.072526368E1
7.251963625E0,9.585925165E-1,2.689605247E-1,-2.982132930E-2,-8.872042267E-2,3.309155223E1,3.139679388E1,-5.413628354E-1,-1.072779635E1
7.262007625E0,9.584543170E-1,2.696093544E-1,-2.920442588E-2,-8.844844905E-2,3.314711622E1,3.146654454E1,-4.749391871E-1,-1.067871304E1
7.272051625E0,9.583194050E-1,2.704163085E-1,-2.811652089E-2,-8.779799674E-2,3.320127129E1,3.154971977E1,-3.669931384E-1,-1.057294232E1
7.282096625E0,9.581821327E-1,2.712958710E-1,-2.693183620E-2,-8.695004430E-2,3.325628580E1,3.164066715E1,-2.539834243E-1,-1.044215369E1
7.292140625E0,9.580420365E-1,2.720903286E-1,-2.620681557E-2,-8.622857454E-2,3.331234098E1,3.172685370E1,-1.885343695E-1,-1.033967150E1
7.302185625E0,9.579094426E-1,2.726050048E-1,-2.645809508E-2,-8.599921139E-2,3.336531011E1,3.179060190E1,-2.177982464E-1,-1.032231681E1
7.312229625E0,9.578192483E-1,2.726159841E-1,-2.795110505E-2,-8.649612274E-2,3.340129461E1,3.180835586E1,-3.657650819E-1,-1.042444849E1
7.322274625E0,9.578055084E-1,2.720282990E-1,-3.044958076E-2,-8.764740605E-2,3.340677305E1,3.176711311E1,-6.098908740E-1,-1.063053014E1
7.332318625E0,9.578724798E-1,2.709984829E-1,-3.321295996E-2,-8.908962906E-2,3.338006159E1,3.167791385E1,-8.790234747E-1,-1.087672543E1
7.342363625E0,9.579971502E-1,2.698590428E-1,-3.542427866E-2,-9.034762820E-2,3.333028152E1,3.157034468E1,-1.095015766E0,-1.108469156E1
7.352407625E0,9.581323994E-1,2.689980565E-1,-3.655961993E-2,-9.102640319E-2,3.327619555E1,3.148285477E1,-1.208231884E0,-1.119465214E1
7.362451625E0,9.582281992E-1,2.687107836E-1,-3.636420606E-2,-9.094501763E-2,3.323783362E1,3.144634013E1,-1.192674949E0,-1.117913273E1
7.372496625E0,9.582568169E-1,2.690928447E-1,-3.483568738E-2,-9.010836054E-2,3.322636564E1,3.147222627E1,-1.046739798E0,-1.103881308E1
7.382540625E0,9.582135321E-1,2.700567642E-1,-3.217175368E-2,-8.866360872E-2,3.324370969E1,3.155377639E1,-7.887818151E-1,-1.079592714E1
7.392585625E0,9.581181116E-1,2.713380495E-1,-2.880915166E-2,-8.692210094E-2,3.328191325E1,3.166642851E1,-4.603532405E-1,-1.049811620E1
7.402629625E0,9.580026714E-1,2.726046677E-1,-2.536625990E-2,-8.528920558E-2,3.332807525E1,3.177871903E1,-1.204024944E-1,-1.020932317E1
7.412674625E0,9.579071666E-1,2.735452483E-1,-2.251160117E-2,-8.414340136E-2,3.336621860E1,3.186047408E1,1.665021743E-1,-9.992528211E0
7.422718625E0,9.578514906E-1,2.740050072E-1,-2.070261628E-2,-8.374490291E-2,3.338843532E1,3.189673453E1,3.571258589E-1,-9.891266400E0
7.432763625E0,9.578326510E-1,2.740016355E-1,-1.993448997E-2,-8.415730982E-2,3.339594976E1,3.188845755E1,4.543987011E-1,-9.912663077E0
7.442807625E0,9.578368235E-1,2.736339359E-1,-1.995848206E-2,-8.529253518E-2,3.339428563E1,3.184456875E1,4.838070764E-1,-1.003917675E1
7.452851625E0,9.578547360E-1,2.730144299E-1,-2.042813493E-2,-8.694936995E-2,3.338714072E1,3.177514594E1,4.779952268E-1,-1.023758213E1
7.462896625E0,9.578918252E-1,2.722417201E-1,-2.091249705E-2,-8.882827645E-2,3.337234182E1,3.168773915E1,4.756581578E-1,-1.046113527E1
7.472940625E0,9.579492292E-1,2.714050314E-1,-2.107784967E-2,-9.071021753E-2,3.334942459E1,3.158944352E1,5.073836301E-1,-1.067513095E1
7.482985625E0,9.580272009E-1,2.705757395E-1,-2.069232191E-2,-9.243672104E-2,3.331827166E1,3.148608003E1,5.944345409E-1,-1.085485097E1
7.493029625E0,9.581151613E-1,2.698374110E-1,-1.968309455E-2,-9.389200957E-2,3.328309378E1,3.138663368E1,7.422194526E-1,-1.098530206E1
7.503074625E0,9.582000029E-1,2.692536244E-1,-1.811471549E-2,-9.501155630E-2,3.324912895E1,3.129939868E1,9.425220377E-1,-1.106141064E1
7.513118625E0,9.582684073E-1,2.688651569E-1,-1.611082250E-2,-9.577968262E-2,3.322171993E1,3.123078024E1,1.181904059E0,-1.108525763E1
7.523163625E0,9.583049064E-1,2.687084128E-1,-1.384492363E-2,-9.620755742E-2,3.320708603E1,3.118728550E1,1.442186421E0,-1.106331492E1
7.533207625E0,9.582976572E-1,2.688042442E-1,-1.140315650E-2,-9.633222780E-2,3.320999303E1,3.117259928E1,1.715335894E0,-1.100215121E1
7.543251625E0,9.582508320E-1,2.691132122E-1,-8.851681124E-3,-9.620363777E-2,3.322876427E1,3.118298228E1,1.995160244E0,-1.090921501E1
7.553296625E0,9.581806997E-1,2.695539734E-1,-6.286676607E-3,-9.586966614E-2,3.325685963E1,3.120994206E1,2.271602354E0,-1.079276517E1
7.563340625E0,9.580985976E-1,2.700614741E-1,-3.843897951E-3,-9.539020359E-2,3.328972083E1,3.124712286E1,2.530819541E0,-1.066364557E1
7.573385625E0,9.580125338E-1,2.706015439E-1,-1.603076457E-3,-9.478598637E-2,3.332413394E1,3.129118083E1,2.764272015E0,-1.052662949E1
7.583429625E0,9.579358265E-1,2.711415820E-1,3.739163033E-4,-9.402683734E-2,3.335477668E1,3.133881543E1,2.963831209E0,-1.038033763E1
7.593474625E0,9.578774110E-1,2.716698295E-1,2.010752385E-3,-9.307162116E-2,3.337809397E1,3.138931021E1,3.119669874E0,-1.022259739E1
7.603518625E0,9.578312180E-1,2.722009746E-1,3.323236858E-3,-9.195026211E-2,3.339652126E1,3.144401044E1,3.234580766E0,-1.005623489E1
7.613563625E0,9.577829599E-1,2.727498952E-1,4.447398675E-3,-9.077128832E-2,3.341576186E1,3.150303578E1,3.327030190E0,-9.889106102E0
7.623607625E0,9.577271996E-1,2.732854130E-1,5.471377433E-3,-8.968722923E-2,3.343798018E1,3.156137855E1,3.411147865E0,-9.735547813E0
7.633652625E0,9.576711864E-1,2.737333076E-1,6.404656173E-3,-8.885369100E-2,3.346028483E1,3.160956348E1,3.492135801E0,-9.612797565E0
7.643696625E0,9.576273116E-1,2.740317810E-1,7.251986952E-3,-8.834038453E-2,3.347774588E1,3.163987464E1,3.572158627E0,-9.528687313E0
7.653740625E0,9.577250922E-1,2.741086147E-1,8.336888980E-3,-8.693487143E-2,3.343881959E1,3.164501944E1,3.648085405E0,-9.339133607E0
7.663785625E0,9.578683915E-1,2.738973642E-1,9.241265518E-3,-8.592427430E-2,3.338169277E1,3.161628798E1,3.713802124E0,-9.200030947E0
7.673829625E0,9.580802637E-1,2.733204792E-1,9.940650323E-3,-8.531917199E-2,3.329705463E1,3.154442598E1,3.766290214E0,-9.113652625E0
7.683874625E0,9.583749967E-1,2.723642937E-1,1.050697753E-2,-8.499788657E-2,3.317896663E1,3.142756652E1,3.809539423E0,-9.064390399E0
7.693918625E0,9.587400727E-1,2.711197078E-1,1.107833074E-2,-8.478689944E-2,3.303212608E1,3.127607174E1,3.854172362E0,-9.028456834E0
7.703963917E0,9.591381918E-1,2.697672891E-1,1.177669348E-2,-8.450375691E-2,3.287126818E1,3.111117589E1,3.909668830E0,-8.981232295E0
7.714007917E0,9.595101377E-1,2.685390984E-1,1.264406509E-2,-8.406673624E-2,3.272029069E1,3.096049757E1,3.980366110E0,-8.911493957E0
7.724052917E0,9.598187791E-1,2.675792987E-1,1.367325952E-2,-8.344005475E-2,3.259449298E1,3.084141980E1,4.065760283E0,-8.814908029E0
7.734096917E0,9.600505025E-1,2.669352422E-1,1.479123629E-2,-8.264280497E-2,3.249973461E1,3.076009836E1,4.158810816E0,-8.695548222E0
7.744140917E0,9.602114191E-1,2.665894062E-1,1.591817980E-2,-8.167410180E-2,3.243377266E1,3.071506663E1,4.250462298E0,-8.555696757E0
7.754185917E0,9.603270701E-1,2.664543888E-1,1.700061623E-2,-8.052897193E-2,3.238628501E1,3.069635833E1,4.333795717E0,-8.396700161E0
7.764229917E0,9.604122910E-1,2.664644514E-1,1.808873196E-2,-7.923177622E-2,3.235124888E1,3.069577150E1,4.414432881E0,-8.220003601E0
7.774274917E0,9.604741626E-1,2.665638652E-1,1.925429252E-2,-7.786099212E-2,3.232578900E1,3.070598301E1,4.502141403E0,-8.032402516E0
7.784318917E0,9.605431991E-1,2.666260951E-1,2.049121823E-2,-7.646803878E-2,3.229735772E1,3.071184594E1,4.596736553E0,-7.840363909E0
7.794363917E0,9.606669844E-1,2.664522604E-1,2.161051208E-2,-7.519979796E-2,3.224631818E1,3.069017520E1,4.680270862E0,-7.666829288E0
7.804407917E0,9.608866959E-1,2.658879246E-1,2.245622021E-2,-7.413639082E-2,3.215553185E1,3.062297429E1,4.736862986E0,-7.526170437E0
7.814452917E0,9.612034295E-1,2.649192425E-1,2.296227742E-2,-7.333867742E-2,3.202421436E1,3.050850230E1,4.761055224E0,-7.427208885E0
7.824496917E0,9.615961117E-1,2.636126375E-1,2.323436694E-2,-7.281104103E-2,3.186067691E1,3.035399294E1,4.765165011E0,-7.366922897E0
7.834540917E0,9.620319101E-1,2.620684613E-1,2.346343506E-2,-7.255419813E-2,3.167822052E1,3.017038031E1,4.771001055E0,-7.339215789E0
7.844585917E0,9.624715017E-1,2.604431418E-1,2.391738823E-2,-7.242860052E-2,3.149313270E1,2.997549758E1,4.805107536E0,-7.319979694E0
7.854629917E0,9.628577776E-1,2.589817315E-1,2.491876574E-2,-7.219658212E-2,3.132961363E1,2.979787168E1,4.897971386E0,-7.272315248E0
7.864674917E0,9.630882787E-1,2.580935077E-1,2.681927250E-2,-7.161954962E-2,3.123163984E1,2.968564099E1,5.084666640E0,-7.157567653E0
7.874718917E0,9.630624006E-1,2.581560536E-1,2.989327397E-2,-7.051715665E-2,3.124265420E1,2.968405504E1,5.393020509E0,-6.945540337E0
7.884763917E0,9.627373641E-1,2.592553067E-1,3.425932923E-2,-6.891759945E-2,3.138067644E1,2.980465929E1,5.837071267E0,-6.634443744E0
7.894807917E0,9.622045015E-1,2.609592722E-1,3.965065926E-2,-6.701201399E-2,3.160567776E1,2.999890963E1,6.389043704E0,-6.254256091E0
7.904852917E0,9.619748854E-1,2.614681848E-1,4.556096451E-2,-6.452113525E-2,3.170215331E1,3.005802924E1,6.972760562E0,-5.800061227E0
7.914896917E0,9.624855366E-1,2.595004854E-1,4.963012683E-2,-6.178968229E-2,3.148720591E1,2.983238965E1,7.331243035E0,-5.391080866E0
7.924940917E0,9.634091005E-1,2.562146434E-1,5.126554046E-2,-5.973953314E-2,3.109477450E1,2.945153781E1,7.434440261E0,-5.140043046E0
7.934985917E0,9.641836332E-1,2.534440254E-1,5.168546005E-2,-5.869146745E-2,3.076190486E1,2.912783370E1,7.435994011E0,-5.032319452E0
7.945029917E0,9.645768633E-1,2.521091715E-1,5.124669028E-2,-5.836314350E-2,3.059155461E1,2.897173554E1,7.370818639E0,-5.018350201E0
7.955074917E0,9.646326235E-1,2.520990774E-1,5.011852451E-2,-5.846408521E-2,3.056732382E1,2.897163161E1,7.248292824E0,-5.061680123E0
7.965118917E0,9.644881020E-1,2.528709231E-1,4.846901276E-2,-5.890591062E-2,3.063008746E1,2.906343884E1,7.081828862E0,-5.152122680E0
7.975163917E0,9.643379328E-1,2.536571199E-1,4.642787250E-2,-5.962278636E-2,3.069517110E1,2.915633832E1,6.880087253E0,-5.284587590E0
7.985207917E0,9.643819341E-1,2.537796408E-1,4.386646100E-2,-6.032495286E-2,3.067611481E1,2.917214412E1,6.616691394E0,-5.435127100E0