"Time (s)","X (rad/s)","Y (rad/s)","Z (rad/s)"
1.238799997E-2,-3.152740896E-1,-1.799408644E-1,-3.680770099E-2
2.243200003E-2,-2.430097312E-1,-1.105708480E-1,-2.780275419E-2
3.247700003E-2,-1.638604850E-1,-5.530423298E-2,-6.493300665E-3
4.252100002E-2,-9.714803845E-2,-2.262165397E-2,2.098412998E-2
5.256600003E-2,-6.139087677E-2,-2.544413507E-2,4.525238276E-2
6.261000002E-2,-6.585247070E-2,-5.914217979E-2,6.139913201E-2
7.265400002E-2,-1.055083722E-1,-1.019735634E-1,6.786434352E-2
8.269900002E-2,-1.597995758E-1,-1.466976106E-1,7.356643677E-2
9.274300002E-2,-2.178205699E-1,-1.867037863E-1,7.933644205E-2
1.027870000E-1,-2.525542974E-1,-2.246591598E-1,8.389604092E-2
1.128320000E-1,-2.606089711E-1,-2.405815721E-1,8.060340583E-2
1.228760000E-1,-2.517390549E-1,-2.472184300E-1,6.857603788E-2
1.329200000E-1,-2.341396064E-1,-2.438361943E-1,5.102381110E-2
1.429650000E-1,-2.146548480E-1,-2.266284376E-1,4.052030295E-2
1.530090000E-1,-1.982622296E-1,-1.904712766E-1,3.547768295E-2
1.630530000E-1,-1.845032722E-1,-1.499603242E-1,2.869274653E-2
1.730980000E-1,-1.819927245E-1,-1.233613417E-1,2.302849852E-2
1.831420000E-1,-1.911643893E-1,-1.157279238E-1,2.042472549E-2
1.931870000E-1,-2.117694169E-1,-1.298846304E-1,2.643310279E-2
2.032310000E-1,-2.418351769E-1,-1.621109992E-1,4.243683442E-2
2.132750000E-1,-2.746123672E-1,-2.165992111E-1,6.090507656E-2
2.233200000E-1,-3.089695275E-1,-2.868587375E-1,7.526031882E-2
2.333640000E-1,-3.282446861E-1,-3.651479483E-1,7.181844860E-2
2.434080000E-1,-3.222757578E-1,-4.100123346E-1,3.745594621E-2
2.534530000E-1,-3.058432341E-1,-4.291354418E-1,-2.364149503E-2
2.634970000E-1,-2.889702320E-1,-4.065391123E-1,-9.946777672E-2
2.735410000E-1,-2.857976556E-1,-3.774150312E-1,-1.888217032E-1
2.835860000E-1,-2.970202267E-1,-3.471053243E-1,-2.716755867E-1
2.936300000E-1,-3.134262264E-1,-3.274517953E-1,-3.371844590E-1
3.036740000E-1,-3.254013956E-1,-3.072264194E-1,-3.714263141E-1
3.137190000E-1,-3.144273460E-1,-2.513182163E-1,-3.717536330E-1
3.237630000E-1,-2.812816501E-1,-1.827167869E-1,-3.478514850E-1
3.338070000E-1,-2.233541310E-1,-1.207444221E-1,-3.087588847E-1
3.438520000E-1,-1.531393528E-1,-5.872978643E-2,-2.712378800E-1
3.538960000E-1,-8.489868790E-2,-1.550548151E-2,-2.416040003E-1
3.639400000E-1,-2.184355259E-2,6.001407281E-3,-2.196097523E-1
3.739850000E-1,2.364980616E-2,5.987424869E-3,-2.169522494E-1
3.840290000E-1,4.275745153E-2,-3.777789697E-2,-2.334041893E-1
3.940740000E-1,2.147733048E-2,-1.176850796E-1,-2.600698471E-1
4.041180000E-1,-2.871526591E-2,-2.016268522E-1,-2.787641585E-1
4.141622500E-1,-1.071553230E-1,-2.935346663E-1,-2.977868915E-1
4.242072500E-1,-1.958183348E-1,-3.834989071E-1,-3.124276400E-1
4.342512500E-1,-2.817651927E-1,-4.425483644E-1,-3.315027654E-1
4.442952500E-1,-3.422855139E-1,-4.591395855E-1,-3.425719142E-1
4.543402500E-1,-3.693750799E-1,-4.351699054E-1,-3.536534905E-1
4.643842500E-1,-3.570020497E-1,-3.607891500E-1,-3.528417349E-1
4.744282500E-1,-3.035893738E-1,-2.440185845E-1,-3.417172730E-1
4.844732500E-1,-2.286477834E-1,-1.178020611E-1,-3.132033348E-1
4.945172500E-1,-1.447485834E-1,-1.451815479E-3,-2.629009187E-1
5.045612500E-1,-7.025757432E-2,8.677711338E-2,-1.944337040E-1
5.146062500E-1,-1.246233657E-2,1.392123848E-1,-1.217503622E-1
5.246502500E-1,2.876179852E-2,1.586476117E-1,-6.110326201E-2
5.346942500E-1,6.391353905E-2,1.461357772E-1,-2.838321403E-2
5.447392500E-1,8.817413449E-2,9.994751215E-2,-1.241783053E-2
5.547832500E-1,9.884019196E-2,4.467107356E-2,-8.539388888E-3
5.648272500E-1,9.513786435E-2,-1.033465471E-2,-8.933536708E-3
5.748722500E-1,8.645200729E-2,-5.789521709E-2,-7.003037259E-3
5.849162500E-1,7.864015549E-2,-9.762851894E-2,1.006782986E-4
5.949612500E-1,6.906536222E-2,-1.421580315E-1,3.390088212E-3
6.050052500E-1,5.030046403E-2,-1.750816256E-1,-5.021221004E-4
6.150492500E-1,3.278230876E-2,-1.881398708E-1,-6.826779339E-3
6.250942500E-1,1.551437285E-2,-1.906405836E-1,-2.418712713E-2
6.351382500E-1,3.201936139E-3,-1.746998578E-1,-4.774503410E-2
6.451822500E-1,-4.547595978E-3,-1.383541077E-1,-8.457522094E-2
6.552272500E-1,-8.812989108E-3,-9.423814714E-2,-1.174828783E-1
6.652712500E-1,-2.179536782E-2,-6.203120574E-2,-1.443286091E-1
6.753152500E-1,-4.076610133E-2,-4.151218385E-2,-1.590396315E-1
6.853602500E-1,-6.660781801E-2,-2.966830321E-2,-1.548992246E-1
6.954042500E-1,-7.937722653E-2,-1.493886486E-2,-1.302130669E-1
7.054482500E-1,-7.922729105E-2,3.241471248E-3,-8.940305561E-2
7.154932500E-1,-6.066470593E-2,4.286608100E-2,-3.715287894E-2
7.255372500E-1,-2.575519308E-2,9.637298435E-2,6.369296461E-3
7.355812500E-1,1.570038311E-2,1.397938281E-1,3.400036320E-2
7.456262500E-1,5.031269044E-2,1.524451673E-1,4.629937187E-2
7.556702500E-1,8.354046196E-2,1.585104913E-1,5.357845873E-2
7.657142500E-1,1.056862473E-1,1.529082656E-1,5.692046136E-2
7.757592500E-1,1.247074381E-1,1.445959955E-1,5.763476714E-2
7.858032500E-1,1.373955458E-1,1.501100808E-1,5.279687047E-2
7.958482500E-1,1.404956877E-1,1.662399769E-1,4.293298349E-2
8.058922500E-1,1.355544478E-1,1.850051433E-1,2.927043289E-2
8.159362500E-1,1.147682369E-1,1.786307245E-1,8.958471939E-3
8.259812500E-1,7.338777184E-2,1.156187430E-1,-1.846516319E-2
8.360252500E-1,2.785740606E-2,2.747524157E-2,-4.336364195E-2
8.460692500E-1,-1.210119482E-2,-5.968895182E-2,-6.555390358E-2
8.561142500E-1,-3.537935391E-2,-1.372665614E-1,-8.742511272E-2
8.661582500E-1,-4.149850085E-2,-1.840095669E-1,-1.079367772E-1
8.762022500E-1,-3.186382726E-2,-1.993093342E-1,-1.302206218E-1
8.862472500E-1,-1.686197147E-2,-1.876433641E-1,-1.423297375E-1
8.962912500E-1,1.829673070E-3,-1.707237959E-1,-1.438935995E-1
9.063352500E-1,1.344531588E-2,-1.462341696E-1,-1.430728137E-1
9.163802500E-1,1.952174120E-2,-1.174026877E-1,-1.451704204E-1
9.264242500E-1,1.767057739E-2,-9.226271510E-2,-1.579349488E-1
9.364682500E-1,1.388176251E-2,-5.795670301E-2,-1.773410738E-1
9.465132500E-1,2.429898269E-2,1.700062864E-2,-1.892057210E-1
9.565572500E-1,4.546724260E-2,1.345967948E-1,-1.871257126E-1
9.666012500E-1,7.698149234E-2,2.780815363E-1,-1.619457901E-1
9.766462500E-1,1.141809672E-1,4.209977984E-1,-1.101931855E-1
9.866902500E-1,1.529344916E-1,5.383539796E-1,-3.881222010E-2
9.967342500E-1,1.829673350E-1,5.867223144E-1,4.550434276E-2
1.006779250E0,2.069467008E-1,5.694027543E-1,1.377362609E-1
1.016823250E0,2.241239548E-1,4.802612066E-1,2.294408083E-1
1.026867250E0,2.332175821E-1,3.397227526E-1,3.020707965E-1
1.036912250E0,2.379567921E-1,1.793038100E-1,3.540171683E-1
1.046956250E0,2.436748743E-1,3.535330668E-2,3.807624876E-1
1.057000250E0,2.491028309E-1,-7.723489404E-2,3.913428783E-1
1.067045250E0,2.445445657E-1,-1.561781764E-1,3.891649544E-1
1.077089250E0,2.304355502E-1,-2.100409865E-1,3.795579076E-1
1.087134250E0,1.959601343E-1,-2.468621135E-1,3.661108017E-1
1.097178250E0,1.427906752E-1,-2.600695491E-1,3.510816693E-1
1.107222250E0,8.822650462E-2,-2.449627668E-1,3.395919800E-1
1.117267250E0,3.753600642E-2,-1.943066120E-1,3.258959949E-1
1.127311250E0,3.810266033E-3,-1.189412922E-1,2.998582721E-1
1.137355250E0,-1.130984817E-2,-1.940914430E-2,2.559491098E-1
1.147400250E0,-9.701253148E-4,8.566774428E-2,2.086231411E-1
1.157444250E0,2.614323422E-2,1.807787716E-1,1.671704650E-1
1.167488250E0,5.567875504E-2,2.519320548E-1,1.378045976E-1
1.177533250E0,7.366776466E-2,2.751221955E-1,1.210042909E-1
1.187577250E0,7.282140851E-2,2.414241433E-1,1.111796275E-1
1.197621250E0,5.512734130E-2,1.753301471E-1,1.229150146E-1
1.207666250E0,2.571139671E-2,8.011761308E-2,1.478557736E-1
1.217710250E0,-3.803762374E-3,-1.756310835E-2,1.797560006E-1
1.227754250E0,-2.614581957E-2,-9.216730297E-2,2.160375714E-1
1.237799250E0,-3.760317340E-2,-1.436001062E-1,2.467125505E-1
1.247843250E0,-4.223973677E-2,-1.802614480E-1,2.640284300E-1
1.257887250E0,-4.018246382E-2,-1.897255480E-1,2.682843804E-1
1.267932250E0,-3.938245028E-2,-1.798361689E-1,2.546061277E-1
1.277976250E0,-4.197484627E-2,-1.667859852E-1,2.295047194E-1
1.288020250E0,-5.051001161E-2,-1.614482105E-1,2.006770670E-1
1.298065250E0,-6.359316409E-2,-1.454795301E-1,1.798723340E-1
1.308109250E0,-8.026055992E-2,-1.337395161E-1,1.759913117E-1
1.318153250E0,-1.003972068E-1,-1.126452163E-1,1.920989454E-1
1.328198250E0,-1.131686643E-1,-7.085596025E-2,2.318458259E-1
1.338242250E0,-1.058267355E-1,-2.690124884E-2,2.804203629E-1
1.348286250E0,-8.462451398E-2,2.519224072E-3,3.167349696E-1
1.358331250E0,-6.357222795E-2,1.134583354E-2,3.296693563E-1
1.368375250E0,-5.087587237E-2,-1.014454477E-2,3.171937764E-1
1.378419250E0,-4.684184119E-2,-4.810687155E-2,2.751671374E-1
1.388464250E0,-5.513146147E-2,-7.237891853E-2,2.074330896E-1
1.398508250E0,-7.708870620E-2,-7.985614240E-2,1.239150763E-1
1.408553250E0,-1.209608242E-1,-9.798880666E-2,3.182295710E-2
1.418597250E0,-1.947481334E-1,-1.312185377E-1,-5.465380102E-2
1.428641250E0,-2.781418264E-1,-1.748871803E-1,-1.134843528E-1
1.438686250E0,-3.602985442E-1,-2.303802371E-1,-1.425112933E-1
1.448730250E0,-4.233193398E-1,-2.769445479E-1,-1.502134204E-1
1.458774250E0,-4.491270483E-1,-3.123832941E-1,-1.380951554E-1
1.468819250E0,-4.350738227E-1,-3.253957629E-1,-1.086658910E-1
1.478863250E0,-3.851158619E-1,-3.121323884E-1,-7.561622560E-2
1.488907250E0,-3.253539801E-1,-3.096806705E-1,-4.860511795E-2
1.498952250E0,-2.771925032E-1,-3.417333066E-1,-3.836411983E-2
1.508996250E0,-2.646473944E-1,-4.370568693E-1,-4.250986502E-2
1.519040250E0,-3.016127050E-1,-5.736252069E-1,-6.218564138E-2
1.529085250E0,-3.789450526E-1,-6.974313259E-1,-8.524382114E-2
1.539129250E0,-4.610817730E-1,-7.592263222E-1,-9.386934340E-2
1.549173250E0,-5.092327595E-1,-7.230323553E-1,-8.627693355E-2
1.559218250E0,-5.082922578E-1,-5.795540810E-1,-7.378492504E-2
1.569262250E0,-4.544580579E-1,-3.582491279E-1,-4.682548344E-2
1.579306250E0,-3.535534143E-1,-1.110346988E-1,-7.689110935E-3
1.589351250E0,-2.290226668E-1,9.797976911E-2,4.343133047E-2
1.599395250E0,-1.017082781E-1,2.116180956E-1,9.671757370E-2
1.609439250E0,-2.621377818E-3,2.206352800E-1,1.428922564E-1
1.619484250E0,6.410948187E-2,1.580261141E-1,1.668476462E-1
1.629528250E0,9.994417429E-2,5.507950485E-2,1.638750434E-1
1.639572250E0,1.152586043E-1,-6.126734614E-2,1.299838126E-1
1.649617250E0,1.100694314E-1,-1.679495871E-1,6.565807760E-2
1.659661250E0,8.858814090E-2,-2.344131321E-1,-1.250942238E-2
1.669705250E0,4.468193650E-2,-2.630008161E-1,-8.944308758E-2
1.679750250E0,-1.443690248E-2,-2.601470351E-1,-1.481648088E-1
1.689794250E0,-8.983924985E-2,-2.391514629E-1,-1.876453608E-1
1.699838250E0,-1.609217376E-1,-2.149379700E-1,-2.096737772E-1
1.709883250E0,-2.136083841E-1,-1.920989603E-1,-2.192233503E-1
1.719927250E0,-2.400367409E-1,-1.633349955E-1,-2.327140421E-1
1.729971250E0,-2.297681272E-1,-1.247295439E-1,-2.505468130E-1
1.740016250E0,-1.820841879E-1,-7.558789849E-2,-2.728704810E-1
1.750060250E0,-1.090131626E-1,-1.469258592E-2,-2.956072092E-1
1.760104250E0,-2.136904746E-2,5.580345169E-2,-3.121083975E-1
1.770149250E0,5.194937438E-2,1.224304140E-1,-3.165747821E-1
1.780193250E0,1.074108481E-1,1.678496599E-1,-3.052632213E-1
1.790237250E0,1.298897862E-1,1.921113133E-1,-2.768417001E-1
1.800282250E0,1.308870614E-1,2.019145787E-1,-2.392014265E-1
1.810326250E0,1.166285053E-1,1.969347447E-1,-1.937798858E-1
1.820370250E0,9.757339954E-2,1.756832600E-1,-1.501715779E-1
1.830415250E0,8.263652772E-2,1.532615721E-1,-1.039548144E-1
1.840459250E0,8.196820319E-2,1.391123831E-1,-6.154995039E-2
1.850503250E0,1.009259149E-1,1.308997273E-1,-2.856936492E-2
1.860548250E0,1.218901873E-1,1.182380691E-1,-1.324142329E-2
1.870592250E0,1.329167485E-1,1.072786227E-1,-7.622685283E-3
1.880636250E0,1.250220835E-1,8.076699078E-2,-4.457282834E-3
1.890681250E0,1.052563637E-1,4.248751327E-2,2.656287048E-3
1.900725250E0,8.079670370E-2,5.916517228E-3,1.099609211E-2
1.910770250E0,6.361798197E-2,-2.252923883E-2,1.372956112E-2
1.920814250E0,5.007574335E-2,-2.805313468E-2,9.078275412E-3
1.930858250E0,4.560429603E-2,-1.193994563E-2,-2.846560674E-3
1.940903250E0,3.969424218E-2,1.570160501E-2,-2.179088630E-2
1.950947250E0,3.038622998E-2,5.101751909E-2,-3.712962568E-2
1.960991250E0,3.733343259E-2,9.087225050E-2,-4.311870039E-2
1.971036250E0,5.689994246E-2,1.378829181E-1,-3.324742615E-2
1.981080250E0,8.526500314E-2,1.847795844E-1,-2.041365579E-2
1.991124250E0,1.163755208E-1,2.252788097E-1,4.480775446E-3
2.001169250E0,1.452849209E-1,2.590902448E-1,3.967814520E-2
2.011213250E0,1.681537479E-1,2.859613001E-1,7.536556572E-2
2.021257250E0,1.820730865E-1,2.935569882E-1,1.110567600E-1
2.031302250E0,1.800882369E-1,2.900969982E-1,1.384811848E-1
2.041346250E0,1.545846909E-1,2.659153044E-1,1.503628492E-1
2.051390250E0,1.078606099E-1,2.381651700E-1,1.516222656E-1
2.061435250E0,4.897565767E-2,2.134689093E-1,1.464284956E-1
2.071479250E0,-3.765319474E-3,2.077479064E-1,1.284516156E-1
2.081523250E0,-4.010101780E-2,2.519010305E-1,1.098874509E-1
2.091568250E0,-6.065209955E-2,3.318507373E-1,8.450005949E-2
2.101612250E0,-9.550891072E-2,3.877340555E-1,4.200852662E-2
2.111656250E0,-1.773060411E-1,3.449317217E-1,-6.210935302E-3
2.121701250E0,-2.960959673E-1,2.423051447E-1,-2.764816768E-2
2.131745250E0,-4.131930172E-1,1.460081786E-1,-1.599683799E-2
2.141789250E0,-4.845715165E-1,7.207230479E-2,-1.011436991E-2
2.151834250E0,-5.066847801E-1,6.115656346E-3,-2.941562980E-2
2.161878250E0,-4.804666936E-1,-7.682969421E-2,-7.541999221E-2
2.171922250E0,-3.930414915E-1,-1.214434952E-1,-1.129388809E-1
2.181967250E0,-2.359588593E-1,-1.183349565E-1,-1.156134456E-1
2.192011250E0,-3.670009598E-2,-6.870907545E-2,-8.599536121E-2
2.202055250E0,1.655412912E-1,-3.936677240E-3,-2.690103836E-2
2.212100250E0,3.327728808E-1,4.767245427E-2,4.667171463E-2
2.222144250E0,4.461456537E-1,8.952572942E-2,1.291536987E-1
2.232188250E0,4.882563651E-1,9.236811846E-2,1.987245232E-1
2.242233250E0,4.749590456E-1,6.923627108E-2,2.477581352E-1
2.252277250E0,4.152898490E-1,3.564927727E-2,2.741511464E-1
2.262321250E0,3.316876292E-1,-5.141158123E-3,2.760843635E-1
2.272366250E0,2.378551215E-1,-3.911803290E-2,2.618060708E-1
2.282410250E0,1.554650813E-1,-5.714953318E-2,2.424831241E-1
2.292454250E0,9.613358229E-2,-5.641716346E-2,2.277547717E-1
2.302499250E0,6.133332103E-2,-4.860454798E-2,2.259444296E-1
2.312543250E0,4.913764074E-2,-3.971145302E-2,2.285908163E-1
2.322587250E0,5.228866264E-2,-3.918883950E-2,2.401649058E-1
2.332632250E0,6.294636428E-2,-4.479532689E-2,2.531057298E-1
2.342676250E0,8.111761510E-2,-5.402857438E-2,2.641359568E-1
2.352720250E0,1.162721366E-1,-4.694163799E-2,2.720407546E-1
2.362765250E0,1.622710526E-1,-9.186535142E-3,2.653801739E-1
2.372809250E0,2.163942158E-1,3.844196722E-2,2.472962439E-1
2.382853250E0,2.758952379E-1,1.091923714E-1,2.297565192E-1
2.392898250E0,3.307915032E-1,1.904153228E-1,2.087668180E-1
2.402942250E0,3.707017899E-1,2.565406561E-1,1.975952685E-1
2.412986125E0,3.897079825E-1,3.075279295E-1,1.911480129E-1
2.423031125E0,3.853648007E-1,3.369157314E-1,1.892140508E-1
2.433075125E0,3.560330272E-1,3.383570313E-1,1.915640235E-1
2.443119125E0,3.042377234E-1,3.076468408E-1,1.889130175E-1
2.453164125E0,2.435663790E-1,2.599155605E-1,1.722336411E-1
2.463208125E0,1.901362091E-1,2.023987770E-1,1.475613862E-1
2.473252125E0,1.420400441E-1,1.326300800E-1,1.062978432E-1
2.483297125E0,9.794604033E-2,6.854637712E-2,5.294965580E-2
2.493341125E0,6.832289696E-2,2.417811565E-2,8.103887551E-3
2.503385125E0,4.833157733E-2,-5.259373691E-3,-2.559882030E-2
2.513430125E0,3.916098177E-2,-1.853629760E-2,-3.100769967E-2
2.523474125E0,4.498435929E-2,-1.435763109E-2,-8.574448526E-3
2.533518125E0,6.707315147E-2,6.483202800E-3,2.917159721E-2
2.543563125E0,1.050373241E-1,5.956829339E-2,6.780664623E-2
2.553607125E0,1.554962397E-1,1.074162424E-1,9.226857871E-2
2.563651125E0,1.957988441E-1,1.401142925E-1,9.498625994E-2
2.573696125E0,2.208261788E-1,1.364497840E-1,8.327341080E-2
2.583740125E0,2.276250720E-1,8.574220538E-2,6.834258139E-2
2.593784125E0,2.201756835E-1,2.131939400E-4,6.302424520E-2
2.603829125E0,2.005506158E-1,-9.439167380E-2,6.197393313E-2
2.613873125E0,1.744143665E-1,-1.761613786E-1,5.325447768E-2
2.623917125E0,1.559485793E-1,-2.285397053E-1,3.496153280E-2
2.633962125E0,1.432162672E-1,-2.390107214E-1,1.178856753E-2
2.644006125E0,1.328800768E-1,-2.077712417E-1,-1.885029487E-2
2.654050125E0,1.162696779E-1,-1.699894965E-1,-5.947415158E-2
2.664095125E0,8.530951291E-2,-1.278894693E-1,-9.811830521E-2
2.674139125E0,4.235645011E-2,-6.826583296E-2,-1.302445382E-1
2.684183125E0,-4.881480709E-3,2.704580082E-3,-1.513320953E-1
2.694228125E0,-3.642768785E-2,9.320171922E-2,-1.592757702E-1
2.704272125E0,-7.017546892E-2,1.626180410E-1,-1.561403573E-1
2.714316125E0,-1.303578466E-1,1.615788788E-1,-1.701360643E-1
2.724361125E0,-2.263520211E-1,4.772467166E-2,-2.115901858E-1
2.734405125E0,-3.588048816E-1,-1.387594491E-1,-2.774967551E-1
2.744449125E0,-5.012695789E-1,-3.243666589E-1,-3.449678421E-1
2.754494125E0,-6.220136285E-1,-4.500486851E-1,-3.883392811E-1
2.764538125E0,-6.846781969E-1,-4.361092150E-1,-3.989031911E-1
2.774582125E0,-6.623185873E-1,-3.022270501E-1,-3.866992593E-1
2.784627125E0,-5.522084832E-1,-8.747944236E-2,-3.621842265E-1
2.794671125E0,-3.770603836E-1,1.445697695E-1,-3.200831115E-1
2.804715125E0,-1.821154207E-1,3.156387210E-1,-2.626903951E-1
2.814760125E0,-8.490800858E-3,3.837153912E-1,-1.957978308E-1
2.824804125E0,1.231738329E-1,3.364487886E-1,-1.296751499E-1
2.834848125E0,2.155066878E-1,1.922852248E-1,-6.391692162E-2
2.844893125E0,2.775662541E-1,1.054525468E-2,-4.499773961E-3
2.854937125E0,3.310302794E-1,-1.810926199E-1,4.380544275E-2
2.864981125E0,3.713286817E-1,-3.706339300E-1,7.050894946E-2
2.875026125E0,3.956521153E-1,-5.198876262E-1,7.897806913E-2
2.885070125E0,4.017485976E-1,-6.001157761E-1,7.932454348E-2
2.895114125E0,4.104981422E-1,-6.222069263E-1,9.969399869E-2
2.905159125E0,4.369453192E-1,-6.035699248E-1,1.407047063E-1
2.915203125E0,4.819016159E-1,-5.465385914E-1,1.756403148E-1
2.925247125E0,5.214612484E-1,-5.012411475E-1,1.750386655E-1
2.935292125E0,5.418831706E-1,-4.758255184E-1,1.361692995E-1
2.945336125E0,5.306085348E-1,-4.415279031E-1,6.640974432E-2
2.955380125E0,4.857473671E-1,-3.913512826E-1,-1.712722704E-2
2.965425125E0,4.144603014E-1,-3.150067925E-1,-9.741757810E-2
2.975469125E0,3.246777058E-1,-2.154586464E-1,-1.762724519E-1
2.985513125E0,2.337406278E-1,-1.022483036E-1,-2.506185770E-1
2.995558125E0,1.408317238E-1,5.361511372E-3,-3.108033538E-1
3.005602125E0,4.933100194E-2,9.560512751E-2,-3.550806046E-1
3.015647125E0,-3.557909653E-2,1.772935987E-1,-3.730092645E-1
3.025691125E0,-1.034167185E-1,2.396828085E-1,-3.575251102E-1
3.035735125E0,-1.466504782E-1,2.714399397E-1,-3.099567890E-1
3.045779125E0,-1.524362713E-1,2.740402520E-1,-2.453118861E-1
3.055824125E0,-1.256869435E-1,2.389754653E-1,-1.793640256E-1
3.065868125E0,-7.911488414E-2,1.589848250E-1,-1.123372540E-1
3.075912125E0,-1.804700680E-2,7.233835012E-2,-4.102978855E-2
3.085957125E0,4.779805243E-2,7.419271395E-3,2.812824585E-2
3.096001125E0,1.107471883E-1,-2.743405104E-2,9.404414892E-2
3.106045125E0,1.609776914E-1,-3.406039625E-2,1.491215974E-1
3.116090125E0,1.979825944E-1,-1.772483066E-2,1.858354062E-1
3.126134125E0,2.168591619E-1,-2.223333111E-3,1.967267990E-1
3.136178125E0,2.153134644E-1,3.240141785E-3,1.900188327E-1
3.146223125E0,1.946002394E-1,2.419392020E-2,1.775549501E-1
3.156267125E0,1.565042585E-1,5.636677146E-2,1.671763361E-1
3.166311125E0,9.759354591E-2,9.291350096E-2,1.563176364E-1
3.176356125E0,3.290189803E-2,1.208985299E-1,1.448625922E-1
3.186400125E0,-2.510541491E-2,1.374062747E-1,1.267713904E-1
3.196444125E0,-7.760803401E-2,1.513588428E-1,1.059508026E-1
3.206489125E0,-1.195728928E-1,1.579784453E-1,8.597549051E-2
3.216533125E0,-1.381441802E-1,1.609883457E-1,7.391536981E-2
3.226577125E0,-1.296973675E-1,1.578958631E-1,6.983761489E-2
3.236622125E0,-9.622196853E-2,1.312184334E-1,7.863563299E-2
3.246666125E0,-4.339934513E-2,8.139878511E-2,9.981004894E-2
3.256710125E0,6.789790466E-3,3.301367909E-2,1.185632199E-1
3.266755125E0,4.976462573E-2,-8.618419990E-3,1.446594596E-1
3.276799125E0,8.401127905E-2,-1.853017136E-2,1.709382087E-1
3.286843125E0,1.136363447E-1,2.955450118E-2,1.938920766E-1
3.296888125E0,1.217033267E-1,9.602140635E-2,1.974806786E-1
3.306932125E0,9.939183295E-2,1.171560213E-1,1.824153662E-1
3.316976125E0,3.646852821E-2,4.533642530E-2,1.560977399E-1
3.327021125E0,-5.495129153E-2,-9.912524372E-2,1.237510964E-1
3.337065125E0,-1.345712841E-1,-2.273181081E-1,8.594913036E-2
3.347109125E0,-1.771144122E-1,-2.834270895E-1,4.650428891E-2
3.357154125E0,-1.782193482E-1,-2.579419613E-1,9.316975251E-3
3.367198125E0,-1.378396749E-1,-1.709199399E-1,-1.997136883E-2
3.377242125E0,-6.745793670E-2,-5.583277345E-2,-3.804730624E-2
3.387287125E0,1.830205694E-2,8.605229110E-2,-2.890676633E-2
3.397331125E0,1.108532995E-1,2.311506271E-1,1.509717666E-2
3.407375125E0,2.005550712E-1,3.498161435E-1,8.493773639E-2
3.417420375E0,2.772583961E-1,4.160431027E-1,1.512967795E-1
3.427464375E0,3.248181343E-1,4.275361598E-1,1.916228235E-1
3.437508375E0,3.372295201E-1,3.913871944E-1,2.034714818E-1
3.447553375E0,3.199373782E-1,3.307790458E-1,1.916689426E-1
3.457597375E0,2.743541896E-1,2.425418347E-1,1.691199541E-1
3.467641375E0,2.063589394E-1,1.327255219E-1,1.494594663E-1
3.477686375E0,1.314708441E-1,3.100475855E-2,1.398039013E-1
3.487730375E0,6.864916533E-2,-3.597950190E-2,1.453202665E-1
3.497774375E0,2.733234875E-2,-5.831729993E-2,1.660737544E-1
3.507819375E0,7.282255683E-3,-4.935582727E-2,1.855774373E-1
3.517863375E0,5.911259912E-3,-2.696556784E-2,2.021489590E-1
3.527907375E0,1.421858463E-2,-9.429423138E-3,2.158336937E-1
3.537952375E0,2.330049686E-2,-5.733754952E-3,2.234479338E-1
3.547996375E0,3.122824058E-2,-1.418039668E-2,2.285514772E-1
3.558040375E0,4.313230515E-2,-2.863550186E-2,2.216088772E-1
3.568085375E0,5.870097131E-2,-2.702122927E-2,2.077911347E-1
3.578129375E0,7.724003494E-2,-2.398173092E-3,1.853316277E-1
3.588173375E0,1.008600444E-1,4.160439968E-2,1.579845548E-1
3.598218375E0,1.263965666E-1,9.583088011E-2,1.314373612E-1
3.608262375E0,1.419452280E-1,1.472799331E-1,1.076093391E-1
3.618306375E0,1.563494802E-1,1.983945072E-1,9.189029783E-2
3.628351375E0,1.613488495E-1,2.397053391E-1,8.815689385E-2
3.638395375E0,1.554944217E-1,2.657420039E-1,9.264218807E-2
3.648439375E0,1.437327117E-1,2.586491704E-1,1.037935615E-1
3.658484375E0,1.172872558E-1,2.184074670E-1,1.134123653E-1
3.668528375E0,9.221644700E-2,1.652446538E-1,1.100572050E-1
3.678572375E0,7.199239731E-2,1.194254979E-1,1.005513221E-1
3.688617375E0,5.945690349E-2,7.475709915E-2,8.151318133E-2
3.698661375E0,5.238195136E-2,3.279446438E-2,5.647573620E-2
3.708705375E0,4.972892627E-2,7.696243003E-3,2.721489407E-2
3.718750375E0,4.679225758E-2,1.405320782E-2,-3.811732400E-3
3.728794375E0,3.702914342E-2,5.266352743E-2,-3.343394771E-2
3.738838375E0,2.415142953E-2,1.058812067E-1,-5.583725870E-2
3.748883375E0,6.274499930E-3,1.533756852E-1,-7.383257896E-2
3.758927375E0,-1.343076210E-2,1.888122261E-1,-8.141805977E-2
3.768971375E0,-3.112345375E-2,1.893069148E-1,-8.020822704E-2
3.779016375E0,-4.333671182E-2,1.645490974E-1,-6.345348060E-2
3.789060375E0,-6.233233586E-2,1.213399693E-1,-4.921230301E-2
3.799104375E0,-9.169581532E-2,8.133876324E-2,-3.402535990E-2
3.809149375E0,-1.252331734E-1,2.912060358E-2,-1.068953145E-2
3.819193375E0,-1.446249783E-1,-5.512689799E-2,1.724250056E-2
3.829237375E0,-1.487190872E-1,-1.607634425E-1,3.975556418E-2
3.839282375E0,-1.417210996E-1,-2.771334648E-1,4.393113405E-2
3.849326375E0,-1.272022575E-1,-3.477725387E-1,3.141797706E-2
3.859370375E0,-1.158595830E-1,-3.304566741E-1,1.079019904E-2
3.869415375E0,-1.115666032E-1,-2.188219279E-1,-1.206292026E-2
3.879459375E0,-1.255588531E-1,-6.751868874E-2,-4.435694590E-2
3.889503375E0,-1.828394979E-1,5.739321932E-2,-8.997905999E-2
3.899548375E0,-2.890346348E-1,1.062150896E-1,-1.515225917E-1
3.909592375E0,-4.428027570E-1,6.384905428E-2,-2.163177133E-1
3.919636375E0,-6.216468215E-1,-4.139055312E-2,-2.676309645E-1
3.929681375E0,-7.882195115E-1,-1.717687845E-1,-2.937789857E-1
3.939725375E0,-9.009311199E-1,-2.749287188E-1,-2.972626686E-1
3.949769375E0,-9.274522662E-1,-2.994730771E-1,-2.933176756E-1
3.959814375E0,-8.777720332E-1,-2.457765490E-1,-2.899168134E-1
3.969858375E0,-7.548280358E-1,-1.522886902E-1,-2.805371881E-1
3.979902375E0,-5.857630968E-1,-4.172168672E-2,-2.561764419E-1
3.989947375E0,-4.048160911E-1,5.109333619E-2,-2.117652297E-1
3.999991375E0,-2.426911145E-1,9.841185063E-2,-1.576170474E-1
4.010035375E0,-1.027075946E-1,9.233578295E-2,-9.903836995E-2
4.020080375E0,-2.584496979E-4,1.786074415E-2,-5.136619136E-2
4.030124375E0,7.247342914E-2,-9.621547908E-2,-1.911242120E-2
4.040168375E0,1.133726612E-1,-2.229116410E-1,-6.134038791E-3
4.050213375E0,1.259834617E-1,-3.491678238E-1,-1.133287139E-2
4.060257375E0,1.176030263E-1,-4.408908188E-1,-3.665047884E-2
4.070301375E0,1.007709578E-1,-4.658367634E-1,-7.607146353E-2
4.080346375E0,8.134905249E-2,-4.194218516E-1,-1.208117753E-1
4.090390375E0,6.536639482E-2,-3.343097270E-1,-1.672120392E-1
4.100434375E0,5.881901458E-2,-2.162350267E-1,-2.137606144E-1
4.110478375E0,5.331628025E-2,-1.068206504E-1,-2.626054287E-1
4.120523375E0,3.959274292E-2,-3.055277839E-2,-3.074719906E-1
4.130567375E0,1.038056146E-2,1.709160209E-2,-3.480428159E-1
4.140612375E0,-3.052479215E-2,1.891826466E-2,-3.775477111E-1
4.150656375E0,-7.276637852E-2,-1.083967742E-3,-3.948160112E-1
4.160700375E0,-9.659634531E-2,-2.816245705E-2,-3.949832320E-1
4.170744375E0,-9.355644137E-2,-5.764928460E-2,-3.844228983E-1
4.180789375E0,-6.104537472E-2,-7.267270982E-2,-3.641956747E-1
4.190833375E0,-1.020913571E-2,-7.492966205E-2,-3.377987146E-1
4.200877375E0,5.492991954E-2,-6.285408884E-2,-2.927041948E-1
4.210922375E0,1.210881472E-1,-3.738019615E-2,-2.335192263E-1
4.220966375E0,1.883566827E-1,5.357147194E-3,-1.677292883E-1
4.231010375E0,2.384652495E-1,4.347464070E-2,-1.097185612E-1
4.241055375E0,2.674433589E-1,7.096938044E-2,-6.909683347E-2
4.251099375E0,2.727734447E-1,8.602084219E-2,-3.940891102E-2
4.261143375E0,2.632446587E-1,7.553304732E-2,-2.377349138E-2
4.271188375E0,2.397565395E-1,5.118674412E-2,-1.318418421E-2
4.281232375E0,2.138903290E-1,2.921380103E-2,-3.877235577E-3
4.291276375E0,1.864662915E-1,1.818269491E-2,-4.478655290E-3
4.301321375E0,1.679365486E-1,2.263150737E-2,-1.011683419E-2
4.311365375E0,1.560663134E-1,2.951231599E-2,-2.098252997E-2
4.321409375E0,1.389933228E-1,4.342573136E-2,-3.459714353E-2
4.331454375E0,1.274938881E-1,5.387717485E-2,-3.897770122E-2
4.341498375E0,1.196074709E-1,6.727607548E-2,-3.333818913E-2
4.351542375E0,1.190465093E-1,9.682424366E-2,-1.260875352E-2
4.361587375E0,1.318014562E-1,1.321721077E-1,1.416213997E-2
4.371631375E0,1.551800519E-1,1.604782194E-1,3.485570475E-2
4.381675375E0,1.779332906E-1,1.676530391E-1,4.509635642E-2
4.391720375E0,1.931729764E-1,1.589458436E-1,5.100058392E-2
4.401764375E0,2.076256722E-1,1.340764463E-1,6.022044644E-2
4.411808375E0,2.227202505E-1,1.080670506E-1,7.186789811E-2
4.421853750E0,2.331598401E-1,9.551024437E-2,7.564106584E-2
4.431897750E0,2.416911125E-1,9.410404414E-2,7.253368199E-2
4.441941750E0,2.503626347E-1,1.221617833E-1,6.261634827E-2
4.451986750E0,2.570216656E-1,1.735445261E-1,4.913576320E-2
4.462030750E0,2.635879517E-1,2.629090250E-1,4.388081282E-2
4.472074750E0,2.732672989E-1,3.957712352E-1,4.090115055E-2
4.482119750E0,2.672956884E-1,5.116173625E-1,4.300904274E-2
4.492163750E0,2.332284600E-1,5.758780241E-1,4.317997769E-2
4.502207750E0,1.602059156E-1,5.655713677E-1,4.448758811E-2
4.512252750E0,4.687779024E-2,4.441239238E-1,3.362642601E-2
4.522296750E0,-8.033156395E-2,2.477256507E-1,1.339199208E-2
4.532340750E0,-1.785029769E-1,3.606053814E-2,-1.552008092E-2
4.542385750E0,-2.029867470E-1,-8.011613786E-2,-5.206717178E-2
4.552429750E0,-1.376028806E-1,-4.275130108E-2,-8.410858363E-2
4.562473750E0,5.094487569E-4,8.801283687E-2,-1.081899479E-1
4.572518750E0,1.756835878E-1,2.745890319E-1,-1.068000495E-1
4.582562750E0,3.463594615E-1,4.646375477E-1,-6.960341334E-2
4.592606750E0,4.632808268E-1,5.793825388E-1,-3.483010922E-3
4.602650750E0,4.968254566E-1,6.066820621E-1,7.873968780E-2
4.612695750E0,4.612129629E-1,5.418655872E-1,1.641594321E-1
4.622739750E0,3.786645830E-1,3.709865510E-1,2.307901233E-1
4.632783750E0,2.649455369E-1,1.269935220E-1,2.618820071E-1
4.642828750E0,1.521449685E-1,-1.288957745E-1,2.582523823E-1
4.652872750E0,5.291809142E-2,-3.489625454E-1,2.226351798E-1
4.662916750E0,-1.485136896E-2,-4.933948219E-1,1.759076267E-1
4.672961750E0,-5.868327245E-2,-5.667319298E-1,1.245925128E-1
4.683005750E0,-8.224612474E-2,-5.693348646E-1,7.143394649E-2
4.693049750E0,-9.222827852E-2,-5.044934154E-1,3.231257200E-2
4.703094750E0,-9.469090402E-2,-3.899607360E-1,1.312263124E-2
4.713138750E0,-9.525862336E-2,-2.460523248E-1,1.657762565E-2
4.723182750E0,-9.383223951E-2,-1.023534685E-1,2.798261307E-2
4.733227750E0,-9.080548584E-2,1.435695961E-2,4.365478829E-2
4.743271750E0,-8.390869945E-2,1.029528677E-1,5.946997181E-2
4.753315750E0,-6.472459435E-2,1.608934700E-1,8.107759804E-2
4.763360750E0,-2.534789033E-2,1.886569262E-1,1.089513078E-1
4.773404750E0,2.827529609E-2,1.961408108E-1,1.412378103E-1
4.783448750E0,9.542210400E-2,1.920991987E-1,1.681138873E-1
4.793493750E0,1.562151164E-1,1.957875192E-1,1.827159971E-1
4.803537750E0,1.917768419E-1,1.891487986E-1,1.872388422E-1
4.813581750E0,2.011617422E-1,1.788128763E-1,1.831413805E-1
4.823626750E0,1.875364780E-1,1.574133039E-1,1.775159836E-1
4.833670750E0,1.571355164E-1,1.286463886E-1,1.693532467E-1
4.843714750E0,1.242465377E-1,1.002224684E-1,1.593887657E-1
4.853759750E0,8.877635002E-2,7.960107923E-2,1.475937814E-1
4.863803750E0,5.517790839E-2,3.698676825E-2,1.380868256E-1
4.873847750E0,2.491821349E-2,-1.988314092E-2,1.270697862E-1
4.883892750E0,-2.938450314E-3,-7.754643261E-2,1.165889129E-1
4.893936750E0,-3.358080238E-2,-1.297935247E-1,9.964911640E-2
4.903980750E0,-6.373576820E-2,-1.699446738E-1,7.706817240E-2
4.914025750E0,-9.026961774E-2,-1.931401938E-1,5.003183708E-2
4.924069750E0,-1.009901688E-1,-2.005339265E-1,1.831385493E-2
4.934113750E0,-9.494523704E-2,-2.069533616E-1,-6.549073383E-3
4.944157750E0,-7.586315274E-2,-2.088268846E-1,-2.533687651E-2
4.954202750E0,-4.610542580E-2,-2.000014782E-1,-3.109063208E-2
4.964246750E0,-1.900190115E-2,-1.934988499E-1,-2.245932631E-2
4.974290750E0,9.181514382E-3,-1.901172847E-1,-1.203461271E-2
4.984335750E0,2.041952126E-2,-2.088611424E-1,-6.861688569E-3
4.994379750E0,4.280642141E-3,-2.439570278E-1,-2.397265099E-2
5.004423750E0,-4.377050698E-2,-2.892579138E-1,-5.796816945E-2
5.014468750E0,-1.089081019E-1,-3.221485615E-1,-1.006646156E-1
5.024512750E0,-1.799050570E-1,-3.227280676E-1,-1.384436786E-1
5.034556750E0,-2.274903357E-1,-2.710744441E-1,-1.670254171E-1
5.044601750E0,-2.444850355E-1,-1.904669553E-1,-1.791159064E-1
5.054645750E0,-2.535698414E-1,-1.241271421E-1,-1.835201979E-1
5.064689750E0,-2.862454951E-1,-1.149213910E-1,-1.765674800E-1
5.074734750E0,-3.676359951E-1,-1.673434377E-1,-1.653772593E-1
5.084778750E0,-4.863764942E-1,-2.796193659E-1,-1.585108340E-1
5.094822750E0,-6.158230305E-1,-4.203904271E-1,-1.639357209E-1
5.104867750E0,-7.219342589E-1,-5.686307549E-1,-1.856705844E-1
5.114911750E0,-7.811768651E-1,-6.613999605E-1,-2.282812297E-1
5.124955750E0,-7.676099539E-1,-6.647502184E-1,-2.875048816E-1
5.135000750E0,-6.703886986E-1,-5.540364981E-1,-3.549029529E-1
5.145044750E0,-5.072641969E-1,-3.483827412E-1,-4.256048203E-1
5.155088750E0,-3.152084947E-1,-1.195523366E-1,-4.956254661E-1
5.165133750E0,-1.416588128E-1,8.848502487E-2,-5.451996326E-1
5.175177750E0,-2.379849181E-2,2.342075706E-1,-5.682567954E-1
5.185221750E0,1.506528351E-2,2.618197501E-1,-5.566222668E-1
5.195266750E0,-1.090520713E-2,1.844910830E-1,-5.182757378E-1
5.205310750E0,-7.938679308E-2,4.565995932E-2,-4.800186753E-1
5.215354750E0,-1.715973765E-1,-1.178235263E-1,-4.692169726E-1
5.225399750E0,-2.570662200E-1,-2.607796192E-1,-4.872963727E-1
5.235443750E0,-3.006685376E-1,-3.412073851E-1,-5.198389888E-1
5.245487750E0,-2.980796993E-1,-3.416489363E-1,-5.643934011E-1
5.255532750E0,-2.482873052E-1,-2.807015181E-1,-6.127009988E-1
5.265576750E0,-1.742447615E-1,-1.701702178E-1,-6.387094259E-1
5.275620750E0,-9.844075143E-2,-5.203853548E-2,-6.361633539E-1
5.285664750E0,-4.206563160E-2,4.259769246E-2,-6.047098041E-1
5.295709750E0,-1.631972194E-2,9.432885051E-2,-5.518314242E-1
5.305753750E0,-1.439292543E-2,9.292962402E-2,-4.930112660E-1
5.315797750E0,-2.474074438E-2,4.959157109E-2,-4.375444055E-1
5.325842750E0,-3.514998034E-2,-2.068099193E-2,-3.850615025E-1
5.335886750E0,-4.025638476E-2,-1.031579971E-1,-3.455138803E-1
5.345930750E0,-3.520702943E-2,-1.854315698E-1,-3.166238964E-1
5.355975750E0,-1.930094510E-2,-2.578689754E-1,-2.986951172E-1
5.366019750E0,-2.873503137E-3,-3.158486485E-1,-2.845960557E-1
5.376063750E0,9.766658768E-3,-3.467468917E-1,-2.670586109E-1
5.386108750E0,1.548790000E-2,-3.411796391E-1,-2.483382672E-1
5.396152750E0,1.146492362E-2,-3.138511479E-1,-2.317229956E-1
5.406196750E0,-1.067633182E-2,-2.832149565E-1,-2.309839725E-1
5.416241500E0,-4.179653898E-2,-2.566260695E-1,-2.434403002E-1
5.426285500E0,-8.479886502E-2,-2.333119363E-1,-2.701044083E-1
5.436329500E0,-1.321372241E-1,-2.204204351E-1,-3.131971359E-1
5.446374500E0,-1.864185780E-1,-2.115614265E-1,-3.667841852E-1
5.456418500E0,-2.327966839E-1,-2.043926269E-1,-4.144642353E-1
5.466462500E0,-2.651985586E-1,-1.964497417E-1,-4.529058933E-1
5.476507500E0,-2.748901844E-1,-1.815366447E-1,-4.782556593E-1
5.486551500E0,-2.633213997E-1,-1.698323190E-1,-4.924982190E-1
5.496595500E0,-2.315647304E-1,-1.494199634E-1,-5.004944801E-1
5.506640500E0,-1.911392659E-1,-1.093961000E-1,-4.988193810E-1
5.516684500E0,-1.491011530E-1,-6.630457193E-2,-4.859120548E-1
5.526728500E0,-1.148116216E-1,-2.159435675E-2,-4.626610577E-1
5.536772500E0,-8.792026341E-2,2.036991343E-2,-4.339714646E-1
5.546817500E0,-6.432705373E-2,3.037940338E-2,-4.141474366E-1
5.556861500E0,-4.867239296E-2,2.308144234E-3,-4.115061164E-1
5.566905500E0,-3.238689899E-2,-3.689598292E-2,-4.263500571E-1
5.576950500E0,-1.775298640E-2,-6.060886756E-2,-4.623601139E-1
5.586994500E0,-1.517691091E-2,-4.364346713E-2,-5.075984597E-1
5.597038500E0,-2.603051998E-2,2.168049105E-2,-5.520916581E-1
5.607083500E0,-3.968854249E-2,1.376715451E-1,-5.765154958E-1
5.617127500E0,-5.479160696E-2,2.812478542E-1,-5.877735615E-1
5.627171500E0,-7.769798487E-2,3.922979236E-1,-6.021559238E-1
5.637216500E0,-1.294259727E-1,4.041721821E-1,-6.157094240E-1
5.647260500E0,-2.197183073E-1,2.689528465E-1,-6.427905560E-1
5.657304500E0,-3.215302825E-1,3.564749658E-2,-6.726037264E-1
5.667349500E0,-3.829451799E-1,-1.821175963E-1,-7.060165405E-1
5.677393500E0,-3.707062304E-1,-3.257349730E-1,-7.468336821E-1
5.687437500E0,-2.785091698E-1,-3.411128521E-1,-7.890477180E-1
5.697482500E0,-9.141636640E-2,-2.037892044E-1,-8.136293292E-1
5.707526500E0,1.596107930E-1,4.696791619E-2,-7.906712294E-1
5.717570500E0,4.293999374E-1,3.501525521E-1,-7.213350534E-1
5.727615500E0,6.618225574E-1,6.261316538E-1,-6.243696213E-1
5.737659500E0,8.315328956E-1,8.084773421E-1,-5.233356357E-1
5.747703500E0,9.176675081E-1,8.874637485E-1,-4.333783388E-1
5.757747500E0,9.154223204E-1,8.361307383E-1,-3.751589656E-1
5.767792500E0,8.381427526E-1,6.389524341E-1,-3.600838780E-1
5.777836500E0,7.170124650E-1,3.555987477E-1,-3.840020895E-1
5.787880500E0,5.820085406E-1,4.274442419E-2,-4.339161217E-1
5.797925500E0,4.664068520E-1,-2.525032461E-1,-5.075666904E-1
5.807969500E0,3.872014880E-1,-4.610434175E-1,-5.824440718E-1
5.818013500E0,3.361662924E-1,-5.700540543E-1,-6.552559733E-1
5.828058500E0,2.956404090E-1,-6.397332549E-1,-7.164050937E-1
5.838102500E0,2.563572526E-1,-6.880006790E-1,-7.395124435E-1
5.848146500E0,2.131804973E-1,-7.399924994E-1,-7.266619205E-1
5.858191500E0,1.850732714E-1,-8.167740107E-1,-6.800517440E-1
5.868235500E0,1.789565235E-1,-9.290525913E-1,-6.323952675E-1
5.878279500E0,1.980571151E-1,-1.060454726E0,-6.058264375E-1
5.888324500E0,2.227139920E-1,-1.170908570E0,-6.087460518E-1
5.898368500E0,2.459735125E-1,-1.212246060E0,-6.307570934E-1
5.908412500E0,2.555579543E-1,-1.150128722E0,-6.604031324E-1
5.918457500E0,2.597466707E-1,-9.888541698E-1,-6.887646317E-1
5.928501500E0,2.624447346E-1,-7.603945732E-1,-7.094517946E-1
5.938545500E0,2.581997514E-1,-5.055094957E-1,-7.202337384E-1
5.948590500E0,2.347769588E-1,-2.608766258E-1,-7.324725389E-1
5.958634500E0,1.935646683E-1,-7.610522211E-2,-7.527071238E-1
5.968678500E0,1.366159022E-1,4.299666360E-2,-7.886065245E-1
5.978723500E0,6.495453417E-2,7.955909520E-2,-8.404979110E-1
5.988767500E0,-1.355705410E-2,2.965305559E-2,-8.892515898E-1
5.998811500E0,-8.471664041E-2,-8.875480294E-2,-9.360342026E-1
6.008855500E0,-1.480524689E-1,-2.333093286E-1,-9.852169156E-1
6.018900500E0,-1.922209412E-1,-3.865643442E-1,-1.043498278E0
6.028944500E0,-2.107693255E-1,-5.149649382E-1,-1.104793310E0
6.038988500E0,-2.143911123E-1,-5.983411074E-1,-1.162073135E0
6.049033500E0,-2.188524306E-1,-6.346027255E-1,-1.210012436E0
6.059077500E0,-2.270808965E-1,-6.340140104E-1,-1.241877556E0
6.069121500E0,-2.393982857E-1,-6.035093665E-1,-1.257543087E0
6.079166500E0,-2.550469935E-1,-5.580566525E-1,-1.270365477E0
6.089210500E0,-2.751032710E-1,-5.073114038E-1,-1.282608390E0
6.099254500E0,-2.806229293E-1,-4.528865218E-1,-1.294702888E0
6.109299500E0,-2.749229670E-1,-4.032766223E-1,-1.313624620E0
6.119343500E0,-2.581095695E-1,-3.836059570E-1,-1.342309713E0
6.129387500E0,-2.417500317E-1,-3.852645755E-1,-1.382312059E0
6.139432500E0,-2.385123223E-1,-4.254932404E-1,-1.433898449E0
6.149476500E0,-2.598043084E-1,-5.004910231E-1,-1.481476068E0
6.159520500E0,-2.957701683E-1,-5.916176438E-1,-1.516779661E0
6.169565500E0,-3.365237415E-1,-6.993046999E-1,-1.533262491E0
6.179609500E0,-3.620591462E-1,-8.053033352E-1,-1.535858154E0
6.189653500E0,-3.558167219E-1,-8.920126557E-1,-1.524326921E0
6.199698500E0,-3.162527084E-1,-9.466302395E-1,-1.501111388E0
6.209742500E0,-2.478819191E-1,-9.604831934E-1,-1.470241070E0
6.219786500E0,-1.667384505E-1,-9.136078358E-1,-1.439505458E0
6.229830500E0,-7.528842241E-2,-8.103479743E-1,-1.413534641E0
6.239875500E0,2.285995986E-3,-7.105135322E-1,-1.405564308E0
6.249919500E0,3.864213824E-2,-6.654302478E-1,-1.413032889E0
6.259963500E0,1.793703809E-2,-6.977938414E-1,-1.436613560E0
6.270008500E0,-5.967253447E-2,-7.963979244E-1,-1.469366193E0
6.280052500E0,-1.809308827E-1,-9.460503459E-1,-1.508277416E0
6.290096500E0,-3.337545097E-1,-1.116380215E0,-1.566139579E0
6.300141500E0,-4.821777344E-1,-1.234675646E0,-1.618851542E0
6.310185500E0,-5.761020780E-1,-1.237748384E0,-1.646284461E0
6.320229500E0,-5.860713124E-1,-1.111333966E0,-1.659147859E0
6.330274500E0,-4.976569712E-1,-8.741778731E-1,-1.662967086E0
6.340318500E0,-3.313500583E-1,-5.861458778E-1,-1.660417438E0
6.350362500E0,-1.265050322E-1,-3.006268144E-1,-1.648721457E0
6.360407500E0,6.790051609E-2,-8.045534045E-2,-1.635094404E0
6.370451500E0,2.214581221E-1,1.411723904E-2,-1.616473794E0
6.380495500E0,3.204545081E-1,-2.093832474E-3,-1.590325117E0
6.390539500E0,3.522659540E-1,-1.117329821E-1,-1.569447875E0
6.400584500E0,3.197746873E-1,-3.202450871E-1,-1.555932283E0
6.410628500E0,2.296783477E-1,-5.723788142E-1,-1.548204541E0
6.420672042E0,1.132478416E-1,-8.202925920E-1,-1.532015920E0
6.430717042E0,-2.646266948E-3,-1.007820129E0,-1.499285460E0
6.440761042E0,-8.627101034E-2,-1.085496426E0,-1.474421740E0
6.450805042E0,-1.381264925E-1,-1.074737787E0,-1.475824237E0
6.460850042E0,-1.559216380E-1,-9.833320975E-1,-1.488758445E0
6.470894042E0,-1.484445333E-1,-8.439251781E-1,-1.502331495E0
6.480938042E0,-1.302746087E-1,-6.879322529E-1,-1.507230401E0
6.490983042E0,-1.162038073E-1,-5.529888272E-1,-1.497106433E0
6.501027042E0,-1.186583117E-1,-4.681849480E-1,-1.470391989E0
6.511071042E0,-1.361448914E-1,-4.510674775E-1,-1.425402880E0
6.521116042E0,-1.567808688E-1,-4.683306515E-1,-1.372632265E0
6.531160042E0,-1.723848581E-1,-5.032329559E-1,-1.317850232E0
6.541204042E0,-1.766582578E-1,-5.427208543E-1,-1.262473941E0
6.551249042E0,-1.626220793E-1,-5.748105645E-1,-1.207279444E0
6.561293042E0,-1.316468418E-1,-5.943589807E-1,-1.161328673E0
6.571337042E0,-9.213112295E-2,-6.142432094E-1,-1.119960666E0
6.581381042E0,-5.437625945E-2,-6.502990723E-1,-1.084941506E0
6.591426042E0,-3.974938020E-2,-6.868458986E-1,-1.050437570E0
6.601470042E0,-3.324655443E-2,-6.957446337E-1,-1.008411765E0
6.611514042E0,-3.444444388E-2,-6.883301735E-1,-9.676973820E-1
6.621559042E0,-3.233305737E-2,-6.596682668E-1,-9.297308922E-1
6.631603042E0,-3.433921561E-2,-6.019322872E-1,-8.991455436E-1
6.641647042E0,-4.560998827E-2,-5.251025558E-1,-8.633480072E-1
6.651692042E0,-5.679366738E-2,-4.386856556E-1,-8.204583526E-1
6.661736042E0,-6.912183017E-2,-3.409158289E-1,-7.599854469E-1
6.671780042E0,-7.933585346E-2,-2.636884153E-1,-7.018914819E-1
6.681825042E0,-8.500353247E-2,-2.331356108E-1,-6.582491398E-1
6.691869042E0,-9.660532326E-2,-2.428375036E-1,-6.282526255E-1
6.701913042E0,-1.083182320E-1,-2.757941484E-1,-6.048074365E-1
6.711958042E0,-1.119625047E-1,-3.190436065E-1,-5.758469105E-1
6.722002042E0,-1.032345071E-1,-3.496105373E-1,-5.395964384E-1
6.732046042E0,-6.983020902E-2,-3.391864002E-1,-4.987323582E-1
6.742091042E0,-1.645815745E-2,-3.070767224E-1,-4.499066472E-1
6.752135042E0,5.117281526E-2,-2.456692606E-1,-4.017830789E-1
6.762179042E0,1.265427172E-1,-1.752505600E-1,-3.487941027E-1
6.772223042E0,1.945084631E-1,-9.936352819E-2,-3.011192381E-1
6.782268042E0,2.437973022E-1,-3.623859584E-2,-2.589011788E-1
6.792312042E0,2.604047656E-1,4.385797307E-3,-2.351385653E-1
6.802356042E0,2.469353974E-1,4.064371437E-2,-2.281356454E-1
6.812401042E0,2.135771811E-1,8.539254963E-2,-2.407065630E-1
6.822445042E0,1.699181646E-1,1.360983104E-1,-2.657130361E-1
6.832489042E0,1.260543168E-1,1.888946742E-1,-2.963191271E-1
6.842534042E0,7.533781976E-2,2.198670357E-1,-3.229944706E-1
6.852578042E0,4.345937166E-3,1.775656641E-1,-3.323017061E-1
6.862622042E0,-9.494670480E-2,2.335289866E-2,-3.319431841E-1
6.872667042E0,-2.157498300E-1,-1.956430972E-1,-3.203480542E-1
6.882711042E0,-3.095806539E-1,-3.606168926E-1,-3.006267250E-1
6.892755042E0,-3.399468064E-1,-4.293019474E-1,-2.885556817E-1
6.902800042E0,-3.022629023E-1,-4.169777334E-1,-3.020667434E-1
6.912844042E0,-2.118539214E-1,-3.389314115E-1,-3.386649787E-1
6.922888042E0,-8.054006100E-2,-1.993341893E-1,-3.766112924E-1
6.932932042E0,7.215014845E-2,-1.075389981E-2,-3.758890331E-1
6.942977042E0,2.310595512E-1,2.105309963E-1,-3.239731193E-1
6.953021042E0,3.727416098E-1,3.983536065E-1,-2.385812849E-1
6.963065042E0,4.780510366E-1,5.114594698E-1,-1.438619196E-1
6.973110042E0,5.474048257E-1,5.533241034E-1,-5.440394580E-2
6.983154042E0,5.824364424E-1,5.244047046E-1,2.671183459E-2
6.993198042E0,5.741868019E-1,4.286065400E-1,9.032170475E-2
7.003243042E0,5.344560742E-1,2.848313749E-1,1.436894983E-1
7.013287042E0,4.765442908E-1,1.178698316E-1,1.850364059E-1
7.023331042E0,4.060659707E-1,-5.772375688E-2,2.161484510E-1
7.033376042E0,3.261053562E-1,-2.147019207E-1,2.327487320E-1
7.043420042E0,2.454831898E-1,-3.364587724E-1,2.369761616E-1
7.053464042E0,1.715855300E-1,-4.155280292E-1,2.232757956E-1
7.063509042E0,1.074288636E-1,-4.716253281E-1,1.955189556E-1
7.073553042E0,4.857806489E-2,-5.255234241E-1,1.488345414E-1
7.083597042E0,-3.887046827E-3,-5.795798898E-1,9.314186871E-2
7.093641042E0,-4.290395603E-2,-5.987429619E-1,3.982619196E-2
7.103686042E0,-6.512676924E-2,-5.596179366E-1,-4.096527584E-3
7.113730042E0,-5.462779477E-2,-4.525146782E-1,-4.292355105E-2
7.123774042E0,-1.091805845E-2,-2.777428031E-1,-7.217358798E-2
7.133819042E0,5.173999816E-2,-8.298848569E-2,-8.527420461E-2
7.143863042E0,1.235020459E-1,1.101571918E-1,-7.039812952E-2
7.153907042E0,1.809706688E-1,2.680666745E-1,-3.820211068E-2
7.163952042E0,2.136246860E-1,3.548803627E-1,5.575236399E-3
7.173996042E0,2.105330229E-1,3.619374931E-1,4.863135889E-2
7.184040042E0,1.927578300E-1,3.204106092E-1,8.128411323E-2
7.194085042E0,1.718972772E-1,2.600588500E-1,1.037566662E-1
7.204129042E0,1.504147053E-1,1.632162035E-1,1.110916510E-1
7.214173042E0,1.339356005E-1,6.188931316E-2,9.726372361E-2
7.224218042E0,1.207553893E-1,-2.071135864E-2,6.897007674E-2
7.234262042E0,1.058004051E-1,-8.756176382E-2,2.927619033E-2
7.244306042E0,8.433831483E-2,-1.276144385E-1,7.812045515E-4
7.254350042E0,5.091989785E-2,-1.397962719E-1,-1.942313276E-2
7.264395042E0,1.326050144E-2,-1.357372254E-1,-2.736566961E-2
7.274439042E0,-1.966761984E-2,-1.124486774E-1,-2.742771991E-2
7.284483042E0,-3.749335185E-2,-8.172674477E-2,-1.950249448E-2
7.294528042E0,-2.965513803E-2,-6.447025388E-2,-1.519190334E-2
7.304572042E0,-1.426854543E-2,-6.698086113E-2,-1.914525218E-2
7.314616042E0,5.872941576E-3,-8.797855675E-2,-2.926792763E-2
7.324661042E0,2.796040103E-2,-1.307254881E-1,-3.674767911E-2
7.334705042E0,4.348929226E-2,-1.848523766E-1,-4.083616659E-2
7.344749042E0,5.443403125E-2,-2.468347996E-1,-3.333799914E-2
7.354794042E0,6.127995253E-2,-3.069229126E-1,-2.673175931E-2
7.364838042E0,6.224505603E-2,-3.557136953E-1,-2.578801289E-2
7.374882042E0,6.146980822E-2,-3.934954405E-1,-3.446219489E-2
7.384926042E0,5.590105057E-2,-4.259221256E-1,-5.345601216E-2
7.394971042E0,4.628357664E-2,-4.477033317E-1,-8.344240487E-2
7.405015042E0,3.884215280E-2,-4.429467618E-1,-1.157563627E-1
7.415059042E0,3.004759178E-2,-4.072777033E-1,-1.518421918E-1
7.425104750E0,1.212039404E-2,-3.284790516E-1,-1.905965954E-1
7.435148750E0,-2.383787185E-2,-2.448821664E-1,-2.272818983E-1
7.445192750E0,-8.916804194E-2,-1.886714101E-1,-2.663526237E-1
7.455237750E0,-1.873169839E-1,-1.947468817E-1,-3.089101911E-1
7.465281750E0,-3.149409592E-1,-2.581571937E-1,-3.542784154E-1
7.475325750E0,-4.561289847E-1,-3.531204462E-1,-3.974362612E-1
7.485370750E0,-5.717056990E-1,-4.311996996E-1,-4.260053635E-1
7.495414750E0,-6.350191832E-1,-4.612513483E-1,-4.424645007E-1
7.505458750E0,-6.198170185E-1,-4.065750837E-1,-4.424910843E-1
7.515503750E0,-5.118026137E-1,-2.497492284E-1,-4.319700003E-1
7.525547750E0,-3.282999396E-1,4.252462182E-3,-4.140496850E-1
7.535591750E0,-1.181538925E-1,2.896125615E-1,-3.940719962E-1
7.545635750E0,8.435157686E-2,5.427448153E-1,-3.741692901E-1
7.555680750E0,2.419995368E-1,6.774123311E-1,-3.499901891E-1
7.565724750E0,3.399369121E-1,7.014044523E-1,-3.176547289E-1
7.575768750E0,3.710823357E-1,6.173920631E-1,-2.883277535E-1
7.585813750E0,3.452895880E-1,4.291794300E-1,-2.707695365E-1
7.595857750E0,2.797627747E-1,1.708208472E-1,-2.758316994E-1
7.605901750E0,1.923255026E-1,-1.098578200E-1,-3.028668165E-1
7.615946750E0,1.004760042E-1,-3.659116924E-1,-3.547182977E-1
7.625990750E0,2.247775160E-2,-5.507012010E-1,-4.240290821E-1
7.636034750E0,-4.359021783E-2,-6.364035606E-1,-5.101192594E-1
7.646079750E0,-9.338854253E-2,-6.228311062E-1,-6.161994338E-1
7.656123750E0,-1.359035075E-1,-5.411854982E-1,-7.152663469E-1
7.666167750E0,-1.595381498E-1,-3.917827904E-1,-7.826756239E-1
7.676211750E0,-1.740427911E-1,-2.158157378E-1,-8.175657392E-1
7.686256750E0,-1.863473654E-1,-6.834759563E-2,-8.283451796E-1
7.696300750E0,-1.935474873E-1,2.476796508E-2,-8.162051439E-1
7.706344750E0,-1.913699955E-1,5.967649817E-2,-7.835223675E-1
7.716389750E0,-1.746088564E-1,4.411112145E-2,-7.351841331E-1
7.726433750E0,-1.422605067E-1,1.281860867E-3,-6.797826886E-1
7.736477750E0,-1.025517136E-1,-4.918557405E-2,-6.396930814E-1
7.746522750E0,-5.765298754E-2,-8.047623932E-2,-6.095349789E-1
7.756566750E0,-5.183922127E-3,-8.519908786E-2,-5.905884504E-1
7.766610750E0,4.563653842E-2,-6.908606738E-2,-5.821160078E-1
7.776655750E0,8.750169724E-2,-4.607315361E-2,-5.881331563E-1
7.786699750E0,1.100826636E-1,-2.905148268E-2,-6.060329676E-1
7.796743750E0,1.151000559E-1,-3.206245229E-2,-6.310895681E-1
7.806787750E0,9.374001622E-2,-6.370622665E-2,-6.502977610E-1
7.816832750E0,5.820998922E-2,-1.087192446E-1,-6.736196280E-1
7.826876750E0,1.297790557E-2,-1.552300900E-1,-7.022678256E-1
7.836920750E0,-3.445113078E-2,-1.963911057E-1,-7.424442768E-1
7.846965750E0,-7.428000867E-2,-2.325378358E-1,-7.954295874E-1
7.857009750E0,-1.024677008E-1,-2.583273649E-1,-8.565009236E-1
7.867053750E0,-1.133555919E-1,-2.657989562E-1,-9.155722857E-1
7.877098750E0,-1.156584248E-1,-2.566605806E-1,-9.612165093E-1
7.887142750E0,-1.099546105E-1,-2.322045118E-1,-9.854781032E-1
7.897186750E0,-9.816559404E-2,-1.932355464E-1,-9.886853695E-1
7.907231750E0,-7.955407351E-2,-1.538182944E-1,-9.689012170E-1
7.917275750E0,-5.452142656E-2,-1.169673279E-1,-9.442507029E-1
7.927319750E0,-2.849364467E-2,-9.891553968E-2,-9.167754054E-1
7.937363750E0,-7.298611104E-3,-9.355086833E-2,-8.987540603E-1
7.947408750E0,1.926045981E-3,-9.968945384E-2,-8.909752369E-1
7.957452750E0,1.082374831E-3,-1.283361167E-1,-8.881915808E-1
7.967496750E0,-1.341389865E-2,-1.724187583E-1,-9.036552310E-1
7.977541750E0,-4.088201001E-2,-2.201796174E-1,-9.281672239E-1
7.987585750E0,-6.957365572E-2,-2.694302797E-1,-9.626671672E-1
7.997629750E0,-9.225420654E-2,-3.009562492E-1,-1.003613591E0
8.007674750E0,-1.021818295E-1,-2.994879186E-1,-1.047691226E0
8.017718750E0,-8.887347579E-2,-2.494963706E-1,-1.085233569E0
8.027762750E0,-5.192241073E-2,-1.307155192E-1,-1.120747566E0
8.037807750E0,9.248803370E-3,-3.713415936E-5,-1.149883151E0
8.047851750E0,8.129776269E-2,1.526459455E-1,-1.171470165E0
8.057895750E0,1.421880275E-1,2.937929332E-1,-1.192231894E0
8.067939750E0,1.568422616E-1,3.623608649E-1,-1.204074979E0
8.077984750E0,1.222728342E-1,3.370848000E-1,-1.208602190E0
8.088028750E0,5.015235022E-2,1.817683727E-1,-1.199077010E0
8.098072750E0,-3.510315716E-2,-5.461834371E-2,-1.190404773E0
8.108117750E0,-1.201493666E-1,-3.646737933E-1,-1.216417193E0
8.118161750E0,-1.863840371E-1,-6.818053722E-1,-1.266872644E0
8.128205750E0,-2.010722309E-1,-8.602062464E-1,-1.324124932E0
8.138250750E0,-1.489903927E-1,-8.649373651E-1,-1.369668961E0
8.148294750E0,-1.691384986E-2,-7.073674798E-1,-1.416262984E0
8.158338750E0,1.604494750E-1,-4.553248286E-1,-1.451631665E0
8.168383750E0,3.286927342E-1,-2.052929401E-1,-1.461423874E0
8.178427750E0,4.388093948E-1,-4.179110005E-2,-1.449796796E0
8.188471750E0,4.732697308E-1,-8.381001651E-3,-1.424824238E0
8.198515750E0,4.405394793E-1,-8.920261264E-2,-1.395560622E0
8.208560750E0,3.518294096E-1,-2.511630356E-1,-1.385352373E0
8.218604750E0,2.431306243E-1,-4.368929267E-1,-1.403323412E0
8.228648750E0,1.475176811E-1,-5.926465988E-1,-1.444532752E0
8.238693750E0,8.239140362E-2,-6.904242635E-1,-1.493303776E0
8.248737750E0,5.089939386E-2,-7.120933533E-1,-1.537635088E0
8.258781750E0,5.006875470E-2,-6.820315719E-1,-1.564641953E0
8.268826750E0,5.523889512E-2,-6.372699142E-1,-1.579462528E0
8.278870750E0,6.161689758E-2,-5.896155834E-1,-1.572928667E0
8.288914750E0,6.457708031E-2,-5.524111390E-1,-1.550551534E0
8.298959750E0,5.640251562E-2,-5.445699692E-1,-1.529225469E0
8.309003750E0,4.516011104E-2,-5.586746335E-1,-1.514552832E0
8.319047750E0,3.661003336E-2,-5.931692123E-1,-1.508731365E0
8.329091750E0,2.957496792E-2,-6.244597435E-1,-1.516841054E0
8.339136750E0,2.973848581E-2,-6.464592814E-1,-1.525470257E0
8.349180750E0,2.696615830E-2,-6.550220251E-1,-1.527134776E0
8.359224750E0,2.993558347E-2,-6.454804540E-1,-1.512280464E0
8.369269750E0,2.768355235E-2,-6.313297749E-1,-1.481420875E0
8.379313750E0,1.255706511E-2,-6.255163550E-1,-1.443763256E0
8.389357750E0,-1.721524820E-2,-6.396235228E-1,-1.403159380E0
8.399402750E0,-5.201530457E-2,-6.708258986E-1,-1.364752054E0
8.409446750E0,-8.855728060E-2,-7.294274569E-1,-1.331811666E0
8.419490667E0,-1.200475618E-1,-8.090648055E-1,-1.318209767E0
8.429534667E0,-1.432015896E-1,-8.819463849E-1,-1.313756585E0
8.439579667E0,-1.507412642E-1,-9.191249013E-1,-1.316564918E0
8.449623667E0,-1.475362033E-1,-9.168587923E-1,-1.328152180E0
8.459667667E0,-1.387531012E-1,-8.704143167E-1,-1.334459305E0
8.469712667E0,-1.209854856E-1,-7.840554118E-1,-1.324371338E0
8.479756667E0,-1.114124879E-1,-6.834198236E-1,-1.300918460E0
8.489800667E0,-1.037627906E-1,-5.986238718E-1,-1.257163286E0
8.499845667E0,-1.037683859E-1,-5.451252460E-1,-1.199218035E0
8.509889667E0,-9.620217234E-2,-5.290537477E-1,-1.129408002E0
8.519933667E0,-8.216571063E-2,-5.312026739E-1,-1.053676486E0
8.529978667E0,-5.838042125E-2,-5.456212163E-1,-9.871088266E-1
8.540022667E0,-1.541697234E-2,-5.673502684E-1,-9.321480989E-1
8.550066667E0,3.880754113E-2,-5.861339569E-1,-8.956708908E-1
8.560110667E0,8.025244623E-2,-6.263237000E-1,-8.758540750E-1
8.570155667E0,9.392771870E-2,-6.782641411E-1,-8.700140715E-1
8.580199667E0,8.100233227E-2,-7.187961340E-1,-8.649969697E-1
8.590243667E0,4.453613609E-2,-7.298402190E-1,-8.526114821E-1
8.600288667E0,1.896795933E-3,-7.169044614E-1,-8.345313072E-1
8.610332667E0,-2.311943844E-2,-6.574468017E-1,-8.166801929E-1
8.620376667E0,-2.907373384E-2,-5.848389268E-1,-8.013443947E-1
8.630421667E0,-2.290284075E-2,-5.332116485E-1,-7.932029366E-1
8.640465667E0,-1.950225048E-2,-5.230748653E-1,-7.823430896E-1
8.650509667E0,-2.323206700E-2,-5.479927063E-1,-7.664936185E-1
8.660554667E0,-3.640060127E-2,-6.210325360E-1,-7.395451069E-1
8.670598667E0,-5.140611529E-2,-7.145066261E-1,-7.090418935E-1
8.680642667E0,-5.790849030E-2,-8.109433651E-1,-6.810525656E-1
8.690686667E0,-4.411863536E-2,-8.897886276E-1,-6.670234203E-1
8.700731667E0,-1.572028361E-2,-9.179925919E-1,-6.642726064E-1
8.710775667E0,1.804091223E-2,-9.255699515E-1,-6.667706370E-1
8.720819667E0,4.006472230E-2,-9.328925610E-1,-6.672050357E-1
8.730864667E0,2.742099017E-2,-9.574510455E-1,-6.619642973E-1
8.740908667E0,-1.435149089E-2,-9.733759761E-1,-6.513428092E-1
8.750952667E0,-5.646603182E-2,-9.272354841E-1,-6.337327957E-1
8.760997667E0,-7.318242639E-2,-8.174213767E-1,-6.162605882E-1
8.771041667E0,-4.753238335E-2,-6.377767324E-1,-6.145228744E-1
8.781085667E0,1.940910332E-2,-4.037472308E-1,-6.270493269E-1
8.791129667E0,1.233812273E-1,-1.529289037E-1,-6.368992925E-1
8.801174667E0,2.460831851E-1,7.248983532E-2,-6.328137517E-1
8.811218667E0,3.525271118E-1,2.137243897E-1,-6.258516908E-1
8.821262667E0,4.160054326E-1,2.469057888E-1,-6.198449135E-1
8.831307667E0,4.345380068E-1,1.837099791E-1,-6.122508049E-1
8.841351667E0,4.103815556E-1,5.016230792E-2,-6.058663726E-1
8.851395667E0,3.664333820E-1,-1.378266066E-1,-6.056851745E-1
8.861440667E0,3.140913546E-1,-3.527018726E-1,-6.262887120E-1
8.871484667E0,2.638688087E-1,-5.404700637E-1,-6.655418277E-1
8.881528667E0,2.315585464E-1,-6.356924772E-1,-7.098214030E-1
8.891572667E0,2.177837640E-1,-6.247020960E-1,-7.564593554E-1
8.901617667E0,2.111298442E-1,-5.344083905E-1,-7.940911651E-1
8.911661667E0,2.067136317E-1,-3.995572329E-1,-8.204803467E-1
8.921705667E0,1.936878413E-1,-2.469237447E-1,-8.218433261E-1
8.931750667E0,1.671731919E-1,-1.282911897E-1,-8.028994203E-1
8.941794667E0,1.248273253E-1,-8.469152451E-2,-7.662716508E-1
8.951838667E0,6.792078167E-2,-1.125761345E-1,-7.211230993E-1
8.961883667E0,1.650100201E-2,-1.931202412E-1,-6.695629954E-1
8.971927667E0,-2.027074248E-2,-2.881056368E-1,-6.203227043E-1
8.981971667E0,-3.199158236E-2,-3.755553365E-1,-5.777837634E-1
8.992016667E0,-2.833724022E-2,-4.227128923E-1,-5.396137834E-1
9.002060667E0,-1.241979096E-2,-4.198302925E-1,-5.159824491E-1
9.012104667E0,-4.841124639E-3,-3.668460250E-1,-4.983456135E-1
9.022148667E0,-1.153391507E-2,-2.821711004E-1,-4.830305576E-1
9.032193667E0,-3.290544450E-2,-1.818082035E-1,-4.663333297E-1
9.042237667E0,-6.645114720E-2,-8.185097575E-2,-4.439648986E-1
9.052281667E0,-1.048598662E-1,-1.386611722E-2,-4.202838242E-1
9.062326667E0,-1.377802789E-1,2.726560645E-2,-3.939259946E-1
9.072370667E0,-1.671207398E-1,3.747047484E-2,-3.668617606E-1
9.082414667E0,-1.893852949E-1,2.631555870E-2,-3.437388539E-1
9.092459667E0,-2.005502880E-1,1.216261182E-3,-3.227624297E-1
9.102503667E0,-1.953640431E-1,-3.032728285E-2,-3.065957129E-1
9.112547667E0,-1.783002615E-1,-6.395005435E-2,-3.014618456E-1
9.122591667E0,-1.643687338E-1,-1.010979563E-1,-3.110329807E-1
9.132636667E0,-1.621060371E-1,-1.434895843E-1,-3.253274560E-1
9.142680667E0,-1.749289036E-1,-1.715933830E-1,-3.330588937E-1
9.152724667E0,-2.013175040E-1,-1.889724284E-1,-3.266956508E-1
9.162769667E0,-2.307033539E-1,-1.915977746E-1,-3.137548268E-1
9.172813667E0,-2.569943070E-1,-1.781969666E-1,-2.874968052E-1
9.182857667E0,-2.706523538E-1,-1.577987522E-1,-2.563226521E-1
9.192902667E0,-2.716731429E-1,-1.318917871E-1,-2.212024778E-1
9.202946667E0,-2.549450099E-1,-1.045571119E-1,-1.850000024E-1
9.212990667E0,-2.178406119E-1,-7.177680731E-2,-1.452846676E-1
9.223034667E0,-1.691692024E-1,-2.405135706E-2,-1.115227044E-1
9.233079667E0,-1.159310862E-1,2.614605986E-2,-8.535322547E-2
9.243123667E0,-7.619778812E-2,6.875797361E-2,-6.890634447E-2
9.253167667E0,-5.585857481E-2,1.002165079E-1,-6.152923405E-2
9.263212667E0,-6.098489091E-2,1.323134601E-1,-5.526920781E-2
9.273256667E0,-8.126986772E-2,1.773669124E-1,-4.866528884E-2
9.283300667E0,-9.560725838E-2,2.287624627E-1,-4.636058956E-2
9.293345667E0,-1.029105484E-1,2.724666297E-1,-6.001792848E-2
9.303389667E0,-9.221103787E-2,3.206285536E-1,-8.634912968E-2
9.313433667E0,-6.238646805E-2,3.872402310E-1,-1.163208112E-1
9.323477667E0,-1.753830165E-2,4.590107799E-1,-1.459812373E-1
9.333522667E0,2.866605483E-2,5.222514868E-1,-1.594495177E-1
9.343566667E0,4.456832260E-2,5.201625228E-1,-1.602167785E-1
9.353610667E0,2.002255805E-2,4.273613989E-1,-1.456984729E-1
9.363655667E0,-3.320364654E-2,2.453386188E-1,-1.160359234E-1
9.373699667E0,-9.080910683E-2,1.576123200E-2,-7.615375519E-2
9.383743667E0,-1.187129095E-1,-1.734513044E-1,-2.164417505E-2
9.393788667E0,-7.952624559E-2,-2.559307814E-1,4.206518084E-2
9.403832667E0,2.452692203E-2,-2.402738035E-1,1.093930900E-1
9.413876667E0,1.738448292E-1,-1.550510824E-1,1.772475839E-1
9.423920167E0,3.265254498E-1,-5.024477094E-2,2.434590906E-1
9.433965167E0,4.470188320E-1,3.048865125E-2,3.166325986E-1
9.444009167E0,5.120702982E-1,4.989350960E-2,3.944357932E-1
9.454053167E0,5.185242295E-1,6.199262105E-3,4.546366036E-1
9.464098167E0,4.859303236E-1,-7.311873138E-2,4.908409417E-1
9.474142167E0,4.376301467E-1,-1.452580541E-1,4.838154018E-1
9.484186167E0,3.877933323E-1,-1.975058168E-1,4.309849441E-1
9.494231167E0,3.438574076E-1,-2.273069173E-1,3.495930433E-1
9.504275167E0,3.104709685E-1,-2.257681489E-1,2.570772171E-1
9.514319167E0,2.849604785E-1,-2.082177252E-1,1.719662547E-1
9.524363167E0,2.647135258E-1,-1.751383394E-1,1.116003916E-1
9.534408167E0,2.523422241E-1,-1.418738812E-1,7.161189616E-2
9.544452167E0,2.524476647E-1,-1.175376475E-1,4.601438344E-2
9.554496167E0,2.601135969E-1,-1.064517051E-1,2.088532969E-2
9.564541167E0,2.711867392E-1,-9.888114035E-2,-1.052905153E-2
9.574585167E0,2.803185582E-1,-9.370968491E-2,-4.060192406E-2
9.584629167E0,2.796389163E-1,-8.974983543E-2,-7.089218497E-2
9.594674167E0,2.663727999E-1,-7.412786037E-2,-1.019439176E-1
9.604718167E0,2.415199131E-1,-4.278139025E-2,-1.397144645E-1
9.614762167E0,2.060040385E-1,2.412056923E-2,-1.778261662E-1
9.624806167E0,1.535932869E-1,1.146355569E-1,-2.247486711E-1
9.634851167E0,8.995462954E-2,1.982551962E-1,-2.605370283E-1
9.644895167E0,2.249995247E-2,2.533764839E-1,-2.792547941E-1
9.654939167E0,-3.359769657E-2,2.747802734E-1,-2.750753164E-1
9.664984167E0,-6.467784941E-2,2.671750784E-1,-2.472652495E-1
9.675028167E0,-7.210990041E-2,2.241116315E-1,-2.067686915E-1
9.685072167E0,-5.569656938E-2,1.533351988E-1,-1.569675803E-1
9.695117167E0,-2.511759661E-2,6.306876987E-2,-1.079956889E-1
9.705161167E0,7.981499657E-3,-1.647878811E-2,-6.666129827E-2
9.715205167E0,3.329466283E-2,-8.675609529E-2,-2.953135222E-2
9.725249167E0,3.499855474E-2,-1.373236626E-1,-1.388930250E-3
9.735294167E0,2.201857418E-2,-1.668144464E-1,1.696104929E-2
9.745338167E0,-1.051673293E-2,-1.848858595E-1,3.235651553E-2
9.755382167E0,-5.505362153E-2,-1.935205311E-1,4.715341330E-2
9.765427167E0,-1.016552076E-1,-1.891702563E-1,6.505624950E-2
9.775471167E0,-1.397616416E-1,-1.723648757E-1,8.629195392E-2
9.785515167E0,-1.506363899E-1,-1.448059529E-1,1.090185717E-1
9.795560167E0,-1.376083493E-1,-1.208053306E-1,1.291809827E-1
9.805604167E0,-1.031403989E-1,-1.087601185E-1,1.503549665E-1
9.815648167E0,-5.221401528E-2,-1.163799092E-1,1.726391315E-1
9.825692167E0,-6.069689989E-3,-1.409121454E-1,1.956054270E-1
9.835737167E0,3.074431419E-2,-1.669168472E-1,2.192129791E-1
9.845781167E0,5.415616184E-2,-1.808752716E-1,2.405422330E-1
9.855825167E0,6.963352114E-2,-1.881552935E-1,2.498528510E-1
9.865870167E0,7.092569023E-2,-1.868633926E-1,2.416588366E-1
9.875914167E0,6.704049557E-2,-1.776639223E-1,2.132946402E-1
9.885958167E0,4.733363912E-2,-1.806056499E-1,1.900582910E-1
9.896003167E0,1.661264710E-2,-1.966710240E-1,1.736741960E-1
9.906047167E0,-3.514349088E-2,-2.356035113E-1,1.689529419E-1
9.916091167E0,-1.072821841E-1,-2.891388237E-1,1.787229627E-1
9.926135167E0,-1.844501942E-1,-3.386368752E-1,1.974077076E-1
9.936180167E0,-2.473866791E-1,-3.677930832E-1,2.220798731E-1
9.946224167E0,-2.870152891E-1,-3.794806600E-1,2.331895232E-1
9.956268167E0,-3.296671510E-1,-4.262329936E-1,2.224641740E-1
9.966313167E0,-3.921204209E-1,-5.293324590E-1,1.858289242E-1
9.976357167E0,-4.743086994E-1,-6.549808383E-1,1.327367276E-1
9.986401167E0,-5.406115651E-1,-7.206820846E-1,8.892958611E-2
9.996445167E0,-5.592538714E-1,-6.730223894E-1,6.047044322E-2
1.000649017E1,-5.211464167E-1,-5.122702718E-1,3.864983097E-2
1.001653417E1,-4.369714260E-1,-2.782152295E-1,4.581107758E-3
1.002657817E1,-3.106457293E-1,-8.474581875E-3,-2.147765830E-2
1.003662317E1,-1.601534635E-1,2.874887586E-1,-2.492192015E-2
1.004666717E1,-5.185989663E-3,5.181797743E-1,-1.273982227E-2
1.005671117E1,1.329983175E-1,6.404939890E-1,-2.450766042E-4
1.006675617E1,2.422441244E-1,6.357913613E-1,3.003180958E-3
1.007680017E1,2.991027832E-1,5.065723062E-1,3.489295486E-3
1.008684417E1,3.067750931E-1,2.772996724E-1,-2.476521768E-4
1.009688917E1,2.638440728E-1,2.657761099E-3,-1.622962579E-2
1.010693317E1,1.963257492E-1,-2.623017430E-1,-4.062977433E-2
1.011697717E1,1.282971948E-1,-4.552311301E-1,-7.380854338E-2
1.012702117E1,8.187908679E-2,-5.511922240E-1,-1.201006770E-1
1.013706617E1,6.206057221E-2,-5.688727498E-1,-1.811851859E-1
1.014711017E1,6.918080151E-2,-4.855011702E-1,-2.452805489E-1
1.015715417E1,8.222443610E-2,-3.177318275E-1,-3.182260990E-1
1.016719917E1,9.145388752E-2,-9.725457430E-2,-3.865857124E-1
1.017724317E1,8.791065216E-2,1.302090585E-1,-4.436033666E-1
1.018728717E1,6.626182050E-2,3.022308946E-1,-4.893668592E-1
1.019733117E1,3.116046824E-2,3.904629350E-1,-5.204480886E-1
1.020737617E1,-2.714899601E-4,4.074629545E-1,-5.329460502E-1
1.021742017E1,-2.083702385E-2,3.809658289E-1,-5.220450759E-1
1.022746417E1,-2.121332847E-2,3.275888860E-1,-4.903331995E-1
1.023750917E1,1.068907208E-3,2.832596302E-1,-4.401008785E-1
1.024755317E1,4.076119140E-2,2.766270339E-1,-3.707606792E-1
1.025759717E1,8.540465683E-2,2.961068153E-1,-2.996495366E-1
1.026764217E1,1.281502396E-1,3.288725019E-1,-2.332164645E-1
1.027768617E1,1.657963693E-1,3.703853488E-1,-1.726250947E-1
1.028773017E1,1.905275434E-1,3.940365911E-1,-1.261574626E-1
1.029777417E1,1.884558797E-1,3.988412023E-1,-8.675359190E-2
1.030781917E1,1.652677357E-1,3.799639344E-1,-4.834069312E-2
1.031786317E1,1.284368932E-1,3.511323333E-1,-1.494507119E-2
1.032790717E1,8.339458704E-2,3.112626672E-1,8.079286665E-3
1.033795217E1,3.386785090E-2,2.785918415E-1,2.190307528E-2
1.034799617E1,-1.128365006E-2,2.411477864E-1,2.450764552E-2
1.035804017E1,-5.562920123E-2,2.085177153E-1,1.609471440E-2
1.036808417E1,-9.676545113E-2,1.832368672E-1,3.259344026E-3
1.037812917E1,-1.266082674E-1,1.555729061E-1,-8.172644302E-4
1.038817317E1,-1.492291540E-1,1.071015149E-1,-4.173380323E-3
1.039821717E1,-1.587629616E-1,6.324073672E-2,1.294886228E-3
1.040826217E1,-1.647340357E-1,2.589256875E-2,2.624550834E-2
1.041830617E1,-1.643802971E-1,1.688390411E-2,6.768174469E-2
1.042834992E1,-1.522261649E-1,2.715971135E-2,1.229665726E-1
1.043839492E1,-1.332054883E-1,3.638186678E-2,1.803967953E-1
1.044843892E1,-1.129747927E-1,3.327156231E-2,2.202219665E-1
1.045848292E1,-8.608254790E-2,3.508082777E-2,2.465153486E-1
1.046852692E1,-5.504579842E-2,2.633660473E-2,2.543588579E-1
1.047857192E1,-2.310886793E-2,1.393894572E-2,2.479973882E-1
1.048861592E1,3.113416024E-3,-7.394039072E-3,2.242321223E-1
1.049865992E1,1.938193850E-2,-2.697838098E-2,1.943228096E-1
1.050870492E1,2.435539104E-2,-2.593655139E-2,1.613403559E-1
1.051874892E1,2.774452977E-2,7.082916796E-3,1.303614080E-1
1.052879292E1,3.218486533E-2,5.704507977E-2,1.016070321E-1
1.053883792E1,3.669124097E-2,1.373864263E-1,6.553397328E-2
1.054888192E1,4.500429705E-2,2.566206455E-1,3.054962866E-2
1.055892592E1,4.296261072E-2,3.657424748E-1,-1.205752604E-3
1.056896992E1,6.629902869E-3,3.815043867E-1,-3.655468673E-2
1.057901492E1,-7.131349295E-2,2.545536458E-1,-6.276129186E-2
1.058905892E1,-1.793573946E-1,5.693616718E-2,-7.112574577E-2
1.059910292E1,-2.644355893E-1,-1.307367235E-1,-6.911962479E-2
1.060914792E1,-2.828716040E-1,-2.253529876E-1,-5.562405661E-2
1.061919192E1,-2.183011621E-1,-1.827241480E-1,-3.976079077E-2
1.062923592E1,-7.602124661E-2,-9.795242921E-3,-2.083985135E-3
1.063927992E1,1.232638359E-1,2.372329086E-1,7.248041034E-2
1.064932492E1,3.294851780E-1,4.708480537E-1,1.651477665E-1
1.065936892E1,4.759656489E-1,5.896342397E-1,2.575555146E-1
1.066941292E1,5.291090608E-1,5.576792359E-1,3.466108143E-1
1.067945792E1,5.022960901E-1,4.236758649E-1,4.211499691E-1
1.068950192E1,4.220893681E-1,1.965045035E-1,4.756598175E-1
1.069954592E1,3.180399537E-1,-5.743803084E-2,4.818239808E-1
1.070959092E1,2.328222543E-1,-2.578392923E-1,4.450803399E-1
1.071963492E1,1.855270565E-1,-3.667313457E-1,3.927669823E-1
1.072967892E1,1.702881753E-1,-3.749762177E-1,3.457254469E-1
1.073972292E1,1.721947044E-1,-3.128573596E-1,3.186149597E-1
1.074976792E1,1.851318032E-1,-2.115885168E-1,3.244579434E-1
1.075981192E1,2.038861215E-1,-8.017881215E-2,3.588216305E-1
1.076985592E1,2.220464945E-1,5.746320635E-2,4.174399376E-1
1.077990092E1,2.321833223E-1,1.645690501E-1,4.606137574E-1
1.078994492E1,2.324477732E-1,2.176650167E-1,4.714744091E-1
1.079998892E1,2.164407820E-1,2.161974311E-1,4.547169507E-1
1.081003292E1,1.985270232E-1,1.852325797E-1,4.170718491E-1
1.082007792E1,1.816480607E-1,1.376578808E-1,3.783501089E-1
1.083012192E1,1.699394733E-1,9.160330892E-2,3.404109776E-1
1.084016592E1,1.673847586E-1,7.285999507E-2,3.082430065E-1
1.085021092E1,1.716958880E-1,8.235523105E-2,2.829296589E-1
1.086025492E1,1.761155725E-1,1.196995452E-1,2.618778646E-1
1.087029892E1,1.783960462E-1,1.557944268E-1,2.407235652E-1
1.088034392E1,1.593693793E-1,1.717239320E-1,2.202128768E-1
1.089038792E1,1.270668209E-1,1.793962419E-1,1.979837418E-1
1.090043192E1,7.939965278E-2,1.593679786E-1,1.783664376E-1
1.091047592E1,2.978735417E-2,1.096997559E-1,1.532768011E-1
1.092052092E1,-6.118894555E-3,7.149865478E-2,1.244689003E-1
1.093056492E1,-1.349318773E-2,4.706202447E-2,9.559810162E-2
1.094060892E1,6.399658043E-3,4.306448251E-2,6.340801716E-2
1.095065392E1,5.619065091E-2,6.784785539E-2,4.007393122E-2
1.096069792E1,1.183504984E-1,9.700921923E-2,2.753428742E-2
1.097074192E1,1.747605205E-1,1.350402236E-1,3.330615535E-2
1.098078592E1,2.096178085E-1,1.611377895E-1,5.934620276E-2
1.099083092E1,2.143638283E-1,1.670129895E-1,1.005647406E-1
1.100087492E1,1.928061247E-1,1.509332806E-1,1.380106956E-1
1.101091892E1,1.622897536E-1,1.207359657E-1,1.523978859E-1
1.102096392E1,1.347315907E-1,8.910834044E-2,1.407853961E-1
1.103100792E1,9.760178626E-2,4.932656512E-2,8.829848468E-2
1.104105192E1,4.520050436E-2,1.363318297E-3,7.612236775E-3
1.105109592E1,-1.867887564E-2,-4.547156766E-2,-6.621431559E-2
1.106114092E1,-8.716885746E-2,-8.921585977E-2,-1.281773597E-1
1.107118492E1,-1.525742263E-1,-1.213844493E-1,-1.706297398E-1
1.108122892E1,-2.127916962E-1,-1.505194604E-1,-1.943677515E-1
1.109127392E1,-2.579706609E-1,-1.751827300E-1,-1.994653046E-1
1.110131792E1,-2.831854820E-1,-1.931905746E-1,-1.919171959E-1
1.111136192E1,-2.925960124E-1,-2.067559212E-1,-1.835508794E-1
1.112140692E1,-2.880485356E-1,-2.236452997E-1,-1.811140031E-1
1.113145092E1,-2.772251964E-1,-2.239891142E-1,-1.875420660E-1
1.114149492E1,-2.634864748E-1,-2.086828649E-1,-1.866605580E-1
1.115153892E1,-2.576168776E-1,-1.867274940E-1,-1.694509536E-1
1.116158392E1,-2.614308000E-1,-1.518959999E-1,-1.358835101E-1
1.117162792E1,-2.647506893E-1,-1.092598587E-1,-7.805296779E-2
1.118167192E1,-2.591178119E-1,-7.549245656E-2,-7.991102524E-3
1.119171692E1,-2.461511493E-1,-6.199129671E-2,4.712275043E-2
1.120176092E1,-2.285466045E-1,-9.965135902E-2,7.009806484E-2
1.121180492E1,-2.029688060E-1,-1.394760162E-1,5.077923089E-2
1.122184892E1,-1.641809195E-1,-1.291493028E-1,4.198984243E-3
1.123189392E1,-1.210848466E-1,-7.495529950E-2,-5.546301231E-2
1.124193792E1,-8.690553159E-2,-1.433919929E-2,-1.139894426E-1
1.125198192E1,-6.645458192E-2,1.718384027E-2,-1.572277248E-1
1.126202692E1,-4.615283757E-2,3.602173924E-2,-1.746483445E-1
1.127207092E1,-2.049327828E-2,6.139767170E-2,-1.765450388E-1
1.128211492E1,2.934305742E-2,1.061033681E-1,-1.731192917E-1
1.129215892E1,1.034087613E-1,1.481578797E-1,-1.695320159E-1
1.130220392E1,1.809745282E-1,1.691228300E-1,-1.714608818E-1
1.131224792E1,2.363472432E-1,1.301575899E-1,-1.852382123E-1
1.132229192E1,2.427514195E-1,1.260677632E-2,-2.000870407E-1
1.133233692E1,2.058690339E-1,-1.420323402E-1,-2.010018378E-1
1.134238092E1,1.482235789E-1,-3.142893314E-1,-1.983096451E-1
1.135242492E1,7.131735235E-2,-4.763245583E-1,-2.167179435E-1
1.136246992E1,2.558975946E-3,-5.663139224E-1,-2.602789402E-1
1.137251392E1,-4.059461877E-2,-5.356452465E-1,-3.277035356E-1
1.138255792E1,-5.594938993E-2,-4.020261168E-1,-3.991513848E-1
1.139260192E1,-5.082946271E-2,-1.908150762E-1,-4.619306028E-1
1.140264692E1,-3.512905538E-2,5.080184713E-2,-4.926804900E-1
1.141269092E1,-2.854864858E-2,2.598069906E-1,-4.883603156E-1
1.142273550E1,-5.355671048E-2,3.842779100E-1,-4.652664065E-1
1.143278050E1,-1.051549241E-1,4.081225097E-1,-4.146474302E-1
1.144282450E1,-1.623575538E-1,3.492706716E-1,-3.475242555E-1
1.145286850E1,-2.175734043E-1,2.170409709E-1,-2.751345038E-1
1.146291250E1,-2.572738230E-1,3.372673690E-2,-2.072497308E-1
1.147295750E1,-2.585233748E-1,-1.515784115E-1,-1.576712579E-1
1.148300150E1,-2.249670327E-1,-2.819640934E-1,-1.211164519E-1
1.149304550E1,-1.601848453E-1,-3.377064466E-1,-9.468697757E-2
1.150309050E1,-8.003953844E-2,-3.159327507E-1,-7.458843291E-2
1.151313450E1,2.630840987E-3,-2.467973530E-1,-5.494495854E-2
1.152317850E1,7.000539452E-2,-1.515385807E-1,-2.308247238E-2
1.153322250E1,1.031604186E-1,-7.267545164E-2,1.486304495E-2
1.154326750E1,1.015589684E-1,-3.116032854E-2,5.160328746E-2
1.155331150E1,7.393852621E-2,-2.264460362E-2,8.551570773E-2
1.156335550E1,4.709722847E-2,-4.128765315E-2,1.122961193E-1
1.157340050E1,3.215955570E-2,-6.960611045E-2,1.274923682E-1
1.158344450E1,3.435937688E-2,-9.630703926E-2,1.216467768E-1
1.159348850E1,5.742608011E-2,-1.054025292E-1,1.025777459E-1
1.160353250E1,9.396149963E-2,-9.551724792E-2,8.047048002E-2
1.161357750E1,1.186551303E-1,-6.950961053E-2,5.803254619E-2
1.162362150E1,1.297622770E-1,-4.225411639E-2,3.684423864E-2
1.163366550E1,1.236007884E-1,-2.543722047E-3,2.492419630E-2
1.164371050E1,9.577777237E-2,3.521519154E-2,5.865317769E-3
1.165375450E1,6.012922898E-2,5.949097127E-2,-2.285660803E-2
1.166379850E1,2.230855264E-2,7.400709391E-2,-6.051538140E-2
1.167384250E1,-1.148829237E-2,7.276818901E-2,-9.258570522E-2
1.168388750E1,-3.004669584E-2,6.748781353E-2,-1.145464182E-1
1.169393150E1,-4.048122838E-2,5.547988042E-2,-1.319339275E-1
1.170397550E1,-3.628416732E-2,4.748129100E-2,-1.411843151E-1
1.171402050E1,-2.721477114E-2,4.221542180E-2,-1.449998319E-1
1.172406450E1,-1.795823313E-2,3.962943703E-2,-1.380549967E-1
1.173410850E1,-1.748285815E-2,4.310273379E-2,-1.223535314E-1
1.174415250E1,-2.827162296E-2,5.643546954E-2,-1.039366573E-1
1.175419750E1,-3.911281750E-2,9.444011003E-2,-7.923343778E-2
1.176424150E1,-3.137706220E-2,1.502202749E-1,-5.741128698E-2
1.177428550E1,-9.446463548E-3,2.077304423E-1,-4.641722515E-2
1.178433050E1,1.452824660E-2,2.542060912E-1,-4.894672334E-2
1.179437450E1,3.216023743E-2,2.911752760E-1,-6.332246214E-2
1.180441850E1,3.332336992E-2,3.262067437E-1,-7.549840957E-2
1.181446350E1,2.408459969E-2,3.657395244E-1,-8.166363090E-2
1.182450750E1,-3.692450002E-3,3.867129683E-1,-8.187442273E-2
1.183455150E1,-6.480800360E-2,3.248551786E-1,-7.950287312E-2
1.184459550E1,-1.802601218E-1,9.018985927E-2,-8.225502074E-2
1.185464050E1,-3.447372019E-1,-2.390575409E-1,-1.030215546E-1
1.186468450E1,-4.842216372E-1,-4.865668118E-1,-1.418953091E-1
1.187472850E1,-5.513468981E-1,-5.839791298E-1,-2.095065713E-1
1.188477350E1,-5.152813792E-1,-5.211929083E-1,-2.821431160E-1
1.189481750E1,-3.592662513E-1,-2.767496109E-1,-3.219696283E-1
1.190486150E1,-1.261536777E-1,8.835707605E-2,-3.127250075E-1
1.191490550E1,1.305103451E-1,5.184198022E-1,-2.407136708E-1
1.192495050E1,3.523449004E-1,8.606408834E-1,-1.269501746E-1
1.193499450E1,4.926955998E-1,1.025105476E0,-4.826131277E-3
1.194503850E1,5.303655267E-1,1.011667848E0,1.157966107E-1
1.195508350E1,4.935603142E-1,8.579537272E-1,2.121100873E-1
1.196512750E1,4.026011825E-1,5.677175522E-1,2.557412386E-1
1.197517150E1,2.875062823E-1,2.066208571E-1,2.392069995E-1
1.198521550E1,1.754177958E-1,-1.671811193E-1,1.752285510E-1
1.199526050E1,8.248544484E-2,-4.591035247E-1,1.073613539E-1
1.200530450E1,1.323897112E-2,-5.776305199E-1,6.494602561E-2
1.201534850E1,-3.918508813E-2,-5.620441437E-1,3.945105523E-2
1.202539350E1,-7.148385048E-2,-4.650358856E-1,3.303553537E-2
1.203543750E1,-7.245218009E-2,-3.081421554E-1,5.935262516E-2
1.204548150E1,-5.572231486E-2,-1.352182031E-1,1.039151847E-1
1.205552550E1,-2.600356564E-2,-1.820743550E-3,1.467393488E-1
1.206557050E1,4.583027679E-3,6.684987247E-2,1.738283336E-1
1.207561450E1,2.066665702E-2,7.365877181E-2,1.900062412E-1
1.208565850E1,2.892509475E-2,5.881951377E-2,2.059323490E-1
1.209570350E1,3.849782795E-2,5.920487270E-2,2.199022174E-1
1.210574750E1,5.477045849E-2,7.572975010E-2,2.209627032E-1
1.211579150E1,8.348518610E-2,1.095172763E-1,2.164566368E-1
1.212583550E1,1.148099974E-1,1.402082145E-1,2.056278884E-1
1.213588050E1,1.342744976E-1,1.720023602E-1,1.963608861E-1
1.214592450E1,1.335483938E-1,1.869054437E-1,2.031484544E-1
1.215596850E1,1.111799777E-1,1.725613922E-1,2.179473639E-1
1.216601350E1,7.392860204E-2,1.384073347E-1,2.407983541E-1
1.217605750E1,3.352071717E-2,8.645226806E-2,2.652594745E-1
1.218610150E1,-2.945976099E-3,1.906192861E-2,2.845575809E-1
1.219614550E1,-3.128520772E-2,-5.394436792E-2,2.916940749E-1
1.220619050E1,-5.000700802E-2,-1.258198321E-1,2.832632661E-1
1.221623450E1,-5.578873307E-2,-1.755034924E-1,2.639319003E-1
1.222627850E1,-5.626678094E-2,-2.018081099E-1,2.380054593E-1
1.223632350E1,-5.314262584E-2,-2.049812675E-1,2.085791230E-1
1.224636750E1,-5.752591416E-2,-1.859132499E-1,1.893511415E-1
1.225641150E1,-6.196007878E-2,-1.494114399E-1,1.908049583E-1
1.226645550E1,-6.308832020E-2,-1.068375930E-1,2.119801044E-1
1.227650050E1,-6.179641932E-2,-7.038078457E-2,2.454123646E-1
1.228654450E1,-5.049613491E-2,-5.354975909E-2,2.744240165E-1
1.229658850E1,-3.690948710E-2,-6.212806702E-2,2.974427938E-1
1.230663350E1,-2.658086643E-2,-8.934633434E-2,3.106659055E-1
1.231667750E1,-2.015093155E-2,-1.378843039E-1,3.043187857E-1
1.232672150E1,-2.419418283E-2,-2.024477273E-1,2.759164572E-1
1.233676550E1,-4.931498319E-2,-2.696339488E-1,2.209139317E-1
1.234681050E1,-9.500763565E-2,-3.076170385E-1,1.523402035E-1
1.235685450E1,-1.432076693E-1,-3.085843027E-1,7.940980792E-2
1.236689850E1,-1.883791983E-1,-2.632991374E-1,1.739211753E-2
1.237694350E1,-2.066359669E-1,-1.545825005E-1,-2.774127200E-2
1.238698750E1,-1.873286068E-1,-7.898847573E-3,-5.692250654E-2
1.239703150E1,-1.423251778E-1,1.206271723E-1,-7.524452358E-2
1.240707550E1,-1.087531224E-1,1.496110559E-1,-8.582028747E-2
1.241712050E1,-1.182387695E-1,5.244909599E-2,-7.855384797E-2
1.242716400E1,-1.659714133E-1,-1.620842814E-1,-7.247549295E-2
1.243720800E1,-2.364761978E-1,-4.408243001E-1,-7.392105460E-2
1.244725300E1,-2.922138572E-1,-6.722835302E-1,-9.809148312E-2
1.245729700E1,-3.026787639E-1,-7.499695420E-1,-1.367193013E-1
1.246734100E1,-2.593291700E-1,-6.866983771E-1,-1.830723882E-1
1.247738500E1,-1.469338983E-1,-4.785254896E-1,-2.079553604E-1
1.248743000E1,2.886454947E-2,-1.682874858E-1,-1.970090121E-1
1.249747400E1,2.297960669E-1,1.606528610E-1,-1.464622170E-1
1.250751800E1,3.999232650E-1,3.747719526E-1,-7.972787321E-2
1.251756300E1,5.019178391E-1,4.386034012E-1,-1.610070094E-2
1.252760700E1,5.204601884E-1,3.870287836E-1,4.530604929E-2
1.253765100E1,4.579944313E-1,2.556910217E-1,9.655858576E-2
1.254769500E1,3.470837176E-1,8.755619079E-2,1.187851280E-1
1.255774000E1,2.195909917E-1,-8.630082011E-2,1.011667252E-1
1.256778400E1,1.027574167E-1,-2.430306524E-1,4.448860511E-2
1.257782800E1,1.902630739E-2,-3.465671837E-1,-3.589491546E-2
1.258787300E1,-3.275815025E-2,-3.819438815E-1,-1.338942051E-1
1.259791700E1,-5.513563007E-2,-3.659257591E-1,-2.272795588E-1
1.260796100E1,-3.529905155E-2,-3.010883629E-1,-2.919673920E-1
1.261800500E1,1.104501076E-2,-1.999002248E-1,-3.291549683E-1
1.262805000E1,5.297803879E-2,-9.756790102E-2,-3.496420383E-1
1.263809400E1,6.504988670E-2,-1.606851444E-2,-3.522969484E-1
1.264813800E1,2.833648026E-2,3.969411179E-2,-3.376091123E-1
1.265818300E1,-4.868746549E-2,6.496245414E-2,-3.139458597E-1
1.266822700E1,-1.385926753E-1,5.782112852E-2,-2.822778523E-1
1.267827100E1,-2.054169774E-1,3.487506509E-2,-2.579767704E-1
1.268831500E1,-2.295270413E-1,8.236235008E-3,-2.457346618E-1
1.269836000E1,-2.041942477E-1,-1.139232703E-2,-2.428997159E-1
1.270840400E1,-1.444674283E-1,-2.442699857E-2,-2.453233451E-1
1.271844800E1,-7.463561743E-2,-3.988691792E-2,-2.370398492E-1
1.272849300E1,-1.563949510E-2,-4.019008204E-2,-2.093876600E-1
1.273853700E1,2.364426106E-2,-5.521750078E-2,-1.797498614E-1
1.274858100E1,3.437875584E-2,-7.815623283E-2,-1.460499913E-1
1.275862500E1,2.692909911E-2,-9.825351089E-2,-1.162614673E-1
1.276867000E1,7.439997513E-3,-1.141721085E-1,-8.874945343E-2
1.277871400E1,-7.931767963E-3,-8.495803177E-2,-6.683322787E-2
1.278875800E1,-1.421600953E-2,-3.711400554E-2,-6.291447580E-2
1.279880300E1,-1.624666899E-2,-4.788822494E-3,-6.266946346E-2
1.280884700E1,-1.769299060E-2,2.541956678E-2,-5.824409053E-2
1.281889100E1,-1.596886106E-2,4.356181622E-2,-5.768642575E-2
1.282893500E1,-1.948560588E-2,4.044736549E-2,-5.841479450E-2
1.283898000E1,-2.750092186E-2,3.835385293E-2,-6.408919394E-2
1.284902400E1,-4.908313230E-2,3.724297881E-2,-6.311097741E-2
1.285906800E1,-7.583032548E-2,3.907603398E-2,-6.321164221E-2
1.286911300E1,-9.828815609E-2,2.852353826E-2,-6.070815027E-2
1.287915700E1,-1.046754792E-1,1.547191851E-2,-6.010734290E-2
1.288920100E1,-1.017847806E-1,-5.002562422E-3,-6.530918181E-2
1.289924500E1,-1.014721245E-1,-3.281315416E-2,-7.363235950E-2
1.290929000E1,-9.937231988E-2,-5.482670665E-2,-7.585910708E-2
1.291933400E1,-9.463988245E-2,-6.008031964E-2,-6.761129200E-2
1.292937800E1,-8.732222766E-2,-5.931697786E-2,-5.946598202E-2
1.293942300E1,-7.947469503E-2,-4.817484319E-2,-6.081114709E-2
1.294946700E1,-7.369210571E-2,-1.754425652E-2,-6.597600132E-2
1.295951100E1,-6.944490224E-2,3.272397444E-2,-7.932563126E-2
1.296955500E1,-6.425621361E-2,9.508981556E-2,-1.037603617E-1
1.297960000E1,-6.844536960E-2,1.582511961E-1,-1.381825060E-1
1.298964400E1,-8.382016420E-2,2.233040035E-1,-1.798136532E-1
1.299968800E1,-1.048695222E-1,2.856531441E-1,-2.198835760E-1
1.300973300E1,-1.411886662E-1,2.785025537E-1,-2.569740415E-1
1.301977700E1,-2.123757601E-1,1.683616787E-1,-2.877345979E-1
1.302982100E1,-3.085127771E-1,-2.717705071E-2,-3.103563786E-1
1.303986500E1,-3.948005438E-1,-2.137189806E-1,-3.197562695E-1
1.304991000E1,-4.127852917E-1,-2.868169546E-1,-3.178213239E-1
1.305995400E1,-3.605255485E-1,-2.562885880E-1,-3.195734322E-1
1.306999800E1,-2.466561645E-1,-1.730443686E-1,-3.220216334E-1
1.308004200E1,-9.560459852E-2,-3.503909335E-2,-2.987344265E-1
1.309008700E1,6.917423010E-2,1.160055473E-1,-2.397576421E-1
1.310013100E1,2.192575783E-1,2.527188361E-1,-1.510990262E-1
1.311017500E1,3.410519063E-1,3.309919238E-1,-5.485038832E-2
1.312022000E1,4.213589728E-1,3.392724991E-1,2.577308379E-2
1.313026400E1,4.538349509E-1,2.980799079E-1,7.174815238E-2
1.314030800E1,4.469903409E-1,2.063939422E-1,8.230759203E-2
1.315035200E1,4.030026197E-1,8.617072552E-2,6.295214593E-2
1.316039700E1,3.342837393E-1,-5.265959352E-2,2.901654877E-2
1.317044100E1,2.561783791E-1,-1.960540861E-1,-9.037470445E-3
1.318048500E1,1.728941649E-1,-3.057116270E-1,-3.626323119E-2
1.319053000E1,9.463702142E-2,-3.736239076E-1,-4.181873798E-2
1.320057400E1,2.389574051E-2,-4.030774236E-1,-3.353790566E-2
1.321061800E1,-3.106043302E-2,-3.965624571E-1,-2.132456563E-2
1.322066200E1,-6.864882261E-2,-3.751253188E-1,-1.098484267E-2
1.323070700E1,-8.811515570E-2,-3.518153131E-1,-1.133851521E-2
1.324075100E1,-9.916993976E-2,-3.254473805E-1,-3.256817162E-2
1.325079500E1,-9.989770502E-2,-3.005864322E-1,-7.164350897E-2
1.326084000E1,-8.568254858E-2,-2.529803216E-1,-1.159057766E-1
1.327088400E1,-5.147629604E-2,-1.888002008E-1,-1.546723545E-1
1.328092800E1,5.201896653E-3,-1.011097655E-1,-1.867195070E-1
1.329097200E1,6.887396425E-2,2.020712942E-2,-2.014152557E-1
1.330101700E1,1.315280348E-1,1.308486909E-1,-2.066760659E-1
1.331106100E1,1.781313270E-1,2.039656937E-1,-2.059631050E-1
1.332110500E1,2.029578388E-1,2.298750579E-1,-1.890360564E-1
1.333115000E1,2.100557536E-1,2.044468373E-1,-1.786929965E-1
1.334119400E1,2.082796842E-1,1.554188430E-1,-1.779936552E-1
1.335123800E1,1.988193691E-1,8.577542752E-2,-1.961692572E-1
1.336128200E1,1.853586882E-1,6.297912449E-3,-2.280331701E-1
1.337132700E1,1.651213765E-1,-6.831268966E-2,-2.733692229E-1
1.338137100E1,1.450051963E-1,-1.191348583E-1,-3.162663579E-1
1.339141500E1,1.187750176E-1,-1.505906582E-1,-3.514634371E-1
1.340146000E1,8.244657516E-2,-1.603543311E-1,-3.714182377E-1
1.341150400E1,4.497620836E-2,-1.466197222E-1,-3.652786016E-1
1.342154800E1,1.171492320E-2,-1.316125542E-1,-3.214541674E-1
1.343159287E1,-1.526056789E-2,-1.259115338E-1,-2.691498101E-1
1.344163787E1,-2.992846072E-2,-1.449201107E-1,-2.263176292E-1
1.345168187E1,-3.624477983E-2,-1.764909476E-1,-2.167883813E-1
1.346172587E1,-3.279172629E-2,-2.131933123E-1,-2.357213199E-1
1.347176987E1,-2.447802573E-2,-2.396550924E-1,-2.839190960E-1
1.348181487E1,-2.079194412E-2,-2.645492852E-1,-3.485654593E-1
1.349185888E1,-2.620293759E-2,-2.895948887E-1,-4.158922434E-1
1.350190288E1,-3.968119621E-2,-3.121457398E-1,-4.698348343E-1
1.351194788E1,-5.643004179E-2,-3.404592276E-1,-5.103470683E-1
1.352199188E1,-7.246280462E-2,-3.689401448E-1,-5.338657498E-1
1.353203588E1,-8.718397468E-2,-3.910950720E-1,-5.523673892E-1
1.354207988E1,-1.000590250E-1,-4.228793681E-1,-5.671452284E-1
1.355212488E1,-1.100558937E-1,-4.549729526E-1,-5.896938443E-1
1.356216888E1,-1.140993685E-1,-4.773482978E-1,-6.249474287E-1
1.357221288E1,-1.126154214E-1,-4.995431900E-1,-6.726193428E-1
1.358225788E1,-1.086355895E-1,-4.935076833E-1,-7.232319117E-1
1.359230188E1,-8.609282970E-2,-4.400144815E-1,-7.758542299E-1
1.360234587E1,-4.945918545E-2,-3.642832339E-1,-8.234070539E-1
1.361238987E1,-5.951879546E-3,-2.649732828E-1,-8.696949482E-1
1.362243487E1,2.202516049E-2,-1.888627857E-1,-9.148442745E-1
1.363247887E1,3.252271563E-3,-1.710949838E-1,-9.680215120E-1
1.364252287E1,-6.140022725E-2,-1.985479146E-1,-1.023699641E0
1.365256787E1,-1.595136523E-1,-2.346818000E-1,-1.086390257E0
1.366261187E1,-2.547450960E-1,-2.786271572E-1,-1.155475855E0
1.367265587E1,-3.282372355E-1,-3.371941149E-1,-1.227500677E0
1.368269987E1,-3.731594384E-1,-3.853698969E-1,-1.294713259E0
1.369274487E1,-3.815042973E-1,-3.836029768E-1,-1.342040300E0
1.370278888E1,-3.299867511E-1,-2.929297984E-1,-1.362811685E0
1.371283288E1,-2.137291431E-1,-1.625349075E-1,-1.327883840E0
1.372287788E1,-5.597653240E-2,2.102373727E-2,-1.263056397E0
1.373292188E1,1.171584725E-1,1.670788825E-1,-1.198175907E0
1.374296588E1,2.772999406E-1,2.311625332E-1,-1.148628831E0
1.375300988E1,4.139721692E-1,2.261229455E-1,-1.110427976E0
1.376305488E1,4.939996004E-1,1.275748014E-1,-1.084306598E0
1.377309888E1,5.136069059E-1,-5.074105039E-2,-1.070048690E0
1.378314288E1,4.780875146E-1,-2.741493881E-1,-1.070265174E0
1.379318788E1,4.035409391E-1,-5.345289111E-1,-1.091406941E0
1.380323188E1,3.064737618E-1,-8.026977777E-1,-1.137502551E0
1.381327587E1,2.073739469E-1,-1.010629654E0,-1.211968303E0
1.382331987E1,1.045165509E-1,-1.143554330E0,-1.322436810E0
1.383336487E1,7.988885045E-5,-1.193743229E0,-1.468440652E0
1.384340887E1,-8.231218904E-2,-1.142758369E0,-1.634631157E0
1.385345287E1,-1.422262192E-1,-1.017772436E0,-1.775545239E0
1.386349687E1,-1.647549719E-1,-8.457777500E-1,-1.884472609E0
1.387354187E1,-1.718584150E-1,-6.807235479E-1,-1.969471574E0
1.388358587E1,-1.764779240E-1,-5.310965180E-1,-2.028756857E0
1.389362987E1,-1.878414452E-1,-3.987353146E-1,-2.060974360E0
1.390367487E1,-2.093427479E-1,-3.008838296E-1,-2.056645632E0
1.391371887E1,-2.410601974E-1,-2.457282394E-1,-2.023271561E0
1.392376288E1,-2.685911655E-1,-2.444307357E-1,-1.972220302E0
1.393380688E1,-2.741869092E-1,-3.010224700E-1,-1.915800929E0
1.394385188E1,-2.547253072E-1,-3.734263778E-1,-1.865940452E0
1.395389588E1,-2.061398923E-1,-4.567730427E-1,-1.826644421E0
1.396393988E1,-1.462512612E-1,-5.427966118E-1,-1.799464703E0
1.397398488E1,-8.355759829E-2,-6.215710044E-1,-1.785034657E0
1.398402888E1,-4.092704132E-2,-6.975539327E-1,-1.774415016E0
1.399407288E1,-3.046149202E-2,-7.638995051E-1,-1.761669159E0
1.400411688E1,-4.862638190E-2,-8.234803081E-1,-1.748168826E0
1.401416188E1,-9.809162468E-2,-8.718279004E-1,-1.734272480E0
1.402420588E1,-1.629129648E-1,-9.041432142E-1,-1.725998521E0
1.403424987E1,-2.306308150E-1,-9.347793460E-1,-1.728464723E0
1.404429487E1,-2.966766655E-1,-9.624645114E-1,-1.744745374E0
1.405433887E1,-3.494324982E-1,-9.852581024E-1,-1.774806857E0
1.406438287E1,-3.911559880E-1,-9.944414496E-1,-1.801292419E0
1.407442687E1,-4.282508194E-1,-9.941693544E-1,-1.829562187E0
1.408447187E1,-4.603094161E-1,-9.752902389E-1,-1.846891880E0
1.409451587E1,-4.773686528E-1,-9.212029576E-1,-1.856570721E0
1.410455987E1,-4.783063531E-1,-8.529487848E-1,-1.859566689E0
1.411460388E1,-4.675197303E-1,-7.835268378E-1,-1.838779807E0
1.412464887E1,-4.452354610E-1,-7.013866901E-1,-1.799686670E0
1.413469288E1,-4.216798544E-1,-6.232711077E-1,-1.737426996E0
1.414473688E1,-3.919033408E-1,-5.709308982E-1,-1.650984049E0
1.415478188E1,-3.522617221E-1,-5.877622366E-1,-1.531816721E0
1.416482588E1,-3.027599454E-1,-7.024139762E-1,-1.388759375E0
1.417486988E1,-2.564294040E-1,-8.376325965E-1,-1.241059899E0
1.418491388E1,-2.527899146E-1,-1.028070092E0,-1.121331096E0
1.419495888E1,-2.750845253E-1,-1.071472645E0,-1.014862061E0
1.420500288E1,-2.624632716E-1,-9.409270883E-1,-9.444695115E-1
1.421504688E1,-2.354783863E-1,-8.354192972E-1,-9.119098186E-1
1.422509188E1,-1.853962988E-1,-6.552873850E-1,-8.896329999E-1
1.423513588E1,-1.125987321E-1,-3.703839481E-1,-8.678562641E-1
1.424517987E1,-4.687271640E-2,-1.205208600E-1,-8.587508798E-1
1.425522387E1,-1.099077240E-2,-3.124567494E-2,-8.721800447E-1
1.426526887E1,-1.997973956E-2,-1.105594039E-1,-9.061659575E-1
1.427531287E1,-5.513011292E-2,-2.420872450E-1,-9.428524375E-1
1.428535687E1,-9.708874673E-2,-3.934900761E-1,-9.809649587E-1
1.429540187E1,-1.235154644E-1,-5.408229232E-1,-1.028964281E0
1.430544587E1,-1.289584190E-1,-6.495470405E-1,-1.101065159E0
1.431548987E1,-9.361419082E-2,-6.359930634E-1,-1.167535424E0
1.432553387E1,-3.211167827E-2,-5.284085274E-1,-1.222250342E0
1.433557887E1,4.809439555E-2,-3.801932335E-1,-1.241515517E0
1.434562288E1,1.395060569E-1,-1.881758571E-1,-1.210391402E0
1.435566688E1,2.306075692E-1,3.794972599E-2,-1.133411884E0
1.436571088E1,3.004425764E-1,2.393528819E-1,-1.027763486E0
1.437575588E1,3.363349438E-1,3.477199972E-1,-9.175642729E-1
1.438579988E1,3.396713734E-1,3.521155417E-1,-8.062857389E-1
1.439584388E1,3.136171401E-1,2.412253469E-1,-7.099109292E-1
1.440588888E1,2.650125921E-1,2.560837194E-2,-6.285004616E-1
1.441593288E1,1.922458708E-1,-2.625690401E-1,-5.631822944E-1
1.442597688E1,1.089805365E-1,-5.882861614E-1,-5.138581395E-1
1.443602088E1,3.707817942E-2,-8.796208501E-1,-4.784883857E-1
1.444606588E1,-8.632317185E-3,-1.114581704E0,-4.841175079E-1
1.445610987E1,-3.743313253E-2,-1.331339955E0,-5.253387690E-1
1.446615387E1,-5.230955034E-2,-1.453538895E0,-5.811823606E-1
1.447619887E1,-4.062595963E-2,-1.407333493E0,-6.337747574E-1
1.448624287E1,-1.364707574E-2,-1.230905533E0,-6.688805223E-1
1.449628687E1,1.996925659E-2,-9.610237479E-1,-6.818695664E-1
1.450633087E1,5.141825974E-2,-6.469835043E-1,-6.688038111E-1
1.451637587E1,6.664568186E-2,-3.479656577E-1,-6.364730597E-1
1.452641987E1,5.891159922E-2,-1.168842390E-1,-5.818875432E-1
1.453646387E1,3.571593761E-2,5.654510111E-2,-5.108001828E-1
1.454650788E1,-2.195224632E-3,1.802699715E-1,-4.311905503E-1
1.455655288E1,-3.651398420E-2,2.401053607E-1,-3.576208651E-1
1.456659688E1,-5.950238928E-2,2.428135276E-1,-2.946254015E-1
1.457664088E1,-6.178000569E-2,2.093545943E-1,-2.458069772E-1
1.458668588E1,-4.420368001E-2,1.514161974E-1,-2.094289958E-1
1.459672988E1,-1.137171406E-2,8.923637122E-2,-1.839326173E-1
1.460677388E1,3.029557317E-2,3.225351498E-2,-1.582291126E-1
1.461681788E1,7.816007733E-2,-2.829464339E-2,-1.355476677E-1
1.462686288E1,1.214907765E-1,-9.602016211E-2,-1.142559648E-1
1.463690688E1,1.631687582E-1,-1.681064069E-1,-9.767536074E-2
1.464695088E1,1.997355670E-1,-2.231776565E-1,-8.241091669E-2
1.465699588E1,2.326682210E-1,-2.541320622E-1,-7.073345035E-2
1.466703987E1,2.571629286E-1,-2.626563013E-1,-6.609368324E-2
1.467708387E1,2.723747790E-1,-2.579340637E-1,-6.966981292E-2
1.468712787E1,2.760851085E-1,-2.401979566E-1,-7.765956223E-2
1.469717287E1,2.735859156E-1,-2.209679484E-1,-9.180145711E-2
1.470721687E1,2.698644102E-1,-1.892337203E-1,-9.942262620E-2
1.471726087E1,2.588521838E-1,-1.559357941E-1,-9.141125530E-2
1.472730487E1,2.386561185E-1,-1.444093585E-1,-7.566611469E-2
1.473734987E1,2.133074403E-1,-1.644972265E-1,-5.790280178E-2
1.474739387E1,1.988528669E-1,-1.815366745E-1,-3.448562324E-2
1.475743788E1,1.947961748E-1,-1.719837189E-1,-1.333690993E-2
1.476748287E1,1.988327354E-1,-1.671863049E-1,-7.053714246E-3
1.477752688E1,2.174813151E-1,-1.805210710E-1,-1.630056836E-2
1.478757088E1,2.379487753E-1,-2.006694824E-1,-4.529466853E-2
1.479761488E1,2.588940859E-1,-2.265159339E-1,-8.645951748E-2
1.480765988E1,2.737619877E-1,-2.699619532E-1,-1.314088851E-1
1.481770388E1,2.765236199E-1,-3.195205629E-1,-1.669782847E-1
1.482774788E1,2.635351419E-1,-3.726897836E-1,-1.885205954E-1
1.483779288E1,2.514438927E-1,-3.994897902E-1,-1.956477612E-1
1.484783688E1,2.384905517E-1,-3.938761055E-1,-1.961401701E-1
1.485788088E1,2.146534771E-1,-3.707808554E-1,-1.980419010E-1
1.486792487E1,1.731664836E-1,-3.567539752E-1,-2.081624418E-1
1.487796988E1,1.031534448E-1,-3.842127621E-1,-2.276818901E-1
1.488801387E1,2.828171942E-3,-4.849063456E-1,-2.462321371E-1
1.489805787E1,-1.143935546E-1,-6.162312627E-1,-2.566878796E-1
1.490810287E1,-2.327550948E-1,-7.312231064E-1,-2.566242218E-1
1.491814687E1,-3.257772923E-1,-8.014114499E-1,-2.485242039E-1
1.492819087E1,-3.734665215E-1,-8.291117549E-1,-2.509492934E-1
1.493823487E1,-3.641362488E-1,-8.033009768E-1,-2.702195048E-1
1.494827987E1,-2.968855798E-1,-7.229576707E-1,-3.183577359E-1
1.495832387E1,-1.840083748E-1,-5.822011232E-1,-3.782226443E-1
1.496836788E1,-4.796372727E-2,-3.693008423E-1,-4.262367785E-1
1.497841188E1,8.799554408E-2,-1.151461303E-1,-4.449850321E-1
1.498845688E1,1.988624036E-1,1.553897560E-1,-4.479424953E-1
1.499850088E1,2.814320326E-1,4.013254344E-1,-4.428220093E-1
1.500854488E1,3.376201987E-1,5.303966403E-1,-4.272923172E-1
1.501858988E1,3.728638291E-1,5.363546610E-1,-3.712419868E-1
1.502863388E1,3.896231055E-1,4.581584334E-1,-3.069580793E-1
1.503867788E1,3.895195425E-1,3.117155135E-1,-2.694149315E-1
1.504872188E1,3.677181005E-1,1.150900647E-1,-2.796808779E-1
1.505876688E1,3.302534521E-1,-1.134019345E-1,-3.422566950E-1
1.506881088E1,2.829112411E-1,-3.240625262E-1,-4.466315806E-1
1.507885487E1,2.250984609E-1,-4.841423333E-1,-5.655857921E-1
1.508889887E1,1.639136672E-1,-5.708311796E-1,-6.674714088E-1
1.509894387E1,9.382411093E-2,-5.980257392E-1,-7.446347475E-1
1.510898787E1,1.377055887E-2,-5.780237913E-1,-7.893202305E-1
1.511903187E1,-6.622441858E-2,-5.260816216E-1,-7.994053960E-1
1.512907687E1,-1.479786783E-1,-4.557872117E-1,-7.818354964E-1
1.513912087E1,-2.182976156E-1,-3.793780804E-1,-7.380509973E-1
1.514916487E1,-2.757569253E-1,-3.048055768E-1,-6.837406158E-1
1.515920887E1,-3.081510663E-1,-2.325006872E-1,-6.244062781E-1
1.516925387E1,-3.134241402E-1,-1.467751414E-1,-5.576011539E-1
1.517929788E1,-2.875094712E-1,-5.831777304E-2,-4.919453561E-1
1.518934188E1,-2.296554595E-1,1.678363606E-2,-4.362474680E-1
1.519938688E1,-1.494367272E-1,7.046300918E-2,-3.838648200E-1
1.520943088E1,-6.164056808E-2,9.357285500E-2,-3.396702111E-1
1.521947488E1,2.613810264E-2,8.694307506E-2,-2.948841155E-1
1.522951888E1,1.032672375E-1,5.431908369E-2,-2.580339313E-1
1.523956388E1,1.695539057E-1,1.429249998E-2,-2.295111716E-1
1.524960788E1,2.098493874E-1,-5.030060932E-2,-2.123233974E-1
1.525965188E1,2.336979657E-1,-1.241341978E-1,-2.000696212E-1
1.526969588E1,2.391965985E-1,-1.918621063E-1,-2.014821619E-1
1.527974088E1,2.249871790E-1,-2.361137569E-1,-1.989140511E-1
1.528978487E1,2.003638446E-1,-2.549010217E-1,-2.037290484E-1
1.529982887E1,1.629665196E-1,-2.276180685E-1,-2.174319178E-1
1.530987387E1,1.258737594E-1,-1.738291383E-1,-2.275982797E-1
1.531991787E1,8.891072869E-2,-9.700739384E-2,-2.255515903E-1
1.532996187E1,5.622122437E-2,-1.327201631E-2,-2.114613354E-1
1.534000587E1,3.539678082E-2,5.351878703E-2,-1.826000363E-1
1.535005087E1,2.658624761E-2,1.000292972E-1,-1.531779617E-1
1.536009487E1,3.187287971E-2,1.341968030E-1,-1.288966238E-1
1.537013887E1,5.378164351E-2,1.503073275E-1,-1.157954782E-1
1.538018387E1,9.591898322E-2,1.502072364E-1,-1.072144583E-1
1.539022787E1,1.467837542E-1,1.304313987E-1,-1.053558365E-1
1.540027188E1,1.991314590E-1,8.843897283E-2,-1.098692417E-1
1.541031588E1,2.433399260E-1,6.063503772E-2,-1.206172258E-1
1.542036088E1,2.777895629E-1,7.268144190E-2,-1.264512837E-1
1.543040475E1,2.967413962E-1,1.420658380E-1,-1.214948818E-1
1.544044875E1,3.100995421E-1,2.700080276E-1,-1.083595827E-1
1.545049275E1,3.210022449E-1,4.631314278E-1,-8.757201582E-2
1.546053775E1,3.334474266E-1,7.084536552E-1,-6.201951578E-2
1.547058175E1,3.277908862E-1,9.330790639E-1,-3.141180426E-2
1.548062575E1,2.996474206E-1,1.083435774E0,6.277685054E-3
1.549067075E1,2.324209809E-1,1.066523671E0,2.923333272E-2
1.550071475E1,1.234865040E-1,8.569809198E-1,2.658105269E-2
1.551075875E1,-5.485860631E-3,5.429878831E-1,3.423800226E-3
1.552080275E1,-1.268189847E-1,2.349659503E-1,-3.603163362E-2
1.553084775E1,-2.099626064E-1,-1.245049201E-2,-8.446547389E-2
1.554089175E1,-2.409926802E-1,-1.613871902E-1,-1.341778636E-1
1.555093575E1,-2.146705389E-1,-1.821220368E-1,-1.700868607E-1
1.556097975E1,-1.465591639E-1,-9.137874842E-2,-1.678525060E-1
1.557102475E1,-5.411366001E-2,7.389356941E-2,-1.240624115E-1
1.558106875E1,4.601082951E-2,2.926560640E-1,-2.737041004E-2
1.559111275E1,1.418231130E-1,5.221172571E-1,1.036789566E-1
1.560115775E1,2.232350260E-1,7.190465331E-1,2.514910996E-1
1.561120175E1,2.772955894E-1,8.302044868E-1,3.835040033E-1
1.562124575E1,2.994240224E-1,8.278462887E-1,4.958211482E-1
1.563128975E1,2.853396237E-1,6.772227287E-1,5.616763234E-1
1.564133475E1,2.338789552E-1,4.031262398E-1,5.750522017E-1
1.565137875E1,1.618918478E-1,7.529509813E-2,5.457124114E-1
1.566142275E1,8.147265017E-2,-2.069712132E-1,4.761684835E-1
1.567146775E1,-8.407083806E-5,-3.925951123E-1,3.791402578E-1
1.568151175E1,-6.594269723E-2,-4.431574047E-1,2.815988660E-1
1.569155575E1,-1.277261823E-1,-3.858291209E-1,2.017208040E-1
1.570159975E1,-1.759749651E-1,-2.593531013E-1,1.629236042E-1
1.571164475E1,-2.032188475E-1,-9.921535850E-2,1.712305397E-1
1.572168875E1,-2.128992081E-1,4.841465130E-2,2.118519843E-1
1.573173275E1,-2.087489367E-1,1.343897432E-1,2.554790676E-1
1.574177675E1,-1.944341063E-1,1.489991099E-1,2.942764461E-1
1.575182175E1,-1.656725109E-1,1.314230412E-1,3.190787435E-1
1.576186575E1,-1.265603304E-1,1.302168369E-1,3.315746486E-1
1.577190975E1,-6.973673403E-2,1.537429243E-1,3.504047692E-1
1.578195475E1,6.576630287E-3,2.245087922E-1,3.759002686E-1
1.579199875E1,9.123266488E-2,3.234233856E-1,4.062229991E-1
1.580204275E1,1.655251235E-1,4.280363321E-1,4.373534620E-1
1.581208675E1,2.178839445E-1,5.285328627E-1,4.771152437E-1
1.582213175E1,2.501313388E-1,6.145894527E-1,5.152732730E-1
1.583217575E1,2.548241019E-1,6.615670919E-1,5.519080162E-1
1.584221975E1,2.385559678E-1,6.641582251E-1,5.803177357E-1
1.585226375E1,2.158895433E-1,6.252436042E-1,5.956165791E-1
1.586230875E1,1.985855997E-1,5.546743870E-1,5.807374716E-1
1.587235275E1,1.878488064E-1,4.731686115E-1,5.493475795E-1
1.588239675E1,1.960816979E-1,3.832773268E-1,5.075258017E-1
1.589244175E1,2.209132761E-1,3.056725562E-1,4.548610151E-1
1.590248575E1,2.436230481E-1,2.469479293E-1,4.001725614E-1
1.591252975E1,2.548613250E-1,1.579291075E-1,3.476350605E-1
1.592257375E1,2.477177680E-1,5.716760829E-2,3.073411286E-1
1.593261875E1,2.267560363E-1,4.021034576E-3,2.918119729E-1
1.594266275E1,2.027969360E-1,-1.897492260E-2,3.058126271E-1
1.595270675E1,1.911485493E-1,-1.886067167E-2,3.296875954E-1
1.596275075E1,1.984219551E-1,1.006678026E-2,3.443539143E-1
1.597279575E1,2.247622162E-1,5.420494825E-2,3.314711452E-1
1.598283975E1,2.618600428E-1,9.395169467E-2,3.040726781E-1
1.599288375E1,2.956366241E-1,1.384246200E-1,2.730095685E-1
1.600292875E1,3.128528893E-1,1.375585198E-1,2.376576662E-1
1.601297275E1,3.046431541E-1,9.177850932E-2,2.040041089E-1
1.602301675E1,2.793979943E-1,5.472550914E-2,1.620324999E-1
1.603306075E1,2.435606420E-1,2.181229927E-2,1.111445501E-1
1.604310575E1,2.080972940E-1,-8.330831304E-3,5.044851825E-2
1.605314975E1,1.840609312E-1,2.361511812E-2,-1.717212610E-3
1.606319375E1,1.554750055E-1,1.100414693E-1,-5.202271417E-2
1.607323875E1,1.138655171E-1,1.949595511E-1,-9.714651108E-2
1.608328275E1,3.906932473E-2,2.259586155E-1,-1.485403329E-1
1.609332675E1,-8.310611546E-2,1.544218510E-1,-2.160850316E-1
1.610337075E1,-2.613549531E-1,-3.817631677E-2,-2.949041724E-1
1.611341575E1,-4.788073897E-1,-2.735669911E-1,-3.762046099E-1
1.612345975E1,-7.029256821E-1,-4.562832415E-1,-4.464650154E-1
1.613350375E1,-8.847476840E-1,-5.490248799E-1,-4.860259891E-1
1.614354775E1,-9.871280789E-1,-4.948285222E-1,-4.864373207E-1
1.615359275E1,-9.930869341E-1,-2.960280776E-1,-4.506705403E-1
1.616363675E1,-9.018465877E-1,-4.653737321E-2,-3.797776699E-1
1.617368075E1,-7.264630198E-1,2.133349478E-1,-2.866418660E-1
1.618372475E1,-4.948356450E-1,4.234973788E-1,-1.829995066E-1
1.619376975E1,-2.450449914E-1,5.354801416E-1,-8.836806566E-2
1.620381375E1,-1.638131589E-2,5.497722626E-1,-1.271265559E-2
1.621385775E1,1.716714054E-1,4.992235601E-1,4.726785794E-2
1.622390275E1,3.159119487E-1,4.174073935E-1,9.658493102E-2
1.623394675E1,4.035022557E-1,3.172656000E-1,1.250674427E-1
1.624399075E1,4.342367947E-1,1.961953044E-1,1.346601844E-1
1.625403475E1,4.097378552E-1,6.063988060E-2,1.414312720E-1
1.626407975E1,3.422100544E-1,-7.592791319E-2,1.427531093E-1
1.627412375E1,2.535843253E-1,-1.845545173E-1,1.413112730E-1
1.628416775E1,1.522378772E-1,-2.803008854E-1,1.116566435E-1
1.629421175E1,4.656843469E-2,-3.458679020E-1,4.044717550E-2
1.630425675E1,-5.635857210E-2,-3.840310872E-1,-6.388778239E-2
1.631430075E1,-1.430540532E-1,-3.837575614E-1,-1.910060495E-1
1.632434475E1,-2.169074267E-1,-3.211472034E-1,-3.244704008E-1
1.633438975E1,-2.690627873E-1,-2.222576439E-1,-4.430748224E-1
1.634443375E1,-3.061856627E-1,-8.769956231E-2,-5.259678960E-1
1.635447775E1,-3.322124481E-1,5.949494615E-2,-5.648223162E-1
1.636452175E1,-3.411491811E-1,2.051609904E-1,-5.552437305E-1
1.637456675E1,-3.304376602E-1,3.345544040E-1,-5.049677491E-1
1.638461075E1,-3.003067672E-1,4.438730180E-1,-4.237571359E-1
1.639465475E1,-2.580525279E-1,5.003253222E-1,-3.195577562E-1
1.640469975E1,-1.955999285E-1,4.993964136E-1,-2.117090523E-1
1.641474375E1,-1.284078360E-1,4.359481931E-1,-1.106516644E-1
1.642478775E1,-4.928886145E-2,3.409708738E-1,-2.074405178E-2
1.643483167E1,2.907492220E-2,2.484715581E-1,4.945527762E-2
1.644487667E1,8.325733244E-2,1.641856432E-1,1.018675938E-1
1.645492067E1,1.157231256E-1,1.124372184E-1,1.292438358E-1
1.646496467E1,1.207655221E-1,9.029480070E-2,1.183587462E-1
1.647500867E1,9.821600467E-2,8.628993481E-2,7.040639222E-2
1.648505367E1,5.480616540E-2,8.785519004E-2,-5.158664659E-3
1.649509767E1,-1.061092480E-3,6.977605075E-2,-9.197185189E-2
1.650514167E1,-6.081195176E-2,5.151292682E-2,-1.746861935E-1
1.651518567E1,-1.058151126E-1,5.185620859E-2,-2.359157205E-1
1.652523067E1,-1.309223175E-1,7.266171277E-2,-2.628335357E-1
1.653527467E1,-1.326429844E-1,9.264686704E-2,-2.595613003E-1
1.654531867E1,-1.133639812E-1,1.172573566E-1,-2.376774251E-1
1.655536367E1,-8.162655681E-2,1.407959610E-1,-1.989239007E-1
1.656540767E1,-4.578041658E-2,1.631228030E-1,-1.315624863E-1
1.657545167E1,-1.320596319E-2,1.544606090E-1,-5.242479593E-2
1.658549567E1,1.195022138E-3,1.241954118E-1,2.710271254E-2
1.659554067E1,-1.089200005E-2,6.486470252E-2,1.045218706E-1
1.660558467E1,-5.352612212E-2,-3.573371097E-2,1.668591648E-1
1.661562867E1,-1.183884740E-1,-1.454628706E-1,1.982578337E-1
1.662567267E1,-1.841683984E-1,-2.332041115E-1,1.895001382E-1
1.663571767E1,-1.956908405E-1,-1.987635791E-1,1.491306126E-1
1.664576167E1,-1.179062128E-1,-1.192063093E-2,8.298402280E-2
1.665580567E1,4.281182960E-2,3.072131574E-1,2.213371918E-2
1.666585067E1,2.415174991E-1,6.499413252E-1,-1.805742458E-2
1.667589467E1,4.284762144E-1,9.208596349E-1,-4.258407280E-2
1.668593867E1,5.064780116E-1,1.143932581E0,-3.242988139E-2
1.669598267E1,-3.017315641E-2,1.243998408E0,1.211857721E-1
1.670602767E1,-6.111707091E-1,6.634548903E-1,2.628705502E-1
1.671607167E1,-7.566581368E-1,1.776463836E-1,1.982838362E-1
1.672611567E1,-4.412629604E-1,-6.200248003E-2,1.564062387E-2
1.673616067E1,6.462563761E-5,-2.260705233E-1,-1.268699169E-1
1.674620467E1,3.375414610E-1,-3.178300858E-1,-1.784056276E-1
1.675624867E1,5.474230051E-1,-4.392380118E-1,-1.739293933E-1
1.676629267E1,6.220788360E-1,-5.918098688E-1,-1.435664594E-1
1.677633767E1,5.471603870E-1,-7.611885071E-1,-7.704789191E-2
1.678638167E1,3.292565048E-1,-9.628332257E-1,2.368925139E-2
1.679642567E1,3.500916436E-2,-1.131783962E0,1.233098432E-1
1.680646967E1,-2.617982924E-1,-1.163195133E0,1.976263076E-1