"Time (s)","w","x","y","z","Direct (°)","Yaw (°)","Pitch (°)","Roll (°)"
4.473833309E-3,6.513311065E-1,1.911219995E-1,-1.602280803E-1,-7.166359834E-1,9.871592613E1,2.866180114E1,3.738723566E0,-9.451084093E1
1.451783336E-2,6.513272079E-1,1.904200029E-1,-1.602778544E-1,-7.168152129E-1,9.871651488E1,2.860827190E1,3.681222289E0,-9.454197827E1
2.456283337E-2,6.512302438E-1,1.896757620E-1,-1.604197115E-1,-7.170689633E-1,9.873115735E1,2.855885684E1,3.616668808E0,-9.458880079E1
3.460683336E-2,6.510650782E-1,1.889238517E-1,-1.606184655E-1,-7.173727920E-1,9.875609516E1,2.851350165E1,3.549538526E0,-9.464601454E1
4.465183336E-2,6.508975287E-1,1.882602654E-1,-1.608038958E-1,-7.176576784E-1,9.878138817E1,2.847432588E1,3.490275641E0,-9.469967468E1
5.469583336E-2,6.507849702E-1,1.876998269E-1,-1.608969468E-1,-7.178856349E-1,9.879837712E1,2.843592863E1,3.444140057E0,-9.474058805E1
6.473983335E-2,6.507345573E-1,1.871980317E-1,-1.608682817E-1,-7.180688946E-1,9.880598546E1,2.839212265E1,3.409797323E0,-9.476966693E1
7.478483336E-2,6.507296946E-1,1.867271039E-1,-1.607383641E-1,-7.182249802E-1,9.880671932E1,2.834230494E1,3.384119258E0,-9.479055121E1
8.482883335E-2,6.507358639E-1,1.862556453E-1,-1.605711082E-1,-7.183792219E-1,9.880578828E1,2.828928071E1,3.360927331E0,-9.480977091E1
9.487383335E-2,6.507136262E-1,1.857794149E-1,-1.604214790E-1,-7.185559700E-1,9.880914428E1,2.823728947E1,3.337012327E0,-9.483337772E1
1.049178333E-1,6.506490598E-1,1.852158233E-1,-1.603399288E-1,-7.187780812E-1,9.881888781E1,2.818389504E1,3.302529414E0,-9.486697111E1
1.149618333E-1,6.505685962E-1,1.844627197E-1,-1.603236206E-1,-7.190481213E-1,9.883102936E1,2.812063905E1,3.248813843E0,-9.491083418E1
1.250068333E-1,6.505070987E-1,1.834423946E-1,-1.603427052E-1,-7.193605612E-1,9.884030828E1,2.803879353E1,3.170895002E0,-9.496293327E1
1.350508333E-1,6.504666035E-1,1.821419101E-1,-1.603882884E-1,-7.197174107E-1,9.884641796E1,2.793662052E1,3.068335142E0,-9.502328747E1
1.450958333E-1,6.504224547E-1,1.806635969E-1,-1.605006222E-1,-7.201046348E-1,9.885307856E1,2.782593535E1,2.946701226E0,-9.509110238E1
1.551398333E-1,6.503528518E-1,1.791932211E-1,-1.606811359E-1,-7.204946381E-1,9.886357866E1,2.772194829E1,2.821045431E0,-9.516193505E1
1.651838333E-1,6.502695828E-1,1.778068077E-1,-1.609085741E-1,-7.208623983E-1,9.887613931E1,2.762902111E1,2.698516130E0,-9.523088742E1
1.752288333E-1,6.501998561E-1,1.765015817E-1,-1.611512991E-1,-7.211917496E-1,9.888665628E1,2.754424803E1,2.580435157E0,-9.529410429E1
1.852728333E-1,6.501628986E-1,1.752621957E-1,-1.613993281E-1,-7.214719787E-1,9.889223029E1,2.746554696E1,2.465729530E0,-9.534942056E1
1.953178333E-1,6.501579384E-1,1.740728610E-1,-1.616659207E-1,-7.217045318E-1,9.889297838E1,2.739274814E1,2.352170082E0,-9.539755664E1
2.053618333E-1,6.501947589E-1,1.729114081E-1,-1.619247356E-1,-7.218924383E-1,9.888742505E1,2.732178101E1,2.239783853E0,-9.543802667E1
2.154058333E-1,6.502735446E-1,1.717840761E-1,-1.621154593E-1,-7.220479048E-1,9.887554172E1,2.724787932E1,2.133837174E0,-9.547061870E1
2.254508333E-1,6.503659542E-1,1.707188497E-1,-1.622298949E-1,-7.221916019E-1,9.886160213E1,2.717246923E1,2.038202281E0,-9.549846664E1
2.354948333E-1,6.504112778E-1,1.696992947E-1,-1.623780427E-1,-7.223577711E-1,9.885476472E1,2.710362753E1,1.945117732E0,-9.553134486E1
2.455398333E-1,6.503406950E-1,1.687186890E-1,-1.626769021E-1,-7.225837072E-1,9.886541251E1,2.705084248E1,1.847302912E0,-9.557982818E1
2.555838333E-1,6.501181623E-1,1.678623095E-1,-1.631977295E-1,-7.228659198E-1,9.889897720E1,2.702711217E1,1.747119914E0,-9.564606448E1
2.656278333E-1,6.497285200E-1,1.671503442E-1,-1.639949157E-1,-7.232006870E-1,9.895772686E1,2.703881016E1,1.642444579E0,-9.573157902E1
2.756728333E-1,6.491520459E-1,1.665109015E-1,-1.651005026E-1,-7.236142213E-1,9.904459952E1,2.708303982E1,1.525889884E0,-9.584211381E1
2.857168333E-1,6.483668106E-1,1.658721288E-1,-1.664951158E-1,-7.241451426E-1,9.916284145E1,2.715249474E1,1.394211409E0,-9.598364047E1
2.957608333E-1,6.473758012E-1,1.651546758E-1,-1.681092430E-1,-7.248224951E-1,9.931192103E1,2.723501116E1,1.246621704E0,-9.615866657E1
3.058058333E-1,6.461864857E-1,1.643480381E-1,-1.698833194E-1,-7.256531410E-1,9.949061504E1,2.732480763E1,1.086778740E0,-9.636636810E1
3.158498334E-1,6.448240493E-1,1.634271927E-1,-1.717895792E-1,-7.266236117E-1,9.969503086E1,2.741775534E1,9.140216067E-1,-9.660372274E1
3.258948333E-1,6.433207818E-1,1.624034958E-1,-1.737811153E-1,-7.277112269E-1,9.992022019E1,2.751092245E1,7.317837437E-1,-9.686536829E1
3.359388334E-1,6.417231818E-1,1.612865503E-1,-1.757892137E-1,-7.288868527E-1,1.001591337E2,2.759925142E1,5.445051706E-1,-9.714387982E1
3.459828334E-1,6.400697636E-1,1.600675403E-1,-1.777831146E-1,-7.301247030E-1,1.004059564E2,2.767950268E1,3.524479505E-1,-9.743378411E1
3.560278334E-1,6.384360095E-1,1.588747997E-1,-1.796815621E-1,-7.313499698E-1,1.006494094E2,2.775456512E1,1.693551618E-1,-9.771913143E1
3.660718334E-1,6.369465557E-1,1.579192865E-1,-1.812877594E-1,-7.324584161E-1,1.008709863E2,2.782313748E1,2.276894302E-2,-9.797385305E1
3.761168334E-1,6.357765697E-1,1.574496270E-1,-1.823796539E-1,-7.333044614E-1,1.010447900E2,2.788415696E1,-5.663078765E-2,-9.816334018E1
3.861608334E-1,6.350439574E-1,1.576558911E-1,-1.827985751E-1,-7.337905147E-1,1.011535104E2,2.793753711E1,-4.569145063E-2,-9.826361093E1
3.962048333E-1,6.346960088E-1,1.585256637E-1,-1.826459522E-1,-7.339420590E-1,1.012051167E2,2.799110478E1,4.858627493E-2,-9.828291034E1
4.062498334E-1,6.345305929E-1,1.599381561E-1,-1.822069888E-1,-7.338878897E-1,1.012296438E2,2.806112300E1,2.017694793E-1,-9.825520440E1
4.162938333E-1,6.344261162E-1,1.618440958E-1,-1.815816599E-1,-7.337152931E-1,1.012451329E2,2.815293034E1,4.064987392E-1,-9.819969381E1
4.263388333E-1,6.343343309E-1,1.640192341E-1,-1.808089581E-1,-7.335024410E-1,1.012587390E2,2.825285329E1,6.434656613E-1,-9.813143203E1
4.363828333E-1,6.342393635E-1,1.659606826E-1,-1.800044630E-1,-7.333456231E-1,1.012728154E2,2.833217293E1,8.641246388E-1,-9.807161813E1
4.464268333E-1,6.341068801E-1,1.672101911E-1,-1.792719066E-1,-7.333557963E-1,1.012924503E2,2.836420199E1,1.025306942E0,-9.804325729E1
4.564718333E-1,6.338605213E-1,1.674484084E-1,-1.787021833E-1,-7.336534900E-1,1.013289548E2,2.833173984E1,1.097493303E0,-9.807038988E1
4.665158333E-1,6.334379833E-1,1.665463829E-1,-1.783592752E-1,-7.343068241E-1,1.013915427E2,2.823028956E1,1.067666179E0,-9.816716919E1
4.765598333E-1,6.328557351E-1,1.646038313E-1,-1.782349242E-1,-7.352764018E-1,1.014777417E2,2.806731656E1,9.433968744E-1,-9.832672860E1
4.866048333E-1,6.321971537E-1,1.620218179E-1,-1.781983750E-1,-7.364244767E-1,1.015751776E2,2.786307878E1,7.632398260E-1,-9.852057105E1
4.966488333E-1,6.315349477E-1,1.593837900E-1,-1.780781024E-1,-7.375964067E-1,1.016730816E2,2.764788612E1,5.842398018E-1,-9.871551246E1
5.066938333E-1,6.308858336E-1,1.572059794E-1,-1.777411581E-1,-7.386998639E-1,1.017689840E2,2.744955553E1,4.576442357E-1,-9.889033534E1
5.167378333E-1,6.302405601E-1,1.557028298E-1,-1.771367124E-1,-7.397135009E-1,1.018642543E2,2.727957695E1,4.052844499E-1,-9.903924122E1
5.267818333E-1,6.295892279E-1,1.547658922E-1,-1.763215001E-1,-7.406589337E-1,1.019603540E2,2.713431675E1,4.146673365E-1,-9.916824289E1
5.368268333E-1,6.289729672E-1,1.541468663E-1,-1.753469958E-1,-7.415424897E-1,1.020512190E2,2.699916878E1,4.604259038E-1,-9.928055291E1
5.468708333E-1,6.284635594E-1,1.535694360E-1,-1.742521867E-1,-7.423518146E-1,1.021262850E2,2.685644582E1,5.146834552E-1,-9.937564869E1
5.569158333E-1,6.281068284E-1,1.528592794E-1,-1.731137404E-1,-7.430663722E-1,1.021788290E2,2.669974674E1,5.558543054E-1,-9.945307007E1
5.669598333E-1,6.278894561E-1,1.519606625E-1,-1.720817155E-1,-7.436738558E-1,1.022108370E2,2.653832465E1,5.684839658E-1,-9.951663507E1
5.770038333E-1,6.277356201E-1,1.509219725E-1,-1.713363715E-1,-7.441871202E-1,1.022334848E2,2.639205566E1,5.454920995E-1,-9.957559617E1
5.870488333E-1,6.275630024E-1,1.498536507E-1,-1.709928372E-1,-7.446274546E-1,1.022588935E2,2.627968671E1,4.900412126E-1,-9.963803850E1
5.970928333E-1,6.273332757E-1,1.488759663E-1,-1.710784414E-1,-7.449972774E-1,1.022927013E2,2.621284696E1,4.112715497E-1,-9.970537923E1
6.071368334E-1,6.270540792E-1,1.480369121E-1,-1.715311565E-1,-7.452955243E-1,1.023337786E2,2.618965765E1,3.176421668E-1,-9.977498742E1
6.171818333E-1,6.267557638E-1,1.474075622E-1,-1.721991340E-1,-7.455171325E-1,1.023776556E2,2.620188059E1,2.255240247E-1,-9.984003327E1
6.272258334E-1,6.264800760E-1,1.470144374E-1,-1.729299393E-1,-7.456571917E-1,1.024181925E2,2.623779309E1,1.472745022E-1,-9.989361982E1
6.372708334E-1,6.262560444E-1,1.468214299E-1,-1.736049382E-1,-7.457266286E-1,1.024511255E2,2.628393346E1,8.794997993E-2,-9.993285450E1
6.473148334E-1,6.260837060E-1,1.467057328E-1,-1.741506595E-1,-7.457667946E-1,1.024764543E2,2.632432936E1,4.301467655E-2,-9.996189519E1
6.573588334E-1,6.259641564E-1,1.464982215E-1,-1.745130816E-1,-7.458232081E-1,1.024940220E2,2.634128759E1,2.617233081E-3,-9.998638532E1
6.674038334E-1,6.259164936E-1,1.461227971E-1,-1.746254042E-1,-7.459105733E-1,1.025010254E2,2.632301703E1,-3.510871607E-2,-1.000061145E2
6.774478334E-1,6.259574340E-1,1.456433438E-1,-1.744272205E-1,-7.460163039E-1,1.024950098E2,2.626889420E1,-6.092907021E-2,-1.000164250E2
6.874928334E-1,6.260712674E-1,1.452103811E-1,-1.739340063E-1,-7.461203698E-1,1.024782822E2,2.619169402E1,-6.310105832E-2,-1.000145005E2
6.975368334E-1,6.262073911E-1,1.449969060E-1,-1.731802744E-1,-7.462230500E-1,1.024582765E2,2.610761660E1,-2.827368165E-2,-1.000018809E2
7.075808333E-1,6.262722604E-1,1.450302494E-1,-1.722356740E-1,-7.463807161E-1,1.024487419E2,2.602502962E1,4.370024589E-2,-9.999130055E1
7.176258333E-1,6.262486108E-1,1.452582441E-1,-1.711483472E-1,-7.466062492E-1,1.024522181E2,2.594434031E1,1.454510082E-1,-9.998706645E1
7.276698333E-1,6.262076335E-1,1.455818226E-1,-1.699678390E-1,-7.468472554E-1,1.024582409E2,2.586253665E1,2.626707182E-1,-9.998216441E1
7.377148333E-1,6.262415828E-1,1.458595809E-1,-1.687790555E-1,-7.470341556E-1,1.024532511E2,2.577660123E1,3.742158297E-1,-9.996790535E1
7.477588333E-1,6.264252956E-1,1.460093319E-1,-1.676465875E-1,-7.471059369E-1,1.024262460E2,2.568618027E1,4.659774555E-1,-9.993617388E1
7.578028333E-1,6.267883486E-1,1.459907530E-1,-1.666109051E-1,-7.470367318E-1,1.023728636E2,2.559188808E1,5.306445398E-1,-9.988397127E1
7.678478333E-1,6.273045632E-1,1.458611449E-1,-1.657330139E-1,-7.468239745E-1,1.022969262E2,2.550353297E1,5.692456951E-1,-9.981313389E1
7.778918333E-1,6.279226098E-1,1.457968960E-1,-1.651291720E-1,-7.464508011E-1,1.022059556E2,2.544488460E1,5.892251872E-1,-9.972513731E1
7.879358333E-1,6.285808751E-1,1.459267945E-1,-1.648720532E-1,-7.459281643E-1,1.021090010E2,2.543217592E1,5.976615676E-1,-9.962461362E1
7.979808333E-1,6.292250792E-1,1.462962189E-1,-1.649240130E-1,-7.453009033E-1,1.020140532E2,2.546542285E1,6.028061473E-1,-9.951790747E1
8.080248333E-1,6.298401176E-1,1.468468971E-1,-1.651917002E-1,-7.446133723E-1,1.019233446E2,2.553181703E1,6.073241100E-1,-9.940917456E1
8.180698333E-1,6.304487286E-1,1.475056517E-1,-1.655746892E-1,-7.438827883E-1,1.018335266E2,2.561682047E1,6.119950964E-1,-9.929759276E1
8.281138333E-1,6.310290275E-1,1.480947171E-1,-1.660057251E-1,-7.431773133E-1,1.017478336E2,2.570081649E1,6.080574600E-1,-9.919237502E1
8.381578333E-1,6.315316392E-1,1.483188258E-1,-1.664326588E-1,-7.426099640E-1,1.016735706E2,2.575648493E1,5.770410544E-1,-9.911095125E1
8.482030833E-1,6.318961831E-1,1.479226612E-1,-1.667698599E-1,-7.423031613E-1,1.016196831E2,2.575654302E1,5.067558152E-1,-9.907101281E1
8.582470833E-1,6.320806651E-1,1.467287826E-1,-1.669202037E-1,-7.423492225E-1,1.015924048E2,2.567876757E1,3.915583142E-1,-9.908462691E1
8.682920833E-1,6.320431281E-1,1.446412169E-1,-1.668738744E-1,-7.428011474E-1,1.015979556E2,2.551519952E1,2.255369717E-1,-9.916058610E1
8.783360833E-1,6.317806586E-1,1.417558068E-1,-1.666623341E-1,-7.436276260E-1,1.016367624E2,2.527647380E1,1.369310152E-2,-9.929494681E1
8.883800833E-1,6.313208628E-1,1.385525304E-1,-1.662454912E-1,-7.447143983E-1,1.017047185E2,2.499604402E1,-2.030776011E-1,-9.946675161E1
8.984250833E-1,6.306977638E-1,1.356973185E-1,-1.655864989E-1,-7.459138976E-1,1.017967579E2,2.472119930E1,-3.685884550E-1,-9.964925788E1
9.084690833E-1,6.299575176E-1,1.337467886E-1,-1.647252228E-1,-7.470815971E-1,1.019060233E2,2.449716698E1,-4.411965267E-1,-9.981896617E1
9.185130834E-1,6.291729804E-1,1.330679965E-1,-1.636967515E-1,-7.480893441E-1,1.020217343E2,2.435411393E1,-3.949799205E-1,-9.995488547E1
9.285580833E-1,6.284764036E-1,1.337976507E-1,-1.624510934E-1,-7.488158451E-1,1.021243928E2,2.429735180E1,-2.185126644E-1,-1.000339880E2
9.386020834E-1,6.279656944E-1,1.358935937E-1,-1.610038536E-1,-7.491794618E-1,1.021996117E2,2.432518872E1,8.064872089E-2,-1.000428341E2
9.486470834E-1,6.276891005E-1,1.390706073E-1,-1.594460166E-1,-7.491613650E-1,1.022403328E2,2.442499846E1,4.702660408E-1,-9.998191954E1
9.586910834E-1,6.276609464E-1,1.429400621E-1,-1.578616375E-1,-7.487920743E-1,1.022444771E2,2.457597095E1,9.109038475E-1,-9.986000314E1
9.687350834E-1,6.278771808E-1,1.470860186E-1,-1.563301343E-1,-7.481289147E-1,1.022126443E2,2.475458258E1,1.361840285E0,-9.969012585E1
9.787800834E-1,6.283345900E-1,1.511287642E-1,-1.549740606E-1,-7.472207028E-1,1.021452836E2,2.494338620E1,1.782298306E0,-9.948510506E1
9.888240834E-1,6.290109626E-1,1.547475299E-1,-1.539428796E-1,-7.461232832E-1,1.020456184E2,2.513113110E1,2.135217624E0,-9.925963031E1
9.988690834E-1,6.298652055E-1,1.578124982E-1,-1.533986089E-1,-7.448717641E-1,1.019196433E2,2.532172643E1,2.399059611E0,-9.902512940E1
1.008913083E0,6.308019772E-1,1.604056819E-1,-1.534807597E-1,-7.435069490E-1,1.017813685E2,2.553301028E1,2.573075452E0,-9.879339858E1
1.018957083E0,6.317378110E-1,1.628045409E-1,-1.542725225E-1,-7.420256506E-1,1.016430965E2,2.579308589E1,2.676154110E0,-9.856704479E1
1.029002083E0,6.326033967E-1,1.653355724E-1,-1.558085354E-1,-7.404058050E-1,1.015150827E2,2.612992304E1,2.734093045E0,-9.834418831E1
1.039046083E0,6.333669132E-1,1.681749927E-1,-1.579057333E-1,-7.386671790E-1,1.014020671E2,2.654091457E1,2.775700254E0,-9.812265207E1
1.049090083E0,6.340851640E-1,1.712906422E-1,-1.601892848E-1,-7.368411405E-1,1.012956685E2,2.699066075E1,2.824719480E0,-9.789498500E1
1.059135083E0,6.348700331E-1,1.744450289E-1,-1.622748682E-1,-7.349666067E-1,1.011793085E2,2.742698566E1,2.887533723E0,-9.765380650E1
1.069179083E0,6.358340843E-1,1.772258582E-1,-1.638673645E-1,-7.331121612E-1,1.010362511E2,2.779158751E1,2.950199926E0,-9.739924904E1
1.079224083E0,6.373566656E-1,1.792263999E-1,-1.647845228E-1,-7.310952817E-1,1.008100122E2,2.803720731E1,2.981305651E0,-9.709273412E1
1.089268083E0,6.385614596E-1,1.797313428E-1,-1.653217028E-1,-7.297976803E-1,1.006307308E2,2.812911906E1,2.934763915E0,-9.689379118E1
1.099312083E0,6.396081924E-1,1.784191718E-1,-1.655544087E-1,-7.291499096E-1,1.004747808E2,2.804831683E1,2.774700568E0,-9.679252280E1
1.109357083E0,6.402862456E-1,1.753056600E-1,-1.656132855E-1,-7.292966702E-1,1.003736652E2,2.780721684E1,2.500026563E0,-9.681799285E1
1.119401083E0,6.404634468E-1,1.708775715E-1,-1.656917561E-1,-7.301736460E-1,1.003472275E2,2.746264028E1,2.137718603E0,-9.696708073E1
1.129446083E0,6.401258400E-1,1.658651850E-1,-1.660011443E-1,-7.315540501E-1,1.003975926E2,2.709285685E1,1.728042091E0,-9.721035230E1
1.139490083E0,6.393274417E-1,1.610557855E-1,-1.666735988E-1,-7.331721203E-1,1.005166264E2,2.677289729E1,1.320510308E0,-9.750874994E1
1.149534083E0,6.381607537E-1,1.571196817E-1,-1.677542957E-1,-7.347943315E-1,1.006903843E2,2.655957407E1,9.622068021E-1,-9.782498710E1
1.159579083E0,6.367991102E-1,1.545061517E-1,-1.690703140E-1,-7.362269502E-1,1.008929016E2,2.647197602E1,6.976239931E-1,-9.811961946E1
1.169623083E0,6.354951341E-1,1.532972497E-1,-1.703212574E-1,-7.373171575E-1,1.010865654E2,2.648870313E1,5.489434561E-1,-9.835456539E1
1.179667083E0,6.345171481E-1,1.530963673E-1,-1.712755148E-1,-7.379798008E-1,1.012316371E2,2.655757300E1,4.932970259E-1,-9.850550636E1
1.189712083E0,6.341041090E-1,1.534072543E-1,-1.717802747E-1,-7.381529401E-1,1.012928609E2,2.662628422E1,4.940605004E-1,-9.855518810E1
1.199756083E0,6.343696973E-1,1.539143836E-1,-1.717682865E-1,-7.378218555E-1,1.012534965E2,2.666447521E1,5.267619201E-1,-9.849812915E1
1.209801083E0,6.352790736E-1,1.544367477E-1,-1.713555885E-1,-7.370257700E-1,1.011186282E2,2.666864088E1,5.689843312E-1,-9.834576941E1
1.219845083E0,6.366654625E-1,1.548447997E-1,-1.708171131E-1,-7.358679012E-1,1.009127631E2,2.665328936E1,5.949656444E-1,-9.812699977E1
1.229889083E0,6.383016137E-1,1.550467384E-1,-1.704548899E-1,-7.344907846E-1,1.006694172E2,2.663795977E1,5.819940892E-1,-9.787834846E1
1.239934083E0,6.400058531E-1,1.550240285E-1,-1.704526068E-1,-7.330115250E-1,1.004154881E2,2.663713613E1,5.206806735E-1,-9.762711506E1
1.249978083E0,6.416553596E-1,1.547761859E-1,-1.708810486E-1,-7.315206593E-1,1.001692669E2,2.665668167E1,4.096954587E-1,-9.739152401E1
1.260022083E0,6.431752856E-1,1.542781425E-1,-1.717254969E-1,-7.300919391E-1,9.994199576E1,2.669306575E1,2.506850424E-1,-9.718358302E1
1.270067083E0,6.445169647E-1,1.535408157E-1,-1.728842080E-1,-7.287896252E-1,9.974106241E1,2.673803475E1,5.410424713E-2,-9.701023046E1
1.280111083E0,6.456484996E-1,1.526452933E-1,-1.741395591E-1,-7.276762977E-1,9.957136967E1,2.677875410E1,-1.554531701E-1,-9.687335827E1
1.290156083E0,6.465717184E-1,1.516823168E-1,-1.751936149E-1,-7.268044981E-1,9.943275990E1,2.679619675E1,-3.474261451E-1,-9.676961229E1
1.300200083E0,6.472379020E-1,1.505349900E-1,-1.761159196E-1,-7.262268228E-1,9.933265243E1,2.678756073E1,-5.347321760E-1,-9.671031478E1
1.310244083E0,6.476325941E-1,1.492636936E-1,-1.769054987E-1,-7.259454215E-1,9.927330698E1,2.675769048E1,-7.119151803E-1,-9.669555168E1
1.320289083E0,6.478139309E-1,1.479576905E-1,-1.775824390E-1,-7.258857205E-1,9.924603263E1,2.671543861E1,-8.755139370E-1,-9.671350644E1
1.330333083E0,6.479158051E-1,1.467183282E-1,-1.782323987E-1,-7.258871060E-1,9.923070759E1,2.667619825E1,-1.028932286E0,-9.674072732E1
1.340377083E0,6.481072203E-1,1.457532022E-1,-1.788280654E-1,-7.257641374E-1,9.920190811E1,2.665346364E1,-1.159437833E0,-9.674496701E1
1.350422083E0,6.485060296E-1,1.451604766E-1,-1.793587930E-1,-7.253955895E-1,9.914188524E1,2.665363680E1,-1.262498836E0,-9.670543946E1
1.360466083E0,6.491620505E-1,1.448946999E-1,-1.798581265E-1,-7.247379670E-1,9.904309234E1,2.667596614E1,-1.346159838E0,-9.661631127E1
1.370511083E0,6.500375328E-1,1.448491141E-1,-1.804008765E-1,-7.238269971E-1,9.891113651E1,2.671876331E1,-1.423561707E0,-9.648683166E1
1.380555083E0,6.510214457E-1,1.448916258E-1,-1.809911154E-1,-7.227860173E-1,9.876268232E1,2.677227167E1,-1.501717434E0,-9.633795621E1
1.390599083E0,6.519289384E-1,1.447973025E-1,-1.816338957E-1,-7.218250824E-1,9.862561213E1,2.681974692E1,-1.592347890E0,-9.620501616E1
1.400644083E0,6.525889054E-1,1.443386117E-1,-1.823014241E-1,-7.211520499E-1,9.852584033E1,2.684134869E1,-1.705122099E0,-9.612139679E1
1.410688083E0,6.529012136E-1,1.433989464E-1,-1.829290973E-1,-7.208978201E-1,9.847860045E1,2.682261758E1,-1.840501305E0,-9.610600711E1
1.420733083E0,6.529070219E-1,1.421091080E-1,-1.833826158E-1,-7.210327822E-1,9.847772171E1,2.676206002E1,-1.978985418E0,-9.614810021E1
1.430777083E0,6.527455705E-1,1.406364931E-1,-1.836544248E-1,-7.213983086E-1,9.850214519E1,2.667188390E1,-2.111791375E0,-9.622093217E1
1.440821083E0,6.526187164E-1,1.392265243E-1,-1.837420995E-1,-7.217643040E-1,9.852133183E1,2.657047886E1,-2.226478158E0,-9.628605481E1
1.450866083E0,6.527272893E-1,1.382637902E-1,-1.835336148E-1,-7.219041446E-1,9.850491038E1,2.647713939E1,-2.290630288E0,-9.630079264E1
1.460910083E0,6.531018826E-1,1.379207438E-1,-1.830203848E-1,-7.217612747E-1,9.844823829E1,2.640427575E1,-2.290734679E0,-9.625529093E1
1.470954083E0,6.536352826E-1,1.380269407E-1,-1.822428939E-1,-7.214548776E-1,9.836749864E1,2.634259801E1,-2.239709569E0,-9.617129831E1
1.480999083E0,6.541690777E-1,1.381971784E-1,-1.812125023E-1,-7.211979873E-1,9.828664997E1,2.626377261E1,-2.163554548E0,-9.608504694E1
1.491043083E0,6.545240701E-1,1.379779872E-1,-1.799910721E-1,-7.212237496E-1,9.823285546E1,2.613850063E1,-2.096976592E0,-9.603819350E1
1.501088083E0,6.545529617E-1,1.369813657E-1,-1.786978343E-1,-7.217088809E-1,9.822847634E1,2.594739363E1,-2.075309093E0,-9.606533981E1
1.511132083E0,6.541765087E-1,1.351144499E-1,-1.775125174E-1,-7.226940187E-1,9.828552412E1,2.569930102E1,-2.117918181E0,-9.618091534E1
1.521176083E0,6.534328829E-1,1.327345913E-1,-1.765822258E-1,-7.240342753E-1,9.839814125E1,2.543512813E1,-2.209900562E0,-9.636698681E1
1.531221083E0,6.524937115E-1,1.304879179E-1,-1.759743141E-1,-7.254363877E-1,9.854023607E1,2.521067424E1,-2.310958468E0,-9.657726523E1
1.541265083E0,6.515688305E-1,1.290286492E-1,-1.757250972E-1,-7.265881873E-1,9.868002067E1,2.507894899E1,-2.378033977E0,-9.676058063E1
1.551309083E0,6.508358415E-1,1.288310963E-1,-1.757657794E-1,-7.272699257E-1,9.879069916E1,2.506950515E1,-2.372687506E0,-9.687669186E1
1.561354083E0,6.504180740E-1,1.300492851E-1,-1.759281739E-1,-7.273876919E-1,9.885373943E1,2.517874071E1,-2.273017230E0,-9.690258944E1
1.571398083E0,6.504062229E-1,1.323614850E-1,-1.760533684E-1,-7.269506791E-1,9.885552732E1,2.536785806E1,-2.095881186E0,-9.683345658E1
1.581443083E0,6.507342570E-1,1.353238197E-1,-1.761116773E-1,-7.260971580E-1,9.880603078E1,2.560083990E1,-1.873179220E0,-9.669171244E1
1.591487083E0,6.512216774E-1,1.385153911E-1,-1.761132776E-1,-7.250572767E-1,9.873245087E1,2.584704180E1,-1.633975307E0,-9.651676974E1
1.601531083E0,6.516553316E-1,1.415485114E-1,-1.761288706E-1,-7.240773994E-1,9.866695328E1,2.608322602E1,-1.407697184E0,-9.635291916E1
1.611576083E0,6.518677728E-1,1.440865604E-1,-1.762974711E-1,-7.233441075E-1,9.863485518E1,2.629542869E1,-1.226048545E0,-9.623691547E1
1.621620083E0,6.517431894E-1,1.459903480E-1,-1.767174500E-1,-7.229719481E-1,9.865367964E1,2.648110275E1,-1.103294766E0,-9.619168055E1
1.631664083E0,6.512732309E-1,1.472706560E-1,-1.774092984E-1,-7.229664901E-1,9.872466609E1,2.664252533E1,-1.039422815E0,-9.621888495E1
1.641709083E0,6.504923631E-1,1.480245051E-1,-1.783450322E-1,-7.232852599E-1,9.884253153E1,2.678465377E1,-1.025435918E0,-9.631039427E1
1.651753083E0,6.495002526E-1,1.484059091E-1,-1.794009622E-1,-7.238372730E-1,9.899213269E1,2.690859642E1,-1.042753865E0,-9.644611848E1
1.661798083E0,6.484100691E-1,1.486192867E-1,-1.804177247E-1,-7.245177892E-1,9.915633023E1,2.701623148E1,-1.066605613E0,-9.660207347E1
1.671842083E0,6.473007087E-1,1.488694691E-1,-1.812692188E-1,-7.252455520E-1,9.932321063E1,2.711230151E1,-1.073645193E0,-9.675937861E1
1.681886083E0,6.462062947E-1,1.493221249E-1,-1.818774202E-1,-7.259758173E-1,9.948764068E1,2.720265664E1,-1.045830050E0,-9.690714313E1
1.691931083E0,6.451151259E-1,1.500603573E-1,-1.822038804E-1,-7.267117724E-1,9.965138447E1,2.729022592E1,-9.731412432E-1,-9.704415490E1
1.701975083E0,6.440016747E-1,1.510395313E-1,-1.822788834E-1,-7.274774278E-1,9.981826865E1,2.737412731E1,-8.606214394E-1,-9.717567832E1
1.712019083E0,6.428380371E-1,1.521807033E-1,-1.821507530E-1,-7.283003503E-1,9.999245643E1,2.745243827E1,-7.173817278E-1,-9.730843107E1
1.722064083E0,6.416112977E-1,1.534157890E-1,-1.818680175E-1,-7.291931180E-1,1.001758498E2,2.752411358E1,-5.522066104E-1,-9.744666173E1
1.732108083E0,6.403365110E-1,1.546954345E-1,-1.814851305E-1,-7.301381478E-1,1.003661663E2,2.759007770E1,-3.738595856E-1,-9.758980026E1
1.742153083E0,6.390701246E-1,1.560181660E-1,-1.810157884E-1,-7.310820265E-1,1.005549681E2,2.765136466E1,-1.856049080E-1,-9.772947735E1
1.752197083E0,6.378793339E-1,1.574100327E-1,-1.804768264E-1,-7.319563787E-1,1.007322642E2,2.771148738E1,1.086782826E-2,-9.785485513E1
1.762241083E0,6.367979828E-1,1.588580219E-1,-1.799149536E-1,-7.327229772E-1,1.008930692E2,2.777364509E1,2.096392228E-1,-9.796138373E1
1.772286083E0,6.358594409E-1,1.603222100E-1,-1.793896708E-1,-7.333476936E-1,1.010324864E2,2.784014150E1,4.016819012E-1,-9.804567267E1
1.782330083E0,6.350604737E-1,1.617430257E-1,-1.789338915E-1,-7.338392417E-1,1.011510603E2,2.790938666E1,5.797901797E-1,-9.811045982E1
1.792375083E0,6.343842117E-1,1.630521437E-1,-1.785810644E-1,-7.342203072E-1,1.012513449E2,2.797912636E1,7.365216928E-1,-9.816087621E1
1.802419083E0,6.337902941E-1,1.641290741E-1,-1.783862044E-1,-7.345405231E-1,1.013393590E2,2.804491160E1,8.594701819E-1,-9.820752423E1
1.812463083E0,6.332240828E-1,1.649012070E-1,-1.783972864E-1,-7.348531790E-1,1.014232158E2,2.810533484E1,9.411504943E-1,-9.826136762E1
1.822508083E0,6.326523028E-1,1.654157950E-1,-1.786072027E-1,-7.351790742E-1,1.015078463E2,2.816341720E1,9.871374178E-1,-9.832564437E1
1.832552083E0,6.320768666E-1,1.657344238E-1,-1.789807305E-1,-7.355112388E-1,1.015929665E2,2.822083535E1,1.005014015E0,-9.839775372E1
1.842596083E0,6.315093593E-1,1.659155150E-1,-1.794600172E-1,-7.358410379E-1,1.016768634E2,2.827702784E1,1.003502573E0,-9.847387688E1
1.852641458E0,6.309654121E-1,1.660306543E-1,-1.799554804E-1,-7.361605953E-1,1.017572303E2,2.832959741E1,9.946521415E-1,-9.854900182E1
1.862685458E0,6.304629426E-1,1.661278515E-1,-1.803954869E-1,-7.364613499E-1,1.018314283E2,2.837589315E1,9.871488036E-1,-9.861869596E1
1.872730458E0,6.300019878E-1,1.663397968E-1,-1.807660532E-1,-7.367172182E-1,1.018994616E2,2.842494716E1,9.926898195E-1,-9.867792067E1
1.882774458E0,6.295925259E-1,1.668693772E-1,-1.810234177E-1,-7.368842514E-1,1.019598675E2,2.848855362E1,1.030511596E0,-9.871735710E1
1.892818458E0,6.292580380E-1,1.677863155E-1,-1.811420907E-1,-7.369326465E-1,1.020091938E2,2.856987134E1,1.107263671E0,-9.873082990E1
1.902863458E0,6.290143238E-1,1.689845438E-1,-1.811484404E-1,-7.368653170E-1,1.020451230E2,2.866311163E1,1.211768380E0,-9.871991544E1
1.912907458E0,6.288664622E-1,1.702716865E-1,-1.810818915E-1,-7.367115758E-1,1.020669168E2,2.875695950E1,1.325345964E0,-9.869123541E1
1.922951458E0,6.288287934E-1,1.714845240E-1,-1.810077565E-1,-7.364806848E-1,1.020724684E2,2.884464495E1,1.429351427E0,-9.864906303E1
1.932996458E0,6.289003798E-1,1.725212969E-1,-1.810020219E-1,-7.361787237E-1,1.020619179E2,2.892504418E1,1.509834626E0,-9.859757932E1
1.943040458E0,6.290556436E-1,1.733512685E-1,-1.811063406E-1,-7.358253698E-1,1.020390321E2,2.899941102E1,1.562110339E0,-9.854187140E1
1.953085458E0,6.292704134E-1,1.739953138E-1,-1.813525210E-1,-7.354288628E-1,1.020073691E2,2.907212252E1,1.586310245E0,-9.848469681E1
1.963129458E0,6.295300274E-1,1.745528201E-1,-1.817618212E-1,-7.349734345E-1,1.019690854E2,2.915278058E1,1.589263430E0,-9.842432225E1
1.973173458E0,6.298296019E-1,1.751489643E-1,-1.823093319E-1,-7.344391863E-1,1.019248960E2,2.924891405E1,1.582991433E0,-9.835642799E1
1.983218458E0,6.301755538E-1,1.758161271E-1,-1.829649478E-1,-7.338196171E-1,1.018738485E2,2.936037648E1,1.572082410E0,-9.827873950E1
1.993262458E0,6.305657757E-1,1.765170947E-1,-1.837022414E-1,-7.331316699E-1,1.018162464E2,2.948189621E1,1.555648480E0,-9.819309420E1
2.003306458E0,6.310054095E-1,1.772264331E-1,-1.844720888E-1,-7.323886631E-1,1.017513223E2,2.960709558E1,1.535222941E0,-9.809974142E1
2.013351458E0,6.314944130E-1,1.779477491E-1,-1.851945974E-1,-7.316095206E-1,1.016790722E2,2.972912372E1,1.517245094E0,-9.799853754E1
2.023395458E0,6.320119552E-1,1.786348491E-1,-1.857629678E-1,-7.308506456E-1,1.016025652E2,2.983479151E1,1.507164916E0,-9.789444999E1
2.033440458E0,6.325189660E-1,1.791507937E-1,-1.861157119E-1,-7.301956151E-1,1.015275745E2,2.990776989E1,1.500565382E0,-9.779886419E1
2.043484458E0,6.329996087E-1,1.794201954E-1,-1.862580428E-1,-7.296765345E-1,1.014564468E2,2.994254126E1,1.491857102E0,-9.771729560E1
2.053528458E0,6.334385470E-1,1.795756869E-1,-1.862001633E-1,-7.292720722E-1,1.013914592E2,2.995043212E1,1.491368119E0,-9.764654503E1
2.063573458E0,6.338852299E-1,1.798928670E-1,-1.859137504E-1,-7.288787473E-1,1.013252940E2,2.995078546E1,1.521050103E0,-9.756799574E1
2.073617458E0,6.343979831E-1,1.805391614E-1,-1.853432360E-1,-7.284179189E-1,1.012493034E2,2.995209469E1,1.596075518E0,-9.746612386E1
2.083661458E0,6.349787983E-1,1.812810465E-1,-1.845227470E-1,-7.279358117E-1,1.011631760E2,2.993909531E1,1.695392719E0,-9.735024386E1
2.093706458E0,6.355249635E-1,1.815744574E-1,-1.836075858E-1,-7.276173237E-1,1.010821382E2,2.988227952E1,1.768373089E0,-9.725800720E1
2.103750458E0,6.358872895E-1,1.808725776E-1,-1.828005664E-1,-7.276787422E-1,1.010283516E2,2.975577899E1,1.762303341E0,-9.723414001E1
2.113794458E0,6.359422595E-1,1.788836291E-1,-1.822712407E-1,-7.282549634E-1,1.010201896E2,2.955129787E1,1.645635690E0,-9.730832100E1
2.123839458E0,6.356191828E-1,1.757911061E-1,-1.821784735E-1,-7.293125754E-1,1.010681535E2,2.929808216E1,1.422288261E0,-9.748182938E1
2.133883458E0,6.349411717E-1,1.723628007E-1,-1.825795814E-1,-7.306199232E-1,1.011687572E2,2.906295178E1,1.146496632E0,-9.771863218E1
2.143928458E0,6.340170705E-1,1.695736224E-1,-1.834069925E-1,-7.318667850E-1,1.013057590E2,2.891707686E1,8.963875254E-1,-9.796401862E1
2.153972458E0,6.330220361E-1,1.681375383E-1,-1.845006967E-1,-7.327839320E-1,1.014531270E2,2.890165139E1,7.351800074E-1,-9.816575324E1
2.164016458E0,6.321836193E-1,1.683234619E-1,-1.856083231E-1,-7.331852017E-1,1.015771792E2,2.901437341E1,6.960152969E-1,-9.828126448E1
2.174061458E0,6.317300982E-1,1.698773701E-1,-1.863832390E-1,-7.330211029E-1,1.016442366E2,2.920421368E1,7.769311273E-1,-9.828693553E1
2.184105458E0,6.317516774E-1,1.721044320E-1,-1.866024224E-1,-7.324270009E-1,1.016410466E2,2.939747331E1,9.359727293E-1,-9.819592799E1
2.194150458E0,6.321562344E-1,1.743272245E-1,-1.862185390E-1,-7.316496971E-1,1.015812293E2,2.953747902E1,1.126192487E0,-9.804809357E1
2.204194458E0,6.327372919E-1,1.761708419E-1,-1.853793653E-1,-7.309185968E-1,1.014952701E2,2.960806041E1,1.314492755E0,-9.788881056E1
2.214238458E0,6.333025233E-1,1.775210863E-1,-1.843594678E-1,-7.303599403E-1,1.014116016E2,2.962433833E1,1.478277529E0,-9.775127727E1
2.224283458E0,6.337423310E-1,1.785095177E-1,-1.834416325E-1,-7.299686859E-1,1.013464644E2,2.962139984E1,1.610410252E0,-9.764661417E1
2.234327458E0,6.340488070E-1,1.793088271E-1,-1.828379687E-1,-7.296579951E-1,1.013010562E2,2.963146027E1,1.708346102E0,-9.756897056E1
2.244371458E0,6.342853457E-1,1.800353619E-1,-1.826427371E-1,-7.293222428E-1,1.012660000E2,2.967205744E1,1.771430217E0,-9.750432494E1
2.254416458E0,6.345670078E-1,1.807706250E-1,-1.828047383E-1,-7.288547131E-1,1.012242447E2,2.974525888E1,1.805535989E0,-9.743248034E1
2.264460458E0,6.350050611E-1,1.814859839E-1,-1.831963664E-1,-7.281967375E-1,1.011592803E2,2.983766822E1,1.813930032E0,-9.733825251E1
2.274504458E0,6.356616668E-1,1.820716033E-1,-1.836867560E-1,-7.273537584E-1,1.010618473E2,2.992906188E1,1.795695649E0,-9.721715648E1
2.284549458E0,6.365341909E-1,1.823802675E-1,-1.841812843E-1,-7.263875841E-1,1.009322687E2,2.999926478E1,1.746769362E0,-9.707569842E1
2.294593458E0,6.375469533E-1,1.822525580E-1,-1.846561152E-1,-7.254101407E-1,1.007817115E2,3.003321256E1,1.659622127E0,-9.693170389E1
2.304638458E0,6.385891132E-1,1.816575206E-1,-1.851030907E-1,-7.245283075E-1,1.006266130E2,3.002738944E1,1.536994355E0,-9.680274099E1
2.314682458E0,6.395800435E-1,1.807029864E-1,-1.855470580E-1,-7.237790471E-1,1.004789769E2,2.999239180E1,1.388623508E0,-9.669602769E1
2.324726458E0,6.404665340E-1,1.796528216E-1,-1.860238571E-1,-7.231338895E-1,1.003467669E2,2.995233759E1,1.234359862E0,-9.660833732E1
2.334771458E0,6.411981216E-1,1.787418543E-1,-1.865610239E-1,-7.225727437E-1,1.002375629E2,2.992833276E1,1.092285750E0,-9.653749830E1
2.344815458E0,6.417794716E-1,1.781259496E-1,-1.871365942E-1,-7.220597560E-1,1.001507229E2,2.993089725E1,9.760412998E-1,-9.647658375E1
2.354859458E0,6.422976170E-1,1.779041238E-1,-1.876541644E-1,-7.215190198E-1,1.000732777E2,2.995952884E1,8.974474795E-1,-9.640878308E1
2.364904458E0,6.428479100E-1,1.781581067E-1,-1.879745588E-1,-7.208827473E-1,9.999097946E1,3.000860213E1,8.700186396E-1,-9.631678036E1
2.374948458E0,6.434975826E-1,1.788459409E-1,-1.880079414E-1,-7.201235772E-1,9.989375477E1,3.006703338E1,8.948271953E-1,-9.619214516E1
2.384993458E0,6.442651346E-1,1.798073003E-1,-1.877822974E-1,-7.192563057E-1,9.977879975E1,3.012474084E1,9.564195490E-1,-9.603859153E1
2.395037458E0,6.451277094E-1,1.808880397E-1,-1.873256685E-1,-7.183305949E-1,9.964949729E1,3.017205336E1,1.041515147E0,-9.586566214E1
2.405081458E0,6.460224053E-1,1.819405583E-1,-1.866330840E-1,-7.174404509E-1,9.951524949E1,3.019678497E1,1.141678178E0,-9.568879166E1
2.415126458E0,6.468593469E-1,1.828215425E-1,-1.857533642E-1,-7.166902475E-1,9.938954703E1,3.019163479E1,1.245721760E0,-9.552736870E1
2.425170458E0,6.475698295E-1,1.834914863E-1,-1.847631465E-1,-7.161331794E-1,9.928274593E1,3.015997466E1,1.347411779E0,-9.539343821E1
2.435214458E0,6.481272795E-1,1.840112579E-1,-1.837625637E-1,-7.157529148E-1,9.919888973E1,3.011532202E1,1.444586946E0,-9.528852246E1
2.445259458E0,6.485094276E-1,1.844379457E-1,-1.828675401E-1,-7.155261199E-1,9.914137369E1,3.007226669E1,1.533285580E0,-9.521359432E1
2.455303458E0,6.487256146E-1,1.847626084E-1,-1.821717323E-1,-7.154238137E-1,9.910882510E1,3.003817140E1,1.604961642E0,-9.516768536E1
2.465348458E0,6.488203054E-1,1.849411439E-1,-1.817515267E-1,-7.153987495E-1,9.909456620E1,3.001612906E1,1.648349866E0,-9.514606622E1
2.475392458E0,6.488806834E-1,1.849230973E-1,-1.816352513E-1,-7.153782425E-1,9.908547346E1,3.000464232E1,1.653826446E0,-9.513783932E1
2.485436458E0,6.490166070E-1,1.846934543E-1,-1.817742365E-1,-7.152789866E-1,9.906500154E1,2.999845060E1,1.619720886E0,-9.512722077E1
2.495481458E0,6.492941914E-1,1.842791065E-1,-1.820548102E-1,-7.150625151E-1,9.902318390E1,2.998993106E1,1.554504952E0,-9.510317181E1
2.505525458E0,6.497634992E-1,1.837555014E-1,-1.823079590E-1,-7.147062452E-1,9.895245380E1,2.997050645E1,1.475431643E0,-9.505498041E1
2.515569458E0,6.504309367E-1,1.831698261E-1,-1.824224746E-1,-7.142202077E-1,9.885179892E1,2.993426721E1,1.394759443E0,-9.497969183E1
2.525614458E0,6.512503768E-1,1.825597482E-1,-1.823886751E-1,-7.136380544E-1,9.872811721E1,2.988329893E1,1.318021169E0,-9.488248374E1
2.535658458E0,6.521201403E-1,1.819760122E-1,-1.823218745E-1,-7.130096238E-1,9.859671451E1,2.983158115E1,1.243975535E0,-9.477641303E1
2.545703458E0,6.529428020E-1,1.815581037E-1,-1.823385029E-1,-7.123588370E-1,9.847230850E1,2.980039900E1,1.177844299E0,-9.467031164E1
2.555747458E0,6.536619036E-1,1.815002106E-1,-1.824929123E-1,-7.116741272E-1,9.836346779E1,2.981014403E1,1.132277207E0,-9.456459683E1
2.565791458E0,6.542836091E-1,1.818750558E-1,-1.828125628E-1,-7.109247167E-1,9.826929660E1,2.986916817E1,1.110256469E0,-9.445541749E1
2.575836458E0,6.548584078E-1,1.825624931E-1,-1.832705504E-1,-7.101009144E-1,9.818217088E1,2.996552525E1,1.102614462E0,-9.434011170E1
2.585880458E0,6.554768944E-1,1.832540350E-1,-1.837872744E-1,-7.092179985E-1,9.808835898E1,3.006740500E1,1.088541835E0,-9.421786400E1
2.595924458E0,6.562192242E-1,1.836494408E-1,-1.842964242E-1,-7.082966289E-1,9.797567447E1,3.014470082E1,1.047359091E0,-9.408926039E1
2.605969458E0,6.571438128E-1,1.836628786E-1,-1.847046235E-1,-7.073289662E-1,9.783518844E1,3.018229900E1,9.778083666E-1,-9.394909494E1
2.616013458E0,6.582098620E-1,1.833242528E-1,-1.849660362E-1,-7.063565673E-1,9.767302164E1,3.017852238E1,8.876411821E-1,-9.380218915E1
2.626058458E0,6.592794647E-1,1.826383112E-1,-1.850891910E-1,-7.055040208E-1,9.751011239E1,3.013429544E1,7.822904792E-1,-9.366908311E1
2.636102458E0,6.602151327E-1,1.816329969E-1,-1.850603059E-1,-7.048959182E-1,9.736743581E1,3.005059271E1,6.706903473E-1,-9.356927984E1
2.646146458E0,6.609290713E-1,1.802855633E-1,-1.849320097E-1,-7.046063983E-1,9.725846481E1,2.993012772E1,5.504398548E-1,-9.351689561E1
2.656191458E0,6.614047578E-1,1.787117516E-1,-1.847516696E-1,-7.046081514E-1,9.718580841E1,2.978656483E1,4.269862696E-1,-9.350946090E1
2.666235458E0,6.617039530E-1,1.771589883E-1,-1.845137398E-1,-7.047817595E-1,9.714008848E1,2.963975151E1,3.168418301E-1,-9.352742137E1
2.676279458E0,6.618814518E-1,1.757115489E-1,-1.842616918E-1,-7.050433466E-1,9.711295733E1,2.950036026E1,2.205735336E-1,-9.355906351E1
2.686324458E0,6.619003915E-1,1.741443701E-1,-1.840690711E-1,-7.054645885E-1,9.711006201E1,2.935648121E1,1.165736312E-1,-9.361911866E1
2.696368458E0,6.616757765E-1,1.720346539E-1,-1.839997109E-1,-7.062106444E-1,9.714439481E1,2.917951236E1,-2.927216048E-2,-9.373711570E1
2.706412458E0,6.611916146E-1,1.690581862E-1,-1.840450550E-1,-7.073700831E-1,9.721836894E1,2.894304201E1,-2.409115682E-1,-9.392729894E1
2.716457458E0,6.605324194E-1,1.652383073E-1,-1.842369331E-1,-7.088371490E-1,9.731901846E1,2.865265218E1,-5.233946562E-1,-9.417423595E1
2.726501458E0,6.597703965E-1,1.611625115E-1,-1.843836522E-1,-7.104451435E-1,9.743527145E1,2.833969125E1,-8.197875340E-1,-9.444299497E1
2.736546458E0,6.588837769E-1,1.575280439E-1,-1.841793217E-1,-7.121341547E-1,9.757040252E1,2.803333539E1,-1.051054537E0,-9.471089220E1
2.746590458E0,6.578869882E-1,1.546613944E-1,-1.835738506E-1,-7.138383362E-1,9.772215819E1,2.775447664E1,-1.188126343E0,-9.496502777E1
2.756634458E0,6.568686492E-1,1.528874598E-1,-1.826731461E-1,-7.153876412E-1,9.787701368E1,2.753707280E1,-1.216877762E0,-9.518191805E1
2.766679458E0,6.559420244E-1,1.526949976E-1,-1.815043073E-1,-7.165754922E-1,9.801776423E1,2.742110557E1,-1.104594656E0,-9.532849385E1
2.776723458E0,6.552107634E-1,1.543268801E-1,-1.801330609E-1,-7.172405826E-1,9.812873383E1,2.743101707E1,-8.406301707E-1,-9.538076297E1
2.786767458E0,6.547528405E-1,1.575924607E-1,-1.786929024E-1,-7.173089000E-1,9.819817666E1,2.756397510E1,-4.534676880E-1,-9.533215279E1
2.796812458E0,6.546022814E-1,1.618089684E-1,-1.773852648E-1,-7.168320611E-1,9.822100059E1,2.778479936E1,-1.454656371E-2,-9.519970614E1
2.806856458E0,6.547339087E-1,1.660603569E-1,-1.763907951E-1,-7.159844432E-1,9.820104684E1,2.803739559E1,3.904849261E-1,-9.501962218E1
2.816901458E0,6.551047930E-1,1.695995611E-1,-1.758022075E-1,-7.149596926E-1,9.814480721E1,2.827012579E1,6.976485149E-1,-9.482736612E1
2.826945458E0,6.556314337E-1,1.720613148E-1,-1.756542948E-1,-7.139243395E-1,9.806490808E1,2.845585357E1,8.794426305E-1,-9.465147087E1
2.836989458E0,6.561442081E-1,1.734189276E-1,-1.759631262E-1,-7.130480907E-1,9.798706617E1,2.859272283E1,9.395610103E-1,-9.452027145E1
2.847033583E0,6.564629331E-1,1.737853710E-1,-1.768025041E-1,-7.124576028E-1,9.793865882E1,2.869543300E1,8.881680919E-1,-9.445748119E1
2.857077583E0,6.564868145E-1,1.734429522E-1,-1.780862096E-1,-7.121993006E-1,9.793503104E1,2.877909457E1,7.580109896E-1,-9.446740263E1
2.867121583E0,6.562337965E-1,1.727042004E-1,-1.795981664E-1,-7.122323121E-1,9.797346145E1,2.885047503E1,5.898275451E-1,-9.453482010E1
2.877166583E0,6.557371828E-1,1.717674702E-1,-1.811364796E-1,-7.125266209E-1,9.804885856E1,2.890837674E1,4.137903184E-1,-9.464669987E1
2.887210583E0,6.550197591E-1,1.707604157E-1,-1.825268807E-1,-7.130735184E-1,9.815770357E1,2.894814001E1,2.527917499E-1,-9.479441059E1
2.897255583E0,6.541054280E-1,1.697664133E-1,-1.836374192E-1,-7.138646964E-1,9.829629294E1,2.896504327E1,1.228441216E-1,-9.497098247E1
2.907299583E0,6.530054401E-1,1.688718267E-1,-1.843510062E-1,-7.148991882E-1,9.846283136E1,2.895570618E1,3.943346327E-2,-9.517121898E1
2.917343583E0,6.517299816E-1,1.681832934E-1,-1.845865873E-1,-7.161635199E-1,9.865567517E1,2.892134994E1,1.674482838E-2,-9.538943848E1
2.927388583E0,6.502978133E-1,1.677387712E-1,-1.843716377E-1,-7.176235052E-1,9.887188104E1,2.886708542E1,5.463864927E-2,-9.562129823E1
2.937432583E0,6.487627118E-1,1.675195312E-1,-1.837692460E-1,-7.192170222E-1,9.910323905E1,2.879664196E1,1.444157705E-1,-9.585946753E1
2.947476583E0,6.472252132E-1,1.674906376E-1,-1.828589393E-1,-7.208391517E-1,9.933455988E1,2.871398265E1,2.730604731E-1,-9.609020863E1
2.957521583E0,6.457981209E-1,1.676183333E-1,-1.817198667E-1,-7.223757415E-1,9.954891553E1,2.862328190E1,4.273238328E-1,-9.629806264E1
2.967565583E0,6.445754355E-1,1.678280672E-1,-1.804643220E-1,-7.237326224E-1,9.973229891E1,2.852856026E1,5.889855773E-1,-9.647204973E1
2.977609583E0,6.436054785E-1,1.680219348E-1,-1.792519125E-1,-7.248513578E-1,9.987760123E1,2.843626940E1,7.360893460E-1,-9.660887152E1
2.987654583E0,6.429049663E-1,1.682269390E-1,-1.782099140E-1,-7.256819352E-1,9.998244366E1,2.835992533E1,8.602954423E-1,-9.670510526E1
2.997698583E0,6.424387615E-1,1.685004550E-1,-1.774589165E-1,-7.262151534E-1,1.000521738E2,2.831478987E1,9.581558273E-1,-9.676380632E1
3.007743583E0,6.421401090E-1,1.688392923E-1,-1.771183301E-1,-7.264836288E-1,1.000968244E2,2.831115654E1,1.022692060E0,-9.679501528E1
3.017787583E0,6.419420425E-1,1.692434654E-1,-1.772036504E-1,-7.265438751E-1,1.001264288E2,2.835036384E1,1.055256535E0,-9.680867849E1
3.027831583E0,6.417819582E-1,1.697006085E-1,-1.776398308E-1,-7.264720674E-1,1.001503513E2,2.842475779E1,1.063094055E0,-9.681451857E1
3.037876583E0,6.416473544E-1,1.701708498E-1,-1.782675360E-1,-7.263273220E-1,1.001704629E2,2.851713716E1,1.056003215E0,-9.681601574E1
3.047920583E0,6.415414709E-1,1.706398488E-1,-1.789481767E-1,-7.261432351E-1,1.001862813E2,2.861414103E1,1.043562276E0,-9.681319205E1
3.057964583E0,6.414526386E-1,1.711365836E-1,-1.795944643E-1,-7.259453846E-1,1.001995508E2,2.871035344E1,1.035330343E0,-9.680675779E1
3.068009583E0,6.413292537E-1,1.716802440E-1,-1.801725634E-1,-7.257826767E-1,1.002179797E2,2.880422911E1,1.037409544E0,-9.680350522E1
3.078053583E0,6.411275072E-1,1.722839140E-1,-1.806583473E-1,-7.256971502E-1,1.002481073E2,2.889462328E1,1.054406087E0,-9.680944530E1
3.088098583E0,6.408328797E-1,1.729232224E-1,-1.810304789E-1,-7.257126813E-1,1.002920934E2,2.897769654E1,1.086655801E0,-9.682765446E1
3.098142583E0,6.404632044E-1,1.735280663E-1,-1.812771279E-1,-7.258330158E-1,1.003472637E2,2.904685967E1,1.128922452E0,-9.685823198E1
3.108186583E0,6.400591189E-1,1.740761459E-1,-1.813822823E-1,-7.260318462E-1,1.004075440E2,2.909896951E1,1.179166413E0,-9.689608368E1
3.118231583E0,6.396730748E-1,1.745793160E-1,-1.813659504E-1,-7.262553720E-1,1.004651083E2,2.913679553E1,1.234733782E0,-9.693302087E1
3.128275583E0,6.393345698E-1,1.750019781E-1,-1.813100080E-1,-7.264656664E-1,1.005155642E2,2.916479609E1,1.285271911E0,-9.696608877E1
3.138319583E0,6.390755062E-1,1.753449609E-1,-1.812544667E-1,-7.266247576E-1,1.005541664E2,2.918663229E1,1.326481372E0,-9.699057349E1
3.148364583E0,6.389225448E-1,1.756003020E-1,-1.812820153E-1,-7.266906436E-1,1.005769536E2,2.920903970E1,1.350234697E0,-9.700285387E1
3.158408583E0,6.388756485E-1,1.757588683E-1,-1.814671143E-1,-7.266473456E-1,1.005839391E2,2.923789471E1,1.349989955E0,-9.700334021E1
3.168452583E0,6.389131461E-1,1.759578983E-1,-1.818245493E-1,-7.264768327E-1,1.005783536E2,2.928533886E1,1.336171806E0,-9.698968236E1
3.178497583E0,6.389860180E-1,1.763682657E-1,-1.823712525E-1,-7.261761992E-1,1.005674982E2,2.936633042E1,1.322705344E0,-9.696220491E1
3.188541583E0,6.390579600E-1,1.770971292E-1,-1.830862557E-1,-7.257555341E-1,1.005567805E2,2.948746874E1,1.320955772E0,-9.692184599E1
3.198586583E0,6.391320910E-1,1.781924820E-1,-1.838315400E-1,-7.252334664E-1,1.005457358E2,2.964040738E1,1.345258314E0,-9.686602756E1
3.208630583E0,6.392726587E-1,1.794756078E-1,-1.844751153E-1,-7.246294520E-1,1.005247903E2,2.979947517E1,1.389377055E0,-9.679242000E1
3.218674583E0,6.395644966E-1,1.806278407E-1,-1.849152746E-1,-7.239731281E-1,1.004812945E2,2.993054038E1,1.433054783E0,-9.670157334E1
3.228719583E0,6.400654119E-1,1.814899374E-1,-1.850680741E-1,-7.232755556E-1,1.004066055E2,3.001359792E1,1.468257580E0,-9.659169302E1
3.238763583E0,6.407334553E-1,1.820133602E-1,-1.849979827E-1,-7.225701701E-1,1.003069336E2,3.005035891E1,1.487912650E0,-9.647108566E1
3.248807583E0,6.414206965E-1,1.821370993E-1,-1.849121758E-1,-7.219508696E-1,1.002043220E2,3.005389551E1,1.476966935E0,-9.636419954E1
3.258852583E0,6.419451034E-1,1.819205152E-1,-1.849731116E-1,-7.215237377E-1,1.001259713E2,3.004287083E1,1.434536740E0,-9.629557020E1
3.268896583E0,6.422193266E-1,1.816040990E-1,-1.851840342E-1,-7.213051483E-1,1.000849823E2,3.003662107E1,1.382475703E0,-9.626806407E1
3.278941583E0,6.422452627E-1,1.815313889E-1,-1.853916563E-1,-7.212470120E-1,1.000811049E2,3.004914529E1,1.359419356E0,-9.626720503E1
3.288985583E0,6.420889085E-1,1.817957921E-1,-1.854195416E-1,-7.213124976E-1,1.001044778E2,3.007248122E1,1.383913098E0,-9.627935490E1
3.299029583E0,6.418267551E-1,1.819986569E-1,-1.851937910E-1,-7.215526504E-1,1.001436574E2,3.006836171E1,1.427876492E0,-9.630978476E1
3.309074583E0,6.415248888E-1,1.815728104E-1,-1.847153769E-1,-7.220508367E-1,1.001887584E2,2.999163872E1,1.444612664E0,-9.637236670E1
3.319118583E0,6.412063271E-1,1.802538819E-1,-1.839905626E-1,-7.228488609E-1,1.002363376E2,2.982189895E1,1.411956794E0,-9.647445596E1
3.329162583E0,6.408642975E-1,1.783192811E-1,-1.830091915E-1,-7.238804129E-1,1.002874036E2,2.958063055E1,1.352051246E0,-9.660492009E1
3.339207583E0,6.404403503E-1,1.763131494E-1,-1.818734442E-1,-7.250324048E-1,1.003506737E2,2.932025085E1,1.301144794E0,-9.674958278E1
3.349251583E0,6.398965163E-1,1.746824148E-1,-1.807680055E-1,-7.261828162E-1,1.004317932E2,2.909244127E1,1.281074317E0,-9.689597586E1
3.359295583E0,6.392738072E-1,1.736109826E-1,-1.798663540E-1,-7.272113995E-1,1.005246192E2,2.892697309E1,1.291331219E0,-9.703107963E1
3.369340583E0,6.386890117E-1,1.731160334E-1,-1.792457815E-1,-7.279958867E-1,1.006117365E2,2.883203709E1,1.323128622E0,-9.713728855E1
3.379384583E0,6.382975887E-1,1.732335879E-1,-1.788700776E-1,-7.284035785E-1,1.006700164E2,2.880743872E1,1.376563392E0,-9.719049718E1
3.389429583E0,6.381947082E-1,1.738917126E-1,-1.786796565E-1,-7.283837273E-1,1.006853304E2,2.884240550E1,1.447156773E0,-9.717950831E1
3.399473583E0,6.383794906E-1,1.748579985E-1,-1.786650252E-1,-7.279938584E-1,1.006578239E2,2.891785331E1,1.517307845E0,-9.711353699E1
3.409517583E0,6.387813239E-1,1.759556793E-1,-1.787731869E-1,-7.273501865E-1,1.005979884E2,2.901510478E1,1.579778698E0,-9.701000513E1
3.419562583E0,6.392813594E-1,1.770090050E-1,-1.789458709E-1,-7.266123585E-1,1.005234937E2,2.911489374E1,1.629731322E0,-9.689342075E1
3.429606583E0,6.397817663E-1,1.778322902E-1,-1.791274930E-1,-7.259257468E-1,1.004489034E2,2.919734064E1,1.660725438E0,-9.678588501E1
3.439650583E0,6.402238366E-1,1.782810015E-1,-1.792448982E-1,-7.253969382E-1,1.003829751E2,2.924428949E1,1.669564406E0,-9.670217459E1
3.449695583E0,6.406085452E-1,1.782863354E-1,-1.792927114E-1,-7.250440084E-1,1.003255757E2,2.924969820E1,1.651377974E0,-9.664500756E1
3.459739583E0,6.409826380E-1,1.779147689E-1,-1.792756419E-1,-7.248089159E-1,1.002697372E2,2.921933778E1,1.609264640E0,-9.660482419E1
3.469784583E0,6.413728888E-1,1.772624168E-1,-1.792223292E-1,-7.246366486E-1,1.002114626E2,2.916343435E1,1.547460719E0,-9.657360861E1
3.479828583E0,6.418080181E-1,1.764004581E-1,-1.791921234E-1,-7.244690674E-1,1.001464573E2,2.909294993E1,1.465755405E0,-9.654409277E1
3.489872583E0,6.423095709E-1,1.754007854E-1,-1.792294572E-1,-7.242581593E-1,1.000714905E2,2.901756556E1,1.365448054E0,-9.651009909E1
3.499917583E0,6.428586179E-1,1.743282816E-1,-1.793785235E-1,-7.239929292E-1,9.998937756E1,2.894628239E1,1.248850495E0,-9.647165171E1
3.509961583E0,6.434267785E-1,1.732573268E-1,-1.796742082E-1,-7.236719177E-1,9.990435409E1,2.888803047E1,1.120119612E0,-9.642999311E1
3.520005583E0,6.439890833E-1,1.723163780E-1,-1.801088469E-1,-7.232883999E-1,9.982015468E1,2.885228588E1,9.908430811E-1,-9.638375786E1
3.530050583E0,6.445306888E-1,1.716542180E-1,-1.806143259E-1,-7.228370730E-1,9.973900552E1,2.884481862E1,8.785571088E-1,-9.632931810E1
3.540094583E0,6.450394644E-1,1.713908335E-1,-1.810936498E-1,-7.223255999E-1,9.966273112E1,2.886660347E1,8.007272189E-1,-9.626395762E1
3.550138583E0,6.455253333E-1,1.715772296E-1,-1.814193801E-1,-7.217654683E-1,9.958985082E1,2.891052174E1,7.709624612E-1,-9.618427521E1
3.560183583E0,6.460042664E-1,1.721260151E-1,-1.815468196E-1,-7.211739188E-1,9.951797253E1,2.896579751E1,7.852945083E-1,-9.609124379E1
3.570227583E0,6.464972739E-1,1.728973430E-1,-1.814543511E-1,-7.205707395E-1,9.944394207E1,2.901955249E1,8.336856390E-1,-9.598722842E1
3.580272583E0,6.469948964E-1,1.738079259E-1,-1.811170917E-1,-7.199896661E-1,9.936917749E1,2.906306917E1,9.119669102E-1,-9.587681386E1
3.590316583E0,6.474711084E-1,1.747748408E-1,-1.805909907E-1,-7.194594219E-1,9.929759094E1,2.909470882E1,1.010286613E0,-9.576713111E1
3.600360583E0,6.478753968E-1,1.757643275E-1,-1.799659478E-1,-7.190108793E-1,9.923678646E1,2.911963788E1,1.120886242E0,-9.566706019E1
3.610405583E0,6.481461482E-1,1.767426699E-1,-1.793812991E-1,-7.186730302E-1,9.919605044E1,2.914725432E1,1.232514910E0,-9.558714912E1
3.620449583E0,6.482236536E-1,1.776570153E-1,-1.789682905E-1,-7.184807168E-1,9.918438706E1,2.918462832E1,1.333010367E0,-9.553849410E1
3.630493583E0,6.480971814E-1,1.785110112E-1,-1.788124993E-1,-7.184219114E-1,9.920341867E1,2.923940034E1,1.416306265E0,-9.552253801E1
3.640538583E0,6.478122081E-1,1.793193712E-1,-1.789254694E-1,-7.184494517E-1,9.924629177E1,2.931376115E1,1.480894142E0,-9.553190785E1
3.650582583E0,6.474176346E-1,1.800712506E-1,-1.792715575E-1,-7.185307898E-1,9.930563128E1,2.940377809E1,1.526903577E0,-9.555976373E1
3.660626583E0,6.469852606E-1,1.807342806E-1,-1.797551326E-1,-7.186329011E-1,9.937062560E1,2.949861084E1,1.556651870E0,-9.559674178E1
3.670671583E0,6.466082123E-1,1.812511913E-1,-1.802718311E-1,-7.187126456E-1,9.942727788E1,2.958470466E1,1.570361862E0,-9.563140890E1
3.680715583E0,6.463689604E-1,1.815745027E-1,-1.807353171E-1,-7.187297836E-1,9.946321364E1,2.965083998E1,1.567957652E0,-9.565351491E1
3.690760583E0,6.463202281E-1,1.816487762E-1,-1.811045128E-1,-7.186619377E-1,9.947053209E1,2.968905770E1,1.546320209E0,-9.565761126E1
3.700804583E0,6.464469268E-1,1.815537956E-1,-1.813634025E-1,-7.185067477E-1,9.945150409E1,2.970432943E1,1.513450699E0,-9.564264155E1
3.710848583E0,6.467117829E-1,1.814452816E-1,-1.815299949E-1,-7.182537770E-1,9.941171855E1,2.971067200E1,1.481395268E0,-9.560765683E1
3.720893583E0,6.470598105E-1,1.814666912E-1,-1.816995947E-1,-7.178919253E-1,9.935942152E1,2.972786150E1,1.455809432E0,-9.555483482E1
3.730937583E0,6.474174186E-1,1.816623292E-1,-1.819884347E-1,-7.174465674E-1,9.930566376E1,2.976951087E1,1.433750985E0,-9.549326342E1
3.740981583E0,6.477339388E-1,1.820320542E-1,-1.824767354E-1,-7.169429995E-1,9.925806469E1,2.984255674E1,1.410791275E0,-9.543052747E1
3.751026583E0,6.479938294E-1,1.825412629E-1,-1.831754553E-1,-7.164003035E-1,9.921896914E1,2.994515179E1,1.383948125E0,-9.537032025E1
3.761070583E0,6.482103115E-1,1.830993606E-1,-1.840776195E-1,-7.158306309E-1,9.918639492E1,3.006941793E1,1.346244636E0,-9.531444882E1
3.771114583E0,6.483965057E-1,1.835551889E-1,-1.851380662E-1,-7.152716057E-1,9.915837181E1,3.019923444E1,1.289142284E0,-9.526730472E1
3.781159583E0,6.485874704E-1,1.837820487E-1,-1.862550165E-1,-7.147499567E-1,9.912962467E1,3.031552099E1,1.209665803E0,-9.522903141E1
3.791203583E0,6.488157878E-1,1.837363771E-1,-1.873394815E-1,-7.142708656E-1,9.909524652E1,3.040701947E1,1.110315916E0,-9.519668236E1
3.801248583E0,6.490681105E-1,1.834635185E-1,-1.883461167E-1,-7.138469210E-1,9.905724362E1,3.047339937E1,9.987629723E-1,-9.517034195E1
3.811292583E0,6.492738740E-1,1.830194276E-1,-1.892639804E-1,-7.135310699E-1,9.902624513E1,3.051814655E1,8.830649335E-1,-9.515817350E1
3.821336583E0,6.493705721E-1,1.824641810E-1,-1.900679355E-1,-7.133715730E-1,9.901167500E1,3.054387589E1,7.723975312E-1,-9.516693299E1
3.831381583E0,6.493349659E-1,1.818712150E-1,-1.906874118E-1,-7.133899833E-1,9.901704020E1,3.055035032E1,6.789822263E-1,-9.519699078E1
3.841425583E0,6.491729639E-1,1.813510913E-1,-1.909866860E-1,-7.135897488E-1,9.904144823E1,3.053460438E1,6.218876132E-1,-9.524287992E1
3.851469625E0,6.489369626E-1,1.810166129E-1,-1.908318817E-1,-7.139306958E-1,9.907699744E1,3.049397540E1,6.182855727E-1,-9.529208629E1
3.861514625E0,6.486752623E-1,1.809663966E-1,-1.900962278E-1,-7.143774208E-1,9.911640673E1,3.042524981E1,6.838513565E-1,-9.533333902E1
3.871558625E0,6.483651985E-1,1.810321091E-1,-1.888015975E-1,-7.149852942E-1,9.916308410E1,3.031677331E1,8.047927365E-1,-9.537703475E1
3.881602625E0,6.479023102E-1,1.806125392E-1,-1.870516162E-1,-7.159702134E-1,9.923273774E1,3.012919883E1,9.307563270E-1,-9.546374491E1
3.891647625E0,6.472029254E-1,1.790574226E-1,-1.848977680E-1,-7.175511417E-1,9.933791021E1,2.981475962E1,1.010346738E0,-9.563258638E1
3.901691625E0,6.463151811E-1,1.762743836E-1,-1.822507336E-1,-7.197143339E-1,9.947129002E1,2.935867942E1,1.040065435E0,-9.587882862E1
3.911736625E0,6.453892016E-1,1.726973578E-1,-1.791523518E-1,-7.221862598E-1,9.961027451E1,2.880018351E1,1.042458608E0,-9.616055208E1
3.921780625E0,6.445282811E-1,1.689549327E-1,-1.759520741E-1,-7.246229666E-1,9.973936637E1,2.822057973E1,1.033962662E0,-9.643600489E1
3.931824625E0,6.437463438E-1,1.656321357E-1,-1.731564552E-1,-7.267555419E-1,9.985650883E1,2.771078785E1,1.020519020E0,-9.668045793E1
3.941869625E0,6.431005171E-1,1.633559333E-1,-1.710847888E-1,-7.283313809E-1,9.995318457E1,2.734807834E1,1.025939919E0,-9.686280620E1
3.951913625E0,6.427642564E-1,1.626961184E-1,-1.697463794E-1,-7.290886044E-1,1.000034933E2,2.717781313E1,1.090173058E0,-9.693769355E1
3.961957625E0,6.428715043E-1,1.638438999E-1,-1.689843680E-1,-7.289140058E-1,9.998744974E1,2.720128056E1,1.236868848E0,-9.687886365E1
3.972002625E0,6.433973495E-1,1.664968825E-1,-1.686737176E-1,-7.279201620E-1,9.990875936E1,2.738433646E1,1.452284356E0,-9.670022608E1
3.982046625E0,6.442037477E-1,1.700151765E-1,-1.687137134E-1,-7.263828531E-1,9.978799713E1,2.766842669E1,1.697361000E0,-9.644457222E1
3.992090625E0,6.450964918E-1,1.735335735E-1,-1.690727000E-1,-7.246731346E-1,9.965417905E1,2.798225292E1,1.912534525E0,-9.617314336E1
4.002135625E0,6.458988703E-1,1.762890826E-1,-1.697304745E-1,-7.231378223E-1,9.953379365E1,2.826230367E1,2.046190076E0,-9.594302833E1
4.012179625E0,6.464460365E-1,1.777942865E-1,-1.706965511E-1,-7.220522723E-1,9.945163781E1,2.846895592E1,2.066609478E0,-9.580017379E1
4.022224625E0,6.465919331E-1,1.778080402E-1,-1.720245002E-1,-7.216030027E-1,9.942972333E1,2.858646468E1,1.957279233E0,-9.577748608E1
4.032268625E0,6.462549058E-1,1.763792122E-1,-1.737239741E-1,-7.218484027E-1,9.948034135E1,2.861969360E1,1.724758256E0,-9.588526418E1
4.042312625E0,6.454453360E-1,1.738838742E-1,-1.757069961E-1,-7.226975906E-1,9.960185311E1,2.859236868E1,1.404597272E0,-9.610561211E1
4.052357625E0,6.442261225E-1,1.708434934E-1,-1.778239184E-1,-7.239915726E-1,9.978464488E1,2.853459985E1,1.046329061E0,-9.640691683E1
4.062401625E0,6.426748102E-1,1.678160837E-1,-1.798832783E-1,-7.255680044E-1,1.000168725E2,2.847488991E1,7.053895077E-1,-9.675492449E1
4.072445625E0,6.409290114E-1,1.653498536E-1,-1.816503764E-1,-7.272361687E-1,1.002777431E2,2.843584352E1,4.381333897E-1,-9.710812775E1
4.082490625E0,6.391677473E-1,1.638914613E-1,-1.828512093E-1,-7.288137569E-1,1.005404231E2,2.842731656E1,2.949320302E-1,-9.742393460E1
4.092534625E0,6.375504410E-1,1.636049629E-1,-1.832543702E-1,-7.301921748E-1,1.007811928E2,2.844019753E1,3.012808277E-1,-9.767347577E1
4.102578625E0,6.361671603E-1,1.643290358E-1,-1.827931671E-1,-7.313507285E-1,1.009867912E2,2.845495929E1,4.463558259E-1,-9.784991359E1
4.112623625E0,6.350277519E-1,1.656685562E-1,-1.815863251E-1,-7.323388297E-1,1.011559144E2,2.845107382E1,6.890740804E-1,-9.796669901E1
4.122667625E0,6.340667563E-1,1.671941957E-1,-1.798884314E-1,-7.332432642E-1,1.012983963E2,2.841782326E1,9.778278637E-1,-9.804966575E1
4.132712625E0,6.332036942E-1,1.686007711E-1,-1.780074933E-1,-7.341255453E-1,1.014262344E2,2.835890422E1,1.267386376E0,-9.812241377E1
4.142756625E0,6.323825946E-1,1.697162566E-1,-1.762488258E-1,-7.350000028E-1,1.015477488E2,2.828803249E1,1.522500448E0,-9.819992607E1
4.152800625E0,6.315919513E-1,1.705069874E-1,-1.748513067E-1,-7.358300955E-1,1.016646566E2,2.822381849E1,1.722512702E0,-9.828533618E1
4.162845625E0,6.308357895E-1,1.709818084E-1,-1.739907157E-1,-7.365722646E-1,1.017763750E2,2.818264074E1,1.854516902E0,-9.837777316E1
4.172889625E0,6.301208103E-1,1.711326794E-1,-1.737667409E-1,-7.372018543E-1,1.018819275E2,2.817285477E1,1.910055217E0,-9.847656045E1
4.182933625E0,6.294701578E-1,1.710113513E-1,-1.741632036E-1,-7.376920959E-1,1.019779149E2,2.819727156E1,1.893762081E0,-9.857630052E1
4.192978625E0,6.289369580E-1,1.707902318E-1,-1.750196658E-1,-7.379952582E-1,1.020565266E2,2.825531410E1,1.829885059E0,-9.866254498E1
4.203022625E0,6.285439439E-1,1.706572883E-1,-1.761200691E-1,-7.380992292E-1,1.021144423E2,2.834246268E1,1.749260942E0,-9.872477084E1
4.213067625E0,6.282989970E-1,1.706463496E-1,-1.772635358E-1,-7.380365041E-1,1.021505264E2,2.844337537E1,1.669690202E0,-9.876053669E1
4.223111625E0,6.282116635E-1,1.706850269E-1,-1.783074425E-1,-7.378503889E-1,1.021633896E2,2.853962371E1,1.595916552E0,-9.877140586E1
4.233155625E0,6.282675028E-1,1.707060832E-1,-1.791980015E-1,-7.375821295E-1,1.021551652E2,2.862107716E1,1.527167831E0,-9.876213778E1
4.243200625E0,6.284207645E-1,1.706385850E-1,-1.800009200E-1,-7.372715757E-1,1.021325895E2,2.868797785E1,1.454399009E0,-9.874217477E1
4.253244625E0,6.285970174E-1,1.704978699E-1,-1.807794013E-1,-7.369634875E-1,1.021066226E2,2.874703338E1,1.376756675E0,-9.872177625E1
4.263288625E0,6.287297852E-1,1.703507062E-1,-1.815657640E-1,-7.366908764E-1,1.020870591E2,2.880621643E1,1.299580544E0,-9.870795588E1
4.273333625E0,6.287910983E-1,1.702507668E-1,-1.823695768E-1,-7.364630832E-1,1.020780237E2,2.887053151E1,1.227488456E0,-9.870272162E1
4.283377625E0,6.287672801E-1,1.702187747E-1,-1.831866593E-1,-7.362879683E-1,1.020815337E2,2.894121020E1,1.162984596E0,-9.870724571E1
4.293421625E0,6.286459077E-1,1.702084112E-1,-1.840059262E-1,-7.361896714E-1,1.020994189E2,2.901366185E1,1.103711230E0,-9.872516545E1
4.303466625E0,6.284358057E-1,1.701567761E-1,-1.847899893E-1,-7.361845716E-1,1.021303737E2,2.907968100E1,1.047212869E0,-9.875766260E1
4.313510625E0,6.281553237E-1,1.700102736E-1,-1.854859181E-1,-7.362828106E-1,1.021716872E2,2.913040222E1,9.926045139E-1,-9.880417078E1
4.323554625E0,6.278319309E-1,1.697178502E-1,-1.860620319E-1,-7.364807744E-1,1.022193063E2,2.915907090E1,9.372000941E-1,-9.886266703E1
4.333599625E0,6.275107508E-1,1.692969257E-1,-1.864991830E-1,-7.367406729E-1,1.022665838E2,2.916537912E1,8.821249881E-1,-9.892583951E1
4.343643625E0,6.272290097E-1,1.688322198E-1,-1.867921405E-1,-7.370129732E-1,1.023080430E2,2.915545792E1,8.331199626E-1,-9.898497004E1
4.353688625E0,6.269969807E-1,1.684564543E-1,-1.869850308E-1,-7.372474466E-1,1.023421778E2,2.914352251E1,7.970147027E-1,-9.903336459E1
4.363732625E0,6.267973627E-1,1.682997194E-1,-1.871414285E-1,-7.374132629E-1,1.023715379E2,2.914529043E1,7.800134700E-1,-9.906849402E1
4.373776625E0,6.266214049E-1,1.685171096E-1,-1.872687996E-1,-7.374809033E-1,1.023974131E2,2.917337862E1,7.943181969E-1,-9.908563670E1
4.383821625E0,6.264776947E-1,1.691853017E-1,-1.873575648E-1,-7.374274505E-1,1.024185426E2,2.923285573E1,8.464671237E-1,-9.908046584E1
4.393865625E0,6.263897395E-1,1.702153786E-1,-1.873788411E-1,-7.372596587E-1,1.024314730E2,2.931433568E1,9.306101488E-1,-9.905288317E1
4.403909625E0,6.263809466E-1,1.713869451E-1,-1.872926824E-1,-7.370175935E-1,1.024327656E2,2.939728935E1,1.031222276E0,-9.900799663E1
4.413954625E0,6.264571534E-1,1.724158050E-1,-1.870791111E-1,-7.367669831E-1,1.024215625E2,2.945795691E1,1.126877241E0,-9.895614792E1
4.423998625E0,6.266026548E-1,1.731437278E-1,-1.867474108E-1,-7.365566598E-1,1.024001701E2,2.948486053E1,1.204874939E0,-9.890605870E1
4.434042625E0,6.267743822E-1,1.735472069E-1,-1.863777336E-1,-7.364092933E-1,1.023749176E2,2.948326119E1,1.258888092E0,-9.886505519E1
4.444087625E0,6.268981727E-1,1.737155447E-1,-1.860601959E-1,-7.363445083E-1,1.023567114E2,2.946802613E1,1.291979256E0,-9.884038345E1
4.454131625E0,6.269378856E-1,1.738727392E-1,-1.858057264E-1,-7.363378386E-1,1.023508702E2,2.945747176E1,1.322553053E0,-9.882837603E1
4.464176625E0,6.269340344E-1,1.743367181E-1,-1.855071318E-1,-7.363067922E-1,1.023514367E2,2.946677550E1,1.382632658E0,-9.881043076E1
4.474220625E0,6.269897420E-1,1.754059204E-1,-1.849564200E-1,-7.361439473E-1,1.023432426E2,2.950075720E1,1.507996023E0,-9.875944379E1
4.484264625E0,6.271732810E-1,1.770006284E-1,-1.840314676E-1,-7.358375081E-1,1.023162422E2,2.954265654E1,1.698963635E0,-9.866836988E1
4.494309625E0,6.275141911E-1,1.786091184E-1,-1.827400483E-1,-7.354799922E-1,1.022660775E2,2.955361083E1,1.913055799E0,-9.855347344E1
4.504353625E0,6.279954870E-1,1.795697101E-1,-1.812089148E-1,-7.352141509E-1,1.021952249E2,2.949316691E1,2.088757577E0,-9.844445735E1
4.514397625E0,6.284822778E-1,1.791462983E-1,-1.797378678E-1,-7.352624565E-1,1.021235274E2,2.932969604E1,2.149953699E0,-9.839147881E1
4.524442625E0,6.287923311E-1,1.771486958E-1,-1.785970474E-1,-7.357593468E-1,1.020778420E2,2.907176148E1,2.067491864E0,-9.842836885E1
4.534486625E0,6.288145794E-1,1.741213192E-1,-1.778985372E-1,-7.366316232E-1,1.020745632E2,2.877232524E1,1.879418127E0,-9.854742671E1
4.544530625E0,6.285200783E-1,1.708256755E-1,-1.776923678E-1,-7.377035651E-1,1.021179584E2,2.849613344E1,1.642951166E0,-9.872108525E1
4.554575625E0,6.279525446E-1,1.681091840E-1,-1.779781874E-1,-7.387412047E-1,1.022015480E2,2.830957408E1,1.424213265E0,-9.890968992E1
4.564619625E0,6.272323656E-1,1.666970690E-1,-1.786830361E-1,-7.395025190E-1,1.023075492E2,2.826221494E1,1.283202596E0,-9.906893857E1
4.574664625E0,6.265887885E-1,1.668334398E-1,-1.796830919E-1,-7.397749510E-1,1.024022089E2,2.836153220E1,1.241328679E0,-9.915717672E1
4.584708625E0,6.262830500E-1,1.682125834E-1,-1.808143831E-1,-7.394459580E-1,1.024471560E2,2.856928220E1,1.277014541E0,-9.914814949E1
4.594752625E0,6.264985732E-1,1.701218060E-1,-1.819278904E-1,-7.385529663E-1,1.024154731E2,2.881742283E1,1.336992383E0,-9.904204690E1
4.604797625E0,6.272872935E-1,1.719125634E-1,-1.829375171E-1,-7.372181071E-1,1.022994673E2,2.904827006E1,1.373244834E0,-9.885634388E1
4.614841625E0,6.285337181E-1,1.732032082E-1,-1.838087106E-1,-7.356361094E-1,1.021159489E2,2.922882207E1,1.361998751E0,-9.862313631E1
4.624885625E0,6.300037264E-1,1.738052513E-1,-1.845671678E-1,-7.340450553E-1,1.018992051E2,2.934599591E1,1.295325183E0,-9.838428011E1
4.634930625E0,6.314575714E-1,1.737192154E-1,-1.852638273E-1,-7.326393420E-1,1.016845169E2,2.940367828E1,1.178919239E0,-9.817495449E1
4.644974625E0,6.327643081E-1,1.731503093E-1,-1.858886622E-1,-7.314873685E-1,1.014912722E2,2.941667283E1,1.035225296E0,-9.800615349E1
4.655018625E0,6.339024785E-1,1.723796845E-1,-1.863854168E-1,-7.305569821E-1,1.013227384E2,2.940196456E1,8.919026323E-1,-9.786981063E1
4.665063625E0,6.349138290E-1,1.716557406E-1,-1.867007892E-1,-7.297681670E-1,1.011728128E2,2.937438577E1,7.712224470E-1,-9.774993097E1
4.675107625E0,6.358401535E-1,1.710772613E-1,-1.867946640E-1,-7.290732287E-1,1.010353501E2,2.933823639E1,6.825582358E-1,-9.763659441E1
4.685152625E0,6.367280717E-1,1.706228293E-1,-1.866662472E-1,-7.284372643E-1,1.009034591E2,2.929188112E1,6.225179921E-1,-9.752379977E1
4.695196625E0,6.376176757E-1,1.701856453E-1,-1.863541445E-1,-7.278410866E-1,1.007711918E2,2.923048378E1,5.781710452E-1,-9.740993794E1
4.705240625E0,6.385141234E-1,1.696591074E-1,-1.859265621E-1,-7.272872928E-1,1.006377791E2,2.915177827E1,5.356290456E-1,-9.729837853E1
4.715285625E0,6.393766955E-1,1.689926399E-1,-1.854720920E-1,-7.268005863E-1,1.005092861E2,2.905964260E1,4.855779785E-1,-9.719706829E1
4.725329625E0,6.401497135E-1,1.682426144E-1,-1.850734052E-1,-7.263955946E-1,1.003940317E2,2.896579908E1,4.281188071E-1,-9.711197718E1
4.735373625E0,6.407985985E-1,1.675928805E-1,-1.847710206E-1,-7.260506727E-1,1.002972104E2,2.888827383E1,3.758529943E-1,-9.704116601E1
4.745418625E0,6.413146208E-1,1.672092527E-1,-1.845730009E-1,-7.257336678E-1,1.002201651E2,2.884081085E1,3.414871783E-1,-9.697956100E1
4.755462625E0,6.417551818E-1,1.671769116E-1,-1.844718419E-1,-7.253774005E-1,1.001543523E2,2.882949420E1,3.300934820E-1,-9.691556091E1
4.765506625E0,6.421880642E-1,1.675369622E-1,-1.844358583E-1,-7.249202415E-1,1.000896558E2,2.885481246E1,3.447425667E-1,-9.683751103E1
4.775551625E0,6.426850229E-1,1.682842048E-1,-1.844319598E-1,-7.243074632E-1,1.000153450E2,2.891354050E1,3.847838341E-1,-9.673489188E1
4.785595625E0,6.433027561E-1,1.693431726E-1,-1.844078445E-1,-7.235179395E-1,9.992291818E1,2.899526360E1,4.460806504E-1,-9.660203355E1
4.795640625E0,6.440490794E-1,1.705836552E-1,-1.843318794E-1,-7.225813654E-1,9.981116781E1,2.908706498E1,5.204583227E-1,-9.644265681E1
4.805684625E0,6.448803127E-1,1.718482944E-1,-1.841892314E-1,-7.215759813E-1,9.968659536E1,2.917526692E1,5.983613015E-1,-9.626926406E1
4.815728625E0,6.457301486E-1,1.729621638E-1,-1.839882206E-1,-7.206003792E-1,9.955911681E1,2.924669733E1,6.680678625E-1,-9.609863466E1
4.825773625E0,6.465106160E-1,1.738002384E-1,-1.837431522E-1,-7.197610748E-1,9.944193805E1,2.929252051E1,7.222608386E-1,-9.594900866E1
4.835817625E0,6.471402030E-1,1.743531119E-1,-1.834609036E-1,-7.191332580E-1,9.934733831E1,2.931238199E1,7.629954954E-1,-9.583304682E1
4.845861625E0,6.475520093E-1,1.746694609E-1,-1.831625513E-1,-7.187617440E-1,9.928542574E1,2.931184517E1,7.951131142E-1,-9.575895642E1
4.855906875E0,6.477090564E-1,1.747646844E-1,-1.828489650E-1,-7.186769367E-1,9.926180718E1,2.929210378E1,8.212390732E-1,-9.573173208E1
4.865950875E0,6.476350228E-1,1.746017503E-1,-1.824846420E-1,-7.188758935E-1,9.927294172E1,2.924706761E1,8.403923714E-1,-9.574937198E1
4.875994875E0,6.474208325E-1,1.741659308E-1,-1.820128713E-1,-7.192939902E-1,9.930515046E1,2.917067109E1,8.523156328E-1,-9.579884456E1
4.886039875E0,6.471915774E-1,1.735193399E-1,-1.813772708E-1,-7.198168403E-1,9.933961604E1,2.906307954E1,8.613370941E-1,-9.585893238E1
4.896083875E0,6.470472428E-1,1.727604912E-1,-1.805562027E-1,-7.203355232E-1,9.936131038E1,2.893038711E1,8.728920655E-1,-9.591077237E1
4.906127875E0,6.470247628E-1,1.719943724E-1,-1.795564950E-1,-7.207886597E-1,9.936468895E1,2.878160519E1,8.931736274E-1,-9.594456808E1
4.916172875E0,6.470951454E-1,1.713422204E-1,-1.784018748E-1,-7.211674782E-1,9.935411073E1,2.862846160E1,9.309197444E-1,-9.595994760E1
4.926216875E0,6.472130064E-1,1.708475870E-1,-1.771449906E-1,-7.214887874E-1,9.933639483E1,2.847899708E1,9.871492819E-1,-9.596196568E1
4.936261875E0,6.473310729E-1,1.704686097E-1,-1.758840972E-1,-7.217809783E-1,9.931864572E1,2.833844894E1,1.052669618E0,-9.595938806E1
4.946305875E0,6.474303103E-1,1.701502807E-1,-1.746923468E-1,-7.220564264E-1,9.930372540E1,2.820881619E1,1.118138904E0,-9.595720185E1
4.956349875E0,6.475219244E-1,1.698412532E-1,-1.736483550E-1,-7.222987840E-1,9.928994979E1,2.809289783E1,1.172928098E0,-9.595574758E1
4.966394875E0,6.476203399E-1,1.694553620E-1,-1.728322603E-1,-7.224968294E-1,9.927514990E1,2.799084848E1,1.203445910E0,-9.595620307E1
4.976438875E0,6.477579098E-1,1.689074159E-1,-1.723226155E-1,-7.226236044E-1,9.925445918E1,2.790279326E1,1.195637520E0,-9.595702647E1
4.986482875E0,6.479469990E-1,1.681170076E-1,-1.722290359E-1,-7.226607595E-1,9.922601471E1,2.783193501E1,1.134103916E0,-9.595936802E1
4.996527875E0,6.481701455E-1,1.669936373E-1,-1.726391550E-1,-7.226232278E-1,9.919243931E1,2.777874580E1,1.005470497E0,-9.596916502E1
5.006571875E0,6.483813829E-1,1.655304779E-1,-1.735727604E-1,-7.225466917E-1,9.916064809E1,2.774446642E1,8.092900043E-1,-9.599334040E1
5.016615875E0,6.485399130E-1,1.637927389E-1,-1.749460344E-1,-7.224693364E-1,9.913678437E1,2.772709298E1,5.587281294E-1,-9.603529584E1
5.026660875E0,6.486080513E-1,1.618345331E-1,-1.765877385E-1,-7.224500042E-1,9.912652613E1,2.771612827E1,2.728584546E-1,-9.609836368E1
5.036704875E0,6.485655383E-1,1.597829971E-1,-1.782727444E-1,-7.225309551E-1,9.913292657E1,2.770211126E1,-1.986982924E-2,-9.618069068E1
5.046749875E0,6.484016819E-1,1.577785015E-1,-1.797683168E-1,-7.227480009E-1,9.915759269E1,2.767579768E1,-2.896866792E-1,-9.627865568E1
5.056793875E0,6.481369628E-1,1.560098604E-1,-1.808529357E-1,-7.230986152E-1,9.919743263E1,2.763249361E1,-5.050067739E-1,-9.638236766E1
5.066837875E0,6.477774396E-1,1.546052521E-1,-1.813696363E-1,-7.235928397E-1,9.925152162E1,2.756821407E1,-6.435488615E-1,-9.648656420E1
5.076882875E0,6.473015437E-1,1.533698648E-1,-1.813294492E-1,-7.242914395E-1,9.932308510E1,2.746846470E1,-7.208402906E-1,-9.660166442E1
5.086926875E0,6.466646364E-1,1.518684544E-1,-1.808677437E-1,-7.252914842E-1,9.941880155E1,2.731113008E1,-7.806077544E-1,-9.674972643E1
5.096970875E0,6.458640096E-1,1.497703580E-1,-1.801267020E-1,-7.266243414E-1,9.953902622E1,2.708313315E1,-8.606798669E-1,-9.694235903E1
5.107015875E0,6.449012254E-1,1.470458645E-1,-1.792200969E-1,-7.282582719E-1,9.968345981E1,2.679259430E1,-9.731460406E-1,-9.717948124E1
5.117059875E0,6.437764577E-1,1.438644004E-1,-1.782597902E-1,-7.301222110E-1,9.985199931E1,2.646302032E1,-1.113998937E0,-9.745425034E1
5.127103875E0,6.424776815E-1,1.404330503E-1,-1.773499096E-1,-7.321530780E-1,1.000463539E2,2.612007231E1,-1.274921252E0,-9.776068128E1
5.137148875E0,6.410633545E-1,1.372018609E-1,-1.764326901E-1,-7.342240530E-1,1.002576861E2,2.579328315E1,-1.417370078E0,-9.807503721E1
5.147192875E0,6.402799078E-1,1.350588701E-1,-1.752115615E-1,-7.355961226E-1,1.003746106E2,2.552233114E1,-1.471020041E0,-9.825904399E1
5.157237875E0,6.389959093E-1,1.343054952E-1,-1.738413675E-1,-7.371739689E-1,1.005660247E2,2.534506887E1,-1.384103602E0,-9.847254907E1
5.167281875E0,6.379235618E-1,1.353228569E-1,-1.722403984E-1,-7.382914978E-1,1.007256832E2,2.528134070E1,-1.142380925E0,-9.859864305E1
5.177325875E0,6.370989797E-1,1.379038337E-1,-1.704905363E-1,-7.389319824E-1,1.008483274E2,2.532277535E1,-7.698255916E-1,-9.863785279E1
5.187370875E0,6.364979973E-1,1.414307044E-1,-1.687186393E-1,-7.391898895E-1,1.009376462E2,2.543443070E1,-3.260066400E-1,-9.861172997E1
5.197414875E0,6.360746006E-1,1.451234486E-1,-1.670950947E-1,-7.392073278E-1,1.010005375E2,2.557265980E1,1.136028293E-1,-9.855141106E1
5.207458875E0,6.357697050E-1,1.483026295E-1,-1.657908163E-1,-7.391323116E-1,1.010458091E2,2.570073954E1,4.824919728E-1,-9.848853934E1
5.217503875E0,6.354807673E-1,1.505072653E-1,-1.649887223E-1,-7.391145889E-1,1.010886976E2,2.579901941E1,7.328279249E-1,-9.845515974E1
5.227547875E0,6.350502056E-1,1.515045263E-1,-1.648408046E-1,-7.393138487E-1,1.011525836E2,2.586237601E1,8.396661902E-1,-9.848385888E1
5.237591875E0,6.343221662E-1,1.512809247E-1,-1.654213057E-1,-7.398548403E-1,1.012605422E2,2.589606115E1,8.016540940E-1,-9.859873041E1
5.247636875E0,6.332243304E-1,1.500144080E-1,-1.666760002E-1,-7.407710233E-1,1.014231791E2,2.590945895E1,6.397811620E-1,-9.880399508E1
5.257680875E0,6.317367890E-1,1.479331248E-1,-1.684606960E-1,-7.420548268E-1,1.016432475E2,2.590839318E1,3.840759832E-1,-9.909386302E1
5.267724875E0,6.298417244E-1,1.451767743E-1,-1.705383769E-1,-7.437336780E-1,1.019231076E2,2.588379332E1,6.424816300E-2,-9.946507299E1
5.277769875E0,6.275740449E-1,1.418794156E-1,-1.725966393E-1,-7.458092523E-1,1.022572682E2,2.581924443E1,-2.867310790E-1,-9.990669666E1
5.287813875E0,6.250262573E-1,1.383067089E-1,-1.743276763E-1,-7.482134033E-1,1.026317706E2,2.570802435E1,-6.275665404E-1,-1.003952553E2
5.297858875E0,6.223092765E-1,1.349444862E-1,-1.754481713E-1,-7.508256070E-1,1.030300662E2,2.556086911E1,-9.010990861E-1,-1.008982638E2
5.307902875E0,6.195217999E-1,1.323333612E-1,-1.757763069E-1,-7.535139543E-1,1.034375557E2,2.540024158E1,-1.052264033E0,-1.013846362E2
5.317946875E0,6.167130549E-1,1.308597717E-1,-1.752779718E-1,-7.561866493E-1,1.038470007E2,2.524962954E1,-1.047631623E0,-1.018362631E2
5.327991875E0,6.139260576E-1,1.306830671E-1,-1.739845522E-1,-7.587794339E-1,1.042521458E2,2.512161500E1,-8.771210978E-1,-1.022430143E2
5.338035875E0,6.112220581E-1,1.316679388E-1,-1.720124959E-1,-7.612378016E-1,1.046441635E2,2.501540263E1,-5.623349576E-1,-1.026005758E2
5.348079875E0,6.086574908E-1,1.333953511E-1,-1.695482935E-1,-7.635411427E-1,1.050150120E2,2.491668148E1,-1.540112482E-1,-1.029137608E2
5.358124875E0,6.062846022E-1,1.354399830E-1,-1.668113364E-1,-7.656689052E-1,1.053573247E2,2.481441107E1,2.941622664E-1,-1.031883451E2
5.368168875E0,6.041252295E-1,1.374623020E-1,-1.640425123E-1,-7.676112217E-1,1.056681594E2,2.470617833E1,7.351691624E-1,-1.034321054E2
5.378212875E0,6.021579937E-1,1.392746336E-1,-1.614613168E-1,-7.693753939E-1,1.059507812E2,2.459878341E1,1.137883436E0,-1.036542960E2
5.388257875E0,6.003116615E-1,1.408200927E-1,-1.592530986E-1,-7.709955662E-1,1.062155560E2,2.450535737E1,1.486439301E0,-1.038671851E2
5.398301875E0,5.985200727E-1,1.420807326E-1,-1.575622236E-1,-7.725030009E-1,1.064720419E2,2.443801532E1,1.771138618E0,-1.040807844E2
5.408345875E0,5.967584714E-1,1.430756524E-1,-1.564347098E-1,-7.739102315E-1,1.067238174E2,2.440258704E1,1.991311513E0,-1.042980963E2
5.418390875E0,5.950415879E-1,1.438375028E-1,-1.558227758E-1,-7.752133172E-1,1.069688063E2,2.439732748E1,2.152961893E0,-1.045159637E2
5.428434875E0,5.934022862E-1,1.443721211E-1,-1.556914396E-1,-7.763959156E-1,1.072023634E2,2.441979116E1,2.258298388E0,-1.047296433E2
5.438479875E0,5.918408930E-1,1.447436476E-1,-1.559661297E-1,-7.774626735E-1,1.074244947E2,2.446800966E1,2.318321271E0,-1.049370863E2
5.448523875E0,5.903245442E-1,1.450089225E-1,-1.565516733E-1,-7.784477191E-1,1.076399155E2,2.453740816E1,2.345836875E0,-1.051411276E2
5.458567875E0,5.887824437E-1,1.452199300E-1,-1.573483337E-1,-7.794150208E-1,1.078586915E2,2.462244829E1,2.354678015E0,-1.053500844E2
5.468612875E0,5.871585257E-1,1.453698918E-1,-1.582455314E-1,-7.804298327E-1,1.080887465E2,2.471230458E1,2.353889997E0,-1.055721304E2
5.478656875E0,5.853908025E-1,1.454338516E-1,-1.591284638E-1,-7.815656059E-1,1.083387936E2,2.479438012E1,2.351363396E0,-1.058168255E2
5.488700875E0,5.834602240E-1,1.454228895E-1,-1.598915786E-1,-7.828543723E-1,1.086114276E2,2.485958895E1,2.356043984E0,-1.060864140E2
5.498745875E0,5.813580024E-1,1.453556626E-1,-1.604592992E-1,-7.843132644E-1,1.089077718E2,2.490214546E1,2.375025974E0,-1.063814753E2
5.508789875E0,5.790740963E-1,1.452220696E-1,-1.608055442E-1,-7.859551054E-1,1.092291083E2,2.491877575E1,2.409390452E0,-1.067036631E2
5.518833875E0,5.766079578E-1,1.450464964E-1,-1.609157898E-1,-7.877758071E-1,1.095753672E2,2.490973169E1,2.462046321E0,-1.070520288E2
5.528878875E0,5.739755920E-1,1.449112860E-1,-1.607684477E-1,-7.897507663E-1,1.099441524E2,2.487870864E1,2.540941981E0,-1.074215629E2
5.538922875E0,5.711855444E-1,1.448042323E-1,-1.603841745E-1,-7.918684874E-1,1.103341224E2,2.482658085E1,2.643050391E0,-1.078112937E2
5.548967875E0,5.682473717E-1,1.446310819E-1,-1.598816688E-1,-7.941124172E-1,1.107438003E2,2.475779352E1,2.751369309E0,-1.082228580E2
5.559011875E0,5.651646880E-1,1.443616713E-1,-1.593966507E-1,-7.964555080E-1,1.111725434E2,2.468307889E1,2.853625922E0,-1.086565131E2
5.569055875E0,5.619300543E-1,1.439675878E-1,-1.590852593E-1,-7.988741787E-1,1.116212415E2,2.461536935E1,2.936800678E0,-1.091138397E2
5.579100875E0,5.585101221E-1,1.433693784E-1,-1.590208148E-1,-8.013888809E-1,1.120943495E2,2.455630306E1,2.989892161E0,-1.096017380E2
5.589144875E0,5.548789393E-1,1.425086239E-1,-1.592263966E-1,-8.040197504E-1,1.125952463E2,2.450442039E1,3.006930398E0,-1.101253566E2
5.599188875E0,5.510565046E-1,1.414893083E-1,-1.596452671E-1,-8.067409722E-1,1.131209523E2,2.446199826E1,3.000422406E0,-1.106782209E2
5.609233875E0,5.470813192E-1,1.405358866E-1,-1.602069127E-1,-8.094970179E-1,1.136659825E2,2.443797467E1,2.994170072E0,-1.112475441E2
5.619277875E0,5.429704737E-1,1.398864195E-1,-1.608291108E-1,-8.122492176E-1,1.142278366E2,2.444047639E1,3.014825441E0,-1.118232225E2
5.629321875E0,5.387363064E-1,1.397160633E-1,-1.614492372E-1,-8.149703973E-1,1.148046898E2,2.447475758E1,3.082382658E0,-1.123978993E2
5.639366875E0,5.343931264E-1,1.401749977E-1,-1.619792996E-1,-8.176416119E-1,1.153944718E2,2.454157123E1,3.216244081E0,-1.129647460E2
5.649410875E0,5.299643145E-1,1.413301934E-1,-1.623109183E-1,-8.202554119E-1,1.159939125E2,2.463392437E1,3.429235470E0,-1.135183006E2
5.659454875E0,5.254562875E-1,1.430174582E-1,-1.624107642E-1,-8.228393509E-1,1.166020692E2,2.473683259E1,3.708552777E0,-1.140627827E2
5.669499875E0,5.208364872E-1,1.448464477E-1,-1.623040635E-1,-8.254733603E-1,1.172232437E2,2.482637280E1,4.017778690E0,-1.146151633E2
5.679543875E0,5.160408080E-1,1.462756071E-1,-1.620826009E-1,-8.282720375E-1,1.178659011E2,2.487569595E1,4.302918319E0,-1.152020015E2
5.689588875E0,5.109872323E-1,1.467159884E-1,-1.619404086E-1,-8.313494318E-1,1.185407776E2,2.486577444E1,4.499221183E0,-1.158538382E2
5.699632875E0,5.055533445E-1,1.456673655E-1,-1.621074669E-1,-8.348161576E-1,1.192638170E2,2.478822822E1,4.548503098E0,-1.166028792E2
5.709676875E0,4.996419013E-1,1.431829827E-1,-1.626978547E-1,-8.386811184E-1,1.200473776E2,2.466055121E1,4.449960102E0,-1.174583194E2
5.719721875E0,4.932386465E-1,1.399969437E-1,-1.636990010E-1,-8.428043130E-1,1.208926568E2,2.453127583E1,4.272190016E0,-1.183954486E2
5.729765875E0,4.864215834E-1,1.370916771E-1,-1.650451292E-1,-8.469710980E-1,1.217886945E2,2.445699010E1,4.109472722E0,-1.193708768E2
5.739809875E0,4.792989346E-1,1.353512862E-1,-1.666685837E-1,-8.509842366E-1,1.227207513E2,2.448444341E1,4.048189913E0,-1.203423412E2
5.749854875E0,4.720358736E-1,1.352921674E-1,-1.685528718E-1,-8.546743407E-1,1.236669383E2,2.464074638E1,4.136651605E0,-1.212724940E2
5.759898875E0,4.648414276E-1,1.370318879E-1,-1.706849505E-1,-8.579111133E-1,1.246000800E2,2.492897264E1,4.383936294E0,-1.221302412E2
5.769942875E0,4.578736052E-1,1.402938999E-1,-1.729799162E-1,-8.606668639E-1,1.255000399E2,2.532224166E1,4.766014260E0,-1.229029157E2
5.779987875E0,4.511371691E-1,1.445626315E-1,-1.753412211E-1,-8.630367180E-1,1.263666661E2,2.577919641E1,5.239540705E0,-1.236051504E2
5.790031875E0,4.445162574E-1,1.492238108E-1,-1.776743534E-1,-8.651990831E-1,1.272152136E2,2.625333878E1,5.754046535E0,-1.242713200E2
5.800075875E0,4.378110310E-1,1.536401130E-1,-1.797974719E-1,-8.674036162E-1,1.280714010E2,2.668759886E1,6.263514716E0,-1.249493406E2
5.810120875E0,4.308618375E-1,1.571451332E-1,-1.815198200E-1,-8.698931673E-1,1.289554661E2,2.702252223E1,6.717785604E0,-1.256852400E2
5.820164875E0,4.235508134E-1,1.591300772E-1,-1.827759054E-1,-8.728547210E-1,1.298820619E2,2.721583703E1,7.063258675E0,-1.265183922E2
5.830209875E0,4.158180046E-1,1.592716708E-1,-1.836050169E-1,-8.763658485E-1,1.308583186E2,2.725447562E1,7.265536662E0,-1.274695979E2
5.840253875E0,4.076621891E-1,1.576280320E-1,-1.841018400E-1,-8.803814105E-1,1.318838769E2,2.715499560E1,7.321849852E0,-1.285362706E2
5.850298083E0,3.991309926E-1,1.545365936E-1,-1.843726848E-1,-8.847709205E-1,1.329522723E2,2.695202793E1,7.254753114E0,-1.296978692E2
5.860343083E0,3.902897428E-1,1.504519542E-1,-1.845130536E-1,-8.893778450E-1,1.340549415E2,2.668508007E1,7.099346882E0,-1.309271243E2
5.870387083E0,3.812570831E-1,1.458356678E-1,-1.845966993E-1,-8.940352404E-1,1.351768579E2,2.639045439E1,6.892498165E0,-1.321909515E2
5.880431083E0,3.722399967E-1,1.410898102E-1,-1.846601896E-1,-8.985720325E-1,1.362923397E2,2.609579451E1,6.666088894E0,-1.334492168E2
5.890476083E0,3.634818183E-1,1.366294908E-1,-1.846928771E-1,-9.028299390E-1,1.373716379E2,2.582217267E1,6.456069893E0,-1.346588598E2
5.900520083E0,3.551587430E-1,1.327538458E-1,-1.846702337E-1,-9.067169742E-1,1.383936526E2,2.558084235E1,6.290288450E0,-1.357903233E2
5.910564083E0,3.473179540E-1,1.295619622E-1,-1.845903206E-1,-9.102254043E-1,1.393532866E2,2.537403155E1,6.179181006E0,-1.368365840E2
5.920609083E0,3.398917004E-1,1.270049261E-1,-1.844768481E-1,-9.134067117E-1,1.402594480E2,2.519922801E1,6.119933751E0,-1.378089378E2
5.930653083E0,3.327330160E-1,1.249170818E-1,-1.843518985E-1,-9.163508798E-1,1.411305147E2,2.504860761E1,6.099525076E0,-1.387312559E2
5.940697083E0,3.256747465E-1,1.230102267E-1,-1.842668936E-1,-9.191572909E-1,1.419870814E2,2.491298071E1,6.091084469E0,-1.396328925E2
5.950742083E0,3.185549848E-1,1.210471793E-1,-1.842178715E-1,-9.219186470E-1,1.428488820E2,2.478041092E1,6.074657828E0,-1.405406682E2
5.960786083E0,3.112713350E-1,1.190061944E-1,-1.841476997E-1,-9.246822159E-1,1.437282725E2,2.464326324E1,6.052864426E0,-1.414676321E2
5.970831083E0,3.037830201E-1,1.169780538E-1,-1.839902733E-1,-9.274587660E-1,1.446300751E2,2.449787605E1,6.038597415E0,-1.424161213E2
5.980875083E0,2.960923793E-1,1.150596900E-1,-1.837224591E-1,-9.302346628E-1,1.455538945E2,2.434543769E1,6.042571896E0,-1.433830055E2
5.990919083E0,2.882508949E-1,1.133053696E-1,-1.833330011E-1,-9.329856508E-1,1.464934628E2,2.418671143E1,6.069385898E0,-1.443607816E2
6.000964083E0,2.803544300E-1,1.117057254E-1,-1.828372514E-1,-9.356782444E-1,1.474372813E2,2.402306599E1,6.114906798E0,-1.453385030E2
6.011008083E0,2.725348409E-1,1.101580563E-1,-1.822896322E-1,-9.382753332E-1,1.483696790E2,2.385710886E1,6.162958714E0,-1.463035408E2
6.021052083E0,2.648847453E-1,1.085513631E-1,-1.817929236E-1,-9.407465926E-1,1.492797911E2,2.369682520E1,6.196020444E0,-1.472478011E2
6.031097083E0,2.574562368E-1,1.068366107E-1,-1.814556935E-1,-9.430674088E-1,1.501616448E2,2.355329677E1,6.204327984E0,-1.481660873E2
6.041141083E0,2.502563961E-1,1.050135698E-1,-1.813371345E-1,-9.452306169E-1,1.510146302E2,2.343368098E1,6.186351071E0,-1.490573528E2
6.051185083E0,2.432128780E-1,1.030559909E-1,-1.814268493E-1,-9.472652349E-1,1.518475101E2,2.333594140E1,6.141947681E0,-1.499308821E2
6.061230083E0,2.362726618E-1,1.009692557E-1,-1.816626425E-1,-9.491992484E-1,1.526666926E2,2.325337519E1,6.075337165E0,-1.507930937E2
6.071274083E0,2.293625174E-1,9.875264229E-2,-1.819680859E-1,-9.510670281E-1,1.534809132E2,2.317727971E1,5.990723737E0,-1.516529657E2
6.081318083E0,2.224036512E-1,9.640934863E-2,-1.822745278E-1,-9.528997417E-1,1.542994993E2,2.309987911E1,5.892356933E0,-1.525198906E2
6.091363083E0,2.153312415E-1,9.399761376E-2,-1.825382696E-1,-9.547128991E-1,1.551300775E2,2.301790923E1,5.789218399E0,-1.534000041E2
6.101407083E0,2.081059229E-1,9.157319006E-2,-1.827727430E-1,-9.565043088E-1,1.559772449E2,2.293447693E1,5.687814442E0,-1.542962633E2
6.111452083E0,2.007209943E-1,8.921072222E-2,-1.829920226E-1,-9.582622960E-1,1.568417521E2,2.285327280E1,5.596025448E0,-1.552074048E2
6.121496083E0,1.932160736E-1,8.699636368E-2,-1.831839856E-1,-9.599701706E-1,1.577189392E2,2.277525677E1,5.522673321E0,-1.561267509E2
6.131540083E0,1.856453616E-1,8.493374960E-2,-1.833244084E-1,-9.616206833E-1,1.586024786E2,2.269762178E1,5.467519105E0,-1.570482532E2
6.141585083E0,1.780748182E-1,8.290657048E-2,-1.833827818E-1,-9.632168266E-1,1.594847131E2,2.261388976E1,5.416919312E0,-1.579675373E2
6.151629083E0,1.705695182E-1,8.080990174E-2,-1.833275800E-1,-9.647625623E-1,1.603581326E2,2.251815420E1,5.358347510E0,-1.588800213E2
6.161673083E0,1.631994674E-1,7.854838615E-2,-1.832154693E-1,-9.662444455E-1,1.612146924E2,2.241527611E1,5.278247409E0,-1.597797915E2
6.171718083E0,1.559752447E-1,7.605453605E-2,-1.831441990E-1,-9.676496214E-1,1.620532768E2,2.231553160E1,5.166849650E0,-1.606667662E2
6.181762083E0,1.488751866E-1,7.328573044E-2,-1.831649669E-1,-9.689767414E-1,1.628765048E2,2.222447918E1,5.019046628E0,-1.615441498E2
6.191806083E0,1.418278542E-1,7.015322388E-2,-1.832795484E-1,-9.702432963E-1,1.636927398E2,2.214101566E1,4.826751603E0,-1.624221539E2
6.201851083E0,1.348027753E-1,6.664421952E-2,-1.834189965E-1,-9.714650070E-1,1.645055690E2,2.205785420E1,4.590535856E0,-1.633047244E2
6.211895083E0,1.277843135E-1,6.281075818E-2,-1.835054765E-1,-9.726519466E-1,1.653168501E2,2.196796265E1,4.317757044E0,-1.641925931E2
6.221939083E0,1.207590661E-1,5.869263176E-2,-1.834930854E-1,-9.738084139E-1,1.661281751E2,2.186760017E1,4.013633986E0,-1.650863557E2
6.231984083E0,1.137373590E-1,5.447332129E-2,-1.834173369E-1,-9.749126192E-1,1.669383936E2,2.176465127E1,3.697608158E0,-1.659803327E2
6.242028083E0,1.067843934E-1,5.050225576E-2,-1.834219836E-1,-9.759113309E-1,1.677400343E2,2.168140519E1,3.405272669E0,-1.668587714E2
6.252073083E0,1.000055364E-1,4.711113087E-2,-1.836962437E-1,-9.767472294E-1,1.685210214E2,2.164388143E1,3.169502790E0,-1.677021141E2
6.262117083E0,9.351551177E-2,4.446814941E-2,-1.843912821E-1,-9.773828882E-1,1.692682310E2,2.167040193E1,3.005850492E0,-1.684937731E2
6.272161083E0,8.739258621E-2,4.248918102E-2,-1.855421703E-1,-9.778196138E-1,1.699727558E2,2.176225922E1,2.904047342E0,-1.692271680E2
6.282206083E0,8.165631583E-2,4.077386751E-2,-1.870120206E-1,-9.781084883E-1,1.706324456E2,2.189748312E1,2.821301656E0,-1.699096886E2
6.292250083E0,7.625039245E-2,3.874440192E-2,-1.884978761E-1,-9.783420661E-1,1.712538595E2,2.203389833E1,2.697592722E0,-1.705616564E2
6.302294083E0,7.103269690E-2,3.593086797E-2,-1.896484851E-1,-9.786198139E-1,1.718533919E2,2.212612366E1,2.486433530E0,-1.712107541E2
6.312339083E0,6.578634149E-2,3.198271452E-2,-1.901389743E-1,-9.790283011E-1,1.724559923E2,2.213421303E1,2.155223169E0,-1.718899143E2
6.322383083E0,6.036747903E-2,2.693842164E-2,-1.898141169E-1,-9.795920995E-1,1.730781880E2,2.204289170E1,1.711113802E0,-1.726139052E2
6.332427083E0,5.475882931E-2,2.137430007E-2,-1.888179762E-1,-9.802511919E-1,1.737219602E2,2.187623453E1,1.216220815E0,-1.733702733E2
6.342472083E0,4.903419147E-2,1.621058409E-2,-1.875992263E-1,-9.808871036E-1,1.743788415E2,2.169405042E1,7.680129344E-1,-1.741292129E2
6.352516083E0,4.326213842E-2,1.237418828E-2,-1.867577434E-1,-9.813750376E-1,1.750409764E2,2.157024099E1,4.657258678E-1,-1.748629912E2
6.362560083E0,3.758108041E-2,1.051645530E-2,-1.868350460E-1,-9.816158647E-1,1.756925111E2,2.156761401E1,3.783447125E-1,-1.755429507E2
6.372605083E0,3.218459793E-2,1.076004828E-2,-1.880971070E-1,-9.815640241E-1,1.763112797E2,2.171354240E1,5.165681596E-1,-1.761449204E2
6.382649083E0,2.722345024E-2,1.267097585E-2,-1.903843006E-1,-9.812503251E-1,1.768800369E2,2.198467406E1,8.308731158E-1,-1.766602364E2
6.392694083E0,2.273561167E-2,1.540791844E-2,-1.932517509E-1,-9.807647513E-1,1.773944663E2,2.232481939E1,1.228268819E0,-1.771016947E2
6.402738083E0,1.866447898E-2,1.807352748E-2,-1.961412440E-1,-9.802313408E-1,1.778610841E2,2.266575259E1,1.610838266E0,-1.774954788E2
6.412782083E0,1.489233604E-2,1.992590255E-2,-1.985965718E-1,-9.797655338E-1,1.782934009E2,2.295224168E1,1.898573292E0,-1.778728749E2
6.422827083E0,1.124014303E-2,2.037757979E-2,-2.003350977E-1,-9.794510340E-1,1.787119474E2,2.315011680E1,2.029502428E0,-1.782692914E2
6.432871083E0,7.429983630E-3,1.904623460E-2,-2.012708737E-1,-9.793222332E-1,1.791485788E2,2.324935839E1,1.966429013E0,-1.787260554E2
6.442915083E0,3.245054454E-3,1.594906290E-2,-2.015235335E-1,-9.793484486E-1,1.796281435E2,2.326622419E1,1.715203096E0,-1.792671652E2
6.452960083E0,1.436617478E-3,-1.153366422E-2,2.013210284E-1,9.794563445E-1,1.798353757E2,2.323124545E1,1.327769985E0,-1.798951360E2
6.463004083E0,6.609384490E-3,-6.418627853E-3,2.008575501E-1,9.795770531E-1,1.792426148E2,2.317069130E1,8.726582394E-1,1.794057433E2
6.473048083E0,1.217184126E-2,-1.337582921E-3,2.003293552E-1,9.796521588E-1,1.786051753E2,2.310918930E1,4.295783418E-1,1.786641381E2
6.483093083E0,1.791822688E-2,2.995597795E-3,1.999212473E-1,9.796435608E-1,1.779466126E2,2.306721993E1,7.421136816E-2,1.779194341E2
6.493137083E0,2.362187560E-2,5.991248273E-3,1.997422496E-1,9.795453587E-1,1.772928806E2,2.305392301E1,-1.318277201E-1,1.772102584E2
6.503181083E0,2.906307589E-2,7.394116662E-3,1.997954916E-1,9.793785836E-1,1.766691478E2,2.306544216E1,-1.644354423E-1,1.765669386E2
6.513226083E0,3.403897497E-2,7.406602666E-3,1.999153257E-1,9.791937696E-1,1.760986672E2,2.308000305E1,-5.128963236E-2,1.760076715E2
6.523270083E0,3.840627356E-2,6.489265972E-3,1.998907224E-1,9.790436847E-1,1.755978826E2,2.307298209E1,1.516945236E-1,1.755380285E2
6.533314083E0,4.215026241E-2,5.127185195E-3,1.996258084E-1,9.789518046E-1,1.751685044E2,2.303474937E1,3.890428231E-1,1.751484062E2
6.543359083E0,4.538760399E-2,3.772522263E-3,1.991522886E-1,9.789096999E-1,1.747971763E2,2.297123662E1,6.126280681E-1,1.748151935E2
6.553403083E0,4.829287055E-2,2.771903396E-3,1.986202373E-1,9.788821359E-1,1.744638914E2,2.290200305E1,7.882514631E-1,1.745109108E2
6.563448083E0,5.102596723E-2,2.295159319E-3,1.982031942E-1,9.788292416E-1,1.741503146E2,2.284854113E1,9.015221913E-1,1.742139717E2
6.573492083E0,5.368332603E-2,2.398608759E-3,1.980401913E-1,9.787198283E-1,1.738453854E2,2.282777961E1,9.493073261E-1,1.739125395E2
6.583536083E0,5.629600917E-2,3.024615900E-3,1.981620378E-1,9.785466048E-1,1.735455402E2,2.284343253E1,9.392349732E-1,1.736045380E2
6.593581083E0,5.883788561E-2,4.093280854E-3,1.985425291E-1,9.783159772E-1,1.732537787E2,2.289242746E1,8.797884122E-1,1.732946631E2
6.603625083E0,6.126676634E-2,5.484421883E-3,1.991360410E-1,9.780393675E-1,1.729749462E2,2.296907798E1,7.834228186E-1,1.729902437E2
6.613669083E0,6.357422200E-2,7.041705788E-3,1.999093935E-1,9.777243619E-1,1.727100145E2,2.306869535E1,6.674234763E-1,1.726956351E2
6.623714083E0,6.577416105E-2,8.648575461E-3,2.008143285E-1,9.773804015E-1,1.724573911E2,2.318488950E1,5.449421670E-1,1.724117986E2
6.633758083E0,6.789115511E-2,1.022060023E-2,2.017624956E-1,9.770252300E-1,1.722142578E2,2.330669223E1,4.253797606E-1,1.721378164E2
6.643802083E0,6.995356899E-2,1.168549824E-2,2.026480852E-1,9.766799630E-1,1.719773592E2,2.342108504E1,3.166140573E-1,1.718721332E2
6.653847083E0,7.198129602E-2,1.301385100E-2,2.033611361E-1,9.763676127E-1,1.717444115E2,2.351486218E1,2.213794682E-1,1.716132363E2
6.663891083E0,7.396666547E-2,1.421282348E-2,2.037841429E-1,9.761142259E-1,1.715162966E2,2.357423403E1,1.374978956E-1,1.713618917E2
6.673935083E0,7.589770762E-2,1.526643147E-2,2.038390392E-1,9.759386000E-1,1.712943916E2,2.358983226E1,6.552530665E-2,1.711199204E2
6.683980083E0,7.775060952E-2,1.612323475E-2,2.035392065E-1,9.758415358E-1,1.710814353E2,2.356262648E1,1.049374604E-2,1.708913020E2
6.694024083E0,7.951534022E-2,1.674480594E-2,2.030335392E-1,9.757942048E-1,1.708785839E2,2.350948447E1,-2.236869116E-2,1.706781161E2
6.704068083E0,8.123349865E-2,1.711577196E-2,2.024890124E-1,9.757593916E-1,1.706810584E2,2.344958017E1,-2.887527690E-2,1.704760292E2
6.714113083E0,8.294339629E-2,1.729716146E-2,2.019762223E-1,9.757185934E-1,1.704844550E2,2.339159741E1,-1.427446492E-2,1.702792658E2
6.724157083E0,8.461338087E-2,1.740539457E-2,2.015092984E-1,9.756698295E-1,1.702924137E2,2.333824936E1,7.845472765E-3,1.700886553E2
6.734202083E0,8.615840004E-2,1.754195036E-2,2.011052998E-1,9.756155444E-1,1.701147186E2,2.329252782E1,2.437493445E-2,1.699114188E2
6.744246083E0,8.751337907E-2,1.771515283E-2,2.008009363E-1,9.755544736E-1,1.699588607E2,2.325881429E1,3.330854413E-2,1.697547120E2
6.754290083E0,8.863069203E-2,1.786318310E-2,2.006650233E-1,9.754788621E-1,1.698303266E2,2.324449230E1,4.124406742E-2,1.696253574E2
6.764335083E0,8.951822036E-2,1.792002866E-2,2.007445228E-1,9.753804914E-1,1.697282174E2,2.325431860E1,5.631557988E-2,1.695240145E2
6.774379083E0,9.022169341E-2,1.782941294E-2,2.010485912E-1,9.752545987E-1,1.696472779E2,2.328872605E1,8.602705524E-2,1.694468452E2
6.784423083E0,9.077579803E-2,1.757896583E-2,2.015292233E-1,9.751085599E-1,1.695835205E2,2.334197697E1,1.320756003E-1,1.693902650E2
6.794468083E0,9.121694909E-2,1.724036858E-2,2.020613168E-1,9.749632797E-1,1.695327577E2,2.340025964E1,1.859469662E-1,1.693485122E2
6.804512083E0,9.159960033E-2,1.689391095E-2,2.025092008E-1,9.748405060E-1,1.694887248E2,2.344863309E1,2.384534793E-1,1.693135636E2
6.814556083E0,9.200332499E-2,1.662456098E-2,2.027892560E-1,9.747490052E-1,1.694422652E2,2.347825966E1,2.810382496E-1,1.692744329E2
6.824601083E0,9.252409145E-2,1.652388269E-2,2.029028313E-1,9.746776927E-1,1.693823341E2,2.349025695E1,3.057248844E-1,1.692181279E2
6.834645083E0,9.323388653E-2,1.649609738E-2,2.029553989E-1,9.745995946E-1,1.693006444E2,2.349586889E1,3.260411941E-1,1.691387998E2
6.844689083E0,9.419129434E-2,1.634215602E-2,2.030525685E-1,9.744899285E-1,1.691904486E2,2.350518852E1,3.667548283E-1,1.690345252E2
6.854734125E0,9.540120392E-2,1.589355550E-2,2.032462227E-1,9.743393378E-1,1.690511760E2,2.352231901E1,4.473949736E-1,1.689087151E2
6.864778125E0,9.683145722E-2,1.508851908E-2,2.034683471E-1,9.741645548E-1,1.688865187E2,2.353851183E1,5.733611100E-1,1.687664108E2
6.874823125E0,9.844243621E-2,1.416545042E-2,2.034928450E-1,9.740118568E-1,1.687010278E2,2.352998163E1,7.144985793E-1,1.686063503E2
6.884867125E0,1.001782120E-1,1.354337347E-2,2.030587008E-1,9.739343066E-1,1.685011344E2,2.347106653E1,8.195525755E-1,1.684247513E2
6.894911125E0,1.019820550E-1,1.347039620E-2,2.020702519E-1,9.739536520E-1,1.682933650E2,2.335369506E1,8.580934385E-1,1.682221008E2
6.904956125E0,1.038092052E-1,1.397312381E-2,2.006834731E-1,9.740403059E-1,1.680828718E2,2.319674901E1,8.276555515E-1,1.680031012E2
6.915000125E0,1.056524554E-1,1.490602323E-2,1.991305935E-1,9.741469374E-1,1.678704828E2,2.302594221E1,7.469265632E-1,1.677723434E2
6.925044125E0,1.075442167E-1,1.615314848E-2,1.975989138E-1,9.742319476E-1,1.676524606E2,2.286196390E1,6.318371000E-1,1.675291498E2
6.935089125E0,1.094720557E-1,1.760597142E-2,1.961593671E-1,9.742830717E-1,1.674302344E2,2.271196204E1,4.951298477E-1,1.672775239E2
6.945133125E0,1.113388239E-1,1.909415557E-2,1.948812429E-1,9.742999305E-1,1.672150027E2,2.258196839E1,3.545959823E-1,1.670323244E2
6.955177125E0,1.129888731E-1,2.030600390E-2,1.939128136E-1,9.742787728E-1,1.670247202E2,2.248505503E1,2.436546724E-1,1.668181462E2
6.965222125E0,1.143014945E-1,2.094674137E-2,1.934179675E-1,9.742103263E-1,1.668733241E2,2.243594131E1,1.949700085E-1,1.666551329E2
6.975266125E0,1.151958928E-1,2.089189778E-2,1.935223547E-1,9.740855295E-1,1.667701521E2,2.244713600E1,2.225929577E-1,1.665551608E2
6.985310125E0,1.156214074E-1,2.018809809E-2,1.942631383E-1,9.739025278E-1,1.667210637E2,2.252342211E1,3.208279823E-1,1.665229921E2
6.995355125E0,1.155426349E-1,1.894342790E-2,1.956448279E-1,9.736601413E-1,1.667301512E2,2.266696277E1,4.768047350E-1,1.665604716E2
7.005399125E0,1.150029867E-1,1.741122137E-2,1.975696112E-1,9.733639333E-1,1.667924054E2,2.287020528E1,6.616251643E-1,1.666573088E2
7.015443125E0,1.141455090E-1,1.592992823E-2,1.998639381E-1,9.730218273E-1,1.668913164E2,2.311778452E1,8.380841461E-1,1.667897984E2
7.025488125E0,1.131263139E-1,1.481335285E-2,2.022895314E-1,9.726571728E-1,1.670088690E2,2.338610570E1,9.713194381E-1,1.669329065E2
7.035532125E0,1.121029463E-1,1.426833087E-2,2.045742278E-1,9.723058788E-1,1.671268891E2,2.364585857E1,1.038278315E0,1.670634826E2
7.045576125E0,1.111935016E-1,1.442651853E-2,2.065384290E-1,9.719927277E-1,1.672317595E2,2.387738690E1,1.024876763E0,1.671644615E2
7.055621125E0,1.104746871E-1,1.526408178E-2,2.080818676E-1,9.717326395E-1,1.673146402E2,2.406838587E1,9.345553979E-1,1.672272041E2
7.065665125E0,1.099787451E-1,1.662734267E-2,2.091950713E-1,9.715275108E-1,1.673718194E2,2.421572602E1,7.853309252E-1,1.672514844E2
7.075710125E0,1.096794182E-1,1.833405823E-2,2.098892720E-1,9.713809240E-1,1.674063285E2,2.431852226E1,5.971679174E-1,1.672446108E2
7.085754125E0,1.095125167E-1,2.022532430E-2,2.101693905E-1,9.713016037E-1,1.674255699E2,2.437549913E1,3.863241856E-1,1.672177806E2
7.095798125E0,1.093861605E-1,2.219096902E-2,2.100448466E-1,9.712999178E-1,1.674401367E2,2.438647956E1,1.629394363E-1,1.671842486E2
7.105843125E0,1.092145385E-1,2.413715243E-2,2.095720116E-1,9.713749392E-1,1.674599217E2,2.435685253E1,-6.393229963E-2,1.671562193E2
7.115887125E0,1.089940262E-1,2.611967696E-2,2.087999446E-1,9.715146981E-1,1.674853423E2,2.429305239E1,-2.999680908E-1,1.671329709E2
7.125931125E0,1.087732188E-1,2.822615538E-2,2.077921502E-1,9.716964775E-1,1.675107963E2,2.420366588E1,-5.529168340E-1,1.671070681E2
7.135976125E0,1.086119650E-1,3.042760645E-2,2.066719765E-1,9.718869813E-1,1.675293848E2,2.410277539E1,-8.165091218E-1,1.670725619E2
7.146020125E0,1.085060921E-1,3.255854584E-2,2.056364548E-1,9.720494152E-1,1.675415890E2,2.401113189E1,-1.069855427E0,1.670338062E2
7.156064125E0,1.084260974E-1,3.438759263E-2,2.049074618E-1,9.721493032E-1,1.675508101E2,2.395132501E1,-1.284972193E0,1.669993679E2
7.166109125E0,1.083431945E-1,3.567850318E-2,2.046257997E-1,9.721713460E-1,1.675603664E2,2.393630727E1,-1.434355497E0,1.669778120E2
7.176153125E0,1.082290187E-1,3.624761735E-2,2.048458431E-1,9.721165973E-1,1.675735274E2,2.396966591E1,-1.497497803E0,1.669765513E2
7.186197125E0,1.080031116E-1,3.600674284E-2,2.054687367E-1,9.720193224E-1,1.675995671E2,2.403850628E1,-1.467847742E0,1.670069733E2
7.196242125E0,1.075698842E-1,3.501190863E-2,2.062969855E-1,9.719281587E-1,1.676495022E2,2.412060448E1,-1.356629210E0,1.670789147E2
7.206286125E0,1.068830170E-1,3.346299087E-2,2.071035497E-1,9.718870656E-1,1.677286678E2,2.419253531E1,-1.190278898E0,1.671931642E2
7.216330125E0,1.059663652E-1,3.163155225E-2,2.077328127E-1,9.719144189E-1,1.678343083E2,2.424023072E1,-1.000489085E0,1.673405510E2
7.226375125E0,1.048647730E-1,2.974302046E-2,2.081717458E-1,9.719995976E-1,1.679612488E2,2.426546299E1,-8.113721460E-1,1.675104206E2
7.236419125E0,1.036894660E-1,2.799138690E-2,2.084772999E-1,9.721122140E-1,1.680966673E2,2.427755009E1,-6.410235650E-1,1.676853563E2
7.246463125E0,1.025658731E-1,2.660199496E-2,2.087007414E-1,9.722224280E-1,1.682261118E2,2.428528950E1,-5.107966198E-1,1.678456596E2
7.256508125E0,1.015677515E-1,2.571756442E-2,2.089061862E-1,9.723069746E-1,1.683410885E2,2.429770403E1,-4.339893877E-1,1.679795301E2
7.266552125E0,1.006982620E-1,2.537575348E-2,2.091410917E-1,9.723559492E-1,1.684412382E2,2.432050539E1,-4.141512997E-1,1.680856844E2
7.276597125E0,9.993342313E-2,2.553826119E-2,2.094002000E-1,9.723747889E-1,1.685293266E2,2.435240466E1,-4.476773987E-1,1.681677409E2
7.286641125E0,9.921557800E-2,2.610505201E-2,2.096466958E-1,9.723800994E-1,1.686119965E2,2.438776534E1,-5.252738611E-1,1.682346082E2
7.296685125E0,9.847539505E-2,2.692216350E-2,2.098489059E-1,9.723894560E-1,1.686972326E2,2.442093848E1,-6.318562265E-1,1.682978308E2
7.306730125E0,9.766697635E-2,2.785288182E-2,2.099969572E-1,9.724128475E-1,1.687903193E2,2.444904823E1,-7.534305339E-1,1.683659118E2
7.316774125E0,9.675677301E-2,2.884220533E-2,2.100917138E-1,9.724544886E-1,1.688951173E2,2.447146451E1,-8.846746266E-1,1.684439762E2
7.326818125E0,9.574023317E-2,2.989909024E-2,2.101301834E-1,9.725148850E-1,1.690121475E2,2.448790246E1,-1.026726282E0,1.685323333E2
7.336863125E0,9.464732324E-2,3.105864487E-2,2.101335867E-1,9.725847223E-1,1.691379571E2,2.450124348E1,-1.182506344E0,1.686267276E2
7.346907125E0,9.349009722E-2,3.230009083E-2,2.101346720E-1,9.726559927E-1,1.692711561E2,2.451503308E1,-1.349023819E0,1.687262797E2
7.356951125E0,9.229738355E-2,3.364959077E-2,2.101793688E-1,9.727144503E-1,1.694084245E2,2.453494853E1,-1.527965889E0,1.688270128E2
7.366996125E0,9.112426817E-2,3.511880884E-2,2.103210665E-1,9.727425201E-1,1.695434226E2,2.456743111E1,-1.718696290E0,1.689223120E2
7.377040125E0,8.995903425E-2,3.663598475E-2,2.106206305E-1,9.727301711E-1,1.696774993E2,2.461871123E1,-1.912853976E0,1.690150841E2
7.387084125E0,8.880037524E-2,3.810720479E-2,2.111082695E-1,9.726744108E-1,1.698108054E2,2.469120238E1,-2.099719643E0,1.691076624E2
7.397129125E0,8.768331517E-2,3.955595529E-2,2.117338815E-1,9.725819406E-1,1.699393123E2,2.477943195E1,-2.281648717E0,1.691955421E2
7.407173125E0,8.666458369E-2,4.104517731E-2,2.124022620E-1,9.724658261E-1,1.700564965E2,2.487320064E1,-2.465313231E0,1.692709269E2
7.417217125E0,8.578417817E-2,4.259642368E-2,2.130176166E-1,9.723425465E-1,1.701577606E2,2.496172654E1,-2.653143792E0,1.693289962E2
7.427262125E0,8.505035939E-2,4.417010797E-2,2.135128157E-1,9.722282021E-1,1.702421585E2,2.503677933E1,-2.841210993E0,1.693700429E2
7.437306125E0,8.445292782E-2,4.565862930E-2,2.139047814E-1,9.721254060E-1,1.703108663E2,2.509906894E1,-3.017562489E0,1.693979830E2
7.447350125E0,8.397317024E-2,4.693038938E-2,2.142497323E-1,9.720303648E-1,1.703660385E2,2.515354901E1,-3.167380645E0,1.694181981E2
7.457395125E0,8.359258420E-2,4.783731580E-2,2.146388425E-1,9.719330899E-1,1.704098043E2,2.520903111E1,-3.273651152E0,1.694363633E2
7.467439125E0,8.327294250E-2,4.832122484E-2,2.151243321E-1,9.718292401E-1,1.704465607E2,2.527078797E1,-3.330294802E0,1.694581706E2
7.477484125E0,8.303493924E-2,4.849319979E-2,2.156558723E-1,9.717233250E-1,1.704739287E2,2.533436272E1,-3.349700384E0,1.694786669E2
7.487528125E0,8.292598964E-2,4.864249973E-2,2.160275285E-1,9.716426138E-1,1.704864566E2,2.537935181E1,-3.365062299E0,1.694857717E2
7.497572125E0,8.300842888E-2,4.914132876E-2,2.159878472E-1,9.716192645E-1,1.704769771E2,2.538109686E1,-3.418902453E0,1.694636973E2
7.507617125E0,8.337991120E-2,5.035029530E-2,2.153305197E-1,9.716714423E-1,1.704342602E2,2.532032956E1,-3.551139840E0,1.693929025E2
7.517661125E0,8.411212840E-2,5.234625414E-2,2.140016612E-1,9.717964077E-1,1.703500585E2,2.519236921E1,-3.769316090E0,1.692638181E2
7.527705125E0,8.516402944E-2,5.482808185E-2,2.122008633E-1,9.719628034E-1,1.702290855E2,2.501729718E1,-4.039142063E0,1.690885387E2
7.537750125E0,8.641941547E-2,5.732122599E-2,2.103043500E-1,9.721204327E-1,1.700846965E2,2.483304516E1,-4.306825133E0,1.688911227E2
7.547794125E0,8.777940998E-2,5.953376695E-2,2.086640368E-1,9.722190563E-1,1.699282580E2,2.467653807E1,-4.538382465E0,1.686885733E2
7.557838125E0,8.911580225E-2,6.126126091E-2,2.075251236E-1,9.722339763E-1,1.697745162E2,2.457283368E1,-4.711182534E0,1.684991248E2
7.567883125E0,9.026261800E-2,6.232123834E-2,2.070267740E-1,9.721670471E-1,1.696425690E2,2.453445189E1,-4.807009429E0,1.683451535E2
7.577927125E0,9.105000543E-2,6.259900715E-2,2.072206073E-1,9.720344531E-1,1.695519680E2,2.456456139E1,-4.816333214E0,1.682483339E2
7.587971125E0,9.134233597E-2,6.201463055E-2,2.081080197E-1,9.718549075E-1,1.695183292E2,2.466133003E1,-4.733447507E0,1.682260865E2
7.598016125E0,9.107107885E-2,6.055605984E-2,2.096416961E-1,9.716425717E-1,1.695495431E2,2.481891532E1,-4.559429743E0,1.682869862E2
7.608060125E0,9.029443887E-2,5.839801475E-2,2.117916701E-1,9.713809662E-1,1.696389077E2,2.503711995E1,-4.313071303E0,1.684206162E2
7.618104125E0,8.910682497E-2,5.572761677E-2,2.145102419E-1,9.710507878E-1,1.697755490E2,2.531413992E1,-4.013989468E0,1.686122831E2
7.628149125E0,8.765532966E-2,5.284515692E-2,2.176920287E-1,9.706358521E-1,1.699425316E2,2.564301558E1,-3.693728331E0,1.688386302E2
7.638193125E0,8.611005761E-2,5.016985410E-2,2.211187888E-1,9.701415538E-1,1.701202789E2,2.600463799E1,-3.397488525E0,1.690706707E2
7.648238125E0,8.464482242E-2,4.817363185E-2,2.244841725E-1,9.695985760E-1,1.702887978E2,2.636940760E1,-3.176691455E0,1.692772163E2
7.658282125E0,8.341948709E-2,4.723849338E-2,2.274681325E-1,9.690551767E-1,1.704297093E2,2.670427360E1,-3.072690475E0,1.694303651E2
7.668326125E0,8.250376251E-2,4.749989867E-2,2.298728314E-1,9.685532498E-1,1.705350066E2,2.698711468E1,-3.100160805E0,1.695182296E2
7.678371125E0,8.196112184E-2,4.882257214E-2,2.316801304E-1,9.681028265E-1,1.705974000E2,2.721400849E1,-3.241978660E0,1.695366429E2
7.688415125E0,8.187602735E-2,5.089964259E-2,2.330182191E-1,9.676817373E-1,1.706071840E2,2.739670058E1,-3.460023064E0,1.694837902E2
7.698459125E0,8.229311256E-2,5.329095995E-2,2.340353806E-1,9.672720699E-1,1.705592277E2,2.754777099E1,-3.702434773E0,1.693663401E2
7.708504125E0,8.316635312E-2,5.556311762E-2,2.348669169E-1,9.668679238E-1,1.704588175E2,2.767784973E1,-3.920849877E0,1.692012330E2
7.718548125E0,8.437002496E-2,5.739048907E-2,2.355815905E-1,9.664829966E-1,1.703204003E2,2.779036976E1,-4.081869540E0,1.690117219E2
7.728592125E0,8.574751041E-2,5.857754452E-2,2.361872723E-1,9.661426608E-1,1.701619780E2,2.788276193E1,-4.168138336E0,1.688211655E2
7.738637125E0,8.717161028E-2,5.910761490E-2,2.366636897E-1,9.658663039E-1,1.699981748E2,2.795148725E1,-4.181685140E0,1.686446334E2
7.748681125E0,8.855166669E-2,5.907509861E-2,2.369919715E-1,9.656622289E-1,1.698394180E2,2.799491135E1,-4.135826167E0,1.684898059E2
7.758725125E0,8.982214129E-2,5.861471804E-2,2.372142856E-1,9.655183396E-1,1.696932498E2,2.801940694E1,-4.046897966E0,1.683600189E2
7.768770125E0,9.090830772E-2,5.789098290E-2,2.374333755E-1,9.654064397E-1,1.695682730E2,2.803900801E1,-3.934000358E0,1.682584727E2
7.778814125E0,9.176001124E-2,5.706450427E-2,2.377435131E-1,9.652987966E-1,1.694702653E2,2.806690126E1,-3.815159510E0,1.681857904E2
7.788858125E0,9.236827455E-2,5.629287977E-2,2.381852963E-1,9.651771608E-1,1.694002662E2,2.811010622E1,-3.707542459E0,1.681383041E2
7.798903125E0,9.272475260E-2,5.566188876E-2,2.387381681E-1,9.650429653E-1,1.693592407E2,2.816745485E1,-3.621117233E0,1.681145802E2
7.808947125E0,9.278203017E-2,5.507667977E-2,2.394166903E-1,9.649029113E-1,1.693526488E2,2.823923493E1,-3.546590728E0,1.681226082E2
7.818991125E0,9.249079544E-2,5.439247837E-2,2.402793625E-1,9.647552287E-1,1.693861660E2,2.833022028E1,-3.468719273E0,1.681718887E2
7.829036125E0,9.184936255E-2,5.355964611E-2,2.413484700E-1,9.645962087E-1,1.694599830E2,2.844245792E1,-3.381924957E0,1.682640040E2
7.839080125E0,9.088318820E-2,5.261870718E-2,2.425741319E-1,9.644320888E-1,1.695711634E2,2.857087149E1,-3.290730913E0,1.683951457E2
7.849123375E0,8.966248903E-2,5.171254993E-2,2.438298130E-1,9.642787165E-1,1.697116187E2,2.870283900E1,-3.210578550E0,1.685537321E2
7.859168375E0,8.831328411E-2,5.093504594E-2,2.450051411E-1,9.641467125E-1,1.698668421E2,2.882700247E1,-3.149605038E0,1.687232623E2
7.869212375E0,8.700719542E-2,5.031875365E-2,2.460297099E-1,9.640369200E-1,1.700170872E2,2.893590860E1,-3.107272879E0,1.688837916E2
7.879257375E0,8.589831184E-2,4.986567503E-2,2.468592442E-1,9.639478216E-1,1.701446334E2,2.902468355E1,-3.079769241E0,1.690181678E2
7.889301375E0,8.509364421E-2,4.948106396E-2,2.474735766E-1,9.638814824E-1,1.702371804E2,2.908992818E1,-3.053643491E0,1.691172983E2
7.899345375E0,8.464073417E-2,4.901203276E-2,2.478669964E-1,9.638442246E-1,1.702892680E2,2.912909420E1,-3.010596191E0,1.691804199E2
7.909390375E0,8.457245628E-2,4.835550077E-2,2.480504089E-1,9.638362167E-1,1.702971202E2,2.914222317E1,-2.938103064E0,1.692068806E2
7.919434375E0,8.487844240E-2,4.740833464E-2,2.480465736E-1,9.638572901E-1,1.702619303E2,2.913062903E1,-2.824801961E0,1.692007721E2
7.929478375E0,8.547553680E-2,4.614432958E-2,2.478499585E-1,9.639165064E-1,1.701932587E2,2.909307152E1,-2.670282124E0,1.691720608E2
7.939523375E0,8.624939509E-2,4.468708122E-2,2.474587936E-1,9.640167738E-1,1.701042524E2,2.903056150E1,-2.491538660E0,1.691297006E2
7.949567375E0,8.707644269E-2,4.318832875E-2,2.469232652E-1,9.641480612E-1,1.700091218E2,2.895059903E1,-2.308354476E0,1.690827418E2
7.959611375E0,8.782265265E-2,4.164190819E-2,2.463703723E-1,9.642898011E-1,1.699232836E2,2.886780026E1,-2.122488204E0,1.690459324E2
7.969656375E0,8.834430419E-2,3.996647613E-2,2.459305594E-1,9.644253032E-1,1.698632735E2,2.879632721E1,-1.927577806E0,1.690373814E2
7.979700375E0,8.855647143E-2,3.809630456E-2,2.456884996E-1,9.645432301E-1,1.698388652E2,2.874536378E1,-1.717781520E0,1.690683446E2
7.989744375E0,8.842252874E-2,3.597660257E-2,2.456919240E-1,9.646360374E-1,1.698542744E2,2.872007425E1,-1.487522696E0,1.691444910E2
7.999789375E0,8.799777280E-2,3.363467079E-2,2.459245535E-1,9.647000164E-1,1.699031383E2,2.871928095E1,-1.238436355E0,1.692590031E2
8.009833375E0,8.739831818E-2,3.116130406E-2,2.463116513E-1,9.647389179E-1,1.699720964E2,2.873569169E1,-9.781206924E-1,1.693965418E2
8.019877375E0,8.672245131E-2,2.861681452E-2,2.467516643E-1,9.647663133E-1,1.700498403E2,2.875831020E1,-7.115894122E-1,1.695445911E2
8.029922375E0,8.599891637E-2,2.601726012E-2,2.471682227E-1,9.647980499E-1,1.701330622E2,2.877844578E1,-4.406320945E-1,1.696995642E2
8.039966375E0,8.525363364E-2,2.337006925E-2,2.475543195E-1,9.648329897E-1,1.702187801E2,2.879543876E1,-1.653912038E-1,1.698583450E2
8.050010375E0,8.452571542E-2,2.070350137E-2,2.479106289E-1,9.648664121E-1,1.703024956E2,2.880970839E1,1.121519981E-1,1.700157429E2
8.060055375E0,8.382649921E-2,1.804563681E-2,2.482349911E-1,9.648973479E-1,1.703829052E2,2.882127926E1,3.892112970E-1,1.701696775E2
8.070099375E0,8.314258230E-2,1.529910581E-2,2.485538847E-1,9.649219195E-1,1.704615509E2,2.883231261E1,6.764461653E-1,1.703244236E2
8.080143375E0,8.244918234E-2,1.238865519E-2,2.488982033E-1,9.649343107E-1,1.705412824E2,2.884583466E1,9.817785556E-1,1.704849062E2
8.090188375E0,8.176615052E-2,9.303210849E-3,2.492819504E-1,9.649280730E-1,1.706198173E2,2.886354744E1,1.307132807E0,1.706492740E2
8.100232375E0,8.112530768E-2,6.211929172E-3,2.496607031E-1,9.649090647E-1,1.706934972E2,2.888179030E1,1.634280566E0,1.708091322E2
8.110277375E0,8.059590112E-2,3.337398199E-3,2.499361222E-1,9.648964628E-1,1.707543621E2,2.889066533E1,1.939670269E0,1.709502643E2
8.120321375E0,8.022821201E-2,7.979873563E-4,2.499752344E-1,9.649224253E-1,1.707966330E2,2.887502876E1,2.210454559E0,1.710633385E2
8.130365375E0,8.008676719E-2,-1.345927997E-3,2.496874242E-1,9.650080677E-1,1.708128937E2,2.882412778E1,2.441021776E0,1.711390863E2
8.140410375E0,8.018020675E-2,-3.205278366E-3,2.490778121E-1,9.651534322E-1,1.708021518E2,2.873730014E1,2.643957715E0,1.711795296E2
8.150454375E0,8.057023369E-2,-4.821831277E-3,2.481601804E-1,9.653505951E-1,1.707573129E2,2.861544312E1,2.825722021E0,1.711788677E2
8.160498375E0,8.127497114E-2,-6.130290726E-3,2.469558026E-1,9.655928973E-1,1.706762903E2,2.846131878E1,2.979656691E0,1.711332150E2
8.170543375E0,8.224350572E-2,-7.138938568E-3,2.455585187E-1,9.658602769E-1,1.705649315E2,2.828594746E1,3.105899128E0,1.710487543E2
8.180587375E0,8.337830962E-2,-7.994561740E-3,2.441044735E-1,9.661247484E-1,1.704344444E2,2.810448323E1,3.219053210E0,1.709409009E2
8.190631375E0,8.455829494E-2,-8.860194788E-3,2.427692192E-1,9.663511191E-1,1.702987488E2,2.793669990E1,3.335376055E0,1.708282738E2
8.200676375E0,8.566540835E-2,-9.830889392E-3,2.417775144E-1,9.664929011E-1,1.701714209E2,2.780868173E1,3.464317293E0,1.707274704E2
8.210720375E0,8.665088597E-2,-1.093211279E-2,2.413144364E-1,9.665089169E-1,1.700580720E2,2.774218718E1,3.609281306E0,1.706454132E2
8.220764375E0,8.748716373E-2,-1.216496079E-2,2.414300136E-1,9.663899785E-1,1.699618763E2,2.774323529E1,3.770275785E0,1.705856254E2
8.230809375E0,8.810773393E-2,-1.350218546E-2,2.420231357E-1,9.661674432E-1,1.698904885E2,2.780045235E1,3.941560705E0,1.705546885E2
8.240853375E0,8.850581092E-2,-1.482734560E-2,2.428790539E-1,9.658968183E-1,1.698446934E2,2.788959823E1,4.107946834E0,1.705495677E2
8.250897375E0,8.872902062E-2,-1.602071254E-2,2.438314883E-1,9.656173004E-1,1.698190144E2,2.799191371E1,4.255809891E0,1.705610840E2
8.260942375E0,8.886346907E-2,-1.707235017E-2,2.447437885E-1,9.653560742E-1,1.698035466E2,2.809104318E1,4.385078170E0,1.705787278E2
8.270986375E0,8.894928006E-2,-1.806440269E-2,2.455073208E-1,9.651362362E-1,1.697936743E2,2.817336471E1,4.504915240E0,1.705997060E2
8.281030375E0,8.900874926E-2,-1.908335544E-2,2.460659035E-1,9.649688711E-1,1.697868325E2,2.823148567E1,4.624993160E0,1.706235587E2
8.291075375E0,8.906889281E-2,-2.009831477E-2,2.463677382E-1,9.648656535E-1,1.697799131E2,2.825938923E1,4.742154692E0,1.706460921E2
8.301119375E0,8.920005380E-2,-2.089197154E-2,2.463520069E-1,9.648407025E-1,1.697648231E2,2.825114034E1,4.833707564E0,1.706530896E2
8.311163375E0,8.943076565E-2,-2.131590561E-2,2.460525324E-1,9.648864740E-1,1.697382794E2,2.821162569E1,4.884316449E0,1.706373867E2
8.321208375E0,8.972629935E-2,-2.134547163E-2,2.454948875E-1,9.650004391E-1,1.697042770E2,2.814418781E1,4.890485788E0,1.706023285E2
8.331252375E0,9.001138064E-2,-2.100744336E-2,2.447085853E-1,9.651809962E-1,1.696714764E2,2.805250564E1,4.853316131E0,1.705572879E2
8.341296375E0,9.025865620E-2,-2.036136379E-2,2.437327910E-1,9.654185780E-1,1.696430249E2,2.794097526E1,4.778992071E0,1.705072566E2
8.351341375E0,9.050858701E-2,-1.945555426E-2,2.425434807E-1,9.657133530E-1,1.696142672E2,2.780632566E1,4.673728202E0,1.704490373E2
8.361385375E0,9.082607922E-2,-1.837623668E-2,2.411142599E-1,9.660625397E-1,1.695777348E2,2.764462814E1,4.548567290E0,1.703777136E2
8.371430375E0,9.124522963E-2,-1.723046407E-2,2.394512612E-1,9.664576664E-1,1.695295034E2,2.745575913E1,4.416295609E0,1.702925081E2
8.381474375E0,9.181189401E-2,-1.611794532E-2,2.376016362E-1,9.668795985E-1,1.694642948E2,2.724440480E1,4.289589382E0,1.701912463E2
8.391518375E0,9.254693504E-2,-1.512612461E-2,2.356897287E-1,9.672934805E-1,1.693797051E2,2.702447515E1,4.179854266E0,1.700744485E2
8.401563375E0,9.336905147E-2,-1.451824061E-2,2.338965911E-1,9.676589780E-1,1.692850878E2,2.681534981E1,4.115933244E0,1.699587622E2
8.411607375E0,9.415361506E-2,-1.441414843E-2,2.323796101E-1,9.679499177E-1,1.691947857E2,2.663479364E1,4.109516256E0,1.698616621E2
8.421651375E0,9.479041179E-2,-1.479344900E-2,2.312460706E-1,9.681535291E-1,1.691214863E2,2.649581053E1,4.156700114E0,1.697951822E2
8.431696375E0,9.514107357E-2,-1.564673302E-2,2.305435880E-1,9.682732262E-1,1.690811210E2,2.640452579E1,4.253473896E0,1.697746871E2
8.441740375E0,9.514798565E-2,-1.688521816E-2,2.302745014E-1,9.683157945E-1,1.690803253E2,2.636229448E1,4.388606397E0,1.698044040E2
8.451784375E0,9.486732979E-2,-1.836758604E-2,2.303804797E-1,9.682911386E-1,1.691126322E2,2.636344219E1,4.547267740E0,1.698742773E2
8.461829375E0,9.439684452E-2,-1.988487259E-2,2.308373726E-1,9.681982891E-1,1.691667889E2,2.640666888E1,4.708458407E0,1.699680534E2
8.471873375E0,9.387839614E-2,-2.129112326E-2,2.316274574E-1,9.680300810E-1,1.692264637E2,2.649056410E1,4.859379078E0,1.700661490E2
8.481917375E0,9.341414860E-2,-2.258121722E-2,2.326893262E-1,9.677910662E-1,1.692798974E2,2.660747736E1,5.001438352E0,1.701567758E2
8.491962375E0,9.308999719E-2,-2.375552325E-2,2.339215841E-1,9.674970920E-1,1.693172050E2,2.674502206E1,5.135896924E0,1.702298532E2
8.502006375E0,9.291373907E-2,-2.497033241E-2,2.350841944E-1,9.672016425E-1,1.693374906E2,2.687361481E1,5.277973890E0,1.702873122E2
8.512050375E0,9.260927023E-2,-2.665875623E-2,2.348638718E-1,9.672393218E-1,1.693725312E2,2.683651574E1,5.455460304E0,1.703641034E2
8.522095375E0,9.225970427E-2,-2.762450912E-2,2.326749752E-1,9.677745025E-1,1.694127608E2,2.657315087E1,5.531998174E0,1.704159927E2
8.532139375E0,9.236283761E-2,-2.733898529E-2,2.299889987E-1,9.684145867E-1,1.694008919E2,2.625829743E1,5.476404280E0,1.703820115E2
8.542183375E0,9.293047137E-2,-2.647365781E-2,2.283551234E-1,9.687708962E-1,1.693355649E2,2.606956553E1,5.378580031E0,1.702872526E2
8.552228375E0,9.353915615E-2,-2.541641465E-2,2.280064531E-1,9.688227368E-1,1.692655096E2,2.603360609E1,5.273098406E0,1.701902869E2
8.562272375E0,9.387224270E-2,-2.440558571E-2,2.285251333E-1,9.686943153E-1,1.692271720E2,2.610087414E1,5.174390339E0,1.701301350E2
8.572316375E0,9.401925090E-2,-2.325452367E-2,2.294605299E-1,9.684872900E-1,1.692102513E2,2.621929067E1,5.059535703E0,1.700893929E2
8.582361375E0,9.410889725E-2,-2.178284001E-2,2.303234023E-1,9.683078709E-1,1.691999328E2,2.633211861E1,4.906844998E0,1.700463139E2
8.592405375E0,9.419247445E-2,-1.980506753E-2,2.304101089E-1,9.683215686E-1,1.691903128E2,2.635794703E1,4.689803584E0,1.699869320E2
8.602449375E0,9.429446982E-2,-1.689747236E-2,2.291439860E-1,9.686671728E-1,1.691785728E2,2.623274386E1,4.355813299E0,1.698955761E2