"Time (s)","w","x","y","z","Direct (°)","Yaw (°)","Pitch (°)","Roll (°)"
1.144375012E-3,9.576808381E-1,1.992554641E-1,1.341582657E-2,2.072795497E-1,3.345644254E1,2.281994221E1,-3.262293640E0,2.376678066E1
1.118937501E-2,9.576201466E-1,1.993402108E-1,1.376565595E-2,2.074554706E-1,3.348059651E1,2.283710255E1,-3.229977957E0,2.379441400E1
2.123537500E-2,9.575589072E-1,1.994062339E-1,1.415361769E-2,2.076480396E-1,3.350495139E1,2.285295499E1,-3.193416596E0,2.382486658E1
3.128137501E-2,9.574925259E-1,1.994884413E-1,1.456090376E-2,2.078470148E-1,3.353133180E1,2.287111289E1,-3.155282707E0,2.385644798E1
4.132637501E-2,9.574225200E-1,1.996242806E-1,1.492427281E-2,2.080134527E-1,3.355913085E1,2.289453293E1,-3.122526895E0,2.388317662E1
5.137237502E-2,9.573473300E-1,1.998237827E-1,1.522465340E-2,2.081463839E-1,3.358896357E1,2.292391939E1,-3.097464967E0,2.390449124E1
6.141737499E-2,9.572868493E-1,2.000336213E-1,1.538311502E-2,2.082106579E-1,3.361294152E1,2.295143151E1,-3.086650307E0,2.391475640E1
7.146337500E-2,9.572549442E-1,2.002052538E-1,1.534510910E-2,2.081956957E-1,3.362558382E1,2.297028026E1,-3.094638917E0,2.391169154E1
8.150837501E-2,9.572391812E-1,2.003261415E-1,1.520866921E-2,2.081620625E-1,3.363182812E1,2.298110006E1,-3.111770057E0,2.390445148E1
9.155437502E-2,9.572423001E-1,2.003735673E-1,1.503733174E-2,2.081144366E-1,3.363059271E1,2.298273792E1,-3.130624652E0,2.389504711E1
1.016003750E-1,9.572759333E-1,2.003170905E-1,1.493816020E-2,2.080206177E-1,3.361726748E1,2.297426197E1,-3.137955912E0,2.388223134E1
1.116453750E-1,9.573318622E-1,2.001251432E-1,1.495450264E-2,2.079469872E-1,3.359509749E1,2.295285168E1,-3.129791093E0,2.387469729E1
1.216913750E-1,9.574065885E-1,1.998172710E-1,1.507208181E-2,2.078908897E-1,3.356545405E1,2.292042542E1,-3.108110467E0,2.387175465E1
1.317363750E-1,9.574773952E-1,1.994704657E-1,1.525813908E-2,2.078839776E-1,3.353734204E1,2.288496394E1,-3.079112151E0,2.387607958E1
1.417823750E-1,9.575363587E-1,1.991453765E-1,1.545771494E-2,2.079095608E-1,3.351391462E1,2.285221663E1,-3.049908339E0,2.388436522E1
1.518273750E-1,9.575838160E-1,1.988893449E-1,1.560863227E-2,2.079249865E-1,3.349504725E1,2.282630121E1,-3.027484133E0,2.389020041E1
1.618733750E-1,9.576136560E-1,1.987228017E-1,1.567901750E-2,2.079412552E-1,3.348317864E1,2.280878626E1,-3.016093574E0,2.389409746E1
1.719193750E-1,9.576351087E-1,1.986291303E-1,1.567680479E-2,2.079320250E-1,3.347464346E1,2.279802590E1,-3.013852623E0,2.389325628E1
1.819643750E-1,9.576538219E-1,1.985766153E-1,1.566395001E-2,2.078970432E-1,3.346719650E1,2.279181291E1,-3.013181443E0,2.388910076E1
1.920103750E-1,9.576773820E-1,1.985069571E-1,1.567727895E-2,2.078540112E-1,3.345781843E1,2.278426139E1,-3.009032343E0,2.388464203E1
2.020553750E-1,9.577082757E-1,1.984236855E-1,1.567305373E-2,2.077915074E-1,3.344551737E1,2.277480175E1,-3.006031827E0,2.387759693E1
2.121013750E-1,9.577426675E-1,1.983938455E-1,1.553434845E-2,2.076718947E-1,3.343181826E1,2.276853567E1,-3.017779252E0,2.386088036E1
2.221463750E-1,9.577778601E-1,1.985201912E-1,1.511769524E-2,2.074193086E-1,3.341779452E1,2.277417923E1,-3.060766810E0,2.382232391E1
2.321923750E-1,9.578039490E-1,1.988748886E-1,1.434435325E-2,2.070134766E-1,3.340739478E1,2.279833664E1,-3.144906049E0,2.375764673E1
2.422373750E-1,9.578110718E-1,1.994207851E-1,1.328142027E-2,2.065259640E-1,3.340455489E1,2.283820760E1,-3.263553401E0,2.367662316E1
2.522833750E-1,9.578045391E-1,2.000488047E-1,1.206117418E-2,2.060232786E-1,3.340715953E1,2.288420418E1,-3.401064880E0,2.359009127E1
2.623293750E-1,9.577969526E-1,2.006071451E-1,1.086296035E-2,2.055817482E-1,3.341018403E1,2.292275148E1,-3.535864554E0,2.351123723E1
2.723743750E-1,9.578107768E-1,2.009682066E-1,9.821437962E-3,2.052169251E-1,3.340467252E1,2.294211620E1,-3.650491358E0,2.344526626E1
2.824203750E-1,9.578599200E-1,2.010508987E-1,9.031100258E-3,2.049422119E-1,3.338507262E1,2.293494378E1,-3.732972336E0,2.339612214E1
2.924653750E-1,9.579540761E-1,2.008164042E-1,8.553523781E-3,2.047522139E-1,3.334748888E1,2.289807146E1,-3.775512171E0,2.336470827E1
3.025113750E-1,9.580874287E-1,2.003404399E-1,8.264291033E-3,2.046067230E-1,3.329418874E1,2.283751949E1,-3.792665784E0,2.334341901E1
3.125563750E-1,9.582408011E-1,1.997365598E-1,8.052271312E-3,2.044874053E-1,3.323278413E1,2.276390914E1,-3.798925719E0,2.332730181E1
3.226023750E-1,9.583921926E-1,1.991550492E-1,7.818282546E-3,2.043542212E-1,3.317206428E1,2.269244190E1,-3.807837433E0,2.330905241E1
3.326483750E-1,9.585230585E-1,1.986891263E-1,7.571101816E-3,2.042027033E-1,3.311948959E1,2.263402852E1,-3.820537903E0,2.328800458E1
3.426933750E-1,9.586312916E-1,1.983711494E-1,7.323510154E-3,2.040131268E-1,3.307594616E1,2.259274590E1,-3.835926525E0,2.326204809E1
3.527393750E-1,9.587173977E-1,1.981942591E-1,7.064054155E-3,2.037896220E-1,3.304126488E1,2.256753428E1,-3.855190234E0,2.323142595E1
3.627843750E-1,9.587907753E-1,1.980718647E-1,6.822573786E-3,2.035710906E-1,3.301168229E1,2.254896752E1,-3.873886322E0,2.320156624E1
3.728303750E-1,9.588653752E-1,1.979058588E-1,6.640509937E-3,2.033874147E-1,3.298158050E1,2.252658614E1,-3.885822171E0,2.317716045E1
3.828753750E-1,9.589518184E-1,1.976205667E-1,6.557312058E-3,2.032595833E-1,3.294666640E1,2.249247851E1,-3.885353768E0,2.316173817E1
3.929213750E-1,9.590546146E-1,1.971857061E-1,6.597614982E-3,2.031957308E-1,3.290510050E1,2.244368209E1,-3.869238867E0,2.315686763E1
4.029663750E-1,9.591727101E-1,1.966169028E-1,6.769879689E-3,2.031840140E-1,3.285728518E1,2.238222743E1,-3.836633444E0,2.316128405E1
4.130123750E-1,9.592978440E-1,1.959478532E-1,7.025742670E-3,2.032308391E-1,3.280654611E1,2.231090885E1,-3.793788868E0,2.317454601E1
4.230583750E-1,9.594134529E-1,1.952846093E-1,7.277844044E-3,2.033145849E-1,3.275960137E1,2.224006466E1,-3.752317787E0,2.319191589E1
4.331033750E-1,9.595104328E-1,1.947139726E-1,7.502771238E-3,2.033959705E-1,3.272017067E1,2.217927800E1,-3.715949699E0,2.320807156E1
4.431493750E-1,9.595771934E-1,1.943035782E-1,7.694781743E-3,2.034662714E-1,3.269299983E1,2.213620200E1,-3.686717995E0,2.322166290E1
4.531943750E-1,9.596135661E-1,1.940830448E-1,7.856794228E-3,2.034991038E-1,3.267818728E1,2.211438115E1,-3.664412916E0,2.322962654E1
4.632403750E-1,9.596271795E-1,1.940179490E-1,8.005151135E-3,2.034912223E-1,3.267264163E1,2.211023162E1,-3.646356618E0,2.323206529E1
4.732853750E-1,9.596260837E-1,1.940385904E-1,8.150420785E-3,2.034709919E-1,3.267308806E1,2.211589086E1,-3.630382337E0,2.323271839E1
4.833313750E-1,9.596256622E-1,1.940151040E-1,8.305826752E-3,2.034891993E-1,3.267325976E1,2.211658095E1,-3.613116218E0,2.323816528E1
4.933763750E-1,9.596448812E-1,1.938623639E-1,8.491968309E-3,2.035358980E-1,3.266542918E1,2.210303181E1,-3.590058715E0,2.324798188E1
5.034223750E-1,9.596848786E-1,1.935704127E-1,8.737368334E-3,2.036152605E-1,3.264912679E1,2.207473542E1,-3.557921269E0,2.326328060E1
5.134683750E-1,9.597469187E-1,1.931830515E-1,9.027833878E-3,2.036779750E-1,3.262382436E1,2.203657123E1,-3.518188525E0,2.327791517E1
5.235133750E-1,9.598148173E-1,1.927468316E-1,9.372405438E-3,2.037552302E-1,3.259611075E1,2.199397909E1,-3.471658537E0,2.329549764E1
5.335593750E-1,9.598708305E-1,1.923467316E-1,9.736891384E-3,2.038529687E-1,3.257323103E1,2.195593150E1,-3.424234093E0,2.331571431E1
5.436043750E-1,9.598952756E-1,1.920461087E-1,1.008537206E-2,2.040040231E-1,3.256324101E1,2.192877180E1,-3.382102807E0,2.334138415E1
5.536503750E-1,9.598814936E-1,1.918877840E-1,1.037833481E-2,2.042034198E-1,3.256887368E1,2.191654305E1,-3.350523310E0,2.337099089E1
5.636953750E-1,9.598411591E-1,1.918970563E-1,1.055813326E-2,2.043744938E-1,3.258535286E1,2.192108253E1,-3.334747315E0,2.339442465E1
5.737413750E-1,9.597849773E-1,1.920105999E-1,1.070644802E-2,2.045239887E-1,3.260829311E1,2.193694034E1,-3.324434188E0,2.341438691E1
5.837863750E-1,9.597253817E-1,1.921843925E-1,1.085343516E-2,2.046328962E-1,3.263261018E1,2.195980668E1,-3.314797579E0,2.342946097E1
5.938323750E-1,9.596706751E-1,1.923706921E-1,1.100365706E-2,2.047059788E-1,3.265491685E1,2.198429419E1,-3.304307812E0,2.344044017E1
6.038783750E-1,9.596251565E-1,1.925196706E-1,1.115463761E-2,2.047714750E-1,3.267346581E1,2.200455340E1,-3.292682978E0,2.345068867E1
6.139233750E-1,9.595845269E-1,1.926061981E-1,1.131549106E-2,2.048717002E-1,3.269001382E1,2.201777143E1,-3.279267814E0,2.346534410E1
6.239693750E-1,9.595485335E-1,1.926118247E-1,1.150671131E-2,2.050244404E-1,3.270466677E1,2.202224485E1,-3.261763458E0,2.348694389E1
6.340143750E-1,9.595250156E-1,1.925347065E-1,1.173960426E-2,2.051931964E-1,3.271423750E1,2.201813558E1,-3.238060378E0,2.351152250E1
6.440603750E-1,9.595146053E-1,1.923850431E-1,1.201180968E-2,2.053667992E-1,3.271847314E1,2.200660701E1,-3.208405965E0,2.353771440E1
6.541053750E-1,9.595171341E-1,1.921998604E-1,1.228562722E-2,2.055118687E-1,3.271744428E1,2.199114845E1,-3.177084045E0,2.356075539E1
6.641513750E-1,9.595255635E-1,1.920366361E-1,1.256751588E-2,2.056083850E-1,3.271401456E1,2.197855412E1,-3.144307663E0,2.357830525E1
6.741973750E-1,9.594980416E-1,1.919248100E-1,1.285808679E-2,2.058227017E-1,3.272521133E1,2.197169744E1,-3.114433095E0,2.360944364E1
6.842423750E-1,9.594884321E-1,1.918621166E-1,1.306115030E-2,2.059133174E-1,3.272911989E1,2.196886623E1,-3.092602147E0,2.362434687E1
6.942883750E-1,9.594939112E-1,1.918137109E-1,1.315159744E-2,2.059270573E-1,3.272689138E1,2.196534100E1,-3.081793435E0,2.362797845E1
7.043333750E-1,9.595154482E-1,1.917534093E-1,1.316869852E-2,2.058819180E-1,3.271813019E1,2.195896078E1,-3.077459587E0,2.362331818E1
7.143793750E-1,9.595615147E-1,1.916748160E-1,1.314224084E-2,2.057422855E-1,3.269938284E1,2.194977630E1,-3.075375160E0,2.360691096E1
7.244243750E-1,9.596202253E-1,1.915555720E-1,1.312275846E-2,2.055807367E-1,3.267547466E1,2.193616005E1,-3.071065474E0,2.358824533E1
7.344703750E-1,9.596818440E-1,1.914032955E-1,1.313713053E-2,2.054338127E-1,3.265036392E1,2.191948587E1,-3.062570315E0,2.357207240E1
7.445153750E-1,9.597416082E-1,1.912356880E-1,1.315962641E-2,2.053087209E-1,3.262599094E1,2.190117344E1,-3.053306189E0,2.355862653E1
7.545613750E-1,9.597943761E-1,1.910794075E-1,1.317441996E-2,2.052068098E-1,3.260445649E1,2.188391705E1,-3.045680550E0,2.354765723E1
7.646073750E-1,9.598368601E-1,1.909550637E-1,1.316557966E-2,2.051241177E-1,3.258710878E1,2.186972174E1,-3.041849952E0,2.353830854E1
7.746523750E-1,9.598660679E-1,1.908613713E-1,1.313512856E-2,2.050765339E-1,3.257517702E1,2.185844325E1,-3.041912372E0,2.353246128E1
7.846983750E-1,9.598973830E-1,1.907669518E-1,1.307158165E-2,2.050222909E-1,3.256237966E1,2.184635295E1,-3.045455521E0,2.352515747E1
7.947433750E-1,9.599281502E-1,1.906556630E-1,1.297592938E-2,2.049874776E-1,3.254980144E1,2.183154343E1,-3.052566036E0,2.351946523E1
8.047893750E-1,9.599676418E-1,1.905149874E-1,1.285179637E-2,2.049413268E-1,3.253364958E1,2.181276097E1,-3.061863713E0,2.351196169E1
8.148343750E-1,9.600181337E-1,1.903345778E-1,1.271707397E-2,2.048810568E-1,3.251298728E1,2.178923353E1,-3.071071976E0,2.350273122E1
8.248803750E-1,9.600782351E-1,1.901266253E-1,1.257954880E-2,2.048011464E-1,3.248837592E1,2.176255008E1,-3.079503386E0,2.349126585E1
8.349252500E-1,9.601334053E-1,1.899106437E-1,1.244883035E-2,2.047509495E-1,3.246576788E1,2.173501515E1,-3.087656571E0,2.348339381E1
8.449712500E-1,9.601574712E-1,1.897012055E-1,1.234372665E-2,2.048386571E-1,3.245590121E1,2.170839757E1,-3.096191407E0,2.349192685E1
8.550172500E-1,9.601911044E-1,1.895253899E-1,1.223890744E-2,2.048494467E-1,3.244210717E1,2.168586374E1,-3.103795645E0,2.349150740E1
8.650622500E-1,9.602219137E-1,1.893674235E-1,1.216873293E-2,2.048555580E-1,3.242946626E1,2.166617552E1,-3.107904514E0,2.349122335E1
8.751082500E-1,9.602472018E-1,1.892033775E-1,1.211034901E-2,2.048918043E-1,3.241908710E1,2.164596566E1,-3.111233423E0,2.349467365E1
8.851532500E-1,9.602753138E-1,1.890350219E-1,1.201623510E-2,2.049212649E-1,3.240754514E1,2.162447723E1,-3.118246386E0,2.349661882E1
8.951992500E-1,9.603013605E-1,1.888822923E-1,1.188860390E-2,2.049473117E-1,3.239684752E1,2.160402795E1,-3.129249045E0,2.349743159E1
9.052442500E-1,9.603250049E-1,1.887549877E-1,1.173350350E-2,2.049627796E-1,3.238713360E1,2.158590110E1,-3.143651241E0,2.349638694E1
9.152902500E-1,9.603539598E-1,1.886576601E-1,1.155590722E-2,2.049269126E-1,3.237523407E1,2.157085524E1,-3.160120093E0,2.348887769E1
9.253352500E-1,9.603778149E-1,1.886170727E-1,1.137884831E-2,2.048626808E-1,3.236542719E1,2.156240725E1,-3.177258839E0,2.347794483E1
9.353812500E-1,9.603999841E-1,1.885973796E-1,1.125644332E-2,2.047834447E-1,3.235631078E1,2.155763285E1,-3.188543736E0,2.346634767E1
9.454272500E-1,9.604168007E-1,1.885688040E-1,1.120782693E-2,2.047336693E-1,3.234939381E1,2.155341913E1,-3.192131980E0,2.345969691E1
9.554722500E-1,9.604333223E-1,1.885109680E-1,1.123152400E-2,2.047079597E-1,3.234259679E1,2.154741227E1,-3.187583424E0,2.345739876E1
9.655182500E-1,9.604498439E-1,1.884282021E-1,1.129058227E-2,2.047034921E-1,3.233579838E1,2.153928532E1,-3.179011042E0,2.345835404E1
9.755632500E-1,9.604668712E-1,1.883428653E-1,1.133002118E-2,2.047001204E-1,3.232879040E1,2.153041862E1,-3.172563867E0,2.345903834E1
9.856092500E-1,9.604580625E-1,1.882752723E-1,1.135622599E-2,2.048016522E-1,3.233241600E1,2.152295927E1,-3.170292715E0,2.347148076E1
9.956542500E-1,9.604526256E-1,1.882340421E-1,1.134928229E-2,2.048654203E-1,3.233465361E1,2.151788732E1,-3.171473690E0,2.347881107E1
1.005700250E0,9.604514876E-1,1.882025057E-1,1.131854670E-2,2.049014559E-1,3.233512193E1,2.151347271E1,-3.174899985E0,2.348242655E1
1.015745250E0,9.604559973E-1,1.881663648E-1,1.128672583E-2,2.049151536E-1,3.233326596E1,2.150857465E1,-3.177847640E0,2.348345915E1
1.025791250E0,9.604939716E-1,1.881060421E-1,1.124136529E-2,2.047949930E-1,3.231763355E1,2.150101625E1,-3.178785978E0,2.346886147E1
1.035837250E0,9.605342218E-1,1.880275120E-1,1.118456187E-2,2.046814072E-1,3.230105621E1,2.149109615E1,-3.180699089E0,2.345484211E1
1.045882250E0,9.605834072E-1,1.879135101E-1,1.113977558E-2,2.045579591E-1,3.228078761E1,2.147741963E1,-3.180233038E0,2.344004329E1
1.055928250E0,9.606408955E-1,1.877574245E-1,1.112721055E-2,2.044317714E-1,3.225708178E1,2.145965960E1,-3.175161308E0,2.342571695E1
1.065973250E0,9.607101428E-1,1.875749550E-1,1.114929023E-2,2.042724985E-1,3.222850449E1,2.143976196E1,-3.164928565E0,2.340836881E1
1.076019250E0,9.607924134E-1,1.873408081E-1,1.119988752E-2,2.040976733E-1,3.219452056E1,2.141463858E1,-3.149996115E0,2.338996801E1
1.086064250E0,9.608947460E-1,1.870319455E-1,1.126356087E-2,2.038957056E-1,3.215220077E1,2.138133863E1,-3.131273291E0,2.336892721E1
1.096110250E0,9.610071938E-1,1.866672541E-1,1.133143310E-2,2.036960982E-1,3.210563517E1,2.134173329E1,-3.110832903E0,2.334840284E1
1.106155250E0,9.611132353E-1,1.862972206E-1,1.140051706E-2,2.035305454E-1,3.206166216E1,2.130143880E1,-3.090885907E0,2.333183355E1
1.116201250E0,9.612098780E-1,1.859993266E-1,1.141735472E-2,2.033459000E-1,3.202153538E1,2.126828284E1,-3.078003111E0,2.331177933E1
1.126247250E0,9.612403501E-1,1.858692878E-1,1.136346471E-2,2.033236043E-1,3.200887295E1,2.125225838E1,-3.080397682E0,2.330849410E1
1.136292250E0,9.612776080E-1,1.858695249E-1,1.123497477E-2,2.031542583E-1,3.199338418E1,2.124990863E1,-3.090916745E0,2.328636148E1
1.146338250E0,9.612580518E-1,1.859185206E-1,1.116210287E-2,2.032062675E-1,3.200151494E1,2.125372571E1,-3.101232618E0,2.329072732E1
1.156383250E0,9.612281276E-1,1.859655670E-1,1.110694318E-2,2.033075042E-1,3.201395252E1,2.125756559E1,-3.110613311E0,2.330112961E1
1.166429250E0,9.612281697E-1,1.860074030E-1,1.104711046E-2,2.032723959E-1,3.201393501E1,2.126111727E1,-3.117440167E0,2.329574130E1
1.176474250E0,9.612349554E-1,1.860387129E-1,1.102425107E-2,2.032129267E-1,3.201111507E1,2.126436774E1,-3.119413967E0,2.328832946E1
1.186520250E0,9.612383692E-1,1.860924132E-1,1.102879766E-2,2.031474726E-1,3.200969625E1,2.127081372E1,-3.118762593E0,2.328071976E1
1.196565250E0,9.612376949E-1,1.862023480E-1,1.102814965E-2,2.030495234E-1,3.200997651E1,2.128367516E1,-3.119304831E0,2.326908978E1
1.206611250E0,9.612223956E-1,1.863953542E-1,1.100444732E-2,2.029463900E-1,3.201633439E1,2.130554721E1,-3.124230202E0,2.325614744E1
1.216656250E0,9.612002685E-1,1.866431250E-1,1.092709731E-2,2.028277467E-1,3.202552750E1,2.133253634E1,-3.136020075E0,2.324015663E1
1.226702250E0,9.611765820E-1,1.868743532E-1,1.081653559E-2,2.027325791E-1,3.203536566E1,2.135682093E1,-3.151587076E0,2.322623490E1
1.236748250E0,9.611586696E-1,1.870296274E-1,1.070960377E-2,2.026805277E-1,3.204280359E1,2.137236872E1,-3.165900246E0,2.321758414E1
1.246793250E0,9.611265958E-1,1.870491994E-1,1.067890506E-2,2.028160298E-1,3.205611767E1,2.137350647E1,-3.172690012E0,2.323250745E1
1.256839250E0,9.611596811E-1,1.869180068E-1,1.069189682E-2,2.027794042E-1,3.204238361E1,2.135889070E1,-3.167376932E0,2.322895098E1
1.266884250E0,9.612180545E-1,1.866693825E-1,1.077026889E-2,2.027277743E-1,3.201813820E1,2.133234094E1,-3.151767564E0,2.322535651E1
1.276930250E0,9.612913057E-1,1.863740648E-1,1.088361757E-2,2.026460094E-1,3.198768794E1,2.130131978E1,-3.130552524E0,2.321913681E1
1.286975250E0,9.613600893E-1,1.861163105E-1,1.100093859E-2,2.025499146E-1,3.195906911E1,2.127472950E1,-3.109476078E0,2.321122528E1
1.297021250E0,9.614206122E-1,1.859371337E-1,1.108233469E-2,2.024231369E-1,3.193386669E1,2.125642432E1,-3.093548973E0,2.319881036E1
1.307066250E0,9.614683225E-1,1.858438364E-1,1.113445454E-2,2.022791633E-1,3.191398594E1,2.124734137E1,-3.082499770E0,2.318355903E1
1.317112250E0,9.614704298E-1,1.858070316E-1,1.120284834E-2,2.022992252E-1,3.191310754E1,2.124459685E1,-3.074524231E0,2.318737183E1
1.327158250E0,9.614592187E-1,1.858064258E-1,1.127377621E-2,2.023491270E-1,3.191778037E1,2.124596354E1,-3.067762884E0,2.319456757E1
1.337203250E0,9.614373867E-1,1.858114465E-1,1.135248019E-2,2.024438732E-1,3.192687819E1,2.124801599E1,-3.061244538E0,2.320707244E1
1.347249250E0,9.614100755E-1,1.858018739E-1,1.146387957E-2,2.025759614E-1,3.193825569E1,2.124902066E1,-3.051583777E0,2.322458859E1
1.357294250E0,9.614149645E-1,1.857761485E-1,1.157712289E-2,2.025694708E-1,3.193621927E1,2.124862904E1,-3.038347295E0,2.322622149E1
1.367340250E0,9.614234782E-1,1.857556336E-1,1.169015020E-2,2.025414853E-1,3.193267278E1,2.124889488E1,-3.024792789E0,2.322536100E1
1.377385250E0,9.614368388E-1,1.857757692E-1,1.176286405E-2,2.024551264E-1,3.192710648E1,2.125307925E1,-3.015379650E0,2.321683469E1
1.387431250E0,9.614440459E-1,1.858648887E-1,1.180956276E-2,2.023368202E-1,3.192410345E1,2.126467103E1,-3.009765013E0,2.320390271E1
1.397476250E0,9.614178305E-1,1.860159746E-1,1.188714457E-2,2.023179384E-1,3.193502545E1,2.128375268E1,-3.004346422E0,2.320287660E1
1.407522250E0,9.613864311E-1,1.861945772E-1,1.199796444E-2,2.022965699E-1,3.194810247E1,2.130673637E1,-2.995853670E0,2.320216887E1
1.417568250E0,9.613546945E-1,1.863476756E-1,1.216918601E-2,2.022961906E-1,3.196131463E1,2.132809193E1,-2.980555145E0,2.320519223E1
1.427613250E0,9.613299122E-1,1.864019660E-1,1.237770228E-2,2.023513187E-1,3.197162800E1,2.133881658E1,-2.960027984E0,2.321566133E1
1.437659250E0,9.613166781E-1,1.863240049E-1,1.259127089E-2,2.024721958E-1,3.197713415E1,2.133433387E1,-2.937263282E0,2.323418148E1
1.447704250E0,9.613430620E-1,1.861477678E-1,1.278166928E-2,2.024971468E-1,3.196615600E1,2.131836743E1,-2.912661779E0,2.324145260E1
1.457750250E0,9.613774960E-1,1.859325608E-1,1.299441077E-2,2.025182623E-1,3.195182277E1,2.129846089E1,-2.884594740E0,2.324884354E1
1.467795250E0,9.614034585E-1,1.857685674E-1,1.321426980E-2,2.025309064E-1,3.194101169E1,2.128460033E1,-2.856762951E0,2.325525310E1
1.477841250E0,9.613916573E-1,1.857013326E-1,1.343626779E-2,2.026343348E-1,3.194592626E1,2.128161712E1,-2.832935049E0,2.327190088E1
1.487886250E0,9.613986959E-1,1.857359721E-1,1.359697899E-2,2.025585126E-1,3.194299516E1,2.128940502E1,-2.814386985E0,2.326636776E1
1.497932250E0,9.613944390E-1,1.858422085E-1,1.371734512E-2,2.024731652E-1,3.194476789E1,2.130450117E1,-2.801766357E0,2.325872097E1
1.507977250E0,9.613792240E-1,1.859709934E-1,1.381042117E-2,2.024208610E-1,3.195110331E1,2.132147273E1,-2.793399884E0,2.325426343E1
1.518023250E0,9.613651891E-1,1.860706602E-1,1.390014127E-2,2.023892930E-1,3.195694626E1,2.133497867E1,-2.785167131E0,2.325220361E1
1.528069250E0,9.613599208E-1,1.860982927E-1,1.402777774E-2,2.023800628E-1,3.195913929E1,2.134103744E1,-2.771542619E0,2.325369234E1
1.538114250E0,9.613671279E-1,1.860267958E-1,1.420036381E-2,2.023995768E-1,3.195613919E1,2.133669048E1,-2.751252499E0,2.325968026E1
1.548160250E0,9.613680972E-1,1.858553109E-1,1.441296305E-2,2.025372706E-1,3.195573564E1,2.132149525E1,-2.726757238E0,2.328036231E1
1.558205250E0,9.614080103E-1,1.856554400E-1,1.459955769E-2,2.025176723E-1,3.193911587E1,2.130288940E1,-2.701049734E0,2.328246116E1
1.568251250E0,9.614244054E-1,1.854847768E-1,1.477784939E-2,2.025839693E-1,3.193228651E1,2.128722041E1,-2.678803790E0,2.329420514E1
1.578296250E0,9.614615368E-1,1.854009310E-1,1.484945162E-2,2.024792344E-1,3.191681424E1,2.127951726E1,-2.666667340E0,2.328382748E1
1.588342250E0,9.614850548E-1,1.854002303E-1,1.484977299E-2,2.023677981E-1,3.190701077E1,2.127973098E1,-2.664205496E0,2.327099902E1
1.598387250E0,9.615060439E-1,1.854409020E-1,1.479472921E-2,2.022351198E-1,3.189825896E1,2.128348665E1,-2.668362784E0,2.325448380E1
1.608433250E0,9.615277495E-1,1.854758522E-1,1.474635516E-2,2.021033266E-1,3.188920593E1,2.128673592E1,-2.671668395E0,2.323822086E1
1.618479250E0,9.615624785E-1,1.854503797E-1,1.474740356E-2,2.019612074E-1,3.187471587E1,2.128421277E1,-2.667879969E0,2.322193899E1
1.628524250E0,9.615834676E-1,1.853317785E-1,1.483129687E-2,2.019637363E-1,3.186595542E1,2.127252578E1,-2.655896332E0,2.322425536E1
1.638570250E0,9.616455078E-1,1.851376712E-1,1.492779208E-2,2.018394031E-1,3.184004735E1,2.125281276E1,-2.638008329E0,2.321241064E1
1.648615250E0,9.617124370E-1,1.848901954E-1,1.504353786E-2,2.017389250E-1,3.181207457E1,2.122736551E1,-2.617263661E0,2.320383757E1
1.658661250E0,9.617808835E-1,1.846369298E-1,1.513679303E-2,2.016376039E-1,3.178344283E1,2.120075037E1,-2.598850137E0,2.319471299E1
1.668706250E0,9.618507208E-1,1.844018346E-1,1.519042489E-2,2.015150831E-1,3.175420337E1,2.117537230E1,-2.584782231E0,2.318228181E1
1.678752250E0,9.619224126E-1,1.841867487E-1,1.523279301E-2,2.013667683E-1,3.172416018E1,2.115209643E1,-2.571877096E0,2.316659995E1
1.688797250E0,9.619887096E-1,1.839962292E-1,1.528119340E-2,2.012200551E-1,3.169635304E1,2.113175661E1,-2.558923347E0,2.315115840E1
1.698843250E0,9.620439220E-1,1.838290642E-1,1.534025167E-2,2.011043199E-1,3.167317700E1,2.111425079E1,-2.546010643E0,2.313944441E1
1.708888250E0,9.621009888E-1,1.836753283E-1,1.541744889E-2,2.009659096E-1,3.164920515E1,2.109874305E1,-2.530928606E0,2.312545464E1
1.718934250E0,9.621640405E-1,1.835094963E-1,1.547026416E-2,2.008113993E-1,3.162269867E1,2.108134087E1,-2.517913299E0,2.310913892E1
1.728980250E0,9.622078732E-1,1.833069069E-1,1.550746929E-2,2.007837509E-1,3.160425895E1,2.105907442E1,-2.508481644E0,2.310720180E1
1.739025250E0,9.622546984E-1,1.830794983E-1,1.551257433E-2,2.007663443E-1,3.158454877E1,2.103322343E1,-2.502232122E0,2.310584565E1
1.749071250E0,9.622984468E-1,1.828496979E-1,1.550972415E-2,2.007665129E-1,3.156612284E1,2.100688001E1,-2.497180555E0,2.310635739E1
1.759116250E0,9.623529848E-1,1.826304658E-1,1.549885553E-2,2.007055685E-1,3.154313787E1,2.098171370E1,-2.491958117E0,2.309964041E1
1.769162250E0,9.623985877E-1,1.824301735E-1,1.549705375E-2,2.006689008E-1,3.152390605E1,2.095885710E1,-2.486697770E0,2.309585595E1
1.779207250E0,9.624074385E-1,1.822538047E-1,1.551520324E-2,2.007853947E-1,3.152017212E1,2.093881720E1,-2.483054386E0,2.311006225E1
1.789253250E0,9.624068063E-1,1.821130079E-1,1.553404815E-2,2.009147433E-1,3.152043884E1,2.092283077E1,-2.480434597E0,2.312567859E1
1.799298250E0,9.624035610E-1,1.820045798E-1,1.554381041E-2,2.010276548E-1,3.152180799E1,2.091038112E1,-2.479221171E0,2.313914006E1
1.809344250E0,9.624038139E-1,1.819109980E-1,1.556508930E-2,2.011094196E-1,3.152170131E1,2.089996388E1,-2.476420064E0,2.314921177E1
1.819389250E0,9.624124540E-1,1.818011054E-1,1.559418644E-2,2.011650956E-1,3.151805603E1,2.088792143E1,-2.471818772E0,2.315647437E1
1.829435250E0,9.624583519E-1,1.816493241E-1,1.557807580E-2,2.010837944E-1,3.149868474E1,2.087040183E1,-2.468319177E0,2.314714019E1
1.839481375E0,9.624861688E-1,1.814078068E-1,1.559417063E-2,2.011674137E-1,3.148693891E1,2.084295464E1,-2.462662241E0,2.315766841E1
1.849526375E0,9.625236795E-1,1.810952089E-1,1.564895626E-2,2.012655316E-1,3.147109307E1,2.080822351E1,-2.451372241E0,2.317081387E1
1.859572375E0,9.625719377E-1,1.807123627E-1,1.574442414E-2,2.013712780E-1,3.145069569E1,2.076636719E1,-2.434099751E0,2.318581508E1
1.869617375E0,9.626296367E-1,1.802649107E-1,1.583982354E-2,2.014893313E-1,3.142629096E1,2.071710783E1,-2.415569078E0,2.320237532E1
1.879663375E0,9.627000641E-1,1.797402878E-1,1.588858744E-2,2.016173313E-1,3.139647751E1,2.065796162E1,-2.400571872E0,2.321931051E1
1.889708375E0,9.627905955E-1,1.791207871E-1,1.588680147E-2,2.017364383E-1,3.135811299E1,2.058686564E1,-2.388725773E0,2.323441989E1
1.899754375E0,9.628982807E-1,1.784309170E-1,1.584921702E-2,2.018370428E-1,3.131241955E1,2.050697734E1,-2.378777291E0,2.324683980E1
1.909799375E0,9.630149432E-1,1.777133142E-1,1.579580642E-2,2.019177962E-1,3.126284335E1,2.042362108E1,-2.369498676E0,2.325671671E1
1.919845375E0,9.631309313E-1,1.770294763E-1,1.574681598E-2,2.019692154E-1,3.121347760E1,2.034430118E1,-2.359907876E0,2.326322120E1
1.929890375E0,9.632325895E-1,1.764368969E-1,1.570881533E-2,2.020056302E-1,3.117014813E1,2.027569389E1,-2.350932908E0,2.326800285E1
1.939936375E0,9.633048292E-1,1.759870952E-1,1.568054533E-2,2.020557007E-1,3.113932188E1,2.022358527E1,-2.344515792E0,2.327422993E1
1.949982375E0,9.633448687E-1,1.756869622E-1,1.566221672E-2,2.021275189E-1,3.112222333E1,2.018874331E1,-2.340960812E0,2.328282563E1
1.960027375E0,9.633584822E-1,1.755068582E-1,1.564222857E-2,2.022204527E-1,3.111640774E1,2.016751786E1,-2.340840284E0,2.329355552E1
1.970073375E0,9.633577235E-1,1.754303037E-1,1.555112289E-2,2.022974972E-1,3.111673186E1,2.015653487E1,-2.350682123E0,2.330083264E1
1.980118375E0,9.633581871E-1,1.753509254E-1,1.545662439E-2,2.023712963E-1,3.111653378E1,2.014515891E1,-2.360764549E0,2.330767773E1
1.990164375E0,9.633711684E-1,1.751830545E-1,1.541725923E-2,2.024580345E-1,3.111098730E1,2.012490488E1,-2.362937381E0,2.331729452E1
2.000209375E0,9.634026942E-1,1.748445257E-1,1.547376235E-2,2.025964448E-1,3.109751324E1,2.008723454E1,-2.351553517E0,2.333512591E1
2.010255375E0,9.634563893E-1,1.743093081E-1,1.564394606E-2,2.027888873E-1,3.107455100E1,2.002959012E1,-2.324064863E0,2.336183234E1
2.020300375E0,9.635238243E-1,1.736421393E-1,1.585839449E-2,2.030242353E-1,3.104568955E1,1.995782824E1,-2.289417621E0,2.339461807E1
2.030346375E0,9.635976234E-1,1.729265860E-1,1.607431806E-2,2.032671276E-1,3.101407428E1,1.988059464E1,-2.253578919E0,2.342837276E1
2.040392375E0,9.636713382E-1,1.722450609E-1,1.626866772E-2,2.034806856E-1,3.098246371E1,1.980684780E1,-2.220296630E0,2.345822135E1
2.050437375E0,9.637378881E-1,1.716449003E-1,1.643284023E-2,2.036593461E-1,3.095389858E1,1.974179024E1,-2.191540699E0,2.348326194E1
2.060483375E0,9.637952921E-1,1.711272948E-1,1.654823830E-2,2.038144465E-1,3.092923845E1,1.968509803E1,-2.169633641E0,2.350445801E1
2.070528375E0,9.638408107E-1,1.707066061E-1,1.652421460E-2,2.039536154E-1,3.090967052E1,1.963629307E1,-2.165094445E0,2.352093494E1
2.080574375E0,9.638884366E-1,1.702957533E-1,1.638705295E-2,2.040832591E-1,3.088918372E1,1.958603450E1,-2.173087710E0,2.353414005E1
2.090619375E0,9.639484116E-1,1.698084093E-1,1.620853997E-2,2.042201942E-1,3.086336598E1,1.952609213E1,-2.183968992E0,2.354757180E1
2.100665375E0,9.640206935E-1,1.691954150E-1,1.608554493E-2,2.043975060E-1,3.083222241E1,1.945302628E1,-2.186516233E0,2.356699819E1
2.110710375E0,9.640971478E-1,1.684750938E-1,1.616453866E-2,2.046257734E-1,3.079924760E1,1.937228799E1,-2.165168254E0,2.359635077E1
2.120756375E0,9.641583029E-1,1.677431294E-1,1.646761665E-2,2.049140999E-1,3.077284657E1,1.929529622E1,-2.119916764E0,2.363685089E1
2.130801375E0,9.641802193E-1,1.671342497E-1,1.693210126E-2,2.052702408E-1,3.076337976E1,1.923597407E1,-2.061040257E0,2.368792453E1
2.140847375E0,9.641534139E-1,1.667367365E-1,1.747363031E-2,2.056738390E-1,3.077495801E1,1.920248485E1,-1.999584470E0,2.374547850E1
2.150892375E0,9.640860211E-1,1.665637500E-1,1.801238821E-2,2.060829585E-1,3.080404872E1,1.919455290E1,-1.943898310E0,2.380318037E1
2.160938375E0,9.639989878E-1,1.665403216E-1,1.846914941E-2,2.064682228E-1,3.084157778E1,1.920183465E1,-1.900395983E0,2.385632027E1
2.170984375E0,9.639208476E-1,1.665334833E-1,1.878633606E-2,2.068099495E-1,3.087523424E1,1.920785750E1,-1.871869849E0,2.390179057E1
2.181029375E0,9.638639915E-1,1.664571711E-1,1.897096560E-2,2.071189280E-1,3.089970073E1,1.920294181E1,-1.855676364E0,2.394111078E1
2.191075375E0,9.638311169E-1,1.662378389E-1,1.905974793E-2,2.074399184E-1,3.091383878E1,1.917948967E1,-1.846846530E0,2.398027501E1
2.201120375E0,9.638251742E-1,1.658479701E-1,1.906871467E-2,2.077784841E-1,3.091639383E1,1.913472892E1,-1.843034034E0,2.402027307E1
2.211166375E0,9.638466691E-1,1.653059405E-1,1.896888986E-2,2.081197892E-1,3.090715118E1,1.907009298E1,-1.847574631E0,2.405882793E1
2.221211375E0,9.638885209E-1,1.646383924E-1,1.880117175E-2,2.084695659E-1,3.088914745E1,1.898956185E1,-1.856692217E0,2.409733429E1
2.231257375E0,9.639452927E-1,1.638498354E-1,1.865668181E-2,2.088409218E-1,3.086470910E1,1.889578790E1,-1.860667138E0,2.413900945E1
2.241302375E0,9.640167316E-1,1.629914042E-1,1.859072727E-2,2.091885912E-1,3.083393020E1,1.879598996E1,-1.853746759E0,2.417953556E1
2.251348375E0,9.640862318E-1,1.621298646E-1,1.865832554E-2,2.095315401E-1,3.080395780E1,1.869904469E1,-1.831838746E0,2.422197033E1
2.261393375E0,9.641497892E-1,1.612994242E-1,1.892469362E-2,2.098558179E-1,3.077652330E1,1.861043765E1,-1.788306352E0,2.426579175E1
2.271439375E0,9.641982160E-1,1.605548106E-1,1.930505313E-2,2.101694326E-1,3.075560392E1,1.853437498E1,-1.734013857E0,2.431025911E1
2.281484375E0,9.642534283E-1,1.598820889E-1,1.969985846E-2,2.103923895E-1,3.073173634E1,1.846703326E1,-1.678126039E0,2.434432233E1
2.291530375E0,9.643170701E-1,1.592005375E-1,2.004539413E-2,2.105845791E-1,3.070420238E1,1.839760126E1,-1.626852926E0,2.437389320E1
2.301576375E0,9.643948310E-1,1.584208366E-1,2.025204540E-2,2.107967042E-1,3.067052715E1,1.831369678E1,-1.588857727E0,2.440337333E1
2.311621375E0,9.644897457E-1,1.574466965E-1,2.031884815E-2,2.110860844E-1,3.062937432E1,1.820427052E1,-1.562934605E0,2.443954748E1
2.321667375E0,9.646137418E-1,1.562184162E-1,2.017220346E-2,2.114452599E-1,3.057553106E1,1.806078247E1,-1.555572002E0,2.448035779E1
2.331712375E0,9.647832985E-1,1.547069406E-1,1.978501617E-2,2.118193975E-1,3.050175360E1,1.787937247E1,-1.568000503E0,2.451911424E1
2.341758375E0,9.650158648E-1,1.528841052E-1,1.920687204E-2,2.121365104E-1,3.040027518E1,1.765816138E1,-1.592725766E0,2.454851255E1
2.351803375E0,9.653077739E-1,1.508021668E-1,1.851512636E-2,2.123601415E-1,3.027243297E1,1.740503161E1,-1.621867523E0,2.456571114E1
2.361849375E0,9.656389217E-1,1.485421527E-1,1.777324172E-2,2.125105636E-1,3.012676472E1,1.713070086E1,-1.650833018E0,2.457409783E1
2.371894375E0,9.659893306E-1,1.461924554E-1,1.704795768E-2,2.126071642E-1,2.997187072E1,1.684679364E1,-1.674812864E0,2.457693552E1
2.381940375E0,9.663297507E-1,1.438971433E-1,1.650480598E-2,2.126686565E-1,2.982063943E1,1.657360243E1,-1.679388052E0,2.457882614E1
2.391985375E0,9.666323229E-1,1.417899800E-1,1.616098252E-2,2.127352063E-1,2.968559004E1,1.632661311E1,-1.666624616E0,2.458434732E1
2.402031375E0,9.668704948E-1,1.400186954E-1,1.613813893E-2,2.128278873E-1,2.957886106E1,1.612543602E1,-1.627005430E0,2.459749907E1
2.412077375E0,9.670357526E-1,1.386250677E-1,1.631882247E-2,2.129755277E-1,2.950458434E1,1.597189336E1,-1.575014356E0,2.461959269E1
2.422122375E0,9.671291500E-1,1.375886188E-1,1.657273089E-2,2.132037107E-1,2.946252499E1,1.586046052E1,-1.524984941E0,2.465158407E1
2.432168375E0,9.671622352E-1,1.368299334E-1,1.680227316E-2,2.135235631E-1,2.944761172E1,1.577975880E1,-1.485948217E0,2.469340226E1
2.442213375E0,9.671527522E-1,1.362617517E-1,1.698458989E-2,2.139156553E-1,2.945188698E1,1.571938291E1,-1.457971562E0,2.474259888E1
2.452259375E0,9.671134713E-1,1.358116708E-1,1.713224611E-2,2.143670480E-1,2.946958959E1,1.567145538E1,-1.437669988E0,2.479797925E1
2.462304375E0,9.670479330E-1,1.354440818E-1,1.724043180E-2,2.148858336E-1,2.949910249E1,1.563181503E1,-1.424828235E0,2.486047647E1
2.472350375E0,9.669675168E-1,1.351342339E-1,1.726463990E-2,2.154399803E-1,2.953527570E1,1.559660591E1,-1.423255583E0,2.492572600E1
2.482395375E0,9.668800199E-1,1.348576347E-1,1.723123852E-2,2.160078670E-1,2.957458482E1,1.556372240E1,-1.429078528E0,2.499165935E1
2.492441375E0,9.667906265E-1,1.346070875E-1,1.711273739E-2,2.165733512E-1,2.961469334E1,1.553168373E1,-1.444909079E0,2.505599691E1
2.502486375E0,9.666965969E-1,1.343860536E-1,1.683341442E-2,2.171512267E-1,2.965682475E1,1.549896415E1,-1.479460290E0,2.511930828E1
2.512532375E0,9.666085521E-1,1.341048762E-1,1.635751855E-2,2.177523672E-1,2.969622158E1,1.545450858E1,-1.534603058E0,2.518247198E1
2.522577375E0,9.665364810E-1,1.336907360E-1,1.570653413E-2,2.183745390E-1,2.972843280E1,1.539060458E1,-1.606063722E0,2.524571503E1
2.532623375E0,9.664938705E-1,1.331093518E-1,1.494691094E-2,2.189706218E-1,2.974746093E1,1.530508958E1,-1.684846412E0,2.530466449E1
2.542669375E0,9.664881807E-1,1.323779881E-1,1.412223409E-2,2.194932849E-1,2.975000088E1,1.520108820E1,-1.765803943E0,2.535449903E1
2.552714375E0,9.665215189E-1,1.315388549E-1,1.324164945E-2,2.199053546E-1,2.973511564E1,1.508368004E1,-1.848425709E0,2.539099900E1
2.562760375E0,9.665934635E-1,1.306064717E-1,1.233344808E-2,2.201972216E-1,2.970296804E1,1.495525779E1,-1.929829108E0,2.541346763E1
2.572805375E0,9.666945317E-1,1.296358140E-1,1.141563197E-2,2.203769357E-1,2.965774944E1,1.482249277E1,-2.009581835E0,2.542302609E1
2.582851375E0,9.668080331E-1,1.286791807E-1,1.052839339E-2,2.204833565E-1,2.960688760E1,1.469222866E1,-2.085188102E0,2.542466843E1
2.592896375E0,9.669143275E-1,1.278061403E-1,9.769802804E-3,2.205604853E-1,2.955917780E1,1.457468053E1,-2.148226643E0,2.542474296E1
2.602942375E0,9.670046903E-1,1.271089629E-1,9.278902654E-3,2.205885551E-1,2.951855951E1,1.448375312E1,-2.185337076E0,2.542259973E1
2.612987375E0,9.670836735E-1,1.266392363E-1,9.142093984E-3,2.205179169E-1,2.948301158E1,1.442751724E1,-2.187517127E0,2.541342520E1
2.623033375E0,9.671515721E-1,1.263874721E-1,9.313642194E-3,2.203572953E-1,2.945241897E1,1.440373598E1,-2.159725529E0,2.539756411E1
2.633078375E0,9.672048036E-1,1.263298047E-1,9.663555867E-3,2.201417142E-1,2.942841307E1,1.440639454E1,-2.116279324E0,2.537735962E1
2.643124375E0,9.672520080E-1,1.263690803E-1,1.005144912E-2,2.198938907E-1,2.940710914E1,1.442098428E1,-2.070604990E0,2.535373638E1
2.653170375E0,9.673012356E-1,1.264271428E-1,1.036533250E-2,2.196292928E-1,2.938487610E1,1.443587460E1,-2.033361844E0,2.532711402E1
2.663215375E0,9.673460377E-1,1.265286114E-1,1.058845792E-2,2.193626297E-1,2.936462744E1,1.445339827E1,-2.007246359E0,2.529892142E1
2.673261375E0,9.673709886E-1,1.267578955E-1,1.077394093E-2,2.191113502E-1,2.935334475E1,1.448436842E1,-1.988757187E0,2.527177461E1
2.683306375E0,9.673644558E-1,1.272019389E-1,1.098011805E-2,2.188721668E-1,2.935629925E1,1.454004957E1,-1.973563845E0,2.524594261E1
2.693352375E0,9.673215082E-1,1.279079724E-1,1.123623391E-2,2.186373667E-1,2.937571542E1,1.462651997E1,-1.959486399E0,2.522086905E1
2.703397375E0,9.672295438E-1,1.289042501E-1,1.158071064E-2,2.184414682E-1,2.941724941E1,1.474786108E1,-1.943482043E0,2.520109715E1
2.713443375E0,9.670910492E-1,1.301281840E-1,1.192695754E-2,2.183102229E-1,2.947968986E1,1.489482893E1,-1.933969028E0,2.518853450E1
2.723488375E0,9.669388569E-1,1.314086000E-1,1.199579914E-2,2.182135801E-1,2.954815715E1,1.504127654E1,-1.957138793E0,2.517593630E1
2.733534375E0,9.668374938E-1,1.324665070E-1,1.133232346E-2,2.180586062E-1,2.959367184E1,1.514468529E1,-2.054946483E0,2.514623579E1
2.743579375E0,9.668565020E-1,1.330750127E-1,9.740215716E-3,2.176805068E-1,2.958514186E1,1.517508841E1,-2.240887262E0,2.507777432E1
2.753625375E0,9.670509254E-1,1.330902962E-1,7.478884511E-3,2.168953532E-1,2.949775558E1,1.512340009E1,-2.479871429E0,2.495356027E1
2.763670375E0,9.674212698E-1,1.324811372E-1,5.089031760E-3,2.156822404E-1,2.933059495E1,1.499976405E1,-2.711169723E0,2.477959226E1
2.773716375E0,9.679303194E-1,1.312821700E-1,3.176960952E-3,2.141626779E-1,2.909929508E1,1.482252226E1,-2.870649610E0,2.457885513E1
2.783762375E0,9.684999341E-1,1.297021057E-1,2.122373045E-3,2.125573466E-1,2.883832448E1,1.462337352E1,-2.924915425E0,2.438159646E1
2.793807375E0,9.690556824E-1,1.279708818E-1,2.018955216E-3,2.110697315E-1,2.858145943E1,1.442941633E1,-2.872214072E0,2.421165518E1
2.803853375E0,9.695327847E-1,1.263826726E-1,2.597094074E-3,2.098258937E-1,2.835912735E1,1.426684480E1,-2.751299260E0,2.407881499E1
2.813898375E0,9.698733313E-1,1.253018536E-1,3.436432757E-3,2.088861032E-1,2.819938098E1,1.416676464E1,-2.618286843E0,2.398338077E1
2.823944375E0,9.700456697E-1,1.250349797E-1,4.371428981E-3,2.082273902E-1,2.811820023E1,1.416010543E1,-2.498340061E0,2.391987548E1
2.833989750E0,9.700366503E-1,1.258115828E-1,5.401123905E-3,2.077770932E-1,2.812245456E1,1.427307768E1,-2.395830943E0,2.387957806E1
2.844035750E0,9.698555453E-1,1.276987659E-1,6.491373314E-3,2.074392019E-1,2.820774610E1,1.451280172E1,-2.314695611E0,2.385102354E1
2.854080750E0,9.695316046E-1,1.305781122E-1,7.501433075E-3,2.071266409E-1,2.835967940E1,1.486292209E1,-2.266447658E0,2.382263126E1
2.864126750E0,9.691096304E-1,1.341523441E-1,8.220837632E-3,2.067901405E-1,2.855640442E1,1.528514031E1,-2.266580671E0,2.378625993E1
2.874171750E0,9.686416318E-1,1.380527926E-1,8.460948228E-3,2.064055083E-1,2.877304549E1,1.573352551E1,-2.326759900E0,2.373668215E1
2.884217750E0,9.681768363E-1,1.419438686E-1,8.217681887E-3,2.059563072E-1,2.898663486E1,1.617015094E1,-2.439023296E0,2.367203934E1
2.894262750E0,9.677524597E-1,1.455711265E-1,7.605999406E-3,2.054420735E-1,2.918031408E1,1.656894305E1,-2.584424290E0,2.359416346E1
2.904308750E0,9.673802609E-1,1.488425175E-1,6.775574782E-3,2.048787809E-1,2.934915078E1,1.692291384E1,-2.744384515E0,2.350729539E1
2.914353750E0,9.670630216E-1,1.517735516E-1,5.899621024E-3,2.042527737E-1,2.949231044E1,1.723782672E1,-2.899815675E0,2.341263196E1
2.924399750E0,9.667984658E-1,1.543992792E-1,5.125404490E-3,2.035568871E-1,2.961117817E1,1.752097304E1,-3.035093660E0,2.331180876E1
2.934445750E0,9.665857085E-1,1.567287144E-1,4.514749339E-3,2.028000140E-1,2.970643491E1,1.777465313E1,-3.143757188E0,2.320707435E1
2.944490750E0,9.664306924E-1,1.587357421E-1,4.120512986E-3,2.019843882E-1,2.977565189E1,1.799694957E1,-3.219419244E0,2.309987802E1
2.954536750E0,9.663488854E-1,1.603298044E-1,3.975480412E-3,2.011178069E-1,2.981211661E1,1.817810741E1,-3.256551878E0,2.299217878E1
2.964581750E0,9.663523414E-1,1.614333722E-1,4.071032586E-3,2.002143470E-1,2.981057700E1,1.830889766E1,-3.254686498E0,2.288587795E1
2.974627750E0,9.664324204E-1,1.620984442E-1,4.420782940E-3,1.992807943E-1,2.977488117E1,1.839538663E1,-3.213768682E0,2.278194239E1
2.984672750E0,9.665745817E-1,1.624116111E-1,5.030431836E-3,1.983195512E-1,2.971140843E1,1.844745267E1,-3.135312519E0,2.268052534E1
2.994718750E0,9.667597328E-1,1.624675136E-1,5.872215036E-3,1.973459168E-1,2.962854217E1,1.847515181E1,-3.024935348E0,2.258262394E1
3.004763750E0,9.669598882E-1,1.623811863E-1,6.885161856E-3,1.964016167E-1,2.953870497E1,1.849010329E1,-2.892861237E0,2.249163280E1
3.014809750E0,9.671492540E-1,1.622674214E-1,7.992148832E-3,1.955195253E-1,2.945346392E1,1.850362108E1,-2.750893028E0,2.240965469E1
3.024854750E0,9.673146804E-1,1.622035531E-1,9.069459159E-3,1.947053746E-1,2.937880103E1,1.852184511E1,-2.614612777E0,2.233495505E1
3.034900750E0,9.674397301E-1,1.622648083E-1,1.003819920E-2,1.939841156E-1,2.932223821E1,1.855162150E1,-2.494924379E0,2.226883096E1
3.044945750E0,9.675160159E-1,1.624725501E-1,1.092659155E-2,1.933807413E-1,2.928767994E1,1.859598441E1,-2.389629918E0,2.221463371E1
3.054991750E0,9.675502391E-1,1.628082603E-1,1.177274222E-2,1.928770022E-1,2.927216349E1,1.865373232E1,-2.293732922E0,2.217100125E1
3.065037750E0,9.675595114E-1,1.632408450E-1,1.251290410E-2,1.924176015E-1,2.926795813E1,1.872009263E1,-2.212560290E0,2.213047645E1
3.075082750E0,9.675611130E-1,1.637227205E-1,1.307856749E-2,1.919619941E-1,2.926723170E1,1.878826323E1,-2.151873746E0,2.208722073E1
3.085128750E0,9.675679408E-1,1.641925630E-1,1.343933397E-2,1.915003175E-1,2.926413458E1,1.885062411E1,-2.113485644E0,2.203962187E1
3.095173750E0,9.675819336E-1,1.645840335E-1,1.356142286E-2,1.910844124E-1,2.925778639E1,1.889879371E1,-2.100665218E0,2.199312361E1
3.105219750E0,9.676037656E-1,1.648375415E-1,1.343484007E-2,1.907642649E-1,2.924787899E1,1.892567919E1,-2.114179550E0,2.195338080E1
3.115264750E0,9.676387475E-1,1.649155448E-1,1.316759744E-2,1.905379364E-1,2.923199736E1,1.892933108E1,-2.141205062E0,2.192221759E1
3.125310750E0,9.676927798E-1,1.648308033E-1,1.289168836E-2,1.903559463E-1,2.920745034E1,1.891413860E1,-2.166449048E0,2.189634554E1
3.135355750E0,9.677668318E-1,1.646068665E-1,1.270829689E-2,1.901854623E-1,2.917377546E1,1.888501361E1,-2.178585569E0,2.187379589E1
3.145401750E0,9.678547080E-1,1.642657194E-1,1.264460246E-2,1.900376533E-1,2.913376469E1,1.884501670E1,-2.175302331E0,2.185630560E1
3.155446750E0,9.679529944E-1,1.637936536E-1,1.267516946E-2,1.899419799E-1,2.908895024E1,1.879197041E1,-2.159682505E0,2.184681593E1
3.165492750E0,9.680589094E-1,1.631895839E-1,1.273984380E-2,1.899179141E-1,2.904058175E1,1.872443592E1,-2.138741458E0,2.184646597E1
3.175537750E0,9.681670161E-1,1.624824125E-1,1.277181219E-2,1.899709770E-1,2.899113097E1,1.864428223E1,-2.120622246E0,2.185460811E1
3.185583750E0,9.682705288E-1,1.616881604E-1,1.271380232E-2,1.901253187E-1,2.894370413E1,1.855207379E1,-2.112471241E0,2.187296930E1
3.195628750E0,9.683575620E-1,1.608327374E-1,1.257387478E-2,1.904165113E-1,2.890376879E1,1.845086353E1,-2.114602845E0,2.190576737E1
3.205674750E0,9.684154296E-1,1.599647968E-1,1.242112407E-2,1.908627200E-1,2.887718623E1,1.834764259E1,-2.120715436E0,2.195626711E1
3.215720750E0,9.684311926E-1,1.591481964E-1,1.241070853E-2,1.914651670E-1,2.886994109E1,1.825302565E1,-2.114971704E0,2.202724559E1
3.225765750E0,9.683868119E-1,1.584669084E-1,1.270367654E-2,1.922337148E-1,2.889033530E1,1.818007557E1,-2.081510409E0,2.212248876E1
3.235811750E0,9.682652604E-1,1.580163955E-1,1.334460893E-2,1.931709764E-1,2.894611979E1,1.814073757E1,-2.017579042E0,2.224287331E1
3.245856750E0,9.680467712E-1,1.578917251E-1,1.430611552E-2,1.942958758E-1,2.904612897E1,1.814535991E1,-1.928793779E0,2.238996488E1
3.255902750E0,9.677195009E-1,1.581560806E-1,1.549467773E-2,1.956155358E-1,2.919530340E1,1.819923686E1,-1.827275582E0,2.256294718E1
3.265947750E0,9.672908253E-1,1.588196617E-1,1.674387871E-2,1.970896218E-1,2.938957915E1,1.830003395E1,-1.731226994E0,2.275435350E1
3.275993750E0,9.667923545E-1,1.597970840E-1,1.773888677E-2,1.986524691E-1,2.961391853E1,1.843107685E1,-1.672617161E0,2.295118714E1
3.286038750E0,9.662779944E-1,1.609351648E-1,1.818757159E-2,2.001897333E-1,2.984368040E1,1.856829084E1,-1.678240549E0,2.313509407E1
3.296084750E0,9.658015664E-1,1.620276111E-1,1.793646066E-2,2.016250020E-1,3.005496660E1,1.868450631E1,-1.758770252E0,2.329455319E1
3.306129750E0,9.654048803E-1,1.628551487E-1,1.703746312E-2,2.029316386E-1,3.022978802E1,1.875574760E1,-1.902616758E0,2.342765767E1
3.316175750E0,9.650986834E-1,1.632804894E-1,1.580302934E-2,2.041429812E-1,3.036405803E1,1.877340292E1,-2.072391344E0,2.354431022E1
3.326220750E0,9.648494269E-1,1.633039547E-1,1.465451718E-2,2.053839530E-1,3.047293258E1,1.874695156E1,-2.223704276E0,2.366683888E1
3.336266750E0,9.645952393E-1,1.630250953E-1,1.403476358E-2,2.068379771E-1,3.058357133E1,1.869761468E1,-2.313305527E0,2.382441086E1
3.346311750E0,9.642848699E-1,1.625626970E-1,1.414790152E-2,2.086335172E-1,3.071813648E1,1.864356423E1,-2.323799824E0,2.403527948E1
3.356357750E0,9.639200468E-1,1.619573576E-1,1.466704006E-2,2.107437256E-1,3.087557897E1,1.858219269E1,-2.291713732E0,2.429030165E1
3.366402750E0,9.635422846E-1,1.611568783E-1,1.500041636E-2,2.130488632E-1,3.103778416E1,1.849400453E1,-2.278767342E0,2.456509303E1
3.376448750E0,9.632037611E-1,1.601347593E-1,1.457544442E-2,2.153671927E-1,3.118244156E1,1.836241440E1,-2.343896467E0,2.482854933E1
3.386494750E0,9.629309867E-1,1.589408550E-1,1.320635673E-2,2.175483764E-1,3.129852874E1,1.818840523E1,-2.505829235E0,2.506026060E1
3.396539750E0,9.626865771E-1,1.577680662E-1,1.121802647E-2,2.195857129E-1,3.140218898E1,1.800142474E1,-2.733377290E0,2.526526722E1
3.406585750E0,9.624004000E-1,1.568550443E-1,9.256232918E-3,2.215768144E-1,3.152314152E1,1.784399752E1,-2.963196156E0,2.546564968E1
3.416630750E0,9.619650231E-1,1.565433473E-1,8.045585768E-3,2.237244492E-1,3.170629068E1,1.777219351E1,-3.127955272E0,2.569593445E1
3.426676750E0,9.612714124E-1,1.571687380E-1,8.178026971E-3,2.262483289E-1,3.199596031E1,1.783847129E1,-3.175566601E0,2.599008820E1
3.436721750E0,9.602623747E-1,1.588170907E-1,9.749272020E-3,2.292993814E-1,3.241285806E1,1.805544685E1,-3.101766732E0,2.636720893E1
3.446767750E0,9.589637460E-1,1.612949250E-1,1.234864729E-2,2.328519393E-1,3.294184607E1,1.839223107E1,-2.948129353E0,2.681901925E1
3.456812750E0,9.574598621E-1,1.643293401E-1,1.539856184E-2,2.367054256E-1,3.354430524E1,1.880472033E1,-2.768938418E0,2.731411767E1
3.466858750E0,9.558497261E-1,1.676708739E-1,1.828422485E-2,2.406315310E-1,3.417789190E1,1.924940782E1,-2.621615352E0,2.781608873E1
3.476903750E0,9.542280418E-1,1.710248780E-1,2.049090739E-2,2.444982093E-1,3.480470793E1,1.967883192E1,-2.551912783E0,2.830032299E1
3.486949750E0,9.526789554E-1,1.741177455E-1,2.172519366E-2,2.482212301E-1,3.539341330E1,2.005304562E1,-2.581771862E0,2.875099629E1
3.496994750E0,9.512541391E-1,1.767246018E-1,2.196997202E-2,2.517959572E-1,3.592664405E1,2.034495341E1,-2.705310132E0,2.916670529E1
3.507040750E0,9.499655413E-1,1.786920219E-1,2.144007550E-2,2.552940614E-1,3.640238843E1,2.054221120E1,-2.894860766E0,2.955988663E1
3.517085750E0,9.487986426E-1,1.799979631E-1,2.049583858E-2,2.587695959E-1,3.682807730E1,2.065197757E1,-3.110577419E0,2.994406641E1
3.527131750E0,9.477144571E-1,1.807609633E-1,1.949380252E-2,2.622644125E-1,3.721937864E1,2.069767220E1,-3.317285833E0,3.033116446E1
3.537177750E0,9.466702900E-1,1.811388309E-1,1.863133049E-2,2.658136197E-1,3.759252146E1,2.070284286E1,-3.498527218E0,3.072897637E1
3.547222750E0,9.456415486E-1,1.812958753E-1,1.790669445E-2,2.693941842E-1,3.795669291E1,2.068621193E1,-3.658729124E0,3.113439846E1
3.557268750E0,9.446061692E-1,1.813939563E-1,1.724561586E-2,2.729800380E-1,3.831984748E1,2.066400865E1,-3.810297410E0,3.154244807E1
3.567313750E0,9.435623603E-1,1.815275091E-1,1.661205390E-2,2.765175916E-1,3.868263612E1,2.064602589E1,-3.958969424E0,3.194580469E1
3.577359750E0,9.425168445E-1,1.817178654E-1,1.605067895E-2,2.799696925E-1,3.904276702E1,2.063623708E1,-4.099854950E0,3.234083645E1
3.587404750E0,9.414783883E-1,1.819408749E-1,1.562201389E-2,2.833232751E-1,3.939733361E1,2.063398514E1,-4.225416037E0,3.272718636E1
3.597450750E0,9.404624385E-1,1.821293556E-1,1.536698331E-2,2.865712376E-1,3.974127503E1,2.063322529E1,-4.328913267E0,3.310497364E1
3.607495750E0,9.394721983E-1,1.821912588E-1,1.535207386E-2,2.897629763E-1,4.007378581E1,2.062578775E1,-4.401140197E0,3.348160964E1
3.617541750E0,9.385061504E-1,1.820736269E-1,1.562682917E-2,2.929354961E-1,4.039564320E1,2.060748629E1,-4.435679686E0,3.386258222E1
3.627586750E0,9.375687834E-1,1.817325799E-1,1.616706221E-2,2.961024313E-1,4.070561320E1,2.057293465E1,-4.433814622E0,3.424918913E1
3.637632750E0,9.366494974E-1,1.811982421E-1,1.690682369E-2,2.992807884E-1,4.100742436E1,2.052361291E1,-4.403892790E0,3.464205013E1
3.647677750E0,9.357143853E-1,1.805668982E-1,1.778637047E-2,3.025188886E-1,4.131226600E1,2.046835054E1,-4.356605949E0,3.504537721E1
3.657723750E0,9.347438698E-1,1.799151814E-1,1.876520995E-2,3.058305772E-1,4.162639065E1,2.041446631E1,-4.299257123E0,3.545977315E1
3.667768750E0,9.337270771E-1,1.793794423E-1,1.976584989E-2,3.091698299E-1,4.195308205E1,2.037478989E1,-4.244088872E0,3.587782060E1
3.677814750E0,9.326639018E-1,1.790874700E-1,2.067995181E-2,3.124710029E-1,4.229209798E1,2.036000282E1,-4.206101020E0,3.628925019E1
3.687859750E0,9.315650913E-1,1.791154713E-1,2.144869453E-2,3.156644275E-1,4.263977337E1,2.037656459E1,-4.193155323E0,3.668438692E1
3.697905750E0,9.304567135E-1,1.794490531E-1,2.200944781E-2,3.186910769E-1,4.298775898E1,2.042061425E1,-4.210441613E0,3.705504043E1
3.707951750E0,9.293693248E-1,1.800068666E-1,2.231330551E-2,3.215158430E-1,4.332656653E1,2.048122257E1,-4.259596298E0,3.739630308E1
3.717996750E0,9.283181192E-1,1.806855521E-1,2.239223076E-2,3.241553948E-1,4.365171976E1,2.054775866E1,-4.333753536E0,3.771104014E1
3.728042750E0,9.273127061E-1,1.813786412E-1,2.228768023E-2,3.266439554E-1,4.396056773E1,2.060963399E1,-4.425178626E0,3.800445126E1
3.738087750E0,9.263578060E-1,1.819894333E-1,2.203309219E-2,3.290223232E-1,4.425200131E1,2.065709117E1,-4.527416418E0,3.828236966E1
3.748133750E0,9.254605207E-1,1.824528327E-1,2.168209850E-2,3.313060712E-1,4.452419935E1,2.068478966E1,-4.632459401E0,3.854792349E1
3.758178750E0,9.246331570E-1,1.827415702E-1,2.125669983E-2,3.334774137E-1,4.477379389E1,2.069061530E1,-4.736366529E0,3.879951631E1
3.768224750E0,9.238758202E-1,1.829100364E-1,2.072035484E-2,3.355116313E-1,4.500111160E1,2.067935091E1,-4.844445610E0,3.903329242E1
3.778269750E0,9.231785428E-1,1.830335425E-1,2.010128612E-2,3.373959326E-1,4.520944391E1,2.066042989E1,-4.956270240E0,3.924793513E1
3.788315750E0,9.225257302E-1,1.831845546E-1,1.943300569E-2,3.391343637E-1,4.540366982E1,2.064310203E1,-5.071190704E0,3.944423401E1
3.798360750E0,9.219109552E-1,1.834189807E-1,1.874484775E-2,3.407142172E-1,4.558586199E1,2.063472685E1,-5.188042986E0,3.962091196E1
3.808406750E0,9.225740095E-1,1.838383471E-1,1.741616309E-2,3.387586877E-1,4.538933267E1,2.064136748E1,-5.302744068E0,3.935900999E1
3.818451750E0,9.232612770E-1,1.844254211E-1,1.609078168E-2,3.366260361E-1,4.518477220E1,2.066827313E1,-5.419826268E0,3.907526230E1
3.828497750E0,9.239670892E-1,1.851906709E-1,1.467488991E-2,3.343259772E-1,4.497377458E1,2.071320630E1,-5.549741555E0,3.876905966E1
3.838542792E0,9.246863884E-1,1.861097988E-1,1.308710222E-2,3.318839678E-1,4.475777507E1,2.077058661E1,-5.700635493E0,3.844208121E1
3.848588792E0,9.254357173E-1,1.871574746E-1,1.131395270E-2,3.292611272E-1,4.453170121E1,2.083766473E1,-5.872015507E0,3.808951635E1
3.858633792E0,9.262233365E-1,1.882829325E-1,9.346105804E-3,3.264546739E-1,4.429289480E1,2.090885595E1,-6.062803537E0,3.771111938E1
3.868679792E0,9.270589610E-1,1.893984120E-1,7.236634963E-3,3.234773152E-1,4.403818900E1,2.097657534E1,-6.264278959E0,3.730986601E1
3.878725792E0,9.279394929E-1,1.904048261E-1,5.111938572E-3,3.203876983E-1,4.376827135E1,2.103408426E1,-6.460579292E0,3.689568804E1
3.888770792E0,9.288885135E-1,1.911687799E-1,3.142584929E-3,3.171918292E-1,4.347557560E1,2.107232769E1,-6.628780867E0,3.647323206E1
3.898816792E0,9.299162855E-1,1.915856649E-1,1.470271737E-3,3.139242052E-1,4.315646162E1,2.108389282E1,-6.750859575E0,3.604992829E1
3.908861792E0,9.309906297E-1,1.915817136E-1,1.845505129E-4,3.107297901E-1,4.282046740E1,2.106198366E1,-6.818043275E0,3.564525087E1
3.918907792E0,9.321531241E-1,1.910012988E-1,-1.064966568E-3,3.075839494E-1,4.245405128E1,2.097707493E1,-6.862282811E0,3.525093413E1
3.928952792E0,9.335004746E-1,1.896625147E-1,-2.903844105E-3,3.042970009E-1,4.202555796E1,2.078941020E1,-6.941100331E0,3.483448617E1
3.938998792E0,9.350843321E-1,1.874815628E-1,-5.570264476E-3,3.007274368E-1,4.151645269E1,2.048345177E1,-7.075609412E0,3.437606583E1
3.949043792E0,9.368894605E-1,1.845238919E-1,-8.692961361E-3,2.968392425E-1,4.092884746E1,2.007959633E1,-7.229068180E0,3.387852991E1
3.959089792E0,9.388158033E-1,1.810368882E-1,-1.159026744E-2,2.927733571E-1,4.029274477E1,1.962647474E1,-7.340621423E0,3.336920670E1
3.969134792E0,9.407333795E-1,1.773113913E-1,-1.360660428E-2,2.887839261E-1,3.964983023E1,1.917465897E1,-7.354597502E0,3.288668339E1
3.979180792E0,9.425047694E-1,1.736959135E-1,-1.435910992E-2,2.851461052E-1,3.904690766E1,1.877177501E1,-7.245698032E0,3.246617157E1
3.989225792E0,9.440043965E-1,1.706375063E-1,-1.384348537E-2,2.820404304E-1,3.852940219E1,1.846573539E1,-7.030054896E0,3.212500107E1
3.999271792E0,9.451499689E-1,1.686242725E-1,-1.226281524E-2,2.794765322E-1,3.812952745E1,1.830463344E1,-6.744002874E0,3.185766503E1
4.009316792E0,9.459076849E-1,1.680025696E-1,-9.980937441E-3,2.773700327E-1,3.786280505E1,1.831694249E1,-6.435223583E0,3.164705227E1
4.019362792E0,9.463107984E-1,1.688381994E-1,-7.443028080E-3,2.755614904E-1,3.772016549E1,1.849796298E1,-6.150328078E0,3.146817971E1
4.029407792E0,9.464161656E-1,1.710421108E-1,-5.077251716E-3,2.738891034E-1,3.768279614E1,1.882624652E1,-5.929434277E0,3.129660785E1
4.039453792E0,9.463023691E-1,1.743499641E-1,-3.319633303E-3,2.722186552E-1,3.772315349E1,1.926039310E1,-5.808585790E0,3.111099990E1
4.049498792E0,9.460803184E-1,1.783696881E-1,-2.566205702E-3,2.703878172E-1,3.780178310E1,1.974622972E1,-5.814821567E0,3.088677080E1
4.059544792E0,9.458629250E-1,1.826359186E-1,-2.938341301E-3,2.682884827E-1,3.787861120E1,2.022938735E1,-5.944021879E0,3.061006574E1
4.069589792E0,9.457417949E-1,1.866895919E-1,-4.258791528E-3,2.658973234E-1,3.792135420E1,2.066444186E1,-6.161767973E0,3.028247416E1
4.079635792E0,9.457734683E-1,1.901532621E-1,-6.129858721E-3,2.632804466E-1,3.791018214E1,2.102048677E1,-6.414601638E0,2.992056402E1
4.089681792E0,9.459848769E-1,1.927771984E-1,-8.022779055E-3,2.605477293E-1,3.783553120E1,2.128350163E1,-6.640204801E0,2.954871664E1
4.099726792E0,9.463786549E-1,1.943901478E-1,-9.408472603E-3,2.578590553E-1,3.769610372E1,2.144686973E1,-6.780064871E0,2.919728379E1
4.109772792E0,9.469375853E-1,1.949534299E-1,-9.859201538E-3,2.553528562E-1,3.749734195E1,2.151562240E1,-6.790303849E0,2.889142270E1
4.119817792E0,9.476169082E-1,1.945996914E-1,-9.243752183E-3,2.531157858E-1,3.725439125E1,2.150661775E1,-6.663128530E0,2.864320118E1
4.129863792E0,9.483780171E-1,1.936199141E-1,-7.677438315E-3,2.510611059E-1,3.698036270E1,2.144984438E1,-6.418112942E0,2.843837420E1
4.139908792E0,9.491837384E-1,1.923193783E-1,-5.399517056E-3,2.490670963E-1,3.668812032E1,2.137425952E1,-6.087729784E0,2.825611888E1
4.149954792E0,9.499936111E-1,1.909956933E-1,-2.690991984E-3,2.470337005E-1,3.639208923E1,2.130682384E1,-5.709088946E0,2.807763651E1
4.159999792E0,9.507607049E-1,1.898965983E-1,2.104076045E-4,2.449356936E-1,3.610953350E1,2.126948484E1,-5.314628909E0,2.789427979E1
4.170045792E0,9.514367403E-1,1.891770041E-1,3.137548380E-3,2.428379607E-1,3.585873500E1,2.127503023E1,-4.928261035E0,2.770996925E1
4.180090792E0,9.519990636E-1,1.888932399E-1,6.032815602E-3,2.407921527E-1,3.564882222E1,2.132811282E1,-4.558765851E0,2.752975468E1
4.190136792E0,9.524291721E-1,1.890333992E-1,8.905207622E-3,2.388846284E-1,3.548745389E1,2.142731366E1,-4.206491339E0,2.736428897E1
4.200181792E0,9.527069620E-1,1.895286669E-1,1.176929671E-2,2.372547677E-1,3.538285405E1,2.156482569E1,-3.870854666E0,2.723064788E1
4.210227792E0,9.528752122E-1,1.902828004E-1,1.455347538E-2,2.358163800E-1,3.531935481E1,2.172843602E1,-3.555095213E0,2.711789324E1
4.220272792E0,9.529383482E-1,1.911973133E-1,1.723684932E-2,2.346382913E-1,3.529549815E1,2.190638820E1,-3.260348545E0,2.703396438E1
4.230318792E0,9.529320262E-1,1.921552321E-1,1.974249527E-2,2.336820636E-1,3.529788771E1,2.208371176E1,-2.991049288E0,2.697305228E1
4.240363792E0,9.528915231E-1,1.930967242E-1,2.193312513E-2,2.328738135E-1,3.531319307E1,2.225037541E1,-2.758973406E0,2.692361683E1
4.250409792E0,9.528447822E-1,1.939614300E-1,2.379997764E-2,2.321620797E-1,3.533084758E1,2.239949115E1,-2.562296693E0,2.687936078E1
4.260454792E0,9.528076930E-1,1.947051797E-1,2.535007024E-2,2.315271795E-1,3.534485049E1,2.252628983E1,-2.398620515E0,2.683796567E1
4.270500792E0,9.528139729E-1,1.952532836E-1,2.658785469E-2,2.308997394E-1,3.534247992E1,2.262254691E1,-2.263847095E0,2.679139800E1
4.280545792E0,9.528782468E-1,1.955504084E-1,2.755372348E-2,2.302693490E-1,3.531820852E1,2.268304019E1,-2.151838761E0,2.673924831E1
4.290591792E0,9.530034651E-1,1.955878506E-1,2.835051492E-2,2.296217627E-1,3.527087662E1,2.270949182E1,-2.050834747E0,2.668200032E1
4.300636792E0,9.531834743E-1,1.953442945E-1,2.900856421E-2,2.289987901E-1,3.520272608E1,2.270018770E1,-1.957962764E0,2.662509546E1
4.310682792E0,9.534281367E-1,1.948091928E-1,2.948307977E-2,2.283745531E-1,3.510989278E1,2.265281783E1,-1.877284247E0,2.656447628E1
4.320728792E0,9.537275058E-1,1.939879088E-1,2.971696317E-2,2.277925473E-1,3.499597750E1,2.256644654E1,-1.816249747E0,2.650383374E1
4.330773792E0,9.535369599E-1,1.928682093E-1,3.009650081E-2,2.294849540E-1,3.506852509E1,2.244598602E1,-1.783587816E0,2.670980329E1
4.340819792E0,9.539152700E-1,1.916583629E-1,2.978655288E-2,2.289659577E-1,3.492434621E1,2.230107724E1,-1.772944782E0,2.664496181E1
4.350864792E0,9.548170861E-1,1.904588583E-1,2.899520892E-2,2.262939739E-1,3.457830370E1,2.214852547E1,-1.766659651E0,2.632064946E1
4.360910792E0,9.546012521E-1,1.892191088E-1,2.930210120E-2,2.281970306E-1,3.466142773E1,2.201221804E1,-1.742910325E0,2.654945851E1
4.370955792E0,9.547983729E-1,1.883145847E-1,2.959669714E-2,2.280826019E-1,3.458551837E1,2.191724882E1,-1.683867660E0,2.654405197E1
4.381001792E0,9.548389604E-1,1.877979697E-1,3.041133250E-2,2.282317596E-1,3.456986848E1,2.187962109E1,-1.584262407E0,2.657971905E1
4.391046792E0,9.547162287E-1,1.877555279E-1,3.164368527E-2,2.286120085E-1,3.461717094E1,2.190664331E1,-1.456893986E0,2.665048261E1
4.401092792E0,9.544354043E-1,1.881475462E-1,3.304950394E-2,2.292622922E-1,3.472516957E1,2.198748102E1,-1.328409481E0,2.675584027E1
4.411137792E0,9.540365687E-1,1.888560032E-1,3.434510860E-2,2.301481768E-1,3.487799549E1,2.210135208E1,-1.226037061E0,2.688592595E1
4.421183792E0,9.530741875E-1,1.896869704E-1,3.564578142E-2,2.332336633E-1,3.524411670E1,2.222711308E1,-1.176744701E0,2.727086786E1
4.431228792E0,9.521260942E-1,1.905778810E-1,3.635683037E-2,2.362502397E-1,3.560123647E1,2.234417214E1,-1.192730244E0,2.763505491E1
4.441274792E0,9.512432441E-1,1.913399593E-1,3.640597359E-2,2.391653264E-1,3.593069194E1,2.242850706E1,-1.275617995E0,2.797309361E1
4.451319792E0,9.504595235E-1,1.917778440E-1,3.572241493E-2,2.420164343E-1,3.622072638E1,2.245536626E1,-1.428036651E0,2.828790728E1
4.461365792E0,9.497721084E-1,1.917645624E-1,3.427429663E-2,2.449174019E-1,3.647328523E1,2.240880424E1,-1.651918056E0,2.859240834E1
4.471410792E0,9.491213189E-1,1.913265935E-1,3.232616392E-2,2.480281343E-1,3.671084068E1,2.229859332E1,-1.922396487E0,2.891158477E1
4.481456792E0,9.484419749E-1,1.906072311E-1,3.025679581E-2,2.514186165E-1,3.695724613E1,2.215124973E1,-2.203610765E0,2.926224763E1
4.491501792E0,9.477097366E-1,1.897055414E-1,2.815427920E-2,2.550793021E-1,3.722107365E1,2.198029164E1,-2.488321096E0,2.964540188E1
4.501547792E0,9.469277440E-1,1.886754039E-1,2.593651730E-2,2.589530189E-1,3.750085040E1,2.178934683E1,-2.785449384E0,3.005283940E1
4.511592792E0,9.460919720E-1,1.875816247E-1,2.364072051E-2,2.629911928E-1,3.779766040E1,2.158671689E1,-3.091578161E0,3.047983320E1
4.521638792E0,9.451763949E-1,1.865601642E-1,2.157115219E-2,2.671544374E-1,3.812025550E1,2.139672965E1,-3.376886015E0,3.092777660E1
4.531683792E0,9.441546289E-1,1.857950303E-1,2.016553372E-2,2.713775095E-1,3.847718976E1,2.125369133E1,-3.598386902E0,3.139700729E1
4.541729792E0,9.429651816E-1,1.855264232E-1,1.985108135E-2,2.756858236E-1,3.888872868E1,2.119827707E1,-3.718599600E0,3.189758465E1
4.551775792E0,9.415123376E-1,1.859747181E-1,2.096957442E-2,2.802290431E-1,3.938579058E1,2.126663164E1,-3.712200886E0,3.245273503E1
4.561820792E0,9.397294627E-1,1.872101582E-1,2.344088649E-2,2.851516896E-1,3.998765454E1,2.146559594E1,-3.595400568E0,3.307810892E1
4.571866792E0,9.376224364E-1,1.891351628E-1,2.684277991E-2,2.904676927E-1,4.068793219E1,2.177277981E1,-3.413324746E0,3.376844902E1
4.581911792E0,9.352667436E-1,1.915651552E-1,3.069629261E-2,2.960347224E-1,4.145743592E1,2.215386566E1,-3.210325198E0,3.449903781E1
4.591957792E0,9.327739893E-1,1.942916084E-1,3.448055804E-2,3.016528341E-1,4.225711472E1,2.256925474E1,-3.031908503E0,3.523658816E1
4.602002792E0,9.302739226E-1,1.970760874E-1,3.758913573E-2,3.071459172E-1,4.304489035E1,2.297133634E1,-2.930572813E0,3.594746604E1
4.612048792E0,9.278857136E-1,1.996963306E-1,3.946535010E-2,3.123973302E-1,4.378480220E1,2.331427382E1,-2.953790231E0,3.660482057E1
4.622093792E0,9.256834564E-1,2.019473886E-1,3.986895359E-2,3.173923218E-1,4.445671790E1,2.356433102E1,-3.117341825E0,3.720057907E1
4.632139792E0,9.236800903E-1,2.036874423E-1,3.892926853E-2,3.221973576E-1,4.505968389E1,2.370817260E1,-3.401857202E0,3.774527200E1
4.642184792E0,9.218563751E-1,2.048650463E-1,3.711370874E-2,3.268542682E-1,4.560200383E1,2.375576485E1,-3.755275782E0,3.825492042E1
4.652230792E0,9.201614606E-1,2.055550640E-1,3.505347595E-2,3.313929991E-1,4.610060440E1,2.373816283E1,-4.113318718E0,3.874777441E1
4.662275792E0,9.185285021E-1,2.059054623E-1,3.318990036E-2,3.358674139E-1,4.657620347E1,2.368814444E1,-4.435807579E0,3.924001170E1
4.672321792E0,9.168834684E-1,2.060825897E-1,3.177190652E-2,3.403603101E-1,4.705072678E1,2.363357986E1,-4.704822659E0,3.974643821E1
4.682366792E0,9.151597888E-1,2.063303500E-1,3.091841177E-2,3.448974605E-1,4.754314127E1,2.360645849E1,-4.918294615E0,4.027158870E1
4.692412792E0,9.133097318E-1,2.068949860E-1,3.059812206E-2,3.494620274E-1,4.806636884E1,2.363350041E1,-5.089557289E0,4.081147380E1
4.702457792E0,9.113053330E-1,2.079490840E-1,3.071539040E-2,3.540287860E-1,4.862726650E1,2.373066147E1,-5.235967230E0,4.136002644E1
4.712503792E0,9.091359294E-1,2.096045174E-1,3.113608970E-2,3.585642294E-1,4.922756969E1,2.390550141E1,-5.376472116E0,4.190969205E1
4.722548792E0,9.068014365E-1,2.118623556E-1,3.179359108E-2,3.630627944E-1,4.986598047E1,2.415568126E1,-5.519109166E0,4.245825802E1
4.732594792E0,9.043500072E-1,2.144605403E-1,3.267648326E-2,3.675457861E-1,5.052823651E1,2.445193928E1,-5.655459202E0,4.300921140E1
4.742639792E0,9.018582644E-1,2.170683344E-1,3.380062400E-2,3.720088212E-1,5.119317371E1,2.475884213E1,-5.770032315E0,4.356398780E1
4.752685792E0,8.994079731E-1,2.194138381E-1,3.517422141E-2,3.764114389E-1,5.183928653E1,2.504748247E1,-5.849041081E0,4.411929715E1
4.762730792E0,8.970644819E-1,2.213330370E-1,3.675584512E-2,3.807047276E-1,5.245030058E1,2.529890576E1,-5.887777454E0,4.466920087E1
4.772776792E0,8.948520041E-1,2.227486864E-1,3.851874242E-2,3.848887506E-1,5.302114695E1,2.550400751E1,-5.884865150E0,4.521354305E1
4.782821792E0,8.927698655E-1,2.236691525E-1,4.037545861E-2,3.889781750E-1,5.355320510E1,2.566033434E1,-5.849331670E0,4.575206788E1
4.792867792E0,8.908159166E-1,2.241517023E-1,4.221726536E-2,3.929641921E-1,5.404809139E1,2.576980518E1,-5.793968233E0,4.628082061E1
4.802912792E0,8.889847835E-1,2.242589660E-1,4.401078235E-2,3.968339683E-1,5.450809764E1,2.583803602E1,-5.724044354E0,4.679701024E1
4.812958792E0,8.872688167E-1,2.240967323E-1,4.570907907E-2,4.005563779E-1,5.493594216E1,2.587471227E1,-5.647864387E0,4.729506705E1
4.823004792E0,8.856648973E-1,2.237968891E-1,4.719687336E-2,4.040856496E-1,5.533308968E1,2.588915622E1,-5.581698315E0,4.776588955E1
4.833049500E0,8.841746691E-1,2.234901232E-1,4.838703714E-2,4.073647588E-1,5.569974741E1,2.589158705E1,-5.538743273E0,4.819963308E1
4.843095500E0,8.827950763E-1,2.232559659E-1,4.919706796E-2,4.103769519E-1,5.603721584E1,2.588648335E1,-5.530542205E0,4.859175883E1
4.853140500E0,8.815352227E-1,2.231303999E-1,4.955007943E-2,4.131020828E-1,5.634377088E1,2.587381046E1,-5.565924153E0,4.893765032E1
4.863186500E0,8.804042541E-1,2.231126244E-1,4.937210382E-2,4.155377492E-1,5.661766627E1,2.584960162E1,-5.652144854E0,4.923514997E1
4.873231500E0,8.794184394E-1,2.231678790E-1,4.866509044E-2,4.176734986E-1,5.685542100E1,2.580991824E1,-5.786890492E0,4.948312798E1
4.883277500E0,8.785985567E-1,2.232281121E-1,4.746632343E-2,4.195005223E-1,5.705246496E1,2.574905952E1,-5.962696144E0,4.968171438E1
4.893322500E0,8.779527405E-1,2.232495596E-1,4.589572639E-2,4.210132991E-1,5.720723735E1,2.566799381E1,-6.165084504E0,4.983333912E1
4.903368500E0,8.774675250E-1,2.231913021E-1,4.408944944E-2,4.222470428E-1,5.732326943E1,2.556862635E1,-6.379283918E0,4.994582668E1
4.913413500E0,8.771165260E-1,2.230145909E-1,4.213955711E-2,4.232675866E-1,5.740707179E1,2.545084924E1,-6.595959148E0,5.002975838E1
4.923459500E0,8.768499893E-1,2.227353364E-1,4.016561999E-2,4.241578966E-1,5.747063376E1,2.532157075E1,-6.806202298E0,5.009816183E1
4.933504500E0,8.766039360E-1,2.224453555E-1,3.832404506E-2,4.249880209E-1,5.752925396E1,2.519761387E1,-7.000800196E0,5.016275357E1
4.943550500E0,8.763379473E-1,2.222741656E-1,3.671174898E-2,4.257679483E-1,5.759256223E1,2.509744389E1,-7.176749968E0,5.022607490E1
4.953595500E0,8.760526342E-1,2.223302630E-1,3.532408506E-2,4.264426140E-1,5.766039926E1,2.503294987E1,-7.338476688E0,5.028031048E1
4.963641500E0,8.757905019E-1,2.226554049E-1,3.406623344E-2,4.269134575E-1,5.772266050E1,2.500498082E1,-7.494984876E0,5.031063417E1
4.973686500E0,8.756101555E-1,2.231598289E-1,3.286649179E-2,4.271139501E-1,5.776546046E1,2.500114161E1,-7.647198844E0,5.030750130E1
4.983732500E0,8.755566079E-1,2.236944617E-1,3.166376825E-2,4.270348194E-1,5.777816283E1,2.500273084E1,-7.793536448E0,5.026919562E1
4.993777500E0,8.756663583E-1,2.241002621E-1,3.039530616E-2,4.266891309E-1,5.775212546E1,2.498970194E1,-7.932709731E0,5.019693986E1
5.003823500E0,8.759498169E-1,2.241733342E-1,2.911856221E-2,4.261578488E-1,5.768482756E1,2.494219789E1,-8.050950940E0,5.010334106E1
5.013868500E0,8.763673447E-1,2.237952664E-1,2.798532829E-2,4.255734196E-1,5.758556845E1,2.485341475E1,-8.130705537E0,5.000892458E1
5.023914500E0,8.768445735E-1,2.229622972E-1,2.718276800E-2,4.250792478E-1,5.747192463E1,2.473036443E1,-8.156831625E0,4.993554052E1
5.033959500E0,8.772945964E-1,2.218331093E-1,2.663897882E-2,4.247760644E-1,5.736457078E1,2.458586202E1,-8.147290580E0,4.989328065E1
5.044005500E0,8.777199214E-1,2.206456324E-1,2.572665760E-2,4.245719262E-1,5.726293945E1,2.441711355E1,-8.175071414E0,4.985643751E1
5.054050500E0,8.782222696E-1,2.195034423E-1,2.388411329E-2,4.242328548E-1,5.714269031E1,2.421124288E1,-8.296168194E0,4.978417016E1
5.064096500E0,8.788990216E-1,2.183544876E-1,2.099843448E-2,4.235763333E-1,5.698032614E1,2.395933997E1,-8.515014460E0,4.965258035E1
5.074141500E0,8.797695015E-1,2.170977423E-1,1.750879132E-2,4.225728379E-1,5.677085795E1,2.367174532E1,-8.781794146E0,4.946822162E1
5.084187500E0,8.807412603E-1,2.156312533E-1,1.425523374E-2,4.214199319E-1,5.653617824E1,2.337469752E1,-9.011474907E0,4.927286713E1
5.094232500E0,8.816586286E-1,2.138622447E-1,1.212401513E-2,4.204687619E-1,5.631381073E1,2.309513169E1,-9.117886072E0,4.912684180E1
5.104278500E0,8.823431778E-1,2.118566447E-1,1.179828321E-2,4.200573243E-1,5.614735129E1,2.286752446E1,-9.042299654E0,4.908301952E1
5.114324500E0,8.826345811E-1,2.099150237E-1,1.341299219E-2,4.203711498E-1,5.607635404E1,2.272887410E1,-8.789625627E0,4.916403098E1
5.124369500E0,8.824572482E-1,2.084977833E-1,1.642702924E-2,4.213407591E-1,5.611956909E1,2.270583040E1,-8.436020196E0,4.934877664E1
5.134415500E0,8.818180280E-1,2.080305644E-1,1.992656636E-2,4.227564928E-1,5.627509052E1,2.280504787E1,-8.091209208E0,4.959302716E1
5.144460500E0,8.807864207E-1,2.087638458E-1,2.296671337E-2,4.243885241E-1,5.652525028E1,2.301163498E1,-7.859040781E0,4.985006794E1
5.154506500E0,8.794598486E-1,2.108239100E-1,2.473979968E-2,4.260184692E-1,5.684545243E1,2.330235115E1,-7.823067358E0,5.007642691E1
5.164551500E0,8.779496006E-1,2.141899786E-1,2.472109702E-2,4.274529372E-1,5.720798891E1,2.365098763E1,-8.030748252E0,5.023663750E1
5.174597500E0,8.763648580E-1,2.185503651E-1,2.292313353E-2,4.285964023E-1,5.758616007E1,2.402542875E1,-8.462481052E0,5.031911152E1
5.184642500E0,8.748250651E-1,2.233941549E-1,1.983667767E-2,4.293979510E-1,5.795144221E1,2.439524075E1,-9.041089299E0,5.032894010E1
5.194688500E0,8.734137778E-1,2.282032367E-1,1.614621532E-2,4.298964218E-1,5.828440192E1,2.473751936E1,-9.671721137E0,5.028730469E1
5.204733500E0,8.721914560E-1,2.324361606E-1,1.250201967E-2,4.302315525E-1,5.857138368E1,2.502318331E1,-1.026460815E1,5.022848414E1
5.214779500E0,8.711936926E-1,2.355606856E-1,9.534533827E-3,4.306295662E-1,5.880469609E1,2.522074106E1,-1.073494842E1,5.019793824E1
5.224824500E0,8.704583355E-1,2.371624555E-1,7.613986234E-3,4.312752349E-1,5.897611042E1,2.529890472E1,-1.102920167E1,5.023033679E1
5.234870500E0,8.700030231E-1,2.371105517E-1,6.774168131E-3,4.322354665E-1,5.908201840E1,2.524334577E1,-1.113889604E1,5.033652269E1
5.244915500E0,8.698260063E-1,2.354946415E-1,6.821857290E-3,4.334726451E-1,5.912314679E1,2.505552771E1,-1.108664964E1,5.050738238E1
5.254961500E0,8.698860445E-1,2.326260638E-1,7.495932911E-3,4.348876624E-1,5.910920033E1,2.475933755E1,-1.091142207E1,5.072238644E1
5.265006500E0,8.700907096E-1,2.290127934E-1,8.640514877E-3,4.363723272E-1,5.906163551E1,2.440500600E1,-1.065143269E1,5.096008380E1
5.275052500E0,8.703036987E-1,2.252571931E-1,1.029233416E-2,4.378637567E-1,5.901209912E1,2.406096131E1,-1.033184370E1,5.120784160E1
5.285097500E0,8.703929236E-1,2.219055282E-1,1.242222515E-2,4.393401187E-1,5.899133621E1,2.378538373E1,-9.983209246E0,5.145813507E1
5.295143500E0,8.702697283E-1,2.193438533E-1,1.491435777E-2,4.407906867E-1,5.902000238E1,2.361432289E1,-9.637289818E0,5.170518388E1
5.305188500E0,8.698866767E-1,2.177662546E-1,1.761906855E-2,4.422269038E-1,5.910905346E1,2.356092643E1,-9.320157823E0,5.194723542E1
5.315234500E0,8.692497535E-1,2.171475072E-1,2.034764499E-2,4.436641956E-1,5.925685454E1,2.361274383E1,-9.050606372E0,5.218385536E1
5.325279500E0,8.684011267E-1,2.173298556E-1,2.292167947E-2,4.451088632E-1,5.945326325E1,2.374371035E1,-8.839115901E0,5.241416229E1
5.335325500E0,8.674071776E-1,2.180815973E-1,2.523411899E-2,4.465518448E-1,5.968255881E1,2.392353445E1,-8.684474841E0,5.263667698E1
5.345370500E0,8.663565409E-1,2.191674792E-1,2.726697740E-2,4.479379704E-1,5.992406537E1,2.412641272E1,-8.574833142E0,5.284543021E1
5.355416500E0,8.653336580E-1,2.203677477E-1,2.903692377E-2,4.492131444E-1,6.015834701E1,2.432998901E1,-8.495453033E0,5.303501442E1
5.365461500E0,8.643969232E-1,2.214690449E-1,3.058350237E-2,4.503709815E-1,6.037217409E1,2.451337960E1,-8.430747260E0,5.320644909E1
5.375507500E0,8.635801384E-1,2.222869045E-1,3.200606388E-2,4.514349155E-1,6.055806211E1,2.466157226E1,-8.361400703E0,5.336558795E1
5.385552500E0,8.629172738E-1,2.226444151E-1,3.338791153E-2,4.524250082E-1,6.070854135E1,2.475970813E1,-8.269984062E0,5.351754663E1
5.395598500E0,8.624350506E-1,2.224008485E-1,3.475146744E-2,4.533609000E-1,6.081780085E1,2.479385721E1,-8.147036171E0,5.366594720E1
5.405643500E0,8.621228479E-1,2.215046168E-1,3.611557127E-2,4.542859180E-1,6.088844349E1,2.475925652E1,-7.988870254E0,5.381677414E1
5.415689500E0,8.619599081E-1,2.199656773E-1,3.744626318E-2,4.552341378E-1,6.092528272E1,2.465519664E1,-7.800106601E0,5.397337082E1
5.425734500E0,8.619506358E-1,2.178502216E-1,3.859868446E-2,4.561715680E-1,6.092737850E1,2.448188329E1,-7.597540054E0,5.412778428E1
5.435780500E0,8.621111732E-1,2.152402043E-1,3.941467906E-2,4.570367163E-1,6.089108370E1,2.424057787E1,-7.399427164E0,5.426825670E1
5.445825500E0,8.624433746E-1,2.121825716E-1,3.985754234E-2,4.578005858E-1,6.081591635E1,2.393458395E1,-7.211067045E0,5.438996019E1
5.455871500E0,8.628715023E-1,2.087962251E-1,3.984308070E-2,4.585514741E-1,6.071891964E1,2.357142151E1,-7.049610826E0,5.450190371E1
5.465916500E0,8.633021378E-1,2.052544094E-1,3.929414434E-2,4.593865928E-1,6.062121317E1,2.316455621E1,-6.934627871E0,5.461441681E1
5.475962500E0,8.636663287E-1,2.016572918E-1,3.841876483E-2,4.603682350E-1,6.053847087E1,2.273461538E1,-6.852353723E0,5.473957187E1
5.486007500E0,8.639150162E-1,1.981621906E-1,3.742052726E-2,4.615001097E-1,6.048191150E1,2.230846823E1,-6.790967827E0,5.488140843E1
5.496053500E0,8.640262417E-1,1.949898764E-1,3.647024754E-2,4.627175215E-1,6.045659980E1,2.191842922E1,-6.743686130E0,5.503402980E1
5.506098500E0,8.639408943E-1,1.924471254E-1,3.568291280E-2,4.640010194E-1,6.047602324E1,2.160252292E1,-6.715272591E0,5.519568776E1
5.516144500E0,8.636091565E-1,1.907973291E-1,3.499819509E-2,4.653500979E-1,6.055146687E1,2.138488692E1,-6.726240954E0,5.536400216E1
5.526189500E0,8.630463064E-1,1.902325403E-1,3.424298679E-2,4.666798520E-1,6.067927567E1,2.127683948E1,-6.802588082E0,5.552409343E1
5.536235500E0,8.622937955E-1,1.907239673E-1,3.337040478E-2,4.679318874E-1,6.084977208E1,2.127308481E1,-6.946440357E0,5.566766142E1
5.546281500E0,8.614262026E-1,1.920404294E-1,3.238884156E-2,4.690591049E-1,6.104580810E1,2.135022879E1,-7.143534224E0,5.578961960E1
5.556326500E0,8.605018590E-1,1.938240313E-1,3.129250720E-2,4.700953905E-1,6.125404326E1,2.147045934E1,-7.375818076E0,5.589565805E1
5.566372500E0,8.595291097E-1,1.957632868E-1,3.010845998E-2,4.711476287E-1,6.147249519E1,2.160192836E1,-7.626141350E0,5.600140507E1
5.576417500E0,8.584785152E-1,1.976359978E-1,2.905885593E-2,4.723454000E-1,6.170764501E1,2.173200796E1,-7.863418037E0,5.612855326E1
5.586463500E0,8.573171167E-1,1.991062326E-1,2.860939667E-2,4.738624337E-1,6.196665916E1,2.184855949E1,-8.027204755E0,5.630947285E1
5.596508500E0,8.560618992E-1,1.999272532E-1,2.895040682E-2,4.757614864E-1,6.224550486E1,2.193543950E1,-8.086542514E0,5.655710801E1
5.606554500E0,8.547947964E-1,2.000431887E-1,2.978037310E-2,4.779349151E-1,6.252585567E1,2.197233496E1,-8.065381825E0,5.685284692E1
5.616599500E0,8.536066135E-1,1.995019757E-1,3.076539237E-2,4.802168930E-1,6.278772263E1,2.194852556E1,-7.994923038E0,5.716919803E1
5.626645500E0,8.525377905E-1,1.984455544E-1,3.177859207E-2,4.824818435E-1,6.302244849E1,2.187349810E1,-7.892093073E0,5.748681239E1
5.636690500E0,8.515512381E-1,1.970414164E-1,3.293585497E-2,4.847169541E-1,6.323841286E1,2.177128640E1,-7.754311602E0,5.780506656E1
5.646736500E0,8.517870919E-1,1.955095417E-1,3.402221633E-2,4.848477779E-1,6.318684275E1,2.167054229E1,-7.563526007E0,5.784846877E1
5.656781500E0,8.519346480E-1,1.939852483E-1,3.581287787E-2,4.850717884E-1,6.315455998E1,2.160829787E1,-7.306265762E0,5.791625125E1
5.666827500E0,8.518992236E-1,1.927943100E-1,3.844281488E-2,4.854073827E-1,6.316231159E1,2.162569456E1,-6.988420941E0,5.801216624E1
5.676872500E0,8.515789076E-1,1.922101495E-1,4.182999377E-2,4.859206470E-1,6.323236481E1,2.174634933E1,-6.635619142E0,5.814317737E1
5.686918500E0,8.509461780E-1,1.924031451E-1,4.556417821E-2,4.866165126E-1,6.337053896E1,2.196572176E1,-6.298469978E0,5.830293473E1
5.696963500E0,8.501132930E-1,1.934291206E-1,4.916480982E-2,4.873146119E-1,6.355201221E1,2.226447200E1,-6.023154141E0,5.845942184E1
5.707009500E0,8.491416607E-1,1.951639745E-1,5.228879218E-2,4.879912163E-1,6.376313191E1,2.261078690E1,-5.835657183E0,5.860328436E1
5.717054500E0,8.481970444E-1,1.975525891E-1,5.448263575E-2,4.884325992E-1,6.396778367E1,2.297489374E1,-5.771316622E0,5.869698643E1
5.727100500E0,8.474366521E-1,2.004471767E-1,5.546635900E-2,4.884623338E-1,6.413209895E1,2.332690295E1,-5.843600263E0,5.871101054E1
5.737145500E0,8.469270967E-1,2.034774561E-1,5.523991978E-2,4.881189213E-1,6.424200002E1,2.362864671E1,-6.031431358E0,5.865051837E1
5.747191500E0,8.466935399E-1,2.062362940E-1,5.399571320E-2,4.875049049E-1,6.429231753E1,2.384864972E1,-6.294953625E0,5.853388739E1
5.757236500E0,8.467424302E-1,2.084365175E-1,5.201039644E-2,4.866993944E-1,6.428178750E1,2.397247619E1,-6.592841300E0,5.837857085E1
5.767282500E0,8.469764085E-1,2.100213339E-1,4.962731880E-2,4.858591759E-1,6.423137177E1,2.401220820E1,-6.892982580E0,5.821296952E1
5.777327500E0,8.461420484E-1,2.110116689E-1,4.770227203E-2,4.870751335E-1,6.441099170E1,2.400036225E1,-7.171012365E0,5.832692719E1
5.787373500E0,8.464793918E-1,2.119037807E-1,4.546137678E-2,4.863153944E-1,6.433842277E1,2.397664578E1,-7.419893513E0,5.817838260E1
5.797418500E0,8.467250025E-1,2.128630114E-1,4.350120061E-2,4.856477251E-1,6.428554127E1,2.397512414E1,-7.647943552E0,5.804753542E1
5.807464500E0,8.468262603E-1,2.141610658E-1,4.186719363E-2,4.850438240E-1,6.426372853E1,2.402653771E1,-7.865409158E0,5.793004288E1
5.817509500E0,8.467990124E-1,2.159319658E-1,4.060268808E-2,4.844133282E-1,6.426959887E1,2.414787927E1,-8.073077165E0,5.781402200E1
5.827555500E0,8.466583684E-1,2.180596599E-1,3.973206590E-2,4.837779645E-1,6.429989185E1,2.432821089E1,-8.262350486E0,5.770312040E1
5.837600500E0,8.464478659E-1,2.201886447E-1,3.929742652E-2,4.832169267E-1,6.434520767E1,2.453194153E1,-8.410905141E0,5.761025241E1
5.847646500E0,8.462325798E-1,2.219693490E-1,3.934488388E-2,4.827753120E-1,6.439152385E1,2.472441941E1,-8.495561683E0,5.754422657E1
5.857691500E0,8.460825581E-1,2.232313837E-1,3.985107806E-2,4.824147668E-1,6.442378161E1,2.488667298E1,-8.507891396E0,5.750076519E1
5.867737500E0,8.459666964E-1,2.239364373E-1,4.076187146E-2,4.822149486E-1,6.444868441E1,2.501090732E1,-8.453379793E0,5.748954926E1
5.877782500E0,8.459180590E-1,2.241906565E-1,4.203996410E-2,4.820724080E-1,6.445913577E1,2.510715194E1,-8.338873371E0,5.749597621E1
5.887828500E0,8.459447168E-1,2.242550359E-1,4.361398031E-2,4.818559207E-1,6.445340763E1,2.520008414E1,-8.182533804E0,5.750029901E1
5.897873500E0,8.459615756E-1,2.243998313E-1,4.539354669E-2,4.815944416E-1,6.444978486E1,2.531285373E1,-8.009484880E0,5.750314429E1
5.907919500E0,8.459459812E-1,2.248363884E-1,4.727662574E-2,4.812370363E-1,6.445313593E1,2.546249744E1,-7.840291470E0,5.749488328E1
5.917964500E0,8.458873971E-1,2.256799628E-1,4.918905479E-2,4.807529376E-1,6.446572370E1,2.565727863E1,-7.687836713E0,5.746955999E1
5.928010500E0,8.458133240E-1,2.269107931E-1,5.104651382E-2,4.801098400E-1,6.448163639E1,2.589083987E1,-7.558162422E0,5.742141965E1
5.938055500E0,8.457044377E-1,2.284294968E-1,5.283477826E-2,4.793875062E-1,6.450502145E1,2.615137048E1,-7.449210503E0,5.736099321E1
5.948101500E0,8.456064884E-1,2.300697257E-1,5.453852247E-2,4.785844401E-1,6.452605115E1,2.642068057E1,-7.352840786E0,5.728852428E1
5.958146500E0,8.455165470E-1,2.317795180E-1,5.605144681E-2,4.777429362E-1,6.454535616E1,2.668732288E1,-7.277622489E0,5.720717200E1
5.968192500E0,8.454495546E-1,2.334897054E-1,5.737741301E-2,4.768704753E-1,6.455973207E1,2.694422932E1,-7.219407318E0,5.711812345E1
5.978237500E0,8.454896573E-1,2.351910051E-1,5.833408325E-2,4.758461594E-1,6.455112676E1,2.718164270E1,-7.191597936E0,5.700132647E1
5.988283500E0,8.457289671E-1,2.368312761E-1,5.876678387E-2,4.745523354E-1,6.449975403E1,2.738682789E1,-7.202477183E0,5.683791439E1
5.998328500E0,8.463081702E-1,2.383762321E-1,5.868662057E-2,4.727527282E-1,6.437526489E1,2.755878025E1,-7.241517000E0,5.659781544E1
6.008374500E0,8.472018730E-1,2.397505038E-1,5.830368484E-2,4.704991152E-1,6.418275704E1,2.770056833E1,-7.285571321E0,5.629321846E1
6.018419500E0,8.483810576E-1,2.409029778E-1,5.763634217E-2,4.678604696E-1,6.392796304E1,2.780742445E1,-7.332244454E0,5.593384696E1
6.028465500E0,8.498175697E-1,2.417970810E-1,5.675627383E-2,4.648904865E-1,6.361633440E1,2.787897689E1,-7.374450095E0,5.552874614E1
6.038510500E0,8.514164525E-1,2.423604580E-1,5.583285745E-2,4.617727998E-1,6.326786720E1,2.791495238E1,-7.397764675E0,5.510607856E1
6.048556500E0,8.532059656E-1,2.425418369E-1,5.490092741E-2,4.584745982E-1,6.287580168E1,2.791178394E1,-7.395340213E0,5.466296275E1
6.058601500E0,8.551470808E-1,2.423523236E-1,5.407786268E-2,4.550433390E-1,6.244802513E1,2.787601106E1,-7.358227572E0,5.420841536E1
6.068647500E0,8.571939636E-1,2.418675295E-1,5.346001096E-2,4.515091782E-1,6.199406748E1,2.781995920E1,-7.282383080E0,5.374834015E1
6.078692500E0,8.593474147E-1,2.411863311E-1,5.294506076E-2,4.478258808E-1,6.151322115E1,2.774900644E1,-7.182058602E0,5.327395981E1
6.088738500E0,8.615730212E-1,2.404261600E-1,5.238196833E-2,4.440083036E-1,6.101267389E1,2.766785469E1,-7.079166374E0,5.278293860E1
6.098783500E0,8.638398894E-1,2.396654515E-1,5.160271525E-2,4.400890260E-1,6.049900274E1,2.757641087E1,-6.995725933E0,5.227495450E1
6.108829500E0,8.662100596E-1,2.389082623E-1,5.043883002E-2,4.359573704E-1,5.995766647E1,2.746797524E1,-6.945570278E0,5.173210143E1
6.118875500E0,8.687134981E-1,2.381754129E-1,4.875814015E-2,4.315459441E-1,5.938103576E1,2.733945584E1,-6.941366375E0,5.114291444E1
6.128920500E0,8.713741233E-1,2.373156172E-1,4.673401667E-2,4.268540094E-1,5.876256752E1,2.718362673E1,-6.958628198E0,5.051268728E1
6.138965500E0,8.741677639E-1,2.361083102E-1,4.468880924E-2,4.220030125E-1,5.810673347E1,2.699141252E1,-6.958234754E0,4.986578966E1
6.149011500E0,8.770738312E-1,2.344049347E-1,4.262198047E-2,4.171082040E-1,5.741725769E1,2.674569348E1,-6.937074271E0,4.921745519E1
6.159057500E0,8.801634481E-1,2.320068107E-1,4.039179052E-2,4.121329371E-1,5.667582728E1,2.641845121E1,-6.899751977E0,4.856095201E1
6.169102500E0,8.835042391E-1,2.286499196E-1,3.810793709E-2,4.070469294E-1,5.586397843E1,2.598609340E1,-6.823166577E0,4.789666974E1
6.179148500E0,8.869286284E-1,2.252786774E-1,3.523345880E-2,4.017035098E-1,5.502039716E1,2.552818640E1,-6.805041764E0,4.718968965E1
6.189193500E0,8.903664415E-1,2.219231456E-1,3.243304306E-2,3.961637491E-1,5.416134015E1,2.507781225E1,-6.781377495E0,4.646292258E1
6.199239500E0,8.937526247E-1,2.183569532E-1,3.037294726E-2,3.906455254E-1,5.330268966E1,2.463736025E1,-6.679104849E0,4.575865875E1
6.209284500E0,8.969663640E-1,2.143551837E-1,2.991366251E-2,3.854974986E-1,5.247573836E1,2.421516549E1,-6.407768727E0,4.513809158E1
6.219330500E0,8.998321811E-1,2.101641854E-1,3.106540944E-2,3.810091121E-1,5.172796609E1,2.383467412E1,-5.983475335E0,4.463386900E1
6.229375500E0,9.022509677E-1,2.068101971E-1,3.275501864E-2,3.769613499E-1,5.108891463E1,2.356329928E1,-5.555644028E0,4.419079492E1
6.239421500E0,9.042747540E-1,2.048822001E-1,3.444180928E-2,3.729936666E-1,5.054843787E1,2.344491568E1,-5.195237969E0,4.375145412E1
6.249466500E0,9.060070948E-1,2.043679347E-1,3.592338691E-2,3.689099531E-1,5.008146961E1,2.347117473E1,-4.915878759E0,4.328874796E1
6.259512500E0,9.075068483E-1,2.050436119E-1,3.697387603E-2,3.647211464E-1,4.967388287E1,2.360888751E1,-4.729945700E0,4.280070109E1
6.269557500E0,9.088219775E-1,2.067964520E-1,3.719582661E-2,3.604083648E-1,4.931387636E1,2.383074810E1,-4.672122036E0,4.227683112E1
6.279603500E0,9.100324350E-1,2.094451970E-1,3.608192228E-2,3.559097787E-1,4.898033163E1,2.409875934E1,-4.784930373E0,4.169856307E1
6.289648500E0,9.112612474E-1,2.123776009E-1,3.372041855E-2,3.512288865E-1,4.863953479E1,2.435191414E1,-5.033033359E0,4.106984685E1
6.299694500E0,9.125961013E-1,2.149952152E-1,3.043016160E-2,3.464380753E-1,4.826676880E1,2.453873434E1,-5.360627633E0,4.040872720E1
6.309739500E0,9.140151646E-1,2.170630660E-1,2.633652250E-2,3.417109059E-1,4.786749545E1,2.463870989E1,-5.750783758E0,3.974029860E1
6.319785500E0,9.156650030E-1,2.184255366E-1,2.146724441E-2,3.367298649E-1,4.739931302E1,2.463873586E1,-6.187772655E0,3.902874477E1
6.329830500E0,9.176269599E-1,2.186237427E-1,1.704170941E-2,3.314723616E-1,4.683682253E1,2.453307812E1,-6.526318447E0,3.830181482E1
6.339876500E0,9.198721647E-1,2.173993768E-1,1.455767953E-2,3.261298693E-1,4.618519913E1,2.434249562E1,-6.604689350E0,3.761670242E1
6.349921500E0,9.222863361E-1,2.152034628E-1,1.326779630E-2,3.207793268E-1,4.547469783E1,2.408628978E1,-6.522433656E0,3.696329607E1
6.359967500E0,9.246545886E-1,2.125418577E-1,1.280096727E-2,3.157150247E-1,4.476734516E1,2.380415483E1,-6.346005235E0,3.636515953E1
6.370012500E0,9.269571974E-1,2.096660412E-1,1.309250756E-2,3.108361477E-1,4.406928223E1,2.352152797E1,-6.088885374E0,3.580682443E1
6.380058500E0,9.292289758E-1,2.068374503E-1,1.338855756E-2,3.058963895E-1,4.337011270E1,2.324316376E1,-5.834744913E0,3.524146247E1
6.390103500E0,9.314002550E-1,2.045991576E-1,1.285653789E-2,3.007780341E-1,4.269169639E1,2.300342258E1,-5.688999339E0,3.463522463E1
6.400149500E0,9.333175362E-1,2.035147614E-1,1.162814692E-2,2.955757432E-1,4.208398152E1,2.287088170E1,-5.658704593E0,3.399980129E1
6.410194500E0,9.350440186E-1,2.039027126E-1,1.011082876E-2,2.898518851E-1,4.152948475E1,2.289852459E1,-5.698576703E0,3.329050917E1
6.420240500E0,9.364886229E-1,2.057549401E-1,8.614447051E-3,2.838657893E-1,4.106002281E1,2.309507744E1,-5.778266673E0,3.254436133E1
6.430285500E0,9.375506813E-1,2.091046241E-1,7.083146677E-3,2.778918528E-1,4.071157697E1,2.346220093E1,-5.908224784E0,3.179193440E1
6.440331500E0,9.382764712E-1,2.139969249E-1,5.428018863E-3,2.716856240E-1,4.047180424E1,2.400535621E1,-6.090189366E0,3.100163718E1
6.450376500E0,9.388380568E-1,2.201770122E-1,3.543517362E-3,2.647500861E-1,4.028534016E1,2.469764595E1,-6.311291228E0,3.011359881E1
6.460422500E0,9.390081826E-1,2.269643090E-1,1.530404753E-3,2.583572311E-1,4.022868962E1,2.545839982E1,-6.569112373E0,2.928177167E1
6.470467500E0,9.398546810E-1,2.335967478E-1,-1.535335934E-3,2.492052747E-1,3.994566743E1,2.619850373E1,-6.852459497E0,2.810450760E1
6.480513500E0,9.401427336E-1,2.397238565E-1,-4.465711481E-3,2.421652970E-1,3.984891904E1,2.687876078E1,-7.152021515E0,2.717776118E1
6.490558500E0,9.407469508E-1,2.453152681E-1,-8.172126412E-3,2.339845937E-1,3.964524449E1,2.749448317E1,-7.479750818E0,2.610227773E1
6.500604500E0,9.413896060E-1,2.497458292E-1,-1.237793935E-2,2.264054102E-1,3.942750499E1,2.796902780E1,-7.839151478E0,2.509064366E1
6.510649500E0,9.421548663E-1,2.516268219E-1,-1.684976213E-2,2.207808711E-1,3.916670959E1,2.813425660E1,-8.213315238E0,2.431564913E1
6.520695500E0,9.431402175E-1,2.515096115E-1,-2.234573224E-2,2.161714810E-1,3.882843095E1,2.804334446E1,-8.678433146E0,2.364772180E1
6.530740500E0,9.441773671E-1,2.508779251E-1,-2.969425655E-2,2.114417617E-1,3.846928128E1,2.786408092E1,-9.332607978E0,2.292549518E1
6.540786500E0,9.446104260E-1,2.505089927E-1,-3.772879458E-2,2.086451919E-1,3.831836120E1,2.769483891E1,-1.012597426E1,2.240877475E1
6.550831500E0,9.446636575E-1,2.504336868E-1,-4.480521883E-2,2.070897624E-1,3.829977065E1,2.757315549E1,-1.085803794E1,2.205782952E1
6.560877500E0,9.448085583E-1,2.499826207E-1,-5.104266792E-2,2.055242599E-1,3.824912145E1,2.742727643E1,-1.149053690E1,2.173187259E1
6.570922500E0,9.451988803E-1,2.487605307E-1,-5.696855697E-2,2.036463227E-1,3.811236450E1,2.720338572E1,-1.206443385E1,2.138815009E1
6.580968500E0,9.457742691E-1,2.466302287E-1,-6.342202973E-2,2.016489836E-1,3.790989964E1,2.686886389E1,-1.267563374E1,2.103217756E1
6.591013500E0,9.465133562E-1,2.436781265E-1,-6.961240079E-2,1.997188265E-1,3.764829496E1,2.644439945E1,-1.324481791E1,2.070469577E1
6.601059500E0,9.473190354E-1,2.402678090E-1,-7.539577554E-2,1.979233708E-1,3.736110901E1,2.597349475E1,-1.376598838E1,2.041279142E1
6.611104500E0,9.480837056E-1,2.367149666E-1,-8.110031987E-2,1.962809502E-1,3.708655781E1,2.548755736E1,-1.428261993E1,2.014715197E1
6.621150500E0,9.487438096E-1,2.333722263E-1,-8.633408391E-2,1.948566396E-1,3.684796377E1,2.503284702E1,-1.475972657E1,1.991853703E1
6.631195500E0,9.493714604E-1,2.303502235E-1,-9.037490247E-2,1.935585167E-1,3.661970846E1,2.463345441E1,-1.511582742E1,1.972837835E1
6.641241500E0,9.500260431E-1,2.276452072E-1,-9.324970740E-2,1.921787553E-1,3.638018598E1,2.429073616E1,-1.534772807E1,1.954989908E1
6.651286500E0,9.506650737E-1,2.252785036E-1,-9.571785846E-2,1.905875432E-1,3.614487532E1,2.399805629E1,-1.553707120E1,1.935085515E1
6.661332500E0,9.512833258E-1,2.230006930E-1,-9.826530355E-2,1.888774348E-1,3.591579791E1,2.371749065E1,-1.573544150E1,1.913593014E1
6.671377500E0,9.519512269E-1,2.203902910E-1,-1.010767460E-1,1.870839600E-1,3.566672594E1,2.339580594E1,-1.595624807E1,1.891256344E1
6.681423500E0,9.527714046E-1,2.171618266E-1,-1.040501798E-1,1.850427881E-1,3.535854587E1,2.300306474E1,-1.617908414E1,1.866852638E1
6.691468500E0,9.538182480E-1,2.131555632E-1,-1.066698751E-1,1.828034418E-1,3.496137748E1,2.252629029E1,-1.634488275E1,1.842239271E1
6.701514500E0,9.550261767E-1,2.084229463E-1,-1.088705201E-1,1.806435844E-1,3.449759163E1,2.196779310E1,-1.645420706E1,1.820709316E1
6.711559500E0,9.563729371E-1,2.031649162E-1,-1.109612777E-1,1.782204777E-1,3.397326704E1,2.135315105E1,-1.653834830E1,1.797303046E1
6.721605500E0,9.577804311E-1,1.975374821E-1,-1.129117154E-1,1.757461627E-1,3.341676980E1,2.069796124E1,-1.660202109E1,1.774300723E1
6.731650500E0,9.591392876E-1,1.911918895E-1,-1.161088541E-1,1.732517015E-1,3.287082436E1,1.994262969E1,-1.679676636E1,1.750442148E1
6.741696500E0,9.603104221E-1,1.851755876E-1,-1.189219745E-1,1.713809293E-1,3.239312505E1,1.922179432E1,-1.697025201E1,1.734322120E1
6.751741500E0,9.612647953E-1,1.801511616E-1,-1.213281328E-1,1.696913464E-1,3.199871146E1,1.862183887E1,-1.712138909E1,1.719489233E1
6.761787500E0,9.621299437E-1,1.755175477E-1,-1.232163854E-1,1.682774461E-1,3.163703541E1,1.807062154E1,-1.722780717E1,1.708168301E1
6.771832500E0,9.630553199E-1,1.709170953E-1,-1.242464517E-1,1.669573225E-1,3.124566724E1,1.753288783E1,-1.724055467E1,1.699193834E1
6.781878500E0,9.642019670E-1,1.663017362E-1,-1.241190471E-1,1.650844852E-1,3.075398296E1,1.701815159E1,-1.711312898E1,1.685211248E1
6.791923500E0,9.655356619E-1,1.622072226E-1,-1.231926909E-1,1.620284172E-1,3.017226126E1,1.659628910E1,-1.688539168E1,1.657196459E1
6.801969500E0,9.669877473E-1,1.588179850E-1,-1.211532669E-1,1.582200701E-1,2.952617960E1,1.628438335E1,-1.653277866E1,1.620337931E1
6.812014500E0,9.685297319E-1,1.562591932E-1,-1.179142539E-1,1.537187024E-1,2.882460888E1,1.609532218E1,-1.604825508E1,1.575307831E1
6.822060500E0,9.702568676E-1,1.544872423E-1,-1.129606215E-1,1.482399914E-1,2.801840033E1,1.603161929E1,-1.536719122E1,1.519658768E1
6.832105500E0,9.722353671E-1,1.533459319E-1,-1.059385509E-1,1.414938404E-1,2.706596922E1,1.607813709E1,-1.444138425E1,1.451047000E1
6.842152250E0,9.744817941E-1,1.527872149E-1,-9.706758494E-2,1.327370740E-1,2.594302297E1,1.622938367E1,-1.328189707E1,1.361126219E1
6.852197250E0,9.767955297E-1,1.521897780E-1,-8.881732354E-2,1.217388960E-1,2.473414196E1,1.638047336E1,-1.215561479E1,1.245239544E1
6.862243250E0,9.791737499E-1,1.507163216E-1,-8.098001433E-2,1.092963455E-1,2.342770718E1,1.642063167E1,-1.104223237E1,1.114001160E1
6.872288250E0,9.815723692E-1,1.487774981E-1,-7.104467978E-2,9.661069203E-2,2.203289476E1,1.640159775E1,-9.684224982E0,9.843479866E0
6.882334250E0,9.836030886E-1,1.471086040E-1,-6.116972058E-2,8.451176482E-2,2.077991976E1,1.638216086E1,-8.348760597E0,8.617818389E0
6.892379250E0,9.851052866E-1,1.464482340E-1,-5.112146146E-2,7.420964205E-2,1.980269219E1,1.644392952E1,-7.033854247E0,7.598503260E0
6.902425250E0,9.860007386E-1,1.473951578E-1,-4.141292436E-2,6.604672472E-2,1.919676920E1,1.665827582E1,-5.804606441E0,6.813876369E0
6.912470250E0,9.862931955E-1,1.501011067E-1,-3.270444243E-2,6.021381162E-2,1.899472680E1,1.704665836E1,-4.737377479E0,6.276839125E0
6.922516250E0,9.860879825E-1,1.542396322E-1,-2.565061942E-2,5.641507402E-2,1.913671833E1,1.757730768E1,-3.898571459E0,5.945790934E0
6.932561250E0,9.855995849E-1,1.591175925E-1,-2.027071118E-2,5.351857400E-2,1.947052589E1,1.817918555E1,-3.267005080E0,5.693458612E0
6.942607250E0,9.850469132E-1,1.638707876E-1,-1.646936048E-2,5.057432160E-2,1.984155533E1,1.875738884E1,-2.809850830E0,5.414018961E0
6.952652250E0,9.845840987E-1,1.677929259E-1,-1.420192851E-2,4.730722435E-2,2.014705584E1,1.923148164E1,-2.512745251E0,5.075880142E0
6.962698250E0,9.842801356E-1,1.705839851E-1,-1.345031323E-2,4.373637476E-2,2.034522940E1,1.956739639E1,-2.372677658E0,4.679321694E0
6.972743250E0,9.841350662E-1,1.722962482E-1,-1.407471352E-2,3.992663683E-2,2.043913946E1,1.977288046E1,-2.376236217E0,4.232266261E0
6.982789250E0,9.840952795E-1,1.732379458E-1,-1.572757594E-2,3.602375436E-2,2.046482065E1,1.988620771E1,-2.489495837E0,3.756378687E0
6.992834250E0,9.840857122E-1,1.738463988E-1,-1.796274976E-2,3.209427723E-2,2.047099135E1,1.996072865E1,-2.665944394E0,3.266665986E0
7.002880250E0,9.840280132E-1,1.745557987E-1,-2.049855178E-2,2.826704836E-2,2.050816690E1,2.004811388E1,-2.878068676E0,2.782005192E0
7.012925250E0,9.838782654E-1,1.756388779E-1,-2.306140681E-2,2.455150864E-2,2.060433995E1,2.018091595E1,-3.095686184E0,2.307878978E0
7.022971250E0,9.836385763E-1,1.771267301E-1,-2.533693096E-2,2.096207228E-2,2.075735895E1,2.036297277E1,-3.283163079E0,1.851867054E0
7.033016250E0,9.833364677E-1,1.789041681E-1,-2.718138242E-2,1.743244231E-2,2.094865209E1,2.058063055E1,-3.422269574E0,1.409736444E0
7.043062250E0,9.830038026E-1,1.808013558E-1,-2.864797684E-2,1.391785876E-2,2.115731478E1,2.081359940E1,-3.517584740E0,9.761108852E-1
7.053107250E0,9.826745514E-1,1.826156881E-1,-2.993592658E-2,1.030191203E-2,2.136185190E1,2.103823103E1,-3.588897639E0,5.346698787E-1
7.063153250E0,9.823812515E-1,1.841484478E-1,-3.122420296E-2,6.446360480E-3,2.154243878E1,2.123176447E1,-3.653495240E0,6.693090698E-2
7.073198250E0,9.821520991E-1,1.852439287E-1,-3.251039834E-2,2.243856068E-3,2.168249526E1,2.137638634E1,-3.709147771E0,-4.384959231E-1
7.083244250E0,9.819983895E-1,1.858446530E-1,-3.370435007E-2,-2.223583434E-3,2.177594278E1,2.146488006E1,-3.748026151E0,-9.701137082E-1
7.093289250E0,9.819080267E-1,1.860128716E-1,-3.475600877E-2,-6.915539197E-3,2.183069430E1,2.150407088E1,-3.765992415E0,-1.522433342E0
7.103335250E0,9.818583777E-1,1.858818160E-1,-3.559152789E-2,-1.163522759E-2,2.186071932E1,2.150832335E1,-3.759359070E0,-2.072137021E0
7.113380250E0,9.818270626E-1,1.855756296E-1,-3.621276190E-2,-1.630564631E-2,2.187963607E1,2.149151473E1,-3.730153382E0,-2.611045575E0
7.123426250E0,9.818102039E-1,1.851258595E-1,-3.659553958E-2,-2.092569955E-2,2.188981337E1,2.145688896E1,-3.675866537E0,-3.138647143E0
7.133471250E0,9.818142500E-1,1.845377161E-1,-3.658136243E-2,-2.546533660E-2,2.188737125E1,2.140380293E1,-3.579508421E0,-3.648188008E0
7.143517250E0,9.818210777E-1,1.838952980E-1,-3.615263942E-2,-3.004956502E-2,2.188324955E1,2.134184821E1,-3.436305647E0,-4.153767169E0
7.153562250E0,9.817958318E-1,1.833300719E-1,-3.546941267E-2,-3.477013850E-2,2.189848583E1,2.128701631E1,-3.261812342E0,-4.669701326E0
7.163608250E0,9.817115381E-1,1.829402978E-1,-3.464497816E-2,-3.968547256E-2,2.194928254E1,2.125123667E1,-3.066937862E0,-5.205331138E0
7.173653250E0,9.815628019E-1,1.827502524E-1,-3.367845083E-2,-4.475021720E-2,2.203863128E1,2.123688156E1,-2.852147139E0,-5.755525460E0
7.183699250E0,9.813764706E-1,1.827495307E-1,-3.249305491E-2,-4.946902050E-2,2.215006174E1,2.124061696E1,-2.619040247E0,-6.262606703E0
7.193744250E0,9.811060143E-1,1.828309004E-1,-3.135917297E-2,-5.495995407E-2,2.231082317E1,2.125450596E1,-2.374821683E0,-6.858197142E0
7.203790250E0,9.807741922E-1,1.829633311E-1,-3.028568747E-2,-6.073875062E-2,2.250651204E1,2.127356488E1,-2.130800533E0,-7.487763231E0
7.213835250E0,9.803744715E-1,1.830982800E-1,-2.939812226E-2,-6.690778484E-2,2.274003599E1,2.129335448E1,-1.899183551E0,-8.165497370E0
7.223881250E0,9.799155344E-1,1.831616478E-1,-2.872550070E-2,-7.343232772E-2,2.300527019E1,2.130556236E1,-1.684575687E0,-8.888063062E0
7.233926250E0,9.793907640E-1,1.831086165E-1,-2.824128610E-2,-8.042048594E-2,2.330490191E1,2.130507201E1,-1.482243376E0,-9.667184246E0
7.243972250E0,9.787884856E-1,1.829509663E-1,-2.786978270E-2,-8.789345935E-2,2.364417351E1,2.129259605E1,-1.283352755E0,-1.050384727E1
7.254017250E0,9.781194886E-1,1.826984540E-1,-2.730740677E-2,-9.569741197E-2,2.401548920E1,2.126549525E1,-1.057297488E0,-1.137435882E1
7.264063250E0,9.774100307E-1,1.823141326E-1,-2.613031378E-2,-1.036738295E-1,2.440317933E1,2.121331869E1,-7.607758321E-1,-1.225190949E1
7.274108250E0,9.766859900E-1,1.817812226E-1,-2.403821270E-2,-1.116347370E-1,2.479268182E1,2.112848915E1,-3.649406699E-1,-1.310922722E1
7.284154250E0,9.759866474E-1,1.812109283E-1,-2.091033176E-2,-1.190603795E-1,2.516326255E1,2.102032200E1,1.337098277E-1,-1.388546006E1
7.294199250E0,9.752177203E-1,1.808299524E-1,-1.719140975E-2,-1.263147793E-1,2.556461502E1,2.092015305E1,6.962901324E-1,-1.463171153E1
7.304245250E0,9.742859799E-1,1.809875922E-1,-1.360594574E-2,-1.335113116E-1,2.604279879E1,2.087836746E1,1.250041965E0,-1.537553999E1
7.314290250E0,9.731152247E-1,1.819179049E-1,-1.109643281E-2,-1.408171306E-1,2.663168561E1,2.093669782E1,1.698386714E0,-1.615412221E1
7.324336250E0,9.717266125E-1,1.834442477E-1,-1.020716065E-2,-1.482951195E-1,2.731398976E1,2.108531636E1,1.981146176E0,-1.698516763E1
7.334381250E0,9.701904020E-1,1.849329376E-1,-1.048256923E-2,-1.562701883E-1,2.804984564E1,2.124587108E1,2.146735322E0,-1.789758474E1
7.344427250E0,9.688651787E-1,1.855571219E-1,-1.056112042E-2,-1.635764709E-1,2.866976342E1,2.130355567E1,2.306259586E0,-1.873228076E1
7.354472250E0,9.678666777E-1,1.847438352E-1,-9.479716582E-3,-1.703344231E-1,2.912831062E1,2.117412269E1,2.555451999E0,-1.948477570E1
7.364518250E0,9.672297124E-1,1.825202676E-1,-7.093240847E-3,-1.763597787E-1,2.941717332E1,2.085701836E1,2.903668271E0,-2.013248379E1
7.374563250E0,9.668243440E-1,1.794389905E-1,-4.439259065E-3,-1.817492648E-1,2.959957143E1,2.043509944E1,3.247076321E0,-2.070766959E1
7.384609250E0,9.664733872E-1,1.761878669E-1,-2.939337020E-3,-1.867577012E-1,2.975660376E1,2.001578007E1,3.447119714E0,-2.126516109E1
7.394654250E0,9.660377995E-1,1.732899497E-1,-3.486113354E-3,-1.916490537E-1,2.995038403E1,1.967873785E1,3.421805389E0,-2.184840774E1
7.404700250E0,9.653379932E-1,1.708878639E-1,-6.405973262E-3,-1.971777087E-1,3.025916824E1,1.944851730E1,3.154161170E0,-2.254795528E1
7.414745250E0,9.645414178E-1,1.686848270E-1,-1.110163795E-2,-2.026873134E-1,3.060694782E1,1.928527111E1,2.691861802E0,-2.327732733E1
7.424791250E0,9.636555332E-1,1.661442308E-1,-1.660831864E-2,-2.085383496E-1,3.098924392E1,1.910899171E1,2.136796569E0,-2.406172223E1
7.434836250E0,9.628308879E-1,1.628152620E-1,-2.174890653E-2,-2.144174135E-1,3.134102356E1,1.884323295E1,1.601041930E0,-2.484352423E1
7.444882250E0,9.621810257E-1,1.585706529E-1,-2.566508632E-2,-2.200095838E-1,3.161555452E1,1.845176861E1,1.168067321E0,-2.556960330E1
7.454927250E0,9.617401275E-1,1.536387656E-1,-2.796682055E-2,-2.250975935E-1,3.180049443E1,1.794766046E1,8.808888838E-1,-2.620706854E1
7.464973250E0,9.614756982E-1,1.484224398E-1,-2.865195972E-2,-2.295960952E-1,3.191091143E1,1.737301607E1,7.481952429E-1,-2.674661532E1
7.475018250E0,9.613196705E-1,1.433201687E-1,-2.801322950E-2,-2.335362355E-1,3.197588920E1,1.677786299E1,7.495400280E-1,-2.719850898E1
7.485064250E0,9.611822718E-1,1.386549762E-1,-2.643036246E-2,-2.370758121E-1,3.203300267E1,1.620700664E1,8.557265474E-1,-2.758908396E1
7.495109250E0,9.610015040E-1,1.346088260E-1,-2.420321762E-2,-2.403556377E-1,3.210799296E1,1.568795523E1,1.042228939E0,-2.794071484E1
7.505155250E0,9.607414158E-1,1.312229484E-1,-2.161421047E-2,-2.434940185E-1,3.221559053E1,1.523236589E1,1.281966628E0,-2.827218357E1
7.515200250E0,9.603759604E-1,1.284720447E-1,-1.893931858E-2,-2.466055939E-1,3.236618967E1,1.484454326E1,1.546378353E0,-2.860110900E1
7.525246250E0,9.598954442E-1,1.262627649E-1,-1.645657944E-2,-2.497749948E-1,3.256317210E1,1.452149966E1,1.804047801E0,-2.894117009E1
7.535291250E0,9.593005414E-1,1.244485748E-1,-1.441979084E-2,-2.530755566E-1,3.280545154E1,1.425390938E1,2.024334867E0,-2.930414430E1
7.545337250E0,9.585928748E-1,1.228728201E-1,-1.298130837E-2,-2.565805096E-1,3.309140808E1,1.402871417E1,2.187279786E0,-2.970032382E1
7.555382250E0,9.577902934E-1,1.214299227E-1,-1.213882448E-2,-2.602790852E-1,3.341283865E1,1.383453357E1,2.290059767E0,-3.012806610E1
7.565428250E0,9.569140183E-1,1.200687797E-1,-1.186200397E-2,-2.641181152E-1,3.376038741E1,1.366548923E1,2.333892452E0,-3.058041598E1
7.575473250E0,9.559744807E-1,1.188206482E-1,-1.210628184E-2,-2.680446842E-1,3.412920914E1,1.352451748E1,2.324089609E0,-3.105020568E1
7.585519250E0,9.549797098E-1,1.177724034E-1,-1.280760540E-2,-2.719917577E-1,3.451554436E1,1.342013381E1,2.269749383E0,-3.152833966E1
7.595564250E0,9.539455104E-1,1.170520400E-1,-1.383899147E-2,-2.758535891E-1,3.491279632E1,1.336337807E1,2.187807347E0,-3.200036299E1
7.605610250E0,9.529010061E-1,1.167456008E-1,-1.508042689E-2,-2.795045388E-1,3.530961018E1,1.336056150E1,2.092995715E0,-3.244972873E1
7.615655250E0,9.518826540E-1,1.168829258E-1,-1.639005591E-2,-2.828235188E-1,3.569237543E1,1.341072735E1,2.000697380E0,-3.286024901E1
7.625701250E0,9.509525784E-1,1.174067584E-1,-1.760794178E-2,-2.856479266E-1,3.603852296E1,1.350248786E1,1.924661266E0,-3.321065671E1
7.635746250E0,9.501639687E-1,1.182202716E-1,-1.858660741E-2,-2.878664946E-1,3.632952220E1,1.362018233E1,1.876351656E0,-3.348586058E1
7.645792250E0,9.495498259E-1,1.192257163E-1,-1.921513283E-2,-2.894326504E-1,3.655459189E1,1.374907607E1,1.863826834E0,-3.367880894E1
7.655837250E0,9.491164931E-1,1.202928534E-1,-1.949145810E-2,-2.903923131E-1,3.671259668E1,1.387436686E1,1.883359846E0,-3.379493089E1
7.665883250E0,9.488432761E-1,1.212486439E-1,-1.946480549E-2,-2.908890769E-1,3.681188228E1,1.397818963E1,1.925598787E0,-3.385209940E1
7.675928250E0,9.487052663E-1,1.218756256E-1,-1.920367942E-2,-2.910944374E-1,3.686193618E1,1.403843977E1,1.978092540E0,-3.387194893E1
7.685974250E0,9.486727711E-1,1.219983204E-1,-1.875806606E-2,-2.911776775E-1,3.687371213E1,1.403705314E1,2.031895988E0,-3.387563142E1
7.696019250E0,9.487041494E-1,1.215295105E-1,-1.837618400E-2,-2.912958361E-1,3.686234099E1,1.397230526E1,2.059364735E0,-3.388541005E1
7.706065250E0,9.487561164E-1,1.205285123E-1,-1.835601673E-2,-2.915435332E-1,3.684350130E1,1.386045694E1,2.031437802E0,-3.391642025E1
7.716110250E0,9.488100855E-1,1.191643136E-1,-1.889771964E-2,-2.918940896E-1,3.682392598E1,1.372698541E1,1.931578762E0,-3.396770010E1
7.726156250E0,9.488719781E-1,1.176308374E-1,-2.007586630E-2,-2.922361323E-1,3.680146428E1,1.359618908E1,1.756568872E0,-3.402643792E1
7.736201250E0,9.489473367E-1,1.160746124E-1,-2.185082288E-2,-2.924863160E-1,3.677409773E1,1.348324312E1,1.514498723E0,-3.408184776E1
7.746247250E0,9.490380156E-1,1.145705389E-1,-2.397070399E-2,-2.926190997E-1,3.674114148E1,1.338810541E1,1.234982234E0,-3.412749415E1
7.756292250E0,9.491486300E-1,1.131751595E-1,-2.604788244E-2,-2.926259064E-1,3.670090123E1,1.330396600E1,9.620037159E-1,-3.415724405E1
7.766338250E0,9.492944371E-1,1.119107119E-1,-2.779343632E-2,-2.924784978E-1,3.664779313E1,1.322342131E1,7.273691088E-1,-3.416391928E1
7.776383250E0,9.494801993E-1,1.107697546E-1,-2.920853783E-2,-2.921716055E-1,3.658002406E1,1.314551460E1,5.306637602E-1,-3.414694210E1
7.786429250E0,9.496900274E-1,1.097038950E-1,-3.043349120E-2,-2.917663846E-1,3.650332925E1,1.306949345E1,3.558693235E-1,-3.411553028E1
7.796474250E0,9.498890870E-1,1.086433802E-1,-3.153919797E-2,-2.913977261E-1,3.643042632E1,1.298997242E1,1.947709594E-1,-3.408673902E1
7.806520250E0,9.500319437E-1,1.075458183E-1,-3.258211647E-2,-2.912243551E-1,3.637801994E1,1.290418988E1,4.193021771E-2,-3.408022528E1
7.816565250E0,9.500680214E-1,1.064143704E-1,-3.368587394E-2,-2.913966514E-1,3.636477345E1,1.281678265E1,-1.140278918E-1,-3.411555025E1
7.826611250E0,9.499758462E-1,1.052712451E-1,-3.488986979E-2,-2.919700593E-1,3.639860774E1,1.273173101E1,-2.759927641E-1,-3.419985835E1
7.836655500E0,9.497801163E-1,1.041681435E-1,-3.610883304E-2,-2.928527829E-1,3.647035283E1,1.265201371E1,-4.342512680E-1,-3.432111760E1
7.846701500E0,9.494998397E-1,1.031674614E-1,-3.743561583E-2,-2.939472522E-1,3.657285183E1,1.258777706E1,-5.981008118E-1,-3.446904179E1
7.856746500E0,9.491481454E-1,1.023231547E-1,-3.894422013E-2,-2.951798157E-1,3.670107765E1,1.254759968E1,-7.746744996E-1,-3.463597662E1
7.866791500E0,9.487292900E-1,1.016815980E-1,-4.052053070E-2,-2.965329825E-1,3.685322790E1,1.253276047E1,-9.501298166E-1,-3.481844784E1
7.876837500E0,9.482476990E-1,1.011918385E-1,-4.200646263E-2,-2.980300596E-1,3.702742105E1,1.253223522E1,-1.108664810E0,-3.501714180E1
7.886882500E0,9.477062595E-1,1.007573255E-1,-4.333578477E-2,-2.997044907E-1,3.722232216E1,1.253311612E1,-1.245957287E0,-3.523510358E1
7.896928500E0,9.471170255E-1,1.002908231E-1,-4.448954421E-2,-3.015489421E-1,3.743331534E1,1.252509564E1,-1.363105010E0,-3.547110232E1
7.906973500E0,9.464889532E-1,9.976916632E-2,-4.546278343E-2,-3.035421509E-1,3.765696052E1,1.250535944E1,-1.460727916E0,-3.572248772E1
7.917019500E0,9.458129809E-1,9.922166822E-2,-4.631446587E-2,-3.056925885E-1,3.789624050E1,1.247917375E1,-1.544135648E0,-3.599114557E1
7.927064500E0,9.450684569E-1,9.864967754E-2,-4.718880751E-2,-3.080376813E-1,3.815811339E1,1.245192378E1,-1.628431847E0,-3.628361606E1
7.937110500E0,9.442369628E-1,9.805382120E-2,-4.821886068E-2,-3.106072271E-1,3.844854615E1,1.242867901E1,-1.727592584E0,-3.660541828E1
7.947155500E0,9.433151690E-1,9.746363888E-2,-4.945657665E-2,-3.133868539E-1,3.876807217E1,1.241479701E1,-1.846311131E0,-3.695572510E1
7.957201500E0,9.423212410E-1,9.693983258E-2,-5.092780195E-2,-3.162905400E-1,3.910978920E1,1.241799630E1,-1.986177533E0,-3.732480506E1
7.967246500E0,9.412731121E-1,9.654619023E-2,-5.266591823E-2,-3.192335069E-1,3.946706013E1,1.244660850E1,-2.149351790E0,-3.770321883E1
7.977292500E0,9.401914554E-1,9.630840825E-2,-5.456755243E-2,-3.221600997E-1,3.983253255E1,1.249965379E1,-2.324235661E0,-3.808300257E1
7.987337500E0,9.390966699E-1,9.620320971E-2,-5.640275265E-2,-3.250555672E-1,4.019919379E1,1.256583113E1,-2.486987795E0,-3.845905971E1
7.997383500E0,9.380066470E-1,9.615854196E-2,-5.792266547E-2,-3.279359882E-1,4.056110218E1,1.262751752E1,-2.613364282E0,-3.882942015E1
8.007428500E0,9.369271609E-1,9.611950607E-2,-5.895638806E-2,-3.308363025E-1,4.091648919E1,1.267173465E1,-2.686783758E0,-3.919542844E1
8.017474500E0,9.358606559E-1,9.605263483E-2,-5.947170177E-2,-3.337690698E-1,4.126472468E1,1.269307197E1,-2.705116691E0,-3.955786516E1
8.027519500E0,9.348130328E-1,9.592748635E-2,-5.952382030E-2,-3.367184431E-1,4.160407985E1,1.268986248E1,-2.675893639E0,-3.991550368E1
8.037565500E0,9.337900656E-1,9.573521374E-2,-5.919672782E-2,-3.396564788E-1,4.193291475E1,1.266401934E1,-2.609031890E0,-4.026622775E1
8.047610500E0,9.327859801E-1,9.551499119E-2,-5.863256592E-2,-3.425631573E-1,4.225330267E1,1.262516992E1,-2.518584498E0,-4.060991098E1
8.057656500E0,9.317728963E-1,9.532995599E-2,-5.800331347E-2,-3.454664430E-1,4.257422927E1,1.258704047E1,-2.420046929E0,-4.095271946E1
8.067701500E0,9.307367582E-1,9.517422602E-2,-5.740828163E-2,-3.483894112E-1,4.290009028E1,1.255307679E1,-2.323901380E0,-4.129896111E1
8.077747500E0,9.296764489E-1,9.499717106E-2,-5.685779769E-2,-3.513464130E-1,4.323112932E1,1.251830062E1,-2.233088502E0,-4.165044580E1
8.087792500E0,9.285974263E-1,9.474075753E-2,-5.635568384E-2,-3.543374695E-1,4.356555124E1,1.247666945E1,-2.150419253E0,-4.200715305E1
8.097838500E0,9.275277393E-1,9.440044017E-2,-5.585641491E-2,-3.572965997E-1,4.389468642E1,1.242569930E1,-2.072200411E0,-4.236036459E1
8.107883500E0,9.265056572E-1,9.399117057E-2,-5.528650786E-2,-3.601337781E-1,4.420699688E1,1.236373364E1,-1.991299353E0,-4.269802728E1
8.117929500E0,9.255545081E-1,9.352465500E-2,-5.461450006E-2,-3.627938132E-1,4.449576170E1,1.229056833E1,-1.904694119E0,-4.301292953E1
8.127974500E0,9.246722060E-1,9.298883158E-2,-5.387655089E-2,-3.652830903E-1,4.476204348E1,1.220646224E1,-1.816683886E0,-4.330633559E1
8.138020500E0,9.238486145E-1,9.239438584E-2,-5.308632514E-2,-3.676259915E-1,4.500925727E1,1.211321638E1,-1.727976087E0,-4.358142811E1
8.148065500E0,9.230750301E-1,9.176627136E-2,-5.232122286E-2,-3.698295341E-1,4.524029388E1,1.201689084E1,-1.645593370E0,-4.384017843E1
8.158111500E0,9.223355426E-1,9.112889906E-2,-5.169984793E-2,-3.719137590E-1,4.546010691E1,1.192535881E1,-1.580706411E0,-4.408669419E1
8.168156500E0,9.216078140E-1,9.049907631E-2,-5.131630238E-2,-3.739193800E-1,4.567544634E1,1.184471696E1,-1.541917763E0,-4.432721812E1
8.178202500E0,9.208851009E-1,8.989476953E-2,-5.121618781E-2,-3.758542364E-1,4.588835488E1,1.177905598E1,-1.533062098E0,-4.456326930E1
8.188247500E0,9.201804056E-1,8.934783383E-2,-5.138702611E-2,-3.776829039E-1,4.609505946E1,1.173133618E1,-1.551780636E0,-4.479028006E1
8.198293500E0,9.195157709E-1,8.889293499E-2,-5.182803757E-2,-3.793450702E-1,4.628921339E1,1.170525731E1,-1.597109092E0,-4.500079024E1
8.208338500E0,9.188855280E-1,8.856443191E-2,-5.262562453E-2,-3.808361204E-1,4.647261252E1,1.170843756E1,-1.676529262E0,-4.519545707E1
8.218384500E0,9.182686246E-1,8.838198479E-2,-5.378821768E-2,-3.822016361E-1,4.665147020E1,1.174357374E1,-1.789327889E0,-4.538012603E1
8.228429500E0,9.176433972E-1,8.830990183E-2,-5.524660533E-2,-3.835098111E-1,4.683208308E1,1.180404344E1,-1.928822072E0,-4.556234359E1
8.238475500E0,9.170240914E-1,8.827235689E-2,-5.683948488E-2,-3.847651128E-1,4.701033964E1,1.187464856E1,-2.081331984E0,-4.574039231E1
8.248520500E0,9.164527276E-1,8.816500228E-2,-5.844931142E-2,-3.859079878E-1,4.717423330E1,1.193888920E1,-2.239970625E0,-4.590508055E1
8.258566500E0,9.159771215E-1,8.789861181E-2,-6.001993612E-2,-3.868556387E-1,4.731025088E1,1.198450112E1,-2.404012838E0,-4.604513177E1
8.268611500E0,9.156309905E-1,8.744552265E-2,-6.148060891E-2,-3.875478796E-1,4.740900886E1,1.200505180E1,-2.568194844E0,-4.615186112E1
8.278657500E0,9.154163998E-1,8.680256457E-2,-6.284746018E-2,-3.879798637E-1,4.747013857E1,1.200077010E1,-2.734499132E0,-4.622474442E1
8.288702500E0,9.153012125E-1,8.600008265E-2,-6.424591962E-2,-3.882013454E-1,4.750292103E1,1.198063519E1,-2.914061325E0,-4.627180029E1
8.298748500E0,9.152329978E-1,8.511039033E-2,-6.582331152E-2,-3.882937523E-1,4.752232496E1,1.195925145E1,-3.117951683E0,-4.630548948E1
8.308793500E0,9.151698829E-1,8.421545403E-2,-6.764805999E-2,-3.883240770E-1,4.754027160E1,1.194866075E1,-3.348733597E0,-4.633542954E1
8.318839500E0,9.150947351E-1,8.340328887E-2,-6.964936687E-2,-3.883225176E-1,4.756163146E1,1.195504663E1,-3.594618955E0,-4.636460139E1
8.328884500E0,9.150128016E-1,8.272146185E-2,-7.172396811E-2,-3.882838268E-1,4.758490977E1,1.197866929E1,-3.842722248E0,-4.639099294E1
8.338930500E0,9.149503189E-1,8.216838555E-2,-7.375999181E-2,-3.881672696E-1,4.760265467E1,1.201398501E1,-4.081954895E0,-4.640784459E1
8.348975500E0,9.149518573E-1,8.171473729E-2,-7.560971228E-2,-3.879034093E-1,4.760221786E1,1.205063654E1,-4.299133321E0,-4.640404028E1
8.359021500E0,9.150541477E-1,8.132573850E-2,-7.714719161E-2,-3.874406791E-1,4.757316419E1,1.207870511E1,-4.483380214E0,-4.637088835E1
8.369066500E0,9.152532705E-1,8.096717576E-2,-7.839979439E-2,-3.867936196E-1,4.751655911E1,1.209577534E1,-4.638929348E0,-4.631040450E1
8.379112500E0,9.155177841E-1,8.062291676E-2,-7.948976811E-2,-3.860161788E-1,4.744126684E1,1.210600692E1,-4.778568105E0,-4.623118439E1
8.389157500E0,9.158349180E-1,8.025862810E-2,-8.048235038E-2,-3.851332655E-1,4.735084782E1,1.210887692E1,-4.910330180E0,-4.613726421E1
8.399203500E0,9.161871393E-1,7.986893359E-2,-8.139591968E-2,-3.841834020E-1,4.725023386E1,1.210483983E1,-5.035856162E0,-4.603368106E1
8.409248500E0,9.165649436E-1,7.945153154E-2,-8.228226864E-2,-3.831786211E-1,4.714208695E1,1.209609812E1,-5.160490695E0,-4.592278641E1
8.419294500E0,9.169721665E-1,7.900921666E-2,-8.318909447E-2,-3.820984817E-1,4.702525637E1,1.208501669E1,-5.289353564E0,-4.580287607E1
8.429339500E0,9.174259827E-1,7.856247604E-2,-8.414955249E-2,-3.808889725E-1,4.689473494E1,1.207494899E1,-5.425696975E0,-4.566792669E1
8.439384500E0,9.179516381E-1,7.812948928E-2,-8.517791617E-2,-3.794801720E-1,4.674312214E1,1.206799853E1,-5.571119389E0,-4.550963851E1
8.449430500E0,9.185672350E-1,7.772250120E-2,-8.627931573E-2,-3.778219464E-1,4.656497564E1,1.206529023E1,-5.726281594E0,-4.532201525E1
8.459475500E0,9.192775780E-1,7.733528394E-2,-8.741993951E-2,-3.759066250E-1,4.635860752E1,1.206442055E1,-5.888027930E0,-4.510355089E1
8.469521500E0,9.200910965E-1,7.698055236E-2,-8.847731174E-2,-3.737355565E-1,4.612119350E1,1.206103580E1,-6.042932032E0,-4.485237957E1
8.479566500E0,9.210094974E-1,7.669278290E-2,-8.930025135E-2,-3.713289504E-1,4.585177481E1,1.205203239E1,-6.173311026E0,-4.456852098E1
8.489612500E0,9.220207899E-1,7.650479742E-2,-8.988860028E-2,-3.687069739E-1,4.555336246E1,1.204113903E1,-6.277421418E0,-4.425468302E1
8.499657500E0,9.230971361E-1,7.647721560E-2,-9.034047443E-2,-3.658980550E-1,4.523370727E1,1.203958365E1,-6.362606583E0,-4.391649259E1
8.509703500E0,9.242240586E-1,7.665363243E-2,-9.075566237E-2,-3.629014984E-1,4.489672199E1,1.205661290E1,-6.437636609E0,-4.355598263E1
8.519748500E0,9.253848882E-1,7.700737092E-2,-9.121961488E-2,-3.597384406E-1,4.454707086E1,1.209336100E1,-6.512586983E0,-4.317725913E1
8.529794500E0,9.265602795E-1,7.749365665E-2,-9.181238330E-2,-3.564423885E-1,4.419035937E1,1.214874968E1,-6.597590012E0,-4.278575126E1
8.539839500E0,9.277270096E-1,7.812113828E-2,-9.250018892E-2,-3.530769415E-1,4.383355048E1,1.222259683E1,-6.688090963E0,-4.238881460E1
8.549885500E0,9.288578095E-1,7.892769791E-2,-9.329859182E-2,-3.496983659E-1,4.348507462E1,1.232001632E1,-6.783642371E0,-4.199391313E1
8.559930500E0,9.299377804E-1,7.997291275E-2,-9.423865159E-2,-3.463222347E-1,4.314976367E1,1.244886002E1,-6.885140690E0,-4.160394082E1
8.569976500E0,9.309804302E-1,8.126501922E-2,-9.526616015E-2,-3.429223960E-1,4.282366904E1,1.260750562E1,-6.987146195E0,-4.121488633E1
8.580021500E0,9.320152618E-1,8.272651453E-2,-9.620795189E-2,-3.394819066E-1,4.249766266E1,1.278015629E1,-7.074871289E0,-4.082113223E1
8.590067500E0,9.330727894E-1,8.427580239E-2,-9.687221652E-2,-3.359890497E-1,4.216202344E1,1.294999458E1,-7.131450575E0,-4.041717031E1
8.600112500E0,9.341545937E-1,8.594091967E-2,-9.721010714E-2,-3.324447737E-1,4.181601976E1,1.311836079E1,-7.150572514E0,-4.000226003E1
8.610158500E0,9.352462813E-1,8.780394965E-2,-9.731061454E-2,-3.288397852E-1,4.146406022E1,1.329818433E1,-7.138711854E0,-3.957737612E1
8.620203500E0,9.363280645E-1,8.994826112E-2,-9.725455297E-2,-3.251776877E-1,4.111245370E1,1.350223311E1,-7.101415914E0,-3.914494807E1
8.630249500E0,9.373881631E-1,9.241195268E-2,-9.715700656E-2,-3.214405898E-1,4.076508158E1,1.373950208E1,-7.050132430E0,-3.870524142E1
8.640294500E0,9.384197283E-1,9.513418668E-2,-9.718405364E-2,-3.176055006E-1,4.042431668E1,1.401001169E1,-7.005728831E0,-3.825836594E1
8.650340500E0,9.394268694E-1,9.794910943E-2,-9.741390352E-2,-3.136778357E-1,4.008894340E1,1.429871663E1,-6.983156076E0,-3.780566176E1
8.660385500E0,9.404306809E-1,1.007030093E-1,-9.778034561E-2,-3.096579115E-1,3.975198028E1,1.458597060E1,-6.981237302E0,-3.734511627E1
8.670431500E0,9.414553129E-1,1.033145279E-1,-9.817050442E-2,-3.055333787E-1,3.940517758E1,1.485817240E1,-6.991044980E0,-3.687262523E1
8.680476500E0,9.425078462E-1,1.057898561E-1,-9.847750042E-2,-3.013131727E-1,3.904585267E1,1.511185469E1,-7.000608193E0,-3.638716608E1
8.690522500E0,9.435817268E-1,1.082050263E-1,-9.862304633E-2,-2.970163225E-1,3.867593487E1,1.535259806E1,-6.998334451E0,-3.588985738E1
8.700567500E0,9.446468409E-1,1.106067194E-1,-9.868513160E-2,-2.926939314E-1,3.830564461E1,1.558901146E1,-6.990072444E0,-3.538865249E1
8.710613500E0,9.456763198E-1,1.129999043E-1,-9.883325406E-2,-2.883737951E-1,3.794443901E1,1.582819884E1,-6.993463724E0,-3.489040620E1
8.720658500E0,9.466798995E-1,1.153567061E-1,-9.915526389E-2,-2.840037781E-1,3.758910371E1,1.606976868E1,-7.019844702E0,-3.439061482E1
8.730704500E0,9.477004011E-1,1.175888552E-1,-9.964051175E-2,-2.794788503E-1,3.722442562E1,1.630252084E1,-7.072865603E0,-3.387613117E1
8.740749500E0,9.487758412E-1,1.195659941E-1,-1.002036476E-1,-2.747502057E-1,3.683634803E1,1.650824299E1,-7.148419796E0,-3.333864772E1
8.750795500E0,9.499426345E-1,1.211634387E-1,-1.006300104E-1,-2.698186872E-1,3.641079116E1,1.666519732E1,-7.227023785E0,-3.277288452E1
8.760840500E0,9.512099481E-1,1.222884152E-1,-1.007065564E-1,-2.647705484E-1,3.594305994E1,1.675622660E1,-7.286414485E0,-3.218376798E1
8.770886500E0,9.525663180E-1,1.229313805E-1,-1.002202719E-1,-2.597331571E-1,3.543584993E1,1.677423444E1,-7.300554023E0,-3.158158681E1
8.780931500E0,9.540015657E-1,1.231400258E-1,-9.895943053E-2,-2.548032613E-1,3.489137697E1,1.671892663E1,-7.242085774E0,-3.097358043E1
8.790977500E0,9.554916254E-1,1.230324618E-1,-9.683791096E-2,-2.500421004E-1,3.431726060E1,1.660239893E1,-7.095817371E0,-3.036631135E1
8.801022500E0,9.569699893E-1,1.228051098E-1,-9.412602599E-2,-2.454944344E-1,3.373829211E1,1.645717738E1,-6.883770203E0,-2.977263601E1
8.811068500E0,9.583539654E-1,1.227232291E-1,-9.126616212E-2,-2.411789764E-1,3.318740657E1,1.632805918E1,-6.645965798E0,-2.920589769E1
8.821113500E0,9.595786685E-1,1.230392567E-1,-8.869607891E-2,-2.370720189E-1,3.269239922E1,1.625686739E1,-6.423896775E0,-2.867347104E1
8.831158500E0,9.606094961E-1,1.238476121E-1,-8.677137985E-2,-2.331561552E-1,3.227003171E1,1.626428043E1,-6.255088451E0,-2.818034092E1
8.841204042E0,9.614566478E-1,1.250958780E-1,-8.542689275E-2,-2.294652714E-1,3.191885187E1,1.634166251E1,-6.134235348E0,-2.772827933E1
8.851249042E0,9.621841024E-1,1.266661181E-1,-8.413579122E-2,-2.260057738E-1,3.161426025E1,1.645955765E1,-6.007214731E0,-2.730659051E1
8.861295042E0,9.628436163E-1,1.285681685E-1,-8.233556761E-2,-2.227629110E-1,3.133562312E1,1.660271189E1,-5.812429065E0,-2.690222938E1
8.871340042E0,9.634380133E-1,1.310051045E-1,-7.974603890E-2,-2.196939882E-1,3.108241121E1,1.678652819E1,-5.514557889E0,-2.650544340E1
8.881386042E0,9.639298670E-1,1.342537099E-1,-7.635725315E-2,-2.167594717E-1,3.087135123E1,1.704291120E1,-5.106342023E0,-2.611224823E1
8.891431042E0,9.642979354E-1,1.385835821E-1,-7.210151727E-2,-2.138351126E-1,3.071248333E1,1.740120207E1,-4.576300568E0,-2.570696111E1
8.901477042E0,9.645799821E-1,1.441629265E-1,-6.682742133E-2,-2.105626627E-1,3.059019979E1,1.787678383E1,-3.911189250E0,-2.524376986E1
8.911522042E0,9.648361507E-1,1.509700324E-1,-6.069637196E-2,-2.064347161E-1,3.047872096E1,1.847303863E1,-3.140991924E0,-2.466455260E1
8.921568042E0,9.650938365E-1,1.588667397E-1,-5.421784290E-2,-2.010364634E-1,3.036617877E1,1.919083128E1,-2.336860156E0,-2.392887202E1
8.931613042E0,9.653159083E-1,1.676824380E-1,-4.786843071E-2,-1.943103743E-1,3.026886297E1,2.002699847E1,-1.561585864E0,-2.303793606E1
8.941659042E0,9.654120452E-1,1.770197614E-1,-4.220051725E-2,-1.867153858E-1,3.022663914E1,2.095258679E1,-8.810804778E-1,-2.205519546E1
8.951704042E0,9.653634078E-1,1.861213734E-1,-3.754217360E-2,-1.789493232E-1,3.024800815E1,2.188792573E1,-3.363908222E-1,-2.106846438E1
8.961750042E0,9.652352392E-1,1.941283105E-1,-3.420837369E-2,-1.716535773E-1,3.030424889E1,2.273708146E1,3.480044834E-2,-2.016066716E1
8.971795042E0,9.651228335E-1,2.004567810E-1,-3.259714709E-2,-1.652041401E-1,3.035348905E1,2.343468409E1,1.897684560E-1,-1.938748118E1
8.981841042E0,9.651032774E-1,2.049522218E-1,-3.269120305E-2,-1.596923438E-1,3.036204780E1,2.395646056E1,1.350936567E-1,-1.876215657E1
8.991886042E0,9.651960005E-1,2.078884926E-1,-3.396542345E-2,-1.550010624E-1,3.032144658E1,2.432021533E1,-6.421181217E-2,-1.826033153E1
9.001932042E0,9.653688025E-1,2.097873978E-1,-3.560837083E-2,-1.509452712E-1,3.024563866E1,2.456972822E1,-3.104065212E-1,-1.784124225E1
9.011977042E0,9.655619194E-1,2.112145480E-1,-3.689804858E-2,-1.473676781E-1,3.016069850E1,2.475718226E1,-5.158011174E-1,-1.746866742E1
9.022023042E0,9.657228782E-1,2.126418932E-1,-3.737550916E-2,-1.441033625E-1,3.008972372E1,2.492952818E1,-6.247624042E-1,-1.711200117E1
9.032068042E0,9.658237778E-1,2.143707253E-1,-3.691209402E-2,-1.409510311E-1,3.004514856E1,2.512024419E1,-6.227948491E-1,-1.674486692E1
9.042114042E0,9.658667676E-1,2.164956535E-1,-3.559042154E-2,-1.377110343E-1,3.002613700E1,2.534273802E1,-5.227470200E-1,-1.634635113E1
9.052159042E0,9.658620471E-1,2.189751842E-1,-3.364636654E-2,-1.342696598E-1,3.002822511E1,2.559730267E1,-3.547805949E-1,-1.590913970E1
9.062205042E0,9.658263066E-1,2.216002691E-1,-3.134867841E-2,-1.307290717E-1,3.004403056E1,2.586502557E1,-1.498608146E-1,-1.545121667E1
9.072250042E0,9.657737495E-1,2.240840039E-1,-2.901869526E-2,-1.273786079E-1,3.006725802E1,2.611803734E1,5.936008392E-2,-1.501329789E1
9.082296042E0,9.657106556E-1,2.261711580E-1,-2.693605088E-2,-1.245947664E-1,3.009511901E1,2.633048714E1,2.483563531E-1,-1.464513986E1
9.092341042E0,9.656481940E-1,2.276625769E-1,-2.532421842E-2,-1.226871158E-1,3.012267603E1,2.648148532E1,3.984356737E-1,-1.438769964E1
9.102387042E0,9.656008631E-1,2.284185544E-1,-2.437213165E-2,-1.218443896E-1,3.014354125E1,2.655636750E1,4.924939970E-1,-1.426749863E1
9.112432042E0,9.655710653E-1,2.284389324E-1,-2.419827590E-2,-1.220756493E-1,3.015667000E1,2.655613332E1,5.181529614E-1,-1.428889413E1
9.122477042E0,9.655620037E-1,2.277971729E-1,-2.486563963E-2,-1.232085145E-1,3.016066137E1,2.649031833E1,4.649299224E-1,-1.443418684E1
9.132523042E0,9.655725826E-1,2.266199061E-1,-2.648913624E-2,-1.249458497E-1,3.015600163E1,2.637613180E1,3.137570421E-1,-1.467277489E1
9.142568042E0,9.656043613E-1,2.251494657E-1,-2.882708515E-2,-1.268269478E-1,3.014199960E1,2.623942613E1,8.244411814E-2,-1.494610750E1
9.152614042E0,9.656416612E-1,2.236483214E-1,-3.164053480E-2,-1.285170786E-1,3.012555676E1,2.610795512E1,-2.075016659E-1,-1.520998295E1
9.162659042E0,9.656917317E-1,2.222691817E-1,-3.441987711E-2,-1.298118298E-1,3.010347053E1,2.599164631E1,-5.025845738E-1,-1.542802262E1
9.172705042E0,9.657783013E-1,2.210672379E-1,-3.655691199E-2,-1.306331876E-1,3.006524703E1,2.588657821E1,-7.365179279E-1,-1.557566121E1
9.182750042E0,9.659132134E-1,2.200993461E-1,-3.774354598E-2,-1.309324724E-1,3.000558383E1,2.579345371E1,-8.753804383E-1,-1.563956949E1
9.192796042E0,9.660708848E-1,2.195090689E-1,-3.809308033E-2,-1.306584757E-1,2.993570837E1,2.573021851E1,-9.305123851E-1,-1.561724805E1
9.202841042E0,9.661662209E-1,2.195865875E-1,-3.801979749E-2,-1.298425970E-1,2.989338068E1,2.573733653E1,-9.421857597E-1,-1.552343657E1
9.212887042E0,9.661662631E-1,2.204095890E-1,-3.756865763E-2,-1.285727546E-1,2.989336195E1,2.582477882E1,-9.120614554E-1,-1.536932249E1
9.222932042E0,9.661373925E-1,2.215445615E-1,-3.665552508E-2,-1.270937795E-1,2.990618621E1,2.594119421E1,-8.316588526E-1,-1.517982466E1
9.232978042E0,9.661849341E-1,2.223231718E-1,-3.527556350E-2,-1.257564600E-1,2.988506545E1,2.600921869E1,-7.017926338E-1,-1.499368322E1
9.243023042E0,9.664277843E-1,2.220680570E-1,-3.352790228E-2,-1.248158267E-1,2.977694891E1,2.595176383E1,-5.368335800E-1,-1.484192612E1
9.253069042E0,9.669721530E-1,2.202771636E-1,-3.160999941E-2,-1.242725538E-1,2.953319142E1,2.571335569E1,-3.657310147E-1,-1.473017356E1
9.263114042E0,9.678355312E-1,2.168729943E-1,-2.983023282E-2,-1.239786638E-1,2.914250064E1,2.528966395E1,-2.272511482E-1,-1.465052688E1
9.273160042E0,9.689280618E-1,2.122383793E-1,-2.858293899E-2,-1.237595002E-1,2.864064477E1,2.473134083E1,-1.636708799E-1,-1.459363926E1
9.283205042E0,9.701080049E-1,2.069967970E-1,-2.818634768E-2,-1.234847870E-1,2.808878036E1,2.411580571E1,-2.042995490E-1,-1.455195029E1
9.293251042E0,9.712257394E-1,2.018261479E-1,-2.882551518E-2,-1.231092586E-1,2.755602850E1,2.352460120E1,-3.608987444E-1,-1.452333134E1
9.303296042E0,9.721510313E-1,1.973569962E-1,-3.048123831E-2,-1.226521339E-1,2.710723734E1,2.303054652E1,-6.217986717E-1,-1.450822131E1
9.313342042E0,9.728007249E-1,1.941115360E-1,-3.283265841E-2,-1.220714768E-1,2.678771136E1,2.268919037E1,-9.447530455E-1,-1.449425111E1
9.323387042E0,9.731599847E-1,1.923537912E-1,-3.546703664E-2,-1.212506248E-1,2.660940684E1,2.252452210E1,-1.282625420E0,-1.445973171E1
9.333433042E0,9.732803139E-1,1.920206309E-1,-3.790882484E-2,-1.200679420E-1,2.654942328E1,2.252148492E1,-1.586194586E0,-1.438127070E1
9.343478042E0,9.732558266E-1,1.927713874E-1,-3.972940538E-2,-1.184640437E-1,2.656164087E1,2.263366474E1,-1.814333098E0,-1.424285184E1
9.353524042E0,9.731734717E-1,1.941812469E-1,-4.066008682E-2,-1.165065755E-1,2.660269025E1,2.280780173E1,-1.942231998E0,-1.404550827E1
9.363569042E0,9.730955421E-1,1.958289147E-1,-4.071059982E-2,-1.143620174E-1,2.664147661E1,2.299580525E1,-1.973647017E0,-1.380726194E1
9.373615042E0,9.730566827E-1,1.973749929E-1,-4.011893709E-2,-1.122247507E-1,2.666079664E1,2.316268394E1,-1.935549171E0,-1.355465185E1
9.383660042E0,9.730746373E-1,1.986112706E-1,-3.906302683E-2,-1.102424158E-1,2.665187174E1,2.328751735E1,-1.847060786E0,-1.330793491E1
9.393706042E0,9.731111786E-1,1.996211196E-1,-3.765529048E-2,-1.085726841E-1,2.663369861E1,2.338213173E1,-1.715621333E0,-1.308766828E1
9.403751042E0,9.730868599E-1,2.006904800E-1,-3.606537437E-2,-1.073530808E-1,2.664579443E1,2.348246182E1,-1.552905810E0,-1.291385247E1
9.413796042E0,9.729346255E-1,2.021371021E-1,-3.432210169E-2,-1.065873568E-1,2.672139163E1,2.362579223E1,-1.357796616E0,-1.278791140E1
9.423842042E0,9.726142673E-1,2.041928989E-1,-3.234408687E-2,-1.062103533E-1,2.687979457E1,2.383784658E1,-1.119736281E0,-1.270047306E1
9.433887042E0,9.721257853E-1,2.069127667E-1,-3.004577181E-2,-1.060933536E-1,2.711957898E1,2.412375110E1,-8.315284813E-1,-1.263438682E1
9.443933042E0,9.715294074E-1,2.100690283E-1,-2.739145812E-2,-1.060722802E-1,2.740953610E1,2.445654279E1,-4.960852317E-1,-1.256934296E1
9.453978042E0,9.709277190E-1,2.131954815E-1,-2.440010662E-2,-1.060742190E-1,2.769905764E1,2.478233722E1,-1.233230353E-1,-1.249681161E1
9.464024042E0,9.704381833E-1,2.157371788E-1,-2.110339066E-2,-1.061223085E-1,2.793244224E1,2.503698507E1,2.767386999E-1,-1.242012460E1
9.474069042E0,9.701578225E-1,2.172216751E-1,-1.756731222E-2,-1.063012640E-1,2.806524662E1,2.516614538E1,6.930521272E-1,-1.235133248E1
9.484115042E0,9.701278982E-1,2.174544522E-1,-1.393012349E-2,-1.066365844E-1,2.807938511E1,2.514862167E1,1.108696526E0,-1.229824520E1
9.494160042E0,9.703054208E-1,2.166200605E-1,-1.044368350E-2,-1.071170584E-1,2.799540762E1,2.500877714E1,1.497898452E0,-1.226712540E1
9.504206042E0,9.706021346E-1,2.150986330E-1,-7.380903625E-3,-1.077478282E-1,2.785449249E1,2.479393817E1,1.835209952E0,-1.226565991E1
9.514251042E0,9.709408688E-1,2.132544660E-1,-4.895029816E-3,-1.085007816E-1,2.769276192E1,2.454817156E1,2.107297226E0,-1.229396422E1
9.524297042E0,9.712616485E-1,2.113793001E-1,-3.082831234E-3,-1.093623053E-1,2.753874544E1,2.430645192E1,2.306513552E0,-1.235190563E1
9.534342042E0,9.715235490E-1,2.096898542E-1,-1.968310509E-3,-1.103098508E-1,2.741236952E1,2.409427698E1,2.432202460E0,-1.243645565E1
9.544388042E0,9.717267811E-1,2.082506552E-1,-1.402984293E-3,-1.112510742E-1,2.731390794E1,2.391765870E1,2.499437738E0,-1.253301185E1
9.554433042E0,9.718916596E-1,2.070273851E-1,-1.103341274E-3,-1.120940112E-1,2.723377132E1,2.376954252E1,2.537221852E0,-1.262432629E1
9.564479042E0,9.720344952E-1,2.059470244E-1,-8.150673666E-4,-1.128455316E-1,2.716416076E1,2.363842404E1,2.573207987E0,-1.270533206E1
9.574524042E0,9.721675950E-1,2.049301684E-1,-3.263114379E-4,-1.135503112E-1,2.709913707E1,2.351240536E1,2.631105160E0,-1.277639559E1
9.584570042E0,9.722841310E-1,2.039605907E-1,4.690101302E-4,-1.142952568E-1,2.704207934E1,2.338807196E1,2.724609044E0,-1.284503620E1
9.594615042E0,9.723502594E-1,2.031423834E-1,1.476477860E-3,-1.151778539E-1,2.700964931E1,2.327836779E1,2.846841445E0,-1.292424619E1
9.604661042E0,9.723377839E-1,2.026045159E-1,2.578122723E-3,-1.162070800E-1,2.701577033E1,2.319962590E1,2.986563821E0,-1.301736332E1
9.614706042E0,9.722321218E-1,2.024300701E-1,3.703401432E-3,-1.173584054E-1,2.706755839E1,2.316235944E1,3.136497544E0,-1.312286451E1
9.624752042E0,9.720296905E-1,2.026601919E-1,4.854073616E-3,-1.185898942E-1,2.716650518E1,2.317141203E1,3.296526810E0,-1.323568529E1
9.634797042E0,9.717317966E-1,2.033257327E-1,6.043921297E-3,-1.198304445E-1,2.731147365E1,2.323040438E1,3.467098834E0,-1.334717096E1
9.644843042E0,9.713609464E-1,2.043447698E-1,7.232494035E-3,-1.210319248E-1,2.749089785E1,2.333047632E1,3.641604531E0,-1.345285985E1
9.654888042E0,9.709592448E-1,2.055310244E-1,8.404945603E-3,-1.221658014E-1,2.768396169E1,2.345026336E1,3.815248181E0,-1.355038334E1
9.664933042E0,9.705684171E-1,2.067035392E-1,9.612105102E-3,-1.231997901E-1,2.787054074E1,2.356822530E1,3.990442918E0,-1.363556931E1
9.674979042E0,9.702191462E-1,2.077494765E-1,1.086405616E-2,-1.240840731E-1,2.803625083E1,2.367132806E1,4.165509806E0,-1.370301404E1
9.685024042E0,9.699307774E-1,2.086118326E-1,1.211964239E-2,-1.247743542E-1,2.817234619E1,2.375367685E1,4.333930275E0,-1.374894272E1
9.695070042E0,9.697055025E-1,2.092994374E-1,1.338847327E-2,-1.252428164E-1,2.827821795E1,2.381636972E1,4.496158442E0,-1.377002698E1
9.705115042E0,9.695203093E-1,2.099220939E-1,1.470950301E-2,-1.254861723E-1,2.836496271E1,2.387185149E1,4.657945422E0,-1.376457143E1
9.715161042E0,9.693392886E-1,2.106286226E-1,1.615771087E-2,-1.255225450E-1,2.844950266E1,2.393661311E1,4.830131972E0,-1.373221297E1
9.725206042E0,9.691291865E-1,2.115139698E-1,1.780005766E-2,-1.254341631E-1,2.854731666E1,2.402070896E1,5.023438994E0,-1.368019530E1
9.735252042E0,9.688580558E-1,2.126750944E-1,1.957557794E-2,-1.253009369E-1,2.867305989E1,2.413596762E1,5.234296656E0,-1.361832788E1
9.745297042E0,9.684908304E-1,2.142577928E-1,2.132817034E-2,-1.251572583E-1,2.884251355E1,2.430121721E1,5.448103049E0,-1.355310406E1
9.755343042E0,9.680460547E-1,2.161232124E-1,2.316718486E-2,-1.250632287E-1,2.904645638E1,2.449873808E1,5.676518440E0,-1.348930648E1
9.765388042E0,9.675807956E-1,2.180053010E-1,2.508737420E-2,-1.250266031E-1,2.925830271E1,2.469748697E1,5.915466672E0,-1.342928138E1
9.775434042E0,9.671418783E-1,2.197703899E-1,2.677198374E-2,-1.249829389E-1,2.945678853E1,2.488569873E1,6.126255571E0,-1.337397633E1
9.785479042E0,9.667525257E-1,2.213513393E-1,2.797093514E-2,-1.249434052E-1,2.963177202E1,2.505804866E1,6.280425277E0,-1.333120626E1
9.795525042E0,9.664384474E-1,2.226329406E-1,2.867662090E-2,-1.249363245E-1,2.977219290E1,2.520071240E1,6.376323239E0,-1.330540211E1
9.805570042E0,9.662237935E-1,2.234810933E-1,2.905466759E-2,-1.249944450E-1,2.986779101E1,2.529578024E1,6.431450699E0,-1.329744868E1
9.815616042E0,9.660995868E-1,2.238964189E-1,2.919310945E-2,-1.251789218E-1,2.992297131E1,2.534190962E1,6.457208268E0,-1.331231341E1
9.825661042E0,9.660128064E-1,2.240634152E-1,2.905633239E-2,-1.255811291E-1,2.996146557E1,2.536056391E1,6.454482336E0,-1.336005625E1
9.835707042E0,9.659039832E-1,2.242180204E-1,2.862591824E-2,-1.262390414E-1,3.000966944E1,2.537945090E1,6.425425412E0,-1.344389741E1
9.845752625E0,9.657404113E-1,2.245144181E-1,2.800893052E-2,-1.270991322E-1,3.008198263E1,2.541590116E1,6.382758845E0,-1.355422136E1
9.855798625E0,9.655433326E-1,2.249298280E-1,2.744099120E-2,-1.279829516E-1,3.016888382E1,2.546573538E1,6.347903581E0,-1.366532087E1
9.865843625E0,9.653199544E-1,2.254797284E-1,2.694358463E-2,-1.288030450E-1,3.026708706E1,2.553102352E1,6.321271027E0,-1.376667937E1
9.875888625E0,9.650782843E-1,2.261836124E-1,2.653500255E-2,-1.294631489E-1,3.037298260E1,2.561438714E1,6.302725628E0,-1.384683099E1
9.885934625E0,9.648366143E-1,2.269918309E-1,2.624995287E-2,-1.299075453E-1,3.047851885E1,2.570989823E1,6.293971829E0,-1.389893087E1
9.895979625E0,9.646089370E-1,2.278084261E-1,2.602910339E-2,-1.302128571E-1,3.057761916E1,2.580650099E1,6.288971253E0,-1.393369014E1
9.906025625E0,9.644005630E-1,2.285425610E-1,2.575485384E-2,-1.305245752E-1,3.066804343E1,2.589402845E1,6.277088289E0,-1.397102781E1
9.916070625E0,9.642084155E-1,2.291462830E-1,2.535505938E-2,-1.309630288E-1,3.075119616E1,2.596698240E1,6.252745376E0,-1.402664635E1
9.926116625E0,9.640343912E-1,2.295788045E-1,2.474242332E-2,-1.316022701E-1,3.082631710E1,2.602120061E1,6.207603097E0,-1.411134734E1
9.936161625E0,9.638845591E-1,2.298146793E-1,2.389727364E-2,-1.324418774E-1,3.089085217E1,2.605402685E1,6.139099710E0,-1.422573265E1
9.946207625E0,9.637794449E-1,2.298076619E-1,2.284922903E-2,-1.333996224E-1,3.093604816E1,2.606028708E1,6.047662943E0,-1.436002622E1
9.956252625E0,9.637470761E-1,2.294984726E-1,2.170945181E-2,-1.343527313E-1,3.094995280E1,2.603251355E1,5.941462559E0,-1.449788936E1
9.966298625E0,9.638007712E-1,2.288866057E-1,2.061019878E-2,-1.351823498E-1,3.092688369E1,2.596973792E1,5.831952875E0,-1.462251069E1
9.976343625E0,9.639251044E-1,2.280465137E-1,1.973200597E-2,-1.358444768E-1,3.087340166E1,2.587863268E1,5.739059368E0,-1.472394298E1
9.986389625E0,9.640880020E-1,2.271112751E-1,1.918451841E-2,-1.363333381E-1,3.080319403E1,2.577333022E1,5.676798690E0,-1.479807361E1
9.996434625E0,9.642523747E-1,2.262140108E-1,1.893642099E-2,-1.366967282E-1,3.073219199E1,2.566944015E1,5.644993596E0,-1.485038323E1
1.000648063E1,9.643898577E-1,2.254492668E-1,1.888589745E-2,-1.369970667E-1,3.067268198E1,2.557893003E1,5.635442229E0,-1.488996197E1
1.001652563E1,9.644870905E-1,2.248708435E-1,1.891502092E-2,-1.372586722E-1,3.063052631E1,2.550944029E1,5.636537367E0,-1.492216473E1
1.002657162E1,9.645451267E-1,2.244399973E-1,1.890878319E-2,-1.375563554E-1,3.060533747E1,2.545750172E1,5.636854696E0,-1.495847975E1
1.003661663E1,9.645859670E-1,2.240351557E-1,1.882529028E-2,-1.379406082E-1,3.058759984E1,2.540915480E1,5.631170282E0,-1.500632239E1
1.004666263E1,9.646296311E-1,2.235520264E-1,1.867687016E-2,-1.384388682E-1,3.056862467E1,2.535190358E1,5.619931493E0,-1.506908924E1
1.005670763E1,9.646805867E-1,2.229751098E-1,1.849798839E-2,-1.390373956E-1,3.054646631E1,2.528357534E1,5.606341887E0,-1.514447437E1
1.006675263E1,9.647286341E-1,2.223769407E-1,1.827669637E-2,-1.396893231E-1,3.052555819E1,2.521307467E1,5.588979577E0,-1.522703668E1
1.007679862E1,9.647577154E-1,2.218817047E-1,1.803741817E-2,-1.403061000E-1,3.051289648E1,2.515508539E1,5.570253495E0,-1.530545601E1
1.008684363E1,9.647578418E-1,2.215648552E-1,1.786357296E-2,-1.408272458E-1,3.051284142E1,2.511762191E1,5.559119497E0,-1.537046646E1
1.009688963E1,9.647311629E-1,2.214243165E-1,1.782916005E-2,-1.412345108E-1,3.052445737E1,2.509951734E1,5.563346152E0,-1.541826040E1
1.010693463E1,9.646927671E-1,2.213642151E-1,1.797361838E-2,-1.415719806E-1,3.054116724E1,2.508877871E1,5.586936256E0,-1.545344272E1
1.011698062E1,9.646629693E-1,2.212701855E-1,1.830944447E-2,-1.418793576E-1,3.055412912E1,2.507164954E1,5.630474606E0,-1.548087058E1
1.012702562E1,9.646447197E-1,2.211303317E-1,1.879433342E-2,-1.421571475E-1,3.056206494E1,2.504729433E1,5.689087083E0,-1.550168530E1
1.013707163E1,9.646385663E-1,2.209525563E-1,1.935081934E-2,-1.424006720E-1,3.056474030E1,2.501771600E1,5.754181681E0,-1.551717064E1
1.014711663E1,9.646472485E-1,2.207306321E-1,1.997248535E-2,-1.426004480E-1,3.056096540E1,2.498233023E1,5.824711688E0,-1.552645134E1
1.015716262E1,9.646736746E-1,2.204347191E-1,2.064175623E-2,-1.427834075E-1,3.054947300E1,2.493774132E1,5.898929864E0,-1.553318910E1
1.016720762E1,9.647285919E-1,2.200109009E-1,2.129388388E-2,-1.429703288E-1,3.052557654E1,2.487840627E1,5.969307572E0,-1.554161352E1
1.017725363E1,9.648335797E-1,2.193777604E-1,2.182087754E-2,-1.431556485E-1,3.047984176E1,2.479628014E1,6.022405447E0,-1.555413034E1
1.018729863E1,9.650001441E-1,2.184764922E-1,2.214637765E-2,-1.433605665E-1,3.040714524E1,2.468539236E1,6.049310626E0,-1.557527483E1
1.019734463E1,9.652384845E-1,2.172477956E-1,2.230540825E-2,-1.435981482E-1,3.030282610E1,2.453830063E1,6.053257185E0,-1.560603670E1
1.020738962E1,9.655999780E-1,2.154724334E-1,2.247059228E-2,-1.438177755E-1,3.014393129E1,2.432741605E1,6.048642062E0,-1.563796564E1
1.021743563E1,9.660571449E-1,2.132504937E-1,2.253145233E-2,-1.440497096E-1,2.994180383E1,2.406582479E1,6.025477566E0,-1.567638278E1
1.022748063E1,9.664811422E-1,2.111391895E-1,2.226788702E-2,-1.443555271E-1,2.975314260E1,2.382129366E1,5.969624695E0,-1.572977395E1
1.023752663E1,9.668141866E-1,2.094044463E-1,2.180111067E-2,-1.447230476E-1,2.960412770E1,2.362330660E1,5.898502878E0,-1.579230380E1
1.024757163E1,9.670218862E-1,2.082232598E-1,2.131482033E-2,-1.451113044E-1,2.951082372E1,2.349016681E1,5.834474560E0,-1.585419892E1
1.025761662E1,9.671236709E-1,2.075236326E-1,2.094722605E-2,-1.454884765E-1,2.946499399E1,2.341166402E1,5.791097337E0,-1.590931589E1
1.026766263E1,9.671804005E-1,2.070268793E-1,2.087756785E-2,-1.458284330E-1,2.943942052E1,2.335289035E1,5.783256500E0,-1.595243463E1
1.027770763E1,"","","","","","","",""