"Time (s)","Gravity X (m/s^2)","Gravity Y (m/s^2)","Gravity Z (m/s^2)"
-1.587041654E-3,5.393871521E-1,5.837415719E0,7.865732383E0
8.457958349E-3,5.318690946E-1,5.835224183E0,7.867870125E0
1.850395833E-2,5.220725964E-1,5.833015689E0,7.870163403E0
2.854895833E-2,5.103557264E-1,5.831029975E0,7.872402302E0
3.859395834E-2,4.980531847E-1,5.829036659E0,7.874666929E0
4.863995835E-2,4.869146409E-1,5.826624098E0,7.877147902E0
5.868495835E-2,4.776585350E-1,5.823843747E0,7.879770378E0
6.872995835E-2,4.704476025E-1,5.820439498E0,7.882719714E0
7.877595833E-2,4.657249160E-1,5.815737752E0,7.886468949E0
8.882095834E-2,4.630531405E-1,5.809365456E0,7.891321553E0
9.886695835E-2,4.609521628E-1,5.801849445E0,7.896971717E0
1.089119583E-1,4.586524529E-1,5.795084801E0,7.902071659E0
1.189569584E-1,4.559965745E-1,5.790884746E0,7.905304000E0
1.290029583E-1,4.537553367E-1,5.791442571E0,7.905023918E0
1.390479583E-1,4.514555902E-1,5.797980343E0,7.900361348E0
1.490929583E-1,4.512663232E-1,5.808291323E0,7.892795051E0
1.591389583E-1,4.558285766E-1,5.820008558E0,7.883896759E0
1.691839584E-1,4.648389167E-1,5.830217212E0,7.875822923E0
1.792289584E-1,4.765145273E-1,5.836463208E0,7.870497864E0
1.892749583E-1,4.895898151E-1,5.837975882E0,7.868572960E0
1.993199583E-1,4.994479283E-1,5.834171099E0,7.870775022E0
2.093649583E-1,4.963422163E-1,5.821386162E0,7.880432283E0
2.194109584E-1,4.763337752E-1,5.797303235E0,7.899397143E0
2.294559584E-1,4.447960502E-1,5.764672848E0,7.925074021E0
2.395019583E-1,4.072918993E-1,5.728501972E0,7.953268710E0
2.495469583E-1,3.686628904E-1,5.693916861E0,7.979944292E0
2.595919583E-1,3.312627834E-1,5.665011735E0,8.002125120E0
2.696379584E-1,2.985384756E-1,5.645079746E0,8.017484002E0
2.796829584E-1,2.742774277E-1,5.635382139E0,8.025168997E0
2.897279584E-1,2.607524159E-1,5.635743497E0,8.025366048E0
2.997739583E-1,2.572399386E-1,5.644714295E0,8.019172677E0
3.098189583E-1,2.614164038E-1,5.660039263E0,8.008227859E0
3.198639583E-1,2.704107553E-1,5.678503600E0,7.994847091E0
3.299099584E-1,2.809323631E-1,5.696344040E0,7.981782072E0
3.399549584E-1,2.894648394E-1,5.709458175E0,7.972100837E0
3.499999583E-1,2.940681330E-1,5.716270766E0,7.967049428E0
3.600459583E-1,2.947407821E-1,5.717820863E0,7.965911559E0
3.700909583E-1,2.922566291E-1,5.716828006E0,7.966716136E0
3.801359583E-1,2.886034349E-1,5.715549805E0,7.967766296E0
3.901819584E-1,2.854909620E-1,5.714796098E0,7.968418846E0
4.002269583E-1,2.838849146E-1,5.714321305E0,7.968816456E0
4.102719583E-1,2.844192040E-1,5.713873993E0,7.969118173E0
4.203179583E-1,2.868717272E-1,5.712974106E0,7.969675997E0
4.303629583E-1,2.905619781E-1,5.711315251E0,7.970730835E0
4.404089584E-1,2.946187763E-1,5.708875208E0,7.972330048E0
4.504539583E-1,2.993275025E-1,5.705576794E0,7.974515737E0
4.604989583E-1,3.042178762E-1,5.701149282E0,7.977496648E0
4.705449583E-1,3.072797341E-1,5.695371648E0,7.981504914E0
4.805899583E-1,3.079820212E-1,5.688031054E0,7.986711275E0
4.906349583E-1,3.059387300E-1,5.678787775E0,7.993364237E0
5.006809583E-1,3.013700994E-1,5.667776883E0,8.001348610E0
5.107259583E-1,2.948835638E-1,5.655442767E0,8.010312976E0
5.207709583E-1,2.872232728E-1,5.642189468E0,8.019931061E0
5.308172083E-1,2.798012923E-1,5.629123864E0,8.029369637E0
5.408622083E-1,2.737192379E-1,5.616891489E0,8.038141045E0
5.509072084E-1,2.698935143E-1,5.605750789E0,8.046043557E0
5.609532083E-1,2.679870114E-1,5.595470799E0,8.053259606E0
5.709982083E-1,2.675772312E-1,5.585631105E0,8.060101433E0
5.810432083E-1,2.675547377E-1,5.576293101E0,8.066564945E0
5.910892083E-1,2.663537744E-1,5.567724007E0,8.072521504E0
6.011342084E-1,2.636035365E-1,5.560398030E0,8.077659452E0
6.111802083E-1,2.598338000E-1,5.554754882E0,8.081663625E0
6.212252083E-1,2.555536564E-1,5.551034299E0,8.084356268E0
6.312702083E-1,2.520130395E-1,5.549040983E0,8.085835614E0
6.413162083E-1,2.491037390E-1,5.547902530E0,8.086706849E0
6.513612084E-1,2.469333074E-1,5.546881607E0,8.087473419E0
6.614062084E-1,2.456331790E-1,5.545456055E0,8.088490834E0
6.714522083E-1,2.445179871E-1,5.543642249E0,8.089767866E0
6.814972083E-1,2.435230833E-1,5.541972869E0,8.090941402E0
6.915422083E-1,2.417830433E-1,5.541130285E0,8.091571147E0
7.015882084E-1,2.392299480E-1,5.541198113E0,8.091599799E0
7.116332084E-1,2.351014665E-1,5.541753014E0,8.091341352E0
7.216782084E-1,2.308061567E-1,5.542587996E0,8.090893455E0
7.317242083E-1,2.270801830E-1,5.543972617E0,8.090050287E0
7.417692083E-1,2.234425571E-1,5.546259463E0,8.088583805E0
7.518142083E-1,2.204603492E-1,5.549376613E0,8.086527339E0
7.618602084E-1,2.190667019E-1,5.552779108E0,8.084228799E0
7.719052084E-1,2.188983203E-1,5.555686929E0,8.082235483E0
7.819512083E-1,2.192127726E-1,5.557820578E0,8.080759646E0
7.919962083E-1,2.198550344E-1,5.558766072E0,8.080091894E0
8.020412083E-1,2.198486025E-1,5.558085456E0,8.080560256E0
8.120872084E-1,2.186636460E-1,5.555949469E0,8.082061236E0
8.221322084E-1,2.165196730E-1,5.552886697E0,8.084223536E0
8.321772083E-1,2.134034177E-1,5.549991741E0,8.086294035E0
8.422232083E-1,2.104331966E-1,5.547195017E0,8.088290859E0
8.522682083E-1,2.095007119E-1,5.544231064E0,8.090346740E0
8.623132083E-1,2.094016016E-1,5.541339616E0,8.092330116E0
8.723592084E-1,2.093712509E-1,5.538628262E0,8.094187192E0
8.824042083E-1,2.089922417E-1,5.536128577E0,8.095906858E0
8.924492083E-1,2.085300375E-1,5.533690288E0,8.097585009E0
9.024952083E-1,2.082330721E-1,5.531346724E0,8.099194162E0
9.125402083E-1,2.083216391E-1,5.528838853E0,8.100903888E0
9.225852083E-1,2.090386174E-1,5.525929279E0,8.102870307E0
9.326312083E-1,2.099048641E-1,5.522619170E0,8.105104528E0
9.426762083E-1,2.104472847E-1,5.518877537E0,8.107638711E0
9.527222083E-1,2.103709420E-1,5.514831263E0,8.110393335E0
9.627672083E-1,2.097779247E-1,5.510870944E0,8.113100595E0
9.728122083E-1,2.099681237E-1,5.507538616E0,8.115358205E0
9.828582083E-1,2.109484825E-1,5.505222534E0,8.116903625E0
9.929032083E-1,2.118459570E-1,5.503821541E0,8.117830408E0
1.002948208E0,2.119132182E-1,5.503033921E0,8.118362505E0
1.012994208E0,2.110977692E-1,5.502249225E0,8.118915651E0
1.023039208E0,2.097077033E-1,5.501020140E0,8.119784548E0
1.033084208E0,2.075471023E-1,5.499074771E0,8.121157474E0
1.043130208E0,2.046031937E-1,5.496735885E0,8.122815744E0
1.053175208E0,2.013933098E-1,5.494589372E0,8.124347715E0
1.063220208E0,1.989303530E-1,5.492958584E0,8.125511311E0
1.073266208E0,1.978230913E-1,5.492330008E0,8.125963300E0
1.083311208E0,1.977041005E-1,5.492970278E0,8.125533530E0
1.093356208E0,1.980528686E-1,5.494984059E0,8.124163527E0
1.103402208E0,1.984849596E-1,5.498055602E0,8.122074317E0
1.113447208E0,1.989421205E-1,5.501549898E0,8.119696255E0
1.123493208E0,1.993159768E-1,5.504308029E0,8.117817544E0
1.133538208E0,1.989195356E-1,5.506066872E0,8.116634653E0
1.143583208E0,1.977730063E-1,5.506739302E0,8.116206636E0
1.153629208E0,1.960494115E-1,5.506844552E0,8.116176816E0
1.163674208E0,1.942858913E-1,5.506413027E0,8.116511861E0
1.173719208E0,1.931672641E-1,5.505631254E0,8.117069101E0
1.183765208E0,1.923499147E-1,5.504697454E0,8.117721650E0
1.193810208E0,1.914059549E-1,5.503389432E0,8.118630307E0
1.203855208E0,1.900864027E-1,5.502060360E0,8.119562938E0
1.213901208E0,1.884697573E-1,5.500944711E0,8.120355821E0
1.223946208E0,1.868850156E-1,5.499934312E0,8.121077367E0
1.233991208E0,1.856068691E-1,5.498594715E0,8.122013506E0
1.244037208E0,1.847750661E-1,5.496256413E0,8.123615059E0
1.254082208E0,1.845008317E-1,5.492973787E0,8.125841094E0
1.264127208E0,1.849987952E-1,5.489166664E0,8.128402174E0
1.274173208E0,1.858992847E-1,5.485033268E0,8.131171415E0
1.284218208E0,1.870265000E-1,5.481148962E0,8.133765240E0
1.294264208E0,1.884117785E-1,5.477913698E0,8.135911753E0
1.304309208E0,1.901448932E-1,5.475406997E0,8.137558914E0
1.314354208E0,1.920574809E-1,5.473032442E0,8.139111350E0
1.324400208E0,1.939726998E-1,5.470501183E0,8.140767866E0
1.334445208E0,1.955663950E-1,5.468085113E0,8.142351876E0
1.344490208E0,1.967808617E-1,5.465907025E0,8.143785029E0
1.354536208E0,1.978605866E-1,5.464237645E0,8.144879628E0
1.364581208E0,1.989399643E-1,5.462925530E0,8.145733321E0
1.374626208E0,2.001880160E-1,5.460907656E0,8.147055377E0
1.384672208E0,2.014642621E-1,5.457512763E0,8.149298953E0
1.394717208E0,2.024122237E-1,5.452790551E0,8.152435400E0
1.404762208E0,2.028619842E-1,5.447342700E0,8.156065936E0
1.414808208E0,2.029810664E-1,5.442205337E0,8.159491235E0
1.424853208E0,2.032234335E-1,5.438012298E0,8.162280357E0
1.434898208E0,2.039677110E-1,5.434929646E0,8.164314603E0
1.444944208E0,2.054952412E-1,5.432349855E0,8.165993339E0
1.454989208E0,2.075416205E-1,5.429601079E0,8.167769723E0
1.465035208E0,2.093740100E-1,5.426037201E0,8.170091068E0
1.475080208E0,2.104394641E-1,5.421322006E0,8.173193015E0
1.485125208E0,2.106067493E-1,5.416052495E0,8.176682049E0
1.495171208E0,2.100831676E-1,5.411108090E0,8.179967600E0
1.505216208E0,2.093718904E-1,5.407368795E0,8.182458513E0
1.515261208E0,2.092181452E-1,5.404983716E0,8.184037846E0
1.525307458E0,2.092630408E-1,5.403426018E0,8.185065202E0
1.535352458E0,2.093992444E-1,5.402210966E0,8.185863932E0
1.545397458E0,2.090403350E-1,5.400759687E0,8.186830477E0
1.555443458E0,2.083015576E-1,5.398931848E0,8.188054883E0
1.565488458E0,2.075531871E-1,5.396802877E0,8.189477511E0
1.575533458E0,2.067488660E-1,5.394517785E0,8.191003050E0
1.585579458E0,2.062102278E-1,5.392217490E0,8.192531512E0
1.595624458E0,2.059460798E-1,5.389911348E0,8.194055296E0
1.605670458E0,2.059052224E-1,5.387496448E0,8.195643985E0
1.615715458E0,2.058792754E-1,5.385105522E0,8.197216301E0
1.625760458E0,2.058639082E-1,5.382847327E0,8.198699740E0
1.635806458E0,2.055445223E-1,5.381108950E0,8.199848717E0
1.645851458E0,2.050688879E-1,5.379891559E0,8.200659726E0
1.655896458E0,2.046893122E-1,5.378968284E0,8.201274853E0
1.665942458E0,2.044409883E-1,5.378123361E0,8.201835017E0
1.675987458E0,2.045592117E-1,5.377348605E0,8.202339631E0
1.686032458E0,2.052004502E-1,5.376634660E0,8.202791621E0
1.696078458E0,2.058832223E-1,5.376258684E0,8.203020832E0
1.706123458E0,2.068665595E-1,5.376258684E0,8.202996858E0
1.716168458E0,2.082484393E-1,5.376615365E0,8.202727886E0
1.726214458E0,2.101253590E-1,5.377449762E0,8.202132640E0
1.736259458E0,2.116736468E-1,5.378319828E0,8.201522775E0
1.746304458E0,2.127255792E-1,5.378626807E0,8.201294149E0
1.756350458E0,2.133054586E-1,5.377999985E0,8.201690006E0
1.766395458E0,2.132200527E-1,5.376095547E0,8.202940725E0
1.776440458E0,2.123693559E-1,5.373216963E0,8.204848672E0
1.786486458E0,2.112570145E-1,5.369874110E0,8.207065351E0
1.796531458E0,2.105055011E-1,5.367232922E0,8.208812499E0
1.806577458E0,2.098317191E-1,5.365931332E0,8.209680811E0
1.816622458E0,2.091851450E-1,5.366324265E0,8.209439905E0
1.826667458E0,2.086581829E-1,5.367859744E0,8.208449387E0
1.836713458E0,2.080147151E-1,5.369222145E0,8.207574643E0
1.846758458E0,2.072105402E-1,5.369159580E0,8.207636039E0
1.856803458E0,2.060172514E-1,5.367328232E0,8.208863955E0
1.866849458E0,2.040942301E-1,5.364306976E0,8.210886506E0
1.876894458E0,2.021602270E-1,5.361345361E0,8.212868713E0
1.886939458E0,2.011976657E-1,5.359574239E0,8.214048096E0
1.896985458E0,2.019841710E-1,5.359572485E0,8.214029385E0
1.907030458E0,2.040626551E-1,5.361423129E0,8.212770479E0
1.917075458E0,2.069976650E-1,5.364503442E0,8.210685362E0
1.927121458E0,2.098198237E-1,5.368298870E0,8.208133053E0
1.937166458E0,2.117341838E-1,5.371432393E0,8.206033317E0
1.947212458E0,2.123131312E-1,5.372970210E0,8.205011224E0
1.957257458E0,2.113958310E-1,5.372566168E0,8.205300077E0
1.967302458E0,2.090780678E-1,5.370940057E0,8.206423911E0
1.977348458E0,2.063375509E-1,5.369215713E0,8.207621421E0
1.987393458E0,2.044271011E-1,5.368139825E0,8.208372788E0
1.997438458E0,2.039044149E-1,5.368004170E0,8.208474530E0
2.007484458E0,2.050518944E-1,5.368975393E0,8.207810871E0
2.017529458E0,2.072589808E-1,5.370495669E0,8.206761296E0
2.027574458E0,2.097222300E-1,5.372294857E0,8.205520517E0
2.037620458E0,2.116944958E-1,5.373852555E0,8.204449891E0
2.047665458E0,2.128865421E-1,5.374901546E0,8.203731853E0
2.057710458E0,2.130716978E-1,5.375184551E0,8.203541819E0
2.067756458E0,2.122078265E-1,5.374866462E0,8.203772784E0
2.077801458E0,2.105856079E-1,5.374333781E0,8.204163378E0
2.087846458E0,2.085427004E-1,5.373797007E0,8.204566836E0
2.097892458E0,2.068203117E-1,5.373584168E0,8.204749854E0
2.107937458E0,2.058529447E-1,5.373964822E0,8.204524736E0
2.117983458E0,2.054952961E-1,5.374786355E0,8.203995563E0
2.128028458E0,2.053190939E-1,5.375963985E0,8.203228408E0
2.138073458E0,2.048964681E-1,5.377253296E0,8.202393426E0
2.148119458E0,2.040426467E-1,5.378613943E0,8.201522775E0
2.158164458E0,2.027130629E-1,5.379994470E0,8.200650371E0
2.168209458E0,2.010180648E-1,5.380936457E0,8.200074420E0
2.178255458E0,1.992090276E-1,5.381096086E0,8.200013609E0
2.188300458E0,1.979187664E-1,5.380907806E0,8.200168560E0
2.198345458E0,1.972463183E-1,5.380820097E0,8.200242235E0
2.208391458E0,1.972224726E-1,5.381004285E0,8.200121782E0
2.218436458E0,1.979007862E-1,5.381535797E0,8.199756916E0
2.228481458E0,1.987849400E-1,5.382273715E0,8.199250547E0
2.238527458E0,1.994020588E-1,5.382940882E0,8.198797973E0
2.248572458E0,1.995620167E-1,5.383374161E0,8.198509705E0
2.258617458E0,1.989721971E-1,5.383771772E0,8.198262368E0
2.268663458E0,1.980262090E-1,5.384071734E0,8.198088706E0
2.278708458E0,1.973643772E-1,5.384314978E0,8.197944864E0
2.288754458E0,1.974693896E-1,5.384665226E0,8.197712145E0
2.298799458E0,1.987326440E-1,5.385154638E0,8.197360727E0
2.308844458E0,2.008684309E-1,5.385536461E0,8.197057841E0
2.318890458E0,2.029821993E-1,5.385365723E0,8.197117483E0
2.328935458E0,2.045666669E-1,5.384406779E0,8.197708052E0
2.338980458E0,2.053997489E-1,5.382901121E0,8.198676351E0
2.349026458E0,2.052155799E-1,5.381055740E0,8.199891987E0
2.359071458E0,2.044331676E-1,5.378923261E0,8.201310521E0
2.369116458E0,2.030612646E-1,5.376575019E0,8.202884007E0
2.379162458E0,2.015793609E-1,5.374209820E0,8.204470357E0
2.389207458E0,2.000036277E-1,5.372127042E0,8.205872519E0
2.399252458E0,1.979067796E-1,5.370320837E0,8.207105697E0
2.409298458E0,1.956374569E-1,5.368861957E0,8.208114926E0
2.419343458E0,1.933255227E-1,5.367771451E0,8.208882666E0
2.429389458E0,1.910784012E-1,5.366527163E0,8.209749223E0
2.439434458E0,1.891652470E-1,5.364550804E0,8.211084727E0
2.449479458E0,1.878899145E-1,5.361974521E0,8.212796792E0
2.459525458E0,1.870822495E-1,5.359040973E0,8.214729297E0
2.469570458E0,1.868173524E-1,5.356294536E0,8.216526731E0
2.479615458E0,1.872726495E-1,5.354156794E0,8.217909597E0
2.489661458E0,1.880105864E-1,5.352712532E0,8.218833457E0
2.499706458E0,1.888833016E-1,5.352165817E0,8.219169672E0
2.509751458E0,1.894493486E-1,5.352148275E0,8.219167918E0
2.519797458E0,1.892545632E-1,5.352280422E0,8.219086642E0
2.529842250E0,1.886192267E-1,5.351712658E0,8.219470219E0
2.539887250E0,1.879047883E-1,5.350333884E0,8.220384724E0
2.549933250E0,1.870074965E-1,5.348228887E0,8.221774607E0
2.559978250E0,1.859345873E-1,5.345423393E0,8.223623496E0
2.570023250E0,1.850986547E-1,5.342195730E0,8.225739604E0
2.580069250E0,1.842078314E-1,5.338714297E0,8.228019433E0
2.590114250E0,1.828244715E-1,5.334882617E0,8.230534905E0
2.600159250E0,1.808603370E-1,5.330626429E0,8.233335721E0
2.610205250E0,1.784955768E-1,5.325572680E0,8.236656940E0
2.620250250E0,1.761283681E-1,5.320455782E0,8.240013826E0
2.630296250E0,1.740853144E-1,5.315442379E0,8.243292360E0
2.640341250E0,1.727236258E-1,5.310464060E0,8.246528794E0
2.650386250E0,1.722629748E-1,5.305298629E0,8.249862292E0
2.660432250E0,1.724465774E-1,5.299535029E0,8.253562410E0
2.670477250E0,1.728617297E-1,5.292913642E0,8.257801641E0
2.680522250E0,1.729782720E-1,5.285788225E0,8.262361885E0
2.690568250E0,1.728505103E-1,5.278399683E0,8.267086435E0
2.700613250E0,1.727769999E-1,5.270855606E0,8.271900448E0
2.710658250E0,1.732379432E-1,5.263367661E0,8.276657158E0
2.720704250E0,1.742809403E-1,5.256053964E0,8.281281720E0
2.730749250E0,1.759125875E-1,5.248975325E0,8.285735545E0
2.740794250E0,1.779221294E-1,5.242080288E0,8.290056637E0
2.750840250E0,1.796936347E-1,5.235196946E0,8.294367204E0
2.760885250E0,1.806550083E-1,5.228025336E0,8.298868391E0
2.770931250E0,1.808758504E-1,5.220453776E0,8.303628609E0
2.780976250E0,1.813260677E-1,5.212884555E0,8.308373040E0
2.791021250E0,1.814726136E-1,5.206031619E0,8.312665481E0
2.801067250E0,1.812830176E-1,5.199571615E0,8.316711754E0
2.811112250E0,1.806988990E-1,5.192888247E0,8.320898945E0
2.821157250E0,1.794232193E-1,5.185045962E0,8.325815284E0
2.831203250E0,1.774584269E-1,5.175667613E0,8.331690567E0
2.841248250E0,1.747346294E-1,5.164680110E0,8.338563969E0
2.851293250E0,1.719862736E-1,5.151996329E0,8.346463557E0
2.861339250E0,1.690993388E-1,5.137549614E0,8.355422661E0
2.871384250E0,1.640002744E-1,5.122119396E0,8.364992799E0
2.881429250E0,1.570029845E-1,5.106104457E0,8.374912015E0
2.891475250E0,1.504538380E-1,5.089960295E0,8.384853451E0
2.901520250E0,1.459176777E-1,5.074236547E0,8.394458672E0
2.911565250E0,1.436065292E-1,5.059343689E0,8.403482680E0
2.921611250E0,1.427467510E-1,5.045954735E0,8.411543652E0
2.931656250E0,1.422327898E-1,5.034050388E0,8.418681933E0
2.941702250E0,1.412979297E-1,5.022883961E0,8.425364715E0
2.951747250E0,1.392278692E-1,5.011220520E0,8.432341613E0
2.961792250E0,1.355010366E-1,4.997783618E0,8.440373349E0
2.971838250E0,1.297739721E-1,4.981295055E0,8.450204857E0
2.981883250E0,1.231543210E-1,4.961375345E0,8.462014478E0
2.991928250E0,1.172701766E-1,4.937533323E0,8.476031424E0
3.001974250E0,1.129360467E-1,4.909754371E0,8.492211254E0
3.012019250E0,1.101182004E-1,4.878440777E0,8.510275642E0
3.022064250E0,1.082378364E-1,4.844464361E0,8.529686059E0
3.032110250E0,1.058317162E-1,4.809329319E0,8.549575948E0
3.042155250E0,1.010726857E-1,4.775675670E0,8.568477657E0
3.052200250E0,9.327627330E-2,4.746391059E0,8.584822379E0
3.062246250E0,8.313873625E-2,4.723821099E0,8.597365826E0
3.072291250E0,7.288461121E-2,4.708818021E0,8.605685245E0
3.082337250E0,6.521187656E-2,4.700153032E0,8.610482301E0
3.092382250E0,6.160525456E-2,4.695595712E0,8.612994849E0
3.102427250E0,6.252095137E-2,4.692024233E0,8.614934371E0
3.112473250E0,6.712709550E-2,4.686315012E0,8.618007082E0
3.122518250E0,7.391454343E-2,4.675748801E0,8.623688822E0
3.132563250E0,8.141983758E-2,4.658568512E0,8.632914559E0
3.142609250E0,8.945074160E-2,4.634244387E0,8.645917012E0
3.152654250E0,9.795002586E-2,4.603984461E0,8.661976390E0
3.162699250E0,1.068726303E-1,4.570162119E0,8.679763620E0
3.172745250E0,1.166157909E-1,4.535366801E0,8.697870693E0
3.182790250E0,1.270870943E-1,4.501921604E0,8.715081972E0
3.192835250E0,1.376208533E-1,4.471852005E0,8.730389398E0
3.202881250E0,1.468884891E-1,4.446896966E0,8.742976114E0
3.212926250E0,1.546167541E-1,4.427458190E0,8.752702957E0
3.222971250E0,1.606176053E-1,4.413530707E0,8.759626061E0
3.233017250E0,1.633802685E-1,4.403076178E0,8.764834760E0
3.243062250E0,1.617478538E-1,4.393616552E0,8.769610766E0
3.253107250E0,1.560508020E-1,4.383375154E0,8.774837008E0
3.263153250E0,1.474959692E-1,4.371883914E0,8.780715798E0
3.273198250E0,1.377480303E-1,4.359315616E0,8.787120838E0
3.283244250E0,1.282949281E-1,4.345959114E0,8.793877296E0
3.293289250E0,1.207142140E-1,4.332265812E0,8.800739003E0
3.303334250E0,1.165348344E-1,4.318754358E0,8.807432896E0
3.313380250E0,1.165862533E-1,4.306032571E0,8.813659596E0
3.323425250E0,1.212152381E-1,4.294276744E0,8.819330810E0
3.333470250E0,1.296013696E-1,4.282911218E0,8.824736561E0
3.343516250E0,1.400649803E-1,4.271151006E0,8.830274459E0
3.353561250E0,1.511957492E-1,4.258293563E0,8.836298845E0
3.363606250E0,1.624702225E-1,4.244195926E0,8.842878717E0
3.373652250E0,1.740374769E-1,4.229394285E0,8.849748026E0
3.383697250E0,1.859858052E-1,4.214623049E0,8.856548923E0
3.393742250E0,1.980489766E-1,4.200070498E0,8.863198376E0
3.403788250E0,2.099121000E-1,4.185463277E0,8.869832627E0
3.413833250E0,2.216848292E-1,4.171198702E0,8.876263395E0
3.423878250E0,2.325702617E-1,4.158007091E0,8.882172591E0
3.433924250E0,2.426417252E-1,4.146538362E0,8.887263177E0
3.443969250E0,2.523232891E-1,4.137907872E0,8.891015335E0
3.454015250E0,2.623960317E-1,4.133009074E0,8.893001634E0
3.464060250E0,2.732823047E-1,4.131779405E0,8.893245463E0
3.474105250E0,2.852633226E-1,4.133526553E0,8.892057309E0
3.484151250E0,2.976436323E-1,4.137055348E0,8.890010199E0
3.494196250E0,3.097418504E-1,4.141739552E0,8.887415789E0
3.504241250E0,3.214116138E-1,4.147452574E0,8.884336061E0
3.514287250E0,3.328742395E-1,4.155060386E0,8.880358785E0
3.524332250E0,3.446012325E-1,4.166248741E0,8.874667105E0
3.534376958E0,3.577742785E-1,4.182458100E0,8.866517841E0
3.544422958E0,3.747077054E-1,4.202781267E0,8.856202767E0
3.554467958E0,3.983442707E-1,4.224018939E0,8.845059729E0
3.564512958E0,4.300893161E-1,4.241290153E0,8.835303065E0
3.574558958E0,4.697266043E-1,4.249341769E0,8.829413749E0
3.584603958E0,5.127266993E-1,4.246003593E0,8.828627883E0
3.594648958E0,5.500384402E-1,4.233881146E0,8.832202871E0
3.604694958E0,5.721857562E-1,4.218197744E0,8.838298008E0
3.614739958E0,5.732024773E-1,4.205022505E0,8.844508336E0
3.624785958E0,5.540017195E-1,4.199067116E0,8.848559872E0
3.634830958E0,5.213308040E-1,4.202892657E0,8.848728856E0
3.644875958E0,4.842745133E-1,4.217078879E0,8.844084413E0
3.654921958E0,4.498826892E-1,4.240685843E0,8.834607831E0
3.664966958E0,4.211231225E-1,4.269849123E0,8.821969659E0
3.675011958E0,3.990196241E-1,4.302070790E0,8.807330570E0
3.685057958E0,3.841242076E-1,4.335104342E0,8.791781654E0
3.695102958E0,3.777392309E-1,4.365338833E0,8.777085847E0
3.705147958E0,3.810688913E-1,4.389320311E0,8.764973339E0
3.715193958E0,3.933424528E-1,4.404009978E0,8.757058548E0
3.725238958E0,4.120446624E-1,4.408492746E0,8.753942567E0
3.735283958E0,4.338010189E-1,4.404664282E0,8.754818480E0
3.745329958E0,4.572259516E-1,4.395552273E0,8.758205187E0
3.755374958E0,4.813534637E-1,4.384106056E0,8.762648486E0
3.765419958E0,5.036484219E-1,4.373947396E0,8.766471396E0
3.775465958E0,5.214715757E-1,4.368295185E0,8.768247195E0
3.785510958E0,5.343624570E-1,4.368027675E0,8.767604586E0
3.795556958E0,5.433552188E-1,4.372711295E0,8.764716647E0
3.805601958E0,5.502239065E-1,4.381632099E0,8.759831883E0
3.815646958E0,5.542396281E-1,4.393335009E0,8.753715110E0
3.825692958E0,5.545203675E-1,4.406741213E0,8.746955729E0
3.835737958E0,5.494188911E-1,4.420736816E0,8.740213305E0
3.845782958E0,5.379260426E-1,4.434721894E0,8.733841009E0
3.855828958E0,5.198544917E-1,4.448602891E0,8.727873926E0
3.865873958E0,4.966310687E-1,4.462368699E0,8.722197449E0
3.875918958E0,4.709237120E-1,4.475509731E0,8.716888762E0
3.885964958E0,4.457915021E-1,4.487547979E0,8.712019785E0
3.896009958E0,4.235272418E-1,4.499429521E0,8.707000535E0
3.906054958E0,4.063519960E-1,4.511217800E0,8.701717576E0
3.916100958E0,3.955040953E-1,4.522367271E0,8.696428769E0
3.926145958E0,3.910639025E-1,4.531716676E0,8.691760937E0
3.936190958E0,3.908344723E-1,4.538366130E0,8.688301139E0
3.946236958E0,3.927051428E-1,4.542276163E0,8.686173338E0
3.956281958E0,3.958786825E-1,4.543266681E0,8.685511433E0
3.966326958E0,3.997058314E-1,4.540471128E0,8.686797820E0
3.976372958E0,4.034970929E-1,4.532980844E0,8.690533606E0
3.986417958E0,4.061900281E-1,4.520478328E0,8.696918181E0
3.996463958E0,4.078871093E-1,4.502791670E0,8.706008847E0
4.006508958E0,4.094972498E-1,4.480298893E0,8.717530201E0
4.016553958E0,4.115708552E-1,4.453895206E0,8.730952485E0
4.026599958E0,4.152098699E-1,4.425812491E0,8.745048952E0
4.036644958E0,4.220895211E-1,4.398498685E0,8.758490531E0
4.046689958E0,4.331440843E-1,4.373467340E0,8.770477324E0
4.056735958E0,4.486465148E-1,4.351680614E0,8.780529272E0
4.066780958E0,4.676416699E-1,4.333725277E0,8.788414827E0
4.076825958E0,4.888471091E-1,4.320597400E0,8.793722929E0
4.086871958E0,5.117582907E-1,4.313691546E0,8.795809801E0
4.096916958E0,5.354798599E-1,4.314340003E0,8.794079025E0
4.106961958E0,5.579831617E-1,4.322395419E0,8.788722975E0
4.117007958E0,5.775052240E-1,4.335297008E0,8.781104053E0
4.127052958E0,5.930397777E-1,4.348623982E0,8.773475191E0
4.137097958E0,6.033609539E-1,4.358583252E0,8.767827950E0
4.147143958E0,6.080019255E-1,4.363160453E0,8.765230617E0
4.157188958E0,6.083619678E-1,4.361488734E0,8.766037533E0
4.167234958E0,6.071985546E-1,4.355654967E0,8.769017859E0
4.177279958E0,6.084254101E-1,4.350669923E0,8.771407616E0
4.187324958E0,6.148561413E-1,4.351861001E0,8.770367981E0
4.197370958E0,6.283527575E-1,4.362326347E0,8.764210278E0
4.207415958E0,6.525825959E-1,4.381140348E0,8.753047943E0
4.217460958E0,6.945288400E-1,4.403526413E0,8.738574330E0
4.227506958E0,7.592401218E-1,4.423615108E0,8.723031846E0
4.237551958E0,8.427869663E-1,4.436841509E0,8.708630154E0
4.247596958E0,9.331597041E-1,4.441848772E0,8.696855031E0
4.257642958E0,1.015905042E0,4.439853410E0,8.688598178E0
4.267687958E0,1.079881621E0,4.434143896E0,8.683796445E0
4.277732958E0,1.119572228E0,4.429851163E0,8.680960545E0
4.287778958E0,1.134603812E0,4.431127025E0,8.678357365E0
4.297823958E0,1.127193416E0,4.440716167E0,8.674421019E0
4.307868958E0,1.101856992E0,4.457625437E0,8.669001819E0
4.317914958E0,1.065375921E0,4.481112241E0,8.661449556E0
4.327959958E0,1.025175656E0,4.508879206E0,8.651885850E0
4.338004958E0,9.872973197E-1,4.537816784E0,8.641155040E0
4.348050958E0,9.563923730E-1,4.564233627E0,8.630711328E0
4.358095958E0,9.350360025E-1,4.584659121E0,8.622221755E0
4.368141958E0,9.232334708E-1,4.596124049E0,8.617388447E0
4.378186958E0,9.177485633E-1,4.597355765E0,8.617317111E0
4.388231958E0,9.141925060E-1,4.588634643E0,8.622342208E0
4.398277958E0,9.101439670E-1,4.570874310E0,8.632198275E0
4.408322958E0,9.049411876E-1,4.546396111E0,8.645661489E0
4.418367958E0,8.991261316E-1,4.518776496E0,8.660735026E0
4.428413958E0,8.944634157E-1,4.490933809E0,8.675687526E0
4.438458958E0,8.929150730E-1,4.466070863E0,8.688671853E0
4.448503958E0,8.966745403E-1,4.446870946E0,8.698126801E0
4.458549958E0,9.054080147E-1,4.434155298E0,8.703712061E0
4.468594958E0,9.171616490E-1,4.427458775E0,8.705890149E0
4.478639958E0,9.291410590E-1,4.424816418E0,8.705963239E0
4.488685958E0,9.391467413E-1,4.424270288E0,8.705166848E0
4.498730958E0,9.457787995E-1,4.424927515E0,8.704114934E0
4.508775958E0,9.497443812E-1,4.426658291E0,8.702802819E0
4.518821958E0,9.527369861E-1,4.430531487E0,8.700504863E0
4.528867208E0,9.555813642E-1,4.437530311E0,8.696625236E0
4.538912208E0,9.586879168E-1,4.447573489E0,8.691151072E0
4.548958208E0,9.619741981E-1,4.459486606E0,8.684681128E0
4.559003208E0,9.655236773E-1,4.471189516E0,8.678267317E0
4.569048208E0,9.693048524E-1,4.480156221E0,8.673220001E0
4.579094208E0,9.729606047E-1,4.484179690E0,8.670730841E0
4.589139208E0,9.757943116E-1,4.481840804E0,8.671621957E0
4.599185208E0,9.774618644E-1,4.472604834E0,8.676201496E0
4.609230208E0,9.780278749E-1,4.457231335E0,8.684045536E0
4.619275208E0,9.780870049E-1,4.437840214E0,8.693964753E0
4.629321208E0,9.792263348E-1,4.417021787E0,8.704431853E0
4.639366208E0,9.841224278E-1,4.397139207E0,8.713941180E0
4.649411208E0,9.944626439E-1,4.380117670E0,8.721336738E0
4.659457208E0,1.009771897E0,4.367513997E0,8.725896982E0
4.669502208E0,1.028348501E0,4.361244612E0,8.726863527E0
4.679547208E0,1.048911551E0,4.362897035E0,8.723589671E0
4.689593208E0,1.070840217E0,4.373417054E0,8.715653830E0
4.699638208E0,1.093829496E0,4.392242457E0,8.703323806E0
4.709683208E0,1.118258505E0,4.416963315E0,8.687694198E0
4.719729208E0,1.144535454E0,4.444167486E0,8.670381762E0
4.729774208E0,1.172886848E0,4.470391079E0,8.653094469E0
4.739819208E0,1.202486331E0,4.492825383E0,8.637398204E0
4.749865208E0,1.231375377E0,4.510478420E0,8.624117423E0
4.759910208E0,1.257283659E0,4.523648981E0,8.613474321E0
4.769955208E0,1.278792349E0,4.533712623E0,8.605012230E0
4.780001208E0,1.295069828E0,4.541124262E0,8.598668001E0
4.790046208E0,1.308194634E0,4.543242415E0,8.595561376E0
4.800091208E0,1.326085945E0,4.533619945E0,8.597900262E0
4.810137208E0,1.355664085E0,4.506396186E0,8.607593776E0
4.820182208E0,1.396029315E0,4.460351409E0,8.625106772E0
4.830228208E0,1.438526440E0,4.399254730E0,8.649468026E0
4.840273208E0,1.473802692E0,4.329736598E0,8.678559093E0
4.850318208E0,1.495102491E0,4.261325929E0,8.708723710E0
4.860364208E0,1.498231774E0,4.205882338E0,8.735099330E0
4.870409208E0,1.481968475E0,4.172742951E0,8.753746685E0
4.880454208E0,1.448355609E0,4.166924679E0,8.762140363E0
4.890500208E0,1.404944711E0,4.187106929E0,8.759587469E0
4.900545208E0,1.361519341E0,4.224884620E0,8.748297665E0
4.910590208E0,1.324418173E0,4.273166249E0,8.730525053E0
4.920636208E0,1.298100001E0,4.325214069E0,8.708820773E0
4.930681208E0,1.285135701E0,4.375974333E0,8.685354143E0
4.940726208E0,1.284644096E0,4.422455312E0,8.661851844E0
4.950772208E0,1.292882092E0,4.462748475E0,8.639932387E0
4.960817208E0,1.305185950E0,4.495729695E0,8.620962850E0
4.970862208E0,1.316683622E0,4.520670409E0,8.606159454E0
4.980908208E0,1.323174178E0,4.537669142E0,8.596212755E0
4.990953208E0,1.321251905E0,4.548157000E0,8.590964295E0
5.000998208E0,1.307944666E0,4.555586472E0,8.589063365E0
5.011044208E0,1.282684110E0,4.563585463E0,8.588626578E0
5.021089208E0,1.247322050E0,4.574960637E0,8.587783409E0
5.031134208E0,1.204491999E0,4.591681919E0,8.584972653E0
5.041180208E0,1.156873883E0,4.613802229E0,8.579660457E0
5.051225208E0,1.105717835E0,4.640363206E0,8.572077788E0
5.061271208E0,1.051806507E0,4.669330897E0,8.563127455E0
5.071316208E0,9.957147521E-1,4.698524290E0,8.553860203E0
5.081361208E0,9.390403951E-1,4.725308339E0,8.545511549E0
5.091407208E0,8.831317310E-1,4.748038220E0,8.538870281E0
5.101452208E0,8.286016942E-1,4.766042967E0,8.534304775E0
5.111497208E0,7.772666491E-1,4.777859605E0,8.532526637E0
5.121543208E0,7.298773051E-1,4.783911180E0,8.533321273E0
5.131588208E0,6.868473528E-1,4.785126232E0,8.536211552E0
5.141633208E0,6.486461042E-1,4.782329801E0,8.540765948E0
5.151679208E0,6.161412131E-1,4.776044337E0,8.546688008E0
5.161724208E0,5.898427029E-1,4.767019744E0,8.553578952E0
5.171769208E0,5.700878483E-1,4.755466815E0,8.561345224E0
5.181815208E0,5.568642604E-1,4.740880643E0,8.570300819E0
5.191860208E0,5.502050493E-1,4.722825319E0,8.580693076E0
5.201905208E0,5.500403770E-1,4.701460177E0,8.592428437E0
5.211951208E0,5.572880739E-1,4.676427662E0,8.605611570E0
5.221996208E0,5.712810823E-1,4.647673395E0,8.620259430E0
5.232041208E0,5.908932283E-1,4.614909691E0,8.636524045E0
5.242087208E0,6.149583945E-1,4.578266360E0,8.654328817E0
5.252132208E0,6.411147442E-1,4.540349798E0,8.672386773E0
5.262177208E0,6.664464904E-1,4.506234511E0,8.688256701E0
5.272223208E0,6.882646447E-1,4.481660125E0,8.699259406E0
5.282268208E0,7.056158186E-1,4.470106612E0,8.703812633E0
5.292313208E0,7.199879824E-1,4.472190559E0,8.701564963E0
5.302359208E0,7.342133810E-1,4.486377366E0,8.693068959E0
5.312404208E0,7.488066425E-1,4.508095679E0,8.680579306E0
5.322449208E0,7.630747258E-1,4.531294507E0,8.667247655E0
5.332495208E0,7.763421312E-1,4.550422504E0,8.656040881E0
5.342540208E0,7.881905635E-1,4.561100689E0,8.649347574E0
5.352586208E0,7.986522556E-1,4.561172318E0,8.648350039E0
5.362631208E0,8.083398494E-1,4.550604060E0,8.653016117E0
5.372676208E0,8.170814368E-1,4.531786551E0,8.662065852E0
5.382722208E0,8.237644389E-1,4.508630115E0,8.673509438E0
5.392767208E0,8.293215595E-1,4.484946553E0,8.685250647E0
5.402812208E0,8.393227834E-1,4.463396347E0,8.695385626E0
5.412858208E0,8.595317108E-1,4.445479016E0,8.702587057E0
5.422903208E0,8.902056925E-1,4.431019144E0,8.706876574E0
5.432948208E0,9.258071959E-1,4.418450847E0,8.709550506E0
5.442994208E0,9.561123645E-1,4.407535849E0,8.711806946E0
5.453039208E0,9.706604563E-1,4.399742095E0,8.714137062E0
5.463084208E0,9.637119175E-1,4.398549263E0,8.715510573E0
5.473130208E0,9.356794886E-1,4.407381190E0,8.714103148E0
5.483175208E0,8.925607317E-1,4.428150793E0,8.708094549E0
5.493220208E0,8.421728624E-1,4.458528247E0,8.697607568E0
5.503266208E0,7.911526899E-1,4.494772506E0,8.683731540E0
5.513311208E0,7.467225487E-1,4.533546855E0,8.667494407E0
5.523356208E0,7.154767824E-1,4.571027215E0,8.650428139E0
5.533401583E0,7.015926419E-1,4.603289520E0,8.634442436E0
5.543446583E0,7.055414128E-1,4.627741406E0,8.621039448E0
5.553491583E0,7.235911828E-1,4.643678285E0,8.610967619E0
5.563537583E0,7.484245270E-1,4.652397068E0,8.604136317E0
5.573582583E0,7.726209632E-1,4.656156828E0,8.599962575E0
5.583627583E0,7.927410129E-1,4.657803403E0,8.597239527E0
5.593673583E0,8.084306274E-1,4.659668373E0,8.594767324E0
5.603718583E0,8.210865603E-1,4.663647111E0,8.591409268E0
5.613763583E0,8.324245307E-1,4.671057287E0,8.586291200E0
5.623809583E0,8.442670427E-1,4.682629512E0,8.578827814E0
5.633854583E0,8.578328754E-1,4.698391559E0,8.568858896E0
5.643899583E0,8.725644236E-1,4.716998861E0,8.557140491E0
5.653945583E0,8.860634518E-1,4.736015760E0,8.545241407E0
5.663990583E0,8.959054121E-1,4.751958193E0,8.535358443E0
5.674036583E0,9.000928225E-1,4.762063059E0,8.529284356E0
5.684081583E0,8.972755609E-1,4.765265287E0,8.527792731E0
5.694126583E0,8.876757485E-1,4.762266542E0,8.530471925E0
5.704172583E0,8.732559299E-1,4.754808711E0,8.536118581E0
5.714217583E0,8.580873024E-1,4.744830438E0,8.543205991E0
5.724262583E0,8.459832005E-1,4.735048338E0,8.549837903E0
5.734308583E0,8.388184610E-1,4.727421815E0,8.554762428E0
5.744353583E0,8.380329607E-1,4.722104065E0,8.557776083E0
5.754398583E0,8.453339403E-1,4.717897870E0,8.559378220E0
5.764444583E0,8.620660403E-1,4.713503395E0,8.560130172E0
5.774489583E0,8.874553084E-1,4.707340722E0,8.560927148E0
5.784534583E0,9.206179382E-1,4.697656564E0,8.562743878E0
5.794580583E0,9.602073158E-1,4.686043409E0,8.564759413E0
5.804625583E0,1.005039892E0,4.676442280E0,8.564863493E0
5.814670583E0,1.052736799E0,4.672821684E0,8.561108996E0
5.824716583E0,1.100730964E0,4.677475483E0,8.552527038E0
5.834761583E0,1.145973430E0,4.691249769E0,8.539029325E0
5.844806583E0,1.186530083E0,4.712726592E0,8.521646138E0
5.854852583E0,1.222168497E0,4.738842012E0,8.502104743E0
5.864897583E0,1.253848127E0,4.766125120E0,8.482217778E0
5.874942583E0,1.283771545E0,4.791481278E0,8.463435352E0
5.884988583E0,1.315327360E0,4.812003836E0,8.446930416E0
5.895033583E0,1.350569260E0,4.826399973E0,8.433144436E0
5.905078583E0,1.389790482E0,4.834062457E0,8.422376204E0
5.915124583E0,1.431362724E0,4.835833578E0,8.414393000E0
5.925169583E0,1.472198070E0,4.833511357E0,8.408680270E0
5.935214583E0,1.506771779E0,4.828907844E0,8.405200592E0
5.945260583E0,1.528852912E0,4.822822354E0,8.404706503E0
5.955305583E0,1.540284803E0,4.812340051E0,8.408627061E0
5.965350583E0,1.548512128E0,4.792282932E0,8.418564988E0
5.975396583E0,1.560268101E0,4.757950420E0,8.435850527E0
5.985441583E0,1.575674930E0,4.708449647E0,8.460723998E0
5.995486583E0,1.586037511E0,4.645950805E0,8.493275447E0
6.005532583E0,1.580602671E0,4.573533624E0,8.533497859E0
6.015577583E0,1.553239894E0,4.496391015E0,8.579394409E0
6.025622583E0,1.503016843E0,4.423761288E0,8.625970990E0
6.035668583E0,1.430550692E0,4.367774198E0,8.666727837E0
6.045713583E0,1.339371403E0,4.338464737E0,8.695970348E0
6.055758583E0,1.240417219E0,4.337330670E0,8.711201175E0
6.065804583E0,1.147749595E0,4.363025967E0,8.711071951E0
6.075849583E0,1.074720137E0,4.411739413E0,8.695839955E0
6.085895583E0,1.030064805E0,4.477784298E0,8.667440028E0
6.095940583E0,1.014881267E0,4.552328404E0,8.630320149E0
6.105985583E0,1.024065416E0,4.625427663E0,8.590274323E0
6.116031583E0,1.048508897E0,4.688733712E0,8.552923479E0
6.126076583E0,1.077304095E0,4.736919447E0,8.522740737E0
6.136121583E0,1.100812314E0,4.768981485E0,8.501831093E0
6.146167583E0,1.112390312E0,4.787910384E0,8.489676486E0
6.156212583E0,1.108409747E0,4.798863096E0,8.484011119E0
6.166257583E0,1.088262947E0,4.806837528E0,8.482104342E0
6.176303583E0,1.053889870E0,4.815908899E0,8.481299180E0
6.186348583E0,1.008386692E0,4.827693085E0,8.480132076E0
6.196393583E0,9.549503034E-1,4.841719970E0,8.478320024E0
6.206439583E0,8.953267571E-1,4.856849056E0,8.476172926E0
6.216484583E0,8.307584397E-1,4.872054448E0,8.474020566E0
6.226529583E0,7.634020968E-1,4.886552035E0,8.472008539E0
6.236575583E0,6.948353072E-1,4.899900936E0,8.470199411E0
6.246620583E0,6.272906839E-1,4.912150560E0,8.468375080E0
6.256665583E0,5.630521860E-1,4.923031059E0,8.466571798E0
6.266711583E0,5.039714075E-1,4.932357953E0,8.464866166E0
6.276756583E0,4.511342127E-1,4.939875718E0,8.463462834E0
6.286801583E0,4.042289085E-1,4.945944543E0,8.462289298E0
6.296847583E0,3.629922606E-1,4.950760310E0,8.461342049E0
6.306892583E0,3.262067692E-1,4.954262792E0,8.460790071E0
6.316937583E0,2.933504787E-1,4.956208745E0,8.460853806E0
6.326983583E0,2.648223886E-1,4.956667167E0,8.461525651E0
6.337028583E0,2.408885655E-1,4.955503571E0,8.462922551E0
6.347073583E0,2.217109955E-1,4.951860171E0,8.465578941E0
6.357119583E0,2.065091850E-1,4.945473257E0,8.469695966E0
6.367164583E0,1.941396926E-1,4.936228809E0,8.475378875E0
6.377209583E0,1.836293225E-1,4.924143199E0,8.482640532E0
6.387255583E0,1.743822433E-1,4.909128719E0,8.491534147E0
6.397300583E0,1.668503900E-1,4.891459018E0,8.501875532E0
6.407345583E0,1.616553947E-1,4.871642804E0,8.513346015E0
6.417391583E0,1.587862574E-1,4.851936518E0,8.524646344E0
6.427436583E0,1.581950673E-1,4.834146657E0,8.534758519E0
6.437481583E0,1.601863001E-1,4.819132761E0,8.543207746E0
6.447527583E0,1.660299160E-1,4.806404250E0,8.550264165E0
6.457572583E0,1.763746820E-1,4.793756137E0,8.557154524E0
6.467617583E0,1.903724047E-1,4.778848369E0,8.565189183E0
6.477663583E0,2.063764897E-1,4.759329194E0,8.575680258E0
6.487708583E0,2.229701569E-1,4.733835626E0,8.589364496E0
6.497753583E0,2.396278327E-1,4.702163013E0,8.606296279E0
6.507799583E0,2.564046639E-1,4.666029851E0,8.625457605E0
6.517844583E0,2.722832713E-1,4.629717765E0,8.644517189E0
6.527889583E0,2.885129675E-1,4.596851735E0,8.661513290E0
6.537936208E0,3.113155554E-1,4.568595943E0,8.675661798E0
6.547981208E0,3.458470915E-1,4.544381745E0,8.687064453E0
6.558026208E0,3.921528367E-1,4.523913275E0,8.695776220E0
6.568072208E0,4.442351925E-1,4.508285129E0,8.701386039E0
6.578117208E0,4.930486259E-1,4.498345155E0,8.703900926E0
6.588162208E0,5.297675322E-1,4.495957152E0,8.702977651E0
6.598208208E0,5.491342048E-1,4.504472160E0,8.697371925E0
6.608253208E0,5.499942206E-1,4.526883953E0,8.685673985E0
6.618298208E0,5.342145224E-1,4.563931911E0,8.667251163E0
6.628344208E0,5.081237346E-1,4.611007259E0,8.643872241E0
6.638389208E0,4.773335395E-1,4.663957890E0,8.617177362E0
6.648434208E0,4.460355502E-1,4.719023459E0,8.588828307E0
6.658480208E0,4.184027054E-1,4.772080801E0,8.560857566E0
6.668525208E0,3.985134014E-1,4.818850048E0,8.535570697E0
6.678570208E0,3.880657792E-1,4.855789248E0,8.515093163E0
6.688616208E0,3.855522439E-1,4.880930814E0,8.500821279E0
6.698661208E0,3.870468288E-1,4.894538162E0,8.492926369E0
6.708707208E0,3.885670683E-1,4.899253064E0,8.490137832E0
6.718752208E0,3.885967064E-1,4.899207456E0,8.490162390E0
6.728797208E0,3.883451664E-1,4.898589405E0,8.490530764E0
6.738842208E0,3.900141445E-1,4.900559917E0,8.489316882E0
6.748888208E0,3.958133034E-1,4.906946538E0,8.485358317E0
6.758933208E0,4.070437216E-1,4.918094255E0,8.478370310E0
6.768979208E0,4.231321893E-1,4.932709955E0,8.469086686E0
6.779024208E0,4.415495664E-1,4.947475344E0,8.459528242E0
6.789069208E0,4.584268600E-1,4.960087788E0,8.451240984E0
6.799115208E0,4.708507315E-1,4.969898247E0,8.444792089E0
6.809160208E0,4.776206743E-1,4.976502677E0,8.440521283E0
6.819205208E0,4.788197920E-1,4.979660758E0,8.438590533E0
6.829251208E0,4.758644265E-1,4.980146077E0,8.438471249E0
6.839296208E0,4.710879822E-1,4.979744373E0,8.438976449E0
6.849341208E0,4.672447901E-1,4.980313307E0,8.438854242E0
6.859387208E0,4.665667324E-1,4.983376079E0,8.437083705E0
6.869432208E0,4.696568031E-1,4.989379415E0,8.433363706E0
6.879477208E0,4.762592963E-1,4.996590201E0,8.428722771E0
6.889523208E0,4.849788470E-1,5.002720422E0,8.424588205E0
6.899568208E0,4.947462188E-1,5.005435869E0,8.422407194E0
6.909613208E0,5.051133321E-1,5.003340227E0,8.423036354E0
6.919659208E0,5.163225907E-1,4.996006064E0,8.426709575E0
6.929704208E0,5.284296162E-1,4.984343793E0,8.432863185E0
6.939749208E0,5.419828773E-1,4.969877197E0,8.440537655E0
6.949795208E0,5.575622718E-1,4.954618887E0,8.448489869E0
6.959840208E0,5.747553516E-1,4.940085633E0,8.455844496E0
6.969885208E0,5.931042432E-1,4.927678426E0,8.461814504E0
6.979931208E0,6.119430219E-1,4.918590099E0,8.465760205E0
6.989976208E0,6.300163635E-1,4.914456702E0,8.466834923E0
7.000021208E0,6.460109103E-1,4.916034281E0,8.464713553E0
7.010067208E0,6.600943677E-1,4.922812373E0,8.459686117E0
7.020112208E0,6.733436467E-1,4.933471262E0,8.452429723E0
7.030157208E0,6.862759336E-1,4.945948051E0,8.444094517E0
7.040203208E0,6.997595398E-1,4.957760596E0,8.436056349E0
7.050248208E0,7.143747284E-1,4.966415060E0,8.429738433E0
7.060293208E0,7.301866959E-1,4.969273764E0,8.426698465E0
7.070339208E0,7.471182590E-1,4.964856777E0,8.427817622E0
7.080384208E0,7.629606320E-1,4.952743101E0,8.433523920E0
7.090429208E0,7.746575484E-1,4.933305786E0,8.443844256E0
7.100475208E0,7.830444290E-1,4.904996492E0,8.459548123E0
7.110520208E0,7.929547287E-1,4.864371207E0,8.482052886E0
7.120565208E0,8.080542129E-1,4.808745475E0,8.512291762E0
7.130611208E0,8.271099233E-1,4.738926212E0,8.549536187E0
7.140656208E0,8.448705485E-1,4.659939976E0,8.591115153E0
7.150701208E0,8.551174285E-1,4.578774776E0,8.633637859E0
7.160747208E0,8.534753110E-1,4.504674181E0,8.672692582E0
7.170792208E0,8.397388858E-1,4.447780480E0,8.703343686E0
7.180837208E0,8.158375148E-1,4.416798424E0,8.721375915E0
7.190883208E0,7.870896059E-1,4.416399643E0,8.724219416E0
7.200928208E0,7.615361041E-1,4.444023060E0,8.712451894E0
7.210973208E0,7.467480572E-1,4.492591787E0,8.688790551E0
7.221019208E0,7.475432054E-1,4.555395853E0,8.655960190E0
7.231064208E0,7.664218913E-1,4.624458487E0,8.617603040E0
7.241109208E0,8.021555418E-1,4.691891209E0,8.577809229E0
7.251155208E0,8.496457502E-1,4.750537905E0,8.540877630E0
7.261200208E0,9.003768510E-1,4.795454169E0,8.510525318E0
7.271245208E0,9.453733682E-1,4.824593476E0,8.489150237E0
7.281291208E0,9.779817550E-1,4.839228179E0,8.477117836E0
7.291336208E0,9.949425542E-1,4.844352095E0,8.472216116E0
7.301381208E0,9.958011447E-1,4.847069588E0,8.470560769E0
7.311427208E0,9.822780698E-1,4.853383704E0,8.468523599E0
7.321472208E0,9.588289078E-1,4.866537600E0,8.463661054E0
7.331517208E0,9.298017944E-1,4.887045247E0,8.455079096E0
7.341563208E0,8.971806168E-1,4.913484895E0,8.443271813E0
7.351608208E0,8.610370034E-1,4.943447782E0,8.429533780E0
7.361653208E0,8.204176388E-1,4.974695302E0,8.415189976E0
7.371699208E0,7.744056796E-1,5.004785074E0,8.401697525E0
7.381744208E0,7.230693919E-1,5.031223844E0,8.390474380E0
7.391789208E0,6.677902537E-1,5.052114776E0,8.382499362E0
7.401835208E0,6.106278369E-1,5.067252048E0,8.377719848E0
7.411880208E0,5.544647459E-1,5.077495785E0,8.375423062E0
7.421925208E0,5.019027722E-1,5.084348137E0,8.374580478E0
7.431971208E0,4.538164767E-1,5.089848613E0,8.373982893E0
7.442016208E0,4.106114367E-1,5.095280676E0,8.372909344E0
7.452061208E0,3.720771161E-1,5.100046157E0,8.371809483E0
7.462107208E0,3.379981912E-1,5.103050457E0,8.371423566E0
7.472152208E0,3.081997935E-1,5.103282006E0,8.372432211E0
7.482197208E0,2.833314209E-1,5.099951432E0,8.375340031E0
7.492243208E0,2.643931482E-1,5.091931976E0,8.380836999E0
7.502288208E0,2.512605211E-1,5.078722531E0,8.389252312E0
7.512333208E0,2.430109038E-1,5.059721419E0,8.400968378E0
7.522379208E0,2.389338961E-1,5.035154343E0,8.415832000E0
7.532423833E0,2.378524536E-1,5.006383118E0,8.433009950E0
7.542468833E0,2.382312801E-1,4.975763589E0,8.451101820E0
7.552514833E0,2.385145229E-1,4.946058564E0,8.468513074E0
7.562559833E0,2.378399734E-1,4.920134348E0,8.483619940E0
7.572604833E0,2.373046426E-1,4.901454833E0,8.494440798E0
7.582650833E0,2.399789032E-1,4.891888788E0,8.499878708E0
7.592695833E0,2.490134909E-1,4.891142391E0,8.500048277E0
7.602740833E0,2.652735378E-1,4.897293370E0,8.496013699E0
7.612786833E0,2.886293271E-1,4.906731361E0,8.489804540E0
7.622831833E0,3.174311948E-1,4.914989968E0,8.483997086E0
7.632876833E0,3.500297875E-1,4.918417021E0,8.480727907E0
7.642922833E0,3.851385899E-1,4.913874904E0,8.481839463E0
7.652967833E0,4.212789873E-1,4.899594834E0,8.488380159E0
7.663012833E0,4.567482340E-1,4.876143991E0,8.500041261E0
7.673058833E0,4.884342226E-1,4.846790968E0,8.515054572E0
7.683103833E0,5.136857523E-1,4.814957557E0,8.531612717E0
7.693148833E0,5.352493700E-1,4.781800920E0,8.548916967E0
7.703194833E0,5.576500531E-1,4.747809302E0,8.566413006E0
7.713239833E0,5.825327332E-1,4.713865630E0,8.583485706E0
7.723284833E0,6.084138618E-1,4.682098000E0,8.599063273E0
7.733330833E0,6.328043159E-1,4.655880547E0,8.611529537E0
7.743375833E0,6.492150383E-1,4.639218321E0,8.619296393E0
7.753420833E0,6.520966923E-1,4.635947681E0,8.620838889E0
7.763466833E0,6.406765685E-1,4.649874287E0,8.614192359E0
7.773511833E0,6.203252614E-1,4.681399550E0,8.598592572E0
7.783556833E0,5.980739380E-1,4.726168756E0,8.575648098E0
7.793602833E0,5.799717989E-1,4.777284823E0,8.548525203E0
7.803647833E0,5.688570094E-1,4.829485841E0,8.519892558E0
7.813692833E0,5.672229319E-1,4.877617489E0,8.492538114E0
7.823738833E0,5.770301743E-1,4.917207817E0,8.469014180E0
7.833783833E0,5.977202180E-1,4.945227674E0,8.451245661E0
7.843828833E0,6.252282979E-1,4.960781268E0,8.440132443E0
7.853874833E0,6.521532641E-1,4.965844957E0,8.435116117E0
7.863919833E0,6.733376534E-1,4.963902512E0,8.434594545E0
7.873964833E0,6.873974296E-1,4.958864551E0,8.436423554E0
7.884010833E0,6.942103129E-1,4.954413065E0,8.438481190E0
7.894055833E0,6.949988099E-1,4.953286307E0,8.439077606E0
7.904100833E0,6.924236231E-1,4.957937767E0,8.436557456E0
7.914146833E0,6.873900475E-1,4.968461586E0,8.430775729E0
7.924191833E0,6.782519457E-1,4.982810068E0,8.423044540E0
7.934236833E0,6.630861687E-1,4.998189415E0,8.415136181E0
7.944282833E0,6.399123374E-1,5.010256898E0,8.409752650E0
7.954327833E0,6.073823764E-1,5.015163297E0,8.409240434E0
7.964372833E0,5.646811107E-1,5.011204147E0,8.414574848E0
7.974418833E0,5.142713144E-1,4.998583517E0,8.425306243E0
7.984463833E0,4.612521250E-1,4.978890095E0,8.440023685E0
7.994508833E0,4.095851042E-1,4.953478680E0,8.457623219E0
8.004554833E0,3.652093421E-1,4.925471102E0,8.475993417E0
8.014599833E0,3.333211130E-1,4.898072804E0,8.493166689E0
8.024644833E0,3.142798379E-1,4.873118641E0,8.508233795E0
8.034690833E0,3.064228064E-1,4.850719128E0,8.521309923E0
8.044735833E0,3.067535943E-1,4.831474479E0,8.532224920E0
8.054780833E0,3.121376009E-1,4.814917503E0,8.541383999E0
8.064826833E0,3.201198908E-1,4.800029323E0,8.549464851E0
8.074871833E0,3.303496311E-1,4.786200073E0,8.556825326E0
8.084916833E0,3.425566439E-1,4.772511449E0,8.563988165E0
8.094962833E0,3.559522861E-1,4.758562039E0,8.571200706E0
8.105007833E0,3.678222070E-1,4.745176300E0,8.578117962E0
8.115052833E0,3.751009672E-1,4.734164532E0,8.583885071E0
8.125097833E0,3.775421432E-1,4.728055068E0,8.587144893E0
8.135143833E0,3.774321790E-1,4.728638913E0,8.586828559E0
8.145188833E0,3.787714106E-1,4.736432374E0,8.582472968E0
8.155233833E0,3.850546093E-1,4.751204487E0,8.574024326E0
8.165279833E0,3.976758608E-1,4.772076416E0,8.561848084E0
8.175324833E0,4.163956486E-1,4.797453624E0,8.546762853E0
8.185369833E0,4.398150995E-1,4.824104356E0,8.530573082E0
8.195415833E0,4.659440405E-1,4.847602562E0,8.515852717E0
8.205460833E0,4.933299500E-1,4.863716319E0,8.505115474E0
8.215505833E0,5.201009153E-1,4.869534006E0,8.500190365E0
8.225551833E0,5.438421092E-1,4.863603175E0,8.502100065E0
8.235596833E0,5.621119538E-1,4.847581804E0,8.510057541E0
8.245641833E0,5.725038081E-1,4.824509276E0,8.522467087E0
8.255687833E0,5.767173117E-1,4.795606489E0,8.538480856E0
8.265732833E0,5.826039596E-1,4.758985085E0,8.558547331E0
8.275777833E0,5.979613426E-1,4.710054123E0,8.584516570E0
8.285823833E0,6.222655137E-1,4.649385167E0,8.615805606E0
8.295868833E0,6.484706146E-1,4.581441106E0,8.650201267E0
8.305913833E0,6.717610247E-1,4.512308013E0,8.684693992E0
8.315959833E0,6.883618547E-1,4.450407927E0,8.715281362E0
8.326004833E0,6.964678498E-1,4.404232757E0,8.738064453E0
8.336049833E0,6.966681900E-1,4.381725947E0,8.749356011E0
8.346095833E0,6.924671848E-1,4.387042528E0,8.747024726E0
8.356140833E0,6.891691359E-1,4.418148838E0,8.731615559E0
8.366185833E0,6.931795219E-1,4.466921633E0,8.706446804E0
8.376231833E0,7.077537800E-1,4.524314686E0,8.675584030E0
8.386276833E0,7.341388290E-1,4.582136632E0,8.642983464E0
8.396321833E0,7.708196553E-1,4.634042950E0,8.612059879E0
8.406367833E0,8.136354534E-1,4.675599112E0,8.585619940E0
8.416412833E0,8.565027069E-1,4.704259532E0,8.565771566E0
8.426457833E0,8.938083082E-1,4.719892648E0,8.553351495E0
8.436503833E0,9.211387058E-1,4.724704321E0,8.547793717E0
8.446548833E0,9.354738859E-1,4.723909685E0,8.546675729E0
8.456593833E0,9.355895146E-1,4.723393960E0,8.546948209E0
8.466639833E0,9.219218673E-1,4.727281189E0,8.546283966E0
8.476684833E0,8.968726147E-1,4.736873254E0,8.543638101E0
8.486729833E0,8.638564577E-1,4.751025270E0,8.539180768E0
8.496775833E0,8.262773529E-1,4.767956176E0,8.533461022E0
8.506820833E0,7.858180558E-1,4.786181947E0,8.527077616E0
8.516865833E0,7.422171959E-1,4.804034081E0,8.520943303E0
8.526911833E0,6.954774045E-1,4.819287128E0,8.516271377E0
8.536956958E0,6.465594522E-1,4.830399761E0,8.513830165E0
8.547001958E0,5.972620156E-1,4.836069514E0,8.514212573E0
8.557047958E0,5.498427777E-1,4.836035600E0,8.517425033E0
8.567092958E0,5.064725174E-1,4.831431794E0,8.522725534E0
8.577137958E0,4.692629201E-1,4.823870468E0,8.529136421E0
8.587183958E0,4.398402425E-1,4.814968959E0,8.535731496E0
8.597228958E0,4.190951254E-1,4.805468988E0,8.542126595E0
8.607273958E0,4.062307028E-1,4.794591120E0,8.548857910E0
8.617319958E0,3.989484342E-1,4.780946350E0,8.556838775E0
8.627364958E0,3.942807116E-1,4.763173738E0,8.566960890E0
8.637409958E0,3.895055098E-1,4.740098578E0,8.579968021E0
8.647455958E0,3.841922912E-1,4.711171818E0,8.596124462E0
8.657500958E0,3.793769263E-1,4.676482041E0,8.615258891E0
8.667545958E0,3.761537949E-1,4.636535034E0,8.636964340E0
8.677591958E0,3.744986309E-1,4.592546723E0,8.660505815E0
8.687636958E0,3.744230191E-1,4.546147897E0,8.684955363E0
8.697681958E0,3.763781453E-1,4.499822454E0,8.708962861E0
8.707727958E0,3.804433123E-1,4.456834601E0,8.730864192E0
8.717772958E0,3.870255230E-1,4.419991003E0,8.749285260E0
8.727817958E0,3.959192476E-1,4.391760646E0,8.763092290E0
8.737862958E0,4.070686819E-1,4.373776073E0,8.771572507E0
8.747908958E0,4.202824025E-1,4.365805441E0,8.774919453E0
8.757953958E0,4.352029985E-1,4.366208606E0,8.773990915E0
8.767998958E0,4.512572234E-1,4.372649899E0,8.769971539E0
8.778044958E0,4.657027697E-1,4.381876513E0,8.764609643E0
8.788089958E0,4.764199120E-1,4.389588698E0,8.760173360E0
8.798134958E0,4.826027944E-1,4.392214975E0,8.758518598E0
8.808180958E0,4.846089010E-1,4.389217692E0,8.759909651E0
8.818225958E0,4.839419530E-1,4.383001517E0,8.763058961E0
8.828270958E0,4.827303002E-1,4.376500875E0,8.766373748E0
8.838316958E0,4.874074515E-1,4.370707161E0,8.769005579E0
8.848361958E0,5.059313576E-1,4.363430886E0,8.771579524E0
8.858406958E0,5.402045929E-1,4.352274691E0,8.775077328E0
8.868452958E0,5.855207334E-1,4.337088595E0,8.779688442E0
8.878497958E0,6.343560939E-1,4.319038533E0,8.785191842E0
8.888542958E0,6.781757858E-1,4.300369250E0,8.791075310E0
8.898588958E0,7.091604008E-1,4.285360325E0,8.795958320E0
8.908633958E0,7.216649638E-1,4.279623037E0,8.797734119E0
8.918678958E0,7.137661795E-1,4.288940575E0,8.793840458E0
8.928724958E0,6.884907858E-1,4.317526735E0,8.781858929E0
8.938769958E0,6.540150907E-1,4.363591100E0,8.761702992E0
8.948814958E0,6.174913352E-1,4.423421565E0,8.734308786E0
8.958860958E0,5.844510219E-1,4.491879304E0,8.701582505E0
8.968905958E0,5.601892431E-1,4.562196750E0,8.666524939E0
8.978950958E0,5.482939234E-1,4.628572003E0,8.632021689E0
8.988996958E0,5.493485783E-1,4.686209177E0,8.600799896E0
8.999041958E0,5.608406594E-1,4.731722150E0,8.575101383E0
9.009086958E0,5.779624398E-1,4.763279572E0,8.556472739E0
9.019132958E0,5.954266842E-1,4.781698886E0,8.544994070E0
9.029177958E0,6.088842703E-1,4.790195768E0,8.539284849E0
9.039222958E0,6.166879278E-1,4.792357191E0,8.537511973E0
9.049268958E0,6.190974192E-1,4.791354686E0,8.537900228E0
9.059313958E0,6.166925324E-1,4.790226173E0,8.538707144E0
9.069358958E0,6.109783044E-1,4.791176931E0,8.538584937E0
9.079404958E0,6.033679705E-1,4.794064578E0,8.537504956E0
9.089449958E0,5.956015525E-1,4.797484030E0,8.536129691E0
9.099494958E0,5.875352454E-1,4.800205909E0,8.535158468E0
9.109540958E0,5.781575540E-1,4.800697660E0,8.535522165E0
9.119585958E0,5.658186865E-1,4.797895089E0,8.537924201E0
9.129630958E0,5.505224069E-1,4.791076943E0,8.542751663E0
9.139676958E0,5.328353104E-1,4.780787890E0,8.549635005E0
9.149721958E0,5.147903644E-1,4.767919046E0,8.557922848E0
9.159766958E0,4.989524134E-1,4.753803575E0,8.566708875E0
9.169811958E0,4.878178895E-1,4.739929594E0,8.575033556E0
9.179857958E0,4.829735444E-1,4.726768681E0,8.582568862E0
9.189902958E0,4.846070737E-1,4.714351826E0,8.589303685E0
9.199947958E0,4.910848020E-1,4.702688385E0,8.595328072E0
9.209993958E0,5.004264233E-1,4.691143935E0,8.601095181E0
9.220038958E0,5.105115912E-1,4.678754854E0,8.607248790E0
9.230083958E0,5.199909145E-1,4.664725922E0,8.614292931E0
9.240129958E0,5.289204168E-1,4.649183146E0,8.622148080E0
9.250174958E0,5.378152013E-1,4.633029043E0,8.630289159E0
9.260219958E0,5.469327281E-1,4.617279568E0,8.638153664E0
9.270265958E0,5.558981542E-1,4.602968507E0,8.645215931E0
9.280310958E0,5.650748841E-1,4.590775601E0,8.651102323E0
9.290355958E0,5.751000084E-1,4.581958877E0,8.655114682E0
9.300401958E0,5.873902345E-1,4.576596980E0,8.657126125E0
9.310446958E0,6.026640388E-1,4.574164831E0,8.657361767E0
9.320491958E0,6.225334623E-1,4.573962225E0,8.656062516E0
9.330537958E0,6.468663579E-1,4.574897779E0,8.653783856E0
9.340582958E0,6.741420840E-1,4.576176565E0,8.651025140E0
9.350627958E0,7.026021637E-1,4.576803094E0,8.648428976E0
9.360673958E0,7.302900454E-1,4.575252120E0,8.646955478E0
9.370718958E0,7.551229510E-1,4.569902795E0,8.647651296E0
9.380763958E0,7.754306234E-1,4.559013526E0,8.651601090E0
9.390809958E0,7.878286940E-1,4.543373101E0,8.658706042E0
9.400854958E0,7.914525790E-1,4.523527651E0,8.668759745E0
9.410899958E0,7.914619345E-1,4.496849145E0,8.682628171E0
9.420945958E0,7.934259412E-1,4.461236093E0,8.700801317E0
9.430990958E0,7.990970095E-1,4.418038910E0,8.722297436E0
9.441035958E0,8.069053812E-1,4.370898073E0,8.745298628E0
9.451081958E0,8.132282679E-1,4.324632564E0,8.767685863E0
9.461126958E0,8.135926225E-1,4.287127061E0,8.786051967E0
9.471171958E0,8.068803844E-1,4.266589301E0,8.796661740E0
9.481216958E0,7.954103400E-1,4.268714179E0,8.796675773E0
9.491262958E0,7.818752052E-1,4.296696614E0,8.784256872E0
9.501307958E0,7.696141056E-1,4.349332665E0,8.759400943E0
9.511352958E0,7.624950475E-1,4.421627639E0,8.723755732E0
9.521398958E0,7.636753810E-1,4.506364903E0,8.680182865E0
9.531443958E0,7.740047798E-1,4.595005769E0,8.632666637E0
9.541489583E0,7.930264302E-1,4.679410327E0,8.585472005E0
9.551535583E0,8.197517140E-1,4.752823874E0,8.542527130E0
9.561580583E0,8.512385318E-1,4.810882632E0,8.506873732E0
9.571625583E0,8.816871764E-1,4.851978326E0,8.480391108E0
9.581671583E0,9.057126546E-1,4.876781922E0,8.463615446E0
9.591716583E0,9.204601365E-1,4.888361748E0,8.455339882E0
9.601761583E0,9.250962476E-1,4.891950476E0,8.452757751E0
9.611807583E0,9.200577749E-1,4.893287442E0,8.452533803E0
9.621852583E0,9.062205584E-1,4.896747240E0,8.452025095E0
9.631897583E0,8.844127829E-1,4.904880132E0,8.449618966E0
9.641943583E0,8.571086247E-1,4.917249917E0,8.445242325E0
9.651988583E0,8.266569833E-1,4.931407780E0,8.440020761E0
9.662033583E0,7.930358588E-1,4.944621318E0,8.435514897E0
9.672079583E0,7.554712258E-1,4.955098944E0,8.432814653E0
9.682124583E0,7.128875622E-1,4.961549007E0,8.432729284E0
9.692169583E0,6.650148728E-1,4.963508994E0,8.435486830E0
9.702215583E0,6.128235395E-1,4.961584675E0,8.440569815E0
9.712260583E0,5.582822102E-1,4.957576994E0,8.446706468E0
9.722305583E0,5.044847564E-1,4.953504408E0,8.452478254E0
9.732351583E0,4.542287419E-1,4.951305270E0,8.456615744E0
9.742396583E0,4.103441093E-1,4.951549099E0,8.458716064E0
9.752441583E0,3.753755670E-1,4.953811972E0,8.459015442E0
9.762486583E0,3.503441850E-1,4.956802238E0,8.458337165E0
9.772532583E0,3.340533306E-1,4.958296201E0,8.458120818E0
9.782577583E0,3.239733886E-1,4.956078352E0,8.459812417E0
9.792622583E0,3.167302598E-1,4.948010364E0,8.464808278E0
9.802668583E0,3.079250109E-1,4.932478990E0,8.474192474E0
9.812713583E0,2.939512984E-1,4.908948625E0,8.488339813E0
9.822758583E0,2.734189102E-1,4.877991126E0,8.506852682E0
9.832804583E0,2.477676868E-1,4.841157468E0,8.528652272E0
9.842849583E0,2.184772660E-1,4.801353132E0,8.551922436E0
9.852894583E0,1.871822186E-1,4.762412138E0,8.574409073E0
9.862940583E0,1.566018290E-1,4.728786847E0,8.593610744E0
9.872985583E0,1.300670547E-1,4.704493420E0,8.607376260E0
9.883030583E0,1.107031138E-1,4.692134453E0,8.614389995E0
9.893076583E0,1.000775810E-1,4.692119835E0,8.614527989E0
9.903121583E0,9.842851996E-2,4.702018879E0,8.609147966E0
9.913166583E0,1.041754285E-1,4.717642931E0,8.600528585E0
9.923212583E0,1.132381742E-1,4.734313928E0,8.591248469E0
9.933257583E0,1.208614816E-1,4.748340229E0,8.583400337E0
9.943302583E0,1.238671057E-1,4.756672511E0,8.578742445E0
9.953348583E0,1.218455954E-1,4.757826167E0,8.578131410E0
9.963393583E0,1.154064405E-1,4.750897216E0,8.582060155E0
9.973438583E0,1.048528010E-1,4.735344500E0,8.590786539E0
9.983484583E0,9.031273082E-2,4.712857862E0,8.603308352E0
9.993529583E0,7.655894214E-2,4.684405603E0,8.618966610E0
1.000357458E1,7.162788925E-2,4.647262920E0,8.639092727E0
1.001361958E1,7.644712784E-2,4.599934972E0,8.664343928E0
1.002366558E1,8.475389253E-2,4.544027112E0,8.693718585E0
1.003371058E1,8.956651647E-2,4.484750671E0,8.724396002E0
1.004375558E1,8.608215152E-2,4.427914565E0,8.753414564E0
1.005380158E1,7.327099339E-2,4.379630597E0,8.777788682E0
1.006384658E1,5.471082085E-2,4.347020968E0,8.794118201E0
1.007389158E1,3.478966319E-2,4.337009073E0,8.799161425E0
1.008393758E1,1.568735440E-2,4.354102531E0,8.790770670E0
1.009398258E1,8.731703807E-4,4.398295787E0,8.768756488E0
1.010402758E1,-5.156420799E-3,4.465060464E0,8.734947302E0
1.011407358E1,-4.145178399E-4,4.547808214E0,8.692153870E0
1.012411858E1,1.463073170E-2,4.638242713E0,8.644223074E0
1.013416358E1,3.855386308E-2,4.727309548E0,8.595763689E0
1.014420958E1,6.796585574E-2,4.806468861E0,8.551569264E0
1.015425458E1,9.761922877E-2,4.870036282E0,8.515240513E0
1.016429958E1,1.220207560E-1,4.915397519E0,8.488821039E0
1.017434558E1,1.364173958E-1,4.942902237E0,8.472615480E0
1.018439058E1,1.384813625E-1,4.955197762E0,8.465397093E0
1.019443558E1,1.288732908E-1,4.956778849E0,8.464622921E0
1.020448158E1,1.107259728E-1,4.953124924E0,8.467017941E0
1.021452658E1,8.828390230E-2,4.949237695E0,8.469554463E0
1.022457158E1,6.678617085E-2,4.948565850E0,8.470143862E0
1.023461758E1,5.018553732E-2,4.952774675E0,8.467797959E0
1.024466258E1,3.985091256E-2,4.962124958E0,8.462377006E0
1.025470758E1,3.612678208E-2,4.975399307E0,8.454596116E0
1.026475258E1,3.739564158E-2,4.991590832E0,8.445041181E0
1.027479858E1,4.206909036E-2,5.009788536E0,8.434236696E0
1.028484358E1,4.904241580E-2,5.028951032E0,8.422787263E0
1.029488858E1,5.751686310E-2,5.048281342E0,8.411161829E0
1.030493458E1,6.712351865E-2,5.066556814E0,8.400094804E0
1.031497958E1,7.815540103E-2,5.082211565E0,8.390537530E0
1.032502458E1,9.055020086E-2,5.094540419E0,8.382932641E0
1.033507058E1,1.044088785E-1,5.102827093E0,8.377729788E0
1.034511558E1,1.195520525E-1,5.106625444E0,8.375212562E0
1.035516058E1,1.356699298E-1,5.105683458E0,8.375541176E0
1.036520658E1,1.522445661E-1,5.099528094E0,8.379005651E0
1.037525158E1,1.691716250E-1,5.088161107E0,8.385589031E0
1.038529658E1,1.859907388E-1,5.071360302E0,8.395404752E0
1.039534258E1,2.028217663E-1,5.049382372E0,8.408251669E0
1.040538758E1,2.189516031E-1,5.023645853E0,8.423249778E0
1.041543258E1,2.338823769E-1,4.995769837E0,8.439412066E0
1.042547858E1,2.470720509E-1,4.968150514E0,8.455325848E0
1.043552358E1,2.582848726E-1,4.942972988E0,8.469734557E0
1.044556858E1,2.675665783E-1,4.921710758E0,8.481820167E0
1.045561458E1,2.764707000E-1,4.905084200E0,8.491161094E0
1.046565958E1,2.869645152E-1,4.893677744E0,8.497392472E0
1.047570458E1,3.000880791E-1,4.886475436E0,8.501082650E0
1.048574958E1,3.153537522E-1,4.880651902E0,8.503874695E0
1.049579558E1,3.299821701E-1,4.873289380E0,8.507541484E0
1.050584058E1,3.407919177E-1,4.861340887E0,8.513948863E0
1.051588558E1,3.452715427E-1,4.842429238E0,8.524539340E0
1.052593158E1,3.416291294E-1,4.815166887E0,8.540114568E0
1.053597633E1,3.280289443E-1,4.780337362E0,8.560190983E0
1.054602133E1,3.034575189E-1,4.740455551E0,8.583244801E0
1.055606733E1,2.710210585E-1,4.696960452E0,8.608205979E0
1.056611233E1,2.393980920E-1,4.648621521E0,8.635340568E0
1.057615733E1,2.180309407E-1,4.592805754E0,8.665719777E0
1.058620333E1,2.138467463E-1,4.530335272E0,8.698645449E0
1.059624833E1,2.280702628E-1,4.467231828E0,8.730860683E0
1.060629333E1,2.568464576E-1,4.410835725E0,8.758690506E0
1.061633933E1,2.967510914E-1,4.368416807E0,8.778665764E0
1.062638433E1,3.430833319E-1,4.347285847E0,8.787462900E0
1.063642933E1,3.895237458E-1,4.352238731E0,8.783073980E0
1.064647533E1,4.293075433E-1,4.383610505E0,8.765600746E0
1.065652033E1,4.580403225E-1,4.436382503E0,8.737551652E0
1.066656533E1,4.761542292E-1,4.500899219E0,8.703521442E0
1.067661033E1,4.856820843E-1,4.567843406E0,8.668045800E0
1.068665633E1,4.897963315E-1,4.628843898E0,8.635392609E0
1.069670133E1,4.906012372E-1,4.677688907E0,8.608985998E0
1.070674633E1,4.892067859E-1,4.710573355E0,8.591115738E0
1.071679233E1,4.857462941E-1,4.725776993E0,8.582958287E0
1.072683733E1,4.804853349E-1,4.723474652E0,8.584522417E0
1.073688233E1,4.726774016E-1,4.706038547E0,8.594525834E0
1.074692833E1,4.617177461E-1,4.677472852E0,8.610700402E0
1.075697333E1,4.463514095E-1,4.644136414E0,8.629534868E0
1.076701833E1,4.265143284E-1,4.613286797E0,8.647067159E0
1.077706433E1,4.027967061E-1,4.591938027E0,8.659559151E0
1.078710933E1,3.760152890E-1,4.584761740E0,8.664564368E0
1.079715433E1,3.474176536E-1,4.593087298E0,8.661348399E0
1.080720033E1,3.189537367E-1,4.615416937E0,8.650566133E0
1.081724533E1,2.917348930E-1,4.648169823E0,8.633974074E0
1.082729033E1,2.635127037E-1,4.686637193E0,8.614063720E0
1.083733633E1,2.316684018E-1,4.726699684E0,8.593063445E0
1.084738133E1,1.941149151E-1,4.765069113E0,8.572778869E0
1.085742633E1,1.507063738E-1,4.798471332E0,8.555002164E0
1.086747233E1,1.031607721E-1,4.825482253E0,8.540502239E0
1.087751733E1,5.435805559E-2,4.846417916E0,8.529090228E0
1.088756233E1,7.595906578E-3,4.862424084E0,8.520145158E0
1.089760733E1,-3.550853953E-2,4.874807317E0,8.512995767E0
1.090765333E1,-7.381900084E-2,4.884448206E0,8.507221642E0
1.091769833E1,-1.077859288E-1,4.891422181E0,8.502850848E0
1.092774333E1,-1.378592461E-1,4.895840629E0,8.499872861E0
1.093778933E1,-1.643610293E-1,4.897450660E0,8.498474207E0
1.094783433E1,-1.877958839E-1,4.894782283E0,8.499526121E0
1.095787933E1,-2.092609760E-1,4.886058822E0,8.504042510E0
1.096792533E1,-2.298169723E-1,4.870493826E0,8.512436188E0
1.097797033E1,-2.499770938E-1,4.848552734E0,8.524385558E0
1.098801533E1,-2.695084934E-1,4.821864580E0,8.538916474E0
1.099806133E1,-2.873103232E-1,4.792606575E0,8.554792249E0
1.100810633E1,-3.028673886E-1,4.764345812E0,8.570028339E0
1.101815133E1,-3.156157805E-1,4.740680669E0,8.582682298E0
1.102819733E1,-3.252637960E-1,4.724924177E0,8.591006395E0
1.103824233E1,-3.307855045E-1,4.719618121E0,8.593711901E0
1.104828733E1,-3.299532630E-1,4.726000649E0,8.590235732E0
1.105833233E1,-3.209038562E-1,4.743448741E0,8.580956785E0
1.106837833E1,-3.037042531E-1,4.769748347E0,8.566993049E0
1.107842333E1,-2.811545390E-1,4.801492881E0,8.550012735E0
1.108846833E1,-2.571135291E-1,4.834853585E0,8.531950686E0
1.109851433E1,-2.347271351E-1,4.865888852E0,8.514935873E0
1.110855933E1,-2.169406908E-1,4.890874881E0,8.501081480E0
1.111860433E1,-2.047610137E-1,4.907016120E0,8.492076768E0
1.112865033E1,-2.023703065E-1,4.913503021E0,8.488382497E0
1.113869533E1,-2.136479592E-1,4.910823242E0,8.489656606E0
1.114874033E1,-2.384347084E-1,4.900868065E0,8.494747776E0
1.115878633E1,-2.714163302E-1,4.884032762E0,8.503449603E0
1.116883133E1,-3.077116241E-1,4.860881588E0,8.515470893E0
1.117887633E1,-3.439671020E-1,4.832957625E0,8.529965556E0
1.118892233E1,-3.785680372E-1,4.802479891E0,8.545699244E0
1.119896733E1,-4.138495151E-1,4.773441449E0,8.560320207E0
1.120901233E1,-4.523642841E-1,4.750937562E0,8.570884371E0
1.121905833E1,-4.930568485E-1,4.740251483E0,8.574555838E0
1.122910333E1,-5.324665704E-1,4.747206746E0,8.568349019E0
1.123914833E1,-5.660116811E-1,4.775805478E0,8.550287554E0
1.124919333E1,-5.891073424E-1,4.825447169E0,8.520804724E0
1.125923933E1,-6.009780307E-1,4.892104551E0,8.481876885E0
1.126928433E1,-6.028856483E-1,4.969769023E0,8.436469747E0
1.127932933E1,-5.965998549E-1,5.051234770E0,8.388396864E0
1.128937533E1,-5.838882639E-1,5.129264109E0,8.341811512E0
1.129942033E1,-5.660728576E-1,5.197639695E0,8.300614370E0
1.130946533E1,-5.445391338E-1,5.250942913E0,8.268444158E0
1.131951133E1,-5.215275263E-1,5.284646848E0,8.248431478E0
1.132955633E1,-5.000072511E-1,5.296260003E0,8.242312952E0
1.133960133E1,-4.827509117E-1,5.287083968E0,8.249230208E0
1.134964733E1,-4.709690280E-1,5.262127467E0,8.265851503E0
1.135969233E1,-4.649543992E-1,5.228138772E0,8.287731199E0
1.136973733E1,-4.652070355E-1,5.192461985E0,8.310115510E0
1.137978333E1,-4.709287553E-1,5.161408592E0,8.329116622E0
1.138982833E1,-4.798176559E-1,5.138078787E0,8.343022470E0
1.139987333E1,-4.889467676E-1,5.122307677E0,8.352185057E0
1.140991833E1,-4.958639871E-1,5.111453490E0,8.358424621E0
1.141996433E1,-4.998601570E-1,5.102519529E0,8.363643846E0
1.143000933E1,-5.019555068E-1,5.093544638E0,8.368987032E0
1.144005433E1,-5.029705834E-1,5.083986779E0,8.374736014E0
1.145010033E1,-5.027101265E-1,5.074619540E0,8.380430617E0
1.146014533E1,-4.998726920E-1,5.066797720E0,8.385331753E0
1.147019033E1,-4.935828421E-1,5.060918929E0,8.389253481E0
1.148023633E1,-4.827330411E-1,5.056335881E0,8.392647790E0
1.149028133E1,-4.665487156E-1,5.052890117E0,8.395638056E0
1.150032633E1,-4.442509800E-1,5.050210923E0,8.398458753E0
1.151037233E1,-4.169572006E-1,5.047030038E0,8.401769446E0
1.152041733E1,-3.869123062E-1,5.041595635E0,8.406468269E0
1.153046233E1,-3.568099264E-1,5.032184542E0,8.413435811E0
1.154050871E1,-3.292995077E-1,5.017401611E0,8.423381340E0
1.155055371E1,-3.067419730E-1,4.996397828E0,8.436707144E0
1.156059871E1,-2.897559577E-1,4.969494204E0,8.453181090E0
1.157064371E1,-2.784027297E-1,4.937267275E0,8.472424861E0
1.158068971E1,-2.721518369E-1,4.901119203E0,8.493589443E0
1.159073471E1,-2.715129372E-1,4.862902971E0,8.515548077E0
1.160077971E1,-2.769682615E-1,4.825436352E0,8.536659449E0
1.161082571E1,-2.874265731E-1,4.792320646E0,8.554948955E0
1.162087071E1,-3.000367515E-1,4.766650492E0,8.568846032E0
1.163091571E1,-3.125952917E-1,4.751046905E0,8.577059031E0
1.164096171E1,-3.226706655E-1,4.746650676E0,8.579119590E0
1.165100671E1,-3.282196731E-1,4.752999875E0,8.575393159E0
1.166105171E1,-3.285228147E-1,4.767852387E0,8.567132213E0
1.167109771E1,-3.239669932E-1,4.788176432E0,8.555963446E0
1.168114271E1,-3.175442654E-1,4.810614830E0,8.543608865E0
1.169118771E1,-3.127920505E-1,4.832126444E0,8.531636106E0
1.170123371E1,-3.133032433E-1,4.851628370E0,8.520542768E0
1.171127871E1,-3.223481550E-1,4.869559149E0,8.509969833E0
1.172132371E1,-3.407099105E-1,4.886674826E0,8.499437243E0
1.173136871E1,-3.638543595E-1,4.901542834E0,8.489910960E0
1.174141471E1,-3.855160642E-1,4.910909781E0,8.483539833E0
1.175145971E1,-3.990797408E-1,4.911199803E0,8.482744612E0
1.176150471E1,-3.997275026E-1,4.901121542E0,8.488540957E0
1.177155071E1,-3.867725943E-1,4.883028795E0,8.499560620E0
1.178159571E1,-3.631468830E-1,4.861372755E0,8.513006292E0
1.179164071E1,-3.308745649E-1,4.840232439E0,8.526357824E0
1.180168671E1,-2.903392723E-1,4.823157400E0,8.537503202E0
1.181173171E1,-2.436980978E-1,4.814448849E0,8.543874328E0
1.182177671E1,-1.942505339E-1,4.817398185E0,8.543479056E0
1.183182271E1,-1.456915184E-1,4.833017852E0,8.535620399E0
1.184186771E1,-1.017757586E-1,4.860532802E0,8.520619951E0
1.185191271E1,-6.332656064E-2,4.896927919E0,8.500128384E0
1.186195871E1,-2.895026819E-2,4.936801836E0,8.477219578E0
1.187200371E1,2.147396230E-3,4.974025796E0,8.455481384E0
1.188204871E1,2.958411779E-2,5.002445603E0,8.438646666E0
1.189209371E1,5.217822730E-2,5.017658889E0,8.429500451E0
1.190213971E1,6.847999959E-2,5.017383485E0,8.429547814E0
1.191218471E1,7.678727134E-2,5.002359064E0,8.438401083E0
1.192222971E1,7.636173565E-2,4.977081551E0,8.453338380E0
1.193227571E1,6.822713492E-2,4.947777060E0,8.470592929E0
1.194232071E1,5.524631160E-2,4.920175279E0,8.486749955E0
1.195236571E1,4.003988726E-2,4.898637352E0,8.499285216E0
1.196241171E1,2.494680069E-2,4.885506845E0,8.506897121E0
1.197245671E1,1.152038071E-2,4.880828780E0,8.509610814E0
1.198250171E1,-5.512346569E-4,4.881898236E0,8.509005042E0
1.199254771E1,-1.342736216E-2,4.885488134E0,8.506933959E0
1.200259271E1,-2.902087332E-2,4.888609962E0,8.505101441E0
1.201263771E1,-4.829325499E-2,4.888455303E0,8.505102611E0
1.202268271E1,-7.203937791E-2,4.883472598E0,8.507796423E0
1.203272871E1,-9.979262969E-2,4.873151678E0,8.513432554E0
1.204277371E1,-1.312209113E-1,4.858285425E0,8.521499373E0
1.205281871E1,-1.653327452E-1,4.839872250E0,8.531377659E0
1.206286471E1,-2.001923831E-1,4.819386530E0,8.542220736E0
1.207290971E1,-2.331524799E-1,4.798207623E0,8.553300040E0
1.208295471E1,-2.615020655E-1,4.776930482E0,8.564382852E0
1.209300071E1,-2.825149120E-1,4.754691474E0,8.576083131E0
1.210304571E1,-2.951478945E-1,4.730048092E0,8.589274449E0
1.211309071E1,-2.997360219E-1,4.701838492E0,8.604590646E0
1.212313671E1,-2.983085887E-1,4.670034609E0,8.621942258E0
1.213318171E1,-2.929818117E-1,4.634848404E0,8.641090720E0
1.214322671E1,-2.856924900E-1,4.597577375E0,8.661222099E0
1.215327271E1,-2.768595581E-1,4.560042636E0,8.681328335E0
1.216331771E1,-2.664612170E-1,4.523879068E0,8.700552810E0
1.217336271E1,-2.551746107E-1,4.491364456E0,8.717719651E0
1.218340771E1,-2.441372602E-1,4.465113382E0,8.731509724E0
1.219345371E1,-2.348036057E-1,4.447919936E0,8.740536071E0
1.220349871E1,-2.292306245E-1,4.441908706E0,8.743740345E0
1.221354371E1,-2.289228782E-1,4.447722885E0,8.740792764E0
1.222358971E1,-2.346540997E-1,4.464071116E0,8.732302607E0
1.223363471E1,-2.455051981E-1,4.488015171E0,8.719721738E0
1.224367971E1,-2.603392918E-1,4.515431596E0,8.705124748E0
1.225372571E1,-2.796582548E-1,4.542143724E0,8.690616637E0
1.226377071E1,-3.035701326E-1,4.565073872E0,8.677790185E0
1.227381571E1,-3.318130795E-1,4.582357072E0,8.667641172E0
1.228386171E1,-3.632844387E-1,4.593025025E0,8.660729764E0
1.229390671E1,-3.957761005E-1,4.597318928E0,8.657027307E0
1.230395171E1,-4.279351653E-1,4.597090594E0,8.655618712E0
1.231399671E1,-4.591315957E-1,4.594415493E0,8.655440372E0
1.232404271E1,-4.870439374E-1,4.589884778E0,8.656318039E0
1.233408771E1,-5.075083151E-1,4.580257337E0,8.660241521E0
1.234413271E1,-5.163912955E-1,4.560254305E0,8.670266572E0
1.235417871E1,-5.119505910E-1,4.527212274E0,8.687827515E0
1.236422371E1,-4.978450969E-1,4.481335897E0,8.712398100E0
1.237426871E1,-4.807410409E-1,4.424949735E0,8.742128268E0
1.238431471E1,-4.655679549E-1,4.363363351E0,8.773848243E0
1.239435971E1,-4.565465782E-1,4.303566800E0,8.803804699E0
1.240440471E1,-4.591127019E-1,4.254176247E0,8.827643797E0
1.241445071E1,-4.717118071E-1,4.222750386E0,8.842056599E0
1.242449571E1,-4.905244560E-1,4.216117889E0,8.844197849E0
1.243454071E1,-5.122300879E-1,4.236358611E0,8.833288114E0
1.244458671E1,-5.329754609E-1,4.282603947E0,8.809729682E0
1.245463171E1,-5.496347995E-1,4.348098902E0,8.776561936E0
1.246467671E1,-5.604731254E-1,4.424451552E0,8.737631174E0
1.247472171E1,-5.661576423E-1,4.502283255E0,8.697414025E0
1.248476771E1,-5.682344636E-1,4.572617365E0,8.660506985E0
1.249481271E1,-5.665058440E-1,4.629320154E0,8.630444110E0
1.250485771E1,-5.602716523E-1,4.669220677E0,8.609330399E0
1.251490371E1,-5.486426732E-1,4.692013708E0,8.597679822E0
1.252494871E1,-5.320197335E-1,4.699536736E0,8.594614711E0
1.253499371E1,-5.107332007E-1,4.695890412E0,8.597899092E0
1.254503933E1,-4.855404721E-1,4.684997342E0,8.605297574E0
1.255508433E1,-4.582126692E-1,4.669962981E0,8.614963022E0
1.256512933E1,-4.312146493E-1,4.653390217E0,8.625318441E0
1.257517433E1,-4.070303461E-1,4.638084838E0,8.634731873E0
1.258522033E1,-3.882706875E-1,4.625949819E0,8.642102873E0
1.259526533E1,-3.762385430E-1,4.617729803E0,8.647029737E0
1.260531033E1,-3.690274277E-1,4.613381229E0,8.649660984E0
1.261535633E1,-3.652155548E-1,4.612256517E0,8.650422292E0
1.262540133E1,-3.649051407E-1,4.612822820E0,8.650133439E0
1.263544633E1,-3.672130367E-1,4.613507237E0,8.649670925E0
1.264549233E1,-3.715111788E-1,4.613108456E0,8.649700161E0
1.265553733E1,-3.767230944E-1,4.611233254E0,8.650474332E0
1.266558233E1,-3.815348047E-1,4.608030442E0,8.651970050E0
1.267562833E1,-3.841780751E-1,4.604465395E0,8.653751112E0
1.268567333E1,-3.827885209E-1,4.601959278E0,8.655145673E0
1.269571833E1,-3.757651012E-1,4.601903437E0,8.655482472E0
1.270576333E1,-3.628667282E-1,4.604859497E0,8.654460964E0
1.271580933E1,-3.452363132E-1,4.609740753E0,8.652583423E0
1.272585433E1,-3.253858932E-1,4.614966409E0,8.650566718E0
1.273589933E1,-3.056042510E-1,4.618878489E0,8.649200224E0
1.274594533E1,-2.866025543E-1,4.619765804E0,8.649377394E0
1.275599033E1,-2.692760300E-1,4.616579071E0,8.651635004E0
1.276603533E1,-2.546343462E-1,4.609656553E0,8.655768401E0
1.277608133E1,-2.438828698E-1,4.600657980E0,8.660864249E0
1.278612633E1,-2.377049576E-1,4.591843303E0,8.665712761E0
1.279617133E1,-2.358929968E-1,4.585832950E0,8.668943932E0
1.280621733E1,-2.375950299E-1,4.584187251E0,8.669767805E0
1.281626233E1,-2.410157059E-1,4.587525719E0,8.667907805E0
1.282630733E1,-2.442712711E-1,4.596743269E0,8.662931240E0
1.283635333E1,-2.467291482E-1,4.612420824E0,8.654524698E0
1.284639833E1,-2.489870505E-1,4.633764623E0,8.643050707E0
1.285644333E1,-2.507886142E-1,4.659013777E0,8.629414415E0
1.286648833E1,-2.528789207E-1,4.685480322E0,8.615012138E0
1.287653433E1,-2.564500529E-1,4.710773915E0,8.601101612E0
1.288657933E1,-2.628135777E-1,4.732502753E0,8.588972733E0
1.289662433E1,-2.736684219E-1,4.748438754E0,8.579832950E0
1.290667033E1,-2.908112339E-1,4.756215551E0,8.574960465E0
1.291671533E1,-3.145213645E-1,4.754374555E0,8.575144068E0
1.292676033E1,-3.471711569E-1,4.745572742E0,8.578759401E0
1.293680633E1,-3.913120802E-1,4.732405397E0,8.584131238E0
1.294685133E1,-4.421440455E-1,4.714319374E0,8.591612166E0
1.295689633E1,-4.877614273E-1,4.687603153E0,8.603752740E0
1.296694233E1,-5.221520454E-1,4.651183186E0,8.621482083E0
1.297698733E1,-5.407866101E-1,4.605233719E0,8.644968009E0
1.298703233E1,-5.500729022E-1,4.552416404E0,8.672313682E0
1.299707733E1,-5.556974851E-1,4.494537740E0,8.702093552E0
1.300712333E1,-5.578190742E-1,4.435237910E0,8.732330673E0
1.301716833E1,-5.600636010E-1,4.380134043E0,8.759957598E0
1.302721333E1,-5.730381706E-1,4.334989737E0,8.781548442E0
1.303725933E1,-6.127379874E-1,4.296694860E0,8.797673893E0
1.304730433E1,-6.514703824E-1,4.272931483E0,8.806459919E0
1.305734933E1,-6.810155591E-1,4.273862360E0,8.803773124E0
1.306739533E1,-7.143013459E-1,4.284917983E0,8.795757760E0
1.307744033E1,-7.412656347E-1,4.303530255E0,8.784432288E0
1.308748533E1,-7.304508439E-1,4.342752500E0,8.766016483E0
1.309753033E1,-7.168579678E-1,4.393085625E0,8.742025942E0
1.310757633E1,-7.460066302E-1,4.428890758E0,8.721496952E0
1.311762133E1,-7.938924028E-1,4.434866320E0,8.714229448E0
1.312766633E1,-8.587350277E-1,4.410802689E0,8.720291841E0
1.313771233E1,-9.392876592E-1,4.363030937E0,8.736006233E0
1.314775733E1,-1.033585998E0,4.298017792E0,8.757559070E0
1.315780233E1,-1.142983529E0,4.219091491E0,8.782309164E0
1.316784833E1,-1.250992932E0,4.127158643E0,8.811224815E0
1.317789333E1,-1.347231962E0,4.029971779E0,8.841967721E0
1.318793833E1,-1.429557396E0,3.942272315E0,8.868537469E0
1.319798433E1,-1.505156047E0,3.870791273E0,8.887495896E0
1.320802933E1,-1.582288131E0,3.810964317E0,8.899944618E0
1.321807433E1,-1.634639129E0,3.759270253E0,8.912459999E0
1.322811933E1,-1.646904687E0,3.719245769E0,8.926982728E0
1.323816533E1,-1.630912845E0,3.695858076E0,8.939622654E0
1.324821033E1,-1.593107087E0,3.691120662E0,8.948392893E0
1.325825533E1,-1.555076651E0,3.701021752E0,8.950993150E0
1.326830133E1,-1.536910083E0,3.723857176E0,8.944657107E0
1.327834633E1,-1.537504598E0,3.763637246E0,8.927889631E0
1.328839133E1,-1.532744672E0,3.823282938E0,8.903330741E0
1.329843733E1,-1.508193383E0,3.902409799E0,8.873142151E0
1.330848233E1,-1.470377832E0,3.980796111E0,8.844622942E0
1.331852733E1,-1.415207890E0,4.016405654E0,8.837520913E0
1.332857333E1,-1.321223546E0,4.009401274E0,8.855233884E0
1.333861833E1,-1.213219041E0,3.977374028E0,8.885082750E0
1.334866333E1,-1.124775592E0,3.940670178E0,8.913029518E0
1.335870833E1,-1.050577276E0,3.911502804E0,8.934905121E0
1.336875433E1,-9.850614906E-1,3.888869110E0,8.952231590E0
1.337879933E1,-9.289243466E-1,3.866002696E0,8.968122568E0
1.338884433E1,-8.837600143E-1,3.838608491E0,8.984439808E0
1.339889033E1,-8.471432150E-1,3.808216125E0,9.000885687E0
1.340893533E1,-8.182627936E-1,3.779571785E0,9.015618916E0
1.341898033E1,-7.999879058E-1,3.758032689E0,9.026256756E0
1.342902633E1,-7.945070913E-1,3.748257899E0,9.030804135E0
1.343907133E1,-8.039960260E-1,3.751700447E0,9.028534246E0
1.344911633E1,-8.298928325E-1,3.765486428E0,9.020448716E0
1.345916233E1,-8.710618354E-1,3.784857376E0,9.008451984E0
1.346920733E1,-9.232724279E-1,3.804550798E0,8.994946670E0
1.347925233E1,-9.843593862E-1,3.819717891E0,8.982031340E0
1.348929733E1,-1.049782932E0,3.829030751E0,8.970650904E0
1.349934333E1,-1.115636102E0,3.835981629E0,8.959726551E0
1.350938833E1,-1.182636569E0,3.844016288E0,8.947681872E0
1.351943333E1,-1.252901317E0,3.854032568E0,8.933799412E0
1.352947933E1,-1.324526346E0,3.863615278E0,8.919316444E0
1.353952450E1,-1.392721691E0,3.868300067E0,8.906889356E0
1.354956950E1,-1.449344812E0,3.861225228E0,8.900923442E0
1.355961550E1,-1.492731445E0,3.834242959E0,8.905415858E0
1.356966050E1,-1.525227053E0,3.777572622E0,8.924109406E0
1.357970550E1,-1.548077534E0,3.687034920E0,8.957975895E0
1.358975150E1,-1.560601685E0,3.573892174E0,9.001550515E0
1.359979650E1,-1.566450508E0,3.464119471E0,9.043351675E0
1.360984150E1,-1.570089523E0,3.382994324E0,9.073382390E0
1.361988650E1,-1.566666563E0,3.343059303E0,9.088762906E0
1.362993250E1,-1.541059851E0,3.339214759E0,9.094552234E0
1.363997750E1,-1.488995220E0,3.361878566E0,9.094875585E0
1.365002250E1,-1.415403041E0,3.401318036E0,9.091961918E0
1.366006850E1,-1.331991048E0,3.445956850E0,9.087754846E0
1.367011350E1,-1.244336754E0,3.484713365E0,9.085400172E0
1.368015850E1,-1.150626717E0,3.508576729E0,9.088567024E0
1.369020450E1,-1.050272782E0,3.514601407E0,9.098385084E0
1.370024950E1,-9.472124637E-1,3.505503725E0,9.113195497E0
1.371029450E1,-8.473582464E-1,3.488058849E0,9.129705695E0
1.372034050E1,-7.570748978E-1,3.469908799E0,9.144543005E0
1.373038550E1,-6.832486839E-1,3.456513121E0,9.155424088E0
1.374043050E1,-6.313330834E-1,3.450209237E0,9.161526827E0
1.375047550E1,-6.020675498E-1,3.450248998E0,9.163481551E0
1.376052150E1,-5.920473590E-1,3.455541606E0,9.162140200E0
1.377056650E1,-5.950495753E-1,3.465295638E0,9.158260573E0
1.378061150E1,-6.047711561E-1,3.479312584E0,9.152307522E0
1.379065750E1,-6.125290225E-1,3.496834643E0,9.145111354E0
1.380070250E1,-6.128810249E-1,3.516660797E0,9.137481907E0
1.381074750E1,-6.041900890E-1,3.537649670E0,9.129955956E0
1.382079350E1,-5.851886847E-1,3.557909980E0,9.123318197E0
1.383083850E1,-5.541862722E-1,3.575724984E0,9.118287837E0
1.384088350E1,-5.121339378E-1,3.590880674E0,9.114790033E0
1.385092850E1,-4.613388465E-1,3.603812961E0,9.112397937E0
1.386097450E1,-4.055283060E-1,3.616361378E0,9.110081270E0
1.387101950E1,-3.484493948E-1,3.631311832E0,9.106495172E0
1.388106450E1,-2.933235450E-1,3.649850721E0,9.101024517E0
1.389111050E1,-2.433171700E-1,3.669730670E0,9.094502533E0
1.390115550E1,-2.023305454E-1,3.686757177E0,9.088618480E0
1.391120050E1,-1.718505999E-1,3.698150184E0,9.084616646E0
1.392124650E1,-1.534240500E-1,3.703449224E0,9.082787052E0
1.393129150E1,-1.481135265E-1,3.705852722E0,9.081895351E0
1.394133650E1,-1.579736223E-1,3.710351862E0,9.079892095E0
1.395138250E1,-1.850107637E-1,3.720928598E0,9.075051770E0
1.396142750E1,-2.279742588E-1,3.738702087E0,9.066765681E0
1.397147250E1,-2.826329709E-1,3.762073408E0,9.055551891E0
1.398151750E1,-3.444559658E-1,3.787893250E0,9.042638900E0
1.399156350E1,-4.088442985E-1,3.812679890E0,9.029530612E0
1.400160850E1,-4.721386173E-1,3.834998712E0,9.016982487E0
1.401165350E1,-5.314568293E-1,3.854769902E0,9.005243032E0
1.402169950E1,-5.838398417E-1,3.870527564E0,8.995234938E0
1.403174450E1,-6.271018919E-1,3.879554495E0,8.988431702E0
1.404178950E1,-6.577832557E-1,3.880277796E0,8.985926170E0
1.405183550E1,-6.667268644E-1,3.869596395E0,8.989871871E0
1.406188050E1,-6.613195056E-1,3.853770028E0,8.997066870E0
1.407192550E1,-6.521300945E-1,3.845621349E0,9.001223656E0
1.408197150E1,-6.403767525E-1,3.847082275E0,9.001442927E0
1.409201650E1,-6.308482761E-1,3.855140031E0,8.998667838E0
1.410206150E1,-6.253543784E-1,3.865975214E0,8.994402294E0
1.411210650E1,-6.280068216E-1,3.874998052E0,8.990333802E0
1.412215250E1,-6.496051937E-1,3.875942962E0,8.988391356E0
1.413219750E1,-7.109427052E-1,3.866198285E0,8.987945799E0
1.414224250E1,-8.006130463E-1,3.850429806E0,8.987174551E0
1.415228850E1,-8.815180457E-1,3.836015835E0,8.985767126E0
1.416233350E1,-9.524443330E-1,3.816724701E0,8.986743611E0
1.417237850E1,-1.005720215E0,3.790128056E0,8.992194386E0
1.418242450E1,-1.063457304E0,3.771980930E0,8.993181980E0
1.419246950E1,-1.117513570E0,3.769000312E0,8.987875047E0
1.420251450E1,-1.164045858E0,3.780672816E0,8.977060622E0
1.421255950E1,-1.200572391E0,3.802409840E0,8.963057710E0
1.422260550E1,-1.213126290E0,3.830320062E0,8.949473459E0
1.423265050E1,-1.190465990E0,3.859784474E0,8.939851865E0
1.424269550E1,-1.131105934E0,3.885629752E0,8.936362832E0
1.425274150E1,-1.045569282E0,3.902428510E0,8.939459517E0
1.426278650E1,-9.456502338E-1,3.905733064E0,8.949139583E0
1.427283150E1,-8.375181864E-1,3.893685461E0,8.965148090E0
1.428287750E1,-7.353088568E-1,3.869445829E0,8.984587158E0
1.429292250E1,-6.559866987E-1,3.839610996E0,9.003508748E0
1.430296750E1,-6.108742240E-1,3.810257681E0,9.019138940E0
1.431301350E1,-6.044474396E-1,3.785328369E0,9.030062708E0
1.432305850E1,-6.338272863E-1,3.767218080E0,9.035619902E0
1.433310350E1,-6.903108048E-1,3.758316864E0,9.035188377E0
1.434314850E1,-7.636782315E-1,3.758718275E0,9.029115459E0
1.435319450E1,-8.388952788E-1,3.763953872E0,9.020255173E0
1.436323950E1,-9.103014763E-1,3.771423398E0,9.010206149E0
1.437328450E1,-9.817950898E-1,3.778721893E0,8.999635552E0
1.438333050E1,-1.043240409E0,3.782522290E0,8.991122006E0
1.439337550E1,-1.076428109E0,3.783914805E0,8.986623158E0
1.440342050E1,-1.109931997E0,3.783896386E0,8.982554081E0
1.441346650E1,-1.131863587E0,3.782357984E0,8.980464871E0
1.442351150E1,-1.134740929E0,3.786360695E0,8.978414837E0
1.443355650E1,-1.124499384E0,3.795146137E0,8.975994090E0
1.444360150E1,-1.108138437E0,3.803474911E0,8.974503050E0
1.445364750E1,-1.088963078E0,3.809544613E0,8.974275593E0
1.446369250E1,-1.069213741E0,3.813145328E0,8.975121685E0
1.447373750E1,-1.047789397E0,3.814075913E0,8.977252411E0
1.448378350E1,-1.026579718E0,3.811164876E0,8.980938495E0
1.449382850E1,-1.009591949E0,3.803279906E0,8.986205083E0
1.450387350E1,-9.896530167E-1,3.794412019E0,8.992170412E0
1.451391950E1,-9.614797430E-1,3.791174708E0,8.996590907E0
1.452396450E1,-9.317875819E-1,3.792058222E0,8.999342607E0
1.453400950E1,-9.060549360E-1,3.792587103E0,9.001746982E0
1.454405400E1,-8.837183529E-1,3.790775635E0,9.004730231E0
1.455410000E1,-8.615555052E-1,3.789304768E0,9.007496549E0
1.456414500E1,-8.379241294E-1,3.791111558E0,9.008965369E0
1.457419000E1,-8.127220452E-1,3.797109632E0,9.008747853E0
1.458423600E1,-7.874761069E-1,3.806587091E0,9.006990180E0
1.459428100E1,-7.638576680E-1,3.817833333E0,9.004264208E0
1.460432600E1,-7.429609618E-1,3.829589160E0,9.001019588E0
1.461437200E1,-7.254544712E-1,3.841431526E0,8.997400746E0
1.462441700E1,-7.122847143E-1,3.854386033E0,8.992911254E0
1.463446200E1,-7.035252198E-1,3.870559139E0,8.986652395E0
1.464450800E1,-6.984303946E-1,3.891280794E0,8.978097333E0
1.465455300E1,-6.949830224E-1,3.916729631E0,8.967292264E0
1.466459800E1,-6.902137410E-1,3.945733282E0,8.954936512E0
1.467464300E1,-6.830731943E-1,3.975513444E0,8.942304187E0
1.468468900E1,-6.736698483E-1,4.002405666E0,8.931014383E0
1.469473400E1,-6.641769668E-1,4.021949399E0,8.922941718E0
1.470477900E1,-6.592218170E-1,4.031019308E0,8.919215872E0
1.471482500E1,-6.632812464E-1,4.028710242E0,8.919957883E0
1.472487000E1,-6.779211395E-1,4.016231407E0,8.924483628E0
1.473491500E1,-7.005923295E-1,3.998388044E0,8.930742488E0
1.474496100E1,-7.247403800E-1,3.982285981E0,8.936008490E0
1.475500600E1,-7.431939002E-1,3.974139640E0,8.938119335E0
1.476505100E1,-7.521641868E-1,3.976282060E0,8.936416041E0
1.477509600E1,-7.517014528E-1,3.986811141E0,8.931762242E0
1.478514200E1,-7.430912816E-1,4.001672132E0,8.925835505E0
1.479518700E1,-7.291730080E-1,4.016688952E0,8.920236211E0
1.480523200E1,-7.126908765E-1,4.029941081E0,8.915590013E0
1.481527800E1,-6.953302009E-1,4.042343318E0,8.911345519E0
1.482532300E1,-6.771698454E-1,4.056057085E0,8.906511042E0
1.483536800E1,-6.578940605E-1,4.072000396E0,8.900679029E0
1.484541400E1,-6.390556473E-1,4.088659405E0,8.894412568E0
1.485545900E1,-6.239310931E-1,4.103283292E0,8.888750124E0
1.486550400E1,-6.153785900E-1,4.113222389E0,8.884751798E0
1.487554900E1,-6.154968499E-1,4.117354032E0,8.882829233E0
1.488559500E1,-6.226018748E-1,4.116371115E0,8.882790057E0
1.489564000E1,-6.332945319E-1,4.110774744E0,8.884625498E0
1.490568500E1,-6.457096325E-1,4.100200932E0,8.888616807E0
1.491573100E1,-6.567865247E-1,4.083376738E0,8.895547512E0
1.492577600E1,-6.639495832E-1,4.059466304E0,8.905953217E0
1.493582100E1,-6.650319028E-1,4.027862981E0,8.920210483E0
1.494586700E1,-6.576172679E-1,3.989393564E0,8.938029873E0
1.495591200E1,-6.390897804E-1,3.945991437E0,8.958616750E0
1.496595700E1,-6.088616489E-1,3.900119445E0,8.980782375E0
1.497600300E1,-5.700565291E-1,3.853690214E0,9.003344441E0
1.498604800E1,-5.277572229E-1,3.808405283E0,9.025166250E0
1.499609300E1,-4.863950061E-1,3.766173475E0,9.045189455E0
1.500613800E1,-4.503065027E-1,3.729066460E0,9.062416522E0
1.501618400E1,-4.230077532E-1,3.698694560E0,9.076168004E0
1.502622900E1,-4.064083485E-1,3.676496775E0,9.085939870E0
1.503627400E1,-4.008704505E-1,3.663867374E0,9.091285980E0
1.504632000E1,-4.044030824E-1,3.661621166E0,9.092034423E0
1.505636500E1,-4.147852158E-1,3.669160859E0,9.088526094E0
1.506641000E1,-4.296632368E-1,3.685226376E0,9.081332265E0
1.507645600E1,-4.460752382E-1,3.708041627E0,9.071248156E0
1.508650100E1,-4.622955606E-1,3.735306316E0,9.059242069E0
1.509654600E1,-4.769622047E-1,3.764608176E0,9.046343696E0
1.510659100E1,-4.882042443E-1,3.794234556E0,9.033357030E0
1.511663700E1,-4.938176809E-1,3.822862523E0,9.020973796E0
1.512668200E1,-4.923488238E-1,3.848683243E0,9.010068154E0
1.513672700E1,-4.831070437E-1,3.869713047E0,9.001556947E0
1.514677300E1,-4.681560056E-1,3.884980419E0,8.995768788E0
1.515681800E1,-4.493111604E-1,3.895094640E0,8.992355769E0
1.516686300E1,-4.288435302E-1,3.901714565E0,8.990484660E0
1.517690900E1,-4.096295431E-1,3.906857484E0,8.989147401E0
1.518695400E1,-3.935567167E-1,3.912305335E0,8.987495563E0
1.519699900E1,-3.805356252E-1,3.919247442E0,8.985031546E0
1.520704400E1,-3.701641630E-1,3.928511185E0,8.981418552E0
1.521709000E1,-3.614265225E-1,3.940630417E0,8.976464206E0
1.522713500E1,-3.525872500E-1,3.955767104E0,8.970155645E0
1.523718000E1,-3.423309780E-1,3.973522759E0,8.962702199E0
1.524722600E1,-3.302374376E-1,3.992802491E0,8.954583925E0
1.525727100E1,-3.162495456E-1,4.011983405E0,8.946511844E0
1.526731600E1,-3.027415090E-1,4.029219827E0,8.939230306E0
1.527736200E1,-2.910165626E-1,4.042745606E0,8.933511145E0
1.528740700E1,-2.823910972E-1,4.051129636E0,8.929989367E0
1.529745200E1,-2.776022093E-1,4.053774332E0,8.928939207E0
1.530749700E1,-2.757523878E-1,4.050916798E0,8.930292837E0
1.531754300E1,-2.758047935E-1,4.043920604E0,8.933461443E0
1.532758800E1,-2.769495687E-1,4.035022896E0,8.937448660E0
1.533763300E1,-2.775837723E-1,4.026430705E0,8.941303144E0
1.534767900E1,-2.754178540E-1,4.019349142E0,8.944555950E0
1.535772400E1,-2.696209792E-1,4.013424451E0,8.947392434E0
1.536776900E1,-2.604215366E-1,4.006776752E0,8.950644071E0
1.537781500E1,-2.475003411E-1,3.997468277E0,8.955170985E0
1.538786000E1,-2.304345662E-1,3.985503412E0,8.960957390E0
1.539790500E1,-2.087654428E-1,3.971819173E0,8.967562405E0
1.540795000E1,-1.832304876E-1,3.957944022E0,8.974252204E0
1.541799600E1,-1.548394964E-1,3.945024307E0,8.980473642E0
1.542804100E1,-1.244956266E-1,3.932981966E0,8.986225548E0
1.543808600E1,-9.435533127E-2,3.920865074E0,8.991886237E0
1.544813200E1,-6.625017304E-2,3.907674925E0,8.997876710E0
1.545817700E1,-4.128729022E-2,3.892761309E0,9.004488156E0
1.546822200E1,-2.001647185E-2,3.875423437E0,9.012035742E0
1.547826800E1,-2.712237547E-3,3.855979984E0,9.020394337E0
1.548831300E1,1.026803502E-2,3.835874917E0,9.028956415E0
1.549835800E1,1.984249434E-2,3.817028464E0,9.036924416E0
1.550840400E1,2.712994773E-2,3.801120237E0,9.043608368E0
1.551844900E1,3.340337972E-2,3.788747236E0,9.048777891E0
1.552849400E1,3.988516902E-2,3.780168201E0,9.052338846E0
1.553853850E1,4.735406882E-2,3.775173217E0,9.054387125E0
1.554858450E1,5.642790141E-2,3.772967940E0,9.055254267E0
1.555862950E1,6.687764780E-2,3.772791939E0,9.055256606E0
1.556867450E1,7.825300385E-2,3.774542888E0,9.054435657E0
1.557872050E1,8.924947861E-2,3.778321651E0,9.052757506E0
1.558876550E1,9.978890209E-2,3.784804459E0,9.049939148E0
1.559881050E1,1.101673444E-1,3.795017498E0,9.045540873E0
1.560885650E1,1.212007663E-1,3.809928775E0,9.039128816E0
1.561890150E1,1.344306855E-1,3.829904033E0,9.030495987E0
1.562894650E1,1.500922060E-1,3.854224065E0,9.019896154E0
1.563899150E1,1.683479168E-1,3.880946717E0,9.008108168E0
1.564903750E1,1.882637525E-1,3.907707961E0,8.996136578E0
1.565908250E1,2.088908290E-1,3.932097867E0,8.985047334E0
1.566912750E1,2.297724604E-1,3.952671296E0,8.975505263E0
1.567917350E1,2.500699549E-1,3.968854050E0,8.967818513E0
1.568921850E1,2.680184584E-1,3.981396035E0,8.961737993E0
1.569926350E1,2.824935514E-1,3.991849687E0,8.956641560E0
1.570930950E1,2.933278025E-1,4.002551261E0,8.951516476E0
1.571935450E1,3.008438317E-1,4.016083472E0,8.945203822E0
1.572939950E1,3.051988745E-1,4.034193469E0,8.936903114E0
1.573944450E1,3.070277556E-1,4.056635375E0,8.926675749E0
1.574949050E1,3.070270978E-1,4.081314133E0,8.915419859E0
1.575953550E1,3.058056510E-1,4.105640597E0,8.904285591E0
1.576958050E1,3.044997120E-1,4.127768507E0,8.894093894E0
1.577962650E1,3.048854455E-1,4.147119283E0,8.885074564E0
1.578967150E1,3.068964126E-1,4.163203511E0,8.877480201E0
1.579971650E1,3.097842793E-1,4.176226138E0,8.871261102E0
1.580976250E1,3.135711920E-1,4.187843093E0,8.865649529E0
1.581980750E1,3.184838033E-1,4.200187443E0,8.859632744E0
1.582985250E1,3.240404854E-1,4.214671873E0,8.852550012E0
1.583989750E1,3.295397186E-1,4.231588745E0,8.844272693E0
1.584994350E1,3.351576138E-1,4.250564421E0,8.834957494E0
1.585998850E1,3.410304110E-1,4.270567454E0,8.825080962E0
1.587003350E1,3.466356250E-1,4.290475469E0,8.815200922E0
1.588007950E1,3.521488916E-1,4.309612236E0,8.805642478E0
1.589012450E1,3.585269979E-1,4.327645926E0,8.796535440E0
1.590016950E1,3.663275125E-1,4.344470120E0,8.787916644E0
1.591021550E1,3.756584261E-1,4.359687206E0,8.779983142E0
1.592026050E1,3.866584640E-1,4.373426701E0,8.772669445E0
1.593030550E1,4.002215558E-1,4.385804672E0,8.765879073E0
1.594035050E1,4.170618292E-1,4.396911458E0,8.759527828E0
1.595039650E1,4.366848291E-1,4.406224903E0,8.753889942E0
1.596044150E1,4.588324741E-1,4.413508488E0,8.749086455E0
1.597048650E1,4.832655032E-1,4.419562695E0,8.744713907E0
1.598053250E1,5.091338411E-1,4.424800046E0,8.740596297E0
1.599057750E1,5.352968420E-1,4.429397127E0,8.736704391E0
1.600062250E1,5.611019934E-1,4.433559175E0,8.732972698E0
1.601066850E1,5.860441323E-1,4.437519786E0,8.729322866E0
1.602071350E1,6.093927222E-1,4.440818493E0,8.726045501E0
1.603075850E1,6.303517013E-1,4.443112356E0,8.723388526E0
1.604080350E1,6.490848646E-1,4.444595502E0,8.721258970E0
1.605084950E1,6.663850216E-1,4.445571110E0,8.719456859E0
1.606089450E1,6.824364325E-1,4.445890368E0,8.718052357E0
1.607093950E1,6.979309693E-1,4.446026900E0,8.716756030E0
1.608098550E1,7.132453387E-1,4.445957319E0,8.715552088E0
1.609103050E1,7.285657746E-1,4.445423175E0,8.714556892E0
1.610107550E1,7.443676557E-1,4.443800573E0,8.714049354E0
1.611112150E1,7.610678883E-1,4.440707104E0,8.714183255E0
1.612116650E1,7.788546798E-1,4.436449746E0,8.714780840E0
1.613121150E1,7.983316089E-1,4.431274375E0,8.715650906E0
1.614125650E1,8.191137097E-1,4.424503592E0,8.717162411E0
1.615130250E1,8.395876622E-1,4.414984033E0,8.720040995E0
1.616134750E1,8.580843788E-1,4.402384745E0,8.724608840E0
1.617139250E1,8.750556298E-1,4.387223791E0,8.730558382E0
1.618143850E1,8.923568100E-1,4.370793115E0,8.737045868E0
1.619148350E1,9.112293564E-1,4.354631411E0,8.743165564E0
1.620152850E1,9.314961713E-1,4.339042735E0,8.748778306E0
1.621157450E1,9.527361090E-1,4.323829449E0,8.754021505E0
1.622161950E1,9.738551556E-1,4.308937175E0,8.759039000E0
1.623166450E1,9.936968049E-1,4.294720840E0,8.763791617E0
1.624170950E1,1.011663910E0,4.282036475E0,8.767941386E0
1.625175550E1,1.028014844E0,4.271945058E0,8.770962058E0
1.626180050E1,1.043365320E0,4.265654038E0,8.772211023E0
1.627184550E1,1.058712727E0,4.263817720E0,8.771264943E0
1.628189150E1,1.074586528E0,4.265645560E0,8.768445416E0
1.629193650E1,1.090328110E0,4.269239843E0,8.764752315E0
1.630198150E1,1.105183692E0,4.272513115E0,8.761295441E0
1.631202750E1,1.118752156E0,4.274120807E0,8.758789324E0
1.632207250E1,1.131253065E0,4.273946560E0,8.757268463E0
1.633211750E1,1.143366084E0,4.272192395E0,8.756551010E0
1.634216250E1,1.155164888E0,4.269744166E0,8.756196669E0
1.635220850E1,1.165759312E0,4.267489187E0,8.755892029E0
1.636225350E1,1.174289522E0,4.265542941E0,8.755700240E0
1.637229850E1,1.180598083E0,4.263297026E0,8.755945823E0
1.638234450E1,1.184883361E0,4.259864126E0,8.757037498E0
1.639238950E1,1.186916146E0,4.254733779E0,8.759256517E0
1.640243450E1,1.186388142E0,4.247328572E0,8.762920967E0
1.641248050E1,1.184196460E0,4.237210843E0,8.768113879E0
1.642252550E1,1.181245151E0,4.224212190E0,8.774781459E0
1.643257050E1,1.178822868E0,4.208127961E0,8.782831905E0
1.644261550E1,1.177469969E0,4.188583643E0,8.792350588E0
1.645266150E1,1.178069308E0,4.164971709E0,8.803480178E0
1.646270650E1,1.180615479E0,4.137506460E0,8.816080928E0
1.647275150E1,1.184690695E0,4.107541234E0,8.829536541E0
1.648279750E1,1.190003037E0,4.076653902E0,8.843126639E0
1.649284250E1,1.195234102E0,4.046402163E0,8.856305678E0
1.650288750E1,1.197983171E0,4.018102808E0,8.868809364E0
1.651293350E1,1.196055929E0,3.992693148E0,8.880537710E0
1.652297850E1,1.187535074E0,3.971928223E0,8.890986684E0
1.653302350E1,1.171772880E0,3.957788194E0,8.899379777E0
1.654306946E1,1.150010129E0,3.951529042E0,8.904998367E0
1.655311546E1,1.122419384E0,3.952719243E0,8.907989802E0
1.656316046E1,1.089344681E0,3.960232038E0,8.908759296E0
1.657320546E1,1.053213128E0,3.973583862E0,8.907158328E0
1.658325146E1,1.018744084E0,3.992994572E0,8.902485818E0
1.659329646E1,9.898671710E-1,4.018179407E0,8.894407890E0
1.660334146E1,9.680120330E-1,4.047095058E0,8.883696960E0
1.661338646E1,9.542845979E-1,4.075942004E0,8.871986157E0
1.662343246E1,9.493914286E-1,4.100723965E0,8.861084608E0
1.663347746E1,9.531721652E-1,4.118687489E0,8.852343020E0
1.664352246E1,9.654081948E-1,4.129554247E0,8.845952014E0
1.665356846E1,9.865523113E-1,4.134619105E0,8.841252022E0
1.666361346E1,1.015994358E0,4.135343575E0,8.837578216E0
1.667365846E1,1.050068422E0,4.132171753E0,8.835078532E0
1.668370446E1,1.084507134E0,4.124688194E0,8.834414873E0
1.669374946E1,1.115192956E0,4.111893902E0,8.836559047E0
1.670379446E1,1.137147789E0,4.093230174E0,8.842423804E0
1.671383946E1,1.147871729E0,4.069951239E0,8.851778764E0
1.672388546E1,1.147565042E0,4.045291484E0,8.863115346E0
1.673393046E1,1.137242075E0,4.022951904E0,8.874606294E0
1.674397546E1,1.118865958E0,4.004966454E0,8.885070471E0
1.675402146E1,1.094559667E0,3.991636848E0,8.894092140E0
1.676406646E1,1.068031142E0,3.981179980E0,8.902000499E0
1.677411146E1,1.043170535E0,3.970750886E0,8.909603634E0
1.678415746E1,1.022373378E0,3.958231998E0,8.917580990E0
1.679420246E1,1.006801073E0,3.943404921E0,8.925917950E0
1.680424746E1,9.973774809E-1,3.927135336E0,8.934144983E0
1.681429246E1,9.932488351E-1,3.910121107E0,8.942063867E0
1.682433846E1,9.918451378E-1,3.891860838E0,8.950182141E0
1.683438346E1,9.902087945E-1,3.871989368E0,8.958978108E0
1.684442846E1,9.857976551E-1,3.850787364E0,8.968597362E0
1.685447446E1,9.777984448E-1,3.827934398E0,8.979249820E0
1.686451946E1,9.670778672E-1,3.803121446E0,8.990947174E0
1.687456446E1,9.553028905E-1,3.777180859E0,9.003132772E0
1.688461046E1,9.457520485E-1,3.752402405E0,9.014495666E0
1.689465546E1,9.428772649E-1,3.730765953E0,9.023772274E0
1.690470046E1,9.494339671E-1,3.712588129E0,9.030579602E0
1.691474546E1,9.649702384E-1,3.695863631E0,9.035791225E0
1.692479146E1,9.869478024E-1,3.678099205E0,9.040664880E0
1.693483646E1,1.013363549E0,3.657899414E0,9.045936729E0
1.694488146E1,1.042720153E0,3.635465694E0,9.051641858E0
1.695492746E1,1.073762948E0,3.611487432E0,9.057609526E0
1.696497246E1,1.104272404E0,3.585580466E0,9.064231498E0
1.697501746E1,1.130990305E0,3.556577107E0,9.072360297E0
1.698506346E1,1.151544730E0,3.523206170E0,9.082789391E0
1.699510846E1,1.165670068E0,3.484876794E0,9.095765532E0
1.700515346E1,1.174965606E0,3.441891865E0,9.110923854E0
1.701519846E1,1.182268706E0,3.394925568E0,9.127585495E0
1.702524446E1,1.190404229E0,3.343760676E0,9.145397868E0
1.703528946E1,1.201891084E0,3.287316627E0,9.164338753E0
1.704533446E1,1.221695019E0,3.225493431E0,9.183667894E0
1.705538046E1,1.254848586E0,3.157879737E0,9.202676023E0
1.706542546E1,1.304474051E0,3.082281963E0,9.221387697E0
1.707547046E1,1.373679941E0,2.994448598E0,9.240259001E0
1.708551546E1,1.465849017E0,2.888934714E0,9.259667664E0
1.709556146E1,1.581312961E0,2.762659122E0,9.279184501E0
1.710560646E1,1.716225329E0,2.618647463E0,9.296954189E0
1.711565146E1,1.860489150E0,2.466357024E0,9.310841326E0
1.712569746E1,1.998458296E0,2.319129835E0,9.320080512E0
1.713574246E1,2.116720133E0,2.190640195E0,9.325057077E0
1.714578746E1,2.208657366E0,2.090374187E0,9.326749846E0
1.715583346E1,2.271063237E0,2.021325295E0,9.326983150E0
1.716587846E1,2.304095620E0,1.978667079E0,9.328028632E0
1.717592346E1,2.311416042E0,1.951524742E0,9.331934572E0
1.718596846E1,2.300463476E0,1.928775273E0,9.339368137E0
1.719601446E1,2.280946786E0,1.903233612E0,9.349389680E0
1.720605946E1,2.259695958E0,1.871792110E0,9.360890568E0
1.721610446E1,2.242558938E0,1.834575752E0,9.372372161E0
1.722615046E1,2.231766732E0,1.792337074E0,9.383114666E0
1.723619546E1,2.224215199E0,1.745173286E0,9.393792266E0
1.724624046E1,2.215399060E0,1.693327633E0,9.405357474E0
1.725628646E1,2.201049262E0,1.637902460E0,9.418532420E0
1.726633146E1,2.174549242E0,1.579574730E0,9.434637406E0
1.727637646E1,2.129154091E0,1.519837675E0,9.454781649E0
1.728642146E1,2.062681774E0,1.465023098E0,9.478140691E0
1.729646746E1,1.978391967E0,1.423498365E0,9.502406051E0
1.730651246E1,1.883403364E0,1.402078114E0,9.524865791E0
1.731655746E1,1.790528968E0,1.401482575E0,9.542848318E0
1.732660346E1,1.708831087E0,1.416829762E0,9.555552564E0
1.733664846E1,1.642799796E0,1.441591258E0,9.563426424E0
1.734669346E1,1.596621849E0,1.469185877E0,9.567047020E0
1.735673846E1,1.572089417E0,1.495163155E0,9.567085612E0
1.736678446E1,1.568796119E0,1.517960572E0,9.564035704E0
1.737682946E1,1.586253712E0,1.537875019E0,9.557972726E0
1.738687446E1,1.621557446E0,1.554057773E0,9.549427021E0
1.739692046E1,1.668536462E0,1.564013681E0,9.539703686E0
1.740696546E1,1.720646117E0,1.567002486E0,9.529951699E0
1.741701046E1,1.773118884E0,1.567141211E0,9.520305548E0
1.742705646E1,1.822003653E0,1.572480742E0,9.510189865E0
1.743710146E1,1.865405635E0,1.590214908E0,9.498819954E0
1.744714646E1,1.902023969E0,1.623093217E0,9.485988239E0
1.745719146E1,1.931825473E0,1.669904418E0,9.471830376E0
1.746723746E1,1.957222416E0,1.727186958E0,9.456331746E0
1.747728246E1,1.979503377E0,1.790579108E0,9.439888206E0
1.748732746E1,2.000947309E0,1.856842680E0,9.422550042E0
1.749737346E1,2.023594014E0,1.924593783E0,9.404100323E0
1.750741846E1,2.047204779E0,1.991632110E0,9.385012087E0
1.751746346E1,2.070678280E0,2.056441918E0,9.365865380E0
1.752750946E1,2.091857187E0,2.119464085E0,9.347090555E0
1.753755446E1,2.108163464E0,2.182340072E0,9.328940797E0
1.754759921E1,2.116921131E0,2.246112291E0,9.311805532E0
1.755764421E1,2.117505999E0,2.311070618E0,9.295763696E0
1.756769021E1,2.111053742E0,2.377004260E0,9.280592510E0
1.757773521E1,2.097020571E0,2.442920214E0,9.266646901E0
1.758778021E1,2.074696925E0,2.507453595E0,9.254426220E0
1.759782621E1,2.044599698E0,2.571472712E0,9.243550984E0
1.760787121E1,2.008523254E0,2.636369497E0,9.233173345E0
1.761791621E1,1.967364996E0,2.702287790E0,9.222972293E0
1.762796121E1,1.922088689E0,2.766843975E0,9.213373504E0
1.763800721E1,1.872335462E0,2.825820746E0,9.205715405E0
1.764805221E1,1.816861612E0,2.875984886E0,9.201294910E0
1.765809721E1,1.757079387E0,2.921298176E0,9.198629749E0
1.766814321E1,1.698090044E0,2.971140719E0,9.193743231E0
1.767818821E1,1.639739509E0,3.031929250E0,9.184484750E0
1.768823321E1,1.578388769E0,3.104193819E0,9.171083516E0
1.769827921E1,1.512424282E0,3.185423631E0,9.154329489E0
1.770832421E1,1.441932297E0,3.270260299E0,9.135772181E0
1.771836921E1,1.367473268E0,3.351797967E0,9.117651660E0
1.772841421E1,1.291198533E0,3.423738307E0,9.102028484E0
1.773846021E1,1.214792454E0,3.482092350E0,9.090401881E0
1.774850521E1,1.141638085E0,3.527778108E0,9.082265480E0
1.775855021E1,1.076910797E0,3.565501420E0,9.075437102E0
1.776859621E1,1.023458548E0,3.599891526E0,9.068043298E0
1.777864121E1,9.798261130E-1,3.631837789E0,9.060120905E0
1.778868621E1,9.419317701E-1,3.659972252E0,9.052815394E0
1.779873121E1,9.058810544E-1,3.682570863E0,9.047328367E0
1.780877721E1,8.678930830E-1,3.698791624E0,9.044434580E0
1.781882221E1,8.261827742E-1,3.708552381E0,9.044343948E0
1.782886721E1,7.816921142E-1,3.713438607E0,9.046293994E0
1.783891321E1,7.375793307E-1,3.716042372E0,9.048928165E0
1.784895821E1,6.973895171E-1,3.718435637E0,9.051131396E0
1.785900321E1,6.633793335E-1,3.720237749E0,9.052947541E0
1.786904921E1,6.346194378E-1,3.719857680E0,9.055165390E0
1.787909421E1,6.094728291E-1,3.716668316E0,9.058201849E0
1.788913921E1,5.864302678E-1,3.712042584E0,9.061618962E0
1.789918421E1,5.640961698E-1,3.709596694E0,9.064037955E0
1.790923021E1,5.412896899E-1,3.713043920E0,9.064017490E0
1.791927521E1,5.168378766E-1,3.724811734E0,9.060615579E0
1.792932021E1,4.899349105E-1,3.745233134E0,9.053689553E0
1.793936621E1,4.607110383E-1,3.772931103E0,9.043718296E0
1.794941121E1,4.311343231E-1,3.805583124E0,9.031487090E0
1.795945621E1,4.035637512E-1,3.839967091E0,9.018197538E0
1.796950121E1,3.784172886E-1,3.873973913E0,9.004733739E0
1.797954721E1,3.561606662E-1,3.908001784E0,8.990927294E0
1.798959221E1,3.371076602E-1,3.944207743E0,8.975839139E0
1.799963721E1,3.200659867E-1,3.984598847E0,8.958606225E0
1.800968321E1,3.022690540E-1,4.029841678E0,8.938966012E0
1.801972821E1,2.808452396E-1,4.079092484E0,8.917299739E0
1.802977321E1,2.533040864E-1,4.129385847E0,8.894948757E0
1.803981921E1,2.184010877E-1,4.176498325E0,8.873853173E0
1.804986421E1,1.767122491E-1,4.216870426E0,8.855668917E0
1.805990921E1,1.301366640E-1,4.248280207E0,8.841452581E0
1.806995421E1,8.111784716E-2,4.270390576E0,8.831380752E0
1.808000021E1,3.290884689E-2,4.285114157E0,8.824557636E0
1.809004521E1,-1.259122745E-2,4.295815146E0,8.819405655E0
1.810009021E1,-5.565115820E-2,4.305004630E0,8.814756534E0
1.811013621E1,-9.742272578E-2,4.314447299E0,8.809775875E0
1.812018121E1,-1.386647275E-1,4.325146242E0,8.803975437E0
1.813022621E1,-1.806317657E-1,4.336405348E0,8.797673308E0
1.814027121E1,-2.249110670E-1,4.344781192E0,8.792518988E0
1.815031721E1,-2.709975417E-1,4.347180305E0,8.790033336E0
1.816036221E1,-3.162383994E-1,4.342749577E0,8.790712198E0
1.817040721E1,-3.581745935E-1,4.333020687E0,8.793903608E0
1.818045321E1,-3.954315167E-1,4.321683228E0,8.797885562E0
1.819049821E1,-4.272523567E-1,4.314070446E0,8.800133817E0
1.820054321E1,-4.535571526E-1,4.315016818E0,8.798352755E0
1.821058921E1,-4.747330999E-1,4.326543726E0,8.791572323E0
1.822063421E1,-4.922049823E-1,4.346954310E0,8.780536873E0
1.823067921E1,-5.079016865E-1,4.371877774E0,8.767258431E0
1.824072421E1,-5.222776875E-1,4.397071087E0,8.753803988E0
1.825077021E1,-5.350980002E-1,4.419460953E0,8.741746445E0
1.826081521E1,-5.458609335E-1,4.437822672E0,8.731773434E0
1.827086021E1,-5.546004378E-1,4.452445389E0,8.723774443E0
1.828090621E1,-5.614941954E-1,4.465438487E0,8.716689956E0
1.829095121E1,-5.668357000E-1,4.479365093E0,8.709195580E0
1.830099621E1,-5.716752211E-1,4.495846932E0,8.700382072E0
1.831104121E1,-5.771232547E-1,4.515570760E0,8.689801535E0
1.832108721E1,-5.833604796E-1,4.537737847E0,8.677829946E0
1.833113221E1,-5.897335792E-1,4.559903179E0,8.665771818E0
1.834117721E1,-5.947679954E-1,4.578598774E0,8.655563748E0
1.835122321E1,-5.970539643E-1,4.591415871E0,8.648614333E0
1.836126821E1,-5.953626572E-1,4.597737588E0,8.645371467E0
1.837131321E1,-5.888385898E-1,4.598650923E0,8.645332875E0
1.838135821E1,-5.779017384E-1,4.595845137E0,8.647562419E0
1.839140421E1,-5.640192424E-1,4.590826764E0,8.651144423E0
1.840144921E1,-5.491136665E-1,4.584644795E0,8.655380146E0
1.841149421E1,-5.356106548E-1,4.577548614E0,8.659981320E0
1.842154021E1,-5.242211192E-1,4.570030849E0,8.664647398E0
1.843158521E1,-5.146138516E-1,4.562507822E0,8.669186592E0
1.844163021E1,-5.054941320E-1,4.555309607E0,8.673507099E0
1.845167621E1,-4.959565924E-1,4.548840540E0,8.677452216E0
1.846172121E1,-4.855158041E-1,4.543795562E0,8.680685141E0
1.847176621E1,-4.734967793E-1,4.540127896E0,8.683267856E0
1.848181121E1,-4.602594870E-1,4.537220368E0,8.685499154E0
1.849185721E1,-4.467945554E-1,4.534024572E0,8.687870784E0
1.850190221E1,-4.347555403E-1,4.529976545E0,8.690592663E0
1.851194721E1,-4.249635737E-1,4.525557512E0,8.693378862E0
1.852199321E1,-4.173946089E-1,4.521467092E0,8.695873868E0
1.853203821E1,-4.117423613E-1,4.517696807E0,8.698102242E0
1.854208321E1,-4.079239102E-1,4.514072118E0,8.700163971E0
1.855212821E1,-4.046004260E-1,4.509793126E0,8.702537940E0
1.856217421E1,-4.003017357E-1,4.503553562E0,8.705967332E0
1.857221921E1,-3.928673665E-1,4.493991610E0,8.711245614E0
1.858226421E1,-3.803309727E-1,4.480027875E0,8.718990836E0
1.859231021E1,-3.623960274E-1,4.460367782E0,8.729827480E0
1.860235521E1,-3.402711866E-1,4.433790432E0,8.744244960E0
1.861240021E1,-3.149872779E-1,4.400627949E0,8.761926940E0
1.862244521E1,-2.879033040E-1,4.362676011E0,8.781814490E0
1.863249121E1,-2.613956096E-1,4.322728418E0,8.802374470E0
1.864253621E1,-2.372304560E-1,4.283623702E0,8.822153261E0
1.865258121E1,-2.168492732E-1,4.247599883E0,8.840077901E0
1.866262721E1,-2.007392988E-1,4.216094500E0,8.855526829E0
1.867267221E1,-1.892920220E-1,4.189823545E0,8.868238091E0
1.868271721E1,-1.822214774E-1,4.168251120E0,8.878546148E0
1.869276321E1,-1.770506933E-1,4.150790749E0,8.886826975E0
1.870280821E1,-1.705618553E-1,4.135913971E0,8.893886903E0
1.871285321E1,-1.613371783E-1,4.121132795E0,8.900917595E0
1.872289821E1,-1.494774809E-1,4.104098978E0,8.908991430E0
1.873294421E1,-1.358532035E-1,4.083170624E0,8.918820600E0
1.874298921E1,-1.222484503E-1,4.057803648E0,8.930586952E0
1.875303421E1,-1.105688746E-1,4.028831280E0,8.943846683E0
1.876308021E1,-1.025121149E-1,3.999260448E0,8.957204062E0
1.877312521E1,-9.910776542E-2,3.972033766E0,8.969349314E0
1.878317021E1,-1.007590100E-1,3.949477839E0,8.979286072E0
1.879321521E1,-1.069605395E-1,3.933416122E0,8.986261801E0
1.880326121E1,-1.168950046E-1,3.924566654E0,8.990006357E0
1.881330621E1,-1.300895665E-1,3.921770223E0,8.991045408E0
1.882335121E1,-1.467054804E-1,3.923143441E0,8.990190545E0
1.883339721E1,-1.673722175E-1,3.927048797E0,8.988124139E0
1.884344221E1,-1.939939508E-1,3.932346082E0,8.985272452E0
1.885348721E1,-2.290700088E-1,3.939307777E0,8.981396332E0
1.886353221E1,-2.751491562E-1,3.949877788E0,8.975458485E0
1.887357821E1,-3.330286426E-1,3.966118430E0,8.966331566E0
1.888362321E1,-3.973705265E-1,3.988237862E0,8.953890445E0
1.889366821E1,-4.671665836E-1,4.019723949E0,8.936424227E0
1.890371421E1,-5.457702285E-1,4.057758332E0,8.914753861E0
1.891375921E1,-6.250585824E-1,4.100232507E0,8.890078611E0
1.892380421E1,-6.995992530E-1,4.143802742E0,8.864285374E0
1.893384921E1,-7.678945857E-1,4.183247474E0,8.840072638E0
1.894389521E1,-8.284009885E-1,4.215746006E0,8.819146038E0
1.895394021E1,-8.793338183E-1,4.242592620E0,8.801322556E0
1.896398521E1,-9.197968429E-1,4.267672497E0,8.785046246E0
1.897403121E1,-9.520049878E-1,4.293197933E0,8.769164039E0
1.898407621E1,-9.786146430E-1,4.320250368E0,8.752933922E0
1.899412121E1,-1.001235693E0,4.349964456E0,8.735641952E0
1.900416721E1,-1.021272420E0,4.382089936E0,8.717246611E0
1.901421221E1,-1.040694166E0,4.415055369E0,8.698295200E0
1.902425721E1,-1.061005639E0,4.448150024E0,8.678959043E0
1.903430221E1,-1.083086333E0,4.482304196E0,8.658635876E0
1.904434821E1,-1.106111134E0,4.517664648E0,8.637321605E0
1.905439321E1,-1.129130599E0,4.553378856E0,8.615561777E0
1.906443821E1,-1.151413972E0,4.588299598E0,8.594059226E0
1.907448421E1,-1.171958603E0,4.621444247E0,8.573498077E0
1.908452921E1,-1.190107191E0,4.652291233E0,8.554293482E0
1.909457421E1,-1.204606312E0,4.680862191E0,8.536659449E0
1.910461921E1,-1.214170310E0,4.708143837E0,8.520286075E0
1.911466521E1,-1.218537230E0,4.735241004E0,8.504631910E0
1.912471021E1,-1.219683650E0,4.763386576E0,8.488735085E0
1.913475521E1,-1.219069473E0,4.793214393E0,8.472016726E0
1.914480121E1,-1.217814441E0,4.825018861E0,8.454124830E0
1.915484621E1,-1.216658958E0,4.858232507E0,8.435248264E0
1.916489121E1,-1.214803564E0,4.891329210E0,8.416368189E0
1.917493621E1,-1.211315627E0,4.922343426E0,8.398770409E0
1.918498221E1,-1.205656399E0,4.948430779E0,8.384243002E0
1.919502721E1,-1.197341439E0,4.967527785E0,8.374135505E0
1.920507221E1,-1.186147529E0,4.979233326E0,8.368774778E0
1.921511821E1,-1.171479716E0,4.984518040E0,8.367694797E0
1.922516321E1,-1.152721044E0,4.984647848E0,8.370222548E0
1.923520821E1,-1.130422102E0,4.981015558E0,8.375424231E0
1.924525321E1,-1.105237633E0,4.974354410E0,8.382740852E0
1.925529921E1,-1.077666842E0,4.965271345E0,8.391711066E0
1.926534421E1,-1.048229911E0,4.954185024E0,8.401985793E0
1.927538921E1,-1.018064126E0,4.941552114E0,8.413127078E0
1.928543521E1,-9.890224676E-1,4.927377294E0,8.424896938E0
1.929548021E1,-9.618716526E-1,4.912359890E0,8.436801869E0
1.930552521E1,-9.358166058E-1,4.897838623E0,8.448167102E0
1.931557021E1,-9.093126391E-1,4.885281142E0,8.458326055E0
1.932561621E1,-8.811515714E-1,4.875891391E0,8.466720318E0
1.933566121E1,-8.510025235E-1,4.870000029E0,8.473192601E0
1.934570621E1,-8.197400196E-1,4.867553262E0,8.477679754E0
1.935575221E1,-7.885538218E-1,4.868433560E0,8.480132076E0
1.936579721E1,-7.586268219E-1,4.872761669E0,8.480376490E0
1.937584221E1,-7.305746587E-1,4.880195526E0,8.478564438E0
1.938588721E1,-7.043040689E-1,4.890147488E0,8.475052600E0
1.939593321E1,-6.796831980E-1,4.902448567E0,8.469954413E0
1.940597821E1,-6.564822502E-1,4.916575148E0,8.463593811E0
1.941602321E1,-6.352771034E-1,4.931484963E0,8.456535053E0
1.942606921E1,-6.165699602E-1,4.946508214E0,8.449141833E0
1.943611421E1,-6.001825901E-1,4.961870604E0,8.441310073E0
1.944615921E1,-5.847592798E-1,4.977133006E0,8.433404052E0
1.945620521E1,-5.690619177E-1,4.991507217E0,8.425979258E0
1.946625021E1,-5.520697994E-1,5.004034876E0,8.419676544E0
1.947629521E1,-5.337751042E-1,5.014421285E0,8.414675421E0
1.948634021E1,-5.146881112E-1,5.022601540E0,8.410985243E0
1.949638621E1,-4.953996817E-1,5.028868001E0,8.408398435E0
1.950643121E1,-4.762669708E-1,5.034108860E0,8.406367697E0
1.951647621E1,-4.572984936E-1,5.039026954E0,8.404474368E0
1.952652221E1,-4.385370078E-1,5.043228178E0,8.402954092E0
1.953656721E1,-4.200401451E-1,5.045733710E0,8.402395098E0
1.954661208E1,-4.010486079E-1,5.046186284E0,8.403051156E0
1.955665708E1,-3.806641543E-1,5.044104676E0,8.405248539E0
1.956670308E1,-3.586342943E-1,5.038958541E0,8.409302999E0
1.957674808E1,-3.342031655E-1,5.031368271E0,8.414852591E0
1.958679308E1,-3.080113669E-1,5.022671707E0,8.421045377E0
1.959683908E1,-2.822704618E-1,5.014928239E0,8.426560471E0
1.960688408E1,-2.593810063E-1,5.010246958E0,8.430079910E0
1.961692908E1,-2.414518351E-1,5.010166267E0,8.430660539E0
1.962697408E1,-2.285525850E-1,5.015039921E0,8.428121678E0
1.963702008E1,-2.193054875E-1,5.023651700E0,8.423237498E0
1.964706508E1,-2.118494105E-1,5.033994255E0,8.417251119E0
1.965711008E1,-2.036900230E-1,5.044466034E0,8.411181709E0
1.966715608E1,-1.928149146E-1,5.054032663E0,8.405692928E0
1.967720108E1,-1.788750611E-1,5.061918803E0,8.401254891E0
1.968724608E1,-1.614079479E-1,5.068151350E0,8.397850642E0
1.969729108E1,-1.404011587E-1,5.073082892E0,8.395249801E0
1.970733708E1,-1.171575720E-1,5.077196993E0,8.393119075E0
1.971738208E1,-9.285796897E-2,5.080976633E0,8.391135700E0
1.972742708E1,-6.772834458E-2,5.085278429E0,8.388769916E0
1.973747308E1,-4.201918803E-2,5.090747915E0,8.385620021E0
1.974751808E1,-1.608446372E-2,5.098014835E0,8.381293666E0
1.975756308E1,9.699965460E-3,5.106864595E0,8.375914228E0
1.976760808E1,3.481581806E-2,5.116247038E0,8.370119637E0
1.977765408E1,5.817376123E-2,5.124986871E0,8.364641381E0
1.978769908E1,7.913546747E-2,5.131673747E0,8.360368236E0
1.979774408E1,9.776904540E-2,5.135823516E0,8.357622383E0
1.980779008E1,1.143864942E-1,5.137958919E0,8.356099184E0
1.981783508E1,1.295870348E-1,5.139230103E0,8.355095217E0
1.982788008E1,1.438800053E-1,5.140408317E0,8.354136858E0
1.983792508E1,1.569617799E-1,5.142209845E0,8.352792583E0
1.984797108E1,1.679155700E-1,5.145632220E0,8.350471238E0
1.985801608E1,1.761861093E-1,5.151313959E0,8.346797433E0
1.986806108E1,1.811500117E-1,5.159124085E0,8.341865891E0
1.987810708E1,1.825845347E-1,5.168736323E0,8.335881851E0
1.988815208E1,1.805844580E-1,5.179755986E0,8.329082708E0
1.989819708E1,1.757627709E-1,5.191694246E0,8.321749715E0
1.990824208E1,1.695926428E-1,5.204023100E0,8.314174063E0
1.991828808E1,1.633401603E-1,5.216731439E0,8.306331192E0
1.992833308E1,1.573061078E-1,5.229409372E0,8.298471950E0
1.993837808E1,1.511416898E-1,5.241444696E0,8.290989853E0
1.994842408E1,1.438956101E-1,5.252634512E0,8.284034590E0
1.995846908E1,1.347860135E-1,5.263155407E0,8.277507343E0
1.996851408E1,1.240929362E-1,5.273041295E0,8.271380630E0
1.997855908E1,1.113642603E-1,5.280997016E0,8.266484756E0
1.998860508E1,9.802671575E-2,5.284780750E0,8.264235333E0
1.999865008E1,8.817363661E-2,5.288712417E0,8.261830373E0
2.000869508E1,8.130266486E-2,5.295450749E0,8.257583540E0
2.001874108E1,7.496463484E-2,5.304097611E0,8.252092420E0
2.002878608E1,6.834642269E-2,5.314207447E0,8.245642941E0
2.003883108E1,6.091490852E-2,5.324193322E0,8.239257197E0
2.004887608E1,5.188572034E-2,5.331563737E0,8.234551358E0
2.005892208E1,4.262135531E-2,5.336110532E0,8.231659325E0
2.006896708E1,3.543911298E-2,5.338326042E0,8.230256578E0
2.007901208E1,3.160322302E-2,5.338355863E0,8.230252485E0