"Time (s)","X (rad/s)","Y (rad/s)","Z (rad/s)"
-1.587041654E-3,-2.997858077E-2,6.816916168E-2,-1.782104373E-2
8.457958349E-3,-3.006273694E-2,9.026408195E-2,-2.541984059E-2
1.850395833E-2,-2.992845327E-2,1.117987409E-1,-3.700774163E-2
2.854895833E-2,-2.845625766E-2,1.178382635E-1,-5.254648998E-2
3.859395834E-2,-3.026125953E-2,1.025593877E-1,-6.317529082E-2
4.863995835E-2,-3.979510814E-2,7.980187982E-2,-6.845074147E-2
5.868495835E-2,-4.043366015E-2,5.593211576E-2,-6.729404628E-2
6.872995835E-2,-5.405786261E-2,3.303958103E-2,-5.952453986E-2
7.877595833E-2,-7.272824645E-2,6.800997537E-3,-4.933059216E-2
8.882095834E-2,-9.336961061E-2,5.652057007E-4,-3.801641613E-2
9.886695835E-2,-9.598150849E-2,1.577261463E-2,-1.454025134E-2
1.089119583E-1,-7.313477993E-2,3.385654464E-2,9.939665906E-4
1.189569584E-1,-3.074505366E-2,2.984753996E-2,3.708168399E-3
1.290029583E-1,4.783737287E-2,3.313228488E-2,1.815459691E-3
1.390479583E-1,1.107109934E-1,8.524646983E-3,-2.056113631E-2
1.490929583E-1,1.430151463E-1,-4.167993367E-2,-2.317849174E-2
1.591389583E-1,1.436479837E-1,-1.082593501E-1,-2.364338562E-2
1.691839584E-1,1.064462885E-1,-1.477180719E-1,-1.967474446E-2
1.792289584E-1,4.813088849E-2,-1.705809981E-1,-9.734143503E-3
1.892749583E-1,-1.024267450E-2,-1.681575179E-1,-6.312781014E-3
1.993199583E-1,-9.144823998E-2,-1.015337184E-1,-2.204254270E-2
2.093649583E-1,-2.422870100E-1,8.805298805E-2,-9.222615510E-2
2.194109584E-1,-3.740590513E-1,2.611690760E-1,-1.110809892E-1
2.294559584E-1,-4.528380334E-1,3.503333032E-1,-1.283467859E-1
2.395019583E-1,-4.610999823E-1,3.771837056E-1,-1.481915414E-1
2.495469583E-1,-4.147665799E-1,3.593634367E-1,-1.675487310E-1
2.595919583E-1,-3.181853592E-1,3.102091849E-1,-1.906355917E-1
2.696379584E-1,-1.916686743E-1,2.307417989E-1,-1.836341321E-1
2.796829584E-1,-6.116941199E-2,1.353302896E-1,-1.431108564E-1
2.897279584E-1,5.727867037E-2,3.837818280E-2,-8.881966770E-2
2.997739583E-1,1.554765999E-1,-4.506801069E-2,-4.881408066E-2
3.098189583E-1,2.162131965E-1,-1.010780185E-1,-1.610007510E-2
3.198639583E-1,2.359029353E-1,-1.304487735E-1,-9.083808400E-4
3.299099584E-1,2.014565468E-1,-1.172277629E-1,1.299837977E-2
3.399549584E-1,1.241674423E-1,-6.280833483E-2,2.781102248E-2
3.499999583E-1,4.783938825E-2,-1.208363567E-2,2.774071507E-2
3.600459583E-1,-4.788520280E-3,2.364296466E-2,1.421177574E-2
3.700909583E-1,-1.807769388E-2,3.296216205E-2,-1.346752234E-2
3.801359583E-1,-1.387700066E-2,2.475265227E-2,-2.786842547E-2
3.901819584E-1,-7.623897865E-3,1.367390249E-2,-2.407741547E-2
4.002269583E-1,-5.164619535E-3,-1.428645803E-3,-1.312668063E-2
4.102719583E-1,-8.691443130E-3,-2.247853763E-2,-3.930785693E-3
4.203179583E-1,-1.628488116E-2,-3.918102756E-2,1.554094721E-3
4.303629583E-1,-2.647813037E-2,-5.727640912E-2,-8.705466986E-3
4.404089584E-1,-3.678962961E-2,-6.321369857E-2,-1.516379043E-2
4.504539583E-1,-4.888996854E-2,-7.443811744E-2,-1.297973096E-2
4.604989583E-1,-6.219386682E-2,-5.816208944E-2,-7.261750288E-3
4.705449583E-1,-8.187435567E-2,-3.013658337E-2,-8.755517192E-3
4.805899583E-1,-1.023031548E-1,2.126940293E-3,-6.199799012E-3
4.906349583E-1,-1.275129020E-1,3.803727031E-2,-7.549222559E-3
5.006809583E-1,-1.464406699E-1,5.866232514E-2,-1.288999990E-2
5.107259583E-1,-1.629975438E-1,7.541786879E-2,-1.986162364E-2
5.207709583E-1,-1.670544595E-1,8.455760032E-2,-1.898259670E-2
5.308172083E-1,-1.578074396E-1,7.612363249E-2,-1.358357072E-2
5.408622083E-1,-1.442280114E-1,5.693706870E-2,-4.508308135E-3
5.509072084E-1,-1.318475008E-1,3.994743153E-2,5.035928451E-3
5.609532083E-1,-1.236284450E-1,2.683169581E-2,1.990360767E-2
5.709982083E-1,-1.186749712E-1,1.743366756E-2,2.842705511E-2
5.810432083E-1,-1.110920832E-1,2.511327155E-2,2.903658524E-2
5.910892083E-1,-9.923382103E-2,4.289626330E-2,2.740859613E-2
6.011342084E-1,-7.992954552E-2,5.893003941E-2,2.645026520E-2
6.111802083E-1,-5.730492994E-2,6.744763255E-2,2.117960155E-2
6.212252083E-1,-3.252108395E-2,6.581358612E-2,2.156929113E-2
6.312702083E-1,-1.777888648E-2,4.444145411E-2,1.524881087E-2
6.413162083E-1,-1.126532070E-2,3.297231719E-2,-2.561187604E-3
6.513612084E-1,-1.513569336E-2,1.248115767E-2,-9.285669774E-3
6.614062084E-1,-2.163444646E-2,7.200970314E-3,-1.483668853E-2
6.714522083E-1,-2.262194641E-2,2.214467851E-3,-1.211813372E-2
6.814972083E-1,-1.851516031E-2,4.518220667E-3,-1.438350976E-2
6.915422083E-1,-3.681088332E-3,1.609391719E-2,-1.887439936E-2
7.015882084E-1,2.608607989E-3,1.398143545E-2,-3.309575468E-2
7.116332084E-1,7.379660849E-3,3.387205303E-2,-3.194287047E-2
7.216782084E-1,1.116980426E-2,3.307538852E-2,-2.217273042E-2
7.317242083E-1,2.219022997E-2,3.082661331E-2,-1.988800615E-2
7.417692083E-1,3.194081411E-2,2.336138301E-2,-2.829868346E-2
7.518142083E-1,4.162273556E-2,7.757922634E-3,-2.841320075E-2
7.618602084E-1,3.873047978E-2,-4.009601194E-3,-1.835341752E-2
7.719052084E-1,3.221106157E-2,-2.810645849E-3,-4.813640378E-3
7.819512083E-1,2.084775083E-2,2.071122173E-3,1.188009605E-2
7.919962083E-1,2.174996771E-3,1.100895647E-2,2.035400830E-2
8.020412083E-1,-1.451578364E-2,2.274536714E-2,2.332384698E-2
8.120872084E-1,-3.183165565E-2,2.902403474E-2,1.165014692E-2
8.221322084E-1,-3.676553071E-2,2.801106311E-2,-3.620186355E-3
8.321772083E-1,-3.428479657E-2,3.754384816E-2,-1.036517508E-2
8.422232083E-1,-3.623843566E-2,2.054440416E-2,-3.593935398E-3
8.522682083E-1,-3.637532145E-2,3.617885988E-3,3.725762945E-3
8.623132083E-1,-3.504776582E-2,-1.486884197E-3,1.634705346E-3
8.723592084E-1,-3.164584562E-2,9.834640659E-4,1.025107689E-3
8.824042083E-1,-3.143763542E-2,6.772330496E-3,-7.066596299E-5
8.924492083E-1,-3.044507839E-2,6.823463365E-3,1.354125328E-3
9.024952083E-1,-2.991490625E-2,8.330354467E-3,3.881264944E-3
9.125402083E-1,-3.249311075E-2,2.627994400E-3,9.948479012E-3
9.225852083E-1,-3.742170706E-2,9.592293063E-4,1.716146804E-2
9.326312083E-1,-4.395284504E-2,9.858609410E-4,1.557582058E-2
9.426762083E-1,-4.878872633E-2,2.304686699E-3,9.103458375E-3
9.527222083E-1,-5.081965402E-2,2.474063775E-3,-6.752204150E-3
9.627672083E-1,-4.766846448E-2,-7.994217798E-3,-2.090528235E-2
9.728122083E-1,-3.633431718E-2,-2.029083110E-2,-1.973029599E-2
9.828582083E-1,-2.511896193E-2,-2.854296938E-2,-2.088722400E-2
9.929032083E-1,-1.392542850E-2,-2.439429611E-2,-2.357089147E-2
1.002948208E0,-1.211254764E-2,-1.110208035E-2,-2.283858694E-2
1.012994208E0,-1.339991949E-2,2.199344337E-3,-1.476122066E-2
1.023039208E0,-2.109275386E-2,1.194595918E-2,-1.340374909E-2
1.033084208E0,-3.019304201E-2,2.427586168E-2,-1.084738132E-2
1.043130208E0,-3.108160943E-2,3.154462203E-2,-1.234836038E-2
1.053175208E0,-2.547325753E-2,2.871128172E-2,-1.265515666E-2
1.063220208E0,-1.424198411E-2,1.503127627E-2,-9.935894981E-3
1.073266208E0,-1.614872599E-3,-1.646503340E-3,-1.054283045E-2
1.083311208E0,1.709750295E-2,-1.388567314E-2,-1.525214128E-2
1.093356208E0,3.119760938E-2,-1.935101300E-2,-2.044131048E-2
1.103402208E0,4.053095728E-2,-1.685876772E-2,-1.604220085E-2
1.113447208E0,3.770267963E-2,-1.434394531E-2,-1.071507949E-2
1.123493208E0,2.671395801E-2,-4.746911116E-3,-6.897122599E-3
1.133538208E0,1.368897036E-2,3.782927059E-3,-1.084738970E-2
1.143583208E0,3.081640694E-3,9.146357886E-3,-1.382720936E-2
1.153629208E0,-3.365872428E-3,1.687964424E-2,-9.844185784E-3
1.163674208E0,-9.447188117E-3,1.430299319E-2,-5.588027649E-3
1.173719208E0,-9.266093373E-3,1.037855819E-2,-3.521680832E-3
1.183765208E0,-1.482912898E-2,9.481430054E-3,2.283076756E-4
1.193810208E0,-1.629866101E-2,1.423091162E-2,2.445921768E-3
1.203855208E0,-1.616240293E-2,1.843244396E-2,1.495563425E-3
1.213901208E0,-1.374265365E-2,1.857758686E-2,-3.893342800E-3
1.223946208E0,-1.456880756E-2,1.403254457E-2,-5.959415343E-3
1.233991208E0,-2.287654020E-2,9.147508070E-3,-6.872613449E-3
1.244037208E0,-3.692741692E-2,2.379260259E-3,-9.006861597E-3
1.254082208E0,-4.583302885E-2,-5.448303185E-3,-8.447332308E-3
1.264127208E0,-5.175600946E-2,-1.068667881E-2,-2.741434611E-3
1.274173208E0,-5.116052553E-2,-8.843503892E-3,5.229939241E-3
1.284218208E0,-4.698617756E-2,-9.504829533E-3,8.079180494E-3
1.294264208E0,-3.624165431E-2,-9.608693421E-3,1.025018934E-2
1.304309208E0,-3.085750528E-2,-1.289284602E-2,1.536915079E-2
1.314354208E0,-3.216804937E-2,-1.028268225E-2,1.779342629E-2
1.324400208E0,-3.294283524E-2,-8.081460372E-3,1.880720071E-2
1.334445208E0,-3.015051223E-2,-4.973285366E-3,1.840026863E-2
1.344490208E0,-2.500063553E-2,-5.375417881E-3,1.451922022E-2
1.354536208E0,-1.668038778E-2,-8.747246116E-3,7.313505281E-3
1.364581208E0,-1.692062616E-2,-1.018705219E-2,7.875492796E-3
1.374626208E0,-3.287908435E-2,-7.515634876E-3,1.371314190E-2
1.384672208E0,-4.870943353E-2,-2.331723692E-3,1.752816886E-2
1.394717208E0,-6.507908553E-2,7.985556731E-4,1.559284795E-2
1.404762208E0,-6.571630388E-2,6.651531905E-3,1.302325539E-2
1.414808208E0,-5.763494223E-2,9.608705528E-3,1.347998902E-2
1.424853208E0,-4.335048795E-2,2.946433378E-3,1.142380387E-2
1.434898208E0,-3.225816041E-2,-2.379888669E-3,1.256310381E-2
1.444944208E0,-3.028679825E-2,-1.024383400E-2,1.770804822E-2
1.454989208E0,-3.667598963E-2,-1.553553529E-2,1.620149612E-2
1.465035208E0,-5.189089477E-2,-6.861619651E-3,1.652880013E-2
1.475080208E0,-6.470202655E-2,1.975282095E-3,1.405206043E-2
1.485125208E0,-6.518663466E-2,8.294912055E-3,6.172440015E-3
1.495171208E0,-5.484132096E-2,7.379050367E-3,-3.933191299E-3
1.505216208E0,-3.725181893E-2,2.519851783E-3,-8.020369336E-3
1.515261208E0,-2.327661216E-2,-4.018741660E-3,-4.452265799E-3
1.525307458E0,-1.461599395E-2,-1.192072174E-3,2.959095407E-3
1.535352458E0,-1.667328551E-2,2.536619548E-3,2.037642058E-3
1.545397458E0,-2.100426890E-2,1.012846455E-2,2.683274914E-3
1.555443458E0,-2.545121498E-2,9.433379397E-3,9.503560141E-4
1.565488458E0,-2.759429440E-2,1.108395029E-2,2.028001472E-5
1.575533458E0,-2.800974622E-2,1.053054538E-2,1.284216065E-3
1.585579458E0,-2.698261477E-2,7.203333080E-3,3.461201675E-3
1.595624458E0,-2.846839279E-2,4.448293243E-3,6.454860792E-3
1.605670458E0,-2.788048983E-2,6.264297292E-3,8.599266410E-3
1.615715458E0,-3.043099865E-2,7.599339820E-3,1.229972765E-2
1.625760458E0,-2.692562342E-2,4.630453885E-3,6.445273757E-3
1.635806458E0,-1.739470288E-2,4.388372414E-3,-2.579380525E-3
1.645851458E0,-1.399129909E-2,6.586041301E-3,1.616347581E-3
1.655896458E0,-1.093798503E-2,7.230259478E-3,9.478798136E-3
1.665942458E0,-9.190617129E-3,1.052603498E-2,1.752946898E-2
1.675987458E0,-8.680887520E-3,5.426348187E-3,2.121581510E-2
1.686032458E0,-5.933091044E-3,4.164229613E-3,2.190355957E-2
1.696078458E0,-3.913195105E-4,4.461971112E-3,2.624504268E-2
1.706123458E0,2.664336003E-3,5.603510421E-3,3.121206537E-2
1.716168458E0,9.863126092E-3,2.021824941E-3,3.483156860E-2
1.726214458E0,1.397713646E-2,-1.625997014E-3,3.496233746E-2
1.736259458E0,1.075524464E-2,6.217811257E-3,3.630297258E-2
1.746304458E0,2.923952648E-3,1.018592156E-2,3.745345771E-2
1.756350458E0,-1.280733943E-2,1.488906331E-2,3.229172155E-2
1.766395458E0,-2.931833640E-2,2.094132267E-2,2.518649586E-2
1.776440458E0,-3.741061687E-2,2.676698752E-2,2.084900439E-2
1.786486458E0,-3.696676344E-2,2.228836715E-2,1.692373864E-2
1.796531458E0,-2.400382794E-2,1.611169800E-2,1.402435452E-2
1.806577458E0,-2.849404002E-3,1.415061764E-2,9.488750249E-3
1.816622458E0,1.453438029E-2,1.183180325E-2,1.016013324E-2
1.826667458E0,2.166779339E-2,1.244882029E-2,1.465514954E-2
1.836713458E0,9.545884095E-3,1.972084865E-2,1.544504333E-2
1.846758458E0,-1.335507724E-2,2.370693721E-2,1.686332002E-2
1.856803458E0,-3.057747334E-2,2.756932005E-2,1.311492175E-2
1.866849458E0,-3.939526156E-2,3.082548641E-2,6.152840797E-3
1.876894458E0,-2.969789132E-2,2.886167169E-2,1.036729291E-2
1.886939458E0,-1.153635513E-2,1.773012802E-2,2.233945951E-2
1.896985458E0,1.389203966E-2,4.107793793E-3,3.458973393E-2
1.907030458E0,3.286702931E-2,-4.369370639E-3,3.928878158E-2
1.917075458E0,4.527522996E-2,-1.560604665E-2,3.298081830E-2
1.927121458E0,4.440961778E-2,-1.317689102E-2,2.293672413E-2
1.937166458E0,2.883918025E-2,-1.666176831E-3,2.184269764E-2
1.947212458E0,6.961210631E-3,1.744289696E-2,2.179312706E-2
1.957257458E0,-1.271289121E-2,3.585013747E-2,2.228075266E-2
1.967302458E0,-1.960380189E-2,4.582925513E-2,2.113724314E-2
1.977348458E0,-1.477495860E-2,4.064008594E-2,1.853640005E-2
1.987393458E0,-5.686557852E-3,3.001538664E-2,2.359084412E-2
1.997438458E0,7.121116389E-3,1.568491757E-2,3.012251481E-2
2.007484458E0,1.687047817E-2,2.207005396E-3,3.371063247E-2
2.017529458E0,2.164792269E-2,-7.983846590E-3,3.216573223E-2
2.027574458E0,2.082916535E-2,-8.270040154E-3,3.027219325E-2
2.037620458E0,1.722777262E-2,5.977533292E-4,2.829266340E-2
2.047665458E0,7.383198477E-3,9.965269826E-3,2.959142067E-2
2.057710458E0,-1.769831288E-4,2.063948475E-2,2.605234645E-2
2.067756458E0,-5.383752752E-3,2.808984369E-2,1.762909815E-2
2.077801458E0,-6.800288334E-3,3.007895872E-2,1.136854012E-2
2.087846458E0,-3.995232284E-3,2.813933231E-2,6.003979594E-3
2.097892458E0,4.975203192E-4,2.111950703E-2,4.502755590E-3
2.107937458E0,5.867544562E-3,1.050736569E-2,2.184715122E-4
2.117983458E0,1.083354093E-2,2.552236430E-3,-3.161878791E-3
2.128028458E0,1.223262399E-2,1.912550302E-3,-3.610115498E-3
2.138073458E0,1.371760294E-2,4.561862908E-3,-4.397079349E-3
2.148119458E0,1.421863865E-2,9.974453598E-3,-9.793410078E-3
2.158164458E0,1.390651613E-2,1.660998538E-2,-1.118730847E-2
2.168209458E0,5.064090714E-3,1.607214101E-2,-1.291310415E-2
2.178255458E0,-3.748829477E-4,1.073729619E-2,-1.195383351E-2
2.188300458E0,-3.066929523E-3,3.584307153E-3,-1.362201199E-2
2.198345458E0,9.408616461E-4,-2.535636770E-3,-1.096657384E-2
2.208391458E0,3.673797473E-3,-1.216829102E-2,-1.318152435E-2
2.218436458E0,7.176653482E-3,-2.203183994E-2,-1.740263589E-2
2.228481458E0,9.681779891E-3,-1.960004494E-2,-1.583182812E-2
2.238527458E0,4.820712376E-3,-1.138232928E-2,-9.532920085E-3
2.248572458E0,4.075518344E-3,2.714490285E-3,-2.592979930E-3
2.258617458E0,2.408379689E-3,1.017267257E-2,-1.442760695E-3
2.268663458E0,1.514124218E-3,1.115916483E-2,-1.194986049E-3
2.278708458E0,1.928512007E-3,2.164604375E-3,-2.252793638E-3
2.288754458E0,5.488605238E-3,-7.184411865E-3,2.409392036E-4
2.298799458E0,5.536542274E-3,-1.914253831E-2,2.730729058E-3
2.308844458E0,1.489671180E-3,-2.453878894E-2,3.527480178E-3
2.318890458E0,-6.191152148E-3,-1.953683980E-2,4.173829220E-3
2.328935458E0,-1.662492566E-2,-1.522367261E-2,3.977413289E-4
2.338980458E0,-2.157201432E-2,-8.770833723E-3,-7.008243352E-3
2.349026458E0,-2.521497384E-2,3.693718463E-5,-1.128974557E-2
2.359071458E0,-2.863793448E-2,6.493505090E-3,-1.131025143E-2
2.369116458E0,-3.104077466E-2,1.229923498E-2,-7.124165073E-3
2.379162458E0,-3.035847098E-2,1.424760371E-2,-6.657578982E-3
2.389207458E0,-2.578304522E-2,1.846016385E-2,-6.961096544E-3
2.399252458E0,-2.374119870E-2,2.404694259E-2,-6.048431620E-3
2.409298458E0,-1.710650697E-2,2.800191380E-2,-2.241699956E-3
2.419343458E0,-1.518397033E-2,2.944481373E-2,9.575625882E-5
2.429389458E0,-2.166186459E-2,3.188028559E-2,5.473161116E-3
2.439434458E0,-3.032459505E-2,2.484021895E-2,1.111746393E-2
2.449479458E0,-3.613791242E-2,2.341396734E-2,1.362337358E-2
2.459525458E0,-3.768627346E-2,1.930923574E-2,1.749560982E-2
2.469570458E0,-3.345081955E-2,1.656053029E-2,2.512706444E-2
2.479615458E0,-2.347754687E-2,1.389310881E-2,3.423560783E-2
2.489661458E0,-1.403236482E-2,1.557123475E-2,4.043949023E-2
2.499706458E0,-5.233813543E-3,1.782986149E-2,4.117771983E-2
2.509751458E0,7.144591073E-4,2.147243731E-2,3.763468564E-2
2.519797458E0,-2.586262766E-3,2.594974265E-2,3.200156614E-2
2.529842250E0,-1.446013898E-2,2.962584049E-2,3.304380551E-2
2.539887250E0,-2.281287685E-2,2.935260162E-2,3.497752920E-2
2.549933250E0,-3.204527870E-2,3.172708675E-2,3.183334321E-2
2.559978250E0,-3.750183061E-2,3.061388433E-2,2.927085198E-2
2.570023250E0,-4.104764387E-2,2.876813337E-2,2.951215208E-2
2.580069250E0,-4.496062547E-2,3.318898007E-2,3.081550077E-2
2.590114250E0,-4.970720783E-2,4.254008085E-2,3.053843603E-2
2.600159250E0,-5.808178708E-2,4.901821911E-2,3.355872631E-2
2.610205250E0,-6.203795969E-2,4.916989803E-2,3.323660046E-2
2.620250250E0,-6.054046750E-2,4.584653676E-2,2.432539687E-2
2.630296250E0,-6.071870402E-2,3.208903223E-2,1.988741383E-2
2.640341250E0,-6.050538644E-2,2.233467251E-2,1.680480503E-2
2.650386250E0,-6.534276158E-2,1.345417369E-2,1.927248761E-2
2.660432250E0,-7.388111949E-2,9.054364637E-3,2.024294436E-2
2.670477250E0,-8.410651237E-2,8.533520624E-3,1.823528111E-2
2.680522250E0,-8.799099922E-2,1.202652231E-2,1.859693788E-2
2.690568250E0,-9.107012302E-2,1.162490621E-2,1.875545271E-2
2.700613250E0,-9.011165798E-2,7.506860420E-3,1.539880410E-2
2.710658250E0,-8.995974809E-2,6.463079480E-4,1.357126050E-2
2.720704250E0,-8.580948412E-2,-5.935695022E-3,1.677663997E-2
2.730749250E0,-8.339630812E-2,-1.156969648E-2,1.783842593E-2
2.740794250E0,-8.308551461E-2,-1.456308924E-2,1.676277444E-2
2.750840250E0,-8.296509832E-2,-7.725866046E-3,1.346870139E-2
2.760885250E0,-8.945921808E-2,1.379214926E-3,1.122205891E-2
2.770931250E0,-9.150696546E-2,6.464431062E-3,1.338748354E-2
2.780976250E0,-8.580913395E-2,8.875052445E-4,1.307935733E-2
2.791021250E0,-7.957429439E-2,1.431260258E-3,2.540887333E-3
2.801067250E0,-7.654681057E-2,-1.213627402E-4,-8.326940238E-3
2.811112250E0,-8.620611578E-2,3.952373285E-3,-9.150326252E-3
2.821157250E0,-1.029161215E-1,1.335972361E-2,-1.007018238E-2
2.831203250E0,-1.234726310E-1,1.772287674E-2,-1.453873701E-2
2.841248250E0,-1.401200593E-1,2.364201844E-2,-2.409522422E-2
2.851293250E0,-1.664153785E-1,8.709028363E-3,-2.680492401E-2
2.861339250E0,-1.792739183E-1,2.340035699E-2,-3.593344241E-2
2.871384250E0,-1.893539280E-1,5.239215121E-2,-3.934309632E-2
2.881429250E0,-1.935087293E-1,6.479236484E-2,-3.326655924E-2
2.891475250E0,-1.912305951E-1,5.189215392E-2,-2.472890913E-2
2.901520250E0,-1.834954321E-1,2.532685734E-2,-2.147159725E-2
2.911565250E0,-1.698963791E-1,1.563001424E-3,-2.786656842E-2
2.921611250E0,-1.498678178E-1,-1.309770066E-2,-2.990122512E-2
2.931656250E0,-1.353316307E-1,-1.120685041E-2,-3.137078136E-2
2.941702250E0,-1.325813830E-1,-2.092181705E-3,-3.096225299E-2
2.951747250E0,-1.460031569E-1,1.441404596E-2,-3.055063449E-2
2.961792250E0,-1.754156500E-1,3.781284764E-2,-3.255918995E-2
2.971838250E0,-2.155162692E-1,5.181429908E-2,-3.983221948E-2
2.981883250E0,-2.556762099E-1,4.454653338E-2,-5.314456299E-2
2.991928250E0,-3.055545390E-1,2.289503627E-2,-6.629924476E-2
3.001974250E0,-3.478905559E-1,-1.732546370E-3,-7.461576164E-2
3.012019250E0,-3.863252103E-1,-1.806983911E-2,-7.456049323E-2
3.022064250E0,-4.091514349E-1,-1.420585811E-2,-6.356722862E-2
3.032110250E0,-4.070681930E-1,1.398681290E-2,-4.385053366E-2
3.042155250E0,-3.732263446E-1,6.128881499E-2,-2.271835133E-2
3.052200250E0,-3.042790294E-1,1.043116003E-1,-3.209784394E-3
3.062246250E0,-2.164184153E-1,1.354452819E-1,2.111046761E-2
3.072291250E0,-1.326135397E-1,1.387329400E-1,5.412818119E-2
3.082337250E0,-7.004790008E-2,1.174548045E-1,8.852849901E-2
3.092382250E0,-3.965982795E-2,7.570031285E-2,1.156124100E-1
3.102427250E0,-4.741575196E-2,3.520508111E-2,1.261659712E-1
3.112473250E0,-8.781928569E-2,-5.389177240E-4,1.279234886E-1
3.122518250E0,-1.575650871E-1,-2.042101324E-2,1.166354194E-1
3.132563250E0,-2.385678142E-1,-3.280283883E-2,1.054761931E-1
3.142609250E0,-3.180538416E-1,-3.967006505E-2,1.046753824E-1
3.152654250E0,-3.740974069E-1,-4.233542457E-2,1.060883999E-1
3.162699250E0,-3.977734447E-1,-5.057950690E-2,1.078151986E-1
3.172745250E0,-3.933554292E-1,-6.195449457E-2,1.056620628E-1
3.182790250E0,-3.664260805E-1,-7.173069566E-2,9.745153785E-2
3.192835250E0,-3.148258924E-1,-7.487325370E-2,8.155148476E-2
3.202881250E0,-2.523659766E-1,-6.252630800E-2,5.900223553E-2
3.212926250E0,-1.880896240E-1,-6.282234937E-2,4.522593319E-2
3.222971250E0,-1.327858865E-1,-3.739022836E-2,2.505781502E-2
3.233017250E0,-1.092944890E-1,-1.079539536E-3,1.303578913E-2
3.243062250E0,-1.094675958E-1,4.533456266E-2,5.052165128E-3
3.253107250E0,-1.230315119E-1,8.764011413E-2,4.715045448E-3
3.263153250E0,-1.367446631E-1,1.070505679E-1,6.438707933E-4
3.273198250E0,-1.489029974E-1,1.129528210E-1,4.436516669E-3
3.283244250E0,-1.548804641E-1,1.042778343E-1,8.958563209E-3
3.293289250E0,-1.563819200E-1,7.585926354E-2,1.387257129E-2
3.303334250E0,-1.499618441E-1,3.076636046E-2,1.344327070E-2
3.313380250E0,-1.375082582E-1,-2.269019186E-2,7.227377035E-3
3.323425250E0,-1.298234463E-1,-7.469427586E-2,3.207069822E-3
3.333470250E0,-1.304679960E-1,-1.072020978E-1,5.306881387E-3
3.343516250E0,-1.382319182E-1,-1.218108684E-1,6.637929473E-3
3.353561250E0,-1.529853046E-1,-1.223466545E-1,6.108333357E-3
3.363606250E0,-1.652952284E-1,-1.267869473E-1,3.755962476E-3
3.373652250E0,-1.683094054E-1,-1.343602240E-1,-2.625129186E-3
3.383697250E0,-1.649740636E-1,-1.367900819E-1,8.969707415E-5
3.393742250E0,-1.639592350E-1,-1.291927844E-1,9.596084245E-3
3.403788250E0,-1.639517844E-1,-1.200714633E-1,2.532844245E-2
3.413833250E0,-1.551532447E-1,-1.113882884E-1,3.840211406E-2
3.423878250E0,-1.402222365E-1,-9.569800645E-2,4.448796809E-2
3.433924250E0,-1.141240373E-1,-8.926674724E-2,4.445020854E-2
3.443969250E0,-7.588104159E-2,-8.707550168E-2,4.868889600E-2
3.454015250E0,-3.303130344E-2,-9.224040806E-2,5.343933031E-2
3.464060250E0,5.358430557E-3,-1.044616550E-1,5.534642190E-2
3.474105250E0,3.263479099E-2,-1.095775887E-1,5.924076214E-2
3.484151250E0,4.812107235E-2,-1.072624996E-1,6.811495125E-2
3.494196250E0,5.869964883E-2,-9.376032650E-2,8.286742121E-2
3.504241250E0,7.433533669E-2,-8.045677096E-2,1.041846946E-1
3.514287250E0,1.048710272E-1,-6.575340033E-2,1.319343746E-1
3.524332250E0,1.578639448E-1,-6.440876424E-2,1.571960598E-1
3.534376958E0,2.155314088E-1,-8.094162494E-2,1.736441404E-1
3.544422958E0,2.487695217E-1,-1.398962736E-1,1.746806353E-1
3.554467958E0,2.335300744E-1,-2.350516468E-1,1.598649472E-1
3.564512958E0,1.596025825E-1,-3.353982270E-1,1.483984441E-1
3.574558958E0,3.141417727E-2,-4.109567106E-1,1.464222968E-1
3.584603958E0,-8.965925127E-2,-4.062114954E-1,1.413716078E-1
3.594648958E0,-1.638805419E-1,-2.961154580E-1,1.226853877E-1
3.604694958E0,-1.709056944E-1,-9.655894339E-2,8.202104270E-2
3.614739958E0,-1.153071225E-1,1.293614954E-1,3.934910521E-2
3.624785958E0,-1.901813969E-2,3.162405491E-1,1.415320486E-2
3.634830958E0,9.535668790E-2,4.103995264E-1,3.339482471E-3
3.644875958E0,2.008932233E-1,4.124599993E-1,1.145972684E-2
3.654921958E0,2.844989300E-1,3.667856753E-1,2.604521438E-2
3.664966958E0,3.400519192E-1,3.031356037E-1,3.648267314E-2
3.675011958E0,3.691805899E-1,2.247764319E-1,3.158915788E-2
3.685057958E0,3.598643243E-1,1.279319078E-1,1.330469549E-2
3.695102958E0,3.105458021E-1,1.447840966E-2,-6.760634948E-3
3.705147958E0,2.187346667E-1,-9.905268252E-2,-9.097293019E-3
3.715193958E0,1.030734852E-1,-1.824854016E-1,4.913455807E-3
3.725238958E0,-7.505489979E-3,-2.279034704E-1,1.985858195E-2
3.735283958E0,-8.511122316E-2,-2.438782454E-1,3.184486553E-2
3.745329958E0,-1.267936975E-1,-2.498162985E-1,4.945528135E-2
3.755374958E0,-1.350155175E-1,-2.462234199E-1,5.636594445E-2
3.765419958E0,-9.757600725E-2,-2.113463879E-1,4.058964550E-2
3.775465958E0,-3.627530485E-2,-1.646507233E-1,2.202559263E-2
3.785510958E0,2.281517908E-2,-1.126567572E-1,1.645985059E-2
3.795556958E0,7.659842819E-2,-7.591719925E-2,2.937555686E-2
3.805601958E0,1.201062277E-1,-4.054002836E-2,4.697638750E-2
3.815646958E0,1.449679285E-1,9.171657264E-3,7.519880682E-2
3.825692958E0,1.614976376E-1,7.632992417E-2,1.029870287E-1
3.835737958E0,1.626144797E-1,1.556564569E-1,1.285714507E-1
3.845782958E0,1.609960794E-1,2.463812977E-1,1.540248841E-1
3.855828958E0,1.555598527E-1,3.246999681E-1,1.714142412E-1
3.865873958E0,1.530378312E-1,3.807818890E-1,1.910979301E-1
3.875918958E0,1.453374177E-1,4.048483074E-1,2.160379887E-1
3.885964958E0,1.437736005E-1,3.987635374E-1,2.425532192E-1
3.896009958E0,1.455771923E-1,3.680114150E-1,2.699019015E-1
3.906054958E0,1.451090127E-1,3.170292079E-1,3.001223803E-1
3.916100958E0,1.333605498E-1,2.591758668E-1,3.330277801E-1
3.926145958E0,1.071782038E-1,2.053456604E-1,3.511663079E-1
3.936190958E0,7.587993890E-2,1.716614366E-1,3.521017134E-1
3.946236958E0,4.357978329E-2,1.534161270E-1,3.523541987E-1
3.956281958E0,9.110613726E-3,1.451150477E-1,3.604413867E-1
3.966326958E0,-4.152939469E-2,1.463712603E-1,3.686913252E-1
3.976372958E0,-9.721460938E-2,1.560063362E-1,3.748348951E-1
3.986417958E0,-1.554640681E-1,1.748159826E-1,3.821460605E-1
3.996463958E0,-2.126012743E-1,1.845743358E-1,3.904894590E-1
4.006508958E0,-2.638130486E-1,1.865123212E-1,4.035490751E-1
4.016553958E0,-2.961647213E-1,1.870662868E-1,4.218132198E-1
4.026599958E0,-2.999341786E-1,1.699980795E-1,4.445110559E-1
4.036644958E0,-2.768158019E-1,1.360491812E-1,4.726811945E-1
4.046689958E0,-2.423209399E-1,1.028022766E-1,5.089313388E-1
4.056735958E0,-2.002790123E-1,6.830719858E-2,5.398174524E-1
4.066780958E0,-1.490810812E-1,4.618751630E-2,5.612639189E-1
4.076825958E0,-8.456720412E-2,3.189946339E-2,5.735573769E-1
4.086871958E0,-5.566128995E-3,1.257450227E-2,5.731517673E-1
4.096916958E0,8.622441441E-2,1.550875790E-2,5.703682899E-1
4.106961958E0,1.620693654E-1,3.470002860E-2,5.632813573E-1
4.117007958E0,1.953658015E-1,7.487354428E-2,5.572727323E-1
4.127052958E0,1.740778238E-1,1.239579991E-1,5.539392233E-1
4.137097958E0,1.236401647E-1,1.866734922E-1,5.450090766E-1
4.147143958E0,5.446934700E-2,2.488133013E-1,5.461092591E-1
4.157188958E0,-1.362079754E-2,2.907513380E-1,5.619036555E-1
4.167234958E0,-3.289356083E-2,3.049273491E-1,5.998212099E-1
4.177279958E0,1.278592646E-2,2.853163779E-1,6.546231508E-1
4.187324958E0,1.128195822E-1,2.435987741E-1,7.102368474E-1
4.197370958E0,2.255680561E-1,1.765405834E-1,7.614999413E-1
4.207415958E0,3.080464303E-1,4.924708605E-2,8.148241639E-1
4.217460958E0,3.211347163E-1,-1.683815569E-1,8.655136824E-1
4.227506958E0,2.747855783E-1,-4.048601389E-1,9.059844017E-1
4.237551958E0,1.929924786E-1,-5.491203070E-1,9.355350733E-1
4.247596958E0,1.119223982E-1,-5.381411910E-1,9.460281730E-1
4.257642958E0,5.209743604E-2,-3.852756619E-1,9.262936115E-1
4.267687958E0,4.024317116E-2,-1.441996694E-1,8.910852671E-1
4.277732958E0,8.102110028E-2,1.269556284E-1,8.625626564E-1
4.287778958E0,1.581401080E-1,3.960054815E-1,8.519757986E-1
4.297823958E0,2.495990992E-1,6.300156713E-1,8.440874815E-1
4.307868958E0,3.379055262E-1,8.003227115E-1,8.344098330E-1
4.317914958E0,3.996510506E-1,8.861910105E-1,8.326436281E-1
4.327959958E0,4.300835133E-1,8.961073160E-1,8.366133571E-1
4.338004958E0,4.215357006E-1,8.482809067E-1,8.470470905E-1
4.348050958E0,3.709329963E-1,7.657455802E-1,8.724336624E-1
4.358095958E0,2.859804034E-1,6.727268696E-1,9.144223332E-1
4.368141958E0,1.721704751E-1,5.953087807E-1,9.487400651E-1
4.378186958E0,5.546086654E-2,5.609573722E-1,9.705081582E-1
4.388231958E0,-5.555193499E-2,5.683732629E-1,9.948633313E-1
4.398277958E0,-1.505204886E-1,5.916594267E-1,1.019408226E0
4.408322958E0,-2.080482394E-1,6.127980351E-1,1.043253899E0
4.418367958E0,-2.270527035E-1,6.167821288E-1,1.060336590E0
4.428413958E0,-2.106705457E-1,5.893752575E-1,1.065790772E0
4.438458958E0,-1.589906812E-1,5.271603465E-1,1.054415941E0
4.448503958E0,-8.756282926E-2,4.505726099E-1,1.035283804E0
4.458549958E0,-1.329981163E-2,3.876439333E-1,1.012141466E0
4.468594958E0,4.482953995E-2,3.601382971E-1,9.894372225E-1
4.478639958E0,8.030223101E-2,3.614467680E-1,9.725618362E-1
4.488685958E0,1.028131321E-1,3.935098946E-1,9.671167731E-1
4.498730958E0,1.144435331E-1,4.310249984E-1,9.611440301E-1
4.508775958E0,1.314451396E-1,4.477323294E-1,9.554648399E-1
4.518821958E0,1.626957208E-1,4.476068318E-1,9.430767894E-1
4.528867208E0,1.993778348E-1,4.373075962E-1,9.236794114E-1
4.538912208E0,2.270892709E-1,4.201066196E-1,8.936331868E-1
4.548958208E0,2.339501083E-1,3.982647061E-1,8.535963297E-1
4.559003208E0,2.136332393E-1,3.777322769E-1,8.134340048E-1
4.569048208E0,1.641642302E-1,3.557601273E-1,7.748274803E-1
4.579094208E0,9.361466020E-2,3.457609713E-1,7.431639433E-1
4.589139208E0,1.268412545E-2,3.381286263E-1,7.075468302E-1
4.599185208E0,-6.946825236E-2,3.308576047E-1,6.626759768E-1
4.609230208E0,-1.378622353E-1,3.113595545E-1,6.116237044E-1
4.619275208E0,-1.733783782E-1,2.837815881E-1,5.564844012E-1
4.629321208E0,-1.806517392E-1,2.305165082E-1,5.123403668E-1
4.639366208E0,-1.602078825E-1,1.575233936E-1,4.829314649E-1
4.649411208E0,-1.195890903E-1,8.691287041E-2,4.685583711E-1
4.659457208E0,-6.028462201E-2,3.001394123E-2,4.518754184E-1
4.669502208E0,2.095989883E-2,-1.276414841E-2,4.249676466E-1
4.679547208E0,1.137926579E-1,-4.949603975E-2,3.874569535E-1
4.689593208E0,2.140995562E-1,-8.092799783E-2,3.461417556E-1
4.699638208E0,2.937122583E-1,-1.167804152E-1,3.052075505E-1
4.709683208E0,3.385330141E-1,-1.563874930E-1,2.618270516E-1
4.719729208E0,3.420564830E-1,-2.032495886E-1,2.152426243E-1
4.729774208E0,3.052648902E-1,-2.540661693E-1,1.618433297E-1
4.739819208E0,2.437285036E-1,-2.922745049E-1,9.805439413E-2
4.749865208E0,1.815253198E-1,-2.975435555E-1,4.444522783E-2
4.759910208E0,1.292988509E-1,-2.811637521E-1,-9.666634724E-3
4.769955208E0,9.059672058E-2,-2.586256862E-1,-7.398676872E-2
4.780001208E0,4.336222634E-2,-2.341943681E-1,-1.441291273E-1
4.790046208E0,-5.891274661E-2,-2.617436945E-1,-1.957145631E-1
4.800091208E0,-2.398805022E-1,-3.857955635E-1,-2.250968218E-1
4.810137208E0,-4.665703475E-1,-5.495479703E-1,-2.531122267E-1
4.820182208E0,-6.759411097E-1,-6.433935761E-1,-2.779555321E-1
4.830228208E0,-8.105729222E-1,-5.936915278E-1,-2.595850527E-1
4.840273208E0,-8.470305800E-1,-4.255301058E-1,-1.731178015E-1
4.850318208E0,-7.495482564E-1,-1.881891787E-1,-9.136886150E-2
4.860364208E0,-5.309841037E-1,4.992450401E-2,-4.923766851E-2
4.870409208E0,-2.343050390E-1,2.757997215E-1,-3.842204064E-2
4.880454208E0,8.234720677E-2,4.457128346E-1,-2.121189609E-2
4.890500208E0,3.411987424E-1,5.214220285E-1,2.532391436E-2
4.900545208E0,5.184690952E-1,5.168437958E-1,1.016545296E-1
4.910590208E0,6.118808389E-1,4.620417953E-1,1.884466857E-1
4.920636208E0,6.351029873E-1,3.571354151E-1,2.640493214E-1
4.930681208E0,6.075384617E-1,2.295870632E-1,3.164768517E-1
4.940726208E0,5.523364544E-1,1.230826676E-1,3.449147642E-1
4.950772208E0,4.753077030E-1,5.403116345E-2,3.589892983E-1
4.960817208E0,3.897773623E-1,4.127618298E-2,3.637905717E-1
4.970862208E0,2.962908149E-1,7.596359402E-2,3.624219596E-1
4.980908208E0,2.074819207E-1,1.532201320E-1,3.535913825E-1
4.990953208E0,1.444680691E-1,2.583723962E-1,3.325281739E-1
5.000998208E0,1.268346310E-1,3.842558563E-1,2.993994951E-1
5.011044208E0,1.440900564E-1,4.954942167E-1,2.618036568E-1
5.021089208E0,1.917831898E-1,5.774592161E-1,2.219622433E-1
5.031134208E0,2.533562779E-1,6.308811903E-1,1.927393675E-1
5.041180208E0,3.077477813E-1,6.662331223E-1,1.707539260E-1
5.051225208E0,3.475545943E-1,6.987061501E-1,1.624355465E-1
5.061271208E0,3.612336516E-1,7.284563184E-1,1.595785022E-1
5.071316208E0,3.482297063E-1,7.510212660E-1,1.658502519E-1
5.081361208E0,3.070070446E-1,7.513922453E-1,1.738244742E-1
5.091407208E0,2.515216768E-1,7.447029352E-1,1.865565032E-1
5.101452208E0,1.893532127E-1,7.275342345E-1,1.976608038E-1
5.111497208E0,1.198708043E-1,6.929003596E-1,2.096074820E-1
5.121543208E0,5.805528909E-2,6.507250667E-1,2.194271088E-1
5.131588208E0,6.867467426E-3,6.030065417E-1,2.256653011E-1
5.141633208E0,-3.701035306E-2,5.430727005E-1,2.354474366E-1
5.151679208E0,-7.421763986E-2,4.834364951E-1,2.482524365E-1
5.161724208E0,-1.015460938E-1,4.175024033E-1,2.682489753E-1
5.171769208E0,-1.322147846E-1,3.555080295E-1,2.949951291E-1
5.181815208E0,-1.688109785E-1,2.971734703E-1,3.296272457E-1
5.191860208E0,-2.045607120E-1,2.449558079E-1,3.708343208E-1
5.201905208E0,-2.422904819E-1,1.880966127E-1,4.170329869E-1
5.211951208E0,-2.812282741E-1,1.310447752E-1,4.737055898E-1
5.221996208E0,-3.190717101E-1,9.403207898E-2,5.354951620E-1
5.232041208E0,-3.617672324E-1,6.352236867E-2,5.996571183E-1
5.242087208E0,-3.910305798E-1,5.313870311E-2,6.563198566E-1
5.252132208E0,-3.739298880E-1,6.218093261E-2,7.015709877E-1
5.262177208E0,-2.915692329E-1,1.093585342E-1,7.390756011E-1
5.272223208E0,-1.489055753E-1,1.732357740E-1,7.744849920E-1
5.282268208E0,1.092460938E-2,2.396543026E-1,7.963884473E-1
5.292313208E0,1.663150042E-1,2.616309822E-1,8.233026266E-1
5.302359208E0,2.881723344E-1,2.601665258E-1,8.262283206E-1
5.312404208E0,3.391220570E-1,2.540995777E-1,8.135886788E-1
5.322449208E0,3.241386116E-1,2.569297850E-1,7.942475080E-1
5.332495208E0,2.468310595E-1,2.591276765E-1,7.701826692E-1
5.342540208E0,1.320831031E-1,2.673914135E-1,7.507841587E-1
5.352586208E0,4.965109751E-3,2.749297321E-1,7.401150465E-1
5.362631208E0,-1.083977595E-1,2.837232947E-1,7.442339659E-1
5.372676208E0,-1.792202592E-1,3.093945682E-1,7.645805478E-1
5.382722208E0,-2.016941756E-1,3.461786509E-1,7.850368619E-1
5.392767208E0,-1.889706552E-1,3.373404145E-1,7.962029576E-1
5.402812208E0,-1.500266790E-1,2.488190979E-1,8.070995212E-1
5.412858208E0,-1.031798273E-1,1.168581396E-1,8.129720688E-1
5.422903208E0,-6.863208115E-2,2.031754702E-2,8.200393319E-1
5.432948208E0,-5.036412179E-2,1.196241286E-2,8.165726662E-1
5.442994208E0,-2.400996722E-2,1.310010403E-1,8.023795485E-1
5.453039208E0,2.218735591E-2,3.395470679E-1,7.727103233E-1
5.463084208E0,1.185098216E-1,5.871732235E-1,7.534949780E-1
5.473130208E0,2.427193969E-1,8.032261729E-1,7.550662160E-1
5.483175208E0,3.651676476E-1,9.376773834E-1,7.713240385E-1
5.493220208E0,4.588081241E-1,9.923214912E-1,7.795993090E-1
5.503266208E0,5.047162771E-1,9.595590830E-1,7.708670497E-1
5.513311208E0,5.109853148E-1,8.470495343E-1,7.673237324E-1
5.523356208E0,4.704209268E-1,6.753769517E-1,7.801567912E-1
5.533401583E0,3.945831358E-1,4.845126569E-1,8.089351654E-1
5.543446583E0,2.990941405E-1,3.121705055E-1,8.432123661E-1
5.553491583E0,2.084084749E-1,1.997094750E-1,8.669735789E-1
5.563537583E0,1.382628381E-1,1.707631350E-1,8.676103354E-1
5.573582583E0,1.007695273E-1,2.018707246E-1,8.541212082E-1
5.583627583E0,9.053749591E-2,2.469829768E-1,8.368148804E-1
5.593673583E0,1.060605273E-1,2.802831531E-1,8.161317110E-1
5.603718583E0,1.377003342E-1,2.950602770E-1,7.923261523E-1
5.613763583E0,1.802339554E-1,2.786530554E-1,7.579969764E-1
5.623809583E0,2.288624942E-1,2.487473488E-1,7.291988730E-1
5.633854583E0,2.723506093E-1,2.185588181E-1,7.094299793E-1
5.643899583E0,2.892237008E-1,2.054509372E-1,6.901693940E-1
5.653945583E0,2.698356211E-1,2.235924006E-1,6.713981032E-1
5.663990583E0,2.188257128E-1,2.729679644E-1,6.491236091E-1
5.674036583E0,1.424305439E-1,3.421449065E-1,6.320099235E-1
5.684081583E0,5.999016762E-2,4.132205844E-1,6.067301035E-1
5.694126583E0,-5.907354876E-3,4.708393812E-1,5.806345940E-1
5.704172583E0,-5.113126338E-2,4.915369749E-1,5.538966656E-1
5.714217583E0,-6.721169502E-2,4.604528248E-1,5.350481272E-1
5.724262583E0,-5.349436775E-2,4.029382169E-1,5.214335322E-1
5.734308583E0,-2.485633269E-2,3.246040046E-1,4.996653795E-1
5.744353583E0,-6.650950294E-3,2.320317775E-1,4.827352166E-1
5.754398583E0,7.672712673E-5,1.222504228E-1,4.738269448E-1
5.764444583E0,-1.015982777E-2,1.073285937E-2,4.662705064E-1
5.774489583E0,-4.440781474E-2,-9.264226258E-2,4.563550353E-1
5.784534583E0,-8.312720805E-2,-1.814878881E-1,4.444634914E-1
5.794580583E0,-8.575627953E-2,-2.545522451E-1,4.352188408E-1
5.804625583E0,-3.161558881E-2,-3.048091233E-1,4.403555691E-1
5.814670583E0,5.587165058E-2,-3.180194795E-1,4.436267316E-1
5.824716583E0,1.652034074E-1,-3.027098775E-1,4.511390626E-1
5.834761583E0,2.709649801E-1,-2.578625083E-1,4.456577301E-1
5.844806583E0,3.447686136E-1,-2.071208507E-1,4.271341264E-1
5.854852583E0,3.762176037E-1,-1.691377759E-1,3.950408995E-1
5.864897583E0,3.677570224E-1,-1.574656814E-1,3.549696505E-1
5.874942583E0,3.215399683E-1,-1.758167148E-1,3.132445812E-1
5.884988583E0,2.516092658E-1,-2.330817729E-1,2.764894366E-1
5.895033583E0,1.682373881E-1,-3.045991063E-1,2.410992235E-1
5.905078583E0,8.535255492E-2,-3.685193658E-1,1.987258494E-1
5.915124583E0,1.753782481E-2,-4.090641439E-1,1.504701674E-1
5.925169583E0,-2.652093209E-2,-4.011237919E-1,1.095348820E-1
5.935214583E0,-5.064198002E-2,-3.087898791E-1,5.975294113E-2
5.945260583E0,-8.670161664E-2,-1.762372851E-1,1.269342378E-2
5.955305583E0,-1.724213064E-1,-1.104044840E-1,-1.960432902E-2
5.965350583E0,-3.259167075E-1,-1.416717619E-1,-5.870116130E-2
5.975396583E0,-5.209644437E-1,-2.396366745E-1,-1.195213646E-1
5.985441583E0,-7.022383809E-1,-2.900986373E-1,-2.028664947E-1
5.995486583E0,-8.533061743E-1,-2.055813521E-1,-2.829754353E-1
6.005532583E0,-9.504479766E-1,5.263326224E-3,-3.363121748E-1
6.015577583E0,-9.582819343E-1,2.679687142E-1,-3.484689593E-1
6.025622583E0,-8.303296566E-1,5.335423946E-1,-3.462887406E-1
6.035668583E0,-5.659091473E-1,7.805401683E-1,-3.389684856E-1
6.045713583E0,-2.288572788E-1,9.591026902E-1,-3.113672435E-1
6.055758583E0,1.080920026E-1,9.975299835E-1,-2.555609643E-1
6.065804583E0,4.096947014E-1,8.821520209E-1,-1.783174574E-1
6.075849583E0,6.571202278E-1,6.316846609E-1,-1.042230055E-1
6.085895583E0,8.226238489E-1,3.108792901E-1,-5.127598718E-2
6.095940583E0,8.662347198E-1,2.475115703E-3,-3.072304279E-2
6.105985583E0,8.007910848E-1,-2.340233326E-1,-2.752969414E-2
6.116031583E0,6.499496102E-1,-3.518341184E-1,-3.390263766E-2
6.126076583E0,4.590206444E-1,-3.469383121E-1,-4.332474619E-2
6.136121583E0,2.799773812E-1,-2.500117719E-1,-5.956203863E-2
6.146167583E0,1.492045522E-1,-1.030919105E-1,-9.572672099E-2
6.156212583E0,8.111736178E-2,5.996412039E-2,-1.466535479E-1
6.166257583E0,6.713436544E-2,2.135868222E-1,-1.994055212E-1
6.176303583E0,9.104422480E-2,3.438399136E-1,-2.321155369E-1
6.186348583E0,1.240382120E-1,4.452391267E-1,-2.457868904E-1
6.196393583E0,1.472314000E-1,5.329990387E-1,-2.312755883E-1
6.206439583E0,1.580840945E-1,6.169582605E-1,-2.034675777E-1
6.216484583E0,1.586689204E-1,6.793971062E-1,-1.715256125E-1
6.226529583E0,1.508194804E-1,7.179843187E-1,-1.434656233E-1
6.236575583E0,1.404392719E-1,7.415391803E-1,-1.097944900E-1
6.246620583E0,1.283998489E-1,7.325274348E-1,-7.381708920E-2
6.256665583E0,1.114344597E-1,7.047286034E-1,-3.721007332E-2
6.266711583E0,9.434995800E-2,6.541039348E-1,-1.528023276E-3
6.276756583E0,7.963944972E-2,6.008734703E-1,2.612437867E-2
6.286801583E0,6.570991129E-2,5.477449894E-1,5.295234919E-2
6.296847583E0,5.220608413E-2,5.023074150E-1,8.325379342E-2
6.306892583E0,3.672163934E-2,4.721550941E-1,1.055237353E-1
6.316937583E0,1.546481997E-2,4.334942400E-1,1.245402992E-1
6.326983583E0,2.501384821E-3,3.940680623E-1,1.472880691E-1
6.337028583E0,-2.317095548E-2,3.565449119E-1,1.741071641E-1
6.347073583E0,-5.356027931E-2,3.177549541E-1,2.043879926E-1
6.357119583E0,-8.622314781E-2,2.898575366E-1,2.258080691E-1
6.367164583E0,-1.214857697E-1,2.721494138E-1,2.394068986E-1
6.377209583E0,-1.522972137E-1,2.600237727E-1,2.476893216E-1
6.387255583E0,-1.872687787E-1,2.468755096E-1,2.535226047E-1
6.397300583E0,-2.186908871E-1,2.310387492E-1,2.735399902E-1
6.407345583E0,-2.292714715E-1,2.159663141E-1,2.964858115E-1
6.417391583E0,-2.172590196E-1,2.002882957E-1,3.182787299E-1
6.427436583E0,-1.865997165E-1,1.851363182E-1,3.360992968E-1
6.437481583E0,-1.523970068E-1,1.541435122E-1,3.475388885E-1
6.447527583E0,-1.363580227E-1,1.049482971E-1,3.570929170E-1
6.457572583E0,-1.468905658E-1,5.621058121E-2,3.571139574E-1
6.467617583E0,-1.889975816E-1,1.458205469E-2,3.455237150E-1
6.477663583E0,-2.514489889E-1,-9.940864518E-3,3.277221024E-1
6.487708583E0,-3.247653246E-1,-1.901093870E-2,3.138810098E-1
6.497753583E0,-3.906042576E-1,-2.110764571E-2,3.199397027E-1
6.507799583E0,-4.177955091E-1,-5.610660650E-3,3.467296362E-1
6.517844583E0,-3.915085196E-1,3.257108107E-2,3.867005110E-1
6.527889583E0,-3.379476964E-1,1.455962751E-2,4.240738451E-1
6.537936208E0,-2.822777629E-1,-8.489186317E-2,4.510673583E-1
6.547981208E0,-2.392638624E-1,-2.194903791E-1,4.792101979E-1
6.558026208E0,-1.865111589E-1,-3.230420649E-1,4.959263504E-1
6.568072208E0,-1.244934872E-1,-3.390949070E-1,4.991224408E-1
6.578117208E0,-4.868475348E-2,-2.515605390E-1,4.922165871E-1
6.588162208E0,5.487241223E-2,-8.264661580E-2,4.730956256E-1
6.598208208E0,1.979464740E-1,1.171836779E-1,4.521264136E-1
6.608253208E0,3.646113575E-1,3.249403834E-1,4.477020204E-1
6.618298208E0,5.170149803E-1,4.907317460E-1,4.552124143E-1
6.628344208E0,6.101771593E-1,5.885287523E-1,4.727287591E-1
6.638389208E0,6.575883031E-1,6.263589263E-1,4.795001149E-1
6.648434208E0,6.605655551E-1,6.103047729E-1,4.715594053E-1
6.658480208E0,6.103146672E-1,5.400702953E-1,4.610923529E-1
6.668525208E0,5.148100853E-1,4.333465695E-1,4.574124515E-1
6.678570208E0,3.845141530E-1,3.357646167E-1,4.691173136E-1
6.688616208E0,2.439444810E-1,2.710776925E-1,4.832136035E-1
6.698661208E0,1.204931214E-1,2.593246400E-1,4.924739301E-1
6.708707208E0,3.768004477E-2,2.786467969E-1,4.990310371E-1
6.718752208E0,1.024469268E-2,2.972497642E-1,5.072250962E-1
6.728797208E0,2.444375306E-2,2.933131158E-1,5.155942440E-1
6.738842208E0,7.002960891E-2,2.620002031E-1,5.244223475E-1
6.748888208E0,1.260848045E-1,2.057132423E-1,5.298870802E-1
6.758933208E0,1.806122214E-1,1.438216418E-1,5.337428451E-1
6.768979208E0,2.062353045E-1,9.958364815E-2,5.325981379E-1
6.779024208E0,1.897870898E-1,9.019147605E-2,5.280326605E-1
6.789069208E0,1.576047093E-1,1.255658269E-1,5.203730464E-1
6.799115208E0,1.188674420E-1,1.769637614E-1,5.060822964E-1
6.809160208E0,8.063019067E-2,2.396831065E-1,4.913618267E-1
6.819205208E0,4.346711189E-2,2.930557728E-1,4.766971469E-1
6.829251208E0,2.151574753E-2,3.211881220E-1,4.593960643E-1
6.839296208E0,1.981718279E-2,3.158375621E-1,4.402167797E-1
6.849341208E0,4.076352343E-2,2.763776183E-1,4.210512340E-1
6.859387208E0,7.538221776E-2,2.175593227E-1,3.939906061E-1
6.869432208E0,1.028664187E-1,1.561206579E-1,3.634032905E-1
6.879477208E0,1.022062227E-1,1.069440618E-1,3.373104632E-1
6.889523208E0,7.463571429E-2,6.887690723E-2,3.054556251E-1
6.899568208E0,2.032586746E-2,3.866387904E-2,2.655617297E-1
6.909613208E0,-4.379076138E-2,1.616169699E-3,2.199504077E-1
6.919659208E0,-1.054322943E-1,-3.667715564E-2,1.705644727E-1
6.929704208E0,-1.501647681E-1,-8.213261515E-2,1.151425242E-1
6.939749208E0,-1.786398292E-1,-1.378557980E-1,6.044252217E-2
6.949795208E0,-1.772171110E-1,-1.837976277E-1,2.058644779E-2
6.959840208E0,-1.616836935E-1,-2.164767534E-1,-9.250010364E-3
6.969885208E0,-1.333773732E-1,-2.402258217E-1,-3.290082142E-2
6.979931208E0,-8.556618541E-2,-2.530862093E-1,-5.456377566E-2
6.989976208E0,-2.042930573E-2,-2.435221374E-1,-7.276663184E-2
7.000021208E0,4.371319339E-2,-2.297807634E-1,-9.279680252E-2
7.010067208E0,9.723065794E-2,-2.277348787E-1,-1.163480729E-1
7.020112208E0,1.286746114E-1,-2.417143434E-1,-1.497587711E-1
7.030157208E0,1.328939199E-1,-2.616369724E-1,-1.878199279E-1
7.040203208E0,1.080434173E-1,-2.955331504E-1,-2.223334312E-1
7.050248208E0,5.193197727E-2,-3.261054456E-1,-2.513813972E-1
7.060293208E0,-3.067395464E-2,-3.588487208E-1,-2.756390572E-1
7.070339208E0,-1.254508346E-1,-3.758631945E-1,-2.980483174E-1
7.080384208E0,-2.154395729E-1,-3.531821072E-1,-3.156765699E-1
7.090429208E0,-3.058967292E-1,-3.058464527E-1,-3.345450759E-1
7.100475208E0,-4.288996160E-1,-2.949804962E-1,-3.426951468E-1
7.110520208E0,-5.958514810E-1,-3.473299444E-1,-3.552305102E-1
7.120565208E0,-7.752124071E-1,-4.151588082E-1,-3.663428128E-1
7.130611208E0,-9.175553322E-1,-4.332107604E-1,-3.666831553E-1
7.140656208E0,-9.776498079E-1,-3.587125838E-1,-3.390171826E-1
7.150701208E0,-9.468302727E-1,-2.094664276E-1,-2.926350832E-1
7.160747208E0,-7.978267074E-1,-3.684245795E-2,-2.477757633E-1
7.170792208E0,-5.403388143E-1,1.159438938E-1,-2.066030353E-1
7.180837208E0,-1.980973333E-1,2.341115475E-1,-1.594863981E-1
7.190883208E0,1.523869783E-1,2.751890123E-1,-9.506236017E-2
7.200928208E0,4.439746141E-1,2.314609885E-1,-1.947438903E-2
7.210973208E0,6.563253403E-1,1.095092520E-1,4.381880909E-2
7.221019208E0,7.828342915E-1,-6.493951380E-2,9.152001888E-2
7.231064208E0,8.144318461E-1,-2.616049945E-1,1.147209480E-1
7.241109208E0,7.548452020E-1,-4.406325221E-1,1.068776771E-1
7.251155208E0,6.168653369E-1,-5.568434000E-1,6.689875573E-2
7.261200208E0,4.340934157E-1,-5.718236566E-1,1.201846637E-2
7.271245208E0,2.458909452E-1,-4.857946038E-1,-3.428451717E-2
7.281291208E0,9.178980440E-2,-3.322758675E-1,-6.453509629E-2
7.291336208E0,1.635248587E-2,-1.654988229E-1,-1.070068032E-1
7.301381208E0,2.175870165E-2,-1.780124754E-2,-1.700107902E-1
7.311427208E0,8.196932077E-2,8.989702165E-2,-2.421500832E-1
7.321472208E0,1.657033563E-1,1.494671404E-1,-2.905716598E-1
7.331517208E0,2.473362982E-1,1.861695647E-1,-3.091354668E-1
7.341563208E0,3.040230274E-1,2.214298099E-1,-3.118686676E-1
7.351608208E0,3.341310322E-1,2.640415132E-1,-3.155365288E-1
7.361653208E0,3.365103006E-1,3.158213496E-1,-3.262730837E-1
7.371699208E0,3.080834448E-1,3.765988946E-1,-3.371832967E-1
7.381744208E0,2.539248765E-1,4.340752363E-1,-3.351467848E-1
7.391789208E0,1.834299266E-1,4.760471880E-1,-3.238792121E-1
7.401835208E0,1.222683042E-1,4.862385690E-1,-3.116776645E-1
7.411880208E0,7.535653561E-2,4.668735564E-1,-2.959700823E-1
7.421925208E0,5.089460313E-2,4.301978350E-1,-2.777343392E-1
7.431971208E0,5.089646205E-2,3.835687935E-1,-2.617172003E-1
7.442016208E0,5.007807165E-2,3.342752755E-1,-2.447584718E-1
7.452061208E0,3.720677271E-2,2.897513509E-1,-2.333384454E-1
7.462107208E0,1.148889214E-2,2.363810688E-1,-2.313876897E-1
7.472152208E0,-2.463199385E-2,1.875819862E-1,-2.316954136E-1
7.482197208E0,-7.260031998E-2,1.276241094E-1,-2.209042907E-1
7.492243208E0,-1.315474510E-1,6.483337283E-2,-2.018691897E-1
7.502288208E0,-1.955871433E-1,1.349294931E-2,-1.834867150E-1
7.512333208E0,-2.660669088E-1,-2.477617562E-2,-1.593106985E-1
7.522379208E0,-3.246189058E-1,-4.991614819E-2,-1.298063397E-1
7.532423833E0,-3.603492081E-1,-5.172763020E-2,-8.661653101E-2
7.542468833E0,-3.623377979E-1,-2.657141164E-2,-3.372135386E-2
7.552514833E0,-3.321439624E-1,1.519218925E-2,1.929712854E-2
7.562559833E0,-2.668661773E-1,4.950355738E-2,6.719088554E-2
7.572604833E0,-1.632709801E-1,5.710193887E-2,1.072410271E-1
7.582650833E0,-5.315087736E-2,2.098494582E-2,1.480952501E-1
7.592695833E0,4.212161899E-2,-4.302270710E-2,1.829025000E-1
7.602740833E0,1.081203446E-1,-1.144066080E-1,2.061231285E-1
7.612786833E0,1.192053109E-1,-1.805526316E-1,2.270753235E-1
7.622831833E0,8.441483974E-2,-2.236084938E-1,2.351090163E-1
7.632876833E0,1.062087715E-2,-2.605397403E-1,2.447852194E-1
7.642922833E0,-9.688108414E-2,-2.675760686E-1,2.640598416E-1
7.652967833E0,-2.119429559E-1,-2.590755224E-1,2.871973813E-1
7.663012833E0,-3.027482331E-1,-2.237079442E-1,3.130018115E-1
7.673058833E0,-3.445946574E-1,-1.494780481E-1,3.254085183E-1
7.683103833E0,-3.603294194E-1,-8.107155561E-2,3.231200576E-1
7.693148833E0,-3.734042346E-1,-7.041607052E-2,3.142509460E-1
7.703194833E0,-3.778844774E-1,-1.046028063E-1,3.097600341E-1
7.713239833E0,-3.666355908E-1,-1.312786490E-1,3.079811037E-1
7.723284833E0,-3.224838376E-1,-1.261621863E-1,3.177224100E-1
7.733330833E0,-2.309282422E-1,-7.031679153E-2,3.401649594E-1
7.743375833E0,-9.873984009E-2,7.619461417E-2,3.612585366E-1
7.753420833E0,8.112582564E-2,2.526893020E-1,3.710846305E-1
7.763466833E0,2.947427928E-1,3.979631364E-1,3.693490326E-1
7.773511833E0,4.763026834E-1,4.579989910E-1,3.727748394E-1
7.783556833E0,5.934466124E-1,4.550391436E-1,3.886115849E-1
7.793602833E0,6.385700703E-1,4.045490921E-1,4.141373634E-1
7.803647833E0,6.247519851E-1,3.220196068E-1,4.286641181E-1
7.813692833E0,5.489746332E-1,2.004835755E-1,4.309946597E-1
7.823738833E0,4.302479625E-1,6.195472553E-2,4.266808629E-1
7.833783833E0,2.829314768E-1,-4.983465374E-2,4.260752499E-1
7.843828833E0,1.450884193E-1,-9.163643420E-2,4.244491458E-1
7.853874833E0,3.985688463E-2,-4.881817847E-2,4.112938046E-1
7.863919833E0,-2.061924338E-2,1.763993874E-2,3.898947835E-1
7.873964833E0,-3.306059167E-2,9.207712114E-2,3.677650690E-1
7.884010833E0,-1.354840957E-2,1.546981633E-1,3.342130184E-1
7.894055833E0,3.933076933E-2,1.824502349E-1,2.874170244E-1
7.904100833E0,1.101527363E-1,1.794576347E-1,2.328275442E-1
7.914146833E0,1.669880748E-1,1.825564206E-1,1.799499243E-1
7.924191833E0,1.908721030E-1,2.085864246E-1,1.188474223E-1
7.934236833E0,1.776704639E-1,2.608465254E-1,6.780183315E-2
7.944282833E0,1.076762080E-1,3.516398072E-1,4.695620015E-2
7.954327833E0,6.510102656E-3,4.584265947E-1,2.764702216E-2
7.964372833E0,-1.036350429E-1,5.563526154E-1,6.113765761E-3
7.974418833E0,-1.969007701E-1,6.115634441E-1,-1.412786264E-2
7.984463833E0,-2.737857103E-1,6.076169610E-1,-2.988125756E-2
7.994508833E0,-3.258134723E-1,5.565620661E-1,-3.998033702E-2
8.004554833E0,-3.329805732E-1,4.301708341E-1,-3.738881275E-2
8.014599833E0,-3.087913990E-1,2.807286978E-1,-2.791855857E-2
8.024644833E0,-2.786489427E-1,1.405263096E-1,-1.795114577E-2
8.034690833E0,-2.446994483E-1,3.050412983E-2,-1.302142255E-2
8.044735833E0,-2.075872272E-1,-4.823888466E-2,-1.040513348E-2
8.054780833E0,-1.830686778E-1,-9.019985050E-2,-2.038764767E-2
8.064826833E0,-1.673917174E-1,-1.257695705E-1,-3.131646290E-2
8.074871833E0,-1.598384976E-1,-1.553025395E-1,-4.407076165E-2
8.084916833E0,-1.635445654E-1,-1.779487282E-1,-5.002133176E-2
8.094962833E0,-1.638607830E-1,-1.788102239E-1,-4.347120598E-2
8.105007833E0,-1.482320279E-1,-1.376135200E-1,-3.592167795E-2
8.115052833E0,-1.059458628E-1,-7.196747512E-2,-3.520847857E-2
8.125097833E0,-3.522881866E-2,-2.198420279E-2,-2.810609341E-2
8.135143833E0,4.775928333E-2,-9.530962445E-3,-1.862933859E-2
8.145188833E0,1.310850680E-1,-4.623837397E-2,-1.649428345E-2
8.155233833E0,2.080588192E-1,-1.239960268E-1,-2.753333189E-2
8.165279833E0,2.712172866E-1,-2.142505497E-1,-5.515404046E-2
8.175324833E0,3.071141243E-1,-3.006881177E-1,-9.003060311E-2
8.185369833E0,2.964113951E-1,-3.609943390E-1,-1.177943274E-1
8.195415833E0,2.309855223E-1,-3.942067921E-1,-1.366293132E-1
8.205460833E0,1.236651987E-1,-4.093670845E-1,-1.525486261E-1
8.215505833E0,-9.680395015E-3,-3.991273940E-1,-1.726001352E-1
8.225551833E0,-1.485961974E-1,-3.645417392E-1,-1.960926801E-1
8.235596833E0,-2.484473437E-1,-3.004288673E-1,-2.294983268E-1
8.245641833E0,-3.239106834E-1,-2.316349000E-1,-2.774267197E-1
8.255687833E0,-3.946064413E-1,-2.243014425E-1,-3.313181698E-1
8.265732833E0,-5.162532926E-1,-3.156233728E-1,-3.670348823E-1
8.275777833E0,-6.710397005E-1,-4.538383186E-1,-3.799115419E-1
8.285823833E0,-7.814588547E-1,-5.097188950E-1,-3.786611855E-1
8.295868833E0,-8.314813375E-1,-4.756017625E-1,-3.450052142E-1
8.305913833E0,-7.927339673E-1,-3.842137754E-1,-2.800224423E-1
8.315959833E0,-6.526252031E-1,-2.517029941E-1,-2.191979140E-1
8.326004833E0,-4.195040762E-1,-1.291568428E-1,-1.644574404E-1
8.336049833E0,-1.117756814E-1,-3.051463701E-2,-1.259062290E-1
8.346095833E0,2.072398514E-1,1.522925915E-3,-1.009241864E-1
8.356140833E0,4.651939869E-1,-3.663200140E-2,-7.708544284E-2
8.366185833E0,6.219391227E-1,-1.244574562E-1,-3.804510087E-2
8.376231833E0,6.741598845E-1,-2.395046502E-1,-7.642006502E-3
8.386276833E0,6.426970363E-1,-3.743663430E-1,-5.385776516E-3
8.396321833E0,5.455734134E-1,-4.872664213E-1,-2.781785652E-2
8.406367833E0,4.033843577E-1,-5.448237658E-1,-6.266451627E-2
8.416412833E0,2.453439087E-1,-5.349432826E-1,-1.052683443E-1
8.426457833E0,9.534696490E-2,-4.613851607E-1,-1.384334862E-1
8.436503833E0,-7.499526255E-3,-3.358828723E-1,-1.594301164E-1
8.446548833E0,-4.029183090E-2,-1.912122518E-1,-1.920285374E-1
8.456593833E0,-1.300301962E-2,-4.877959564E-2,-2.350952476E-1
8.466639833E0,4.804861546E-2,7.648618519E-2,-2.787873149E-1
8.476684833E0,1.094718054E-1,1.687991619E-1,-3.199491799E-1
8.486729833E0,1.501380056E-1,2.282840461E-1,-3.375990093E-1
8.496775833E0,1.755037308E-1,2.649877965E-1,-3.430993557E-1
8.506820833E0,1.817701608E-1,2.931643128E-1,-3.448378742E-1
8.516865833E0,1.668146700E-1,3.334585130E-1,-3.459840119E-1
8.526911833E0,1.290513128E-1,3.678721488E-1,-3.427709043E-1
8.536956958E0,7.230452448E-2,3.875264823E-1,-3.284753859E-1
8.547001958E0,9.963382967E-3,3.961916268E-1,-3.031489849E-1
8.557047958E0,-4.871137068E-2,3.761087954E-1,-2.810273767E-1
8.567092958E0,-9.050168842E-2,3.266464472E-1,-2.607335746E-1
8.577137958E0,-1.143489331E-1,2.538194358E-1,-2.430058867E-1
8.587183958E0,-1.182209030E-1,1.672592312E-1,-2.230135351E-1
8.597228958E0,-1.247276813E-1,7.517670840E-2,-2.058361620E-1
8.607273958E0,-1.486396790E-1,1.940309186E-3,-1.944868416E-1
8.617319958E0,-1.888005286E-1,-4.237043485E-2,-1.883322448E-1
8.627364958E0,-2.437260896E-1,-5.286728591E-2,-1.860145032E-1
8.637409958E0,-3.098280132E-1,-3.959518299E-2,-1.808492094E-1
8.647455958E0,-3.769444823E-1,-2.972257882E-2,-1.674183607E-1
8.657500958E0,-4.397191405E-1,-3.072018363E-2,-1.439849585E-1
8.667545958E0,-4.911825955E-1,-3.240516409E-2,-1.106624305E-1
8.677591958E0,-5.275354385E-1,-2.764534205E-2,-6.977081299E-2
8.687636958E0,-5.388110280E-1,-2.158398554E-2,-2.274471521E-2
8.697681958E0,-5.163683891E-1,-1.900145784E-2,2.988182195E-2
8.707727958E0,-4.565783441E-1,-1.552523393E-2,8.947803825E-2
8.717772958E0,-3.698419333E-1,-1.762217842E-2,1.398529708E-1
8.727817958E0,-2.561835647E-1,-2.601113543E-2,1.761332154E-1
8.737862958E0,-1.371902376E-1,-4.246526212E-2,1.961241215E-1
8.747908958E0,-2.873860486E-2,-6.146664917E-2,1.977768838E-1
8.757953958E0,5.372682214E-2,-8.715263754E-2,1.870519966E-1
8.767998958E0,1.074888483E-1,-8.941845596E-2,1.777469069E-1
8.778044958E0,1.151960343E-1,-5.735592172E-2,1.788134426E-1
8.788089958E0,7.293459773E-2,-2.872440964E-3,1.859160960E-1
8.798134958E0,6.448894739E-3,5.182673037E-2,1.940430850E-1
8.808180958E0,-4.782952368E-2,9.914657474E-2,2.043891996E-1
8.818225958E0,-6.505717337E-2,1.306157112E-1,2.260735482E-1
8.828270958E0,-5.551027134E-2,1.230129078E-1,2.478720546E-1
8.838316958E0,-5.152965337E-2,1.847045124E-2,2.761094868E-1
8.848361958E0,-8.450625092E-2,-1.528573632E-1,3.053017259E-1
8.858406958E0,-1.318559051E-1,-3.085669577E-1,3.194441497E-1
8.868452958E0,-1.698357761E-1,-3.956017196E-1,3.172622025E-1
8.878497958E0,-1.937583834E-1,-3.923398256E-1,3.075814545E-1
8.888542958E0,-1.790470779E-1,-2.963474989E-1,2.934576273E-1
8.898588958E0,-1.087079793E-1,-1.211749986E-1,2.735744715E-1
8.908633958E0,2.815612964E-2,1.013736576E-1,2.619905174E-1
8.918678958E0,2.288000286E-1,3.275562227E-1,2.640445232E-1
8.928724958E0,4.494386315E-1,4.910788536E-1,2.778998911E-1
8.938769958E0,6.311854124E-1,5.609567165E-1,2.951935828E-1
8.948814958E0,7.666020989E-1,5.631067157E-1,3.054728508E-1
8.958860958E0,8.286999464E-1,5.029074550E-1,3.209873140E-1
8.968905958E0,8.189213276E-1,3.947043121E-1,3.491036594E-1
8.978950958E0,7.462525368E-1,2.651830018E-1,3.815017939E-1
8.988996958E0,6.286191344E-1,1.377150416E-1,4.047471881E-1
8.999041958E0,4.769695699E-1,5.611823872E-2,4.268896580E-1
9.009086958E0,3.139090240E-1,3.311198577E-2,4.442084432E-1
9.019132958E0,1.782744229E-1,6.826749444E-2,4.576704204E-1
9.029177958E0,8.615062386E-2,1.310307384E-1,4.586387575E-1
9.039222958E0,3.201539069E-2,1.966409385E-1,4.568437338E-1
9.049268958E0,1.049918123E-2,2.464955896E-1,4.460754991E-1
9.059313958E0,2.469071373E-2,2.798902094E-1,4.171431959E-1
9.069358958E0,5.140621588E-2,2.893191278E-1,3.795276284E-1
9.079404958E0,6.238365918E-2,2.811878026E-1,3.471222520E-1
9.089449958E0,6.010798737E-2,2.707604468E-1,3.259690404E-1
9.099494958E0,4.246149212E-2,2.705231309E-1,3.122514784E-1
9.109540958E0,7.512028795E-3,2.860767841E-1,2.907944024E-1
9.119585958E0,-3.851489723E-2,3.140987158E-1,2.717739344E-1
9.129630958E0,-8.463232219E-2,3.397265673E-1,2.615359426E-1
9.139676958E0,-1.227861270E-1,3.562783897E-1,2.554132938E-1
9.149721958E0,-1.453159451E-1,3.398078084E-1,2.478475124E-1
9.159766958E0,-1.509912461E-1,2.990617752E-1,2.477028966E-1
9.169811958E0,-1.431985646E-1,2.325570732E-1,2.485106289E-1
9.179857958E0,-1.354332566E-1,1.534980237E-1,2.493436784E-1
9.189902958E0,-1.256413460E-1,7.914043963E-2,2.374734581E-1
9.199947958E0,-1.194204763E-1,2.410265245E-2,2.202114165E-1
9.209993958E0,-1.253228486E-1,-9.361565113E-3,1.975058317E-1
9.220038958E0,-1.423756182E-1,-2.241903543E-2,1.691793501E-1
9.230083958E0,-1.637887657E-1,-2.778956667E-2,1.469813883E-1
9.240129958E0,-1.782767177E-1,-3.878004476E-2,1.163549349E-1
9.250174958E0,-1.817561239E-1,-5.768369511E-2,8.551633358E-2
9.260219958E0,-1.709278226E-1,-7.373587042E-2,5.707075447E-2
9.270265958E0,-1.527280509E-1,-8.777125925E-2,3.104368038E-2
9.280310958E0,-1.228763685E-1,-1.058409587E-1,3.536313307E-3
9.290355958E0,-8.192893118E-2,-1.373541355E-1,-2.283137850E-2
9.300401958E0,-4.673523456E-2,-1.795242280E-1,-4.473104328E-2
9.310446958E0,-1.753607206E-2,-2.329304665E-1,-6.585284323E-2
9.320491958E0,-3.391358769E-5,-3.035267889E-1,-8.651547134E-2
9.330537958E0,6.916137412E-3,-3.590435684E-1,-1.100000218E-1
9.340582958E0,2.867103554E-3,-4.020437300E-1,-1.473267823E-1
9.350627958E0,-1.859877259E-2,-4.287253916E-1,-1.900801063E-1
9.360673958E0,-5.515526980E-2,-4.302838445E-1,-2.382128984E-1
9.370718958E0,-1.156859919E-1,-4.151802361E-1,-2.818330824E-1
9.380763958E0,-1.855077595E-1,-3.698451519E-1,-3.283231854E-1
9.390809958E0,-2.360694706E-1,-2.846447527E-1,-3.782262802E-1
9.400854958E0,-2.976883054E-1,-2.224372327E-1,-4.166775048E-1
9.410899958E0,-3.965685368E-1,-2.286445349E-1,-4.374562800E-1
9.420945958E0,-4.982503355E-1,-2.805546522E-1,-4.551874697E-1
9.430990958E0,-5.669335127E-1,-3.153083622E-1,-4.640550017E-1
9.441035958E0,-5.856630206E-1,-3.072198033E-1,-4.309548736E-1
9.451081958E0,-5.288218260E-1,-2.241904438E-1,-3.617505133E-1
9.461126958E0,-3.706530929E-1,-1.003765985E-1,-2.849196792E-1
9.471171958E0,-1.349441409E-1,4.163392819E-3,-2.170833796E-1
9.481216958E0,1.509510875E-1,6.591727585E-2,-1.605281383E-1
9.491262958E0,4.491670728E-1,9.160000086E-2,-1.181085110E-1
9.501307958E0,7.155222893E-1,7.922181487E-2,-8.040457219E-2
9.511352958E0,9.093340635E-1,1.519436203E-2,-4.475310072E-2
9.521398958E0,1.008920431E0,-8.378191292E-2,-2.914381586E-2
9.531443958E0,1.012206197E0,-1.866537035E-1,-3.037259914E-2
9.541489583E0,9.225749969E-1,-2.926054001E-1,-4.504730925E-2
9.551535583E0,7.651067972E-1,-3.896200955E-1,-7.117184997E-2
9.561580583E0,5.687688589E-1,-4.423794746E-1,-1.145399138E-1
9.571625583E0,3.639589250E-1,-4.284767210E-1,-1.738881916E-1
9.581671583E0,1.798531860E-1,-3.590808809E-1,-2.214184105E-1
9.591716583E0,4.652095214E-2,-2.670886219E-1,-2.623418570E-1
9.601761583E0,-1.741242036E-2,-1.753210425E-1,-3.076689541E-1
9.611807583E0,-1.874506660E-2,-9.901855886E-2,-3.625034392E-1
9.621852583E0,1.982965134E-2,-3.461337835E-2,-4.263532758E-1
9.631897583E0,7.145290077E-2,1.191737037E-2,-4.897631407E-1
9.641943583E0,1.095913053E-1,3.528249636E-2,-5.261676311E-1
9.651988583E0,1.146707460E-1,6.241904199E-2,-5.351872444E-1
9.662033583E0,9.182189405E-2,1.012287512E-1,-5.400791764E-1
9.672079583E0,5.226276442E-2,1.518983245E-1,-5.381894112E-1
9.682124583E0,5.350997671E-3,2.242970765E-1,-5.229484439E-1
9.692169583E0,-4.091689736E-2,2.998507023E-1,-4.968851507E-1
9.702215583E0,-7.373287529E-2,3.611001968E-1,-4.674907327E-1
9.712260583E0,-8.030342311E-2,3.919004500E-1,-4.305633605E-1
9.722305583E0,-6.377990544E-2,3.846025169E-1,-3.991259336E-1
9.732351583E0,-3.133940697E-2,3.424188495E-1,-3.705605865E-1
9.742396583E0,4.863530339E-4,2.689791024E-1,-3.412098885E-1
9.752441583E0,2.094289288E-2,1.761380881E-1,-3.017077744E-1
9.762486583E0,2.186993882E-2,8.509819955E-2,-2.591416538E-1
9.772532583E0,-8.309002966E-3,1.906352118E-2,-2.209220976E-1
9.782577583E0,-6.397873908E-2,-1.818739250E-2,-1.910317242E-1
9.792622583E0,-1.413837820E-1,-1.614394784E-2,-1.730780154E-1
9.802668583E0,-2.369089723E-1,2.992770635E-2,-1.661792099E-1
9.812713583E0,-3.271650970E-1,1.075519323E-1,-1.638481468E-1
9.822758583E0,-4.060254693E-1,1.875185817E-1,-1.517128944E-1
9.832804583E0,-4.587898850E-1,2.483020276E-1,-1.319620907E-1
9.842849583E0,-4.703443944E-1,3.005010188E-1,-1.031314284E-1
9.852894583E0,-4.330215454E-1,3.298248351E-1,-6.497631967E-2
9.862940583E0,-3.429847062E-1,3.296855986E-1,-1.542939432E-2
9.872985583E0,-2.154781669E-1,2.913019657E-1,3.387610242E-2
9.883030583E0,-6.821259856E-2,2.233546823E-1,8.826376498E-2
9.893076583E0,6.532308459E-2,1.441730559E-1,1.338416338E-1
9.903121583E0,1.598556936E-1,6.269467622E-2,1.701493859E-1
9.913166583E0,1.981924176E-1,2.578873420E-3,1.786190271E-1
9.923212583E0,1.869998723E-1,-1.806533150E-2,1.620126218E-1
9.933257583E0,1.360690445E-1,3.529175185E-3,1.216130108E-1
9.943302583E0,5.749900267E-2,3.539902717E-2,7.350064814E-2
9.953348583E0,-3.086414933E-2,6.718252599E-2,3.135745600E-2
9.963393583E0,-1.308199614E-1,1.018389538E-1,4.521303345E-3
9.973438583E0,-2.266588807E-1,1.358336657E-1,-2.338862419E-2
9.983484583E0,-2.936053872E-1,1.533295959E-1,-5.103603378E-2
9.993529583E0,-3.709883392E-1,8.981399983E-2,-6.101356447E-2
1.000357458E1,-4.872860312E-1,-4.265193269E-2,-6.039585546E-2
1.001361958E1,-6.020019650E-1,-1.329988688E-1,-8.126705140E-2
1.002366558E1,-6.734086275E-1,-1.446189880E-1,-1.064881757E-1
1.003371058E1,-6.768414378E-1,-7.462631166E-2,-1.192276701E-1
1.004375558E1,-6.143116951E-1,4.012143239E-2,-1.067055985E-1
1.005380158E1,-4.757333100E-1,1.549310982E-1,-6.881333888E-2
1.006384658E1,-2.542337477E-1,2.196981907E-1,-9.160918184E-3
1.007389158E1,3.415942937E-2,2.500960529E-1,5.594511330E-2
1.008393758E1,3.508337140E-1,2.587972879E-1,1.198040619E-1
1.009398258E1,6.406841278E-1,2.145115733E-1,1.812841892E-1
1.010402758E1,8.668653369E-1,1.256391406E-1,2.269728631E-1
1.011407358E1,1.011267424E0,1.475789864E-2,2.508640587E-1
1.012411858E1,1.054645777E0,-9.302834421E-2,2.537305355E-1
1.013416358E1,9.920182824E-1,-1.843715757E-1,2.467197627E-1
1.014420958E1,8.425996900E-1,-2.266285419E-1,2.310735881E-1
1.015425458E1,6.411374211E-1,-2.114344090E-1,2.042715400E-1
1.016429958E1,4.263018072E-1,-1.345794350E-1,1.757142991E-1
1.017434558E1,2.277871072E-1,-1.580057666E-2,1.461620033E-1
1.018439058E1,7.310272753E-2,1.159042194E-1,1.131565496E-1
1.019443558E1,-2.291701362E-2,2.190210223E-1,8.511399478E-2
1.020448158E1,-5.256538093E-2,2.828390300E-1,5.951338634E-2
1.021452658E1,-3.203799948E-2,2.982422411E-1,5.164641142E-2
1.022457158E1,1.928754337E-2,2.629724443E-1,5.868683755E-2
1.023461758E1,8.226650953E-2,2.051996887E-1,8.370244503E-2
1.024466258E1,1.376383156E-1,1.473455429E-1,1.162315980E-1
1.025470758E1,1.764397770E-1,9.348656237E-2,1.497248411E-1
1.026475258E1,2.053756267E-1,6.386490911E-2,1.767035574E-1
1.027479858E1,2.219870985E-1,4.133829102E-2,1.945445985E-1
1.028484358E1,2.318269759E-1,3.603070229E-2,2.138099074E-1
1.029488858E1,2.269669771E-1,2.956135012E-2,2.305686474E-1
1.030493458E1,2.062624991E-1,2.407976612E-2,2.428658009E-1
1.031497958E1,1.692554802E-1,8.176699281E-3,2.430237234E-1
1.032502458E1,1.265671402E-1,-1.584078558E-2,2.296853662E-1
1.033507058E1,7.515747100E-2,-5.042112991E-2,2.006129771E-1
1.034511558E1,2.150470391E-2,-8.533902466E-2,1.670045257E-1
1.035516058E1,-3.890750557E-2,-1.115605086E-1,1.364633888E-1
1.036520658E1,-1.027604491E-1,-1.333159953E-1,1.089836434E-1
1.037525158E1,-1.652328819E-1,-1.568626016E-1,7.388104498E-2
1.038529658E1,-2.325824648E-1,-1.808000505E-1,3.119801171E-2
1.039534258E1,-2.862864435E-1,-2.086798847E-1,-1.666005701E-2
1.040538758E1,-3.230192363E-1,-2.240734100E-1,-7.078506798E-2
1.041543258E1,-3.363920152E-1,-2.383162528E-1,-1.176431179E-1
1.042547858E1,-3.193150461E-1,-2.340139598E-1,-1.548042297E-1
1.043552358E1,-2.813420892E-1,-2.297901809E-1,-1.860249937E-1
1.044556858E1,-2.304385155E-1,-2.322697341E-1,-2.265866250E-1
1.045561458E1,-1.739328951E-1,-2.752475441E-1,-2.838637829E-1
1.046565958E1,-1.160101295E-1,-3.341615498E-1,-3.437079489E-1
1.047570458E1,-8.346816897E-2,-4.009453654E-1,-4.003110230E-1
1.048574958E1,-8.814756572E-2,-4.445274174E-1,-4.575309157E-1
1.049579558E1,-1.262946874E-1,-4.525477886E-1,-5.189383626E-1
1.050584058E1,-1.995106041E-1,-4.233313799E-1,-5.773537159E-1
1.051588558E1,-2.943132818E-1,-3.649596870E-1,-6.306912303E-1
1.052593158E1,-3.933321536E-1,-2.843397260E-1,-6.772302985E-1
1.053597633E1,-4.693121612E-1,-1.809757948E-1,-7.185710669E-1
1.054602133E1,-5.100190639E-1,-7.081565261E-2,-7.554740310E-1
1.055606733E1,-5.497587323E-1,-2.871826105E-2,-7.698761225E-1
1.056611233E1,-6.185083389E-1,-8.880411834E-2,-7.657517195E-1
1.057615733E1,-7.054762244E-1,-2.388727069E-1,-7.443450093E-1
1.058620333E1,-7.521578074E-1,-4.175544679E-1,-6.840147972E-1
1.059624833E1,-7.125283480E-1,-5.659312010E-1,-6.057754159E-1
1.060629333E1,-5.925233364E-1,-6.593880057E-1,-5.220346451E-1
1.061633933E1,-3.897710145E-1,-7.249542475E-1,-4.488863647E-1
1.062638433E1,-1.125288457E-1,-7.283264399E-1,-3.806766272E-1
1.063642933E1,1.945887655E-1,-6.628997922E-1,-3.183900714E-1
1.064647533E1,4.815898836E-1,-5.306612253E-1,-2.733194828E-1
1.065652033E1,6.753830910E-1,-3.875083625E-1,-2.399495244E-1
1.066656533E1,7.582531571E-1,-2.756192088E-1,-2.388859838E-1
1.067661033E1,7.352508903E-1,-2.180555314E-1,-2.755297422E-1
1.068665633E1,6.246858835E-1,-2.039376348E-1,-3.326799572E-1
1.069670133E1,4.552568793E-1,-2.141292840E-1,-4.016340077E-1
1.070674633E1,2.527399063E-1,-2.324148566E-1,-4.742931724E-1
1.071679233E1,4.000472650E-2,-2.589258254E-1,-5.580050945E-1
1.072683733E1,-1.569142640E-1,-2.855843604E-1,-6.528884172E-1
1.073688233E1,-3.189497590E-1,-3.008514643E-1,-7.381916046E-1
1.074692833E1,-4.173711240E-1,-2.862833738E-1,-8.040175438E-1
1.075697333E1,-4.296490848E-1,-2.420536131E-1,-8.271074295E-1
1.076701833E1,-3.540761173E-1,-1.858973205E-1,-8.224176168E-1
1.077706433E1,-2.083790898E-1,-1.356029958E-1,-8.045318127E-1
1.078710933E1,-2.613844909E-2,-9.554132819E-2,-7.921012044E-1
1.079715433E1,1.503364593E-1,-8.203323931E-2,-7.834784389E-1
1.080720033E1,2.986650467E-1,-8.666259795E-2,-7.602312565E-1
1.081724533E1,3.957995772E-1,-8.117622137E-2,-7.298603058E-1
1.082729033E1,4.410209358E-1,-4.000950232E-2,-7.035450935E-1
1.083733633E1,4.432137907E-1,2.081336454E-2,-6.896407604E-1
1.084738133E1,4.085107148E-1,9.489351511E-2,-6.790269017E-1
1.085742633E1,3.424068093E-1,1.569395661E-1,-6.771930456E-1
1.086747233E1,2.714146674E-1,1.854977459E-1,-6.821076870E-1
1.087751733E1,2.104213387E-1,1.775774956E-1,-6.802400351E-1
1.088756233E1,1.627628058E-1,1.462152749E-1,-6.682804227E-1
1.089760733E1,1.313971579E-1,1.038073525E-1,-6.548077464E-1
1.090765333E1,1.026819646E-1,5.017220601E-2,-6.428699493E-1
1.091769833E1,7.451211661E-2,1.437688828E-3,-6.462961435E-1
1.092774333E1,4.715814441E-2,-5.285504833E-2,-6.653131843E-1
1.093778933E1,1.116418932E-2,-9.702117741E-2,-6.761732697E-1
1.094783433E1,-4.827022552E-2,-1.310616732E-1,-6.782266498E-1
1.095787933E1,-1.251439750E-1,-1.448565871E-1,-6.774487495E-1
1.096792533E1,-2.040000856E-1,-1.450963914E-1,-6.718437672E-1
1.097797033E1,-2.697412968E-1,-1.404145509E-1,-6.569073796E-1
1.098801533E1,-3.136864305E-1,-1.362034380E-1,-6.324408054E-1
1.099806133E1,-3.233603835E-1,-1.389044225E-1,-5.939871669E-1
1.100810633E1,-2.896891832E-1,-1.391335875E-1,-5.489861965E-1
1.101815133E1,-2.153561115E-1,-1.453382224E-1,-4.987914860E-1
1.102819733E1,-1.094680354E-1,-1.556325108E-1,-4.515368342E-1
1.103824233E1,2.238080837E-2,-1.970175058E-1,-4.161809981E-1
1.104828733E1,1.580209434E-1,-2.738184929E-1,-4.019399285E-1
1.105833233E1,2.754836380E-1,-3.755855858E-1,-3.993537128E-1
1.106837833E1,3.601545691E-1,-4.639789164E-1,-4.049121737E-1
1.107842333E1,4.011464715E-1,-5.158642530E-1,-4.221934378E-1
1.108846833E1,3.970155120E-1,-5.285935998E-1,-4.444512427E-1
1.109851433E1,3.494975269E-1,-5.117607713E-1,-4.729968607E-1
1.110855933E1,2.582005262E-1,-4.617618024E-1,-4.925106466E-1
1.111860433E1,1.447160542E-1,-3.867131174E-1,-5.045252442E-1
1.112865033E1,2.981331572E-2,-2.453244776E-1,-5.057820082E-1
1.113869533E1,-6.372942030E-2,-8.619554341E-2,-5.265693069E-1
1.114874033E1,-1.412603855E-1,2.807009965E-2,-5.620185137E-1
1.115878633E1,-2.174691409E-1,7.134860009E-2,-5.967091322E-1
1.116883133E1,-2.786010504E-1,7.512205839E-2,-6.214603782E-1
1.117887633E1,-3.218387961E-1,5.923443660E-2,-6.248441935E-1
1.118892233E1,-3.305487633E-1,5.383260176E-2,-6.134129763E-1
1.119896733E1,-2.821918726E-1,8.904518187E-2,-6.057678461E-1
1.120901233E1,-1.742329895E-1,1.422446072E-1,-5.868114829E-1
1.121905833E1,-4.193882458E-3,1.727447212E-1,-5.431241989E-1
1.122910333E1,2.322452962E-1,1.684695929E-1,-4.815845191E-1
1.123914833E1,4.881851673E-1,1.056357622E-1,-4.195331335E-1
1.124919333E1,7.160624266E-1,-6.253049709E-3,-3.745813370E-1
1.125923933E1,8.867430687E-1,-1.277355403E-1,-3.568729162E-1
1.126928433E1,9.799293876E-1,-2.374102473E-1,-3.542362154E-1
1.127932933E1,9.871984720E-1,-3.275212348E-1,-3.542055786E-1
1.128937533E1,9.105907083E-1,-4.027620852E-1,-3.571502864E-1
1.129942033E1,7.656231523E-1,-4.677820802E-1,-3.660649657E-1
1.130946533E1,5.577853322E-1,-5.108924508E-1,-3.773578703E-1
1.131951133E1,3.000591993E-1,-5.171780586E-1,-3.820724785E-1
1.132955633E1,3.060990572E-2,-4.798796773E-1,-3.800426126E-1
1.133960133E1,-1.992070526E-1,-4.187500179E-1,-3.811198473E-1
1.134964733E1,-3.481546938E-1,-3.546521366E-1,-3.907709718E-1
1.135969233E1,-4.126841426E-1,-2.952202260E-1,-4.124579430E-1
1.136973733E1,-3.849020600E-1,-2.442415059E-1,-4.592670798E-1
1.137978333E1,-2.976316214E-1,-2.238174677E-1,-5.112812519E-1
1.138982833E1,-1.970751882E-1,-2.209445834E-1,-5.480953455E-1
1.139987333E1,-1.178791821E-1,-2.360079587E-1,-5.531516075E-1
1.140991833E1,-7.928168029E-2,-2.612974942E-1,-5.348399878E-1
1.141996433E1,-7.279182225E-2,-2.754034698E-1,-5.128592849E-1
1.143000933E1,-8.095044643E-2,-2.825365365E-1,-4.948095679E-1
1.144005433E1,-8.569912612E-2,-2.836228311E-1,-4.803304970E-1
1.145010033E1,-7.587943226E-2,-2.993565500E-1,-4.672977328E-1
1.146014533E1,-5.167476833E-2,-3.239271641E-1,-4.520271719E-1
1.147019033E1,-3.553008288E-2,-3.646350801E-1,-4.379994571E-1
1.148023633E1,-2.158603631E-2,-4.132212698E-1,-4.232511520E-1
1.149028133E1,-1.053174492E-2,-4.783934951E-1,-4.157027900E-1
1.150032633E1,-9.748775512E-3,-5.483997464E-1,-4.192567766E-1
1.151037233E1,-2.566516586E-2,-6.005578041E-1,-4.242832959E-1
1.152041733E1,-6.344264001E-2,-6.266030073E-1,-4.397139251E-1
1.153046233E1,-1.202323362E-1,-6.224325299E-1,-4.609018564E-1
1.154050871E1,-1.918204874E-1,-5.835226774E-1,-4.818822443E-1
1.155055371E1,-2.646506727E-1,-5.392413139E-1,-5.131992698E-1
1.156059871E1,-3.305931985E-1,-4.917733967E-1,-5.544105768E-1
1.157064371E1,-3.857310116E-1,-4.508738816E-1,-6.009014249E-1
1.158068971E1,-4.200892448E-1,-4.190115631E-1,-6.563193798E-1
1.159073471E1,-4.272100925E-1,-3.716833591E-1,-6.974971890E-1
1.160077971E1,-3.947163224E-1,-3.220998347E-1,-7.429330945E-1
1.161082571E1,-3.214298487E-1,-2.969654500E-1,-7.797831297E-1
1.162087071E1,-2.150221914E-1,-3.003697693E-1,-8.107620478E-1
1.163091571E1,-8.620470762E-2,-3.277356625E-1,-8.390811086E-1
1.164096171E1,4.664574564E-2,-3.835909367E-1,-8.604255319E-1
1.165100671E1,1.636556536E-1,-4.535096884E-1,-8.842629194E-1
1.166105171E1,2.457507849E-1,-5.302351117E-1,-9.020136595E-1
1.167109771E1,2.892486453E-1,-5.816164017E-1,-9.096242785E-1
1.168114271E1,2.956556678E-1,-5.818358660E-1,-9.054745436E-1
1.169118771E1,2.712492347E-1,-5.446316004E-1,-9.030866623E-1
1.170123371E1,2.490408570E-1,-4.644416869E-1,-9.031934142E-1
1.171127871E1,2.392384112E-1,-3.597642481E-1,-9.169799089E-1
1.172132371E1,2.315506637E-1,-2.863254547E-1,-9.480547309E-1
1.173136871E1,1.911197603E-1,-2.885300815E-1,-9.799546003E-1
1.174141471E1,1.087023839E-1,-3.531879187E-1,-9.915862083E-1
1.175145971E1,-1.341956854E-2,-4.687651694E-1,-9.654554129E-1
1.176150471E1,-1.309978664E-1,-5.976800323E-1,-9.023762941E-1
1.177155071E1,-2.060476094E-1,-7.008559108E-1,-8.354706168E-1
1.178159571E1,-2.240710855E-1,-7.754939198E-1,-7.841286063E-1
1.179164071E1,-2.043124437E-1,-8.477247357E-1,-7.432188988E-1
1.180168671E1,-1.362244636E-1,-9.165123105E-1,-7.139353156E-1
1.181173171E1,-1.802355982E-2,-9.613767862E-1,-7.092985511E-1
1.182177671E1,1.213511080E-1,-9.707285166E-1,-7.094389200E-1
1.183182271E1,2.671423256E-1,-9.512665868E-1,-7.225788236E-1
1.184186771E1,3.920722604E-1,-9.073652029E-1,-7.573746443E-1
1.185191271E1,4.641821086E-1,-8.846577406E-1,-8.016543984E-1
1.186195871E1,4.715982080E-1,-8.798305392E-1,-8.544329405E-1
1.187200371E1,3.973337114E-1,-8.836880326E-1,-9.165510535E-1
1.188204871E1,2.610453963E-1,-8.752911091E-1,-9.780580997E-1
1.189209371E1,8.452100307E-2,-8.523157239E-1,-1.045887351E0
1.190213971E1,-1.064817086E-1,-8.083288074E-1,-1.123862863E0
1.191218471E1,-2.624405026E-1,-7.420458198E-1,-1.195094824E0
1.192222971E1,-3.479066789E-1,-6.751328111E-1,-1.253726125E0
1.193227571E1,-3.564177155E-1,-6.202136278E-1,-1.293916702E0
1.194232071E1,-3.036631644E-1,-5.898839235E-1,-1.318395972E0
1.195236571E1,-2.127389014E-1,-5.848149657E-1,-1.336483121E0
1.196241171E1,-1.038590223E-1,-5.995979309E-1,-1.345618486E0
1.197245671E1,-1.561784651E-2,-6.231056452E-1,-1.345743895E0
1.198250171E1,3.272411972E-2,-6.258215308E-1,-1.338566184E0
1.199254771E1,4.840868711E-2,-5.958223343E-1,-1.324436903E0
1.200259271E1,2.659686655E-2,-5.427966714E-1,-1.299092054E0
1.201263771E1,-2.156678773E-2,-4.790717363E-1,-1.273624539E0
1.202268271E1,-7.894645631E-2,-4.139577150E-1,-1.250896335E0
1.203272871E1,-1.361294240E-1,-3.596549928E-1,-1.236701965E0
1.204277371E1,-1.785935313E-1,-3.093321621E-1,-1.224724054E0
1.205281871E1,-2.073998898E-1,-2.776558399E-1,-1.208362103E0
1.206286471E1,-2.166277468E-1,-2.691409290E-1,-1.192428350E0
1.207290971E1,-2.157291025E-1,-2.921812832E-1,-1.169182181E0
1.208295471E1,-2.152854204E-1,-3.368552625E-1,-1.129460573E0
1.209300071E1,-2.339382768E-1,-4.037132859E-1,-1.081391931E0
1.210304571E1,-2.698270380E-1,-4.701807201E-1,-1.030713916E0
1.211309071E1,-3.136763871E-1,-5.195267200E-1,-9.752780199E-1
1.212313671E1,-3.548941314E-1,-5.436363220E-1,-9.216675162E-1
1.213318171E1,-3.916669786E-1,-5.417790413E-1,-8.713110685E-1
1.214322671E1,-4.071646929E-1,-5.277748108E-1,-8.205637336E-1
1.215327271E1,-4.037218094E-1,-5.108302236E-1,-7.613806129E-1
1.216331771E1,-3.779541254E-1,-4.892309606E-1,-6.977235675E-1
1.217336271E1,-3.233968019E-1,-4.588585496E-1,-6.410958171E-1
1.218340771E1,-2.373841405E-1,-4.213945270E-1,-5.885950327E-1
1.219345371E1,-1.222280785E-1,-3.630648255E-1,-5.377120376E-1
1.220349871E1,1.268633362E-2,-2.883591652E-1,-4.990043342E-1
1.221354371E1,1.438342482E-1,-2.121463418E-1,-4.785536826E-1
1.222358971E1,2.506946325E-1,-1.385251284E-1,-4.628532827E-1
1.223363471E1,3.152191043E-1,-8.618060499E-2,-4.529955685E-1
1.224367971E1,3.301061690E-1,-4.155427963E-2,-4.580057561E-1
1.225372571E1,3.044945002E-1,6.761145778E-4,-4.725499153E-1
1.226377071E1,2.507894635E-1,4.452425987E-2,-4.874625504E-1
1.227381571E1,1.815542728E-1,8.212111890E-2,-5.021926165E-1
1.228386171E1,1.042453647E-1,1.052506715E-1,-5.017944574E-1
1.229390671E1,4.080593958E-2,1.180700660E-1,-4.824591279E-1
1.230395171E1,2.057211241E-3,1.223745346E-1,-4.598456919E-1
1.231399671E1,-1.559418067E-2,1.099712178E-1,-4.532722235E-1
1.232404271E1,-4.519788176E-2,4.830199108E-2,-4.521403611E-1
1.233408771E1,-1.353901327E-1,-6.010772288E-2,-4.496591389E-1
1.234413271E1,-2.762005329E-1,-2.005697638E-1,-4.301248491E-1
1.235417871E1,-4.321492612E-1,-3.272659183E-1,-3.973741531E-1
1.236422371E1,-5.711523890E-1,-3.834599555E-1,-3.725641370E-1
1.237426871E1,-6.667717099E-1,-3.692911565E-1,-3.542947173E-1
1.238431471E1,-6.917375326E-1,-3.388160765E-1,-3.550713062E-1
1.239435971E1,-6.134082079E-1,-2.153476179E-1,-3.692408204E-1
1.240440471E1,-4.556851983E-1,-7.441100478E-2,-3.458169997E-1
1.241445071E1,-2.137886137E-1,5.699797347E-2,-2.878618240E-1
1.242449571E1,8.287874609E-2,1.408678442E-1,-2.124176621E-1
1.243454071E1,3.908407986E-1,1.692533642E-1,-1.665424258E-1
1.244458671E1,6.582245231E-1,1.447837055E-1,-1.552527398E-1
1.245463171E1,8.317840099E-1,8.325570822E-2,-1.544841379E-1
1.246467671E1,9.087267518E-1,1.414614543E-2,-1.547565758E-1
1.247472171E1,8.742581606E-1,-3.377039731E-2,-1.501408815E-1
1.248476771E1,7.479857206E-1,-7.155052572E-2,-1.437210590E-1
1.249481271E1,5.694461465E-1,-1.119334623E-1,-1.361441165E-1
1.250485771E1,3.650496006E-1,-1.615289748E-1,-1.274864525E-1
1.251490371E1,1.724989861E-1,-2.244004756E-1,-1.319636703E-1
1.252494871E1,2.079175040E-2,-2.992395461E-1,-1.462747008E-1
1.253499371E1,-8.199078590E-2,-3.668803275E-1,-1.813124865E-1
1.254503933E1,-1.440075487E-1,-4.230671823E-1,-2.099433392E-1
1.255508433E1,-1.773163676E-1,-4.477605522E-1,-2.409150749E-1
1.256512933E1,-1.767062247E-1,-4.458087087E-1,-2.703880072E-1
1.257517433E1,-1.473872215E-1,-4.084450901E-1,-2.951984704E-1
1.258522033E1,-1.052996963E-1,-3.428221345E-1,-3.103904724E-1
1.259526533E1,-5.896965787E-2,-2.579768002E-1,-2.916990221E-1
1.260531033E1,-1.816124097E-2,-2.130937576E-1,-2.828394771E-1
1.261535633E1,1.205341890E-2,-1.799149960E-1,-2.944876850E-1
1.262540133E1,2.355534583E-2,-1.490902305E-1,-3.101515770E-1
1.263544633E1,1.670752652E-2,-1.280981749E-1,-3.164280653E-1
1.264549233E1,-8.861142560E-4,-1.082474962E-1,-3.143207133E-1
1.265553733E1,-1.755864546E-2,-1.018190682E-1,-3.049972653E-1
1.266558233E1,-2.832713723E-2,-1.130565479E-1,-3.008898497E-1
1.267562833E1,-2.559090219E-2,-1.468151659E-1,-2.981075346E-1
1.268567333E1,-3.090121318E-3,-2.072356343E-1,-3.065699935E-1
1.269571833E1,3.027237952E-2,-2.829310298E-1,-3.184375167E-1
1.270576333E1,6.192085519E-2,-3.605903983E-1,-3.403273821E-1
1.271580933E1,7.559793442E-2,-4.208857119E-1,-3.730930388E-1
1.272585433E1,7.185059786E-2,-4.484425187E-1,-4.107626677E-1
1.273589933E1,4.746456072E-2,-4.618041515E-1,-4.438357949E-1
1.274594533E1,2.211063169E-3,-4.608265162E-1,-4.688159823E-1
1.275599033E1,-4.495318234E-2,-4.504323304E-1,-4.972788692E-1
1.276603533E1,-8.084433526E-2,-4.286341071E-1,-5.247488618E-1
1.277608133E1,-9.086382389E-2,-3.900578916E-1,-5.520521998E-1
1.278612633E1,-7.615678012E-2,-3.546237350E-1,-5.836335421E-1
1.279617133E1,-2.807770856E-2,-3.154404461E-1,-6.053229570E-1
1.280621733E1,2.469229512E-2,-2.910371125E-1,-6.140653491E-1
1.281626233E1,8.757744730E-2,-2.863913774E-1,-6.216794252E-1
1.282630733E1,1.604718864E-1,-3.021053374E-1,-6.295331120E-1
1.283635333E1,2.330200374E-1,-3.145036399E-1,-6.435601115E-1
1.284639833E1,2.919059694E-1,-3.234111369E-1,-6.497194767E-1
1.285644333E1,3.214187622E-1,-3.322221637E-1,-6.512615085E-1
1.286648833E1,3.242553174E-1,-3.311851323E-1,-6.662359238E-1
1.287653433E1,2.970966995E-1,-3.279735148E-1,-6.994346976E-1
1.288657933E1,2.455608249E-1,-3.113868237E-1,-7.406708598E-1
1.289662433E1,1.678810567E-1,-2.745731175E-1,-7.824596167E-1
1.290667033E1,6.002756953E-2,-2.115526050E-1,-8.105138540E-1
1.291671533E1,-3.969476372E-2,-1.488721818E-1,-8.435221314E-1
1.292676033E1,-9.355373681E-2,-4.364030063E-2,-8.850094080E-1
1.293680633E1,-1.330955476E-1,4.977063835E-2,-9.419593215E-1
1.294685133E1,-2.025760859E-1,3.699758276E-2,-9.926187396E-1
1.295689633E1,-3.046470582E-1,-9.189908206E-2,-1.049386621E0
1.296694233E1,-4.152023494E-1,-2.965017557E-1,-1.106102705E0
1.297698733E1,-4.967704713E-1,-4.767387807E-1,-1.166174412E0
1.298703233E1,-5.628796816E-1,-5.732674599E-1,-1.251874328E0
1.299707733E1,-5.972207785E-1,-6.351665258E-1,-1.317934632E0
1.300712333E1,-5.784574747E-1,-6.929853559E-1,-1.383095264E0
1.301716833E1,-4.924045205E-1,-6.379578114E-1,-1.406708241E0
1.302721333E1,-3.580206037E-1,-4.301148653E-1,-1.382615924E0
1.303725933E1,-3.333654106E-1,-1.046485230E-1,-1.371816874E0
1.304730433E1,-2.825823613E-2,-2.056092322E-1,-1.188423634E0
1.305734933E1,1.719101220E-1,-1.791779846E-1,-1.069258094E0
1.306739533E1,2.179934680E-1,-4.438447952E-2,-1.080658078E0
1.307744033E1,4.113621116E-1,-4.440059364E-1,-1.107721090E0
1.308748533E1,6.530724764E-1,-9.343399405E-1,-1.249099493E0
1.309753033E1,6.465188265E-1,-5.921890736E-1,-1.407682300E0
1.310757633E1,3.707245290E-1,-2.145397663E-1,-1.372088313E0
1.311762133E1,1.014443301E-2,-8.996169269E-2,-1.401426792E0
1.312766633E1,-2.898100615E-1,1.415689886E-1,-1.420182109E0
1.313771233E1,-5.056620240E-1,2.780090868E-1,-1.428646326E0
1.314775733E1,-6.555540562E-1,4.650753736E-1,-1.452568173E0
1.315780233E1,-7.840690017E-1,5.511117578E-1,-1.498644590E0
1.316784833E1,-8.788059354E-1,4.419154823E-1,-1.546253681E0
1.317789333E1,-8.265762329E-1,2.561564147E-1,-1.653397083E0
1.318793833E1,-6.114794016E-1,7.480659336E-2,-1.812425613E0
1.319798433E1,-3.925112784E-1,1.093000174E-2,-1.958755016E0
1.320802933E1,-2.535888255E-1,-8.526630700E-2,-2.118216515E0
1.321807433E1,-1.034164876E-1,-6.332372427E-1,-2.302580118E0
1.322811933E1,9.637332708E-2,-1.071648955E0,-2.489853144E0
1.323816533E1,3.228767812E-1,-1.405642629E0,-2.632034540E0
1.324821033E1,5.301138759E-1,-1.617779613E0,-2.734949112E0
1.325825533E1,6.887387037E-1,-1.547397137E0,-2.957274437E0
1.326830133E1,8.781576157E-1,-1.376982212E0,-3.160295963E0
1.327834633E1,1.090781450E0,-1.283847332E0,-3.120278120E0
1.328839133E1,1.299101353E0,-1.422574401E0,-3.003782988E0
1.329843733E1,1.469124079E0,-1.706762910E0,-2.971308947E0
1.330848233E1,1.102030993E0,-1.551371455E0,-2.424138308E0
1.331852733E1,3.851966858E-1,-1.581409812E0,-1.639356732E0
1.332857333E1,-1.941738464E-2,-1.945105195E0,-1.573731661E0
1.333861833E1,-1.573354900E-1,-2.001651287E0,-1.975708604E0
1.334866333E1,-1.068281159E-1,-1.832015038E0,-2.140762806E0
1.335870833E1,-3.351086751E-2,-1.682090402E0,-2.074308395E0
1.336875433E1,-1.762937196E-2,-1.552784681E0,-2.006426096E0
1.337879933E1,-6.808136404E-2,-1.435708642E0,-2.024952650E0
1.338884433E1,-1.249931082E-1,-1.326999187E0,-2.066413879E0
1.339889033E1,-1.432056725E-1,-1.244228601E0,-2.071035624E0
1.340893533E1,-1.017583609E-1,-1.125808477E0,-2.050274372E0
1.341898033E1,-2.686943859E-3,-9.749093652E-1,-2.020489931E0
1.342902633E1,1.401700824E-1,-7.982000709E-1,-1.968794823E0
1.343907133E1,2.747984231E-1,-6.053473353E-1,-1.923606038E0
1.344911633E1,3.678947985E-1,-4.129975736E-1,-1.895827413E0
1.345916233E1,4.061615169E-1,-2.625580728E-1,-1.868281364E0
1.346920733E1,3.912387490E-1,-1.474690139E-1,-1.846944571E0
1.347925233E1,3.329989314E-1,-6.663717330E-2,-1.831284523E0
1.348929733E1,2.918371260E-1,-4.089532793E-2,-1.810978174E0
1.349934333E1,3.001056612E-1,-3.253524750E-2,-1.782411456E0
1.350938833E1,3.370037377E-1,1.241636928E-4,-1.777754664E0
1.351943333E1,3.692269623E-1,1.675868966E-2,-1.812588215E0
1.352947933E1,3.692986071E-1,-2.096818388E-2,-1.880589128E0
1.353952450E1,3.003493249E-1,-1.344312280E-1,-1.930376172E0
1.354956950E1,1.423538327E-1,-2.763763666E-1,-1.916913152E0
1.355961550E1,-1.437077224E-1,-3.633668423E-1,-1.817815542E0
1.356966050E1,-5.484072566E-1,-3.792991936E-1,-1.626773119E0
1.357970550E1,-9.318249822E-1,-3.824518919E-1,-1.410704732E0
1.358975150E1,-1.081158519E0,-4.004109204E-1,-1.229397178E0
1.359979650E1,-8.970322013E-1,-3.850195408E-1,-1.132154226E0
1.360984150E1,-4.756573141E-1,-3.903509378E-1,-1.130462885E0
1.361988650E1,-1.381538226E-3,-5.845801234E-1,-1.225340009E0
1.362993250E1,3.367054164E-1,-8.914660215E-1,-1.308744073E0
1.363997750E1,5.830590725E-1,-1.211842299E0,-1.352229238E0
1.365002250E1,6.968870759E-1,-1.398016214E0,-1.379563332E0
1.366006850E1,6.779766083E-1,-1.454762459E0,-1.380998373E0
1.367011350E1,5.372051001E-1,-1.505129218E0,-1.346518517E0
1.368015850E1,3.215965927E-1,-1.560326695E0,-1.282727838E0
1.369020450E1,1.118502915E-1,-1.600401402E0,-1.231910229E0
1.370024950E1,-3.748441488E-2,-1.583748579E0,-1.209713340E0
1.371029450E1,-9.938746691E-2,-1.507953167E0,-1.195522428E0
1.372034050E1,-8.372396976E-2,-1.359290481E0,-1.195903063E0
1.373038550E1,-2.080918662E-2,-1.147123456E0,-1.210159183E0
1.374043050E1,5.137092248E-2,-9.030517936E-1,-1.240920782E0
1.375047550E1,1.085639074E-1,-6.783763170E-1,-1.271121502E0
1.376052150E1,1.619957536E-1,-5.187578201E-1,-1.301396847E0
1.377056650E1,2.034707516E-1,-4.102116227E-1,-1.326945901E0
1.378061150E1,2.480316013E-1,-3.914104700E-1,-1.329225898E0
1.379065750E1,2.790768445E-1,-4.388839900E-1,-1.296680212E0
1.380070250E1,2.976820171E-1,-5.294238329E-1,-1.267215252E0
1.381074750E1,3.001760840E-1,-6.341968179E-1,-1.268632889E0
1.382079350E1,2.795324624E-1,-7.666686177E-1,-1.275254965E0
1.383083850E1,2.472003400E-1,-9.096614718E-1,-1.302312136E0
1.384088350E1,2.189750671E-1,-1.037067413E0,-1.332814693E0
1.385092850E1,1.967381984E-1,-1.125579238E0,-1.353715777E0
1.386097450E1,2.024599314E-1,-1.170064211E0,-1.380256772E0
1.387101950E1,2.342862934E-1,-1.180888891E0,-1.408611178E0
1.388106450E1,2.608927190E-1,-1.156965971E0,-1.435527802E0
1.389111050E1,2.471356392E-1,-1.090152144E0,-1.449883103E0
1.390115550E1,1.896790862E-1,-9.827450514E-1,-1.454666138E0
1.391120050E1,1.153561100E-1,-8.649299741E-1,-1.454270482E0
1.392124650E1,5.533253402E-2,-7.269269824E-1,-1.457516670E0
1.393129150E1,5.047013238E-2,-5.851908922E-1,-1.478230000E0
1.394133650E1,1.021964848E-1,-4.131841362E-1,-1.503287315E0
1.395138250E1,1.864849925E-1,-2.380301654E-1,-1.532813072E0
1.396142750E1,2.683928013E-1,-1.026494727E-1,-1.574209929E0
1.397147250E1,3.286542594E-1,-1.921769418E-2,-1.608576179E0
1.398151750E1,3.471074998E-1,6.709596142E-3,-1.667913556E0
1.399156350E1,3.373837769E-1,-2.750243619E-2,-1.739546180E0
1.400160850E1,3.282593787E-1,-9.303423762E-2,-1.810296416E0
1.401165350E1,3.089879453E-1,-1.790442169E-1,-1.863984704E0
1.402169950E1,2.658399343E-1,-2.844924331E-1,-1.899779797E0
1.403174450E1,1.881984174E-1,-4.111609161E-1,-1.912221909E0
1.404178950E1,9.691543132E-2,-5.746151209E-1,-1.885817170E0
1.405183550E1,-4.750885442E-2,-8.046997190E-1,-1.826569796E0
1.406188050E1,-1.509696804E-2,-8.603166342E-1,-1.824094057E0
1.407192550E1,9.696219116E-2,-8.906868100E-1,-1.788211226E0
1.408197150E1,1.841576844E-1,-8.722082376E-1,-1.748967052E0
1.409201650E1,2.335566580E-1,-8.343077302E-1,-1.747827768E0
1.410206150E1,2.421751618E-1,-7.781541944E-1,-1.747139692E0
1.411210650E1,1.921428889E-1,-6.697713137E-1,-1.764681935E0
1.412215250E1,6.987890601E-2,-3.176414073E-1,-1.718863487E0
1.413219750E1,-1.638727449E-2,1.699205488E-1,-1.747127295E0
1.414224250E1,-1.903685369E-2,2.073944211E-1,-1.709246039E0
1.415228850E1,-3.453631653E-3,2.136800140E-1,-1.610815883E0
1.416233350E1,-1.345638782E-1,-1.425395533E-2,-1.466938257E0
1.417237850E1,-1.212925464E-1,4.519818351E-2,-1.335614324E0
1.418242450E1,2.581687085E-2,1.089197472E-1,-1.273964167E0
1.419246950E1,2.079611123E-1,3.710227832E-2,-1.221931934E0
1.420251450E1,3.559329510E-1,-4.772701487E-2,-1.256659985E0
1.421255950E1,4.657513201E-1,-2.783503830E-1,-1.395020008E0
1.422260550E1,5.494190454E-1,-7.374625206E-1,-1.613942742E0
1.423265050E1,5.547517538E-1,-1.247969508E0,-1.823398590E0
1.424269550E1,4.932844639E-1,-1.691405177E0,-1.953540564E0
1.425274150E1,3.521188200E-1,-1.924893737E0,-2.016516685E0
1.426278650E1,1.569500715E-1,-2.034487247E0,-1.972814202E0
1.427283150E1,-4.157739505E-2,-2.011986256E0,-1.854319930E0
1.428287750E1,-1.741805524E-1,-1.774490714E0,-1.713196158E0
1.429292250E1,-2.255116403E-1,-1.374951839E0,-1.573530436E0
1.430296750E1,-2.091719508E-1,-8.917484283E-1,-1.429612517E0
1.431301350E1,-1.555960774E-1,-4.083045721E-1,-1.318189859E0
1.432305850E1,-6.600531191E-2,-2.969483286E-2,-1.243416309E0
1.433310350E1,5.071997643E-2,2.400018871E-1,-1.214458108E0
1.434314850E1,1.440689117E-1,3.411992192E-1,-1.220896006E0
1.435319450E1,1.805960238E-1,3.053946197E-1,-1.231792808E0
1.436323950E1,2.211576700E-1,2.364733219E-1,-1.255605459E0
1.437328450E1,2.009171247E-1,2.506123185E-1,-1.285462618E0
1.438333050E1,1.755564511E-1,-8.298305422E-2,-1.306147695E0
1.439337550E1,1.752930582E-1,-2.205238789E-1,-1.336126089E0
1.440342050E1,1.502818018E-1,-2.423012257E-1,-1.366591334E0
1.441346650E1,1.754585207E-1,-4.539980292E-1,-1.382269144E0
1.442351150E1,2.508448958E-1,-6.167526245E-1,-1.345923066E0
1.443355650E1,2.648544610E-1,-7.124802470E-1,-1.271692991E0
1.444360150E1,2.263694853E-1,-7.089254260E-1,-1.189874053E0
1.445364750E1,1.877496541E-1,-6.891983151E-1,-1.122499585E0
1.446369250E1,1.530241668E-1,-6.797842979E-1,-1.065464497E0
1.447373750E1,1.091206297E-1,-6.720747352E-1,-1.003822207E0
1.448378350E1,4.657465592E-2,-6.098702550E-1,-9.226656556E-1
1.449382850E1,-2.318258956E-2,-5.061643720E-1,-8.304065466E-1
1.450387350E1,1.227165759E-2,-5.981206894E-1,-7.383440137E-1
1.451391950E1,6.986331195E-2,-6.302213669E-1,-7.126852274E-1
1.452396450E1,9.273239970E-2,-6.223688722E-1,-7.324131131E-1
1.453400950E1,6.601290405E-2,-5.749379396E-1,-7.514759898E-1
1.454405400E1,4.862346128E-2,-5.618856549E-1,-7.641115785E-1
1.455410000E1,6.914418191E-2,-5.669376850E-1,-7.560618520E-1
1.456414500E1,1.103898510E-1,-5.768928528E-1,-7.221714258E-1
1.457419000E1,1.489724070E-1,-5.664596558E-1,-6.745461226E-1
1.458423600E1,1.723823845E-1,-5.397141576E-1,-6.264478564E-1
1.459428100E1,1.787092537E-1,-5.004024506E-1,-5.943413377E-1
1.460432600E1,1.779949516E-1,-4.616185725E-1,-5.786765814E-1
1.461437200E1,1.804634333E-1,-4.191083908E-1,-5.786488652E-1
1.462441700E1,2.029297501E-1,-3.720261455E-1,-5.855716467E-1
1.463446200E1,2.492839396E-1,-3.353198171E-1,-6.031093597E-1
1.464450800E1,3.051690459E-1,-3.123635054E-1,-6.244589090E-1
1.465455300E1,3.549533784E-1,-3.194371462E-1,-6.390469074E-1
1.466459800E1,3.844254017E-1,-3.559735715E-1,-6.590035558E-1
1.467464300E1,3.771730661E-1,-3.950663805E-1,-6.765444279E-1
1.468468900E1,3.179258108E-1,-4.172601700E-1,-6.786804199E-1
1.469473400E1,2.115727365E-1,-3.905547857E-1,-6.606095433E-1
1.470477900E1,8.291698247E-2,-2.935575545E-1,-6.218086481E-1
1.471482500E1,-4.756592587E-2,-1.562617570E-1,-5.775940418E-1
1.472487000E1,-1.428335607E-1,-1.688458584E-2,-5.220175982E-1
1.473491500E1,-1.696316153E-1,6.226829067E-2,-4.780086279E-1
1.474496100E1,-1.094309986E-1,5.187154561E-2,-4.501441419E-1
1.475500600E1,1.771417679E-3,-4.366216809E-2,-4.413498640E-1
1.476505100E1,1.147952527E-1,-1.603135020E-1,-4.619148076E-1
1.477509600E1,1.921552867E-1,-2.784923315E-1,-5.013945699E-1
1.478514200E1,2.178383172E-1,-3.756268322E-1,-5.401242375E-1
1.479518700E1,2.036846727E-1,-4.283891022E-1,-5.622412562E-1
1.480523200E1,1.830673963E-1,-4.486621916E-1,-5.684759021E-1
1.481527800E1,1.851201653E-1,-4.496712387E-1,-5.588176847E-1
1.482532300E1,2.068266869E-1,-4.580795765E-1,-5.420037508E-1
1.483536800E1,2.253071517E-1,-4.600468576E-1,-5.276184678E-1
1.484541400E1,2.185242772E-1,-4.359003901E-1,-5.173917413E-1
1.485545900E1,1.779592782E-1,-3.714377880E-1,-5.094986558E-1
1.486550400E1,1.120458022E-1,-2.821691334E-1,-5.012117624E-1
1.487554900E1,4.904872552E-2,-1.756416261E-1,-4.831826985E-1
1.488559500E1,-5.133736413E-3,-1.059550047E-1,-4.546046853E-1
1.489564000E1,-5.934078246E-2,-6.249141693E-2,-4.232022762E-1
1.490568500E1,-1.245348603E-1,-3.910795972E-2,-3.859559000E-1
1.491573100E1,-2.017433643E-1,-5.057260022E-2,-3.406664431E-1
1.492577600E1,-2.879525125E-1,-8.640450984E-2,-3.023343682E-1
1.493582100E1,-3.753366768E-1,-1.497813612E-1,-2.668269575E-1
1.494586700E1,-4.441975653E-1,-2.437229753E-1,-2.329817861E-1
1.495591200E1,-4.862733781E-1,-3.656685948E-1,-2.083078623E-1
1.496595700E1,-5.023023486E-1,-4.782802165E-1,-1.999774575E-1
1.497600300E1,-4.979007244E-1,-5.507373810E-1,-2.108034641E-1
1.498604800E1,-4.731965959E-1,-5.746672153E-1,-2.474572659E-1
1.499609300E1,-4.242687225E-1,-5.641698241E-1,-3.089317977E-1
1.500613800E1,-3.550245464E-1,-5.153972507E-1,-3.900505602E-1
1.501618400E1,-2.696297765E-1,-4.402236938E-1,-4.819277525E-1
1.502622900E1,-1.676206142E-1,-3.535200059E-1,-5.780093670E-1
1.503627400E1,-5.155073106E-2,-2.750800550E-1,-6.672039628E-1
1.504632000E1,6.372080743E-2,-2.232619524E-1,-7.537639141E-1
1.505636500E1,1.689319164E-1,-1.892456710E-1,-8.268024325E-1
1.506641000E1,2.592186034E-1,-1.798904240E-1,-8.810568452E-1
1.507645600E1,3.244356811E-1,-1.898836792E-1,-9.078389406E-1
1.508650100E1,3.599294126E-1,-1.994914711E-1,-9.007508755E-1
1.509654600E1,3.728561103E-1,-2.113425434E-1,-8.617246747E-1
1.510659100E1,3.673230410E-1,-2.395590246E-1,-7.954243422E-1
1.511663700E1,3.442874849E-1,-2.782092392E-1,-7.145148516E-1
1.512668200E1,2.959649563E-1,-3.311525285E-1,-6.306385398E-1
1.513672700E1,2.313516140E-1,-3.751026988E-1,-5.460624099E-1
1.514677300E1,1.606730223E-1,-3.900300562E-1,-4.598659873E-1
1.515681800E1,1.064265668E-1,-3.895043731E-1,-3.829187453E-1
1.516686300E1,7.681701332E-2,-3.657951951E-1,-3.214325309E-1
1.517690900E1,6.685839593E-2,-3.173355162E-1,-2.764171064E-1
1.518695400E1,7.725579292E-2,-2.722740471E-1,-2.551283240E-1
1.519699900E1,9.674213827E-2,-2.382654697E-1,-2.529826164E-1
1.520704400E1,1.278447062E-1,-2.216749936E-1,-2.704043984E-1
1.521709000E1,1.638117582E-1,-2.299992293E-1,-3.091432750E-1
1.522713500E1,1.975656599E-1,-2.635726929E-1,-3.582019806E-1
1.523718000E1,2.243994027E-1,-3.043446243E-1,-4.083104432E-1
1.524722600E1,2.330012470E-1,-3.484526277E-1,-4.469906688E-1
1.525727100E1,2.221131772E-1,-3.699893355E-1,-4.717276990E-1
1.526731600E1,1.903322637E-1,-3.574720621E-1,-4.764861763E-1
1.527736200E1,1.385178119E-1,-3.237612247E-1,-4.548621178E-1
1.528740700E1,7.515839487E-2,-2.612254620E-1,-4.122743607E-1
1.529745200E1,7.533012424E-3,-1.949295104E-1,-3.495992422E-1
1.530749700E1,-5.031647161E-2,-1.350811124E-1,-2.824784517E-1
1.531754300E1,-8.729606122E-2,-8.931842446E-2,-2.153838426E-1
1.532758800E1,-9.794997424E-2,-5.524878204E-2,-1.551953107E-1
1.533763300E1,-8.464748412E-2,-5.110437423E-2,-1.044546366E-1
1.534767900E1,-6.832066178E-2,-7.339753956E-2,-6.492980570E-2
1.535772400E1,-6.373389810E-2,-1.031557024E-1,-4.362025857E-2
1.536776900E1,-8.468148857E-2,-1.416210085E-1,-4.659624398E-2
1.537781500E1,-1.185782030E-1,-1.938876808E-1,-6.107877940E-2
1.538786000E1,-1.441358775E-1,-2.524042130E-1,-8.142275363E-2
1.539790500E1,-1.542910486E-1,-3.095769584E-1,-1.004800722E-1
1.540795000E1,-1.470791996E-1,-3.516538143E-1,-1.166143939E-1
1.541799600E1,-1.344374418E-1,-3.878222108E-1,-1.371865124E-1
1.542804100E1,-1.293311268E-1,-4.097476006E-1,-1.606834829E-1
1.543808600E1,-1.373333931E-1,-4.052599072E-1,-1.832191497E-1
1.544813200E1,-1.518023461E-1,-3.827412426E-1,-1.998525560E-1
1.545817700E1,-1.766246110E-1,-3.447485864E-1,-2.078263313E-1
1.546822200E1,-2.058764249E-1,-3.014219701E-1,-2.014437914E-1
1.547826800E1,-2.215621769E-1,-2.467520684E-1,-1.847673506E-1
1.548831300E1,-2.207372040E-1,-1.911076903E-1,-1.605827063E-1
1.549835800E1,-1.939253062E-1,-1.474153399E-1,-1.358366162E-1
1.550840400E1,-1.579587013E-1,-1.194532365E-1,-1.139485762E-1
1.551844900E1,-1.165811643E-1,-1.102525517E-1,-9.677065909E-2
1.552849400E1,-7.480135560E-2,-1.109277308E-1,-8.118189126E-2
1.553853850E1,-3.792908788E-2,-1.218746603E-1,-7.175537199E-2
1.554858450E1,-1.198905800E-2,-1.385046095E-1,-7.222828269E-2
1.555862950E1,8.506097831E-3,-1.568543166E-1,-8.116505295E-2
1.556867450E1,2.898379415E-2,-1.677090526E-1,-1.019609943E-1
1.557872050E1,5.348274484E-2,-1.709330827E-1,-1.261014789E-1
1.558876550E1,8.830916137E-2,-1.779697984E-1,-1.520150751E-1
1.559881050E1,1.346628219E-1,-1.877545118E-1,-1.701314896E-1
1.560885650E1,1.887433678E-1,-2.075746953E-1,-1.799640059E-1
1.561890150E1,2.446380556E-1,-2.403342426E-1,-1.887449771E-1
1.562894650E1,2.824974060E-1,-2.710023224E-1,-1.972713023E-1
1.563899150E1,2.971535623E-1,-3.018164337E-1,-2.021195889E-1
1.564903750E1,2.820258439E-1,-3.164725900E-1,-2.049854398E-1
1.565908250E1,2.455261797E-1,-3.205419183E-1,-2.067391276E-1
1.566912750E1,1.973397434E-1,-3.203586042E-1,-1.974190772E-1
1.567917350E1,1.514635980E-1,-2.990242839E-1,-1.912828833E-1
1.568921850E1,1.177830473E-1,-2.663867474E-1,-1.873187125E-1
1.569926350E1,1.060691327E-1,-2.279386818E-1,-1.969545633E-1
1.570930950E1,1.212566495E-1,-1.987423897E-1,-2.154983282E-1
1.571935450E1,1.662060022E-1,-1.765113771E-1,-2.450005710E-1
1.572939950E1,2.186086923E-1,-1.588443667E-1,-2.794463634E-1
1.573944450E1,2.557464838E-1,-1.476380527E-1,-3.039647341E-1
1.574949050E1,2.678554654E-1,-1.294004768E-1,-2.987376750E-1
1.575953550E1,2.526757121E-1,-1.004093066E-1,-2.569082081E-1
1.576958050E1,2.263826877E-1,-8.713853359E-2,-1.976826042E-1
1.577962650E1,1.939259470E-1,-8.311849087E-2,-1.429469287E-1
1.578967150E1,1.576963812E-1,-8.159794658E-2,-1.117255241E-1
1.579971650E1,1.287193149E-1,-8.649736643E-2,-1.011413261E-1
1.580976250E1,1.259885579E-1,-9.977496415E-2,-1.049902290E-1
1.581980750E1,1.458567977E-1,-1.163965538E-1,-1.166753769E-1
1.582985250E1,1.702916920E-1,-1.251468956E-1,-1.283480376E-1
1.583989750E1,1.976868212E-1,-1.284526736E-1,-1.399112195E-1
1.584994350E1,2.159227878E-1,-1.372404397E-1,-1.482553184E-1
1.585998850E1,2.189510614E-1,-1.397355497E-1,-1.533472836E-1
1.587003350E1,2.147547901E-1,-1.380864084E-1,-1.539311260E-1
1.588007950E1,2.037844360E-1,-1.428105980E-1,-1.550813466E-1
1.589012450E1,1.916648149E-1,-1.570011079E-1,-1.558428705E-1
1.590016950E1,1.737856865E-1,-1.727206856E-1,-1.520185620E-1
1.591021550E1,1.567423642E-1,-1.841266006E-1,-1.408704519E-1
1.592026050E1,1.412688643E-1,-1.986773163E-1,-1.243985295E-1
1.593030550E1,1.269968599E-1,-2.253179550E-1,-1.039394215E-1
1.594035050E1,1.140283346E-1,-2.500768304E-1,-8.315397799E-2
1.595039650E1,8.929487318E-2,-2.706777751E-1,-6.511567533E-2
1.596044150E1,7.113717496E-2,-2.945279777E-1,-5.357539654E-2
1.597048650E1,6.113100052E-2,-3.124504387E-1,-4.662715271E-2
1.598053250E1,5.385178328E-2,-3.202260733E-1,-4.133225605E-2
1.599057750E1,4.664602876E-2,-3.129589856E-1,-3.031705320E-2
1.600062250E1,4.453520477E-2,-3.028890193E-1,-2.379151061E-2
1.601066850E1,4.083816707E-2,-2.866107821E-1,-2.007622831E-2
1.602071350E1,3.013039567E-2,-2.645057440E-1,-1.887727343E-2
1.603075850E1,1.948299445E-2,-2.366290689E-1,-2.319218405E-2
1.604080350E1,1.200723462E-2,-2.185491472E-1,-2.620688267E-2
1.605084950E1,3.887074534E-3,-2.008306235E-1,-2.092737518E-2
1.606089450E1,1.209265785E-3,-1.832313985E-1,-7.557241246E-3
1.607093950E1,2.215444809E-3,-1.708915830E-1,8.380007930E-3
1.608098550E1,-1.115104416E-3,-1.608501375E-1,2.389159054E-2
1.609103050E1,-7.723550778E-3,-1.573144346E-1,3.958667070E-2
1.610107550E1,-2.365378104E-2,-1.608319432E-1,4.917325452E-2
1.611112150E1,-3.913819790E-2,-1.673484296E-1,5.623063073E-2
1.612116650E1,-4.837936535E-2,-1.795731336E-1,6.526035070E-2
1.613121150E1,-5.778975785E-2,-1.968215257E-1,7.387165725E-2
1.614125650E1,-8.371189982E-2,-1.975608319E-1,8.185660839E-2
1.615130250E1,-1.184994876E-1,-1.783265918E-1,9.295723587E-2
1.616134750E1,-1.496984214E-1,-1.432138830E-1,1.106824353E-1
1.617139250E1,-1.691489667E-1,-1.188744903E-1,1.443211734E-1
1.618143850E1,-1.702539176E-1,-1.145945191E-1,1.795018017E-1
1.619148350E1,-1.583535373E-1,-1.224829480E-1,2.067234665E-1
1.620152850E1,-1.521244049E-1,-1.282899678E-1,2.215375602E-1
1.621157450E1,-1.474317610E-1,-1.349959522E-1,2.198503315E-1
1.622161950E1,-1.434311569E-1,-1.343511939E-1,2.055914998E-1
1.623166450E1,-1.347500533E-1,-1.225087196E-1,1.897307187E-1
1.624170950E1,-1.114479229E-1,-1.059582382E-1,1.833788157E-1
1.625175550E1,-7.270517200E-2,-8.318764716E-2,1.936902106E-1
1.626180050E1,-2.129418217E-2,-6.588215381E-2,2.195423245E-1
1.627184550E1,3.305020556E-2,-5.379505083E-2,2.552390695E-1
1.628189150E1,7.069078833E-2,-4.313574731E-2,2.849253118E-1
1.629193650E1,8.240018040E-2,-2.245810255E-2,3.148377538E-1
1.630198150E1,7.061356306E-2,1.314603840E-3,3.350466192E-1
1.631202750E1,5.183382332E-2,2.313316613E-2,3.514224291E-1
1.632207250E1,3.326626495E-2,4.185332358E-2,3.687137961E-1
1.633211750E1,2.495229803E-2,5.577509105E-2,3.960932195E-1
1.634216250E1,2.779974975E-2,7.714775950E-2,4.252611995E-1
1.635220850E1,3.688291088E-2,1.101515666E-1,4.500401616E-1
1.636225350E1,4.109869525E-2,1.447351128E-1,4.702993631E-1
1.637229850E1,3.629310429E-2,1.787454933E-1,4.930011034E-1
1.638234450E1,2.243427932E-2,2.125995904E-1,5.143178105E-1
1.639238950E1,3.344627330E-3,2.576211989E-1,5.441554785E-1
1.640243450E1,-2.075964399E-2,2.988898158E-1,5.806034803E-1
1.641248050E1,-4.782558233E-2,3.316149712E-1,6.218633056E-1
1.642252550E1,-7.680051029E-2,3.478549421E-1,6.566604376E-1
1.643257050E1,-1.114230007E-1,3.443914056E-1,6.731701493E-1
1.644261550E1,-1.542996317E-1,3.286241591E-1,6.752034426E-1
1.645266150E1,-2.032779008E-1,2.958433926E-1,6.659354568E-1
1.646270650E1,-2.414450049E-1,2.702645361E-1,6.541115642E-1
1.647275150E1,-2.602037191E-1,2.477607429E-1,6.497452259E-1
1.648279750E1,-2.603600323E-1,2.338441312E-1,6.460839510E-1
1.649284250E1,-2.480130792E-1,2.428839356E-1,6.388010979E-1
1.650288750E1,-2.185955346E-1,2.780224681E-1,6.331280470E-1
1.651293350E1,-1.792660505E-1,3.367046118E-1,6.231046319E-1
1.652297850E1,-1.198919341E-1,4.067449570E-1,6.060031652E-1
1.653302350E1,-3.970872611E-2,4.691247940E-1,5.780139565E-1
1.654306946E1,4.175098240E-2,5.090162754E-1,5.276085734E-1
1.655311546E1,1.074764654E-1,5.455421209E-1,4.586082399E-1
1.656316046E1,1.637147069E-1,5.645675063E-1,3.814072013E-1
1.657320546E1,2.203285396E-1,5.490061045E-1,3.194251060E-1
1.658325146E1,2.833205462E-1,4.877858758E-1,2.858223915E-1
1.659329646E1,3.414188325E-1,4.168827832E-1,2.908045948E-1
1.660334146E1,3.678685427E-1,3.533666432E-1,3.292523921E-1
1.661338646E1,3.493975997E-1,2.849678099E-1,3.960348666E-1
1.662343246E1,2.931172848E-1,2.233965844E-1,4.715408087E-1
1.663347746E1,2.195958197E-1,1.657303125E-1,5.506442785E-1
1.664352246E1,1.514223516E-1,9.559917450E-2,6.034933329E-1
1.665356846E1,9.816058725E-2,1.051396830E-3,6.187886000E-1
1.666361346E1,5.315821990E-2,-9.276217967E-2,5.902317762E-1
1.667365846E1,1.933266642E-3,-1.490190327E-1,5.213261247E-1
1.668370446E1,-6.068217754E-2,-1.838675588E-1,4.176782966E-1
1.669374946E1,-1.398417503E-1,-1.631616056E-1,3.033459485E-1
1.670379446E1,-2.158891112E-1,-9.015583992E-2,2.049152553E-1
1.671383946E1,-2.579894066E-1,1.186758839E-2,1.485133916E-1
1.672388546E1,-2.523522973E-1,1.248559281E-1,1.386080384E-1
1.673393046E1,-2.070612609E-1,2.424312383E-1,1.679575741E-1
1.674397546E1,-1.485311091E-1,3.373457789E-1,2.086868882E-1
1.675402146E1,-9.981877357E-2,4.005474746E-1,2.372809052E-1
1.676406646E1,-8.215083182E-2,4.048128128E-1,2.472653538E-1
1.677411146E1,-9.766903520E-2,3.664257824E-1,2.442251891E-1
1.678415746E1,-1.261784434E-1,3.088162839E-1,2.321717143E-1
1.679420246E1,-1.518497169E-1,2.376854271E-1,2.218084633E-1
1.680424746E1,-1.614160538E-1,1.650682092E-1,2.158538997E-1
1.681429246E1,-1.697003841E-1,1.198564023E-1,2.170444429E-1
1.682433846E1,-1.872881800E-1,1.157138571E-1,2.379579842E-1
1.683438346E1,-1.985541135E-1,1.449873447E-1,2.660257518E-1
1.684442846E1,-2.103609741E-1,1.983941048E-1,3.019017279E-1
1.685447446E1,-2.267137170E-1,2.513378561E-1,3.433777392E-1
1.686451946E1,-2.445371896E-1,2.912653089E-1,3.811238110E-1
1.687456446E1,-2.415564358E-1,2.999851406E-1,4.118930399E-1
1.688461046E1,-2.140869945E-1,2.574547231E-1,4.341770411E-1
1.689465546E1,-1.710497290E-1,1.686000824E-1,4.509164989E-1
1.690470046E1,-1.399983466E-1,5.546527728E-2,4.475372136E-1
1.691474546E1,-1.398401558E-1,-3.668325767E-2,4.273149371E-1
1.692479146E1,-1.635055393E-1,-1.038926542E-1,4.049704969E-1
1.693483646E1,-1.918961704E-1,-1.504681408E-1,3.917942345E-1
1.694488146E1,-2.111220658E-1,-1.766193211E-1,3.942014575E-1
1.695492746E1,-2.242032439E-1,-1.809552163E-1,4.102406204E-1
1.696497246E1,-2.473133504E-1,-1.539667398E-1,4.234933257E-1
1.697501746E1,-2.878690362E-1,-9.461417794E-2,4.301077127E-1
1.698506346E1,-3.389476538E-1,-2.404173464E-2,4.228806794E-1
1.699510846E1,-3.946315944E-1,3.269093484E-2,4.079838693E-1
1.700515346E1,-4.424603879E-1,6.424273551E-2,3.905745149E-1
1.701519846E1,-4.842653275E-1,5.975084007E-2,3.761647642E-1
1.702524446E1,-5.360441208E-1,3.456931934E-2,3.655779064E-1
1.703528946E1,-5.951400995E-1,-2.678745799E-2,3.688912392E-1
1.704533446E1,-6.472531557E-1,-1.423761100E-1,3.852542341E-1
1.705538046E1,-7.130733132E-1,-3.006388843E-1,4.116053581E-1
1.706542546E1,-8.098024726E-1,-4.873200953E-1,4.402838647E-1
1.707547046E1,-9.634150267E-1,-7.151908875E-1,4.593792260E-1
1.708551546E1,-1.169530153E0,-9.696630836E-1,4.811742902E-1
1.709556146E1,-1.376408219E0,-1.205307603E0,5.100846291E-1
1.710560646E1,-1.512365818E0,-1.370938540E0,5.381684899E-1
1.711565146E1,-1.518738627E0,-1.395648122E0,5.539593101E-1
1.712569746E1,-1.379479289E0,-1.248715401E0,5.563401580E-1
1.713574246E1,-1.112443447E0,-1.005686760E0,5.369452238E-1
1.714578746E1,-7.839853764E-1,-7.146525979E-1,4.979682565E-1
1.715583346E1,-4.709794819E-1,-4.091377854E-1,4.410328865E-1
1.716587846E1,-2.582719922E-1,-1.273236871E-1,3.638030887E-1
1.717592346E1,-1.791186333E-1,9.721636772E-2,2.766264677E-1
1.718596846E1,-2.022330016E-1,2.183699459E-1,1.886001974E-1
1.719601446E1,-2.695592642E-1,2.543243766E-1,1.280583590E-1
1.720605946E1,-3.420625031E-1,2.360463142E-1,1.055850089E-1
1.721610446E1,-3.947201371E-1,1.680432111E-1,1.185161918E-1
1.722615046E1,-4.367871583E-1,1.187513024E-1,1.576199234E-1
1.723619546E1,-4.776149988E-1,1.172085702E-1,2.087258846E-1
1.724624046E1,-5.145471692E-1,1.547024101E-1,2.367101163E-1
1.725628646E1,-5.454353094E-1,2.436742783E-1,2.405980676E-1
1.726633146E1,-5.779315233E-1,4.052232206E-1,2.217998803E-1
1.727637646E1,-5.791352987E-1,6.195722818E-1,1.801118255E-1
1.728642146E1,-4.958486259E-1,8.205751777E-1,1.253071576E-1
1.729646746E1,-3.213191330E-1,9.715440273E-1,8.213961124E-2
1.730651246E1,-9.322390705E-2,1.021003723E0,8.153747022E-2
1.731655746E1,1.124197543E-1,9.368171096E-1,1.164448559E-1
1.732660346E1,2.520423830E-1,8.056012988E-1,1.688867509E-1
1.733664846E1,3.229405582E-1,6.259527802E-1,2.287671268E-1
1.734669346E1,3.316067457E-1,4.113984108E-1,2.782753110E-1
1.735673846E1,3.050061762E-1,1.912710667E-1,3.067765534E-1
1.736678446E1,2.734724879E-1,-2.475789376E-2,3.194566667E-1
1.737682946E1,2.449602187E-1,-2.334219813E-1,3.193509281E-1
1.738687446E1,1.939798594E-1,-3.920337260E-1,3.138363361E-1
1.739692046E1,1.174669713E-1,-4.791023135E-1,3.019245267E-1
1.740696546E1,5.414632708E-2,-5.085419416E-1,2.910647094E-1
1.741701046E1,6.398248672E-2,-4.905633330E-1,2.852675915E-1
1.742705646E1,1.643660814E-1,-4.373419285E-1,2.817546129E-1
1.743710146E1,3.192482293E-1,-3.768964410E-1,2.831136584E-1
1.744714646E1,4.821934700E-1,-2.955957055E-1,2.939679027E-1
1.745719146E1,6.158130169E-1,-2.333970070E-1,2.960841358E-1
1.746723746E1,7.009299994E-1,-1.954208612E-1,2.886366248E-1
1.747728246E1,7.451670766E-1,-1.730814278E-1,2.734860480E-1
1.748732746E1,7.641453147E-1,-1.809912771E-1,2.570072114E-1
1.749737346E1,7.676057816E-1,-1.994771212E-1,2.332641631E-1
1.750741846E1,7.439265847E-1,-2.097555846E-1,2.040641904E-1
1.751746346E1,7.129715681E-1,-2.064828873E-1,1.652844697E-1
1.752750946E1,6.939144731E-1,-1.796986759E-1,1.195705160E-1
1.753755446E1,6.910411716E-1,-1.232301965E-1,7.031650096E-2
1.754759921E1,6.932268143E-1,-4.189112782E-2,2.618099377E-2
1.755764421E1,6.990539432E-1,2.930362336E-2,-1.450896729E-2
1.756769021E1,6.991372705E-1,9.411777556E-2,-5.212638155E-2
1.757773521E1,6.799270511E-1,1.720836312E-1,-8.779235929E-2
1.758778021E1,6.609765291E-1,2.537843585E-1,-1.188306957E-1
1.759782621E1,6.590667963E-1,3.182707429E-1,-1.432097852E-1
1.760787121E1,6.735794544E-1,3.741079271E-1,-1.561620682E-1
1.761791621E1,6.788880229E-1,4.244737029E-1,-1.528818607E-1
1.762796121E1,6.473450065E-1,4.673796296E-1,-1.429983377E-1
1.763800721E1,5.643346310E-1,5.255621672E-1,-1.317829490E-1
1.764805221E1,4.781081080E-1,6.001969576E-1,-1.068618819E-1
1.765809721E1,4.787954688E-1,6.229752302E-1,-8.425930142E-2
1.766814321E1,5.792871714E-1,6.029405594E-1,-7.578033209E-2
1.767818821E1,7.102058530E-1,6.160513163E-1,-7.826040685E-2
1.768823321E1,8.226003051E-1,6.539869905E-1,-1.096018180E-1
1.769827921E1,8.895692825E-1,6.870867610E-1,-1.582574397E-1
1.770832421E1,8.894193172E-1,7.194047570E-1,-2.016517818E-1
1.771836921E1,8.142133951E-1,7.435362339E-1,-2.277031094E-1
1.772841421E1,6.829669476E-1,7.505224943E-1,-2.311495095E-1
1.773846021E1,5.346443057E-1,7.469493747E-1,-2.122139931E-1
1.774850521E1,4.235912859E-1,7.000601292E-1,-1.728016138E-1
1.775855021E1,3.761792779E-1,6.076549888E-1,-1.072108746E-1
1.776859621E1,3.616863489E-1,5.094581246E-1,-3.618516773E-2
1.777864121E1,3.348521292E-1,4.441638589E-1,1.385042071E-2
1.778868621E1,2.836531103E-1,4.099512994E-1,2.939875424E-2
1.779873121E1,2.159082144E-1,4.061637223E-1,1.252190396E-2
1.780877721E1,1.391348839E-1,4.283776879E-1,-2.072579786E-2
1.781882221E1,7.126384228E-2,4.625223577E-1,-4.116724059E-2
1.782886721E1,3.159471974E-2,4.762501419E-1,-4.243410751E-2
1.783891321E1,2.225341462E-2,4.623900056E-1,-2.351687662E-2
1.784895821E1,2.729318105E-2,4.162025452E-1,1.750352792E-2
1.785900321E1,1.479362976E-2,3.673629761E-1,5.880865455E-2
1.786904921E1,-1.423216239E-2,3.273119628E-1,8.524318784E-2
1.787909421E1,-4.394999519E-2,2.953478396E-1,7.803899050E-2
1.788913921E1,-4.492311552E-2,2.637683451E-1,4.707281664E-2
1.789918421E1,-2.035450423E-3,2.432088256E-1,-7.726191543E-3
1.790923021E1,7.709398866E-2,2.310898453E-1,-6.559428573E-2
1.791927521E1,1.695666611E-1,2.343540490E-1,-1.155577525E-1
1.792932021E1,2.602678239E-1,2.450676709E-1,-1.544857174E-1
1.793936621E1,3.275306523E-1,2.523999810E-1,-1.878756136E-1
1.794941121E1,3.655248880E-1,2.304717749E-1,-2.066040188E-1
1.795945621E1,3.699828684E-1,2.031501085E-1,-2.052798122E-1
1.796950121E1,3.643915653E-1,1.796429157E-1,-1.938404739E-1
1.797954721E1,3.763284385E-1,1.530108601E-1,-1.775512695E-1
1.798959221E1,4.149000645E-1,1.241757572E-1,-1.613411307E-1
1.799963721E1,4.705017507E-1,1.207116544E-1,-1.488468051E-1
1.800968321E1,5.249242783E-1,1.520437449E-1,-1.374404877E-1
1.801972821E1,5.602576733E-1,2.064035386E-1,-1.397285908E-1
1.802977321E1,5.491922498E-1,2.800394297E-1,-1.480030268E-1
1.803981921E1,4.928287268E-1,3.618754745E-1,-1.537860185E-1
1.804986421E1,4.039473236E-1,4.279618263E-1,-1.509726495E-1
1.805990921E1,2.972227931E-1,4.826597571E-1,-1.295194626E-1
1.806995421E1,1.989531964E-1,5.096615553E-1,-8.973742276E-2
1.808000021E1,1.375421137E-1,5.103807449E-1,-4.255491123E-2
1.809004521E1,1.072039157E-1,4.950491786E-1,-3.167023882E-3
1.810009021E1,1.010199413E-1,4.883045256E-1,2.175465412E-2
1.811013621E1,1.114917547E-1,4.839252234E-1,3.471891955E-2
1.812018121E1,1.277623773E-1,4.865677357E-1,3.915697709E-2
1.813022621E1,1.184985787E-1,5.076354742E-1,4.635204002E-2
1.814027121E1,6.342584640E-2,5.433095098E-1,5.400518328E-2
1.815031721E1,-1.351527404E-2,5.550844073E-1,6.462267041E-2
1.816036221E1,-8.947870880E-2,5.359187722E-1,7.901784778E-2
1.817040721E1,-1.348943859E-1,4.991658330E-1,9.837237000E-2
1.818045321E1,-1.250665337E-1,4.460056722E-1,1.123947203E-1
1.819049821E1,-5.183439702E-2,3.874499500E-1,1.185508817E-1
1.820054321E1,6.356748939E-2,3.244377971E-1,1.199335009E-1
1.821058921E1,1.822861582E-1,2.693034410E-1,1.151185036E-1
1.822063421E1,2.606199682E-1,2.393008024E-1,1.085511446E-1
1.823067921E1,2.868092060E-1,2.207484245E-1,9.725641459E-2
1.824072421E1,2.706913948E-1,1.980201751E-1,8.606245369E-2
1.825077021E1,2.260908782E-1,1.747436225E-1,8.213801682E-2
1.826081521E1,1.811381727E-1,1.554796547E-1,8.626457304E-2
1.827086021E1,1.447676420E-1,1.387776434E-1,9.915187955E-2
1.828090621E1,1.420027912E-1,1.271541566E-1,1.127684265E-1
1.829095121E1,1.625914276E-1,1.185111254E-1,1.246202812E-1
1.830099621E1,1.987197101E-1,1.249750927E-1,1.311449558E-1
1.831104121E1,2.349634767E-1,1.328047812E-1,1.271787137E-1
1.832108721E1,2.540904582E-1,1.345686018E-1,1.148818359E-1
1.833113221E1,2.349990606E-1,1.228600070E-1,1.040289178E-1
1.834117721E1,1.774705946E-1,9.725236148E-2,9.660569578E-2
1.835122321E1,1.025342941E-1,5.912414566E-2,1.011887267E-1
1.836126821E1,3.097431920E-2,8.701833896E-3,1.059000567E-1
1.837131321E1,-2.080898359E-2,-4.449054599E-2,1.077751890E-1
1.838135821E1,-5.516418442E-2,-8.977076411E-2,1.077240705E-1
1.839140421E1,-7.347448170E-2,-1.186487526E-1,1.010677665E-1
1.840144921E1,-8.295586705E-2,-1.217420176E-1,8.643049747E-2
1.841149421E1,-8.929205686E-2,-1.101106629E-1,6.649434566E-2
1.842154021E1,-8.903117478E-2,-9.547460824E-2,4.140672088E-2
1.843158521E1,-8.526094258E-2,-9.588207304E-2,1.834454387E-2
1.844163021E1,-8.006036282E-2,-1.080903858E-1,-6.119953003E-3
1.845167621E1,-6.425849348E-2,-1.287866086E-1,-2.927161194E-2
1.846172121E1,-4.703983292E-2,-1.518893242E-1,-4.706159607E-2
1.847176621E1,-3.359885886E-2,-1.782194674E-1,-5.760638416E-2
1.848181121E1,-3.010867536E-2,-1.903579980E-1,-6.663421541E-2
1.849185721E1,-3.752797842E-2,-1.882748604E-1,-7.413394004E-2
1.850190221E1,-4.638804123E-2,-1.669809520E-1,-7.885752618E-2
1.851194721E1,-4.631347209E-2,-1.418497711E-1,-8.245092630E-2
1.852199321E1,-4.125327617E-2,-1.169562861E-1,-8.216019720E-2
1.853203821E1,-3.725587204E-2,-9.480357915E-2,-7.900701463E-2
1.854208321E1,-4.064638168E-2,-8.052483201E-2,-8.294831961E-2
1.855212821E1,-5.294166133E-2,-8.505833149E-2,-8.840727061E-2
1.856217421E1,-8.318919688E-2,-1.084824055E-1,-8.718685806E-2
1.857221921E1,-1.276181787E-1,-1.552523077E-1,-8.573037386E-2
1.858226421E1,-1.860109568E-1,-2.161565423E-1,-8.006056398E-2
1.859231021E1,-2.602772117E-1,-2.672250569E-1,-6.917303056E-2
1.860235521E1,-3.407635987E-1,-3.011195660E-1,-6.104692072E-2
1.861240021E1,-4.067897499E-1,-3.335177004E-1,-5.985169485E-2
1.862244521E1,-4.460617304E-1,-3.375141919E-1,-6.033010036E-2
1.863249121E1,-4.506735206E-1,-3.193016350E-1,-5.871995166E-2
1.864253621E1,-4.258363247E-1,-2.824593484E-1,-5.989850312E-2
1.865258121E1,-3.814179897E-1,-2.370497882E-1,-6.577157229E-2
1.866262721E1,-3.242164254E-1,-1.905060709E-1,-7.390354574E-2
1.867267221E1,-2.646982372E-1,-1.463633776E-1,-9.424929321E-2
1.868271721E1,-2.148064226E-1,-1.188060939E-1,-1.198062152E-1
1.869276321E1,-1.755170822E-1,-1.268307269E-1,-1.447861344E-1
1.870280821E1,-1.582311839E-1,-1.610321105E-1,-1.567674279E-1
1.871285321E1,-1.713991761E-1,-1.954564005E-1,-1.637616903E-1
1.872289821E1,-2.071465552E-1,-2.240846753E-1,-1.717463732E-1
1.873294421E1,-2.554978430E-1,-2.391648144E-1,-1.796871275E-1
1.874298921E1,-3.047352135E-1,-2.306220382E-1,-1.892278045E-1
1.875303421E1,-3.320914805E-1,-2.044045478E-1,-1.985363513E-1
1.876308021E1,-3.188490868E-1,-1.559364200E-1,-2.042446733E-1
1.877312521E1,-2.791032791E-1,-1.008209586E-1,-2.069981098E-1
1.878317021E1,-2.152322531E-1,-4.820938408E-2,-2.112043947E-1
1.879321521E1,-1.356956214E-1,-8.093125187E-3,-2.244711965E-1
1.880326121E1,-5.899814516E-2,2.549415454E-2,-2.363961190E-1
1.881330621E1,3.561266931E-5,5.541396886E-2,-2.489025891E-1
1.882335121E1,3.574959189E-2,8.506652713E-2,-2.720098495E-1
1.883339721E1,5.826422200E-2,1.252126098E-1,-3.017821312E-1
1.884344221E1,7.144626230E-2,1.886071861E-1,-3.383752108E-1
1.885348721E1,1.010584831E-1,2.827472687E-1,-3.687546849E-1
1.886353221E1,1.561115384E-1,4.050192535E-1,-3.975174725E-1
1.887357821E1,2.247047126E-1,5.462749004E-1,-3.416960239E-1
1.888362321E1,3.016139269E-1,6.321919560E-1,-2.024385929E-1
1.889366821E1,4.079845548E-1,7.508709431E-1,-1.876721680E-1
1.890371421E1,4.550958574E-1,8.540047407E-1,-1.005683392E-1
1.891375921E1,4.966219664E-1,8.349165320E-1,-6.559464335E-2
1.892380421E1,4.797992706E-1,7.692497969E-1,-7.428443432E-2
1.893384921E1,4.178291261E-1,6.658315063E-1,-1.333030164E-1
1.894389521E1,3.465906382E-1,5.304374695E-1,-2.135211676E-1
1.895394021E1,3.148561418E-1,3.735195100E-1,-2.934998572E-1
1.896398521E1,3.196779788E-1,2.384553403E-1,-3.434900939E-1
1.897403121E1,3.325000405E-1,1.562084109E-1,-3.516004980E-1
1.898407621E1,3.576581180E-1,1.095636785E-1,-3.399513066E-1
1.899412121E1,3.906578720E-1,7.853145897E-2,-3.205107450E-1
1.900416721E1,4.094054401E-1,6.964626163E-2,-2.983055711E-1
1.901421221E1,4.082067609E-1,8.572883159E-2,-2.740726769E-1
1.902425721E1,4.114237130E-1,1.171088442E-1,-2.420297712E-1
1.903430221E1,4.245110154E-1,1.544269323E-1,-2.065756470E-1
1.904434821E1,4.333504140E-1,1.766964495E-1,-1.735724211E-1
1.905439321E1,4.280251563E-1,1.850840747E-1,-1.495829374E-1
1.906443821E1,4.122575521E-1,1.747245044E-1,-1.354594827E-1
1.907448421E1,3.884398639E-1,1.569817215E-1,-1.278337836E-1
1.908452921E1,3.591488600E-1,1.304508150E-1,-1.112764552E-1
1.909457421E1,3.326597214E-1,1.008396596E-1,-7.775151730E-2
1.910461921E1,3.201581240E-1,6.115847081E-2,-3.100159764E-2
1.911466521E1,3.179897666E-1,3.507599980E-2,1.741227508E-2
1.912471021E1,3.280851841E-1,3.728519008E-2,6.538937241E-2
1.913475521E1,3.454399407E-1,4.380966723E-2,1.048800573E-1
1.914480121E1,3.670577407E-1,5.603307113E-2,1.246584654E-1
1.915484621E1,3.750749230E-1,6.073381752E-2,1.313123852E-1
1.916489121E1,3.646127284E-1,5.110125616E-2,1.409223974E-1
1.917493621E1,3.225435913E-1,3.423146158E-2,1.484253258E-1
1.918498221E1,2.487382591E-1,8.160265163E-3,1.566465050E-1
1.919502721E1,1.584456563E-1,-1.882687770E-2,1.633704454E-1
1.920507221E1,7.238528877E-2,-4.579383880E-2,1.803043336E-1
1.921511821E1,-1.324346755E-3,-7.513654977E-2,2.073050588E-1
1.922516321E1,-5.696729198E-2,-1.004627943E-1,2.436847240E-1
1.923520821E1,-1.005568504E-1,-1.171469614E-1,2.812155783E-1
1.924525321E1,-1.354195178E-1,-1.322844625E-1,3.036433756E-1
1.925529921E1,-1.612324715E-1,-1.583983600E-1,3.092038035E-1
1.926534421E1,-1.770490408E-1,-1.843698919E-1,2.934928834E-1
1.927538921E1,-1.919635385E-1,-1.959807426E-1,2.687633038E-1
1.928543521E1,-2.039309442E-1,-1.928279996E-1,2.384796739E-1
1.929548021E1,-2.027804703E-1,-1.874119192E-1,2.108669579E-1
1.930552521E1,-1.847288311E-1,-1.919149458E-1,1.990650743E-1
1.931557021E1,-1.514022946E-1,-2.062491477E-1,1.965398639E-1
1.932561621E1,-1.116342694E-1,-2.272878587E-1,2.025665790E-1
1.933566121E1,-6.869319081E-2,-2.491854280E-1,2.001260668E-1
1.934570621E1,-2.725962177E-2,-2.652883530E-1,1.838848889E-1
1.935575221E1,1.573977806E-2,-2.702732682E-1,1.575739235E-1
1.936579721E1,5.845958367E-2,-2.630293667E-1,1.376707703E-1
1.937584221E1,9.169743210E-2,-2.446929663E-1,1.286847442E-1
1.938588721E1,1.211613864E-1,-2.271077037E-1,1.260224730E-1
1.939593321E1,1.446065307E-1,-2.049536705E-1,1.301602125E-1
1.940597821E1,1.625157595E-1,-1.843344122E-1,1.359208971E-1
1.941602321E1,1.669307500E-1,-1.560551077E-1,1.380604804E-1
1.942606921E1,1.689030379E-1,-1.238679588E-1,1.374194771E-1
1.943611421E1,1.707653850E-1,-1.031746715E-1,1.387398690E-1
1.944615921E1,1.677583903E-1,-9.427434951E-2,1.465960741E-1
1.945620521E1,1.499034911E-1,-9.686347097E-2,1.596567482E-1
1.946625021E1,1.241049841E-1,-1.064099595E-1,1.732967496E-1
1.947629521E1,9.769548476E-2,-1.123445481E-1,1.834074408E-1
1.948634021E1,7.239906490E-2,-1.189236566E-1,1.827795804E-1
1.949638621E1,5.311298370E-2,-1.223338321E-1,1.773307472E-1
1.950643121E1,5.036658421E-2,-1.248824149E-1,1.682060361E-1
1.951647621E1,4.697984084E-2,-1.255449951E-1,1.629143357E-1
1.952652221E1,3.244810924E-2,-1.235600635E-1,1.618762463E-1
1.953656721E1,1.039154455E-2,-1.226098463E-1,1.618453413E-1
1.954661208E1,-1.675542444E-2,-1.333421171E-1,1.668485999E-1
1.955665708E1,-4.988168553E-2,-1.479367763E-1,1.692608893E-1
1.956670308E1,-8.453751355E-2,-1.726275384E-1,1.703034639E-1
1.957674808E1,-1.080321893E-1,-2.004599571E-1,1.718347818E-1
1.958679308E1,-1.086930335E-1,-2.085795552E-1,1.711275876E-1
1.959683908E1,-8.453816175E-2,-1.947739869E-1,1.669600308E-1
1.960688408E1,-3.531373665E-2,-1.501561999E-1,1.582312584E-1
1.961692908E1,2.411976084E-2,-9.090619534E-2,1.511224806E-1
1.962697408E1,8.043070138E-2,-3.894012794E-2,1.476122290E-1
1.963702008E1,1.115843654E-1,-3.417821834E-3,1.518735588E-1
1.964706508E1,1.212618351E-1,6.529701874E-3,1.566526294E-1
1.965711008E1,1.167086288E-1,-1.184504386E-2,1.634277105E-1
1.966715608E1,1.005191952E-1,-4.747405648E-2,1.658384055E-1
1.967720108E1,7.902801782E-2,-8.721987158E-2,1.610124856E-1
1.968724608E1,6.176532805E-2,-1.359041333E-1,1.548722982E-1
1.969729108E1,4.916271940E-2,-1.735167652E-1,1.517641246E-1
1.970733708E1,4.352682084E-2,-1.947112978E-1,1.474461704E-1
1.971738208E1,4.451751709E-2,-2.072073817E-1,1.424663216E-1
1.972742708E1,5.560478941E-2,-2.143188566E-1,1.435375363E-1
1.973747308E1,7.452761382E-2,-2.194046825E-1,1.462198794E-1
1.974751808E1,9.642168880E-2,-2.181356847E-1,1.478936672E-1
1.975756308E1,1.101982221E-1,-2.176690996E-1,1.434722841E-1
1.976760808E1,1.103151366E-1,-2.098133415E-1,1.329925656E-1
1.977765408E1,9.380380064E-2,-1.932604760E-1,1.173294559E-1
1.978769908E1,6.508351862E-2,-1.747120023E-1,9.835176915E-2
1.979774408E1,3.545558080E-2,-1.610608995E-1,7.721212506E-2
1.980779008E1,1.914497465E-2,-1.522505283E-1,5.981689692E-2
1.981783508E1,1.382531039E-2,-1.480920017E-1,4.159155488E-2
1.982788008E1,1.590527780E-2,-1.516941190E-1,2.461016923E-2
1.983792508E1,2.767485194E-2,-1.399349272E-1,8.664226159E-3
1.984797108E1,5.277232826E-2,-1.217726991E-1,-9.940627031E-3
1.985801608E1,7.909235358E-2,-9.682633728E-2,-2.551212907E-2
1.986806108E1,1.047887355E-1,-6.515564024E-2,-4.297189415E-2
1.987810708E1,1.217229813E-1,-3.105040081E-2,-5.635134876E-2
1.988815208E1,1.357732117E-1,-3.009891603E-3,-7.467069477E-2
1.989819708E1,1.421546787E-1,1.046437118E-2,-9.527450800E-2
1.990824208E1,1.473159492E-1,1.673190156E-3,-1.173595712E-1
1.991828808E1,1.509287953E-1,-1.397288032E-2,-1.395248026E-1
1.992833308E1,1.460847706E-1,-2.391822077E-2,-1.543971300E-1
1.993837808E1,1.369213760E-1,-2.577124909E-2,-1.606579572E-1
1.994842408E1,1.262587607E-1,-4.393429961E-3,-1.630681157E-1
1.995846908E1,1.195353493E-1,1.491981465E-2,-1.618899405E-1
1.996851408E1,1.126217395E-1,3.705485165E-2,-1.601966918E-1
1.997855908E1,6.442118436E-2,7.043172419E-2,-1.533044428E-1
1.998860508E1,3.227337077E-2,5.198799819E-2,-1.442435682E-1
1.999865008E1,6.322702765E-2,4.603969865E-3,-1.406245977E-1
2.000869508E1,9.281501174E-2,-2.263138071E-2,-1.545193642E-1
2.001874108E1,1.115737855E-1,-3.283448145E-2,-1.705968678E-1
2.002878608E1,1.274197400E-1,-3.364488482E-2,-1.799578816E-1
2.003883108E1,1.054007262E-1,-2.329078130E-2,-1.891963780E-1
2.004887608E1,6.935750693E-2,-1.646639779E-2,-2.025588900E-1
2.005892208E1,3.844752908E-2,-2.042625286E-2,-1.929579228E-1
2.006896708E1,1.390429307E-2,-4.455623776E-2,-1.703323275E-1
2.007901208E1,-1.556438301E-2,-7.025787234E-2,-1.500771344E-1