"Time (s)","w","x","y","z","Direct (°)","Yaw (°)","Pitch (°)","Roll (°)"
3.011749999E-3,9.611884252E-1,2.482158775E-1,-7.021235064E-2,-9.785634214E-2,3.203044695E1,2.952138251E1,-4.956282223E0,-1.293286770E1
1.305775001E-2,9.610890008E-1,2.487485399E-1,-6.983816038E-2,-9.774857265E-2,3.207171681E1,2.957776230E1,-4.911203574E0,-1.291203348E1
2.310375002E-2,9.609835073E-1,2.493040248E-1,-6.939712522E-2,-9.768472017E-2,3.211544943E1,2.963599265E1,-4.857198232E0,-1.289412387E1
3.314975000E-2,9.608801210E-1,2.498516388E-1,-6.892379504E-2,-9.763755785E-2,3.215825227E1,2.969288416E1,-4.799273120E0,-1.287699880E1
4.319675002E-2,9.607930878E-1,2.503393200E-1,-6.844979051E-2,-9.757800435E-2,3.219424186E1,2.974267025E1,-4.742453544E0,-1.285813245E1
5.324275000E-2,9.607318063E-1,2.507273976E-1,-6.799075865E-2,-9.750601753E-2,3.221955924E1,2.978091816E1,-4.688985179E0,-1.283782457E1
6.328875001E-2,9.606960236E-1,2.510234371E-1,-6.751272909E-2,-9.742859377E-2,3.223433327E1,2.980801238E1,-4.634821392E0,-1.281586103E1
7.333475002E-2,9.606843068E-1,2.512398190E-1,-6.699025568E-2,-9.734674459E-2,3.223916950E1,2.982502446E1,-4.576967381E0,-1.279164379E1
8.338175001E-2,9.606902495E-1,2.513864374E-1,-6.645272531E-2,-9.727850885E-2,3.223671668E1,2.983366180E1,-4.517982316E0,-1.276815056E1
9.342775002E-2,9.607118287E-1,2.514635450E-1,-6.591901977E-2,-9.722928133E-2,3.222780845E1,2.983426609E1,-4.459771699E0,-1.274657663E1
1.034737500E-1,9.607402778E-1,2.515006343E-1,-6.541905278E-2,-9.718945255E-2,3.221606054E1,2.983073771E1,-4.405516205E0,-1.272691428E1
1.135207500E-1,9.607718879E-1,2.514958927E-1,-6.499646740E-2,-9.717360534E-2,3.220300240E1,2.982359186E1,-4.359603327E0,-1.271212992E1
1.235667500E-1,9.608039195E-1,2.514543254E-1,-6.468178850E-2,-9.717436398E-2,3.218976490E1,2.981384239E1,-4.325538956E0,-1.270235915E1
1.336127500E-1,9.608367941E-1,2.513914634E-1,-6.443017181E-2,-9.717891584E-2,3.217617353E1,2.980257368E1,-4.298571199E0,-1.269486226E1
1.436587500E-1,9.608770022E-1,2.512995306E-1,-6.417081064E-2,-9.719037979E-2,3.215954264E1,2.978778917E1,-4.270926583E0,-1.268777864E1
1.537057500E-1,9.609395481E-1,2.511489610E-1,-6.383390981E-2,-9.718279335E-2,3.213365571E1,2.976483393E1,-4.236087784E0,-1.267594914E1
1.637517500E-1,9.610365280E-1,2.509053838E-1,-6.340096684E-2,-9.713706402E-2,3.209347681E1,2.972931206E1,-4.193029518E0,-1.265654628E1
1.737977500E-1,9.611756969E-1,2.505422571E-1,-6.291108349E-2,-9.701576539E-2,3.203573322E1,2.967856410E1,-4.147487475E0,-1.262650173E1
1.838447500E-1,9.613527979E-1,2.500750171E-1,-6.240390938E-2,-9.679365150E-2,3.196210403E1,2.961494203E1,-4.104340006E0,-1.258429819E1
1.938907500E-1,9.615544706E-1,2.495361170E-1,-6.193002076E-2,-9.648543160E-2,3.187805760E1,2.954310882E1,-4.068265350E0,-1.253326246E1
2.039367500E-1,9.617689981E-1,2.489639524E-1,-6.147645745E-2,-9.611445504E-2,3.178841640E1,2.946748303E1,-4.036630938E0,-1.247576017E1
2.139827500E-1,9.619868130E-1,2.483968877E-1,-6.100807952E-2,-9.569939287E-2,3.169714887E1,2.939213500E1,-4.004514431E0,-1.241296629E1
2.240297500E-1,9.621841024E-1,2.478889233E-1,-6.060499760E-2,-9.528825036E-2,3.161426025E1,2.932479370E1,-3.978637252E0,-1.235287017E1
2.340757500E-1,9.623529427E-1,2.474480357E-1,-6.030886330E-2,-9.491643087E-2,3.154315563E1,2.926712209E1,-3.962471323E0,-1.230068715E1
2.441217500E-1,9.624874754E-1,2.471067621E-1,-6.012713663E-2,-9.455590673E-2,3.148638711E1,2.922293662E1,-3.957266099E0,-1.225362018E1
2.541677500E-1,9.625843710E-1,2.469012119E-1,-6.005860585E-2,-9.414923178E-2,3.144543838E1,2.919624770E1,-3.964124043E0,-1.220534926E1
2.642147500E-1,9.626421122E-1,2.468459679E-1,-6.008951003E-2,-9.368283476E-2,3.142101183E1,2.918850576E1,-3.981761609E0,-1.215399896E1
2.742607500E-1,9.626600667E-1,2.469382590E-1,-6.019362328E-2,-9.318668206E-2,3.141341265E1,2.919909777E1,-4.006479174E0,-1.210212202E1
2.843067500E-1,9.626367595E-1,2.471731434E-1,-6.034819685E-2,-9.270397420E-2,3.142327697E1,2.922726615E1,-4.034602643E0,-1.205385178E1
2.943527500E-1,9.625769110E-1,2.475330880E-1,-6.052185240E-2,-9.225022123E-2,3.144859287E1,2.927054528E1,-4.062460114E0,-1.200991818E1
3.043997500E-1,9.624857474E-1,2.480050906E-1,-6.069655109E-2,-9.181800530E-2,3.148711691E1,2.932712493E1,-4.088455284E0,-1.196891028E1
3.144457500E-1,9.623785679E-1,2.485489113E-1,-6.085428567E-2,-9.136564317E-2,3.153235026E1,2.939185152E1,-4.112328120E0,-1.192547457E1
3.244917500E-1,9.622751396E-1,2.491070094E-1,-6.097913517E-2,-9.085077727E-2,3.157594065E1,2.945755490E1,-4.134284686E0,-1.187416683E1
3.345387500E-1,9.621857883E-1,2.496290718E-1,-6.109608214E-2,-9.028398645E-2,3.161355104E1,2.951869750E1,-4.157393395E0,-1.181670872E1
3.445847500E-1,9.621065522E-1,2.501019700E-1,-6.125462805E-2,-8.970977779E-2,3.164686721E1,2.957460137E1,-4.185957984E0,-1.175950731E1
3.546307500E-1,9.620343546E-1,2.505163052E-1,-6.146278079E-2,-8.918374297E-2,3.167719418E1,2.962447751E1,-4.219329465E0,-1.170896638E1
3.646767500E-1,9.619618199E-1,2.508922340E-1,-6.170297568E-2,-8.874292908E-2,3.170763432E1,2.967059458E1,-4.254222858E0,-1.166876736E1
3.747237500E-1,9.618880208E-1,2.512576050E-1,-6.189798915E-2,-8.837216326E-2,3.173857589E1,2.971508026E1,-4.282233513E0,-1.163498077E1
3.847697500E-1,9.618285516E-1,2.515793751E-1,-6.199262990E-2,-8.803739084E-2,3.176348802E1,2.975312463E1,-4.298681493E0,-1.160197234E1
3.948157500E-1,9.617985430E-1,2.518189378E-1,-6.196319033E-2,-8.770080611E-2,3.177605162E1,2.977968867E1,-4.302530310E0,-1.156461973E1
4.048617500E-1,9.618059609E-1,2.519526803E-1,-6.176915677E-2,-8.737121775E-2,3.177294646E1,2.979145212E1,-4.289332199E0,-1.152255177E1
4.149087500E-1,9.618420807E-1,2.519973876E-1,-6.141258390E-2,-8.709637815E-2,3.175782223E1,2.979063652E1,-4.257687653E0,-1.148122795E1
4.249547500E-1,9.618923619E-1,2.519960072E-1,-6.091854908E-2,-8.689124944E-2,3.173675661E1,2.978274105E1,-4.209392058E0,-1.144327688E1
4.350007500E-1,9.619529691E-1,2.519651663E-1,-6.030587088E-2,-8.673648621E-2,3.171134674E1,2.976994086E1,-4.146888045E0,-1.140720450E1
4.450477500E-1,9.620141241E-1,2.519318914E-1,-5.962336588E-2,-8.662669367E-2,3.168568703E1,2.975610388E1,-4.075388575E0,-1.137402603E1
4.550937500E-1,9.620668498E-1,2.519134521E-1,-5.895972161E-2,-8.654901703E-2,3.166354789E1,2.974445322E1,-4.004835537E0,-1.134508596E1
4.651397500E-1,9.621099661E-1,2.519056655E-1,-5.837292157E-2,-8.649039077E-2,3.164543249E1,2.973523584E1,-3.942050953E0,-1.132067017E1
4.751857500E-1,9.621376987E-1,2.519181409E-1,-5.789733653E-2,-8.646468119E-2,3.163377520E1,2.973008682E1,-3.890299540E0,-1.130339650E1
4.852327500E-1,9.621443579E-1,2.519739118E-1,-5.751973238E-2,-8.648044411E-2,3.163097541E1,2.973155831E1,-3.847606472E0,-1.129389770E1
4.952787500E-1,9.621373615E-1,2.520588271E-1,-5.719439032E-2,-8.652672135E-2,3.163391696E1,2.973730033E1,-3.809427105E0,-1.128949922E1
5.053247500E-1,9.621318403E-1,2.521236806E-1,-5.689479998E-2,-8.659622150E-2,3.163623811E1,2.974110861E1,-3.773631097E0,-1.128838932E1
5.153700417E-1,9.621388788E-1,2.521318465E-1,-5.659891857E-2,-8.668864954E-2,3.163327905E1,2.973835734E1,-3.738227653E0,-1.128972894E1
5.254170417E-1,9.621672436E-1,2.520565090E-1,-5.627799139E-2,-8.680147666E-2,3.162135151E1,2.972547502E1,-3.700437339E0,-1.129226687E1
5.354630417E-1,9.622252377E-1,2.518789865E-1,-5.591881595E-2,-8.690574796E-2,3.159695108E1,2.969998419E1,-3.659880148E0,-1.129232059E1
5.455090417E-1,9.623197731E-1,2.515943056E-1,-5.548276466E-2,-8.696327841E-2,3.155713684E1,2.966065751E1,-3.613483891E0,-1.128446682E1
5.555550417E-1,9.624486160E-1,2.512108220E-1,-5.497060669E-2,-8.697099128E-2,3.150279478E1,2.960849772E1,-3.561315188E0,-1.126844152E1
5.656020417E-1,9.625976051E-1,2.507818408E-1,-5.440405822E-2,-8.691641111E-2,3.143984152E1,2.955007186E1,-3.505497923E0,-1.124372957E1
5.756480417E-1,9.627527055E-1,2.503471172E-1,-5.383438034E-2,-8.680674501E-2,3.137417521E1,2.949079899E1,-3.450991550E0,-1.121283155E1
5.856940417E-1,9.629024954E-1,2.499308222E-1,-5.331330831E-2,-8.666656459E-2,3.131062983E1,2.943430190E1,-3.402489312E0,-1.118011947E1
5.957400417E-1,9.630307061E-1,2.495761249E-1,-5.287143022E-2,-8.653472925E-2,3.125613895E1,2.938618987E1,-3.361731044E0,-1.115097257E1
6.057870417E-1,9.631276017E-1,2.493148671E-1,-5.243659064E-2,-8.647399564E-2,3.121489577E1,2.934943994E1,-3.318578952E0,-1.113031501E1
6.158330417E-1,9.632019909E-1,2.491195164E-1,-5.207967006E-2,-8.642413592E-2,3.118319626E1,2.932154620E1,-3.282930869E0,-1.111344585E1
6.258790417E-1,9.632590578E-1,2.489865326E-1,-5.173675276E-2,-8.637726862E-2,3.115885702E1,2.930121737E1,-3.248017281E0,-1.109755410E1
6.359260417E-1,9.633147759E-1,2.488716930E-1,-5.138300372E-2,-8.629879119E-2,3.113507510E1,2.928281123E1,-3.212616565E0,-1.107789206E1
6.459720417E-1,9.633777433E-1,2.487402475E-1,-5.103517632E-2,-8.618027425E-2,3.110817767E1,2.926242197E1,-3.179215012E0,-1.105390278E1
6.560180417E-1,9.634520060E-1,2.485764332E-1,-5.068827615E-2,-8.602770266E-2,3.107642609E1,2.923815259E1,-3.147265372E0,-1.102605778E1
6.660640417E-1,9.635353725E-1,2.483805452E-1,-5.035094331E-2,-8.585801945E-2,3.104074440E1,2.921019785E1,-3.117219428E0,-1.099650428E1
6.761110417E-1,9.636255246E-1,2.481527204E-1,-5.004268126E-2,-8.568450088E-2,3.100211331E1,2.917886138E1,-3.090837240E0,-1.096730148E1
6.861570417E-1,9.637213665E-1,2.478755838E-1,-4.980356111E-2,-8.554836656E-2,3.096099251E1,2.914272527E1,-3.071539819E0,-1.094417587E1
6.962030417E-1,9.638231933E-1,2.475509161E-1,-4.959134119E-2,-8.546407286E-2,3.091724547E1,2.910148528E1,-3.054231321E0,-1.092748933E1
7.062490417E-1,9.639333230E-1,2.471820258E-1,-4.935576138E-2,-8.542618284E-2,3.086986322E1,2.905487291E1,-3.033492026E0,-1.091516456E1
7.162960417E-1,9.640528936E-1,2.467747608E-1,-4.905118718E-2,-8.542925956E-2,3.081833865E1,2.900297807E1,-3.004380628E0,-1.090527633E1
7.263420417E-1,9.641712420E-1,2.463642294E-1,-4.868495214E-2,-8.548851803E-2,3.076725785E1,2.895008099E1,-2.966877081E0,-1.089986087E1
7.363880417E-1,9.642824675E-1,2.459712944E-1,-4.827302992E-2,-8.559831057E-2,3.071917582E1,2.889882322E1,-2.922677044E0,-1.089883046E1
7.464340417E-1,9.643846736E-1,2.456007920E-1,-4.783462894E-2,-8.575707775E-2,3.067492797E1,2.885001614E1,-2.873898068E0,-1.090259689E1
7.564810417E-1,9.644677872E-1,2.452815085E-1,-4.742643671E-2,-8.596216431E-2,3.063889982E1,2.880775272E1,-2.826554935E0,-1.091260402E1
7.665270417E-1,9.645237582E-1,2.450552116E-1,-4.707321451E-2,-8.617466872E-2,3.061461414E1,2.877716407E1,-2.784029576E0,-1.092534530E1
7.765730417E-1,9.645436937E-1,2.449642060E-1,-4.680921719E-2,-8.635417215E-2,3.060595966E1,2.876355427E1,-2.750778948E0,-1.093740916E1
7.866190417E-1,9.645344635E-1,2.449785148E-1,-4.667365185E-2,-8.649001144E-2,3.060996700E1,2.876386255E1,-2.731769048E0,-1.094864728E1
7.966660417E-1,9.645160032E-1,2.450192181E-1,-4.665695116E-2,-8.658897224E-2,3.061798015E1,2.876868992E1,-2.726636696E0,-1.095931053E1
8.067120417E-1,9.645012518E-1,2.450443166E-1,-4.671073054E-2,-8.665261399E-2,3.062438188E1,2.877248438E1,-2.730469973E0,-1.096804629E1
8.167580417E-1,9.645061830E-1,2.450036027E-1,-4.676596398E-2,-8.668300186E-2,3.062224202E1,2.876846464E1,-2.736158600E0,-1.097293302E1
8.268040417E-1,9.645333677E-1,2.448867717E-1,-4.676524749E-2,-8.671119811E-2,3.061044272E1,2.875476490E1,-2.736594845E0,-1.097573157E1
8.368510417E-1,9.645710891E-1,2.447389521E-1,-4.667988958E-2,-8.675515727E-2,3.059406270E1,2.873638122E1,-2.727587952E0,-1.097773641E1
8.468970417E-1,9.646106229E-1,2.445858010E-1,-4.653900320E-2,-8.682360375E-2,3.057688651E1,2.871672723E1,-2.711812761E0,-1.098084510E1
8.569430417E-1,9.646487236E-1,2.444556094E-1,-4.635517972E-2,-8.686541342E-2,3.056032399E1,2.869916806E1,-2.691797858E0,-1.097980223E1
8.669890417E-1,9.646872459E-1,2.443432248E-1,-4.616796342E-2,-8.685344372E-2,3.054356935E1,2.868353399E1,-2.672739604E0,-1.097271646E1
8.770360417E-1,9.647293084E-1,2.442234646E-1,-4.600449687E-2,-8.680977958E-2,3.052526464E1,2.866725886E1,-2.657288139E0,-1.096277077E1
8.870820417E-1,9.647730147E-1,2.440897115E-1,-4.586326278E-2,-8.677441838E-2,3.050623326E1,2.864963941E1,-2.644210046E0,-1.095436358E1
8.971280417E-1,9.648157937E-1,2.439435357E-1,-4.576193122E-2,-8.676308088E-2,3.048759440E1,2.863112142E1,-2.634992344E0,-1.094976546E1
9.071740417E-1,9.648526722E-1,2.437985295E-1,-4.572486307E-2,-8.678074041E-2,3.047151748E1,2.861362382E1,-2.632032544E0,-1.095027255E1
9.172210417E-1,9.648825544E-1,2.436632803E-1,-4.577158285E-2,-8.680387903E-2,3.045848451E1,2.859834364E1,-2.638060068E0,-1.095384534E1
9.272670417E-1,9.649015626E-1,2.435658157E-1,-4.589720153E-2,-8.679911643E-2,3.045019131E1,2.858843915E1,-2.653167880E0,-1.095669007E1
9.373130417E-1,9.649133216E-1,2.435053876E-1,-4.609045537E-2,-8.673509537E-2,3.044505982E1,2.858360690E1,-2.677011236E0,-1.095498058E1
9.473590417E-1,9.649203179E-1,2.434735562E-1,-4.632242109E-2,-8.662382769E-2,3.044200627E1,2.858251774E1,-2.706149930E0,-1.094919916E1
9.574060417E-1,9.649299274E-1,2.434498276E-1,-4.656428078E-2,-8.645296436E-2,3.043781176E1,2.858235481E1,-2.737982129E0,-1.093707612E1
9.674520417E-1,9.649518438E-1,2.433967647E-1,-4.676091690E-2,-8.625200819E-2,3.042824322E1,2.857808919E1,-2.766005090E0,-1.092020368E1
9.774980417E-1,9.649853084E-1,2.433045790E-1,-4.689699854E-2,-8.606344319E-2,3.041362711E1,2.856847608E1,-2.787425807E0,-1.090284576E1
9.875440417E-1,9.650258115E-1,2.431822688E-1,-4.697901630E-2,-8.591023940E-2,3.039592767E1,2.855471997E1,-2.802206404E0,-1.088777863E1
9.975910417E-1,9.650698971E-1,2.430403498E-1,-4.702014109E-2,-8.579416698E-2,3.037665126E1,2.853823197E1,-2.811632781E0,-1.087561168E1
1.007637042E0,9.651122547E-1,2.428993792E-1,-4.702563072E-2,-8.571354005E-2,3.035811918E1,2.852149564E1,-2.816103628E0,-1.086636911E1
1.017683042E0,9.651511984E-1,2.427694088E-1,-4.698956355E-2,-8.566254237E-2,3.034107098E1,2.850560702E1,-2.815018509E0,-1.085926182E1
1.027729042E0,9.651801111E-1,2.426790460E-1,-4.692573215E-2,-8.562756048E-2,3.032840792E1,2.849407456E1,-2.809968091E0,-1.085325363E1
1.037776042E0,9.652031233E-1,2.426145718E-1,-4.682568607E-2,-8.560665565E-2,3.031832547E1,2.848517447E1,-2.800228475E0,-1.084784633E1
1.047822042E0,9.652294651E-1,2.425425745E-1,-4.669719086E-2,-8.558393850E-2,3.030678019E1,2.847502624E1,-2.787479844E0,-1.084139475E1
1.057868042E0,9.652652477E-1,2.424455630E-1,-4.651451589E-2,-8.555540508E-2,3.029109019E1,2.846124262E1,-2.769188044E0,-1.083266280E1
1.067914042E0,9.653115250E-1,2.423160246E-1,-4.627967365E-2,-8.552741957E-2,3.027078675E1,2.844298078E1,-2.745476887E0,-1.082240079E1
1.077961042E0,9.653610897E-1,2.421698910E-1,-4.601934310E-2,-8.552143472E-2,3.024902624E1,2.842250685E1,-2.718509042E0,-1.081382191E1
1.088007042E0,9.654012135E-1,2.420527227E-1,-4.574656870E-2,-8.554706000E-2,3.023139937E1,2.840537512E1,-2.688949037E0,-1.080850433E1
1.098053042E0,9.654235092E-1,2.419981215E-1,-4.545634550E-2,-8.560467474E-2,3.022160028E1,2.839547304E1,-2.655860258E0,-1.080643417E1
1.108099042E0,9.654258272E-1,2.420238311E-1,-4.513849504E-2,-8.567417490E-2,3.022058129E1,2.839471315E1,-2.618489359E0,-1.080511728E1
1.118146042E0,9.654155855E-1,2.421170599E-1,-4.477693830E-2,-8.571594242E-2,3.022508311E1,2.840129690E1,-2.576320489E0,-1.079962741E1
1.128192042E0,9.654060182E-1,2.422288017E-1,-4.436730254E-2,-8.572104219E-2,3.022928792E1,2.840938820E1,-2.529669041E0,-1.078870752E1
1.138238042E0,9.654044166E-1,2.423264771E-1,-4.391458217E-2,-8.569558550E-2,3.022999175E1,2.841523603E1,-2.479277018E0,-1.077309876E1
1.148284042E0,9.654159227E-1,2.423700885E-1,-4.347160825E-2,-8.566873795E-2,3.022493491E1,2.841485840E1,-2.430602086E0,-1.075747973E1
1.158331042E0,9.654281032E-1,2.423930691E-1,-4.303415558E-2,-8.568715613E-2,3.021958079E1,2.841223652E1,-2.381486925E0,-1.074702330E1
1.168377042E0,9.654321914E-1,2.424332561E-1,-4.262261267E-2,-8.573271687E-2,3.021778353E1,2.841202840E1,-2.334277655E0,-1.074038509E1
1.178423042E0,9.654259537E-1,2.425036519E-1,-4.224336479E-2,-8.579163816E-2,3.022052571E1,2.841580908E1,-2.289926074E0,-1.073623788E1
1.188469042E0,9.654077462E-1,2.426168583E-1,-4.186545508E-2,-8.586151764E-2,3.022852850E1,2.842467444E1,-2.244939765E0,-1.073344842E1
1.198516042E0,9.653837225E-1,2.427633291E-1,-4.145468135E-2,-8.591715148E-2,3.023908459E1,2.843703511E1,-2.196357472E0,-1.072819581E1
1.208562042E0,9.653603310E-1,2.429122129E-1,-4.104556190E-2,-8.595554726E-2,3.024935942E1,2.844967522E1,-2.148419637E0,-1.072106431E1
1.218608042E0,9.653428822E-1,2.430339751E-1,-4.067532291E-2,-8.598378565E-2,3.025702167E1,2.845958535E1,-2.105366254E0,-1.071384998E1
1.228654042E0,9.653355487E-1,2.431019369E-1,-4.037443655E-2,-8.601615443E-2,3.026024147E1,2.846401581E1,-2.070453715E0,-1.070896852E1
1.238701042E0,9.653312919E-1,2.431431671E-1,-4.013726570E-2,-8.605800625E-2,3.026211028E1,2.846608851E1,-2.042608049E0,-1.070691614E1
1.248747042E0,9.653295217E-1,2.431607845E-1,-3.995295753E-2,-8.611355579E-2,3.026288738E1,2.846604578E1,-2.020476506E0,-1.070786019E1
1.258793042E0,9.653304911E-1,2.431587193E-1,-3.982042677E-2,-8.617032760E-2,3.026246183E1,2.846431338E1,-2.004249045E0,-1.071038714E1
1.268839042E0,9.653398898E-1,2.431274463E-1,-3.970966485E-2,-8.620467728E-2,3.025833554E1,2.845936364E1,-1.991383458E0,-1.071097842E1
1.278886042E0,9.653556949E-1,2.430789774E-1,-3.963908995E-2,-8.619586859E-2,3.025139547E1,2.845279230E1,-1.984368202E0,-1.070787260E1
1.288932042E0,9.653708677E-1,2.430303084E-1,-3.964578076E-2,-8.616113959E-2,3.024473154E1,2.844708355E1,-1.986626533E0,-1.070409236E1
1.298978042E0,9.653823317E-1,2.429797848E-1,-3.971459603E-2,-8.614217350E-2,3.023969562E1,2.844192610E1,-1.995323448E0,-1.070384567E1
1.309024042E0,9.653854084E-1,2.429481747E-1,-3.982289236E-2,-8.614761045E-2,3.023834393E1,2.843951874E1,-2.007485818E0,-1.070749315E1
1.319071042E0,9.653824581E-1,2.429395767E-1,-3.994990189E-2,-8.614626175E-2,3.023964007E1,2.844003249E1,-2.021653923E0,-1.071096654E1
1.329117042E0,9.653718371E-1,2.429632949E-1,-4.009839577E-2,-8.612915013E-2,3.024430574E1,2.844457996E1,-2.038284923E0,-1.071336440E1
1.339163042E0,9.653642085E-1,2.429813021E-1,-4.024313858E-2,-8.609640203E-2,3.024765644E1,2.844838283E1,-2.055006462E0,-1.071390002E1
1.349209042E0,9.653726801E-1,2.429446554E-1,-4.037037992E-2,-8.604544649E-2,3.024393547E1,2.844550825E1,-2.070911852E0,-1.071178832E1
1.359256042E0,9.654010449E-1,2.428356531E-1,-4.047023634E-2,-8.598757886E-2,3.023147346E1,2.843377222E1,-2.084784039E0,-1.070796514E1
1.369302042E0,9.654456784E-1,2.426626719E-1,-4.054018957E-2,-8.594159665E-2,3.021185367E1,2.841416788E1,-2.095720460E0,-1.070447184E1
1.379348042E0,9.654960860E-1,2.424562894E-1,-4.059467491E-2,-8.593291440E-2,3.018968075E1,2.839051999E1,-2.104262217E0,-1.070462356E1
1.389394042E0,9.655423211E-1,2.422505495E-1,-4.063701142E-2,-8.597308035E-2,3.016932922E1,2.836689337E1,-2.110076421E0,-1.070987579E1
1.399440042E0,9.655759122E-1,2.420809506E-1,-4.068295148E-2,-8.605235857E-2,3.015453487E1,2.834764319E1,-2.114790811E0,-1.071967289E1
1.409487042E0,9.655984607E-1,2.419543520E-1,-4.071286521E-2,-8.614099339E-2,3.014459993E1,2.833327746E1,-2.116998262E0,-1.073014697E1
1.419533042E0,9.656170053E-1,2.418546009E-1,-4.072798539E-2,-8.620556236E-2,3.013642674E1,2.832184584E1,-2.117953653E0,-1.073756981E1
1.429579042E0,9.656328526E-1,2.417792424E-1,-4.071814410E-2,-8.624366311E-2,3.012944066E1,2.831293183E1,-2.116626545E0,-1.074137810E1
1.439625042E0,9.656485733E-1,2.417178976E-1,-4.067022314E-2,-8.626182841E-2,3.012250876E1,2.830516758E1,-2.111496803E0,-1.074190428E1
1.449672042E0,9.656593208E-1,2.416833372E-1,-4.058831074E-2,-8.627738059E-2,3.011776889E1,2.830014060E1,-2.102387511E0,-1.074122709E1
1.459718042E0,9.656661907E-1,2.416683119E-1,-4.048524062E-2,-8.629124691E-2,3.011473872E1,2.829715309E1,-2.090770786E0,-1.073980005E1
1.469764042E0,9.656680873E-1,2.416689546E-1,-4.038603747E-2,-8.631497558E-2,3.011390211E1,2.829607530E1,-2.079130836E0,-1.073961806E1
1.479810042E0,9.656703632E-1,2.416679642E-1,-4.030271315E-2,-8.633158144E-2,3.011289816E1,2.829498421E1,-2.069464489E0,-1.073909127E1
1.489857042E0,9.656802256E-1,2.416323712E-1,-4.023357125E-2,-8.635332921E-2,3.010854730E1,2.829000255E1,-2.061603711E0,-1.073947065E1
1.499903042E0,9.657020998E-1,2.415478667E-1,-4.014967795E-2,-8.638346421E-2,3.009889515E1,2.827910181E1,-2.052416983E0,-1.074026313E1
1.509949125E0,9.657316869E-1,2.414323422E-1,-4.004353111E-2,-8.642527389E-2,3.008583481E1,2.826430733E1,-2.040785825E0,-1.074166265E1
1.519995125E0,9.657635078E-1,2.413051009E-1,-3.993909122E-2,-8.647277338E-2,3.007178226E1,2.824816400E1,-2.029313128E0,-1.074372419E1
1.530042125E0,9.657899760E-1,2.411997970E-1,-3.984881267E-2,-8.651281289E-2,3.006008862E1,2.823476090E1,-2.019373602E0,-1.074540554E1
1.540088125E0,9.658116395E-1,2.411070212E-1,-3.979953247E-2,-8.655226234E-2,3.005051440E1,2.822332475E1,-2.013844873E0,-1.074821585E1
1.550134125E0,9.658326708E-1,2.410084397E-1,-3.979148242E-2,-8.659664297E-2,3.004121674E1,2.821171374E1,-2.012801260E0,-1.075273968E1
1.560180125E0,9.658475486E-1,2.409264536E-1,-3.978778403E-2,-8.666015827E-2,3.003463774E1,2.820214029E1,-2.011519008E0,-1.075955663E1
1.570226125E0,9.658593919E-1,2.408506630E-1,-3.976547781E-2,-8.674946744E-2,3.002939962E1,2.819312024E1,-2.007389384E0,-1.076873776E1
1.580273125E0,9.658770092E-1,2.407519656E-1,-3.972058088E-2,-8.684699525E-2,3.002160604E1,2.818114487E1,-2.000786887E0,-1.077814740E1
1.590319125E0,9.659075236E-1,2.406035982E-1,-3.965819301E-2,-8.694722046E-2,3.000810242E1,2.816312196E1,-1.992728712E0,-1.078726293E1
1.600365125E0,9.659548545E-1,2.403877326E-1,-3.958495232E-2,-8.705220826E-2,2.998714514E1,2.813703844E1,-1.984090297E0,-1.079646925E1
1.610411125E0,9.660164732E-1,2.401107119E-1,-3.950850848E-2,-8.716718486E-2,2.995984003E1,2.810374073E1,-1.975502412E0,-1.080658111E1
1.620458125E0,9.660769960E-1,2.398292025E-1,-3.944422400E-2,-8.730079037E-2,2.993299682E1,2.807009904E1,-1.967795381E0,-1.081911524E1
1.630504125E0,9.661298060E-1,2.395757525E-1,-3.938408044E-2,-8.743949565E-2,2.990955520E1,2.803981709E1,-1.960098620E0,-1.083239742E1
1.640550125E0,9.661695084E-1,2.393717301E-1,-3.934084831E-2,-8.757891742E-2,2.989192006E1,2.801555343E1,-1.953707565E0,-1.084634038E1
1.650596125E0,9.661934899E-1,2.392319817E-1,-3.931647690E-2,-8.770725458E-2,2.988126291E1,2.799905639E1,-1.948998859E0,-1.085970865E1
1.660643125E0,9.662141419E-1,2.391220206E-1,-3.926514204E-2,-8.780259075E-2,2.987208242E1,2.798567522E1,-1.941896839E0,-1.086869040E1
1.670689125E0,9.662323493E-1,2.390431322E-1,-3.919143774E-2,-8.784971092E-2,2.986398632E1,2.797558945E1,-1.933316162E0,-1.087171827E1
1.680735125E0,9.662506411E-1,2.389845902E-1,-3.909905184E-2,-8.784853081E-2,2.985585057E1,2.796758374E1,-1.923785212E0,-1.086886554E1
1.690781125E0,9.662717566E-1,2.389211381E-1,-3.901115459E-2,-8.782707807E-2,2.984645615E1,2.795901959E1,-1.915368626E0,-1.086386643E1
1.700827125E0,9.662949795E-1,2.388503420E-1,-3.893648091E-2,-8.779787030E-2,2.983612082E1,2.794974294E1,-1.908712107E0,-1.085836220E1
1.710874125E0,9.663191297E-1,2.387664487E-1,-3.888303871E-2,-8.778476263E-2,2.982536912E1,2.793921294E1,-1.904102221E0,-1.085523054E1
1.720920125E0,9.663419311E-1,2.386828715E-1,-3.884025966E-2,-8.777966286E-2,2.981521439E1,2.792886102E1,-1.900444899E0,-1.085329420E1
1.730966125E0,9.663657020E-1,2.385960174E-1,-3.880785927E-2,-8.776794604E-2,2.980462434E1,2.791823793E1,-1.898155506E0,-1.085090511E1
1.741012125E0,9.663868175E-1,2.385243361E-1,-3.877257182E-2,-8.774615612E-2,2.979521413E1,2.790934809E1,-1.895656827E0,-1.084733997E1
1.751059125E0,9.664045614E-1,2.384739495E-1,-3.869527450E-2,-8.772209027E-2,2.978730430E1,2.790245059E1,-1.888335913E0,-1.084238039E1
1.761105125E0,9.664162360E-1,2.384535189E-1,-3.856462981E-2,-8.770603232E-2,2.978209886E1,2.789844376E1,-1.874556401E0,-1.083687276E1
1.771151125E0,9.664252555E-1,2.384524230E-1,-3.837071216E-2,-8.769439979E-2,2.977807671E1,2.789595743E1,-1.853438702E0,-1.083011862E1
1.781197125E0,9.664397118E-1,2.384508004E-1,-3.811812609E-2,-8.764959769E-2,2.977162889E1,2.789265248E1,-1.826756151E0,-1.081801089E1
1.791244125E0,9.664674866E-1,2.384110138E-1,-3.780396348E-2,-8.758785255E-2,2.975923698E1,2.788410365E1,-1.794154481E0,-1.080221370E1
1.801290125E0,9.665138060E-1,2.383075538E-1,-3.745780088E-2,-8.750747851E-2,2.973856003E1,2.786767075E1,-1.759232610E0,-1.078332990E1
1.811336125E0,9.665818310E-1,2.381130777E-1,-3.711541042E-2,-8.743093984E-2,2.970816820E1,2.784060474E1,-1.725623711E0,-1.076483179E1
1.821382125E0,9.666647338E-1,2.378457192E-1,-3.682466038E-2,-8.736548578E-2,2.967108820E1,2.780562139E1,-1.698219804E0,-1.074891084E1
1.831428125E0,9.667475946E-1,2.375591101E-1,-3.661585436E-2,-8.731651114E-2,2.963398173E1,2.776938476E1,-1.679632164E0,-1.073710727E1
1.841475125E0,9.668192020E-1,2.372991799E-1,-3.648567328E-2,-8.728435310E-2,2.960187801E1,2.773724556E1,-1.668980649E0,-1.072943502E1
1.851521125E0,9.668751309E-1,2.370873709E-1,-3.642721560E-2,-8.726467052E-2,2.957677978E1,2.771163352E1,-1.665389368E0,-1.072524553E1
1.861567125E0,9.669171935E-1,2.369253374E-1,-3.640791235E-2,-8.724637879E-2,2.955789037E1,2.769233674E1,-1.665543117E0,-1.072238873E1
1.871613125E0,9.669502366E-1,2.368145649E-1,-3.636392157E-2,-8.720001725E-2,2.954304311E1,2.767873165E1,-1.663171186E0,-1.071579548E1
1.881660125E0,9.669799923E-1,2.367408079E-1,-3.624397164E-2,-8.712061259E-2,2.952966676E1,2.766852863E1,-1.652890630E0,-1.070345748E1
1.891706125E0,9.670117710E-1,2.366737312E-1,-3.605178201E-2,-8.702940681E-2,2.951537442E1,2.765824300E1,-1.634861616E0,-1.068780290E1
1.901752125E0,9.670532856E-1,2.365738748E-1,-3.583338758E-2,-8.692964522E-2,2.949669319E1,2.764379248E1,-1.614523643E0,-1.067041377E1
1.911798125E0,9.671088352E-1,2.364166460E-1,-3.563860592E-2,-8.681938907E-2,2.947167827E1,2.762287109E1,-1.597712152E0,-1.065242102E1
1.921844125E0,9.671684308E-1,2.362396292E-1,-3.548595004E-2,-8.669986060E-2,2.944481822E1,2.760011192E1,-1.586029136E0,-1.063453677E1
1.931891125E0,9.672264670E-1,2.360717267E-1,-3.535243936E-2,-8.656452707E-2,2.941863796E1,2.757863057E1,-1.576792970E0,-1.061543746E1
1.941937125E0,9.672741773E-1,2.359468140E-1,-3.525144497E-2,-8.641296701E-2,2.939709870E1,2.756255925E1,-1.571126633E0,-1.059549828E1
1.951983125E0,9.673113929E-1,2.358643853E-1,-3.520867646E-2,-8.623894267E-2,2.938028659E1,2.755212767E1,-1.572056376E0,-1.057473163E1
1.962029125E0,9.673419073E-1,2.358149997E-1,-3.522211076E-2,-8.602551103E-2,2.936649478E1,2.754617251E1,-1.579927128E0,-1.055116989E1
1.972076125E0,9.673706936E-1,2.357800600E-1,-3.527999946E-2,-8.577368361E-2,2.935347819E1,2.754237301E1,-1.593614074E0,-1.052457167E1
1.982122125E0,9.674025987E-1,2.357327396E-1,-3.536308144E-2,-8.550912784E-2,2.933904471E1,2.753738635E1,-1.610571387E0,-1.049722777E1
1.992168125E0,9.674390136E-1,2.356734917E-1,-3.543307681E-2,-8.523129581E-2,2.932256260E1,2.753082252E1,-1.626568780E0,-1.046801747E1
2.002214125E0,9.674840264E-1,2.355841298E-1,-3.546469749E-2,-8.495312661E-2,2.930217636E1,2.752027046E1,-1.638644311E0,-1.043765496E1
2.012261125E0,9.675354034E-1,2.354627996E-1,-3.547046107E-2,-8.470197354E-2,2.927889082E1,2.750570451E1,-1.647453507E0,-1.040954223E1
2.022307125E0,9.675874548E-1,2.353253798E-1,-3.547229446E-2,-8.448790970E-2,2.925528116E1,2.748925592E1,-1.654977806E0,-1.038543697E1
2.032353125E0,9.676377781E-1,2.351840298E-1,-3.549594938E-2,-8.429445567E-2,2.923243757E1,2.747262512E1,-1.664391343E0,-1.036422998E1
2.042399125E0,9.676870900E-1,2.350404776E-1,-3.553957136E-2,-8.411010535E-2,2.921003619E1,2.745597699E1,-1.675785810E0,-1.034458650E1
2.052445125E0,9.677377083E-1,2.348982636E-1,-3.558503728E-2,-8.390581957E-2,2.918702379E1,2.743947468E1,-1.687908636E0,-1.032276547E1
2.062492125E0,9.677889589E-1,2.347528148E-1,-3.563268429E-2,-8.370149165E-2,2.916370586E1,2.742261413E1,-1.700302152E0,-1.030099133E1
2.072538125E0,9.678361634E-1,2.346242459E-1,-3.566421013E-2,-8.350281141E-2,2.914221268E1,2.740755921E1,-1.710570723E0,-1.027943031E1
2.082584125E0,9.678730840E-1,2.345332192E-1,-3.566044853E-2,-8.333279102E-2,2.912539113E1,2.739655738E1,-1.715747120E0,-1.026016394E1
2.092630125E0,9.679031768E-1,2.344654682E-1,-3.561941857E-2,-8.318999750E-2,2.911167338E1,2.738790483E1,-1.715802852E0,-1.024295231E1
2.102677125E0,9.679257676E-1,2.344281577E-1,-3.556453283E-2,-8.305563335E-2,2.910137130E1,2.738268801E1,-1.713771604E0,-1.022635560E1
2.112723125E0,9.679529944E-1,2.343653062E-1,-3.550210282E-2,-8.294301697E-2,2.908895024E1,2.737442232E1,-1.710579094E0,-1.021193865E1
2.122769125E0,9.679857004E-1,2.342654181E-1,-3.545938698E-2,-8.286243219E-2,2.907402273E1,2.736208021E1,-1.709085995E0,-1.020158137E1
2.132815125E0,9.680247284E-1,2.341249322E-1,-3.543185456E-2,-8.281463767E-2,2.905619993E1,2.734518997E1,-1.708806581E0,-1.019523624E1
2.142861125E0,9.680665802E-1,2.339618976E-1,-3.541901030E-2,-8.279116187E-2,2.903707568E1,2.732585611E1,-1.709728638E0,-1.019197485E1
2.152908125E0,9.681094857E-1,2.337863560E-1,-3.539176237E-2,-8.279723102E-2,2.901745715E1,2.730493926E1,-1.708382172E0,-1.019159956E1
2.162954125E0,9.681522647E-1,2.336061782E-1,-3.534771891E-2,-8.282466862E-2,2.899788350E1,2.728332288E1,-1.704642752E0,-1.019314503E1
2.173000125E0,9.681925150E-1,2.334338292E-1,-3.529369719E-2,-8.286365445E-2,2.897945510E1,2.726253288E1,-1.699402857E0,-1.019572350E1
2.183046125E0,9.682265696E-1,2.332885596E-1,-3.521150029E-2,-8.290908875E-2,2.896385437E1,2.724461355E1,-1.690581747E0,-1.019829855E1
2.193092125E0,9.682524899E-1,2.331792306E-1,-3.512223327E-2,-8.295212069E-2,2.895197453E1,2.723083427E1,-1.680666419E0,-1.020047667E1
2.203139125E0,9.682736476E-1,2.330893841E-1,-3.504098468E-2,-8.299173872E-2,2.894227396E1,2.721942715E1,-1.671528491E0,-1.020252784E1
2.213185125E0,9.682972499E-1,2.329879261E-1,-3.496085299E-2,-8.303548715E-2,2.893144885E1,2.720667705E1,-1.662525011E0,-1.020505439E1
2.223231125E0,9.683332433E-1,2.328372511E-1,-3.486461066E-2,-8.307898270E-2,2.891493291E1,2.718796514E1,-1.652258778E0,-1.020703124E1
2.233277125E0,9.683868119E-1,2.326163700E-1,-3.475274239E-2,-8.311965441E-2,2.889033530E1,2.716082862E1,-1.641072952E0,-1.020815134E1
2.243324125E0,9.684544155E-1,2.323348607E-1,-3.462521656E-2,-8.317242226E-2,2.885926386E1,2.712641806E1,-1.628461098E0,-1.021010290E1
2.253370125E0,9.685327665E-1,2.320052934E-1,-3.448741744E-2,-8.323728626E-2,2.882321174E1,2.708627078E1,-1.614889405E0,-1.021305735E1
2.263416125E0,9.686158801E-1,2.316543366E-1,-3.434422352E-2,-8.330691286E-2,2.878491988E1,2.704356251E1,-1.600817735E0,-1.021637402E1
2.273462125E0,9.686992465E-1,2.313039698E-1,-3.420912180E-2,-8.336709856E-2,2.874646135E1,2.700100511E1,-1.587893335E0,-1.021886763E1
2.283508125E0,9.687862798E-1,2.309411698E-1,-3.405764602E-2,-8.342412324E-2,2.870625746E1,2.695680405E1,-1.573369737E0,-1.022055512E1
2.293555125E0,9.688717114E-1,2.305845442E-1,-3.390716070E-2,-8.347895629E-2,2.866673971E1,2.691333731E1,-1.558950583E0,-1.022204584E1
2.303601125E0,9.689505260E-1,2.302606983E-1,-3.375982585E-2,-8.351789998E-2,2.863023543E1,2.687373602E1,-1.544962911E0,-1.022190851E1
2.313647125E0,9.690229343E-1,2.299761544E-1,-3.362793783E-2,-8.351545546E-2,2.859665813E1,2.683886566E1,-1.533381394E0,-1.021762895E1
2.323693125E0,9.690896106E-1,2.297246642E-1,-3.352322398E-2,-8.347617460E-2,2.856570469E1,2.680812932E1,-1.525447937E0,-1.021001846E1
2.333740125E0,9.691540953E-1,2.294879253E-1,-3.343191284E-2,-8.341455591E-2,2.853573741E1,2.677924384E1,-1.519437775E0,-1.020029598E1
2.343786125E0,9.692214881E-1,2.292456442E-1,-3.332894809E-2,-8.333890232E-2,2.850438569E1,2.674956307E1,-1.512561073E0,-1.018868520E1
2.353832125E0,9.693005556E-1,2.289609106E-1,-3.318450030E-2,-8.325975053E-2,2.846755972E1,2.671443878E1,-1.501610807E0,-1.017550835E1
2.363878125E0,9.693956810E-1,2.286175086E-1,-3.296629553E-2,-8.318232677E-2,2.842319276E1,2.667161998E1,-1.483031726E0,-1.016046638E1
2.373924125E0,9.695007531E-1,2.282348679E-1,-3.269686126E-2,-8.311409103E-2,2.837410767E1,2.662365217E1,-1.458919426E0,-1.014503929E1
2.383971125E0,9.696107564E-1,2.278329450E-1,-3.238869404E-2,-8.305424250E-2,2.832262967E1,2.657302069E1,-1.430472819E0,-1.012951231E1
2.394017125E0,9.697229092E-1,2.274273027E-1,-3.203276391E-2,-8.299435183E-2,2.827005125E1,2.652144166E1,-1.396748568E0,-1.011273064E1
2.404063125E0,9.698278127E-1,2.270492665E-1,-3.164461251E-2,-8.295266860E-2,2.822078450E1,2.647278836E1,-1.358665583E0,-1.009720341E1
2.414109125E0,9.699211258E-1,2.267160536E-1,-3.124417530E-2,-8.292527314E-2,2.817689013E1,2.642929337E1,-1.318365596E0,-1.008304629E1
2.424155125E0,9.700103507E-1,2.263970757E-1,-3.088562152E-2,-8.288721454E-2,2.813485611E1,2.638792884E1,-1.282839313E0,-1.006885615E1
2.434202125E0,9.701049282E-1,2.260536948E-1,-3.060063507E-2,-8.282365709E-2,2.809023317E1,2.634449199E1,-1.256394669E0,-1.005375320E1
2.444248125E0,9.702107589E-1,2.256589052E-1,-3.039259822E-2,-8.273788826E-2,2.804021831E1,2.629585310E1,-1.239597443E0,-1.003815144E1
2.454294125E0,9.703319311E-1,2.251933827E-1,-3.024968880E-2,-8.263610362E-2,2.798284563E1,2.623961776E1,-1.231167358E0,-1.002239755E1
2.464340125E0,9.704699621E-1,2.246541033E-1,-3.013274183E-2,-8.252597390E-2,2.791734988E1,2.617502286E1,-1.226581142E0,-1.000631155E1
2.474386125E0,9.706200470E-1,2.240628146E-1,-3.000494205E-2,-8.241533842E-2,2.784596317E1,2.610422651E1,-1.221315995E0,-9.989828861E0
2.484433125E0,9.707791513E-1,2.234396735E-1,-2.982038100E-2,-8.230015109E-2,2.777009002E1,2.602909336E1,-1.210163693E0,-9.971324401E0
2.494479125E0,9.709432712E-1,2.228062274E-1,-2.959746632E-2,-8.216165654E-2,2.769161159E1,2.595233106E1,-1.195429330E0,-9.949215531E0
2.504525125E0,9.711065059E-1,2.221840345E-1,-2.937238107E-2,-8.199859039E-2,2.761333948E1,2.587685741E1,-1.180941920E0,-9.924334921E0
2.514571375E0,9.712618171E-1,2.215940103E-1,-2.917303701E-2,-8.182608334E-2,2.753866428E1,2.580543289E1,-1.169200035E0,-9.899123739E0
2.524618375E0,9.714039784E-1,2.210504424E-1,-2.902295209E-2,-8.166133130E-2,2.747013715E1,2.573999783E1,-1.162237239E0,-9.876127969E0
2.534664375E0,9.715396491E-1,2.205188547E-1,-2.892731035E-2,-8.151933857E-2,2.740458202E1,2.567658337E1,-1.160602835E0,-9.857113896E0
2.544710375E0,9.716754041E-1,2.199731795E-1,-2.887112860E-2,-8.139479463E-2,2.733883185E1,2.561196271E1,-1.163034511E0,-9.841058164E0
2.554756375E0,9.718202206E-1,2.193744729E-1,-2.883002489E-2,-8.129608672E-2,2.726852146E1,2.554133060E1,-1.167002627E0,-9.828225088E0
2.564802375E0,9.719860685E-1,2.186759521E-1,-2.875647864E-2,-8.122152894E-2,2.718778098E1,2.545870898E1,-1.167734614E0,-9.817153075E0
2.574849375E0,9.721775838E-1,2.178557218E-1,-2.863160806E-2,-8.117794910E-2,2.709425103E1,2.536134987E1,-1.163175839E0,-9.808110498E0
2.584895375E0,9.723961573E-1,2.169064799E-1,-2.845791036E-2,-8.116311341E-2,2.698711803E1,2.524843240E1,-1.153735071E0,-9.800919868E0
2.594941375E0,9.726395975E-1,2.158473612E-1,-2.822790447E-2,-8.115021647E-2,2.686730326E1,2.512209933E1,-1.139059843E0,-9.792428245E0
2.604987375E0,9.728959768E-1,2.147364862E-1,-2.792599606E-2,-8.112867943E-2,2.674055054E1,2.498898458E1,-1.117086561E0,-9.781149061E0
2.615033375E0,9.731502066E-1,2.136482546E-1,-2.755851769E-2,-8.107869327E-2,2.661427533E1,2.485784337E1,-1.088256198E0,-9.765129618E0
2.625080375E0,9.733858075E-1,2.126615547E-1,-2.715550952E-2,-8.098049111E-2,2.649672554E1,2.473819550E1,-1.055602723E0,-9.743000754E0
2.635126375E0,9.735905990E-1,2.118259934E-1,-2.678775720E-2,-8.083108054E-2,2.639412997E1,2.463657130E1,-1.026587271E0,-9.716226839E0
2.645172375E0,9.737639490E-1,2.111355227E-1,-2.653434927E-2,-8.063210526E-2,2.630697874E1,2.455307086E1,-1.010049830E0,-9.686905878E0
2.655218375E0,9.739118844E-1,2.105449400E-1,-2.647683990E-2,-8.040830550E-2,2.623237968E1,2.448326052E1,-1.014938627E0,-9.659737045E0
2.665264375E0,9.740357119E-1,2.100330138E-1,-2.665601669E-2,-8.018686596E-2,2.616977688E1,2.442508251E1,-1.045364840E0,-9.638711884E0
2.675311375E0,9.741511943E-1,2.095291166E-1,-2.704344105E-2,-7.997216991E-2,2.611126016E1,2.436999107E1,-1.098760015E0,-9.623519983E0
2.685357375E0,9.742824817E-1,2.089301678E-1,-2.756730531E-2,-7.976088776E-2,2.604457786E1,2.430520447E1,-1.168214340E0,-9.611884424E0
2.695403375E0,9.744421339E-1,2.081824616E-1,-2.815468486E-2,-7.956077452E-2,2.596326198E1,2.422371608E1,-1.245932271E0,-9.602792652E0
2.705449375E0,9.746360095E-1,2.072743445E-1,-2.873180166E-2,-7.935029316E-2,2.586417733E1,2.412338540E1,-1.324311442E0,-9.591969263E0
2.715496375E0,9.748580390E-1,2.062614293E-1,-2.920169687E-2,-7.908999422E-2,2.575024355E1,2.400965538E1,-1.392916667E0,-9.572677705E0
2.725542375E0,9.750816281E-1,2.053041269E-1,-2.943700273E-2,-7.873625572E-2,2.563500651E1,2.389986898E1,-1.436968624E0,-9.537188728E0
2.735588375E0,9.752707831E-1,2.046099578E-1,-2.931995039E-2,-7.824296901E-2,2.553711740E1,2.381697391E1,-1.442355908E0,-9.477869742E0
2.745634375E0,9.753901009E-1,2.043553486E-1,-2.882691656E-2,-7.760153612E-2,2.547517938E1,2.378136057E1,-1.404941637E0,-9.393525388E0
2.755680375E0,9.754272322E-1,2.045823568E-1,-2.808063812E-2,-7.680609865E-2,2.545587419E1,2.379929288E1,-1.338258470E0,-9.286491215E0
2.765727375E0,9.753865605E-1,2.052339418E-1,-2.730524674E-2,-7.585893252E-2,2.547701930E1,2.386647856E1,-1.267983807E0,-9.162233591E0
2.775773375E0,9.752811513E-1,2.061890316E-1,-2.675204828E-2,-7.481322706E-2,2.553174116E1,2.397135109E1,-1.222223313E0,-9.032549251E0
2.785819375E0,9.751368826E-1,2.072609524E-1,-2.659300715E-2,-7.378202012E-2,2.560644994E1,2.409383300E1,-1.219310734E0,-8.914105711E0
2.795865375E0,9.749898744E-1,2.082145880E-1,-2.695783027E-2,-7.290182534E-2,2.568235756E1,2.420771928E1,-1.272573761E0,-8.825228046E0
2.805911375E0,9.748783960E-1,2.088329455E-1,-2.780666780E-2,-7.230296077E-2,2.573977265E1,2.428734923E1,-1.376248553E0,-8.779434423E0
2.815958375E0,9.748455636E-1,2.089239617E-1,-2.902266760E-2,-7.200359170E-2,2.575665843E1,2.430923317E1,-1.518440622E0,-8.775624573E0
2.826004375E0,9.749335241E-1,2.083510806E-1,-3.040076418E-2,-7.190467305E-2,2.571139561E1,2.425543688E1,-1.679844408E0,-8.797246507E0
2.836050375E0,9.751660061E-1,2.070454450E-1,-3.181126114E-2,-7.191268095E-2,2.559138578E1,2.411662748E1,-1.848919634E0,-8.830175438E0
2.846096375E0,9.755491631E-1,2.050019867E-1,-3.311662280E-2,-7.198201252E-2,2.539237887E1,2.389088906E1,-2.011545267E0,-8.865583046E0
2.856142375E0,9.760687073E-1,2.022788788E-1,-3.424594761E-2,-7.211346854E-2,2.512005772E1,2.358439662E1,-2.159343487E0,-8.901702563E0
2.866189375E0,9.766891089E-1,1.990226449E-1,-3.515432809E-2,-7.233617248E-2,2.479101693E1,2.321396193E1,-2.285368323E0,-8.940954711E0
2.876235375E0,9.773711292E-1,1.954147377E-1,-3.581589664E-2,-7.263575228E-2,2.442426214E1,2.280054178E1,-2.385491518E0,-8.981606001E0
2.886281375E0,9.780561841E-1,1.917518710E-1,-3.620009677E-2,-7.298540254E-2,2.405033275E1,2.237838623E1,-2.454229162E0,-9.020877003E0
2.896327375E0,9.786790723E-1,1.883801916E-1,-3.629692389E-2,-7.336695796E-2,2.370529359E1,2.198762559E1,-2.487665660E0,-9.057698640E0
2.906373375E0,9.791931374E-1,1.855647874E-1,-3.615570561E-2,-7.375137936E-2,2.341676187E1,2.165944042E1,-2.489455157E0,-9.090901040E0
2.916420375E0,9.795745243E-1,1.834464604E-1,-3.592388213E-2,-7.409871154E-2,2.320041335E1,2.141149046E1,-2.475601054E0,-9.119758249E0
2.926466375E0,9.798255088E-1,1.820096217E-1,-3.578067768E-2,-7.439260152E-2,2.305694568E1,2.124364673E1,-2.466617667E0,-9.146284793E0
2.936512375E0,9.799671643E-1,1.811406959E-1,-3.584624237E-2,-7.461551620E-2,2.297558247E1,2.114382833E1,-2.477351421E0,-9.170730786E0
2.946558375E0,9.800362009E-1,1.806535152E-1,-3.610675731E-2,-7.476412599E-2,2.293582651E1,2.109022483E1,-2.508009967E0,-9.191906188E0
2.956604375E0,9.800722364E-1,1.803604208E-1,-3.642602495E-2,-7.484509008E-2,2.291504774E1,2.105963795E1,-2.544888916E0,-9.207164486E0
2.966651375E0,9.801063754E-1,1.801187296E-1,-3.666293239E-2,-7.486388758E-2,2.289534542E1,2.103403417E1,-2.573352242E0,-9.213744148E0
2.976697375E0,9.801539170E-1,1.798593843E-1,-3.676504894E-2,-7.481508153E-2,2.286788023E1,2.100482655E1,-2.588267341E0,-9.209737131E0
2.986743375E0,9.802194132E-1,1.795508272E-1,-3.675082437E-2,-7.470541543E-2,2.282998914E1,2.096855096E1,-2.591850858E0,-9.196226154E0
2.996789375E0,9.802951932E-1,1.792195161E-1,-3.663516815E-2,-7.456346484E-2,2.278607104E1,2.092851009E1,-2.584922321E0,-9.176840438E0
3.006835375E0,9.803721534E-1,1.788904230E-1,-3.647664332E-2,-7.441839539E-2,2.274138335E1,2.088828392E1,-2.573210198E0,-9.156201204E0
3.016882375E0,9.804414428E-1,1.785848162E-1,-3.635681983E-2,-7.429844546E-2,2.270107549E1,2.085125377E1,-2.565090275E0,-9.139296510E0
3.026928375E0,9.804946743E-1,1.783291955E-1,-3.635134074E-2,-7.421276091E-2,2.267006100E1,2.082128735E1,-2.568627298E0,-9.128827607E0
3.036974375E0,9.805303305E-1,1.781246621E-1,-3.650721559E-2,-7.415611555E-2,2.264926301E1,2.079897545E1,-2.589206451E0,-9.125193022E0
3.047020375E0,9.805477372E-1,1.779726069E-1,-3.685672887E-2,-7.411822553E-2,2.263910301E1,2.078478777E1,-2.630659304E0,-9.127912047E0
3.057066375E0,9.805412465E-1,1.779005674E-1,-3.739221512E-2,-7.410853176E-2,2.264289201E1,2.078188062E1,-2.691675338E0,-9.137967677E0
3.067113375E0,9.805105215E-1,1.778973062E-1,-3.810527130E-2,-7.415915012E-2,2.266081978E1,2.078897045E1,-2.770747056E0,-9.158803668E0
3.077159375E0,9.804582594E-1,1.779421610E-1,-3.897985002E-2,-7.428854095E-2,2.269128208E1,2.080358388E1,-2.865875258E0,-9.192138173E0
3.087205375E0,9.803882113E-1,1.780274241E-1,-3.996161871E-2,-7.448764266E-2,2.273204821E1,2.082428538E1,-2.971207446E0,-9.235797125E0
3.097251375E0,9.803092281E-1,1.781274807E-1,-4.095896066E-2,-7.474532849E-2,2.277792798E1,2.084714471E1,-3.076915640E0,-9.286514278E0
3.107297375E0,9.802304978E-1,1.782136868E-1,-4.189913568E-2,-7.505097744E-2,2.282357029E1,2.086805083E1,-3.175318523E0,-9.341450427E0
3.117344375E0,9.801627678E-1,1.782462295E-1,-4.270487279E-2,-7.540210283E-2,2.286276343E1,2.088153219E1,-3.258171178E0,-9.398526842E0
3.127390375E0,9.801144676E-1,1.781725199E-1,-4.337936461E-2,-7.581859799E-2,2.289067279E1,2.088155370E1,-3.325934011E0,-9.459863796E0
3.137436375E0,9.800822252E-1,1.779872687E-1,-4.396075404E-2,-7.633384321E-2,2.290928472E1,2.086799981E1,-3.382266224E0,-9.530010686E0
3.147482375E0,9.800599717E-1,1.777139464E-1,-4.445661171E-2,-7.696621453E-2,2.292212190E1,2.084373412E1,-3.427434815E0,-9.611275116E0
3.157528375E0,9.800395305E-1,1.773969494E-1,-4.488171536E-2,-7.770711398E-2,2.293390738E1,2.081404428E1,-3.462870335E0,-9.703150582E0
3.167575375E0,9.800158861E-1,1.770746472E-1,-4.525261290E-2,-7.852067459E-2,2.294753220E1,2.078344520E1,-3.490814328E0,-9.802068571E0
3.177621375E0,9.799806935E-1,1.768167822E-1,-4.553281568E-2,-7.937452760E-2,2.296779682E1,2.075950559E1,-3.507148055E0,-9.903836256E0
3.187667375E0,9.799310023E-1,1.766503548E-1,-4.570238299E-2,-8.025695617E-2,2.299637996E1,2.074506449E1,-3.509585455E0,-1.000680417E1
3.197713375E0,9.798788667E-1,1.764953545E-1,-4.582729045E-2,-8.115894087E-2,2.302633160E1,2.073152240E1,-3.506514972E0,-1.011108176E1
3.207759375E0,9.798715331E-1,1.760408008E-1,-4.610078135E-2,-8.207335890E-2,2.303054161E1,2.068497722E1,-3.522997437E0,-1.021888917E1
3.217806375E0,9.799825901E-1,1.748055293E-1,-4.678384478E-2,-8.299734426E-2,2.296670516E1,2.055270694E1,-3.593535639E0,-1.033369240E1
3.227852375E0,9.802710852E-1,1.724705781E-1,-4.783578271E-2,-8.386982617E-2,2.280005182E1,2.029721635E1,-3.718465359E0,-1.044622242E1
3.237898375E0,9.807308231E-1,1.692115520E-1,-4.880006045E-2,-8.457553300E-2,2.253196457E1,1.993323058E1,-3.847272955E0,-1.053398573E1
3.247944375E0,9.812889738E-1,1.656122480E-1,-4.914994779E-2,-8.502216315E-2,2.220219635E1,1.952176579E1,-3.916303602E0,-1.057782699E1
3.257990375E0,9.818439635E-1,1.623529058E-1,-4.862977138E-2,-8.520019144E-2,2.186942864E1,1.913845375E1,-3.889284261E0,-1.057483442E1
3.268037375E0,9.823065673E-1,1.599256582E-1,-4.738763000E-2,-8.515880323E-2,2.158818391E1,1.884228199E1,-3.776245099E0,-1.053628108E1
3.278083375E0,9.826179904E-1,1.585185962E-1,-4.601934310E-2,-8.494676244E-2,2.139679419E1,1.866236760E1,-3.641167037E0,-1.048030124E1
3.288129375E0,9.827666001E-1,1.580218956E-1,-4.518917662E-2,-8.459787083E-2,2.130486496E1,1.859388791E1,-3.559451477E0,-1.042280851E1
3.298175375E0,9.827991375E-1,1.580612977E-1,-4.521390102E-2,-8.413181098E-2,2.128468515E1,1.859713373E1,-3.570485323E0,-1.037045248E1
3.308221375E0,9.827761253E-1,1.583134939E-1,-4.592893284E-2,-8.353754041E-2,2.129895936E1,1.863259638E1,-3.659417918E0,-1.031762836E1
3.318268375E0,9.827310282E-1,1.587123980E-1,-4.679036701E-2,-8.282997912E-2,2.132690523E1,1.868627757E1,-3.765461419E0,-1.025537977E1
3.328314375E0,9.826587042E-1,1.593536939E-1,-4.744089308E-2,-8.208338985E-2,2.137164769E1,1.876535933E1,-3.846049671E0,-1.018563253E1
3.338360375E0,9.825431797E-1,1.603508093E-1,-4.773937179E-2,-8.134746372E-2,2.144292427E1,1.888157256E1,-3.883255911E0,-1.011171211E1
3.348406375E0,9.823594616E-1,1.618339990E-1,-4.772348243E-2,-8.063623565E-2,2.155579532E1,1.905058857E1,-3.879818014E0,-1.003638344E1
3.358452375E0,9.821225120E-1,1.636344176E-1,-4.764177023E-2,-7.993432204E-2,2.170051359E1,1.925571919E1,-3.865819491E0,-9.962051889E0
3.368498375E0,9.818256296E-1,1.657158871E-1,-4.774727959E-2,-7.922650787E-2,2.188050133E1,1.949563767E1,-3.870455310E0,-9.891910534E0
3.378545375E0,9.814671707E-1,1.680365769E-1,-4.819981031E-2,-7.850297292E-2,2.209589031E1,1.976728077E1,-3.912349030E0,-9.828092245E0
3.388591375E0,9.810427940E-1,1.705498988E-1,-4.910796952E-2,-7.782141623E-2,2.234823715E1,2.006670214E1,-4.003026648E0,-9.779527395E0
3.398637375E0,9.805505610E-1,1.732430719E-1,-5.042856727E-2,-7.722996951E-2,2.263745435E1,2.039218184E1,-4.136704558E0,-9.751181428E0
3.408683375E0,9.799969621E-1,1.760663734E-1,-5.206726835E-2,-7.678325506E-2,2.295843118E1,2.073721931E1,-4.302005516E0,-9.747489642E0
3.418729375E0,9.793971282E-1,1.789484697E-1,-5.388800167E-2,-7.651747703E-2,2.330129088E1,2.109228454E1,-4.483392896E0,-9.769654998E0
3.428776375E0,9.787753779E-1,1.817942987E-1,-5.572567802E-2,-7.644827191E-2,2.365150388E1,2.144462280E1,-4.662725902E0,-9.815541745E0
3.438822375E0,9.781737316E-1,1.844645123E-1,-5.740036197E-2,-7.651279873E-2,2.398559357E1,2.177567554E1,-4.822390845E0,-9.873256293E0
3.448868375E0,9.776317232E-1,1.868296196E-1,-5.879214047E-2,-7.664412831E-2,2.428268834E1,2.206854156E1,-4.951666116E0,-9.931541233E0
3.458914375E0,9.771693301E-1,1.888457193E-1,-5.981356407E-2,-7.681014475E-2,2.453334146E1,2.231673518E1,-5.041968853E0,-9.984104974E0
3.468960375E0,9.768017674E-1,1.905071586E-1,-6.033252876E-2,-7.697641406E-2,2.473080430E1,2.251763463E1,-5.079431574E0,-1.002352249E1
3.479007375E0,9.765291616E-1,1.918711360E-1,-6.026517809E-2,-7.710041009E-2,2.487625755E1,2.267652501E1,-5.055157628E0,-1.004294061E1
3.489053375E0,9.763362976E-1,1.930420123E-1,-5.958213046E-2,-7.715048055E-2,2.497865968E1,2.280500678E1,-4.965611893E0,-1.003836397E1
3.499099375E0,9.762118801E-1,1.940613708E-1,-5.833903551E-2,-7.711752171E-2,2.504450114E1,2.290863447E1,-4.816882133E0,-1.001015393E1
3.509145375E0,9.761434336E-1,1.949366502E-1,-5.666680134E-2,-7.702285989E-2,2.508065033E1,2.299011302E1,-4.623094556E0,-9.963835208E0
3.519191542E0,9.761040263E-1,1.957291268E-1,-5.475500975E-2,-7.689595573E-2,2.510143959E1,2.305916304E1,-4.404171194E0,-9.907570827E0
3.529238542E0,9.760784853E-1,1.964592261E-1,-5.280263075E-2,-7.672357512E-2,2.511490466E1,2.312057444E1,-4.182461737E0,-9.844741128E0
3.539284542E0,9.760678643E-1,1.970990785E-1,-5.094698931E-2,-7.647145267E-2,2.512050190E1,2.317260868E1,-3.974387450E0,-9.774687835E0
3.549330542E0,9.760726691E-1,1.976369145E-1,-4.926533005E-2,-7.612348829E-2,2.511796997E1,2.321472481E1,-3.789064694E0,-9.697456040E0
3.559376542E0,9.760933210E-1,1.980623184E-1,-4.781046826E-2,-7.567909192E-2,2.510708423E1,2.324627093E1,-3.632499000E0,-9.614260926E0
3.569422542E0,9.761149002E-1,1.984369091E-1,-4.663091494E-2,-7.515394219E-2,2.509570478E1,2.327497481E1,-3.509132278E0,-9.528299021E0
3.579468542E0,9.761285137E-1,1.988081648E-1,-4.573821835E-2,-7.454150633E-2,2.508852334E1,2.330639609E1,-3.419943557E0,-9.439293171E0
3.589515542E0,9.761385867E-1,1.991615082E-1,-4.513917992E-2,-7.382715940E-2,2.508320821E1,2.333877606E1,-3.366180107E0,-9.345719263E0
3.599561542E0,9.761534224E-1,1.994693066E-1,-4.478797024E-2,-7.301018489E-2,2.507537806E1,2.336830844E1,-3.343001213E0,-9.246330737E0
3.609607542E0,9.761871399E-1,1.996766902E-1,-4.460680201E-2,-7.209728415E-2,2.505757330E1,2.338769576E1,-3.342059953E0,-9.139857013E0
3.619653542E0,9.762523411E-1,1.997155391E-1,-4.461892976E-2,-7.109254542E-2,2.502310799E1,2.338918846E1,-3.366464983E0,-9.027091921E0
3.629699542E0,9.763567810E-1,1.995221166E-1,-4.484792413E-2,-7.004941092E-2,2.496780355E1,2.336568915E1,-3.418135417E0,-8.914384208E0
3.639746542E0,9.765043792E-1,1.990951901E-1,-4.519841732E-2,-6.897314900E-2,2.488943908E1,2.331600577E1,-3.486218879E0,-8.800000608E0
3.649792542E0,9.767095923E-1,1.983921912E-1,-4.560265828E-2,-6.781777744E-2,2.478007989E1,2.323427159E1,-3.564496231E0,-8.676931689E0
3.659838542E0,9.769938306E-1,1.973436567E-1,-4.599483997E-2,-6.650515599E-2,2.462781813E1,2.311140133E1,-3.647885528E0,-8.534477251E0
3.669884542E0,9.773717614E-1,1.959017656E-1,-4.633747805E-2,-6.495942032E-2,2.442391966E1,2.294114266E1,-3.734119596E0,-8.362931282E0
3.679930542E0,9.778475993E-1,1.940446121E-1,-4.659534827E-2,-6.316354311E-2,2.416478988E1,2.272050966E1,-3.819483975E0,-8.159370454E0
3.689977542E0,9.784085317E-1,1.918294001E-1,-4.672488134E-2,-6.111415260E-2,2.385575947E1,2.245575613E1,-3.898264043E0,-7.922559203E0
3.700023542E0,9.790195767E-1,1.894169145E-1,-4.672848490E-2,-5.880796134E-2,2.351456739E1,2.216571195E1,-3.969059063E0,-7.652814300E0
3.710069542E0,9.796316333E-1,1.870324934E-1,-4.664501833E-2,-5.625757125E-2,2.316784575E1,2.187712166E1,-4.033853848E0,-7.353384286E0
3.720115542E0,9.802024280E-1,1.848835310E-1,-4.647632557E-2,-5.349050420E-2,2.283982142E1,2.161432700E1,-4.090576189E0,-7.028334203E0
3.730161542E0,9.806875804E-1,1.831782115E-1,-4.626832561E-2,-5.056606082E-2,2.255731467E1,2.140225388E1,-4.141756204E0,-6.686330825E0
3.740207542E0,9.810621394E-1,1.820559832E-1,-4.596965723E-2,-4.753456445E-2,2.233679504E1,2.125695423E1,-4.180012212E0,-6.332622658E0
3.750254542E0,9.813201203E-1,1.815672483E-1,-4.552332211E-2,-4.440520309E-2,2.218365170E1,2.118399513E1,-4.199002992E0,-5.967342385E0
3.760300542E0,9.814734084E-1,1.816514261E-1,-4.491932616E-2,-4.116971598E-2,2.209215994E1,2.117638555E1,-4.198792166E0,-5.589164622E0
3.770346542E0,9.815351957E-1,1.822162729E-1,-4.420386760E-2,-3.784053641E-2,2.205517551E1,2.122394927E1,-4.185452833E0,-5.200121020E0
3.780392542E0,9.815195170E-1,1.831576175E-1,-4.343028854E-2,-3.444619782E-2,2.206456617E1,2.131516233E1,-4.165472555E0,-4.804128005E0
3.790438542E0,9.814375836E-1,1.843867145E-1,-4.265964395E-2,-3.101628729E-2,2.211357587E1,2.144026161E1,-4.145962955E0,-4.405449371E0
3.800485542E0,9.812913340E-1,1.858680814E-1,-4.196277742E-2,-2.755923419E-2,2.220079161E1,2.159556444E1,-4.135225349E0,-4.006419946E0
3.810531542E0,9.810905043E-1,1.875486343E-1,-4.133911996E-2,-2.404389199E-2,2.232000780E1,2.177468814E1,-4.134385625E0,-3.603311929E0
3.820577542E0,9.808510680E-1,1.893569395E-1,-4.072365480E-2,-2.041433184E-2,2.246132505E1,2.196868353E1,-4.137858309E0,-3.188116470E0
3.830623542E0,9.805917385E-1,1.911841476E-1,-4.013920972E-2,-1.665243058E-2,2.261340000E1,2.216485691E1,-4.149146640E0,-2.758859894E0
3.840669542E0,9.803462752E-1,1.928013433E-1,-3.982376164E-2,-1.276396234E-2,2.275641943E1,2.233735344E1,-4.195526806E0,-2.320589963E0
3.850715542E0,9.801642008E-1,1.938836164E-1,-4.013444186E-2,-8.749137842E-3,2.286193489E1,2.244903701E1,-4.317543732E0,-1.880046135E0
3.860762542E0,9.800654929E-1,1.942879259E-1,-4.125468929E-2,-4.691913617E-3,2.291893758E1,2.248325151E1,-4.533469266E0,-1.450111425E0
3.870808542E0,9.800168133E-1,1.941944389E-1,-4.307160305E-2,-7.065497684E-4,2.294699805E1,2.246031794E1,-4.826997357E0,-1.041572251E0
3.880854542E0,9.799599572E-1,1.939421479E-1,-4.533014730E-2,3.178167406E-3,2.297972891E1,2.241877241E1,-5.167991964E0,-6.531999061E-1
3.890900542E0,9.798302714E-1,1.939533695E-1,-4.759959704E-2,6.994606685E-3,2.305421478E1,2.240661612E1,-5.508435863E0,-2.738301665E-1
3.900946542E0,9.795737235E-1,1.946046068E-1,-4.946558027E-2,1.084071735E-2,2.320086969E1,2.246666185E1,-5.804225737E0,1.143818663E-1
3.910993542E0,9.791459330E-1,1.961914567E-1,-5.062478719E-2,1.481179341E-2,2.344340252E1,2.263291637E1,-6.024286063E0,5.266861183E-1
3.921039542E0,9.785148682E-1,1.988874378E-1,-5.092485694E-2,1.895074038E-2,2.379673042E1,2.292608121E1,-6.153909082E0,9.699539551E-1
3.931085542E0,9.776750923E-1,2.026729044E-1,-5.033211947E-2,2.327589212E-2,2.425904807E1,2.334488398E1,-6.191490500E0,1.447327050E0
3.941131542E0,9.767006150E-1,2.070917328E-1,-4.896090863E-2,2.778067373E-2,2.478487387E1,2.383721173E1,-6.150855224E0,1.959026289E0
3.951177542E0,9.756571433E-1,2.117295983E-1,-4.705042887E-2,3.240173849E-2,2.533601765E1,2.435599194E1,-6.057759915E0,2.495745000E0
3.961223542E0,9.746253463E-1,2.161405294E-1,-4.489062415E-2,3.706044039E-2,2.586963668E1,2.484991186E1,-5.942111886E0,3.044992852E0
3.971270542E0,9.736791074E-1,2.199623266E-1,-4.275404762E-2,4.168652063E-2,2.634966800E1,2.527670678E1,-5.831104208E0,3.594483518E0
3.981316542E0,9.728859459E-1,2.229029439E-1,-4.084316219E-2,4.625039212E-2,2.674552088E1,2.560155049E1,-5.744363124E0,4.137306597E0
3.991362542E0,9.722896101E-1,2.248078445E-1,-3.919147988E-2,5.077734297E-2,2.703939379E1,2.580546013E1,-5.683962775E0,4.675956255E0
4.001408542E0,9.718949049E-1,2.256846570E-1,-3.776945575E-2,5.531853946E-2,2.723219166E1,2.588862215E1,-5.646177701E0,5.216579275E0
4.011454542E0,9.716925157E-1,2.255826405E-1,-3.651520769E-2,5.993842411E-2,2.733053317E1,2.585633518E1,-5.624315093E0,5.767550236E0
4.021501542E0,9.716208661E-1,2.247764451E-1,-3.535320854E-2,6.464209670E-2,2.736526485E1,2.574105673E1,-5.610188453E0,6.329737414E0
4.031547542E0,9.716060725E-1,2.235691802E-1,-3.426846456E-2,6.945615188E-2,2.737243054E1,2.557837319E1,-5.603713694E0,6.904788865E0
4.041593542E0,9.715878651E-1,2.222014096E-1,-3.326709759E-2,7.441093540E-2,2.738124732E1,2.539636446E1,-5.607446587E0,7.494654586E0
4.051639542E0,9.715356030E-1,2.207898800E-1,-3.237070787E-2,7.951483446E-2,2.740653930E1,2.520847792E1,-5.624631048E0,8.099179623E0
4.061685542E0,9.714385809E-1,2.193881812E-1,-3.161250714E-2,8.471533409E-2,2.745343202E1,2.502089258E1,-5.657999712E0,8.711461495E0
4.071731542E0,9.713029102E-1,2.180080194E-1,-3.099964982E-2,8.990129307E-2,2.751887301E1,2.483526198E1,-5.705686453E0,9.318861027E0
4.081778542E0,9.711441852E-1,2.166364135E-1,-3.048611154E-2,9.496489974E-2,2.759524109E1,2.465074358E1,-5.759816623E0,9.910483134E0
4.091824542E0,9.709674213E-1,2.152961331E-1,-2.997972770E-2,9.985486140E-2,2.768004511E1,2.447090399E1,-5.809163412E0,1.048260068E1
4.101870542E0,9.707773390E-1,2.139891699E-1,-2.935377324E-2,1.045866881E-1,2.777095542E1,2.429704026E1,-5.840113037E0,1.103986211E1
4.111916542E0,9.705713674E-1,2.126939656E-1,-2.850037331E-2,1.092716896E-1,2.786913688E1,2.412725323E1,-5.843186167E0,1.159735769E1
4.121962542E0,9.703412034E-1,2.114023755E-1,-2.736900438E-2,1.140090375E-1,2.797845063E1,2.396095926E1,-5.815078046E0,1.216737356E1
4.132008542E0,9.700719694E-1,2.101519733E-1,-2.599230919E-2,1.188319857E-1,2.810579147E1,2.380253960E1,-5.760728980E0,1.275257605E1
4.142055542E0,9.697444462E-1,2.090222270E-1,-2.448823568E-2,1.237168476E-1,2.825994349E1,2.366054334E1,-5.693899574E0,1.334707625E1
4.152101542E0,9.693416488E-1,2.080993691E-1,-2.300337060E-2,1.286167981E-1,2.844840198E1,2.354375541E1,-5.631290409E0,1.394179226E1
4.162147542E0,9.688516917E-1,2.074587686E-1,-2.163124833E-2,1.334888473E-1,2.867600494E1,2.345992556E1,-5.583817553E0,1.452941688E1
4.172193542E0,9.682785788E-1,2.070957894E-1,-2.044906084E-2,1.383100253E-1,2.894001261E1,2.340732508E1,-5.559973902E0,1.510575520E1
4.182239542E0,9.677098914E-1,2.069656399E-1,-1.963328752E-2,1.425391665E-1,2.919967227E1,2.338076178E1,-5.566447292E0,1.560565389E1
4.192286542E0,9.670919343E-1,2.070145724E-1,-1.909226949E-2,1.466755425E-1,2.947929123E1,2.337201823E1,-5.604203203E0,1.608822920E1
4.202332542E0,9.664390375E-1,2.071722333E-1,-1.880412203E-2,1.507372765E-1,2.977192970E1,2.337271574E1,-5.670259405E0,1.655643983E1
4.212378542E0,9.657777956E-1,2.073653712E-1,-1.877834923E-2,1.546618646E-1,3.006547048E1,2.337418608E1,-5.763037151E0,1.700337588E1
4.222424542E0,9.651259103E-1,2.075342642E-1,-1.897017007E-2,1.584347240E-1,3.035214230E1,2.336995647E1,-5.876150067E0,1.742870409E1
4.232470542E0,9.644851096E-1,2.076426975E-1,-1.933131588E-2,1.621085805E-1,3.063138571E1,2.335607785E1,-6.004746924E0,1.783973348E1
4.242516542E0,9.638626428E-1,2.076710307E-1,-1.983304250E-2,1.656745832E-1,3.090028087E1,2.333063765E1,-6.144959128E0,1.823623500E1
4.252563542E0,9.632702688E-1,2.076103708E-1,-2.045010398E-2,1.690858227E-1,3.115407327E1,2.329320709E1,-6.292597649E0,1.861348836E1
4.262609542E0,9.627004856E-1,2.075156458E-1,-2.109787996E-2,1.723369041E-1,3.139629901E1,2.325158615E1,-6.439100546E0,1.897237836E1
4.272655542E0,9.621466760E-1,2.074523939E-1,-2.171348737E-2,1.754019915E-1,3.163000075E1,2.321466394E1,-6.578145988E0,1.931084081E1
4.282701542E0,9.616101887E-1,2.074703695E-1,-2.225627556E-2,1.782316045E-1,3.185479916E1,2.318934637E1,-6.705107837E0,1.962366781E1
4.292747542E0,9.610754295E-1,2.076303379E-1,-2.274503149E-2,1.808488395E-1,3.207734608E1,2.318234708E1,-6.823936686E0,1.991260259E1
4.302793542E0,9.605376357E-1,2.079692196E-1,-2.321321975E-2,1.832415161E-1,3.229964979E1,2.319753870E1,-6.938940736E0,2.017518155E1
4.312840542E0,9.599963859E-1,2.085170760E-1,-2.366656179E-2,1.853847676E-1,3.252188847E1,2.323855511E1,-7.050920838E0,2.040811200E1
4.322886542E0,9.594561055E-1,2.092768151E-1,-2.413649915E-2,1.872553712E-1,3.274226509E1,2.330540757E1,-7.162983287E0,2.060792821E1
4.332932542E0,9.588031665E-1,2.102288597E-1,-2.453258470E-2,1.894688394E-1,3.300668418E1,2.339326231E1,-7.279371066E0,2.084739213E1
4.342978542E0,9.583031363E-1,2.112658829E-1,-2.517068799E-2,1.907571000E-1,3.320779590E1,2.349275840E1,-7.402752285E0,2.097462163E1
4.353024542E0,9.578628703E-1,2.122930648E-1,-2.599866283E-2,1.917147607E-1,3.338389560E1,2.358981771E1,-7.539272724E0,2.105970982E1
4.363071542E0,9.574981315E-1,2.132068190E-1,-2.704751876E-2,1.923760447E-1,3.352910490E1,2.367168884E1,-7.690834992E0,2.110666064E1
4.373117542E0,9.572020499E-1,2.139458219E-1,-2.821037138E-2,1.928612814E-1,3.364653283E1,2.373243661E1,-7.847089041E0,2.113209538E1
4.383163542E0,9.569775757E-1,2.145039199E-1,-2.934303633E-2,1.931862336E-1,3.373529618E1,2.377394700E1,-7.992279580E0,2.114101690E1
4.393209542E0,9.568249199E-1,2.148963703E-1,-3.026655807E-2,1.933635875E-1,3.379553127E1,2.380121939E1,-8.107212695E0,2.113864464E1
4.403255542E0,9.567414270E-1,2.151139323E-1,-3.091262711E-2,1.934324976E-1,3.382843192E1,2.381412636E1,-8.185059410E0,2.113106542E1
4.413301542E0,9.567689910E-1,2.149980496E-1,-3.165078702E-2,1.933058042E-1,3.381757365E1,2.378813709E1,-8.261179832E0,2.110167744E1
4.423348542E0,9.569582303E-1,2.143197276E-1,-3.302722933E-2,1.928915850E-1,3.374293528E1,2.368745053E1,-8.388953816E0,2.103027800E1
4.433394542E0,9.573426939E-1,2.128666202E-1,-3.528624773E-2,1.921916101E-1,3.359080219E1,2.348321767E1,-8.591254485E0,2.091419423E1
4.443440542E0,9.579341406E-1,2.105267378E-1,-3.824695320E-2,1.912534634E-1,3.335544984E1,2.316576276E1,-8.847442247E0,2.076469482E1
4.453486542E0,9.587213173E-1,2.072819257E-1,-4.134644298E-2,1.902055663E-1,3.303968530E1,2.274227240E1,-9.098474928E0,2.060946843E1
4.463532542E0,9.596792309E-1,2.032447897E-1,-4.389103262E-2,1.891588072E-1,3.265142919E1,2.223709135E1,-9.272706851E0,2.047466675E1
4.473578542E0,9.607292775E-1,1.986989834E-1,-4.525239163E-2,1.883353421E-1,3.222060356E1,2.169196873E1,-9.311081066E0,2.039479223E1
4.483625542E0,9.617638140E-1,1.941050085E-1,-4.502426127E-2,1.878999651E-1,3.179058549E1,2.116602239E1,-9.180781020E0,2.039040982E1
4.493671542E0,9.626476334E-1,1.900348031E-1,-4.308169195E-2,1.879903280E-1,3.141867518E1,2.072720439E1,-8.881674414E0,2.047243285E1
4.503717542E0,9.632634410E-1,1.869968688E-1,-3.974449395E-2,1.886165037E-1,3.115698677E1,2.042978762E1,-8.459496933E0,2.063075406E1
4.513763375E0,9.635500817E-1,1.852361473E-1,-3.571286867E-2,1.896930606E-1,3.103444454E1,2.029115995E1,-7.995672038E0,2.084160214E1
4.523809375E0,9.634897275E-1,1.848289087E-1,-3.171974453E-2,1.911008497E-1,3.106028589E1,2.030785584E1,-7.571609494E0,2.107918413E1
4.533855375E0,9.630990262E-1,1.857721182E-1,-2.840004274E-2,1.926715784E-1,3.122706436E1,2.046835395E1,-7.255264769E0,2.131419362E1
4.543902375E0,9.623940780E-1,1.880357201E-1,-2.610032102E-2,1.943169071E-1,3.152580841E1,2.076225625E1,-7.083438069E0,2.153098963E1
4.553948375E0,9.614077996E-1,1.914019204E-1,-2.493226853E-2,1.960582041E-1,3.193920364E1,2.116131742E1,-7.064810389E0,2.173107759E1
4.563994375E0,9.602048442E-1,1.955716398E-1,-2.486638774E-2,1.978387399E-1,3.243647036E1,2.163153723E1,-7.188664278E0,2.190928701E1
4.574040375E0,9.588486429E-1,2.001628910E-1,-2.570679063E-2,1.997078683E-1,3.298833447E1,2.213214730E1,-7.426026682E0,2.207626968E1
4.584086375E0,9.574108875E-1,2.047702844E-1,-2.720807718E-2,2.017258173E-1,3.356374791E1,2.262061648E1,-7.742054735E0,2.224557031E1
4.594132375E0,9.559719941E-1,2.090972695E-1,-2.915378644E-2,2.038281864E-1,3.413018017E1,2.306721883E1,-8.104572538E0,2.241575780E1
4.604179375E0,9.545890717E-1,2.129444022E-1,-3.133184074E-2,2.059920056E-1,3.466611302E1,2.345300095E1,-8.484841979E0,2.259010934E1
4.614225375E0,9.532950370E-1,2.162038498E-1,-3.349001227E-2,2.082372947E-1,3.516042481E1,2.376999128E1,-8.852723309E0,2.277752328E1
4.624271375E0,9.521194350E-1,2.189286014E-1,-3.535479958E-2,2.104491191E-1,3.560373254E1,2.403050372E1,-9.176171982E0,2.297063589E1
4.634317375E0,9.510613805E-1,2.212004430E-1,-3.662316684E-2,2.126297971E-1,3.599819619E1,2.424998211E1,-9.423428936E0,2.317599485E1
4.644363375E0,9.501345713E-1,2.230772843E-1,-3.704815459E-2,2.147287101E-1,3.634032639E1,2.444068211E1,-9.567164658E0,2.339297227E1
4.654409375E0,9.493358885E-1,2.246205544E-1,-3.651942237E-2,2.167332142E-1,3.663268147E1,2.461246208E1,-9.596229835E0,2.362233962E1
4.664456375E0,9.486498221E-1,2.259053273E-1,-3.512909267E-2,2.186234161E-1,3.688202641E1,2.477293893E1,-9.522029257E0,2.385951921E1
4.674502375E0,9.480240257E-1,2.270404473E-1,-3.304767056E-2,2.204792261E-1,3.710805610E1,2.493114511E1,-9.368025821E0,2.410943230E1
4.684548375E0,9.474265941E-1,2.281228732E-1,-3.050182178E-2,2.222888854E-1,3.732260830E1,2.509427117E1,-9.161325252E0,2.436518553E1
4.694594375E0,9.468525119E-1,2.292194078E-1,-2.769252359E-2,2.239686480E-1,3.752766045E1,2.526692089E1,-8.923604709E0,2.461231643E1
4.704640375E0,9.462725291E-1,2.303565403E-1,-2.473163373E-2,2.255938726E-1,3.773372921E1,2.544926072E1,-8.669800269E0,2.485703882E1
4.714686375E0,9.457020715E-1,2.315001002E-1,-2.166206822E-2,2.271254470E-1,3.793536124E1,2.563679292E1,-8.402769864E0,2.509428984E1
4.724733375E0,9.451292958E-1,2.326075824E-1,-1.845308093E-2,2.286567263E-1,3.813677935E1,2.582459329E1,-8.120513045E0,2.533603856E1
4.734779375E0,9.445595126E-1,2.336457014E-1,-1.515319342E-2,2.301897336E-1,3.833613406E1,2.600783193E1,-7.827545568E0,2.558172886E1
4.744825375E0,9.440140902E-1,2.345212600E-1,-1.177560820E-2,2.317293158E-1,3.852603523E1,2.617550501E1,-7.522965857E0,2.583231785E1
4.754871375E0,9.435034390E-1,2.352017104E-1,-8.391205731E-3,2.332617752E-1,3.870301739E1,2.632241359E1,-7.213177065E0,2.608468824E1
4.764917375E0,9.430180338E-1,2.357010346E-1,-5.062858567E-3,2.348113884E-1,3.887053123E1,2.644857402E1,-6.905913934E0,2.633988448E1
4.774963375E0,9.425549453E-1,2.360007409E-1,-1.892783356E-3,2.364111774E-1,3.902969919E1,2.654917756E1,-6.612538218E0,2.659917698E1
4.785010375E0,9.421210645E-1,2.360848238E-1,1.018194103E-3,2.380563586E-1,3.917826419E1,2.661985328E1,-6.343243467E0,2.685939470E1
4.795056375E0,9.417258114E-1,2.359529042E-1,3.576971423E-3,2.397206533E-1,3.931313318E1,2.665820333E1,-6.107170807E0,2.711493528E1
4.805102375E0,9.413861499E-1,2.355475358E-1,5.723657932E-3,2.414057265E-1,3.942867902E1,2.665579068E1,-5.908995410E0,2.736456874E1
4.815148375E0,9.411225635E-1,2.347909893E-1,7.447896041E-3,2.431172257E-1,3.951812212E1,2.660305728E1,-5.747503112E0,2.760887804E1
4.825194375E0,9.409573479E-1,2.336431410E-1,8.759674554E-3,2.448128777E-1,3.957408599E1,2.649559932E1,-5.618989340E0,2.784326227E1
4.835240375E0,9.409020512E-1,2.321064247E-1,9.739609855E-3,2.464446351E-1,3.959279980E1,2.633581968E1,-5.513180183E0,2.806403463E1
4.845287375E0,9.409451042E-1,2.302399621E-1,1.055876547E-2,2.479925413E-1,3.957823029E1,2.613497447E1,-5.412479297E0,2.827270575E1
4.855333375E0,9.410529791E-1,2.281267191E-1,1.133947261E-2,2.494972049E-1,3.954170189E1,2.590560252E1,-5.306978773E0,2.847646109E1
4.865379375E0,9.411894084E-1,2.258378818E-1,1.216197890E-2,2.510213614E-1,3.949545796E1,2.565775415E1,-5.191613732E0,2.868407056E1
4.875425375E0,9.413214545E-1,2.234501996E-1,1.306900015E-2,2.526126999E-1,3.945065023E1,2.540124821E1,-5.065150849E0,2.890163637E1
4.885471375E0,9.414171911E-1,2.211161388E-1,1.408995487E-2,2.542497046E-1,3.941813296E1,2.515453920E1,-4.928261972E0,2.912657293E1
4.895517375E0,9.414376112E-1,2.190501319E-1,1.520871136E-2,2.558927363E-1,3.941119386E1,2.494191708E1,-4.788082389E0,2.935291670E1
4.905564375E0,9.413607775E-1,2.173880814E-1,1.637368186E-2,2.575156850E-1,3.943729714E1,2.477751954E1,-4.653785412E0,2.957592392E1
4.915610375E0,9.411809791E-1,2.161662970E-1,1.745435867E-2,2.591254417E-1,3.949831668E1,2.466164237E1,-4.541028678E0,2.979337968E1
4.925656375E0,9.409117239E-1,2.153230123E-1,1.824483335E-2,2.607454190E-1,3.958952692E1,2.458106597E1,-4.471053014E0,3.000368254E1
4.935702375E0,9.404265505E-1,2.147162241E-1,1.871936472E-2,2.629531342E-1,3.975337240E1,2.451611656E1,-4.457076858E0,3.027424902E1
4.945748375E0,9.399168897E-1,2.141763862E-1,1.862640984E-2,2.652129850E-1,3.992479238E1,2.444224234E1,-4.507532861E0,3.053779074E1
4.955794375E0,9.394165013E-1,2.135475447E-1,1.785313107E-2,2.675358875E-1,4.009240964E1,2.433793500E1,-4.629964728E0,3.079386113E1
4.965841375E0,9.389336248E-1,2.127049660E-1,1.640964366E-2,2.699833971E-1,4.025352618E1,2.418861658E1,-4.820736353E0,3.105083823E1
4.975887375E0,9.384279259E-1,2.116323919E-1,1.446024655E-2,2.726826709E-1,4.042159770E1,2.399627770E1,-5.064501871E0,3.132798703E1
4.985933375E0,9.378288927E-1,2.104308274E-1,1.234373718E-2,2.757597702E-1,4.061982699E1,2.378138775E1,-5.330699252E0,3.164772928E1
4.995979375E0,9.370917865E-1,2.092295158E-1,1.047507236E-2,2.792353258E-1,4.086248263E1,2.357059278E1,-5.578897075E0,3.202121327E1
5.006025375E0,9.362265327E-1,2.080721949E-1,9.073826626E-3,2.830255708E-1,4.114557624E1,2.337591465E1,-5.784617287E0,3.244297122E1
5.016071375E0,9.352744565E-1,2.069081727E-1,7.978271983E-3,2.870311862E-1,4.145493876E1,2.318747908E1,-5.961170459E0,3.289795460E1
5.026117375E0,9.342704764E-1,2.056967142E-1,6.952617887E-3,2.911687845E-1,4.177879363E1,2.299404584E1,-6.130517612E0,3.337159403E1
5.036164375E0,9.332224950E-1,2.044498946E-1,5.996147844E-3,2.953982629E-1,4.211430350E1,2.279723256E1,-6.292073806E0,3.385911174E1
5.046210375E0,9.320998926E-1,2.032269089E-1,5.396788048E-3,2.997658354E-1,4.247089559E1,2.261275220E1,-6.417950936E0,3.437139824E1
5.056256375E0,9.308514819E-1,2.021585917E-1,5.578778140E-3,3.043291801E-1,4.286412642E1,2.246927603E1,-6.468646295E0,3.492269438E1
5.066302375E0,9.294196692E-1,2.014411048E-1,6.910850360E-3,3.091162191E-1,4.331093599E1,2.240206786E1,-6.412818771E0,3.552211136E1
5.076348375E0,9.277512440E-1,2.012946340E-1,9.553784400E-3,3.141128123E-1,4.382610984E1,2.244324368E1,-6.242190151E0,3.616995606E1
5.086394375E0,9.258094334E-1,2.018443237E-1,1.330608671E-2,3.193099613E-1,4.441854234E1,2.260221557E1,-5.984764416E0,3.686140457E1
5.096441375E0,9.236185770E-1,2.030475003E-1,1.771343535E-2,3.246331714E-1,4.507807689E1,2.286060027E1,-5.687979759E0,3.758014406E1
5.106487375E0,9.212564568E-1,2.048257285E-1,2.229643097E-2,3.299028341E-1,4.577907187E1,2.319437222E1,-5.397433301E0,3.829654956E1
5.116533375E0,9.188178402E-1,2.070638421E-1,2.656003777E-2,3.349521108E-1,4.649226887E1,2.357318573E1,-5.158157305E0,3.898129987E1
5.126579375E0,9.164105808E-1,2.095580610E-1,2.997678795E-2,3.396740751E-1,4.718630171E1,2.395390220E1,-5.015244263E0,3.961059983E1
5.136625375E0,9.141336605E-1,2.120333033E-1,3.220905364E-2,3.440408890E-1,4.783401316E1,2.429131316E1,-4.991588501E0,4.017347819E1
5.146671375E0,9.120419335E-1,2.142192917E-1,3.323918584E-2,3.481160467E-1,4.842185087E1,2.455251868E1,-5.078198178E0,4.067686380E1
5.156718375E0,9.101259167E-1,2.159225934E-1,3.332596620E-2,3.520476944E-1,4.895448384E1,2.472400192E1,-5.242337975E0,4.114442016E1
5.166764375E0,9.084486828E-1,2.170655527E-1,3.265279673E-2,3.557207501E-1,4.941631268E1,2.480415211E1,-5.457228670E0,4.156666253E1
5.176810375E0,9.070814812E-1,2.176684001E-1,3.168820288E-2,3.589145119E-1,4.978980180E1,2.481466539E1,-5.667835371E0,4.192760672E1
5.186856375E0,9.060113306E-1,2.177795835E-1,3.071684447E-2,3.616242592E-1,5.008032283E1,2.477250391E1,-5.845662313E0,4.223287930E1
5.196902375E0,9.051584891E-1,2.175079365E-1,2.991427364E-2,3.639830076E-1,5.031072532E1,2.469631124E1,-5.980159295E0,4.250188463E1
5.206948375E0,9.044229423E-1,2.170166834E-1,2.932237384E-2,3.661463210E-1,5.050865022E1,2.460516188E1,-6.077873240E0,4.275345304E1
5.216994375E0,9.037127890E-1,2.165158313E-1,2.896479997E-2,3.682189977E-1,5.069905691E1,2.452273344E1,-6.148098882E0,4.299963141E1
5.227041375E0,9.029382774E-1,2.162147448E-1,2.890989317E-2,3.702944981E-1,5.090596094E1,2.447442516E1,-6.195343678E0,4.325207891E1
5.237087375E0,9.020239016E-1,2.162141126E-1,2.926569686E-2,3.724887052E-1,5.114922276E1,2.447515879E1,-6.216054335E0,4.352664242E1
5.247133375E0,9.009655520E-1,2.165263259E-1,3.008618010E-2,3.747962873E-1,5.142944716E1,2.452878614E1,-6.205414445E0,4.382382033E1
5.257179375E0,8.997712789E-1,2.170946129E-1,3.143249795E-2,3.772182981E-1,5.174396172E1,2.463193223E1,-6.155085574E0,4.414551290E1
5.267225375E0,8.984455498E-1,2.178058831E-1,3.324622436E-2,3.798037965E-1,5.209102393E1,2.476988712E1,-6.067910477E0,4.449727096E1
5.277271375E0,8.970624167E-1,2.186407174E-1,3.517398960E-2,3.824107899E-1,5.245083611E1,2.492686602E1,-5.976157899E0,4.485433215E1
5.287318375E0,8.957500903E-1,2.195960916E-1,3.706504494E-2,3.847537753E-1,5.279012071E1,2.509787252E1,-5.887689620E0,4.517854464E1
5.297364375E0,8.945349756E-1,2.206241902E-1,3.893568012E-2,3.868023861E-1,5.310247757E1,2.527841721E1,-5.797752468E0,4.546672534E1
5.307410375E0,8.933978536E-1,2.216213320E-1,4.076001700E-2,3.886679742E-1,5.339325007E1,2.545529826E1,-5.707177748E0,4.573230612E1
5.317456375E0,8.923128040E-1,2.225275314E-1,4.259388960E-2,3.904422933E-1,5.366934570E1,2.562380937E1,-5.609860389E0,4.598801211E1
5.327502375E0,8.912813864E-1,2.232238289E-1,4.447752709E-2,3.921865828E-1,5.393058088E1,2.577241297E1,-5.497757712E0,4.624276289E1
5.337548375E0,8.903314596E-1,2.235739006E-1,4.635272467E-2,3.939238970E-1,5.417014493E1,2.588366324E1,-5.370955358E0,4.649854094E1
5.347594375E0,8.894876797E-1,2.235179138E-1,4.817913201E-2,3.956389365E-1,5.438212122E1,2.594943163E1,-5.230073596E0,4.675261867E1
5.357641375E0,8.887643344E-1,2.230721582E-1,4.988838691E-2,3.973007235E-1,5.456323585E1,2.596867197E1,-5.081657444E0,4.699930529E1
5.367687375E0,8.881612973E-1,2.223104119E-1,5.135973866E-2,3.988856136E-1,5.471380396E1,2.594408299E1,-4.940512027E0,4.723228760E1
5.377733375E0,8.876795378E-1,2.213543106E-1,5.249039110E-2,4.003399538E-1,5.483381691E1,2.588434118E1,-4.821091157E0,4.744184060E1
5.387779375E0,8.873147989E-1,2.203063766E-1,5.321038044E-2,4.016293945E-1,5.492451745E1,2.579730116E1,-4.734253343E0,4.762154959E1
5.397825375E0,8.870694621E-1,2.191816933E-1,5.344646074E-2,4.027538303E-1,5.498544835E1,2.568099337E1,-4.688075598E0,4.776954472E1
5.407871375E0,8.869477210E-1,2.179310909E-1,5.309354411E-2,4.037460725E-1,5.501566042E1,2.552491080E1,-4.691764134E0,4.788758351E1
5.417918375E0,8.869452132E-1,2.165049100E-1,5.204732762E-2,4.046539788E-1,5.501628260E1,2.531852046E1,-4.754868709E0,4.797951746E1
5.427964375E0,8.870534674E-1,2.148882043E-1,5.030157881E-2,4.054983277E-1,5.498941858E1,2.505975029E1,-4.877936026E0,4.804837184E1
5.438010375E0,8.872335187E-1,2.131282152E-1,4.813358707E-2,4.062957461E-1,5.494471079E1,2.476634651E1,-5.035600691E0,4.810317707E1
5.448056375E0,8.874274785E-1,2.114083603E-1,4.597886105E-2,4.070196604E-1,5.489651188E1,2.447824163E1,-5.191734258E0,4.815029065E1
5.458102375E0,8.875945276E-1,2.100327926E-1,4.415076257E-2,4.075696135E-1,5.485496897E1,2.424315697E1,-5.326437004E0,4.818293425E1
5.468148375E0,8.876782312E-1,2.093265325E-1,4.278455667E-2,4.078961673E-1,5.483414206E1,2.410261042E1,-5.440334844E0,4.819611379E1
5.478194375E0,8.876389714E-1,2.094896461E-1,4.197920942E-2,4.079816200E-1,5.484391148E1,2.408281973E1,-5.532541918E0,4.818841891E1
5.488241375E0,8.874944499E-1,2.104934523E-1,4.165489469E-2,4.078124847E-1,5.487986046E1,2.417717011E1,-5.609432444E0,4.815619506E1
5.498287375E0,8.872873403E-1,2.120574113E-1,4.168899676E-2,4.074492632E-1,5.493134007E1,2.434954429E1,-5.671514725E0,4.810534957E1
5.508333375E0,8.872767825E-1,2.138483520E-1,4.191223281E-2,4.065121912E-1,5.493396315E1,2.455855872E1,-5.709712323E0,4.798670681E1
5.518379125E0,8.872995207E-1,2.155377241E-1,4.239192717E-2,4.055194011E-1,5.492831371E1,2.476875413E1,-5.715030694E0,4.786742595E1
5.528425125E0,8.873792415E-1,2.169229172E-1,4.309934621E-2,4.045304043E-1,5.490850241E1,2.495643847E1,-5.682331743E0,4.775526374E1
5.538471125E0,8.875276405E-1,2.179062717E-1,4.395026474E-2,4.035838282E-1,5.487160639E1,2.510687248E1,-5.616686790E0,4.765362199E1
5.548518125E0,8.877609023E-1,2.184174023E-1,4.493054249E-2,4.026854892E-1,5.481356490E1,2.521166015E1,-5.516469897E0,4.756320689E1
5.558564125E0,8.880725361E-1,2.184687688E-1,4.598774350E-2,4.018503072E-1,5.473593386E1,2.526964445E1,-5.388159901E0,4.748455180E1
5.568610125E0,8.884538807E-1,2.181273688E-1,4.695976573E-2,4.010795257E-1,5.464079868E1,2.528074723E1,-5.251614054E0,4.741365082E1
5.578656125E0,8.889570930E-1,2.174548473E-1,4.754656050E-2,4.002599591E-1,5.451502634E1,2.523873239E1,-5.137330126E0,4.732918164E1
5.588702125E0,8.896158061E-1,2.164518682E-1,4.754975312E-2,3.993386712E-1,5.434998221E1,2.513503150E1,-5.064272108E0,4.721988458E1
5.598748125E0,8.904200101E-1,2.150727812E-1,4.696300577E-2,3.983596420E-1,5.414785461E1,2.496429874E1,-5.032398188E0,4.709126244E1
5.608794125E0,8.913142188E-1,2.132834262E-1,4.588985218E-2,3.974457930E-1,5.392228321E1,2.472702107E1,-5.033181193E0,4.696118915E1
5.618841125E0,8.921700527E-1,2.111234107E-1,4.458782012E-2,3.968268244E-1,5.370557157E1,2.443799245E1,-5.048503143E0,4.686393229E1
5.628887125E0,8.929232379E-1,2.087224207E-1,4.327143706E-2,3.965485498E-1,5.351418044E1,2.412065369E1,-5.063571749E0,4.680962167E1
5.638933125E0,8.935109125E-1,2.061856967E-1,4.218880043E-2,3.966685208E-1,5.336440562E1,2.379717441E1,-5.059052998E0,4.681041360E1
5.648979125E0,8.938855769E-1,2.037127462E-1,4.162064511E-2,3.971616600E-1,5.326871494E1,2.350182146E1,-5.014370386E0,4.686833131E1
5.659025125E0,8.940113853E-1,2.016606319E-1,4.170275244E-2,3.979165522E-1,5.323654728E1,2.327993549E1,-4.929087870E0,4.697086868E1
5.669071125E0,8.938627544E-1,2.003330589E-1,4.233340627E-2,3.988533291E-1,5.327454845E1,2.316026507E1,-4.825797364E0,4.710470723E1
5.679117125E0,8.934845496E-1,1.999226065E-1,4.332761355E-2,3.997986619E-1,5.337113280E1,2.315615860E1,-4.728398235E0,4.724397451E1
5.689164125E0,8.929243970E-1,2.004825854E-1,4.450838385E-2,4.006390911E-1,5.351388543E1,2.326585892E1,-4.655077702E0,4.737098202E1
5.699210125E0,8.921751524E-1,2.020055354E-1,4.565122199E-2,4.014138766E-1,5.370427780E1,2.347811099E1,-4.629830582E0,4.748596355E1
5.709256125E0,8.913178645E-1,2.043961521E-1,4.649476482E-2,4.020112028E-1,5.392136177E1,2.377125333E1,-4.672253342E0,4.756972630E1
5.719302125E0,8.904392923E-1,2.074058638E-1,4.683496891E-2,4.023768478E-1,5.414299969E1,2.410950559E1,-4.789960959E0,4.761157423E1
5.729348125E0,8.896232661E-1,2.106744151E-1,4.660075887E-2,4.025109380E-1,5.434811041E1,2.445096722E1,-4.972826707E0,4.761071726E1
5.739394125E0,8.889266209E-1,2.138226214E-1,4.587409979E-2,4.024735538E-1,5.452265014E1,2.475835885E1,-5.195737046E0,4.757744696E1
5.749440125E0,8.883552782E-1,2.165815699E-1,4.491791951E-2,4.023677652E-1,5.466541200E1,2.501411143E1,-5.421664350E0,4.753142978E1
5.759487125E0,8.878336266E-1,2.188363525E-1,4.402962199E-2,4.023971415E-1,5.479545762E1,2.521800160E1,-5.620345077E0,4.750519734E1
5.769533125E0,8.875867725E-1,2.206006723E-1,4.329859544E-2,4.020575644E-1,5.485689819E1,2.537827553E1,-5.769450142E0,4.743889537E1
5.779579125E0,8.875131631E-1,2.218523283E-1,4.296633076E-2,4.015665747E-1,5.487520688E1,2.550202573E1,-5.849201441E0,4.736520831E1
5.789625125E0,8.875981943E-1,2.226273351E-1,4.311619442E-2,4.009332972E-1,5.485405677E1,2.559664889E1,-5.853067245E0,4.728724295E1
5.799671125E0,8.877927442E-1,2.230111243E-1,4.375322296E-2,4.002194982E-1,5.480563742E1,2.567109105E1,-5.786346330E0,4.721250599E1
5.809717125E0,8.880318222E-1,2.231351941E-1,4.484350925E-2,3.994985974E-1,5.474608185E1,2.573757235E1,-5.660830364E0,4.714881153E1
5.819763125E0,8.882973895E-1,2.231340350E-1,4.633519158E-2,3.987378889E-1,5.467985749E1,2.580852519E1,-5.487300857E0,4.709049925E1
5.829810125E0,8.885345920E-1,2.231253739E-1,4.821902927E-2,3.979903724E-1,5.462064381E1,2.589602765E1,-5.273782379E0,4.704358656E1
5.839856125E0,8.887336515E-1,2.231894634E-1,5.043742337E-2,3.972342158E-1,5.457090611E1,2.600636972E1,-5.029354367E0,4.700397294E1
5.849902125E0,8.889007216E-1,2.233419560E-1,5.287622442E-2,3.964568593E-1,5.452912907E1,2.613624011E1,-4.766056051E0,4.696760813E1
5.859948125E0,8.889143772E-1,2.235412895E-1,5.550511302E-2,3.959543003E-1,5.452571309E1,2.627844882E1,-4.493481912E0,4.697039381E1
5.869994125E0,8.890007150E-1,2.237998130E-1,5.810045800E-2,3.952414074E-1,5.450411089E1,2.642660714E1,-4.221200029E0,4.694743902E1
5.880040125E0,8.890506169E-1,2.240884504E-1,6.066707990E-2,3.945794490E-1,5.449162156E1,2.657656016E1,-3.954782770E0,4.693095506E1
5.890087125E0,8.890701309E-1,2.243592018E-1,6.312993100E-2,3.939949144E-1,5.448673692E1,2.671964287E1,-3.700378295E0,4.692233337E1
5.900133125E0,8.890833439E-1,2.246090062E-1,6.540695663E-2,3.934509039E-1,5.448342927E1,2.685196411E1,-3.465112462E0,4.691477667E1
5.910179125E0,8.889927703E-1,2.247965965E-1,6.758717623E-2,3.931796890E-1,5.450609902E1,2.697232323E1,-3.244783561E0,4.693888837E1
5.920225125E0,8.889136607E-1,2.248854052E-1,6.965141823E-2,3.929475020E-1,5.452589233E1,2.707675163E1,-3.032828172E0,4.696557045E1
5.930271125E0,8.888604292E-1,2.248582363E-1,7.159521508E-2,3.927340282E-1,5.453920717E1,2.716322873E1,-2.828274316E0,4.699210894E1
5.940317125E0,8.888495975E-1,2.247199419E-1,7.341727603E-2,3.925013354E-1,5.454191615E1,2.723230525E1,-2.630337282E0,4.701369262E1
5.950363125E0,8.888962330E-1,2.245216041E-1,7.504236894E-2,3.922019032E-1,5.453025187E1,2.728613876E1,-2.447608922E0,4.702223245E1
5.960410125E0,8.890208612E-1,2.243112808E-1,7.635249319E-2,3.917865460E-1,5.449906906E1,2.732453681E1,-2.292807776E0,4.700824609E1
5.970456125E0,8.892180874E-1,2.240884083E-1,7.729032379E-2,3.912823221E-1,5.444968806E1,2.734464050E1,-2.172475048E0,4.697329826E1
5.980502125E0,8.894635717E-1,2.238142483E-1,7.785443302E-2,3.907690368E-1,5.438816647E1,2.734195927E1,-2.087288101E0,4.692700013E1
5.990548125E0,8.897429421E-1,2.234366705E-1,7.807825913E-2,3.903041359E-1,5.431807427E1,2.731226630E1,-2.033129259E0,4.687728027E1
6.000594125E0,8.900497501E-1,2.228567667E-1,7.805508363E-2,3.899407669E-1,5.424100176E1,2.724904867E1,-1.997509843E0,4.683333310E1
6.010640125E0,8.903694339E-1,2.220063382E-1,7.792553475E-2,3.897219826E-1,5.416058691E1,2.715131717E1,-1.964281941E0,4.680441319E1
6.020686125E0,8.906595518E-1,2.208909324E-1,7.787389432E-2,3.897028690E-1,5.408751359E1,2.702806172E1,-1.916637960E0,4.680231621E1
6.030733125E0,8.908700753E-1,2.195431920E-1,7.802249358E-2,3.899535163E-1,5.403443087E1,2.688838023E1,-1.845671285E0,4.683887204E1
6.040779125E0,8.909648635E-1,2.180319325E-1,7.841448034E-2,3.905061036E-1,5.401051460E1,2.674178219E1,-1.751031467E0,4.691903039E1
6.050825125E0,8.909272896E-1,2.164727994E-1,7.903078844E-2,3.913338467E-1,5.401999614E1,2.660013031E1,-1.639163307E0,4.703881147E1
6.060871125E0,8.907534971E-1,2.150420561E-1,7.974670008E-2,3.923716496E-1,5.406383158E1,2.647698978E1,-1.529033913E0,4.718667630E1
6.070917125E0,8.904554135E-1,2.139000082E-1,8.043429957E-2,3.935303718E-1,5.413894035E1,2.638390825E1,-1.438618114E0,4.734814196E1
6.080963125E0,8.900278126E-1,2.131816258E-1,8.098976342E-2,3.947717440E-1,5.424651597E1,2.633057059E1,-1.383820757E0,4.751564702E1
6.091009125E0,8.894723383E-1,2.129371688E-1,8.137998529E-2,3.960733019E-1,5.438596827E1,2.632070002E1,-1.369898622E0,4.768556183E1
6.101055125E0,8.888037839E-1,2.131044127E-1,8.159817425E-2,3.974369421E-1,5.455337262E1,2.634708563E1,-1.394808724E0,4.785802364E1
6.111102125E0,8.880484491E-1,2.135302856E-1,8.162811959E-2,3.988881214E-1,5.474193777E1,2.639228224E1,-1.453746401E0,4.803585452E1
6.121148125E0,8.872221180E-1,2.140292305E-1,8.143305344E-2,4.004961922E-1,5.494754265E1,2.643432627E1,-1.543584406E0,4.822672893E1
6.131194125E0,8.863466437E-1,2.143682703E-1,8.102280655E-2,4.023321089E-1,5.516460401E1,2.644835414E1,-1.654123508E0,4.843993682E1
6.141240125E0,8.854501381E-1,2.143373661E-1,8.042391037E-2,4.044372176E-1,5.538606713E1,2.641284949E1,-1.773546956E0,4.868171670E1
6.151286125E0,8.845910378E-1,2.137694584E-1,7.946028590E-2,4.068012975E-1,5.559752757E1,2.630136679E1,-1.910805895E0,4.894655354E1
6.161332125E0,8.838207198E-1,2.125558504E-1,7.797341884E-2,4.093910106E-1,5.578650755E1,2.609457814E1,-2.075011269E0,4.922679298E1
6.171378125E0,8.831436518E-1,2.107717532E-1,7.600720514E-2,4.121351287E-1,5.595212590E1,2.580268888E1,-2.262758785E0,4.951557367E1
6.181425125E0,8.825291929E-1,2.086332906E-1,7.375032042E-2,4.149402122E-1,5.610204026E1,2.545809530E1,-2.462589449E0,4.980680272E1
6.191471125E0,8.819272305E-1,2.064720529E-1,7.150169123E-2,4.176856790E-1,5.624854967E1,2.511101077E1,-2.657314499E0,5.009308765E1
6.201517125E0,8.812496567E-1,2.046802429E-1,6.958051143E-2,4.203138090E-1,5.641304376E1,2.481899900E1,-2.832955754E0,5.037433128E1
6.211563125E0,8.804021889E-1,2.035990287E-1,6.831777077E-2,4.228146133E-1,5.661816531E1,2.463466303E1,-2.973556630E0,5.065603038E1
6.221609125E0,8.792765309E-1,2.034979869E-1,6.812129797E-2,4.252304707E-1,5.688957088E1,2.460674111E1,-3.053716175E0,5.095197379E1
6.231655125E0,8.778953155E-1,2.045506940E-1,6.911637980E-2,4.274130663E-1,5.722098094E1,2.476077611E1,-3.066867938E0,5.124595756E1
6.241701125E0,8.761699921E-1,2.066565034E-1,7.114005546E-2,4.296025108E-1,5.763250468E1,2.507788038E1,-3.032289965E0,5.156459654E1
6.251748125E0,8.742291297E-1,2.095576606E-1,7.372001157E-2,4.317109490E-1,5.809225148E1,2.550804441E1,-2.983037599E0,5.188671080E1
6.261794125E0,8.721972512E-1,2.129508612E-1,7.644689160E-2,4.336814617E-1,5.857002609E1,2.599902684E1,-2.943555808E0,5.219606664E1
6.271840125E0,8.702053069E-1,2.164605031E-1,7.896277396E-2,4.354911631E-1,5.903498750E1,2.649298617E1,-2.929412594E0,5.248129006E1
6.281886125E0,8.683947204E-1,2.196220172E-1,8.095329059E-2,4.371538141E-1,5.945474370E1,2.692438763E1,-2.947356132E0,5.273609673E1
6.291932125E0,8.668620081E-1,2.220446602E-1,8.229315998E-2,4.387189795E-1,5.980798568E1,2.724487538E1,-2.989720239E0,5.296327601E1
6.301978125E0,8.655965279E-1,2.234601410E-1,8.305251975E-2,4.403528231E-1,6.009821822E1,2.742876488E1,-3.039400076E0,5.318549884E1
6.312024125E0,8.646016937E-1,2.237781759E-1,8.336601328E-2,4.420828670E-1,6.032549009E1,2.747315787E1,-3.078275653E0,5.340992462E1
6.322071125E0,8.638002924E-1,2.231242306E-1,8.347213377E-2,4.439559783E-1,6.050800924E1,2.740354540E1,-3.090208311E0,5.364881549E1
6.332117125E0,8.631181246E-1,2.217613069E-1,8.355809227E-2,4.459452885E-1,6.066298116E1,2.725774705E1,-3.069416990E0,5.390351042E1
6.342163125E0,8.624992403E-1,2.199804182E-1,8.374616731E-2,4.479847745E-1,6.080326735E1,2.707334799E1,-3.017085569E0,5.416847433E1
6.352209125E0,8.618993221E-1,2.180216487E-1,8.411730719E-2,4.500228275E-1,6.093897556E1,2.688032769E1,-2.936441387E0,5.443888225E1
6.362255125E0,8.613117528E-1,2.160537702E-1,8.469349676E-2,4.519843839E-1,6.107162601E1,2.669803540E1,-2.832186518E0,5.470545049E1
6.372301125E0,8.607054704E-1,2.141690527E-1,8.550597736E-2,4.538792641E-1,6.120822884E1,2.653793108E1,-2.706677140E0,5.497001377E1
6.382347125E0,8.600586849E-1,2.123996700E-1,8.653273254E-2,4.557384459E-1,6.135365467E1,2.640225487E1,-2.564896272E0,5.523580207E1
6.392393125E0,8.593751684E-1,2.107303545E-1,8.772770633E-2,4.575707169E-1,6.150700189E1,2.628702320E1,-2.410918751E0,5.550272163E1
6.402440125E0,8.586416868E-1,2.091375303E-1,8.908170545E-2,4.594131664E-1,6.167117610E1,2.618927781E1,-2.245568920E0,5.577529948E1
6.412486125E0,8.578780702E-1,2.076317762E-1,9.061635123E-2,4.612190745E-1,6.184167781E1,2.611151128E1,-2.066070025E0,5.604826571E1
6.422532125E0,8.570764582E-1,2.062215215E-1,9.233158045E-2,4.629985777E-1,6.202020872E1,2.605468255E1,-1.873338198E0,5.632297932E1
6.432578125E0,8.562027751E-1,2.049568895E-1,9.417478331E-2,4.648016831E-1,6.221426543E1,2.602111769E1,-1.676896832E0,5.660439300E1
6.442624125E0,8.552363900E-1,2.039569503E-1,9.603125189E-2,4.666373048E-1,6.242828010E1,2.601686181E1,-1.494959256E0,5.689047949E1
6.452670125E0,8.541854372E-1,2.033652507E-1,9.773476429E-2,4.684631695E-1,6.266027684E1,2.604746319E1,-1.350645916E0,5.717117866E1
6.462716125E0,8.530205405E-1,2.032662109E-1,9.914790070E-2,4.703282097E-1,6.291652834E1,2.611355778E1,-1.263661991E0,5.744880631E1
6.472763125E0,8.515880745E-1,2.036800613E-1,1.001916990E-1,4.725187289E-1,6.323036097E1,2.621196964E1,-1.251506678E0,5.775758313E1
6.482809125E0,8.503338896E-1,2.046940460E-1,1.006083470E-1,4.742473187E-1,6.350399271E1,2.633769674E1,-1.320775002E0,5.798942822E1
6.492855125E0,8.490750054E-1,2.061928459E-1,1.005188745E-1,4.758697616E-1,6.377759207E1,2.648475707E1,-1.463823076E0,5.819298329E1
6.502901125E0,8.478295450E-1,2.080427501E-1,1.000140869E-1,4.773891766E-1,6.404724467E1,2.664428513E1,-1.664385328E0,5.837114592E1
6.512947125E0,8.466429426E-1,2.101202789E-1,9.918193428E-2,4.787568418E-1,6.430321359E1,2.680857601E1,-1.905417121E0,5.852016812E1
6.522993750E0,8.455394749E-1,2.123177523E-1,9.809186926E-2,4.799605347E-1,6.454043541E1,2.697057489E1,-2.173589158E0,5.864049883E1
6.533039750E0,8.445949008E-1,2.145047628E-1,9.678568575E-2,4.809155613E-1,6.474288241E1,2.711957351E1,-2.454612335E0,5.872261202E1
6.543086750E0,8.438153316E-1,2.165072650E-1,9.535054341E-2,4.816726240E-1,6.490954050E1,2.724265024E1,-2.731450218E0,5.877578384E1
6.553132750E0,8.432326936E-1,2.181920800E-1,9.384601155E-2,4.822278666E-1,6.503384974E1,2.732962065E1,-2.990395339E0,5.880155442E1
6.563178750E0,8.428710525E-1,2.194306336E-1,9.231280930E-2,4.825939752E-1,6.511090167E1,2.736959854E1,-3.220355272E0,5.880309817E1
6.573224750E0,8.426950052E-1,2.201819591E-1,9.080709733E-2,4.828447911E-1,6.514838131E1,2.736132917E1,-3.415823044E0,5.879172768E1
6.583270750E0,8.426850585E-1,2.204612979E-1,8.941723125E-2,4.829940752E-1,6.515049833E1,2.731131668E1,-3.569651341E0,5.877176727E1
6.593316750E0,8.426035254E-1,2.203708034E-1,8.829444447E-2,4.833840390E-1,6.516784933E1,2.723727152E1,-3.683965695E0,5.879118382E1
6.603362750E0,8.426288768E-1,2.201132018E-1,8.738592700E-2,4.836222740E-1,6.516245477E1,2.715861051E1,-3.763341580E0,5.879755590E1
6.613408750E0,8.427379528E-1,2.198433566E-1,8.674329293E-2,4.836707429E-1,6.513923973E1,2.709440867E1,-3.810678762E0,5.878692921E1
6.623455750E0,8.429240733E-1,2.196822556E-1,8.631709873E-2,4.834957492E-1,6.509961005E1,2.705452476E1,-3.836719421E0,5.875323468E1
6.633501750E0,8.432217775E-1,2.196352513E-1,8.591443828E-2,4.830695813E-1,6.503617672E1,2.702880040E1,-3.859403225E0,5.868763366E1
6.643547750E0,8.436695246E-1,2.196564722E-1,8.536402151E-2,4.823752752E-1,6.494066916E1,2.700299198E1,-3.891980969E0,5.858344437E1
6.653593750E0,8.442962061E-1,2.196575259E-1,8.454378062E-2,4.814215342E-1,6.480678318E1,2.696118193E1,-3.941375528E0,5.843878290E1
6.663639750E0,8.451166577E-1,2.195053758E-1,8.344642419E-2,4.802414013E-1,6.463112612E1,2.688921480E1,-4.001765493E0,5.825818262E1
6.673685750E0,8.461293833E-1,2.190310762E-1,8.216709875E-2,4.788934398E-1,6.441371479E1,2.677476029E1,-4.056324766E0,5.805230822E1
6.683731750E0,8.473136254E-1,2.181307036E-1,8.088626657E-2,4.774266451E-1,6.415864877E1,2.661685723E1,-4.083531564E0,5.783265110E1
6.693777750E0,8.486231069E-1,2.167562264E-1,7.981285482E-2,4.759048278E-1,6.387554953E1,2.642164435E1,-4.062729643E0,5.761301217E1
6.703824750E0,8.500111923E-1,2.149433746E-1,7.897795736E-2,4.743868458E-1,6.357422652E1,2.619408968E1,-3.994937050E0,5.740153392E1
6.713870750E0,8.514718756E-1,2.127207974E-1,7.811445800E-2,4.729098938E-1,6.325575723E1,2.592222620E1,-3.908942890E0,5.719585359E1
6.723916750E0,8.530663752E-1,2.100030632E-1,7.681292117E-2,4.714618967E-1,6.290646344E1,2.557491074E1,-3.839618901E0,5.698422610E1
6.733962750E0,8.548422959E-1,2.067182696E-1,7.486672195E-2,4.700077251E-1,6.251536664E1,2.513382772E1,-3.802640605E0,5.675760137E1
6.744008750E0,8.567704088E-1,2.029007977E-1,7.256674736E-2,4.685186980E-1,6.208824850E1,2.461877986E1,-3.771613951E0,5.652017237E1
6.754054750E0,8.587567898E-1,1.987131553E-1,7.049170522E-2,4.669911276E-1,6.164543882E1,2.407804962E1,-3.699528717E0,5.628535328E1
6.764100750E0,8.606565590E-1,1.944905995E-1,6.910919376E-2,4.654757377E-1,6.121923718E1,2.357120229E1,-3.560516578E0,5.606928765E1
6.774147750E0,8.622731225E-1,1.907078988E-1,6.855173847E-2,4.641296727E-1,6.085444987E1,2.315368699E1,-3.371266010E0,5.589308223E1
6.784193750E0,8.634283886E-1,1.878976049E-1,6.885973183E-2,4.630812909E-1,6.059254120E1,2.288224934E1,-3.159333667E0,5.577231166E1
6.794239750E0,8.640641317E-1,1.865516031E-1,6.987884263E-2,4.622863170E-1,6.044797494E1,2.279976574E1,-2.964712317E0,5.569688862E1
6.804285750E0,8.642596509E-1,1.868756439E-1,7.121235311E-2,4.615859629E-1,6.040345142E1,2.290691576E1,-2.833079652E0,5.563768064E1
6.814331750E0,8.641566651E-1,1.887008869E-1,7.241091465E-2,4.608491306E-1,6.042690699E1,2.316269999E1,-2.795798680E0,5.556836560E1
6.824377750E0,8.639114547E-1,1.916539112E-1,7.311103176E-2,4.599787982E-1,6.048272181E1,2.350954389E1,-2.865442194E0,5.546863299E1
6.834423750E0,8.636655911E-1,1.952800943E-1,7.309708642E-2,4.589163393E-1,6.053863855E1,2.388942678E1,-3.036468881E0,5.532616924E1
6.844469750E0,8.635256425E-1,1.991017650E-1,7.226716756E-2,4.576672964E-1,6.057044617E1,2.424790754E1,-3.292631115E0,5.513953810E1
6.854516750E0,8.635472849E-1,2.027043986E-1,7.070330347E-2,4.562873454E-1,6.056552826E1,2.454662483E1,-3.604655477E0,5.491837491E1
6.864562750E0,8.637081594E-1,2.058039042E-1,6.862425739E-2,4.549107029E-1,6.052896059E1,2.476734828E1,-3.939445573E0,5.468580948E1
6.874608750E0,8.640146302E-1,2.082589160E-1,6.625160055E-2,4.535610975E-1,6.045924268E1,2.490683406E1,-4.268562991E0,5.445101006E1
6.884654750E0,8.644775291E-1,2.099562328E-1,6.402780638E-2,4.522139578E-1,6.035380130E1,2.497605233E1,-4.541955464E0,5.422230098E1
6.894700750E0,8.649955349E-1,2.109315372E-1,6.229716722E-2,4.510096327E-1,6.023560920E1,2.499524333E1,-4.731749574E0,5.402580858E1
6.904746750E0,8.655174604E-1,2.114126119E-1,6.127305149E-2,4.499220122E-1,6.011630983E1,2.499875232E1,-4.828446892E0,5.386254545E1
6.914792750E0,8.659936987E-1,2.116492612E-1,6.100995505E-2,4.489290535E-1,6.000726587E1,2.501525657E1,-4.839368962E0,5.373008476E1
6.924838750E0,8.664175907E-1,2.118590682E-1,6.139153155E-2,4.479592756E-1,5.991005624E1,2.506178629E1,-4.785580969E0,5.361593228E1
6.934885750E0,8.668208096E-1,2.122234013E-1,6.224073259E-2,4.468882820E-1,5.981745451E1,2.514889169E1,-4.690725313E0,5.349975920E1
6.944931750E0,8.672129860E-1,2.128230614E-1,6.344620095E-2,4.456709546E-1,5.972726379E1,2.527954177E1,-4.568756971E0,5.337324698E1
6.954977750E0,8.675852269E-1,2.136507307E-1,6.491947565E-2,4.443362482E-1,5.964154321E1,2.544824357E1,-4.428741407E0,5.323827747E1
6.965023750E0,8.679346454E-1,2.145950361E-1,6.661400550E-2,4.429457183E-1,5.956097634E1,2.564052034E1,-4.271040327E0,5.310211586E1
6.975069750E0,8.682578274E-1,2.155407587E-1,6.852347901E-2,4.415597614E-1,5.948637069E1,2.584356400E1,-4.091884157E0,5.297280070E1
6.985115750E0,8.685481560E-1,2.163915824E-1,7.061739239E-2,4.402407968E-1,5.941927661E1,2.604535387E1,-3.891058548E0,5.285787178E1
6.995161750E0,8.688074223E-1,2.171027209E-1,7.284987408E-2,4.390135016E-1,5.935930268E1,2.623874470E1,-3.671563762E0,5.275948609E1
7.005207750E0,8.690271549E-1,2.176728466E-1,7.513500772E-2,4.379097811E-1,5.930843062E1,2.641917870E1,-3.442878648E0,5.267944393E1
7.015254750E0,8.692155092E-1,2.181234228E-1,7.737110350E-2,4.369213110E-1,5.926479160E1,2.658387856E1,-3.216051496E0,5.261389007E1
7.025300750E0,8.693831483E-1,2.185221109E-1,7.946725593E-2,4.360113816E-1,5.922592741E1,2.673558389E1,-3.002599777E0,5.255549304E1
7.035346750E0,8.695500498E-1,2.189266258E-1,8.137622368E-2,4.351225889E-1,5.918721116E1,2.687821643E1,-2.808528484E0,5.249549602E1
7.045392750E0,8.697406379E-1,2.193945928E-1,8.301100510E-2,4.341961169E-1,5.914297215E1,2.701362137E1,-2.643675501E0,5.242388196E1
7.055438750E0,8.699777560E-1,2.199511103E-1,8.431605066E-2,4.331869527E-1,5.908789058E1,2.714173647E1,-2.513439438E0,5.233326075E1
7.065484750E0,8.702729947E-1,2.205873960E-1,8.528016508E-2,4.320803029E-1,5.901924250E1,2.726109682E1,-2.417962904E0,5.222130094E1
7.075530750E0,8.706420957E-1,2.212252412E-1,8.591068721E-2,4.308841121E-1,5.893331780E1,2.736378597E1,-2.352650614E0,5.208916761E1
7.085576750E0,8.711024868E-1,2.217540577E-1,8.622476552E-2,4.296171147E-1,5.882598118E1,2.743893336E1,-2.310646664E0,5.193972575E1
7.095623750E0,8.716857571E-1,2.220483217E-1,8.620171646E-2,4.282847263E-1,5.868973960E1,2.747219909E1,-2.287751801E0,5.177318655E1
7.105669750E0,8.724117154E-1,2.220309256E-1,8.587831316E-2,4.268782649E-1,5.851976505E1,2.745732075E1,-2.276264462E0,5.158960551E1
7.115715750E0,8.732720801E-1,2.216495493E-1,8.528771991E-2,4.254332391E-1,5.831773627E1,2.739037831E1,-2.271536285E0,5.139444192E1
7.125761750E0,8.742468103E-1,2.208235712E-1,8.449905227E-2,4.240158828E-1,5.808807834E1,2.726614231E1,-2.264881713E0,5.119804662E1
7.135807750E0,8.757444564E-1,2.195847436E-1,8.341900240E-2,4.217766207E-1,5.773359080E1,2.708534642E1,-2.242210305E0,5.089271801E1
7.145853750E0,8.772915197E-1,2.178288268E-1,8.241581784E-2,4.196640310E-1,5.736530536E1,2.685298540E1,-2.190633391E0,5.060646913E1
7.155899750E0,8.788519014E-1,2.156122661E-1,8.159822694E-2,4.176991239E-1,5.699164478E1,2.658025283E1,-2.103032230E0,5.034464203E1
7.165945750E0,8.803539940E-1,2.130837028E-1,8.105778317E-2,4.159349621E-1,5.662980994E1,2.628726646E1,-1.979323279E0,5.011579948E1
7.175992750E0,8.817277495E-1,2.105034675E-1,8.082366269E-2,4.143814082E-1,5.629702337E1,2.600315717E1,-1.829680070E0,4.992128382E1
7.186038750E0,8.825160641E-1,2.080832848E-1,8.108320825E-2,4.138747188E-1,5.610523936E1,2.575823037E1,-1.669053223E0,4.986881183E1
7.196084750E0,8.834981489E-1,2.062425739E-1,8.135923850E-2,4.126446420E-1,5.586546828E1,2.557713380E1,-1.515553431E0,4.972654976E1
7.206130750E0,8.842842509E-1,2.050741421E-1,8.174845938E-2,4.114644670E-1,5.567286147E1,2.547305824E1,-1.385758745E0,4.959262051E1
7.216176750E0,8.848850542E-1,2.046287289E-1,8.213526735E-2,4.103161761E-1,5.552524130E1,2.544586163E1,-1.292955432E0,4.946184050E1
7.226222750E0,8.853163007E-1,2.047754315E-1,8.244967230E-2,4.092481750E-1,5.541905893E1,2.547818163E1,-1.238823569E0,4.933854148E1
7.236268750E0,8.856329922E-1,2.052750666E-1,8.260567359E-2,4.082799776E-1,5.534096309E1,2.554037832E1,-1.220651690E0,4.922306898E1
7.246314750E0,8.858680873E-1,2.058652226E-1,8.254757943E-2,4.074839079E-1,5.528292313E1,2.560170349E1,-1.233157572E0,4.912301873E1
7.256361750E0,8.860774728E-1,2.063467082E-1,8.228883993E-2,4.068369538E-1,5.523118302E1,2.564157528E1,-1.264641032E0,4.903604077E1
7.266407750E0,8.862534991E-1,2.065717355E-1,8.192984888E-2,4.064115867E-1,5.518765155E1,2.564892806E1,-1.299869877E0,4.897386944E1
7.276453750E0,8.863878211E-1,2.064461010E-1,8.160105604E-2,4.062485205E-1,5.515441229E1,2.561986421E1,-1.322302384E0,4.894511184E1
7.286499750E0,8.865522360E-1,2.059431837E-1,8.110709498E-2,4.062439265E-1,5.511370113E1,2.554224943E1,-1.347433444E0,4.893181622E1
7.296545750E0,8.868112705E-1,2.051159359E-1,8.006982943E-2,4.063028478E-1,5.504950466E1,2.540373109E1,-1.413327883E0,4.891229052E1
7.306591750E0,8.871933528E-1,2.040327514E-1,7.836849813E-2,4.063460273E-1,5.495468713E1,2.520605817E1,-1.533405197E0,4.887392848E1
7.316637750E0,8.877075654E-1,2.027484157E-1,7.615700557E-2,4.062863263E-1,5.482684147E1,2.496280651E1,-1.692621303E0,4.881058982E1
7.326683750E0,8.883215396E-1,2.012978213E-1,7.373959405E-2,4.061115222E-1,5.467383151E1,2.469248563E1,-1.861855491E0,4.872909964E1
7.336729750E0,8.889879867E-1,1.997488193E-1,7.148633924E-2,4.058208565E-1,5.450729609E1,2.442007797E1,-2.007108079E0,4.863880670E1
7.346776750E0,8.896244673E-1,1.982377547E-1,6.977911265E-2,4.054640623E-1,5.434780902E1,2.417811484E1,-2.097617766E0,4.855482855E1
7.356822750E0,8.900858489E-1,1.969376982E-1,6.896253326E-2,4.052245418E-1,5.423192682E1,2.400081833E1,-2.111416355E0,4.850732614E1
7.366868750E0,8.903126832E-1,1.960545426E-1,6.924326288E-2,4.051065306E-1,5.417487032E1,2.391981675E1,-2.037273645E0,4.850100068E1
7.376914750E0,8.902350908E-1,1.957556793E-1,7.063604764E-2,4.051812570E-1,5.419439367E1,2.395363864E1,-1.883519023E0,4.854473653E1
7.386960750E0,8.898779595E-1,1.960847092E-1,7.284548027E-2,4.054153195E-1,5.428416932E1,2.409332201E1,-1.681546811E0,4.862774681E1
7.397006750E0,8.893229909E-1,1.969624279E-1,7.545328491E-2,4.057303883E-1,5.442340572E1,2.431097797E1,-1.468227676E0,4.873094057E1
7.407052750E0,8.886594520E-1,1.983329855E-1,7.803053836E-2,4.060290198E-1,5.458945075E1,2.458044277E1,-1.281970794E0,4.883207664E1
7.417098750E0,8.879953020E-1,2.001244004E-1,8.012647479E-2,4.061947412E-1,5.475518310E1,2.487243745E1,-1.161756787E0,4.890524116E1
7.427145750E0,8.873791361E-1,2.021819832E-1,8.143039818E-2,4.062630823E-1,5.490852860E1,2.515518704E1,-1.132174026E0,4.894622755E1
7.437191750E0,8.868572738E-1,2.043098142E-1,8.175545049E-2,4.062730289E-1,5.503809646E1,2.539852923E1,-1.203317146E0,4.895425757E1
7.447237750E0,8.864338244E-1,2.063727971E-1,8.111020331E-2,4.062837764E-1,5.514302410E1,2.558835733E1,-1.369166161E0,4.893636782E1
7.457283750E0,8.860763559E-1,2.083314191E-1,7.969462238E-2,4.063440253E-1,5.523145913E1,2.573014536E1,-1.608928750E0,4.890376301E1
7.467329750E0,8.857535111E-1,2.102381109E-1,7.785717783E-2,4.064222499E-1,5.531121656E1,2.584646112E1,-1.889175290E0,4.886191654E1
7.477375750E0,8.853898891E-1,2.122002469E-1,7.594692461E-2,4.065560029E-1,5.540092113E1,2.596553694E1,-2.181048807E0,4.882466256E1
7.487421750E0,8.849379906E-1,2.143147596E-1,7.415793313E-2,4.067610051E-1,5.551221725E1,2.610697922E1,-2.470180557E0,4.879887358E1
7.497467750E0,8.843671748E-1,2.166475613E-1,7.260111811E-2,4.070475826E-1,5.565250811E1,2.628303620E1,-2.748939511E0,4.878847430E1
7.507513750E0,8.836891163E-1,2.191673475E-1,7.135208045E-2,4.073917538E-1,5.581873461E1,2.649390155E1,-3.007565995E0,4.879241217E1
7.517560917E0,8.829274384E-1,2.217260458E-1,7.048273321E-2,4.078096820E-1,5.600491922E1,2.672690862E1,-3.232151932E0,4.881485145E1
7.527606917E0,8.821249414E-1,2.240385064E-1,7.006839808E-2,4.083537346E-1,5.620046824E1,2.695460894E1,-3.402834539E0,4.886502470E1
7.537652917E0,8.813944733E-1,2.258117192E-1,7.019225713E-2,4.089327269E-1,5.637792378E1,2.714954835E1,-3.494313095E0,4.893495204E1
7.547698917E0,8.808259123E-1,2.268566502E-1,7.088826492E-2,4.094591410E-1,5.651569247E1,2.729326802E1,-3.491279254E0,4.901561609E1
7.557744917E0,8.804803292E-1,2.271009913E-1,7.202678301E-2,4.098680287E-1,5.659928074E1,2.737218175E1,-3.401157487E0,4.909596907E1
7.567790917E0,8.803879222E-1,2.265400536E-1,7.333119109E-2,4.101454603E-1,5.662161259E1,2.737285158E1,-3.250928059E0,4.916683408E1
7.577836917E0,8.805436548E-1,2.252230173E-1,7.454094262E-2,4.103183888E-1,5.658397227E1,2.728818696E1,-3.069839916E0,4.922410101E1
7.587882917E0,8.808608520E-1,2.233099665E-1,7.546305771E-2,4.105143717E-1,5.650723507E1,2.712586912E1,-2.888873547E0,4.927753075E1
7.597929917E0,8.813003804E-1,2.211167920E-1,7.597566876E-2,4.106638033E-1,5.640074485E1,2.691426167E1,-2.733733757E0,4.931440659E1
7.607975917E0,8.817371271E-1,2.190143387E-1,7.618172470E-2,4.108148366E-1,5.629474546E1,2.669793177E1,-2.613832980E0,4.934272688E1
7.618021917E0,8.820739437E-1,2.172916231E-1,7.619620741E-2,4.110035912E-1,5.621287402E1,2.651323600E1,-2.532948726E0,4.936962785E1
7.628067917E0,8.822785877E-1,2.161681040E-1,7.604813499E-2,4.111842537E-1,5.616307678E1,2.638513341E1,-2.497658467E0,4.938999823E1
7.638113917E0,8.823602262E-1,2.157550333E-1,7.568711563E-2,4.112925289E-1,5.614319990E1,2.632319748E1,-2.516682081E0,4.939446112E1
7.648159917E0,8.823759680E-1,2.160257583E-1,7.504016677E-2,4.112352303E-1,5.613936642E1,2.632129347E1,-2.593377670E0,4.936966895E1
7.658205917E0,8.823988537E-1,2.168019189E-1,7.407432432E-2,4.109526357E-1,5.613379281E1,2.635899476E1,-2.720534371E0,4.930768390E1
7.668251917E0,8.824853602E-1,2.177925121E-1,7.278872427E-2,4.104727306E-1,5.611272040E1,2.640520183E1,-2.884674888E0,4.921248491E1
7.678297917E0,8.827039969E-1,2.187180042E-1,7.116755628E-2,4.097942717E-1,5.605942944E1,2.642941104E1,-3.073616243E0,4.908415507E1
7.688344917E0,8.831020107E-1,2.193640047E-1,6.924602350E-2,4.089197457E-1,5.596229706E1,2.641050969E1,-3.273480795E0,4.892462499E1
7.698390917E0,8.836815088E-1,2.195923353E-1,6.715427541E-2,4.078928166E-1,5.582059701E1,2.633983674E1,-3.465888972E0,4.874330814E1
7.708436917E0,8.843927790E-1,2.193754265E-1,6.507316940E-2,4.068039106E-1,5.564622228E1,2.622265761E1,-3.634133833E0,4.855635652E1
7.718482917E0,8.851926208E-1,2.187693127E-1,6.318509595E-2,4.056865345E-1,5.544953079E1,2.607329630E1,-3.763690913E0,4.837251447E1
7.728528917E0,8.860281189E-1,2.179082736E-1,6.167442646E-2,4.045569357E-1,5.524338263E1,2.591453765E1,-3.842961612E0,4.819798500E1
7.738574917E0,8.868458520E-1,2.169802633E-1,6.070089748E-2,4.034096985E-1,5.504092912E1,2.577380871E1,-3.864619809E0,4.803530682E1
7.748620917E0,8.875919777E-1,2.161577096E-1,6.025872963E-2,4.022750632E-1,5.485560331E1,2.566906108E1,-3.838214180E0,4.788727257E1
7.758666917E0,8.883015831E-1,2.155869043E-1,6.012766346E-2,4.010327216E-1,5.467881114E1,2.560621992E1,-3.789543985E0,4.773307637E1
7.768713917E0,8.889881553E-1,2.153211947E-1,6.005708330E-2,3.996624433E-1,5.450725390E1,2.557952937E1,-3.745888193E0,4.756388639E1
7.778759917E0,8.896974235E-1,2.153514351E-1,5.984727629E-2,3.980960767E-1,5.432950029E1,2.557913812E1,-3.725083994E0,4.736647066E1
7.788805917E0,8.904502505E-1,2.156264011E-1,5.938056316E-2,3.963300395E-1,5.414024043E1,2.559430127E1,-3.736474334E0,4.713768806E1
7.798851917E0,8.912542649E-1,2.160173869E-1,5.867809110E-2,3.944101451E-1,5.393743435E1,2.561210340E1,-3.773057980E0,4.688409597E1
7.808897917E0,8.921205933E-1,2.163803661E-1,5.784325686E-2,3.923703641E-1,5.371811754E1,2.562166379E1,-3.818505273E0,4.661287038E1
7.818943917E0,8.930530291E-1,2.165564609E-1,5.701540319E-2,3.902677632E-1,5.348113527E1,2.561185455E1,-3.852861686E0,4.633496571E1
7.828989917E0,8.940743105E-1,2.164591438E-1,5.626145929E-2,3.880867692E-1,5.322045129E1,2.557623442E1,-3.865010414E0,4.605042213E1
7.839035917E0,8.951540495E-1,2.160930036E-1,5.561108074E-2,3.858890428E-1,5.294355233E1,2.551622294E1,-3.854034447E0,4.576749793E1
7.849081917E0,8.962547566E-1,2.155092171E-1,5.507232811E-2,3.837320514E-1,5.265988615E1,2.543737090E1,-3.823199699E0,4.549323170E1
7.859128917E0,8.973435994E-1,2.147542090E-1,5.465755044E-2,3.816644745E-1,5.237787453E1,2.534494911E1,-3.774791993E0,4.523365329E1
7.869174917E0,8.984460556E-1,2.138189546E-1,5.415825253E-2,3.796617617E-1,5.209089194E1,2.522890731E1,-3.729220183E0,4.498066153E1
7.879220917E0,8.996387692E-1,2.126350391E-1,5.303053984E-2,3.776563725E-1,5.177874877E1,2.505860150E1,-3.737722048E0,4.471311816E1
7.889266917E0,9.010138734E-1,2.111091072E-1,5.069257513E-2,3.755494304E-1,5.141668390E1,2.479975217E1,-3.854006111E0,4.440584335E1
7.899312917E0,9.023424053E-1,2.091650890E-1,4.723176568E-2,3.738945976E-1,5.106461030E1,2.444666372E1,-4.081359985E0,4.412979876E1
7.909358917E0,9.040064893E-1,2.069126930E-1,4.299141867E-2,3.716331242E-1,5.062039095E1,2.403123662E1,-4.362254974E0,4.376580419E1
7.919404917E0,9.056421031E-1,2.044591458E-1,3.882961758E-2,3.694604752E-1,5.018019426E1,2.359899122E1,-4.631543302E0,4.341837323E1
7.929450917E0,9.070901424E-1,2.021024521E-1,3.543109591E-2,3.675413185E-1,4.978744402E1,2.320968967E1,-4.834830788E0,4.312088022E1
7.939496917E0,9.082336707E-1,2.002535489E-1,3.332544463E-2,3.659229638E-1,4.947522425E1,2.292881404E1,-4.934690748E0,4.288716312E1
7.949543917E0,9.089889844E-1,1.993647667E-1,3.269198803E-2,3.645872880E-1,4.926798312E1,2.281228800E1,-4.929988994E0,4.271535053E1
7.959589917E0,9.093232721E-1,1.997166560E-1,3.333229876E-2,3.635016063E-1,4.917600073E1,2.288233143E1,-4.851585041E0,4.259563847E1
7.969635917E0,9.092862672E-1,2.013195428E-1,3.474394423E-2,3.625767358E-1,4.918619092E1,2.311994549E1,-4.749711103E0,4.250710969E1
7.979681917E0,9.089801335E-1,2.039816905E-1,3.625734800E-2,3.617072253E-1,4.927041633E1,2.347755908E1,-4.683349970E0,4.242413886E1
7.989727917E0,9.085242943E-1,2.074641002E-1,3.734527933E-2,3.607597430E-1,4.939558012E1,2.390848112E1,-4.693831173E0,4.232007391E1
7.999773917E0,9.080003457E-1,2.114678137E-1,3.768045741E-2,3.597177676E-1,4.953907909E1,2.436716366E1,-4.801833003E0,4.218612075E1
8.009819917E0,9.075069958E-1,2.156111703E-1,3.701278284E-2,3.585707622E-1,4.967384262E1,2.480224193E1,-5.016637003E0,4.201581218E1
8.019865917E0,9.071842985E-1,2.194776063E-1,3.539056118E-2,3.572027808E-1,4.976180573E1,2.517113036E1,-5.312309019E0,4.179712580E1
8.029911917E0,9.071245342E-1,2.227554826E-1,3.306478218E-2,3.555442181E-1,4.977808071E1,2.545054706E1,-5.647681742E0,4.152867408E1
8.039958917E0,9.073916399E-1,2.253149343E-1,3.043528244E-2,3.534788750E-1,4.970530389E1,2.564306429E1,-5.972706368E0,4.120679778E1
8.050004917E0,9.080058459E-1,2.271056801E-1,2.797739414E-2,3.509496847E-1,4.953757473E1,2.576203405E1,-6.234506112E0,4.083657737E1
8.060050917E0,9.089100433E-1,2.280801679E-1,2.618924034E-2,3.481035291E-1,4.928968100E1,2.581980397E1,-6.383554923E0,4.044806110E1
8.070096917E0,9.100004244E-1,2.282121086E-1,2.554405638E-2,3.452040367E-1,4.898917963E1,2.582842763E1,-6.376958416E0,4.008435224E1
8.080142917E0,9.111819270E-1,2.275968700E-1,2.605198913E-2,3.424449775E-1,4.866160102E1,2.579620612E1,-6.223241031E0,3.976853356E1
8.090188917E0,9.124000342E-1,2.265009150E-1,2.747620489E-2,3.398067745E-1,4.832169103E1,2.574318017E1,-5.957717580E0,3.949130860E1
8.100234917E0,9.136142006E-1,2.252102204E-1,2.954155852E-2,3.372192952E-1,4.798062909E1,2.569099509E1,-5.618905843E0,3.923643387E1
8.110280917E0,9.147801721E-1,2.239662983E-1,3.196744683E-2,3.346555656E-1,4.765094431E1,2.565612786E1,-5.245117692E0,3.899308331E1
8.120326917E0,9.158763695E-1,2.229669755E-1,3.452772036E-2,3.320602048E-1,4.733901745E1,2.565246824E1,-4.866287964E0,3.874867458E1
8.130372917E0,9.168793170E-1,2.223131936E-1,3.706873278E-2,3.294464891E-1,4.705191859E1,2.568548362E1,-4.502666615E0,3.850100859E1
8.140419917E0,9.178076856E-1,2.220230441E-1,3.947897407E-2,3.267662445E-1,4.678468793E1,2.575330857E1,-4.165120769E0,3.824186496E1
8.150465917E0,9.186619811E-1,2.220499443E-1,4.170435929E-2,3.240597636E-1,4.653750006E1,2.584864384E1,-3.858376404E0,3.797505470E1
8.160511917E0,9.194305289E-1,2.223176190E-1,4.372837739E-2,3.214191371E-1,4.631405873E1,2.596216016E1,-3.583543534E0,3.771139001E1
8.170557917E0,9.201078920E-1,2.227657032E-1,4.554730893E-2,3.189078803E-1,4.611627979E1,2.608696435E1,-3.340322130E0,3.745840784E1
8.180603917E0,9.206961356E-1,2.233644887E-1,4.717497281E-2,3.165462660E-1,4.594386941E1,2.622041001E1,-3.126621463E0,3.721881418E1
8.190649917E0,9.212362263E-1,2.240739941E-1,4.859580102E-2,3.142500846E-1,4.578503168E1,2.635791158E1,-2.940226797E0,3.698221861E1
8.200695917E0,9.217493010E-1,2.248169640E-1,4.979375670E-2,3.120196101E-1,4.563365480E1,2.649040426E1,-2.779929118E0,3.674829476E1
8.210741917E0,9.222796137E-1,2.255360735E-1,5.072861595E-2,3.097747636E-1,4.547669085E1,2.661037349E1,-2.645646261E0,3.650652123E1
8.220787917E0,9.228303044E-1,2.261618488E-1,5.140800207E-2,3.075583452E-1,4.531315053E1,2.671031964E1,-2.535260407E0,3.626212833E1
8.230834917E0,9.233994766E-1,2.266542294E-1,5.184169314E-2,3.054074861E-1,4.514353202E1,2.678613660E1,-2.447423656E0,3.601966697E1
8.240880917E0,9.239930517E-1,2.270474490E-1,5.198559302E-2,3.032883636E-1,4.496599538E1,2.684032441E1,-2.387234323E0,3.577377726E1
8.250926917E0,9.246124418E-1,2.273795556E-1,5.182342249E-2,3.011720018E-1,4.478002619E1,2.687682539E1,-2.357099819E0,3.552045217E1
8.260972917E0,9.252564667E-1,2.276762325E-1,5.133573603E-2,2.990461780E-1,4.458588040E1,2.689808924E1,-2.359761824E0,3.525764804E1
8.271018917E0,9.259016717E-1,2.279062700E-1,5.054721064E-2,2.970015290E-1,4.439057101E1,2.690147925E1,-2.394143482E0,3.499668889E1
8.281064917E0,9.265508596E-1,2.280071590E-1,4.952859507E-2,2.950645020E-1,4.419322900E1,2.688251375E1,-2.451409398E0,3.474268296E1
8.291110917E0,9.272135978E-1,2.279026665E-1,4.840301080E-2,2.932447486E-1,4.399090071E1,2.683688377E1,-2.516245928E0,3.450022756E1
8.301156917E0,9.278810142E-1,2.275599072E-1,4.732375645E-2,2.915712026E-1,4.378624642E1,2.676596628E1,-2.572195446E0,3.427684712E1
8.311202917E0,9.285410971E-1,2.269989432E-1,4.643714481E-2,2.900455920E-1,4.358294232E1,2.667680307E1,-2.604559880E0,3.407652580E1
8.321249917E0,9.291609929E-1,2.262378449E-1,4.587771915E-2,2.887415685E-1,4.339119083E1,2.657555213E1,-2.601719390E0,3.391127472E1
8.331295917E0,9.296638259E-1,2.254090271E-1,4.583841721E-2,2.877755417E-1,4.323505580E1,2.648307623E1,-2.550835537E0,3.379926929E1
8.341341917E0,9.300515347E-1,2.246941006E-1,4.609402731E-2,2.870402056E-1,4.311430054E1,2.641260062E1,-2.478978544E0,3.372159925E1
8.351387917E0,9.303249624E-1,2.242615265E-1,4.656109869E-2,2.864165376E-1,4.302894510E1,2.638066187E1,-2.397411479E0,3.366181057E1
8.361433917E0,9.304714649E-1,2.241911518E-1,4.716123820E-2,2.858966984E-1,4.298314527E1,2.639370921E1,-2.316907661E0,3.361683806E1
8.371479917E0,9.304551330E-1,2.245003358E-1,4.782785910E-2,2.855965075E-1,4.298825327E1,2.645128885E1,-2.248271424E0,3.359853035E1
8.381525917E0,9.302962393E-1,2.251524002E-1,4.848283166E-2,2.854902974E-1,4.303791911E1,2.654678394E1,-2.197881382E0,3.360197670E1
8.391571917E0,9.300162368E-1,2.260535472E-1,4.910927608E-2,2.855832523E-1,4.312530772E1,2.666907670E1,-2.164540113E0,3.362754566E1
8.401617917E0,9.296779661E-1,2.271014970E-1,4.961764083E-2,2.857654953E-1,4.323065734E1,2.680390448E1,-2.151313889E0,3.366023602E1
8.411663917E0,9.293337528E-1,2.282372387E-1,4.981085252E-2,2.859463474E-1,4.333760740E1,2.693824425E1,-2.174633142E0,3.368427013E1
8.421710917E0,9.290589132E-1,2.294147268E-1,4.950458191E-2,2.859505199E-1,4.342282240E1,2.706115728E1,-2.247554964E0,3.367424971E1
8.431756917E0,9.288946880E-1,2.303948939E-1,4.889250430E-2,2.858015097E-1,4.347366513E1,2.715205065E1,-2.341897501E0,3.363848114E1
8.441802917E0,9.287610825E-1,2.308496795E-1,4.857962717E-2,2.859221340E-1,4.351498656E1,2.719287034E1,-2.394074903E0,3.364320286E1
8.451848917E0,9.285980796E-1,2.306519686E-1,4.887897516E-2,2.865590361E-1,4.356534951E1,2.717895654E1,-2.373466967E0,3.372591906E1
8.461894917E0,9.284493223E-1,2.296251239E-1,4.986731876E-2,2.876930182E-1,4.361126270E1,2.709321131E1,-2.265178977E0,3.388681148E1
8.471940917E0,9.283452196E-1,2.279536536E-1,5.079361166E-2,2.891927716E-1,4.364336615E1,2.693226691E1,-2.151221918E0,3.408994263E1
8.481986917E0,9.283346829E-1,2.255705654E-1,5.166611464E-2,2.909353752E-1,4.364661423E1,2.668937324E1,-2.024453172E0,3.432118191E1
8.492032917E0,9.284301244E-1,2.222879739E-1,5.292369758E-2,2.929246011E-1,4.361718468E1,2.635872115E1,-1.831216826E0,3.459267998E1
8.502078917E0,9.284904998E-1,2.190283841E-1,5.404926604E-2,2.949758671E-1,4.359855808E1,2.602738106E1,-1.653081650E0,3.486740027E1
8.512124917E0,9.284807006E-1,2.161022390E-1,5.569859340E-2,2.968518444E-1,4.360158176E1,2.575325196E1,-1.425124976E0,3.513420780E1
8.522171542E0,9.284263523E-1,2.135420919E-1,5.770269712E-2,2.984871211E-1,4.361834819E1,2.553436414E1,-1.165116596E0,3.538095907E1
8.532217542E0,9.282349002E-1,2.115563326E-1,6.031001707E-2,2.999777076E-1,4.367736221E1,2.540279964E1,-8.572136266E-1,3.562535074E1
8.542263542E0,9.279273546E-1,2.106913739E-1,6.304292410E-2,3.009741856E-1,4.377200297E1,2.540296511E1,-5.630444760E-1,3.581414042E1
8.552309542E0,9.276300508E-1,2.110498698E-1,6.606924167E-2,3.009907071E-1,4.386330747E1,2.555194208E1,-2.562545698E-1,3.589556910E1
8.562355542E0,9.273231585E-1,2.119357807E-1,6.953524571E-2,3.005324655E-1,4.395736752E1,2.577649116E1,9.030517312E-2,3.593422916E1
8.572401542E0,9.270288471E-1,2.126682613E-1,7.329989705E-2,3.000281785E-1,4.404739230E1,2.599535958E1,4.749471140E-1,3.597745374E1
8.582447542E0,9.267650289E-1,2.131973149E-1,7.653563179E-2,2.996594568E-1,4.412794136E1,2.617285155E1,8.072045368E-1,3.602375033E1
8.592493542E0,9.264878501E-1,2.139004982E-1,7.833403254E-2,2.995508233E-1,4.421241947E1,2.631760059E1,9.742423946E-1,3.606175283E1
8.602539542E0,9.262712364E-1,2.150415873E-1,7.842531735E-2,2.993795174E-1,4.427833209E1,2.644844620E1,9.470356786E-1,3.604518405E1
8.612586542E0,9.262837751E-1,2.165807375E-1,7.707251942E-2,2.985814457E-1,4.427451928E1,2.657031388E1,7.705408256E-1,3.591470243E1
8.622632542E0,9.264161583E-1,2.184639324E-1,7.479099460E-2,2.973770153E-1,4.423424464E1,2.669724568E1,4.952059939E-1,3.571048393E1
8.632678542E0,9.267124085E-1,2.205152353E-1,7.198062694E-2,2.956280475E-1,4.414399072E1,2.682516070E1,1.735894826E-1,3.542752321E1
8.642724542E0,9.271700390E-1,2.224783671E-1,6.895703837E-2,2.934348941E-1,4.400422597E1,2.693767405E1,-1.544714558E-1,3.508654245E1
8.652770542E0,9.277472401E-1,2.238901759E-1,6.661399496E-2,2.910685593E-1,4.382733925E1,2.701448592E1,-3.857686305E-1,3.474446967E1
8.662816542E0,9.284052578E-1,2.247259321E-1,6.515258987E-2,2.886467803E-1,4.362485417E1,2.705869914E1,-5.017352108E-1,3.442083529E1
8.672862542E0,9.290749712E-1,2.255513570E-1,6.337365568E-2,2.862342947E-1,4.341784795E1,2.709177256E1,-6.510838603E-1,3.408972264E1
8.682908542E0,9.297344008E-1,2.264913476E-1,6.158156115E-2,2.837309404E-1,4.321309856E1,2.713853932E1,-8.030962281E-1,3.374783348E1
8.692954542E0,9.303278916E-1,2.274413903E-1,5.998974844E-2,2.813569138E-1,4.302802982E1,2.719423225E1,-9.376381761E-1,3.342674861E1
8.703000542E0,9.308454760E-1,2.281438887E-1,5.902360042E-2,2.792726468E-1,4.286600988E1,2.724338253E1,-1.005305599E0,3.315701476E1
8.713047542E0,9.313458223E-1,2.283750378E-1,5.884901237E-2,2.774465292E-1,4.270882933E1,2.726548809E1,-9.801585532E-1,3.293970674E1
8.723093542E0,9.318492664E-1,2.281052769E-1,5.951238270E-2,2.758316727E-1,4.255011708E1,2.725820897E1,-8.551242645E-1,3.277064975E1
8.733139542E0,9.324086394E-1,2.274550037E-1,6.075774831E-2,2.742021070E-1,4.237310835E1,2.722666100E1,-6.552020412E-1,3.261636464E1
8.743185542E0,9.330517371E-1,2.267405251E-1,6.193518901E-2,2.723367507E-1,4.216872992E1,2.718532254E1,-4.539067434E-1,3.243291920E1
8.753231542E0,9.337804139E-1,2.262662466E-1,6.267905982E-2,2.700541195E-1,4.193600556E1,2.715669116E1,-2.951494643E-1,3.218900350E1
8.763277542E0,9.346212436E-1,2.262608623E-1,6.259627287E-2,2.671530676E-1,4.166591972E1,2.715411128E1,-2.225920352E-1,3.185045611E1
8.773323542E0,9.355790518E-1,2.268079021E-1,6.134963758E-2,2.636026382E-1,4.135620597E1,2.717710639E1,-2.738434245E-1,3.140454381E1
8.783369542E0,9.366244201E-1,2.278653876E-1,5.894929026E-2,2.594941213E-1,4.101562773E1,2.722310708E1,-4.487891042E-1,3.086238336E1
8.793415542E0,9.378385654E-1,2.291950205E-1,5.520554903E-2,2.547168813E-1,4.061663350E1,2.726195584E1,-7.570078989E-1,3.020638277E1
8.803461542E0,9.392645408E-1,2.304726443E-1,5.020610566E-2,2.492865339E-1,4.014317961E1,2.726316190E1,-1.180022604E0,2.944175415E1
8.813507542E0,9.407264042E-1,2.315045256E-1,4.476501074E-2,2.437944202E-1,3.965218699E1,2.723103749E1,-1.642079351E0,2.866001529E1
8.823554542E0,9.421612094E-1,2.320989437E-1,3.978487590E-2,2.384940747E-1,3.916454093E1,2.716908111E1,-2.048239647E0,2.791537221E1
8.833600542E0,9.434816912E-1,2.322323174E-1,3.583826608E-2,2.337221031E-1,3.871053748E1,2.708731763E1,-2.345780447E0,2.726163934E1
8.843646542E0,9.446345761E-1,2.322303681E-1,3.276861627E-2,2.294793485E-1,3.830992808E1,2.701595802E1,-2.560564763E0,2.669342706E1
8.853692542E0,9.457282868E-1,2.323324372E-1,2.990689794E-2,2.252223482E-1,3.792611790E1,2.696477647E1,-2.756148454E0,2.612968801E1
8.863738542E0,9.470292758E-1,2.323078235E-1,2.570030528E-2,2.202455640E-1,3.746463878E1,2.687055554E1,-3.075489906E0,2.544964444E1
8.873784542E0,9.485568461E-1,2.321213869E-1,1.898152865E-2,2.144744803E-1,3.691569261E1,2.670592716E1,-3.644067706E0,2.461612643E1
8.883830542E0,9.499234999E-1,2.323220796E-1,1.056839602E-2,2.087107302E-1,3.641780876E1,2.655852971E1,-4.410278181E0,2.374214292E1
8.893876542E0,9.507835484E-1,2.333483132E-1,2.452324917E-3,2.038458038E-1,3.610108639E1,2.652309835E1,-5.190697536E0,2.297763856E1
8.903922542E0,9.511957446E-1,2.351129913E-1,-4.130327934E-3,1.998285348E-1,3.594833466E1,2.661251766E1,-5.844103035E0,2.234519730E1
8.913968542E0,9.514214410E-1,2.371102356E-1,-9.236724196E-3,1.961904610E-1,3.586442956E1,2.676438458E1,-6.350686257E0,2.179071439E1
8.924015542E0,9.516824143E-1,2.388674747E-1,-1.311089412E-2,1.925383522E-1,3.576717258E1,2.691763300E1,-6.715367502E0,2.126583050E1
8.934061542E0,9.520708396E-1,2.401242410E-1,-1.569760426E-2,1.888258049E-1,3.562194241E1,2.704042755E1,-6.925217549E0,2.076889190E1
8.944107542E0,9.524079723E-1,2.411754466E-1,-1.755840870E-2,1.855944482E-1,3.549542430E1,2.715122603E1,-7.063378372E0,2.034625376E1
8.954153542E0,9.526082120E-1,2.423801511E-1,-1.908102682E-2,1.828265382E-1,3.542007195E1,2.728415904E1,-7.179631623E0,1.998377465E1
8.964199542E0,9.527271925E-1,2.436640284E-1,-2.052792813E-2,1.803254178E-1,3.537522471E1,2.742690222E1,-7.295844334E0,1.965288701E1
8.974245542E0,9.528156166E-1,2.447394790E-1,-2.196314423E-2,1.782204356E-1,3.534185941E1,2.754361663E1,-7.416941126E0,1.936876066E1
8.984291542E0,9.528912280E-1,2.455598463E-1,-2.305910980E-2,1.765414737E-1,3.531330453E1,2.763371136E1,-7.507076408E0,1.914352783E1
8.994337542E0,9.529648586E-1,2.461568564E-1,-2.348173733E-2,1.752522438E-1,3.528547625E1,2.770607552E1,-7.529325553E0,1.898148025E1
9.004383542E0,9.530601948E-1,2.465230177E-1,-2.329927308E-2,1.742406351E-1,3.524941284E1,2.775910501E1,-7.488076986E0,1.886829924E1
9.014429542E0,9.532077509E-1,2.467786383E-1,-2.299162216E-2,1.731092030E-1,3.519352531E1,2.780190435E1,-7.427461979E0,1.874560760E1
9.024476542E0,9.534481565E-1,2.470881437E-1,-2.298844007E-2,1.713344835E-1,3.510228608E1,2.785058689E1,-7.383268908E0,1.854161289E1
9.034522542E0,9.538149605E-1,2.475018150E-1,-2.335338964E-2,1.686249047E-1,3.496263157E1,2.791218742E1,-7.355165489E0,1.822122450E1
9.044568542E0,9.543328189E-1,2.479021153E-1,-2.402756009E-2,1.649731753E-1,3.476454047E1,2.797408067E1,-7.334103310E0,1.778612851E1
9.054614542E0,9.550151763E-1,2.480211801E-1,-2.502981215E-2,1.606392149E-1,3.450184248E1,2.800300526E1,-7.324662879E0,1.726743565E1
9.064660542E0,9.558925051E-1,2.475650564E-1,-2.626223868E-2,1.558572335E-1,3.416120590E1,2.796450890E1,-7.318066355E0,1.669653344E1
9.074706542E0,9.569621500E-1,2.463679173E-1,-2.733045055E-2,1.509282017E-1,3.374138763E1,2.784246379E1,-7.277561463E0,1.611910786E1
9.084752542E0,9.581855887E-1,2.444613625E-1,-2.797759434E-2,1.460695130E-1,3.325490181E1,2.764203606E1,-7.182612968E0,1.556612669E1
9.094798542E0,9.594448101E-1,2.420682960E-1,-2.814360024E-2,1.416919306E-1,3.274685699E1,2.738692628E1,-7.042336333E0,1.508365296E1
9.104844542E0,9.606344471E-1,2.395384630E-1,-2.756259540E-2,1.379971692E-1,3.225974171E1,2.711986204E1,-6.838225917E0,1.469834622E1
9.114890542E0,9.616605964E-1,2.371798938E-1,-2.535617627E-2,1.353208865E-1,3.183374324E1,2.688523847E1,-6.485909073E0,1.446784414E1
9.124936542E0,9.624584784E-1,2.353308483E-1,-2.086064589E-2,1.336337060E-1,3.149863136E1,2.673160627E1,-5.914903917E0,1.440295012E1
9.134983542E0,9.629716584E-1,2.343047411E-1,-1.433469109E-2,1.325950391E-1,3.128124634E1,2.669679687E1,-5.148827719E0,1.445742621E1
9.145029542E0,9.631678941E-1,2.342912858E-1,-5.397062003E-3,1.318566263E-1,3.119772985E1,2.681280807E1,-4.139339308E0,1.460352280E1
9.155075542E0,9.629281628E-1,2.354209688E-1,7.351242781E-3,1.315003168E-1,3.129972831E1,2.711902610E1,-2.737397559E0,1.489243846E1
9.165121542E0,9.621936276E-1,2.378583421E-1,2.048858405E-2,1.310997532E-1,3.161025301E1,2.759544219E1,-1.314387065E0,1.519484888E1
9.175167542E0,9.613761473E-1,2.405138570E-1,3.095759780E-2,1.301942703E-1,3.195238429E1,2.806752653E1,-1.778039870E-1,1.538026762E1
9.185213542E0,9.609675336E-1,2.422194557E-1,3.739757303E-2,1.283457517E-1,3.212206630E1,2.836925077E1,5.557795431E-1,1.535515809E1
9.195259542E0,9.609474717E-1,2.432165237E-1,4.093202882E-2,1.254995750E-1,3.213037478E1,2.854081632E1,1.009599211E0,1.513820510E1
9.205305542E0,9.613370772E-1,2.429759073E-1,4.299482203E-2,1.222504744E-1,3.196864657E1,2.854214169E1,1.332659170E0,1.483346946E1
9.215351542E0,9.620131548E-1,2.419838126E-1,4.239873915E-2,1.190670808E-1,3.168609393E1,2.841251307E1,1.372461267E0,1.445854398E1
9.225397542E0,9.628350183E-1,2.408522014E-1,3.987632402E-2,1.155377037E-1,3.133927120E1,2.823714160E1,1.210957486E0,1.398985493E1
9.235444542E0,9.637081324E-1,2.396673902E-1,3.629422122E-2,1.118436168E-1,3.096667375E1,2.804209709E1,9.364573749E-1,1.347360619E1
9.245490542E0,9.645672538E-1,2.384255017E-1,3.226174773E-2,1.082709127E-1,3.059572854E1,2.783760706E1,6.078140511E-1,1.295970944E1
9.255536542E0,9.653170462E-1,2.374665134E-1,2.837216260E-2,1.047268685E-1,3.026836351E1,2.767201219E1,2.886582602E-1,1.245465442E1
9.265582542E0,9.659467201E-1,2.368461013E-1,2.521866164E-2,1.010686063E-1,2.999074790E1,2.755883600E1,4.837805471E-2,1.195829983E1
9.275628542E0,9.665074418E-1,2.362434540E-1,2.334935408E-2,9.750483742E-2,2.974140183E1,2.746557999E1,-5.357787588E-2,1.150834484E1
9.285674542E0,9.670680792E-1,2.353197321E-1,2.311780983E-2,9.417860814E-2,2.949003343E1,2.735451519E1,2.227787256E-2,1.112992266E1
9.295720542E0,9.676655529E-1,2.340130007E-1,2.438774706E-2,9.092031957E-2,2.921982211E1,2.721509655E1,2.661565759E-1,1.079975091E1
9.305766542E0,9.682714139E-1,2.324676443E-1,2.667292811E-2,8.773793748E-2,2.894329827E1,2.705791013E1,6.222904849E-1,1.050493485E1
9.315812542E0,9.688281737E-1,2.308966627E-1,2.954104222E-2,8.477122082E-2,2.868688541E1,2.690296834E1,1.036743720E0,1.024912265E1
9.325858542E0,9.693558101E-1,2.295926076E-1,3.230146060E-2,8.119771597E-2,2.844179700E1,2.677603195E1,1.451940284E0,9.921958635E0
9.335904542E0,9.697340781E-1,2.286271708E-1,3.480565775E-2,7.831954983E-2,2.826480990E1,2.668548363E1,1.816151219E0,9.665606527E0
9.345951542E0,9.700519918E-1,2.279788680E-1,3.637354159E-2,7.550898724E-2,2.811521784E1,2.662110924E1,2.071094462E0,9.391911546E0
9.355997542E0,9.703557863E-1,2.275763550E-1,3.662820339E-2,7.264249578E-2,2.797153711E1,2.657090866E1,2.178988065E0,9.077113250E0
9.366043542E0,9.706968807E-1,2.271532217E-1,3.570876989E-2,6.981262993E-2,2.780934831E1,2.650624968E1,2.155314054E0,8.734961504E0
9.376089542E0,9.710526422E-1,2.266297895E-1,3.400031577E-2,6.737666853E-2,2.763919148E1,2.642339994E1,2.034030475E0,8.415796621E0
9.386135542E0,9.713741806E-1,2.262439035E-1,3.163660460E-2,6.515270577E-2,2.748451471E1,2.635198888E1,1.832697811E0,8.103551389E0
9.396181542E0,9.716737604E-1,2.260648742E-1,2.819507208E-2,6.284769463E-2,2.733962888E1,2.629677632E1,1.511495369E0,7.754554266E0
9.406227542E0,9.719379789E-1,2.259551027E-1,2.491035744E-2,6.050066307E-2,2.721121684E1,2.625335371E1,1.207986387E0,7.405551141E0
9.416273542E0,9.721799440E-1,2.258483026E-1,2.225105989E-2,5.799633948E-2,2.709309640E1,2.621723207E1,9.779328076E-1,7.055710870E0
9.426319542E0,9.723356345E-1,2.260168900E-1,2.031399073E-2,5.538163329E-2,2.701682483E1,2.622037191E1,8.290796730E-1,6.712875473E0
9.436365542E0,9.723570029E-1,2.266244579E-1,1.914938901E-2,5.288312597E-2,2.700634009E1,2.628165329E1,7.603869042E-1,6.403625651E0
9.446411542E0,9.722735100E-1,2.275303307E-1,1.859917244E-2,5.067888794E-2,2.704728443E1,2.638283085E1,7.508825173E-1,6.143584269E0
9.456457542E0,9.721328660E-1,2.285476502E-1,1.859668578E-2,4.876360870E-2,2.711611811E1,2.650103315E1,7.945622286E-1,5.930372001E0
9.466504542E0,9.719558914E-1,2.296170211E-1,1.902902815E-2,4.707061194E-2,2.720248976E1,2.662823221E1,8.809186206E-1,5.753667175E0
9.476550542E0,9.717567896E-1,2.307039462E-1,1.970613834E-2,4.556419928E-2,2.729933993E1,2.675903382E1,9.898605484E-1,5.604541314E0
9.486596542E0,9.715554541E-1,2.317559948E-1,2.041230879E-2,4.418848400E-2,2.739693512E1,2.688587049E1,1.099085697E0,5.471005254E0
9.496642542E0,9.713768358E-1,2.327062376E-1,2.098162842E-2,4.283312565E-2,2.748323384E1,2.699976113E1,1.193389188E0,5.336189581E0
9.506688542E0,9.712284789E-1,2.335256777E-1,2.132181671E-2,4.154806823E-2,2.755471033E1,2.709683329E1,1.261275343E0,5.203055520E0
9.516734500E0,9.711161154E-1,2.342235031E-1,2.135462803E-2,4.020864139E-2,2.760872489E1,2.717764023E1,1.297288960E0,5.055496801E0
9.526780500E0,9.710331283E-1,2.348231474E-1,2.120915818E-2,3.876742990E-2,2.764855142E1,2.724571867E1,1.316922541E0,4.891680107E0
9.536826500E0,9.709528385E-1,2.354363103E-1,2.102216315E-2,3.712736959E-2,2.768702997E1,2.731493144E1,1.337450568E0,4.704624834E0
9.546872500E0,9.708319192E-1,2.362408304E-1,2.091814473E-2,3.518747659E-2,2.774488135E1,2.740678195E1,1.374690172E0,4.486730199E0
9.556918500E0,9.706310052E-1,2.373989520E-1,2.103890599E-2,3.278160804E-2,2.784074397E1,2.754083563E1,1.448442046E0,4.223684421E0
9.566964500E0,9.703301188E-1,2.389543920E-1,2.153622826E-2,2.994280706E-2,2.798370458E1,2.772282527E1,1.574948269E0,3.923645300E0
9.577011500E0,9.699352871E-1,2.408285043E-1,2.254563475E-2,2.681163339E-2,2.817022280E1,2.794395946E1,1.766227449E0,3.606299284E0
9.587057500E0,9.694672885E-1,2.429187667E-1,2.394468885E-2,2.345792436E-2,2.838974989E1,2.819129948E1,2.007507377E0,3.276335662E0
9.597103500E0,9.689507789E-1,2.451422659E-1,2.543122927E-2,1.982052489E-2,2.863011823E1,2.845333014E1,2.267529300E0,2.918685016E0
9.607149500E0,9.684080961E-1,2.473986290E-1,2.686134559E-2,1.607012972E-2,2.888055636E1,2.871779559E1,2.526074351E0,2.548153545E0
9.617195500E0,9.678837050E-1,2.494903033E-1,2.836530320E-2,1.229486791E-2,2.912055029E1,2.896197061E1,2.795637976E0,2.177704616E0
9.627241500E0,9.674437340E-1,2.511338935E-1,3.017568947E-2,8.599305795E-3,2.932042537E1,2.915325708E1,3.099345648E0,1.824694327E0
9.637287500E0,9.671640476E-1,2.520130662E-1,3.251242665E-2,5.098082796E-3,2.944679460E1,2.925499730E1,3.458188341E0,1.506844196E0
9.647333500E0,9.671119541E-1,2.518502318E-1,3.552879231E-2,1.879496562E-3,2.947027318E1,2.923489817E1,3.886139425E0,1.236588032E0
9.657379500E0,9.673007719E-1,2.505999877E-1,3.908567022E-2,-1.129198365E-3,2.938508557E1,2.908689795E1,4.369091519E0,1.000201059E0
9.667425500E0,9.676701469E-1,2.485274164E-1,4.281153592E-2,-3.977735269E-3,2.921773497E1,2.884118160E1,4.866366761E0,7.809968278E-1
9.677471500E0,9.681296319E-1,2.460316487E-1,4.634932131E-2,-6.721242226E-3,2.900824082E1,2.854384855E1,5.339186739E0,5.635363009E-1
9.687517500E0,9.686072399E-1,2.434431262E-1,4.945985356E-2,-9.442158472E-3,2.878890285E1,2.823300645E1,5.762872815E0,3.334201866E-1
9.697564500E0,9.690608243E-1,2.409660189E-1,5.206323279E-2,-1.207886531E-2,2.857907230E1,2.793303169E1,6.126622009E0,9.684616467E-2
9.707610500E0,9.694479010E-1,2.388050763E-1,5.409465820E-2,-1.471919679E-2,2.839880827E1,2.766769408E1,6.425657813E0,-1.558399966E-1
9.717656500E0,9.697181044E-1,2.372115461E-1,5.539328690E-2,-1.757696385E-2,2.827230573E1,2.746525098E1,6.648077745E0,-4.504877106E-1
9.727702500E0,9.698101953E-1,2.364948600E-1,5.566020289E-2,-2.098752898E-2,2.822906419E1,2.735991301E1,6.770145015E0,-8.297932563E-1
9.737748500E0,9.696782335E-1,2.368499893E-1,5.467135353E-2,-2.524524576E-2,2.829100715E1,2.737340672E1,6.775878249E0,-1.330752499E0
9.747794500E0,9.693118088E-1,2.382264316E-1,5.245121560E-2,-3.052211549E-2,2.846231470E1,2.750066804E1,6.674315898E0,-1.972142756E0
9.757840500E0,9.687467882E-1,2.402992031E-1,4.933267545E-2,-3.677283030E-2,2.872450692E1,2.770642942E1,6.502969350E0,-2.742406978E0
9.767886500E0,9.680577715E-1,2.426212837E-1,4.571582257E-2,-4.369511299E-2,2.904110185E1,2.794192783E1,6.298820167E0,-3.600234356E0
9.777932500E0,9.673321292E-1,2.447556423E-1,4.196032763E-2,-5.101648419E-2,2.937091494E1,2.815802329E1,6.093559019E0,-4.508318664E0
9.787978500E0,9.666732475E-1,2.462891764E-1,3.848795415E-2,-5.833625381E-2,2.966727772E1,2.830734644E1,5.920344453E0,-5.412700084E0
9.798024500E0,9.661749032E-1,2.468914128E-1,3.568457760E-2,-6.540116144E-2,2.988952299E1,2.834979007E1,5.811101257E0,-6.276075953E0
9.808071500E0,9.658918449E-1,2.464516525E-1,3.380493352E-2,-7.191487259E-2,3.001504148E1,2.827078242E1,5.782412128E0,-7.058731751E0
9.818117500E0,9.658209961E-1,2.450894032E-1,3.278457939E-2,-7.775747946E-2,3.004637832E1,2.808331326E1,5.822278877E0,-7.748490318E0
9.828163500E0,9.659137613E-1,2.430648688E-1,3.231526370E-2,-8.298052766E-2,3.000534128E1,2.781816805E1,5.898518573E0,-8.358375068E0
9.838209500E0,9.661007669E-1,2.406589581E-1,3.208442541E-2,-8.776769316E-2,2.992244750E1,2.750886318E1,5.983251239E0,-8.916005463E0
9.848255500E0,9.663272640E-1,2.380370975E-1,3.188189926E-2,-9.237704110E-2,2.982174684E1,2.717478791E1,6.061449422E0,-9.455014213E0
9.858301500E0,9.665558685E-1,2.352765948E-1,3.163499249E-2,-9.702491126E-2,2.971977115E1,2.682446327E1,6.131421379E0,-1.000112476E1
9.868347500E0,9.667596485E-1,2.324545472E-1,3.144170704E-2,-1.017445575E-1,2.962857995E1,2.646612895E1,6.205519049E0,-1.055509150E1
9.878393500E0,9.668859205E-1,2.297111877E-1,3.136400932E-2,-1.066807964E-1,2.957193553E1,2.611484761E1,6.295853799E0,-1.113090867E1
9.888439500E0,9.669007983E-1,2.272303083E-1,3.134825694E-2,-1.117427593E-1,2.956525448E1,2.579299327E1,6.396255917E0,-1.171865279E1
9.898485500E0,9.667840937E-1,2.251867130E-1,3.122168995E-2,-1.168100328E-1,2.961762234E1,2.552332678E1,6.486978350E0,-1.230780683E1
9.908531500E0,9.665355116E-1,2.236834192E-1,3.067810098E-2,-1.217933919E-1,2.972886581E1,2.532175547E1,6.533797087E0,-1.289472421E1
9.918577500E0,9.661714050E-1,2.226886693E-1,2.942189308E-2,-1.267159330E-1,2.989107736E1,2.518829125E1,6.504980954E0,-1.348887052E1
9.928624500E0,9.657048815E-1,2.220783197E-1,2.732238997E-2,-1.317152658E-1,3.009766749E1,2.511028775E1,6.388700208E0,-1.410942778E1
9.938670500E0,9.651555816E-1,2.216581472E-1,2.445171543E-2,-1.369106656E-1,3.033915154E1,2.506504528E1,6.193936625E0,-1.476934942E1
9.948716500E0,9.645230417E-1,2.212547914E-1,2.100657935E-2,-1.424798659E-1,3.061492515E1,2.503046342E1,5.944863064E0,-1.548526111E1
9.958762500E0,9.638151854E-1,2.207876989E-1,1.722575416E-2,-1.483787810E-1,3.092068803E1,2.499565150E1,5.665772668E0,-1.624706161E1
9.968808500E0,9.630027206E-1,2.203180355E-1,1.334569421E-2,-1.546211929E-1,3.126804098E1,2.496527912E1,5.384302613E0,-1.705049643E1
9.978854500E0,9.620585469E-1,2.199665940E-1,9.610619425E-3,-1.611384443E-1,3.166703523E1,2.495034326E1,5.128061146E0,-1.788155160E1
9.988900500E0,9.609880170E-1,2.198226731E-1,6.212498154E-3,-1.677538137E-1,3.211358111E1,2.495849996E1,4.915844968E0,-1.871541287E1
9.998946500E0,9.598184841E-1,2.199026783E-1,3.333099221E-3,-1.742989242E-1,3.259461345E1,2.498815887E1,4.764243149E0,-1.952874401E1
1.000899250E1,9.585909993E-1,2.201454336E-1,1.065756822E-3,-1.806599795E-1,3.309216276E1,2.502946142E1,4.679745748E0,-2.030672731E1
1.001903850E1,9.573657061E-1,2.204312841E-1,-5.412498286E-4,-1.867101596E-1,3.358167499E1,2.506654030E1,4.661981415E0,-2.103424753E1
1.002908450E1,9.561755212E-1,2.206553262E-1,-1.545366884E-3,-1.924503496E-1,3.405061544E1,2.508689322E1,4.702103917E0,-2.171313564E1
1.003913050E1,9.549853364E-1,2.207427072E-1,-2.173723712E-3,-1.981688762E-1,3.451337098E1,2.508411628E1,4.780398057E0,-2.238206699E1
1.004917650E1,9.539016987E-1,2.206651991E-1,-2.546428293E-3,-2.034006909E-1,3.492952837E1,2.505899799E1,4.870781879E0,-2.299077092E1
1.005922350E1,9.528632847E-1,2.204214112E-1,-2.928710746E-3,-2.084641290E-1,3.532386002E1,2.501542902E1,4.951853404E0,-2.358192464E1
1.006926950E1,9.518445954E-1,2.200530372E-1,-3.480381383E-3,-2.134394802E-1,3.570660343E1,2.496154492E1,5.008897838E0,-2.416825915E1
1.007931550E1,9.508253581E-1,2.196501239E-1,-4.270750696E-3,-2.183270395E-1,3.608562104E1,2.490966748E1,5.036459758E0,-2.475092513E1
1.008936150E1,9.497784304E-1,2.193663070E-1,-5.242172334E-3,-2.230958711E-1,3.647097019E1,2.487669684E1,5.044051231E0,-2.532419960E1
1.009940750E1,9.486826123E-1,2.193880969E-1,-6.219536678E-3,-2.276653481E-1,3.687014613E1,2.488049360E1,5.053931380E0,-2.587376751E1
1.010945350E1,9.475255549E-1,2.198888120E-1,-7.059238877E-3,-2.319363833E-1,3.728715136E1,2.493780091E1,5.084383490E0,-2.638395509E1
1.011949950E1,9.462855525E-1,2.209169212E-1,-7.717467284E-3,-2.359654113E-1,3.772911389E1,2.505248192E1,5.143567021E0,-2.685990464E1
1.012954550E1,9.449841421E-1,2.224003743E-1,-8.093027314E-3,-2.397447192E-1,3.818766057E1,2.521340903E1,5.240877376E0,-2.729854567E1
1.013959150E1,9.436349161E-1,2.241663800E-1,-8.198995028E-3,-2.433828562E-1,3.865752439E1,2.540019812E1,5.373209264E0,-2.771336070E1
1.014963750E1,9.422478001E-1,2.260008742E-1,-8.251162290E-3,-2.470315721E-1,3.913492472E1,2.559289756E1,5.515177299E0,-2.812793167E1
1.015968350E1,9.408527605E-1,2.277504953E-1,-8.442445762E-3,-2.507078520E-1,3.960947389E1,2.577888822E1,5.641946161E0,-2.854958209E1
1.016972950E1,9.394526422E-1,2.293448263E-1,-9.050498345E-3,-2.544556341E-1,4.008032588E1,2.595750709E1,5.722536723E0,-2.899051168E1
1.017977550E1,9.380310922E-1,2.307781036E-1,-1.027761438E-2,-2.583283605E-1,4.055301984E1,2.613386078E1,5.736384239E0,-2.946203780E1
1.018982250E1,9.366041685E-1,2.320983536E-1,-1.212227657E-2,-2.622137942E-1,4.102225133E1,2.631488535E1,5.682235577E0,-2.995114639E1
1.019986850E1,9.351738941E-1,2.333734012E-1,-1.449870555E-2,-2.660385996E-1,4.148748614E1,2.650723884E1,5.569611836E0,-3.044720850E1
1.020991450E1,9.337561374E-1,2.346418843E-1,-1.728306334E-2,-2.697109599E-1,4.194377885E1,2.671304460E1,5.410723577E0,-3.093663524E1
1.021996050E1,9.323741211E-1,2.359398387E-1,-2.023989657E-2,-2.731322935E-1,4.238405177E1,2.693053030E1,5.229381806E0,-3.140220279E1
1.023000650E1,9.310324816E-1,2.372504055E-1,-2.323176437E-2,-2.763167619E-1,4.280732767E1,2.715369380E1,5.040130944E0,-3.184230694E1
1.024005250E1,9.297640932E-1,2.385356104E-1,-2.608542211E-2,-2.792115971E-1,4.320385748E1,2.737307437E1,4.858615207E0,-3.224655537E1
1.025009850E1,9.285985432E-1,2.397529905E-1,-2.868837987E-2,-2.817806372E-1,4.356520634E1,2.758016045E1,4.694079610E0,-3.260783106E1
1.026014450E1,9.275561884E-1,2.408519274E-1,-3.105699061E-2,-2.840166750E-1,4.388596321E1,2.776927757E1,4.542452130E0,-3.292566132E1
1.027019050E1,9.266555524E-1,2.417685582E-1,-3.323151511E-2,-2.859250422E-1,4.416132577E1,2.793402639E1,4.397012178E0,-3.320172492E1
1.028023650E1,9.259183830E-1,2.424473964E-1,-3.525176107E-2,-2.874923359E-1,4.438550153E1,2.806913500E1,4.250835335E0,-3.343550688E1
1.029028250E1,9.253372411E-1,2.428621003E-1,-3.721255891E-2,-2.887632531E-1,4.456147375E1,2.817425237E1,4.093883673E0,-3.363464829E1
1.030032850E1,9.248720453E-1,2.429996360E-1,-3.922792637E-2,-2.898691653E-1,4.470186316E1,2.825098811E1,3.917187898E0,-3.381745199E1
1.031037550E1,9.245130174E-1,2.428314806E-1,-4.131336297E-2,-2.908636834E-1,4.480992726E1,2.829643098E1,3.719517212E0,-3.399057418E1
1.032042150E1,9.242776904E-1,2.423362551E-1,-4.338260465E-2,-2.917221937E-1,4.488062459E1,2.830545223E1,3.508383213E0,-3.414872783E1
1.033046750E1,9.241587731E-1,2.415021690E-1,-4.535825924E-2,-2.924890766E-1,4.491630980E1,2.827397878E1,3.292711345E0,-3.429480299E1
1.034051350E1,9.241520085E-1,2.403492630E-1,-4.713184078E-2,-2.931792102E-1,4.491833893E1,2.820056613E1,3.084968369E0,-3.442728076E1
1.035055950E1,9.242585979E-1,2.389223920E-1,-4.860652739E-2,-2.937676224E-1,4.488635576E1,2.808698792E1,2.896120943E0,-3.454025087E1
1.036060550E1,9.244705334E-1,2.372422290E-1,-4.974952885E-2,-2.942709190E-1,4.482269821E1,2.793428390E1,2.730778317E0,-3.463457451E1
1.037065150E1,9.247533809E-1,2.353509945E-1,-5.065718231E-2,-2.947457032E-1,4.473760746E1,2.775021747E1,2.581853031E0,-3.471932328E1
1.038069750E1,9.250732754E-1,2.333407690E-1,-5.153431091E-2,-2.951878236E-1,4.464118622E1,2.755212823E1,2.430796697E0,-3.479935796E1
1.039074350E1,9.253538259E-1,2.313450209E-1,-5.265437395E-2,-2.956808364E-1,4.455646095E1,2.736426568E1,2.255786190E0,-3.489153781E1
1.040078950E1,9.255248157E-1,2.294639332E-1,-5.424405824E-2,-2.963238709E-1,4.450474756E1,2.720569070E1,2.039176899E0,-3.501337470E1
1.041083550E1,9.255575849E-1,2.277537195E-1,-5.635945072E-2,-2.971449969E-1,4.449483049E1,2.708497098E1,1.777825080E0,-3.516962336E1
1.042088150E1,9.254619326E-1,2.262040958E-1,-5.885000282E-2,-2.981420016E-1,4.452377228E1,2.699616081E1,1.487279498E0,-3.535616000E1
1.043092750E1,9.252540222E-1,2.247656502E-1,-6.156566652E-2,-2.993241786E-1,4.458661884E1,2.692881788E1,1.181971208E0,-3.557029063E1
1.044097450E1,9.249707954E-1,2.233771275E-1,-6.432836610E-2,-3.006550918E-1,4.467209681E1,2.687008024E1,8.775318698E-1,-3.580312769E1
1.045102050E1,9.246711313E-1,2.219206905E-1,-6.692930080E-2,-3.020843757E-1,4.476236693E1,2.679937680E1,5.902922987E-1,-3.604316837E1
1.046106650E1,9.244243615E-1,2.202939591E-1,-6.914448648E-2,-3.035280317E-1,4.483657383E1,2.669702324E1,3.376510302E-1,-3.627432033E1
1.047111250E1,9.242743398E-1,2.184397823E-1,-7.083235186E-2,-3.049324279E-1,4.488163044E1,2.655110654E1,1.307316547E-1,-3.648620253E1
1.048115850E1,9.242314132E-1,2.163193216E-1,-7.194773659E-2,-3.063099766E-1,4.489451485E1,2.635521355E1,-2.699684645E-2,-3.667891412E1
1.049120450E1,9.243427230E-1,2.138968209E-1,-7.246975165E-2,-3.075498104E-1,4.486109795E1,2.610422101E1,-1.378492939E-1,-3.683886999E1
1.050125050E1,9.246216087E-1,2.111433357E-1,-7.243802561E-2,-3.086197082E-1,4.477726836E1,2.579610229E1,-2.079576814E-1,-3.696352431E1
1.051129650E1,9.250259867E-1,2.080175937E-1,-7.205179716E-2,-3.096193260E-1,4.465545223E1,2.543360878E1,-2.570890421E-1,-3.707026620E1
1.052134192E1,9.255051542E-1,2.045101698E-1,-7.159187494E-2,-3.106290381E-1,4.451069680E1,2.502627125E1,-3.130487288E-1,-3.717626551E1
1.053138792E1,9.260331910E-1,2.006565570E-1,-7.119571564E-2,-3.116578216E-1,4.435065877E1,2.458333089E1,-3.888591608E-1,-3.728619407E1
1.054143392E1,9.265468135E-1,1.965609844E-1,-7.093928895E-2,-3.127976199E-1,4.419446153E1,2.411942510E1,-4.864199715E-1,-3.741277624E1
1.055147992E1,9.270183314E-1,1.924353453E-1,-7.078171242E-2,-3.139993319E-1,4.405060561E1,2.365663526E1,-5.948984514E-1,-3.754908973E1
1.056152592E1,9.273870531E-1,1.885696891E-1,-7.072008319E-2,-3.152673409E-1,4.393780010E1,2.322702050E1,-7.030397316E-1,-3.769565577E1
1.057157192E1,9.275658611E-1,1.852481539E-1,-7.080427679E-2,-3.166880901E-1,4.388299694E1,2.286391183E1,-8.032840280E-1,-3.786413773E1
1.058161892E1,9.275230189E-1,1.826896400E-1,-7.110894582E-2,-3.182278199E-1,4.389613366E1,2.259423057E1,-8.959429137E-1,-3.805257972E1
1.059166492E1,9.272228069E-1,1.809947730E-1,-7.168506689E-2,-3.199377596E-1,4.398808302E1,2.243099159E1,-9.810624671E-1,-3.826847843E1
1.060171092E1,9.266874154E-1,1.801602443E-1,-7.253415730E-2,-3.217630132E-1,4.415161174E1,2.237377701E1,-1.059755916E0,-3.850548239E1
1.061175692E1,9.259305002E-1,1.800562575E-1,-7.369484990E-2,-3.237308074E-1,4.438182533E1,2.240984199E1,-1.139866046E0,-3.876787803E1
1.062180292E1,9.249980855E-1,1.804854652E-1,-7.508847233E-2,-3.258303527E-1,4.466386741E1,2.251445348E1,-1.220383558E0,-3.905252396E1
1.063184892E1,9.239311380E-1,1.812342830E-1,-7.659297257E-2,-3.280838182E-1,4.498454463E1,2.265940642E1,-1.295750998E0,-3.935907525E1
1.064189492E1,9.227962498E-1,1.821092832E-1,-7.805480440E-2,-3.304402907E-1,4.532328005E1,2.281726781E1,-1.358316388E0,-3.967756754E1
1.065194092E1,9.216768506E-1,1.830008629E-1,-7.924612196E-2,-3.327799255E-1,4.565505928E1,2.296653335E1,-1.391312933E0,-3.998782293E1
1.066198692E1,9.205988185E-1,1.838391637E-1,-8.001485940E-2,-3.351100561E-1,4.597243462E1,2.309306731E1,-1.381561770E0,-4.028660949E1
1.067203292E1,9.195510900E-1,1.846265985E-1,-8.028954622E-2,-3.374795941E-1,4.627891532E1,2.319389307E1,-1.320513061E0,-4.057775404E1
1.068207892E1,9.185029189E-1,1.853886293E-1,-8.010170298E-2,-3.399518229E-1,4.658361805E1,2.327279737E1,-1.209081735E0,-4.086955204E1
1.069212492E1,9.174604377E-1,1.861303138E-1,-7.953747785E-2,-3.424846166E-1,4.688481138E1,2.333350712E1,-1.057249644E0,-4.115915244E1
1.070217092E1,9.164040269E-1,1.868649175E-1,-7.870631566E-2,-3.450949817E-1,4.718817809E1,2.338178914E1,-8.755868504E-1,-4.145143996E1
1.071221692E1,9.153133508E-1,1.875939685E-1,-7.771197140E-2,-3.478085644E-1,4.749946746E1,2.342197367E1,-6.742741395E-1,-4.175220329E1
1.072226392E1,9.141904745E-1,1.883259486E-1,-7.664907530E-2,-3.505908465E-1,4.781795194E1,2.345880091E1,-4.636998958E-1,-4.205977927E1
1.073230992E1,9.130837193E-1,1.890467914E-1,-7.562422726E-2,-3.532993505E-1,4.812992202E1,2.349513199E1,-2.591086800E-1,-4.235976789E1
1.074235592E1,9.120027791E-1,1.897435631E-1,-7.473020831E-2,-3.558984202E-1,4.843279046E1,2.353357249E1,-7.158803713E-2,-4.265017944E1
1.075240192E1,9.109818349E-1,1.903742275E-1,-7.400283800E-2,-3.583201570E-1,4.871722320E1,2.357123042E1,9.163683830E-2,-4.292368612E1
1.076244792E1,9.100642980E-1,1.909085125E-1,-7.340870441E-2,-3.604830490E-1,4.897152291E1,2.360359168E1,2.306323646E-1,-4.316956206E1
1.077249392E1,9.092354170E-1,1.913506119E-1,-7.286334527E-2,-3.624455959E-1,4.920019050E1,2.362765136E1,3.557234122E-1,-4.339269591E1
1.078253992E1,9.084889331E-1,1.916824551E-1,-7.227737763E-2,-3.642550233E-1,4.940527713E1,2.363767091E1,4.764885932E-1,-4.359653615E1
1.079258592E1,9.078351722E-1,1.919157959E-1,-7.153408108E-2,-3.659048828E-1,4.958423611E1,2.362992137E1,6.052577422E-1,-4.377739086E1
1.080263192E1,9.072314608E-1,1.920626671E-1,-7.062991527E-2,-3.674976965E-1,4.974895898E1,2.360550877E1,7.454284098E-1,-4.394761480E1
1.081267792E1,9.066660397E-1,1.921538255E-1,-6.959169615E-2,-3.690399972E-1,4.990277248E1,2.356891374E1,8.956863595E-1,-4.410869327E1
1.082272392E1,9.061751554E-1,1.922323661E-1,-6.842083562E-2,-3.704212759E-1,5.003595054E1,2.352499610E1,1.054954774E0,-4.424730606E1
1.083276992E1,9.057221400E-1,1.923464049E-1,-6.724442225E-2,-3.716831736E-1,5.015856108E1,2.348452603E1,1.213289867E0,-4.437155953E1
1.084281592E1,9.052907881E-1,1.925538728E-1,-6.618657850E-2,-3.728149218E-1,5.027504832E1,2.345928885E1,1.360198615E0,-4.448304982E1
1.085286192E1,9.048559590E-1,1.928701586E-1,-6.531454440E-2,-3.738593629E-1,5.039221971E1,2.345389572E1,1.490552804E0,-4.458846853E1
1.086290892E1,9.044195706E-1,1.932517877E-1,-6.464060576E-2,-3.748339666E-1,5.050955584E1,2.346419775E1,1.601637682E0,-4.469018649E1
1.087295492E1,9.039584840E-1,1.936322421E-1,-6.415516362E-2,-3.758320040E-1,5.063325669E1,2.348245703E1,1.693862888E0,-4.479933541E1
1.088300092E1,9.035182602E-1,1.939301465E-1,-6.377140603E-2,-3.768011708E-1,5.075109764E1,2.349616133E1,1.771234654E0,-4.490757126E1
1.089304692E1,9.031621615E-1,1.940852944E-1,-6.338457699E-2,-3.776393451E-1,5.084623303E1,2.349439725E1,1.839245899E0,-4.500005360E1
1.090309292E1,9.029125257E-1,1.940661386E-1,-6.295939958E-2,-3.783167714E-1,5.091282680E1,2.347229025E1,1.899318415E0,-4.507237427E1
1.091313892E1,9.027985817E-1,1.938404264E-1,-6.247948922E-2,-3.787834846E-1,5.094319593E1,2.342575825E1,1.950399316E0,-4.511811550E1
1.092318492E1,9.028126587E-1,1.934013827E-1,-6.192129636E-2,-3.790659527E-1,5.093944493E1,2.335302233E1,1.995276054E0,-4.513997648E1
1.093323092E1,9.029412488E-1,1.927956904E-1,-6.134238832E-2,-3.791621740E-1,5.090516867E1,2.326171250E1,2.030100276E0,-4.513901538E1
1.094327692E1,9.031632573E-1,1.920886138E-1,-6.087656028E-2,-3.790675332E-1,5.084594052E1,2.316483322E1,2.043954456E0,-4.511770501E1
1.095332292E1,9.034376333E-1,1.913245230E-1,-6.066252804E-2,-3.788342083E-1,5.077265252E1,2.307318508E1,2.025881014E0,-4.508550687E1
1.096336892E1,9.037595298E-1,1.905214780E-1,-6.068052475E-2,-3.784680575E-1,5.068654527E1,2.298781740E1,1.978895882E0,-4.504258590E1
1.097341492E1,9.041183892E-1,1.896805483E-1,-6.085991754E-2,-3.780043368E-1,5.059038915E1,2.290563147E1,1.911225875E0,-4.499155399E1
1.098346092E1,9.045280987E-1,1.887509521E-1,-6.113668009E-2,-3.774443317E-1,5.048039860E1,2.281827907E1,1.827258078E0,-4.493113350E1
1.099350692E1,9.049835165E-1,1.876961693E-1,-6.145212291E-2,-3.768270700E-1,5.035787381E1,2.271913106E1,1.732411544E0,-4.486475170E1
1.100355392E1,9.054747801E-1,1.865147352E-1,-6.177156968E-2,-3.761808745E-1,5.022539188E1,2.260643845E1,1.630935786E0,-4.479502631E1
1.101359992E1,9.060237850E-1,1.852651601E-1,-6.208304016E-2,-3.754244229E-1,5.007695082E1,2.248612430E1,1.524746721E0,-4.471168510E1
1.102364592E1,9.065987944E-1,1.839922410E-1,-6.242518827E-2,-3.746046245E-1,4.992103594E1,2.236462760E1,1.413027813E0,-4.462126685E1
1.103369192E1,9.071822754E-1,1.827334991E-1,-6.286206670E-2,-3.737342921E-1,4.976235673E1,2.224876892E1,1.291146160E0,-4.452675667E1
1.104373792E1,9.077337669E-1,1.815319398E-1,-6.346423453E-2,-3.728779103E-1,4.961194038E1,2.214617191E1,1.155232428E0,-4.443756346E1
1.105378392E1,9.082005433E-1,1.804160493E-1,-6.424402499E-2,-3.721485591E-1,4.948429505E1,2.206032937E1,1.007897852E0,-4.436770697E1
1.106382992E1,9.085806025E-1,1.794127752E-1,-6.515976010E-2,-3.715460488E-1,4.938013518E1,2.199238075E1,8.545654212E-1,-4.431621274E1
1.107387592E1,9.088711207E-1,1.785541859E-1,-6.615077475E-2,-3.710736248E-1,4.930037604E1,2.194319879E1,7.029474926E-1,-4.428210884E1
1.108392192E1,9.090946254E-1,1.778565660E-1,-6.719045848E-2,-3.706744520E-1,4.923893241E1,2.191347501E1,5.551360873E-1,-4.425792814E1
1.109396792E1,9.092992273E-1,1.773121973E-1,-6.825306483E-2,-3.702389697E-1,4.918262226E1,2.190132043E1,4.108630933E-1,-4.422982077E1
1.110401392E1,9.095108466E-1,1.769126347E-1,-6.925705544E-2,-3.697236402E-1,4.912431710E1,2.190225021E1,2.771682864E-1,-4.419066905E1
1.111405992E1,9.097503883E-1,1.766285807E-1,-7.013234539E-2,-3.691044397E-1,4.905824040E1,2.190999311E1,1.594503367E-1,-4.413595066E1
1.112410592E1,9.100075051E-1,1.763542943E-1,-7.089530344E-2,-3.684553572E-1,4.898722260E1,2.191379295E1,5.310474903E-2,-4.407504586E1
1.113415192E1,9.102855689E-1,1.760306855E-1,-7.150654338E-2,-3.678046309E-1,4.891031018E1,2.190553103E1,-3.970290716E-2,-4.401043302E1
1.114419792E1,9.105880990E-1,1.756640080E-1,-7.195684031E-2,-3.671426725E-1,4.882650125E1,2.188548710E1,-1.179479240E-1,-4.394069310E1
1.115424492E1,9.108940641E-1,1.752907923E-1,-7.227720377E-2,-3.664985212E-1,4.874160317E1,2.185898821E1,-1.825515055E-1,-4.387006136E1
1.116429092E1,9.111769537E-1,1.749698019E-1,-7.252511154E-2,-3.658992773E-1,4.866298425E1,2.183493145E1,-2.362754149E-1,-4.380318251E1
1.117433692E1,9.114459981E-1,1.747941550E-1,-7.275253593E-2,-3.652675171E-1,4.858810227E1,2.182566185E1,-2.822837822E-1,-4.373191728E1
1.118438292E1,9.116633494E-1,1.748623222E-1,-7.300337817E-2,-3.646417628E-1,4.852752857E1,2.184377484E1,-3.199869995E-1,-4.366201103E1
1.119442892E1,9.118049628E-1,1.752429293E-1,-7.330809988E-2,-3.640433619E-1,4.848802403E1,2.189805731E1,-3.491241555E-1,-4.359681905E1
1.120447492E1,9.119008891E-1,1.759473981E-1,-7.363492235E-2,-3.633969135E-1,4.846124723E1,2.198836431E1,-3.677279548E-1,-4.352648772E1
1.121452092E1,9.120018729E-1,1.769229343E-1,-7.394933257E-2,-3.626051428E-1,4.843304360E1,2.210746950E1,-3.768673048E-1,-4.343842695E1
1.122456692E1,9.121169338E-1,1.780603829E-1,-7.425284257E-2,-3.616955295E-1,4.840088960E1,2.224364688E1,-3.808628164E-1,-4.333599183E1
1.123461292E1,9.122767968E-1,1.792298157E-1,-7.461877731E-2,-3.606381915E-1,4.835618222E1,2.238598129E1,-3.937239426E-1,-4.321733830E1
1.124465892E1,9.124887954E-1,1.803430194E-1,-7.517520000E-2,-3.594289985E-1,4.829683454E1,2.253037651E1,-4.327037731E-1,-4.308511081E1
1.125470492E1,9.127711583E-1,1.813689527E-1,-7.602895291E-2,-3.580134755E-1,4.821768224E1,2.267794190E1,-5.116015371E-1,-4.293549085E1
1.126475092E1,9.131050245E-1,1.822990810E-1,-7.719124709E-2,-3.564375416E-1,4.812393450E1,2.282809970E1,-6.308942070E-1,-4.277450794E1
1.127479692E1,9.134466458E-1,1.831343999E-1,-7.859049085E-2,-3.548246871E-1,4.802783107E1,2.297782775E1,-7.801192200E-1,-4.261548168E1
1.128484292E1,9.138171377E-1,1.839242055E-1,-8.003775567E-2,-3.531348302E-1,4.792340098E1,2.312429450E1,-9.385273254E-1,-4.244899445E1
1.129488892E1,9.141880721E-1,1.847662732E-1,-8.132281835E-2,-3.514372816E-1,4.781863118E1,2.326921501E1,-1.078438286E0,-4.227812954E1
1.130493592E1,9.145599759E-1,1.857889138E-1,-8.225370526E-2,-3.497095980E-1,4.771337023E1,2.341846344E1,-1.175079051E0,-4.209527629E1
1.131498192E1,9.149469893E-1,1.871349840E-1,-8.272159323E-2,-3.478645565E-1,4.760360009E1,2.358309936E1,-1.213414143E0,-4.188711618E1
1.132502792E1,9.152954384E-1,1.889518714E-1,-8.275649082E-2,-3.459520379E-1,4.750456379E1,2.378088347E1,-1.189357129E0,-4.166037577E1
1.133507392E1,9.155993593E-1,1.913915365E-1,-8.236305526E-2,-3.438945552E-1,4.741802420E1,2.402902024E1,-1.099350389E0,-4.140582992E1
1.134511992E1,9.158009688E-1,1.945312976E-1,-8.163879328E-2,-3.417620300E-1,4.736053498E1,2.434075343E1,-9.490305046E-1,-4.113419230E1
1.135516592E1,9.159263767E-1,1.983235551E-1,-8.075483689E-2,-3.394486106E-1,4.732474152E1,2.471851982E1,-7.614638366E-1,-4.083695974E1
1.136521192E1,9.159691768E-1,2.025895063E-1,-7.981201715E-2,-3.370283067E-1,4.731251983E1,2.514744191E1,-5.531362467E-1,-4.052528094E1
1.137525792E1,9.159948864E-1,2.071213989E-1,-7.888861131E-2,-3.344112403E-1,4.730517696E1,2.560818155E1,-3.435292933E-1,-4.019031578E1
1.138530392E1,9.160011874E-1,2.116993264E-1,-7.818189296E-2,-3.316817472E-1,4.730337719E1,2.608463959E1,-1.601882460E-1,-3.984749662E1
1.139534992E1,9.160635436E-1,2.160921133E-1,-7.783448702E-2,-3.287453973E-1,4.728556262E1,2.655673286E1,-3.002853251E-2,-3.948990654E1
1.140539592E1,9.162117319E-1,2.200874080E-1,-7.785608201E-2,-3.256626082E-1,4.724320128E1,2.700080772E1,3.914259669E-2,-3.912558063E1
1.141544192E1,9.165000796E-1,2.235811235E-1,-7.808903291E-2,-3.223991988E-1,4.716067097E1,2.739847527E1,5.887374096E-2,-3.874655454E1
1.142548792E1,9.168732900E-1,2.265818685E-1,-7.846334434E-2,-3.191354733E-1,4.705364879E1,2.774742399E1,4.232636564E-2,-3.837242270E1
1.143553392E1,9.173153261E-1,2.292747360E-1,-7.886822804E-2,-3.158249227E-1,4.692659229E1,2.806361307E1,7.292773105E-3,-3.799459149E1
1.144557992E1,9.177613873E-1,2.319494225E-1,-7.926514072E-2,-3.124586749E-1,4.679804900E1,2.837775728E1,-3.115473226E-2,-3.761091789E1
1.145562592E1,9.181445653E-1,2.348759100E-1,-7.969598688E-2,-3.090185016E-1,4.668736033E1,2.872168786E1,-6.777352757E-2,-3.722057214E1
1.146567292E1,9.185272798E-1,2.381531593E-1,-8.017912147E-2,-3.052245056E-1,4.657655773E1,2.910728695E1,-1.096103347E-1,-3.679151352E1
1.147571892E1,9.188848326E-1,2.416048545E-1,-8.080176213E-2,-3.012456113E-1,4.647281451E1,2.951810329E1,-1.678896611E-1,-3.634648003E1
1.148576492E1,9.193491855E-1,2.449777298E-1,-8.143760003E-2,-2.969020624E-1,4.633775602E1,2.992081807E1,-2.446764135E-1,-3.586090396E1
1.149581092E1,9.199244900E-1,2.480986460E-1,-8.207780539E-2,-2.923168225E-1,4.616990924E1,3.029541073E1,-3.417112354E-1,-3.534903581E1
1.150585692E1,9.205224695E-1,2.510732758E-1,-8.286809041E-2,-2.876341390E-1,4.599483339E1,3.065886231E1,-4.657847208E-1,-3.483242500E1
1.151590292E1,9.210114993E-1,2.542022894E-1,-8.385235630E-2,-2.829976907E-1,4.585118589E1,3.104662192E1,-6.062377339E-1,-3.432946154E1
1.152594950E1,9.213186867E-1,2.576894670E-1,-8.491539465E-2,-2.784910757E-1,4.576073466E1,3.147781136E1,-7.414192588E-1,-3.384639449E1
1.153599550E1,9.214321038E-1,2.614399201E-1,-8.589609386E-2,-2.742878969E-1,4.572729621E1,3.193638253E1,-8.523190615E-1,-3.339786231E1
1.154604150E1,9.213988921E-1,2.652075797E-1,-8.665251916E-2,-2.705187042E-1,4.573709032E1,3.238979849E1,-9.279943487E-1,-3.299354192E1
1.155608750E1,9.212668882E-1,2.687683667E-1,-8.718469688E-2,-2.672632817E-1,4.577599856E1,3.281276254E1,-9.727524473E-1,-3.264173806E1
1.156613350E1,9.210985747E-1,2.719666171E-1,-8.759826283E-2,-2.644583035E-1,4.582556371E1,3.319104076E1,-1.004194883E0,-3.233808526E1
1.157617950E1,9.209516087E-1,2.747567279E-1,-8.805699966E-2,-2.619214426E-1,4.586880102E1,3.352463326E1,-1.046457528E0,-3.206702821E1
1.158622550E1,9.208298675E-1,2.771598674E-1,-8.869332224E-2,-2.595926817E-1,4.590458801E1,3.382013962E1,-1.114219540E0,-3.182627930E1
1.159627150E1,9.207418438E-1,2.792872402E-1,-8.950940114E-2,-2.573346432E-1,4.593044699E1,3.409005795E1,-1.208431080E0,-3.160039372E1
1.160631750E1,9.207176937E-1,2.812848743E-1,-9.038011288E-2,-2.549295333E-1,4.593753924E1,3.434665072E1,-1.318692537E0,-3.136037620E1
1.161636350E1,9.207416963E-1,2.831874990E-1,-9.131540413E-2,-2.523906282E-1,4.593049031E1,3.459415732E1,-1.444468379E0,-3.110821503E1
1.162640950E1,9.208539334E-1,2.848531214E-1,-9.223755610E-2,-2.497575881E-1,4.589751571E1,3.481353806E1,-1.580771969E0,-3.084544245E1
1.163645650E1,9.210933696E-1,2.861164626E-1,-9.293990172E-2,-2.471570854E-1,4.582709572E1,3.497897026E1,-1.706591264E0,-3.057850189E1
1.164650250E1,9.214683080E-1,2.869271678E-1,-9.325569752E-2,-2.446883759E-1,4.571661738E1,3.507932724E1,-1.802183770E0,-3.031210325E1
1.165654850E1,9.219384139E-1,2.873754100E-1,-9.312166001E-2,-2.424319179E-1,4.557773917E1,3.512328053E1,-1.854812288E0,-3.005285841E1
1.166659450E1,9.224873345E-1,2.876470570E-1,-9.243874408E-2,-2.402733249E-1,4.541506890E1,3.512927993E1,-1.852082679E0,-2.978436654E1
1.167664050E1,9.231061134E-1,2.878726902E-1,-9.122472519E-2,-2.380809513E-1,4.523103219E1,3.511325214E1,-1.796298939E0,-2.949266289E1
1.168668650E1,9.238136958E-1,2.880064432E-1,-8.959193520E-2,-2.357833369E-1,4.501971020E1,3.507379327E1,-1.702982358E0,-2.917384769E1
1.169673250E1,9.246764629E-1,2.878996220E-1,-8.767389535E-2,-2.332392477E-1,4.476076236E1,3.499803353E1,-1.595377506E0,-2.881683216E1
1.170677850E1,9.257281110E-1,2.873357499E-1,-8.576269382E-2,-2.304570500E-1,4.444318951E1,3.487006425E1,-1.509848316E0,-2.843306828E1
1.171682450E1,9.270172777E-1,2.861624764E-1,-8.404385050E-2,-2.273472237E-1,4.405092758E1,3.467755125E1,-1.472876540E0,-2.801905642E1
1.172687050E1,9.285345432E-1,2.843393724E-1,-8.259977303E-2,-2.239461627E-1,4.358496532E1,3.441794095E1,-1.492154339E0,-2.758171827E1
1.173691650E1,9.302335880E-1,2.819923513E-1,-8.144569749E-2,-2.202550892E-1,4.305748721E1,3.410590067E1,-1.564744328E0,-2.712166523E1
1.174696250E1,9.319896365E-1,2.793588266E-1,-8.059338285E-2,-2.164687428E-1,4.250576426E1,3.376923014E1,-1.677830833E0,-2.666124218E1
1.175700850E1,9.336966682E-1,2.766869166E-1,-8.001037603E-2,-2.127282100E-1,4.196281491E1,3.343571387E1,-1.816157375E0,-2.621525881E1
1.176705450E1,9.352791137E-1,2.740986892E-1,-7.954371558E-2,-2.092745286E-1,4.145343084E1,3.311543498E1,-1.952296211E0,-2.580556400E1
1.177710050E1,9.367709014E-1,2.715507436E-1,-7.888706768E-2,-2.061484547E-1,4.096768815E1,3.279497762E1,-2.053845314E0,-2.542614238E1
1.178714650E1,9.382202051E-1,2.689152274E-1,-7.782453510E-2,-2.033984150E-1,4.049044098E1,3.245401066E1,-2.099743821E0,-2.507510837E1
1.179719350E1,9.396972414E-1,2.661930467E-1,-7.612481592E-2,-2.007871227E-1,3.999845186E1,3.208651134E1,-2.072971616E0,-2.471845335E1
1.180723950E1,9.411987229E-1,2.635982865E-1,-7.366172248E-2,-1.980782183E-1,3.949229885E1,3.171446553E1,-1.961874585E0,-2.432661014E1
1.181728550E1,9.426377427E-1,2.614892161E-1,-7.055250732E-2,-1.951407937E-1,3.900128674E1,3.138352179E1,-1.773959414E0,-2.389023019E1
1.182733150E1,9.439197234E-1,2.601289898E-1,-6.698561953E-2,-1.919930563E-1,3.855879985E1,3.113028586E1,-1.522652722E0,-2.341837563E1
1.183737750E1,9.449975869E-1,2.595869181E-1,-6.307078843E-2,-1.887227980E-1,3.818295045E1,3.096669347E1,-1.216110962E0,-2.292448744E1
1.184742350E1,9.458460030E-1,2.597343056E-1,-5.898479898E-2,-1.855644818E-1,3.788458522E1,3.088305569E1,-8.701356952E-1,-2.243999253E1
1.185746950E1,9.464391777E-1,2.603969594E-1,-5.500539891E-2,-1.828136413E-1,3.767462992E1,3.086597496E1,-5.105291316E-1,-2.200610183E1
1.186751550E1,9.467667009E-1,2.613667479E-1,-5.161069154E-2,-1.807112300E-1,3.755821791E1,3.090142987E1,-1.869424404E-1,-2.166402835E1
1.187756150E1,9.468622900E-1,2.624458336E-1,-4.905060766E-2,-1.793542701E-1,3.752417694E1,3.097041528E1,7.180426319E-2,-2.143184038E1
1.188760750E1,9.467841076E-1,2.634852592E-1,-4.725913479E-2,-1.787228682E-1,3.755202131E1,3.105265357E1,2.689065232E-1,-2.130497432E1
1.189765350E1,9.466114741E-1,2.644070846E-1,-4.603749785E-2,-1.785949103E-1,3.761343369E1,3.113386930E1,4.173617168E-1,-2.125226495E1
1.190769950E1,9.463793714E-1,2.651782771E-1,-4.524282956E-2,-1.788845013E-1,3.769584957E1,3.120670447E1,5.293521517E-1,-2.125968098E1
1.191774550E1,9.461170915E-1,2.658426905E-1,-4.471669992E-2,-1.794173639E-1,3.778877239E1,3.127275097E1,6.176101221E-1,-2.130275254E1
1.192779150E1,9.458523672E-1,2.664443262E-1,-4.433342701E-2,-1.800147955E-1,3.788233856E1,3.133447628E1,6.911234967E-1,-2.135750336E1
1.193783750E1,9.456076626E-1,2.669754397E-1,-4.404495291E-2,-1.805835251E-1,3.796863122E1,3.138998856E1,7.519852712E-1,-2.141198984E1
1.194788350E1,9.457091100E-1,2.673968977E-1,-4.339623915E-2,-1.795831696E-1,3.793287972E1,3.142598098E1,7.998479870E-1,-2.127903397E1
1.195792950E1,9.458955255E-1,2.675045091E-1,-4.281310589E-2,-1.785774194E-1,3.786709953E1,3.142679366E1,8.335156444E-1,-2.114778309E1
1.196797550E1,9.461836414E-1,2.672081009E-1,-4.231972435E-2,-1.776102335E-1,3.776521537E1,3.138230447E1,8.499180666E-1,-2.102403907E1
1.197802150E1,9.465778830E-1,2.664825429E-1,-4.195407936E-2,-1.766840987E-1,3.762537209E1,3.129031209E1,8.446189985E-1,-2.090928312E1
1.198806850E1,9.470840667E-1,2.653550409E-1,-4.166095857E-2,-1.757352045E-1,3.744508340E1,3.115284988E1,8.223134602E-1,-2.079457683E1
1.199811450E1,9.476904755E-1,2.639109319E-1,-4.138197804E-2,-1.747035340E-1,3.722798913E1,3.097872545E1,7.894308719E-1,-2.067125974E1
1.200816050E1,9.483918412E-1,2.622332555E-1,-4.100554346E-2,-1.735083758E-1,3.697536735E1,3.077540458E1,7.575116205E-1,-2.052674288E1
1.201820650E1,9.491858036E-1,2.603695745E-1,-4.038527883E-2,-1.721133151E-1,3.668736836E1,3.054550906E1,7.425669033E-1,-2.035247215E1
1.202825250E1,9.500516684E-1,2.583420477E-1,-3.958527896E-2,-1.705704033E-1,3.637077828E1,3.029304451E1,7.399894833E-1,-2.015635569E1
1.203829850E1,9.509761595E-1,2.561204978E-1,-3.881840652E-2,-1.689369179E-1,3.602978646E1,3.001886303E1,7.280000938E-1,-1.995133552E1
1.204834450E1,9.519434719E-1,2.537150297E-1,-3.821113365E-2,-1.672486415E-1,3.566962758E1,2.972665154E1,6.942876929E-1,-1.974513420E1
1.205839050E1,9.529041671E-1,2.512550024E-1,-3.789960522E-2,-1.655541696E-1,3.530841581E1,2.943410732E1,6.281601434E-1,-1.954697293E1
1.206843650E1,9.537916112E-1,2.489449442E-1,-3.797607014E-2,-1.639080823E-1,3.497153754E1,2.916673917E1,5.251611351E-1,-1.936531876E1
1.207848250E1,9.545611283E-1,2.469410091E-1,-3.848109475E-2,-1.623343190E-1,3.467685929E1,2.894337937E1,3.843937730E-1,-1.920375781E1
1.208852850E1,9.551813192E-1,2.453409356E-1,-3.942100108E-2,-1.608802949E-1,3.443758576E1,2.877540460E1,2.081351969E-1,-1.906769334E1
1.209857450E1,9.556292559E-1,2.441952683E-1,-4.079282832E-2,-1.596161423E-1,3.426376143E1,2.866859704E1,-6.088790766E-4,-1.896500201E1
1.210862050E1,9.558937695E-1,2.435062200E-1,-4.254684318E-2,-1.586239212E-1,3.416071260E1,2.862233380E1,-2.342660034E-1,-1.890371657E1
1.211866650E1,9.559915081E-1,2.432333719E-1,-4.452800847E-2,-1.579086470E-1,3.412255938E1,2.862907716E1,-4.766771987E-1,-1.888024771E1
1.212871250E1,9.559598979E-1,2.433305730E-1,-4.645143259E-2,-1.573952141E-1,3.413490324E1,2.867800857E1,-6.997866939E-1,-1.887819017E1
1.213875850E1,9.558377564E-1,2.437308943E-1,-4.811508460E-2,-1.570174098E-1,3.418255928E1,2.875737015E1,-8.847072936E-1,-1.888436187E1
1.214880450E1,9.556820659E-1,2.442934073E-1,-4.935818483E-2,-1.567046802E-1,3.424321182E1,2.884744921E1,-1.018636462E0,-1.888602298E1
1.215885050E1,9.555325710E-1,2.449039992E-1,-5.009260420E-2,-1.564300934E-1,3.430135283E1,2.893308367E1,-1.094961425E0,-1.887732251E1
1.216889750E1,9.553955516E-1,2.455358753E-1,-5.029329696E-2,-1.562118149E-1,3.435455810E1,2.901062097E1,-1.110964589E0,-1.885937510E1
1.217894350E1,9.552631262E-1,2.462186332E-1,-4.994219263E-2,-1.560594119E-1,3.440590365E1,2.908317963E1,-1.063837483E0,-1.883262281E1
1.218898950E1,9.551329768E-1,2.469641898E-1,-4.908458856E-2,-1.559498301E-1,3.445629446E1,2.915310183E1,-9.589796832E-1,-1.879572436E1
1.219903550E1,9.550138276E-1,2.477292394E-1,-4.778370501E-2,-1.558702990E-1,3.450236363E1,2.921669124E1,-8.045128549E-1,-1.874901032E1
1.220908150E1,9.549262465E-1,2.483940006E-1,-4.619331475E-2,-1.558280679E-1,3.453618899E1,2.926311164E1,-6.193165815E-1,-1.869774054E1
1.221912750E1,9.549087555E-1,2.487643344E-1,-4.449510232E-2,-1.558388153E-1,3.454294045E1,2.927330953E1,-4.264705907E-1,-1.864902486E1
1.222917350E1,9.550063676E-1,2.486570812E-1,-4.278171703E-2,-1.558919203E-1,3.450524606E1,2.922766668E1,-2.398617217E-1,-1.860453358E1
1.223921950E1,9.552358994E-1,2.479944906E-1,-4.114595569E-2,-1.559813559E-1,3.441645117E1,2.911885237E1,-7.122750433E-2,-1.856656399E1
1.224926550E1,9.555839059E-1,2.468181932E-1,-3.968539880E-2,-1.560941831E-1,3.428139864E1,2.895356627E1,6.923117540E-2,-1.853673253E1
1.225931150E1,9.560188614E-1,2.452678108E-1,-3.849962883E-2,-1.561710589E-1,3.411187432E1,2.874998372E1,1.715853498E-1,-1.851130837E1
1.226935750E1,9.564917490E-1,2.435790182E-1,-3.765217161E-2,-1.561252031E-1,3.392663350E1,2.853682081E1,2.308833899E-1,-1.848220259E1
1.227940350E1,9.569369462E-1,2.420297738E-1,-3.722123062E-2,-1.559101278E-1,3.375133802E1,2.834795942E1,2.425363023E-1,-1.844610307E1
1.228944950E1,9.572933399E-1,2.408417173E-1,-3.723360072E-2,-1.555582859E-1,3.361036907E1,2.820966821E1,2.087228821E-1,-1.840710655E1
1.229949550E1,9.575188256E-1,2.401415107E-1,-3.760820191E-2,-1.551626956E-1,3.352088255E1,2.813510594E1,1.432903381E-1,-1.837324841E1
1.230954150E1,9.575796856E-1,2.399794139E-1,-3.832781720E-2,-1.548617671E-1,3.349668976E1,2.812976255E1,5.290658087E-2,-1.835965896E1
1.231958750E1,9.574773109E-1,2.402705749E-1,-3.940084435E-2,-1.547733008E-1,3.353737552E1,2.818395328E1,-6.164391487E-2,-1.837999762E1
1.232963350E1,9.572540591E-1,2.408025313E-1,-4.084159222E-2,-1.549537315E-1,3.362593447E1,2.827334419E1,-2.042632276E-1,-1.844122643E1
1.233967950E1,9.569732768E-1,2.413253735E-1,-4.258603975E-2,-1.554046185E-1,3.373699390E1,2.836781759E1,-3.724967421E-1,-1.854183745E1
1.234972550E1,9.566994065E-1,2.416363962E-1,-4.449204668E-2,-1.560724774E-1,3.384497845E1,2.844123709E1,-5.560899003E-1,-1.867174043E1
1.235977150E1,9.564677675E-1,2.416655934E-1,-4.643226631E-2,-1.568793367E-1,3.393605124E1,2.848309942E1,-7.447088935E-1,-1.881838681E1
1.236981850E1,9.562851452E-1,2.414751213E-1,-4.829563117E-2,-1.577210514E-1,3.400768537E1,2.849846506E1,-9.280814837E-1,-1.896676387E1
1.237986450E1,9.561393171E-1,2.412013669E-1,-4.997413995E-2,-1.584989979E-1,3.406478188E1,2.850092945E1,-1.094652621E0,-1.910265204E1
1.238991050E1,9.560127501E-1,2.409882093E-1,-5.136648216E-2,-1.591410209E-1,3.411426187E1,2.850497464E1,-1.232630686E0,-1.921508545E1
1.239995650E1,9.558916622E-1,2.409338925E-1,-5.239696207E-2,-1.596136978E-1,3.416153477E1,2.852023580E1,-1.332759243E0,-1.929819251E1
1.241000250E1,9.557613020E-1,2.410884345E-1,-5.304546509E-2,-1.599463629E-1,3.421235675E1,2.855197042E1,-1.391001376E0,-1.935474642E1
1.242004850E1,9.556250834E-1,2.414113952E-1,-5.333753221E-2,-1.601761475E-1,3.426538455E1,2.859591554E1,-1.409886190E0,-1.938959104E1
1.243009450E1,9.555064821E-1,2.418044883E-1,-5.329269850E-2,-1.603057912E-1,3.431148944E1,2.864096733E1,-1.393439973E0,-1.940342494E1
1.244014050E1,9.554335681E-1,2.421797850E-1,-5.299084277E-2,-1.602735067E-1,3.433980415E1,2.867844210E1,-1.353936649E0,-1.939146950E1
1.245018650E1,9.554378249E-1,2.424649716E-1,-5.248139274E-2,-1.599843372E-1,3.433815171E1,2.870085622E1,-1.300967766E0,-1.934438120E1
1.246023250E1,9.555279770E-1,2.426682564E-1,-5.183067701E-2,-1.593484677E-1,3.430313800E1,2.871049494E1,-1.244200824E0,-1.925402132E1
1.247027850E1,9.556821502E-1,2.428473384E-1,-5.118159447E-2,-1.583581010E-1,3.424317901E1,2.871707330E1,-1.198313183E0,-1.912379425E1
1.248032450E1,9.558727383E-1,2.429925764E-1,-5.074191855E-2,-1.571215125E-1,3.416891697E1,2.872379266E1,-1.183064926E0,-1.897196453E1
1.249037050E1,9.560973810E-1,2.429987404E-1,-5.062998706E-2,-1.557751736E-1,3.408118407E1,2.872079248E1,-1.209492241E0,-1.881723157E1
1.250041650E1,9.563548561E-1,2.427677756E-1,-5.084668508E-2,-1.544794530E-1,3.398035837E1,2.869668076E1,-1.274918080E0,-1.867753035E1
1.251046250E1,9.566304964E-1,2.422644896E-1,-5.136946405E-2,-1.533859952E-1,3.387209645E1,2.864697802E1,-1.373123502E0,-1.856914562E1
1.252050842E1,9.569178958E-1,2.415005990E-1,-5.212452484E-2,-1.525407401E-1,3.375885716E1,2.857165146E1,-1.494467506E0,-1.849500850E1
1.253055442E1,9.572060117E-1,2.405446664E-1,-5.300002025E-2,-1.519401475E-1,3.364496418E1,2.847655702E1,-1.625532697E0,-1.845146126E1
1.254060042E1,9.574680808E-1,2.395441634E-1,-5.386255551E-2,-1.515660521E-1,3.354104142E1,2.837633152E1,-1.749502199E0,-1.843276621E1
1.255064642E1,9.576861486E-1,2.386479107E-1,-5.450957285E-2,-1.513708279E-1,3.345432826E1,2.828430362E1,-1.842804562E0,-1.842796754E1
1.256069242E1,9.578476974E-1,2.379703369E-1,-5.478026098E-2,-1.513174278E-1,3.338994842E1,2.821057248E1,-1.886757259E0,-1.842853944E1
1.257073942E1,9.579448459E-1,2.375574136E-1,-5.473133903E-2,-1.513696478E-1,3.335117505E1,2.816155142E1,-1.887735775E0,-1.843223383E1
1.258078542E1,9.579959279E-1,2.373285352E-1,-5.451185932E-2,-1.514847087E-1,3.333076991E1,2.813071184E1,-1.864790623E0,-1.843843019E1
1.259083142E1,9.580435960E-1,2.371353024E-1,-5.420990876E-2,-1.515934054E-1,3.331171752E1,2.810237870E1,-1.832322847E0,-1.844161252E1
1.260087742E1,9.581181538E-1,2.368524971E-1,-5.390927529E-2,-1.516717564E-1,3.328189638E1,2.806358751E1,-1.802549952E0,-1.844127752E1
1.261092342E1,9.582247853E-1,2.364159927E-1,-5.368173499E-2,-1.517596747E-1,3.323920142E1,2.800835064E1,-1.783419123E0,-1.844386871E1
1.262096942E1,9.583520688E-1,2.358291400E-1,-5.353369418E-2,-1.519210129E-1,3.318816758E1,2.793729482E1,-1.773785345E0,-1.845676370E1
1.263101542E1,9.584785093E-1,2.351571295E-1,-5.339958291E-2,-1.522125005E-1,3.313739610E1,2.785681876E1,-1.763670476E0,-1.848459064E1
1.264106142E1,9.585744777E-1,2.344971204E-1,-5.322032183E-2,-1.526883805E-1,3.309881001E1,2.777715171E1,-1.743281817E0,-1.853195445E1
1.265110742E1,9.586067200E-1,2.339617185E-1,-5.296968506E-2,-1.533921065E-1,3.308583649E1,2.771093675E1,-1.706430646E0,-1.860322417E1
1.266115342E1,9.585552587E-1,2.336368295E-1,-5.261029888E-2,-1.543306746E-1,3.310654090E1,2.766740360E1,-1.647199708E0,-1.869829707E1
1.267119942E1,9.584146568E-1,2.336081591E-1,-5.210163910E-2,-1.554157874E-1,3.316304514E1,2.765550043E1,-1.561913511E0,-1.880619488E1
1.268124542E1,9.581801939E-1,2.339667340E-1,-5.143065074E-2,-1.565418247E-1,3.325706216E1,2.768534002E1,-1.450225245E0,-1.891472214E1
1.269129142E1,9.578501419E-1,2.348087226E-1,-5.055629329E-2,-1.575815453E-1,3.338897332E1,2.776707458E1,-1.309188562E0,-1.900836253E1
1.270133742E1,9.574250067E-1,2.361826045E-1,-4.950184236E-2,-1.584447549E-1,3.355814379E1,2.790675317E1,-1.142829426E0,-1.907744609E1
1.271138342E1,9.569051675E-1,2.380957553E-1,-4.829926633E-2,-1.590917934E-1,3.376388011E1,2.810596174E1,-9.555931548E-1,-1.911812252E1
1.272142942E1,9.562956397E-1,2.404825946E-1,-4.702497744E-2,-1.595478223E-1,3.400357281E1,2.835881440E1,-7.564759957E-1,-1.913503911E1
1.273147542E1,9.556167383E-1,2.431962405E-1,-4.578250942E-2,-1.598628278E-1,3.426863058E1,2.865049294E1,-5.583554759E-1,-1.913645247E1
1.274152142E1,9.549009584E-1,2.460127985E-1,-4.474012303E-2,-1.601256977E-1,3.454594972E1,2.895840413E1,-3.815257154E-1,-1.913705247E1
1.275156742E1,9.541855999E-1,2.487238945E-1,-4.402181429E-2,-1.604002001E-1,3.482096572E1,2.926069468E1,-2.417452264E-1,-1.914770740E1
1.276161342E1,9.534951502E-1,2.512378065E-1,-4.358487791E-2,-1.607076192E-1,3.508442407E1,2.954574403E1,-1.354633872E-1,-1.916981799E1
1.277165942E1,9.528426327E-1,2.535446089E-1,-4.331364187E-2,-1.610277667E-1,3.533165926E1,2.981002734E1,-5.080559709E-2,-1.919791333E1
1.278170542E1,9.522420823E-1,2.556620876E-1,-4.300849868E-2,-1.613139017E-1,3.555773343E1,3.005163225E1,3.292748799E-2,-1.922090014E1
1.279175242E1,9.516966178E-1,2.576385325E-1,-4.255195348E-2,-1.615095473E-1,3.576187202E1,3.027386770E1,1.277161283E-1,-1.922890571E1
1.280179842E1,9.511851658E-1,2.595703754E-1,-4.191848635E-2,-1.615949790E-1,3.595226282E1,3.048753965E1,2.375520742E-1,-1.921888593E1
1.281184442E1,9.506824803E-1,2.615517620E-1,-4.114321614E-2,-1.615573419E-1,3.613844494E1,3.070443065E1,3.599886180E-1,-1.919038224E1
1.282189042E1,9.501713655E-1,2.636475773E-1,-4.038602694E-2,-1.613480828E-1,3.632680324E1,3.093538080E1,4.773234544E-1,-1.914278231E1
1.283193642E1,9.496547715E-1,2.658300254E-1,-3.984953970E-2,-1.609418293E-1,3.651622658E1,3.118115764E1,5.660760457E-1,-1.907955644E1
1.284198242E1,9.491410436E-1,2.680241692E-1,-3.965640177E-2,-1.603796325E-1,3.670366245E1,3.143530328E1,6.126295149E-1,-1.900933210E1
1.285202842E1,9.486552169E-1,2.700929895E-1,-3.983957197E-2,-1.597366823E-1,3.688007207E1,3.168224657E1,6.130467735E-1,-1.894191436E1
1.286207442E1,9.482453809E-1,2.718197880E-1,-4.037460514E-2,-1.591054068E-1,3.702825760E1,3.189588684E1,5.687232485E-1,-1.888726435E1
1.287212042E1,9.479689398E-1,2.729681526E-1,-4.118906138E-2,-1.585770118E-1,3.712788885E1,3.204688388E1,4.859339791E-1,-1.885355456E1
1.288216642E1,9.478697682E-1,2.733644700E-1,-4.215299141E-2,-1.582337257E-1,3.716356813E1,3.211223478E1,3.781471381E-1,-1.884585561E1
1.289221242E1,9.479662845E-1,2.729606083E-1,-4.313974397E-2,-1.580863803E-1,3.712884457E1,3.208386050E1,2.585574484E-1,-1.886111797E1
1.290225842E1,9.482200085E-1,2.719318670E-1,-4.406303391E-2,-1.580829243E-1,3.703741276E1,3.198081356E1,1.382358675E-1,-1.889046773E1
1.291230442E1,9.485474895E-1,2.706391915E-1,-4.480902259E-2,-1.581272627E-1,3.691907896E1,3.184339887E1,3.345485440E-2,-1.891933389E1
1.292235042E1,9.488478701E-1,2.694958213E-1,-4.529182527E-2,-1.581404547E-1,3.681021498E1,3.171848684E1,-4.089317309E-2,-1.893616158E1
1.293239642E1,9.490413663E-1,2.688062778E-1,-4.549922991E-2,-1.580932081E-1,3.673992317E1,3.164154050E1,-7.840408683E-2,-1.893742064E1
1.294244242E1,9.490957358E-1,2.686738524E-1,-4.554186145E-2,-1.579795802E-1,3.672014888E1,3.162681209E1,-8.922149349E-2,-1.892606031E1
1.295248842E1,9.490241283E-1,2.690170647E-1,-4.553750979E-2,-1.578273036E-1,3.674619055E1,3.166703762E1,-8.685557428E-2,-1.890893450E1
1.296253442E1,9.488911549E-1,2.695961097E-1,-4.559075180E-2,-1.576231021E-1,3.679450206E1,3.173610277E1,-8.778702221E-2,-1.888785644E1
1.297258042E1,9.487942593E-1,2.700937165E-1,-4.567711069E-2,-1.573289593E-1,3.682966738E1,3.179624903E1,-9.678603426E-2,-1.885778660E1
1.298262642E1,9.488171029E-1,2.702140352E-1,-4.573246004E-2,-1.569683508E-1,3.682137991E1,3.181144113E1,-1.119203592E-1,-1.881928047E1
1.299267242E1,9.489695902E-1,2.698664185E-1,-4.574909751E-2,-1.566391840E-1,3.676601257E1,3.177086993E1,-1.309607034E-1,-1.878299827E1
1.300271842E1,9.491789758E-1,2.692609264E-1,-4.571730825E-2,-1.564212005E-1,3.668985435E1,3.169905756E1,-1.461949784E-1,-1.875755043E1
1.301276442E1,9.493425055E-1,2.687643101E-1,-4.561008666E-2,-1.563148218E-1,3.663026858E1,3.163859832E1,-1.475652961E-1,-1.874219090E1
1.302281142E1,9.493684680E-1,2.687053782E-1,-4.543293292E-2,-1.563101857E-1,3.662079996E1,3.162822515E1,-1.296268119E-1,-1.873604920E1
1.303285742E1,9.491922099E-1,2.692993538E-1,-4.527123654E-2,-1.564051847E-1,3.668503568E1,3.169488988E1,-9.755068414E-2,-1.874160153E1
1.304290342E1,9.487915198E-1,2.706214161E-1,-4.525505215E-2,-1.565594000E-1,3.683066114E1,3.184999190E1,-6.523506134E-2,-1.875842125E1
1.305294942E1,9.481955212E-1,2.725942047E-1,-4.540777125E-2,-1.567029100E-1,3.704624648E1,3.208497319E1,-3.886260781E-2,-1.877943274E1
1.306299542E1,9.474854311E-1,2.749936669E-1,-4.565161185E-2,-1.567345201E-1,3.730153134E1,3.237208607E1,-1.755963297E-2,-1.879088993E1
1.307304142E1,9.467593674E-1,2.775005720E-1,-4.583612021E-2,-1.566497628E-1,3.756082829E1,3.267090820E1,8.551122055E-3,-1.878745178E1
1.308308742E1,9.460937843E-1,2.798345170E-1,-4.581812351E-2,-1.565243338E-1,3.779701922E1,3.294562839E1,5.187210913E-2,-1.877281569E1
1.309313342E1,9.455237060E-1,2.818086648E-1,-4.558590491E-2,-1.564952525E-1,3.799819417E1,3.317394079E1,1.144958824E-1,-1.876174627E1
1.310317942E1,9.450437377E-1,2.833804999E-1,-4.521605578E-2,-1.566631655E-1,3.816677822E1,3.335222032E1,1.906962689E-1,-1.876791706E1
1.311322542E1,9.446209627E-1,2.846110825E-1,-4.488334855E-2,-1.570773426E-1,3.831468205E1,3.349095796E1,2.645012448E-1,-1.880262901E1
1.312327142E1,9.442092723E-1,2.856444917E-1,-4.472783722E-2,-1.577191548E-1,3.845818184E1,3.360980251E1,3.230547018E-1,-1.886851266E1
1.313331742E1,9.437698071E-1,2.866281991E-1,-4.482525966E-2,-1.585360029E-1,3.861079655E1,3.372764823E1,3.593800879E-1,-1.896228783E1
1.314336342E1,9.432862142E-1,2.876513349E-1,-4.517573178E-2,-1.594586817E-1,3.877806792E1,3.385507943E1,3.729818469E-1,-1.907629971E1
1.315340942E1,9.427792719E-1,2.886908975E-1,-4.574301782E-2,-1.604128863E-1,3.895267405E1,3.398877492E1,3.648815955E-1,-1.920115870E1
1.316345542E1,9.423060470E-1,2.896015855E-1,-4.637231242E-2,-1.613686926E-1,3.911499068E1,3.410858514E1,3.478698886E-1,-1.932841889E1
1.317350142E1,9.419374307E-1,2.901967306E-1,-4.683026954E-2,-1.623167438E-1,3.924097943E1,3.418778635E1,3.429292743E-1,-1.944916486E1
1.318354742E1,9.417076039E-1,2.903783309E-1,-4.697798371E-2,-1.632800943E-1,3.931933524E1,3.421191889E1,3.636560922E-1,-1.956121146E1
1.319359342E1,9.416154288E-1,2.901463125E-1,-4.684996265E-2,-1.642581119E-1,3.935071880E1,3.418158772E1,4.061431353E-1,-1.966566934E1
1.320363942E1,9.416457745E-1,2.895434545E-1,-4.657863178E-2,-1.652222632E-1,3.934038942E1,3.410450710E1,4.559019484E-1,-1.976392628E1
1.321368542E1,9.417704870E-1,2.886487296E-1,-4.633562359E-2,-1.661425397E-1,3.929791116E1,3.399352433E1,4.949626466E-1,-1.985849959E1
1.322373142E1,9.419673550E-1,2.875193626E-1,-4.624464961E-2,-1.670079409E-1,3.923076617E1,3.385798291E1,5.107489562E-1,-1.995232236E1
1.323377742E1,9.422185502E-1,2.862122729E-1,-4.635411552E-2,-1.678035048E-1,3.914493134E1,3.370567390E1,4.986761022E-1,-2.004526199E1
1.324382342E1,9.425148425E-1,2.847736324E-1,-4.663740556E-2,-1.685070200E-1,3.904345354E1,3.354159159E1,4.617985797E-1,-2.013383035E1
1.325386942E1,9.428563163E-1,2.832437440E-1,-4.695654150E-2,-1.690861177E-1,3.892618616E1,3.336770635E1,4.147463742E-1,-2.020970563E1
1.326391542E1,9.432330670E-1,2.816746168E-1,-4.716379862E-2,-1.695480050E-1,3.879640885E1,3.318707026E1,3.748219128E-1,-2.026872604E1
1.327396242E1,9.436230096E-1,2.801274692E-1,-4.719924412E-2,-1.699304455E-1,3.866164633E1,3.300559049E1,3.510984558E-1,-2.031313706E1
1.328400842E1,9.440127837E-1,2.786405178E-1,-4.702849670E-2,-1.702575894E-1,3.852648906E1,3.282700920E1,3.489518785E-1,-2.034457580E1
1.329405442E1,9.443802620E-1,2.772710508E-1,-4.667297750E-2,-1.705530809E-1,3.839864390E1,3.265846783E1,3.681156828E-1,-2.036645519E1
1.330410042E1,9.447028540E-1,2.760823727E-1,-4.618954261E-2,-1.708263611E-1,3.828607610E1,3.250857028E1,4.041396316E-1,-2.038173268E1
1.331414642E1,9.449762185E-1,2.750881918E-1,-4.565979887E-2,-1.710601918E-1,3.819043618E1,3.238061608E1,4.479675794E-1,-2.039114697E1
1.332419242E1,9.452182678E-1,2.742417988E-1,-4.511715820E-2,-1.712261239E-1,3.810555937E1,3.226981949E1,4.941017913E-1,-2.039260651E1
1.333423842E1,9.454471252E-1,2.734834927E-1,-4.452969435E-2,-1.713292151E-1,3.802514067E1,3.216849557E1,5.449186535E-1,-2.038565995E1
1.334428442E1,9.456718101E-1,2.727697042E-1,-4.383261708E-2,-1.714063017E-1,3.794602852E1,3.207017122E1,6.077105858E-1,-2.037238232E1
1.335433042E1,9.458905101E-1,2.720909397E-1,-4.301348255E-2,-1.714864229E-1,3.786887078E1,3.197348282E1,6.845698750E-1,-2.035566878E1
1.336437642E1,9.461082828E-1,2.714278118E-1,-4.208531411E-2,-1.715658697E-1,3.779188939E1,3.187643662E1,7.735720233E-1,-2.033556179E1
1.337442242E1,9.463211244E-1,2.707827016E-1,-4.109152303E-2,-1.716522707E-1,3.771650487E1,3.178022611E1,8.703207570E-1,-2.031432555E1
1.338446842E1,9.465243565E-1,2.701383289E-1,-4.010002896E-2,-1.717815773E-1,3.764438809E1,3.168419295E1,9.682455345E-1,-2.029816029E1
1.339451442E1,9.467182320E-1,2.694877396E-1,-3.916566494E-2,-1.719506704E-1,3.757546718E1,3.158862960E1,1.061149672E0,-2.028844323E1
1.340456042E1,9.469065863E-1,2.688190167E-1,-3.831691170E-2,-1.721512473E-1,3.750839213E1,3.149270414E1,1.145418118E0,-2.028512853E1
1.341460642E1,9.470830130E-1,2.681514738E-1,-3.759295529E-2,-1.723815376E-1,3.744545956E1,3.139946218E1,1.217135717E0,-2.028919041E1
1.342465242E1,9.472365118E-1,2.675365302E-1,-3.698601959E-2,-1.726244721E-1,3.739062244E1,3.131476890E1,1.277669315E0,-2.029836445E1
1.343469842E1,9.473695694E-1,2.670184085E-1,-3.638697590E-2,-1.728237845E-1,3.734302508E1,3.124165340E1,1.338003063E0,-2.030286696E1
1.344474442E1,9.474936497E-1,2.666348932E-1,-3.562104122E-2,-1.728951813E-1,3.729858630E1,3.118111769E1,1.415255453E0,-2.028777747E1
1.345479042E1,9.476161285E-1,2.663867853E-1,-3.456773879E-2,-1.728201599E-1,3.725467098E1,3.113091180E1,1.521961759E0,-2.024732215E1
1.346483642E1,9.477294192E-1,2.662576368E-1,-3.322343345E-2,-1.726615192E-1,3.721400556E1,3.108906894E1,1.660162389E0,-2.018848936E1
1.347488242E1,9.478355450E-1,2.661960497E-1,-3.170434513E-2,-1.724593829E-1,3.717587307E1,3.105195040E1,1.817440549E0,-2.011944887E1
1.348492842E1,9.479373296E-1,2.661513635E-1,-3.015132859E-2,-1.722475107E-1,3.713926493E1,3.101642607E1,1.978511625E0,-2.004839254E1
1.349497442E1,9.480385242E-1,2.660889335E-1,-2.868787410E-2,-1.720369029E-1,3.710283446E1,3.098083847E1,2.129590715E0,-1.998037582E1
1.350502042E1,9.481347033E-1,2.660110566E-1,-2.739005674E-2,-1.718383912E-1,3.706817757E1,3.094686558E1,2.262791554E0,-1.991889715E1
1.351506642E1,9.482224952E-1,2.659319575E-1,-2.626398777E-2,-1.716520600E-1,3.703651559E1,3.091622523E1,2.377731257E0,-1.986408678E1
1.352511263E1,9.482878228E-1,2.658890837E-1,-2.524033565E-2,-1.715112052E-1,3.701293835E1,3.089184296E1,2.483731014E0,-1.981746625E1
1.353515863E1,9.483236898E-1,2.659193662E-1,-2.423009677E-2,-1.714113593E-1,3.699998751E1,3.087631979E1,2.591067728E0,-1.977572873E1
1.354520462E1,9.483436252E-1,2.660072318E-1,-2.318741535E-2,-1.713095747E-1,3.699278733E1,3.086705700E1,2.703065622E0,-1.973269196E1
1.355525063E1,9.483693348E-1,2.660998495E-1,-2.212331279E-2,-1.711641681E-1,3.698349969E1,3.085817460E1,2.816154236E0,-1.968413166E1
1.356529762E1,9.484227770E-1,2.661297422E-1,-2.110252665E-2,-1.709503993E-1,3.696418637E1,3.084305327E1,2.921157829E0,-1.962940687E1
1.357534363E1,9.485281020E-1,2.660238271E-1,-2.019076388E-2,-1.706404092E-1,3.692609475E1,3.081441343E1,3.008598123E0,-1.956758343E1
1.358538963E1,9.486981645E-1,2.657436349E-1,-1.940797046E-2,-1.702216802E-1,3.686451010E1,3.076812727E1,3.075168127E0,-1.949798515E1
1.359543563E1,9.489217957E-1,2.653216290E-1,-1.873708747E-2,-1.697078259E-1,3.678337517E1,3.070762945E1,3.123838069E0,-1.942154016E1
1.360548163E1,9.491620327E-1,2.648633980E-1,-1.815705200E-2,-1.691422995E-1,3.669602259E1,3.064478333E1,3.160389704E0,-1.934216753E1
1.361552763E1,9.493831773E-1,2.644903246E-1,-1.759777386E-2,-1.685428448E-1,3.661543438E1,3.059248848E1,3.195428561E0,-1.925938033E1
1.362557363E1,9.495534927E-1,2.643034244E-1,-1.704952765E-2,-1.679318420E-1,3.655325208E1,3.056236408E1,3.232683707E0,-1.917506862E1
1.363561963E1,9.496656033E-1,2.643191452E-1,-1.656018167E-2,-1.673211341E-1,3.651226457E1,3.055717198E1,3.267578173E0,-1.909190336E1
1.364566563E1,9.497404982E-1,2.644831596E-1,-1.612305563E-2,-1.666787740E-1,3.648485829E1,3.057049978E1,3.298736990E0,-1.900625193E1
1.365571163E1,9.498003889E-1,2.647190766E-1,-1.574702144E-2,-1.659970487E-1,3.646292820E1,3.059354407E1,3.323420934E0,-1.891774745E1
1.366575763E1,9.498580458E-1,2.649618530E-1,-1.540669618E-2,-1.653103923E-1,3.644180400E1,3.061810354E1,3.344164471E0,-1.882972623E1
1.367580363E1,9.499108137E-1,2.651970535E-1,-1.508305053E-2,-1.646590549E-1,3.642246067E1,3.064201276E1,3.363996409E0,-1.874619366E1
1.368584963E1,9.499471864E-1,2.654191674E-1,-1.479681021E-2,-1.641161613E-1,3.640912159E1,3.066475078E1,3.382804055E0,-1.867599024E1
1.369589563E1,9.499594933E-1,2.656244963E-1,-1.459384152E-2,-1.637305177E-1,3.640460718E1,3.068652292E1,3.397025839E0,-1.862597085E1
1.370594162E1,9.499482822E-1,2.658035888E-1,-1.448507104E-2,-1.635144729E-1,3.640871964E1,3.070634741E1,3.405679841E0,-1.859787691E1
1.371598763E1,9.499173043E-1,2.659627563E-1,-1.444111188E-2,-1.634395780E-1,3.642008069E1,3.072452853E1,3.411225939E0,-1.858762106E1
1.372603363E1,9.498677817E-1,2.661161709E-1,-1.444106973E-2,-1.634772994E-1,3.643823581E1,3.074244961E1,3.415343354E0,-1.859133002E1
1.373607962E1,9.498037607E-1,2.662718824E-1,-1.447379676E-2,-1.635927396E-1,3.646169319E1,3.076097349E1,3.418331951E0,-1.860473061E1
1.374612563E1,9.497291607E-1,2.664319351E-1,-1.449887414E-2,-1.637629286E-1,3.648900829E1,3.077970551E1,3.423932884E0,-1.862403414E1
1.375617163E1,9.496331081E-1,2.666351988E-1,-1.451114941E-2,-1.639877820E-1,3.652414936E1,3.080312548E1,3.433458348E0,-1.864894339E1
1.376621763E1,9.495086063E-1,2.669210387E-1,-1.451867262E-2,-1.642428548E-1,3.656965005E1,3.083607961E1,3.446042757E0,-1.867681745E1
1.377626363E1,9.493576784E-1,2.672907614E-1,-1.451904140E-2,-1.645139854E-1,3.662473526E1,3.087872453E1,3.461544922E0,-1.870598700E1
1.378630963E1,9.491800294E-1,2.677351262E-1,-1.453045266E-2,-1.648153775E-1,3.668947072E1,3.093024819E1,3.478253831E0,-1.873861701E1
1.379635563E1,9.489769238E-1,2.682520573E-1,-1.454020966E-2,-1.651425635E-1,3.676334777E1,3.099019585E1,3.497386935E0,-1.877382757E1
1.380640163E1,9.487484879E-1,2.688323877E-1,-1.452211812E-2,-1.655132029E-1,3.684626748E1,3.105698336E1,3.522180972E0,-1.881284803E1
1.381644763E1,9.485037833E-1,2.694397660E-1,-1.447379676E-2,-1.659319740E-1,3.693489318E1,3.112626622E1,3.552347297E0,-1.885624485E1
1.382649363E1,9.482570978E-1,2.700087800E-1,-1.444609574E-2,-1.664188122E-1,3.702402906E1,3.119117574E1,3.581705968E0,-1.890801372E1
1.383653963E1,9.480805868E-1,2.703157250E-1,-1.437009444E-2,-1.669318237E-1,3.708768161E1,3.122429165E1,3.612059383E0,-1.896218652E1
1.384658562E1,9.481387073E-1,2.698660603E-1,-1.415756896E-2,-1.673467594E-1,3.706673412E1,3.116624559E1,3.639338894E0,-1.900398119E1
1.385663163E1,9.483073789E-1,2.690011016E-1,-1.423973424E-2,-1.677762358E-1,3.700587756E1,3.106452271E1,3.626763056E0,-1.905779949E1
1.386667763E1,9.484587283E-1,2.681491663E-1,-1.465041313E-2,-1.682479855E-1,3.695118857E1,3.097010538E1,3.579905334E0,-1.912613397E1
1.387672463E1,9.485232551E-1,2.675445486E-1,-1.524451511E-2,-1.687938293E-1,3.692784850E1,3.090792660E1,3.520185587E0,-1.920734084E1
1.388677063E1,9.484816983E-1,2.672657051E-1,-1.591363847E-2,-1.694052115E-1,3.694288169E1,3.088529942E1,3.460753193E0,-1.929696927E1
1.389681662E1,9.483720744E-1,2.672172994E-1,-1.646542501E-2,-1.700423454E-1,3.698250989E1,3.088766112E1,3.419483000E0,-1.938519875E1
1.390686263E1,9.482385110E-1,2.672806883E-1,-1.677172724E-2,-1.706556242E-1,3.703073670E1,3.089880746E1,3.406447778E0,-1.946303917E1
1.391690863E1,9.481141778E-1,2.673815562E-1,-1.685931892E-2,-1.711796781E-1,3.707557630E1,3.091064987E1,3.415215169E0,-1.952420366E1
1.392695462E1,"","","","","","","",""