"Time (s)","w","x","y","z","Direct (°)","Yaw (°)","Pitch (°)","Roll (°)"
-6.192083238E-4,9.418874445E-1,2.914667943E-1,-4.606471418E-3,1.669550045E-1,3.925803421E1,3.340968713E1,-6.084855052E0,1.827554104E1
9.426791687E-3,9.421066503E-1,2.905691823E-1,-3.672360278E-3,1.673055398E-1,3.918319048E1,3.331573927E1,-5.978034064E0,1.834977760E1
1.947279167E-2,9.423346226E-1,2.896338173E-1,-2.741778936E-3,1.676609642E-1,3.910520760E1,3.321744461E1,-5.870934181E0,1.842451489E1
2.951879168E-2,9.425461155E-1,2.887489548E-1,-1.922012196E-3,1.680094343E-1,3.903272801E1,3.312362949E1,-5.776501805E0,1.849452959E1
3.956379168E-2,9.427406653E-1,2.879151953E-1,-1.257409078E-3,1.683545327E-1,3.896594047E1,3.303357661E1,-5.699696431E0,1.855886679E1
4.960979166E-2,9.429312534E-1,2.870967667E-1,-7.260426859E-4,1.686881672E-1,3.890040614E1,3.294338159E1,-5.637190124E0,1.861755829E1
5.965579167E-2,9.431287535E-1,2.862864514E-1,-3.031412079E-4,1.689622060E-1,3.883238289E1,3.285278296E1,-5.584576097E0,1.866605394E1
6.970179168E-2,9.433364110E-1,2.854937429E-1,7.484226624E-5,1.691444068E-1,3.876073746E1,3.276407434E1,-5.534099074E0,1.870269104E1
7.974679169E-2,9.435477353E-1,2.847251635E-1,4.679353856E-4,1.692599735E-1,3.868769596E1,3.267886539E1,-5.480219911E0,1.873212771E1
8.979279167E-2,9.437464156E-1,2.839900171E-1,9.162935601E-4,1.693853182E-1,3.861890354E1,3.259854560E1,-5.421275207E0,1.876412326E1
9.983879168E-2,9.439434521E-1,2.832691585E-1,1.379656013E-3,1.694919919E-1,3.855056366E1,3.252032745E1,-5.360334708E0,1.879434356E1
1.098847917E-1,9.441369904E-1,2.825538738E-1,1.821112641E-3,1.696033438E-1,3.848332343E1,3.244244246E1,-5.302003410E0,1.882430573E1
1.199297917E-1,9.443159460E-1,2.818629605E-1,2.155042121E-3,1.697528808E-1,3.842104892E1,3.236553081E1,-5.257042539E0,1.885504069E1
1.299757917E-1,9.444862614E-1,2.812091365E-1,2.307339758E-3,1.698877086E-1,3.836169072E1,3.229008318E1,-5.232038978E0,1.887829475E1
1.400217917E-1,9.446513506E-1,2.806002093E-1,2.275023662E-3,1.699773550E-1,3.830406948E1,3.221709164E1,-5.226498573E0,1.889055750E1
1.500667917E-1,9.448056923E-1,2.800788317E-1,2.147950914E-3,1.699804738E-1,3.825012386E1,3.215328132E1,-5.230176113E0,1.888974915E1
1.601127917E-1,9.449529956E-1,2.795280251E-1,2.091252866E-3,1.700692772E-1,3.819856996E1,3.208678243E1,-5.228387602E0,1.890087299E1
1.701587917E-1,9.451112991E-1,2.789254411E-1,2.185293022E-3,1.701781004E-1,3.814309134E1,3.201661288E1,-5.209822782E0,1.891911378E1
1.802047917E-1,9.453397772E-1,2.780527168E-1,2.977032108E-3,1.703244764E-1,3.806288230E1,3.192613551E1,-5.111243426E0,1.896416869E1
1.902497917E-1,9.456965081E-1,2.767832116E-1,4.313466527E-3,1.703835663E-1,3.793732257E1,3.179861398E1,-4.942741962E0,1.901779872E1
2.002957917E-1,9.461274597E-1,2.752919613E-1,5.866820239E-3,1.703604277E-1,3.778510326E1,3.164931402E1,-4.743559956E0,1.906948574E1
2.103417917E-1,9.465962590E-1,2.736982098E-1,7.344731092E-3,1.702671567E-1,3.761884162E1,3.148728500E1,-4.548252805E0,1.911104182E1
2.203877917E-1,9.470720548E-1,2.721267962E-1,8.558317985E-3,1.700830171E-1,3.744937138E1,3.132396117E1,-4.379231083E0,1.913387877E1
2.304327917E-1,9.475322984E-1,2.706782722E-1,9.470165053E-3,1.697827630E-1,3.728473403E1,3.117048786E1,-4.241838456E0,1.913371578E1
2.404787917E-1,9.479480771E-1,2.694109375E-1,1.013060617E-2,1.694388025E-1,3.713539744E1,3.103419947E1,-4.134082206E0,1.912009077E1
2.505247917E-1,9.483128159E-1,2.683302818E-1,1.056388631E-2,1.690860334E-1,3.700391432E1,3.091596953E1,-4.054542450E0,1.909776247E1
2.605707917E-1,9.486334270E-1,2.674258947E-1,1.083158202E-2,1.687027078E-1,3.688796517E1,3.081569179E1,-3.995638913E0,1.906625752E1
2.706157917E-1,9.489147572E-1,2.666618250E-1,1.096138377E-2,1.683212367E-1,3.678593143E1,3.072949139E1,-3.954649165E0,1.903025318E1
2.806617917E-1,9.491860143E-1,2.659436744E-1,1.102109532E-2,1.679241291E-1,3.668729163E1,3.064751907E1,-3.921782444E0,1.899020067E1
2.907080417E-1,9.494634249E-1,2.651887400E-1,1.118146408E-2,1.675388226E-1,3.658614863E1,3.056295038E1,-3.877645891E0,1.895454626E1
3.007530417E-1,9.497552496E-1,2.643162792E-1,1.146804158E-2,1.672434575E-1,3.647945797E1,3.046647369E1,-3.820257064E0,1.893310782E1
3.107990417E-1,9.500796118E-1,2.632406705E-1,1.183838593E-2,1.670720041E-1,3.636051687E1,3.034720079E1,-3.753579796E0,1.892874181E1
3.208450417E-1,9.504233615E-1,2.619673826E-1,1.230078955E-2,1.670845639E-1,3.623405482E1,3.020576827E1,-3.678595087E0,1.894836877E1
3.308910417E-1,9.507746976E-1,2.605666321E-1,1.282705617E-2,1.672364611E-1,3.610435948E1,3.005015018E1,-3.598316908E0,1.898583386E1
3.409360417E-1,9.511092171E-1,2.591388444E-1,1.339804060E-2,1.675076761E-1,3.598045202E1,2.989191260E1,-3.516127576E0,1.903793673E1
3.509820417E-1,9.514143603E-1,2.577541834E-1,1.391974483E-2,1.678681159E-1,3.586706476E1,2.973773193E1,-3.442713041E0,1.909833785E1
3.610280417E-1,9.516830886E-1,2.564569561E-1,1.432436511E-2,1.682971708E-1,3.576692094E1,2.959163437E1,-3.385712587E0,1.916266741E1
3.710740417E-1,9.519095437E-1,2.553030386E-1,1.456051390E-2,1.687500387E-1,3.568231955E1,2.945932946E1,-3.350515886E0,1.922429479E1
3.811190417E-1,9.520926296E-1,2.543212910E-1,1.465563934E-2,1.691908105E-1,3.561377830E1,2.934474389E1,-3.333664456E0,1.927993536E1
3.911650417E-1,9.522287217E-1,2.535308690E-1,1.467098079E-2,1.696092022E-1,3.556274712E1,2.925121660E1,-3.328584049E0,1.933015211E1
4.012110417E-1,9.523213184E-1,2.528862014E-1,1.466218264E-2,1.700516177E-1,3.552798515E1,2.917425781E1,-3.329681326E0,1.938192284E1
4.112570417E-1,9.523760671E-1,2.523419170E-1,1.469440390E-2,1.705504257E-1,3.550741626E1,2.910964304E1,-3.329890719E0,1.944089388E1
4.213020417E-1,9.523847494E-1,2.519036951E-1,1.477401930E-2,1.711419145E-1,3.550415331E1,2.905803730E1,-3.329696415E0,1.951131382E1
4.313480417E-1,9.523552044E-1,2.515957808E-1,1.485594224E-2,1.717511472E-1,3.551525565E1,2.902167414E1,-3.332336491E0,1.958338135E1
4.413940417E-1,9.523071149E-1,2.514187429E-1,1.492860340E-2,1.722697642E-1,3.553331946E1,2.900072851E1,-3.335952503E0,1.964453847E1
4.514390417E-1,9.522396378E-1,2.513468404E-1,1.497608183E-2,1.727429469E-1,3.555865081E1,2.899175128E1,-3.343108618E0,1.969952127E1
4.614850417E-1,9.521548805E-1,2.513028812E-1,1.500847168E-2,1.732708361E-1,3.559044455E1,2.898559178E1,-3.354070328E0,1.976017224E1
4.715310417E-1,9.520782153E-1,2.512100107E-1,1.503120991E-2,1.738235078E-1,3.561917913E1,2.897345064E1,-3.365807139E0,1.982351890E1
4.815770417E-1,9.520207692E-1,2.510311605E-1,1.506258823E-2,1.743931224E-1,3.564069563E1,2.895136942E1,-3.375322475E0,1.988931954E1
4.916220417E-1,9.519855766E-1,2.507895221E-1,1.509298665E-2,1.749296097E-1,3.565387084E1,2.892203455E1,-3.382668710E0,1.995157189E1
5.016680417E-1,9.519535450E-1,2.505746891E-1,1.512578743E-2,1.754078921E-1,3.566585856E1,2.889605796E1,-3.388583184E0,2.000723478E1
5.117140417E-1,9.518978268E-1,2.504768030E-1,1.512486020E-2,1.758499282E-1,3.568670160E1,2.888322372E1,-3.399520104E0,2.005747994E1
5.217600417E-1,9.518099506E-1,2.505426575E-1,1.503856453E-2,1.762389015E-1,3.571955041E1,2.888805954E1,-3.421618243E0,2.009880214E1
5.318050417E-1,9.516894528E-1,2.507483025E-1,1.488897483E-2,1.766089930E-1,3.576454599E1,2.890806970E1,-3.452983090E0,2.013574881E1
5.418510417E-1,9.515552151E-1,2.510262293E-1,1.473270485E-2,1.769503403E-1,3.581460784E1,2.893647943E1,-3.485755569E0,2.016900831E1
5.518970417E-1,9.514143182E-1,2.513007739E-1,1.463574603E-2,1.773259109E-1,3.586708044E1,2.896550125E1,-3.512997305E0,2.020779351E1
5.619420417E-1,9.512862339E-1,2.514945335E-1,1.462222742E-2,1.777393293E-1,3.591471704E1,2.898654383E1,-3.530570534E0,2.025346426E1
5.719880417E-1,9.511814147E-1,2.515916188E-1,1.464932785E-2,1.781602499E-1,3.595365557E1,2.899703518E1,-3.541926549E0,2.030145524E1
5.820340417E-1,9.511016729E-1,2.516195411E-1,1.466620766E-2,1.785447134E-1,3.598325100E1,2.899936515E1,-3.551895277E0,2.034528424E1
5.920800417E-1,9.510650472E-1,2.516219750E-1,1.460158601E-2,1.787414971E-1,3.599683637E1,2.899776500E1,-3.564748147E0,2.036571207E1
6.021250417E-1,9.510194865E-1,2.516221015E-1,1.451103350E-2,1.789911329E-1,3.601372908E1,2.899522103E1,-3.581926612E0,2.039140047E1
6.121710417E-1,9.509831981E-1,2.516299303E-1,1.439027224E-2,1.791825217E-1,3.602717839E1,2.899318258E1,-3.600863267E0,2.040963432E1
6.222170417E-1,9.509378481E-1,2.516673567E-1,1.427283005E-2,1.793796004E-1,3.604397930E1,2.899464094E1,-3.620226104E0,2.042849956E1
6.322630417E-1,9.508808655E-1,2.517450965E-1,1.416807406E-2,1.795803880E-1,3.606507902E1,2.900103558E1,-3.639162071E0,2.044799449E1
6.423080417E-1,9.508120397E-1,2.518528765E-1,1.411466346E-2,1.797984136E-1,3.609054820E1,2.901187051E1,-3.653632668E0,2.047076781E1
6.523540417E-1,9.507391257E-1,2.519753974E-1,1.410714025E-2,1.800125196E-1,3.611751130E1,2.902531702E1,-3.663296418E0,2.049432264E1
6.624000417E-1,9.506784342E-1,2.520700803E-1,1.413483073E-2,1.801982186E-1,3.613993975E1,2.903628580E1,-3.667703999E0,2.051575105E1
6.724460417E-1,9.506292067E-1,2.521035239E-1,1.422194827E-2,1.804041481E-1,3.615812184E1,2.904117927E1,-3.664927649E0,2.054135064E1
6.824910417E-1,9.505982709E-1,2.520651492E-1,1.433901114E-2,1.806116792E-1,3.616954339E1,2.903826100E1,-3.657412133E0,2.056823032E1
6.925370417E-1,9.505923282E-1,2.519633750E-1,1.446725346E-2,1.807741553E-1,3.617173705E1,2.902830640E1,-3.646014115E0,2.059055335E1
7.025830417E-1,9.506069953E-1,2.518159770E-1,1.461774932E-2,1.808906492E-1,3.616632268E1,2.901361886E1,-3.629871693E0,2.060846376E1
7.126280417E-1,9.506251184E-1,2.516569253E-1,1.475869892E-2,1.810054572E-1,3.615963143E1,2.899739649E1,-3.614470316E0,2.062595432E1
7.226740417E-1,9.506380997E-1,2.515214653E-1,1.488914342E-2,1.811142804E-1,3.615483789E1,2.898374780E1,-3.600537627E0,2.064238467E1
7.327200417E-1,9.506465290E-1,2.514192171E-1,1.502232746E-2,1.812012715E-1,3.615172487E1,2.897411264E1,-3.586371028E0,2.065630540E1
7.427660417E-1,9.506391112E-1,2.513577670E-1,1.517003109E-2,1.813130449E-1,3.615446434E1,2.896944596E1,-3.572209551E0,2.067328769E1
7.528110417E-1,9.506202716E-1,2.513192237E-1,1.532839787E-2,1.814516659E-1,3.616142106E1,2.896757875E1,-3.558155066E0,2.069352275E1
7.628570417E-1,9.505885350E-1,2.513161470E-1,1.549833396E-2,1.816077357E-1,3.617313719E1,2.897002938E1,-3.544103425E0,2.071593179E1
7.729030417E-1,9.505455452E-1,2.513322260E-1,1.570504318E-2,1.817925917E-1,3.618900179E1,2.897534970E1,-3.527290648E0,2.074255855E1
7.829490417E-1,9.505012489E-1,2.513545849E-1,1.597927165E-2,1.819695664E-1,3.620534152E1,2.898276535E1,-3.503019094E0,2.077016333E1
7.929940417E-1,9.504568682E-1,2.513637624E-1,1.630697394E-2,1.821596065E-1,3.622170520E1,2.898966602E1,-3.473018626E0,2.080079063E1
8.030400417E-1,9.504155222E-1,2.513602536E-1,1.665054451E-2,1.823488880E-1,3.623694358E1,2.899542033E1,-3.440998266E0,2.083182412E1
8.130860417E-1,9.503885903E-1,2.513206988E-1,1.695760537E-2,1.825155788E-1,3.624686616E1,2.899633971E1,-3.411530095E0,2.085940755E1
8.231310417E-1,9.503728274E-1,2.512549708E-1,1.720239427E-2,1.826651158E-1,3.625267252E1,2.899304138E1,-3.387791027E0,2.088339528E1
8.331770417E-1,9.503731224E-1,2.511709827E-1,1.736260498E-2,1.827642873E-1,3.625256386E1,2.898610599E1,-3.371410585E0,2.089937961E1
8.432230417E-1,9.503842492E-1,2.510776696E-1,1.745193522E-2,1.828253160E-1,3.624846533E1,2.897679416E1,-3.361444247E0,2.090908992E1
8.532690417E-1,9.503981155E-1,2.509881707E-1,1.749787529E-2,1.828723097E-1,3.624335706E1,2.896711869E1,-3.355880309E0,2.091598963E1
8.633140417E-1,9.504131198E-1,2.508905797E-1,1.755820850E-2,1.829219587E-1,3.623782880E1,2.895677239E1,-3.348649326E0,2.092361426E1
8.733600417E-1,9.504246259E-1,2.507662570E-1,1.770767176E-2,1.830186014E-1,3.623358887E1,2.894493966E1,-3.332491711E0,2.093913818E1
8.834060417E-1,9.504247523E-1,2.506409545E-1,1.793553870E-2,1.831674219E-1,3.623354227E1,2.893439887E1,-3.309281772E0,2.096275713E1
8.934520417E-1,9.504129091E-1,2.505379686E-1,1.820778627E-2,1.833423735E-1,3.623790645E1,2.892727794E1,-3.282472642E0,2.099049652E1
9.034970417E-1,9.503836591E-1,2.504886041E-1,1.849445860E-2,1.835325401E-1,3.624868268E1,2.892667308E1,-3.255691165E0,2.102018874E1
9.135430417E-1,9.503535242E-1,2.504617882E-1,1.876406145E-2,1.836983879E-1,3.625978177E1,2.892844984E1,-3.230550337E0,2.104658456E1
9.235890417E-1,9.503322400E-1,2.504339818E-1,1.897257244E-2,1.838247863E-1,3.626761900E1,2.892901197E1,-3.210900208E0,2.106680901E1
9.336350417E-1,9.503269295E-1,2.503632805E-1,1.912560765E-2,1.839326823E-1,3.626957418E1,2.892352034E1,-3.195828930E0,2.108352329E1
9.436800417E-1,9.503451791E-1,2.502458383E-1,1.923898267E-2,1.839860823E-1,3.626285478E1,2.891194371E1,-3.182477501E0,2.109310555E1
9.537260417E-1,9.503737546E-1,2.501243079E-1,1.934584601E-2,1.839926572E-1,3.625233100E1,2.889990142E1,-3.168381122E0,2.109721954E1
9.637720417E-1,9.504022881E-1,2.500348933E-1,1.946316176E-2,1.839543457E-1,3.624181979E1,2.889194622E1,-3.152534218E0,2.109644431E1
9.738170417E-1,9.504174609E-1,2.499888690E-1,1.961583872E-2,1.839225670E-1,3.623622917E1,2.888974638E1,-3.133963892E0,2.109726356E1
9.838630417E-1,9.504140049E-1,2.499806082E-1,1.980651106E-2,1.839309121E-1,3.623750266E1,2.889259876E1,-3.113239802E0,2.110356802E1
9.939090417E-1,9.504069242E-1,2.499830316E-1,2.003505235E-2,1.839398472E-1,3.624011163E1,2.889746588E1,-3.088636768E0,2.111097152E1
1.003955042E0,9.504014451E-1,2.499733378E-1,2.029971348E-2,1.839518169E-1,3.624213035E1,2.890164119E1,-3.059922858E0,2.111976637E1
1.014000042E0,9.504126983E-1,2.499388301E-1,2.057627057E-2,1.839102180E-1,3.623798410E1,2.890332398E1,-3.027812918E0,2.112291468E1
1.024046042E0,9.504394194E-1,2.498670962E-1,2.084173249E-2,1.838399171E-1,3.622813683E1,2.890052446E1,-2.995268226E0,2.112261620E1
1.034092042E0,9.504779416E-1,2.497493800E-1,2.107086383E-2,1.837741680E-1,3.621393607E1,2.889161524E1,-2.965818593E0,2.112194545E1
1.044138042E0,9.505420892E-1,2.495569691E-1,2.126340118E-2,1.836815292E-1,3.619027689E1,2.887333350E1,-2.937953599E0,2.111742061E1
1.054183042E0,9.506308504E-1,2.492802540E-1,2.139970408E-2,1.835822312E-1,3.615751487E1,2.884410476E1,-2.914197406E0,2.111080191E1
1.064229042E0,9.507362597E-1,2.489506762E-1,2.147385093E-2,1.834747989E-1,3.611857073E1,2.880747670E1,-2.895839188E0,2.110166305E1
1.074275042E0,9.508597499E-1,2.485695211E-1,2.149787463E-2,1.833490327E-1,3.607289474E1,2.876387432E1,-2.881303232E0,2.108918757E1
1.084320042E0,9.509839989E-1,2.481747211E-1,2.150460759E-2,1.832386923E-1,3.602688165E1,2.871829254E1,-2.868814916E0,2.107800558E1
1.094366042E0,9.510986804E-1,2.477763069E-1,2.152466949E-2,1.831798131E-1,3.598436115E1,2.867242448E1,-2.856292679E0,2.107302042E1
1.104412042E0,9.512022352E-1,2.473757854E-1,2.160470635E-2,1.831742919E-1,3.594592435E1,2.862739350E1,-2.838727768E0,2.107574467E1
1.114458042E0,9.512909122E-1,2.469945882E-1,2.174404384E-2,1.832115497E-1,3.591297818E1,2.858570901E1,-2.816344924E0,2.108489307E1
1.124503042E0,9.513664394E-1,2.466403334E-1,2.192591802E-2,1.832751914E-1,3.588489450E1,2.854796945E1,-2.790659628E0,2.109812334E1
1.134549042E0,9.514329892E-1,2.463409749E-1,2.206492887E-2,1.833156945E-1,3.586013127E1,2.851582197E1,-2.770168757E0,2.110738204E1
1.144595042E0,9.514995813E-1,2.460876513E-1,2.212553603E-2,1.833023761E-1,3.583533579E1,2.848758226E1,-2.757680624E0,2.110823923E1
1.154641042E0,9.515730854E-1,2.458617863E-1,2.212353406E-2,1.832244888E-1,3.580794732E1,2.846143871E1,-2.750765928E0,2.109997829E1
1.164686042E0,9.516461680E-1,2.456578061E-1,2.207145109E-2,1.831248536E-1,3.578069579E1,2.843688102E1,-2.749170969E0,2.108780802E1
1.174732042E0,9.517219480E-1,2.454381051E-1,2.200554396E-2,1.830337321E-1,3.575241721E1,2.841019249E1,-2.748993755E0,2.107626296E1
1.184778042E0,9.517931762E-1,2.451940960E-1,2.196740106E-2,1.829949570E-1,3.572581750E1,2.838110478E1,-2.746764380E0,2.107147715E1
1.194823042E0,9.518609062E-1,2.449120071E-1,2.196478795E-2,1.830206245E-1,3.570050639E1,2.834814249E1,-2.741678117E0,2.107507032E1
1.204869042E0,9.519289733E-1,2.445794474E-1,2.199553408E-2,1.831074891E-1,3.567505176E1,2.830983021E1,-2.733603583E0,2.108664641E1
1.214915042E0,9.519948067E-1,2.442010424E-1,2.207726736E-2,1.832600607E-1,3.565041576E1,2.826705746E1,-2.720836419E0,2.110718515E1
1.224961042E0,9.520595021E-1,2.438231959E-1,2.218864040E-2,1.834139389E-1,3.562618955E1,2.822496360E1,-2.704868848E0,2.112868105E1
1.235006042E0,9.521112163E-1,2.435109299E-1,2.227731737E-2,1.835496939E-1,3.560681290E1,2.819009375E1,-2.692273424E0,2.114731929E1
1.245052042E0,9.521593902E-1,2.432781529E-1,2.228878132E-2,1.836071400E-1,3.558875358E1,2.816309882E1,-2.687599878E0,2.115475522E1
1.255098042E0,9.522028857E-1,2.431149182E-1,2.224149255E-2,1.836032625E-1,3.557244043E1,2.814314938E1,-2.689107877E0,2.115344925E1
1.265144042E0,9.522431781E-1,2.429642959E-1,2.221355973E-2,1.835971091E-1,3.555732218E1,2.812507029E1,-2.688712429E0,2.115238437E1
1.275189042E0,9.522957774E-1,2.427764157E-1,2.221711060E-2,1.835726639E-1,3.553757685E1,2.810334625E1,-2.683552563E0,2.115020768E1
1.285235042E0,9.523585762E-1,2.425107642E-1,2.227377704E-2,1.835908713E-1,3.551398879E1,2.807355149E1,-2.672113821E0,2.115451612E1
1.295280417E0,9.524348620E-1,2.421590698E-1,2.236877603E-2,1.836475167E-1,3.548531442E1,2.803443991E1,-2.655706035E0,2.116444623E1
1.305325417E0,9.525167533E-1,2.417409836E-1,2.247168810E-2,1.837611024E-1,3.545450806E1,2.798763845E1,-2.638593069E0,2.118120943E1
1.315371417E0,9.526077905E-1,2.412772207E-1,2.257153399E-2,1.838867843E-1,3.542023072E1,2.793544612E1,-2.621150236E0,2.119936850E1
1.325417417E0,9.526939386E-1,2.407901401E-1,2.267330809E-2,1.840659927E-1,3.538776460E1,2.788046292E1,-2.604480445E0,2.122369325E1
1.335463417E0,9.527783588E-1,2.402889404E-1,2.276296497E-2,1.842730602E-1,3.535592172E1,2.782354109E1,-2.589587149E0,2.125087553E1
1.345508417E0,9.528601658E-1,2.397872875E-1,2.283598439E-2,1.844943733E-1,3.532503797E1,2.776620539E1,-2.576876055E0,2.127921454E1
1.355554417E0,9.529411721E-1,2.393003966E-1,2.287708810E-2,1.847027473E-1,3.529443077E1,2.770997249E1,-2.567586620E0,2.130517988E1
1.365600417E0,9.530250021E-1,2.388106080E-1,2.284977694E-2,1.849076232E-1,3.526272953E1,2.765201369E1,-2.565587474E0,2.132891006E1
1.375646417E0,9.531170509E-1,2.383228742E-1,2.276460870E-2,1.850727545E-1,3.522788851E1,2.759320057E1,-2.568826892E0,2.134657312E1
1.385691417E0,9.532145787E-1,2.378536217E-1,2.264241445E-2,1.851889955E-1,3.519093717E1,2.753589261E1,-2.575142626E0,2.135765841E1
1.395737417E0,9.533021177E-1,2.374295928E-1,2.251288665E-2,1.852979451E-1,3.515773837E1,2.748370692E1,-2.583039040E0,2.136761667E1
1.405783417E0,9.533682882E-1,2.370783093E-1,2.236732197E-2,1.854250600E-1,3.513262330E1,2.743959951E1,-2.594777306E0,2.137903737E1
1.415828417E0,9.534104772E-1,2.368087276E-1,2.219463579E-2,1.855734591E-1,3.511660137E1,2.740436726E1,-2.611852125E0,2.139195427E1
1.425874417E0,9.534350910E-1,2.365888580E-1,2.198713632E-2,1.857524146E-1,3.510725064E1,2.737411166E1,-2.634660026E0,2.140729836E1
1.435920417E0,9.534389263E-1,2.363884181E-1,2.178994175E-2,1.860109855E-1,3.510579337E1,2.734612279E1,-2.658958690E0,2.143191851E1
1.445966417E0,9.534632451E-1,2.361585597E-1,2.157468726E-2,1.862033016E-1,3.509655197E1,2.731450363E1,-2.682747182E0,2.144862841E1
1.456011417E0,9.534820847E-1,2.359138446E-1,2.135955921E-2,1.864416420E-1,3.508939108E1,2.728104231E1,-2.707454706E0,2.147062348E1
1.466057417E0,9.534966675E-1,2.356884222E-1,2.114766593E-2,1.866756413E-1,3.508384722E1,2.724989032E1,-2.732102565E0,2.149217620E1
1.476103417E0,9.535203541E-1,2.354850320E-1,2.095871107E-2,1.868326805E-1,3.507484064E1,2.722196601E1,-2.752601693E0,2.150555451E1
1.486149417E0,9.535131469E-1,2.352955819E-1,2.086076179E-2,1.871188997E-1,3.507758131E1,2.719721050E1,-2.766999361E0,2.153598655E1
1.496194417E0,9.535179095E-1,2.351068062E-1,2.081855173E-2,1.873364196E-1,3.507577025E1,2.717386477E1,-2.773420050E0,2.156009253E1
1.506240417E0,9.535238101E-1,2.348897394E-1,2.082772920E-2,1.875776682E-1,3.507352633E1,2.714824452E1,-2.774237875E0,2.158833224E1
1.516286417E0,9.535133155E-1,2.346365527E-1,2.090130706E-2,1.879394146E-1,3.507751721E1,2.711946599E1,-2.770503305E0,2.163206148E1
1.526331417E0,9.535083843E-1,2.343387642E-1,2.100724317E-2,1.883235831E-1,3.507939229E1,2.708613950E1,-2.762834089E0,2.167931230E1
1.536377417E0,9.535110396E-1,2.340071317E-1,2.111069261E-2,1.887107019E-1,3.507838264E1,2.704884318E1,-2.754738941E0,2.172692588E1
1.546423417E0,9.535258331E-1,2.336399168E-1,2.119959085E-2,1.890807934E-1,3.507275695E1,2.700717336E1,-2.746948244E0,2.177231722E1
1.556469417E0,9.535561367E-1,2.332301756E-1,2.127635079E-2,1.894243323E-1,3.506123037E1,2.696039636E1,-2.738781359E0,2.181448191E1
1.566514417E0,9.536064179E-1,2.327759274E-1,2.135401690E-2,1.897213412E-1,3.504209681E1,2.690861695E1,-2.728222125E0,2.185150009E1
1.576560417E0,9.536713241E-1,2.323024181E-1,2.142236855E-2,1.899673102E-1,3.501738302E1,2.685455077E1,-2.716834152E0,2.188251485E1
1.586606417E0,9.537409085E-1,2.318223971E-1,2.146958356E-2,1.901990757E-1,3.499086913E1,2.679933557E1,-2.707199801E0,2.191137745E1
1.596652417E0,9.538077956E-1,2.313458216E-1,2.151101391E-2,1.904392706E-1,3.496536468E1,2.674438864E1,-2.698477843E0,2.194103629E1
1.606697417E0,9.538653260E-1,2.308883176E-1,2.159237840E-2,1.906968300E-1,3.494341354E1,2.669246620E1,-2.686259486E0,2.197365415E1
1.616743417E0,9.539223507E-1,2.304000358E-1,2.174837442E-2,1.909840608E-1,3.492164217E1,2.663850815E1,-2.665957481E0,2.201165727E1
1.626789417E0,9.539917666E-1,2.298389770E-1,2.195841324E-2,1.912896676E-1,3.489512225E1,2.657725810E1,-2.638563909E0,2.205332749E1
1.636834417E0,9.540756388E-1,2.292219050E-1,2.219466740E-2,1.915837683E-1,3.486305327E1,2.651014130E1,-2.606688826E0,2.209448143E1
1.646880417E0,9.541736302E-1,2.285530134E-1,2.248510134E-2,1.918609681E-1,3.482554951E1,2.643827241E1,-2.567218424E0,2.213521128E1
1.656926417E0,9.542726753E-1,2.278770096E-1,2.279971702E-2,1.921354284E-1,3.478760267E1,2.636615462E1,-2.524822185E0,2.217623111E1
1.666972417E0,9.543524171E-1,2.272812217E-1,2.309434457E-2,1.924097201E-1,3.475702225E1,2.630293295E1,-2.486382685E0,2.221648409E1
1.677017417E0,9.543982308E-1,2.268227483E-1,2.334360103E-2,1.926930733E-1,3.473944126E1,2.625463064E1,-2.456229467E0,2.225624831E1
1.687063417E0,9.544062808E-1,2.265156980E-1,2.354560034E-2,1.929894078E-1,3.473635116E1,2.622281409E1,-2.435008478E0,2.229590726E1
1.697109417E0,9.543847016E-1,2.263166068E-1,2.373095164E-2,1.933070265E-1,3.474463396E1,2.620309223E1,-2.418615380E0,2.233730741E1
1.707155417E0,9.543563368E-1,2.261356177E-1,2.391411131E-2,1.936354768E-1,3.475551842E1,2.618540351E1,-2.403150326E0,2.237983799E1
1.717200417E0,9.543430184E-1,2.258969085E-1,2.408648138E-2,1.939587432E-1,3.476062796E1,2.616084137E1,-2.387394041E0,2.242163926E1
1.727246417E0,9.543562104E-1,2.255387551E-1,2.421537698E-2,1.942939371E-1,3.475556693E1,2.612151052E1,-2.373952558E0,2.246395844E1
1.737292417E0,9.544065337E-1,2.249768849E-1,2.424672370E-2,1.946937421E-1,3.473625408E1,2.605637868E1,-2.368177103E0,2.251162416E1
1.747337417E0,9.545023756E-1,2.241499427E-1,2.412089428E-2,1.951930979E-1,3.469944351E1,2.595697388E1,-2.376057526E0,2.256727057E1
1.757383417E0,9.546492574E-1,2.230176360E-1,2.387457756E-2,1.958007290E-1,3.464295621E1,2.581942541E1,-2.392813535E0,2.263296867E1
1.767429417E0,9.548441444E-1,2.215758450E-1,2.357719994E-2,1.965221988E-1,3.456786909E1,2.564479809E1,-2.410803367E0,2.271118538E1
1.777475417E0,9.550638138E-1,2.199094745E-1,2.331950357E-2,1.973555263E-1,3.448304368E1,2.544493173E1,-2.421895965E0,2.280380474E1
1.787520417E0,9.552756017E-1,2.181527201E-1,2.315769128E-2,1.982967919E-1,3.440106969E1,2.523660476E1,-2.422844599E0,2.291144935E1
1.797566417E0,9.554471815E-1,2.164748541E-1,2.314576372E-2,1.993075997E-1,3.433451936E1,2.504066542E1,-2.410632232E0,2.303061564E1
1.807612417E0,9.555426863E-1,2.150399330E-1,2.326589278E-2,2.003864747E-1,3.429742186E1,2.487564640E1,-2.391021187E0,2.316025762E1
1.817658417E0,9.555305480E-1,2.139724903E-1,2.345503730E-2,2.015612760E-1,3.430213897E1,2.475439075E1,-2.374623064E0,2.330171959E1
1.827703417E0,9.554073528E-1,2.132915658E-1,2.362459407E-2,2.028431724E-1,3.434997881E1,2.467701383E1,-2.371992472E0,2.345411992E1
1.837749417E0,9.552002431E-1,2.129050792E-1,2.369744490E-2,2.042116806E-1,3.443025944E1,2.463113350E1,-2.388997858E0,2.361349501E1
1.847795417E0,9.549487529E-1,2.126792353E-1,2.364307546E-2,2.056249066E-1,3.452749969E1,2.460067434E1,-2.424819105E0,2.377463775E1
1.857840417E0,9.546839442E-1,2.124654138E-1,2.347405606E-2,2.070895517E-1,3.462960342E1,2.456875280E1,-2.474693728E0,2.393897492E1
1.867886417E0,9.544286186E-1,2.121509035E-1,2.322339822E-2,2.086112215E-1,3.472777514E1,2.452312369E1,-2.532379219E0,2.410823589E1
1.877932417E0,9.541915848E-1,2.116836951E-1,2.293057245E-2,2.101967859E-1,3.481867361E1,2.445869852E1,-2.592380897E0,2.428432204E1
1.887978417E0,9.539789118E-1,2.110340120E-1,2.265570124E-2,2.118385743E-1,3.490003482E1,2.437349190E1,-2.647099397E0,2.446789366E1
1.898023417E0,9.537896303E-1,2.102114741E-1,2.239238881E-2,2.135300538E-1,3.497229300E1,2.426850304E1,-2.697202442E0,2.465806129E1
1.908069417E0,9.536212536E-1,2.092557206E-1,2.212445075E-2,2.152420166E-1,3.503644943E1,2.414799099E1,-2.744632384E0,2.485101272E1
1.918115417E0,9.534700729E-1,2.082270635E-1,2.181665232E-2,2.169341704E-1,3.509395691E1,2.401813978E1,-2.793707766E0,2.504115640E1
1.928161417E0,9.533308618E-1,2.072015148E-1,2.140370803E-2,2.185625982E-1,3.514683065E1,2.388617559E1,-2.852409298E0,2.522174454E1
1.938206417E0,9.532082145E-1,2.062242242E-1,2.084552571E-2,2.200705281E-1,3.519334958E1,2.375640673E1,-2.924930376E0,2.538523119E1
1.948252417E0,9.531074414E-1,2.053037265E-1,2.014572997E-2,2.214285417E-1,3.523152731E1,2.362994200E1,-3.010451545E0,2.552831594E1
1.958298417E0,9.530269830E-1,2.044413914E-1,1.938151278E-2,2.226381984E-1,3.526198009E1,2.350883136E1,-3.100683041E0,2.565294813E1
1.968343417E0,9.529576093E-1,2.036645407E-1,1.864973812E-2,2.237066211E-1,3.528821701E1,2.339858930E1,-3.185991652E0,2.576202078E1
1.978389417E0,9.528965385E-1,2.029887898E-1,1.803343529E-2,2.246295949E-1,3.531129817E1,2.330312382E1,-3.257678297E0,2.585680220E1
1.988435417E0,9.528285135E-1,2.024637033E-1,1.757588911E-2,2.254274347E-1,3.533699043E1,2.322916106E1,-3.312861564E0,2.594035977E1
1.998481417E0,9.527418596E-1,2.021312384E-1,1.727817430E-2,2.261137540E-1,3.536969244E1,2.318151034E1,-3.352915834E0,2.601406446E1
2.008526417E0,9.526295383E-1,2.019846622E-1,1.711796360E-2,2.267289716E-1,3.541203749E1,2.315874305E1,-3.381117803E0,2.608205409E1
2.018572417E0,9.524939097E-1,2.019960313E-1,1.705616578E-2,2.272929807E-1,3.546310410E1,2.315664314E1,-3.401515188E0,2.614582293E1
2.028618417E0,9.523539822E-1,2.020919470E-1,1.706848320E-2,2.277924208E-1,3.551571487E1,2.316626500E1,-3.414531731E0,2.620350393E1
2.038664417E0,9.522431360E-1,2.021235571E-1,1.711684670E-2,2.282237517E-1,3.555733800E1,2.316967121E1,-3.420296866E0,2.625432456E1
2.048709417E0,9.521824866E-1,2.019727557E-1,1.716057406E-2,2.286068244E-1,3.558009207E1,2.315228564E1,-3.420567267E0,2.630005861E1
2.058755417E0,9.521746473E-1,2.016171943E-1,1.719147824E-2,2.289504898E-1,3.558303216E1,2.311132412E1,-3.415827745E0,2.634161548E1
2.068801417E0,9.522112729E-1,2.010718773E-1,1.719095140E-2,2.292775072E-1,3.556929395E1,2.304796505E1,-3.409029054E0,2.638116890E1
2.078846417E0,9.522761369E-1,2.003836298E-1,1.715429418E-2,2.296133754E-1,3.554495095E1,2.296735882E1,-3.402519706E0,2.642141554E1
2.088892417E0,9.523491774E-1,1.996327205E-1,1.706254049E-2,2.299710757E-1,3.551752005E1,2.287814410E1,-3.400811396E0,2.646318960E1
2.098938417E0,9.524103325E-1,1.988885441E-1,1.694005121E-2,2.303710072E-1,3.549453702E1,2.278878997E1,-3.403568669E0,2.650917474E1
2.108984417E0,9.524503299E-1,1.981703408E-1,1.680273678E-2,2.308345804E-1,3.547949760E1,2.270182661E1,-3.410056946E0,2.656214998E1
2.119029417E0,9.524676522E-1,1.974773307E-1,1.666359950E-2,2.313663472E-1,3.547298230E1,2.261747054E1,-3.418927629E0,2.662292746E1
2.129075417E0,9.524679472E-1,1.967660710E-1,1.653609474E-2,2.319794574E-1,3.547287132E1,2.253107006E1,-3.427826303E0,2.669346958E1
2.139121417E0,9.524590543E-1,1.960147613E-1,1.642389983E-2,2.326592439E-1,3.547621632E1,2.244028665E1,-3.435399245E0,2.677223228E1
2.149166417E0,9.524406782E-1,1.952585836E-1,1.625583927E-2,2.333810508E-1,3.548312728E1,2.234737479E1,-3.449792339E0,2.685473102E1
2.159212417E0,9.524121870E-1,1.945761102E-1,1.599319065E-2,2.340843131E-1,3.549383986E1,2.226046980E1,-3.475987050E0,2.693289083E1
2.169258417E0,9.523575647E-1,1.940704955E-1,1.564309785E-2,2.347489689E-1,3.551436885E1,2.219154721E1,-3.515585736E0,2.700421846E1
2.179304417E0,9.522629450E-1,1.937860991E-1,1.524437813E-2,2.353928463E-1,3.554990311E1,2.214657991E1,-3.566008184E0,2.707144804E1
2.189349417E0,9.521248298E-1,1.937056724E-1,1.484452044E-2,2.360425400E-1,3.560171042E1,2.212473554E1,-3.622238553E0,2.713870139E1
2.199395417E0,9.519440198E-1,1.937926003E-1,1.449923238E-2,2.367211886E-1,3.566942258E1,2.212320794E1,-3.677746392E0,2.720992458E1
2.209441417E0,9.517263313E-1,1.939916072E-1,1.424870098E-2,2.374471680E-1,3.575078086E1,2.213668590E1,-3.727070620E0,2.728825285E1
2.219487417E0,9.514848299E-1,1.942654985E-1,1.405834474E-2,2.382012594E-1,3.584082989E1,2.216011223E1,-3.772556665E0,2.737085435E1
2.229532417E0,9.512261325E-1,1.946098066E-1,1.386098158E-2,2.389636959E-1,3.593704867E1,2.219128766E1,-3.820993811E0,2.745403224E1
2.239578417E0,9.509562241E-1,1.950411164E-1,1.357889273E-2,2.397016872E-1,3.603717241E1,2.223017239E1,-3.880601566E0,2.753228319E1
2.249624417E0,9.506832389E-1,1.955632948E-1,1.316751841E-2,2.403812209E-1,3.613816466E1,2.227614716E1,-3.955588206E0,2.760068524E1
2.259669417E0,9.504141735E-1,1.961658050E-1,1.264342235E-2,2.409812234E-1,3.623744054E1,2.232852961E1,-4.043370958E0,2.765714784E1
2.269715417E0,9.501475946E-1,1.968386268E-1,1.206593677E-2,2.415127373E-1,3.633554040E1,2.238772321E1,-4.137441239E0,2.770421653E1
2.279761417E0,9.498722071E-1,1.975969961E-1,1.148289834E-2,2.420049282E-1,3.643661380E1,2.245662791E1,-4.233673625E0,2.774620240E1
2.289807417E0,9.495770106E-1,1.984436947E-1,1.092536929E-2,2.424958547E-1,3.654465763E1,2.253623396E1,-4.329640661E0,2.778814256E1
2.299852792E0,9.492416060E-1,1.994075194E-1,1.039215897E-2,2.430410663E-1,3.666704466E1,2.262955838E1,-4.427587505E0,2.783633061E1
2.309898792E0,9.488452570E-1,2.005218926E-1,9.959300303E-3,2.436894535E-1,3.681116336E1,2.274220434E1,-4.521344352E0,2.789789560E1
2.319944792E0,9.483818524E-1,2.017746866E-1,9.766625985E-3,2.444656720E-1,3.697897686E1,2.287637722E1,-4.595979948E0,2.797871090E1
2.329990792E0,9.478781344E-1,2.031241022E-1,9.851720472E-3,2.452970396E-1,3.716055949E1,2.302866495E1,-4.644612166E0,2.807136352E1
2.340035792E0,9.473947100E-1,2.043598267E-1,1.009090384E-2,2.461268268E-1,3.733402522E1,2.317210652E1,-4.673453473E0,2.816759985E1
2.350081792E0,9.470175589E-1,2.051234644E-1,1.022235986E-2,2.469363202E-1,3.746881934E1,2.325896432E1,-4.700278811E0,2.826121728E1
2.360127792E0,9.468079837E-1,2.050548704E-1,9.964041824E-3,2.478059151E-1,3.754352001E1,2.324022443E1,-4.747202580E0,2.835706727E1
2.370172792E0,9.468070987E-1,2.037653454E-1,9.223079153E-3,2.488992465E-1,3.754383518E1,2.306828994E1,-4.816748340E0,2.847410925E1
2.380218792E0,9.470194345E-1,2.010775250E-1,8.263848491E-3,2.503072041E-1,3.746815018E1,2.272970824E1,-4.876614626E0,2.862986326E1
2.390264792E0,9.473989879E-1,1.973151285E-1,7.583124204E-3,2.518815786E-1,3.733249360E1,2.227579625E1,-4.877842208E0,2.881629852E1
2.400310792E0,9.478418249E-1,1.931811444E-1,7.646881849E-3,2.534139115E-1,3.717361544E1,2.180076529E1,-4.784801679E0,2.901492347E1
2.410355792E0,9.482246447E-1,1.894383040E-1,8.434005856E-3,2.547781629E-1,3.703574005E1,2.139173651E1,-4.619307958E0,2.920621181E1
2.420401792E0,9.484264859E-1,1.866929426E-1,9.642482443E-3,2.560076286E-1,3.696284565E1,2.110902360E1,-4.433344059E0,2.938511090E1
2.430447792E0,9.483604629E-1,1.853613709E-1,1.092482665E-2,2.571660979E-1,3.698670494E1,2.098946623E1,-4.279157385E0,2.955094543E1
2.440492792E0,9.479856299E-1,1.855478549E-1,1.208752649E-2,2.583583269E-1,3.712188093E1,2.103854667E1,-4.183906492E0,2.971238979E1
2.450538792E0,9.473545441E-1,1.869160733E-1,1.309535774E-2,2.596345967E-1,3.734840288E1,2.121676431E1,-4.143107438E0,2.987630995E1
2.460584792E0,9.465935195E-1,1.888762231E-1,1.394383175E-2,2.609446261E-1,3.761981527E1,2.145738871E1,-4.138875066E0,3.003902948E1
2.470630792E0,9.458382058E-1,1.908652857E-1,1.461406674E-2,2.621965140E-1,3.788733757E1,2.169651376E1,-4.154336725E0,3.019144703E1
2.480675792E0,9.451839392E-1,1.925301441E-1,1.498960043E-2,2.633152388E-1,3.811760808E1,2.189106481E1,-4.189554814E0,3.032363265E1
2.490721792E0,9.446650694E-1,1.937220675E-1,1.495024581E-2,2.643029502E-1,3.829927743E1,2.202061014E1,-4.252768574E0,3.043380958E1
2.500767792E0,9.442733987E-1,1.944250875E-1,1.444301902E-2,2.652129428E-1,3.843586368E1,2.208148461E1,-4.350165234E0,3.052714867E1
2.510813792E0,9.439816161E-1,1.946514899E-1,1.360978637E-2,2.661281617E-1,3.853731344E1,2.207879147E1,-4.468425868E0,3.061631809E1
2.520858792E0,9.437686481E-1,1.943961748E-1,1.268018494E-2,2.671141872E-1,3.861119829E1,2.201833547E1,-4.583831148E0,3.071390708E1
2.530904792E0,9.436167508E-1,1.937128374E-1,1.182160095E-2,2.681844642E-1,3.866381291E1,2.191102344E1,-4.680046800E0,3.082483722E1
2.540950792E0,9.435025539E-1,1.927972814E-1,1.118539427E-2,2.692714947E-1,3.870332347E1,2.178379353E1,-4.745085532E0,3.094346548E1
2.550995792E0,9.433991256E-1,1.918715259E-1,1.091049145E-2,2.703043454E-1,3.873907482E1,2.166625220E1,-4.769163378E0,3.106318595E1
2.561041792E0,9.432873521E-1,1.910904078E-1,1.101283454E-2,2.712417756E-1,3.877767512E1,2.157667673E1,-4.754522458E0,3.117864880E1
2.571087792E0,9.431588042E-1,1.904913009E-1,1.142051047E-2,2.720918775E-1,3.882202275E1,2.151721500E1,-4.710408638E0,3.128912082E1
2.581133792E0,9.430211526E-1,1.900191930E-1,1.202213566E-2,2.728722685E-1,3.886945712E1,2.147832384E1,-4.647639251E0,3.139468243E1
2.591178792E0,9.428732172E-1,1.895702974E-1,1.277815529E-2,2.736601617E-1,3.892037331E1,2.144680224E1,-4.568983468E0,3.150406188E1
2.601224792E0,9.427084230E-1,1.890673854E-1,1.369020782E-2,2.745304942E-1,3.897701663E1,2.141372812E1,-4.473487136E0,3.162642433E1
2.611270792E0,9.425159173E-1,1.885109311E-1,1.480911182E-2,2.755140962E-1,3.904308499E1,2.138066644E1,-4.356337092E0,3.176639166E1
2.621316792E0,9.422712970E-1,1.880309891E-1,1.614625747E-2,2.766014849E-1,3.912688449E1,2.136280500E1,-4.220268333E0,3.192259174E1
2.631361792E0,9.419430362E-1,1.877889450E-1,1.770654960E-2,2.777859167E-1,3.923906644E1,2.137863027E1,-4.069882277E0,3.209380960E1
2.641407792E0,9.415017587E-1,1.879635015E-1,1.942769519E-2,2.790463604E-1,3.938938782E1,2.144652333E1,-3.917421365E0,3.227586960E1
2.651453792E0,9.409383397E-1,1.886500578E-1,2.121153421E-2,2.803501310E-1,3.958051982E1,2.157431858E1,-3.776155541E0,3.246286055E1
2.661498792E0,9.402601969E-1,1.898298219E-1,2.295705648E-2,2.816885463E-1,3.980940184E1,2.175675166E1,-3.656494618E0,3.265200580E1
2.671544792E0,9.394991091E-1,1.913426251E-1,2.461578258E-2,2.830607634E-1,4.006478449E1,2.197422755E1,-3.558646197E0,3.284283762E1
2.681590792E0,9.386897631E-1,1.929851984E-1,2.615677146E-2,2.844889094E-1,4.033465859E1,2.220278831E1,-3.479884563E0,3.303796639E1
2.691636792E0,9.378676678E-1,1.945496315E-1,2.754396649E-2,2.860001057E-1,4.060702377E1,2.241776912E1,-3.417842854E0,3.324038147E1
2.701681792E0,9.370626208E-1,1.958626164E-1,2.875115233E-2,2.876195141E-1,4.087205559E1,2.259870045E1,-3.370050076E0,3.345286635E1
2.711727792E0,9.363023338E-1,1.968250134E-1,2.978124765E-2,2.893286109E-1,4.112085018E1,2.273453127E1,-3.332236163E0,3.367345496E1
2.721773792E0,9.356021061E-1,1.974204377E-1,3.067546153E-2,2.910889162E-1,4.134872387E1,2.282483224E1,-3.298262359E0,3.389844466E1
2.731818792E0,9.349720107E-1,1.976749520E-1,3.149564974E-2,2.928477885E-1,4.155275287E1,2.287471185E1,-3.260872549E0,3.412284095E1
2.741864792E0,9.344037237E-1,1.976668176E-1,3.228512343E-2,2.945761254E-1,4.173595014E1,2.289448065E1,-3.217196578E0,3.434388299E1
2.751910792E0,9.338732002E-1,1.975106214E-1,3.305329189E-2,2.962731050E-1,4.190628297E1,2.289731089E1,-3.170016538E0,3.456131377E1
2.761956792E0,9.333640241E-1,1.972915790E-1,3.376460952E-2,2.979391278E-1,4.206914237E1,2.289155257E1,-3.126028077E0,3.477414264E1
2.772001792E0,9.328641836E-1,1.970628533E-1,3.438026434E-2,2.995806422E-1,4.222843249E1,2.288177425E1,-3.091357775E0,3.498210350E1
2.782047792E0,9.323687474E-1,1.968348705E-1,3.487880888E-2,3.012110087E-1,4.238575518E1,2.286831490E1,-3.068959394E0,3.518627912E1
2.792093792E0,9.318786428E-1,1.965878899E-1,3.528455659E-2,3.028370552E-1,4.254083867E1,2.284970443E1,-3.055676962E0,3.538805275E1
2.802139792E0,9.313860304E-1,1.963338393E-1,3.565328883E-2,3.044700770E-1,4.269617427E1,2.282912431E1,-3.046224776E0,3.558996717E1
2.812184792E0,9.308909735E-1,1.960902041E-1,3.603061376E-2,3.060920563E-1,4.285173984E1,2.281013656E1,-3.035928742E0,3.579083768E1
2.822230792E0,9.303849374E-1,1.958791959E-1,3.642437069E-2,3.077147310E-1,4.301020125E1,2.279546494E1,-3.025044232E0,3.599217484E1
2.832276792E0,9.298514636E-1,1.957038387E-1,3.681688956E-2,3.093876027E-1,4.317665456E1,2.278467932E1,-3.016767768E0,3.619944983E1
2.842321792E0,9.292843989E-1,1.955548180E-1,3.721780092E-2,3.111328404E-1,4.335292151E1,2.277700999E1,-3.010284538E0,3.641554035E1
2.852367792E0,9.286818043E-1,1.954537815E-1,3.769156311E-2,3.129335013E-1,4.353948804E1,2.277721259E1,-2.999149623E0,3.663981480E1
2.862413792E0,9.280362621E-1,1.954729056E-1,3.824576255E-2,3.147640443E-1,4.373851123E1,2.279369844E1,-2.984670775E0,3.686923798E1
2.872459792E0,9.273489102E-1,1.956724973E-1,3.884226163E-2,3.165874224E-1,4.394948218E1,2.283193374E1,-2.972362455E0,3.709843556E1
2.882504792E0,9.266274194E-1,1.960727343E-1,3.946433858E-2,3.183703394E-1,4.416990095E1,2.289364345E1,-2.964087262E0,3.732304416E1
2.892550792E0,9.258922519E-1,1.965980473E-1,4.011435362E-2,3.200993296E-1,4.439342834E1,2.297054339E1,-2.956551887E0,3.754171326E1
2.902596792E0,9.251660617E-1,1.970809712E-1,4.074290538E-2,3.218181624E-1,4.461318198E1,2.304210455E1,-2.949776111E0,3.775897388E1
2.912641792E0,9.244745584E-1,1.973431825E-1,4.127497246E-2,3.235721035E-1,4.482148841E1,2.308563875E1,-2.945967097E0,3.797897450E1
2.922687792E0,9.238200810E-1,1.972791720E-1,4.165894079E-2,3.254259115E-1,4.501779894E1,2.308732600E1,-2.947952338E0,3.820852889E1
2.932733792E0,9.231898171E-1,1.968690199E-1,4.188021174E-2,3.274283083E-1,4.520608262E1,2.304424398E1,-2.957443588E0,3.845318911E1
2.942779792E0,9.225472884E-1,1.962045538E-1,4.194770992E-2,3.296220939E-1,4.539726838E1,2.296673372E1,-2.977811440E0,3.871810050E1
2.952824792E0,9.218390738E-1,1.954718572E-1,4.187715083E-2,3.320387731E-1,4.560711948E1,2.287581145E1,-3.015177196E0,3.900701851E1
2.962870792E0,9.210305497E-1,1.948648372E-1,4.177629342E-2,3.346419100E-1,4.584558142E1,2.279700051E1,-3.064802967E0,3.931760096E1
2.972916792E0,9.201093039E-1,1.945369084E-1,4.170540769E-2,3.373648493E-1,4.611586670E1,2.274964914E1,-3.124900194E0,3.964286031E1
2.982961792E0,9.190856834E-1,1.945374563E-1,4.156099151E-2,3.401605762E-1,4.641444199E1,2.273524300E1,-3.207472556E0,3.997476888E1
2.993007792E0,9.180016454E-1,1.947354095E-1,4.116562246E-2,3.430109043E-1,4.672867457E1,2.273230692E1,-3.325739746E0,4.030763607E1
3.003053792E0,9.169192932E-1,1.948345758E-1,4.042312670E-2,3.459255486E-1,4.704044094E1,2.270415151E1,-3.478100262E0,4.064142180E1
3.013099792E0,9.158851149E-1,1.945977632E-1,3.943719601E-2,3.488994934E-1,4.733652111E1,2.262855319E1,-3.643615911E0,4.097867231E1
3.023144792E0,9.149065494E-1,1.939359417E-1,3.845975791E-2,3.519312005E-1,4.761508137E1,2.250566625E1,-3.791739790E0,4.132514133E1
3.033190792E0,9.139401433E-1,1.929776646E-1,3.782703361E-2,3.550243367E-1,4.788868217E1,2.236321236E1,-3.892244571E0,4.168811951E1
3.043236792E0,9.128779584E-1,1.921360395E-1,3.779881103E-2,3.582021248E-1,4.818771203E1,2.225726373E1,-3.935628510E0,4.207439048E1
3.053282792E0,9.116222773E-1,1.918638604E-1,3.851949580E-2,3.614543020E-1,4.853898041E1,2.224384534E1,-3.926089369E0,4.248410135E1
3.063327792E0,9.101265067E-1,1.925074217E-1,3.993716827E-2,3.647130753E-1,4.895432064E1,2.235950486E1,-3.883282997E0,4.290693782E1
3.073373792E0,9.084098234E-1,1.940950724E-1,4.179287294E-2,3.679293434E-1,4.942696471E1,2.259719595E1,-3.835747795E0,4.333178958E1
3.083419792E0,9.065520957E-1,1.963699275E-1,4.379944225E-2,3.710577143E-1,4.993371538E1,2.291720702E1,-3.802428967E0,4.374819329E1
3.093464792E0,9.046504299E-1,1.988232165E-1,4.578092891E-2,3.741405877E-1,5.044751415E1,2.325646204E1,-3.781067921E0,4.415915696E1
3.103510792E0,9.028054516E-1,2.009028685E-1,4.761102937E-2,3.772445767E-1,5.094136538E1,2.354913311E1,-3.761995551E0,4.457156123E1
3.113556792E0,9.010705609E-1,2.022084198E-1,4.924250227E-2,3.804718873E-1,5.140170709E1,2.374919938E1,-3.734162379E0,4.499780324E1
3.123602792E0,8.994538078E-1,2.025836901E-1,5.063489189E-2,3.838996905E-1,5.182726934E1,2.383769628E1,-3.695626729E0,4.544664709E1
3.133647792E0,8.979118232E-1,2.021601037E-1,5.182980773E-2,3.875555924E-1,5.223014214E1,2.383074704E1,-3.647584387E0,4.592193162E1
3.143693792E0,8.963694804E-1,2.012693037E-1,5.284782798E-2,3.914327021E-1,5.263023873E1,2.376536473E1,-3.601945886E0,4.642236578E1
3.153739792E0,8.947612620E-1,2.002931932E-1,5.369861480E-2,3.954761654E-1,5.304443779E1,2.368344546E1,-3.573418142E0,4.694049317E1
3.163784792E0,8.930660736E-1,1.994923399E-1,5.437214251E-2,3.995990123E-1,5.347781307E1,2.361271187E1,-3.572876501E0,4.746483226E1
3.173830792E0,8.912852217E-1,1.990331974E-1,5.486137786E-2,4.037161482E-1,5.392961163E1,2.357065569E1,-3.606948903E0,4.798440404E1
3.183876792E0,8.894284845E-1,1.989395682E-1,5.524069950E-2,4.077850050E-1,5.439696373E1,2.356297692E1,-3.668510137E0,4.849560084E1
3.193922792E0,8.875250063E-1,1.991201200E-1,5.562253414E-2,4.117728133E-1,5.487226151E1,2.358496511E1,-3.741306554E0,4.899713410E1
3.203967792E0,8.856090106E-1,1.994594390E-1,5.611053670E-2,4.156491433E-1,5.534688048E1,2.362920142E1,-3.808750915E0,4.948782862E1
3.214013792E0,8.837009174E-1,1.998992783E-1,5.673254515E-2,4.193977051E-1,5.581584545E1,2.369095252E1,-3.864975038E0,4.996638826E1
3.224059792E0,8.817760076E-1,2.004600526E-1,5.748546699E-2,4.230630268E-1,5.628530020E1,2.377219444E1,-3.912667240E0,5.043815960E1
3.234104792E0,8.798061482E-1,2.011379847E-1,5.834821298E-2,4.267085606E-1,5.676202393E1,2.387134501E1,-3.955654701E0,5.091056788E1
3.244150792E0,8.777844903E-1,2.018770033E-1,5.930861849E-2,4.303750414E-1,5.724749627E1,2.398176159E1,-3.993613330E0,5.138861604E1
3.254196792E0,8.757291993E-1,2.026227655E-1,6.036627785E-2,4.340488558E-1,5.773721214E1,2.409780694E1,-4.023598422E0,5.187080211E1
3.264242792E0,8.736901137E-1,2.033512685E-1,6.155128391E-2,4.376361637E-1,5.821934388E1,2.421896603E1,-4.038928990E0,5.234617322E1
3.274287792E0,8.717136583E-1,2.040517965E-1,6.288021092E-2,4.410491523E-1,5.868321515E1,2.434549121E1,-4.035047585E0,5.280411087E1
3.284333792E0,8.698266174E-1,2.047160993E-1,6.429180897E-2,4.442515963E-1,5.912300485E1,2.447373409E1,-4.016597969E0,5.323858835E1
3.294379458E0,8.680433210E-1,2.052780327E-1,6.566536423E-2,4.472692053E-1,5.953589835E1,2.459053533E1,-3.992639630E0,5.365007789E1
3.304425458E0,8.663740319E-1,2.057078884E-1,6.688869758E-2,4.501179318E-1,5.992005201E1,2.468689141E1,-3.972884118E0,5.403784846E1
3.314470458E0,8.648201619E-1,2.060000609E-1,6.788754628E-2,4.528149087E-1,6.027564714E1,2.475816432E1,-3.964521951E0,5.440212615E1
3.324516458E0,8.633685612E-1,2.061289723E-1,6.863379311E-2,4.554064130E-1,6.060612973E1,2.479983896E1,-3.969899635E0,5.474800034E1
3.334562458E0,8.620041202E-1,2.060796605E-1,6.908446936E-2,4.579383217E-1,6.091528876E1,2.480773114E1,-3.993388003E0,5.508018768E1
3.344607458E0,8.607190839E-1,2.058349032E-1,6.920725367E-2,4.604401376E-1,6.120516459E1,2.477802621E1,-4.037725817E0,5.540166483E1
3.354653458E0,8.595152223E-1,2.053846432E-1,6.903580556E-2,4.629091632E-1,6.147560883E1,2.471129973E1,-4.098665647E0,5.571296721E1
3.364699458E0,8.583996585E-1,2.047591471E-1,6.866988135E-2,4.653043054E-1,6.172526256E1,2.461608911E1,-4.166680986E0,5.601123750E1
3.374745458E0,8.573779346E-1,2.040243536E-1,6.819847412E-2,4.675747561E-1,6.195311980E1,2.450422062E1,-4.235122537E0,5.629197141E1
3.384790458E0,8.564536542E-1,2.032798190E-1,6.767295560E-2,4.696647340E-1,6.215859763E1,2.438906374E1,-4.302901449E0,5.654894059E1
3.394836458E0,8.575772470E-1,2.029483024E-1,6.622985805E-2,4.679604419E-1,6.190872995E1,2.428489345E1,-4.378743245E0,5.629804428E1
3.404882458E0,8.568010917E-1,2.026204843E-1,6.553369748E-2,4.696192365E-1,6.208143021E1,2.420559874E1,-4.474204953E0,5.649509208E1
3.414927458E0,8.560524373E-1,2.026198626E-1,6.476659322E-2,4.710889392E-1,6.224760256E1,2.415712208E1,-4.589528659E0,5.666570414E1
3.424973458E0,8.553203465E-1,2.029186311E-1,6.402085742E-2,4.723901810E-1,6.240971336E1,2.414143493E1,-4.714852189E0,5.681460853E1
3.435019458E0,8.565984497E-1,2.037005710E-1,6.249277075E-2,4.699360122E-1,6.212644839E1,2.415295727E1,-4.840951112E0,5.646265436E1
3.445065458E0,8.579335354E-1,2.045655139E-1,6.102188261E-2,4.673108114E-1,6.182930770E1,2.417809217E1,-4.961476149E0,5.609039762E1
3.455110458E0,8.593390485E-1,2.054311206E-1,5.962958781E-2,4.645200157E-1,6.151509579E1,2.420939209E1,-5.069822227E0,5.569933698E1
3.465156458E0,8.608333650E-1,2.062355037E-1,5.833834535E-2,4.615511496E-1,6.117943555E1,2.424158828E1,-5.159998832E0,5.528867244E1
3.475202458E0,8.623807023E-1,2.068946857E-1,5.715603669E-2,4.585055761E-1,6.083010368E1,2.426561085E1,-5.229435950E0,5.487188520E1
3.485247458E0,8.639736424E-1,2.073401305E-1,5.603164833E-2,4.554339560E-1,6.046857106E1,2.427112778E1,-5.280962574E0,5.445456514E1
3.495293458E0,8.656384429E-1,2.075072638E-1,5.494438608E-2,4.523185452E-1,6.008862554E1,2.425018319E1,-5.312902979E0,5.403427486E1
3.505339458E0,8.673533771E-1,2.074523465E-1,5.389606752E-2,4.491735685E-1,5.969494729E1,2.420851288E1,-5.328757853E0,5.361269799E1
3.515385458E0,8.690982988E-1,2.073025829E-1,5.290624351E-2,4.459760978E-1,5.929195102E1,2.416050061E1,-5.332912139E0,5.318693386E1
3.525430458E0,8.708398487E-1,2.071739876E-1,5.189040436E-2,4.427464269E-1,5.888723504E1,2.411395496E1,-5.340512726E0,5.275726818E1
3.535476458E0,8.725744655E-1,2.071468134E-1,5.053440327E-2,4.394887917E-1,5.848159727E1,2.406179066E1,-5.387283179E0,5.231702522E1
3.545522458E0,8.742825508E-1,2.070694529E-1,4.845355014E-2,4.363537826E-1,5.807964170E1,2.396860130E1,-5.508124111E0,5.187743362E1
3.555567458E0,8.760924840E-1,2.064804191E-1,4.534716935E-2,4.333261427E-1,5.765092881E1,2.377161909E1,-5.709808853E0,5.143241882E1
3.565613458E0,8.780414386E-1,2.049543923E-1,4.146476499E-2,4.304854451E-1,5.718600324E1,2.343815770E1,-5.949058850E0,5.100039024E1
3.575659458E0,8.801349147E-1,2.024524658E-1,3.753860166E-2,4.277457735E-1,5.668271523E1,2.300012209E1,-6.149224967E0,5.058729513E1
3.585705458E0,8.822853312E-1,1.993415437E-1,3.432916129E-2,4.250376699E-1,5.616143516E1,2.253283434E1,-6.250704618E0,5.019814421E1
3.595750458E0,8.843317714E-1,1.961949232E-1,3.239055377E-2,4.223927444E-1,5.566119857E1,2.212244663E1,-6.226239568E0,4.984374691E1
3.605796458E0,8.860791798E-1,1.937052352E-1,3.193274417E-2,4.199073448E-1,5.523076104E1,2.185100767E1,-6.089775128E0,4.953536912E1
3.615842458E0,8.873742260E-1,1.925391846E-1,3.283436536E-2,4.176332273E-1,5.490974899E1,2.178288466E1,-5.885959741E0,4.927353508E1
3.625887458E0,8.881506974E-1,1.931678681E-1,3.465494062E-2,4.155400040E-1,5.471644716E1,2.194774198E1,-5.680456611E0,4.904471396E1
3.635933458E0,8.884665880E-1,1.956069115E-1,3.679226526E-2,4.135352049E-1,5.463762593E1,2.231999909E1,-5.532093255E0,4.882689282E1
3.645979458E0,8.884609825E-1,1.993385408E-1,3.876007001E-2,4.115811505E-1,5.463902554E1,2.282246825E1,-5.463657211E0,4.860845510E1
3.656025458E0,8.882915732E-1,2.036005723E-1,4.035493310E-2,4.097029816E-1,5.468130868E1,2.336450399E1,-5.459241256E0,4.839113831E1
3.666070458E0,8.881232598E-1,2.076718209E-1,4.153718381E-2,4.079022786E-1,5.472328846E1,2.386714826E1,-5.488118838E0,4.817655103E1
3.676116458E0,8.881206467E-1,2.109900581E-1,4.234402727E-2,4.061181182E-1,5.472393997E1,2.427191495E1,-5.518120894E0,4.795968093E1
3.686162458E0,8.883753612E-1,2.132063027E-1,4.288561955E-2,4.043429140E-1,5.466039968E1,2.454595517E1,-5.521534305E0,4.774314470E1
3.696208458E0,8.888953268E-1,2.141977968E-1,4.338030764E-2,4.026197401E-1,5.453047854E1,2.468527466E1,-5.472006811E0,4.753750188E1
3.706253458E0,8.896444028E-1,2.141548439E-1,4.396638591E-2,4.009208428E-1,5.434280668E1,2.471649976E1,-5.364380850E0,4.734153924E1
3.716299458E0,8.904962959E-1,2.135299853E-1,4.469690670E-2,3.992787805E-1,5.412864481E1,2.469060765E1,-5.216025572E0,4.715846436E1
3.726345458E0,8.913878704E-1,2.127765577E-1,4.551425000E-2,3.975956882E-1,5.390366508E1,2.465452234E1,-5.051802057E0,4.697301051E1
3.736390458E0,8.922635344E-1,2.121947520E-1,4.637795483E-2,3.958387336E-1,5.368185137E1,2.463905902E1,-4.889083444E0,4.677908094E1
3.746436458E0,8.930530081E-1,2.119112354E-1,4.734081539E-2,3.940923579E-1,5.348114064E1,2.465986032E1,-4.730525831E0,4.658788328E1
3.756482458E0,8.937850988E-1,2.119404801E-1,4.839337498E-2,3.922849325E-1,5.329439304E1,2.471842497E1,-4.575664979E0,4.639050542E1
3.766528458E0,8.944403980E-1,2.122177537E-1,4.955830333E-2,3.904918369E-1,5.312671816E1,2.480838636E1,-4.421013902E0,4.619709488E1
3.776573458E0,8.950439409E-1,2.126167790E-1,5.083579538E-2,3.887236080E-1,5.297185115E1,2.491601151E1,-4.260875582E0,4.600950553E1
3.786619458E0,8.956331117E-1,2.130121902E-1,5.221611521E-2,3.869632606E-1,5.282026573E1,2.502732036E1,-4.089969144E0,4.582593756E1
3.796665458E0,8.962290471E-1,2.133632260E-1,5.366666749E-2,3.851876350E-1,5.266652801E1,2.513651074E1,-3.909143262E0,4.564296848E1
3.806710458E0,8.967922554E-1,2.136526115E-1,5.519254673E-2,3.834969984E-1,5.252084912E1,2.524151376E1,-3.719835269E0,4.547301989E1
3.816756458E0,8.973252655E-1,2.139158765E-1,5.673807693E-2,3.818746609E-1,5.238263471E1,2.534384436E1,-3.528962837E0,4.531258814E1
3.826802458E0,8.978381716E-1,2.142153773E-1,5.821917514E-2,3.802748719E-1,5.224931271E1,2.544680103E1,-3.346753366E0,4.515382677E1
3.836848458E0,8.982887846E-1,2.146122426E-1,5.960876727E-2,3.787685646E-1,5.213192129E1,2.555567456E1,-3.180687915E0,4.500447605E1
3.846893458E0,8.987048372E-1,2.151333304E-1,6.084269528E-2,3.772869553E-1,5.202331466E1,2.567089606E1,-3.036650992E0,4.485444528E1
3.856939458E0,8.990799653E-1,2.157530419E-1,6.191985810E-2,3.758614436E-1,5.192520986E1,2.578960663E1,-2.914442899E0,4.470749535E1
3.866985458E0,8.994223663E-1,2.164051484E-1,6.282465610E-2,3.745147675E-1,5.183551314E1,2.590391874E1,-2.813324428E0,4.456603419E1
3.877030458E0,8.997698249E-1,2.170029225E-1,6.351965237E-2,3.732146215E-1,5.174434356E1,2.600290630E1,-2.732393810E0,4.442525871E1
3.887076458E0,9.001304333E-1,2.174447795E-1,6.401444583E-2,3.720014666E-1,5.164956517E1,2.607584238E1,-2.667328566E0,4.429040754E1
3.897122458E0,9.005250543E-1,2.176430909E-1,6.431917808E-2,3.708763565E-1,5.154566134E1,2.611363038E1,-2.613323731E0,4.416193710E1
3.907168458E0,9.009871102E-1,2.175701453E-1,6.443490279E-2,3.697752700E-1,5.142375332E1,2.611348136E1,-2.567371067E0,4.403210790E1
3.917213458E0,9.015196145E-1,2.171960920E-1,6.446482706E-2,3.686902205E-1,5.128292337E1,2.607660255E1,-2.517443268E0,4.390265326E1
3.927259458E0,9.021327879E-1,2.164916338E-1,6.442887053E-2,3.676095542E-1,5.112031112E1,2.600067512E1,-2.460004773E0,4.377271785E1
3.937305458E0,9.027995089E-1,2.155264341E-1,6.428082445E-2,3.665642702E-1,5.094294886E1,2.589126817E1,-2.403872748E0,4.364466684E1
3.947350458E0,9.034929510E-1,2.144170658E-1,6.401302338E-2,3.655516922E-1,5.075786474E1,2.576085043E1,-2.354970182E0,4.351775270E1
3.957396458E0,9.041781745E-1,2.132078253E-1,6.364371688E-2,3.646282548E-1,5.057435313E1,2.561495611E1,-2.314959593E0,4.339918892E1
3.967442458E0,9.048488573E-1,2.119405222E-1,6.318883649E-2,3.637814824E-1,5.039413127E1,2.545890047E1,-2.283691417E0,4.328782027E1
3.977488458E0,9.055027656E-1,2.107131691E-1,6.264482077E-2,3.629605883E-1,5.021783503E1,2.530340973E1,-2.264404963E0,4.317728983E1
3.987533458E0,9.060939806E-1,2.096418911E-1,6.201149061E-2,3.622134300E-1,5.005794151E1,2.516110820E1,-2.263413282E0,4.307318986E1
3.997579458E0,9.066175709E-1,2.088848020E-1,6.126115554E-2,3.614675572E-1,4.991593700E1,2.504833949E1,-2.288387474E0,4.296584492E1
4.007625458E0,9.070034253E-1,2.085752439E-1,6.052928605E-2,3.608010048E-1,4.981104580E1,2.498526019E1,-2.333028391E0,4.286781181E1
4.017670458E0,9.072590880E-1,2.087365557E-1,5.994321832E-2,3.601623958E-1,4.974143203E1,2.497989705E1,-2.383622233E0,4.277596742E1
4.027716458E0,9.073969082E-1,2.092469962E-1,5.955255918E-2,3.595831295E-1,4.970386745E1,2.502090038E1,-2.430514740E0,4.269547755E1
4.037762458E0,9.074394766E-1,2.098817541E-1,5.935041762E-2,3.591389017E-1,4.969225956E1,2.508313791E1,-2.466748340E0,4.263569454E1
4.047808458E0,9.074562089E-1,2.104137158E-1,5.929427275E-2,3.587944355E-1,4.968769615E1,2.513998144E1,-2.486077783E0,4.259176165E1
4.057853458E0,9.075039823E-1,2.105862228E-1,5.934362671E-2,3.585643348E-1,4.967466474E1,2.516152553E1,-2.482157006E0,4.256495902E1
4.067899458E0,9.075799941E-1,2.101561353E-1,5.949588220E-2,3.585990006E-1,4.965392398E1,2.512060453E1,-2.448937826E0,4.257379869E1
4.077945458E0,9.076863096E-1,2.090948197E-1,5.974494374E-2,3.589086745E-1,4.962490091E1,2.501386542E1,-2.386059265E0,4.261936940E1
4.087990458E0,9.077585282E-1,2.076024261E-1,6.010632662E-2,3.595313731E-1,4.960517685E1,2.486395422E1,-2.301337042E0,4.270617153E1
4.098036458E0,9.077256326E-1,2.060902815E-1,6.048788204E-2,3.604194283E-1,4.961416208E1,2.471234366E1,-2.220485408E0,4.282538036E1
4.108082458E0,9.067683091E-1,2.048451108E-1,6.110198797E-2,3.634228970E-1,4.987498469E1,2.459539508E1,-2.182357506E0,4.320495809E1
4.118128458E0,9.056931430E-1,2.041178986E-1,6.132944397E-2,3.664621063E-1,5.016639970E1,2.451894246E1,-2.207100030E0,4.357889211E1
4.128173458E0,9.045555152E-1,2.036972677E-1,6.115373903E-2,3.695225575E-1,5.047303037E1,2.445863473E1,-2.287142515E0,4.394550490E1
4.138219458E0,9.034174239E-1,2.032172784E-1,6.077884281E-2,3.726199716E-1,5.077805398E1,2.438290765E1,-2.385815409E0,4.431246033E1
4.148265458E0,9.023037988E-1,2.023685620E-1,6.057825015E-2,3.757992137E-1,5.107487332E1,2.427412479E1,-2.451857262E0,4.469496839E1
4.158310458E0,9.011707861E-1,2.011465774E-1,6.095795111E-2,3.790981529E-1,5.137521770E1,2.414988409E1,-2.443921427E0,4.510745607E1
4.168356458E0,8.999126395E-1,1.999344340E-1,6.213576587E-2,3.825214675E-1,5.170682708E1,2.406222286E1,-2.356948122E0,4.555491614E1
4.178402458E0,8.984291125E-1,1.992752889E-1,6.403872769E-2,3.860229012E-1,5.209531354E1,2.406777927E1,-2.222552752E0,4.602909585E1
4.188448458E0,8.966743074E-1,1.995899783E-1,6.638409444E-2,3.895283178E-1,5.255138847E1,2.420003936E1,-2.088439416E0,4.651388524E1
4.198493458E0,8.947015610E-1,2.010074559E-1,6.880922937E-2,3.929000025E-1,5.305975611E1,2.445665805E1,-1.995683765E0,4.698392337E1
4.208539458E0,8.926082324E-1,2.033563630E-1,7.100929486E-2,3.960486039E-1,5.359430317E1,2.480481734E1,-1.966263992E0,4.742110886E1
4.218585458E0,8.904972232E-1,2.061453622E-1,7.281531366E-2,3.990196617E-1,5.412841128E1,2.518303671E1,-1.995926051E0,4.782712508E1
4.228630458E0,8.884580111E-1,2.087065313E-1,7.421782380E-2,4.019646938E-1,5.463976742E1,2.551819287E1,-2.057731723E0,4.822079632E1
4.238676458E0,8.865697269E-1,2.104430763E-1,7.524971563E-2,4.050249975E-1,5.510936852E1,2.574706171E1,-2.122788512E0,4.862090605E1
4.248722458E0,8.848564365E-1,2.110465191E-1,7.591936057E-2,4.083193849E-1,5.553228100E1,2.583653395E1,-2.177379793E0,4.904270495E1
4.258768458E0,8.832878151E-1,2.105931402E-1,7.622836546E-2,4.118766632E-1,5.591689975E1,2.579483768E1,-2.224415765E0,4.948981667E1
4.268813458E0,8.817980504E-1,2.094480208E-1,7.617636678E-2,4.156452236E-1,5.627994468E1,2.566121101E1,-2.279127843E0,4.995557705E1
4.278859458E0,8.803261560E-1,2.080903181E-1,7.577136191E-2,4.195033883E-1,5.663653503E1,2.548738965E1,-2.360231626E0,5.042470758E1
4.288905458E0,8.788274562E-1,2.068907397E-1,7.509972554E-2,4.233420811E-1,5.699751590E1,2.531705541E1,-2.474325855E0,5.088557130E1
4.298950542E0,8.772899181E-1,2.060024791E-1,7.432622023E-2,4.270844052E-1,5.736568775E1,2.517449308E1,-2.610703433E0,5.133267281E1
4.308996542E0,8.757085895E-1,2.054700485E-1,7.361184168E-2,4.306944302E-1,5.774210362E1,2.507232524E1,-2.754958271E0,5.176542362E1
4.319042542E0,8.740995492E-1,2.052693452E-1,7.313103044E-2,4.341272489E-1,5.812282789E1,2.501686429E1,-2.887693828E0,5.218243132E1
4.329087542E0,8.724680869E-1,2.053218075E-1,7.303926621E-2,4.373874341E-1,5.850654752E1,2.500781359E1,-2.989990686E0,5.258801214E1
4.339133542E0,8.708286798E-1,2.055135967E-1,7.338080320E-2,4.404960803E-1,5.888983863E1,2.503568364E1,-3.052538753E0,5.298593110E1
4.349179542E0,8.691897153E-1,2.057580432E-1,7.414128513E-2,4.434814680E-1,5.927076940E1,2.509092803E1,-3.073333676E0,5.337947065E1
4.359225542E0,8.675589695E-1,2.059845140E-1,7.524248218E-2,4.463747648E-1,5.964759351E1,2.516239657E1,-3.057493040E0,5.377074872E1
4.369270542E0,8.659420267E-1,2.061694333E-1,7.654507268E-2,4.491986248E-1,6.001910586E1,2.524064008E1,-3.018297130E0,5.415919362E1
4.379316542E0,8.643370747E-1,2.063039608E-1,7.789752817E-2,4.519868074E-1,6.038581231E1,2.531689793E1,-2.971194848E0,5.454526784E1
4.389362542E0,8.627606140E-1,2.063529459E-1,7.919201594E-2,4.547430427E-1,6.074405597E1,2.538184328E1,-2.924938020E0,5.492673928E1
4.399407542E0,8.612172385E-1,2.063607168E-1,8.037337630E-2,4.574496712E-1,6.109293939E1,2.543719091E1,-2.886717353E0,5.529981116E1
4.409453542E0,8.597190445E-1,2.063971738E-1,8.142144198E-2,4.600585189E-1,6.142989631E1,2.548918732E1,-2.860845445E0,5.565764883E1
4.419499542E0,8.582651679E-1,2.065019983E-1,8.237130024E-2,4.625503038E-1,6.175529894E1,2.554376014E1,-2.845463136E0,5.599855236E1
4.429545542E0,8.577950830E-1,2.068307858E-1,8.283544241E-2,4.631921793E-1,6.186018182E1,2.560115166E1,-2.836906725E0,5.609163697E1
4.439590542E0,8.574140334E-1,2.071540522E-1,8.322380454E-2,4.636832322E-1,6.194508219E1,2.565434824E1,-2.831174183E0,5.616363105E1
4.449636542E0,8.571237680E-1,2.073481121E-1,8.351651967E-2,4.640803819E-1,6.200968497E1,2.568921917E1,-2.824932165E0,5.622145406E1
4.459682542E0,8.569638839E-1,2.073275233E-1,8.360245710E-2,4.643693197E-1,6.204524362E1,2.569087796E1,-2.823791465E0,5.626049468E1
4.469727542E0,8.569464773E-1,2.070408405E-1,8.338529546E-2,4.645684635E-1,6.204911380E1,2.564868325E1,-2.834766135E0,5.628065196E1
4.479773542E0,8.570759524E-1,2.064528814E-1,8.288146150E-2,4.646811642E-1,6.202032121E1,2.555985833E1,-2.854402423E0,5.628288738E1
4.489819542E0,8.573500544E-1,2.056255809E-1,8.217996935E-2,4.646670239E-1,6.195932684E1,2.543583033E1,-2.876359008E0,5.626436886E1
4.499865542E0,8.577271423E-1,2.046891938E-1,8.139967313E-2,4.645218280E-1,6.187532714E1,2.529662587E1,-2.896261762E0,5.622746517E1
4.509910542E0,8.581357138E-1,2.038244511E-1,8.060532621E-2,4.642858900E-1,6.178419806E1,2.516444040E1,-2.919051055E0,5.617866450E1
4.519956542E0,8.585651481E-1,2.031867430E-1,7.980565825E-2,4.639096451E-1,6.168828495E1,2.505607013E1,-2.951112915E0,5.611158834E1
4.530002542E0,8.590288477E-1,2.029113502E-1,7.904253160E-2,4.633019718E-1,6.158456756E1,2.498815351E1,-2.993279834E0,5.601542173E1
4.540047542E0,8.595383820E-1,2.030437756E-1,7.833006020E-2,4.624191007E-1,6.147041620E1,2.496639095E1,-3.045401177E0,5.588484376E1
4.550093542E0,8.600970385E-1,2.035486053E-1,7.767457661E-2,4.612676066E-1,6.134503977E1,2.498751460E1,-3.104968890E0,5.572091101E1
4.560139542E0,8.607257009E-1,2.042889041E-1,7.703052008E-2,4.598734732E-1,6.120367511E1,2.503484143E1,-3.169488367E0,5.552606928E1
4.570185542E0,8.614433564E-1,2.050606972E-1,7.638375562E-2,4.582913859E-1,6.104193765E1,2.508625498E1,-3.230589073E0,5.530738365E1
4.580230542E0,8.622879792E-1,2.056431719E-1,7.576288512E-2,4.565417859E-1,6.085108818E1,2.512015725E1,-3.273974968E0,5.506870913E1
4.590276542E0,8.632529313E-1,2.058586108E-1,7.518266527E-2,4.547132449E-1,6.063238478E1,2.511834349E1,-3.291158076E0,5.482210110E1
4.600322542E0,8.643442397E-1,2.055593787E-1,7.461936210E-2,4.528647262E-1,6.038417971E1,2.506374760E1,-3.278393979E0,5.457480507E1
4.610367542E0,8.655573103E-1,2.046649014E-1,7.404712907E-2,4.510429709E-1,6.010719231E1,2.494623457E1,-3.235565570E0,5.433224990E1
4.620413542E0,8.668338119E-1,2.032116360E-1,7.349898823E-2,4.493352227E-1,5.981446629E1,2.477093747E1,-3.164190509E0,5.410615655E1
4.630459542E0,8.681416075E-1,2.013780268E-1,7.302248650E-2,4.477105671E-1,5.951320951E1,2.455906548E1,-3.068534018E0,5.389329950E1
4.640505542E0,8.694218812E-1,1.995247824E-1,7.258787346E-2,4.461238014E-1,5.921694456E1,2.434703409E1,-2.969625352E0,5.368640729E1
4.650550542E0,8.706232982E-1,1.980409025E-1,7.192024104E-2,4.445472775E-1,5.893769651E1,2.416158481E1,-2.914530181E0,5.347451509E1
4.660596542E0,8.716797933E-1,1.970803653E-1,7.059460675E-2,4.431139896E-1,5.869113409E1,2.399684573E1,-2.956992596E0,5.326397218E1
4.670642542E0,8.725656990E-1,1.964453387E-1,6.838752381E-2,4.419971192E-1,5.848365376E1,2.382053550E1,-3.113342000E0,5.307205704E1
4.680687542E0,8.733371549E-1,1.958351314E-1,6.550342023E-2,4.411803976E-1,5.830242961E1,2.361200884E1,-3.347065940E0,5.290293016E1
4.690733542E0,8.740239167E-1,1.950387246E-1,6.238954785E-2,4.406242067E-1,5.814066771E1,2.337211490E1,-3.601557687E0,5.276318658E1
4.700779542E0,8.746881089E-1,1.940104047E-1,5.950841035E-2,4.401586104E-1,5.798383023E1,2.311996238E1,-3.823784648E0,5.264230986E1
4.710824542E0,8.753810031E-1,1.929472083E-1,5.721635937E-2,4.395516958E-1,5.781980134E1,2.289496914E1,-3.982301001E0,5.251812533E1
4.720870542E0,8.760614639E-1,1.921690563E-1,5.576473234E-2,4.387227938E-1,5.765830096E1,2.274357593E1,-4.066326599E0,5.238433856E1
4.730916542E0,8.766424582E-1,1.920621034E-1,5.536040182E-2,4.376591337E-1,5.752007996E1,2.271661755E1,-4.074465122E0,5.224204819E1
4.740962542E0,8.770042257E-1,1.930187315E-1,5.595684294E-2,4.364358847E-1,5.743386029E1,2.285257618E1,-4.033046435E0,5.209846679E1
4.751007542E0,8.771448698E-1,1.951947996E-1,5.720000112E-2,4.350217315E-1,5.740030876E1,2.315032582E1,-3.984269124E0,5.194203221E1
4.761053542E0,8.770599228E-1,1.983336124E-1,5.873049017E-2,4.335669698E-1,5.742057555E1,2.356441822E1,-3.954340731E0,5.178503995E1
4.771099542E0,8.768308547E-1,2.019335117E-1,6.023265653E-2,4.321603187E-1,5.747519440E1,2.402600123E1,-3.951245689E0,5.163314395E1
4.781144542E0,8.765671208E-1,2.053912655E-1,6.154788582E-2,4.308786120E-1,5.753802020E1,2.446312390E1,-3.962048918E0,5.149382736E1
4.791190542E0,8.763914105E-1,2.081344669E-1,6.259309605E-2,4.297676632E-1,5.757984249E1,2.481066349E1,-3.967282394E0,5.137213384E1
4.801236542E0,8.764485406E-1,2.097869184E-1,6.326820427E-2,4.287475619E-1,5.756624753E1,2.502381067E1,-3.955898339E0,5.125639453E1
4.811282542E0,8.768056298E-1,2.102607596E-1,6.356114067E-2,4.277409055E-1,5.748120610E1,2.509273665E1,-3.922824387E0,5.113662291E1
4.821327542E0,8.774246827E-1,2.097836257E-1,6.354395529E-2,4.267070434E-1,5.733350419E1,2.504526384E1,-3.871684705E0,5.100868963E1
4.831373542E0,8.782220589E-1,2.087819584E-1,6.333489112E-2,4.255875809E-1,5.714274081E1,2.493280728E1,-3.811020497E0,5.086694563E1
4.841419542E0,8.785744487E-1,2.075646362E-1,6.334097607E-2,4.254547762E-1,5.705824944E1,2.480399154E1,-3.745181217E0,5.085386332E1
4.851464542E0,8.794979494E-1,2.066219851E-1,6.317185657E-2,4.240282950E-1,5.683627891E1,2.470082347E1,-3.675644193E0,5.067472009E1
4.861510542E0,8.803950240E-1,2.060907504E-1,6.323148910E-2,4.224132067E-1,5.661989661E1,2.465319872E1,-3.599024807E0,5.047663489E1
4.871556542E0,8.812019886E-1,2.060451317E-1,6.364684102E-2,4.206869350E-1,5.642459953E1,2.467482306E1,-3.508094099E0,5.027221765E1
4.881602542E0,8.818749895E-1,2.064603677E-1,6.442935521E-2,4.189503163E-1,5.626124790E1,2.476316462E1,-3.402848334E0,5.007453288E1
4.891647542E0,8.824203697E-1,2.072117881E-1,6.548563426E-2,4.172640209E-1,5.612855234E1,2.490016528E1,-3.287850731E0,4.988939629E1
4.901693542E0,8.828466640E-1,2.081206269E-1,6.675627218E-2,4.157055779E-1,5.602463037E1,2.506360653E1,-3.162195379E0,4.972557736E1
4.911739542E0,8.831621121E-1,2.090805003E-1,6.820152977E-2,4.143170711E-1,5.594761628E1,2.524010495E1,-3.025776941E0,4.958768275E1
4.921784542E0,8.828966712E-1,2.099574919E-1,6.997363616E-2,4.141438475E-1,5.601242800E1,2.541960444E1,-2.885846297E0,4.960910485E1
4.931830542E0,8.830650690E-1,2.109217908E-1,7.151028918E-2,4.130308546E-1,5.597131894E1,2.559988875E1,-2.747694606E0,4.950888829E1
4.941876542E0,8.826708063E-1,2.118347969E-1,7.329649370E-2,4.130930844E-1,5.606752239E1,2.578339931E1,-2.614834382E0,4.956094666E1
4.951921542E0,8.822243026E-1,2.128364009E-1,7.508288260E-2,4.132112642E-1,5.617629026E1,2.597647124E1,-2.488158450E0,4.962039400E1
4.961967542E0,8.822017751E-1,2.140157119E-1,7.660531106E-2,4.123698656E-1,5.618177281E1,2.617834793E1,-2.369545219E0,4.955482505E1
4.972013542E0,8.816852865E-1,2.151690815E-1,7.828277671E-2,4.125592103E-1,5.630733688E1,2.638253682E1,-2.263682078E0,4.962113320E1
4.982059542E0,8.811618227E-1,2.163010879E-1,7.979957330E-2,4.127948955E-1,5.643433494E1,2.657676272E1,-2.174512650E0,4.968941376E1
4.992104542E0,8.806742469E-1,2.172534486E-1,8.111290071E-2,4.130794078E-1,5.655239067E1,2.674194813E1,-2.098512611E0,4.975889917E1
5.002150542E0,8.802692789E-1,2.178705891E-1,8.228362952E-2,4.133858365E-1,5.665027311E1,2.686439438E1,-2.020996489E0,4.982799916E1
5.012196542E0,8.799627870E-1,2.180945680E-1,8.342995005E-2,4.136903053E-1,5.672425047E1,2.694369188E1,-1.926458799E0,4.989700315E1
5.022241542E0,8.797603767E-1,2.179354057E-1,8.459846615E-2,4.139673155E-1,5.677305737E1,2.698326456E1,-1.809902970E0,4.996396735E1
5.032287542E0,8.796521436E-1,2.174783442E-1,8.578812417E-2,4.141928854E-1,5.679913970E1,2.699226155E1,-1.674911160E0,5.002571262E1
5.042333542E0,8.796075733E-1,2.168753439E-1,8.693443943E-2,4.143646549E-1,5.680987718E1,2.698379095E1,-1.535399620E0,5.007987476E1
5.052379542E0,8.795985328E-1,2.162399802E-1,8.792771420E-2,4.145062894E-1,5.681205491E1,2.696453876E1,-1.408671951E0,5.012608886E1
5.062424542E0,8.795947607E-1,2.156158117E-1,8.868687904E-2,4.146778060E-1,5.681296355E1,2.693502849E1,-1.306752427E0,5.016936074E1
5.072470542E0,8.795835286E-1,2.149889827E-1,8.920098630E-2,4.149164625E-1,5.681566906E1,2.689313605E1,-1.231123191E0,5.021393973E1
5.082516542E0,8.795595891E-1,2.143551889E-1,8.951937413E-2,4.152265790E-1,5.682143503E1,2.684081034E1,-1.176748717E0,5.026176225E1
5.092561542E0,8.795183906E-1,2.136776731E-1,8.971133722E-2,4.156214739E-1,5.683135672E1,2.677751561E1,-1.135247884E0,5.031646778E1
5.102607542E0,8.794491223E-1,2.129567249E-1,8.978665891E-2,4.161213144E-1,5.684803477E1,2.670373619E1,-1.106224933E0,5.038083500E1
5.112653542E0,8.793159382E-1,2.122925064E-1,8.973857462E-2,4.167522528E-1,5.688008950E1,2.662978763E1,-1.096114648E0,5.045785908E1
5.122698542E0,8.790873759E-1,2.117852164E-1,8.960736095E-2,4.175201262E-1,5.693506133E1,2.656831265E1,-1.106093879E0,5.054935505E1
5.132744542E0,8.787692725E-1,2.115015470E-1,8.942279990E-2,4.183723144E-1,5.701148794E1,2.652791603E1,-1.135032915E0,5.064964613E1
5.142790542E0,8.783797724E-1,2.114205250E-1,8.921393592E-2,4.192747416E-1,5.710494050E1,2.650780088E1,-1.178034864E0,5.075536451E1
5.152836542E0,8.779515394E-1,2.114103676E-1,8.899036796E-2,4.202230668E-1,5.720752486E1,2.649438366E1,-1.227401842E0,5.086635561E1
5.162881542E0,8.775269309E-1,2.112105283E-1,8.877065644E-2,4.212556857E-1,5.730907493E1,2.646080254E1,-1.269204650E0,5.098813754E1
5.172927542E0,8.771264094E-1,2.105211428E-1,8.858857152E-2,4.224714958E-1,5.740471361E1,2.637675740E1,-1.287636964E0,5.113421123E1
5.182973542E0,8.767358557E-1,2.090453393E-1,8.853162059E-2,4.240240382E-1,5.749783197E1,2.621504811E1,-1.263062028E0,5.132637193E1
5.193018542E0,8.763028600E-1,2.066942090E-1,8.862519713E-2,4.260473187E-1,5.760090864E1,2.596775302E1,-1.191723526E0,5.158207450E1
5.203064542E0,8.757798808E-1,2.036995542E-1,8.873835615E-2,4.285341725E-1,5.772518189E1,2.565340817E1,-1.097505080E0,5.189670325E1
5.213110542E0,8.751507338E-1,2.005750450E-1,8.854196764E-2,4.313248628E-1,5.787436012E1,2.531009553E1,-1.034294935E0,5.224124158E1
5.223156542E0,8.744264402E-1,1.977908031E-1,8.761020619E-2,4.342597586E-1,5.804566495E1,2.496540492E1,-1.063918367E0,5.258450910E1
5.233201542E0,8.736212879E-1,1.955487699E-1,8.582333786E-2,4.372423857E-1,5.823555382E1,2.463364860E1,-1.206178510E0,5.291202953E1
5.243247542E0,8.727308303E-1,1.939147682E-1,8.345859410E-2,4.401961844E-1,5.844490555E1,2.433533681E1,-1.435255013E0,5.322230824E1
5.253293542E0,8.717545618E-1,1.928307407E-1,8.099214999E-2,4.430581872E-1,5.867364904E1,2.408868566E1,-1.699637749E0,5.352008210E1
5.263338542E0,8.706778362E-1,1.921624392E-1,7.888836897E-2,4.458368025E-1,5.892499155E1,2.390364404E1,-1.946910866E0,5.381793068E1
5.273384542E0,8.700632509E-1,1.919779414E-1,7.721050293E-2,4.474067726E-1,5.906801901E1,2.379325586E1,-2.144991512E0,5.397461913E1
5.283430542E0,8.692877700E-1,1.922513533E-1,7.647777470E-2,4.489200762E-1,5.924804205E1,2.377996821E1,-2.272292819E0,5.414723149E1
5.293475333E0,8.683464833E-1,1.930366966E-1,7.688643054E-2,4.503329861E-1,5.946588987E1,2.388009082E1,-2.311564106E0,5.433452420E1
5.303521333E0,8.672370729E-1,1.942774576E-1,7.834715602E-2,4.516833922E-1,5.972172037E1,2.408338486E1,-2.270233698E0,5.453939797E1
5.313567333E0,8.660982861E-1,1.959483220E-1,8.039031406E-2,4.527862699E-1,5.998329449E1,2.436331546E1,-2.188864082E0,5.472753604E1
5.323613333E0,8.650219610E-1,1.981059720E-1,8.256354782E-2,4.535133662E-1,6.022957399E1,2.470227793E1,-2.111761581E0,5.487175228E1
5.333658333E0,8.640818334E-1,2.006507197E-1,8.458701275E-2,4.538137890E-1,6.044394515E1,2.507501713E1,-2.059420228E0,5.495868172E1
5.343704333E0,8.633314509E-1,2.032518335E-1,8.621390217E-2,4.537783856E-1,6.061455716E1,2.543352601E1,-2.040174101E0,5.499357558E1
5.353750333E0,8.627986515E-1,2.053907070E-1,8.732136857E-2,4.536166049E-1,6.073543463E1,2.571649089E1,-2.043357245E0,5.499984493E1
5.363795333E0,8.625016848E-1,2.067534885E-1,8.780558844E-2,4.534689224E-1,6.080271382E1,2.588513637E1,-2.065824472E0,5.499240109E1
5.373841333E0,8.623601135E-1,2.071864578E-1,8.770694901E-2,4.535594960E-1,6.083476376E1,2.592494605E1,-2.101669176E0,5.500056253E1
5.383887333E0,8.623112443E-1,2.066754378E-1,8.714781838E-2,4.539930817E-1,6.084582360E1,2.584069440E1,-2.141146021E0,5.504092712E1
5.393933333E0,8.623283559E-1,2.053403942E-1,8.630054029E-2,4.547278698E-1,6.084195119E1,2.565424758E1,-2.172557405E0,5.511293712E1
5.403978333E0,8.623319173E-1,2.034294035E-1,8.538139128E-2,4.557521858E-1,6.084114521E1,2.540319542E1,-2.187659974E0,5.522078159E1
5.414024333E0,8.622957975E-1,2.014613406E-1,8.443948824E-2,4.568688665E-1,6.084931906E1,2.514486839E1,-2.204093244E0,5.534021109E1
5.424070333E0,8.620976440E-1,1.997616899E-1,8.364476200E-2,4.581335881E-1,6.089414317E1,2.492216487E1,-2.224504525E0,5.548225892E1
5.434115333E0,8.616858272E-1,1.985520332E-1,8.302014570E-2,4.595457182E-1,6.098720462E1,2.475932038E1,-2.258778307E0,5.564705147E1
5.444161333E0,8.611057601E-1,1.980584409E-1,8.260897158E-2,4.609181460E-1,6.111806962E1,2.468251711E1,-2.310066058E0,5.581151939E1
5.454207333E0,8.597592526E-1,1.981750401E-1,8.258541149E-2,4.633793534E-1,6.142087495E1,2.468724885E1,-2.387248979E0,5.612366901E1
5.464252333E0,8.582398166E-1,1.988453067E-1,8.253061532E-2,4.659115782E-1,6.176095929E1,2.474726713E1,-2.500410267E0,5.644367422E1
5.474298333E0,8.565760697E-1,1.998519421E-1,8.240293145E-2,4.685578524E-1,6.213141844E1,2.483741233E1,-2.643168684E0,5.677628676E1
5.484344333E0,8.553974542E-1,2.011382323E-1,8.201462199E-2,4.702257929E-1,6.239265684E1,2.494452507E1,-2.800046005E0,5.697716546E1
5.494390333E0,8.541242400E-1,2.025247477E-1,8.174206886E-2,4.719891748E-1,6.267376229E1,2.506767893E1,-2.954517721E0,5.719312357E1
5.504435333E0,8.527741711E-1,2.039568818E-1,8.175055618E-2,4.738087597E-1,6.297060421E1,2.521045930E1,-3.086502983E0,5.742349778E1
5.514481333E0,8.513834094E-1,2.054062382E-1,8.216982249E-2,4.756078400E-1,6.327508615E1,2.537747685E1,-3.179805310E0,5.766191127E1
5.524527333E0,8.500254801E-1,2.069136940E-1,8.299194946E-2,4.772376165E-1,6.357111831E1,2.557325708E1,-3.233395776E0,5.788912219E1
5.534572333E0,8.487328784E-1,2.084376924E-1,8.415238918E-2,4.786694714E-1,6.385176687E1,2.579026558E1,-3.250397902E0,5.810002455E1
5.544618333E0,8.469948477E-1,2.098235703E-1,8.580367636E-2,4.808447335E-1,6.422739713E1,2.601806670E1,-3.235181724E0,5.842012480E1
5.554664333E0,8.460118568E-1,2.111780594E-1,8.732415026E-2,4.817077745E-1,6.443897886E1,2.624012184E1,-3.192895044E0,5.856884430E1
5.564709333E0,8.452133215E-1,2.122702265E-1,8.881309832E-2,4.823568570E-1,6.461040256E1,2.643432349E1,-3.132658644E0,5.869023655E1
5.574755333E0,8.440767264E-1,2.128991734E-1,9.032649682E-2,4.837867100E-1,6.485370145E1,2.657987899E1,-3.067396229E0,5.891408464E1
5.584801333E0,8.432028325E-1,2.131302593E-1,9.147603631E-2,4.849912880E-1,6.504021506E1,2.666494658E1,-3.007514686E0,5.910018362E1
5.594847333E0,8.425640128E-1,2.129564984E-1,9.222984323E-2,4.860338745E-1,6.517625652E1,2.668663933E1,-2.957147555E0,5.925552432E1
5.604892333E0,8.421365173E-1,2.123726697E-1,9.255980037E-2,4.869667107E-1,6.526715393E1,2.664254034E1,-2.919960366E0,5.938588808E1
5.614938333E0,8.419464139E-1,2.115083221E-1,9.245618234E-2,4.876907304E-1,6.530753903E1,2.654561952E1,-2.901265209E0,5.947793149E1
5.624984333E0,8.419937870E-1,2.105781306E-1,9.204233190E-2,4.880896082E-1,6.529747729E1,2.642526063E1,-2.898331202E0,5.951968196E1
5.635029333E0,8.428901240E-1,2.098635097E-1,9.112464749E-2,4.870214806E-1,6.510684030E1,2.630281310E1,-2.911875700E0,5.935809598E1
5.645075333E0,8.432549050E-1,2.092112135E-1,9.030226765E-2,4.868236854E-1,6.502911468E1,2.618958679E1,-2.946432625E0,5.931144805E1
5.655121333E0,8.443841455E-1,2.089502455E-1,8.911660831E-2,4.851940775E-1,6.478797584E1,2.610053576E1,-2.995959968E0,5.906986900E1
5.665166333E0,8.455528354E-1,2.090096199E-1,8.803188541E-2,4.833277729E-1,6.453756783E1,2.605125906E1,-3.047801466E0,5.880033286E1
5.675212333E0,8.468426344E-1,2.093533379E-1,8.709707885E-2,4.810849494E-1,6.426020065E1,2.604133679E1,-3.090797914E0,5.848625326E1
5.685258333E0,8.476016148E-1,2.097748328E-1,8.659567359E-2,4.796533053E-1,6.409648366E1,2.606141539E1,-3.120789189E0,5.828816955E1
5.695304333E0,8.484857503E-1,2.103626812E-1,8.621628347E-2,4.778977415E-1,6.390529752E1,2.610673996E1,-3.138922065E0,5.805162840E1
5.705349333E0,8.494371311E-1,2.109766133E-1,8.603294468E-2,4.759661093E-1,6.369899731E1,2.616642051E1,-3.134283070E0,5.779796345E1
5.715395333E0,8.504399733E-1,2.114778499E-1,8.611822356E-2,4.739330296E-1,6.348088883E1,2.622972366E1,-3.094095858E0,5.753904700E1
5.725441333E0,8.514895352E-1,2.117777353E-1,8.654549777E-2,4.718321568E-1,6.325189817E1,2.629116214E1,-3.007227113E0,5.728143725E1
5.735486333E0,8.526093137E-1,2.117199572E-1,8.730255527E-2,4.696915815E-1,6.300676567E1,2.633345480E1,-2.866914465E0,5.702880520E1
5.745532333E0,8.538488525E-1,2.112204907E-1,8.834942503E-2,4.674637834E-1,6.273441458E1,2.634551519E1,-2.671050935E0,5.677424525E1
5.755578333E0,8.552023143E-1,2.103209927E-1,8.963806493E-2,4.651440630E-1,6.243581444E1,2.632875074E1,-2.426729690E0,5.651581175E1
5.765623333E0,8.572772879E-1,2.093450139E-1,9.051259623E-2,4.615817271E-1,6.197552444E1,2.628346133E1,-2.181828026E0,5.608902832E1
5.775669333E0,8.586064941E-1,2.081843161E-1,9.107877065E-2,4.595203458E-1,6.167904331E1,2.619779220E1,-2.001646149E0,5.584497593E1
5.785715333E0,8.604532426E-1,2.071698625E-1,9.039476945E-2,4.566506091E-1,6.126497782E1,2.606090885E1,-1.928226153E0,5.546434393E1
5.795761333E0,8.620606180E-1,2.061601030E-1,8.908748484E-2,4.543268215E-1,6.090251548E1,2.588989607E1,-1.932982189E0,5.513628172E1
5.805806333E0,8.626826845E-1,2.050764812E-1,8.811870265E-2,4.538252951E-1,6.076171553E1,2.572583244E1,-1.954212584E0,5.504809918E1
5.815852333E0,8.630938480E-1,2.043512815E-1,8.778776559E-2,4.534346991E-1,6.066848961E1,2.563316027E1,-1.935920769E0,5.499079870E1
5.825898333E0,8.633579402E-1,2.044994224E-1,8.843803351E-2,4.527380960E-1,6.060854178E1,2.568475776E1,-1.860262488E0,5.492020155E1
5.835943333E0,8.634485770E-1,2.058571673E-1,9.000806157E-2,4.516392223E-1,6.058795523E1,2.591262277E1,-1.748461655E0,5.482264297E1
5.845989333E0,8.632573567E-1,2.085375435E-1,9.227886528E-2,4.503150105E-1,6.063138013E1,2.631668648E1,-1.632827206E0,5.471552148E1
5.856035333E0,8.627204480E-1,2.124479071E-1,9.483614639E-2,4.489827908E-1,6.075315853E1,2.686515784E1,-1.555011737E0,5.461594294E1
5.866080333E0,8.626180523E-1,2.174656790E-1,9.695935710E-2,4.463155485E-1,6.077635826E1,2.750945420E1,-1.537937168E0,5.433728225E1
5.876126333E0,8.624443862E-1,2.229308082E-1,9.866178422E-2,4.435733270E-1,6.081568734E1,2.817967592E1,-1.581089577E0,5.403855583E1
5.886172333E0,8.616736257E-1,2.280921271E-1,1.000383056E-1,4.421367728E-1,6.098995993E1,2.879975511E1,-1.678725478E0,5.389493924E1
5.896218333E0,8.618757830E-1,2.327149199E-1,1.002532334E-1,4.392758236E-1,6.094429478E1,2.930545086E1,-1.813164463E0,5.353941851E1
5.906263333E0,8.624720134E-1,2.361288146E-1,9.972755685E-2,4.363939696E-1,6.080943231E1,2.964582221E1,-1.952211611E0,5.316036145E1
5.916309333E0,8.635463998E-1,2.379946134E-1,9.864695380E-2,4.334917587E-1,6.056572939E1,2.979416042E1,-2.061085109E0,5.276404967E1
5.926355333E0,8.650871411E-1,2.382161057E-1,9.722507718E-2,4.306095676E-1,6.021468577E1,2.975063711E1,-2.116984324E0,5.236260341E1
5.936400333E0,8.670052442E-1,2.370390706E-1,9.560996780E-2,4.277535285E-1,5.977505457E1,2.954855240E1,-2.120422725E0,5.196132540E1
5.946446333E0,8.691316159E-1,2.349583966E-1,9.396654627E-2,4.249413433E-1,5.928423210E1,2.924879941E1,-2.083073419E0,5.156685473E1
5.956492333E0,8.713097861E-1,2.325389094E-1,9.237934337E-2,4.221505265E-1,5.877759269E1,2.891588253E1,-2.025873409E0,5.117808952E1
5.966537333E0,8.734135882E-1,2.302528380E-1,9.091299656E-2,4.193651256E-1,5.828444654E1,2.860348610E1,-1.966245794E0,5.079420892E1
5.976583333E0,8.753375075E-1,2.284194975E-1,8.965349594E-2,4.166184997E-1,5.783011055E1,2.834993802E1,-1.912512470E0,5.042130156E1
5.986629333E0,8.770434434E-1,2.271148049E-1,8.869667292E-2,4.139404047E-1,5.742450648E1,2.816795953E1,-1.859134099E0,5.006558205E1
5.996675333E0,8.785369169E-1,2.262872884E-1,8.804293842E-2,4.113579408E-1,5.706725376E1,2.805187347E1,-1.803522198E0,4.973029870E1
6.006720333E0,8.798446915E-1,2.258981149E-1,8.762027929E-2,4.088595178E-1,5.675273134E1,2.799394030E1,-1.749896836E0,4.941189546E1
6.016766333E0,8.809564200E-1,2.258461426E-1,8.746571099E-2,4.065207260E-1,5.648409626E1,2.798490315E1,-1.691348695E0,4.912079654E1
6.026812333E0,8.819361235E-1,2.259234241E-1,8.759924801E-2,4.043186796E-1,5.624638779E1,2.800330541E1,-1.614593242E0,4.885500694E1
6.036857333E0,8.828127569E-1,2.259623731E-1,8.794859797E-2,4.023030698E-1,5.603290273E1,2.802743286E1,-1.520030450E0,4.861868765E1
6.046903333E0,8.830104888E-1,2.257446899E-1,8.876128931E-2,4.018125858E-1,5.598464603E1,2.804362018E1,-1.413046632E0,4.858277775E1
6.056949333E0,8.838207830E-1,2.255937462E-1,8.924439229E-2,4.000048443E-1,5.578649206E1,2.805290869E1,-1.302163571E0,4.837636499E1
6.066994333E0,8.839419131E-1,2.253735289E-1,9.010136416E-2,3.996687653E-1,5.575681460E1,2.807052501E1,-1.195321108E0,4.836078659E1
6.077040333E0,8.839901923E-1,2.253503060E-1,9.094309994E-2,3.993845480E-1,5.574498190E1,2.810861153E1,-1.101134723E0,4.835100915E1
6.087086333E0,8.839466757E-1,2.255857172E-1,9.173305833E-2,3.991672599E-1,5.575564744E1,2.817206035E1,-1.026715179E0,4.834775830E1
6.097132333E0,8.844467480E-1,2.261641669E-1,9.207690812E-2,3.976501841E-1,5.563297072E1,2.825245918E1,-9.737428855E-1,4.817262035E1
6.107177333E0,8.842491636E-1,2.266628906E-1,9.268953364E-2,3.976631654E-1,5.568147144E1,2.833557534E1,-9.368093933E-1,4.819216372E1
6.117223333E0,8.840168291E-1,2.270411006E-1,9.326717200E-2,3.978289921E-1,5.573845253E1,2.840389831E1,-9.023063154E-1,4.822944764E1
6.127269333E0,8.837928397E-1,2.271044789E-1,9.385970401E-2,3.981510151E-1,5.579333626E1,2.843884203E1,-8.559556674E-1,4.828648309E1
6.137314333E0,8.842573822E-1,2.268894668E-1,9.416741815E-2,3.971680663E-1,5.567945480E1,2.843116294E1,-7.844055716E-1,4.817616288E1
6.147360333E0,8.847944174E-1,2.262154386E-1,9.454471147E-2,3.962660395E-1,5.554753431E1,2.837706930E1,-6.862895588E-1,4.807810322E1
6.157406333E0,8.854552168E-1,2.251691694E-1,9.494094980E-2,3.952898974E-1,5.538481484E1,2.828358697E1,-5.662219896E-1,4.797175112E1
6.167451333E0,8.855512905E-1,2.237231953E-1,9.571596712E-2,3.957084367E-1,5.536112036E1,2.816428832E1,-4.317573100E-1,4.804662962E1
6.177497333E0,8.863067938E-1,2.223686746E-1,9.606745603E-2,3.946942360E-1,5.517446548E1,2.803525321E1,-3.005057306E-1,4.793415383E1
6.187543333E0,8.864029097E-1,2.209435790E-1,9.666855965E-2,3.951317835E-1,5.515067733E1,2.791013512E1,-1.850127342E-1,4.800578358E1
6.197589333E0,8.870552376E-1,2.198762259E-1,9.680982008E-2,3.942275861E-1,5.498897920E1,2.780187060E1,-9.231681248E-2,4.790006395E1
6.207634333E0,8.876000488E-1,2.190823057E-1,9.691442856E-2,3.934167439E-1,5.485359542E1,2.772125530E1,-1.941133432E-2,4.780455085E1
6.217680333E0,8.880517787E-1,2.186477506E-1,9.702095472E-2,3.926120763E-1,5.474110787E1,2.767944195E1,3.619764942E-2,4.770983883E1
6.227726333E0,8.878168522E-1,2.184623625E-1,9.745254372E-2,3.931391648E-1,5.479963470E1,2.768008900E1,7.263959634E-2,4.778691572E1
6.237771333E0,8.875493672E-1,2.186239008E-1,9.785895524E-2,3.935520564E-1,5.486620262E1,2.771700599E1,9.336558507E-2,4.784939224E1
6.247817333E0,8.879354956E-1,2.191361009E-1,9.787319034E-2,3.923911004E-1,5.477008449E1,2.777284637E1,1.051978612E-1,4.770861790E1
6.257863333E0,8.877530208E-1,2.194706257E-1,9.813243034E-2,3.925523331E-1,5.481552694E1,2.782136849E1,1.104268309E-1,4.773608080E1
6.267908333E0,8.883142482E-1,2.197375101E-1,9.787140437E-2,3.911959633E-1,5.467565094E1,2.783757294E1,1.123153925E-1,4.756330919E1
6.277954333E0,8.889664286E-1,2.196746270E-1,9.747644625E-2,3.898462526E-1,5.451269050E1,2.781183509E1,1.161911275E-1,4.738739659E1
6.288000333E0,8.897178015E-1,2.192220067E-1,9.701311014E-2,3.885001033E-1,5.432438531E1,2.774076545E1,1.313814934E-1,4.720993598E1
6.298046833E0,8.905258830E-1,2.183895696E-1,9.651975494E-2,3.872382688E-1,5.412119269E1,2.762723284E1,1.586569310E-1,4.704188338E1
6.308091833E0,8.913176537E-1,2.172832517E-1,9.604478630E-2,3.861557692E-1,5.392141503E1,2.748497308E1,1.949472485E-1,4.689620094E1
6.318137833E0,8.920149733E-1,2.161192084E-1,9.566661316E-2,3.852918009E-1,5.374490027E1,2.734105579E1,2.368720118E-1,4.677995570E1
6.328183833E0,8.926019314E-1,2.151698875E-1,9.538579398E-2,3.845324622E-1,5.359590471E1,2.722495480E1,2.752198787E-1,4.667935066E1
6.338228833E0,8.931254374E-1,2.147054187E-1,9.492952273E-2,3.836883873E-1,5.346269171E1,2.715310008E1,2.754786726E-1,4.656342425E1
6.348274833E0,8.936672984E-1,2.146715643E-1,9.407900987E-2,3.826539140E-1,5.332448344E1,2.710951345E1,2.212104214E-1,4.641298684E1
6.358320833E0,8.943204902E-1,2.147029584E-1,9.287734526E-2,3.814017311E-1,5.315743625E1,2.705688700E1,1.345343892E-1,4.622605004E1
6.368365833E0,8.951121556E-1,2.143808458E-1,9.161926710E-2,3.800276806E-1,5.295432108E1,2.696369170E1,6.174928448E-2,4.602295349E1
6.378411833E0,8.959542075E-1,2.134876962E-1,9.066269696E-2,3.787735168E-1,5.273748205E1,2.682274088E1,4.195647966E-2,4.584339102E1
6.388457833E0,8.967489495E-1,2.122867270E-1,9.025203387E-2,3.776642750E-1,5.253206390E1,2.667353188E1,8.712442303E-2,4.569727486E1
6.398502833E0,8.973349593E-1,2.113073554E-1,9.055107103E-2,3.767488455E-1,5.238011788E1,2.658079801E1,1.884850576E-1,4.559502267E1
6.408548833E0,8.975574525E-1,2.112010927E-1,9.153211269E-2,3.760406520E-1,5.232232041E1,2.661393373E1,3.134247533E-1,4.553759699E1
6.418594833E0,8.973682342E-1,2.125000322E-1,9.301022901E-2,3.753971328E-1,5.237147776E1,2.682233236E1,4.231357181E-1,4.550304888E1
6.428640833E0,8.968336225E-1,2.153180021E-1,9.469417473E-2,3.746472771E-1,5.251013435E1,2.720523869E1,4.877782190E-1,4.546295401E1
6.438685833E0,8.960758222E-1,2.193804578E-1,9.625573127E-2,3.737045364E-1,5.270609629E1,2.771814469E1,4.891928695E-1,4.539741958E1
6.448731833E0,8.952341707E-1,2.241210089E-1,9.745952956E-2,3.725952103E-1,5.292295172E1,2.828910381E1,4.288843075E-1,4.530210367E1
6.458777833E0,8.944623565E-1,2.288192814E-1,9.820658772E-2,3.713948891E-1,5.312109102E1,2.883541363E1,3.277089203E-1,4.518223682E1
6.468822833E0,8.939128459E-1,2.328562804E-1,9.841360777E-2,3.701519786E-1,5.326174412E1,2.928574904E1,2.040851660E-1,4.504031684E1
6.478868833E0,8.936798581E-1,2.357229563E-1,9.810948138E-2,3.689790318E-1,5.332127598E1,2.958557116E1,8.040196007E-2,4.489035064E1
6.488914833E0,8.937933175E-1,2.369899695E-1,9.750088615E-2,3.680528126E-1,5.329229313E1,2.969685954E1,-9.073860094E-3,4.476008795E1
6.498959833E0,8.941838712E-1,2.365681375E-1,9.688004727E-2,3.675391901E-1,5.319241540E1,2.962263655E1,-3.661039618E-2,4.467889443E1
6.509005833E0,8.947224237E-1,2.347733509E-1,9.645533875E-2,3.674908898E-1,5.305440354E1,2.940678269E1,2.714312797E-3,4.465973264E1
6.519051833E0,8.953082438E-1,2.321618215E-1,9.625179581E-2,3.677764979E-1,5.290389955E1,2.911156219E1,9.068374196E-2,4.468749420E1
6.529096833E0,8.958862667E-1,2.292891029E-1,9.616489955E-2,3.681935620E-1,5.275500832E1,2.879331325E1,1.982485287E-1,4.473449198E1
6.539142833E0,8.964400131E-1,2.267215326E-1,9.595383340E-2,3.684908448E-1,5.261200363E1,2.850311633E1,2.832768235E-1,4.476318091E1
6.549188833E0,8.969395165E-1,2.249059834E-1,9.540707287E-2,3.685298096E-1,5.248269678E1,2.828005550E1,3.082315319E-1,4.475069538E1
6.559234833E0,8.973825642E-1,2.240034350E-1,9.441986197E-2,3.682553493E-1,5.236775647E1,2.813687548E1,2.567174232E-1,4.468750220E1
6.569279833E0,8.977391897E-1,2.239195048E-1,9.307851217E-2,3.677782681E-1,5.227506613E1,2.806730984E1,1.383694922E-1,4.458962846E1
6.579325833E0,8.979695433E-1,2.244425261E-1,9.162431946E-2,3.672619902E-1,5.221511376E1,2.805931528E1,-1.757382306E-2,4.448391142E1
6.589371833E0,8.980387484E-1,2.254647084E-1,9.027126337E-2,3.668011566E-1,5.219708976E1,2.811077832E1,-1.871997874E-1,4.438794668E1
6.599416833E0,8.979534854E-1,2.270380186E-1,8.914500475E-2,3.663146555E-1,5.221929511E1,2.823302143E1,-3.574461480E-1,4.429551397E1
6.609462833E0,8.976910159E-1,2.291627255E-1,8.828187944E-2,3.658435170E-1,5.228759589E1,2.842769794E1,-5.257359672E-1,4.421238773E1
6.619508833E0,8.972792412E-1,2.317558947E-1,8.764173203E-2,3.653740011E-1,5.239458261E1,2.868399963E1,-6.919747084E-1,4.413559201E1
6.629553833E0,8.967805596E-1,2.347237335E-1,8.715065276E-2,3.648206973E-1,5.252387815E1,2.898851412E1,-8.568404689E-1,4.405261295E1
6.639599833E0,8.962466644E-1,2.379326260E-1,8.675984611E-2,3.641464109E-1,5.266197679E1,2.932458095E1,-1.018095196E0,4.395758032E1
6.649645833E0,8.957628186E-1,2.412676271E-1,8.626099074E-2,3.632602313E-1,5.278683969E1,2.967067746E1,-1.188806082E0,4.383334026E1
6.659691833E0,8.953597894E-1,2.445607816E-1,8.563952492E-2,3.621972245E-1,5.289063787E1,3.000782426E1,-1.363888600E0,4.368375957E1
6.669736833E0,8.950934424E-1,2.475271453E-1,8.496458002E-2,3.609971984E-1,5.295913060E1,3.030762451E1,-1.524862816E0,4.351610053E1
6.679782833E0,8.949986330E-1,2.500685686E-1,8.419688571E-2,3.596580876E-1,5.298349156E1,3.055748150E1,-1.671335525E0,4.332918108E1
6.689828833E0,8.950682175E-1,2.520942463E-1,8.334227933E-2,3.582671152E-1,5.296561307E1,3.074735714E1,-1.801682283E0,4.313386760E1
6.699873833E0,8.953578295E-1,2.535314222E-1,8.239232098E-2,3.567458879E-1,5.289114215E1,3.086882945E1,-1.911246902E0,4.292084890E1
6.709919833E0,8.958622430E-1,2.544635314E-1,8.128821052E-2,3.550652402E-1,5.276120428E1,3.092861286E1,-2.008985801E0,4.268487030E1
6.719965833E0,8.965544418E-1,2.548455030E-1,8.012475204E-2,3.533043659E-1,5.258240747E1,3.092550906E1,-2.086236639E0,4.243856921E1
6.730010833E0,8.974337094E-1,2.547873298E-1,7.897442756E-2,3.513675497E-1,5.235447272E1,3.087485801E1,-2.137592474E0,4.217279150E1
6.740056833E0,8.981383414E-1,2.543018034E-1,7.812164404E-2,3.501071692E-1,5.217114129E1,3.078799723E1,-2.162723415E0,4.199755727E1
6.750102833E0,8.993325302E-1,2.535909757E-1,7.702536236E-2,3.477928015E-1,5.185906091E1,3.066839113E1,-2.169243880E0,4.169039976E1
6.760147833E0,9.006937892E-1,2.526410858E-1,7.585815281E-2,3.452082724E-1,5.150117379E1,3.052010975E1,-2.165015161E0,4.134986556E1
6.770193833E0,9.022798383E-1,2.514854825E-1,7.453535289E-2,3.421850158E-1,5.108124192E1,3.034381085E1,-2.155152354E0,4.095347905E1
6.780239833E0,9.037546830E-1,2.500259951E-1,7.352946040E-2,3.395700146E-1,5.068784282E1,3.014586370E1,-2.114549475E0,4.061612196E1
6.790285833E0,9.054008124E-1,2.483818676E-1,7.254313985E-2,3.365906117E-1,5.024536007E1,2.992894358E1,-2.054194314E0,4.023699661E1
6.800330833E0,9.072007779E-1,2.466730710E-1,7.139570771E-2,3.332295270E-1,4.975731718E1,2.969925610E1,-1.997564691E0,3.980852534E1
6.810376833E0,9.089541079E-1,2.448431497E-1,7.040724820E-2,3.299957468E-1,4.927757045E1,2.946213595E1,-1.925528190E0,3.940054298E1
6.820422833E0,9.105048590E-1,2.428534286E-1,6.977545641E-2,3.273141957E-1,4.884957442E1,2.921998781E1,-1.829018019E0,3.906885261E1
6.830467833E0,9.121683319E-1,2.412080788E-1,6.887768639E-2,3.240735034E-1,4.838651982E1,2.900696259E1,-1.758236835E0,3.866317956E1
6.840513833E0,9.133252840E-1,2.399912888E-1,6.822867761E-2,3.218475387E-1,4.806199276E1,2.884970654E1,-1.710605243E0,3.838395538E1
6.850559833E0,9.142538001E-1,2.392090169E-1,6.766848804E-2,3.199061495E-1,4.780004388E1,2.874402515E1,-1.679953933E0,3.814036455E1
6.860604833E0,9.149461253E-1,2.387793561E-1,6.719833467E-2,3.183431547E-1,4.760384542E1,2.868066498E1,-1.665354979E0,3.794353146E1
6.870650833E0,9.154448068E-1,2.385012186E-1,6.677169266E-2,3.172060327E-1,4.746205064E1,2.863528788E1,-1.665046422E0,3.779791109E1
6.880696833E0,9.160280560E-1,2.382273431E-1,6.646752413E-2,3.157886974E-1,4.729570187E1,2.859545543E1,-1.643856416E0,3.762295947E1
6.890741833E0,9.164183990E-1,2.377216125E-1,6.794718407E-2,3.147206331E-1,4.718406324E1,2.859559876E1,-1.438028290E0,3.754096305E1
6.900787833E0,9.167770687E-1,2.373084206E-1,7.038601673E-2,3.134492312E-1,4.708126324E1,2.864203425E1,-1.129471045E0,3.746312381E1
6.910833833E0,9.171579919E-1,2.376175572E-1,7.128607322E-2,3.118932539E-1,4.697185274E1,2.871193613E1,-1.000517817E0,3.730665788E1
6.920879833E0,9.174410923E-1,2.382392864E-1,7.046635916E-2,3.107705883E-1,4.689038338E1,2.875227518E1,-1.075966789E0,3.715041912E1
6.930924833E0,9.175609369E-1,2.394223853E-1,6.801531445E-2,3.100527642E-1,4.685585479E1,2.879522665E1,-1.355214719E0,3.699330551E1
6.940970833E0,9.176165707E-1,2.411373406E-1,6.443850108E-2,3.093221908E-1,4.683981788E1,2.885786931E1,-1.771786980E0,3.680130244E1
6.951016833E0,9.177803534E-1,2.419651837E-1,6.166688744E-2,3.087545570E-1,4.679257608E1,2.885131443E1,-2.075844221E0,3.665333669E1
6.961061833E0,9.178523612E-1,2.411734763E-1,6.149423288E-2,3.091941276E-1,4.677179173E1,2.875510184E1,-2.077633066E0,3.670131406E1
6.971107833E0,9.181844152E-1,2.393105171E-1,6.421989591E-2,3.091012991E-1,4.667583468E1,2.864486514E1,-1.719760041E0,3.677188667E1
6.981153833E0,9.184390664E-1,2.388703090E-1,6.667423861E-2,3.081641218E-1,4.660211912E1,2.868644122E1,-1.418219204E0,3.673366595E1
6.991198833E0,9.186916104E-1,2.392231045E-1,7.016171647E-2,3.063583822E-1,4.652890468E1,2.885594247E1,-1.012013314E0,3.662387837E1
7.001244833E0,9.186734872E-1,2.398094620E-1,7.479516187E-2,3.048544141E-1,4.653416234E1,2.909343347E1,-5.035952301E-1,3.658534573E1
7.011290833E0,9.183802927E-1,2.410766755E-1,7.954683445E-2,3.035327943E-1,4.661914252E1,2.941226801E1,-1.380047295E-2,3.657473735E1
7.021335833E0,9.178913260E-1,2.434501963E-1,8.308898204E-2,3.021649394E-1,4.676054130E1,2.981110097E1,3.099192048E-1,3.652503208E1
7.031381833E0,9.174022540E-1,2.468105066E-1,8.457834103E-2,3.005067138E-1,4.690156800E1,3.024466586E1,3.923813447E-1,3.637976708E1
7.041427833E0,9.171411332E-1,2.506005040E-1,8.385018573E-2,2.983635255E-1,4.697670007E1,3.064467220E1,2.443562969E-1,3.610834744E1
7.051473833E0,9.172554565E-1,2.541039924E-1,8.147085916E-2,2.956959461E-1,4.694381988E1,3.095321113E1,-4.674537676E-2,3.572262026E1
7.061518833E0,9.177593642E-1,2.568045096E-1,7.808952287E-2,2.926966920E-1,4.679863274E1,3.113760583E1,-4.008949177E-1,3.526590494E1
7.071564833E0,9.187059403E-1,2.582055867E-1,7.416294334E-2,2.894980412E-1,4.652474706E1,3.115903852E1,-7.581684748E-1,3.476944928E1
7.081610833E0,9.200374225E-1,2.581336947E-1,7.015837106E-2,2.863145423E-1,4.613689309E1,3.101418744E1,-1.072536930E0,3.427456891E1
7.091655833E0,9.216528690E-1,2.567722672E-1,6.647079577E-2,2.832061700E-1,4.566214221E1,3.073671775E1,-1.312932035E0,3.380149622E1
7.101701833E0,9.234377459E-1,2.545337638E-1,6.317573408E-2,2.801502285E-1,4.513210573E1,3.037515344E1,-1.486285662E0,3.334974421E1
7.111747833E0,9.251951430E-1,2.520145729E-1,6.047354158E-2,2.772105280E-1,4.460440139E1,3.000308923E1,-1.594319381E0,3.293167517E1
7.121792833E0,9.268003901E-1,2.494583982E-1,5.900785331E-2,2.744623427E-1,4.411715298E1,2.966811003E1,-1.579092235E0,3.257397607E1
7.131838833E0,9.283827724E-1,2.455912246E-1,6.089359814E-2,2.721805755E-1,4.363178810E1,2.929179181E1,-1.181819957E0,3.237099360E1
7.141884833E0,9.296101308E-1,2.408916087E-1,6.567354599E-2,2.710778875E-1,4.325175429E1,2.891380560E1,-4.869735486E-1,3.238822479E1
7.151929833E0,9.306279140E-1,2.354941832E-1,7.239760678E-2,2.706153470E-1,4.293418450E1,2.852299567E1,4.179069396E-1,3.253380587E1
7.161975833E0,9.317544992E-1,2.289883535E-1,8.015778990E-2,2.701347043E-1,4.258003581E1,2.804620608E1,1.470334435E0,3.270316014E1
7.172021833E0,9.327147309E-1,2.209759267E-1,9.005190483E-2,2.703768379E-1,4.227594911E1,2.748095602E1,2.779473060E0,3.301157423E1
7.182067833E0,9.333735283E-1,2.116304268E-1,1.019243612E-1,2.713631163E-1,4.206610800E1,2.685046541E1,4.324758284E0,3.345463474E1
7.192112833E0,9.338446668E-1,2.021678745E-1,1.138917007E-1,2.721964228E-1,4.191542533E1,2.622666049E1,5.892110653E0,3.387434991E1
7.202158833E0,9.341684600E-1,1.939199707E-1,1.244565854E-1,2.724609996E-1,4.181156702E1,2.569816207E1,7.287925563E0,3.418434017E1
7.212204833E0,9.344637197E-1,1.878258525E-1,1.322459130E-1,2.720476444E-1,4.171664567E1,2.530919478E1,8.335128162E0,3.433801145E1
7.222249833E0,9.348618810E-1,1.843591135E-1,1.367848678E-1,2.708038487E-1,4.158831536E1,2.508537506E1,8.968973975E0,3.430896829E1
7.232295833E0,9.355489378E-1,1.842972525E-1,1.371632306E-1,2.682705913E-1,4.136597726E1,2.507083245E1,9.077062805E0,3.402295737E1
7.242341833E0,9.364580243E-1,1.871529175E-1,1.324714593E-1,2.654647281E-1,4.107001982E1,2.518795059E1,8.554084273E0,3.356817527E1
7.252386833E0,9.374595599E-1,1.919598472E-1,1.238056905E-1,2.626656295E-1,4.074158447E1,2.538243991E1,7.543746820E0,3.300572753E1
7.262432833E0,9.383524198E-1,1.978767142E-1,1.143469077E-1,2.593537933E-1,4.044663508E1,2.568310925E1,6.428039022E0,3.236760328E1
7.272478833E0,9.389906916E-1,2.049899485E-1,1.050062336E-1,2.554394469E-1,4.023451749E1,2.613580684E1,5.305991642E0,3.166895835E1
7.282523833E0,9.391536735E-1,2.132647235E-1,9.566996910E-2,2.517060369E-1,4.018018155E1,2.673834586E1,4.148260572E0,3.099320225E1
7.292569833E0,9.388568543E-1,2.222282729E-1,8.643880829E-2,2.483762884E-1,4.027908450E1,2.744140263E1,2.975840582E0,3.036318679E1
7.302616167E0,9.383484369E-1,2.304826753E-1,7.805507836E-2,2.455346214E-1,4.044795537E1,2.810818586E1,1.908460975E0,2.980505105E1
7.312661167E0,9.379085502E-1,2.360352960E-1,7.174077976E-2,2.438607593E-1,4.059352054E1,2.854435807E1,1.114650176E0,2.943250210E1
7.322707167E0,9.377766938E-1,2.378666503E-1,6.805930523E-2,2.436436398E-1,4.063705652E1,2.864159157E1,6.726373926E-1,2.929973756E1
7.332753167E0,9.380373299E-1,2.374018707E-1,6.566206097E-2,2.437513672E-1,4.055095720E1,2.851620725E1,4.270218117E-1,2.924111447E1
7.342799167E0,9.383793095E-1,2.363210306E-1,6.389173002E-2,2.439558637E-1,4.043772032E1,2.833956440E1,2.638796673E-1,2.921245253E1
7.352844167E0,9.385126410E-1,2.354833620E-1,6.244358537E-2,2.446269469E-1,4.039348893E1,2.820059631E1,1.144218500E-1,2.924734384E1
7.362890167E0,9.385122617E-1,2.352943808E-1,6.056871970E-2,2.452809395E-1,4.039361483E1,2.812305110E1,-9.955039776E-2,2.926844098E1
7.372936167E0,9.384684500E-1,2.359950616E-1,5.797545572E-2,2.454019642E-1,4.040815398E1,2.812612207E1,-4.017057873E-1,2.920788853E1
7.382981167E0,9.385000391E-1,2.374019234E-1,5.489310917E-2,2.446319624E-1,4.039767147E1,2.819678416E1,-7.516176554E-1,2.903078110E1
7.393027167E0,9.386816288E-1,2.391375833E-1,5.099527379E-2,2.430832132E-1,4.033736217E1,2.828385685E1,-1.176021780E0,2.874070642E1
7.403073167E0,9.390885145E-1,2.408777318E-1,4.561646137E-2,2.408522962E-1,4.020191313E1,2.833353082E1,-1.739544776E0,2.833057084E1
7.413118167E0,9.397483445E-1,2.421488070E-1,3.917731854E-2,2.381221287E-1,3.998132597E1,2.830649933E1,-2.389258237E0,2.783514511E1
7.423164167E0,9.405744016E-1,2.427883854E-1,3.246324128E-2,2.352013732E-1,3.970351108E1,2.820708361E1,-3.046140307E0,2.731360337E1
7.433210167E0,9.414320900E-1,2.430305191E-1,2.614422750E-2,2.322890260E-1,3.941307018E1,2.807941039E1,-3.651101024E0,2.680733110E1
7.443255167E0,9.421735795E-1,2.431087542E-1,2.089819873E-2,2.297176889E-1,3.916031136E1,2.796488528E1,-4.146866455E0,2.637164578E1
7.453301167E0,9.427568076E-1,2.430901147E-1,1.739112786E-2,2.276276267E-1,3.896039402E1,2.788429137E1,-4.466537009E0,2.603903671E1
7.463347167E0,9.432272086E-1,2.429476268E-1,1.590192165E-2,2.259338713E-1,3.879843006E1,2.783868390E1,-4.576032061E0,2.580618543E1
7.473392167E0,9.436118829E-1,2.427911461E-1,1.613013630E-2,2.244747895E-1,3.866549795E1,2.783233575E1,-4.505788154E0,2.564565941E1
7.483438167E0,9.439675601E-1,2.426435478E-1,1.779754992E-2,2.230084585E-1,3.854219407E1,2.786152693E1,-4.279532802E0,2.552238685E1
7.493484167E0,9.443584300E-1,2.425622781E-1,2.068995115E-2,2.211845958E-1,3.840625068E1,2.792889066E1,-3.912021573E0,2.539088177E1
7.503530167E0,9.448166084E-1,2.425388234E-1,2.464290408E-2,2.188357941E-1,3.824630571E1,2.802974720E1,-3.416067128E0,2.522857219E1
7.513575167E0,9.454560182E-1,2.421551185E-1,2.976549526E-2,2.158418927E-1,3.802201244E1,2.811821177E1,-2.765624115E0,2.502707623E1
7.523621167E0,9.463928584E-1,2.406666815E-1,3.597823576E-2,2.124279137E-1,3.769106531E1,2.810512569E1,-1.957005662E0,2.481203875E1
7.533667167E0,9.476307534E-1,2.375410501E-1,4.228987384E-2,2.092408111E-1,3.724942379E1,2.790368932E1,-1.103366840E0,2.462859311E1
7.543712167E0,9.492518055E-1,2.326971023E-1,4.792812118E-2,2.060972463E-1,3.666332873E1,2.748636981E1,-2.821686946E-1,2.443035501E1
7.553758167E0,9.512210749E-1,2.263469315E-1,5.207698319E-2,2.030604816E-1,3.593892729E1,2.685749745E1,4.096232821E-1,2.419831590E1
7.563804167E0,9.528085781E-1,2.217304607E-1,5.654208355E-2,1.994851644E-1,3.534451639E1,2.643452081E1,1.104942518E0,2.390942176E1
7.573849167E0,9.539177988E-1,2.197063952E-1,5.983624435E-2,1.954216181E-1,3.492338050E1,2.627803187E1,1.620939551E0,2.353348206E1
7.583895167E0,9.544522630E-1,2.202417286E-1,6.082253855E-2,1.918728956E-1,3.471869527E1,2.635824961E1,1.810136277E0,2.315716204E1
7.593941167E0,9.542195281E-1,2.241188805E-1,6.085882699E-2,1.884992090E-1,3.480796977E1,2.680059689E1,1.813880496E0,2.278116401E1
7.603986167E0,9.535230936E-1,2.301295690E-1,6.244687810E-2,1.842128745E-1,3.507379881E1,2.752572032E1,1.965826969E0,2.235028481E1
7.614032167E0,9.527727111E-1,2.368293584E-1,6.443359624E-2,1.788419330E-1,3.535805286E1,2.833852204E1,2.181840851E0,2.181311412E1
7.624078167E0,9.524438814E-1,2.427881958E-1,6.442248001E-2,1.724941119E-1,3.548192271E1,2.901755152E1,2.232724117E0,2.110863238E1
7.634123167E0,9.525435165E-1,2.465491171E-1,6.491025602E-2,1.663163111E-1,3.544443449E1,2.945339613E1,2.387025740E0,2.043577112E1
7.644169167E0,9.530518497E-1,2.479543352E-1,6.625219061E-2,1.606910134E-1,3.525257101E1,2.963388397E1,2.670691282E0,1.984748262E1
7.654215167E0,9.537830975E-1,2.475900073E-1,6.819245239E-2,1.560341238E-1,3.497478430E1,2.962128984E1,3.027579136E0,1.938269195E1
7.664261167E0,9.544123500E-1,2.463025528E-1,7.059289980E-2,1.531296159E-1,3.473402127E1,2.951395728E1,3.400612229E0,1.912613791E1
7.674306167E0,9.549151197E-1,2.449508876E-1,7.235311552E-2,1.513313363E-1,3.454048404E1,2.938795784E1,3.672002908E0,1.897348542E1
7.684352167E0,9.553250400E-1,2.439715634E-1,7.296631002E-2,1.500262170E-1,3.438190698E1,2.928218132E1,3.796263227E0,1.884200702E1
7.694398167E0,9.557279217E-1,2.435412809E-1,7.219578660E-2,1.485245669E-1,3.422535856E1,2.921033216E1,3.764481257E0,1.864801056E1
7.704443167E0,9.561729924E-1,2.437010228E-1,7.007233881E-2,1.464002815E-1,3.405160513E1,2.917741162E1,3.591746887E0,1.834509515E1
7.714489167E0,9.566766472E-1,2.443097708E-1,6.685101303E-2,1.435735766E-1,3.385393718E1,2.917381789E1,3.311060667E0,1.793185585E1
7.724535167E0,9.571813558E-1,2.451894703E-1,6.296196527E-2,1.404342686E-1,3.365472537E1,2.919063668E1,2.961564089E0,1.746470149E1
7.734580167E0,9.576298404E-1,2.462673444E-1,5.871121325E-2,1.372968151E-1,3.347673972E1,2.922748903E1,2.569073931E0,1.698791679E1
7.744626167E0,9.579580800E-1,2.475275457E-1,5.438394363E-2,1.344946397E-1,3.334588973E1,2.928912362E1,2.155564318E0,1.654719486E1
7.754672167E0,9.581720174E-1,2.490004832E-1,4.998335957E-2,1.319351459E-1,3.326033618E1,2.937882368E1,1.723802049E0,1.613196549E1
7.764717167E0,9.583055386E-1,2.506273094E-1,4.549343472E-2,1.294867512E-1,3.320683250E1,2.948916389E1,1.277079059E0,1.572657075E1
7.774763167E0,9.584123809E-1,2.522220197E-1,4.106089281E-2,1.270582919E-1,3.316395901E1,2.960069436E1,8.372780184E-1,1.532474624E1
7.784809167E0,9.585500325E-1,2.536414729E-1,3.678080659E-2,1.244788205E-1,3.310864285E1,2.969787102E1,4.220734045E-1,1.491012800E1
7.794854167E0,9.587314326E-1,2.548459666E-1,3.281310227E-2,1.217004159E-1,3.303560862E1,2.977825583E1,5.088924876E-2,1.448228761E1
7.804900167E0,9.589408602E-1,2.559457675E-1,2.922707981E-2,1.186174161E-1,3.295109436E1,2.985540117E1,-2.672954698E-1,1.403165352E1
7.814946167E0,9.591405520E-1,2.570706564E-1,2.610936152E-2,1.152492086E-1,3.287031226E1,2.994529680E1,-5.253686670E-1,1.356298468E1
7.824992167E0,9.593033653E-1,2.582991211E-1,2.348311764E-2,1.116561476E-1,3.280430561E1,3.005680972E1,-7.234645002E-1,1.308366510E1
7.835037167E0,9.594315339E-1,2.596580725E-1,2.125933400E-2,1.077811242E-1,3.275225339E1,3.019131523E1,-8.697103962E-1,1.258470035E1
7.845083167E0,9.595328970E-1,2.610825095E-1,1.939836098E-2,1.037126467E-1,3.271103041E1,3.034002243E1,-9.699713539E-1,1.207491853E1
7.855129167E0,9.596482951E-1,2.624117895E-1,1.786395228E-2,9.947967016E-2,3.266403803E1,3.048293613E1,-1.026970329E0,1.155675985E1
7.865174167E0,9.598139744E-1,2.634988727E-1,1.661827056E-2,9.512762873E-2,3.259645494E1,3.060164476E1,-1.044625780E0,1.103445450E1
7.875220167E0,9.600471729E-1,2.642787790E-1,1.559363853E-2,9.068025112E-2,3.250109808E1,3.068720205E1,-1.030719286E0,1.050878508E1
7.885266167E0,9.603717457E-1,2.647060111E-1,1.473703544E-2,8.602154922E-2,3.236792250E1,3.073337210E1,-9.875288999E-1,9.965374488E0
7.895311167E0,9.607845320E-1,2.647563028E-1,1.409390614E-2,8.123155989E-2,3.219777771E1,3.073726927E1,-9.128016848E-1,9.414504645E0
7.905357167E0,9.612868381E-1,2.644533091E-1,1.361684596E-2,7.620091205E-2,3.198954590E1,3.070094724E1,-8.092597252E-1,8.842523960E0
7.915403167E0,9.618531653E-1,2.639143879E-1,1.326219077E-2,7.079401930E-2,3.175317943E1,3.063767944E1,-6.792321767E-1,8.232892955E0
7.925448167E0,9.624105153E-1,2.633824104E-1,1.299358890E-2,6.501459055E-2,3.151887403E1,3.057562890E1,-5.292524205E-1,7.584697217E0
7.935494167E0,9.628879126E-1,2.630729893E-1,1.272220535E-2,5.897136467E-2,3.131682182E1,3.053941123E1,-3.739968960E-1,6.907219406E0
7.945540167E0,9.632357927E-1,2.631044414E-1,1.241462818E-2,5.290382007E-2,3.116878190E1,3.054272262E1,-2.247164347E-1,6.226043333E0
7.955585167E0,9.634423122E-1,2.634786949E-1,1.208998155E-2,4.702897086E-2,3.108057253E1,3.058597903E1,-8.515669558E-2,5.565891215E0
7.965631167E0,9.635078927E-1,2.641704089E-1,1.184169446E-2,4.155063919E-2,3.105251043E1,3.066681316E1,4.963152759E-2,4.952234548E0
7.975677167E0,9.634503202E-1,2.651280064E-1,1.166859735E-2,3.653111812E-2,3.107714725E1,3.077915538E1,1.783839755E-1,4.391984909E0
7.985722167E0,9.633056722E-1,2.662776460E-1,1.146776762E-2,3.173168789E-2,3.113896201E1,3.091382283E1,2.976559434E-1,3.855635544E0
7.995768167E0,9.631262952E-1,2.674615615E-1,1.117494185E-2,2.696353063E-2,3.121545226E1,3.105189130E1,4.069377963E-1,3.320301644E0
8.005814167E0,9.629726699E-1,2.684759519E-1,1.079532519E-2,2.208600229E-2,3.128081640E1,3.116922546E1,5.117775933E-1,2.770467066E0
8.015860167E0,9.628900199E-1,2.691641888E-1,1.036863050E-2,1.690779834E-2,3.131592710E1,3.124725314E1,6.225740966E-1,2.186059543E0
8.025905167E0,9.628922537E-1,2.694646326E-1,9.899514999E-3,1.137244199E-2,3.131497867E1,3.127856523E1,7.411639700E-1,1.560832093E0
8.035951167E0,9.629617117E-1,2.694125918E-1,9.422802532E-3,5.724427112E-3,3.128547378E1,3.126752947E1,8.630864517E-1,9.227241650E-1
8.045997167E0,9.630370703E-1,2.692253017E-1,8.793497400E-3,-2.684754250E-5,3.125343169E1,3.123985918E1,9.712892818E-1,2.683644786E-1
8.056042167E0,9.630301161E-1,2.692168829E-1,7.817597659E-3,-5.836411288E-3,3.125638994E1,3.123320029E1,1.042822706E0,-4.029751981E-1
8.066088167E0,9.629161931E-1,2.694634947E-1,6.382508004E-3,-1.187550677E-2,3.130481257E1,3.125719358E1,1.071016273E0,-1.113551978E0
8.076134167E0,9.627448662E-1,2.697560992E-1,4.675581713E-3,-1.822143131E-2,3.137749743E1,3.128761000E1,1.079142091E0,-1.866363170E0
8.086179167E0,9.625927582E-1,2.697942526E-1,3.307547694E-3,-2.480615989E-2,3.144189144E1,3.128807188E1,1.131823485E0,-2.635430177E0
8.096225167E0,9.625370822E-1,2.692928421E-1,2.898860241E-3,-3.155054074E-2,3.146542942E1,3.122216329E1,1.293458410E0,-3.393373842E0
8.106271167E0,9.626263071E-1,2.680953869E-1,3.642372795E-3,-3.823911916E-2,3.142769977E1,3.106888044E1,1.576746850E0,-4.111296723E0
8.116316167E0,9.628300871E-1,2.663340385E-1,5.304865771E-3,-4.467877829E-2,3.134136329E1,3.084327592E1,1.949253414E0,-4.775894397E0
8.126362167E0,9.630533390E-1,2.643864221E-1,7.377005042E-3,-5.073245658E-2,3.124651013E1,3.059169125E1,2.351783703E0,-5.387691990E0
8.136408167E0,9.631910749E-1,2.626712877E-1,9.291599392E-3,-5.639547573E-2,3.118784989E1,3.036644288E1,2.724071993E0,-5.962374227E0
8.146453167E0,9.632011480E-1,2.613906768E-1,1.057389618E-2,-6.169868724E-2,3.118355564E1,3.019441424E1,3.016555217E0,-6.516302144E0
8.156499167E0,9.631072027E-1,2.604687461E-1,1.089169396E-2,-6.679824518E-2,3.122358296E1,3.006906570E1,3.197471788E0,-7.075989811E0
8.166545167E0,9.629574971E-1,2.596669549E-1,1.011510667E-2,-7.199798617E-2,3.128726490E1,2.996350681E1,3.260275026E0,-7.679126899E0
8.176590167E0,9.627965804E-1,2.587408201E-1,8.360975904E-3,-7.749899284E-2,3.135557518E1,2.984929465E1,3.221958070E0,-8.345055876E0
8.186636167E0,9.626497829E-1,2.575371377E-1,5.900411278E-3,-8.333755362E-2,3.141776545E1,2.970823042E1,3.111836150E0,-9.070117038E0
8.196682167E0,9.625327411E-1,2.559675153E-1,3.080860869E-3,-8.945268201E-2,3.146726398E1,2.952892003E1,2.964937003E0,-9.837463276E0
8.206728167E0,9.624442749E-1,2.540179285E-1,3.031306712E-4,-9.579059865E-2,3.150462722E1,2.930720418E1,2.822876052E0,-1.062942074E1
8.216773167E0,9.623763342E-1,2.517477728E-1,-2.037009872E-3,-1.022282769E-1,3.153329232E1,2.904640865E1,2.725484567E0,-1.142083327E1
8.226819167E0,9.623294669E-1,2.492527532E-1,-3.653225609E-3,-1.085438135E-1,3.155305147E1,2.875419772E1,2.698395354E0,-1.217890339E1
8.236865167E0,9.622978567E-1,2.466472350E-1,-4.432267957E-3,-1.145792422E-1,3.156637143E1,2.844146333E1,2.750737338E0,-1.288306738E1
8.246910167E0,9.622624112E-1,2.440390300E-1,-4.495899161E-3,-1.203151333E-1,3.158130103E1,2.812080908E1,2.870040294E0,-1.353488580E1
8.256956167E0,9.622198429E-1,2.414711700E-1,-4.066612436E-3,-1.257299918E-1,3.159922166E1,2.779906247E1,3.032040054E0,-1.413844130E1
8.267002167E0,9.621839759E-1,2.388759462E-1,-3.282839104E-3,-1.308796202E-1,3.161431345E1,2.746933629E1,3.222328323E0,-1.470428313E1
8.277047167E0,9.621739450E-1,2.361152539E-1,-2.180498818E-3,-1.358899533E-1,3.161853292E1,2.711519506E1,3.438397495E0,-1.524830575E1
8.287093167E0,9.622043750E-1,2.330743798E-1,-8.561816174E-4,-1.408487829E-1,3.160573097E1,2.672403575E1,3.669945457E0,-1.578376187E1
8.297139167E0,9.622564264E-1,2.297551996E-1,3.910173871E-4,-1.458598324E-1,3.158382116E1,2.630002585E1,3.886293998E0,-1.633040475E1
8.307184167E0,9.622859713E-1,2.263221491E-1,1.239749549E-3,-1.509388227E-1,3.157137831E1,2.586747076E1,4.054629542E0,-1.689741057E1
8.317230167E0,9.622426022E-1,2.230665896E-1,1.508193364E-3,-1.559746546E-1,3.158964157E1,2.546432030E1,4.156900265E0,-1.747490387E1
8.327276167E0,9.620819384E-1,2.202569753E-1,1.149671197E-3,-1.608852682E-1,3.165720954E1,2.512382821E1,4.191162147E0,-1.805271582E1
8.337321167E0,9.617886385E-1,2.180191989E-1,3.043002462E-4,-1.656205931E-1,3.178019726E1,2.485930906E1,4.174957112E0,-1.862051343E1
8.347367167E0,9.613811206E-1,2.163567797E-1,-7.792952290E-4,-1.701046384E-1,3.195031364E1,2.466766037E1,4.135083368E0,-1.916335098E1
8.357413167E0,9.609082751E-1,2.151265132E-1,-1.750126811E-3,-1.742776401E-1,3.214660171E1,2.452622633E1,4.107043381E0,-1.966663221E1
8.367458167E0,9.604331959E-1,2.140706924E-1,-2.346336130E-3,-1.781470579E-1,3.234264881E1,2.439986864E1,4.115376752E0,-2.012616255E1
8.377504167E0,9.600005585E-1,2.129719663E-1,-2.412590976E-3,-1.817585792E-1,3.252018087E1,2.425970330E1,4.174066869E0,-2.054452358E1
8.387550167E0,9.595677103E-1,2.117712974E-1,-2.004809680E-3,-1.854153241E-1,3.269686067E1,2.409818321E1,4.283053633E0,-2.095810131E1
8.397595167E0,9.591915918E-1,2.105747694E-1,-1.240223701E-3,-1.887013453E-1,3.284963392E1,2.393113598E1,4.421448147E0,-2.132181332E1
8.407641167E0,9.587787635E-1,2.095105088E-1,-4.283594948E-4,-1.919594231E-1,3.301652669E1,2.377792346E1,4.566357462E0,-2.168141920E1
8.417687167E0,9.582794497E-1,2.086798893E-1,2.147065830E-4,-1.953281786E-1,3.321729324E1,2.365399244E1,4.699719139E0,-2.205713353E1
8.427733167E0,9.576818074E-1,2.081631162E-1,6.043015139E-4,-1.987798369E-1,3.345605661E1,2.357056459E1,4.813619804E0,-2.244713387E1
8.437778167E0,9.569745833E-1,2.079635403E-1,7.104378152E-4,-2.023619818E-1,3.373647794E1,2.352860630E1,4.906362895E0,-2.285736496E1
8.447824167E0,9.561831919E-1,2.080429766E-1,5.425985277E-4,-2.059894346E-1,3.404761320E1,2.352414187E1,4.976489282E0,-2.327790051E1
8.457870167E0,9.553406764E-1,2.083333895E-1,4.821599470E-5,-2.095746142E-1,3.437584399E1,2.355117851E1,5.014905784E0,-2.370006884E1
8.467915167E0,9.545085712E-1,2.087381362E-1,-7.380440010E-4,-2.129350245E-1,3.469706263E1,2.359905898E1,5.019016854E0,-2.410251528E1
8.477961167E0,9.537049151E-1,2.092056080E-1,-1.774055684E-3,-2.160483279E-1,3.500458620E1,2.366132286E1,4.991801316E0,-2.448196321E1
8.488007167E0,9.529404134E-1,2.097301044E-1,-3.069902689E-3,-2.188797111E-1,3.529471753E1,2.373797022E1,4.931257372E0,-2.483464833E1
8.498052167E0,9.522072268E-1,2.103341952E-1,-4.635953139E-3,-2.214484772E-1,3.557081188E1,2.383198127E1,4.837360267E0,-2.516296805E1
8.508098167E0,9.514921634E-1,2.110304611E-1,-6.433136906E-3,-2.238021258E-1,3.583809864E1,2.394384685E1,4.715951354E0,-2.547156328E1
8.518144167E0,9.508237987E-1,2.118029813E-1,-8.277261726E-3,-2.258429605E-1,3.608619799E1,2.406784548E1,4.584426600E0,-2.574519545E1
8.528189167E0,9.502002782E-1,2.125709706E-1,-1.003087619E-2,-2.276670761E-1,3.631617338E1,2.419083574E1,4.457991027E0,-2.599221826E1
8.538235167E0,9.496452042E-1,2.131848289E-1,-1.157082720E-2,-2.293300222E-1,3.651972575E1,2.429222181E1,4.347362278E0,-2.621679311E1
8.548281167E0,9.491663317E-1,2.135532556E-1,-1.285811840E-2,-2.308958619E-1,3.669445761E1,2.436010165E1,4.255725271E0,-2.642564267E1
8.558326167E0,9.487733967E-1,2.136703395E-1,-1.393505467E-2,-2.323358933E-1,3.683723462E1,2.439481091E1,4.177362876E0,-2.661630090E1
8.568372167E0,9.484275396E-1,2.135624647E-1,-1.492634855E-2,-2.337806872E-1,3.696246476E1,2.440189864E1,4.102469764E0,-2.680651593E1
8.578418167E0,9.481355462E-1,2.132472800E-1,-1.587160753E-2,-2.351863689E-1,3.706787369E1,2.438456171E1,4.025982173E0,-2.699201164E1
8.588463167E0,9.478693046E-1,2.127947282E-1,-1.684349278E-2,-2.365974876E-1,3.716373485E1,2.435250931E1,3.942914510E0,-2.717930060E1
8.598509167E0,9.476042431E-1,2.122824965E-1,-1.791520285E-2,-2.380365917E-1,3.725893473E1,2.431650103E1,3.847952117E0,-2.737237152E1
8.608555167E0,9.473066863E-1,2.118272684E-1,-1.907832942E-2,-2.395313718E-1,3.736552691E1,2.428962513E1,3.745944243E0,-2.757381013E1
8.618600167E0,9.469718507E-1,2.115422293E-1,-2.025555412E-2,-2.410060268E-1,3.748512376E1,2.428307729E1,3.646646390E0,-2.777270001E1
8.628646167E0,9.465839100E-1,2.114924644E-1,-2.135553419E-2,-2.424742755E-1,3.762323034E1,2.430175165E1,3.562273524E0,-2.796834708E1
8.638692167E0,9.461444659E-1,2.117173389E-1,-2.231372171E-2,-2.439024847E-1,3.777908424E1,2.434840721E1,3.500242346E0,-2.815527143E1
8.648737167E0,9.456610837E-1,2.122095087E-1,-2.312827278E-2,-2.452701078E-1,3.794980892E1,2.442209672E1,3.460148551E0,-2.833109542E1
8.658783167E0,9.451577871E-1,2.129550232E-1,-2.381600398E-2,-2.464949584E-1,3.812678454E1,2.452184278E1,3.437798974E0,-2.848671761E1
8.668829167E0,9.446362620E-1,2.139433563E-1,-2.446452808E-2,-2.475723162E-1,3.830933932E1,2.464879499E1,3.423324635E0,-2.862366455E1
8.678875167E0,9.441086467E-1,2.151574700E-1,-2.511823623E-2,-2.484658504E-1,3.849317785E1,2.480233353E1,3.410532711E0,-2.873882977E1
8.688920167E0,9.435715272E-1,2.166198814E-1,-2.579039417E-2,-2.491654881E-1,3.867946429E1,2.498542035E1,3.398384863E0,-2.883130218E1
8.698966167E0,9.430039778E-1,2.182640826E-1,-2.649929363E-2,-2.498043501E-1,3.887537162E1,2.519056296E1,3.386361605E0,-2.891718743E1
8.709012167E0,9.424277882E-1,2.198557478E-1,-2.735888914E-2,-2.504892785E-1,3.907329523E1,2.539389442E1,3.358048832E0,-2.901239889E1
8.719057167E0,9.418562348E-1,2.211261592E-1,-2.850321822E-2,-2.513916847E-1,3.926867905E1,2.556804812E1,3.295561440E0,-2.914100271E1
8.729103167E0,9.412962718E-1,2.219223974E-1,-2.998685051E-2,-2.526117516E-1,3.945919936E1,2.569699842E1,3.191156105E0,-2.931651126E1
8.739149167E0,9.407483417E-1,2.222460220E-1,-3.182873101E-2,-2.541380787E-1,3.964477449E1,2.578185929E1,3.042500693E0,-2.953811826E1
8.749194167E0,9.402035304E-1,2.222135479E-1,-3.398608067E-2,-2.558973092E-1,3.982847036E1,2.583538070E1,2.855659701E0,-2.979594206E1
8.759240167E0,9.396334943E-1,2.220038357E-1,-3.636382674E-2,-2.578388038E-1,4.001980523E1,2.587577367E1,2.644856836E0,-3.008125759E1
8.769286167E0,9.390160219E-1,2.217591416E-1,-3.888116317E-2,-2.599229022E-1,4.022607735E1,2.591730488E1,2.422068975E0,-3.038712663E1
8.779331167E0,9.383594372E-1,2.215537074E-1,-4.139160860E-2,-2.620728340E-1,4.044430876E1,2.596442146E1,2.203336721E0,-3.070083396E1
8.789377167E0,9.376967834E-1,2.214000505E-1,-4.371058088E-2,-2.641896384E-1,4.066341939E1,2.601311302E1,2.006258213E0,-3.100616928E1
8.799423167E0,9.370372063E-1,2.212836936E-1,-4.570314690E-2,-2.662818712E-1,4.088039560E1,2.605729334E1,1.845046655E0,-3.130060331E1
8.809468167E0,9.363922120E-1,2.211703712E-1,-4.735529283E-2,-2.683481415E-1,4.109151379E1,2.609226936E1,1.719994662E0,-3.158355162E1
8.819514167E0,9.357529707E-1,2.210149495E-1,-4.876384578E-2,-2.704458323E-1,4.129972993E1,2.611554770E1,1.620730817E0,-3.186416445E1
8.829560167E0,9.351138559E-1,2.207879992E-1,-4.997833883E-2,-2.726115060E-1,4.150690609E1,2.612510458E1,1.541890834E0,-3.214795987E1
8.839605167E0,9.344788294E-1,2.204898524E-1,-5.106050131E-2,-2.748208016E-1,4.171178260E1,2.612285061E1,1.476130131E0,-3.243368265E1
8.849651167E0,9.338379022E-1,2.200812282E-1,-5.216844712E-2,-2.771093334E-1,4.191759248E1,2.610934498E1,1.406143964E0,-3.272965513E1
8.859697167E0,9.331954578E-1,2.195047541E-1,-5.332422961E-2,-2.795003662E-1,4.212292565E1,2.607887746E1,1.328204220E0,-3.303923921E1
8.869742167E0,9.325669640E-1,2.187362696E-1,-5.445616752E-2,-2.819716046E-1,4.232287968E1,2.602649770E1,1.248389785E0,-3.335798423E1
8.879788167E0,9.319575627E-1,2.177776079E-1,-5.553718151E-2,-2.845060210E-1,4.251590252E1,2.595157692E1,1.169000303E0,-3.368316897E1
8.889834167E0,9.313670011E-1,2.166512966E-1,-5.654583988E-2,-2.870892013E-1,4.270216398E1,2.585597261E1,1.092504017E0,-3.401251463E1
8.899879167E0,9.308130018E-1,2.154189649E-1,-5.736393129E-2,-2.896398654E-1,4.287619245E1,2.574264652E1,1.031245282E0,-3.433336473E1
8.909925167E0,9.302637441E-1,2.141221906E-1,-5.794928779E-2,-2.922378814E-1,4.304806951E1,2.561457340E1,9.931567838E-1,-3.465394466E1
8.919971167E0,9.297412286E-1,2.127927737E-1,-5.830770459E-2,-2.947893463E-1,4.321097374E1,2.547541881E1,9.761341933E-1,-3.496344458E1
8.930016167E0,9.292143297E-1,2.114472197E-1,-5.849253433E-2,-2.973709883E-1,4.337465453E1,2.532864081E1,9.770741955E-1,-3.527229300E1
8.940062167E0,9.286471807E-1,2.100857553E-1,-5.858409309E-2,-3.000770899E-1,4.355018460E1,2.517687534E1,9.898876026E-1,-3.559371119E1
8.950108167E0,9.280421416E-1,2.086910160E-1,-5.860815367E-2,-3.029041108E-1,4.373670245E1,2.501903025E1,1.011039959E0,-3.592805355E1
8.960153167E0,9.274069043E-1,2.072742444E-1,-5.855022810E-2,-3.058199141E-1,4.393171909E1,2.485581668E1,1.041546335E0,-3.627124552E1
8.970199167E0,9.267299205E-1,2.058803849E-1,-5.843546223E-2,-3.088205379E-1,4.413865012E1,2.469308452E1,1.080226943E0,-3.662348755E1
8.980245167E0,9.260019391E-1,2.045491399E-1,-5.831774081E-2,-3.118958459E-1,4.436014589E1,2.453717932E1,1.122574742E0,-3.698496836E1
8.990291167E0,9.252300406E-1,2.032921891E-1,-5.828050934E-2,-3.150002353E-1,4.459386251E1,2.439250693E1,1.159082077E0,-3.735238461E1
9.000336167E0,9.244048475E-1,2.020717165E-1,-5.839553336E-2,-3.181708162E-1,4.484243697E1,2.425755321E1,1.181775883E0,-3.773191175E1
9.010382167E0,9.235463373E-1,2.008414342E-1,-5.865513160E-2,-3.213787604E-1,4.509966808E1,2.412707608E1,1.189023096E0,-3.811996551E1
9.020428167E0,9.226420977E-1,1.995675984E-1,-5.904091224E-2,-3.246823357E-1,4.536910567E1,2.399674163E1,1.182948861E0,-3.852303444E1
9.030473167E0,9.217054472E-1,1.982596657E-1,-5.947663690E-2,-3.280469819E-1,4.564661194E1,2.386485973E1,1.171040504E0,-3.893514093E1
9.040519167E0,9.207349107E-1,1.969632603E-1,-5.984513733E-2,-3.314683577E-1,4.593248318E1,2.373198982E1,1.167262376E0,-3.935290536E1
9.050565167E0,9.197140929E-1,1.957577076E-1,-6.010828645E-2,-3.349507200E-1,4.623136000E1,2.360528923E1,1.178857544E0,-3.977590257E1
9.060610167E0,9.186454806E-1,1.947512356E-1,-6.030690874E-2,-3.384162235E-1,4.654228616E1,2.349820821E1,1.204022886E0,-4.019576666E1
9.070656167E0,9.175210870E-1,1.940048360E-1,-6.053475460E-2,-3.418371989E-1,4.686733865E1,2.342107544E1,1.234952121E0,-4.061137554E1
9.080702167E0,9.163658419E-1,1.935205687E-1,-6.084067750E-2,-3.451402474E-1,4.719910915E1,2.337610631E1,1.265126956E0,-4.101505359E1
9.090747167E0,9.152194265E-1,1.932940294E-1,-6.120442588E-2,-3.482308126E-1,4.752618447E1,2.336209453E1,1.294474193E0,-4.139488418E1
9.100793167E0,9.140634860E-1,1.932963528E-1,-6.161198064E-2,-3.511813660E-1,4.785384439E1,2.337518549E1,1.325348417E0,-4.175916948E1
9.110839167E0,9.129375329E-1,1.934641236E-1,-6.208058510E-2,-3.539249151E-1,4.817098662E1,2.340922355E1,1.351856312E0,-4.210026006E1
9.120884167E0,9.118764650E-1,1.936757218E-1,-6.271727647E-2,-3.564233592E-1,4.846806628E1,2.345546193E1,1.356907281E0,-4.241618111E1
9.130930167E0,9.108792916E-1,1.937912305E-1,-6.359027995E-2,-3.587480740E-1,4.874570537E1,2.350155355E1,1.329285252E0,-4.271729053E1
9.140976167E0,9.099285641E-1,1.937515967E-1,-6.467306937E-2,-3.609814987E-1,4.900903704E1,2.354005580E1,1.271253408E0,-4.301295385E1
9.151021167E0,9.089920822E-1,1.935786892E-1,-6.593583109E-2,-3.631984861E-1,4.926713148E1,2.357221702E1,1.188667704E0,-4.331148778E1
9.161067167E0,9.080557056E-1,1.933291167E-1,-6.737560959E-2,-3.654028085E-1,4.952393554E1,2.360427455E1,1.084352463E0,-4.361325626E1
9.171113167E0,9.071251454E-1,1.930554308E-1,-6.896606833E-2,-3.675558802E-1,4.977791431E1,2.364103351E1,9.623627088E-1,-4.391295466E1
9.181158167E0,9.062168386E-1,1.928083871E-1,-7.069718691E-2,-3.695916152E-1,5.002465468E1,2.368776058E1,8.243292935E-1,-4.420234549E1
9.191204167E0,9.053379293E-1,1.926276245E-1,-7.256930251E-2,-3.714723550E-1,5.026233004E1,2.374887927E1,6.710744293E-1,-4.447690834E1
9.201250167E0,9.045526492E-1,1.925531879E-1,-7.452188697E-2,-3.730340644E-1,5.047380066E1,2.382617071E1,5.064930381E-1,-4.471527822E1
9.211295167E0,9.038435707E-1,1.925789238E-1,-7.648858010E-2,-3.743388465E-1,5.066404187E1,2.391587133E1,3.387415962E-1,-4.492333946E1
9.221341167E0,9.032407654E-1,1.926908711E-1,-7.836438354E-2,-3.753471888E-1,5.082524750E1,2.401163436E1,1.769377866E-1,-4.509362662E1
9.231387167E0,9.027647799E-1,1.928574460E-1,-8.004832926E-2,-3.760507672E-1,5.095220175E1,2.410526499E1,2.972255194E-2,-4.522244147E1
9.241432167E0,9.024427148E-1,1.930189422E-1,-8.151709425E-2,-3.764250944E-1,5.103793538E1,2.418899982E1,-1.039729078E-1,-4.530607207E1
9.251478167E0,9.022682479E-1,1.930992003E-1,-8.274132322E-2,-3.765348238E-1,5.108432234E1,2.425306646E1,-2.230295834E-1,-4.535144958E1
9.261524167E0,9.022350783E-1,1.930388566E-1,-8.373534611E-2,-3.764257056E-1,5.109313696E1,2.429155197E1,-3.305043736E-1,-4.536435881E1
9.271569167E0,9.022974135E-1,1.927901849E-1,-8.456164034E-2,-3.762187224E-1,5.107657057E1,2.430206516E1,-4.318392050E-1,-4.536099712E1
9.281615167E0,9.024530829E-1,1.923386447E-1,-8.527059248E-2,-3.759163820E-1,5.103517748E1,2.428528136E1,-5.327967380E-1,-4.534292354E1
9.291661167E0,9.027137190E-1,1.916928232E-1,-8.587460424E-2,-3.754826909E-1,5.096580312E1,2.424263023E1,-6.351764052E-1,-4.530603404E1
9.301705542E0,9.030841898E-1,1.909146765E-1,-8.637871215E-2,-3.748723202E-1,5.086704178E1,2.418096552E1,-7.378320721E-1,-4.524495131E1
9.311751542E0,9.035769286E-1,1.900921386E-1,-8.678153066E-2,-3.740091106E-1,5.073540780E1,2.410961570E1,-8.385648124E-1,-4.515043259E1
9.321797542E0,9.041848548E-1,1.893075171E-1,-8.709621484E-2,-3.728626321E-1,5.057256100E1,2.403798201E1,-9.357251364E-1,-4.501920680E1
9.331842542E0,9.048652103E-1,1.885919426E-1,-8.736728756E-2,-3.715091071E-1,5.038972947E1,2.397147419E1,-1.030462257E0,-4.486178284E1
9.341888542E0,9.056309131E-1,1.879333138E-1,-8.760219302E-2,-3.699184218E-1,5.018321811E1,2.390904199E1,-1.124818105E0,-4.467474497E1
9.351934542E0,9.064645567E-1,1.873109682E-1,-8.782060326E-2,-3.681359684E-1,4.995747549E1,2.384934205E1,-1.220533613E0,-4.446415244E1
9.361980542E0,9.073374180E-1,1.866541728E-1,-8.801117023E-2,-3.662691159E-1,4.972008551E1,2.378430711E1,-1.316792309E0,-4.424267691E1
9.372025542E0,9.082940882E-1,1.859246846E-1,-8.803444583E-2,-3.642578472E-1,4.945867699E1,2.370348470E1,-1.402355823E0,-4.399934234E1
9.382071542E0,9.093303738E-1,1.850946498E-1,-8.779860787E-2,-3.621459740E-1,4.917404487E1,2.359990673E1,-1.467695493E0,-4.373703465E1
9.392117542E0,9.104356328E-1,1.841299453E-1,-8.731072122E-2,-3.599722924E-1,4.886875534E1,2.347037281E1,-1.513829000E0,-4.346065509E1
9.402162542E0,9.115968206E-1,1.830152823E-1,-8.664512238E-2,-3.577560004E-1,4.854607704E1,2.331665398E1,-1.548389487E0,-4.317453489E1
9.412208542E0,9.127666275E-1,1.817938193E-1,-8.593463715E-2,-3.555606764E-1,4.821895328E1,2.314942093E1,-1.581511116E0,-4.288990997E1
9.422254542E0,9.139511857E-1,1.805333493E-1,-8.527753091E-2,-3.533112359E-1,4.788556423E1,2.298018957E1,-1.622264818E0,-4.260036019E1
9.432299542E0,9.151047871E-1,1.792985625E-1,-8.474935714E-2,-3.510736175E-1,4.755877482E1,2.281929550E1,-1.674139847E0,-4.231580821E1
9.442345542E0,9.162433632E-1,1.781531218E-1,-8.432969570E-2,-3.487808922E-1,4.723415449E1,2.267260639E1,-1.734048659E0,-4.202772538E1
9.452391542E0,9.173515302E-1,1.771204345E-1,-8.398854330E-2,-3.464684211E-1,4.691617158E1,2.254138905E1,-1.797134019E0,-4.173960660E1
9.462436542E0,9.184674945E-1,1.761505933E-1,-8.368997503E-2,-3.440705183E-1,4.659388303E1,2.241852986E1,-1.863391924E0,-4.144258742E1
9.472482542E0,9.196185039E-1,1.751830281E-1,-8.335035572E-2,-3.415633919E-1,4.625925325E1,2.229383054E1,-1.927153970E0,-4.113163391E1
9.482528542E0,9.208001961E-1,1.741634853E-1,-8.291869824E-2,-3.389963327E-1,4.591330620E1,2.215935798E1,-1.984064713E0,-4.081134076E1
9.492573542E0,9.220008966E-1,1.730540169E-1,-8.238589358E-2,-3.364212235E-1,4.555925042E1,2.201075521E1,-2.033375443E0,-4.048768487E1
9.502619542E0,9.231854759E-1,1.718454087E-1,-8.185419528E-2,-3.339128117E-1,4.520737691E1,2.185141993E1,-2.084332487E0,-4.017214127E1
9.512665542E0,9.243389087E-1,1.706083091E-1,-8.141964547E-2,-3.314531637E-1,4.486224345E1,2.169294175E1,-2.144587001E0,-3.986499500E1
9.522710542E0,9.254269296E-1,1.694313504E-1,-8.114894416E-2,-3.290786524E-1,4.453435876E1,2.154773908E1,-2.216888811E0,-3.957231860E1
9.532756542E0,9.264686522E-1,1.683628646E-1,-8.109508049E-2,-3.267006219E-1,4.421826490E1,2.142293980E1,-2.307099079E0,-3.928481961E1
9.542802542E0,9.274463959E-1,1.674185012E-1,-8.127877753E-2,-3.243576575E-1,4.391961925E1,2.132104303E1,-2.416103968E0,-3.900759345E1
9.552847542E0,9.283995047E-1,1.666227082E-1,-8.161232506E-2,-3.219484593E-1,4.362662837E1,2.124087891E1,-2.536156957E0,-3.872647985E1
9.562893542E0,9.293097291E-1,1.659924837E-1,-8.201004643E-2,-3.195375542E-1,4.334506239E1,2.118101698E1,-2.656255756E0,-3.844718067E1
9.572939542E0,9.301838969E-1,1.655679332E-1,-8.241008851E-2,-3.171020986E-1,4.307300139E1,2.114338954E1,-2.768990812E0,-3.816563599E1
9.582984542E0,9.310051915E-1,1.653527551E-1,-8.279081943E-2,-3.146959982E-1,4.281589605E1,2.112776177E1,-2.870898367E0,-3.788781315E1
9.593030542E0,9.317636240E-1,1.653253228E-1,-8.316463563E-2,-3.123584076E-1,4.257715592E1,2.113242293E1,-2.963401429E0,-3.761865492E1
9.603076542E0,9.324471405E-1,1.654703053E-1,-8.355356939E-2,-3.101302091E-1,4.236089905E1,2.115673139E1,-3.048650955E0,-3.736354047E1
9.613121542E0,9.330368803E-1,1.657301723E-1,-8.397511163E-2,-3.080971926E-1,4.217346211E1,2.119533605E1,-3.128858835E0,-3.713293708E1
9.623167542E0,9.335372266E-1,1.660485759E-1,-8.442822713E-2,-3.062811903E-1,4.201381140E1,2.124209832E1,-3.205576145E0,-3.692923889E1
9.633213542E0,9.339243033E-1,1.663814886E-1,-8.494484739E-2,-3.047735132E-1,4.188990433E1,2.129370442E1,-3.281792675E0,-3.676388993E1
9.643258542E0,9.342088577E-1,1.667792416E-1,-8.550188912E-2,-3.035259876E-1,4.179859194E1,2.135474067E1,-3.354267461E0,-3.663072929E1
9.653304542E0,9.343953154E-1,1.673072520E-1,-8.608775665E-2,-3.024940641E-1,4.173865493E1,2.143190450E1,-3.420359910E0,-3.652435606E1
9.663350542E0,9.344818850E-1,1.680214066E-1,-8.671420897E-2,-3.016506214E-1,4.171079907E1,2.153179166E1,-3.479889239E0,-3.644201955E1
9.673395542E0,9.344840134E-1,1.689469699E-1,-8.733035638E-2,-3.009482652E-1,4.171011398E1,2.165516063E1,-3.527583010E0,-3.637693613E1
9.683441542E0,9.344278738E-1,1.701127359E-1,-8.783354234E-2,-3.003189285E-1,4.172818056E1,2.180113095E1,-3.553014860E0,-3.631857219E1
9.693487542E0,9.343354879E-1,1.715682404E-1,-8.815081855E-2,-2.996848713E-1,4.175789548E1,2.197220990E1,-3.548421964E0,-3.625599093E1
9.703532542E0,9.342292779E-1,1.732642981E-1,-8.834911420E-2,-2.989810189E-1,4.179203186E1,2.216530502E1,-3.524261398E0,-3.618295612E1
9.713578542E0,9.341062302E-1,1.750819811E-1,-8.847971148E-2,-2.982670303E-1,4.183154667E1,2.236942110E1,-3.488978423E0,-3.610740942E1
9.723624542E0,9.339687471E-1,1.768879498E-1,-8.854706478E-2,-2.976111410E-1,4.187565501E1,2.257018839E1,-3.446283582E0,-3.603708246E1
9.733669542E0,9.338421591E-1,1.785466522E-1,-8.849209212E-2,-2.970338767E-1,4.191622875E1,2.275040468E1,-3.394266685E0,-3.597242856E1
9.743715542E0,9.337188585E-1,1.799300962E-1,-8.826376683E-2,-2.966544497E-1,4.195571277E1,2.289431069E1,-3.329208573E0,-3.592576242E1
9.753761542E0,9.336530883E-1,1.809654335E-1,-8.781526114E-2,-2.963644161E-1,4.197675956E1,2.299166414E1,-3.251248874E0,-3.588282954E1
9.763806542E0,9.337611107E-1,1.816224818E-1,-8.704593364E-2,-2.958489180E-1,4.194218652E1,2.303436819E1,-3.158286407E0,-3.580383523E1
9.773852542E0,9.338868769E-1,1.818451647E-1,-8.596126342E-2,-2.956319461E-1,4.190190018E1,2.301809235E1,-3.040263558E0,-3.575067413E1
9.783898542E0,9.343251830E-1,1.816839003E-1,-8.440262028E-2,-2.947940035E-1,4.176120869E1,2.293992507E1,-2.900424449E0,-3.561120992E1
9.793943542E0,9.350203321E-1,1.810510232E-1,-8.264558139E-2,-2.934742382E-1,4.153714002E1,2.280111075E1,-2.767486723E0,-3.540910304E1
9.803989542E0,9.359981811E-1,1.799417445E-1,-8.093523593E-2,-2.915097314E-1,4.121997800E1,2.260989675E1,-2.671003839E0,-3.513168381E1
9.814035542E0,9.370364266E-1,1.784088162E-1,-7.969530199E-2,-2.894505207E-1,4.088065144E1,2.238890313E1,-2.640766427E0,-3.485454015E1
9.824080542E0,9.381022361E-1,1.766376002E-1,-7.922679236E-2,-2.872046837E-1,4.052948867E1,2.216883538E1,-2.704412055E0,-3.457437830E1
9.834126542E0,9.390987772E-1,1.748274246E-1,-7.957135338E-2,-2.849512392E-1,4.019849109E1,2.197320380E1,-2.855436363E0,-3.431325479E1
9.844172542E0,9.399874014E-1,1.731188230E-1,-8.040209937E-2,-2.828232448E-1,3.990111850E1,2.180598513E1,-3.051288776E0,-3.407884436E1
9.854217542E0,9.408035119E-1,1.715067271E-1,-8.119614600E-2,-2.808582955E-1,3.962612700E1,2.164813524E1,-3.235554201E0,-3.386269221E1
9.864263542E0,9.415927959E-1,1.698623942E-1,-8.145869453E-2,-2.791311598E-1,3.935842111E1,2.146828211E1,-3.357968776E0,-3.366120509E1
9.874309542E0,9.424506740E-1,1.680317642E-1,-8.101486977E-2,-2.774681084E-1,3.906545226E1,2.124289167E1,-3.408710126E0,-3.344946957E1
9.884355542E0,9.433910544E-1,1.660441557E-1,-8.006619163E-2,-2.757393290E-1,3.874186337E1,2.098222408E1,-3.410978702E0,-3.321755394E1
9.894400542E0,9.443863523E-1,1.640478834E-1,-7.908194418E-2,-2.738044936E-1,3.839652167E1,2.071885428E1,-3.413049178E0,-3.296085391E1
9.904446542E0,9.453839471E-1,1.621649414E-1,-7.847681026E-2,-2.716487877E-1,3.804735733E1,2.048051049E1,-3.455747710E0,-3.268766902E1
9.914492542E0,9.463374563E-1,1.604446308E-1,-7.835960251E-2,-2.693748177E-1,3.771071441E1,2.027642042E1,-3.547142014E0,-3.241247246E1
9.924537542E0,9.472119402E-1,1.588474549E-1,-7.864658040E-2,-2.671551750E-1,3.739940581E1,2.009960229E1,-3.676104729E0,-3.215325652E1
9.934583542E0,9.479914883E-1,1.573646577E-1,-7.915397314E-2,-2.651099570E-1,3.711977186E1,1.994316602E1,-3.820833534E0,-3.191976976E1
9.944629542E0,9.486575982E-1,1.560568620E-1,-7.970196646E-2,-2.633299902E-1,3.687920938E1,1.980824209E1,-3.958324255E0,-3.171876196E1
9.954674542E0,9.492034631E-1,1.550442893E-1,-8.020664863E-2,-2.618031996E-1,3.668093779E1,1.970557149E1,-4.076174864E0,-3.154739288E1
9.964720542E0,9.496646761E-1,1.545128228E-1,-8.056181486E-2,-2.603315581E-1,3.651260375E1,1.965178546E1,-4.161285056E0,-3.138081553E1
9.974766542E0,9.500506990E-1,1.546431487E-1,-8.079053790E-2,-2.587701438E-1,3.637113420E1,1.966741362E1,-4.213670778E0,-3.120336871E1
9.984811542E0,9.503673272E-1,1.554805381E-1,-8.100195176E-2,-2.570341783E-1,3.625469833E1,1.976089342E1,-4.245811740E0,-3.100788335E1
9.994857542E0,9.506250131E-1,1.569219656E-1,-8.116389576E-2,-2.551469267E-1,3.615967033E1,1.991985979E1,-4.257357233E0,-3.079604939E1
1.000490354E1,9.508392666E-1,1.587573924E-1,-8.117359480E-2,-2.532025451E-1,3.608047490E1,2.011798989E1,-4.242073771E0,-3.057576054E1
1.001494854E1,9.510294542E-1,1.607425010E-1,-8.102891257E-2,-2.512753172E-1,3.601003397E1,2.032827151E1,-4.205878428E0,-3.035465244E1
1.002499454E1,9.512224868E-1,1.626245080E-1,-8.086763502E-2,-2.493779504E-1,3.593840285E1,2.052684342E1,-4.171166098E0,-3.013636955E1
1.003504054E1,9.514400488E-1,1.641663530E-1,-8.079155206E-2,-2.475561107E-1,3.585750342E1,2.069041965E1,-4.155056477E0,-2.992774174E1
1.004508554E1,9.516821193E-1,1.653095862E-1,-8.093936106E-2,-2.458105779E-1,3.576728267E1,2.081664369E1,-4.174101846E0,-2.973192943E1
1.005513154E1,9.518926006E-1,1.661574096E-1,-8.154082029E-2,-2.442199558E-1,3.568865602E1,2.092447717E1,-4.248265261E0,-2.956398310E1
1.006517754E1,9.520501877E-1,1.668477987E-1,-8.275003182E-2,-2.427235320E-1,3.562967848E1,2.103384684E1,-4.391355254E0,-2.942115346E1
1.007522254E1,9.521043464E-1,1.674995470E-1,-8.452267558E-2,-2.414480419E-1,3.560938757E1,2.115722562E1,-4.592240919E0,-2.931786891E1
1.008526854E1,9.520431913E-1,1.682140494E-1,-8.659380596E-2,-2.404566216E-1,3.563229890E1,2.129816944E1,-4.817702504E0,-2.925578904E1
1.009531454E1,9.518963517E-1,1.691051997E-1,-8.861304303E-2,-2.396755562E-1,3.568725326E1,2.145840233E1,-5.027858179E0,-2.921844838E1
1.010535954E1,9.516791690E-1,1.702819950E-1,-9.028541681E-2,-2.390804005E-1,3.576838358E1,2.164097426E1,-5.187961170E0,-2.919621219E1
1.011540554E1,9.514316405E-1,1.718618538E-1,-9.135691087E-2,-2.385274760E-1,3.586063328E1,2.185044936E1,-5.270169634E0,-2.916634892E1
1.012545154E1,9.511585290E-1,1.739649078E-1,-9.181659601E-2,-2.379149137E-1,3.596215181E1,2.209955562E1,-5.272150245E0,-2.911695113E1
1.013549654E1,9.508403203E-1,1.766067934E-1,-9.187792495E-2,-2.372155289E-1,3.608008501E1,2.239675872E1,-5.217383307E0,-2.904998822E1
1.014554254E1,9.504553088E-1,1.796957439E-1,-9.175642875E-2,-2.364845761E-1,3.622228006E1,2.273890071E1,-5.130829267E0,-2.897668523E1
1.015558854E1,9.499959503E-1,1.829851263E-1,-9.174546004E-2,-2.358111117E-1,3.639123084E1,2.310781487E1,-5.049466544E0,-2.891370024E1
1.016563354E1,9.494968052E-1,1.861619608E-1,-9.205910108E-2,-2.352120785E-1,3.657396007E1,2.347482717E1,-5.005108384E0,-2.886731748E1
1.017567954E1,9.489936982E-1,1.890156818E-1,-9.277456490E-2,-2.346848636E-1,3.675725171E1,2.381840238E1,-5.012134159E0,-2.883866908E1
1.018572554E1,9.485081665E-1,1.915021562E-1,-9.387143664E-2,-2.341954544E-1,3.693330748E1,2.413268070E1,-5.070288797E0,-2.882344736E1
1.019577054E1,9.480662147E-1,1.937027432E-1,-9.518086019E-2,-2.336459438E-1,3.709285976E1,2.442109063E1,-5.161294142E0,-2.880636006E1
1.020581654E1,9.476725631E-1,1.957280679E-1,-9.647080664E-2,-2.330248678E-1,3.723441927E1,2.468879959E1,-5.257182994E0,-2.878027029E1
1.021586254E1,9.473253574E-1,1.976953827E-1,-9.758423682E-2,-2.323111531E-1,3.735884710E1,2.494402283E1,-5.338195811E0,-2.873882461E1
1.022590754E1,9.470071065E-1,1.996141812E-1,-9.846567493E-2,-2.315947831E-1,3.747254839E1,2.518650414E1,-5.395848762E0,-2.869072194E1
1.023595354E1,9.467433515E-1,2.014081618E-1,-9.895059550E-2,-2.309127628E-1,3.756652851E1,2.540253156E1,-5.413691202E0,-2.863491318E1
1.024599954E1,9.465681050E-1,2.029930413E-1,-9.889400282E-2,-2.302664830E-1,3.762884657E1,2.557792656E1,-5.378505986E0,-2.856665047E1
1.025604454E1,9.464914398E-1,2.044060724E-1,-9.846921000E-2,-2.295122651E-1,3.765607759E1,2.572171930E1,-5.311654618E0,-2.847436292E1
1.026609054E1,9.465100266E-1,2.057155592E-1,-9.807055876E-2,-2.284338537E-1,3.764947742E1,2.585306916E1,-5.259385520E0,-2.834489645E1
1.027613654E1,9.465906957E-1,2.069035524E-1,-9.803382779E-2,-2.270384559E-1,3.762081885E1,2.598044497E1,-5.258289647E0,-2.818889835E1
1.028618154E1,9.467197915E-1,2.078916009E-1,-9.838611222E-2,-2.254392780E-1,3.757491233E1,2.609612875E1,-5.310570920E0,-2.801997847E1
1.029622754E1,9.469016130E-1,2.085097055E-1,-9.900019180E-2,-2.238302799E-1,3.751016467E1,2.617754914E1,-5.402129270E0,-2.785598867E1
1.030627417E1,9.471503215E-1,2.085519051E-1,-9.975475737E-2,-2.223989308E-1,3.742142328E1,2.619824493E1,-5.520509668E0,-2.771381655E1
1.031631917E1,9.474881285E-1,2.079379888E-1,-1.004697418E-1,-2.212099260E-1,3.730056479E1,2.614379015E1,-5.646575346E0,-2.759496549E1
1.032636517E1,9.479027692E-1,2.067585936E-1,-1.009402060E-1,-2.203230721E-1,3.715169892E1,2.601861350E1,-5.753890658E0,-2.750052077E1
1.033641117E1,9.484216391E-1,2.052277831E-1,-1.007101632E-1,-2.196256682E-1,3.696459772E1,2.583271756E1,-5.790124504E0,-2.740522976E1
1.034645617E1,9.490819959E-1,2.036416392E-1,-9.926021678E-2,-2.189085817E-1,3.672514707E1,2.560324979E1,-5.696235099E0,-2.727192176E1
1.035650217E1,9.498388690E-1,2.023296973E-1,-9.662358897E-2,-2.180197046E-1,3.644883127E1,2.536886372E1,-5.470311275E0,-2.708684940E1
1.036654817E1,9.506001675E-1,2.015075440E-1,-9.356336425E-2,-2.167949594E-1,3.616884326E1,2.517728234E1,-5.193008660E0,-2.685487761E1
1.037659317E1,9.512874983E-1,2.010378964E-1,-9.115412921E-2,-2.152367904E-1,3.591424709E1,2.504500621E1,-4.984489704E0,-2.660573908E1
1.038663917E1,9.518195601E-1,2.004227526E-1,-9.036641515E-2,-2.137852529E-1,3.571595973E1,2.494481579E1,-4.952520077E0,-2.641398333E1
1.039668517E1,9.521605703E-1,1.990132725E-1,-9.182809420E-2,-2.129593011E-1,3.558831107E1,2.482222560E1,-5.169747001E0,-2.635289572E1
1.040673017E1,9.523145327E-1,1.962617892E-1,-9.576887722E-2,-2.130884812E-1,3.553053368E1,2.462373408E1,-5.667881594E0,-2.646331219E1
1.041677617E1,9.523182838E-1,1.919993889E-1,-1.019558291E-1,-2.140818403E-1,3.552912489E1,2.432637071E1,-6.429560806E0,-2.672621371E1
1.042682217E1,9.522566651E-1,1.866254418E-1,-1.096949941E-1,-2.152795694E-1,3.555226029E1,2.395570645E1,-7.386520399E0,-2.704692525E1
1.043686717E1,9.521314890E-1,1.808127276E-1,-1.183725350E-1,-2.161955047E-1,3.559921421E1,2.356916097E1,-8.466471926E0,-2.735531461E1
1.044691317E1,9.520065657E-1,1.754406929E-1,-1.271712981E-1,-2.161750214E-1,3.564601362E1,2.323581610E1,-9.571834532E0,-2.755910325E1
1.045695917E1,9.519630701E-1,1.713075925E-1,-1.351611934E-1,-2.148292725E-1,3.566229420E1,2.300954777E1,-1.058728173E1,-2.759463174E1
1.046700417E1,9.520827672E-1,1.687433980E-1,-1.415626688E-1,-2.121891096E-1,3.561747369E1,2.289792387E1,-1.141697359E1,-2.744774950E1
1.047705017E1,9.524319960E-1,1.677872737E-1,-1.457363678E-1,-2.085223338E-1,3.548639209E1,2.288390383E1,-1.198368601E1,-2.713257348E1
1.048709617E1,9.529617397E-1,1.684503371E-1,-1.476056346E-1,-2.042082245E-1,3.528665544E1,2.297026107E1,-1.227049130E1,-2.669207884E1
1.049714117E1,9.535125147E-1,1.706900648E-1,-1.477363300E-1,-1.996318354E-1,3.507782171E1,2.317732459E1,-1.233261576E1,-2.618819696E1
1.050718717E1,9.539777738E-1,1.741234484E-1,-1.468269314E-1,-1.950624006E-1,3.490046967E1,2.348934754E1,-1.225185921E1,-2.566878769E1
1.051723317E1,9.543161708E-1,1.781123316E-1,-1.455123712E-1,-1.907428122E-1,3.477092567E1,2.385740967E1,-1.210959617E1,-2.517332650E1
1.052727817E1,9.545364303E-1,1.820482637E-1,-1.442093315E-1,-1.868751645E-1,3.468635483E1,2.422698671E1,-1.196215283E1,-2.473039574E1
1.053732417E1,9.546721431E-1,1.854790093E-1,-1.431048602E-1,-1.836288456E-1,3.463414685E1,2.455301603E1,-1.183639822E1,-2.435988671E1
1.054737017E1,9.547811349E-1,1.881480283E-1,-1.421212515E-1,-1.810932912E-1,3.459216303E1,2.480370795E1,-1.172676404E1,-2.406672157E1
1.055741517E1,9.549276373E-1,1.900866437E-1,-1.409109126E-1,-1.792324236E-1,3.453565207E1,2.497126678E1,-1.159427670E1,-2.383628099E1
1.056746117E1,9.551436821E-1,1.917241304E-1,-1.390201655E-1,-1.778080287E-1,3.445215232E1,2.508919182E1,-1.138427450E1,-2.363184001E1
1.057750717E1,9.553257986E-1,1.936824179E-1,-1.365618267E-1,-1.766089087E-1,3.438161285E1,2.523101619E1,-1.109930080E1,-2.343932926E1
1.058755217E1,9.553286646E-1,1.964218946E-1,-1.339235446E-1,-1.755846560E-1,3.438050164E1,2.546124308E1,-1.077219856E1,-2.326939052E1
1.059759817E1,9.550923051E-1,2.000670701E-1,-1.313103557E-1,-1.747264619E-1,3.447202694E1,2.580015759E1,-1.042294387E1,-2.312776626E1
1.060764417E1,9.546414181E-1,2.044406934E-1,-1.287895922E-1,-1.740028005E-1,3.464597328E1,2.622868341E1,-1.006406643E1,-2.301019672E1
1.061768917E1,9.540994096E-1,2.091540782E-1,-1.261735400E-1,-1.732892543E-1,3.485395918E1,2.669511515E1,-9.687590854E0,-2.289209735E1
1.062773517E1,9.536228973E-1,2.137561136E-1,-1.230823004E-1,-1.725176298E-1,3.503582367E1,2.713592151E1,-9.264642894E0,-2.274913763E1
1.063778117E1,9.533393755E-1,2.177871225E-1,-1.191917881E-1,-1.717731900E-1,3.514359929E1,2.748993492E1,-8.768382071E0,-2.257671979E1
1.064782617E1,9.533772234E-1,2.207726103E-1,-1.141780675E-1,-1.711570031E-1,3.512923064E1,2.769485743E1,-8.171465179E0,-2.237293952E1
1.065787217E1,9.538246964E-1,2.222938482E-1,-1.079437794E-1,-1.707399600E-1,3.495891742E1,2.770147294E1,-7.470170163E0,-2.214187582E1
1.066791817E1,9.546548208E-1,2.221608959E-1,-1.009734914E-1,-1.705379080E-1,3.464081491E1,2.750241524E1,-6.719915766E0,-2.190304816E1
1.067796317E1,9.557784558E-1,2.204514092E-1,-9.413104542E-2,-1.703759799E-1,3.420567340E1,2.712881871E1,-6.016657864E0,-2.166751386E1
1.068800917E1,9.570748507E-1,2.175235203E-1,-8.830008161E-2,-1.699829605E-1,3.369685883E1,2.664252801E1,-5.455290673E0,-2.143483165E1
1.069805517E1,9.583752074E-1,2.139374821E-1,-8.424479087E-2,-1.692644832E-1,3.317888205E1,2.612516329E1,-5.109083390E0,-2.121827577E1
1.070810017E1,9.595179349E-1,2.103095024E-1,-8.224726206E-2,-1.683171485E-1,3.271711848E1,2.565312007E1,-4.993231244E0,-2.103656557E1
1.071814617E1,9.604074863E-1,2.071128009E-1,-8.203413598E-2,-1.673085744E-1,3.235322519E1,2.527364057E1,-5.064026082E0,-2.090024112E1
1.072819217E1,9.610137687E-1,2.046592959E-1,-8.300491488E-2,-1.663648643E-1,3.210291041E1,2.500833743E1,-5.246540963E0,-2.080702170E1
1.073823717E1,9.613438628E-1,2.031397282E-1,-8.446282179E-2,-1.655844732E-1,3.196582274E1,2.486314125E1,-5.458345205E0,-2.074988909E1
1.074828317E1,9.614418542E-1,2.026095261E-1,-8.569363094E-2,-1.650318016E-1,3.192501668E1,2.482803316E1,-5.618535525E0,-2.071754044E1
1.075832917E1,9.613775381E-1,2.029399310E-1,-8.619520478E-2,-1.647390496E-1,3.195180522E1,2.487653067E1,-5.673988897E0,-2.069967557E1
1.076837417E1,9.611830726E-1,2.039337010E-1,-8.594454693E-2,-1.647775718E-1,3.203267009E1,2.498571753E1,-5.624559389E0,-2.070269410E1
1.077842017E1,9.608476680E-1,2.054512457E-1,-8.515742819E-2,-1.652564443E-1,3.217167670E1,2.514511334E1,-5.494047978E0,-2.074387324E1
1.078846617E1,9.603584695E-1,2.074470360E-1,-8.404906091E-2,-1.661715788E-1,3.237338034E1,2.535437733E1,-5.306920276E0,-2.082802313E1
1.079851117E1,9.596930550E-1,2.099988696E-1,-8.288267849E-2,-1.673926573E-1,3.264579319E1,2.562789182E1,-5.093386403E0,-2.094756260E1
1.080855717E1,9.588207417E-1,2.132598345E-1,-8.194552224E-2,-1.687249614E-1,3.299959376E1,2.598914936E1,-4.886238682E0,-2.108871197E1
1.081860317E1,9.577313721E-1,2.173580571E-1,-8.131916738E-2,-1.699800524E-1,3.343631808E1,2.645418368E1,-4.696105645E0,-2.123272336E1
1.082864817E1,9.564516674E-1,2.222638554E-1,-8.090885728E-2,-1.710346929E-1,3.394237245E1,2.701708250E1,-4.516211382E0,-2.136266937E1
1.083869417E1,9.550635188E-1,2.276729872E-1,-8.052076383E-2,-1.718573994E-1,3.448315774E1,2.763816940E1,-4.332842634E0,-2.146792136E1
1.084874017E1,9.537068960E-1,2.330719089E-1,-7.984915906E-2,-1.724666743E-1,3.500383141E1,2.825084435E1,-4.123762651E0,-2.153915704E1
1.085878517E1,9.525263206E-1,2.379475776E-1,-7.862285963E-2,-1.728963614E-1,3.545090727E1,2.878918397E1,-3.870416377E0,-2.156961195E1
1.086883117E1,9.516288035E-1,2.419773694E-1,-7.667712402E-2,-1.731193604E-1,3.578717259E1,2.921167016E1,-3.563480827E0,-2.154976217E1
1.087887717E1,9.510379468E-1,2.450316515E-1,-7.410249422E-2,-1.731911365E-1,3.600688541E1,2.950578888E1,-3.214486583E0,-2.148846778E1
1.088892217E1,9.507026265E-1,2.471458269E-1,-7.119764386E-2,-1.732467703E-1,3.613100114E1,2.968339359E1,-2.851134000E0,-2.141106635E1
1.089896817E1,9.505682202E-1,2.484236298E-1,-6.815502599E-2,-1.733803337E-1,3.618063483E1,2.976138535E1,-2.489050283E0,-2.133532359E1
1.090901417E1,9.505936769E-1,2.489605280E-1,-6.506381807E-2,-1.736579128E-1,3.617123921E1,2.975302598E1,-2.133648026E0,-2.127252423E1
1.091905917E1,9.507476815E-1,2.489125860E-1,-6.195373890E-2,-1.740202914E-1,3.611434843E1,2.967694928E1,-1.786374502E0,-2.121796001E1
1.092910517E1,9.509856847E-1,2.484938359E-1,-5.896615954E-2,-1.743558225E-1,3.602625693E1,2.956105696E1,-1.461157946E0,-2.116424161E1
1.093915117E1,9.512899007E-1,2.478135542E-1,-5.627680075E-2,-1.745533226E-1,3.591335416E1,2.942181872E1,-1.177955054E0,-2.110449681E1
1.094919617E1,9.516574634E-1,2.469271638E-1,-5.395259171E-2,-1.745396249E-1,3.577648211E1,2.926701861E1,-9.449432918E-1,-2.103249732E1
1.095924217E1,9.520577741E-1,2.458964837E-1,-5.203056898E-2,-1.743949769E-1,3.562683685E1,2.910463911E1,-7.623996926E-1,-2.095828349E1
1.096928817E1,9.524537438E-1,2.447516278E-1,-5.054109935E-2,-1.742813911E-1,3.547821365E1,2.893879494E1,-6.282499387E-1,-2.090082238E1
1.097933317E1,9.528035626E-1,2.435450267E-1,-4.948938797E-2,-1.743613016E-1,3.534640957E1,2.877559574E1,-5.373090534E-1,-2.087838858E1
1.098937917E1,9.530815632E-1,2.423076796E-1,-4.879887507E-2,-1.747600107E-1,3.524132475E1,2.861689701E1,-4.771207004E-1,-2.090270760E1
1.099942517E1,9.532878720E-1,2.410140663E-1,-4.835603814E-2,-1.755452487E-1,3.516314304E1,2.845722909E1,-4.341171417E-1,-2.097800653E1
1.100947017E1,9.534292326E-1,2.396487087E-1,-4.803545867E-2,-1.767311767E-1,3.510947646E1,2.829205674E1,-3.947724448E-1,-2.110223218E1
1.101951617E1,9.535047597E-1,2.382942565E-1,-4.775796382E-2,-1.782235123E-1,3.508077049E1,2.812920614E1,-3.515469316E-1,-2.126251827E1
1.102956217E1,9.535037903E-1,2.371259247E-1,-4.743699450E-2,-1.798651742E-1,3.508113907E1,2.798703249E1,-2.957229698E-1,-2.143873863E1
1.103960717E1,9.534097186E-1,2.363559229E-1,-4.693700643E-2,-1.815011463E-1,3.511688954E1,2.788701523E1,-2.121469500E-1,-2.160958675E1
1.104965317E1,9.531960341E-1,2.361476964E-1,-4.622940299E-2,-1.830690933E-1,3.519796625E1,2.784732357E1,-9.560824159E-2,-2.176717995E1
1.105969917E1,9.528512728E-1,2.365753394E-1,-4.535913379E-2,-1.845238340E-1,3.532839652E1,2.787745877E1,4.965026873E-2,-2.190750951E1
1.106974417E1,9.523969298E-1,2.375607011E-1,-4.442506480E-2,-1.858266773E-1,3.549957519E1,2.797057421E1,2.102554058E-1,-2.202872182E1
1.107979017E1,9.518869108E-1,2.388588767E-1,-4.357807119E-2,-1.869724394E-1,3.569078369E1,2.810173492E1,3.642467686E-1,-2.213430047E1
1.108983617E1,9.513785777E-1,2.401992097E-1,-4.294255994E-2,-1.879866190E-1,3.588037907E1,2.824244575E1,4.927045968E-1,-2.223067432E1
1.109988117E1,9.509134029E-1,2.413693327E-1,-4.256578819E-2,-1.889250186E-1,3.605303242E1,2.836918911E1,5.872149204E-1,-2.232567795E1
1.110992717E1,9.505178126E-1,2.422235334E-1,-4.244294066E-2,-1.898482032E-1,3.619923245E1,2.846496839E1,6.466460424E-1,-2.242624586E1
1.111997317E1,9.502017533E-1,2.426981912E-1,-4.249006084E-2,-1.908111322E-1,3.631563096E1,2.852050791E1,6.801611498E-1,-2.253636116E1
1.113001817E1,9.499755512E-1,2.427645725E-1,-4.255151094E-2,-1.918361857E-1,3.639871599E1,2.852895168E1,7.045420790E-1,-2.265420089E1
1.114006417E1,9.498262249E-1,2.425004698E-1,-4.250170390E-2,-1.929178003E-1,3.645346392E1,2.849646455E1,7.349444360E-1,-2.277553905E1
1.115011017E1,9.497216586E-1,2.420709407E-1,-4.237057452E-2,-1.939978976E-1,3.649175414E1,2.844289714E1,7.701932080E-1,-2.289456263E1
1.116015517E1,9.496347096E-1,2.416394940E-1,-4.224231112E-2,-1.949872106E-1,3.652356368E1,2.838920941E1,8.023786796E-1,-2.300343923E1
1.117020117E1,9.495502052E-1,2.412998325E-1,-4.218006023E-2,-1.958305269E-1,3.655445330E1,2.834777132E1,8.252927087E-1,-2.309760170E1
1.118024717E1,9.494446274E-1,2.411122369E-1,-4.224566180E-2,-1.965579393E-1,3.659301066E1,2.832700932E1,8.345548920E-1,-2.318214187E1
1.119029217E1,9.493074815E-1,2.410642422E-1,-4.241716786E-2,-1.972414769E-1,3.664303825E1,2.832493398E1,8.343628798E-1,-2.326460330E1
1.120033817E1,9.491448368E-1,2.410782349E-1,-4.258143520E-2,-1.979700695E-1,3.670228186E1,2.832984297E1,8.377314498E-1,-2.335193304E1
1.121038417E1,9.489661342E-1,2.410660439E-1,-4.264361234E-2,-1.988263249E-1,3.676726833E1,2.832922366E1,8.552207252E-1,-2.345090271E1
1.122042917E1,9.487865465E-1,2.409395402E-1,-4.252290377E-2,-1.998603135E-1,3.683246514E1,2.831088737E1,8.948925281E-1,-2.356500164E1
1.123047517E1,9.486324576E-1,2.406180862E-1,-4.216433945E-2,-2.010514677E-1,3.688831628E1,2.826414560E1,9.601111686E-1,-2.369045990E1
1.124052117E1,9.485270905E-1,2.400321291E-1,-4.160790622E-2,-2.023607174E-1,3.692646076E1,2.818187179E1,1.043625573E0,-2.382413752E1
1.125056617E1,9.484994843E-1,2.391090709E-1,-4.088064128E-2,-2.037260646E-1,3.693644833E1,2.805633467E1,1.138826638E0,-2.395996530E1
1.126061217E1,9.485446657E-1,2.379353444E-1,-4.005949423E-2,-2.050486327E-1,3.692010090E1,2.789948474E1,1.236550083E0,-2.408890994E1
1.127065817E1,9.485953684E-1,2.367730081E-1,-3.931144035E-2,-2.063009420E-1,3.690174748E1,2.774568564E1,1.324320138E0,-2.421221966E1
1.128070317E1,9.485903950E-1,2.358472947E-1,-3.873360706E-2,-2.074899889E-1,3.690354812E1,2.762330907E1,1.397425033E0,-2.433298593E1
1.129074917E1,9.484970819E-1,2.352371348E-1,-3.834631967E-2,-2.086774342E-1,3.693731735E1,2.754189580E1,1.457453484E0,-2.445854663E1
1.130079454E1,9.483064939E-1,2.349278823E-1,-3.811067664E-2,-2.099314715E-1,3.700619715E1,2.749872888E1,1.510280088E0,-2.459553053E1
1.131083954E1,9.480386928E-1,2.348320404E-1,-3.795603985E-2,-2.112719099E-1,3.710277374E1,2.748195931E1,1.562032811E0,-2.474433996E1
1.132088554E1,9.477473738E-1,2.348209979E-1,-3.777581993E-2,-2.126192604E-1,3.720755689E1,2.747424510E1,1.618882214E0,-2.489317815E1
1.133093154E1,9.474719863E-1,2.348057934E-1,-3.749131816E-2,-2.139101340E-1,3.730634865E1,2.746346217E1,1.685353737E0,-2.503280592E1
1.134097654E1,9.472241206E-1,2.347503703E-1,-3.716857867E-2,-2.151214766E-1,3.739505204E1,2.744710862E1,1.752707395E0,-2.516244363E1
1.135102254E1,9.469998994E-1,2.346822399E-1,-3.684752505E-2,-2.162353335E-1,3.747511942E1,2.742939173E1,1.816808682E0,-2.528107880E1
1.136106854E1,9.467983953E-1,2.346522419E-1,-3.656237001E-2,-2.171965767E-1,3.754693426E1,2.741714162E1,1.873730677E0,-2.538323711E1
1.137111354E1,9.465989986E-1,2.347253351E-1,-3.629154490E-2,-2.180304521E-1,3.761786795E1,2.741728444E1,1.928221505E0,-2.547107717E1
1.138115954E1,9.463851876E-1,2.349170084E-1,-3.598603293E-2,-2.188016973E-1,3.769378643E1,2.743027114E1,1.987827966E0,-2.555062205E1
1.139120554E1,9.461551501E-1,2.352331519E-1,-3.562397043E-2,-2.195148219E-1,3.777530231E1,2.745621870E1,2.055223250E0,-2.562175912E1
1.140125054E1,9.459217409E-1,2.356456853E-1,-3.522477655E-2,-2.201417142E-1,3.785784013E1,2.749244427E1,2.126799283E0,-2.568183157E1
1.141129654E1,9.457002170E-1,2.361217866E-1,-3.476062385E-2,-2.206565801E-1,3.793601503E1,2.753453323E1,2.203989799E0,-2.572718393E1
1.142134254E1,9.455125371E-1,2.365726315E-1,-3.421842571E-2,-2.210625807E-1,3.800212533E1,2.757193810E1,2.285952391E0,-2.575799863E1
1.143138754E1,9.453741269E-1,2.369488131E-1,-3.367747091E-2,-2.213345964E-1,3.805080950E1,2.760104436E1,2.362075656E0,-2.577365751E1
1.144143354E1,9.453077877E-1,2.371860051E-1,-3.325578116E-2,-2.214270666E-1,3.807412225E1,2.761753868E1,2.416587520E0,-2.577229822E1
1.145147954E1,9.453271331E-1,2.371761849E-1,-3.296857146E-2,-2.213979431E-1,3.806732535E1,2.760924187E1,2.446612553E0,-2.576123578E1
1.146152454E1,9.454571140E-1,2.367674553E-1,-3.267741049E-2,-2.213238490E-1,3.802162696E1,2.755498813E1,2.465303556E0,-2.574587097E1
1.147157054E1,9.457175394E-1,2.358859118E-1,-3.223419423E-2,-2.212173439E-1,3.792990763E1,2.744252211E1,2.487144213E0,-2.572386060E1
1.148161654E1,9.460935736E-1,2.345728267E-1,-3.158852559E-2,-2.210989955E-1,3.779709378E1,2.727533670E1,2.519318226E0,-2.569620411E1
1.149166154E1,9.465501504E-1,2.329577595E-1,-3.073399823E-2,-2.209730186E-1,3.763522563E1,2.706824666E1,2.566116899E0,-2.566304481E1
1.150170754E1,9.470359771E-1,2.312067265E-1,-2.973092431E-2,-2.208676936E-1,3.746224753E1,2.684186388E1,2.626193924E0,-2.562896261E1
1.151175354E1,9.475207923E-1,2.294747755E-1,-2.866341840E-2,-2.207349732E-1,3.728885851E1,2.661628007E1,2.693196977E0,-2.559036645E1
1.152179854E1,9.480049332E-1,2.278572216E-1,-2.756905440E-2,-2.204715976E-1,3.711493120E1,2.640368643E1,2.762778202E0,-2.553618273E1
1.153184454E1,9.484965340E-1,2.263312001E-1,-2.648578556E-2,-2.200615930E-1,3.693751555E1,2.620244652E1,2.829857764E0,-2.546557755E1
1.154189054E1,9.489968592E-1,2.248169166E-1,-2.538500471E-2,-2.195860501E-1,3.675610285E1,2.600247874E1,2.897693635E0,-2.538731187E1
1.155193554E1,9.495201124E-1,2.232369577E-1,-2.419473556E-2,-2.190697934E-1,3.656544730E1,2.579306941E1,2.972817264E0,-2.530265993E1
1.156198154E1,9.500092687E-1,2.214999174E-1,-2.299424580E-2,-2.188409360E-1,3.638634304E1,2.556473062E1,3.052845926E0,-2.525158062E1
1.157202754E1,9.505521622E-1,2.195673791E-1,-2.167964345E-2,-2.185650849E-1,3.618656032E1,2.531147522E1,3.139331610E0,-2.519334042E1
1.158207254E1,9.511256966E-1,2.174827538E-1,-2.024551264E-2,-2.182919733E-1,3.597433731E1,2.503806530E1,3.235345302E0,-2.513352800E1
1.159211854E1,9.517074917E-1,2.154222471E-1,-1.874191328E-2,-2.179329664E-1,3.575781352E1,2.476626441E1,3.337738316E0,-2.506273179E1
1.160216454E1,9.522192808E-1,2.136481071E-1,-1.730081770E-2,-2.175628750E-1,3.556628951E1,2.452914505E1,3.440699495E0,-2.499184501E1
1.161220954E1,9.526353545E-1,2.123968198E-1,-1.602095489E-2,-2.170643620E-1,3.540984597E1,2.435656403E1,3.536438016E0,-2.490872774E1
1.162225554E1,9.529264628E-1,2.117718664E-1,-1.506329419E-2,-2.164643173E-1,3.529999038E1,2.426408711E1,3.610515227E0,-2.481957956E1
1.163230154E1,9.531160393E-1,2.117224070E-1,-1.454077864E-2,-2.157128390E-1,3.522827155E1,2.424865290E1,3.647872660E0,-2.472120395E1
1.164234654E1,9.531832214E-1,2.121109588E-1,-1.447022482E-2,-2.150378151E-1,3.520282191E1,2.429397000E1,3.648666036E0,-2.464057342E1
1.165239254E1,9.531746656E-1,2.127533189E-1,-1.471794292E-2,-2.144234405E-1,3.520606397E1,2.437571969E1,3.622420645E0,-2.457344993E1
1.166243854E1,9.531199590E-1,2.134689935E-1,-1.515985262E-2,-2.139237475E-1,3.522678721E1,2.447003719E1,3.579524619E0,-2.452385527E1
1.167248354E1,9.530427460E-1,2.141457244E-1,-1.575214229E-2,-2.135486405E-1,3.525601597E1,2.456296506E1,3.522248874E0,-2.449234045E1
1.168252954E1,9.529493907E-1,2.147331566E-1,-1.651345135E-2,-2.133177179E-1,3.529132402E1,2.464909764E1,3.447837614E0,-2.448179137E1
1.169257554E1,9.528352570E-1,2.152120713E-1,-1.744820523E-2,-2.132705978E-1,3.533444429E1,2.472624344E1,3.356374263E0,-2.449695355E1
1.170262054E1,9.526902719E-1,2.156244360E-1,-1.859360906E-2,-2.134047933E-1,3.538914706E1,2.480018502E1,3.244828653E0,-2.453831320E1
1.171266654E1,9.525041935E-1,2.160793375E-1,-1.991353245E-2,-2.136561993E-1,3.545923455E1,2.488291097E1,3.118311221E0,-2.459736432E1
1.172271254E1,9.522773171E-1,2.166766426E-1,-2.131430403E-2,-2.139274985E-1,3.554450791E1,2.498404191E1,2.987146575E0,-2.466046897E1
1.173275754E1,9.519840171E-1,2.175080524E-1,-2.266538448E-2,-2.142498798E-1,3.565445455E1,2.511093889E1,2.868736517E0,-2.472787016E1
1.174280354E1,9.516255582E-1,2.186518020E-1,-2.387271257E-2,-2.145467200E-1,3.578838294E1,2.527053870E1,2.773412954E0,-2.478831850E1
1.175284954E1,9.512030782E-1,2.201088923E-1,-2.491701664E-2,-2.148117394E-1,3.594561131E1,2.546247215E1,2.703166904E0,-2.484061923E1
1.176289454E1,9.507330987E-1,2.218009724E-1,-2.576784561E-2,-2.150506699E-1,3.611973917E1,2.567694905E1,2.659490973E0,-2.488481948E1
1.177294054E1,9.502519081E-1,2.236042674E-1,-2.638993309E-2,-2.152348938E-1,3.629718401E1,2.589894483E1,2.642312789E0,-2.491697160E1
1.178298654E1,9.498026648E-1,2.253931799E-1,-2.682765973E-2,-2.152979033E-1,3.646209457E1,2.611522399E1,2.641778210E0,-2.493075086E1
1.179303154E1,9.493764338E-1,2.270758296E-1,-2.719187172E-2,-2.153636102E-1,3.661789434E1,2.631757095E1,2.646693912E0,-2.494331271E1
1.180307754E1,9.489832037E-1,2.286186466E-1,-2.755280679E-2,-2.154184854E-1,3.676106569E1,2.650384424E1,2.648183298E0,-2.495496662E1
1.181312354E1,9.486211622E-1,2.300557698E-1,-2.795562530E-2,-2.154316353E-1,3.689240719E1,2.667913378E1,2.641353379E0,-2.496326538E1
1.182316854E1,9.482536417E-1,2.314635378E-1,-2.844541382E-2,-2.154774910E-1,3.702527637E1,2.685313116E1,2.625261735E0,-2.497773002E1
1.183321454E1,9.478469246E-1,2.329381612E-1,-2.899788525E-2,-2.156045216E-1,3.717178196E1,2.703622897E1,2.606363005E0,-2.500307015E1
1.184325954E1,9.473879876E-1,2.345161181E-1,-2.957470702E-2,-2.158321568E-1,3.733643192E1,2.723166627E1,2.590353339E0,-2.504042264E1
1.185330554E1,9.468999271E-1,2.361567474E-1,-3.008835066E-2,-2.161137820E-1,3.751076552E1,2.743275429E1,2.584465739E0,-2.508223230E1
1.186335154E1,9.463985060E-1,2.378088512E-1,-3.046237233E-2,-2.164458570E-1,3.768906173E1,2.763172232E1,2.595606958E0,-2.512611625E1
1.187339654E1,9.459257448E-1,2.394022971E-1,-3.072380923E-2,-2.167188422E-1,3.785642572E1,2.782138804E1,2.615950757E0,-2.516038730E1
1.188344254E1,9.455041078E-1,2.408707355E-1,-3.095677594E-2,-2.168983877E-1,3.800509198E1,2.799621938E1,2.633635761E0,-2.518353435E1
1.189348854E1,9.451425299E-1,2.421754017E-1,-3.133029185E-2,-2.169677193E-1,3.813213710E1,2.815591050E1,2.628810714E0,-2.519838224E1
1.190353354E1,9.448179149E-1,2.433410360E-1,-3.196089299E-2,-2.169856739E-1,3.824584869E1,2.830602979E1,2.591144485E0,-2.521488006E1
1.191357954E1,9.445574052E-1,2.444400994E-1,-3.279122806E-2,-2.167606518E-1,3.833686952E1,2.845399873E1,2.523181716E0,-2.520952321E1
1.192362554E1,9.442073757E-1,2.455657258E-1,-3.383662795E-2,-2.168526584E-1,3.845884174E1,2.860965883E1,2.441858686E0,-2.524648640E1
1.193367054E1,9.437947580E-1,2.468533120E-1,-3.482311709E-2,-2.170301809E-1,3.860214729E1,2.878251428E1,2.373726197E0,-2.529144656E1
1.194371654E1,9.433142840E-1,2.483656358E-1,-3.560819697E-2,-2.172667933E-1,3.876837775E1,2.897637386E1,2.335092365E0,-2.533720203E1
1.195376254E1,9.427818007E-1,2.500611087E-1,-3.616597890E-2,-2.175409164E-1,3.895180492E1,2.918580807E1,2.327065643E0,-2.538052848E1
1.196380754E1,9.422518040E-1,2.518128370E-1,-3.649796963E-2,-2.177606280E-1,3.913355475E1,2.939635634E1,2.343436928E0,-2.541114745E1
1.197385354E1,9.417572951E-1,2.534455217E-1,-3.670828240E-2,-2.179700557E-1,3.930240655E1,2.959020511E1,2.369654493E0,-2.543736748E1
1.198389954E1,9.413413478E-1,2.548026291E-1,-3.692106076E-2,-2.181487161E-1,3.944389551E1,2.975233419E1,2.387581010E0,-2.546078125E1
1.199394454E1,9.409946900E-1,2.558174409E-1,-3.723136694E-2,-2.184040839E-1,3.956144366E1,2.987711354E1,2.388442333E0,-2.549656507E1
1.200399054E1,9.407100302E-1,2.565159828E-1,-3.767026314E-2,-2.187356110E-1,3.965771880E1,2.996832024E1,2.369556334E0,-2.554553875E1
1.201403654E1,9.404561376E-1,2.570334618E-1,-3.822120675E-2,-2.191236992E-1,3.974339925E1,3.004126830E1,2.335650897E0,-2.560470086E1
1.202408154E1,9.401965130E-1,2.575359576E-1,-3.883052374E-2,-2.195406158E-1,3.983083115E1,3.011394964E1,2.296030043E0,-2.566896303E1
1.203412754E1,9.398939829E-1,2.581539252E-1,-3.942509986E-2,-2.200036411E-1,3.993248031E1,3.019961321E1,2.262555389E0,-2.573784838E1
1.204417354E1,9.395373363E-1,2.589509643E-1,-3.993766876E-2,-2.204970121E-1,4.005199463E1,3.030396147E1,2.243701228E0,-2.580743396E1
1.205421854E1,9.391599112E-1,2.598836846E-1,-4.033645171E-2,-2.209347071E-1,4.017810058E1,3.042132368E1,2.239109968E0,-2.586707091E1
1.206426454E1,9.387868273E-1,2.608396278E-1,-4.065494490E-2,-2.213350179E-1,4.030238423E1,3.053945416E1,2.242741815E0,-2.592004473E1
1.207431054E1,9.384377671E-1,2.617191271E-1,-4.092211378E-2,-2.217272365E-1,4.041833329E1,3.064746035E1,2.249712593E0,-2.597074420E1
1.208435554E1,9.381344784E-1,2.624651053E-1,-4.115390037E-2,-2.220857376E-1,4.051882005E1,3.073917278E1,2.255958297E0,-2.601685101E1
1.209440154E1,9.378862335E-1,2.630540759E-1,-4.135195895E-2,-2.224004902E-1,4.060089216E1,3.081191774E1,2.260322900E0,-2.605731958E1
1.210444754E1,9.376792082E-1,2.635553494E-1,-4.150472020E-2,-2.226514326E-1,4.066921536E1,3.087347163E1,2.265247362E0,-2.608936523E1
1.211449254E1,9.374893788E-1,2.640771169E-1,-4.160206888E-2,-2.228144566E-1,4.073176705E1,3.093617327E1,2.273944653E0,-2.610970223E1
1.212453854E1,9.372824377E-1,2.646918708E-1,-4.164809324E-2,-2.229468820E-1,4.079985264E1,3.100841906E1,2.289713420E0,-2.612479671E1
1.213458454E1,9.370652129E-1,2.653679695E-1,-4.165835600E-2,-2.230545250E-1,4.087120490E1,3.108693160E1,2.310210795E0,-2.613584366E1
1.214462954E1,9.368448691E-1,2.660171679E-1,-4.162009720E-2,-2.232137558E-1,4.094346000E1,3.116097609E1,2.336839300E0,-2.615130795E1
1.215467554E1,9.366522580E-1,2.665532548E-1,-4.150128523E-2,-2.234042596E-1,4.100652120E1,3.121975766E1,2.370069471E0,-2.616808986E1
1.216472154E1,9.364941652E-1,2.669023150E-1,-4.136550916E-2,-2.236753059E-1,4.105821180E1,3.125621245E1,2.402646194E0,-2.619390412E1
1.217476654E1,9.363898096E-1,2.670822293E-1,-4.130358490E-2,-2.239090524E-1,4.109229819E1,3.127500072E1,2.421567574E0,-2.621812913E1
1.218481254E1,9.363246084E-1,2.671570927E-1,-4.133859840E-2,-2.240857741E-1,4.111358158E1,3.128420341E1,2.425453881E0,-2.623909168E1
1.219485854E1,9.362823352E-1,2.671660383E-1,-4.140319898E-2,-2.242395680E-1,4.112737506E1,3.128656348E1,2.423659630E0,-2.625851164E1
1.220490354E1,9.362406519E-1,2.671642787E-1,-4.146828425E-2,-2.244037299E-1,4.114097169E1,3.128767348E1,2.421853655E0,-2.627915104E1
1.221494954E1,9.362084096E-1,2.672167199E-1,-4.146816835E-2,-2.244761804E-1,4.115148585E1,3.129360186E1,2.425589647E0,-2.628725391E1
1.222499554E1,9.361615423E-1,2.673651190E-1,-4.137831127E-2,-2.245113308E-1,4.116676459E1,3.130843875E1,2.440359409E0,-2.628814174E1
1.223504054E1,9.360903984E-1,2.676169675E-1,-4.123016509E-2,-2.245348488E-1,4.118994714E1,3.133381416E1,2.463810119E0,-2.628567249E1
1.224508654E1,9.360141548E-1,2.679604432E-1,-4.102661689E-2,-2.244804372E-1,4.121477763E1,3.136859021E1,2.493197075E0,-2.627243004E1
1.225513254E1,9.359344551E-1,2.683277108E-1,-4.072914443E-2,-2.244285544E-1,4.124071837E1,3.140372483E1,2.533366521E0,-2.625651796E1
1.226517754E1,9.358557248E-1,2.686321902E-1,-4.036376286E-2,-2.244586473E-1,4.126632828E1,3.142964605E1,2.581722919E0,-2.624795778E1
1.227522354E1,9.358031676E-1,2.688028217E-1,-3.998492592E-2,-2.245409601E-1,4.128341594E1,3.143955722E1,2.629564380E0,-2.624523148E1
1.228526954E1,9.358062865E-1,2.687576403E-1,-3.966570569E-2,-2.246390779E-1,4.128240211E1,3.142589187E1,2.665679614E0,-2.624668363E1
1.229531454E1,9.358736372E-1,2.684550365E-1,-3.941822993E-2,-2.247635797E-1,4.126050295E1,3.138408569E1,2.687978369E0,-2.625400390E1
1.230536058E1,9.360029437E-1,2.679276846E-1,-3.921580915E-2,-2.248897674E-1,4.121842756E1,3.131732339E1,2.699409943E0,-2.626349908E1
1.231540658E1,9.361580441E-1,2.672524710E-1,-3.908608115E-2,-2.250700716E-1,4.116790478E1,3.123512503E1,2.700752343E0,-2.628176424E1
1.232545158E1,9.363619927E-1,2.664008728E-1,-3.892722968E-2,-2.252589316E-1,4.110137966E1,3.113169632E1,2.700685135E0,-2.630058977E1
1.233549758E1,9.366374224E-1,2.653260966E-1,-3.877806145E-2,-2.254079207E-1,4.101137458E1,3.100273455E1,2.692244439E0,-2.631577269E1
1.234554358E1,9.368213934E-1,2.644294856E-1,-3.897035644E-2,-2.256635414E-1,4.095115099E1,3.090300234E1,2.655329868E0,-2.635293810E1
1.235558858E1,9.368611800E-1,2.638445927E-1,-3.953236359E-2,-2.260850099E-1,4.093811554E1,3.084862335E1,2.592369134E0,-2.641928779E1
1.236563458E1,9.367939136E-1,2.635022866E-1,-4.031554687E-2,-2.266236466E-1,4.096015197E1,3.082793364E1,2.515920151E0,-2.650500385E1
1.237567958E1,9.366770825E-1,2.633108240E-1,-4.118045288E-2,-2.271729886E-1,4.099839883E1,3.082698588E1,2.435152855E0,-2.659405128E1
1.238572558E1,9.365646348E-1,2.631527838E-1,-4.202502305E-2,-2.276645895E-1,4.103517853E1,3.082966307E1,2.355682890E0,-2.667586268E1
1.239577158E1,9.364733868E-1,2.629451790E-1,-4.278327646E-2,-2.281383622E-1,4.106500095E1,3.082450902E1,2.283552857E0,-2.675316650E1
1.240581658E1,9.364255923E-1,2.626716565E-1,-4.338927438E-2,-2.285347111E-1,4.108061330E1,3.080797657E1,2.223492685E0,-2.681719790E1