"Time (s)","w","x","y","z","Direct (°)","Yaw (°)","Pitch (°)","Roll (°)"
2.720832708E-5,9.656914367E-1,2.564113427E-1,-2.394331907E-2,-3.346721082E-2,3.010360072E1,2.980444779E1,-1.666451873E0,-4.413228123E0
1.007320834E-2,9.656635776E-1,2.565805939E-1,-2.360240375E-2,-3.321538340E-2,3.011589133E1,2.982229278E1,-1.635393046E0,-4.375500549E0
2.011820834E-2,9.656156566E-1,2.568206834E-1,-2.326506038E-2,-3.299095143E-2,3.013702123E1,2.984861921E1,-1.603614312E0,-4.341024276E0
3.016320834E-2,9.655446813E-1,2.571348460E-1,-2.298307689E-2,-3.281663207E-2,3.016828995E1,2.988411214E1,-1.576163667E0,-4.313852097E0
4.020820832E-2,9.654538970E-1,2.575104166E-1,-2.278585071E-2,-3.268100351E-2,3.020823961E1,2.992740463E1,-1.556687457E0,-4.293570299E0
5.025420833E-2,9.653514380E-1,2.579171864E-1,-2.267933509E-2,-3.257483560E-2,3.025326481E1,2.997492357E1,-1.546247692E0,-4.279289907E0
6.029920833E-2,9.652458180E-1,2.583276440E-1,-2.263530217E-2,-3.248219683E-2,3.029961071E1,3.002323156E1,-1.542311484E0,-4.268369992E0
7.034420833E-2,9.651324009E-1,2.587568148E-1,-2.267472001E-2,-3.240865058E-2,3.034930104E1,3.007422701E1,-1.546961739E0,-4.262085531E0
8.038920833E-2,9.650105122E-1,2.592029392E-1,-2.284029390E-2,-3.235773718E-2,3.040261449E1,3.012793022E1,-1.564816573E0,-4.262116015E0
9.043520832E-2,9.648895507E-1,2.596347126E-1,-2.311005481E-2,-3.231036412E-2,3.045543228E1,3.018048870E1,-1.594146559E0,-4.265656791E0
1.004802083E-1,9.647836357E-1,2.600084814E-1,-2.341737909E-2,-3.224676453E-2,3.050160672E1,3.022635304E1,-1.628367225E0,-4.268460270E0
1.105252083E-1,9.647095837E-1,2.602687909E-1,-2.370407249E-2,-3.215147051E-2,3.053384975E1,3.025860824E1,-1.661755742E0,-4.266967729E0
1.205702083E-1,9.646713565E-1,2.604002574E-1,-2.394354035E-2,-3.205491208E-2,3.055048127E1,3.027532816E1,-1.690532673E0,-4.263707940E0
1.306162083E-1,9.646614520E-1,2.604234066E-1,-2.413049323E-2,-3.202418702E-2,3.055478899E1,3.027901997E1,-1.712012998E0,-4.265972463E0
1.406612083E-1,9.646542870E-1,2.604251873E-1,-2.423989591E-2,-3.214363119E-2,3.055790484E1,3.027999831E1,-1.720519459E0,-4.282491774E0
1.507062083E-1,9.645818787E-1,2.606651398E-1,-2.412592030E-2,-3.245543358E-2,3.058937589E1,3.030833692E1,-1.697512654E0,-4.314002740E0
1.607512083E-1,9.644468402E-1,2.611139300E-1,-2.401997366E-2,-3.293531759E-2,3.064798383E1,3.036174431E1,-1.669390300E0,-4.364711421E0
1.707972083E-1,9.642761876E-1,2.616830073E-1,-2.400620217E-2,-3.342485324E-2,3.072189252E1,3.042993550E1,-1.650563659E0,-4.419455347E0
1.808422083E-1,9.640900250E-1,2.622995525E-1,-2.415780439E-2,-3.384939844E-2,3.080232113E1,3.050457198E1,-1.651678316E0,-4.472080039E0
1.908872083E-1,9.638998584E-1,2.629254121E-1,-2.442404603E-2,-3.421734043E-2,3.088426854E1,3.058089053E1,-1.667052637E0,-4.521946796E0
2.009322083E-1,9.637148338E-1,2.635348134E-1,-2.465654912E-2,-3.457263837E-2,3.096379707E1,3.065507927E1,-1.679097009E0,-4.569382290E0
2.109782083E-1,9.635372691E-1,2.641237734E-1,-2.480711873E-2,-3.491651450E-2,3.103993217E1,3.072638493E1,-1.682480467E0,-4.613035307E0
2.210232083E-1,9.633748773E-1,2.646670042E-1,-2.488905221E-2,-3.522347000E-2,3.110940241E1,3.079183043E1,-1.679579532E0,-4.650432254E0
2.310682083E-1,9.632405974E-1,2.651180387E-1,-2.495060768E-2,-3.545907088E-2,3.116673245E1,3.084611144E1,-1.677011761E0,-4.679153466E0
2.411132083E-1,9.631472843E-1,2.654299359E-1,-2.502346904E-2,-3.561138959E-2,3.120651148E1,3.088381375E1,-1.678887109E0,-4.698771938E0
2.511592083E-1,9.630998691E-1,2.655905575E-1,-2.504608083E-2,-3.567987822E-2,3.122670547E1,3.090312899E1,-1.678506618E0,-4.707317336E0
2.612042083E-1,9.631017236E-1,2.655927808E-1,-2.495056553E-2,-3.567996252E-2,3.122591590E1,3.090284140E1,-1.667954400E0,-4.704397262E0
2.712492083E-1,9.631463992E-1,2.654598180E-1,-2.473292974E-2,-3.561370767E-2,3.120688855E1,3.088569278E1,-1.646612152E0,-4.690162670E0
2.812942083E-1,9.632242445E-1,2.652206136E-1,-2.444329660E-2,-3.549042814E-2,3.117370724E1,3.085543864E1,-1.619575772E0,-4.667244098E0
2.913402083E-1,9.633217301E-1,2.649125412E-1,-2.418801314E-2,-3.532205148E-2,3.113210561E1,3.081715286E1,-1.598024232E0,-4.640292689E0
3.013852083E-1,9.634198901E-1,2.645919406E-1,-2.402786565E-2,-3.515552928E-2,3.109016136E1,3.077793057E1,-1.586958403E0,-4.616449950E0
3.114302083E-1,9.635089886E-1,2.642889996E-1,-2.395559434E-2,-3.504139561E-2,3.105204131E1,3.074138314E1,-1.583900057E0,-4.601122307E0
3.214752083E-1,9.635782358E-1,2.640325993E-1,-2.409461572E-2,-3.497374992E-2,3.102238288E1,3.071161684E1,-1.602524046E0,-4.597461763E0
3.315212083E-1,9.635792895E-1,2.639210260E-1,-2.527284141E-2,-3.495583751E-2,3.102193138E1,3.070502121E1,-1.733668825E0,-4.631244205E0
3.415662083E-1,9.634586652E-1,2.642148317E-1,-2.663686094E-2,-3.504898205E-2,3.107357735E1,3.074796225E1,-1.879988807E0,-4.683767707E0
3.516112083E-1,9.633597044E-1,2.644467026E-1,-2.773807380E-2,-3.516606599E-2,3.111588554E1,3.078221720E1,-1.996840397E0,-4.730883879E0
3.616562083E-1,9.633530874E-1,2.644034389E-1,-2.836045631E-2,-3.517411604E-2,3.111871250E1,3.078082385E1,-2.065499077E0,-4.750747080E0
3.717022083E-1,9.634676425E-1,2.639776503E-1,-2.860395973E-2,-3.503730737E-2,3.106973656E1,3.073146350E1,-2.098631915E0,-4.742151013E0
3.817472083E-1,9.637076267E-1,2.631552178E-1,-2.846230417E-2,-3.473890768E-2,3.096689085E1,3.063238230E1,-2.096073803E0,-4.703027367E0
3.917922083E-1,9.640348126E-1,2.620542051E-1,-2.801279750E-2,-3.434673126E-2,3.082613538E1,3.049826001E1,-2.063622078E0,-4.643584061E0
4.018372083E-1,9.643900684E-1,2.608662330E-1,-2.735279892E-2,-3.394663122E-2,3.067259068E1,3.035267069E1,-2.008426427E0,-4.576808349E0
4.118832083E-1,9.647199518E-1,2.597653994E-1,-2.661468116E-2,-3.359963622E-2,3.052933736E1,3.021720229E1,-1.942434398E0,-4.513894351E0
4.219282083E-1,9.649807987E-1,2.588981543E-1,-2.594046856E-2,-3.333019142E-2,3.041559719E1,3.011006578E1,-1.879974526E0,-4.462106129E0
4.319732083E-1,9.651400716E-1,2.583826983E-1,-2.539559411E-2,-3.313795964E-2,3.034594285E1,3.004558513E1,-1.827819645E0,-4.423522303E0
4.420182083E-1,9.651942303E-1,2.582307905E-1,-2.506329782E-2,-3.299832713E-2,3.032222219E1,3.002551546E1,-1.795917018E0,-4.397842671E0
4.520642083E-1,9.651686050E-1,2.583551132E-1,-2.491307591E-2,-3.288663798E-2,3.033344792E1,3.003925468E1,-1.782058585E0,-4.381212653E0
4.621092083E-1,9.651058062E-1,2.586059080E-1,-2.484789581E-2,-3.281018360E-2,3.036094120E1,3.006852011E1,-1.775988443E0,-4.371256909E0
4.721542083E-1,9.650431338E-1,2.588502965E-1,-2.479234626E-2,-3.276774172E-2,3.038835490E1,3.009713262E1,-1.770004205E0,-4.365341846E0
4.821992083E-1,9.650022093E-1,2.590067140E-1,-2.474036866E-2,-3.277714047E-2,3.040624282E1,3.011541677E1,-1.763270710E0,-4.365112614E0
4.922452083E-1,9.649899024E-1,2.590445935E-1,-2.472107594E-2,-3.285174039E-2,3.041162009E1,3.011991975E1,-1.758743575E0,-4.372865911E0
5.022902083E-1,9.650010713E-1,2.589867259E-1,-2.474838710E-2,-3.295917271E-2,3.040674007E1,3.011337477E1,-1.758824849E0,-4.385477463E0
5.123352083E-1,9.650400571E-1,2.588247872E-1,-2.478536042E-2,-3.306019871E-2,3.038970008E1,3.009452901E1,-1.760640252E0,-4.397479206E0
5.223802083E-1,9.651083350E-1,2.585574392E-1,-2.480515891E-2,-3.314744268E-2,3.035983455E1,3.006307299E1,-1.761452055E0,-4.407249085E0
5.324262083E-1,9.652013531E-1,2.581985166E-1,-2.480319908E-2,-3.323877490E-2,3.031910116E1,3.002064582E1,-1.760160138E0,-4.416655145E0
5.424712083E-1,9.653079425E-1,2.577873319E-1,-2.475938743E-2,-3.336770211E-2,3.027235899E1,2.997185575E1,-1.753371235E0,-4.428885773E0
5.525162083E-1,9.654154170E-1,2.573632714E-1,-2.471528075E-2,-3.356385355E-2,3.022515721E1,2.992164754E1,-1.744629268E0,-4.448540148E0
5.625612083E-1,9.655167380E-1,2.569471556E-1,-2.473563768E-2,-3.381976921E-2,3.018059193E1,2.987283350E1,-1.741232209E0,-4.476755769E0
5.726072083E-1,9.656154459E-1,2.565284161E-1,-2.483979308E-2,-3.410029863E-2,3.013711411E1,2.982421850E1,-1.746415703E0,-4.510184658E0
5.826522083E-1,9.657207287E-1,2.560782562E-1,-2.500373378E-2,-3.438318828E-2,3.009067262E1,2.977223434E1,-1.758321013E0,-4.545586732E0
5.926972083E-1,9.658404258E-1,2.555766349E-1,-2.514215457E-2,-3.465200088E-2,3.003778763E1,2.971400205E1,-1.768092322E0,-4.578570403E0
6.027422083E-1,9.659835565E-1,2.550025948E-1,-2.516453455E-2,-3.487580065E-2,2.997442944E1,2.964647729E1,-1.766721088E0,-4.602998627E0
6.127882083E-1,9.661507952E-1,2.543594023E-1,-2.504314109E-2,-3.502575913E-2,2.990023343E1,2.956983754E1,-1.751956179E0,-4.614883852E0
6.228332083E-1,9.663289921E-1,2.536926286E-1,-2.480828831E-2,-3.511275023E-2,2.982097729E1,2.948967802E1,-1.726597166E0,-4.616434800E0
6.328782083E-1,9.665000661E-1,2.530608895E-1,-2.450820275E-2,-3.517373672E-2,2.974469497E1,2.941327584E1,-1.694607297E0,-4.613291145E0
6.429232083E-1,9.666447984E-1,2.525280901E-1,-2.423096078E-2,-3.521672650E-2,2.968000888E1,2.934870465E1,-1.665194705E0,-4.609032483E0
6.529692083E-1,9.667532844E-1,2.521289279E-1,-2.404375501E-2,-3.522591452E-2,2.963143206E1,2.930041901E1,-1.646094351E0,-4.603908083E0
6.630142083E-1,9.668231217E-1,2.518737182E-1,-2.393966284E-2,-3.520825499E-2,2.960011973E1,2.926960659E1,-1.636290275E0,-4.598483737E0
6.730592083E-1,9.668665330E-1,2.517148140E-1,-2.389832731E-2,-3.517993231E-2,2.958063949E1,2.925052657E1,-1.633286444E0,-4.593869084E0
6.831042083E-1,9.668994496E-1,2.515939052E-1,-2.388889696E-2,-3.514516116E-2,2.956586019E1,2.923611190E1,-1.633821829E0,-4.589531739E0
6.931502083E-1,9.669364124E-1,2.514615641E-1,-2.386162795E-2,-3.509454279E-2,2.954925561E1,2.922022403E1,-1.632892724E0,-4.582897854E0
7.031952083E-1,9.669894753E-1,2.512796899E-1,-2.375856836E-2,-3.500472786E-2,2.952540251E1,2.919799622E1,-1.624932280E0,-4.569628400E0
7.132402083E-1,9.670659297E-1,2.510206133E-1,-2.359263622E-2,-3.486336733E-2,2.949100118E1,2.916621458E1,-1.611852445E0,-4.548687536E0
7.232852083E-1,9.671702853E-1,2.506670855E-1,-2.337300899E-2,-3.466072528E-2,2.944398202E1,2.912288450E1,-1.595019912E0,-4.519240421E0
7.333312083E-1,9.672966837E-1,2.502386628E-1,-2.312758789E-2,-3.439153336E-2,2.938693259E1,2.907047237E1,-1.577569062E0,-4.481550650E0
7.433762083E-1,9.674319329E-1,2.497798943E-1,-2.288834131E-2,-3.408145899E-2,2.932576817E1,2.901446940E1,-1.562082078E0,-4.439469047E0
7.534212083E-1,9.675586264E-1,2.493473939E-1,-2.268884974E-2,-3.378348077E-2,2.926835958E1,2.896182401E1,-1.550494929E0,-4.399934976E0
7.634662083E-1,9.676571657E-1,2.490151292E-1,-2.252951358E-2,-3.351778704E-2,2.922363220E1,2.892130919E1,-1.541947845E0,-4.365312946E0
7.735122083E-1,9.677225776E-1,2.488048270E-1,-2.242413592E-2,-3.326220855E-2,2.919390446E1,2.889552771E1,-1.538524376E0,-4.333565159E0
7.835572083E-1,9.677616477E-1,2.486946973E-1,-2.234951492E-2,-3.299992871E-2,2.917613413E1,2.888174948E1,-1.538243702E0,-4.302117254E0
7.936022083E-1,9.677927521E-1,2.486182745E-1,-2.228221694E-2,-3.270591230E-2,2.916197931E1,2.887195094E1,-1.539525810E0,-4.267408263E0
8.036472083E-1,9.678333395E-1,2.485113163E-1,-2.219616362E-2,-3.237518598E-2,2.914349887E1,2.885839794E1,-1.539904843E0,-4.228035756E0
8.136932083E-1,9.678943682E-1,2.483336779E-1,-2.204716397E-2,-3.201213302E-2,2.911568945E1,2.883612307E1,-1.534522608E0,-4.183155607E0
8.237382083E-1,9.679752058E-1,2.480867290E-1,-2.180021505E-2,-3.164739420E-2,2.907881343E1,2.880516632E1,-1.518604090E0,-4.135176244E0
8.337832083E-1,9.680657372E-1,2.478063155E-1,-2.144107122E-2,-3.132109330E-2,2.903746098E1,2.876977273E1,-1.489262273E0,-4.088216131E0
8.438282083E-1,9.681509160E-1,2.475493883E-1,-2.098272424E-2,-3.102754050E-2,2.899850080E1,2.873674458E1,-1.447857437E0,-4.042114995E0
8.538742083E-1,9.682201211E-1,2.473570301E-1,-2.048633973E-2,-3.073512566E-2,2.896680910E1,2.871121628E1,-1.401908274E0,-3.995175153E0
8.639186667E-1,9.682722568E-1,2.472320436E-1,-1.999619295E-2,-3.041687481E-2,2.894291174E1,2.869369561E1,-1.357089506E0,-3.945659498E0
8.739636667E-1,9.683101890E-1,2.471615530E-1,-1.955078506E-2,-3.007034342E-2,2.892551268E1,2.868284490E1,-1.317803558E0,-3.894367251E0
8.840086667E-1,9.683389331E-1,2.471202596E-1,-1.916572091E-2,-2.973198852E-2,2.891232124E1,2.867577907E1,-1.284855191E0,-3.845750666E0
8.940536667E-1,9.683656542E-1,2.470789030E-1,-1.882906243E-2,-2.941951178E-2,2.890005293E1,2.866898993E1,-1.256537195E0,-3.801393056E0
9.040996667E-1,9.683962950E-1,2.470167364E-1,-1.852208585E-2,-2.912747627E-2,2.888597875E1,2.865992529E1,-1.231008033E0,-3.760129691E0
9.141446667E-1,9.684378939E-1,2.469107898E-1,-1.821855479E-2,-2.883316483E-2,2.886686040E1,2.864572141E1,-1.206087229E0,-3.718662231E0
9.241896667E-1,9.684877115E-1,2.467748135E-1,-1.787873529E-2,-2.853232062E-2,2.884394855E1,2.862782318E1,-1.177428326E0,-3.675407800E0
9.342346667E-1,9.685417437E-1,2.466259930E-1,-1.747661220E-2,-2.823156071E-2,2.881907816E1,2.860816782E1,-1.141887859E0,-3.630388212E0
9.442806667E-1,9.685949752E-1,2.464807339E-1,-1.701837059E-2,-2.795115773E-2,2.879455579E1,2.858875162E1,-1.099514635E0,-3.586055439E0
9.543256667E-1,9.686430226E-1,2.463520174E-1,-1.655054057E-2,-2.770156409E-2,2.877240402E1,2.857132393E1,-1.055130414E0,-3.544908259E0
9.643706667E-1,9.686873611E-1,2.462345857E-1,-1.607996047E-2,-2.747186377E-2,2.875194740E1,2.855527753E1,-1.009825247E0,-3.505920395E0
9.744156667E-1,9.687262626E-1,2.461322216E-1,-1.563372018E-2,-2.727449008E-2,2.873398749E1,2.854117831E1,-9.662433776E-1,-3.471243010E0
9.844616667E-1,9.687680302E-1,2.460110283E-1,-1.521142983E-2,-2.712179204E-2,2.871469219E1,2.852502011E1,-9.241163633E-1,-3.442201643E0
9.945066667E-1,9.688280473E-1,2.458141288E-1,-1.477144834E-2,-2.700866990E-2,2.868694390E1,2.849990670E1,-8.791672800E-1,-3.417002131E0
1.004551667E0,9.689211075E-1,2.454871219E-1,-1.428571645E-2,-2.690237555E-2,2.864386642E1,2.845926799E1,-8.293905827E-1,-3.391178249E0
1.014596667E0,9.690570311E-1,2.449919807E-1,-1.378005963E-2,-2.678465940E-2,2.858083332E1,2.839871460E1,-7.782881970E-1,-3.363425856E0
1.024642667E0,9.692284845E-1,2.443575969E-1,-1.325778642E-2,-2.664009571E-2,2.850112899E1,2.832167169E1,-7.265430728E-1,-3.332174285E0
1.034687667E0,9.694174710E-1,2.436547877E-1,-1.273877960E-2,-2.645321659E-2,2.841302029E1,2.823658227E1,-6.765347924E-1,-3.296334524E0
1.044732667E0,9.696038865E-1,2.429619989E-1,-1.223512476E-2,-2.622853174E-2,2.832584726E1,2.815276633E1,-6.291991463E-1,-3.256803458E0
1.054777667E0,9.697739912E-1,2.423322723E-1,-1.176694703E-2,-2.597868522E-2,2.824607169E1,2.807656863E1,-5.862383408E-1,-3.215572163E0
1.064823667E0,9.699164475E-1,2.418091245E-1,-1.134866063E-2,-2.572066221E-2,2.817909239E1,2.801317761E1,-5.486454721E-1,-3.174936734E0
1.074868667E0,9.700329835E-1,2.413866866E-1,-1.097991785E-2,-2.545281899E-2,2.812418394E1,2.796188463E1,-5.164609321E-1,-3.134679076E0
1.084913667E0,9.701344310E-1,2.410219689E-1,-1.067209834E-2,-2.517191025E-2,2.807629913E1,2.791764145E1,-4.911897494E-1,-3.094713320E0
1.094958667E0,9.702377751E-1,2.406482844E-1,-1.042833151E-2,-2.486558695E-2,2.802743667E1,2.787257279E1,-4.737383985E-1,-3.053706551E0
1.105004667E0,9.703652693E-1,2.401749647E-1,-1.025092488E-2,-2.453823238E-2,2.796704043E1,2.781597806E1,-4.645217278E-1,-3.012157632E0
1.115049667E0,9.705308643E-1,2.395453330E-1,-1.013405167E-2,-2.419258607E-2,2.788840383E1,2.774114926E1,-4.629765765E-1,-2.970175345E0
1.125094667E0,9.707401234E-1,2.387337954E-1,-1.006602666E-2,-2.384162927E-2,2.778872035E1,2.764502987E1,-4.675036052E-1,-2.928857939E0
1.135139667E0,9.709832264E-1,2.377791482E-1,-9.999729668E-3,-2.350900634E-2,2.767247287E1,2.753206746E1,-4.720788218E-1,-2.889554661E0
1.145185667E0,9.712372033E-1,2.367776443E-1,-9.878799822E-3,-2.317663629E-2,2.755051206E1,2.741343522E1,-4.706269315E-1,-2.848765667E0
1.155230667E0,9.714802220E-1,2.358227969E-1,-9.693069198E-3,-2.280304662E-2,2.743331567E1,2.730011818E1,-4.628571615E-1,-2.801659898E0
1.165275667E0,9.716970254E-1,2.349796176E-1,-9.469596070E-3,-2.235999895E-2,2.732834567E1,2.719985704E1,-4.523473533E-1,-2.745868666E0
1.175320667E0,9.718749273E-1,2.342982821E-1,-9.217062691E-3,-2.187585810E-2,2.724191434E1,2.711860171E1,-4.391599669E-1,-2.684811606E0
1.185366667E0,9.720106823E-1,2.337891482E-1,-8.972189501E-3,-2.138632246E-2,2.717577810E1,2.705769349E1,-4.264190582E-1,-2.623455379E0
1.195411667E0,9.721128041E-1,2.334140518E-1,-8.773667308E-3,-2.091861888E-2,2.712592279E1,2.701274724E1,-4.178383023E-1,-2.565846311E0
1.205456667E0,9.721966763E-1,2.331102784E-1,-8.613003521E-3,-2.046705755E-2,2.708490948E1,2.697633343E1,-4.128141528E-1,-2.511087006E0
1.215501667E0,9.722809700E-1,2.328032070E-1,-8.469061497E-3,-2.001591768E-2,2.704362858E1,2.693959352E1,-4.096153142E-1,-2.456824436E0
1.225547667E0,9.723603325E-1,2.325136687E-1,-8.343811600E-3,-1.957434515E-2,2.700470601E1,2.690498307E1,-4.081658223E-1,-2.404137221E0
1.235592667E0,9.724133954E-1,2.323311096E-1,-8.243101705E-3,-1.914415226E-2,2.697865110E1,2.688305173E1,-4.088570287E-1,-2.353419134E0
1.245637667E0,9.724339209E-1,2.322853592E-1,-8.123741830E-3,-1.870460278E-2,2.696856605E1,2.687719070E1,-4.073760516E-1,-2.301218828E0
1.255682667E0,9.724210661E-1,2.323792940E-1,-7.977207775E-3,-1.826572765E-2,2.697488258E1,2.688772327E1,-4.025208292E-1,-2.248428020E0
1.265727667E0,9.723772334E-1,2.325991741E-1,-7.857215697E-3,-1.784434346E-2,2.699641003E1,2.691317218E1,-3.998817343E-1,-2.198346117E0
1.275773667E0,9.723110207E-1,2.329097015E-1,-7.769139320E-3,-1.743235801E-2,2.702889698E1,2.694938943E1,-4.003694902E-1,-2.150201037E0
1.285818667E0,9.722386967E-1,2.332439366E-1,-7.725169621E-3,-1.701333404E-2,2.706433867E1,2.698851041E1,-4.059384749E-1,-2.102462707E0
1.295863667E0,9.721719782E-1,2.335517561E-1,-7.724052729E-3,-1.659637527E-2,2.709699309E1,2.702462033E1,-4.163142279E-1,-2.056095880E0
1.305908667E0,9.721223293E-1,2.337832477E-1,-7.772837706E-3,-1.622354425E-2,2.712126806E1,2.705186825E1,-4.312529298E-1,-2.015958508E0
1.315954667E0,9.720926157E-1,2.339208887E-1,-7.935598298E-3,-1.594078104E-2,2.713578575E1,2.706834345E1,-4.566814006E-1,-1.988880244E0
1.325999667E0,9.720838492E-1,2.339560497E-1,-8.293688460E-3,-1.577371094E-2,2.714006753E1,2.707322401E1,-5.009783917E-1,-1.979893123E0
1.336044667E0,9.720931215E-1,2.339004791E-1,-8.833884617E-3,-1.572861381E-2,2.713553871E1,2.706788854E1,-5.624734706E-1,-1.989338261E0
1.346089667E0,9.721142792E-1,2.337778318E-1,-9.567829837E-3,-1.581636355E-2,2.712520197E1,2.705520366E1,-6.421282548E-1,-2.018737746E0
1.356135667E0,9.721334560E-1,2.336404120E-1,-1.054173814E-2,-1.604973065E-2,2.711582968E1,2.704152280E1,-7.446495931E-1,-2.070774424E0
1.366180667E0,9.721458472E-1,2.335152991E-1,-1.160217392E-2,-1.638117346E-2,2.710977205E1,2.702971112E1,-8.541685386E-1,-2.136051234E0
1.376225667E0,9.721500197E-1,2.334187617E-1,-1.261801834E-2,-1.675893567E-2,2.710773193E1,2.702134881E1,-9.574291601E-1,-2.205305327E0
1.386270667E0,9.721495561E-1,2.333502836E-1,-1.343742683E-2,-1.710264322E-2,2.710795862E1,2.701586190E1,-1.039663977E0,-2.265516324E0
1.396316667E0,9.721452571E-1,2.333201697E-1,-1.398032039E-2,-1.731540051E-2,2.711006054E1,2.701406535E1,-1.094515647E0,-2.303755449E0
1.406361667E0,9.721324024E-1,2.333525385E-1,-1.427271415E-2,-1.736635605E-2,2.711634473E1,2.701877979E1,-1.125646237E0,-2.317314710E0
1.416406667E0,9.721077043E-1,2.334552082E-1,-1.436229727E-2,-1.729125036E-2,2.712841460E1,2.703105971E1,-1.137392186E0,-2.311467042E0
1.426451667E0,9.720748298E-1,2.336009415E-1,-1.437259164E-2,-1.716421976E-2,2.714447213E1,2.704813182E1,-1.141597302E0,-2.297756744E0
1.436497667E0,9.720661897E-1,2.336454591E-1,-1.440071413E-2,-1.702475584E-2,2.714869083E1,2.705331371E1,-1.148363421E0,-2.283021739E0
1.446542667E0,9.721183253E-1,2.334311318E-1,-1.450921065E-2,-1.689599722E-2,2.712322479E1,2.702823259E1,-1.164401185E0,-2.271329948E0
1.456587667E0,9.722515936E-1,2.328684714E-1,-1.475180791E-2,-1.677790175E-2,2.705802199E1,2.696250094E1,-1.195898384E0,-2.263987256E0
1.466632667E0,9.724718531E-1,2.319309253E-1,-1.508650657E-2,-1.669967720E-2,2.694991862E1,2.685292366E1,-1.237459457E0,-2.263038050E0
1.476677667E0,9.727719808E-1,2.306516314E-1,-1.543867510E-2,-1.662006180E-2,2.680192708E1,2.670317578E1,-1.281798172E0,-2.261871275E0
1.486723667E0,9.731382369E-1,2.290909020E-1,-1.572551602E-2,-1.649589719E-2,2.662023384E1,2.652009463E1,-1.320674765E0,-2.253517899E0
1.496768667E0,9.735481993E-1,2.273450742E-1,-1.589991967E-2,-1.628689096E-2,2.641540333E1,2.631485949E1,-1.349623040E0,-2.232378027E0
1.506813667E0,9.739801623E-1,2.255066603E-1,-1.595056965E-2,-1.596476260E-2,2.619787895E1,2.609830975E1,-1.367823508E0,-2.195169216E0
1.516858667E0,9.744197118E-1,2.236323267E-1,-1.590323874E-2,-1.555041693E-2,2.597469737E1,2.587722696E1,-1.377391815E0,-2.145026899E0
1.526904667E0,9.748478395E-1,2.217951877E-1,-1.583300102E-2,-1.509337651E-2,2.575548827E1,2.566049023E1,-1.385217847E0,-2.089553994E0
1.536949667E0,9.752502998E-1,2.200535746E-1,-1.579127564E-2,-1.462499858E-2,2.554773550E1,2.545512937E1,-1.396111210E0,-2.033651143E0
1.546994667E0,9.756216557E-1,2.184307312E-1,-1.579837738E-2,-1.416808460E-2,2.535455433E1,2.526393606E1,-1.411738275E0,-1.980397335E0
1.557039667E0,9.759536464E-1,2.169668237E-1,-1.583708926E-2,-1.374851272E-2,2.518061712E1,2.509159499E1,-1.429482486E0,-1.932297555E0
1.567085667E0,9.762392334E-1,2.156982035E-1,-1.589801253E-2,-1.336025595E-2,2.503004045E1,2.494231868E1,-1.448417434E0,-1.888494940E0
1.577130667E0,9.764714626E-1,2.146617809E-1,-1.597325519E-2,-1.299248255E-2,2.490693659E1,2.482038444E1,-1.467899502E0,-1.847642274E0
1.587175667E0,9.766468356E-1,2.138746148E-1,-1.607637799E-2,-1.265349545E-2,2.481357363E1,2.472781515E1,-1.489248579E0,-1.811038745E0
1.597220667E0,9.767737398E-1,2.133041361E-1,-1.618499042E-2,-1.234594989E-2,2.474579773E1,2.466072964E1,-1.509990936E0,-1.778392834E0
1.607266667E0,9.768687388E-1,2.128743225E-1,-1.630053601E-2,-1.208826406E-2,2.469494163E1,2.461022881E1,-1.530002408E0,-1.751697354E0
1.617311667E0,9.769550134E-1,2.124793539E-1,-1.642774573E-2,-1.190117420E-2,2.464866648E1,2.456394631E1,-1.549514279E0,-1.733232324E0
1.627356667E0,9.770544799E-1,2.120184360E-1,-1.654048855E-2,-1.179833589E-2,2.459520918E1,2.451001295E1,-1.565457446E0,-1.723730686E0
1.637401667E0,9.771829014E-1,2.114155464E-1,-1.665217770E-2,-1.181709124E-2,2.452602070E1,2.443960915E1,-1.578573123E0,-1.727581620E0
1.647446667E0,9.773483699E-1,2.106347444E-1,-1.673563900E-2,-1.196022194E-2,2.443658831E1,2.434847392E1,-1.585841536E0,-1.744380504E0
1.657492667E0,9.775530771E-1,2.096631858E-1,-1.679164162E-2,-1.221508393E-2,2.432550014E1,2.423509214E1,-1.587716552E0,-1.772718614E0
1.667537667E0,9.777890573E-1,2.085400249E-1,-1.679698373E-2,-1.255120505E-2,2.419681788E1,2.410396793E1,-1.582306992E0,-1.808703234E0
1.677582667E0,9.780368387E-1,2.073531486E-1,-1.674470057E-2,-1.296968110E-2,2.406097076E1,2.396538224E1,-1.568682809E0,-1.852460328E0
1.687627667E0,9.782911106E-1,2.061253793E-1,-1.664052410E-2,-1.348619073E-2,2.392077498E1,2.382204621E1,-1.547108797E0,-1.905953761E0
1.697673667E0,9.785460990E-1,2.048781592E-1,-1.651297720E-2,-1.413095322E-2,2.377936627E1,2.367657970E1,-1.520073280E0,-1.973312540E0
1.707718667E0,9.787999495E-1,2.036190643E-1,-1.636365091E-2,-1.490304134E-2,2.363776054E1,2.352986280E1,-1.487817435E0,-2.054504315E0
1.717763667E0,9.790471829E-1,2.023712647E-1,-1.624125646E-2,-1.576890620E-2,2.349903750E1,2.338468101E1,-1.456590730E0,-2.146953487E0
1.727808667E0,9.792989682E-1,2.010877140E-1,-1.607567203E-2,-1.669664262E-2,2.335692560E1,2.323528378E1,-1.419407401E0,-2.245381628E0
1.737854667E0,9.795499105E-1,1.997910873E-1,-1.593003360E-2,-1.765657925E-2,2.321443597E1,2.308445893E1,-1.384015116E0,-2.347968404E0
1.747899667E0,9.797847106E-1,1.985563427E-1,-1.584583473E-2,-1.860905588E-2,2.308032658E1,2.294104823E1,-1.355808902E0,-2.451305024E0
1.757944667E0,9.799931268E-1,1.974353313E-1,-1.580053741E-2,-1.957586243E-2,2.296063948E1,2.281107997E1,-1.331610898E0,-2.557366111E0
1.767989667E0,9.801635686E-1,1.964890503E-1,-1.576376428E-2,-2.056901077E-2,2.286230043E1,2.270159939E1,-1.307543828E0,-2.666873582E0
1.778035667E0,9.802877754E-1,1.957647883E-1,-1.570965826E-2,-2.156953481E-2,2.279037372E1,2.261800788E1,-1.280945896E0,-2.777159880E0
1.788080667E0,9.803728699E-1,1.952351499E-1,-1.562399479E-2,-2.254662520E-2,2.274096690E1,2.255700544E1,-1.250917449E0,-2.884393247E0
1.798125667E0,9.804271550E-1,1.948594951E-1,-1.552218908E-2,-2.348371823E-2,2.270939292E1,2.251385704E1,-1.219615602E0,-2.986992771E0
1.808170667E0,9.804597345E-1,1.945882485E-1,-1.544985455E-2,-2.440104439E-2,2.269042281E1,2.248295684E1,-1.191815677E0,-3.088182414E0
1.818216667E0,9.804746967E-1,1.943967964E-1,-1.543383875E-2,-2.532123653E-2,2.268170555E1,2.246156243E1,-1.170075022E0,-3.191067633E0
1.828261667E0,9.804725050E-1,1.942779845E-1,-1.548778672E-2,-2.626616887E-2,2.268298265E1,2.244892418E1,-1.155437473E0,-3.298396306E0
1.838306667E0,9.804494507E-1,1.942491244E-1,-1.563156015E-2,-2.723601000E-2,2.269641248E1,2.244716337E1,-1.150047459E0,-3.410647523E0
1.848351667E0,9.804010661E-1,1.943352515E-1,-1.585767800E-2,-2.821752581E-2,2.272457247E1,2.245918987E1,-1.153238444E0,-3.526194158E0
1.858396667E0,9.803127685E-1,1.946161286E-1,-1.616708855E-2,-2.915668404E-2,2.277587343E1,2.249428807E1,-1.165985690E0,-3.639080022E0
1.868443167E0,9.801650016E-1,1.951996412E-1,-1.655179444E-2,-2.999447909E-2,2.286147187E1,2.256499145E1,-1.188236699E0,-3.742638569E0
1.878488167E0,9.799415812E-1,1.961716108E-1,-1.698430540E-2,-3.070216683E-2,2.299029777E1,2.268120220E1,-1.217137958E0,-3.833163001E0
1.888533167E0,9.796390090E-1,1.975491911E-1,-1.742468729E-2,-3.127237154E-2,2.316363630E1,2.284476670E1,-1.248238214E0,-3.908994692E0
1.898578167E0,9.792911289E-1,1.991485375E-1,-1.793755121E-2,-3.173345806E-2,2.336136310E1,2.303455586E1,-1.288852694E0,-3.974620977E0
1.908624167E0,9.789775563E-1,2.005214816E-1,-1.888181974E-2,-3.221005462E-2,2.353818662E1,2.320003036E1,-1.378219002E0,-4.051821821E0
1.918669167E0,9.788183677E-1,2.009805135E-1,-2.087906406E-2,-3.294732945E-2,2.362745375E1,2.326431813E1,-1.583288492E0,-4.181680237E0
1.928714167E0,9.788916189E-1,2.000324886E-1,-2.415412181E-2,-3.427520806E-2,2.358641853E1,2.317232469E1,-1.924137603E0,-4.405225118E0
1.938759167E0,9.791829801E-1,1.976864001E-1,-2.820654656E-2,-3.640214877E-2,2.342249689E1,2.292469508E1,-2.340973073E0,-4.732837449E0
1.948805167E0,9.796286408E-1,1.943081142E-1,-3.213265721E-2,-3.923728297E-2,2.316955336E1,2.256045524E1,-2.734499163E0,-5.132834040E0
1.958850167E0,9.801672776E-1,1.903859021E-1,-3.499388558E-2,-4.243547013E-2,2.286015587E1,2.212994041E1,-3.006055102E0,-5.546029404E0
1.968895167E0,9.807401375E-1,1.864719193E-1,-3.607981494E-2,-4.555442121E-2,2.252650048E1,2.168990535E1,-3.082889018E0,-5.909579751E0
1.978940167E0,9.812924298E-1,1.830331105E-1,-3.520417728E-2,-4.821565752E-2,2.220013938E1,2.129030166E1,-2.948657158E0,-6.180264460E0
1.988985167E0,9.817561716E-1,1.803943858E-1,-3.296052668E-2,-5.026100193E-2,2.192240017E1,2.097180108E1,-2.670078527E0,-6.355673009E0
1.999031167E0,9.820768670E-1,1.786948827E-1,-3.024234471E-2,-5.175329540E-2,2.172828214E1,2.075735808E1,-2.344310193E0,-6.462559714E0
2.009076167E0,9.822203348E-1,1.779939279E-1,-2.766005998E-2,-5.288038642E-2,2.164088365E1,2.065906279E1,-2.035102516E0,-6.534346806E0
2.019121167E0,9.821947939E-1,1.781672410E-1,-2.549467608E-2,-5.385094405E-2,2.165646834E1,2.066504809E1,-1.770293127E0,-6.599225219E0
2.029166167E0,9.820049223E-1,1.791388681E-1,-2.391092922E-2,-5.480847830E-2,2.177197926E1,2.076794711E1,-1.565781598E0,-6.675990998E0
2.039212167E0,9.816686747E-1,1.807972939E-1,-2.293991852E-2,-5.579184857E-2,2.197506819E1,2.095510836E1,-1.424793124E0,-6.769167784E0
2.049257167E0,9.812208645E-1,1.829732725E-1,-2.253644673E-2,-5.673168114E-2,2.224269546E1,2.120654398E1,-1.344609037E0,-6.869750326E0
2.059302167E0,9.807126999E-1,1.854261242E-1,-2.262471277E-2,-5.751380021E-2,2.254259231E1,2.149372366E1,-1.320645091E0,-6.963190327E0
2.069347167E0,9.801878031E-1,1.879343411E-1,-2.312868898E-2,-5.811675303E-2,2.284828409E1,2.179042796E1,-1.346382802E0,-7.045521266E0
2.079393167E0,9.796714620E-1,1.903701392E-1,-2.395680607E-2,-5.855739833E-2,2.314510579E1,2.208120195E1,-1.412165274E0,-7.116830931E0
2.089438167E0,9.791773745E-1,1.926811194E-1,-2.501013484E-2,-5.882195410E-2,2.342566127E1,2.235920366E1,-1.507680744E0,-7.173562996E0
2.099483167E0,9.787074372E-1,1.948676505E-1,-2.622021827E-2,-5.891307558E-2,2.368946344E1,2.262393984E1,-1.625317647E0,-7.214644071E0
2.109528167E0,9.782542321E-1,1.969752985E-1,-2.751377881E-2,-5.884129950E-2,2.394115852E1,2.288012658E1,-1.756412271E0,-7.239766070E0
2.119574167E0,9.778153570E-1,1.990262116E-1,-2.881056885E-2,-5.861417013E-2,2.418243466E1,2.312966355E1,-1.891753057E0,-7.248012076E0
2.129619167E0,9.773943521E-1,2.010043159E-1,-3.006860486E-2,-5.825276091E-2,2.441167857E1,2.337030480E1,-2.026381494E0,-7.240731542E0
2.139664167E0,9.769888994E-1,2.029293311E-1,-3.120142786E-2,-5.778332931E-2,2.463046759E1,2.360363145E1,-2.149957537E0,-7.218823507E0
2.149709167E0,9.765948685E-1,2.048191326E-1,-3.214987946E-2,-5.725375416E-2,2.484127523E1,2.383128520E1,-2.254682983E0,-7.186190586E0
2.159754167E0,9.762080869E-1,2.066907213E-1,-3.285816252E-2,-5.672038579E-2,2.504650582E1,2.405488689E1,-2.332906676E0,-7.147717853E0
2.169800167E0,9.758253935E-1,2.085675047E-1,-3.326120756E-2,-5.619768057E-2,2.524795133E1,2.427666036E1,-2.376866108E0,-7.103324254E0
2.179845167E0,9.754486428E-1,2.104525541E-1,-3.331826386E-2,-5.567392169E-2,2.544473593E1,2.449662236E1,-2.382304190E0,-7.050494133E0
2.189890167E0,9.750791414E-1,2.123490991E-1,-3.299973905E-2,-5.513085954E-2,2.563629093E1,2.471491226E1,-2.346387274E0,-6.986230630E0
2.199935167E0,9.747255294E-1,2.142171317E-1,-3.232157519E-2,-5.455724094E-2,2.581829994E1,2.492703428E1,-2.271521111E0,-6.909351517E0
2.209981167E0,9.744024316E-1,2.159831478E-1,-3.133476995E-2,-5.393827232E-2,2.598350698E1,2.512485321E1,-2.164337726E0,-6.819126613E0
2.220026167E0,9.741204271E-1,2.175952859E-1,-3.010484062E-2,-5.324794909E-2,2.612686297E1,2.530286973E1,-2.033193570E0,-6.714078832E0
2.230071167E0,9.738805693E-1,2.190416814E-1,-2.868130973E-2,-5.248673486E-2,2.624818825E1,2.546019569E1,-1.883696010E0,-6.595463348E0
2.240116167E0,9.736656204E-1,2.203841639E-1,-2.715009365E-2,-5.166124668E-2,2.635644792E1,2.560484429E1,-1.724839656E0,-6.466339743E0
2.250162167E0,9.734663923E-1,2.216545648E-1,-2.560057530E-2,-5.076457248E-2,2.645640116E1,2.574127347E1,-1.566558709E0,-6.328307717E0
2.260207167E0,9.732746241E-1,2.228796156E-1,-2.411931378E-2,-4.979266615E-2,2.655226263E1,2.587325272E1,-1.418438395E0,-6.183225208E0
2.270252167E0,9.730665873E-1,2.241478353E-1,-2.279111907E-2,-4.878215331E-2,2.665587364E1,2.601178591E1,-1.288445718E0,-6.037555678E0
2.280297167E0,9.728337259E-1,2.254886003E-1,-2.168074981E-2,-4.774344423E-2,2.677138125E1,2.616068612E1,-1.183375157E0,-5.894225824E0
2.290342167E0,9.725862396E-1,2.268494694E-1,-2.080699295E-2,-4.671767423E-2,2.689360943E1,2.631384601E1,-1.104583849E0,-5.758328520E0
2.300388167E0,9.723459604E-1,2.281435146E-1,-2.010513202E-2,-4.571453709E-2,2.701175874E1,2.646052710E1,-1.045095010E0,-5.629236177E0
2.310433167E0,9.721388930E-1,2.292712273E-1,-1.954191315E-2,-4.470802820E-2,2.711317190E1,2.658870509E1,-1.002405197E0,-5.503139765E0
2.320478167E0,9.719827810E-1,2.301661103E-1,-1.907903538E-2,-4.369153051E-2,2.718938372E1,2.669024625E1,-9.727209920E-1,-5.378287450E0
2.330523167E0,9.718874027E-1,2.307929393E-1,-1.868009439E-2,-4.266841576E-2,2.723584319E1,2.676073553E1,-9.519993523E-1,-5.254101312E0
2.340569167E0,9.718541067E-1,2.311528734E-1,-1.833246718E-2,-4.161558749E-2,2.725204362E1,2.680016843E1,-9.393400235E-1,-5.127696921E0
2.350614167E0,9.718799006E-1,2.312651210E-1,-1.801599703E-2,-4.051302593E-2,2.723949424E1,2.681064647E1,-9.328320355E-1,-4.996338310E0
2.360659167E0,9.719572822E-1,2.311621035E-1,-1.770441592E-2,-3.936671594E-2,2.720181201E1,2.679583022E1,-9.291311047E-1,-4.860030467E0
2.370704167E0,9.720687606E-1,2.309160608E-1,-1.740415123E-2,-3.817290646E-2,2.714743558E1,2.676424594E1,-9.286098072E-1,-4.718596309E0
2.380750167E0,9.721905650E-1,2.306343407E-1,-1.710605711E-2,-3.688725899E-2,2.708789994E1,2.672844129E1,-9.308542796E-1,-4.566947071E0
2.390795167E0,9.723054152E-1,2.303930394E-1,-1.680427514E-2,-3.547824770E-2,2.703164555E1,2.669731200E1,-9.356755252E-1,-4.401480645E0
2.400840167E0,9.724081692E-1,2.302172449E-1,-1.650296732E-2,-3.391114358E-2,2.698121837E1,2.667380457E1,-9.443562931E-1,-4.218457527E0
2.410885167E0,9.724854244E-1,2.301653095E-1,-1.617083962E-2,-3.216377739E-2,2.694324391E1,2.666461796E1,-9.537804339E-1,-4.014632932E0
2.420930167E0,9.725212492E-1,2.303005482E-1,-1.575732635E-2,-3.026000424E-2,2.692561653E1,2.667702205E1,-9.575073655E-1,-3.791396443E0
2.430976167E0,9.724993750E-1,2.306816611E-1,-1.525512558E-2,-2.825217052E-2,2.693638094E1,2.671800717E1,-9.532558083E-1,-3.554455803E0
2.441021167E0,9.724042917E-1,2.313619955E-1,-1.470656327E-2,-2.617584818E-2,2.698312296E1,2.679412401E1,-9.448076825E-1,-3.308948112E0
2.451066167E0,9.722308574E-1,2.323483371E-1,-1.417747281E-2,-2.408936844E-2,2.706817752E1,2.690651862E1,-9.381631189E-1,-3.063130101E0
2.461111167E0,9.719942871E-1,2.335644423E-1,-1.373640604E-2,-2.205000888E-2,2.718377375E1,2.704650532E1,-9.398774468E-1,-2.825154437E0
2.471157167E0,9.717303636E-1,2.348510697E-1,-1.342684797E-2,-2.012035757E-2,2.731216918E1,2.719545952E1,-9.536736556E-1,-2.603042499E0
2.481202167E0,9.714874291E-1,2.360063569E-1,-1.326159018E-2,-1.836376122E-2,2.742983252E1,2.732960257E1,-9.797487116E-1,-2.404039708E0
2.491247167E0,9.713083050E-1,2.368560795E-1,-1.325596357E-2,-1.684504168E-2,2.751627373E1,2.742840620E1,-1.018288643E0,-2.235625722E0
2.501292167E0,9.712128003E-1,2.373234038E-1,-1.342627899E-2,-1.559462898E-2,2.756225348E1,2.748279932E1,-1.070210293E0,-2.101538576E0
2.511338167E0,9.712049188E-1,2.374027769E-1,-1.375495065E-2,-1.455684713E-2,2.756604457E1,2.749198263E1,-1.134878976E0,-1.995047910E0
2.521383167E0,9.712765685E-1,2.371396225E-1,-1.420028479E-2,-1.360213671E-2,2.753156132E1,2.746105674E1,-1.210956046E0,-1.900573410E0
2.531428167E0,9.714019553E-1,2.366538379E-1,-1.466950565E-2,-1.257168841E-2,2.747111351E1,2.740374886E1,-1.292111949E0,-1.797978412E0
2.541473167E0,9.715407028E-1,2.361214284E-1,-1.506934227E-2,-1.132734486E-2,2.740407230E1,2.734040437E1,-1.371316387E0,-1.669530834E0
2.551518167E0,9.716392842E-1,2.357730004E-1,-1.526690562E-2,-9.753117920E-3,2.735634090E1,2.729774288E1,-1.436487310E0,-1.499045495E0
2.561564167E0,9.716477979E-1,2.358106691E-1,-1.524063760E-2,-7.849344773E-3,2.735221490E1,2.729958574E1,-1.484994709E0,-1.286337952E0
2.571609167E0,9.715581937E-1,2.362397240E-1,-1.523227145E-2,-5.780187392E-3,2.739560945E1,2.734731381E1,-1.539554203E0,-1.056317094E0
2.581654167E0,9.714231973E-1,2.368079162E-1,-1.564839782E-2,-3.756843636E-3,2.746086001E1,2.741212248E1,-1.640208716E0,-8.432139640E-1
2.591699167E0,9.713005500E-1,2.372567591E-1,-1.675603807E-2,-1.921769852E-3,2.752001012E1,2.746395664E1,-1.813048904E0,-6.698058447E-1
2.601745167E0,9.712196702E-1,2.374578206E-1,-1.860306049E-2,-2.407427987E-4,2.755894853E1,2.748755280E1,-2.064296931E0,-5.333485384E-1
2.611790167E0,9.711783663E-1,2.374264212E-1,-2.095729915E-2,1.413605299E-3,2.757881291E1,2.748412333E1,-2.371450657E0,-4.132255533E-1
2.621835167E0,9.711595267E-1,2.372677384E-1,-2.329781902E-2,3.217111094E-3,2.758786884E1,2.746486768E1,-2.681185120E0,-2.757228798E-1
2.631880167E0,9.711336906E-1,2.371635197E-1,-2.498296592E-2,5.347002083E-3,2.760028309E1,2.744965910E1,-2.926785297E0,-8.403584740E-2
2.641926167E0,9.710472896E-1,2.373912918E-1,-2.548201622E-2,7.942995070E-3,2.764175920E1,2.747013775E1,-3.052999471E0,1.909305059E-1
2.651971167E0,9.708192330E-1,2.382979865E-1,-2.454291068E-2,1.103063105E-2,2.775094395E1,2.756763406E1,-3.032971135E0,5.577305174E-1
2.662016167E0,9.704302597E-1,2.399082489E-1,-2.230750505E-2,1.454437166E-2,2.793620408E1,2.774700685E1,-2.881724900E0,1.005436533E0
2.672061167E0,9.698744692E-1,2.421447925E-1,-1.929206663E-2,1.836333975E-2,2.819884569E1,2.800154640E1,-2.654600217E0,1.507370910E0
2.682106167E0,9.691933340E-1,2.447578761E-1,-1.611284555E-2,2.232105527E-2,2.851748733E1,2.830321740E1,-2.416273736E0,2.029315255E0
2.692152167E0,9.684428672E-1,2.474923531E-1,-1.325473078E-2,2.627434536E-2,2.886457389E1,2.862182957E1,-2.216656163E0,2.542630615E0
2.702197167E0,9.676817794E-1,2.501230013E-1,-1.098620827E-2,3.016079056E-2,2.921244946E1,2.892968747E1,-2.083167509E0,3.033008007E0
2.712242167E0,9.669669267E-1,2.524500658E-1,-9.366852590E-3,3.400074778E-2,2.953554096E1,2.920189539E1,-2.021921037E0,3.500881182E0
2.722287167E0,9.663427741E-1,2.543206167E-1,-8.229425053E-3,3.788125027E-2,2.981483892E1,2.941963135E1,-2.015671998E0,3.960541677E0
2.732333167E0,9.658288354E-1,2.556638894E-1,-7.261027451E-3,4.192869642E-2,3.004291252E1,2.957462279E1,-2.032428282E0,4.434982193E0
2.742378167E0,9.654235935E-1,2.564770391E-1,-6.170256475E-3,4.624811619E-2,3.022156322E1,2.966722044E1,-2.042281109E0,4.944327633E0
2.752423167E0,9.650991049E-1,2.568500598E-1,-4.774331779E-3,5.088330015E-2,3.036387361E1,2.970902412E1,-2.026066606E0,5.498643356E0
2.762468167E0,9.648147401E-1,2.569203713E-1,-3.098415032E-3,5.581123612E-2,3.048805362E1,2.971678105E1,-1.986090672E0,6.094388842E0
2.772514167E0,9.645271721E-1,2.568384589E-1,-1.272761068E-3,6.098910290E-2,3.061313225E1,2.970820119E1,-1.936044416E0,6.722706863E0
2.782559167E0,9.642127988E-1,2.567019768E-1,5.215883237E-4,6.631414647E-2,3.074930172E1,2.969417098E1,-1.893402920E0,7.366726956E0
2.792604167E0,9.638518110E-1,2.566144800E-1,2.150985487E-3,7.165343568E-2,3.090493979E1,2.968614425E1,-1.869787480E0,8.007614631E0
2.802649167E0,9.634410057E-1,2.566200539E-1,3.566329344E-3,7.690826261E-2,3.108113135E1,2.968876883E1,-1.868202602E0,8.632913950E0
2.812694167E0,9.629888543E-1,2.566969403E-1,4.784109848E-3,8.207521336E-2,3.127393658E1,2.969919580E1,-1.886679766E0,9.242782633E0
2.822740167E0,9.625085910E-1,2.567879459E-1,5.880549575E-3,8.719297873E-2,3.147746795E1,2.971092007E1,-1.917477717E0,9.843862354E0
2.832785167E0,9.620115532E-1,2.568350871E-1,6.983090059E-3,9.230779383E-2,3.168676618E1,2.971803820E1,-1.947293123E0,1.044514241E1
2.842830167E0,9.614936106E-1,2.568288283E-1,8.185012811E-3,9.747773700E-2,3.190344355E1,2.972030764E1,-1.967379967E0,1.105585088E1
2.852875167E0,9.609599472E-1,2.567000170E-1,9.505905580E-3,1.028144553E-1,3.212520841E1,2.970977475E1,-1.977977077E0,1.168916976E1
2.862920917E0,9.604065169E-1,2.564445017E-1,1.092075421E-2,1.083346387E-1,3.235362391E1,2.968586986E1,-1.982079733E0,1.234628798E1
2.872965917E0,9.598154495E-1,2.561258821E-1,1.237447277E-2,1.140212601E-1,3.259585260E1,2.965565466E1,-1.985878055E0,1.302363235E1
2.883010917E0,9.591719093E-1,2.558241739E-1,1.375756375E-2,1.198085703E-1,3.285760964E1,2.962733014E1,-2.000494361E0,1.371057859E1
2.893055917E0,9.584578574E-1,2.556629727E-1,1.496463896E-2,1.255831100E-1,3.314569394E1,2.961404190E1,-2.036030119E0,1.439119008E1
2.903101917E0,9.576650330E-1,2.557249181E-1,1.586568590E-2,1.312659804E-1,3.346273427E1,2.962338705E1,-2.105975977E0,1.505271266E1
2.913146917E0,9.568051108E-1,2.559987251E-1,1.638223767E-2,1.368222416E-1,3.380333989E1,2.965230158E1,-2.218096698E0,1.568894621E1
2.923191917E0,9.558994172E-1,2.564193822E-1,1.651989982E-2,1.422413569E-1,3.415850910E1,2.969255821E1,-2.370667952E0,1.629894891E1
2.933236917E0,9.549737038E-1,2.568917325E-1,1.636917215E-2,1.475263188E-1,3.451786412E1,2.973383196E1,-2.552358378E0,1.688584947E1
2.943281917E0,9.540583164E-1,2.573046873E-1,1.604594797E-2,1.526750200E-1,3.486967891E1,2.976461994E1,-2.748412674E0,1.745304667E1
2.953327917E0,9.531792596E-1,2.575704759E-1,1.559557728E-2,1.576813491E-1,3.520432319E1,2.977523660E1,-2.951887010E0,1.800145601E1
2.963372917E0,9.523551201E-1,2.576324633E-1,1.503027214E-2,1.625406278E-1,3.551528732E1,2.975920110E1,-3.159926729E0,1.853117478E1
2.973417917E0,9.515990057E-1,2.574665628E-1,1.434929497E-2,1.672254186E-1,3.579828428E1,2.971371690E1,-3.370956749E0,1.903928921E1
2.983462917E0,9.509074602E-1,2.570968823E-1,1.363084925E-2,1.717274607E-1,3.605523293E1,2.964307711E1,-3.576308590E0,1.952716037E1
2.993508917E0,9.502678396E-1,2.565886545E-1,1.288718919E-2,1.760315812E-1,3.629132250E1,2.955530089E1,-3.775248583E0,1.999326354E1
3.003553917E0,9.496578904E-1,2.560463510E-1,1.207860190E-2,1.801231972E-1,3.651508581E1,2.946202317E1,-3.973707615E0,2.043444938E1
3.013598917E0,9.493243403E-1,2.555714508E-1,1.086777562E-2,1.826157618E-1,3.663689214E1,2.937397058E1,-4.169578797E0,2.068396515E1
3.023643917E0,9.487143911E-1,2.552303037E-1,1.007498287E-2,1.862712423E-1,3.685862880E1,2.930437571E1,-4.356818543E0,2.107676818E1
3.033688917E0,9.480517583E-1,2.551544499E-1,9.434635259E-3,1.897498746E-1,3.709806757E1,2.926866635E1,-4.527754731E0,2.145321598E1
3.043734917E0,9.476026415E-1,2.554138954E-1,8.671303149E-3,1.916714337E-1,3.725950925E1,2.927564412E1,-4.673480030E0,2.164858316E1
3.053779917E0,9.470866376E-1,2.560176806E-1,8.183421768E-3,1.934292523E-1,3.744416556E1,2.932874820E1,-4.792177803E0,2.183152881E1
3.063824917E0,9.465174866E-1,2.569282106E-1,7.899805087E-3,1.950130466E-1,3.764682806E1,2.942236057E1,-4.890636703E0,2.199895451E1
3.073869917E0,9.459222888E-1,2.580673345E-1,7.735074130E-3,1.963986664E-1,3.785764658E1,2.954585394E1,-4.975778725E0,2.214604390E1
3.083915917E0,9.450503126E-1,2.592766119E-1,7.992254200E-3,1.989763255E-1,3.816447369E1,2.968054246E1,-5.052795263E0,2.243983268E1
3.093960917E0,9.445378913E-1,2.604262620E-1,7.821949321E-3,1.999131656E-1,3.834367925E1,2.980703414E1,-5.126157913E0,2.253564258E1
3.104005917E0,9.441176450E-1,2.613822895E-1,7.623595716E-3,2.006565096E-1,3.849004961E1,2.991118873E1,-5.192428365E0,2.260958056E1
3.114050917E0,9.437879302E-1,2.620694518E-1,7.503624711E-3,2.013147169E-1,3.860451433E1,2.998590809E1,-5.241461284E0,2.267738405E1
3.124096917E0,9.435435207E-1,2.624774754E-1,7.514098203E-3,2.019273214E-1,3.868915400E1,3.003088485E1,-5.268491049E0,2.274511822E1
3.134141917E0,9.430561345E-1,2.626660825E-1,8.119116214E-3,2.039256721E-1,3.885740773E1,3.005589741E1,-5.268039968E0,2.298820152E1
3.144186917E0,9.429151533E-1,2.627250354E-1,8.541648907E-3,2.044835699E-1,3.890594631E1,3.006899311E1,-5.240574752E0,2.306324920E1
3.154231917E0,9.427967207E-1,2.626780628E-1,9.021617217E-3,2.050687367E-1,3.894667667E1,3.007084691E1,-5.205202953E0,2.314358080E1
3.164276917E0,9.427266726E-1,2.624819851E-1,9.085332716E-3,2.056385621E-1,3.897074775E1,3.004655366E1,-5.210947670E0,2.321111803E1
3.174322917E0,9.427987016E-1,2.619100524E-1,7.952446501E-3,2.060840965E-1,3.894599575E1,2.995346696E1,-5.333679730E0,2.323262583E1
3.184367917E0,9.431135807E-1,2.607347454E-1,5.183524995E-3,2.062213688E-1,3.883761281E1,2.975684848E1,-5.610244580E0,2.317673226E1
3.194412917E0,9.433903590E-1,2.589249386E-1,1.636804472E-3,2.072916037E-1,3.874210363E1,2.946513418E1,-5.984397743E0,2.321042800E1
3.204457917E0,9.441899269E-1,2.566122673E-1,-2.589101977E-3,2.065161438E-1,3.846491225E1,2.911157467E1,-6.365951627E0,2.302068561E1
3.214503917E0,9.450596271E-1,2.540612450E-1,-6.253053959E-3,2.056117989E-1,3.816120872E1,2.874404644E1,-6.678324118E0,2.283550535E1
3.224548917E0,9.457834149E-1,2.517023912E-1,-8.322759249E-3,2.051102935E-1,3.790667303E1,2.842972107E1,-6.834194642E0,2.273916662E1
3.234593917E0,9.461713345E-1,2.500275808E-1,-7.941330270E-3,2.053850067E-1,3.776957277E1,2.824003490E1,-6.761201945E0,2.279168325E1
3.244638917E0,9.460580438E-1,2.495252852E-1,-5.124772288E-3,2.066038093E-1,3.780966199E1,2.823131458E1,-6.476887763E0,2.300774326E1
3.254683917E0,9.453905220E-1,2.504155953E-1,-7.968810015E-4,2.086339387E-1,3.804504584E1,2.841335049E1,-6.084617443E0,2.334799117E1
3.264729917E0,9.442508291E-1,2.525731135E-1,3.892250923E-3,2.111445843E-1,3.844372010E1,2.875113619E1,-5.699344621E0,2.374731129E1
3.274774917E0,9.427763637E-1,2.557935015E-1,7.898424778E-3,2.137291133E-1,3.895367353E1,2.920062989E1,-5.419557756E0,2.413361604E1
3.284819917E0,9.411214256E-1,2.598517373E-1,1.044114415E-2,2.160060547E-1,3.951850785E1,2.971889405E1,-5.313565093E0,2.444252606E1
3.294864917E0,9.394184400E-1,2.644440473E-1,1.120923885E-2,2.177996559E-1,4.009176150E1,3.026284915E1,-5.401323701E0,2.464469780E1
3.304910917E0,9.377723105E-1,2.692043548E-1,1.037077999E-2,2.190994226E-1,4.063850301E1,3.079310526E1,-5.653616588E0,2.474310440E1
3.314955917E0,9.362621468E-1,2.737336132E-1,8.552954799E-3,2.200226493E-1,4.113396082E1,3.127698051E1,-5.994878985E0,2.476966941E1
3.325000917E0,9.349178309E-1,2.777152997E-1,6.428743097E-3,2.208200677E-1,4.157025194E1,3.169153117E1,-6.351606445E0,2.477400281E1
3.335045917E0,9.337527235E-1,2.809180809E-1,4.496773708E-3,2.217449381E-1,4.194487186E1,3.201904631E1,-6.672069632E0,2.480158994E1
3.345091917E0,9.327570463E-1,2.832471684E-1,3.156767343E-3,2.229917262E-1,4.226250062E1,3.225538981E1,-6.917182700E0,2.488799310E1
3.355136917E0,9.319264584E-1,2.846919624E-1,2.687356818E-3,2.246248744E-1,4.252573215E1,3.240449818E1,-7.058861870E0,2.504988027E1
3.365181917E0,9.312461450E-1,2.853443534E-1,3.192107476E-3,2.266032264E-1,4.274018625E1,3.247971225E1,-7.086902200E0,2.528566638E1
3.375226917E0,9.306692389E-1,2.854101236E-1,4.541965666E-3,2.288561441E-1,4.292124296E1,3.250340409E1,-7.018024841E0,2.558226582E1
3.385271917E0,9.301546259E-1,2.851445879E-1,6.467033509E-3,2.312209195E-1,4.308213766E1,3.250135642E1,-6.882413003E0,2.591130638E1
3.395317917E0,9.296587050E-1,2.847897430E-1,8.693704199E-3,2.335678456E-1,4.323664858E1,3.249713538E1,-6.711558905E0,2.624812107E1
3.405362917E0,9.291376857E-1,2.844850213E-1,1.106130341E-2,2.359005894E-1,4.339841500E1,3.250361241E1,-6.526654549E0,2.658739854E1
3.415407917E0,9.285965834E-1,2.842317398E-1,1.350546238E-2,2.381979509E-1,4.356581154E1,3.251965156E1,-6.334026722E0,2.692483171E1
3.425452917E0,9.280501495E-1,2.839616523E-1,1.605451431E-2,2.404804978E-1,4.373423876E1,3.253792674E1,-6.129481332E0,2.726408927E1
3.435498917E0,9.275153271E-1,2.835206277E-1,1.873343123E-2,2.428588234E-1,4.389849180E1,3.254061100E1,-5.909639371E0,2.761945831E1
3.445543917E0,9.270191533E-1,2.827587812E-1,2.152839949E-2,2.453967591E-1,4.405035448E1,3.250984007E1,-5.673625863E0,2.799856325E1
3.455588917E0,9.265753891E-1,2.816163172E-1,2.442550009E-2,2.481003530E-1,4.418575605E1,3.243867295E1,-5.421050725E0,2.840181239E1
3.465633917E0,9.261528459E-1,2.801198195E-1,2.735619174E-2,2.510489254E-1,4.431431735E1,3.232845428E1,-5.162199334E0,2.883583101E1
3.475678917E0,9.257280899E-1,2.783496203E-1,3.020948070E-2,2.542367444E-1,4.444319590E1,3.218590200E1,-4.910635792E0,2.929602071E1
3.485724917E0,9.252722086E-1,2.764373124E-1,3.288504694E-2,2.576283224E-1,4.458112487E1,3.202378758E1,-4.679442976E0,2.977460068E1
3.495769917E0,9.247387348E-1,2.745468998E-1,3.529161092E-2,2.612215731E-1,4.474201728E1,3.185834891E1,-4.483046316E0,3.026790769E1
3.505814917E0,9.241047619E-1,2.728332511E-1,3.731017101E-2,2.649534236E-1,4.493250883E1,3.170383792E1,-4.336800573E0,3.076465814E1
3.515859917E0,9.233655273E-1,2.714072757E-1,3.889527183E-2,2.687402969E-1,4.515366615E1,3.157128634E1,-4.246469309E0,3.125368795E1
3.525905917E0,9.225140977E-1,2.702887194E-1,4.008299110E-2,2.725896318E-1,4.540712362E1,3.146319195E1,-4.209385049E0,3.173710160E1
3.535950917E0,9.215787327E-1,2.694066175E-1,4.090977529E-2,2.764761191E-1,4.568403172E1,3.137187520E1,-4.218823010E0,3.221353782E1
3.545995917E0,9.206110832E-1,2.686488382E-1,4.146642979E-2,2.803278775E-1,4.596883551E1,3.128697719E1,-4.259314307E0,3.267798127E1
3.556040917E0,9.196474166E-1,2.678627047E-1,4.189785547E-2,2.841529779E-1,4.625081808E1,3.119514535E1,-4.310729376E0,3.313634305E1
3.566085917E0,9.187247799E-1,2.668725593E-1,4.231613133E-2,2.879812183E-1,4.651928048E1,3.107961286E1,-4.356085538E0,3.359613978E1
3.576131917E0,9.178746569E-1,2.655593372E-1,4.279556227E-2,2.918096062E-1,4.676535453E1,3.092929123E1,-4.383023787E0,3.405972116E1
3.586176917E0,9.170829916E-1,2.638914811E-1,4.341162275E-2,2.956951031E-1,4.699341367E1,3.074309937E1,-4.383891980E0,3.453603671E1
3.596221917E0,9.163283523E-1,2.619458561E-1,4.417591370E-2,2.996250860E-1,4.720983881E1,3.053063167E1,-4.359360997E0,3.502359334E1
3.606266917E0,9.155712684E-1,2.598855180E-1,4.508414668E-2,3.035724334E-1,4.742602914E1,3.031079734E1,-4.314590478E0,3.551839316E1
3.616312917E0,9.147573285E-1,2.579199365E-1,4.615419194E-2,3.075158611E-1,4.765742408E1,3.010836380E1,-4.254635493E0,3.601758128E1
3.626357917E0,9.138284330E-1,2.562842700E-1,4.741597375E-2,3.114285849E-1,4.792021381E1,2.995131792E1,-4.184498284E0,3.651796724E1
3.636402917E0,9.127611905E-1,2.551512889E-1,4.885586815E-2,3.152427904E-1,4.822047849E1,2.985905067E1,-4.110585827E0,3.701058457E1
3.646447917E0,9.115726915E-1,2.545922531E-1,5.041176121E-2,3.188680516E-1,4.855280267E1,2.983767716E1,-4.040104188E0,3.748284599E1
3.656493917E0,9.102986345E-1,2.545395274E-1,5.198267962E-2,3.222792910E-1,4.890669346E1,2.987581443E1,-3.981025683E0,3.792919930E1
3.666538917E0,9.090139142E-1,2.548026607E-1,5.341578837E-2,3.254473853E-1,4.926112900E1,2.994623384E1,-3.941524269E0,3.834247992E1
3.676583917E0,9.078037939E-1,2.551768510E-1,5.459824982E-2,3.283233177E-1,4.959281032E1,3.002154705E1,-3.923932822E0,3.871425969E1
3.686628917E0,9.067198613E-1,2.554522490E-1,5.555663754E-2,3.309332191E-1,4.988815034E1,3.007873466E1,-3.917881566E0,3.904893014E1
3.696673917E0,9.058254208E-1,2.554454002E-1,5.630950670E-2,3.332524759E-1,5.013063236E1,3.009779881E1,-3.913046095E0,3.934460346E1
3.706719917E0,9.051671503E-1,2.550247219E-1,5.679865249E-2,3.352741127E-1,5.030839038E1,3.006167652E1,-3.909563969E0,3.959908326E1
3.716764917E0,9.047567454E-1,2.541181011E-1,5.695857870E-2,3.370386116E-1,5.041891869E1,2.995953856E1,-3.912210404E0,3.981541699E1
3.726809917E0,9.045587184E-1,2.527562100E-1,5.680714508E-2,3.386161049E-1,5.047216945E1,2.979519420E1,-3.922314777E0,4.000232304E1
3.736854917E0,9.045053605E-1,2.510711684E-1,5.647752511E-2,3.400641021E-1,5.048650877E1,2.958836687E1,-3.933128084E0,4.017007048E1
3.746900917E0,9.044634454E-1,2.492447453E-1,5.625535854E-2,3.415527498E-1,5.049777028E1,2.936988824E1,-3.927757781E0,4.034640593E1
3.756945917E0,9.043163951E-1,2.474746303E-1,5.643630549E-2,3.431954233E-1,5.053726045E1,2.917308049E1,-3.887163485E0,4.055240431E1
3.766990917E0,9.040086388E-1,2.459618535E-1,5.704895208E-2,3.449876758E-1,5.061981480E1,2.902174762E1,-3.816550617E0,4.078755457E1
3.777035917E0,9.035581733E-1,2.448995422E-1,5.782521274E-2,3.467896222E-1,5.074042408E1,2.892750683E1,-3.747543803E0,4.102707064E1
3.787080917E0,9.030102010E-1,2.443687237E-1,5.852131009E-2,3.484705017E-1,5.088678026E1,2.889006505E1,-3.705029337E0,4.124836985E1
3.797126917E0,9.024123691E-1,2.442396806E-1,5.910463301E-2,3.500080398E-1,5.104600648E1,2.889355114E1,-3.686558664E0,4.144832440E1
3.807171917E0,9.018044429E-1,2.442580461E-1,5.974925852E-2,3.514497149E-1,5.120744739E1,2.891638010E1,-3.665105838E0,4.163824404E1
3.817216917E0,9.011050792E-1,2.441264004E-1,6.082878682E-2,3.531457673E-1,5.139258540E1,2.893944620E1,-3.600438199E0,4.187133484E1
3.827261917E0,9.002633012E-1,2.437197360E-1,6.268865349E-2,3.552420884E-1,5.161460276E1,2.896294919E1,-3.456253627E0,4.217528155E1
3.837307917E0,8.992154042E-1,2.431481509E-1,6.550717130E-2,3.577700142E-1,5.188974700E1,2.900747872E1,-3.220120319E0,4.255894960E1
3.847352917E0,8.978562526E-1,2.426809321E-1,6.918930965E-2,3.607949778E-1,5.224460706E1,2.910038262E1,-2.916010400E0,4.302750842E1
3.857397917E0,8.961683767E-1,2.425549024E-1,7.341709163E-2,3.642244458E-1,5.268219863E1,2.925635110E1,-2.584956496E0,4.356123345E1
3.867443042E0,8.941751258E-1,2.428800443E-1,7.791156834E-2,3.679538940E-1,5.319465381E1,2.947689053E1,-2.258275764E0,4.414029019E1
3.877488042E0,8.919528067E-1,2.436711617E-1,8.238353863E-2,3.718301396E-1,5.376065848E1,2.975173252E1,-1.962426484E0,4.473845836E1
3.887534042E0,8.895971561E-1,2.448940578E-1,8.649101770E-2,3.757169009E-1,5.435466143E1,3.006180717E1,-1.727004236E0,4.532926540E1
3.897579042E0,8.872337927E-1,2.464479647E-1,8.987840733E-2,3.794754094E-1,5.494464274E1,3.037910894E1,-1.579017398E0,4.588467294E1
3.907624042E0,8.846172742E-1,2.480786105E-1,9.256391496E-2,3.838506316E-1,5.559108066E1,3.067397605E1,-1.529003976E0,4.649433254E1
3.917669042E0,8.825696328E-1,2.497361143E-1,9.402572044E-2,3.871200258E-1,5.609218514E1,3.091796207E1,-1.569367826E0,4.693319514E1
3.927715042E0,8.806818965E-1,2.510573390E-1,9.469905323E-2,3.903866384E-1,5.655054022E1,3.108855453E1,-1.674385333E0,4.734751197E1
3.937760042E0,8.789283769E-1,2.517871117E-1,9.490593103E-2,3.938034413E-1,5.697327372E1,3.117212056E1,-1.803867725E0,4.776627690E1
3.947805042E0,8.772734598E-1,2.517325210E-1,9.498444008E-2,3.974920281E-1,5.736961708E1,3.116320194E1,-1.917972513E0,4.821560563E1
3.957850042E0,8.756554844E-1,2.507330769E-1,9.526584931E-2,4.016027367E-1,5.775470568E1,3.106015108E1,-1.979966261E0,4.872504775E1
3.967895042E0,8.740479404E-1,2.487443990E-1,9.592955681E-2,4.061575255E-1,5.813500166E1,3.086767811E1,-1.969343225E0,4.930348415E1
3.977941042E0,8.724791293E-1,2.457979602E-1,9.696463600E-2,4.110492784E-1,5.850395805E1,3.059036502E1,-1.883703507E0,4.993767743E1
3.987986042E0,8.710081832E-1,2.420662203E-1,9.822983697E-2,4.160524676E-1,5.884798184E1,3.024192298E1,-1.736701202E0,5.059528786E1
3.998031042E0,8.696601584E-1,2.378682677E-1,9.956405868E-2,4.209477397E-1,5.916165658E1,2.985021244E1,-1.552127907E0,5.124366787E1
4.008076042E0,8.683920651E-1,2.335919326E-1,1.008558069E-1,4.256266932E-1,5.945535730E1,2.945175397E1,-1.356957300E0,5.186523570E1
4.018122042E0,8.671898474E-1,2.295496283E-1,1.020258245E-1,4.299761004E-1,5.973258852E1,2.907572751E1,-1.171791248E0,5.244302448E1
4.028167042E0,8.660073754E-1,2.259573155E-1,1.030679580E-1,4.339948024E-1,6.000413168E1,2.874406312E1,-1.009224372E0,5.297636398E1
4.038212042E0,8.648108685E-1,2.229731921E-1,1.039968113E-1,4.376868242E-1,6.027776816E1,2.847343348E1,-8.772161108E-1,5.346600789E1
4.048257042E0,8.635728680E-1,2.206940960E-1,1.048177529E-1,4.410773485E-1,6.055971441E1,2.827347077E1,-7.821574296E-1,5.391513449E1
4.058303042E0,8.622515222E-1,2.190739712E-1,1.055934446E-1,4.442733862E-1,6.085933712E1,2.814182286E1,-7.197257302E-1,5.433899476E1
4.068348042E0,8.608265583E-1,2.179545983E-1,1.063683723E-1,4.473914733E-1,6.118096828E1,2.806364688E1,-6.814128769E-1,5.475358394E1
4.078393042E0,8.593227166E-1,2.171168928E-1,1.071546798E-1,4.504915847E-1,6.151875521E1,2.801627513E1,-6.564959532E-1,5.516689743E1
4.088438042E0,8.578047557E-1,2.164157905E-1,1.079307824E-1,4.535264950E-1,6.185802531E1,2.798322291E1,-6.379164889E-1,5.557240455E1
4.098483042E0,8.563301639E-1,2.158080804E-1,1.086271063E-1,4.564271675E-1,6.218600460E1,2.795609377E1,-6.279746773E-1,5.595925036E1
4.108529042E0,8.549677671E-1,2.153598328E-1,1.090022712E-1,4.590955267E-1,6.248765198E1,2.792831712E1,-6.505854981E-1,5.630750956E1
4.118574042E0,8.538043033E-1,2.150887654E-1,1.088342106E-1,4.614217377E-1,6.274422130E1,2.788910699E1,-7.246407057E-1,5.659632744E1
4.128619042E0,8.528551352E-1,2.149346818E-1,1.081724366E-1,4.634005533E-1,6.295283792E1,2.783461744E1,-8.417548328E-1,5.682648878E1
4.138664042E0,8.520864610E-1,2.148044217E-1,1.071703795E-1,4.651044661E-1,6.312133043E1,2.776352705E1,-9.841683242E-1,5.701188692E1
4.148709042E0,8.514579039E-1,2.146040819E-1,1.059649954E-1,4.666218158E-1,6.325881024E1,2.767367213E1,-1.136159640E0,5.716799899E1
4.158755042E0,8.509505402E-1,2.142387583E-1,1.046942626E-1,4.680001021E-1,6.336958728E1,2.756293122E1,-1.280566601E0,5.730513317E1
4.168800042E0,8.505327596E-1,2.136769882E-1,1.034348042E-1,4.692945372E-1,6.346067479E1,2.743233931E1,-1.409934038E0,5.743264205E1
4.178845042E0,8.501779674E-1,2.129231918E-1,1.022260958E-1,4.705433483E-1,6.353793726E1,2.728458913E1,-1.521865154E0,5.755656056E1
4.188890042E0,8.498669447E-1,2.120277241E-1,1.011098523E-1,4.717492328E-1,6.360559899E1,2.712729079E1,-1.615266803E0,5.767837439E1
4.198936042E0,8.496056343E-1,2.110982807E-1,1.001115831E-1,4.728483384E-1,6.366239626E1,2.697318772E1,-1.691858615E0,5.779049982E1
4.208981042E0,8.493776409E-1,2.102956993E-1,9.923256845E-2,4.737998245E-1,6.371191487E1,2.683909924E1,-1.759502257E0,5.788746660E1
4.219026042E0,8.491671595E-1,2.097664666E-1,9.850963936E-2,4.745620081E-1,6.375759943E1,2.674233100E1,-1.821859570E0,5.796470196E1
4.229071042E0,8.489396297E-1,2.096273399E-1,9.802929173E-2,4.751297473E-1,6.380695139E1,2.669982824E1,-1.877257859E0,5.802371894E1
4.239117042E0,8.486733460E-1,2.099213826E-1,9.781515940E-2,4.755195213E-1,6.386466591E1,2.671735059E1,-1.926486284E0,5.806710238E1
4.249162042E0,8.483901191E-1,2.106592212E-1,9.783457329E-2,4.756946836E-1,6.392600154E1,2.679426570E1,-1.972233589E0,5.808915467E1
4.259207042E0,8.481359526E-1,2.117933191E-1,9.794201614E-2,4.756222121E-1,6.398099911E1,2.691759094E1,-2.024734193E0,5.808154209E1
4.269252042E0,8.479455753E-1,2.131880848E-1,9.794515608E-2,4.753377630E-1,6.402216604E1,2.706249853E1,-2.095680583E0,5.804348407E1
4.279297042E0,8.478935239E-1,2.146812054E-1,9.768769679E-2,4.748112225E-1,6.403341744E1,2.720360293E1,-2.189722253E0,5.796682955E1
4.289343042E0,8.479993757E-1,2.161162845E-1,9.704902452E-2,4.741016592E-1,6.401053470E1,2.731798561E1,-2.311202438E0,5.785586278E1
4.299388042E0,8.482653645E-1,2.173450390E-1,9.604430161E-2,4.732678681E-1,6.395300173E1,2.739118165E1,-2.452018694E0,5.771879542E1
4.309433042E0,8.486684991E-1,2.182921366E-1,9.479600152E-2,4.723602357E-1,6.386571600E1,2.742223734E1,-2.597780452E0,5.756583360E1
4.319478042E0,8.491818266E-1,2.189447068E-1,9.352513706E-2,4.713877604E-1,6.375441691E1,2.742211664E1,-2.726934340E0,5.740459026E1
4.329524042E0,8.497480485E-1,2.193776181E-1,9.231564894E-2,4.704036947E-1,6.363144737E1,2.740304044E1,-2.837415258E0,5.724419559E1
4.339569042E0,8.503827378E-1,2.197006263E-1,9.094105582E-2,4.693724878E-1,6.349335502E1,2.736396946E1,-2.956252584E0,5.707356593E1
4.349614042E0,8.511877426E-1,2.199232776E-1,8.902045555E-2,4.681756858E-1,6.331781847E1,2.728550490E1,-3.117237501E0,5.686712497E1
4.359659042E0,8.523068679E-1,2.199187152E-1,8.609560124E-2,4.666866798E-1,6.307305877E1,2.713038510E1,-3.354092367E0,5.659695009E1
4.369704042E0,8.538144185E-1,2.194471236E-1,8.201647119E-2,4.648841013E-1,6.274199473E1,2.686670955E1,-3.668362240E0,5.625827123E1
4.379750042E0,8.555861667E-1,2.183357375E-1,7.730050752E-2,4.629540496E-1,6.235089520E1,2.650489921E1,-4.007343997E0,5.589111634E1
4.389795042E0,8.574045082E-1,2.165476627E-1,7.276819875E-2,4.611608276E-1,6.194720313E1,2.608410766E1,-4.297949262E0,5.555174436E1
4.399840042E0,8.589802313E-1,2.142087550E-1,6.936078410E-2,4.598442233E-1,6.159544916E1,2.566488746E1,-4.464777785E0,5.530609845E1
4.409885042E0,8.600942568E-1,2.116677847E-1,6.774533755E-2,4.591788088E-1,6.134566462E1,2.531666452E1,-4.465107585E0,5.518954516E1
4.419931042E0,8.605927487E-1,2.094960893E-1,6.801829634E-2,4.592004934E-1,6.123359608E1,2.510352465E1,-4.320143901E0,5.520526095E1
4.429976042E0,8.604759808E-1,2.083426091E-1,6.977719497E-2,4.596798927E-1,6.125986387E1,2.507355039E1,-4.097769586E0,5.531209511E1
4.440021042E0,8.597996714E-1,2.085391346E-1,7.231838125E-2,4.604629179E-1,6.141180510E1,2.522544748E1,-3.881344201E0,5.547346253E1
4.450066042E0,8.586853088E-1,2.101256263E-1,7.513130406E-2,4.613698338E-1,6.166142327E1,2.553726359E1,-3.718984523E0,5.565502314E1
4.460111042E0,8.572886043E-1,2.130035606E-1,7.777892694E-2,4.622080925E-1,6.197300569E1,2.597611147E1,-3.643370363E0,5.582215159E1
4.470157042E0,8.557446178E-1,2.169804055E-1,7.989472508E-2,4.628579758E-1,6.231581090E1,2.650256088E1,-3.676514655E0,5.595036017E1
4.480202042E0,8.542132963E-1,2.216651067E-1,8.127333269E-2,4.632267186E-1,6.265413694E1,2.706506851E1,-3.813722642E0,5.602239260E1
4.490247042E0,8.528010819E-1,2.265599732E-1,8.192446462E-2,4.633457835E-1,6.296469957E1,2.761215367E1,-4.026662010E0,5.604255643E1
4.500292042E0,8.515610794E-1,2.312015530E-1,8.199266875E-2,4.633214647E-1,6.323626178E1,2.810279496E1,-4.278110523E0,5.602868604E1
4.510338042E0,8.505647069E-1,2.352285316E-1,8.171439945E-2,4.631739718E-1,6.345371354E1,2.851169235E1,-4.525150733E0,5.599061023E1
4.520383042E0,8.497905535E-1,2.384170460E-1,8.137627636E-2,4.630241819E-1,6.362220772E1,2.882987279E1,-4.731138221E0,5.595245551E1
4.530428042E0,8.492301691E-1,2.406821705E-1,8.121708245E-2,4.629082781E-1,6.374392640E1,2.906059356E1,-4.869328280E0,5.592611892E1
4.540473042E0,8.488395942E-1,2.420297896E-1,8.141517790E-2,4.628872468E-1,6.382863864E1,2.921333695E1,-4.924798728E0,5.592467462E1
4.550518042E0,8.486022653E-1,2.425645751E-1,8.201591274E-2,4.629362636E-1,6.388006410E1,2.930150225E1,-4.898227346E0,5.594614757E1
4.560564042E0,8.485175923E-1,2.425243881E-1,8.292856060E-2,4.629498770E-1,6.389840246E1,2.934588063E1,-4.808207396E0,5.597395144E1
4.570609042E0,8.485738373E-1,2.421120392E-1,8.402579585E-2,4.628647193E-1,6.388622153E1,2.936143284E1,-4.676288995E0,5.599581189E1
4.580654042E0,8.487442791E-1,2.415246860E-1,8.518683089E-2,4.626469044E-1,6.384929638E1,2.936266671E1,-4.524054558E0,5.600336461E1
4.590699042E0,8.489907750E-1,2.408875679E-1,8.636513560E-2,4.623083598E-1,6.379586080E1,2.936019612E1,-4.363409269E0,5.599639900E1
4.600745042E0,8.493121868E-1,2.402581890E-1,8.758811070E-2,4.618149888E-1,6.372612468E1,2.936163682E1,-4.193805121E0,5.597124477E1
4.610790042E0,8.496546721E-1,2.396041647E-1,8.896345720E-2,4.612615164E-1,6.365174107E1,2.936890030E1,-4.006171652E0,5.594316230E1
4.620835042E0,8.497587538E-1,2.388228728E-1,9.066194885E-2,4.611442007E-1,6.362912040E1,2.937842634E1,-3.794722690E0,5.598018872E1
4.630880042E0,8.500252483E-1,2.379854728E-1,9.245722021E-2,4.607296021E-1,6.357116874E1,2.938859856E1,-3.561045438E0,5.598292544E1
4.640925042E0,8.501796954E-1,2.370746847E-1,9.443326993E-2,4.605131991E-1,6.353756115E1,2.940027183E1,-3.312483681E0,5.601652443E1
4.650971042E0,8.501898106E-1,2.361091004E-1,9.649397687E-2,4.605635225E-1,6.353535953E1,2.941022466E1,-3.061629315E0,5.608677651E1
4.661016042E0,8.501044001E-1,2.351388325E-1,9.845695053E-2,4.608020947E-1,6.355394735E1,2.941427663E1,-2.826261061E0,5.617815992E1
4.671061042E0,8.499854406E-1,2.342303467E-1,1.001687343E-1,4.611152669E-1,6.357982829E1,2.941140614E1,-2.621075670E0,5.627146257E1
4.681106042E0,8.498617185E-1,2.334444028E-1,1.015662289E-1,4.614358147E-1,6.360673538E1,2.940458803E1,-2.453279166E0,5.635604381E1
4.691152042E0,8.497527268E-1,2.327681988E-1,1.026559357E-1,4.617369961E-1,6.363043048E1,2.939274330E1,-2.320600982E0,5.642865621E1
4.701197042E0,8.496621532E-1,2.321672005E-1,1.034615147E-1,4.620265028E-1,6.365011541E1,2.937339181E1,-2.219054905E0,5.649096932E1
4.711242042E0,8.496011878E-1,2.316098190E-1,1.040229845E-1,4.622920490E-1,6.366336234E1,2.934535174E1,-2.142596774E0,5.654265718E1
4.721287042E0,8.495497054E-1,2.310214015E-1,1.043998458E-1,4.625960753E-1,6.367454682E1,2.930389708E1,-2.083359505E0,5.659353011E1
4.731332042E0,8.495339635E-1,2.303261735E-1,1.046168547E-1,4.629224394E-1,6.367796637E1,2.924247377E1,-2.034150483E0,5.664240166E1
4.741378042E0,8.495415921E-1,2.294395144E-1,1.047346077E-1,4.633219494E-1,6.367630926E1,2.915547489E1,-1.986035372E0,5.669767805E1
4.751423042E0,8.495371878E-1,2.283094204E-1,1.048348645E-1,4.638651591E-1,6.367726599E1,2.904187469E1,-1.930507615E0,5.677086884E1
4.761468042E0,8.495230475E-1,2.269321984E-1,1.049534342E-1,4.645397404E-1,6.368033752E1,2.890337468E1,-1.863434067E0,5.686153055E1
4.771513042E0,8.494832187E-1,2.253544101E-1,1.051202935E-1,4.653421743E-1,6.368898836E1,2.874659081E1,-1.784362787E0,5.697006826E1
4.781559042E0,8.494109158E-1,2.237254712E-1,1.053873412E-1,4.661989987E-1,6.370468992E1,2.859021298E1,-1.694303515E0,5.708859612E1
4.791604042E0,8.492282092E-1,2.222003559E-1,1.058093260E-1,4.671647937E-1,6.374435173E1,2.845339827E1,-1.598521149E0,5.722553609E1
4.801649042E0,8.488957549E-1,2.209543634E-1,1.063970691E-1,4.682252084E-1,6.381646407E1,2.835505044E1,-1.505491787E0,5.737925911E1
4.811694042E0,8.484048705E-1,2.201354817E-1,1.071144190E-1,4.693356514E-1,6.392280827E1,2.830858217E1,-1.425784737E0,5.754294737E1
4.821739042E0,8.477334502E-1,2.198225572E-1,1.078915068E-1,4.705162900E-1,6.406800784E1,2.831815450E1,-1.371431498E0,5.771705956E1
4.831785042E0,8.469356314E-1,2.200360836E-1,1.086143568E-1,4.716854225E-1,6.424016062E1,2.837945530E1,-1.352127614E0,5.788775783E1
4.841830042E0,8.461107122E-1,2.207131728E-1,1.091714960E-1,4.727197272E-1,6.441772900E1,2.847968508E1,-1.371138495E0,5.803596270E1
4.851875042E0,8.452950021E-1,2.216953208E-1,1.094897679E-1,4.736449349E-1,6.459288660E1,2.859811297E1,-1.427237887E0,5.816272576E1
4.861920042E0,8.445286038E-1,2.227974872E-1,1.095549006E-1,4.744791896E-1,6.475707040E1,2.871466270E1,-1.511698079E0,5.826997255E1
4.871966167E0,8.438742951E-1,2.238405479E-1,1.094080505E-1,4.751857604E-1,6.489694849E1,2.881315666E1,-1.608985227E0,5.835440066E1
4.882011167E0,8.433559310E-1,2.247259689E-1,1.091074592E-1,4.757568081E-1,6.500757397E1,2.888673560E1,-1.707493572E0,5.841690348E1
4.892056167E0,8.429579172E-1,2.254434189E-1,1.086851214E-1,4.762193908E-1,6.509240153E1,2.893613696E1,-1.804375497E0,5.846195630E1
4.902101167E0,8.426346298E-1,2.260174011E-1,1.081744017E-1,4.766353170E-1,6.516123052E1,2.896569565E1,-1.899861209E0,5.849846544E1
4.912146167E0,8.423463243E-1,2.265131059E-1,1.076868311E-1,4.770199702E-1,6.522255722E1,2.898850111E1,-1.987607478E0,5.853181330E1
4.922192167E0,8.420380833E-1,2.269751829E-1,1.072984479E-1,4.774318924E-1,6.528806778E1,2.901337914E1,-2.064906916E0,5.857176158E1
4.932237167E0,8.417404844E-1,2.274425124E-1,1.068033226E-1,4.778451423E-1,6.535126116E1,2.903268908E1,-2.152721481E0,5.860858491E1
4.942282167E0,8.415754163E-1,2.278680218E-1,1.057339991E-1,4.781708742E-1,6.538628899E1,2.901518276E1,-2.289772594E0,5.861664405E1
4.952327167E0,8.416698674E-1,2.281280204E-1,1.038306737E-1,4.782976098E-1,6.536624830E1,2.893372819E1,-2.489934340E0,5.857423240E1
4.962372167E0,8.420936118E-1,2.281354962E-1,1.012580564E-1,4.780998568E-1,6.527627061E1,2.878941852E1,-2.728629617E0,5.847117030E1
4.972418167E0,8.427420621E-1,2.278793856E-1,9.854034861E-2,4.776467992E-1,6.513836499E1,2.861097769E1,-2.957977999E0,5.833268783E1
4.982463167E0,8.434005645E-1,2.274138895E-1,9.626440299E-2,4.771704555E-1,6.499805521E1,2.843638469E1,-3.132859702E0,5.820575425E1
4.992508167E0,8.438248989E-1,2.269166357E-1,9.492913287E-2,4.769242336E-1,6.490749749E1,2.831081258E1,-3.223840882E0,5.813639671E1
5.002553167E0,8.438049003E-1,2.266854655E-1,9.490179537E-2,4.770752247E-1,6.491176795E1,2.828478445E1,-3.217980899E0,5.815536841E1
5.012599167E0,8.432727331E-1,2.270745230E-1,9.625184323E-2,4.775603560E-1,6.502531384E1,2.839919255E1,-3.127063925E0,5.825587280E1
5.022644167E0,8.422692798E-1,2.282697602E-1,9.856107432E-2,4.782899390E-1,6.523893698E1,2.865063887E1,-2.999562406E0,5.841476177E1
5.032689167E0,8.409092221E-1,2.302968603E-1,1.013185266E-1,4.791342879E-1,6.552748774E1,2.901388138E1,-2.882441560E0,5.860139099E1
5.042734167E0,8.393664999E-1,2.329882369E-1,1.040338321E-1,4.799556246E-1,6.585343216E1,2.944440773E1,-2.808790118E0,5.878427656E1
5.052779167E0,8.378124192E-1,2.361292045E-1,1.063517665E-1,4.806274033E-1,6.618033529E1,2.990004368E1,-2.795692033E0,5.893652873E1
5.062825167E0,8.363534428E-1,2.394692158E-1,1.081121561E-1,4.811229027E-1,6.648593592E1,3.034554673E1,-2.842366042E0,5.904947427E1
5.072870167E0,8.350029735E-1,2.426527411E-1,1.093645233E-1,4.815901426E-1,6.676770437E1,3.074623641E1,-2.927881339E0,5.914346351E1
5.082915167E0,8.337412760E-1,2.453711549E-1,1.103775386E-1,4.821672068E-1,6.703000431E1,3.108484577E1,-3.013269214E0,5.924485805E1
5.092960167E0,8.325056463E-1,2.474755786E-1,1.114046257E-1,4.829898816E-1,6.728600914E1,3.135985184E1,-3.070600633E0,5.937940073E1
5.103006167E0,8.312473100E-1,2.489731826E-1,1.125717984E-1,4.841156240E-1,6.754583822E1,3.157900238E1,-3.090520513E0,5.955864597E1
5.113051167E0,8.299593339E-1,2.499541874E-1,1.139467603E-1,4.854961545E-1,6.781087832E1,3.175583503E1,-3.070302151E0,5.977866355E1
5.123096167E0,8.286284523E-1,2.505736143E-1,1.155057353E-1,4.870793271E-1,6.808379279E1,3.190547906E1,-3.019497218E0,6.003189819E1
5.133141167E0,8.272569833E-1,2.510022530E-1,1.170980380E-1,4.888065998E-1,6.836402729E1,3.203729494E1,-2.960229933E0,6.030563031E1
5.143186167E0,8.258867366E-1,2.514123313E-1,1.185069334E-1,4.905702452E-1,6.864300792E1,3.215684191E1,-2.919004815E0,6.057846210E1
5.153232167E0,8.245565188E-1,2.518433724E-1,1.196011446E-1,4.923180540E-1,6.891289026E1,3.226048644E1,-2.908337564E0,6.083905065E1
5.163277167E0,8.233502234E-1,2.522542884E-1,1.203208179E-1,4.939485153E-1,6.915683205E1,3.234051131E1,-2.927306824E0,6.107222699E1
5.173322167E0,8.222914102E-1,2.525735455E-1,1.207315020E-1,4.954466672E-1,6.937033017E1,3.239323955E1,-2.964688475E0,6.127826725E1
5.183367167E0,8.213460880E-1,2.527269337E-1,1.209669185E-1,4.968770996E-1,6.956045957E1,3.241864187E1,-3.005799695E0,6.147009674E1
5.193413167E0,8.203818840E-1,2.526303542E-1,1.211891378E-1,4.984622953E-1,6.975391980E1,3.241697475E1,-3.038711767E0,6.168204867E1
5.203458167E0,8.194275108E-1,2.522778959E-1,1.214660689E-1,5.001404142E-1,6.994494723E1,3.239194489E1,-3.054364156E0,6.190856336E1
5.213503167E0,8.184194319E-1,2.517007264E-1,1.219070198E-1,5.019711153E-1,7.014623122E1,3.235324092E1,-3.046754534E0,6.216107701E1
5.223548167E0,8.173376804E-1,2.509721022E-1,1.225232383E-1,5.039446098E-1,7.036166690E1,3.230930037E1,-3.018956742E0,6.243866297E1
5.233593167E0,8.162022338E-1,2.501868274E-1,1.232548180E-1,5.059927886E-1,7.058717988E1,3.226663306E1,-2.979792296E0,6.273036260E1
5.243639167E0,8.150571882E-1,2.494541519E-1,1.239971031E-1,5.080149944E-1,7.081396616E1,3.223048606E1,-2.941908944E0,6.301939486E1
5.253684167E0,8.139725706E-1,2.488273229E-1,1.246163878E-1,5.099061340E-1,7.102820336E1,3.219842111E1,-2.916956952E0,6.328740153E1
5.263729167E0,8.130199570E-1,2.483043859E-1,1.249420776E-1,5.115984248E-1,7.121590482E1,3.215985481E1,-2.917814454E0,6.351963332E1
5.273774167E0,8.122622726E-1,2.478403069E-1,1.248685735E-1,5.130428500E-1,7.136489174E1,3.210364608E1,-2.949361140E0,6.370604992E1
5.283820167E0,8.117277241E-1,2.473370683E-1,1.244273855E-1,5.142375024E-1,7.146984033E1,3.202160509E1,-3.002393625E0,6.384760075E1
5.293865167E0,8.114236346E-1,2.467059087E-1,1.236744847E-1,5.152013587E-1,7.152948305E1,3.190804673E1,-3.066882413E0,6.394884859E1
5.303910167E0,8.113533231E-1,2.458492687E-1,1.226622070E-1,5.159631314E-1,7.154326748E1,3.175621903E1,-3.132978120E0,6.401557020E1
5.313955167E0,8.115210149E-1,2.446939130E-1,1.214190699E-1,5.165424504E-1,7.151038802E1,3.156045130E1,-3.194251627E0,6.405154500E1
5.324000167E0,8.119299974E-1,2.432367278E-1,1.199534975E-1,5.169300433E-1,7.143014349E1,3.132107461E1,-3.249556450E0,6.405600239E1
5.334046167E0,8.125574059E-1,2.415051562E-1,1.183264290E-1,5.171310732E-1,7.130689045E1,3.104472100E1,-3.295499519E0,6.403176905E1
5.344091167E0,8.133594499E-1,2.396017887E-1,1.166184438E-1,5.171436435E-1,7.114906099E1,3.074684018E1,-3.331429530E0,6.398117159E1
5.354136167E0,8.142759963E-1,2.376527287E-1,1.149260792E-1,5.169795026E-1,7.096832634E1,3.044614687E1,-3.357166291E0,6.390867953E1
5.364181167E0,8.152645507E-1,2.358441284E-1,1.133213538E-1,5.166038478E-1,7.077294308E1,3.016604620E1,-3.376802199E0,6.381163017E1
5.374227167E0,8.162798472E-1,2.343829025E-1,1.118225012E-1,5.159918123E-1,7.057178492E1,2.992868824E1,-3.400920377E0,6.368684359E1
5.384272167E0,8.173003804E-1,2.333610047E-1,1.105195998E-1,5.151194674E-1,7.036908511E1,2.974894803E1,-3.426161668E0,6.353370376E1
5.394317167E0,8.182960260E-1,2.327382745E-1,1.095759214E-1,5.140208992E-1,7.017083720E1,2.963250444E1,-3.436001026E0,6.336166235E1
5.404362167E0,8.192342991E-1,2.324482357E-1,1.090687525E-1,5.127640802E-1,6.998356510E1,2.957694177E1,-3.421243475E0,6.318199090E1
5.414407167E0,8.201034303E-1,2.324469291E-1,1.089026307E-1,5.114087429E-1,6.980970227E1,2.957167850E1,-3.389758627E0,6.299958443E1
5.424453167E0,8.209215744E-1,2.327099676E-1,1.089238306E-1,5.099701129E-1,6.964569286E1,2.960485363E1,-3.354544995E0,6.281178078E1
5.434498167E0,8.217365786E-1,2.332203291E-1,1.089939998E-1,5.084068337E-1,6.948197670E1,2.966655389E1,-3.325761874E0,6.260899262E1
5.444543167E0,8.226081965E-1,2.339287807E-1,1.089820038E-1,5.066714582E-1,6.930651402E1,2.974413568E1,-3.310735997E0,6.238114500E1
5.454588167E0,8.235844861E-1,2.347040825E-1,1.087882020E-1,5.047649877E-1,6.910951754E1,2.981836370E1,-3.310573119E0,6.212558638E1
5.464633167E0,8.246651524E-1,2.353709300E-1,1.084224938E-1,5.027647615E-1,6.889088482E1,2.987176508E1,-3.316292687E0,6.185306761E1
5.474679167E0,8.257983652E-1,2.357815825E-1,1.080816997E-1,5.007817839E-1,6.866096607E1,2.990052295E1,-3.304524380E0,6.158443552E1
5.484724167E0,8.269137394E-1,2.358634738E-1,1.080596147E-1,4.989040575E-1,6.843400509E1,2.991407468E1,-3.246656602E0,6.134036104E1
5.494769167E0,8.279157386E-1,2.356766896E-1,1.084638979E-1,4.972400156E-1,6.822954902E1,2.992428005E1,-3.140109917E0,6.113806613E1
5.504814167E0,8.287472959E-1,2.354683577E-1,1.089902909E-1,4.958363570E-1,6.805946153E1,2.993834995E1,-3.029879356E0,6.097356344E1
5.514860167E0,8.294450159E-1,2.354707390E-1,1.091717542E-1,4.946270585E-1,6.791646028E1,2.995303309E1,-2.971342257E0,6.082316861E1
5.524905167E0,8.301276789E-1,2.357526487E-1,1.085790957E-1,4.934767340E-1,6.777628810E1,2.995093592E1,-3.004125949E0,6.065573479E1
5.534950167E0,8.309083334E-1,2.361376391E-1,1.071091190E-1,4.922986348E-1,6.761568165E1,2.990860991E1,-3.124440759E0,6.045728160E1
5.544995167E0,8.318159869E-1,2.363448067E-1,1.051780611E-1,4.910813706E-1,6.742852364E1,2.982189840E1,-3.276323700E0,6.024022512E1
5.555040167E0,8.327750595E-1,2.361971294E-1,1.034154746E-1,4.898998469E-1,6.723026394E1,2.970887981E1,-3.392873953E0,6.003424799E1
5.565086167E0,8.336499016E-1,2.356604103E-1,1.022798910E-1,4.889078365E-1,6.704896532E1,2.959158576E1,-3.434141782E0,5.987307908E1
5.575131167E0,8.342843381E-1,2.349112922E-1,1.020242914E-1,4.882389239E-1,6.691721607E1,2.950189577E1,-3.391089913E0,5.978084240E1
5.585176167E0,8.345550263E-1,2.343388537E-1,1.027547384E-1,4.878982720E-1,6.686093424E1,2.948592550E1,-3.276702407E0,5.976042391E1
5.595221167E0,8.344071435E-1,2.343899884E-1,1.043145406E-1,4.877957182E-1,6.689168740E1,2.958128087E1,-3.129175523E0,5.979484458E1
5.605267167E0,8.338889691E-1,2.353625849E-1,1.061943796E-1,4.878077090E-1,6.699934662E1,2.979002933E1,-3.010256693E0,5.985263331E1
5.615312167E0,8.331115494E-1,2.373656824E-1,1.079447751E-1,4.877813040E-1,6.716058231E1,3.009808698E1,-2.963800224E0,5.990034922E1
5.625357167E0,8.322294474E-1,2.402744313E-1,1.092588664E-1,4.875702852E-1,6.734311612E1,3.047534945E1,-3.006225008E0,5.990962420E1
5.635402167E0,8.313990176E-1,2.437776457E-1,1.099793141E-1,4.870858177E-1,6.751455944E1,3.088105943E1,-3.130358191E0,5.986407737E1
5.645447167E0,8.307497137E-1,2.474252606E-1,1.101105436E-1,4.863242979E-1,6.764834216E1,3.126927580E1,-3.308333208E0,5.976366624E1
5.655493167E0,8.303674524E-1,2.507669735E-1,1.098161321E-1,4.853310548E-1,6.772699447E1,3.160288516E1,-3.499195004E0,5.962009515E1
5.665538167E0,8.302839489E-1,2.534429718E-1,1.093335401E-1,4.841915410E-1,6.774416504E1,3.185786243E1,-3.662210581E0,5.945284602E1
5.675583167E0,8.304739048E-1,2.552855477E-1,1.088730858E-1,4.829999231E-1,6.770509941E1,3.202814339E1,-3.771254212E0,5.928142740E1
5.685628167E0,8.308749742E-1,2.562658992E-1,1.086619143E-1,4.818373444E-1,6.762255162E1,3.212293630E1,-3.806553591E0,5.912392881E1
5.695674167E0,8.313958671E-1,2.564695686E-1,1.088585557E-1,4.807849798E-1,6.751520913E1,3.215944984E1,-3.761552544E0,5.899580165E1
5.705719167E0,8.319614673E-1,2.561345011E-1,1.094181815E-1,4.798571696E-1,6.739848300E1,3.215970728E1,-3.655229907E0,5.889685196E1
5.715764167E0,8.325306394E-1,2.555257689E-1,1.101729526E-1,4.790212079E-1,6.728083945E1,3.214196522E1,-3.517867851E0,5.881675680E1
5.725809167E0,8.330765253E-1,2.548352876E-1,1.109409840E-1,4.782619746E-1,6.716783820E1,3.211603530E1,-3.377329856E0,5.874711862E1
5.735854167E0,8.336497225E-1,2.541962361E-1,1.115324940E-1,4.774651463E-1,6.704900248E1,3.208548768E1,-3.255097979E0,5.866680669E1
5.745900167E0,8.343090256E-1,2.536247617E-1,1.120179467E-1,4.765028916E-1,6.691208474E1,3.205640457E1,-3.140848502E0,5.856187968E1
5.755945167E0,8.351407726E-1,2.530947229E-1,1.123273045E-1,4.752532165E-1,6.673900151E1,3.202242330E1,-3.035227438E0,5.841461368E1
5.765990167E0,8.361409384E-1,2.528243403E-1,1.122479525E-1,4.736546497E-1,6.653034386E1,3.199452306E1,-2.968827534E0,5.820980432E1
5.776035167E0,8.372516343E-1,2.526412228E-1,1.119186487E-1,4.718647152E-1,6.629794623E1,3.196214254E1,-2.924317606E0,5.797248816E1
5.786081167E0,8.383793786E-1,2.522714738E-1,1.116021627E-1,4.701319950E-1,6.606124078E1,3.191070598E1,-2.870107502E0,5.774344942E1
5.796126167E0,8.394496346E-1,2.509385955E-1,1.122216634E-1,4.687861829E-1,6.583590410E1,3.180943133E1,-2.686106083E0,5.759636226E1
5.806171167E0,8.403770128E-1,2.477724031E-1,1.148055129E-1,4.681827454E-1,6.564009465E1,3.162410760E1,-2.237722652E0,5.761147523E1
5.816216167E0,8.410603396E-1,2.439083589E-1,1.180300629E-1,4.681827876E-1,6.549548235E1,3.140168325E1,-1.710337135E0,5.772486619E1
5.826261167E0,8.416492154E-1,2.404056292E-1,1.206426512E-1,4.682702845E-1,6.537063071E1,3.118394459E1,-1.264737401E0,5.782775483E1
5.836307167E0,8.423602960E-1,2.375811265E-1,1.222184692E-1,4.680245894E-1,6.521958642E1,3.097942590E1,-9.444861573E-1,5.785230660E1
5.846352167E0,8.432095128E-1,2.351302820E-1,1.232394819E-1,4.674650900E-1,6.503879111E1,3.078282203E1,-6.873933817E-1,5.781767968E1
5.856397167E0,8.440965354E-1,2.328010312E-1,1.241069957E-1,4.667998441E-1,6.484946811E1,3.059024968E1,-4.484242625E-1,5.776405253E1
5.866442167E0,8.449472274E-1,2.307974806E-1,1.245061000E-1,4.661490968E-1,6.466743566E1,3.040479529E1,-2.732965332E-1,5.769591788E1
5.876487167E0,8.457565522E-1,2.292484680E-1,1.242639558E-1,4.655100452E-1,6.449382997E1,3.022995032E1,-1.856856166E-1,5.760721196E1
5.886533167E0,8.464749874E-1,2.279304307E-1,1.237195239E-1,4.649961065E-1,6.433937070E1,3.006185185E1,-1.445322386E-1,5.752402679E1
5.896578167E0,8.470634628E-1,2.267198152E-1,1.230927265E-1,4.646825129E-1,6.421260499E1,2.990024126E1,-1.243757428E-1,5.746342083E1
5.906623167E0,8.475145184E-1,2.257520023E-1,1.223931257E-1,4.645161171E-1,6.411528990E1,2.975977589E1,-1.301179761E-1,5.741904289E1
5.916668167E0,8.478460244E-1,2.251470634E-1,1.215788749E-1,4.644185261E-1,6.404368337E1,2.965057769E1,-1.698594945E-1,5.737962265E1
5.926714167E0,8.480403846E-1,2.250537344E-1,1.205781349E-1,4.643698254E-1,6.400166756E1,2.958406412E1,-2.581797209E-1,5.734027849E1
5.936759167E0,8.480531340E-1,2.255203791E-1,1.194651051E-1,4.644079051E-1,6.399891059E1,2.956951331E1,-3.919852574E-1,5.730823476E1
5.946804167E0,8.480140428E-1,2.263741636E-1,1.183456480E-1,4.643502271E-1,6.400736343E1,2.959506445E1,-5.452489524E-1,5.726387005E1
5.956849167E0,8.480133263E-1,2.275475635E-1,1.171095968E-1,4.640914033E-1,6.400751836E1,2.964766385E1,-7.210714467E-1,5.719020256E1
5.966894167E0,8.480313862E-1,2.289985372E-1,1.157097893E-1,4.636956234E-1,6.400361332E1,2.972044299E1,-9.236578762E-1,5.709376393E1
5.976940167E0,8.481227817E-1,2.303407141E-1,1.145549973E-1,4.631501378E-1,6.398384792E1,2.979623427E1,-1.091622896E0,5.698646839E1
5.986985167E0,8.480422601E-1,2.314231506E-1,1.138430316E-1,4.629336083E-1,6.400126199E1,2.986964960E1,-1.213598429E0,5.693522516E1
5.997030167E0,8.474766283E-1,2.321964451E-1,1.132361117E-1,4.637302891E-1,6.412346973E1,2.991541658E1,-1.342169406E0,5.701544330E1
6.007075167E0,8.466758382E-1,2.325043806E-1,1.127976265E-1,4.651433887E-1,6.429612975E1,2.992099487E1,-1.449147633E0,5.717942554E1
6.017121167E0,8.457314749E-1,2.321833164E-1,1.127955297E-1,4.670186073E-1,6.449921549E1,2.988456278E1,-1.494351602E0,5.741673336E1
6.027166167E0,8.447299604E-1,2.315694686E-1,1.130196666E-1,4.690772491E-1,6.471397020E1,2.983007443E1,-1.507381856E0,5.768516669E1
6.037211167E0,8.436864466E-1,2.302198739E-1,1.143574603E-1,4.712901694E-1,6.493705714E1,2.976219551E1,-1.377354065E0,5.801015520E1
6.047256167E0,8.424792344E-1,2.275961324E-1,1.173561190E-1,4.739793490E-1,6.519429172E1,2.965781870E1,-1.032041425E0,5.845103240E1
6.057301167E0,8.411605227E-1,2.237485308E-1,1.212923343E-1,4.771517634E-1,6.547425678E1,2.948453614E1,-5.426773774E-1,5.898571129E1
6.067347167E0,8.399774185E-1,2.184842577E-1,1.256308308E-1,4.805408336E-1,6.572452970E1,2.919512944E1,6.147306658E-2,5.956270489E1
6.077392167E0,8.392262563E-1,2.117979368E-1,1.296449783E-1,4.837697248E-1,6.588299166E1,2.874864764E1,7.265345622E-1,6.010856651E1
6.087437167E0,8.389582866E-1,2.040247040E-1,1.329413729E-1,4.866718725E-1,6.593943960E1,2.815610692E1,1.402647014E0,6.058700666E1
6.097482167E0,8.390089261E-1,1.953206922E-1,1.360984801E-1,4.892761473E-1,6.592877567E1,2.746786831E1,2.134427264E0,6.101974128E1
6.107527167E0,8.392090815E-1,1.860183164E-1,1.392844420E-1,4.916554633E-1,6.588661084E1,2.672819721E1,2.915533065E0,6.142108596E1
6.117573167E0,8.393814621E-1,1.771924147E-1,1.416925167E-1,4.939278528E-1,6.585027786E1,2.599557519E1,3.602129090E0,6.178046549E1
6.127618167E0,8.395801212E-1,1.698405660E-1,1.424318620E-1,4.959563174E-1,6.580838402E1,2.531150005E1,4.054131646E0,6.205306070E1
6.137663167E0,8.400845031E-1,1.653393037E-1,1.408791088E-1,4.970654855E-1,6.570191197E1,2.476816520E1,4.147928571E0,6.213549750E1
6.147708167E0,8.406913229E-1,1.633071684E-1,1.392350696E-1,4.971746564E-1,6.557361246E1,2.446243786E1,4.112960045E0,6.209108386E1
6.157754167E0,8.413013248E-1,1.622724250E-1,1.389466337E-1,4.965617885E-1,6.544441501E1,2.433806570E1,4.165370194E0,6.199941734E1
6.167799167E0,8.417550778E-1,1.624002696E-1,1.391419290E-1,4.956955865E-1,6.534816362E1,2.435911198E1,4.200371108E0,6.189322261E1
6.177844167E0,8.417905233E-1,1.641441139E-1,1.394505520E-1,4.949737374E-1,6.534063951E1,2.454989190E1,4.145082996E0,6.181340059E1
6.187889167E0,8.413414591E-1,1.675697373E-1,1.402415100E-1,4.943655900E-1,6.543590667E1,2.494013989E1,4.031251096E0,6.176816843E1
6.197934167E0,8.405166031E-1,1.726830048E-1,1.413980920E-1,4.936789757E-1,6.561057619E1,2.552279939E1,3.852890162E0,6.172878409E1
6.207980167E0,8.395125598E-1,1.795335536E-1,1.421689368E-1,4.927212518E-1,6.582263423E1,2.625620759E1,3.542288603E0,6.164488640E1
6.218025167E0,8.384107991E-1,1.878811360E-1,1.422757803E-1,4.914525895E-1,6.605463508E1,2.710026365E1,3.089840779E0,6.150007750E1
6.228070167E0,8.371876870E-1,1.975578417E-1,1.410019551E-1,4.901081999E-1,6.631134588E1,2.799674322E1,2.432407298E0,6.129777624E1
6.238115167E0,8.358638018E-1,2.086951280E-1,1.373879445E-1,4.887765807E-1,6.658821888E1,2.890407444E1,1.470636859E0,6.101349199E1
6.248161167E0,8.344686147E-1,2.212753221E-1,1.312669866E-1,4.873071308E-1,6.687890559E1,2.981705294E1,1.958531829E-1,6.061968729E1
6.258206167E0,8.329317615E-1,2.349474595E-1,1.229385007E-1,4.857061512E-1,6.719782142E1,3.072744072E1,-1.342682679E0,6.012641073E1
6.268251167E0,8.310655412E-1,2.493047624E-1,1.125410628E-1,4.842640968E-1,6.758329815E1,3.161121144E1,-3.118469533E0,5.957596974E1
6.278296167E0,8.287849963E-1,2.616955618E-1,1.010135994E-1,4.841767474E-1,6.805174141E1,3.224707347E1,-4.932191309E0,5.916039585E1
6.288341167E0,8.268199837E-1,2.674537749E-1,9.003549917E-2,4.865499943E-1,6.845310831E1,3.222212612E1,-6.394467053E0,5.910140746E1
6.298387167E0,8.258882223E-1,2.687015534E-1,7.953265204E-2,4.892674334E-1,6.864270597E1,3.175138989E1,-7.559960610E0,5.913323731E1
6.308432167E0,8.255405740E-1,2.687212149E-1,6.929440282E-2,4.913957861E-1,6.871332888E1,3.117235071E1,-8.608745491E0,5.912015636E1
6.318477167E0,8.250594150E-1,2.683860632E-1,5.929586380E-2,4.936901868E-1,6.881096887E1,3.056873473E1,-9.622382396E0,5.915471890E1
6.328522167E0,8.239527231E-1,2.686487118E-1,4.907903571E-2,4.965089680E-1,6.903508658E1,3.001072382E1,-1.071333941E1,5.926634146E1
6.338567167E0,8.224330658E-1,2.697160386E-1,3.806235527E-2,4.994081759E-1,6.934180021E1,2.949219517E1,-1.193426368E1,5.938321526E1
6.348613167E0,8.209043574E-1,2.712622484E-1,2.609186004E-2,5.018487735E-1,6.964914774E1,2.897788264E1,-1.326336334E1,5.943617984E1
6.358658167E0,8.195081799E-1,2.728914032E-1,1.378492760E-2,5.037325901E-1,6.992881813E1,2.846250643E1,-1.461572058E1,5.943039383E1
6.368703167E0,8.182202565E-1,2.744951540E-1,2.176020715E-3,5.051370074E-1,7.018594120E1,2.799027032E1,-1.588779786E1,5.939530323E1
6.378748167E0,8.169850377E-1,2.761348034E-1,-7.655269072E-3,5.061882973E-1,7.043177316E1,2.762364760E1,-1.698137901E1,5.935945009E1
6.388794167E0,8.157301996E-1,2.780096111E-1,-1.501538376E-2,5.070202339E-1,7.068074705E1,2.741840508E1,-1.784301302E1,5.934028432E1
6.398839167E0,8.143762215E-1,2.802537306E-1,-1.967289502E-2,5.078012677E-1,7.094853859E1,2.739781941E1,-1.846157962E1,5.935384752E1
6.408884167E0,8.128924207E-1,2.828402511E-1,-2.200274119E-2,5.086483983E-1,7.124100179E1,2.753654100E1,-1.887497728E1,5.940585461E1
6.418929167E0,8.113984519E-1,2.853922006E-1,-2.258400945E-2,5.095819826E-1,7.153442034E1,2.776247643E1,-1.911775502E1,5.949394747E1
6.428974167E0,8.099921907E-1,2.874315391E-1,-2.164702179E-2,5.107125191E-1,7.180966314E1,2.800905418E1,-1.918731801E1,5.963621109E1
6.439020167E0,8.086324596E-1,2.889515968E-1,-1.979077975E-2,5.120828712E-1,7.207493319E1,2.824298041E1,-1.914386593E1,5.983108830E1
6.449065167E0,8.074168707E-1,2.898324660E-1,-1.752774687E-2,5.135835414E-1,7.231136993E1,2.842675870E1,-1.902682316E1,6.005832191E1
6.459110167E0,8.066464579E-1,2.889454118E-1,-1.381251271E-2,5.154040851E-1,7.246087310E1,2.849091982E1,-1.867084256E1,6.037298692E1
6.469155167E0,8.060344014E-1,2.869279475E-1,-8.821756862E-3,5.175936981E-1,7.257945681E1,2.849707322E1,-1.813430456E1,6.077165187E1
6.479201167E0,8.053609896E-1,2.842893862E-1,-2.693984410E-3,5.201595877E-1,7.270973509E1,2.849601967E1,-1.746306646E1,6.124772535E1
6.489246167E0,8.047583950E-1,2.811258121E-1,4.473750992E-3,5.227925646E-1,7.282614269E1,2.850220144E1,-1.666290826E1,6.175735318E1
6.499291167E0,8.041839545E-1,2.770941710E-1,1.249901671E-2,5.256908980E-1,7.293696250E1,2.846872264E1,-1.573739771E1,6.232902283E1
6.509336167E0,8.036872750E-1,2.719184327E-1,2.155584762E-2,5.288500782E-1,7.303266408E1,2.838108484E1,-1.465273012E1,6.296804958E1
6.519381167E0,8.031819870E-1,2.661504995E-1,3.162646829E-2,5.320361587E-1,7.312991372E1,2.830532413E1,-1.343839690E1,6.363857711E1
6.529427167E0,8.025236637E-1,2.602839848E-1,4.195780936E-2,5.352080357E-1,7.325645043E1,2.825295688E1,-1.219666422E1,6.431865847E1
6.539472167E0,8.021688083E-1,2.550647720E-1,4.899584837E-2,5.376492444E-1,7.332457950E1,2.809917568E1,-1.128356671E1,6.483124599E1
6.549517167E0,8.015245516E-1,2.514303017E-1,5.499918225E-2,5.397373678E-1,7.344813216E1,2.805964389E1,-1.055890319E1,6.526625496E1
6.559562167E0,8.005651313E-1,2.503359904E-1,5.781182058E-2,5.413733294E-1,7.363179529E1,2.809785612E1,-1.028159774E1,6.555686566E1
6.569608167E0,7.995563043E-1,2.497523724E-1,5.980000333E-2,5.429156512E-1,7.382449320E1,2.814081978E1,-1.011136495E1,6.581423754E1
6.579653167E0,7.987463157E-1,2.488364371E-1,6.236242635E-2,5.442385670E-1,7.397889893E1,2.818830051E1,-9.859298245E0,6.605721607E1
6.589698167E0,7.982612370E-1,2.492225866E-1,6.424986759E-2,5.445538781E-1,7.407123592E1,2.833854228E1,-9.721188752E0,6.614183730E1
6.599743167E0,7.980477316E-1,2.512316847E-1,6.543505805E-2,5.438020521E-1,7.411184643E1,2.862214304E1,-9.718056557E0,6.605756887E1
6.609788167E0,7.978320873E-1,2.545152508E-1,6.609565721E-2,5.425102722E-1,7.415284445E1,2.900936754E1,-9.827811815E0,6.588154812E1
6.619834167E0,7.974407222E-1,2.586618791E-1,6.607577444E-2,5.411250634E-1,7.422720073E1,2.944531609E1,-1.005269452E1,6.567198958E1
6.629879167E0,7.969487842E-1,2.632714061E-1,6.547228425E-2,5.396983083E-1,7.432057472E1,2.989569236E1,-1.035916776E1,6.543952801E1
6.639924167E0,7.964497866E-1,2.679179908E-1,6.454610725E-2,5.382579608E-1,7.441518624E1,3.033309373E1,-1.069626242E1,6.519613083E1
6.649969167E0,7.959453099E-1,2.722430899E-1,6.349735669E-2,5.369569508E-1,7.451073214E1,3.073098868E1,-1.102777270E1,6.496932363E1
6.660014167E0,7.954076214E-1,2.759586401E-1,6.255462651E-2,5.359667317E-1,7.461245303E1,3.107063731E1,-1.132046840E1,6.478982125E1
6.670060167E0,7.948251309E-1,2.788991204E-1,6.194379224E-2,5.353794785E-1,7.472251612E1,3.134612094E1,-1.154659425E1,6.467706895E1
6.680105167E0,7.941938238E-1,2.810875955E-1,6.157970669E-2,5.352138730E-1,7.484164708E1,3.155361063E1,-1.171663066E1,6.463171734E1
6.690150167E0,7.935048387E-1,2.825426733E-1,6.127416311E-2,5.355045704E-1,7.497147773E1,3.168290100E1,-1.185075516E1,6.465391313E1
6.700195167E0,7.927920512E-1,2.830475820E-1,6.110396360E-2,5.363125255E-1,7.510559210E1,3.171484617E1,-1.193011423E1,6.475548341E1
6.710241167E0,7.920976082E-1,2.823105179E-1,6.124684142E-2,5.377090508E-1,7.523605883E1,3.162867337E1,-1.192170705E1,6.495263832E1
6.720286167E0,7.914337742E-1,2.803429344E-1,6.173296317E-2,5.396569306E-1,7.536059498E1,3.142850615E1,-1.182147411E1,6.524106617E1
6.730331167E0,7.907616479E-1,2.775643613E-1,6.242200092E-2,5.419941946E-1,7.548650852E1,3.115265398E1,-1.166298816E1,6.559253370E1
6.740376167E0,7.900086312E-1,2.744804026E-1,6.318545947E-2,5.445682080E-1,7.562736380E1,3.084842844E1,-1.148506439E1,6.597992156E1
6.750421167E0,7.891137061E-1,2.714610445E-1,6.406502205E-2,5.472697999E-1,7.579447414E1,3.055809562E1,-1.130406343E1,6.638722861E1
6.760467167E0,7.880367698E-1,2.686189561E-1,6.536847656E-2,5.500626187E-1,7.599515753E1,3.031245853E1,-1.109807321E1,6.681643309E1
6.770512167E0,7.867563486E-1,2.659396177E-1,6.744340806E-2,5.529393940E-1,7.623317584E1,3.013188400E1,-1.083456823E1,6.727521429E1
6.780557167E0,7.853223021E-1,2.633483663E-1,7.044068119E-2,5.558369477E-1,7.649900581E1,3.001989243E1,-1.049328153E1,6.775940712E1
6.790602167E0,7.838380060E-1,2.609076001E-1,7.411135560E-2,5.585988833E-1,7.677332924E1,2.997032511E1,-1.009627931E1,6.824182959E1
6.800647167E0,7.823595788E-1,2.587972758E-1,7.815518766E-2,5.610965899E-1,7.704574639E1,2.998441809E1,-9.679088892E0,6.869722897E1
6.810693167E0,7.809351945E-1,2.572264417E-1,8.230424987E-2,5.632058605E-1,7.730743830E1,3.006715846E1,-9.276224925E0,6.910139819E1
6.820738167E0,7.795993185E-1,2.564576041E-1,8.620400820E-2,5.648214230E-1,7.755219199E1,3.022220276E1,-8.933982572E0,6.942985105E1
6.830783167E0,7.783717072E-1,2.566037483E-1,8.957307975E-2,5.659229309E-1,7.777653746E1,3.044148093E1,-8.684510854E0,6.967170401E1
6.840828167E0,7.772775118E-1,2.575832200E-1,9.219861768E-2,5.665598330E-1,7.797604319E1,3.070138524E1,-8.542604304E0,6.982769385E1
6.850874167E0,7.762937201E-1,2.591338026E-1,9.409335033E-2,5.668899271E-1,7.815505325E1,3.097437200E1,-8.494387569E0,6.992006987E1
6.860919167E0,7.754320804E-1,2.609109192E-1,9.535470541E-2,5.670432468E-1,7.831155417E1,3.123094072E1,-8.511815040E0,6.997003667E1
6.870964292E0,7.746666515E-1,2.625943539E-1,9.614457423E-2,5.671790861E-1,7.845036036E1,3.144809140E1,-8.564115913E0,7.000483282E1
6.881009292E0,7.738888209E-1,2.639921014E-1,9.667993403E-2,5.675009721E-1,7.859120483E1,3.161870288E1,-8.626492390E0,7.005917190E1
6.891054292E0,7.730108388E-1,2.650869027E-1,9.705521484E-2,5.681228699E-1,7.874993037E1,3.174596818E1,-8.693831517E0,7.015148141E1
6.901100292E0,7.720175324E-1,2.659541531E-1,9.722743213E-2,5.690380361E-1,7.892918240E1,3.183458053E1,-8.774934356E0,7.027934420E1
6.911145292E0,7.709080061E-1,2.665786535E-1,9.722535640E-2,5.702489677E-1,7.912900566E1,3.188474574E1,-8.866272590E0,7.044409763E1
6.921190292E0,7.696968427E-1,2.669705929E-1,9.705738540E-2,5.717282694E-1,7.934665322E1,3.189818015E1,-8.966661971E0,7.064233639E1
6.931235292E0,7.684317945E-1,2.671391697E-1,9.669704039E-2,5.734098127E-1,7.957345306E1,3.187463129E1,-9.076338593E0,7.086432452E1
6.941281292E0,7.671599712E-1,2.670313528E-1,9.617033649E-2,5.752487640E-1,7.980092549E1,3.181089060E1,-9.187327158E0,7.110502028E1
6.951326292E0,7.658886009E-1,2.665956282E-1,9.556882720E-2,5.772416883E-1,8.002777841E1,3.170782365E1,-9.287590076E0,7.136696107E1
6.961371292E0,7.646001296E-1,2.657870567E-1,9.509423788E-2,5.793970360E-1,8.025713823E1,3.157418657E1,-9.356351390E0,7.165735683E1
6.971416292E0,7.632551605E-1,2.645916561E-1,9.495130738E-2,5.817362493E-1,8.049597567E1,3.142210873E1,-9.375318881E0,7.198503392E1
6.981461292E0,7.617929704E-1,2.630697334E-1,9.523242686E-2,5.842914758E-1,8.075496365E1,3.126380978E1,-9.341816410E0,7.235681608E1
6.991507292E0,7.602294646E-1,2.612885866E-1,9.602152124E-2,5.869917664E-1,8.103113769E1,3.111291571E1,-9.250531336E0,7.276482812E1
7.001552292E0,7.585719291E-1,2.594476175E-1,9.728318188E-2,5.897385450E-1,8.132307291E1,3.098839445E1,-9.115195719E0,7.319351355E1
7.011597292E0,7.567951866E-1,2.577955506E-1,9.890153130E-2,5.924702508E-1,8.163504520E1,3.090791897E1,-8.961803506E0,7.363021583E1
7.021642292E0,7.549089096E-1,2.566171036E-1,1.006329028E-1,5.950909788E-1,8.196517773E1,3.088379326E1,-8.828866229E0,7.405379157E1
7.031687292E0,7.529796008E-1,2.558984103E-1,1.023618560E-1,5.975448473E-1,8.230171295E1,3.090701741E1,-8.723646850E0,7.445321869E1
7.041733292E0,7.510449445E-1,2.554492777E-1,1.039712914E-1,5.998892552E-1,8.263804909E1,3.095021624E1,-8.644795050E0,7.483391555E1
7.051778292E0,7.491430522E-1,2.557834232E-1,1.049265023E-1,6.019550145E-1,8.296759828E1,3.102739520E1,-8.669251335E0,7.515479948E1
7.061823292E0,7.472613008E-1,2.562409693E-1,1.055005424E-1,6.039955752E-1,8.329260607E1,3.109048034E1,-8.734956508E0,7.546155502E1
7.071868292E0,7.453563264E-1,2.564010167E-1,1.058969598E-1,6.062081373E-1,8.362057239E1,3.111082756E1,-8.800985126E0,7.578947516E1
7.081914292E0,7.433036116E-1,2.562763569E-1,1.063358666E-1,6.086993479E-1,8.397280360E1,3.110384150E1,-8.853633744E0,7.616033125E1
7.091959292E0,7.410170555E-1,2.559169760E-1,1.069349788E-1,6.115269010E-1,8.436374939E1,3.108207070E1,-8.888897672E0,7.658599324E1
7.102004292E0,7.384517085E-1,2.552946672E-1,1.077818881E-1,6.147330486E-1,8.480061724E1,3.104881893E1,-8.898974264E0,7.707561025E1
7.112049292E0,7.356147357E-1,2.543800648E-1,1.088809673E-1,6.183095301E-1,8.528162797E1,3.100218879E1,-8.880976274E0,7.762875922E1
7.122094292E0,7.325357819E-1,2.531709771E-1,1.101995946E-1,6.222152364E-1,8.580119803E1,3.094072219E1,-8.835806219E0,7.823913473E1
7.132140292E0,7.292553399E-1,2.517189233E-1,1.117047113E-1,6.263754517E-1,8.635199430E1,3.086837725E1,-8.767113741E0,7.889532274E1
7.142185292E0,7.257809539E-1,2.501210257E-1,1.134184285E-1,6.307278408E-1,8.693229437E1,3.079714276E1,-8.678084841E0,7.958910892E1
7.152230292E0,7.221122947E-1,2.485346078E-1,1.153428641E-1,6.352009991E-1,8.754169622E1,3.074313329E1,-8.578126580E0,8.031017619E1
7.162275292E0,7.182339838E-1,2.470946765E-1,1.174559227E-1,6.397563570E-1,8.818226660E1,3.071796790E1,-8.478548244E0,8.105237059E1
7.172320292E0,7.141365225E-1,2.457787676E-1,1.197343392E-1,6.444109153E-1,8.885504265E1,3.071781622E1,-8.380811576E0,8.181809731E1
7.182366292E0,7.098198107E-1,2.444411267E-1,1.221329005E-1,6.492209982E-1,8.955948695E1,3.072555790E1,-8.279834252E0,8.261528493E1
7.192411292E0,7.053080538E-1,2.429153318E-1,1.245892979E-1,6.542249460E-1,9.029112675E1,3.072131949E1,-8.169085480E0,8.344873653E1
7.202456292E0,7.006103990E-1,2.410570509E-1,1.270803294E-1,6.594598045E-1,9.104800613E1,3.069047615E1,-8.040165849E0,8.432423480E1
7.212501292E0,6.957372210E-1,2.387238804E-1,1.296103257E-1,6.649524569E-1,9.182801332E1,3.062117716E1,-7.881840606E0,8.524693119E1
7.222547292E0,6.907225936E-1,2.358284762E-1,1.322515844E-1,6.706689136E-1,9.262532868E1,3.051285570E1,-7.679253164E0,8.621472183E1
7.232592292E0,6.855838526E-1,2.323866697E-1,1.350591651E-1,6.765576999E-1,9.343691768E1,3.037341025E1,-7.426671789E0,8.722213168E1
7.242637292E0,6.803069859E-1,2.285350799E-1,1.380615380E-1,6.825637071E-1,9.426472667E1,3.021938361E1,-7.130577513E0,8.826217373E1
7.252682292E0,6.748583446E-1,2.245148922E-1,1.412251753E-1,6.886325814E-1,9.511369837E1,3.007099278E1,-6.811459418E0,8.932594151E1
7.262727292E0,6.691892148E-1,2.206433697E-1,1.445026380E-1,6.947095241E-1,9.599096236E1,2.995280386E1,-6.497905161E0,9.040393626E1
7.272773292E0,6.633664222E-1,2.175370705E-1,1.474207936E-1,7.006352393E-1,9.688575304E1,2.987909108E1,-6.271522101E0,9.145531174E1
7.282818292E0,6.573470739E-1,2.148219100E-1,1.501992166E-1,7.065313503E-1,9.780428393E1,2.983299093E1,-6.090015681E0,9.250689165E1
7.292863292E0,6.511551724E-1,2.123440098E-1,1.527566900E-1,7.124410365E-1,9.874249272E1,2.979334795E1,-5.948157515E0,9.356313061E1
7.302908292E0,6.447586532E-1,2.096749948E-1,1.549029999E-1,7.185594708E-1,9.970483495E1,2.970647243E1,-5.830034893E0,9.464976191E1
7.312954292E0,6.380636447E-1,2.060012990E-1,1.567055442E-1,7.251770133E-1,1.007048371E2,2.950979375E1,-5.669992277E0,9.581821741E1
7.322999292E0,6.310902458E-1,2.011888493E-1,1.582390112E-1,7.322626914E-1,1.017387905E2,2.920163236E1,-5.446714405E0,9.706827787E1
7.333044292E0,6.239037182E-1,1.958175417E-1,1.596341430E-1,7.395381489E-1,1.027964631E2,2.884426541E1,-5.188714153E0,9.836016774E1
7.343089292E0,6.166312689E-1,1.908759738E-1,1.609331273E-1,7.466141938E-1,1.038589059E2,2.852237178E1,-4.965082811E0,9.963041885E1
7.353134292E0,6.094001552E-1,1.868548102E-1,1.623525238E-1,7.532319866E-1,1.049077142E2,2.829274518E1,-4.796371349E0,1.008414679E2
7.363180292E0,6.022136802E-1,1.834711894E-1,1.644566084E-1,7.593623458E-1,1.059427883E2,2.818222116E1,-4.621110902E0,1.020069602E2
7.373225292E0,5.952957650E-1,1.810611503E-1,1.670811750E-1,7.648030983E-1,1.069325612E2,2.820183815E1,-4.475156590E0,1.030834472E2
7.383270292E0,5.886859380E-1,1.791333735E-1,1.701154751E-1,7.696887821E-1,1.078723726E2,2.830275455E1,-4.327924481E0,1.040881429E2
7.393315292E0,5.822468795E-1,1.769002131E-1,1.735963298E-1,7.743121544E-1,1.087825363E2,2.842860947E1,-4.117387155E0,1.050736916E2
7.403360292E0,5.758071044E-1,1.740931264E-1,1.774163738E-1,7.788846554E-1,1.096876524E2,2.855042624E1,-3.834902515E0,1.060750178E2
7.413406292E0,5.691823258E-1,1.708218257E-1,1.813660913E-1,7.835545789E-1,1.106135470E2,2.865784386E1,-3.510743608E0,1.071128737E2
7.423451292E0,5.622350289E-1,1.672245856E-1,1.852296574E-1,7.884274079E-1,1.115789875E2,2.874144726E1,-3.176023834E0,1.082000233E2
7.433496292E0,5.549398204E-1,1.634032171E-1,1.888124536E-1,7.935307274E-1,1.125868603E2,2.879072265E1,-2.852895612E0,1.093351101E2
7.443541292E0,5.474117189E-1,1.595309780E-1,1.919366704E-1,7.987807075E-1,1.136207467E2,2.880112858E1,-2.563338267E0,1.104953242E2
7.453587292E0,5.397911367E-1,1.557251492E-1,1.944832568E-1,8.040843088E-1,1.146611565E2,2.876866089E1,-2.319486596E0,1.116572216E2
7.463632292E0,5.321872235E-1,1.520827145E-1,1.964116845E-1,8.093640762E-1,1.156932877E2,2.869461555E1,-2.127594357E0,1.128029225E2
7.473677292E0,5.246895415E-1,1.486810766E-1,1.977859115E-1,8.145401412E-1,1.167053086E2,2.858875051E1,-1.986327552E0,1.139182879E2
7.483722292E0,5.173799925E-1,1.456055552E-1,1.986837052E-1,8.195375141E-1,1.176866598E2,2.846259639E1,-1.895029921E0,1.149903090E2
7.493767292E0,5.103139785E-1,1.428888220E-1,1.992357341E-1,8.242981797E-1,1.186305081E2,2.832953546E1,-1.846414316E0,1.160115597E2
7.503813292E0,5.035214871E-1,1.405061764E-1,1.996574133E-1,8.287708244E-1,1.195334910E2,2.820812647E1,-1.824104066E0,1.169799194E2
7.513858292E0,4.970059636E-1,1.383845515E-1,2.002366954E-1,8.329105300E-1,1.203957739E2,2.812184064E1,-1.804326691E0,1.178981600E2
7.523903292E0,4.907108787E-1,1.363680276E-1,2.010921368E-1,8.367608448E-1,1.212253674E2,2.807264748E1,-1.768351345E0,1.187796684E2
7.533948292E0,4.845812623E-1,1.342459786E-1,2.022496552E-1,8.403892143E-1,1.220299170E2,2.805048895E1,-1.697633466E0,1.196390933E2
7.543993292E0,4.785910151E-1,1.319047317E-1,2.036821950E-1,8.438396082E-1,1.228131613E2,2.804642561E1,-1.584541276E0,1.204839829E2
7.554039292E0,4.727290838E-1,1.293285582E-1,2.053141315E-1,8.471407812E-1,1.235768128E2,2.805258437E1,-1.432719641E0,1.213165054E2
7.564084292E0,4.669953001E-1,1.265893292E-1,2.070763966E-1,8.502999825E-1,1.243211379E2,2.806674999E1,-1.253181579E0,1.221344941E2
7.574129292E0,4.614074499E-1,1.238031696E-1,2.089092787E-1,8.533070126E-1,1.250440700E2,2.808984279E1,-1.060011218E0,1.229321108E2
7.584174292E0,4.559795680E-1,1.211361592E-1,2.107948234E-1,8.561391544E-1,1.257440418E2,2.812943300E1,-8.699296198E-1,1.237025419E2
7.594220292E0,4.507170071E-1,1.187367286E-1,2.127431984E-1,8.587759666E-1,1.264206086E2,2.819447381E1,-6.968795249E-1,1.244407318E2
7.604265292E0,4.456271430E-1,1.166963364E-1,2.147307384E-1,8.612137825E-1,1.270730597E2,2.828685433E1,-5.512681363E-1,1.251433102E2
7.614310292E0,4.406983851E-1,1.149983979E-1,2.167450522E-1,8.634708516E-1,1.277031013E2,2.840356025E1,-4.329963583E-1,1.258126932E2
7.624355292E0,4.359082272E-1,1.135660742E-1,2.187756294E-1,8.655772668E-1,1.283138002E2,2.853864640E1,-3.362267742E-1,1.264544672E2
7.634400292E0,4.312597881E-1,1.123696990E-1,2.208133189E-1,8.675422161E-1,1.289049279E2,2.868904072E1,-2.586973454E-1,1.270694196E2
7.644446292E0,4.267604223E-1,1.113768193E-1,2.228182919E-1,8.693805984E-1,1.294757132E2,2.884836137E1,-1.992542065E-1,1.276578680E2
7.654491292E0,4.224036394E-1,1.105383605E-1,2.247208534E-1,8.711240239E-1,1.300271349E2,2.900624148E1,-1.569579800E-1,1.282223783E2
7.664536292E0,4.181749196E-1,1.097819984E-1,2.264466562E-1,8.728113729E-1,1.305611679E2,2.915066322E1,-1.288771666E-1,1.287671595E2
7.674581292E0,4.140538219E-1,1.090719346E-1,2.279415996E-1,8.744742979E-1,1.310805095E2,2.927372138E1,-1.146504182E-1,1.292959881E2
7.684626292E0,4.100285660E-1,1.083605749E-1,2.291957687E-1,8.761299736E-1,1.315867414E2,2.937169773E1,-1.101380521E-1,1.298119692E2
7.694672292E0,4.061275169E-1,1.076059513E-1,2.302522479E-1,8.777614992E-1,1.320763951E2,2.944694843E1,-1.077834467E-1,1.303130817E2
7.704717292E0,4.024404896E-1,1.068183005E-1,2.311891407E-1,8.793083096E-1,1.325383316E2,2.950831444E1,-1.015680828E-1,1.307881517E2
7.714762292E0,3.990225909E-1,1.060689032E-1,2.320608693E-1,8.807259189E-1,1.329658198E2,2.956512208E1,-9.397691471E-2,1.312283469E2
7.724807292E0,3.959002680E-1,1.054066972E-1,2.328895764E-1,8.819947919E-1,1.333557334E2,2.962204998E1,-8.790461832E-2,1.316290719E2
7.734853292E0,3.931018648E-1,1.048065682E-1,2.336981637E-1,8.831034437E-1,1.337047106E2,2.968024136E1,-7.882266935E-2,1.319879009E2
7.744898292E0,3.906221971E-1,1.042222864E-1,2.344653628E-1,8.840690280E-1,1.340135603E2,2.973508678E1,-6.329125679E-2,1.323071240E2
7.754943292E0,3.884310457E-1,1.036393639E-1,2.351036663E-1,8.849330595E-1,1.342861807E2,2.977634506E1,-4.495844948E-2,1.325910253E2
7.764988292E0,3.865085172E-1,1.030716722E-1,2.354972704E-1,8.857360834E-1,1.345251543E2,2.979201983E1,-3.123748212E-2,1.328416797E2
7.775033292E0,3.848455501E-1,1.025617427E-1,2.356088068E-1,8.864893529E-1,1.347316957E2,2.977995393E1,-2.829175302E-2,1.330589112E2
7.785079292E0,3.834415332E-1,1.021756460E-1,2.354306415E-1,8.871895174E-1,1.349059545E2,2.974231840E1,-4.300345774E-2,1.332407769E2
7.795124292E0,3.823020088E-1,1.019296032E-1,2.350057486E-1,8.878220152E-1,1.350473051E2,2.968444002E1,-7.473388287E-2,1.333861400E2
7.805169292E0,3.814001295E-1,1.017878370E-1,2.344057724E-1,8.883845281E-1,1.351591262E2,2.961238150E1,-1.173816736E-1,1.334994620E2
7.815214292E0,3.807258010E-1,1.016929856E-1,2.337375552E-1,8.888605135E-1,1.352427046E2,2.953508294E1,-1.605385659E-1,1.335838496E2
7.825259292E0,3.802866519E-1,1.016224054E-1,2.330897423E-1,8.892267486E-1,1.352971207E2,2.946116199E1,-1.976070524E-1,1.336391397E2
7.835305292E0,3.801019855E-1,1.016088394E-1,2.325455370E-1,8.894496843E-1,1.353200000E2,2.940122746E1,-2.274567973E-1,1.336619173E2
7.845350292E0,3.801580197E-1,1.016681505E-1,2.321654461E-1,8.895183205E-1,1.353130578E2,2.936262845E1,-2.493664872E-1,1.336533554E2
7.855395292E0,3.804325432E-1,1.017963771E-1,2.319571406E-1,8.894405385E-1,1.352790441E2,2.934601419E1,-2.633070615E-1,1.336162139E2
7.865440083E0,3.808881717E-1,1.019708703E-1,2.318468792E-1,8.892542283E-1,1.352225822E2,2.934229993E1,-2.716166585E-1,1.335557423E2
7.875486083E0,3.814821473E-1,1.021109769E-1,2.316638038E-1,8.890312293E-1,1.351489589E2,2.932910690E1,-2.755069041E-1,1.334796842E2
7.885531083E0,3.821888024E-1,1.021134267E-1,2.312424776E-1,8.888370799E-1,1.350613436E2,2.928358327E1,-2.731775087E-1,1.333944269E2
7.895576083E0,3.829800463E-1,1.018128881E-1,2.304865001E-1,8.887273506E-1,1.349632076E2,2.918746688E1,-2.534965850E-1,1.333085917E2
7.905621083E0,3.838741706E-1,1.010826676E-1,2.292986807E-1,8.887322185E-1,1.348522697E2,2.902423323E1,-2.078217063E-1,1.332238331E2
7.915666083E0,3.847873874E-1,9.983495228E-2,2.276947192E-1,8.888907117E-1,1.347389167E2,2.879146516E1,-1.292944152E-1,1.331526924E2
7.925712083E0,3.856838720E-1,9.811682020E-2,2.258603356E-1,8.891614420E-1,1.346275951E2,2.851160654E1,-1.501202096E-2,1.330975097E2
7.935757083E0,3.865374089E-1,9.615877245E-2,2.240542693E-1,8.894616330E-1,1.345215646E2,2.822364172E1,1.232797515E-1,1.330539117E2
7.945802083E0,3.873613587E-1,9.423625449E-2,2.224817177E-1,8.897036612E-1,1.344191705E2,2.796276713E1,2.679710258E-1,1.330117935E2
7.955847083E0,3.881553842E-1,9.251574638E-2,2.213203086E-1,8.898278469E-1,1.343204588E2,2.775597950E1,4.106517682E-1,1.329664513E2
7.965892083E0,3.889169989E-1,9.111058098E-2,2.206438833E-1,8.898082697E-1,1.342257426E2,2.761650165E1,5.433106167E-1,1.329152262E2
7.975938083E0,3.896151193E-1,9.006921665E-2,2.204131715E-1,8.896660662E-1,1.341388938E2,2.754230444E1,6.583176009E-1,1.328608494E2
7.985983083E0,3.902370171E-1,8.935943738E-2,2.205064688E-1,8.894418661E-1,1.340615038E2,2.751869292E1,7.528609226E-1,1.328060332E2
7.996028083E0,3.907847786E-1,8.884620994E-2,2.207798175E-1,8.891849178E-1,1.339933211E2,2.752377269E1,8.338757958E-1,1.327545500E2
8.006073083E0,3.912793929E-1,8.831934799E-2,2.210977575E-1,8.889409086E-1,1.339317392E2,2.753303377E1,9.168076772E-1,1.327099368E2
8.016119083E0,3.917526810E-1,8.765997108E-2,2.213836712E-1,8.887264866E-1,1.338727993E2,2.753259058E1,1.010968717E0,1.326716992E2
8.026164083E0,3.922243885E-1,8.684185860E-2,2.215693702E-1,8.885524201E-1,1.338140433E2,2.751382837E1,1.116349074E0,1.326381150E2
8.036209083E0,3.926923239E-1,8.580683210E-2,2.216888618E-1,8.884166018E-1,1.337557446E2,2.747771694E1,1.240355713E0,1.326110999E2
8.046254083E0,3.931645372E-1,8.454480268E-2,2.218182579E-1,8.882963990E-1,1.336969000E2,2.743202206E1,1.387865728E0,1.325898986E2
8.056299083E0,3.936461281E-1,8.309463499E-2,2.220060221E-1,8.881729720E-1,1.336368735E2,2.738382795E1,1.557422554E0,1.325727528E2
8.066345083E0,3.941308801E-1,8.148849235E-2,2.222938113E-1,8.880349200E-1,1.335764394E2,2.733918662E1,1.747589257E0,1.325595099E2
8.076390083E0,3.946180766E-1,7.982113141E-2,2.226380141E-1,8.878837182E-1,1.335156868E2,2.729782032E1,1.946723846E0,1.325474541E2
8.086435083E0,3.950890044E-1,7.823225317E-2,2.230023788E-1,8.877242556E-1,1.334569497E2,2.726235782E1,2.138444809E0,1.325349341E2
8.096480083E0,3.955037505E-1,7.687516153E-2,2.233438579E-1,8.875722530E-1,1.334052092E2,2.723533981E1,2.304034226E0,1.325225542E2
8.106525083E0,3.958042786E-1,7.585689894E-2,2.236137399E-1,8.874579296E-1,1.333677114E2,2.721658436E1,2.428632245E0,1.325144700E2
8.116571083E0,3.959744886E-1,7.523916838E-2,2.237878538E-1,8.873907265E-1,1.333464714E2,2.720636847E1,2.504364028E0,1.325110174E2
8.126616083E0,3.960218196E-1,7.499844139E-2,2.238372552E-1,8.873775345E-1,1.333405648E2,2.720044039E1,2.532439076E0,1.325119454E2
8.136661083E0,3.959700422E-1,7.506967483E-2,2.237480251E-1,8.874171736E-1,1.333470263E2,2.719421522E1,2.519465153E0,1.325161449E2
8.146706083E0,3.958612611E-1,7.535585720E-2,2.235663037E-1,8.874871795E-1,1.333606009E2,2.718808014E1,2.478687408E0,1.325212101E2
8.156752083E0,3.957645552E-1,7.579206128E-2,2.233689036E-1,8.875428345E-1,1.333726681E2,2.718717590E1,2.422361374E0,1.325206489E2
8.166797083E0,3.957318282E-1,7.633055576E-2,2.232519830E-1,8.875406639E-1,1.333767517E2,2.719958298E1,2.361419976E0,1.325095955E2
8.176842083E0,3.958605236E-1,7.701427247E-2,2.232981865E-1,8.874126428E-1,1.333606930E2,2.723603703E1,2.298348744E0,1.324751007E2
8.186887083E0,3.962558399E-1,7.786828879E-2,2.235771407E-1,8.870913363E-1,1.333113587E2,2.730504786E1,2.237104916E0,1.324036618E2
8.196932083E0,3.969598187E-1,7.881756226E-2,2.241623497E-1,8.865449025E-1,1.332234818E2,2.741105624E1,2.190164620E0,1.322922835E2
8.206978083E0,3.979089026E-1,7.967601981E-2,2.251426959E-1,8.857939931E-1,1.331049624E2,2.755514757E1,2.178881258E0,1.321540060E2
8.217023083E0,3.989466423E-1,8.022421333E-2,2.265959508E-1,8.849067177E-1,1.329753110E2,2.773570332E1,2.224637661E0,1.320142746E2
8.227068083E0,3.998700165E-1,8.030374444E-2,2.285286157E-1,8.839852822E-1,1.328598943E2,2.794631118E1,2.337676111E0,1.319026044E2
8.237113083E0,4.004823048E-1,7.993692988E-2,2.307507766E-1,8.831636926E-1,1.327833337E2,2.816793946E1,2.500517876E0,1.318423432E2
8.247158083E0,4.006578675E-1,7.908221286E-2,2.330405306E-1,8.825595808E-1,1.327613772E2,2.837515145E1,2.702470137E0,1.318498322E2
8.257204083E0,4.004059980E-1,7.773906656E-2,2.352625652E-1,8.822036085E-1,1.327928764E2,2.855363248E1,2.936990820E0,1.319237454E2
8.267249083E0,3.998506922E-1,7.605352452E-2,2.372792128E-1,8.820623112E-1,1.328623103E2,2.869536462E1,3.186406369E0,1.320443780E2
8.277294083E0,3.991461233E-1,7.422368748E-2,2.389877512E-1,8.820760089E-1,1.329503813E2,2.879820269E1,3.430640467E0,1.321867985E2
8.287339083E0,3.984719423E-1,7.253452609E-2,2.403606427E-1,8.821483329E-1,1.330346262E2,2.887173219E1,3.645411834E0,1.323207280E2
8.297385083E0,3.979461182E-1,7.134911437E-2,2.413846531E-1,8.822027866E-1,1.331003139E2,2.893052111E1,3.797329646E0,1.324213477E2
8.307430083E0,3.976341894E-1,7.111720660E-2,2.419199338E-1,8.822155571E-1,1.331392734E2,2.897932954E1,3.836518949E0,1.324675055E2
8.317475083E0,3.973471061E-1,7.108813054E-2,2.423427247E-1,8.822311304E-1,1.331751246E2,2.902513428E1,3.850655572E0,1.325045539E2
8.327520083E0,3.971576350E-1,7.134624311E-2,2.427460015E-1,8.821846635E-1,1.331987833E2,2.908162275E1,3.838004595E0,1.325214921E2
8.337565083E0,3.970519096E-1,7.199055252E-2,2.430914476E-1,8.820848808E-1,1.332119840E2,2.914921575E1,3.786356101E0,1.325170415E2
8.347611083E0,3.969371859E-1,7.277032190E-2,2.434135865E-1,8.819836441E-1,1.332263075E2,2.922053561E1,3.719695584E0,1.325096328E2
8.357656083E0,3.968466123E-1,7.350628490E-2,2.438381792E-1,8.818460346E-1,1.332376152E2,2.930094148E1,3.663137213E0,1.325007136E2
8.367701083E0,3.967737615E-1,7.415849158E-2,2.444424965E-1,8.816569006E-1,1.332467099E2,2.939704227E1,3.624199756E0,1.324924494E2
8.377746083E0,3.966682679E-1,7.470153792E-2,2.452292675E-1,8.814400551E-1,1.332598793E2,2.950814783E1,3.603959089E0,1.324917294E2
8.387791083E0,3.965089739E-1,7.510144302E-2,2.461315314E-1,8.812262652E-1,1.332797636E2,2.962547498E1,3.601921720E0,1.325019622E2
8.397837083E0,3.963207250E-1,7.531204029E-2,2.470460864E-1,8.810370469E-1,1.333032604E2,2.973556759E1,3.618546388E0,1.325212381E2
8.407882083E0,3.961551090E-1,7.533338766E-2,2.478687929E-1,8.808786380E-1,1.333239305E2,2.982689448E1,3.650481996E0,1.325430510E2
8.417927083E0,3.960377300E-1,7.522760434E-2,2.485222535E-1,8.807563700E-1,1.333385793E2,2.989377188E1,3.688613815E0,1.325622776E2
8.427972083E0,3.959663965E-1,7.509795010E-2,2.490081118E-1,8.806621507E-1,1.333474813E2,2.994111217E1,3.722595376E0,1.325761327E2
8.438018083E0,3.959310563E-1,7.501296098E-2,2.493665918E-1,8.805838629E-1,1.333518914E2,2.997648114E1,3.747153247E0,1.325839620E2
8.448063083E0,3.959241653E-1,7.501850856E-2,2.496510356E-1,8.805058702E-1,1.333527513E2,3.000782014E1,3.759999656E0,1.325854555E2
8.458108083E0,3.959567238E-1,7.513930143E-2,2.498620649E-1,8.804210497E-1,1.333486883E2,3.003628581E1,3.759046636E0,1.325785459E2
8.468153083E0,3.960330728E-1,7.536592503E-2,2.499697922E-1,8.803368613E-1,1.333391605E2,3.005817128E1,3.743952499E0,1.325629015E2
8.478198083E0,3.961538024E-1,7.564811926E-2,2.499430501E-1,8.802659493E-1,1.333240936E2,3.006776743E1,3.718289542E0,1.325398161E2
8.488244083E0,3.963352235E-1,7.596991571E-2,2.497573458E-1,8.802092828E-1,1.333014508E2,3.006162247E1,3.683011425E0,1.325077207E2
8.498289083E0,3.965713091E-1,7.633530255E-2,2.494176264E-1,8.801675785E-1,1.332719826E2,3.004050180E1,3.637747984E0,1.324672447E2
8.508334083E0,3.968518174E-1,7.669148030E-2,2.489870805E-1,8.801320276E-1,1.332369653E2,3.000893278E1,3.590480203E0,1.324213969E2
8.518379083E0,3.971550429E-1,7.698316810E-2,2.485548119E-1,8.800919671E-1,1.331991070E2,2.997417139E1,3.550316031E0,1.323747071E2
8.528424083E0,3.974848631E-1,7.718170083E-2,2.481871228E-1,8.800295265E-1,1.331579220E2,2.994209961E1,3.523441220E0,1.323277318E2
8.538470083E0,3.978445865E-1,7.730727209E-2,2.479038591E-1,8.799357498E-1,1.331129957E2,2.991577878E1,3.508898184E0,1.322794908E2
8.548515083E0,3.982393760E-1,7.741480978E-2,2.476707449E-1,8.798133132E-1,1.330636812E2,2.989398609E1,3.499700683E0,1.322276466E2
8.558560083E0,3.987187753E-1,7.760594574E-2,2.474072849E-1,8.796534713E-1,1.330037853E2,2.987249084E1,3.483390096E0,1.321629496E2
8.568605083E0,3.993188411E-1,7.793187258E-2,2.470279159E-1,8.794590268E-1,1.329287943E2,2.984425423E1,3.451868082E0,1.320792542E2
8.578651083E0,4.000530392E-1,7.832448101E-2,2.464545185E-1,8.792514114E-1,1.328370115E2,2.979762400E1,3.408584522E0,1.319767442E2
8.588696083E0,4.009106854E-1,7.868098540E-2,2.456566102E-1,8.790521832E-1,1.327297557E2,2.972458756E1,3.361944505E0,1.318596546E2
8.598741083E0,4.018795782E-1,7.892921980E-2,2.446364563E-1,8.788719422E-1,1.326085346E2,2.962210495E1,3.318790625E0,1.317316151E2
8.608786083E0,4.029347878E-1,7.903643085E-2,2.434770913E-1,8.787011421E-1,1.324764502E2,2.949776336E1,3.285534669E0,1.315968276E2
8.618831083E0,4.040343780E-1,7.898130804E-2,2.422805581E-1,8.785319015E-1,1.323387391E2,2.936174913E1,3.267868748E0,1.314612204E2
8.628877083E0,4.051446314E-1,7.878906046E-2,2.411591305E-1,8.783464343E-1,1.321996184E2,2.922748300E1,3.267657657E0,1.313283991E2
8.638922083E0,4.062326523E-1,7.852485767E-2,2.401906223E-1,8.781328762E-1,1.320632109E2,2.910651359E1,3.281176057E0,1.312006184E2
8.648967083E0,4.072981667E-1,7.821100062E-2,2.393636274E-1,8.778931028E-1,1.319295550E2,2.899860886E1,3.305676569E0,1.310772355E2
8.659012083E0,4.083323872E-1,7.781064771E-2,2.386290499E-1,8.776482085E-1,1.317997581E2,2.889669161E1,3.342192491E0,1.309602537E2
8.669057083E0,4.093618450E-1,7.726373967E-2,2.379300550E-1,8.774067281E-1,1.316704936E2,2.879163020E1,3.394785455E0,1.308479721E2
8.679103083E0,4.104017553E-1,7.656955473E-2,2.372066096E-1,8.771775546E-1,1.315398501E2,2.867680952E1,3.461040852E0,1.307383155E2
8.689148083E0,4.114666165E-1,7.580826674E-2,2.363912683E-1,8.769649027E-1,1.314060026E2,2.854870186E1,3.530040116E0,1.306270066E2
8.699193083E0,4.125744253E-1,7.510479896E-2,2.354476162E-1,8.767588678E-1,1.312666818E2,2.840928691E1,3.588013831E0,1.305081747E2
8.709238083E0,4.137195341E-1,7.458711976E-2,2.344136802E-1,8.765403997E-1,1.311225894E2,2.826884658E1,3.623840579E0,1.303790277E2
8.719284083E0,4.148846838E-1,7.428465817E-2,2.333897173E-1,8.762886565E-1,1.309758906E2,2.813973744E1,3.639010982E0,1.302412616E2
8.729329083E0,4.160573777E-1,7.424607800E-2,2.324791925E-1,8.759778657E-1,1.308281555E2,2.803554974E1,3.633470389E0,1.300954001E2
8.739374083E0,4.172512082E-1,7.452946287E-2,2.317617794E-1,8.755758901E-1,1.306776680E2,2.796768647E1,3.605904189E0,1.299384551E2
8.749419083E0,4.184533206E-1,7.513294779E-2,2.312481727E-1,8.750863966E-1,1.305260448E2,2.793735794E1,3.556770325E0,1.297721381E2
8.759464083E0,4.196404288E-1,7.593914324E-2,2.309092172E-1,8.745376446E-1,1.303762233E2,2.793590663E1,3.495744583E0,1.296024109E2
8.769510083E0,4.207778036E-1,7.685546841E-2,2.306792113E-1,8.739716968E-1,1.302325936E2,2.795194970E1,3.427780565E0,1.294359417E2
8.779555083E0,4.218669203E-1,7.782960852E-2,2.304977270E-1,8.734080669E-1,1.300949796E2,2.797645547E1,3.355136422E0,1.292737847E2
8.789600083E0,4.228927536E-1,7.885676410E-2,2.303085139E-1,8.728696199E-1,1.299652914E2,2.800322855E1,3.274990998E0,1.291178167E2
8.799645083E0,4.238571156E-1,7.996251301E-2,2.300665858E-1,8.723649114E-1,1.298433120E2,2.802872332E1,3.182568385E0,1.289669661E2
8.809690083E0,4.247721237E-1,8.118072552E-2,2.297271140E-1,8.718966599E-1,1.297275191E2,2.804982620E1,3.072580198E0,1.288186763E2
8.819736083E0,4.256688400E-1,8.256253629E-2,2.292519662E-1,8.714545394E-1,1.296139877E2,2.806498667E1,2.938948823E0,1.286675626E2
8.829781083E0,4.265704243E-1,8.413099965E-2,2.286147164E-1,8.710309004E-1,1.294997866E2,2.807259415E1,2.778739999E0,1.285100048E2
8.839826083E0,4.274872447E-1,8.587137473E-2,2.278020988E-1,8.706244783E-1,1.293836005E2,2.807064165E1,2.593034468E0,1.283451152E2
8.849871083E0,4.284354013E-1,8.770133821E-2,2.267960430E-1,8.702385607E-1,1.292633846E2,2.805318547E1,2.389510352E0,1.281731879E2
8.859916083E0,4.294113748E-1,8.951068135E-2,2.256124752E-1,8.698808815E-1,1.291395794E2,2.801648840E1,2.179705706E0,1.279979214E2
8.869961542E0,4.304244797E-1,9.113995734E-2,2.242998274E-1,8.695503870E-1,1.290109966E2,2.795761284E1,1.982067396E0,1.278229465E2
8.880006542E0,4.314752006E-1,9.250391365E-2,2.229502221E-1,8.692325997E-1,1.288775669E2,2.788190930E1,1.809710141E0,1.276509142E2
8.890051542E0,4.325773829E-1,9.361363490E-2,2.216656336E-1,8.688945399E-1,1.287375222E2,2.780059553E1,1.667217403E0,1.274799857E2
8.900096542E0,4.337343349E-1,9.451120999E-2,2.205478833E-1,8.685049133E-1,1.285904301E2,2.772645966E1,1.555856330E0,1.273085980E2
8.910142542E0,4.349650018E-1,9.524624049E-2,2.196623254E-1,8.680333955E-1,1.284338662E2,2.766880085E1,1.474785035E0,1.271329866E2
8.920187542E0,4.362777919E-1,9.583822986E-2,2.190168306E-1,8.674723366E-1,1.282667407E2,2.762930594E1,1.422819463E0,1.269514938E2
8.930232542E0,4.376925773E-1,9.628510763E-2,2.185724606E-1,8.668220107E-1,1.280864982E2,2.760358423E1,1.398785415E0,1.267616170E2
8.940277542E0,4.391992217E-1,9.656350863E-2,2.182645568E-1,8.661062940E-1,1.278944010E2,2.758346887E1,1.401292037E0,1.265652050E2
8.950322542E0,4.407634599E-1,9.665112666E-2,2.180249150E-1,8.653619807E-1,1.276947939E2,2.756051340E1,1.427867574E0,1.263670908E2
8.960368542E0,4.423481392E-1,9.659118858E-2,2.178127109E-1,8.646131576E-1,1.274924042E2,2.753262808E1,1.470948229E0,1.261705663E2
8.970413542E0,4.439248739E-1,9.644665650E-2,2.176375170E-1,8.638650300E-1,1.272908540E2,2.750411829E1,1.523996877E0,1.259773536E2
8.980458542E0,4.454712628E-1,9.627992356E-2,2.175546985E-1,8.631080515E-1,1.270930121E2,2.748410224E1,1.583213844E0,1.257884618E2
8.990503542E0,4.469671177E-1,9.611791635E-2,2.176290613E-1,8.623337507E-1,1.269014735E2,2.748083782E1,1.648891987E0,1.256057620E2
9.000548542E0,4.484300138E-1,9.598153968E-2,2.178955242E-1,8.615217706E-1,1.267140004E2,2.749904802E1,1.721505229E0,1.254264866E2
9.010594542E0,4.498815512E-1,9.588378007E-2,2.183384876E-1,8.606633236E-1,1.265278307E2,2.753772827E1,1.799704795E0,1.252475755E2
9.020639542E0,4.513507693E-1,9.578716368E-2,2.188991408E-1,8.597619078E-1,1.263392380E2,2.758862554E1,1.884928925E0,1.250664133E2
9.030684542E0,4.528311563E-1,9.567046960E-2,2.195224821E-1,8.588371006E-1,1.261490528E2,2.764482230E1,1.976095831E0,1.248843988E2
9.040729542E0,4.542792798E-1,9.549588155E-2,2.201723813E-1,8.579248321E-1,1.259628572E2,2.770055989E1,2.073581537E0,1.247080215E2
9.050775542E0,4.556210458E-1,9.520448350E-2,2.208904108E-1,8.570607585E-1,1.257901989E2,2.775717541E1,2.183072597E0,1.245484481E2
9.060820542E0,4.567977016E-1,9.480812927E-2,2.217261881E-1,8.562620757E-1,1.256386774E2,2.782062993E1,2.304301945E0,1.244128133E2
9.070865542E0,4.577807768E-1,9.440105394E-2,2.226710572E-1,8.555365177E-1,1.255120049E2,2.789521495E1,2.426741166E0,1.243020590E2
9.080910542E0,4.585715149E-1,9.403536154E-2,2.236810485E-1,8.548896689E-1,1.254100634E2,2.797920662E1,2.542922231E0,1.242145081E2
9.090955542E0,4.592179211E-1,9.374410574E-2,2.247037207E-1,8.543063144E-1,1.253266942E2,2.806883948E1,2.648213383E0,1.241430768E2
9.101001542E0,4.598010017E-1,9.352654898E-2,2.256900570E-1,8.537562770E-1,1.252514655E2,2.815876061E1,2.742493857E0,1.240774706E2
9.111046542E0,4.603500908E-1,9.335024871E-2,2.265879324E-1,8.532416639E-1,1.251805989E2,2.824169394E1,2.826912047E0,1.240148457E2
9.121091542E0,4.608666215E-1,9.315813810E-2,2.273229998E-1,8.527881849E-1,1.251139137E2,2.830676497E1,2.902863115E0,1.239565244E2
9.131136542E0,4.613352313E-1,9.288702850E-2,2.278318598E-1,8.524284826E-1,1.250533977E2,2.834395814E1,2.972384533E0,1.239061327E2
9.141181542E0,4.617463738E-1,9.249835026E-2,2.281193434E-1,8.521712604E-1,1.250002893E2,2.835172875E1,3.039114645E0,1.238659924E2
9.151227542E0,4.620498943E-1,9.201222851E-2,2.282324023E-1,8.520291623E-1,1.249610745E2,2.833625823E1,3.102094236E0,1.238419174E2
9.161272542E0,4.621783579E-1,9.143838863E-2,2.282501567E-1,8.520164340E-1,1.249444749E2,2.830660310E1,3.162645206E0,1.238422698E2
9.171317542E0,4.620938535E-1,9.077004498E-2,2.283004590E-1,8.521202417E-1,1.249553944E2,2.827596229E1,3.227372407E0,1.238723176E2
9.181362542E0,4.617930936E-1,9.007712445E-2,2.284583674E-1,8.523145386E-1,1.249942536E2,2.825605365E1,3.293622736E0,1.239306170E2
9.191408542E0,4.612932951E-1,8.942691448E-2,2.287667453E-1,8.525708126E-1,1.250588140E2,2.825499755E1,3.357825956E0,1.240131295E2
9.201453542E0,4.606027190E-1,8.885185235E-2,2.292520347E-1,8.528738905E-1,1.251479866E2,2.827733965E1,3.418539203E0,1.241179861E2
9.211498542E0,4.597194265E-1,8.839461699E-2,2.299205944E-1,8.532179563E-1,1.252619918E2,2.832608756E1,3.471852308E0,1.242442223E2
9.221543542E0,4.586470842E-1,8.809005860E-2,2.307610499E-1,8.535995961E-1,1.254003186E2,2.840192502E1,3.513773856E0,1.243903303E2
9.231588542E0,4.574081987E-1,8.796880738E-2,2.317406428E-1,8.540113918E-1,1.255600213E2,2.850296289E1,3.540118171E0,1.245524662E2
9.241634542E0,4.560117682E-1,8.800014883E-2,2.328323463E-1,8.544580009E-1,1.257398958E2,2.862466028E1,3.552535291E0,1.247302421E2
9.251679542E0,4.544955353E-1,8.818653273E-2,2.339730191E-1,8.549348082E-1,1.259350384E2,2.876031221E1,3.548413251E0,1.249185401E2
9.261724542E0,4.528821329E-1,8.843824952E-2,2.351546534E-1,8.554406758E-1,1.261425010E2,2.890419228E1,3.536669119E0,1.251170338E2
9.271769542E0,4.511607081E-1,8.846806841E-2,2.365491662E-1,8.559625170E-1,1.263636436E2,2.905934753E1,3.554197790E0,1.253357803E2
9.281814542E0,4.493523765E-1,8.843487250E-2,2.381260747E-1,8.564798906E-1,1.265957186E2,2.923104246E1,3.584450071E0,1.255674845E2
9.291860542E0,4.473915365E-1,8.835946125E-2,2.398726507E-1,8.570266195E-1,1.268470992E2,2.941938045E1,3.622426966E0,1.258196781E2
9.301905542E0,4.452562718E-1,8.813320116E-2,2.418029500E-1,8.576193096E-1,1.271205278E2,2.962042424E1,3.678571749E0,1.260983317E2
9.311950542E0,4.429839244E-1,8.768151339E-2,2.439223675E-1,8.582419450E-1,1.274111544E2,2.983100113E1,3.761503388E0,1.264010012E2
9.321995542E0,4.406078116E-1,8.707168010E-2,2.462085074E-1,8.588740213E-1,1.277146633E2,3.005239522E1,3.864411255E0,1.267215004E2
9.332041542E0,4.381601123E-1,8.643207006E-2,2.485639578E-1,8.595121035E-1,1.280269043E2,3.028090806E1,3.970497472E0,1.270517774E2
9.342086542E0,4.356600244E-1,8.582952291E-2,2.509052310E-1,8.601629562E-1,1.283454006E2,3.051099706E1,4.069358390E0,1.273871896E2
9.352131542E0,4.331359550E-1,8.529930502E-2,2.531278134E-1,8.608388863E-1,1.286665180E2,3.073304714E1,4.152972782E0,1.277227452E2
9.362176542E0,4.306236235E-1,8.480439565E-2,2.550998645E-1,8.615657930E-1,1.289857133E2,3.093072279E1,4.219345177E0,1.280547169E2
9.372221542E0,4.281623108E-1,8.425667102E-2,2.567010496E-1,8.623703131E-1,1.292980156E2,3.108630146E1,4.272409332E0,1.283805119E2
9.382267542E0,4.257928571E-1,8.365319663E-2,2.579133141E-1,8.632400976E-1,1.295982820E2,3.119733068E1,4.313271639E0,1.286951057E2
9.392312542E0,4.235033982E-1,8.309675287E-2,2.588340542E-1,8.641438525E-1,1.298880598E2,3.127926487E1,4.336795529E0,1.289971139E2
9.402357542E0,4.212668967E-1,8.272685632E-2,2.595835674E-1,8.650472491E-1,1.301708043E2,3.135187770E1,4.334700648E0,1.292860219E2
9.412402542E0,4.190767779E-1,8.260954057E-2,2.602115554E-1,8.659330916E-1,1.304473713E2,3.142356218E1,4.302863913E0,1.295607243E2
9.422447542E0,4.169515231E-1,8.268069498E-2,2.606687961E-1,8.668144243E-1,1.307154531E2,3.148557911E1,4.245769968E0,1.298207755E2
9.432493542E0,4.149266199E-1,8.279918031E-2,2.608689198E-1,8.677140066E-1,1.309706091E2,3.152142200E1,4.174303249E0,1.300658720E2
9.442538542E0,4.130251859E-1,8.283504728E-2,2.607835725E-1,8.686428600E-1,1.312099711E2,3.152160682E1,4.100848885E0,1.302972303E2
9.452583542E0,4.112206264E-1,8.263305851E-2,2.604915791E-1,8.696053254E-1,1.314369285E2,3.148739929E1,4.044011368E0,1.305232415E2
9.462628542E0,4.095165450E-1,8.210379946E-2,2.601581132E-1,8.705590243E-1,1.316510629E2,3.143262325E1,4.021206827E0,1.307467893E2
9.472673542E0,4.079312335E-1,8.129676106E-2,2.598880468E-1,8.714592810E-1,1.318501116E2,3.137117002E1,4.033473938E0,1.309643886E2
9.482719542E0,4.064376335E-1,8.042038057E-2,2.596981120E-1,8.722945472E-1,1.320375039E2,3.131498591E1,4.060032813E0,1.311729419E2
9.492764542E0,4.049732201E-1,7.975022461E-2,2.595189668E-1,8.730902586E-1,1.322211020E2,3.126975869E1,4.067874649E0,1.313714775E2
9.502809542E0,4.034610544E-1,7.934749039E-2,2.592686567E-1,8.739010165E-1,1.324105504E2,3.122958000E1,4.044194080E0,1.315672384E2
9.512854542E0,4.018608229E-1,7.922190332E-2,2.589121470E-1,8.747550802E-1,1.326108817E2,3.119108049E1,3.984911690E0,1.317647733E2
9.522900542E0,4.002284754E-1,7.954454798E-2,2.584013799E-1,8.756246540E-1,1.328150753E2,3.115657114E1,3.872523963E0,1.319518608E2
9.532945542E0,3.985963387E-1,8.048228375E-2,2.576684989E-1,8.764990747E-1,1.330190838E2,3.112606870E1,3.688163183E0,1.321192794E2
9.542990542E0,3.969672577E-1,8.210765063E-2,2.566301744E-1,8.773917660E-1,1.332225530E2,3.109366161E1,3.420664588E0,1.322640974E2
9.553035542E0,3.953835477E-1,8.451018431E-2,2.552051526E-1,8.782938771E-1,1.334202058E2,3.105448722E1,3.058656941E0,1.323780844E2
9.563080542E0,3.939084923E-1,8.773104120E-2,2.534147808E-1,8.791588991E-1,1.336041662E2,3.101287242E1,2.601286419E0,1.324521548E2
9.573126542E0,3.925667895E-1,9.162546796E-2,2.514184163E-1,8.799345697E-1,1.337713858E2,3.097995467E1,2.071591054E0,1.324878305E2
9.583171542E0,3.913416017E-1,9.584700694E-2,2.494490574E-1,8.805908593E-1,1.339239929E2,3.096556219E1,1.514824260E0,1.324981417E2
9.593216542E0,3.901945752E-1,9.995522358E-2,2.476799908E-1,8.811423508E-1,1.340667860E2,3.096819567E1,9.819382311E-1,1.325018158E2
9.603261542E0,3.890173505E-1,1.033577439E-1,2.461663447E-1,8.816942849E-1,1.342132602E2,3.096570519E1,5.309156862E-1,1.325314172E2
9.613306542E0,3.877124419E-1,1.055864851E-1,2.448563627E-1,8.823694352E-1,1.343755289E2,3.092964495E1,2.025491496E-1,1.326147355E2
9.623352542E0,3.862378712E-1,1.066104164E-1,2.436611044E-1,8.832236043E-1,1.345587793E2,3.084841009E1,-5.694052727E-3,1.327584611E2
9.633397542E0,3.845463075E-1,1.067696999E-1,2.424950381E-1,8.842627349E-1,1.347688453E2,3.072885012E1,-1.331435207E-1,1.329571045E2
9.643442542E0,3.825615913E-1,1.065599350E-1,2.413125240E-1,8.854715276E-1,1.350151119E2,3.058968513E1,-2.336396913E-1,1.332032826E2
9.653487542E0,3.802361389E-1,1.064509064E-1,2.400896911E-1,8.868176558E-1,1.353033792E2,3.045053705E1,-3.565844344E-1,1.334870522E2
9.663532542E0,3.775814986E-1,1.067794938E-1,2.388036327E-1,8.882584669E-1,1.356320893E2,3.032449810E1,-5.362912763E-1,1.337958552E2
9.673578542E0,3.746782129E-1,1.076782543E-1,2.374234920E-1,8.897480629E-1,1.359911483E2,3.021397909E1,-7.848745612E-1,1.341156155E2
9.683623542E0,3.716221028E-1,1.091130015E-1,2.359007001E-1,8.912587324E-1,1.363686172E2,3.011166488E1,-1.098083673E0,1.344359283E2
9.693668542E0,3.684368547E-1,1.108634865E-1,2.342077665E-1,8.928103687E-1,1.367615074E2,3.000394931E1,-1.454242510E0,1.347612368E2
9.703713542E0,3.650965273E-1,1.126803371E-1,2.323488745E-1,8.944392811E-1,1.371729534E2,2.987940170E1,-1.828727947E0,1.351029426E2
9.713759542E0,3.615984443E-1,1.143030856E-1,2.303406720E-1,8.961721699E-1,1.376032111E2,2.972760094E1,-2.194324809E0,1.354701751E2
9.723804542E0,3.579508453E-1,1.153973231E-1,2.281978841E-1,8.980425206E-1,1.380511927E2,2.953473414E1,-2.515872813E0,1.358732392E2
9.733849542E0,3.542007451E-1,1.156984518E-1,2.259129875E-1,9.000661172E-1,1.385110643E2,2.928825275E1,-2.764758550E0,1.363154277E2
9.743894542E0,3.504068755E-1,1.150730874E-1,2.234503155E-1,9.022434023E-1,1.389755931E2,2.897904404E1,-2.926268191E0,1.367939925E2
9.753939542E0,3.465958310E-1,1.134467143E-1,2.208155580E-1,9.045670845E-1,1.394415166E2,2.860557931E1,-2.990640398E0,1.373074976E2
9.763985542E0,3.427802768E-1,1.108076578E-1,2.181074228E-1,9.070019923E-1,1.399072913E2,2.817974994E1,-2.950873167E0,1.378533621E2
9.774030542E0,3.389816867E-1,1.072484618E-1,2.155693817E-1,9.094608183E-1,1.403703099E2,2.773428211E1,-2.804510709E0,1.384238432E2
9.784075542E0,3.352099020E-1,1.030768826E-1,2.134690673E-1,9.118335805E-1,1.408293950E2,2.731378504E1,-2.571382992E0,1.390060604E2
9.794120542E0,3.314353567E-1,9.872124288E-2,2.120246895E-1,9.140296421E-1,1.412881621E2,2.696168724E1,-2.288046249E0,1.395892278E2
9.804165542E0,3.276662905E-1,9.456253959E-2,2.113209320E-1,9.159891755E-1,1.417456202E2,2.670370134E1,-1.991488527E0,1.401611418E2
9.814211542E0,3.239124814E-1,9.089738115E-2,2.112595714E-1,9.177078818E-1,1.422005980E2,2.654083539E1,-1.717713314E0,1.407130574E2
9.824256542E0,3.201724122E-1,8.781892792E-2,2.115295483E-1,9.192565678E-1,1.426532961E2,2.644156389E1,-1.490110404E0,1.412439688E2
9.834301542E0,3.164406881E-1,8.518707850E-2,2.118220369E-1,9.207278721E-1,1.431043825E2,2.636511716E1,-1.307030822E0,1.417596528E2
9.844346542E0,3.127423232E-1,8.281235120E-2,2.119431722E-1,9.221791356E-1,1.435508528E2,2.628184255E1,-1.155645119E0,1.422630986E2
9.854392542E0,3.090940288E-1,8.047987085E-2,2.118117057E-1,9.236447291E-1,1.439907181E2,2.617399505E1,-1.015916003E0,1.427585986E2
9.864437542E0,3.055218937E-1,7.793621898E-2,2.114208832E-1,9.251397832E-1,1.444208699E2,2.603114563E1,-8.604073193E-1,1.432501165E2
9.874482583E0,3.020456217E-1,7.504751613E-2,2.108606462E-1,9.266467016E-1,1.448389812E2,2.585862492E1,-6.707195200E-1,1.437386912E2
9.884527583E0,2.986586588E-1,7.193683636E-2,2.102831185E-1,9.281212934E-1,1.452458863E2,2.567839070E1,-4.541580877E-1,1.442213462E2
9.894572583E0,2.953259810E-1,6.888602620E-2,2.097870185E-1,9.295303047E-1,1.456458287E2,2.551187566E1,-2.379032890E-1,1.446944433E2
9.904618583E0,2.920043247E-1,6.611906452E-2,2.094020070E-1,9.308665073E-1,1.460440196E2,2.537017679E1,-4.603498777E-2,1.451573054E2
9.914663583E0,2.886611102E-1,6.371266913E-2,2.091042817E-1,9.321430932E-1,1.464443688E2,2.525285277E1,1.112627007E-1,1.456120621E2
9.924708583E0,2.852604496E-1,6.166600763E-2,2.088815883E-1,9.333767314E-1,1.468511649E2,2.515798560E1,2.323968038E-1,1.460632443E2
9.934753583E0,2.817725661E-1,5.991683439E-2,2.087808099E-1,9.345719107E-1,1.472679490E2,2.508826926E1,3.245381108E-1,1.465161865E2
9.944798583E0,2.781542802E-1,5.847349449E-2,2.088521224E-1,9.357306751E-1,1.476998456E2,2.504928126E1,3.870553333E-1,1.469758838E2
9.954844583E0,2.743506325E-1,5.738925101E-2,2.090847888E-1,9.368681131E-1,1.481533603E2,2.504122444E1,4.121188870E-1,1.474474462E2
9.964889583E0,2.703178956E-1,5.666448853E-2,2.094281223E-1,9.380070474E-1,1.486336313E2,2.505797544E1,3.965449297E-1,1.479359344E2
9.974934583E0,2.660899134E-1,5.628879679E-2,2.097767768E-1,9.391599955E-1,1.491365486E2,2.508681871E1,3.386542027E-1,1.484375733E2
9.984979583E0,2.617692714E-1,5.621855907E-2,2.099624337E-1,9.403362298E-1,1.496498592E2,2.510679887E1,2.403410751E-1,1.489414158E2
9.995025583E0,2.574736013E-1,5.633116491E-2,2.098448545E-1,9.415408499E-1,1.501595855E2,2.509772207E1,1.136081536E-1,1.494369286E2
1.000507058E1,2.533219892E-1,5.660481386E-2,2.094525832E-1,9.427372093E-1,1.506516443E2,2.506183062E1,-3.489533384E-2,1.499110216E2
1.001511558E1,2.493890139E-1,5.708940779E-2,2.090523884E-1,9.438447442E-1,1.511172797E2,2.503068189E1,-2.003257615E-1,1.503538864E2
1.002516058E1,2.457119543E-1,5.779861281E-2,2.089748592E-1,9.447827644E-1,1.515521762E2,2.504211372E1,-3.735152224E-1,1.507608424E2
1.003520558E1,2.422466825E-1,5.861385930E-2,2.093638114E-1,9.455410284E-1,1.519616412E2,2.510895486E1,-5.390604016E-1,1.511398816E2
1.004525158E1,2.389220548E-1,5.943459015E-2,2.101619832E-1,9.461583954E-1,1.523541442E2,2.522185684E1,-6.901103830E-1,1.515017043E2
1.005529658E1,2.356730807E-1,6.018537304E-2,2.111804618E-1,9.466988445E-1,1.527373962E2,2.535726494E1,-8.259900251E-1,1.518558252E2
1.006534158E1,2.324747250E-1,6.081146974E-2,2.121924656E-1,9.472231513E-1,1.531143739E2,2.548789524E1,-9.480187646E-1,1.522067586E2
1.007538658E1,2.293907979E-1,6.135541697E-2,2.130609435E-1,9.477448871E-1,1.534775837E2,2.559950290E1,-1.062904881E0,1.525462690E2
1.008543158E1,2.264908840E-1,6.187721075E-2,2.137835354E-1,9.482455495E-1,1.538188740E2,2.569363743E1,-1.175192227E0,1.528648728E2
1.009547758E1,2.238137583E-1,6.245852643E-2,2.144418429E-1,9.486944556E-1,1.541337346E2,2.578198576E1,-1.290298050E0,1.531559549E2
1.010552258E1,2.214054031E-1,6.322323885E-2,2.151854186E-1,9.490403969E-1,1.544168150E2,2.588514937E1,-1.416288868E0,1.534107354E2
1.011556758E1,2.192466415E-1,6.419461834E-2,2.161642792E-1,9.492538286E-1,1.546704230E2,2.602092884E1,-1.552182977E0,1.536305398E2
1.012561258E1,2.173103732E-1,6.533824673E-2,2.174553689E-1,9.493262790E-1,1.548977856E2,2.619721584E1,-1.692993694E0,1.538191647E2
1.013565758E1,2.155970616E-1,6.659294788E-2,2.190531664E-1,9.492623422E-1,1.550988841E2,2.641180805E1,-1.832282806E0,1.539780494E2
1.014570358E1,2.140833154E-1,6.788666120E-2,2.209595158E-1,9.490714170E-1,1.552764940E2,2.666305340E1,-1.962826693E0,1.541117462E2
1.015574858E1,2.133988928E-1,6.937445022E-2,2.231531697E-1,9.486047250E-1,1.553567784E2,2.695413810E1,-2.084684663E0,1.541438530E2
1.016579358E1,2.127500420E-1,7.089223199E-2,2.257412707E-1,9.480255851E-1,1.554328788E2,2.729159373E1,-2.198541360E0,1.541693684E2
1.017583858E1,2.121091570E-1,7.239375035E-2,2.286518530E-1,9.473579790E-1,1.555080341E2,2.766595007E1,-2.302035521E0,1.541928209E2
1.018588458E1,2.115295114E-1,7.378823151E-2,2.317133474E-1,9.466359614E-1,1.555759988E2,2.805518117E1,-2.388365153E0,1.542111351E2
1.019592958E1,2.110623136E-1,7.499354709E-2,2.347814273E-1,9.458892457E-1,1.556307724E2,2.844055646E1,-2.450953132E0,1.542213823E2
1.020597458E1,2.107419133E-1,7.596742905E-2,2.378039095E-1,9.451275678E-1,1.556683324E2,2.881496599E1,-2.485543991E0,1.542213351E2
1.021601958E1,2.105647701E-1,7.668631731E-2,2.407367295E-1,9.443661850E-1,1.556890975E2,2.917263253E1,-2.490777764E0,1.542125459E2
1.022606458E1,2.104657671E-1,7.710456156E-2,2.435319718E-1,9.436372553E-1,1.557007024E2,2.950655441E1,-2.464890562E0,1.542042622E2
1.023611058E1,2.099090916E-1,7.693290798E-2,2.461679726E-1,9.430911164E-1,1.557659503E2,2.980496498E1,-2.393579514E0,1.542667178E2
1.024615558E1,2.096171825E-1,7.618085015E-2,2.484693908E-1,9.426134240E-1,1.558001618E2,3.004954150E1,-2.260978413E0,1.543183454E2
1.025620058E1,2.098331851E-1,7.480544570E-2,2.501920853E-1,9.422198146E-1,1.557748467E2,3.021132838E1,-2.061324681E0,1.543336602E2
1.026624558E1,2.107536723E-1,7.287983522E-2,2.510202972E-1,9.419449328E-1,1.556669540E2,3.025596263E1,-1.804581633E0,1.542884649E2
1.027629058E1,2.123242746E-1,7.073589879E-2,2.508146311E-1,9.418103580E-1,1.554828089E2,3.017595283E1,-1.531786610E0,1.541779634E2
1.028633658E1,2.141918014E-1,6.900302058E-2,2.497274004E-1,9.418049632E-1,1.552637672E2,3.000536025E1,-1.317669896E0,1.540215157E2
1.029638158E1,2.158788976E-1,6.820790975E-2,2.480843582E-1,9.419118897E-1,1.550658092E2,2.979578316E1,-1.225038528E0,1.538564741E2
1.030642658E1,2.170508329E-1,6.850820604E-2,2.463030006E-1,9.420883164E-1,1.549282539E2,2.959982355E1,-1.269836761E0,1.537161546E2
1.031647158E1,2.176945417E-1,6.974612747E-2,2.447065992E-1,9.422650382E-1,1.548526833E2,2.945080222E1,-1.426588452E0,1.536070964E2
1.032651758E1,2.179896539E-1,7.165492663E-2,2.435015049E-1,9.423656848E-1,1.548180338E2,2.936553846E1,-1.655429205E0,1.535168737E2
1.033656258E1,2.181201406E-1,7.394111921E-2,2.428621793E-1,9.423238752E-1,1.548027125E2,2.935631692E1,-1.914419033E0,1.534329844E2
1.034660758E1,2.181362828E-1,7.632763709E-2,2.428935629E-1,9.421217810E-1,1.548008171E2,2.942753524E1,-2.169281564E0,1.533575035E2
1.035665258E1,2.180146892E-1,7.860242367E-2,2.435631973E-1,9.417899589E-1,1.548150943E2,2.956931310E1,-2.398714501E0,1.532992280E2
1.036669758E1,2.177346234E-1,8.051410989E-2,2.447374823E-1,9.413886787E-1,1.548479774E2,2.975885949E1,-2.580012455E0,1.532684128E2
1.037674358E1,2.172772879E-1,8.187929373E-2,2.463390362E-1,9.409587387E-1,1.549016697E2,2.998174242E1,-2.696321420E0,1.532732501E2
1.038678858E1,2.166411234E-1,8.270149972E-2,2.483879999E-1,9.404947862E-1,1.549763475E2,3.024027575E1,-2.747729586E0,1.533140324E2
1.039683358E1,2.158511228E-1,8.312691947E-2,2.509219212E-1,9.399660962E-1,1.550690688E2,3.054312996E1,-2.748352947E0,1.533834307E2
1.040687858E1,2.149562610E-1,8.336274690E-2,2.539056072E-1,9.393488977E-1,1.551740775E2,3.089250936E1,-2.720062105E0,1.534695291E2
1.041692358E1,2.139762624E-1,8.350235833E-2,2.572604963E-1,9.386471527E-1,1.552890524E2,3.128224808E1,-2.674576955E0,1.535673771E2
1.042696958E1,2.129361204E-1,8.352255721E-2,2.608678556E-1,9.378859385E-1,1.554110557E2,3.169816913E1,-2.612038695E0,1.536753313E2
1.043701458E1,2.118773494E-1,8.335112490E-2,2.646071240E-1,9.370931984E-1,1.555352151E2,3.212448450E1,-2.526819883E0,1.537915840E2
1.044705958E1,2.108544454E-1,8.281617603E-2,2.683375416E-1,9.363102785E-1,1.556551408E2,3.254022565E1,-2.402712068E0,1.539163927E2
1.045710458E1,2.099072792E-1,8.170187657E-2,2.719224472E-1,9.355864907E-1,1.557661627E2,3.292366368E1,-2.219124240E0,1.540533555E2
1.046714958E1,2.090267473E-1,7.989896083E-2,2.752571480E-1,9.349638974E-1,1.558693535E2,3.325980695E1,-1.967526967E0,1.542079003E2
1.047719558E1,2.081962015E-1,7.748262933E-2,2.782179746E-1,9.344760898E-1,1.559666681E2,3.353670265E1,-1.659717154E0,1.543797628E2
1.048724058E1,2.074400870E-1,7.463153200E-2,2.806732287E-1,9.341420339E-1,1.560552463E2,3.374428128E1,-1.317182365E0,1.545600671E2
1.049728558E1,2.068676907E-1,7.161265861E-2,2.824908748E-1,9.339573886E-1,1.561222924E2,3.387459776E1,-9.677644800E-1,1.547269941E2
1.050733058E1,2.065839159E-1,6.865200055E-2,2.836079033E-1,9.339039885E-1,1.561555286E2,3.392615704E1,-6.331938063E-1,1.548603854E2
1.051737558E1,2.066378639E-1,6.589416367E-2,2.840416365E-1,9.339587794E-1,1.561492103E2,3.390433329E1,-3.264359493E-1,1.549491262E2
1.052742158E1,2.069706133E-1,6.338290692E-2,2.839150273E-1,9.340974004E-1,1.561102375E2,3.382413476E1,-5.084900866E-2,1.549978436E2
1.053746658E1,2.074299296E-1,6.109008675E-2,2.834162089E-1,9.342997053E-1,1.560564361E2,3.370647573E1,1.962446412E-1,1.550242981E2
1.054751158E1,2.078272058E-1,5.891518293E-2,2.827910447E-1,9.345405324E-1,1.560098975E2,3.357740235E1,4.254876668E-1,1.550530486E2
1.055755658E1,2.080703510E-1,5.682464656E-2,2.821677033E-1,9.348043295E-1,1.559814124E2,3.345107209E1,6.406726921E-1,1.550956568E2
1.056760258E1,2.081838946E-1,5.486052966E-2,2.815353214E-1,9.350869662E-1,1.559681099E2,3.332729523E1,8.378950917E-1,1.551480242E2
1.057764758E1,2.082267579E-1,5.309246936E-2,2.808208691E-1,9.353943432E-1,1.559630881E2,3.319923712E1,1.009835808E0,1.552012518E2
1.058769258E1,2.082374632E-1,5.160694047E-2,2.799631386E-1,9.357320238E-1,1.559618339E2,3.306179598E1,1.146971603E0,1.552481551E2
1.059773758E1,2.082562186E-1,5.045818596E-2,2.789911059E-1,9.360807889E-1,1.559596365E2,3.291957727E1,1.245558717E0,1.552826041E2
1.060778258E1,2.083221784E-1,4.964551043E-2,2.780330237E-1,9.363945722E-1,1.559519086E2,3.278739900E1,1.310200364E0,1.553005109E2
1.061782858E1,2.084763094E-1,4.906680259E-2,2.772771305E-1,9.366148738E-1,1.559338500E2,3.268458927E1,1.357924308E0,1.553009749E2
1.062787358E1,2.087558695E-1,4.858919450E-2,2.768794118E-1,9.366952478E-1,1.559010940E2,3.262597280E1,1.408120756E0,1.552844185E2
1.063791858E1,2.091570232E-1,4.814002500E-2,2.768889686E-1,9.366260427E-1,1.558540875E2,3.261544093E1,1.469691488E0,1.552537407E2
1.064796358E1,2.096400682E-1,4.771798753E-2,2.772383659E-1,9.364363397E-1,1.557974797E2,3.264512658E1,1.539770183E0,1.552134498E2
1.065800858E1,2.101279601E-1,4.733671661E-2,2.777932608E-1,9.361818571E-1,1.557402977E2,3.269977888E1,1.610951989E0,1.551716311E2
1.066805458E1,2.105923763E-1,4.700665410E-2,2.783884059E-1,9.359173013E-1,1.556858615E2,3.276041141E1,1.676958586E0,1.551309132E2
1.067809958E1,2.110567081E-1,4.673391131E-2,2.788602294E-1,9.356858730E-1,1.556314296E2,3.280804195E1,1.733698101E0,1.550881892E2
1.068814458E1,2.115393317E-1,4.647935488E-2,2.791040805E-1,9.355168220E-1,1.555748474E2,3.282944413E1,1.783249154E0,1.550424490E2
1.069818958E1,2.120345571E-1,4.618456928E-2,2.791882372E-1,9.353941746E-1,1.555167816E2,3.283114845E1,1.833408502E0,1.549963161E2
1.070823458E1,2.125372847E-1,4.583813272E-2,2.792662616E-1,9.352738032E-1,1.554578296E2,3.283081127E1,1.889187994E0,1.549509894E2
1.071828058E1,2.130246287E-1,4.537479134E-2,2.795291947E-1,9.351069438E-1,1.554006753E2,3.284915907E1,1.961769131E0,1.549115191E2
1.072832558E1,2.134638411E-1,4.478048917E-2,2.801142456E-1,9.348603426E-1,1.553491603E2,3.290193727E1,2.055154334E0,1.548823642E2
1.073837058E1,2.138365456E-1,4.414408229E-2,2.810106564E-1,9.345363598E-1,1.553054421E2,3.299016731E1,2.158968716E0,1.548627844E2
1.074841558E1,2.141420681E-1,4.354572349E-2,2.820732417E-1,9.341742762E-1,1.552696016E2,3.309891926E1,2.260842428E0,1.548500298E2
1.075846158E1,2.144143368E-1,4.302458824E-2,2.831046277E-1,9.338239516E-1,1.552376600E2,3.320604660E1,2.352572525E0,1.548385922E2
1.076850658E1,2.146965099E-1,4.261560576E-2,2.839250478E-1,9.335287130E-1,1.552045544E2,3.329128331E1,2.427182128E0,1.548220091E2
1.077855158E1,2.149760700E-1,4.237916194E-2,2.844095890E-1,9.333276303E-1,1.551717532E2,3.334150887E1,2.474527421E0,1.547993633E2
1.078859658E1,2.152011341E-1,4.226844217E-2,2.845420987E-1,9.332403864E-1,1.551453447E2,3.335377374E1,2.497415952E0,1.547779268E2
1.079864158E1,2.153322530E-1,4.218125088E-2,2.844552867E-1,9.332405971E-1,1.551299588E2,3.334117009E1,2.508883410E0,1.547657840E2
1.080868758E1,2.154078223E-1,4.204013269E-2,2.843152433E-1,9.332721651E-1,1.551210911E2,3.332112823E1,2.522842627E0,1.547615232E2
1.081873258E1,2.155027791E-1,4.175294406E-2,2.842535614E-1,9.332819853E-1,1.551099482E2,3.330660257E1,2.555111223E0,1.547600290E2
1.082877758E1,2.156873823E-1,4.124428429E-2,2.843592973E-1,9.332296389E-1,1.550882847E2,3.330598489E1,2.618448873E0,1.547560357E2
1.083882258E1,2.159882265E-1,4.055840755E-2,2.846402482E-1,9.331044628E-1,1.550529783E2,3.332122913E1,2.709233297E0,1.547451553E2
1.084886758E1,2.163791386E-1,3.981301946E-2,2.850541934E-1,9.329196489E-1,1.550070982E2,3.335035288E1,2.812912514E0,1.547264233E2
1.085891358E1,2.168001434E-1,3.908181378E-2,2.855385872E-1,9.327046578E-1,1.549576816E2,3.338798990E1,2.917962095E0,1.547040608E2
1.086895921E1,2.172074506E-1,3.838893013E-2,2.861285482E-1,9.324578458E-1,1.549098682E2,3.343895870E1,3.021253442E0,1.546823504E2
1.087900421E1,2.175727373E-1,3.774949922E-2,2.868574780E-1,9.321748297E-1,1.548669839E2,3.350762937E1,3.121096127E0,1.546641277E2
1.088904921E1,2.179116823E-1,3.711700146E-2,2.877299177E-1,9.318520692E-1,1.548271888E2,3.359336712E1,3.223115421E0,1.546491821E2
1.089909421E1,2.182961037E-1,3.644917411E-2,2.887217279E-1,9.314816405E-1,1.547820507E2,3.369212607E1,3.333640649E0,1.546307695E2
1.090914021E1,2.188040575E-1,3.574972609E-2,2.897722592E-1,9.310632066E-1,1.547224015E2,3.379664914E1,3.453369572E0,1.545997974E2
1.091918521E1,2.194265243E-1,3.508120331E-2,2.907520364E-1,9.306366384E-1,1.546492955E2,3.389328286E1,3.571938410E0,1.545548244E2
1.092923021E1,2.200704860E-1,3.453993241E-2,2.915542806E-1,9.302537342E-1,1.545736540E2,3.397210430E1,3.673065325E0,1.545027602E2
1.093927521E1,2.206246749E-1,3.415501578E-2,2.921570332E-1,9.299475374E-1,1.545085484E2,3.403160034E1,3.749209121E0,1.544550597E2
1.094932121E1,2.209959886E-1,3.390805632E-2,2.926808132E-1,9.297036757E-1,1.544649222E2,3.408578661E1,3.802284351E0,1.544232118E2
1.095936621E1,2.211763772E-1,3.374491641E-2,2.933198964E-1,9.294652931E-1,1.544437267E2,3.415619558E1,3.842924403E0,1.544106066E2
1.096941121E1,2.211974506E-1,3.358056477E-2,2.942615834E-1,9.291684950E-1,1.544412505E2,3.426266370E1,3.886247518E0,1.544171797E2
1.097945621E1,2.211195632E-1,3.335716540E-2,2.955778506E-1,9.287772037E-1,1.544504023E2,3.441208942E1,3.942386384E0,1.544383527E2
1.098950121E1,2.209982224E-1,3.307622505E-2,2.971573143E-1,9.283120289E-1,1.544646597E2,3.459131210E1,4.010102286E0,1.544674616E2
1.099954721E1,2.205838768E-1,3.268752573E-2,2.986797849E-1,9.279356997E-1,1.545133416E2,3.476243836E1,4.077402398E0,1.545330833E2
1.100959221E1,2.198762312E-1,3.256716487E-2,2.998940461E-1,9.277161989E-1,1.545964729E2,3.490498502E1,4.097445413E0,1.546216090E2
1.101963721E1,2.190898131E-1,3.276300020E-2,3.007379946E-1,9.276221693E-1,1.546888420E2,3.501187832E1,4.071075040E0,1.547068763E2
1.102968221E1,2.182571178E-1,3.299466036E-2,3.011376521E-1,9.276806270E-1,1.547866285E2,3.506746388E1,4.027419333E0,1.547943009E2
1.103972721E1,2.175483764E-1,3.325622370E-2,3.012247275E-1,9.278095121E-1,1.548698439E2,3.508646490E1,3.976712783E0,1.548654972E2
1.104977321E1,2.169664549E-1,3.351123321E-2,3.012135164E-1,9.279402094E-1,1.549381590E2,3.509324699E1,3.928618707E0,1.549222463E2
1.105981821E1,2.164636008E-1,3.370966057E-2,3.012667058E-1,9.280332275E-1,1.549971846E2,3.510596864E1,3.891034902E0,1.549722537E2
1.106986321E1,2.160272545E-1,3.390151302E-2,3.014741315E-1,9.280604965E-1,1.550483979E2,3.513645483E1,3.860527672E0,1.550155696E2
1.107990821E1,2.156792058E-1,3.410079386E-2,3.018807537E-1,9.280019124E-1,1.550892443E2,3.519027784E1,3.837537494E0,1.550494396E2
1.108995321E1,2.154369036E-1,3.428962228E-2,3.024345949E-1,9.278708779E-1,1.551176785E2,3.526084752E1,3.823231031E0,1.550723134E2
1.109999921E1,2.152941522E-1,3.443434402E-2,3.030470835E-1,9.276989609E-1,1.551344297E2,3.533696569E1,3.818674942E0,1.550857177E2
1.111004421E1,2.151760568E-1,3.448872399E-2,3.036630913E-1,9.275227870E-1,1.551482873E2,3.541128385E1,3.824691706E0,1.550994171E2
1.112008921E1,2.149928023E-1,3.443270029E-2,3.042782351E-1,9.273657479E-1,1.551697899E2,3.548312899E1,3.840078448E0,1.551242047E2
1.113013421E1,2.146640569E-1,3.427736808E-2,3.048784905E-1,9.272505184E-1,1.552083620E2,3.555139171E1,3.860386676E0,1.551686698E2
1.114018021E1,2.141919700E-1,3.403746822E-2,3.054189606E-1,9.271906277E-1,1.552637474E2,3.561113196E1,3.882934868E0,1.552318948E2
1.115022521E1,2.136593603E-1,3.379842183E-2,3.058908472E-1,9.271667305E-1,1.553262264E2,3.566305100E1,3.901381179E0,1.553016295E2
1.116027021E1,2.131731542E-1,3.358382062E-2,3.063110619E-1,9.271477644E-1,1.553832554E2,3.570932312E1,3.917514314E0,1.553651291E2
1.117031521E1,2.128216074E-1,3.341921610E-2,3.067041444E-1,9.271044796E-1,1.554244858E2,3.575312256E1,3.932450033E0,1.554117080E2
1.118036021E1,2.126585412E-1,3.332987532E-2,3.070792198E-1,9.270209024E-1,1.554436096E2,3.579591628E1,3.945701050E0,1.554345077E2
1.119040621E1,2.126428626E-1,3.333852596E-2,3.074550748E-1,9.268996037E-1,1.554454483E2,3.584058311E1,3.953871688E0,1.554374253E2
1.120045121E1,2.126556752E-1,3.347783183E-2,3.078540474E-1,9.267592547E-1,1.554439457E2,3.589092964E1,3.949777811E0,1.554327324E2
1.121049621E1,2.126090187E-1,3.371346432E-2,3.083251755E-1,9.266047865E-1,1.554494172E2,3.595225780E1,3.935148320E0,1.554316347E2
1.122054121E1,2.124489449E-1,3.390688675E-2,3.088603456E-1,9.264561768E-1,1.554681892E2,3.602057327E1,3.922531281E0,1.554449243E2
1.123058621E1,2.121785729E-1,3.398221370E-2,3.094509810E-1,9.263183144E-1,1.554998944E2,3.609309085E1,3.919856264E0,1.554748614E2
1.124063221E1,2.118262253E-1,3.395126738E-2,3.100944053E-1,9.261849618E-1,1.555412096E2,3.616968310E1,3.926799993E0,1.555178657E2
1.125067721E1,2.114053890E-1,3.383291903E-2,3.107785540E-1,9.260560346E-1,1.555905513E2,3.624932985E1,3.941514785E0,1.555717289E2
1.126072221E1,2.109282024E-1,3.367085386E-2,3.114869477E-1,9.259327129E-1,1.556464944E2,3.633107495E1,3.959359512E0,1.556335281E2
1.127076721E1,2.104133786E-1,3.351798724E-2,3.121767441E-1,9.258231732E-1,1.557068432E2,3.641101230E1,3.974291875E0,1.556991570E2
1.128081221E1,2.098368097E-1,3.342353615E-2,3.128068817E-1,9.257446958E-1,1.557744219E2,3.648547671E1,3.979151101E0,1.557693948E2
1.129085821E1,2.091587091E-1,3.338423421E-2,3.133974222E-1,9.256998937E-1,1.558538900E2,3.655689574E1,3.973325153E0,1.558488773E2
1.130090321E1,2.083751149E-1,3.337451937E-2,3.140028828E-1,9.256717396E-1,1.559457064E2,3.663113813E1,3.960749443E0,1.559391238E2
1.131094821E1,2.074926020E-1,3.331139392E-2,3.146973891E-1,9.256363784E-1,1.560490947E2,3.671508654E1,3.952318869E0,1.560426102E2
1.132099321E1,2.065387767E-1,3.314947627E-2,3.155456682E-1,9.255667097E-1,1.561608152E2,3.681533075E1,3.955445785E0,1.561581149E2
1.133103821E1,2.055300340E-1,3.287082238E-2,3.165487210E-1,9.254586451E-1,1.562789430E2,3.693159344E1,3.972597404E0,1.562844686E2
1.134108421E1,2.044751405E-1,3.252369040E-2,3.176556553E-1,9.253253347E-1,1.564024480E2,3.705895654E1,3.997639762E0,1.564188145E2
1.135112921E1,2.034105533E-1,3.218249059E-2,3.187364691E-1,9.252002007E-1,1.565270597E2,3.718353275E1,4.020777959E0,1.565539226E2
1.136117421E1,2.023815380E-1,3.186205863E-2,3.196363570E-1,9.251264858E-1,1.566474809E2,3.728706909E1,4.038347989E0,1.566835982E2
1.137121921E1,2.014189882E-1,3.160724932E-2,3.202515851E-1,9.251326393E-1,1.567601002E2,3.735804764E1,4.044297374E0,1.568023684E2
1.138126521E1,2.005294790E-1,3.143055920E-2,3.205154981E-1,9.252404931E-1,1.568641536E2,3.738870698E1,4.036040873E0,1.569087570E2
1.139131021E1,1.997260758E-1,3.131318023E-2,3.204350187E-1,9.254460854E-1,1.569581177E2,3.737936724E1,4.016350025E0,1.570020269E2
1.140135521E1,1.990109281E-1,3.127701823E-2,3.200806480E-1,9.257239174E-1,1.570417465E2,3.733886207E1,3.984771194E0,1.570814545E2
1.141140021E1,1.983885455E-1,3.131416014E-2,3.194999803E-1,9.260567511E-1,1.571145173E2,3.727266713E1,3.943509357E0,1.571470464E2
1.142144521E1,1.978496981E-1,3.145431948E-2,3.186371290E-1,9.264645218E-1,1.571775134E2,3.717481555E1,3.887745177E0,1.571985898E2
1.143149121E1,1.974133096E-1,3.193837604E-2,3.177856151E-1,9.268333910E-1,1.572285259E2,3.708536365E1,3.799610272E0,1.572265400E2
1.144153621E1,1.970072669E-1,3.275909108E-2,3.172022079E-1,9.270910769E-1,1.572759871E2,3.703496783E1,3.683272150E0,1.572401879E2
1.145158121E1,1.965456746E-1,3.365784102E-2,3.168772873E-1,9.272679251E-1,1.573299365E2,3.701718022E1,3.562772592E0,1.572582052E2
1.146162621E1,1.960335904E-1,3.450016686E-2,3.167658721E-1,9.273834917E-1,1.573897812E2,3.702371040E1,3.451506893E0,1.572846066E2
1.147167121E1,"","","","","","","",""